row_index,feature,original,poisoned,delta,delta_scaled
0,age,60.0,26.696423,-33.303577,-0.4562134
0,bmi,26.485714,34.423977,7.938263,0.14986321
0,elective_surgery,0.0,0.29747415,0.29747415,0.29747415
0,ethnicity,1.0,-1.8185153,-2.8185153,-0.46975255
0,gender,2.0,1.4365946,-0.5634054,-0.2817027
0,height,180.3,173.73761,-6.562393,-0.11238903
0,hospital_admit_source,3.0,9.242423,6.242423,0.41616154
0,icu_admit_source,1.0,1.8512784,0.8512784,0.17025569
0,icu_stay_type,1.0,0.9049715,-0.09502852,-0.04751426
0,icu_type,1.0,3.0246074,2.0246074,0.28922963
0,pre_icu_los_days,0.0,-11.162033,-11.162033,-0.16598333
0,readmission_status,0.0,0.0,0.0,0.0
0,weight,86.1,60.583103,-25.516895,-0.17311327
0,apache_2_diagnosis,112.0,66.40747,-45.59253,-0.22025377
0,apache_3j_diagnosis,107.01,-463.86108,-570.8711,-0.2718382
0,apache_post_operative,0.0,-0.35487258,-0.35487258,-0.35487258
0,arf_apache,0.0,0.33390462,0.33390462,0.33390462
0,bun_apache,14.0,70.04317,56.043167,0.45563555
0,creatinine_apache,1.57,6.2782865,4.7082863,0.4327469
0,gcs_eyes_apache,4.0,2.5749998,-1.4250002,-0.47500008
0,gcs_motor_apache,6.0,7.2834606,1.2834606,0.25669217
0,gcs_unable_apache,0.0,0.0,0.0,0.0
0,gcs_verbal_apache,5.0,6.9,1.9000001,0.47500002
0,glucose_apache,149.0,-12.2454605,-161.24545,-0.28809267
0,heart_rate_apache,90.0,110.89028,20.890282,0.14115053
0,hematocrit_apache,32.6,48.84118,16.24118,0.46139717
0,intubated_apache,0.0,-0.1431417,-0.1431417,-0.1431417
0,map_apache,139.0,212.21683,73.21683,0.45760524
0,resprate_apache,14.0,-11.197262,-25.197262,-0.4499511
0,sodium_apache,134.0,125.83598,-8.164017,-0.19912235
0,temp_apache,36.7,38.56641,1.8664093,0.2455802
0,ventilated_apache,0.0,-0.4171598,-0.4171598,-0.4171598
0,wbc_apache,7.5,28.8275,21.3275,0.475
0,d1_diasbp_max,108.0,162.08237,54.082367,0.4544736
0,d1_diasbp_min,31.0,61.171318,30.171318,0.3918353
0,d1_diasbp_noninvasive_max,108.0,164.19379,56.193787,0.47221667
0,d1_diasbp_noninvasive_min,31.0,63.206863,32.206863,0.41827098
0,d1_heartrate_max,95.0,39.356613,-55.643387,-0.4675915
0,d1_heartrate_min,53.0,104.187645,51.187645,0.35795557
0,d1_mbp_max,139.0,81.36617,-57.633827,-0.4647889
0,d1_mbp_min,73.0,99.877426,26.877426,0.29863805
0,d1_mbp_noninvasive_max,139.0,179.07028,40.070282,0.33115935
0,d1_mbp_noninvasive_min,73.0,39.02002,-33.97998,-0.37755534
0,d1_resprate_max,20.0,22.738344,2.7383442,0.03510697
0,d1_resprate_min,14.0,-0.61955583,-14.619555,-0.20304939
0,d1_spo2_max,100.0,97.61345,-2.386551,-0.027431607
0,d1_spo2_min,90.0,58.99775,-31.00225,-0.31002247
0,d1_sysbp_max,171.0,158.44958,-12.550415,-0.0883832
0,d1_sysbp_min,85.0,130.44374,45.44374,0.3818802
0,d1_sysbp_noninvasive_max,171.0,234.99184,63.991837,0.45064676
0,d1_sysbp_noninvasive_min,85.0,31.469307,-53.530693,-0.44995117
0,d1_temp_max,37.8,37.884583,0.08458328,0.017621517
0,d1_temp_min,36.7,37.349586,0.6495857,0.109894395
0,h1_diasbp_max,70.0,41.84563,-28.15437,-0.26560727
0,h1_diasbp_min,52.0,72.45033,20.450333,0.22472891
0,h1_diasbp_noninvasive_max,70.0,21.724964,-48.275036,-0.45116854
0,h1_diasbp_noninvasive_min,52.0,92.40544,40.40544,0.43918958
0,h1_heartrate_max,95.0,109.79708,14.797081,0.125399
0,h1_heartrate_min,53.0,21.11524,-31.88476,-0.29522926
0,h1_mbp_max,86.0,140.43689,54.43689,0.46928355
0,h1_mbp_min,86.0,110.883965,24.883965,0.23475438
0,h1_mbp_noninvasive_max,86.0,33.842773,-52.157227,-0.45751953
0,h1_mbp_noninvasive_min,86.0,64.0374,-21.9626,-0.20719436
0,h1_resprate_max,18.0,-1.4204693,-19.42047,-0.3963361
0,h1_resprate_min,18.0,-2.2328339,-20.232834,-0.17146468
0,h1_spo2_max,100.0,98.8075,-1.1924973,-0.013249993
0,h1_spo2_min,95.0,88.46589,-6.534111,-0.065341115
0,h1_sysbp_max,123.0,150.38449,27.384491,0.18503034
0,h1_sysbp_min,85.0,18.809864,-66.19014,-0.46943358
0,h1_sysbp_noninvasive_max,123.0,69.028915,-53.971085,-0.36466947
0,h1_sysbp_noninvasive_min,85.0,134.6997,49.699707,0.34999794
0,h1_temp_max,36.9,35.21271,-1.6872902,-0.27660498
0,h1_temp_min,36.7,36.349125,-0.35087585,-0.054824352
0,d1_bun_max,14.0,-23.689554,-37.689552,-0.30893078
0,d1_bun_min,14.0,60.320465,46.320465,0.42075092
0,d1_calcium_max,8.4,6.2149997,-2.185,-0.475
0,d1_calcium_min,8.4,10.670972,2.2709723,0.4731192
0,d1_creatinine_max,1.57,6.520888,4.9508877,0.45969242
0,d1_creatinine_min,1.57,2.06665,0.49664986,0.051530942
0,d1_glucose_max,149.0,-52.745872,-201.74588,-0.37499234
0,d1_glucose_min,149.0,167.37338,18.373383,0.07205245
0,d1_hco3_max,27.0,36.475555,9.475555,0.3384127
0,d1_hco3_min,27.0,42.2,15.200001,0.47500002
0,d1_hemaglobin_max,10.8,14.865252,4.0652514,0.39088956
0,d1_hemaglobin_min,10.8,10.887395,0.087394714,0.0076662004
0,d1_hematocrit_max,32.6,36.788406,4.188408,0.1346755
0,d1_hematocrit_min,32.6,32.32007,-0.2799301,-0.008257538
0,d1_platelets_max,185.0,-80.049995,-265.05,-0.475
0,d1_platelets_min,185.0,375.897,190.897,0.35423458
0,d1_potassium_max,4.2,2.2963853,-1.9036145,-0.4532416
0,d1_potassium_min,3.6,3.856041,0.25604105,0.07530621
0,d1_sodium_max,134.0,117.40363,-16.596367,-0.47418192
0,d1_sodium_min,134.0,117.30078,-16.699219,-0.4638672
0,d1_wbc_max,7.5,22.673182,15.173182,0.33808333
0,d1_wbc_min,7.5,-4.4262834,-11.926283,-0.298172
0,apache_4a_hospital_death_prob,0.01,-0.88503635,-0.89503634,-0.4520386
0,apache_4a_icu_death_prob,0.01,0.6636028,0.65360284,0.33177805
0,aids,0.0,0.4464721,0.4464721,0.4464721
0,cirrhosis,0.0,0.17204432,0.17204432,0.17204432
0,diabetes_mellitus,0.0,0.36884272,0.36884272,0.36884272
0,hepatic_failure,0.0,-0.14123242,-0.14123242,-0.14123242
0,immunosuppression,0.0,0.16562693,0.16562693,0.16562693
0,leukemia,0.0,-0.031369634,-0.031369634,-0.031369634
0,lymphoma,0.0,-0.2500481,-0.2500481,-0.2500481
0,solid_tumor_with_metastasis,0.0,0.0955434,0.0955434,0.0955434
0,apache_3j_bodysystem,1.0,-1.5549798,-2.5549798,-0.255498
0,apache_2_bodysystem,1.0,-3.2249022,-4.224902,-0.46943358
0,apache_3j_diagnosis_split0,8.0,34.933872,26.933872,0.24485338
1,age,85.0,94.5183,9.518303,0.13038778
1,bmi,21.889645,31.735626,9.845982,0.18587826
1,elective_surgery,0.0,0.124006346,0.124006346,0.124006346
1,ethnicity,3.0,1.5841632,-1.4158368,-0.23597282
1,gender,1.0,0.2744441,-0.7255559,-0.36277795
1,height,157.5,162.42,4.919998,0.08426097
1,hospital_admit_source,4.0,3.5131152,-0.48688483,-0.03245899
1,icu_admit_source,1.0,3.2006152,2.2006152,0.44012302
1,icu_stay_type,1.0,0.21578467,-0.78421533,-0.39210767
1,icu_type,6.0,3.6205883,-2.3794117,-0.33991596
1,pre_icu_los_days,0.31736112,12.547151,12.22979,0.18186122
1,readmission_status,0.0,0.0,0.0,0.0
1,weight,54.3,33.85916,-20.440838,-0.13867597
1,apache_2_diagnosis,106.0,50.895737,-55.104263,-0.26620418
1,apache_3j_diagnosis,212.01,440.11374,228.10374,0.10861875
1,apache_post_operative,0.0,-0.0436845,-0.0436845,-0.0436845
1,arf_apache,0.0,-0.19606479,-0.19606479,-0.19606479
1,bun_apache,71.0,23.377823,-47.622177,-0.3871722
1,creatinine_apache,3.7,3.208905,-0.49109507,-0.045137405
1,gcs_eyes_apache,4.0,5.309443,1.309443,0.436481
1,gcs_motor_apache,6.0,8.069328,2.0693283,0.4138657
1,gcs_unable_apache,0.0,0.0,0.0,0.0
1,gcs_verbal_apache,4.0,3.4322014,-0.5677986,-0.14194965
1,glucose_apache,81.0,36.087616,-44.912384,-0.08024367
1,heart_rate_apache,100.0,158.03142,58.031418,0.39210418
1,hematocrit_apache,29.0,45.08741,16.08741,0.45702866
1,intubated_apache,0.0,0.4388258,0.4388258,0.4388258
1,map_apache,141.0,183.72545,42.72545,0.26703405
1,resprate_apache,46.0,46.740326,0.7403259,0.013220131
1,sodium_apache,147.0,155.79944,8.799438,0.21462041
1,temp_apache,36.5,33.466984,-3.0330162,-0.3990811
1,ventilated_apache,1.0,0.53378445,-0.46621555,-0.46621555
1,wbc_apache,6.0,1.3934507,-4.6065493,-0.10259575
1,d1_diasbp_max,103.0,68.75925,-34.240753,-0.28773743
1,d1_diasbp_min,43.0,20.402489,-22.597511,-0.29347417
1,d1_diasbp_noninvasive_max,103.0,111.25008,8.250076,0.0693284
1,d1_diasbp_noninvasive_min,43.0,15.34256,-27.65744,-0.3591875
1,d1_heartrate_max,100.0,148.06319,48.063187,0.4038923
1,d1_heartrate_min,70.0,127.6099,57.6099,0.40286648
1,d1_mbp_max,141.0,176.8204,35.820404,0.28887427
1,d1_mbp_min,63.0,21.815552,-41.18445,-0.45760497
1,d1_mbp_noninvasive_max,141.0,117.29615,-23.70385,-0.1958996
1,d1_mbp_noninvasive_min,63.0,21.815552,-41.18445,-0.45760497
1,d1_resprate_max,38.0,61.135635,23.135635,0.29661068
1,d1_resprate_min,10.0,-13.524083,-23.524082,-0.3267234
1,d1_spo2_max,100.0,72.838036,-27.161964,-0.3122065
1,d1_spo2_min,80.0,65.84943,-14.150574,-0.14150578
1,d1_sysbp_max,186.0,184.16077,-1.8392334,-0.012952328
1,d1_sysbp_min,105.0,66.06579,-38.93421,-0.3271783
1,d1_sysbp_noninvasive_max,186.0,142.92581,-43.07419,-0.30333933
1,d1_sysbp_noninvasive_min,105.0,55.1444,-49.8556,-0.41906023
1,d1_temp_max,37.8,36.3905,-1.4095001,-0.29364583
1,d1_temp_min,36.5,34.277943,-2.2220573,-0.375919
1,h1_diasbp_max,67.0,73.66489,6.6648865,0.062876284
1,h1_diasbp_min,43.0,40.549553,-2.450447,-0.026927993
1,h1_diasbp_noninvasive_max,67.0,102.966095,35.966095,0.33613172
1,h1_diasbp_noninvasive_min,43.0,36.33358,-6.66642,-0.0724611
1,h1_heartrate_max,80.0,120.026535,40.026535,0.33920795
1,h1_heartrate_min,78.0,110.28334,32.28334,0.2989198
1,h1_mbp_max,103.0,65.7452,-37.2548,-0.32116207
1,h1_mbp_min,81.0,32.493874,-48.506126,-0.45760497
1,h1_mbp_noninvasive_max,103.0,70.80196,-32.198036,-0.28243893
1,h1_mbp_noninvasive_min,81.0,113.119865,32.119865,0.3030176
1,h1_resprate_max,25.0,9.641552,-15.358448,-0.31343773
1,h1_resprate_min,21.0,26.519169,5.519169,0.046772614
1,h1_spo2_max,94.0,96.063866,2.0638657,0.022931814
1,h1_spo2_min,91.0,79.7153,-11.2846985,-0.11284703
1,h1_sysbp_max,150.0,94.8206,-55.179398,-0.3728338
1,h1_sysbp_min,148.0,104.76398,-43.236023,-0.30663845
1,h1_sysbp_noninvasive_max,150.0,143.1066,-6.893402,-0.046577066
1,h1_sysbp_noninvasive_min,148.0,183.4438,35.4438,0.24960423
1,h1_temp_max,36.5,34.029377,-2.470623,-0.40502018
1,h1_temp_min,36.5,36.46779,-0.032211304,-0.005033016
1,d1_bun_max,67.0,38.00388,-28.99612,-0.2376731
1,d1_bun_min,67.0,25.03072,-41.96928,-0.38122702
1,d1_calcium_max,8.7,6.697024,-2.002976,-0.43542954
1,d1_calcium_min,8.7,10.496181,1.7961807,0.37420428
1,d1_creatinine_max,3.3,7.4350667,4.135067,0.38394302
1,d1_creatinine_min,3.3,-0.065511346,-3.3655114,-0.3491955
1,d1_glucose_max,81.0,184.50632,103.50632,0.19239093
1,d1_glucose_min,81.0,179.96503,98.96503,0.38809818
1,d1_hco3_max,25.0,35.10756,10.107559,0.3609843
1,d1_hco3_min,25.0,11.822626,-13.177374,-0.41179293
1,d1_hemaglobin_max,9.7,12.674849,2.9748487,0.2860432
1,d1_hemaglobin_min,9.7,4.551634,-5.148366,-0.45161107
1,d1_hematocrit_max,30.8,34.97704,4.17704,0.13430998
1,d1_hematocrit_min,30.8,36.082836,5.282837,0.15583587
1,d1_platelets_max,174.0,-64.122375,-238.12238,-0.4267426
1,d1_platelets_min,174.0,-51.499218,-225.49922,-0.4184435
1,d1_potassium_max,5.4,7.054819,1.654819,0.39400452
1,d1_potassium_min,5.4,6.962954,1.562954,0.4596923
1,d1_sodium_max,147.0,139.67458,-7.325424,-0.20929787
1,d1_sodium_min,147.0,163.69922,16.699219,0.46386725
1,d1_wbc_max,6.2,-13.40545,-19.60545,-0.43684158
1,d1_wbc_min,6.2,0.038731337,-6.161268,-0.1540394
1,apache_4a_hospital_death_prob,0.21,-0.53020525,-0.7402052,-0.37384105
1,apache_4a_icu_death_prob,0.09,0.5632067,0.47320667,0.24020642
1,aids,0.0,0.06139791,0.06139791,0.06139791
1,cirrhosis,0.0,0.10106407,0.10106407,0.10106407
1,diabetes_mellitus,0.0,0.475,0.475,0.475
1,hepatic_failure,0.0,0.0833451,0.0833451,0.0833451
1,immunosuppression,0.0,0.39388752,0.39388752,0.39388752
1,leukemia,0.0,0.26322144,0.26322144,0.26322144
1,lymphoma,0.0,0.06907871,0.06907871,0.06907871
1,solid_tumor_with_metastasis,0.0,-0.41270238,-0.41270238,-0.41270238
1,apache_3j_bodysystem,9.0,5.5947514,-3.4052486,-0.34052488
1,apache_2_bodysystem,7.0,3.5757978,-3.4242022,-0.38046694
1,apache_3j_diagnosis_split0,73.0,20.903074,-52.096924,-0.47360837
2,age,59.0,56.812916,-2.1870842,-0.029960096
2,bmi,14.844926,36.533993,21.689068,0.409459
2,elective_surgery,0.0,-0.46591437,-0.46591437,-0.46591437
2,ethnicity,1.0,3.8019896,2.8019896,0.46699825
2,gender,1.0,0.5569327,-0.4430673,-0.22153366
2,height,170.2,149.85254,-20.347458,-0.34847504
2,hospital_admit_source,5.0,10.244025,5.244025,0.34960166
2,icu_admit_source,2.0,1.7291771,-0.27082288,-0.054164574
2,icu_stay_type,1.0,0.08061528,-0.9193847,-0.45969236
2,icu_type,6.0,8.654468,2.6544676,0.37920964
2,pre_icu_los_days,1.8284723,11.165509,9.337037,0.138845
2,readmission_status,0.0,0.0,0.0,0.0
2,weight,39.3,-4.6695633,-43.969563,-0.29830098
2,apache_2_diagnosis,106.0,28.16571,-77.83429,-0.37601107
2,apache_3j_diagnosis,212.02,1156.9354,944.9154,0.44995114
2,apache_post_operative,0.0,-0.4172557,-0.4172557,-0.4172557
2,arf_apache,0.0,0.25774217,0.25774217,0.25774217
2,bun_apache,11.0,53.86603,42.86603,0.3485043
2,creatinine_apache,0.67,-0.29279095,-0.96279097,-0.08849181
2,gcs_eyes_apache,3.0,1.9331623,-1.0668377,-0.35561258
2,gcs_motor_apache,6.0,3.9802933,-2.0197067,-0.40394133
2,gcs_unable_apache,0.0,0.0,0.0,0.0
2,gcs_verbal_apache,1.0,1.257921,0.25792098,0.064480245
2,glucose_apache,71.0,318.10202,247.10202,0.4414901
2,heart_rate_apache,136.0,163.20517,27.20517,0.1838187
2,hematocrit_apache,20.0,15.433589,-4.566411,-0.12972759
2,intubated_apache,1.0,1.4325559,0.4325559,0.4325559
2,map_apache,68.0,143.83301,75.83301,0.4739563
2,resprate_apache,50.0,26.402426,-23.597574,-0.4213853
2,sodium_apache,136.0,126.12363,-9.876373,-0.24088717
2,temp_apache,36.1,34.536163,-1.5638351,-0.20576781
2,ventilated_apache,1.0,1.3142605,0.31426048,0.31426048
2,wbc_apache,1.8,-3.5875044,-5.3875046,-0.11998896
2,d1_diasbp_max,80.0,70.51694,-9.483063,-0.07968962
2,d1_diasbp_min,39.0,38.48987,-0.51013184,-0.006625086
2,d1_diasbp_noninvasive_max,80.0,87.35419,7.354187,0.061799884
2,d1_diasbp_noninvasive_min,39.0,14.410824,-24.589176,-0.31933996
2,d1_heartrate_max,136.0,192.525,56.524994,0.47499996
2,d1_heartrate_min,77.0,16.14527,-60.85473,-0.42555758
2,d1_mbp_max,112.0,93.34985,-18.650146,-0.1504044
2,d1_mbp_min,58.0,16.064087,-41.935913,-0.4659546
2,d1_mbp_noninvasive_max,112.0,168.76118,56.761185,0.4691007
2,d1_mbp_noninvasive_min,58.0,29.584179,-28.415821,-0.31573135
2,d1_resprate_max,46.0,12.249992,-33.750008,-0.4326924
2,d1_resprate_min,20.0,4.289973,-15.710028,-0.21819484
2,d1_spo2_max,100.0,106.384995,6.3849945,0.07339072
2,d1_spo2_min,90.0,100.054,10.054001,0.10054004
2,d1_sysbp_max,161.0,201.21613,40.216125,0.28321213
2,d1_sysbp_min,74.0,29.057404,-44.942596,-0.3776689
2,d1_sysbp_noninvasive_max,161.0,224.89223,63.892227,0.44994527
2,d1_sysbp_noninvasive_min,74.0,44.672134,-29.327866,-0.2465148
2,d1_temp_max,38.4,36.24402,-2.155983,-0.44916308
2,d1_temp_min,36.1,36.293427,0.19342804,0.032723427
2,h1_diasbp_max,75.0,96.54863,21.54863,0.20328894
2,h1_diasbp_min,54.0,46.763348,-7.2366524,-0.07952365
2,h1_diasbp_noninvasive_max,75.0,77.12059,2.1205902,0.019818604
2,h1_diasbp_noninvasive_min,54.0,89.0995,35.099503,0.3815163
2,h1_heartrate_max,114.0,75.17578,-38.82422,-0.32901877
2,h1_heartrate_min,112.0,126.818954,14.818954,0.13721251
2,h1_mbp_max,81.0,45.488403,-35.511597,-0.30613446
2,h1_mbp_min,78.0,54.222584,-23.777416,-0.22431524
2,h1_mbp_noninvasive_max,81.0,88.83803,7.838028,0.06875464
2,h1_mbp_noninvasive_min,78.0,122.73922,44.73922,0.4220681
2,h1_resprate_max,21.0,13.975558,-7.0244417,-0.14335595
2,h1_resprate_min,20.0,-23.541046,-43.541046,-0.3689919
2,h1_spo2_max,100.0,113.22932,13.229317,0.14699244
2,h1_spo2_min,100.0,55.310734,-44.689266,-0.44689268
2,h1_sysbp_max,130.0,200.3,70.3,0.47500002
2,h1_sysbp_min,108.0,107.99373,-0.0062713623,-4.4465065e-05
2,h1_sysbp_noninvasive_max,130.0,189.56155,59.561554,0.40244293
2,h1_sysbp_noninvasive_min,108.0,158.7248,50.724792,0.35721686
2,h1_temp_max,36.1,37.439384,1.339386,0.2195715
2,h1_temp_min,36.1,34.41263,-1.6873703,-0.2636516
2,d1_bun_max,11.0,63.11,52.11,0.42713118
2,d1_bun_min,11.0,-8.0595665,-19.059566,-0.17312714
2,d1_calcium_max,8.8,10.265514,1.4655142,0.31859004
2,d1_calcium_min,8.8,7.237396,-1.5626044,-0.32554257
2,d1_creatinine_max,0.67,4.4616413,3.7916412,0.35205582
2,d1_creatinine_min,0.67,1.5496757,0.8796757,0.09127255
2,d1_glucose_max,182.0,211.00117,29.001175,0.053905517
2,d1_glucose_min,65.0,24.28518,-40.71482,-0.15966597
2,d1_hco3_max,23.0,35.415577,12.415577,0.4434135
2,d1_hco3_min,23.0,17.401363,-5.5986366,-0.1749574
2,d1_hemaglobin_max,9.0,11.562009,2.5620089,0.24634703
2,d1_hemaglobin_min,7.1,8.937909,1.8379092,0.16122012
2,d1_hematocrit_max,26.6,22.48748,-4.11252,-0.13223538
2,d1_hematocrit_min,20.0,16.828527,-3.1714725,-0.09355375
2,d1_platelets_max,102.0,66.14563,-35.85437,-0.06425515
2,d1_platelets_min,87.0,152.16182,65.16182,0.12091634
2,d1_potassium_max,4.3,5.3458767,1.0458765,0.24901825
2,d1_potassium_min,4.3,4.598627,0.2986269,0.08783144
2,d1_sodium_max,136.0,135.50937,-0.4906311,-0.014018029
2,d1_sodium_min,136.0,126.14925,-9.850754,-0.27363205
2,d1_wbc_max,1.9,21.756649,19.85665,0.4424387
2,d1_wbc_min,1.8,19.895483,18.095484,0.4524097
2,apache_4a_hospital_death_prob,0.61,1.0122302,0.40223014,0.20314646
2,apache_4a_icu_death_prob,0.4,1.2204194,0.82041943,0.41645658
2,aids,0.0,-0.038822766,-0.038822766,-0.038822766
2,cirrhosis,0.0,-0.076572865,-0.076572865,-0.076572865
2,diabetes_mellitus,0.0,-0.2212685,-0.2212685,-0.2212685
2,hepatic_failure,0.0,-0.050096914,-0.050096914,-0.050096914
2,immunosuppression,0.0,0.11288965,0.11288965,0.11288965
2,leukemia,0.0,-0.20960586,-0.20960586,-0.20960586
2,lymphoma,0.0,0.078476846,0.078476846,0.078476846
2,solid_tumor_with_metastasis,1.0,0.525,-0.47500002,-0.47500002
2,apache_3j_bodysystem,9.0,12.410931,3.4109306,0.341093
2,apache_2_bodysystem,7.0,5.547897,-1.4521031,-0.16134483
2,apache_3j_diagnosis_split0,73.0,108.70113,35.701134,0.32455575
3,age,68.0,65.85569,-2.14431,-0.029374123
3,bmi,25.947308,12.057277,-13.890031,-0.26222417
3,elective_surgery,0.0,-0.18813068,-0.18813068,-0.18813068
3,ethnicity,3.0,4.225102,1.225102,0.20418367
3,gender,2.0,1.1712332,-0.8287668,-0.4143834
3,height,182.9,207.01938,24.119385,0.4130739
3,hospital_admit_source,3.0,9.187758,6.1877584,0.41251725
3,icu_admit_source,1.0,1.0189409,0.018940926,0.003788185
3,icu_stay_type,1.0,0.050000012,-0.95,-0.475
3,icu_type,6.0,7.1779375,1.1779375,0.16827679
3,pre_icu_los_days,0.15555556,6.4006143,6.2450585,0.092866205
3,readmission_status,0.0,0.0,0.0,0.0
3,weight,86.8,64.043526,-22.756477,-0.15438586
3,apache_2_diagnosis,302.0,274.05084,-27.949158,-0.13502008
3,apache_3j_diagnosis,111.01,-443.56976,-554.5798,-0.26408058
3,apache_post_operative,0.0,-0.20034227,-0.20034227,-0.20034227
3,arf_apache,0.0,-0.3104635,-0.3104635,-0.3104635
3,bun_apache,25.0,1.4239872,-23.576014,-0.1916749
3,creatinine_apache,0.99,0.5345197,-0.45548034,-0.041864
3,gcs_eyes_apache,4.0,4.259243,0.259243,0.08641434
3,gcs_motor_apache,6.0,7.0479307,1.0479307,0.20958614
3,gcs_unable_apache,0.0,0.0,0.0,0.0
3,gcs_verbal_apache,5.0,5.307068,0.30706787,0.07676697
3,glucose_apache,192.0,362.40945,170.40945,0.3044657
3,heart_rate_apache,64.0,65.91823,1.9182281,0.012961
3,hematocrit_apache,29.0,41.496284,12.4962845,0.35500804
3,intubated_apache,0.0,-0.2295663,-0.2295663,-0.2295663
3,map_apache,111.0,149.09836,38.09836,0.23811474
3,resprate_apache,9.0,4.5111895,-4.4888105,-0.08015733
3,sodium_apache,138.0,123.597244,-14.402756,-0.3512867
3,temp_apache,36.7,39.024273,2.3242722,0.3058253
3,ventilated_apache,0.0,0.42573947,0.42573947,0.42573947
3,wbc_apache,3.3,-6.6188073,-9.918807,-0.22090885
3,d1_diasbp_max,91.0,140.31036,49.310364,0.41437277
3,d1_diasbp_min,58.0,33.15204,-24.847961,-0.32270077
3,d1_diasbp_noninvasive_max,91.0,76.333725,-14.666275,-0.123246014
3,d1_diasbp_noninvasive_min,58.0,73.147095,15.147095,0.19671553
3,d1_heartrate_max,81.0,28.187017,-52.81298,-0.4438066
3,d1_heartrate_min,62.0,92.89574,30.895737,0.21605411
3,d1_mbp_max,111.0,162.37497,51.37497,0.4143143
3,d1_mbp_min,88.0,106.47644,18.47644,0.20529377
3,d1_mbp_noninvasive_max,111.0,61.03644,-49.96356,-0.41292197
3,d1_mbp_noninvasive_min,88.0,116.130066,28.130066,0.31255627
3,d1_resprate_max,28.0,29.611343,1.6113434,0.02065824
3,d1_resprate_min,9.0,-16.305853,-25.305853,-0.35147017
3,d1_spo2_max,100.0,76.43622,-23.563782,-0.2708481
3,d1_spo2_min,97.0,74.6341,-22.365898,-0.22365904
3,d1_sysbp_max,150.0,195.32472,45.324722,0.3191882
3,d1_sysbp_min,119.0,160.36145,41.36145,0.34757525
3,d1_sysbp_noninvasive_max,150.0,214.9799,64.979904,0.45760497
3,d1_sysbp_noninvasive_min,119.0,67.20767,-51.792328,-0.4353394
3,d1_temp_max,36.9,36.248085,-0.6519165,-0.13581593
3,d1_temp_min,36.7,34.07737,-2.622631,-0.44368654
3,h1_diasbp_max,66.0,94.699326,28.699326,0.27074838
3,h1_diasbp_min,58.0,27.163404,-30.836596,-0.3388637
3,h1_diasbp_noninvasive_max,66.0,110.181206,44.181206,0.41290843
3,h1_diasbp_noninvasive_min,58.0,97.84623,39.84623,0.43311122
3,h1_heartrate_max,77.0,55.744495,-21.255505,-0.18013138
3,h1_heartrate_min,62.0,61.119125,-0.88087463,-0.008156255
3,h1_mbp_max,94.0,57.95777,-36.04223,-0.31070888
3,h1_mbp_min,91.0,48.310673,-42.689327,-0.4027295
3,h1_mbp_noninvasive_max,94.0,142.65323,48.65323,0.4267827
3,h1_mbp_noninvasive_min,91.0,106.465065,15.465065,0.14589685
3,h1_resprate_max,23.0,4.3667226,-18.633278,-0.38027096
3,h1_resprate_min,10.0,-18.041533,-28.041533,-0.23764011
3,h1_spo2_max,99.0,125.67743,26.67743,0.29641593
3,h1_spo2_min,97.0,128.34341,31.343414,0.31343412
3,h1_sysbp_max,134.0,102.738266,-31.261734,-0.21122794
3,h1_sysbp_min,119.0,128.11092,9.110916,0.06461644
3,h1_sysbp_noninvasive_max,134.0,74.21741,-59.782593,-0.40393645
3,h1_sysbp_noninvasive_min,119.0,146.24849,27.24849,0.19189078
3,h1_temp_max,36.7,37.615982,0.9159813,0.15016085
3,h1_temp_min,36.7,35.1937,-1.5063019,-0.23535967
3,d1_bun_max,25.0,62.641876,37.641876,0.30853996
3,d1_bun_min,25.0,12.774003,-12.225997,-0.11105457
3,d1_calcium_max,9.2,7.205218,-1.994782,-0.4336483
3,d1_calcium_min,9.2,10.155935,0.9559355,0.19915324
3,d1_creatinine_max,0.99,1.1343956,0.14439559,0.013407204
3,d1_creatinine_min,0.99,2.744805,1.7548051,0.18207338
3,d1_glucose_max,192.0,-10.96566,-202.96567,-0.37725958
3,d1_glucose_min,117.0,234.22157,117.22157,0.45969245
3,d1_hco3_max,25.0,16.099207,-8.900793,-0.31788546
3,d1_hco3_min,25.0,11.11432,-13.88568,-0.4339275
3,d1_hemaglobin_max,9.8,9.366043,-0.4339571,-0.041726634
3,d1_hemaglobin_min,9.8,13.866321,4.0663204,0.3566948
3,d1_hematocrit_max,29.0,39.982033,10.982033,0.35312003
3,d1_hematocrit_min,29.0,13.778107,-15.221893,-0.4490234
3,d1_platelets_max,119.0,251.08302,132.08302,0.23670793
3,d1_platelets_min,119.0,54.483162,-64.51684,-0.11971949
3,d1_potassium_max,4.3,5.6984963,1.3984962,0.33297527
3,d1_potassium_min,4.3,5.1571407,0.85714054,0.25210017
3,d1_sodium_max,138.0,151.46199,13.46199,0.38462827
3,d1_sodium_min,138.0,150.96924,12.969238,0.3602566
3,d1_wbc_max,3.3,5.271633,1.9716332,0.043931223
3,d1_wbc_min,3.3,7.1309223,3.8309224,0.09577784
3,apache_4a_hospital_death_prob,0.03,0.3567201,0.3267201,0.16501015
3,apache_4a_icu_death_prob,0.01,0.54089177,0.5308918,0.26948816
3,aids,0.0,-0.40642983,-0.40642983,-0.40642983
3,cirrhosis,0.0,-0.3100087,-0.3100087,-0.3100087
3,diabetes_mellitus,1.0,0.5868485,-0.4131515,-0.4131515
3,hepatic_failure,0.0,-0.07005583,-0.07005583,-0.07005583
3,immunosuppression,0.0,0.1442286,0.1442286,0.1442286
3,leukemia,0.0,0.42261654,0.42261654,0.42261654
3,lymphoma,0.0,-0.188712,-0.188712,-0.188712
3,solid_tumor_with_metastasis,0.0,0.09712194,0.09712194,0.09712194
3,apache_3j_bodysystem,1.0,-0.24210715,-1.2421072,-0.124210715
3,apache_2_bodysystem,1.0,-1.893837,-2.893837,-0.32153744
3,apache_3j_diagnosis_split0,14.0,-1.3690677,-15.369068,-0.1397188
4,age,84.0,69.25889,-14.741112,-0.20193309
4,bmi,29.186193,34.402473,5.21628,0.09847602
4,elective_surgery,0.0,-0.26318026,-0.26318026,-0.26318026
4,ethnicity,3.0,4.6268234,1.6268234,0.2711372
4,gender,1.0,0.47564852,-0.5243515,-0.26217574
4,height,157.5,147.54076,-9.959244,-0.1705642
4,hospital_admit_source,5.0,9.308391,4.3083906,0.28722605
4,icu_admit_source,2.0,4.330779,2.330779,0.46615583
4,icu_stay_type,1.0,0.2423588,-0.7576412,-0.3788206
4,icu_type,3.0,0.70221657,-2.2977834,-0.3282548
4,pre_icu_los_days,0.24861111,4.736355,4.487744,0.066734314
4,readmission_status,0.0,0.0,0.0,0.0
4,weight,72.4,124.27644,51.876442,0.35194328
4,apache_2_diagnosis,124.0,200.9581,76.9581,0.37177825
4,apache_3j_diagnosis,306.01,110.97403,-195.03598,-0.0928725
4,apache_post_operative,0.0,0.33370984,0.33370984,0.33370984
4,arf_apache,0.0,0.26115566,0.26115566,0.26115566
4,bun_apache,88.0,65.9865,-22.013496,-0.17897153
4,creatinine_apache,2.35,5.7893167,3.4393167,0.31611365
4,gcs_eyes_apache,4.0,2.641859,-1.358141,-0.45271367
4,gcs_motor_apache,6.0,8.251376,2.2513762,0.45027518
4,gcs_unable_apache,0.0,0.0,0.0,0.0
4,gcs_verbal_apache,5.0,3.309172,-1.6908281,-0.42270702
4,glucose_apache,93.0,28.268543,-64.73146,-0.11565384
4,heart_rate_apache,128.0,155.04784,27.047836,0.18275565
4,hematocrit_apache,23.3,17.267832,-6.0321674,-0.17136839
4,intubated_apache,0.0,0.07783131,0.07783131,0.07783131
4,map_apache,55.0,4.4806175,-50.519382,-0.31574613
4,resprate_apache,49.0,43.6756,-5.324402,-0.09507859
4,sodium_apache,140.0,126.8997,-13.100304,-0.3195196
4,temp_apache,36.3,35.80489,-0.49510956,-0.065146
4,ventilated_apache,0.0,-0.46232557,-0.46232557,-0.46232557
4,wbc_apache,14.3,0.022892118,-14.277108,-0.3179757
4,d1_diasbp_max,91.0,117.23783,26.237831,0.22048596
4,d1_diasbp_min,47.0,63.757046,16.757046,0.21762398
4,d1_diasbp_noninvasive_max,91.0,65.267395,-25.732605,-0.21624039
4,d1_diasbp_noninvasive_min,47.0,22.03762,-24.96238,-0.32418674
4,d1_heartrate_max,126.0,162.36029,36.36029,0.3055486
4,d1_heartrate_min,82.0,101.48192,19.481918,0.1362372
4,d1_mbp_max,110.0,140.76288,30.762878,0.24808773
4,d1_mbp_min,65.0,32.72115,-32.27885,-0.3586539
4,d1_mbp_noninvasive_max,110.0,91.30579,-18.694206,-0.1544976
4,d1_mbp_noninvasive_min,65.0,27.524355,-37.475647,-0.41639605
4,d1_resprate_max,41.0,51.855003,10.855003,0.13916671
4,d1_resprate_min,8.0,-1.9752423,-9.975243,-0.13854504
4,d1_spo2_max,100.0,86.25052,-13.749481,-0.15803999
4,d1_spo2_min,94.0,69.604065,-24.395935,-0.24395937
4,d1_sysbp_max,150.0,161.43765,11.437653,0.080546826
4,d1_sysbp_min,90.0,96.34972,6.349716,0.053358942
4,d1_sysbp_noninvasive_max,150.0,200.49985,50.499847,0.35563275
4,d1_sysbp_noninvasive_min,90.0,111.45398,21.45398,0.18033099
4,d1_temp_max,37.1,34.825336,-2.274662,-0.47388792
4,d1_temp_min,36.3,36.186203,-0.113796234,-0.019251585
4,h1_diasbp_max,56.0,100.90651,44.90651,0.42364633
4,h1_diasbp_min,56.0,25.21553,-30.78447,-0.33829087
4,h1_diasbp_noninvasive_max,56.0,105.85714,49.85714,0.46595454
4,h1_diasbp_noninvasive_min,56.0,25.338264,-30.661736,-0.33327973
4,h1_heartrate_max,85.0,137.5195,52.5195,0.44508052
4,h1_heartrate_min,85.0,98.45481,13.454811,0.124581575
4,h1_mbp_max,64.0,10.67569,-53.32431,-0.45969233
4,h1_mbp_min,63.0,87.30464,24.304642,0.22928908
4,h1_mbp_noninvasive_max,64.0,31.24956,-32.750443,-0.28728455
4,h1_mbp_noninvasive_min,63.0,107.05664,44.05664,0.4156287
4,h1_resprate_max,18.0,13.333985,-4.6660147,-0.09522478
4,h1_resprate_min,18.0,38.11958,20.11958,0.17050491
4,h1_spo2_max,100.0,111.763115,11.763115,0.1307013
4,h1_spo2_min,96.0,102.19603,6.1960297,0.06196028
4,h1_sysbp_max,90.0,39.655468,-50.344532,-0.34016573
4,h1_sysbp_min,90.0,54.234764,-35.765236,-0.25365415
4,h1_sysbp_noninvasive_max,90.0,156.78023,66.78023,0.45121774
4,h1_sysbp_noninvasive_min,90.0,151.57117,61.571167,0.43359977
4,h1_temp_max,36.5,35.115376,-1.3846245,-0.22698763
4,h1_temp_min,36.4,33.73468,-2.6653214,-0.41645646
4,d1_bun_max,88.0,133.8696,45.8696,0.37598026
4,d1_bun_min,88.0,35.70725,-52.29275,-0.475
4,d1_calcium_max,8.6,6.418829,-2.1811714,-0.4741677
4,d1_calcium_min,8.6,6.57232,-2.0276804,-0.42243338
4,d1_creatinine_max,2.35,5.5606875,3.2106876,0.29811394
4,d1_creatinine_min,2.35,4.1935215,1.8435216,0.19127832
4,d1_glucose_max,158.0,264.78503,106.785034,0.1984852
4,d1_glucose_min,93.0,-0.6690254,-93.66902,-0.3673295
4,d1_hco3_max,23.0,33.635162,10.635162,0.37982726
4,d1_hco3_min,23.0,8.330321,-14.669679,-0.45842746
4,d1_hemaglobin_max,9.7,10.560282,0.86028194,0.082719445
4,d1_hemaglobin_min,7.8,9.149551,1.3495512,0.118381694
4,d1_hematocrit_max,28.4,13.887173,-14.512827,-0.46665037
4,d1_hematocrit_min,23.3,15.143783,-8.156217,-0.24059635
4,d1_platelets_max,152.0,-108.468994,-260.469,-0.46679032
4,d1_platelets_min,152.0,0.95584106,-151.04416,-0.28028232
4,d1_potassium_max,3.8,2.5157185,-1.2842815,-0.30578133
4,d1_potassium_min,3.5,5.011786,1.511786,0.44464296
4,d1_sodium_max,141.0,133.41281,-7.5871887,-0.21677685
4,d1_sodium_min,141.0,124.45107,-16.548927,-0.45969245
4,d1_wbc_max,14.3,25.168112,10.868112,0.2421593
4,d1_wbc_min,14.3,9.265375,-5.034625,-0.12587191
4,apache_4a_hospital_death_prob,0.13,-0.7083068,-0.8383068,-0.4233873
4,apache_4a_icu_death_prob,0.07,0.76497626,0.6949763,0.3527798
4,aids,0.0,0.27638268,0.27638268,0.27638268
4,cirrhosis,0.0,-0.4468555,-0.4468555,-0.4468555
4,diabetes_mellitus,0.0,-0.41711324,-0.41711324,-0.41711324
4,hepatic_failure,0.0,-0.3414104,-0.3414104,-0.3414104
4,immunosuppression,0.0,0.21370663,0.21370663,0.21370663
4,leukemia,0.0,-0.30158293,-0.30158293,-0.30158293
4,lymphoma,0.0,-0.113226384,-0.113226384,-0.113226384
4,solid_tumor_with_metastasis,0.0,0.03500254,0.03500254,0.03500254
4,apache_3j_bodysystem,2.0,5.9094467,3.9094467,0.3909447
4,apache_2_bodysystem,2.0,-0.8710141,-2.871014,-0.31900156
4,apache_3j_diagnosis_split0,79.0,116.23317,37.23317,0.3384834
5,age,74.0,87.584435,13.5844345,0.18608814
5,bmi,22.259768,12.296396,-9.963371,-0.18809439
5,elective_surgery,1.0,1.2429414,0.24294138,0.24294138
5,ethnicity,3.0,0.4845997,-2.5154004,-0.41923338
5,gender,1.0,1.9167062,0.9167062,0.4583531
5,height,152.4,159.72264,7.322647,0.12540928
5,hospital_admit_source,9.0,2.1365757,-6.8634243,-0.45756164
5,icu_admit_source,3.0,5.284236,2.284236,0.45684716
5,icu_stay_type,1.0,1.9499999,0.9499999,0.47499996
5,icu_type,6.0,6.0296526,0.029652596,0.0042360425
5,pre_icu_los_days,0.00625,14.454624,14.448374,0.21485236
5,readmission_status,0.0,0.0,0.0,0.0
5,weight,51.7,37.87926,-13.82074,-0.0937635
5,apache_2_diagnosis,202.0,109.46324,-92.53676,-0.44703746
5,apache_3j_diagnosis,1203.02,1022.52545,-180.49457,-0.08594817
5,apache_post_operative,1.0,1.2512152,0.25121522,0.25121522
5,arf_apache,0.0,0.15548177,0.15548177,0.15548177
5,bun_apache,13.0,65.43274,52.43274,0.42628244
5,creatinine_apache,0.94,-1.4512951,-2.3912952,-0.21978815
5,gcs_eyes_apache,4.0,4.970263,0.970263,0.323421
5,gcs_motor_apache,6.0,7.9073524,1.9073524,0.38147044
5,gcs_unable_apache,0.0,0.0,0.0,0.0
5,gcs_verbal_apache,5.0,5.640853,0.6408529,0.16021323
5,glucose_apache,176.0,-7.5043106,-183.5043,-0.3278619
5,heart_rate_apache,48.0,52.005417,4.005417,0.027063623
5,hematocrit_apache,32.0,37.575558,5.5755577,0.15839651
5,intubated_apache,0.0,-0.26706958,-0.26706958,-0.26706958
5,map_apache,117.0,172.26611,55.266113,0.3454132
5,resprate_apache,24.0,-1.3141594,-25.31416,-0.4520386
5,sodium_apache,126.0,123.40606,-2.5939407,-0.06326684
5,temp_apache,36.2,39.25229,3.052288,0.4016168
5,ventilated_apache,0.0,0.3445754,0.3445754,0.3445754
5,wbc_apache,12.5,6.3188705,-6.1811295,-0.13766435
5,d1_diasbp_max,83.0,52.36181,-30.638191,-0.2574638
5,d1_diasbp_min,49.0,24.559433,-24.440567,-0.31740993
5,d1_diasbp_noninvasive_max,83.0,68.76969,-14.230309,-0.11958243
5,d1_diasbp_noninvasive_min,49.0,25.225796,-23.774204,-0.30875587
5,d1_heartrate_max,62.0,45.972855,-16.027145,-0.1346819
5,d1_heartrate_min,50.0,19.850174,-30.149826,-0.21083795
5,d1_mbp_max,93.0,42.654884,-50.345116,-0.40600902
5,d1_mbp_min,93.0,73.641174,-19.358826,-0.21509802
5,d1_mbp_noninvasive_max,117.0,78.39319,-38.60681,-0.31906456
5,d1_mbp_noninvasive_min,75.0,45.094566,-29.905434,-0.3322826
5,d1_resprate_max,31.0,24.494461,-6.505539,-0.08340435
5,d1_resprate_min,12.0,-8.430216,-20.430216,-0.283753
5,d1_spo2_max,100.0,90.06393,-9.936073,-0.114207745
5,d1_spo2_min,88.0,40.500004,-47.499996,-0.47499996
5,d1_sysbp_max,186.0,166.2822,-19.717804,-0.13885778
5,d1_sysbp_min,139.0,129.84634,-9.153656,-0.07692146
5,d1_sysbp_noninvasive_max,186.0,215.23282,29.232819,0.2058649
5,d1_sysbp_noninvasive_min,139.0,95.087234,-43.912766,-0.36910787
5,d1_temp_max,37.3,35.32847,-1.9715309,-0.41073558
5,d1_temp_min,36.2,33.899746,-2.3002548,-0.38914818
5,h1_diasbp_max,74.0,119.99072,45.990723,0.43387473
5,h1_diasbp_min,49.0,6.534815,-42.465187,-0.4666504
5,h1_diasbp_noninvasive_max,74.0,24.022533,-49.977467,-0.4670791
5,h1_diasbp_noninvasive_min,49.0,38.884308,-10.115692,-0.109953165
5,h1_heartrate_max,56.0,111.39317,55.393173,0.46943367
5,h1_heartrate_min,50.0,83.24618,33.246178,0.30783498
5,h1_mbp_max,93.0,46.27657,-46.72343,-0.4027882
5,h1_mbp_min,93.0,49.78701,-43.21299,-0.40766972
5,h1_mbp_noninvasive_max,91.0,125.30372,34.30372,0.3009098
5,h1_mbp_noninvasive_min,86.0,73.82619,-12.173813,-0.1148473
5,h1_resprate_max,31.0,47.99771,16.997711,0.3468921
5,h1_resprate_min,12.0,-1.919558,-13.919558,-0.11796235
5,h1_spo2_max,100.0,106.80035,6.8003464,0.07555938
5,h1_spo2_min,88.0,40.724182,-47.275818,-0.47275817
5,h1_sysbp_max,174.0,242.03447,68.03447,0.45969242
5,h1_sysbp_min,149.0,84.70004,-64.29996,-0.45602804
5,h1_sysbp_noninvasive_max,174.0,232.08307,58.08307,0.39245313
5,h1_sysbp_noninvasive_min,149.0,120.83265,-28.16735,-0.1983616
5,h1_temp_max,36.8,39.29424,2.4942398,0.4088918
5,h1_temp_min,36.8,34.39887,-2.4011307,-0.37517667
5,d1_bun_max,17.0,-14.994379,-31.994379,-0.26224902
5,d1_bun_min,13.0,14.363455,1.3634548,0.012384914
5,d1_calcium_max,8.3,7.447155,-0.8528452,-0.18540114
5,d1_calcium_min,8.0,9.4995165,1.4995165,0.31239927
5,d1_creatinine_max,0.94,0.8579842,-0.08201581,-0.0076152124
5,d1_creatinine_min,0.79,4.3805404,3.5905404,0.3725438
5,d1_glucose_max,176.0,57.625473,-118.37453,-0.22002701
5,d1_glucose_min,111.0,128.95604,17.95604,0.070415825
5,d1_hco3_max,25.0,35.333557,10.333557,0.3690556
5,d1_hco3_min,23.0,12.647146,-10.352854,-0.32352668
5,d1_hemaglobin_max,11.5,12.533421,1.0334206,0.09936738
5,d1_hemaglobin_min,10.4,13.325145,2.9251451,0.25659168
5,d1_hematocrit_max,35.4,23.638355,-11.761646,-0.37818798
5,d1_hematocrit_min,32.0,44.734627,12.734627,0.37565267
5,d1_platelets_max,311.0,576.05,265.05,0.47500002
5,d1_platelets_min,275.0,101.92618,-173.07382,-0.3211613
5,d1_potassium_max,4.4,5.2984986,0.89849854,0.21392822
5,d1_potassium_min,3.9,4.5657244,0.6657243,0.19580129
5,d1_sodium_max,134.0,130.83478,-3.1652222,-0.090434924
5,d1_sodium_min,126.0,110.35753,-15.642471,-0.4345131
5,d1_wbc_max,12.8,11.224966,-1.5750341,-0.035094336
5,d1_wbc_min,12.5,4.617051,-7.882949,-0.19708359
5,apache_4a_hospital_death_prob,0.01,-0.17600662,-0.18600662,-0.09394276
5,apache_4a_icu_death_prob,0.0,-0.5619025,-0.5619025,-0.28522968
5,aids,0.0,0.27618366,0.27618366,0.27618366
5,cirrhosis,0.0,-0.4234439,-0.4234439,-0.4234439
5,diabetes_mellitus,0.0,-0.28152198,-0.28152198,-0.28152198
5,hepatic_failure,0.0,-0.012414505,-0.012414505,-0.012414505
5,immunosuppression,0.0,0.12269585,0.12269585,0.12269585
5,leukemia,0.0,0.36568683,0.36568683,0.36568683
5,lymphoma,0.0,-0.32908636,-0.32908636,-0.32908636
5,solid_tumor_with_metastasis,0.0,0.038278136,0.038278136,0.038278136
5,apache_3j_bodysystem,1.0,-1.958386,-2.958386,-0.2958386
5,apache_2_bodysystem,1.0,-3.2249022,-4.224902,-0.46943358
5,apache_3j_diagnosis_split0,16.0,12.039077,-3.9609232,-0.036008388
6,age,59.0,85.29018,26.290176,0.36013937
6,bmi,21.336926,44.291466,22.95454,0.4333493
6,elective_surgery,0.0,0.09105396,0.09105396,0.09105396
6,ethnicity,3.0,2.9218187,-0.07818127,-0.013030231
6,gender,1.0,1.2659712,0.26597118,0.13298559
6,height,154.3,145.68384,-8.616165,-0.14756235
6,hospital_admit_source,4.0,7.2609973,3.2609973,0.21739982
6,icu_admit_source,1.0,-1.017317,-2.017317,-0.40346342
6,icu_stay_type,1.0,1.0532767,0.053276658,0.026638329
6,icu_type,6.0,5.97832,-0.021679878,-0.003097117
6,pre_icu_los_days,0.003472222,-9.304293,-9.307765,-0.13840972
6,readmission_status,0.0,0.0,0.0,0.0
6,weight,50.8,70.93329,20.13329,0.1365895
6,apache_2_diagnosis,122.0,184.4993,62.4993,0.30192897
6,apache_3j_diagnosis,703.03,1591.2926,888.2626,0.4229741
6,apache_post_operative,0.0,0.037109345,0.037109345,0.037109345
6,arf_apache,0.0,-0.4638672,-0.4638672,-0.4638672
6,bun_apache,11.0,11.456921,0.45692062,0.0037147999
6,creatinine_apache,0.9,-0.045135856,-0.94513583,-0.086869106
6,gcs_eyes_apache,2.0,0.57500005,-1.425,-0.475
6,gcs_motor_apache,6.0,6.3714123,0.37141228,0.07428241
6,gcs_unable_apache,0.0,0.0,0.0,0.0
6,gcs_verbal_apache,5.0,4.315768,-0.68423223,-0.17105806
6,glucose_apache,86.0,294.78458,208.78458,0.37302944
6,heart_rate_apache,102.0,127.67031,25.670311,0.17344803
6,hematocrit_apache,39.0,44.346107,5.3461075,0.15187806
6,intubated_apache,0.0,-0.33574432,-0.33574432,-0.33574432
6,map_apache,67.0,7.389267,-59.610733,-0.3725671
6,resprate_apache,42.0,40.373222,-1.6267776,-0.029049575
6,sodium_apache,144.0,154.4187,10.418701,0.25411463
6,temp_apache,35.8,32.93637,-2.8636284,-0.3767932
6,ventilated_apache,0.0,0.47499996,0.47499996,0.47499996
6,wbc_apache,5.0,9.355149,4.3551493,0.09699666
6,d1_diasbp_max,89.0,79.66947,-9.330528,-0.078407794
6,d1_diasbp_min,56.0,61.69843,5.698429,0.074005544
6,d1_diasbp_noninvasive_max,89.0,103.84416,14.844162,0.12474084
6,d1_diasbp_noninvasive_min,56.0,54.567738,-1.4322624,-0.018600821
6,d1_heartrate_max,82.0,111.64658,29.646584,0.24913095
6,d1_heartrate_min,56.0,-0.9000665,-56.900066,-0.39790255
6,d1_mbp_max,111.0,76.254395,-34.745605,-0.2802065
6,d1_mbp_min,67.0,34.47611,-32.52389,-0.36137658
6,d1_mbp_noninvasive_max,111.0,141.69566,30.695663,0.25368318
6,d1_mbp_noninvasive_min,67.0,29.913921,-37.08608,-0.41206753
6,d1_resprate_max,27.0,26.370205,-0.6297951,-0.0080742985
6,d1_resprate_min,16.0,10.787537,-5.2124634,-0.072395325
6,d1_spo2_max,100.0,93.07321,-6.9267883,-0.079618275
6,d1_spo2_min,98.0,53.901237,-44.098763,-0.44098765
6,d1_sysbp_max,150.0,169.77122,19.771225,0.13923398
6,d1_sysbp_min,87.0,64.280205,-22.719795,-0.19092266
6,d1_sysbp_noninvasive_max,150.0,158.36537,8.365372,0.058911055
6,d1_sysbp_noninvasive_min,87.0,48.70033,-38.29967,-0.32192713
6,d1_temp_max,37.0,38.60944,1.6094398,0.33529994
6,d1_temp_min,35.8,35.78267,-0.01733017,-0.0029318333
6,h1_diasbp_max,80.0,130.35,50.350006,0.47500002
6,h1_diasbp_min,76.0,81.15898,5.1589813,0.056692064
6,h1_diasbp_noninvasive_max,80.0,110.07303,30.073029,0.28105637
6,h1_diasbp_noninvasive_min,76.0,80.77226,4.7722626,0.051872432
6,h1_heartrate_max,68.0,124.049995,56.049995,0.47499993
6,h1_heartrate_min,63.0,78.73471,15.734711,0.14569175
6,h1_mbp_max,97.0,50.762615,-46.237385,-0.39859816
6,h1_mbp_min,95.0,83.35884,-11.641159,-0.10982224
6,h1_mbp_noninvasive_max,97.0,66.75782,-30.24218,-0.26528227
6,h1_mbp_noninvasive_min,95.0,100.00673,5.006729,0.047233284
6,h1_resprate_max,20.0,16.019222,-3.9807777,-0.08124037
6,h1_resprate_min,18.0,16.877195,-1.1228046,-0.0095152855
6,h1_spo2_max,100.0,105.637764,5.637764,0.06264186
6,h1_spo2_min,98.0,106.44157,8.441566,0.084415674
6,h1_sysbp_max,129.0,128.82767,-0.17233276,-0.0011644065
6,h1_sysbp_min,119.0,67.76907,-51.230927,-0.3633399
6,h1_sysbp_noninvasive_max,129.0,149.3119,20.311905,0.13724259
6,h1_sysbp_noninvasive_min,119.0,146.6601,27.660095,0.19478941
6,h1_temp_max,36.4,36.05078,-0.34922028,-0.05724922
6,h1_temp_min,36.4,34.8612,-1.5388031,-0.24043798
6,d1_bun_max,11.0,35.853638,24.853638,0.20371836
6,d1_bun_min,11.0,24.21466,13.214661,0.12003507
6,d1_calcium_max,8.6,7.937024,-0.66297626,-0.14412525
6,d1_calcium_min,8.6,8.663721,0.0637207,0.0132751465
6,d1_creatinine_max,0.9,1.7859323,0.8859323,0.08225927
6,d1_creatinine_min,0.9,2.7947886,1.8947886,0.19659767
6,d1_glucose_max,96.0,141.2234,45.223404,0.084058374
6,d1_glucose_min,86.0,76.499855,-9.500145,-0.037255466
6,d1_hco3_max,27.0,38.349464,11.349464,0.40533805
6,d1_hco3_min,27.0,33.32914,6.3291397,0.19778562
6,d1_hemaglobin_max,13.1,13.686574,0.5865736,0.056401312
6,d1_hemaglobin_min,13.1,7.768366,-5.3316345,-0.46768725
6,d1_hematocrit_max,39.0,35.60479,-3.3952103,-0.109170735
6,d1_hematocrit_min,39.0,30.083809,-8.916191,-0.2630145
6,d1_platelets_max,149.0,267.08435,118.08435,0.2116207
6,d1_platelets_min,149.0,106.37955,-42.620453,-0.07908787
6,d1_potassium_max,3.5,5.23415,1.7341499,0.41289288
6,d1_potassium_min,3.5,4.6421833,1.1421833,0.33593625
6,d1_sodium_max,144.0,148.29535,4.295349,0.122724235
6,d1_sodium_min,144.0,144.5064,0.50639343,0.014066458
6,d1_wbc_max,5.0,13.337903,8.337903,0.18578215
6,d1_wbc_min,5.0,-12.997146,-17.997147,-0.4499511
6,apache_4a_hospital_death_prob,0.01,0.066669226,0.056669228,0.02862078
6,apache_4a_icu_death_prob,0.0,-0.51412463,-0.51412463,-0.26097697
6,aids,0.0,0.24429117,0.24429117,0.24429117
6,cirrhosis,0.0,-0.44995114,-0.44995114,-0.44995114
6,diabetes_mellitus,0.0,0.05767043,0.05767043,0.05767043
6,hepatic_failure,0.0,0.12539302,0.12539302,0.12539302
6,immunosuppression,0.0,0.4497422,0.4497422,0.4497422
6,leukemia,0.0,0.21643955,0.21643955,0.21643955
6,lymphoma,0.0,-0.11825766,-0.11825766,-0.11825766
6,solid_tumor_with_metastasis,0.0,-0.45969236,-0.45969236,-0.45969236
6,apache_3j_bodysystem,6.0,2.5154731,-3.4845269,-0.3484527
6,apache_2_bodysystem,4.0,3.6310716,-0.36892843,-0.04099205
6,apache_3j_diagnosis_split0,106.0,141.90912,35.90912,0.3264466
7,age,27.0,-6.3512135,-33.35121,-0.45686597
7,bmi,25.314087,1.0747242,-24.239363,-0.45760494
7,elective_surgery,0.0,-0.45843995,-0.45843995,-0.45843995
7,ethnicity,3.0,5.4455323,2.4455323,0.4075887
7,gender,2.0,1.4402966,-0.55970335,-0.27985168
7,height,172.7,152.62424,-20.07576,-0.3438219
7,hospital_admit_source,4.0,8.955265,4.955265,0.330351
7,icu_admit_source,1.0,0.75058496,-0.24941504,-0.049883008
7,icu_stay_type,1.0,0.06654966,-0.93345034,-0.46672517
7,icu_type,6.0,2.738318,-3.261682,-0.4659546
7,pre_icu_los_days,0.011805556,-22.17948,-22.191286,-0.32999215
7,readmission_status,0.0,0.0,0.0,0.0
7,weight,75.5,56.604523,-18.895477,-0.12819186
7,apache_2_diagnosis,113.0,209.54436,96.54436,0.46639788
7,apache_3j_diagnosis,501.05,1472.6781,971.6281,0.46267122
7,apache_post_operative,0.0,0.12757887,0.12757887,0.12757887
7,arf_apache,0.0,-0.34127498,-0.34127498,-0.34127498
7,bun_apache,24.0,52.867027,28.867027,0.23469129
7,creatinine_apache,2.07,-0.33369553,-2.4036956,-0.2209279
7,gcs_eyes_apache,4.0,5.173573,1.173573,0.391191
7,gcs_motor_apache,6.0,7.9811764,1.9811764,0.39623523
7,gcs_unable_apache,0.0,0.0,0.0,0.0
7,gcs_verbal_apache,5.0,6.042225,1.0422249,0.26055622
7,glucose_apache,189.0,14.965826,-174.03418,-0.3109419
7,heart_rate_apache,90.0,134.71289,44.71289,0.30211413
7,hematocrit_apache,35.2,41.981094,6.7810936,0.19264472
7,intubated_apache,0.0,0.4338665,0.4338665,0.4338665
7,map_apache,46.0,43.225266,-2.7747345,-0.017342092
7,resprate_apache,4.0,3.6272898,-0.37271023,-0.00665554
7,sodium_apache,141.0,147.21056,6.210556,0.15147698
7,temp_apache,35.6,35.575417,-0.02458191,-0.003234446
7,ventilated_apache,0.0,-0.2384039,-0.2384039,-0.2384039
7,wbc_apache,18.4,12.87173,-5.52827,-0.12312406
7,d1_diasbp_max,82.0,59.40656,-22.593441,-0.18986085
7,d1_diasbp_min,36.0,41.472763,5.472763,0.07107484
7,d1_diasbp_noninvasive_max,82.0,123.48755,41.48755,0.34863487
7,d1_diasbp_noninvasive_min,36.0,31.43186,-4.56814,-0.059326485
7,d1_heartrate_max,134.0,145.6289,11.628906,0.097721875
7,d1_heartrate_min,70.0,98.30337,28.303368,0.19792569
7,d1_mbp_max,120.0,132.26047,12.260468,0.09887478
7,d1_mbp_min,46.0,43.316154,-2.6838455,-0.029820517
7,d1_mbp_noninvasive_max,120.0,64.38434,-55.61566,-0.45963356
7,d1_mbp_noninvasive_min,46.0,24.09056,-21.90944,-0.24343823
7,d1_resprate_max,46.0,43.59391,-2.4060898,-0.030847311
7,d1_resprate_min,11.0,14.812618,3.8126183,0.052953035
7,d1_spo2_max,100.0,91.46801,-8.53199,-0.09806883
7,d1_spo2_min,87.0,59.547604,-27.452396,-0.27452397
7,d1_sysbp_max,140.0,113.88989,-26.110107,-0.183874
7,d1_sysbp_min,74.0,64.49577,-9.504227,-0.07986747
7,d1_sysbp_noninvasive_max,140.0,86.53041,-53.46959,-0.3765464
7,d1_sysbp_noninvasive_min,74.0,58.722717,-15.277283,-0.1284129
7,d1_temp_max,38.6,39.93528,1.3352814,0.27818358
7,d1_temp_min,35.6,37.858448,2.2584496,0.38207573
7,h1_diasbp_max,81.0,34.978065,-46.021935,-0.4341692
7,h1_diasbp_min,36.0,41.951927,5.951927,0.065405786
7,h1_diasbp_noninvasive_max,81.0,55.38018,-25.61982,-0.23943757
7,h1_diasbp_noninvasive_min,36.0,44.349075,8.349075,0.09075083
7,h1_heartrate_max,98.0,65.047516,-32.952484,-0.27925834
7,h1_heartrate_min,72.0,116.283905,44.283905,0.41003618
7,h1_mbp_max,101.0,78.33069,-22.669312,-0.1954251
7,h1_mbp_min,46.0,20.23864,-25.76136,-0.24303171
7,h1_mbp_noninvasive_max,101.0,62.493496,-38.506504,-0.33777633
7,h1_mbp_noninvasive_min,46.0,14.99103,-31.00897,-0.29253745
7,h1_resprate_max,35.0,35.97908,0.9790802,0.019981205
7,h1_resprate_min,11.0,57.30692,46.30692,0.3924315
7,h1_spo2_max,97.0,93.6824,-3.3175964,-0.036862135
7,h1_spo2_min,87.0,103.484604,16.484604,0.16484606
7,h1_sysbp_max,140.0,99.90818,-40.09182,-0.27089068
7,h1_sysbp_min,74.0,28.843561,-45.15644,-0.32025844
7,h1_sysbp_noninvasive_max,140.0,119.39068,-20.609322,-0.13925219
7,h1_sysbp_noninvasive_min,74.0,99.700005,25.700005,0.18098596
7,h1_temp_max,37.3,35.434353,-1.8656464,-0.30584368
7,h1_temp_min,36.2,36.049088,-0.15091324,-0.023580194
7,d1_bun_max,24.0,61.76051,37.76051,0.30951238
7,d1_bun_min,20.0,60.116627,40.116627,0.36439848
7,d1_calcium_max,7.5,6.796871,-0.7031288,-0.1528541
7,d1_calcium_min,7.1,6.964548,-0.1354518,-0.028219134
7,d1_creatinine_max,2.07,0.82177544,-1.2482245,-0.11589828
7,d1_creatinine_min,1.41,2.8560104,1.4460105,0.15003377
7,d1_glucose_max,189.0,322.24463,133.24463,0.24766661
7,d1_glucose_min,173.0,288.28958,115.28958,0.45211595
7,d1_hco3_max,22.0,34.34536,12.34536,0.4409057
7,d1_hco3_min,21.0,16.208431,-4.7915688,-0.14973652
7,d1_hemaglobin_max,11.9,12.761128,0.8611288,0.082800865
7,d1_hemaglobin_min,11.9,10.965092,-0.9349079,-0.082009494
7,d1_hematocrit_max,35.2,27.899754,-7.300247,-0.23473464
7,d1_hematocrit_min,35.2,41.87571,6.675709,0.19692355
7,d1_platelets_max,162.0,105.27735,-56.72265,-0.10165349
7,d1_platelets_min,162.0,184.62306,22.623062,0.041980058
7,d1_potassium_max,4.4,5.442267,1.0422668,0.24815881
7,d1_potassium_min,4.1,4.5815434,0.48154354,0.14163041
7,d1_sodium_max,141.0,125.86091,-15.1390915,-0.43254548
7,d1_sodium_min,141.0,134.35864,-6.6413574,-0.18448216
7,d1_wbc_max,18.4,26.103613,7.7036133,0.17164913
7,d1_wbc_min,18.4,11.250408,-7.1495914,-0.17874873
7,apache_4a_hospital_death_prob,0.05,-0.52911603,-0.57911605,-0.29248282
7,apache_4a_icu_death_prob,0.04,-0.037421227,-0.077421226,-0.039300084
7,aids,0.0,-0.20535904,-0.20535904,-0.20535904
7,cirrhosis,0.0,-0.25139886,-0.25139886,-0.25139886
7,diabetes_mellitus,0.0,0.025434032,0.025434032,0.025434032
7,hepatic_failure,0.0,0.034016293,0.034016293,0.034016293
7,immunosuppression,0.0,-0.44771296,-0.44771296,-0.44771296
7,leukemia,0.0,0.043953422,0.043953422,0.043953422
7,lymphoma,0.0,0.16252956,0.16252956,0.16252956
7,solid_tumor_with_metastasis,0.0,0.22083594,0.22083594,0.22083594
7,apache_3j_bodysystem,10.0,10.625753,0.6257534,0.06257534
7,apache_2_bodysystem,1.0,-3.275,-4.275,-0.47500002
7,apache_3j_diagnosis_split0,97.0,83.52136,-13.478638,-0.12253308
8,age,63.0,81.84036,18.840363,0.25808716
8,bmi,36.982628,60.853424,23.870796,0.45064694
8,elective_surgery,0.0,-0.4074834,-0.4074834,-0.4074834
8,ethnicity,3.0,2.3508873,-0.6491127,-0.108185455
8,gender,1.0,1.46671,0.46670997,0.23335499
8,height,149.9,131.80759,-18.092407,-0.30985457
8,hospital_admit_source,3.0,10.125,7.125,0.47500002
8,icu_admit_source,1.0,-0.79202104,-1.792021,-0.35840422
8,icu_stay_type,1.0,1.4013761,0.40137613,0.20068806
8,icu_type,6.0,4.465996,-1.5340042,-0.21914348
8,pre_icu_los_days,0.001388889,-18.444466,-18.445854,-0.27429628
8,readmission_status,0.0,0.0,0.0,0.0
8,weight,83.1,153.11499,70.01499,0.47499996
8,apache_2_diagnosis,122.0,171.79858,49.798584,0.24057287
8,apache_3j_diagnosis,703.03,410.25696,-292.77307,-0.1394131
8,apache_post_operative,0.0,0.38168448,0.38168448,0.38168448
8,arf_apache,0.0,0.25558412,0.25558412,0.25558412
8,bun_apache,10.0,67.14125,57.14125,0.464563
8,creatinine_apache,0.81,3.808691,2.998691,0.27561498
8,gcs_eyes_apache,1.0,1.3718634,0.37186337,0.12395445
8,gcs_motor_apache,1.0,2.9943593,1.9943593,0.39887184
8,gcs_unable_apache,0.0,0.0,0.0,0.0
8,gcs_verbal_apache,1.0,-0.18133378,-1.1813338,-0.29533345
8,glucose_apache,186.0,436.72278,250.72278,0.4479592
8,heart_rate_apache,124.0,53.699997,-70.3,-0.475
8,hematocrit_apache,34.5,19.793665,-14.706335,-0.41779357
8,intubated_apache,1.0,0.94972205,-0.05027795,-0.05027795
8,map_apache,153.0,110.374405,-42.625595,-0.26641
8,resprate_apache,47.0,66.88878,19.888779,0.35515672
8,sodium_apache,141.0,146.73485,5.734848,0.13987434
8,temp_apache,37.3,35.15407,-2.1459274,-0.28235888
8,ventilated_apache,1.0,1.1876411,0.18764114,0.18764114
8,wbc_apache,27.1,46.613796,19.513796,0.43460566
8,d1_diasbp_max,119.0,79.6148,-39.3852,-0.33096808
8,d1_diasbp_min,66.0,35.43209,-30.56791,-0.39698583
8,d1_diasbp_noninvasive_max,119.0,110.05425,-8.945747,-0.07517439
8,d1_diasbp_noninvasive_min,66.0,60.295258,-5.7047424,-0.07408756
8,d1_heartrate_max,122.0,139.1229,17.122894,0.14388984
8,d1_heartrate_min,96.0,40.956184,-55.043816,-0.3849218
8,d1_mbp_max,153.0,105.32404,-47.675957,-0.38448352
8,d1_mbp_min,76.0,107.457375,31.457375,0.34952635
8,d1_mbp_noninvasive_max,153.0,168.17337,15.17337,0.12539977
8,d1_mbp_noninvasive_min,76.0,97.555565,21.555565,0.23950624
8,d1_resprate_max,41.0,65.882126,24.882126,0.31900162
8,d1_resprate_min,23.0,3.7533126,-19.246687,-0.2673151
8,d1_spo2_max,100.0,112.08876,12.08876,0.1389513
8,d1_spo2_min,96.0,115.40916,19.409157,0.19409162
8,d1_sysbp_max,176.0,136.35027,-39.649734,-0.27922347
8,d1_sysbp_min,96.0,53.789787,-42.210213,-0.35470766
8,d1_sysbp_noninvasive_max,176.0,219.64983,43.649826,0.30739313
8,d1_sysbp_noninvasive_min,96.0,138.85112,42.85112,0.36018422
8,d1_temp_max,38.1,37.95661,-0.14338684,-0.029872298
8,d1_temp_min,37.3,34.80549,-2.4945107,-0.42201167
8,h1_diasbp_max,108.0,86.68504,-21.314957,-0.2010845
8,h1_diasbp_min,86.0,111.5258,25.525803,0.28050333
8,h1_diasbp_noninvasive_max,108.0,129.86687,21.866867,0.20436323
8,h1_diasbp_noninvasive_min,86.0,69.18281,-16.817192,-0.18279558
8,h1_heartrate_max,122.0,167.85138,45.85138,0.38857096
8,h1_heartrate_min,122.0,132.39355,10.393555,0.09623659
8,h1_mbp_max,132.0,180.18394,48.183945,0.41537887
8,h1_mbp_min,122.0,171.75996,49.759964,0.46943367
8,h1_mbp_noninvasive_max,132.0,181.9036,49.903595,0.43775076
8,h1_mbp_noninvasive_min,122.0,104.36841,-17.631592,-0.16633576
8,h1_resprate_max,41.0,17.725,-23.275,-0.475
8,h1_resprate_min,38.0,2.1363451,-35.863655,-0.3039293
8,h1_spo2_max,100.0,68.39795,-31.60205,-0.35113388
8,h1_spo2_min,99.0,57.954292,-41.045708,-0.41045707
8,h1_sysbp_max,161.0,90.700005,-70.299995,-0.47499996
8,h1_sysbp_min,146.0,83.487625,-62.512375,-0.44335014
8,h1_sysbp_noninvasive_max,161.0,226.81018,65.81018,0.44466335
8,h1_sysbp_noninvasive_min,146.0,79.63684,-66.36316,-0.4673462
8,h1_temp_max,37.3,36.140507,-1.1594925,-0.19008076
8,h1_temp_min,37.3,36.582333,-0.7176666,-0.11213541
8,d1_bun_max,10.0,-39.838993,-49.838993,-0.40851635
8,d1_bun_min,10.0,62.292747,52.292747,0.47500002
8,d1_calcium_max,8.4,10.322576,1.922576,0.41795132
8,d1_calcium_min,8.0,6.945259,-1.0547409,-0.21973768
8,d1_creatinine_max,1.01,5.369761,4.359761,0.404806
8,d1_creatinine_min,0.99,3.016693,2.026693,0.21028367
8,d1_glucose_max,186.0,441.55,255.54999,0.47499996
8,d1_glucose_min,127.0,111.52265,-15.477348,-0.0606955
8,d1_hco3_max,26.0,21.015087,-4.984913,-0.1780326
8,d1_hco3_min,26.0,27.261765,1.2617645,0.03943014
8,d1_hemaglobin_max,12.5,8.976179,-3.5238209,-0.33882895
8,d1_hemaglobin_min,12.5,7.955798,-4.544202,-0.39861417
8,d1_hematocrit_max,38.0,44.229473,6.229473,0.20030457
8,d1_hematocrit_min,38.0,49.495766,11.495766,0.33910817
8,d1_platelets_max,327.0,498.83118,171.83118,0.30794114
8,d1_platelets_min,327.0,201.01042,-125.98958,-0.23379028
8,d1_potassium_max,3.7,2.3915434,-1.3084567,-0.31153733
8,d1_potassium_min,3.7,2.3403575,-1.3596425,-0.39989483
8,d1_sodium_max,141.0,150.02632,9.026321,0.25789487
8,d1_sodium_min,141.0,151.74744,10.747437,0.29853988
8,d1_wbc_max,27.1,31.723944,4.6239433,0.10302907
8,d1_wbc_min,27.1,19.445774,-7.6542263,-0.19136521
8,apache_4a_hospital_death_prob,0.11,-0.20813459,-0.3181346,-0.16067404
8,apache_4a_icu_death_prob,0.07,-0.10029274,-0.17029274,-0.08644301
8,aids,0.0,0.475,0.475,0.475
8,cirrhosis,0.0,-0.0647378,-0.0647378,-0.0647378
8,diabetes_mellitus,0.0,-0.43827266,-0.43827266,-0.43827266
8,hepatic_failure,0.0,0.475,0.475,0.475
8,immunosuppression,0.0,0.4673462,0.4673462,0.4673462
8,leukemia,0.0,-0.13196278,-0.13196278,-0.13196278
8,lymphoma,0.0,-0.33707714,-0.33707714,-0.33707714
8,solid_tumor_with_metastasis,0.0,-0.26018065,-0.26018065,-0.26018065
8,apache_3j_bodysystem,6.0,9.964699,3.9646988,0.3964699
8,apache_2_bodysystem,4.0,7.2644286,3.2644286,0.36271426
8,apache_3j_diagnosis_split0,106.0,122.868675,16.868675,0.1533516
9,age,62.0,93.034,31.033997,0.4251232
9,bmi,19.108088,39.535202,20.427114,0.3856351
9,elective_surgery,0.0,0.46943358,0.46943358,0.46943358
9,ethnicity,1.0,-1.0121653,-2.0121653,-0.33536088
9,gender,2.0,1.0636932,-0.93630683,-0.46815342
9,height,157.5,142.83458,-14.665421,-0.25116324
9,hospital_admit_source,5.0,-1.7001505,-6.7001505,-0.44667673
9,icu_admit_source,2.0,2.370811,0.370811,0.0741622
9,icu_stay_type,1.0,0.51534104,-0.48465896,-0.24232948
9,icu_type,6.0,7.390181,1.3901811,0.19859725
9,pre_icu_los_days,0.54791665,-2.363085,-2.9110017,-0.043287612
9,readmission_status,0.0,0.0,0.0,0.0
9,weight,47.4,111.24853,63.848526,0.43316507
9,apache_2_diagnosis,113.0,162.96191,49.961914,0.2413619
9,apache_3j_diagnosis,501.05,-209.39163,-710.44165,-0.3382991
9,apache_post_operative,0.0,-0.46681517,-0.46681517,-0.46681517
9,arf_apache,0.0,-0.4467715,-0.4467715,-0.4467715
9,bun_apache,28.0,86.424995,58.424995,0.47499996
9,creatinine_apache,4.88,2.1283076,-2.7516925,-0.25291288
9,gcs_eyes_apache,1.0,1.8924339,0.8924339,0.29747796
9,gcs_motor_apache,4.0,5.9964943,1.9964943,0.39929885
9,gcs_unable_apache,0.0,0.0,0.0,0.0
9,gcs_verbal_apache,2.0,0.13082516,-1.8691748,-0.4672937
9,glucose_apache,275.0,221.8846,-53.115402,-0.09489977
9,heart_rate_apache,108.0,40.27446,-67.72554,-0.45760497
9,hematocrit_apache,23.1,24.542389,1.4423885,0.04097694
9,intubated_apache,0.0,0.016709536,0.016709536,0.016709536
9,map_apache,42.0,107.362595,65.362595,0.40851623
9,resprate_apache,38.0,14.407883,-23.592117,-0.42128783
9,sodium_apache,131.0,134.5689,3.5688934,0.087046176
9,temp_apache,36.7,35.510952,-1.1890488,-0.15645379
9,ventilated_apache,1.0,1.3813071,0.38130713,0.38130713
9,wbc_apache,24.6,25.87032,1.270319,0.02829218
9,d1_diasbp_max,71.0,42.74751,-28.252491,-0.2374159
9,d1_diasbp_min,24.0,44.73789,20.737888,0.26932323
9,d1_diasbp_noninvasive_max,71.0,91.26797,20.267967,0.17031904
9,d1_diasbp_noninvasive_min,24.0,53.55823,29.558231,0.38387316
9,d1_heartrate_max,90.0,59.735455,-30.264545,-0.25432393
9,d1_heartrate_min,58.0,59.815098,1.8150978,0.012692988
9,d1_mbp_max,96.0,72.794365,-23.205635,-0.18714221
9,d1_mbp_min,31.0,65.03717,34.03717,0.3781908
9,d1_mbp_noninvasive_max,96.0,69.9245,-26.0755,-0.21550001
9,d1_mbp_noninvasive_min,31.0,68.97454,37.97454,0.42193934
9,d1_resprate_max,37.0,73.640076,36.640076,0.46974456
9,d1_resprate_min,8.0,-20.875753,-28.875753,-0.40105212
9,d1_spo2_max,100.0,69.1142,-30.885803,-0.35500926
9,d1_spo2_min,84.0,129.23538,45.235382,0.4523539
9,d1_sysbp_max,180.0,115.2177,-64.7823,-0.4562134
9,d1_sysbp_min,48.0,78.90203,30.90203,0.25968093
9,d1_sysbp_noninvasive_max,180.0,246.6547,66.65469,0.46939927
9,d1_sysbp_noninvasive_min,48.0,47.284073,-0.7159271,-0.006017711
9,d1_temp_max,37.2,39.29848,2.0984802,0.43718335
9,d1_temp_min,36.5,35.033638,-1.466362,-0.2480734
9,h1_diasbp_max,41.0,89.23316,48.233162,0.45502982
9,h1_diasbp_min,24.0,54.129433,30.129433,0.33109266
9,h1_diasbp_noninvasive_max,41.0,-2.624199,-43.6242,-0.40770277
9,h1_diasbp_noninvasive_min,24.0,21.93342,-2.0665798,-0.022462824
9,h1_heartrate_max,90.0,34.58988,-55.41012,-0.46957725
9,h1_heartrate_min,70.0,34.36546,-35.63454,-0.32994944
9,h1_mbp_max,63.0,95.933365,32.933365,0.2839083
9,h1_mbp_min,32.0,58.26416,26.26416,0.2477751
9,h1_mbp_noninvasive_max,63.0,78.88224,15.88224,0.1393179
9,h1_mbp_noninvasive_min,32.0,29.453163,-2.5468369,-0.024026763
9,h1_resprate_max,37.0,30.10178,-6.89822,-0.14077997
9,h1_resprate_min,11.0,38.162216,27.162216,0.23018827
9,h1_spo2_max,100.0,127.220085,27.220085,0.3024454
9,h1_spo2_min,97.0,80.637726,-16.362274,-0.1636228
9,h1_sysbp_max,104.0,171.44235,67.44235,0.45569155
9,h1_sysbp_min,53.0,-12.405273,-65.40527,-0.4638672
9,h1_sysbp_noninvasive_max,104.0,53.831875,-50.168125,-0.33897382
9,h1_sysbp_noninvasive_min,53.0,41.16445,-11.835548,-0.08334893
9,h1_temp_max,36.7,39.04814,2.3481407,0.3849411
9,h1_temp_min,36.7,37.97847,1.2784691,0.1997608
9,d1_bun_max,28.0,11.386167,-16.613834,-0.13617897
9,d1_bun_min,27.0,79.29274,52.29274,0.4749999
9,d1_calcium_max,6.5,8.659394,2.1593943,0.46943355
9,d1_calcium_min,6.1,8.353281,2.253281,0.46943358
9,d1_creatinine_max,4.88,3.7444036,-1.1355965,-0.105440706
9,d1_creatinine_min,4.67,7.062906,2.3929057,0.24828082
9,d1_glucose_max,275.0,492.2178,217.2178,0.4037506
9,d1_glucose_min,53.0,29.309008,-23.690992,-0.09290586
9,d1_hco3_max,28.0,24.460835,-3.5391655,-0.1263988
9,d1_hco3_min,26.0,27.260674,1.2606735,0.039396048
9,d1_hemaglobin_max,7.9,7.3183117,-0.5816884,-0.05593158
9,d1_hemaglobin_min,7.2,2.8022506,-4.397749,-0.3857675
9,d1_hematocrit_max,25.7,40.472504,14.772503,0.47500008
9,d1_hematocrit_min,23.1,25.519024,2.4190235,0.07135762
9,d1_platelets_max,205.0,404.21115,199.21115,0.35700923
9,d1_platelets_min,205.0,90.35327,-114.64673,-0.21274209
9,d1_potassium_max,3.5,3.1027238,-0.39727616,-0.09458957
9,d1_potassium_min,3.2,3.1536846,-0.04631543,-0.0136221945
9,d1_sodium_max,137.0,145.3194,8.319397,0.23769704
9,d1_sodium_min,131.0,119.02263,-11.977371,-0.33270475
9,d1_wbc_max,24.6,31.146118,6.546118,0.14585823
9,d1_wbc_min,24.6,6.0462418,-18.553759,-0.4638672
9,apache_4a_hospital_death_prob,0.34,-0.294347,-0.63434696,-0.3203773
9,apache_4a_icu_death_prob,0.23,0.0010113716,-0.22898863,-0.11623794
9,aids,0.0,0.16409881,0.16409881,0.16409881
9,cirrhosis,0.0,0.34670585,0.34670585,0.34670585
9,diabetes_mellitus,1.0,0.63017714,-0.36982286,-0.36982286
9,hepatic_failure,0.0,-0.31408328,-0.31408328,-0.31408328
9,immunosuppression,0.0,0.37425542,0.37425542,0.37425542
9,leukemia,0.0,-0.29111838,-0.29111838,-0.29111838
9,lymphoma,0.0,-0.42649603,-0.42649603,-0.42649603
9,solid_tumor_with_metastasis,0.0,-0.3567381,-0.3567381,-0.3567381
9,apache_3j_bodysystem,10.0,5.42395,-4.57605,-0.45760494
9,apache_2_bodysystem,1.0,-2.925665,-3.925665,-0.436185
9,apache_3j_diagnosis_split0,97.0,120.15897,23.158974,0.21053612
10,age,51.0,83.2877,32.287697,0.44229725
10,bmi,29.29535,53.982056,24.686707,0.46605015
10,elective_surgery,0.0,0.2262708,0.2262708,0.2262708
10,ethnicity,4.0,2.4820104,-1.5179896,-0.2529983
10,gender,2.0,1.4311441,-0.5688559,-0.28442794
10,height,182.9,202.07274,19.172745,0.32835662
10,hospital_admit_source,4.0,3.9913042,-0.008695841,-0.0005797297
10,icu_admit_source,1.0,3.339269,2.339269,0.46785378
10,icu_stay_type,1.0,1.7449682,0.7449682,0.3724841
10,icu_type,6.0,2.920844,-3.079156,-0.43987945
10,pre_icu_los_days,0.004861111,-23.54925,-23.554111,-0.3502578
10,readmission_status,0.0,0.0,0.0,0.0
10,weight,98.0,101.508484,3.508484,0.023802489
10,apache_2_diagnosis,302.0,310.29858,8.298584,0.040089726
10,apache_3j_diagnosis,111.01,970.8818,859.87177,0.40945494
10,apache_post_operative,0.0,-0.12351371,-0.12351371,-0.12351371
10,arf_apache,0.0,-0.40610945,-0.40610945,-0.40610945
10,bun_apache,12.0,55.516975,43.516975,0.35379654
10,creatinine_apache,1.26,-1.6846611,-2.9446611,-0.270649
10,gcs_eyes_apache,4.0,5.0366707,1.0366707,0.34555686
10,gcs_motor_apache,6.0,8.347168,2.347168,0.46943355
10,gcs_unable_apache,0.0,0.0,0.0,0.0
10,gcs_verbal_apache,5.0,5.818741,0.81874084,0.20468521
10,glucose_apache,99.0,-46.207436,-145.20743,-0.25943798
10,heart_rate_apache,86.0,137.38641,51.386414,0.34720546
10,hematocrit_apache,43.9,59.251297,15.351295,0.4361164
10,intubated_apache,0.0,0.22395498,0.22395498,0.22395498
10,map_apache,118.0,168.74152,50.741516,0.31713444
10,resprate_apache,5.0,31.086151,26.086151,0.46582413
10,sodium_apache,144.0,163.26395,19.263947,0.46985227
10,temp_apache,36.5,33.01598,-3.4840202,-0.45842373
10,ventilated_apache,0.0,0.45088655,0.45088655,0.45088655
10,wbc_apache,10.9,-10.427501,-21.3275,-0.475
10,d1_diasbp_max,90.0,46.26827,-43.73173,-0.36749354
10,d1_diasbp_min,59.0,95.575,36.574997,0.47500002
10,d1_diasbp_noninvasive_max,90.0,90.29561,0.29560852,0.0024840832
10,d1_diasbp_noninvasive_min,59.0,25.307365,-33.692635,-0.43756664
10,d1_heartrate_max,86.0,37.21238,-48.78762,-0.40998
10,d1_heartrate_min,66.0,4.1149526,-61.885048,-0.43276256
10,d1_mbp_max,113.0,129.68289,16.682892,0.13453943
10,d1_mbp_min,75.0,36.53186,-38.46814,-0.42742378
10,d1_mbp_noninvasive_max,113.0,119.92758,6.927582,0.057252735
10,d1_mbp_noninvasive_min,75.0,79.0105,4.010498,0.044561088
10,d1_resprate_max,23.0,27.781292,4.781292,0.061298616
10,d1_resprate_min,9.0,-8.990955,-17.990955,-0.24987438
10,d1_spo2_max,100.0,121.15994,21.159943,0.2432177
10,d1_spo2_min,93.0,65.222115,-27.777885,-0.27777886
10,d1_sysbp_max,149.0,157.45116,8.451157,0.059515208
10,d1_sysbp_min,105.0,94.52601,-10.473991,-0.08801675
10,d1_sysbp_noninvasive_max,149.0,82.29597,-66.70403,-0.4697467
10,d1_sysbp_noninvasive_min,105.0,52.920746,-52.079254,-0.4377511
10,d1_temp_max,36.8,35.171013,-1.6289864,-0.33937213
10,d1_temp_min,36.5,36.50215,0.0021514893,0.00036400557
10,h1_diasbp_max,90.0,94.032425,4.032425,0.03804177
10,h1_diasbp_min,84.0,98.922485,14.922485,0.16398335
10,h1_diasbp_noninvasive_max,90.0,84.889694,-5.110306,-0.04775989
10,h1_diasbp_noninvasive_min,84.0,51.06897,-32.93103,-0.357946
10,h1_heartrate_max,76.0,124.26802,48.26802,0.409051
10,h1_heartrate_min,66.0,64.97815,-1.0218506,-0.009461582
10,h1_mbp_max,105.0,61.294655,-43.705345,-0.3767702
10,h1_mbp_min,102.0,125.60417,23.604172,0.22268087
10,h1_mbp_noninvasive_max,105.0,120.54919,15.549187,0.13639638
10,h1_mbp_noninvasive_min,102.0,73.646,-28.353996,-0.26749057
10,h1_resprate_max,22.0,1.7593861,-20.240614,-0.41307378
10,h1_resprate_min,15.0,53.319565,38.319565,0.32474208
10,h1_spo2_max,100.0,132.18713,32.187134,0.35763478
10,h1_spo2_min,94.0,77.32452,-16.675484,-0.16675484
10,h1_sysbp_max,149.0,185.02304,36.02304,0.2433989
10,h1_sysbp_min,136.0,185.65477,49.65477,0.35216147
10,h1_sysbp_noninvasive_max,149.0,78.7,-70.3,-0.47500002
10,h1_sysbp_noninvasive_min,136.0,155.94687,19.946869,0.14047092
10,h1_temp_max,36.5,36.505547,0.00554657,0.00090926886
10,h1_temp_min,36.5,36.947693,0.44769287,0.06995201
10,d1_bun_max,12.0,53.64095,41.64095,0.34131926
10,d1_bun_min,12.0,-15.986534,-27.986534,-0.25421506
10,d1_calcium_max,8.0,9.43988,1.4398804,0.31301746
10,d1_calcium_min,8.0,10.214872,2.2148724,0.46143174
10,d1_creatinine_max,1.26,3.3030882,2.0430882,0.1897018
10,d1_creatinine_min,1.26,1.3178186,0.05781865,0.005999103
10,d1_glucose_max,99.0,203.16946,104.169464,0.19362354
10,d1_glucose_min,99.0,9.1861,-89.8139,-0.3522114
10,d1_hco3_max,25.0,36.413612,11.413612,0.40762904
10,d1_hco3_min,25.0,10.656653,-14.343347,-0.44822958
10,d1_hemaglobin_max,14.7,11.800648,-2.899352,-0.27878386
10,d1_hemaglobin_min,14.7,10.819878,-3.8801222,-0.34036162
10,d1_hematocrit_max,43.9,38.822433,-5.077568,-0.16326582
10,d1_hematocrit_min,43.9,28.803019,-15.096983,-0.44533873
10,d1_platelets_max,475.0,476.09967,1.0996704,0.0019707084
10,d1_platelets_min,475.0,366.35992,-108.640076,-0.20159602
10,d1_potassium_max,4.0,4.09169,0.09169006,0.021830976
10,d1_potassium_min,4.0,5.462902,1.4629021,0.4302653
10,d1_sodium_max,144.0,146.14104,2.141037,0.061172485
10,d1_sodium_min,144.0,134.6601,-9.339905,-0.2594418
10,d1_wbc_max,10.9,29.51247,18.61247,0.41471633
10,d1_wbc_min,10.9,15.532269,4.632269,0.11581251
10,apache_4a_hospital_death_prob,0.02,-0.8599845,-0.8799845,-0.4444366
10,apache_4a_icu_death_prob,0.01,0.24742913,0.23742913,0.12052238
10,aids,0.0,0.2909267,0.2909267,0.2909267
10,cirrhosis,0.0,0.008908359,0.008908359,0.008908359
10,diabetes_mellitus,0.0,0.25191456,0.25191456,0.25191456
10,hepatic_failure,0.0,0.475,0.475,0.475
10,immunosuppression,0.0,-0.29770714,-0.29770714,-0.29770714
10,leukemia,0.0,-0.094999924,-0.094999924,-0.094999924
10,lymphoma,0.0,-0.3676967,-0.3676967,-0.3676967
10,solid_tumor_with_metastasis,0.0,0.19867143,0.19867143,0.19867143
10,apache_3j_bodysystem,1.0,3.3850498,2.3850498,0.23850498
10,apache_2_bodysystem,1.0,-1.4372516,-2.4372516,-0.27080572
10,apache_3j_diagnosis_split0,14.0,59.09367,45.09367,0.40994245
11,age,72.0,93.10601,21.10601,0.28912348
11,bmi,22.690323,14.2675,-8.422823,-0.159011
11,elective_surgery,0.0,-0.022380423,-0.022380423,-0.022380423
11,ethnicity,3.0,5.6978307,2.6978307,0.44963846
11,gender,1.0,1.4490647,0.44906473,0.22453237
11,height,152.4,128.65312,-23.746872,-0.40669417
11,hospital_admit_source,5.0,1.9437422,-3.0562577,-0.20375054
11,icu_admit_source,2.0,3.9431267,1.9431267,0.38862532
11,icu_stay_type,1.0,0.8921986,-0.10780138,-0.05390069
11,icu_type,6.0,2.9526248,-3.0473752,-0.43533933
11,pre_icu_los_days,0.025,-22.358337,-22.383337,-0.33284804
11,readmission_status,0.0,0.0,0.0,0.0
11,weight,52.7,57.643566,4.9435654,0.03353843
11,apache_2_diagnosis,102.0,21.214577,-80.78542,-0.39026776
11,apache_3j_diagnosis,206.01,-727.41113,-933.42114,-0.4444778
11,apache_post_operative,0.0,-0.12556875,-0.12556875,-0.12556875
11,arf_apache,0.0,-0.20851453,-0.20851453,-0.20851453
11,bun_apache,34.0,-10.627499,-44.6275,-0.3628252
11,creatinine_apache,0.82,3.6699739,2.849974,0.26194614
11,gcs_eyes_apache,4.0,5.4219728,1.4219728,0.47399092
11,gcs_motor_apache,6.0,4.5969286,-1.4030714,-0.28061426
11,gcs_unable_apache,0.0,0.0,0.0,0.0
11,gcs_verbal_apache,5.0,6.3924675,1.3924675,0.34811687
11,glucose_apache,80.0,-128.63075,-208.63075,-0.37275457
11,heart_rate_apache,50.0,93.23735,43.23735,0.29214424
11,hematocrit_apache,34.6,20.334656,-14.265343,-0.4052654
11,intubated_apache,0.0,0.067644626,0.067644626,0.067644626
11,map_apache,63.0,64.44477,1.4447708,0.009029821
11,resprate_apache,57.0,76.62811,19.628113,0.35050195
11,sodium_apache,139.0,143.72235,4.722351,0.11517924
11,temp_apache,36.7,40.229954,3.529953,0.46446753
11,ventilated_apache,1.0,1.4130735,0.41307354,0.41307354
11,wbc_apache,8.7,-3.4357858,-12.135786,-0.27028474
11,d1_diasbp_max,88.0,132.4729,44.4729,0.37372187
11,d1_diasbp_min,50.0,22.404486,-27.595514,-0.3583833
11,d1_diasbp_noninvasive_max,88.0,132.43558,44.435577,0.37340823
11,d1_diasbp_noninvasive_min,50.0,25.92335,-24.07665,-0.31268376
11,d1_heartrate_max,97.0,145.1518,48.151794,0.4046369
11,d1_heartrate_min,50.0,97.26944,47.26944,0.33055553
11,d1_mbp_max,106.0,79.51694,-26.483063,-0.21357308
11,d1_mbp_min,63.0,95.731636,32.731636,0.36368483
11,d1_mbp_noninvasive_max,106.0,67.028984,-38.971016,-0.3220745
11,d1_mbp_noninvasive_min,63.0,34.41518,-28.58482,-0.31760913
11,d1_resprate_max,42.0,16.947933,-25.052067,-0.32118034
11,d1_resprate_min,16.0,47.92556,31.92556,0.44341058
11,d1_spo2_max,100.0,78.75447,-21.24553,-0.24420148
11,d1_spo2_min,83.0,124.87791,41.877907,0.41877908
11,d1_sysbp_max,147.0,124.72044,-22.279556,-0.15689829
11,d1_sysbp_min,85.0,120.36597,35.365967,0.29719296
11,d1_sysbp_noninvasive_max,147.0,205.74377,58.743774,0.4136885
11,d1_sysbp_noninvasive_min,85.0,60.7703,-24.229698,-0.20366225
11,d1_temp_max,36.9,35.788105,-1.1118965,-0.2316451
11,d1_temp_min,36.6,34.62024,-1.9797592,-0.33492795
11,h1_diasbp_max,82.0,72.88954,-9.110458,-0.08594772
11,h1_diasbp_min,57.0,22.683895,-34.316105,-0.37710005
11,h1_diasbp_noninvasive_max,82.0,101.643845,19.643845,0.18358734
11,h1_diasbp_noninvasive_min,57.0,97.9474,40.947403,0.4450805
11,h1_heartrate_max,92.0,148.04999,56.049988,0.47499993
11,h1_heartrate_min,71.0,78.53351,7.5335083,0.06975472
11,h1_mbp_max,91.0,62.4548,-28.5452,-0.2460793
11,h1_mbp_min,69.0,52.664616,-16.335384,-0.15410739
11,h1_mbp_noninvasive_max,91.0,82.001144,-8.998856,-0.07893732
11,h1_mbp_noninvasive_min,69.0,108.89303,39.89303,0.37634933
11,h1_resprate_max,38.0,23.819773,-14.180227,-0.2893924
11,h1_resprate_min,18.0,2.8281593,-15.171841,-0.12857491
11,h1_spo2_max,96.0,105.25015,9.250153,0.10277951
11,h1_spo2_min,83.0,70.64354,-12.356461,-0.1235646
11,h1_sysbp_max,125.0,154.52475,29.52475,0.19949153
11,h1_sysbp_min,91.0,26.594957,-64.405045,-0.45677334
11,h1_sysbp_noninvasive_max,125.0,182.30411,57.304108,0.3871899
11,h1_sysbp_noninvasive_min,91.0,43.25434,-47.74566,-0.33623704
11,h1_temp_max,36.8,39.103783,2.3037834,0.3776694
11,h1_temp_min,36.8,38.636723,1.8367233,0.28698802
11,d1_bun_max,34.0,68.30937,34.309372,0.28122437
11,d1_bun_min,27.0,76.06055,49.060547,0.4456404
11,d1_calcium_max,9.0,10.757491,1.7574911,0.38206333
11,d1_calcium_min,8.6,6.7756124,-1.824388,-0.38008082
11,d1_creatinine_max,1.05,3.6788921,2.6288922,0.24409397
11,d1_creatinine_min,0.82,0.81422,-0.0057799816,-0.00059971586
11,d1_glucose_max,102.0,-153.54999,-255.54999,-0.47499996
11,d1_glucose_min,80.0,101.484406,21.484406,0.08425258
11,d1_hco3_max,30.0,41.154724,11.154724,0.39838296
11,d1_hco3_min,30.0,43.19346,13.193459,0.41229558
11,d1_hemaglobin_max,11.5,14.769188,3.269188,0.314345
11,d1_hemaglobin_min,11.0,9.064432,-1.9355679,-0.16978666
11,d1_hematocrit_max,34.8,22.807417,-11.992582,-0.3856136
11,d1_hematocrit_min,34.6,24.685349,-9.91465,-0.2924675
11,d1_platelets_max,285.0,514.9244,229.92438,0.41205087
11,d1_platelets_min,277.0,101.23312,-175.76688,-0.32615864
11,d1_potassium_max,4.1,5.699105,1.5991049,0.38073927
11,d1_potassium_min,3.7,3.6429722,-0.057027817,-0.016772896
11,d1_sodium_max,139.0,148.64096,9.640961,0.27545604
11,d1_sodium_min,139.0,122.45107,-16.548927,-0.45969242
11,d1_wbc_max,10.4,-7.281513,-17.681513,-0.39397308
11,d1_wbc_min,8.7,24.666367,15.966367,0.39917913
11,apache_4a_hospital_death_prob,0.07,-0.42242432,-0.4924243,-0.24869919
11,apache_4a_icu_death_prob,0.03,-0.08283198,-0.11283198,-0.057275116
11,aids,0.0,0.29604298,0.29604298,0.29604298
11,cirrhosis,0.0,0.29915965,0.29915965,0.29915965
11,diabetes_mellitus,0.0,-0.31780756,-0.31780756,-0.31780756
11,hepatic_failure,0.0,-0.34865683,-0.34865683,-0.34865683
11,immunosuppression,0.0,0.13624075,0.13624075,0.13624075
11,leukemia,0.0,0.1393026,0.1393026,0.1393026
11,lymphoma,0.0,0.081003025,0.081003025,0.081003025
11,solid_tumor_with_metastasis,0.0,0.36240697,0.36240697,0.36240697
11,apache_3j_bodysystem,9.0,10.831611,1.8316107,0.18316108
11,apache_2_bodysystem,7.0,3.342402,-3.657598,-0.4063998
11,apache_3j_diagnosis_split0,66.0,65.2418,-0.7582016,-0.0068927407
12,age,66.0,86.822586,20.822586,0.2852409
12,bmi,16.325476,2.6616783,-13.663797,-0.25795323
12,elective_surgery,0.0,0.10179955,0.10179955,0.10179955
12,ethnicity,1.0,-0.83444357,-1.8344436,-0.3057406
12,gender,1.0,0.77193403,-0.22806597,-0.114032984
12,height,165.1,164.64926,-0.45074463,-0.0077195466
12,hospital_admit_source,4.0,-0.67403746,-4.6740375,-0.3116025
12,icu_admit_source,1.0,2.0073662,1.0073662,0.20147324
12,icu_stay_type,1.0,1.0422385,0.042238474,0.021119237
12,icu_type,5.0,7.0447946,2.0447946,0.29211348
12,pre_icu_los_days,0.0,24.326223,24.326223,0.36173943
12,readmission_status,0.0,0.0,0.0,0.0
12,weight,44.5,53.205086,8.705086,0.05905757
12,apache_2_diagnosis,113.0,137.81575,24.81575,0.11988285
12,apache_3j_diagnosis,501.05,120.892426,-380.15756,-0.18102396
12,apache_post_operative,0.0,-0.14225343,-0.14225343,-0.14225343
12,arf_apache,0.0,-0.3459494,-0.3459494,-0.3459494
12,bun_apache,36.0,45.113728,9.113728,0.07409537
12,creatinine_apache,0.67,-3.044733,-3.7147331,-0.34142765
12,gcs_eyes_apache,3.0,1.8105893,-1.1894107,-0.39647025
12,gcs_motor_apache,6.0,3.8100529,-2.1899471,-0.4379894
12,gcs_unable_apache,0.0,0.0,0.0,0.0
12,gcs_verbal_apache,4.0,2.6159825,-1.3840175,-0.34600437
12,glucose_apache,112.0,266.82678,154.82678,0.27662456
12,heart_rate_apache,111.0,80.114044,-30.885956,-0.20868888
12,hematocrit_apache,44.9,54.967724,10.067722,0.28601485
12,intubated_apache,0.0,-0.03641579,-0.03641579,-0.03641579
12,map_apache,106.0,32.921455,-73.078545,-0.4567409
12,resprate_apache,33.0,13.367007,-19.632992,-0.35058916
12,sodium_apache,146.0,131.62589,-14.374115,-0.35058814
12,temp_apache,36.5,38.256813,1.756813,0.23115957
12,ventilated_apache,1.0,1.2255402,0.22554016,0.22554016
12,wbc_apache,12.1,1.1873991,-10.912601,-0.24304235
12,d1_diasbp_max,87.0,31.137405,-55.862595,-0.46943358
12,d1_diasbp_min,62.0,52.368748,-9.631252,-0.12508118
12,d1_diasbp_noninvasive_max,87.0,122.07005,35.070053,0.2947063
12,d1_diasbp_noninvasive_min,62.0,40.00867,-21.99133,-0.28560168
12,d1_heartrate_max,114.0,169.86261,55.86261,0.4694337
12,d1_heartrate_min,86.0,85.08493,-0.9150696,-0.006399095
12,d1_mbp_max,106.0,129.26654,23.26654,0.1876334
12,d1_mbp_min,82.0,112.04476,30.044762,0.33383065
12,d1_mbp_noninvasive_max,106.0,83.301575,-22.698425,-0.18759029
12,d1_mbp_noninvasive_min,82.0,60.786278,-21.213722,-0.23570806
12,d1_resprate_max,38.0,25.191082,-12.808918,-0.1642169
12,d1_resprate_min,15.0,-5.838447,-20.838448,-0.28942287
12,d1_spo2_max,100.0,59.374126,-40.625874,-0.46696407
12,d1_spo2_min,91.0,52.83733,-38.16267,-0.38162673
12,d1_sysbp_max,139.0,183.08582,44.085815,0.3104635
12,d1_sysbp_min,111.0,166.90399,55.90399,0.46978146
12,d1_sysbp_noninvasive_max,139.0,198.76263,59.762634,0.42086363
12,d1_sysbp_noninvasive_min,111.0,58.54544,-52.45456,-0.44090578
12,d1_temp_max,37.0,37.037476,0.037475586,0.007807404
12,d1_temp_min,35.8,36.489082,0.6890831,0.11657643
12,h1_diasbp_max,76.0,80.14502,4.1450195,0.039103955
12,h1_diasbp_min,68.0,43.14441,-24.85559,-0.2731384
12,h1_diasbp_noninvasive_max,76.0,104.97939,28.979393,0.27083546
12,h1_diasbp_noninvasive_min,68.0,49.61927,-18.38073,-0.19979054
12,h1_heartrate_max,114.0,84.4263,-29.5737,-0.25062457
12,h1_heartrate_min,110.0,142.38162,32.381622,0.29982984
12,h1_mbp_max,89.0,36.9116,-52.0884,-0.44903797
12,h1_mbp_min,89.0,43.11433,-45.88567,-0.43288365
12,h1_mbp_noninvasive_max,89.0,87.650734,-1.349266,-0.0118356645
12,h1_mbp_noninvasive_min,89.0,46.77305,-42.22695,-0.39836743
12,h1_resprate_max,28.0,49.672565,21.672565,0.44229728
12,h1_resprate_min,26.0,-1.1570086,-27.15701,-0.23014414
12,h1_spo2_max,97.0,139.65141,42.651413,0.47390467
12,h1_spo2_min,97.0,49.500004,-47.499996,-0.475
12,h1_sysbp_max,122.0,97.90707,-24.092934,-0.16279007
12,h1_sysbp_min,111.0,163.44489,52.444885,0.37194955
12,h1_sysbp_noninvasive_max,122.0,172.94879,50.94879,0.34424862
12,h1_sysbp_noninvasive_min,111.0,45.72368,-65.27632,-0.4596924
12,h1_temp_max,36.8,34.574265,-2.2257347,-0.36487454
12,h1_temp_min,36.8,34.256886,-2.5431137,-0.39736152
12,d1_bun_max,36.0,64.454025,28.454025,0.23322973
12,d1_bun_min,36.0,43.595222,7.5952225,0.068991005
12,d1_calcium_max,8.5,9.655371,1.1553707,0.25116754
12,d1_calcium_min,8.5,9.388956,0.88895607,0.18519914
12,d1_creatinine_max,0.67,3.4466631,2.776663,0.2578146
12,d1_creatinine_min,0.67,4.458003,3.788003,0.39303195
12,d1_glucose_max,121.0,307.49472,186.49472,0.34664446
12,d1_glucose_min,98.0,87.6001,-10.399902,-0.04078394
12,d1_hco3_max,33.0,36.939545,3.9395447,0.14069802
12,d1_hco3_min,33.0,18.197506,-14.802494,-0.46257794
12,d1_hemaglobin_max,14.4,15.804901,1.4049015,0.13508666
12,d1_hemaglobin_min,14.4,10.552555,-3.8474445,-0.33749518
12,d1_hematocrit_max,44.9,50.410263,5.5102615,0.1771788
12,d1_hematocrit_min,44.9,31.961193,-12.938808,-0.38167575
12,d1_platelets_max,151.0,320.36404,169.36404,0.3035198
12,d1_platelets_min,151.0,-94.15503,-245.15503,-0.45491746
12,d1_potassium_max,4.5,4.29856,-0.20143986,-0.04796189
12,d1_potassium_min,4.5,5.2942314,0.7942314,0.23359752
12,d1_sodium_max,146.0,162.28346,16.283463,0.4652418
12,d1_sodium_min,146.0,151.09729,5.09729,0.14159137
12,d1_wbc_max,12.1,31.446386,19.346386,0.43106917
12,d1_wbc_min,12.1,1.946007,-10.153994,-0.25386253
12,apache_4a_hospital_death_prob,0.05,0.81419647,0.76419646,0.38595784
12,apache_4a_icu_death_prob,0.03,0.46892822,0.43892822,0.22280616
12,aids,0.0,-0.06388107,-0.06388107,-0.06388107
12,cirrhosis,0.0,-0.05150295,-0.05150295,-0.05150295
12,diabetes_mellitus,0.0,-0.38749534,-0.38749534,-0.38749534
12,hepatic_failure,0.0,0.4360581,0.4360581,0.4360581
12,immunosuppression,0.0,-0.35708565,-0.35708565,-0.35708565
12,leukemia,0.0,0.3695261,0.3695261,0.3695261
12,lymphoma,0.0,0.45969236,0.45969236,0.45969236
12,solid_tumor_with_metastasis,0.0,0.42182928,0.42182928,0.42182928
12,apache_3j_bodysystem,10.0,7.6243477,-2.3756523,-0.23756522
12,apache_2_bodysystem,1.0,-3.1810665,-4.1810665,-0.46456295
12,apache_3j_diagnosis_split0,97.0,49.71059,-47.28941,-0.42990375
13,age,57.0,28.325619,-28.674381,-0.39279974
13,bmi,45.94587,33.13685,-12.809021,-0.24181622
13,elective_surgery,1.0,1.3354418,0.33544183,0.33544183
13,ethnicity,3.0,3.4612916,0.46129155,0.076881915
13,gender,2.0,2.2247424,0.22474241,0.11237121
13,height,182.9,208.96693,26.06694,0.44642818
13,hospital_admit_source,9.0,15.037235,6.0372353,0.40248233
13,icu_admit_source,3.0,2.9671898,-0.03281021,-0.006562054
13,icu_stay_type,1.0,1.3209474,0.3209474,0.1604737
13,icu_type,7.0,9.61941,2.6194096,0.37420136
13,pre_icu_los_days,0.015972221,31.357391,31.34142,0.46605787
13,readmission_status,0.0,0.0,0.0,0.0
13,weight,153.7,181.48862,27.78862,0.1885252
13,apache_2_diagnosis,301.0,384.9273,83.92731,0.40544587
13,apache_3j_diagnosis,1506.01,2503.529,997.51904,0.47500002
13,apache_post_operative,1.0,1.4531,0.45309997,0.45309997
13,arf_apache,0.0,-0.34873426,-0.34873426,-0.34873426
13,bun_apache,21.0,-1.2492132,-22.249214,-0.18088791
13,creatinine_apache,1.32,2.5576274,1.2376274,0.11375253
13,gcs_eyes_apache,4.0,4.279953,0.279953,0.09331763
13,gcs_motor_apache,6.0,8.288026,2.2880259,0.45760512
13,gcs_unable_apache,0.0,0.0,0.0,0.0
13,gcs_verbal_apache,5.0,5.007427,0.0074272156,0.0018568039
13,glucose_apache,278.0,543.85754,265.85754,0.47500008
13,heart_rate_apache,64.0,2.8650875,-61.13491,-0.41307372
13,hematocrit_apache,35.2,47.754547,12.554546,0.3566633
13,intubated_apache,0.0,-0.2603693,-0.2603693,-0.2603693
13,map_apache,163.0,207.66655,44.66655,0.27916592
13,resprate_apache,30.0,6.5260067,-23.473993,-0.41917843
13,sodium_apache,139.0,124.611305,-14.388695,-0.3509438
13,temp_apache,36.3,32.69,-3.6100006,-0.47500008
13,ventilated_apache,0.0,-0.475,-0.475,-0.475
13,wbc_apache,9.2,-8.3699,-17.5699,-0.39131176
13,d1_diasbp_max,96.0,61.473946,-34.526054,-0.2901349
13,d1_diasbp_min,58.0,55.161755,-2.8382454,-0.036860287
13,d1_diasbp_noninvasive_max,96.0,40.419098,-55.580902,-0.4670664
13,d1_diasbp_noninvasive_min,58.0,89.677704,31.677704,0.41139877
13,d1_heartrate_max,82.0,25.475002,-56.524998,-0.47499996
13,d1_heartrate_min,60.0,73.95373,13.953728,0.097578496
13,d1_mbp_max,141.0,195.58603,54.58603,0.44020998
13,d1_mbp_min,80.0,97.41423,17.41423,0.1934914
13,d1_mbp_noninvasive_max,141.0,99.878365,-41.121635,-0.33984822
13,d1_mbp_noninvasive_min,80.0,106.543365,26.543365,0.2949263
13,d1_resprate_max,30.0,25.02684,-4.97316,-0.06375846
13,d1_resprate_min,9.0,-24.217613,-33.217613,-0.46135575
13,d1_spo2_max,100.0,90.01146,-9.988541,-0.114810824
13,d1_spo2_min,93.0,61.95821,-31.04179,-0.3104179
13,d1_sysbp_max,162.0,139.19098,-22.809021,-0.16062689
13,d1_sysbp_min,117.0,71.58819,-45.41181,-0.38161188
13,d1_sysbp_noninvasive_max,162.0,205.31393,43.313934,0.30502772
13,d1_sysbp_noninvasive_min,117.0,101.25325,-15.74675,-0.13235897
13,d1_temp_max,37.9,36.204216,-1.6957855,-0.35328865
13,d1_temp_min,36.3,36.44289,0.14289093,0.024173737
13,h1_diasbp_max,85.0,98.28136,13.281357,0.12529582
13,h1_diasbp_min,63.0,36.77746,-26.222542,-0.2881598
13,h1_diasbp_noninvasive_max,85.0,116.115105,31.115105,0.29079536
13,h1_diasbp_noninvasive_min,63.0,103.892715,40.892715,0.44448602
13,h1_heartrate_max,76.0,124.8726,48.872597,0.41417456
13,h1_heartrate_min,70.0,102.75399,32.75399,0.30327767
13,h1_mbp_max,107.0,51.9,-55.1,-0.475
13,h1_mbp_min,80.0,30.684702,-49.3153,-0.46523866
13,h1_mbp_noninvasive_max,107.0,100.11063,-6.889374,-0.06043312
13,h1_mbp_noninvasive_min,80.0,114.58334,34.583344,0.32625794
13,h1_resprate_max,16.0,-1.3242941,-17.324295,-0.35355702
13,h1_resprate_min,11.0,65.73632,54.73632,0.46386713
13,h1_spo2_max,95.0,86.7645,-8.2354965,-0.09150547
13,h1_spo2_min,93.0,75.80185,-17.19815,-0.17198151
13,h1_sysbp_max,148.0,177.21153,29.211533,0.19737521
13,h1_sysbp_min,119.0,58.259285,-60.740715,-0.4307852
13,h1_sysbp_noninvasive_max,148.0,89.87359,-58.12641,-0.39274603
13,h1_sysbp_noninvasive_min,119.0,174.06256,55.06256,0.3877645
13,h1_temp_max,37.2,39.609627,2.409626,0.39502066
13,h1_temp_min,37.0,39.900223,2.9002228,0.4531598
13,d1_bun_max,21.0,-29.86219,-50.86219,-0.4169032
13,d1_bun_min,16.0,38.199223,22.199223,0.20164615
13,d1_calcium_max,8.8,8.822544,0.022543907,0.004900813
13,d1_calcium_min,8.6,10.853282,2.2532816,0.46943367
13,d1_creatinine_max,1.32,-3.7387984,-5.0587983,-0.469712
13,d1_creatinine_min,1.06,-0.23892003,-1.2989199,-0.13477209
13,d1_glucose_max,278.0,473.83212,195.83212,0.36400023
13,d1_glucose_min,141.0,123.10391,-17.896088,-0.070180744
13,d1_hco3_max,23.0,33.54916,10.54916,0.3767557
13,d1_hco3_min,21.0,17.611574,-3.3884258,-0.10588831
13,d1_hemaglobin_max,11.6,16.44457,4.84457,0.46582407
13,d1_hemaglobin_min,10.9,15.13487,4.23487,0.3714798
13,d1_hematocrit_max,35.2,21.282145,-13.917856,-0.4475195
13,d1_hematocrit_min,32.9,44.640724,11.740723,0.346334
13,d1_platelets_max,323.0,583.0417,260.0417,0.46602452
13,d1_platelets_min,274.0,436.79895,162.79895,0.30209494
13,d1_potassium_max,4.3,6.295,1.9949999,0.47500002
13,d1_potassium_min,3.7,4.1586733,0.45867324,0.13490388
13,d1_sodium_max,140.0,151.96288,11.962875,0.34179643
13,d1_sodium_min,139.0,153.31674,14.316742,0.39768726
13,d1_wbc_max,12.5,26.973196,14.473196,0.32248652
13,d1_wbc_min,9.2,21.480215,12.280215,0.3070207
13,apache_4a_hospital_death_prob,0.02,-0.3733006,-0.39330062,-0.19863665
13,apache_4a_icu_death_prob,0.0,-0.11360872,-0.11360872,-0.0576694
13,aids,0.0,-0.12340872,-0.12340872,-0.12340872
13,cirrhosis,0.0,0.34178352,0.34178352,0.34178352
13,diabetes_mellitus,1.0,0.5268291,-0.47317088,-0.47317088
13,hepatic_failure,0.0,0.28513634,0.28513634,0.28513634
13,immunosuppression,0.0,-0.43246323,-0.43246323,-0.43246323
13,leukemia,0.0,-0.2505374,-0.2505374,-0.2505374
13,lymphoma,0.0,0.158409,0.158409,0.158409
13,solid_tumor_with_metastasis,0.0,0.023706235,0.023706235,0.023706235
13,apache_3j_bodysystem,8.0,5.898977,-2.1010232,-0.21010232
13,apache_2_bodysystem,5.0,1.9353358,-3.0646644,-0.34051824
13,apache_3j_diagnosis_split0,47.0,89.495094,42.495094,0.38631907
14,age,62.0,33.20683,-28.79317,-0.394427
14,bmi,28.047325,46.586075,18.53875,0.34998542
14,elective_surgery,0.0,0.09908454,0.09908454,0.09908454
14,ethnicity,3.0,0.1500001,-2.85,-0.475
14,gender,2.0,2.0152395,0.015239477,0.0076197386
14,height,189.2,201.10956,11.909561,0.20396578
14,hospital_admit_source,5.0,2.6342745,-2.3657255,-0.15771505
14,icu_admit_source,2.0,0.5567634,-1.4432366,-0.28864732
14,icu_stay_type,1.0,1.720572,0.720572,0.360286
14,icu_type,6.0,7.2319984,1.2319984,0.17599976
14,pre_icu_los_days,0.26041666,1.7177174,1.4573008,0.02167057
14,readmission_status,0.0,0.0,0.0,0.0
14,weight,100.4,70.37927,-30.02073,-0.20366845
14,apache_2_diagnosis,124.0,120.01919,-3.980812,-0.019230977
14,apache_3j_diagnosis,305.02,74.587654,-230.43234,-0.10972759
14,apache_post_operative,0.0,0.03294298,0.03294298,0.03294298
14,arf_apache,0.0,-0.46836573,-0.46836573,-0.46836573
14,bun_apache,34.0,51.417786,17.417786,0.141608
14,creatinine_apache,1.14,4.0508804,2.9108806,0.26754415
14,gcs_eyes_apache,4.0,3.2571712,-0.74282885,-0.24760962
14,gcs_motor_apache,6.0,7.141796,1.1417961,0.22835922
14,gcs_unable_apache,0.0,0.0,0.0,0.0
14,gcs_verbal_apache,5.0,4.2665443,-0.73345566,-0.18336391
14,glucose_apache,104.0,160.41241,56.412415,0.10079045
14,heart_rate_apache,129.0,116.28491,-12.715088,-0.085912764
14,hematocrit_apache,23.8,13.710959,-10.08904,-0.28662044
14,intubated_apache,0.0,0.27770573,0.27770573,0.27770573
14,map_apache,73.0,77.159485,4.159485,0.02599679
14,resprate_apache,9.0,8.482136,-0.5178642,-0.009247579
14,sodium_apache,141.0,126.56335,-14.436653,-0.3521135
14,temp_apache,37.0,40.545948,3.545948,0.4665721
14,ventilated_apache,0.0,0.16075197,0.16075197,0.16075197
14,wbc_apache,7.2,-10.798785,-17.998785,-0.40086377
14,d1_diasbp_max,77.0,36.259388,-40.740612,-0.3423581
14,d1_diasbp_min,58.0,31.497786,-26.502214,-0.34418458
14,d1_diasbp_noninvasive_max,77.0,101.55045,24.550453,0.20630631
14,d1_diasbp_noninvasive_min,58.0,25.7718,-32.228203,-0.41854805
14,d1_heartrate_max,118.0,172.28937,54.289368,0.45621312
14,d1_heartrate_min,91.0,26.55748,-64.44252,-0.450647
14,d1_mbp_max,91.0,33.394188,-57.605812,-0.464563
14,d1_mbp_min,78.0,36.62769,-41.37231,-0.45969236
14,d1_mbp_noninvasive_max,91.0,67.55886,-23.44114,-0.19372842
14,d1_mbp_noninvasive_min,78.0,113.59754,35.59754,0.39552826
14,d1_resprate_max,25.0,-7.6992817,-32.69928,-0.41922158
14,d1_resprate_min,10.0,-7.453863,-17.453863,-0.24241477
14,d1_spo2_max,100.0,125.31398,25.31398,0.29096532
14,d1_spo2_min,97.0,139.82896,42.828964,0.42828965
14,d1_sysbp_max,125.0,92.3569,-32.643097,-0.22988096
14,d1_sysbp_min,92.0,96.80177,4.801773,0.040351033
14,d1_sysbp_noninvasive_max,125.0,99.56109,-25.438911,-0.17914726
14,d1_sysbp_noninvasive_min,92.0,49.353767,-42.646233,-0.35846207
14,d1_temp_max,37.9,36.020115,-1.8798866,-0.39164305
14,d1_temp_min,37.0,38.761047,1.7610474,0.2979272
14,h1_diasbp_max,77.0,32.739815,-44.260185,-0.41754892
14,h1_diasbp_min,58.0,86.0703,28.070297,0.3084648
14,h1_diasbp_noninvasive_max,77.0,96.684586,19.684586,0.1839681
14,h1_diasbp_noninvasive_min,58.0,23.403831,-34.59617,-0.37604532
14,h1_heartrate_max,118.0,172.81845,54.81845,0.4645632
14,h1_heartrate_min,103.0,128.16539,25.16539,0.23301286
14,h1_mbp_max,90.0,133.9051,43.905106,0.3784923
14,h1_mbp_min,90.0,84.90193,-5.098068,-0.048094988
14,h1_mbp_noninvasive_max,90.0,44.77289,-45.22711,-0.39672905
14,h1_mbp_noninvasive_min,90.0,50.222816,-39.777184,-0.37525645
14,h1_resprate_max,24.0,31.473274,7.473274,0.1525158
14,h1_resprate_min,10.0,-22.421074,-32.421074,-0.27475488
14,h1_spo2_max,100.0,76.69591,-23.304092,-0.25893438
14,h1_spo2_min,100.0,118.75832,18.758324,0.18758321
14,h1_sysbp_max,118.0,77.25881,-40.741188,-0.2752783
14,h1_sysbp_min,92.0,117.0976,25.097603,0.17799717
14,h1_sysbp_noninvasive_max,118.0,83.0611,-34.938904,-0.23607367
14,h1_sysbp_noninvasive_min,92.0,26.156054,-65.84395,-0.46368977
14,h1_temp_max,37.9,37.96653,0.06652832,0.010906279
14,h1_temp_min,37.9,37.513268,-0.386734,-0.06042719
14,d1_bun_max,34.0,90.59179,56.59179,0.46386713
14,d1_bun_min,34.0,4.4267836,-29.573215,-0.26862764
14,d1_calcium_max,7.7,6.6089153,-1.0910845,-0.23719229
14,d1_calcium_min,7.7,9.65535,1.9553499,0.40736452
14,d1_creatinine_max,1.14,-3.5486045,-4.6886044,-0.4353393
14,d1_creatinine_min,1.14,2.790465,1.6504651,0.1712474
14,d1_glucose_max,104.0,-103.9202,-207.9202,-0.38646877
14,d1_glucose_min,104.0,160.48363,56.483627,0.22150442
14,d1_hco3_max,21.0,31.055517,10.055517,0.35912564
14,d1_hco3_min,21.0,33.50141,12.501411,0.3906691
14,d1_hemaglobin_max,8.8,11.671267,2.8712664,0.2760833
14,d1_hemaglobin_min,8.1,5.3061295,-2.793871,-0.24507642
14,d1_hematocrit_max,26.1,17.019499,-9.080502,-0.29197752
14,d1_hematocrit_min,23.8,15.01475,-8.78525,-0.25915188
14,d1_platelets_max,223.0,488.05002,265.05002,0.475
14,d1_platelets_min,177.0,233.42673,56.426727,0.10470721
14,d1_potassium_max,4.1,2.6958869,-1.404113,-0.33431265
14,d1_potassium_min,4.1,2.5678003,-1.5321996,-0.45064694
14,d1_sodium_max,141.0,157.37822,16.37822,0.4679491
14,d1_sodium_min,141.0,124.39594,-16.604057,-0.46122384
14,d1_wbc_max,10.5,-0.6823195,-11.18232,-0.24916042
14,d1_wbc_min,7.2,24.92779,17.72779,0.4432169
14,apache_4a_hospital_death_prob,0.04,-0.9005,-0.9405,-0.475
14,apache_4a_icu_death_prob,0.02,0.32846844,0.30846843,0.15658295
14,aids,0.0,-0.060010955,-0.060010955,-0.060010955
14,cirrhosis,0.0,0.33877403,0.33877403,0.33877403
14,diabetes_mellitus,0.0,-0.39403093,-0.39403093,-0.39403093
14,hepatic_failure,1.0,1.1623542,0.16235423,0.16235423
14,immunosuppression,0.0,0.09362438,0.09362438,0.09362438
14,leukemia,0.0,-0.01159675,-0.01159675,-0.01159675
14,lymphoma,0.0,0.057804614,0.057804614,0.057804614
14,solid_tumor_with_metastasis,0.0,0.4470294,0.4470294,0.4470294
14,apache_3j_bodysystem,2.0,-2.471911,-4.471911,-0.4471911
14,apache_2_bodysystem,2.0,4.220341,2.2203412,0.24670458
14,apache_3j_diagnosis_split0,78.0,62.108334,-15.891666,-0.14446968
15,age,59.0,30.293522,-28.706478,-0.39323944
15,bmi,30.082714,33.925297,3.8425827,0.07254255
15,elective_surgery,0.0,-0.3737597,-0.3737597,-0.3737597
15,ethnicity,3.0,0.4481076,-2.5518923,-0.4253154
15,gender,2.0,1.6411141,-0.35888588,-0.17944294
15,height,177.8,177.41884,-0.38116455,-0.0065279007
15,hospital_admit_source,11.0,17.707458,6.7074585,0.44716388
15,icu_admit_source,4.0,6.12796,2.1279602,0.42559206
15,icu_stay_type,1.0,1.7271698,0.72716975,0.36358488
15,icu_type,6.0,2.6750002,-3.3249998,-0.475
15,pre_icu_los_days,0.0,7.8602633,7.8602633,0.11688486
15,readmission_status,0.0,0.0,0.0,0.0
15,weight,95.1,58.95235,-36.147648,-0.24523507
15,apache_2_diagnosis,301.0,275.98682,-25.013184,-0.120836675
15,apache_3j_diagnosis,403.01,1157.31,754.30005,0.35918364
15,apache_post_operative,0.0,0.1290871,0.1290871,0.1290871
15,arf_apache,0.0,-0.14001311,-0.14001311,-0.14001311
15,bun_apache,13.0,14.326432,1.3264322,0.010784008
15,creatinine_apache,1.48,-3.3648055,-4.8448057,-0.44529462
15,gcs_eyes_apache,4.0,5.306017,1.3060169,0.43533897
15,gcs_motor_apache,6.0,6.9297905,0.9297905,0.18595815
15,gcs_unable_apache,0.0,0.0,0.0,0.0
15,gcs_verbal_apache,5.0,6.153757,1.1537571,0.28843927
15,glucose_apache,186.0,402.11926,216.11926,0.38613412
15,heart_rate_apache,105.0,143.29037,38.290375,0.25871873
15,hematocrit_apache,37.7,20.98,-16.720001,-0.47500002
15,intubated_apache,0.0,-0.12762849,-0.12762849,-0.12762849
15,map_apache,167.0,213.60092,46.60092,0.29125577
15,resprate_apache,4.0,-21.050053,-25.050053,-0.44732237
15,sodium_apache,141.0,135.24307,-5.7569275,-0.14041284
15,temp_apache,36.8,37.707123,0.90712357,0.11935836
15,ventilated_apache,0.0,0.29129636,0.29129636,0.29129636
15,wbc_apache,8.8,1.6628995,-7.1371007,-0.15895547
15,d1_diasbp_max,131.0,183.2303,52.2303,0.43891013
15,d1_diasbp_min,62.0,68.809326,6.809326,0.08843279
15,d1_diasbp_noninvasive_max,131.0,184.97606,53.97606,0.45358026
15,d1_diasbp_noninvasive_min,62.0,25.425,-36.575,-0.475
15,d1_heartrate_max,114.0,157.39322,43.39322,0.3646489
15,d1_heartrate_min,77.0,56.265697,-20.734303,-0.14499515
15,d1_mbp_max,160.0,126.85498,-33.14502,-0.26729858
15,d1_mbp_min,83.0,45.699112,-37.300888,-0.4144543
15,d1_mbp_noninvasive_max,160.0,123.88829,-36.11171,-0.2984439
15,d1_mbp_noninvasive_min,83.0,96.16288,13.16288,0.14625424
15,d1_resprate_max,31.0,12.1150675,-18.884933,-0.24211451
15,d1_resprate_min,5.0,-24.42429,-29.42429,-0.4086707
15,d1_spo2_max,100.0,94.98685,-5.013153,-0.057622433
15,d1_spo2_min,92.0,48.27037,-43.72963,-0.4372963
15,d1_sysbp_max,227.0,292.86914,65.86914,0.46386713
15,d1_sysbp_min,123.0,91.275986,-31.724014,-0.26658836
15,d1_sysbp_noninvasive_max,227.0,294.45,67.45001,0.47500008
15,d1_sysbp_noninvasive_min,123.0,165.95284,42.952835,0.36103922
15,d1_temp_max,37.5,35.22,-2.2799988,-0.47499973
15,d1_temp_min,36.8,38.605026,1.805027,0.30536747
15,h1_diasbp_max,91.0,128.28091,37.280914,0.35170674
15,h1_diasbp_min,91.0,95.77305,4.7730484,0.052451074
15,h1_diasbp_noninvasive_max,91.0,116.47083,25.470833,0.23804516
15,h1_diasbp_noninvasive_min,91.0,105.57083,14.570831,0.1583786
15,h1_heartrate_max,81.0,64.0582,-16.941803,-0.14357461
15,h1_heartrate_min,81.0,102.32874,21.328743,0.1974884
15,h1_mbp_max,125.0,74.05671,-50.94329,-0.4391663
15,h1_mbp_min,125.0,82.40255,-42.59745,-0.40186274
15,h1_mbp_noninvasive_max,125.0,148.84207,23.842072,0.20914096
15,h1_mbp_noninvasive_min,125.0,123.56027,-1.4397278,-0.013582349
15,h1_resprate_max,10.0,-0.71920586,-10.719206,-0.2187593
15,h1_resprate_min,10.0,33.95804,23.958038,0.20303422
15,h1_spo2_max,96.0,86.32278,-9.677223,-0.10752469
15,h1_spo2_min,96.0,48.5,-47.5,-0.47499996
15,h1_sysbp_max,172.0,154.18253,-17.817474,-0.12038833
15,h1_sysbp_min,172.0,214.49414,42.49414,0.30137694
15,h1_sysbp_noninvasive_max,172.0,213.69423,41.69423,0.28171778
15,h1_sysbp_noninvasive_min,172.0,164.47783,-7.522171,-0.052973032
15,h1_temp_max,36.9,36.925953,0.025951385,0.0042542815
15,h1_temp_min,36.9,36.039673,-0.8603287,-0.13442636
15,d1_bun_max,13.0,2.4431298,-10.55687,-0.08653173
15,d1_bun_min,13.0,32.867676,19.867676,0.1804676
15,d1_calcium_max,8.5,7.851379,-0.6486211,-0.14100459
15,d1_calcium_min,8.5,7.3464966,-1.1535034,-0.24031323
15,d1_creatinine_max,1.48,0.9470798,-0.53292024,-0.049481917
15,d1_creatinine_min,1.48,2.1287618,0.64876175,0.067313604
15,d1_glucose_max,242.0,239.59177,-2.4082336,-0.004476279
15,d1_glucose_min,108.0,84.15658,-23.843422,-0.093503624
15,d1_hco3_max,27.0,16.52227,-10.47773,-0.37420464
15,d1_hco3_min,27.0,34.34514,7.3451385,0.22953558
15,d1_hemaglobin_max,14.1,16.62406,2.5240593,0.24269801
15,d1_hemaglobin_min,12.4,10.29955,-2.1004496,-0.18424994
15,d1_hematocrit_max,42.6,40.40615,-2.1938477,-0.07054168
15,d1_hematocrit_min,37.7,48.170242,10.470242,0.30885673
15,d1_platelets_max,177.0,139.44583,-37.55417,-0.06730139
15,d1_platelets_min,169.0,2.7710552,-166.22894,-0.3084597
15,d1_potassium_max,3.9,4.9813256,1.0813255,0.25745848
15,d1_potassium_min,3.9,5.268259,1.368259,0.40242913
15,d1_sodium_max,141.0,135.88846,-5.1115417,-0.14604408
15,d1_sodium_min,141.0,138.15503,-2.8449707,-0.079027
15,d1_wbc_max,9.9,18.887295,8.987295,0.20025165
15,d1_wbc_min,8.8,-7.271231,-16.071232,-0.40180087
15,apache_4a_hospital_death_prob,0.07,-0.10171658,-0.17171657,-0.08672559
15,apache_4a_icu_death_prob,0.03,0.916033,0.88603306,0.44976294
15,aids,0.0,0.0073234686,0.0073234686,0.0073234686
15,cirrhosis,0.0,-0.18652521,-0.18652521,-0.18652521
15,diabetes_mellitus,1.0,1.2642674,0.26426744,0.26426744
15,hepatic_failure,0.0,0.18152778,0.18152778,0.18152778
15,immunosuppression,0.0,0.41307372,0.41307372,0.41307372
15,leukemia,0.0,0.22738756,0.22738756,0.22738756
15,lymphoma,0.0,0.038145736,0.038145736,0.038145736
15,solid_tumor_with_metastasis,0.0,0.23723115,0.23723115,0.23723115
15,apache_3j_bodysystem,8.0,11.391094,3.3910942,0.33910948
15,apache_2_bodysystem,5.0,2.5177853,-2.4822147,-0.27580163
15,apache_3j_diagnosis_split0,89.0,97.9645,8.9645,0.081495464
16,age,44.0,29.830118,-14.169882,-0.19410796
16,bmi,49.351852,38.978527,-10.373325,-0.19583371
16,elective_surgery,0.0,-0.12337054,-0.12337054,-0.12337054
16,ethnicity,1.0,3.0437756,2.0437756,0.34062925
16,gender,1.0,1.536503,0.53650296,0.26825148
16,height,180.0,205.80502,25.805023,0.44194245
16,hospital_admit_source,4.0,10.715701,6.715701,0.44771343
16,icu_admit_source,1.0,-0.8249121,-1.8249121,-0.36498243
16,icu_stay_type,1.0,1.8682612,0.8682612,0.4341306
16,icu_type,6.0,3.3966014,-2.6033986,-0.3719141
16,pre_icu_los_days,0.002083333,29.9054,29.903316,0.44467276
16,readmission_status,0.0,0.0,0.0,0.0
16,weight,159.9,110.687195,-49.2128,-0.33387247
16,apache_2_diagnosis,122.0,182.20471,60.204712,0.29084402
16,apache_3j_diagnosis,703.03,479.47018,-223.55984,-0.10645504
16,apache_post_operative,0.0,0.1869621,0.1869621,0.1869621
16,arf_apache,0.0,0.2973169,0.2973169,0.2973169
16,bun_apache,18.0,56.61001,38.61001,0.3139025
16,creatinine_apache,1.7,3.5753334,1.8753333,0.17236519
16,gcs_eyes_apache,4.0,4.1515007,0.1515007,0.050500274
16,gcs_motor_apache,6.0,3.680664,-2.319336,-0.4638672
16,gcs_unable_apache,0.0,0.0,0.0,0.0
16,gcs_verbal_apache,5.0,5.4603224,0.46032238,0.115080595
16,glucose_apache,143.0,219.68033,76.68033,0.13700254
16,heart_rate_apache,122.0,146.03561,24.035614,0.16240281
16,hematocrit_apache,36.1,25.398758,-10.701241,-0.3040125
16,intubated_apache,0.0,0.26495135,0.26495135,0.26495135
16,map_apache,145.0,141.14787,-3.852127,-0.024075806
16,resprate_apache,27.0,44.48416,17.484161,0.31221715
16,sodium_apache,138.0,152.74661,14.746613,0.3596735
16,temp_apache,36.1,34.3493,-1.7506981,-0.23035502
16,ventilated_apache,0.0,-0.018533956,-0.018533956,-0.018533956
16,wbc_apache,17.2,27.553549,10.353548,0.23059127
16,d1_diasbp_max,119.0,117.146416,-1.8535843,-0.015576363
16,d1_diasbp_min,46.0,58.74282,12.742821,0.1654912
16,d1_diasbp_noninvasive_max,119.0,82.13956,-36.860443,-0.30975166
16,d1_diasbp_noninvasive_min,46.0,38.424294,-7.5757065,-0.09838581
16,d1_heartrate_max,122.0,131.7301,9.730103,0.08176553
16,d1_heartrate_min,74.0,82.14769,8.14769,0.056976855
16,d1_mbp_max,145.0,138.44792,-6.5520782,-0.05283934
16,d1_mbp_min,53.0,45.7341,-7.2658997,-0.08073223
16,d1_mbp_noninvasive_max,145.0,126.62296,-18.377037,-0.15187639
16,d1_mbp_noninvasive_min,53.0,80.35156,27.351562,0.30390626
16,d1_resprate_max,27.0,22.602257,-4.397743,-0.05638133
16,d1_resprate_min,22.0,15.854307,-6.145693,-0.08535685
16,d1_spo2_max,97.0,105.20685,8.206848,0.09433156
16,d1_spo2_min,91.0,108.08885,17.088852,0.17088848
16,d1_sysbp_max,203.0,182.8033,-20.196701,-0.14223027
16,d1_sysbp_min,83.0,63.023838,-19.976162,-0.16786692
16,d1_sysbp_noninvasive_max,203.0,172.99121,-30.00879,-0.21132952
16,d1_sysbp_noninvasive_min,83.0,40.88959,-42.11041,-0.35395822
16,d1_temp_max,38.1,36.69652,-1.4034767,-0.292391
16,d1_temp_min,36.1,38.18877,2.0887718,0.35337037
16,h1_diasbp_max,119.0,115.06078,-3.9392166,-0.037162423
16,h1_diasbp_min,93.0,63.506668,-29.493332,-0.32410255
16,h1_diasbp_noninvasive_max,119.0,144.07529,25.075287,0.23434842
16,h1_diasbp_noninvasive_min,93.0,88.0238,-4.9761963,-0.05408907
16,h1_heartrate_max,104.0,77.60571,-26.394287,-0.22368038
16,h1_heartrate_min,94.0,115.30263,21.302628,0.19724655
16,h1_mbp_max,137.0,107.85143,-29.148567,-0.25128073
16,h1_mbp_min,128.0,82.14905,-45.850952,-0.43255615
16,h1_mbp_noninvasive_max,137.0,164.8713,27.871307,0.2444852
16,h1_mbp_noninvasive_min,128.0,96.37812,-31.62188,-0.29831964
16,h1_resprate_max,27.0,17.481743,-9.518257,-0.19425017
16,h1_resprate_min,25.0,4.7115483,-20.288452,-0.17193604
16,h1_spo2_max,94.0,102.78175,8.781754,0.09757501
16,h1_spo2_min,91.0,92.48813,1.4881287,0.014881253
16,h1_sysbp_max,203.0,195.716,-7.2839966,-0.04921621
16,h1_sysbp_min,189.0,196.7208,7.7207947,0.054757416
16,h1_sysbp_noninvasive_max,203.0,159.58612,-43.41388,-0.29333705
16,h1_sysbp_noninvasive_min,189.0,149.73329,-39.26671,-0.27652615
16,h1_temp_max,37.3,35.45072,-1.8492775,-0.30316028
16,h1_temp_min,36.1,38.41768,2.3176804,0.36213756
16,d1_bun_max,18.0,55.34043,37.34043,0.30606914
16,d1_bun_min,18.0,65.36418,47.36418,0.43023145
16,d1_calcium_max,8.3,9.774555,1.474555,0.32055542
16,d1_calcium_min,8.3,10.418564,2.1185637,0.4413674
16,d1_creatinine_max,1.7,6.0039144,4.303914,0.39962065
16,d1_creatinine_min,1.7,2.7972646,1.0972645,0.113848925
16,d1_glucose_max,143.0,228.6351,85.6351,0.15917306
16,d1_glucose_min,136.0,184.0486,48.0486,0.18842587
16,d1_hco3_max,29.0,33.93209,4.9320908,0.17614609
16,d1_hco3_min,29.0,34.29712,5.297119,0.16553497
16,d1_hemaglobin_max,11.6,16.427631,4.827631,0.4641953
16,d1_hemaglobin_min,11.6,9.103639,-2.4963617,-0.21897912
16,d1_hematocrit_max,36.1,35.31098,-0.7890167,-0.0253703
16,d1_hematocrit_min,36.1,43.212883,7.1128845,0.20981961
16,d1_platelets_max,234.0,60.929886,-173.07011,-0.3101615
16,d1_platelets_min,234.0,396.97104,162.97104,0.30241427
16,d1_potassium_max,3.9,5.1347933,1.2347932,0.2939984
16,d1_potassium_min,3.4,4.9861383,1.5861382,0.46651125
16,d1_sodium_max,138.0,126.19087,-11.809128,-0.33740366
16,d1_sodium_min,138.0,135.7668,-2.2332,-0.062033296
16,d1_wbc_max,17.2,5.2886047,-11.911396,-0.26540542
16,d1_wbc_min,17.2,12.50886,-4.691141,-0.11728439
16,apache_4a_hospital_death_prob,0.01,0.8857485,0.8757485,0.44229722
16,apache_4a_icu_death_prob,0.0,0.20104337,0.20104337,0.10205245
16,aids,0.0,0.010295469,0.010295469,0.010295469
16,cirrhosis,0.0,0.3023606,0.3023606,0.3023606
16,diabetes_mellitus,0.0,0.28566116,0.28566116,0.28566116
16,hepatic_failure,0.0,0.46943358,0.46943358,0.46943358
16,immunosuppression,1.0,0.8568432,-0.14315683,-0.14315683
16,leukemia,0.0,0.41855812,0.41855812,0.41855812
16,lymphoma,0.0,0.07815492,0.07815492,0.07815492
16,solid_tumor_with_metastasis,0.0,0.07998937,0.07998937,0.07998937
16,apache_3j_bodysystem,6.0,5.168888,-0.8311119,-0.0831112
16,apache_2_bodysystem,4.0,-0.2073263,-4.2073264,-0.46748072
16,apache_3j_diagnosis_split0,106.0,155.85834,49.858337,0.45325762
17,age,72.0,38.139694,-33.860306,-0.4638398
17,bmi,38.040817,26.954708,-11.086109,-0.2092901
17,elective_surgery,0.0,0.1595111,0.1595111,0.1595111
17,ethnicity,3.0,1.7891911,-1.2108089,-0.2018015
17,gender,2.0,1.7827295,-0.2172705,-0.10863525
17,height,175.0,167.023,-7.977005,-0.13661593
17,hospital_admit_source,5.0,10.973905,5.9739046,0.39826027
17,icu_admit_source,2.0,-0.041741252,-2.0417414,-0.40834826
17,icu_stay_type,1.0,0.13456893,-0.8654311,-0.43271554
17,icu_type,7.0,4.98952,-2.01048,-0.28721142
17,pre_icu_los_days,4.1930556,26.023672,21.830616,0.3246289
17,readmission_status,0.0,0.0,0.0,0.0
17,weight,116.5,83.9675,-32.5325,-0.220709
17,apache_2_diagnosis,301.0,279.65353,-21.346466,-0.10312307
17,apache_3j_diagnosis,410.01,38.449036,-371.56097,-0.17693043
17,apache_post_operative,0.0,-0.07487205,-0.07487205,-0.07487205
17,arf_apache,0.0,-0.24745962,-0.24745962,-0.24745962
17,bun_apache,24.0,29.432087,5.432087,0.044163316
17,creatinine_apache,1.69,2.0857992,0.39579916,0.036378607
17,gcs_eyes_apache,3.0,1.6545823,-1.3454177,-0.44847262
17,gcs_motor_apache,6.0,7.5849543,1.5849543,0.31699085
17,gcs_unable_apache,0.0,0.0,0.0,0.0
17,gcs_verbal_apache,4.0,4.509257,0.50925684,0.12731421
17,glucose_apache,244.0,121.27238,-122.72762,-0.21927392
17,heart_rate_apache,110.0,134.89627,24.89627,0.16821808
17,hematocrit_apache,43.1,28.807995,-14.292004,-0.4060228
17,intubated_apache,0.0,0.035698358,0.035698358,0.035698358
17,map_apache,121.0,96.5,-24.5,-0.15312502
17,resprate_apache,41.0,22.289417,-18.710583,-0.33411753
17,sodium_apache,134.0,137.33316,3.3331604,0.08129659
17,temp_apache,36.9,38.176193,1.2761917,0.16792
17,ventilated_apache,0.0,-0.37658447,-0.37658447,-0.37658447
17,wbc_apache,11.8,7.4986196,-4.3013806,-0.09579913
17,d1_diasbp_max,88.0,85.63579,-2.364212,-0.01986733
17,d1_diasbp_min,49.0,59.643364,10.643364,0.1382255
17,d1_diasbp_noninvasive_max,88.0,103.61772,15.617722,0.13124135
17,d1_diasbp_noninvasive_min,49.0,55.233192,6.2331924,0.08095056
17,d1_heartrate_max,106.0,114.976654,8.976654,0.07543406
17,d1_heartrate_min,74.0,75.332214,1.3322144,0.009316206
17,d1_mbp_max,121.0,136.908,15.908005,0.12829036
17,d1_mbp_min,75.0,37.707787,-37.292213,-0.4143579
17,d1_mbp_noninvasive_max,121.0,94.88673,-26.113274,-0.21581215
17,d1_mbp_noninvasive_min,75.0,54.297874,-20.702126,-0.23002362
17,d1_resprate_max,48.0,22.869522,-25.130478,-0.32218564
17,d1_resprate_min,10.0,3.5283809,-6.471619,-0.08988361
17,d1_spo2_max,99.0,132.96808,33.96808,0.39043772
17,d1_spo2_min,93.0,137.50563,44.50563,0.44505626
17,d1_sysbp_max,167.0,113.674484,-53.325516,-0.3755318
17,d1_sysbp_min,102.0,59.136295,-42.863705,-0.3601992
17,d1_sysbp_noninvasive_max,167.0,144.55295,-22.447052,-0.1580778
17,d1_sysbp_noninvasive_min,102.0,66.40269,-35.597313,-0.29921252
17,d1_temp_max,38.1,37.112057,-0.98794174,-0.20582122
17,d1_temp_min,36.7,36.737885,0.03788376,0.006409049
17,h1_diasbp_max,76.0,52.52502,-23.47498,-0.22146209
17,h1_diasbp_min,76.0,83.05819,7.0581894,0.07756251
17,h1_diasbp_noninvasive_max,76.0,91.6407,15.640701,0.14617479
17,h1_diasbp_noninvasive_min,76.0,72.03819,-3.9618073,-0.043063104
17,h1_heartrate_max,104.0,105.331375,1.3313751,0.011282861
17,h1_heartrate_min,104.0,84.8748,-19.125198,-0.17708516
17,h1_mbp_max,113.0,100.07937,-12.920631,-0.11138475
17,h1_mbp_min,91.0,53.791187,-37.208813,-0.35102654
17,h1_mbp_noninvasive_max,113.0,76.55008,-36.44992,-0.31973615
17,h1_mbp_noninvasive_min,91.0,93.31084,2.3108368,0.02180034
17,h1_resprate_max,24.0,2.4676352,-21.532364,-0.43943602
17,h1_resprate_min,24.0,51.877285,27.877285,0.2362482
17,h1_spo2_max,94.0,81.42473,-12.575272,-0.13972527
17,h1_spo2_min,94.0,86.286224,-7.7137756,-0.07713777
17,h1_sysbp_max,143.0,129.2145,-13.785507,-0.09314531
17,h1_sysbp_min,143.0,194.25153,51.251526,0.363486
17,h1_sysbp_noninvasive_max,143.0,125.46057,-17.539429,-0.11850965
17,h1_sysbp_noninvasive_min,143.0,156.40874,13.408737,0.094427705
17,h1_temp_max,38.1,37.971222,-0.12877655,-0.021110892
17,h1_temp_min,38.1,37.29931,-0.8006897,-0.12510777
17,d1_bun_max,31.0,28.510687,-2.4893131,-0.020404205
17,d1_bun_min,24.0,-17.562351,-41.56235,-0.3775307
17,d1_calcium_max,9.2,9.935762,0.7357626,0.15994841
17,d1_calcium_min,9.2,9.013713,-0.18628693,-0.038809776
17,d1_creatinine_max,1.69,1.697863,0.0078629255,0.0007300824
17,d1_creatinine_min,1.66,1.733182,0.07318199,0.00759317
17,d1_glucose_max,246.0,176.13614,-69.86386,-0.12985848
17,d1_glucose_min,139.0,38.86806,-100.13194,-0.39267427
17,d1_hco3_max,26.0,27.051573,1.0515728,0.03755617
17,d1_hco3_min,26.0,19.005861,-6.9941387,-0.21856683
17,d1_hemaglobin_max,14.7,14.1591215,-0.5408783,-0.052007496
17,d1_hemaglobin_min,14.6,11.327084,-3.2729168,-0.287098
17,d1_hematocrit_max,43.1,53.65754,10.557541,0.33947068
17,d1_hematocrit_min,41.1,27.517128,-13.5828705,-0.40067464
17,d1_platelets_max,170.0,220.37083,50.370834,0.09027031
17,d1_platelets_min,161.0,68.55031,-92.44969,-0.17155257
17,d1_potassium_max,3.6,4.1789775,0.5789776,0.13785182
17,d1_potassium_min,3.5,4.3818126,0.8818126,0.25935662
17,d1_sodium_max,134.0,141.39996,7.3999634,0.21142754
17,d1_sodium_min,132.0,129.14267,-2.8573303,-0.07937029
17,d1_wbc_max,11.8,9.830455,-1.9695454,-0.043884695
17,d1_wbc_min,11.4,3.7955513,-7.6044483,-0.19012073
17,apache_4a_hospital_death_prob,0.11,0.8588197,0.7488197,0.37819177
17,apache_4a_icu_death_prob,0.04,0.5029435,0.46294352,0.23499674
17,aids,0.0,-0.0036928644,-0.0036928644,-0.0036928644
17,cirrhosis,0.0,0.17130677,0.17130677,0.17130677
17,diabetes_mellitus,1.0,0.74549,-0.25451,-0.25451
17,hepatic_failure,0.0,0.19672805,0.19672805,0.19672805
17,immunosuppression,0.0,-0.1732319,-0.1732319,-0.1732319
17,leukemia,0.0,0.3304096,0.3304096,0.3304096
17,lymphoma,0.0,-0.30236322,-0.30236322,-0.30236322
17,solid_tumor_with_metastasis,0.0,0.37708473,0.37708473,0.37708473
17,apache_3j_bodysystem,8.0,4.329421,-3.670579,-0.3670579
17,apache_2_bodysystem,5.0,3.9554622,-1.0445378,-0.11605975
17,apache_3j_diagnosis_split0,96.0,137.5636,41.5636,0.3778509
18,age,25.0,30.329218,5.329218,0.07300299
18,bmi,21.510246,43.690525,22.180279,0.41873235
18,elective_surgery,0.0,-0.32794696,-0.32794696,-0.32794696
18,ethnicity,4.0,5.2185826,1.2185826,0.2030971
18,gender,2.0,1.3495833,-0.65041673,-0.32520837
18,height,177.8,160.91943,-16.88057,-0.28910035
18,hospital_admit_source,4.0,7.045221,3.0452209,0.20301472
18,icu_admit_source,1.0,-0.3739624,-1.3739624,-0.2747925
18,icu_stay_type,1.0,0.620767,-0.379233,-0.1896165
18,icu_type,6.0,2.8860695,-3.1139305,-0.44484723
18,pre_icu_los_days,0.006944444,14.75136,14.744415,0.2192546
18,readmission_status,0.0,0.0,0.0,0.0
18,weight,68.0,83.44164,15.441643,0.104760125
18,apache_2_diagnosis,307.0,274.23703,-32.76297,-0.15827525
18,apache_3j_diagnosis,704.07,-132.6771,-836.7471,-0.3984434
18,apache_post_operative,0.0,-0.44436252,-0.44436252,-0.44436252
18,arf_apache,0.0,0.100896046,0.100896046,0.100896046
18,bun_apache,20.0,39.394283,19.394283,0.15767711
18,creatinine_apache,0.88,1.6345673,0.75456727,0.06935361
18,gcs_eyes_apache,4.0,4.0975738,0.09757376,0.032524586
18,gcs_motor_apache,6.0,3.677591,-2.322409,-0.46448177
18,gcs_unable_apache,0.0,0.0,0.0,0.0
18,gcs_verbal_apache,5.0,3.482736,-1.5172639,-0.37931597
18,glucose_apache,39.0,34.3645,-4.635502,-0.0082821185
18,heart_rate_apache,110.0,61.400124,-48.599876,-0.32837752
18,hematocrit_apache,29.8,23.673018,-6.1269817,-0.17406198
18,intubated_apache,0.0,-0.039035875,-0.039035875,-0.039035875
18,map_apache,112.0,186.93143,74.93143,0.46832144
18,resprate_apache,13.0,4.4489813,-8.551019,-0.15269676
18,sodium_apache,137.0,130.73483,-6.265167,-0.15280896
18,temp_apache,36.9,36.395805,-0.50419617,-0.06634158
18,ventilated_apache,0.0,0.45303762,0.45303762,0.45303762
18,wbc_apache,2.7,-13.681974,-16.381975,-0.36485463
18,d1_diasbp_max,94.0,117.52149,23.521492,0.19765958
18,d1_diasbp_min,65.0,60.105507,-4.894493,-0.06356484
18,d1_diasbp_noninvasive_max,94.0,83.82575,-10.174248,-0.085497886
18,d1_diasbp_noninvasive_min,65.0,44.166943,-20.833057,-0.2705592
18,d1_heartrate_max,108.0,133.90308,25.903076,0.21767291
18,d1_heartrate_min,73.0,38.00293,-34.99707,-0.24473476
18,d1_mbp_max,114.0,130.3434,16.3434,0.1318016
18,d1_mbp_min,82.0,47.392998,-34.607002,-0.38452226
18,d1_mbp_noninvasive_max,114.0,91.44758,-22.552422,-0.18638363
18,d1_mbp_noninvasive_min,82.0,40.17759,-41.82241,-0.4646935
18,d1_resprate_max,24.0,20.101324,-3.898676,-0.049983032
18,d1_resprate_min,13.0,-12.634391,-25.634392,-0.3560332
18,d1_spo2_max,100.0,64.46013,-35.53987,-0.40850425
18,d1_spo2_min,95.0,102.65813,7.658127,0.0765813
18,d1_sysbp_max,145.0,162.77151,17.771515,0.12515149
18,d1_sysbp_min,110.0,102.170425,-7.8295746,-0.065794766
18,d1_sysbp_noninvasive_max,145.0,94.43054,-50.569458,-0.35612294
18,d1_sysbp_noninvasive_min,110.0,75.68377,-34.31623,-0.2884444
18,d1_temp_max,37.0,35.905613,-1.094387,-0.2279973
18,d1_temp_min,36.7,36.527092,-0.17290878,-0.029251993
18,h1_diasbp_max,79.0,125.145966,46.145966,0.43533933
18,h1_diasbp_min,65.0,48.043858,-16.956142,-0.18633124
18,h1_diasbp_noninvasive_max,79.0,37.109238,-41.890762,-0.39150247
18,h1_diasbp_noninvasive_min,65.0,69.95871,4.9587097,0.05389899
18,h1_heartrate_max,103.0,113.85363,10.85363,0.09197989
18,h1_heartrate_min,91.0,101.186165,10.186165,0.094316304
18,h1_mbp_max,89.0,80.98655,-8.013451,-0.069081485
18,h1_mbp_min,83.0,112.40283,29.402832,0.27738518
18,h1_mbp_noninvasive_max,89.0,66.31822,-22.681778,-0.19896297
18,h1_mbp_noninvasive_min,83.0,87.386795,4.386795,0.041384816
18,h1_resprate_max,20.0,27.025633,7.025633,0.14338027
18,h1_resprate_min,15.0,22.585133,7.5851326,0.06428078
18,h1_spo2_max,99.0,84.456345,-14.543655,-0.16159612
18,h1_spo2_min,97.0,90.94937,-6.0506287,-0.060506344
18,h1_sysbp_max,122.0,96.05708,-25.942917,-0.17528997
18,h1_sysbp_min,111.0,133.07324,22.073242,0.15654784
18,h1_sysbp_noninvasive_max,122.0,114.92765,-7.0723495,-0.047786146
18,h1_sysbp_noninvasive_min,111.0,109.69377,-1.3062286,-0.009198785
18,h1_temp_max,36.9,35.957653,-0.9423485,-0.15448338
18,h1_temp_min,36.9,34.71134,-2.1886597,-0.34197807
18,d1_bun_max,20.0,16.946857,-3.0531425,-0.025025748
18,d1_bun_min,15.0,23.60517,8.605169,0.07816486
18,d1_calcium_max,8.6,7.111007,-1.4889932,-0.32369417
18,d1_calcium_min,8.2,6.3820677,-1.8179321,-0.37873584
18,d1_creatinine_max,0.88,1.7487396,0.8687396,0.08066291
18,d1_creatinine_min,0.75,3.8344553,3.0844553,0.32003394
18,d1_glucose_max,160.0,297.63614,137.63614,0.25582927
18,d1_glucose_min,33.0,110.38002,77.38002,0.30345106
18,d1_hco3_max,31.0,41.00262,10.002621,0.35723644
18,d1_hco3_min,25.0,18.899939,-6.1000614,-0.19062692
18,d1_hemaglobin_max,10.1,14.311866,4.2118654,0.4049871
18,d1_hemaglobin_min,10.1,10.380087,0.28008652,0.024569005
18,d1_hematocrit_max,29.8,24.251713,-5.5482864,-0.1784015
18,d1_hematocrit_min,29.8,28.807774,-0.99222565,-0.029269189
18,d1_platelets_max,239.0,351.87735,112.87735,0.20228913
18,d1_platelets_min,239.0,108.88431,-130.11569,-0.24144681
18,d1_potassium_max,3.4,4.4332247,1.0332246,0.24600588
18,d1_potassium_min,3.3,3.4353838,0.13538384,0.039818764
18,d1_sodium_max,137.0,121.76872,-15.231277,-0.43517935
18,d1_sodium_min,137.0,142.82603,5.8260345,0.16183424
18,d1_wbc_max,2.7,-15.853492,-18.553492,-0.41340223
18,d1_wbc_min,2.7,12.620663,9.920663,0.24802896
18,apache_4a_hospital_death_prob,0.01,0.5815859,0.5715859,0.28867972
18,apache_4a_icu_death_prob,0.01,0.56224835,0.55224836,0.2803291
18,aids,0.0,0.4673462,0.4673462,0.4673462
18,cirrhosis,0.0,-0.24014692,-0.24014692,-0.24014692
18,diabetes_mellitus,1.0,0.85136527,-0.14863473,-0.14863473
18,hepatic_failure,0.0,0.27670765,0.27670765,0.27670765
18,immunosuppression,0.0,0.05639999,0.05639999,0.05639999
18,leukemia,0.0,0.28730178,0.28730178,0.28730178
18,lymphoma,0.0,-0.27589715,-0.27589715,-0.27589715
18,solid_tumor_with_metastasis,0.0,0.29194808,0.29194808,0.29194808
18,apache_3j_bodysystem,6.0,6.141931,0.14193106,0.014193118
18,apache_2_bodysystem,4.0,1.679776,-2.320224,-0.25780267
18,apache_3j_diagnosis_split0,107.0,70.39819,-36.601807,-0.3327437
19,age,81.0,72.92491,-8.0750885,-0.11061764
19,bmi,27.962847,12.733706,-15.22914,-0.28750467
19,elective_surgery,0.0,-0.4453094,-0.4453094,-0.4453094
19,ethnicity,3.0,2.0114865,-0.98851347,-0.16475226
19,gender,2.0,2.0497613,0.049761295,0.024880648
19,height,172.7,151.32413,-21.37587,-0.36608788
19,hospital_admit_source,3.0,6.5405326,3.5405326,0.23603551
19,icu_admit_source,1.0,-1.1212003,-2.1212003,-0.42424005
19,icu_stay_type,1.0,0.7359636,-0.26403642,-0.13201821
19,icu_type,5.0,1.8649539,-3.135046,-0.44786376
19,pre_icu_los_days,0.000694444,-24.149916,-24.15061,-0.35912797
19,readmission_status,0.0,0.0,0.0,0.0
19,weight,83.4,51.11969,-32.28031,-0.21899804
19,apache_2_diagnosis,124.0,33.709213,-90.29079,-0.43618736
19,apache_3j_diagnosis,305.02,103.79424,-201.22574,-0.09581996
19,apache_post_operative,0.0,-0.42227137,-0.42227137,-0.42227137
19,arf_apache,0.0,0.43363196,0.43363196,0.43363196
19,bun_apache,35.0,84.75935,49.759354,0.40454757
19,creatinine_apache,1.49,0.63791585,-0.85208416,-0.07831657
19,gcs_eyes_apache,2.0,0.6313599,-1.3686402,-0.45621338
19,gcs_motor_apache,4.0,6.092369,2.092369,0.41847384
19,gcs_unable_apache,0.0,0.0,0.0,0.0
19,gcs_verbal_apache,1.0,0.029218853,-0.97078115,-0.24269529
19,glucose_apache,224.0,40.40056,-183.59944,-0.32803187
19,heart_rate_apache,97.0,144.69545,47.69545,0.32226658
19,hematocrit_apache,18.7,11.453676,-7.2463245,-0.20586148
19,intubated_apache,1.0,1.3120546,0.31205463,0.31205463
19,map_apache,53.0,115.47363,62.473633,0.3904602
19,resprate_apache,35.0,12.236057,-22.763943,-0.40649897
19,sodium_apache,134.0,123.35752,-10.642479,-0.25957265
19,temp_apache,36.1,32.500576,-3.5994225,-0.47360823
19,ventilated_apache,1.0,1.4645631,0.46456313,0.46456313
19,wbc_apache,12.9,-7.679026,-20.579025,-0.4583302
19,d1_diasbp_max,81.0,115.07691,34.076912,0.2863606
19,d1_diasbp_min,55.0,50.167427,-4.832573,-0.06276071
19,d1_diasbp_noninvasive_max,81.0,61.979477,-19.020523,-0.15983634
19,d1_diasbp_noninvasive_min,55.0,18.425001,-36.574997,-0.475
19,d1_heartrate_max,86.0,141.58185,55.58185,0.4670744
19,d1_heartrate_min,60.0,1.3028046,-58.697197,-0.41046992
19,d1_mbp_max,97.0,126.91617,29.916168,0.2412594
19,d1_mbp_min,74.0,33.316532,-40.683468,-0.45203856
19,d1_mbp_noninvasive_max,97.0,119.61749,22.617493,0.18692142
19,d1_mbp_noninvasive_min,74.0,43.386425,-30.613575,-0.34015086
19,d1_resprate_max,32.0,11.703537,-20.296463,-0.26021105
19,d1_resprate_min,7.0,22.424421,15.424421,0.21422808
19,d1_spo2_max,100.0,110.35756,10.357559,0.11905241
19,d1_spo2_min,96.0,71.08956,-24.910439,-0.24910438
19,d1_sysbp_max,156.0,165.89154,9.891541,0.069658756
19,d1_sysbp_min,100.0,103.36647,3.3664703,0.028289646
19,d1_sysbp_noninvasive_max,156.0,117.88926,-38.11074,-0.2683855
19,d1_sysbp_noninvasive_min,100.0,135.97867,35.97867,0.30241796
19,d1_temp_max,37.4,35.120003,-2.2799988,-0.47499973
19,d1_temp_min,36.1,33.77924,-2.3207588,-0.39261696
19,h1_diasbp_max,57.0,77.160194,20.160194,0.19019052
19,h1_diasbp_min,57.0,15.167994,-41.83201,-0.4596924
19,h1_diasbp_noninvasive_max,57.0,22.190662,-34.809338,-0.3253209
19,h1_diasbp_noninvasive_min,57.0,17.003363,-39.996635,-0.43474606
19,h1_heartrate_max,75.0,70.23924,-4.7607574,-0.0403454
19,h1_heartrate_min,75.0,96.29176,21.291763,0.19714594
19,h1_mbp_max,82.0,61.587837,-20.412163,-0.17596692
19,h1_mbp_min,82.0,61.32314,-20.67686,-0.19506472
19,h1_mbp_noninvasive_max,82.0,37.521893,-44.478107,-0.39015883
19,h1_mbp_noninvasive_min,82.0,31.65,-50.35,-0.475
19,h1_resprate_max,14.0,5.491636,-8.508364,-0.17364009
19,h1_resprate_min,14.0,-11.078809,-25.078808,-0.21253228
19,h1_spo2_max,100.0,64.25505,-35.74495,-0.39716613
19,h1_spo2_min,99.0,126.77169,27.77169,0.27771688
19,h1_sysbp_max,121.0,160.72044,39.720444,0.26838136
19,h1_sysbp_min,121.0,148.47606,27.476059,0.19486567
19,h1_sysbp_noninvasive_max,121.0,186.59637,65.596375,0.44321877
19,h1_sysbp_noninvasive_min,121.0,163.69475,42.694748,0.30066723
19,h1_temp_max,36.4,33.804913,-2.595089,-0.42542443
19,h1_temp_min,36.4,33.45797,-2.9420319,-0.45969248
19,d1_bun_max,35.0,88.96026,53.96026,0.44229722
19,d1_bun_min,34.0,-3.996478,-37.99648,-0.34514016
19,d1_calcium_max,7.9,6.945503,-0.95449686,-0.20749931
19,d1_calcium_min,7.6,5.3199997,-2.2800002,-0.47500002
19,d1_creatinine_max,1.49,-1.2479781,-2.737978,-0.25422266
19,d1_creatinine_min,1.37,3.9133263,2.5433264,0.263888
19,d1_glucose_max,224.0,220.30623,-3.6937714,-0.00686574
19,d1_glucose_min,95.0,25.621313,-69.378685,-0.27207327
19,d1_hco3_max,25.0,11.738965,-13.261035,-0.47360837
19,d1_hco3_min,23.0,7.8,-15.2,-0.475
19,d1_hemaglobin_max,9.5,8.992678,-0.5073223,-0.048780978
19,d1_hemaglobin_min,6.4,8.191405,1.7914052,0.15714082
19,d1_hematocrit_max,27.1,28.080954,0.9809532,0.0315419
19,d1_hematocrit_min,18.7,10.601683,-8.098318,-0.23888843
19,d1_platelets_max,135.0,-104.50299,-239.50299,-0.4292168
19,d1_platelets_min,88.0,-165.1853,-253.1853,-0.46981868
19,d1_potassium_max,5.2,7.0612164,1.8612165,0.44314682
19,d1_potassium_min,4.9,5.521246,0.62124586,0.18271935
19,d1_sodium_max,135.0,127.27675,-7.7232513,-0.22066432
19,d1_sodium_min,134.0,144.53674,10.536743,0.2926873
19,d1_wbc_max,12.9,29.813873,16.913874,0.3768688
19,d1_wbc_min,12.6,22.21784,9.61784,0.24045801
19,apache_4a_hospital_death_prob,0.49,1.3525133,0.8625133,0.43561274
19,apache_4a_icu_death_prob,0.39,1.3257499,0.9357499,0.47499996
19,aids,0.0,0.30231524,0.30231524,0.30231524
19,cirrhosis,0.0,0.4436499,0.4436499,0.4436499
19,diabetes_mellitus,1.0,0.8253843,-0.17461568,-0.17461568
19,hepatic_failure,1.0,0.7155718,-0.28442818,-0.28442818
19,immunosuppression,0.0,0.40764368,0.40764368,0.40764368
19,leukemia,0.0,-0.40610313,-0.40610313,-0.40610313
19,lymphoma,0.0,0.14343879,0.14343879,0.14343879
19,solid_tumor_with_metastasis,0.0,-0.019179575,-0.019179575,-0.019179575
19,apache_3j_bodysystem,2.0,6.75,4.75,0.475
19,apache_2_bodysystem,2.0,2.772395,0.7723949,0.08582165
19,apache_3j_diagnosis_split0,78.0,107.756355,29.756355,0.27051234
20,age,78.0,66.53698,-11.46302,-0.15702766
20,bmi,32.85802,22.107653,-10.750368,-0.20295179
20,elective_surgery,1.0,1.1372919,0.13729191,0.13729191
20,ethnicity,3.0,1.0672395,-1.9327605,-0.32212675
20,gender,2.0,1.0753446,-0.92465544,-0.46232772
20,height,172.7,146.00076,-26.699234,-0.45725697
20,hospital_admit_source,9.0,4.2282696,-4.7717304,-0.31811538
20,icu_admit_source,3.0,1.664221,-1.335779,-0.2671558
20,icu_stay_type,1.0,1.0190843,0.019084334,0.009542167
20,icu_type,5.0,1.8149527,-3.1850471,-0.45500678
20,pre_icu_los_days,0.002777778,14.2875,14.284722,0.2124188
20,readmission_status,0.0,0.0,0.0,0.0
20,weight,98.0,53.706776,-44.293224,-0.3004968
20,apache_2_diagnosis,209.0,210.06526,1.0652618,0.0051462054
20,apache_3j_diagnosis,1302.02,424.97913,-877.0409,-0.41763055
20,apache_post_operative,1.0,0.76967865,-0.23032135,-0.23032135
20,arf_apache,0.0,0.073948845,0.073948845,0.073948845
20,bun_apache,20.0,3.021054,-16.978947,-0.1380402
20,creatinine_apache,1.09,-2.6979706,-3.7879705,-0.34815904
20,gcs_eyes_apache,4.0,2.8572068,-1.1427932,-0.38093108
20,gcs_motor_apache,6.0,4.237543,-1.7624569,-0.35249138
20,gcs_unable_apache,0.0,0.0,0.0,0.0
20,gcs_verbal_apache,5.0,3.3497555,-1.6502445,-0.41256112
20,glucose_apache,113.0,-96.15411,-209.15411,-0.37368965
20,heart_rate_apache,92.0,161.08495,69.084946,0.4667902
20,hematocrit_apache,37.4,52.72395,15.323948,0.43533945
20,intubated_apache,0.0,0.03417023,0.03417023,0.03417023
20,map_apache,41.0,-29.41185,-70.41185,-0.44007406
20,resprate_apache,51.0,39.102272,-11.897728,-0.21245944
20,sodium_apache,140.0,125.91264,-14.087357,-0.34359407
20,temp_apache,36.4,35.9912,-0.40880203,-0.053789735
20,ventilated_apache,1.0,1.4657018,0.46570182,0.46570182
20,wbc_apache,11.6,-9.7275,-21.3275,-0.475
20,d1_diasbp_max,86.0,57.159252,-28.840748,-0.24235924
20,d1_diasbp_min,55.0,88.32708,33.32708,0.4328192
20,d1_diasbp_noninvasive_max,86.0,40.2556,-45.7444,-0.38440675
20,d1_diasbp_noninvasive_min,55.0,18.425001,-36.574997,-0.475
20,d1_heartrate_max,93.0,149.525,56.524994,0.47499993
20,d1_heartrate_min,69.0,39.594994,-29.405006,-0.20562941
20,d1_mbp_max,107.0,124.85569,17.85569,0.14399749
20,d1_mbp_min,68.0,30.120827,-37.879173,-0.42087972
20,d1_mbp_noninvasive_max,107.0,150.28644,43.286438,0.35773915
20,d1_mbp_noninvasive_min,68.0,49.619057,-18.380943,-0.20423272
20,d1_resprate_max,43.0,17.647509,-25.352491,-0.32503194
20,d1_resprate_min,19.0,-8.593148,-27.593147,-0.38323817
20,d1_spo2_max,99.0,74.40297,-24.59703,-0.28272444
20,d1_spo2_min,87.0,58.73407,-28.26593,-0.2826593
20,d1_sysbp_max,147.0,138.25734,-8.7426605,-0.06156805
20,d1_sysbp_min,90.0,41.182934,-48.817066,-0.41022745
20,d1_sysbp_noninvasive_max,147.0,141.32295,-5.6770477,-0.03997922
20,d1_sysbp_noninvasive_min,90.0,43.68086,-46.31914,-0.38933465
20,d1_temp_max,38.6,39.307247,0.7072487,0.14734346
20,d1_temp_min,36.4,34.964157,-1.4358444,-0.24291056
20,h1_diasbp_max,80.0,101.55265,21.55265,0.20332688
20,h1_diasbp_min,80.0,42.460197,-37.539803,-0.41252533
20,h1_diasbp_noninvasive_max,80.0,127.48242,47.48242,0.44376096
20,h1_diasbp_noninvasive_min,80.0,110.41563,30.415627,0.3306046
20,h1_heartrate_max,92.0,139.60638,47.606384,0.40344396
20,h1_heartrate_min,78.0,87.29251,9.292511,0.08604175
20,h1_mbp_max,106.0,122.00179,16.001793,0.13794649
20,h1_mbp_min,97.0,137.82721,40.82721,0.38516235
20,h1_mbp_noninvasive_max,106.0,114.95345,8.953453,0.07853907
20,h1_mbp_noninvasive_min,97.0,88.2926,-8.707397,-0.082145214
20,h1_resprate_max,37.0,39.61556,2.6155586,0.05337876
20,h1_resprate_min,26.0,46.043953,20.043953,0.16986401
20,h1_spo2_max,99.0,130.722,31.722,0.3524667
20,h1_spo2_min,98.0,109.32825,11.328247,0.11328244
20,h1_sysbp_max,147.0,168.8061,21.806107,0.14733857
20,h1_sysbp_min,124.0,184.17319,60.173187,0.4267602
20,h1_sysbp_noninvasive_max,147.0,93.006195,-53.993805,-0.364823
20,h1_sysbp_noninvasive_min,124.0,189.0326,65.03259,0.45797598
20,h1_temp_max,38.6,35.734795,-2.8652039,-0.46970555
20,h1_temp_min,36.4,33.47133,-2.9286728,-0.45760512
20,d1_bun_max,20.0,69.8747,49.874702,0.40880904
20,d1_bun_min,20.0,7.461314,-12.538686,-0.11389488
20,d1_calcium_max,7.8,6.4224563,-1.3775439,-0.29946607
20,d1_calcium_min,7.8,5.52,-2.2800002,-0.47500002
20,d1_creatinine_max,1.09,-2.4568589,-3.5468588,-0.32932764
20,d1_creatinine_min,1.09,5.0929575,4.0029573,0.415335
20,d1_glucose_max,130.0,299.90875,169.90875,0.3158155
20,d1_glucose_min,113.0,53.139473,-59.860527,-0.23474717
20,d1_hco3_max,29.0,17.033875,-11.9661255,-0.42736164
20,d1_hco3_min,29.0,15.828804,-13.171196,-0.41159987
20,d1_hemaglobin_max,12.0,7.366887,-4.633113,-0.44549164
20,d1_hemaglobin_min,12.0,11.439396,-0.5606041,-0.0491758
20,d1_hematocrit_max,37.4,31.950262,-5.4497395,-0.17523277
20,d1_hematocrit_min,37.4,21.2975,-16.1025,-0.47500002
20,d1_platelets_max,138.0,14.027447,-123.97255,-0.22217304
20,d1_platelets_min,138.0,-52.40981,-190.4098,-0.3533305
20,d1_potassium_max,4.5,5.603689,1.1036892,0.26278314
20,d1_potassium_min,4.5,5.0139465,0.51394653,0.15116078
20,d1_sodium_max,140.0,153.88582,13.8858185,0.39673766
20,d1_sodium_min,140.0,123.901436,-16.098564,-0.44718236
20,d1_wbc_max,11.6,19.03674,7.436739,0.16570273
20,d1_wbc_min,11.6,26.504139,14.904139,0.37262207
20,apache_4a_hospital_death_prob,0.06,0.93023753,0.8702375,0.43951392
20,apache_4a_icu_death_prob,0.03,0.81486666,0.7848667,0.39840943
20,aids,0.0,-0.21528819,-0.21528819,-0.21528819
20,cirrhosis,0.0,-0.34174234,-0.34174234,-0.34174234
20,diabetes_mellitus,0.0,-0.1590671,-0.1590671,-0.1590671
20,hepatic_failure,0.0,-0.23020136,-0.23020136,-0.23020136
20,immunosuppression,0.0,0.31388873,0.31388873,0.31388873
20,leukemia,0.0,0.022806302,0.022806302,0.022806302
20,lymphoma,0.0,-0.21403222,-0.21403222,-0.21403222
20,solid_tumor_with_metastasis,0.0,0.27975202,0.27975202,0.27975202
20,apache_3j_bodysystem,9.0,11.771313,2.7713127,0.27713126
20,apache_2_bodysystem,7.0,3.5355303,-3.4644697,-0.3849411
20,apache_3j_diagnosis_split0,27.0,9.017025,-17.982975,-0.1634816
21,age,84.0,69.23303,-14.766968,-0.20228726
21,bmi,24.392862,34.643803,10.25094,0.19352329
21,elective_surgery,0.0,-0.105750114,-0.105750114,-0.105750114
21,ethnicity,7.0,4.342825,-2.657175,-0.4428625
21,gender,2.0,1.2532674,-0.7467326,-0.3733663
21,height,182.9,170.3058,-12.5941925,-0.21569091
21,hospital_admit_source,5.0,5.5461493,0.54614925,0.036409944
21,icu_admit_source,2.0,1.6063406,-0.39365935,-0.07873187
21,icu_stay_type,1.0,0.741917,-0.258083,-0.1290415
21,icu_type,6.0,4.81549,-1.1845102,-0.16921574
21,pre_icu_los_days,1.675,-18.430004,-20.105003,-0.2989684
21,readmission_status,0.0,0.0,0.0,0.0
21,weight,81.6,151.61499,70.01499,0.47499993
21,apache_2_diagnosis,113.0,47.83327,-65.16673,-0.3148151
21,apache_3j_diagnosis,502.01,970.49725,468.48724,0.22308491
21,apache_post_operative,0.0,0.38725096,0.38725096,0.38725096
21,arf_apache,0.0,0.07438858,0.07438858,0.07438858
21,bun_apache,67.0,94.752495,27.752495,0.22563004
21,creatinine_apache,3.23,6.3440137,3.1140137,0.28621447
21,gcs_eyes_apache,4.0,4.6733484,0.6733484,0.22444952
21,gcs_motor_apache,5.0,4.476763,-0.5232372,-0.10464746
21,gcs_unable_apache,0.0,0.0,0.0,0.0
21,gcs_verbal_apache,4.0,3.9234316,-0.076568365,-0.019142091
21,glucose_apache,106.0,51.092224,-54.907776,-0.09810215
21,heart_rate_apache,155.0,109.63682,-45.363182,-0.306508
21,hematocrit_apache,27.9,40.068676,12.168676,0.34570104
21,intubated_apache,0.0,0.44995114,0.44995114,0.44995114
21,map_apache,69.0,16.432798,-52.5672,-0.32854503
21,resprate_apache,49.0,35.21211,-13.787891,-0.2462123
21,sodium_apache,149.0,154.62196,5.6219635,0.13712108
21,temp_apache,36.3,33.60422,-2.695778,-0.3547076
21,ventilated_apache,1.0,0.6605423,-0.3394577,-0.3394577
21,wbc_apache,5.4,18.88035,13.4803505,0.30023053
21,d1_diasbp_max,82.0,53.93818,-28.061821,-0.23581363
21,d1_diasbp_min,48.0,12.014345,-35.985657,-0.4673462
21,d1_diasbp_noninvasive_max,82.0,31.84129,-50.15871,-0.4215018
21,d1_diasbp_noninvasive_min,48.0,60.832954,12.832954,0.16666171
21,d1_heartrate_max,155.0,99.116165,-55.883835,-0.46961206
21,d1_heartrate_min,79.0,127.266785,48.266785,0.33752996
21,d1_mbp_max,104.0,57.437626,-46.562374,-0.375503
21,d1_mbp_min,69.0,39.40042,-29.599579,-0.3288842
21,d1_mbp_noninvasive_max,104.0,160.51553,56.515533,0.46707052
21,d1_mbp_noninvasive_min,69.0,35.52674,-33.47326,-0.37192512
21,d1_resprate_max,25.0,31.415443,6.4154434,0.08224927
21,d1_resprate_min,10.0,6.3477287,-3.6522713,-0.050725996
21,d1_spo2_max,100.0,135.10684,35.106842,0.4035269
21,d1_spo2_min,91.0,109.87797,18.877968,0.18877965
21,d1_sysbp_max,149.0,88.92318,-60.07682,-0.42307618
21,d1_sysbp_min,95.0,48.192028,-46.807972,-0.3933443
21,d1_sysbp_noninvasive_max,149.0,82.34043,-66.65957,-0.46943358
21,d1_sysbp_noninvasive_min,95.0,147.27798,52.277985,0.43942156
21,d1_temp_max,36.8,36.8379,0.037899017,0.0078956485
21,d1_temp_min,36.5,36.93462,0.4346199,0.073527336
21,h1_diasbp_max,82.0,109.33432,27.33432,0.25787097
21,h1_diasbp_min,52.0,33.146442,-18.853558,-0.20718196
21,h1_diasbp_noninvasive_max,82.0,105.11174,23.11174,0.21599755
21,h1_diasbp_noninvasive_min,52.0,28.666027,-23.333973,-0.25363016
21,h1_heartrate_max,116.0,167.49786,51.497864,0.4364226
21,h1_heartrate_min,99.0,48.267654,-50.732346,-0.4697439
21,h1_mbp_max,98.0,121.13998,23.139977,0.19948253
21,h1_mbp_min,72.0,119.48969,47.489693,0.448016
21,h1_mbp_noninvasive_max,98.0,49.42621,-48.57379,-0.4260859
21,h1_mbp_noninvasive_min,72.0,45.77275,-26.22725,-0.24742688
21,h1_resprate_max,17.0,-5.3123484,-22.312347,-0.45535403
21,h1_resprate_min,14.0,-18.135057,-32.135056,-0.272331
21,h1_spo2_max,100.0,130.15758,30.157578,0.3350842
21,h1_spo2_min,95.0,61.2449,-33.7551,-0.337551
21,h1_sysbp_max,120.0,184.65958,64.65958,0.43688902
21,h1_sysbp_min,105.0,53.547333,-51.452667,-0.36491254
21,h1_sysbp_noninvasive_max,120.0,53.432972,-66.56703,-0.44977722
21,h1_sysbp_noninvasive_min,105.0,37.55,-67.45,-0.475
21,h1_temp_max,36.7,33.865784,-2.834217,-0.46462578
21,h1_temp_min,36.7,38.857735,2.157734,0.33714592
21,d1_bun_max,67.0,13.801042,-53.19896,-0.43605703
21,d1_bun_min,67.0,116.24364,49.243637,0.4473034
21,d1_calcium_max,8.6,9.038947,0.43894672,0.09542322
21,d1_calcium_min,8.6,10.790964,2.1909637,0.45645082
21,d1_creatinine_max,3.23,8.246538,5.016538,0.46578807
21,d1_creatinine_min,3.23,7.3232822,4.093282,0.42470682
21,d1_glucose_max,116.0,354.84982,238.84982,0.44395876
21,d1_glucose_min,116.0,130.03705,14.037048,0.055047244
21,d1_hco3_max,26.0,20.5177,-5.4823,-0.19579643
21,d1_hco3_min,26.0,38.115456,12.115456,0.378608
21,d1_hemaglobin_max,9.3,7.0444646,-2.2555356,-0.21687843
21,d1_hemaglobin_min,9.3,4.1467605,-5.1532397,-0.4520386
21,d1_hematocrit_max,30.2,43.353886,13.153885,0.42295453
21,d1_hematocrit_min,30.2,15.206086,-14.993915,-0.44229835
21,d1_platelets_max,109.0,-142.07274,-251.07274,-0.44995114
21,d1_platelets_min,109.0,32.7247,-76.2753,-0.14153886
21,d1_potassium_max,4.3,2.4665296,-1.8334706,-0.43654063
21,d1_potassium_min,4.3,3.0451903,-1.2548099,-0.3690617
21,d1_sodium_max,145.0,142.88615,-2.1138458,-0.0603956
21,d1_sodium_min,145.0,128.30078,-16.699219,-0.4638672
21,d1_wbc_max,5.8,-14.692125,-20.492126,-0.45659816
21,d1_wbc_min,5.8,4.916012,-0.8839884,-0.022100814
21,apache_4a_hospital_death_prob,0.3,0.001257062,-0.29874295,-0.15088022
21,apache_4a_icu_death_prob,0.15,-0.7209995,-0.87099946,-0.4421317
21,aids,0.0,-0.21677555,-0.21677555,-0.21677555
21,cirrhosis,0.0,-0.4104895,-0.4104895,-0.4104895
21,diabetes_mellitus,0.0,-0.39443713,-0.39443713,-0.39443713
21,hepatic_failure,0.0,-0.35169876,-0.35169876,-0.35169876
21,immunosuppression,0.0,-0.44096172,-0.44096172,-0.44096172
21,leukemia,0.0,0.33220595,0.33220595,0.33220595
21,lymphoma,0.0,-0.104911834,-0.104911834,-0.104911834
21,solid_tumor_with_metastasis,0.0,0.18545516,0.18545516,0.18545516
21,apache_3j_bodysystem,10.0,5.9416714,-4.0583286,-0.40583283
21,apache_2_bodysystem,1.0,-3.0281453,-4.0281453,-0.4475717
21,apache_3j_diagnosis_split0,98.0,92.44602,-5.553978,-0.050490737
22,age,62.0,32.822704,-29.177296,-0.39968896
22,bmi,37.109863,45.347897,8.238033,0.15552244
22,elective_surgery,0.0,-0.18203326,-0.18203326,-0.18203326
22,ethnicity,3.0,3.1188674,0.1188674,0.019811213
22,gender,1.0,1.6681715,0.6681715,0.33408576
22,height,170.2,145.65031,-24.549683,-0.4204433
22,hospital_admit_source,3.0,8.201005,5.201005,0.34673363
22,icu_admit_source,1.0,1.5683079,0.5683079,0.11366157
22,icu_stay_type,1.0,0.106000066,-0.89399993,-0.44699997
22,icu_type,8.0,7.672265,-0.32773495,-0.04681927
22,pre_icu_los_days,0.99722224,8.02612,7.028898,0.10452216
22,readmission_status,0.0,0.0,0.0,0.0
22,weight,107.5,121.79736,14.297363,0.09699705
22,apache_2_diagnosis,302.0,292.2679,-9.732086,-0.047014892
22,apache_3j_diagnosis,109.14,84.52579,-24.614212,-0.01172083
22,apache_post_operative,0.0,0.0035448964,0.0035448964,0.0035448964
22,arf_apache,0.0,0.044841,0.044841,0.044841
22,bun_apache,4.0,32.109734,28.109734,0.22853442
22,creatinine_apache,1.12,3.9933186,2.8733187,0.2640918
22,gcs_eyes_apache,4.0,3.277512,-0.7224879,-0.24082929
22,gcs_motor_apache,6.0,8.319336,2.319336,0.4638672
22,gcs_unable_apache,0.0,0.0,0.0,0.0
22,gcs_verbal_apache,5.0,3.2393556,-1.7606444,-0.4401611
22,glucose_apache,113.0,-58.017647,-171.01764,-0.30555233
22,heart_rate_apache,98.0,150.4332,52.433197,0.35427836
22,hematocrit_apache,36.5,31.024399,-5.475601,-0.15555683
22,intubated_apache,0.0,0.45343024,0.45343024,0.45343024
22,map_apache,113.0,181.22186,68.22186,0.42638665
22,resprate_apache,41.0,26.83853,-14.16147,-0.25288337
22,sodium_apache,137.0,148.016,11.016006,0.26868308
22,temp_apache,36.5,38.922794,2.4227943,0.3187887
22,ventilated_apache,0.0,0.15601274,0.15601274,0.15601274
22,wbc_apache,5.6,8.439776,2.8397765,0.0632467
22,d1_diasbp_max,85.0,118.14837,33.14837,0.2785577
22,d1_diasbp_min,55.0,57.252357,2.2523575,0.029251397
22,d1_diasbp_noninvasive_max,85.0,133.1608,48.160797,0.4047126
22,d1_diasbp_noninvasive_min,55.0,58.193336,3.1933365,0.0414719
22,d1_heartrate_max,98.0,49.83023,-48.16977,-0.404788
22,d1_heartrate_min,67.0,21.741379,-45.25862,-0.31649384
22,d1_mbp_max,113.0,56.01039,-56.98961,-0.45959362
22,d1_mbp_min,78.0,60.160995,-17.839005,-0.1982112
22,d1_mbp_noninvasive_max,113.0,63.732952,-49.267048,-0.40716568
22,d1_mbp_noninvasive_min,78.0,37.38698,-40.61302,-0.45125583
22,d1_resprate_max,32.0,51.904778,19.904778,0.25518948
22,d1_resprate_min,11.0,-0.78861773,-11.788618,-0.1637308
22,d1_spo2_max,99.0,119.61374,20.613739,0.23693955
22,d1_spo2_min,90.0,104.425575,14.425575,0.14425576
22,d1_sysbp_max,164.0,177.8407,13.840698,0.09746975
22,d1_sysbp_min,112.0,65.105545,-46.894455,-0.39407107
22,d1_sysbp_noninvasive_max,164.0,137.90247,-26.097534,-0.18378544
22,d1_sysbp_noninvasive_min,112.0,87.565735,-24.434265,-0.20538172
22,d1_temp_max,37.3,35.02,-2.2799988,-0.47499973
22,d1_temp_min,36.5,36.23745,-0.26255035,-0.044417262
22,h1_diasbp_max,73.0,41.348152,-31.651848,-0.29860234
22,h1_diasbp_min,65.0,66.26613,1.2661285,0.013913512
22,h1_diasbp_noninvasive_max,73.0,39.74087,-33.25913,-0.31083298
22,h1_diasbp_noninvasive_min,65.0,92.25724,27.25724,0.29627436
22,h1_heartrate_max,90.0,136.3237,46.3237,0.3925737
22,h1_heartrate_min,81.0,73.64699,-7.353012,-0.068083435
22,h1_mbp_max,100.0,123.96274,23.962738,0.20657533
22,h1_mbp_min,84.0,35.493874,-48.506126,-0.45760497
22,h1_mbp_noninvasive_max,100.0,65.48677,-34.51323,-0.3027476
22,h1_mbp_noninvasive_min,84.0,87.205795,3.2057953,0.030243367
22,h1_resprate_max,26.0,36.130714,10.130714,0.20674929
22,h1_resprate_min,16.0,29.832241,13.832241,0.11722238
22,h1_spo2_max,99.0,87.07946,-11.92054,-0.1324504
22,h1_spo2_min,93.0,84.24604,-8.75396,-0.08753961
22,h1_sysbp_max,142.0,83.54252,-58.45748,-0.394983
22,h1_sysbp_min,116.0,58.487514,-57.512486,-0.40788996
22,h1_sysbp_noninvasive_max,142.0,142.45782,0.4578247,0.0030934215
22,h1_sysbp_noninvasive_min,116.0,91.56532,-24.434677,-0.17207518
22,h1_temp_max,37.0,36.801014,-0.19898605,-0.03262067
22,h1_temp_min,36.5,34.612747,-1.8872528,-0.29488325
22,d1_bun_max,4.0,2.8258128,-1.1741872,-0.009624485
22,d1_bun_min,3.0,37.540707,34.540707,0.31374973
22,d1_calcium_max,8.2,7.6052647,-0.59473515,-0.12929025
22,d1_calcium_min,8.0,9.233538,1.2335377,0.25698698
22,d1_creatinine_max,1.12,-1.8457793,-2.9657793,-0.2753741
22,d1_creatinine_min,1.02,-1.2274513,-2.2474513,-0.23318888
22,d1_glucose_max,159.0,103.22294,-55.77706,-0.10367483
22,d1_glucose_min,113.0,73.634384,-39.365616,-0.15437497
22,d1_hco3_max,31.0,19.093538,-11.906462,-0.42523074
22,d1_hco3_min,26.0,12.06914,-13.93086,-0.43533936
22,d1_hemaglobin_max,12.3,8.610917,-3.689083,-0.35471952
22,d1_hemaglobin_min,11.8,9.907152,-1.892848,-0.16603932
22,d1_hematocrit_max,39.0,45.85978,6.8597794,0.2205717
22,d1_hematocrit_min,36.5,23.48748,-13.01252,-0.3838501
22,d1_platelets_max,224.0,309.6497,85.64969,0.15349406
22,d1_platelets_min,212.0,-1.6578007,-213.6578,-0.3964702
22,d1_potassium_max,3.9,5.7526627,1.8526626,0.44111016
22,d1_potassium_min,3.7,4.6833286,0.9833286,0.28921428
22,d1_sodium_max,138.0,152.18665,14.1866455,0.4053327
22,d1_sodium_min,137.0,128.17505,-8.824951,-0.24513757
22,d1_wbc_max,6.0,-13.134523,-19.134523,-0.42634854
22,d1_wbc_min,5.6,14.92143,9.32143,0.2330474
22,apache_4a_hospital_death_prob,0.02,0.17074788,0.15074788,0.07613528
22,apache_4a_icu_death_prob,0.01,0.94575,0.93575,0.47499996
22,aids,0.0,0.2762177,0.2762177,0.2762177
22,cirrhosis,0.0,0.025120974,0.025120974,0.025120974
22,diabetes_mellitus,1.0,1.432034,0.43203402,0.43203402
22,hepatic_failure,0.0,-0.0142869875,-0.0142869875,-0.0142869875
22,immunosuppression,0.0,-0.015263758,-0.015263758,-0.015263758
22,leukemia,0.0,-0.10828322,-0.10828322,-0.10828322
22,lymphoma,0.0,0.42559814,0.42559814,0.42559814
22,solid_tumor_with_metastasis,0.0,-0.28395045,-0.28395045,-0.28395045
22,apache_3j_bodysystem,1.0,-3.75,-4.75,-0.475
22,apache_2_bodysystem,1.0,3.086168,2.086168,0.23179644
22,apache_3j_diagnosis_split0,10.0,59.992134,49.992134,0.45447397
23,age,84.0,96.72322,12.723221,0.17429066
23,bmi,22.088846,28.454638,6.3657913,0.12017715
23,elective_surgery,0.0,-0.15582664,-0.15582664,-0.15582664
23,ethnicity,3.0,5.712231,2.7122312,0.4520385
23,gender,1.0,0.33276606,-0.66723394,-0.33361697
23,height,154.9,170.85638,15.95639,0.27327266
23,hospital_admit_source,16.0,19.203648,3.2036476,0.21357656
23,icu_admit_source,2.0,4.0556355,2.0556355,0.4111271
23,icu_stay_type,1.0,0.21158814,-0.78841186,-0.39420593
23,icu_type,6.0,6.677228,0.677228,0.09674686
23,pre_icu_los_days,0.5229167,30.627544,30.104628,0.44766632
23,readmission_status,0.0,0.0,0.0,0.0
23,weight,53.0,5.9515,-47.0485,-0.3191893
23,apache_2_diagnosis,302.0,313.57837,11.578369,0.05593419
23,apache_3j_diagnosis,109.07,-177.87054,-286.94055,-0.13663575
23,apache_post_operative,0.0,-0.3614456,-0.3614456,-0.3614456
23,arf_apache,0.0,0.45969236,0.45969236,0.45969236
23,bun_apache,29.0,27.057167,-1.942833,-0.015795395
23,creatinine_apache,2.63,-1.2453709,-3.875371,-0.35619217
23,gcs_eyes_apache,4.0,2.8981946,-1.1018054,-0.3672685
23,gcs_motor_apache,6.0,3.8864012,-2.1135988,-0.42271978
23,gcs_unable_apache,0.0,0.0,0.0,0.0
23,gcs_verbal_apache,5.0,5.876458,0.87645817,0.21911454
23,glucose_apache,111.0,146.13173,35.13173,0.06276886
23,heart_rate_apache,60.0,121.84203,61.842033,0.41785157
23,hematocrit_apache,23.0,19.634743,-3.3652573,-0.095603906
23,intubated_apache,0.0,-0.44759262,-0.44759262,-0.44759262
23,map_apache,111.0,54.477394,-56.522606,-0.3532663
23,resprate_apache,5.0,-17.97558,-22.97558,-0.4102782
23,sodium_apache,137.0,155.8474,18.847397,0.4596926
23,temp_apache,36.4,39.191414,2.7914124,0.3672911
23,ventilated_apache,0.0,-0.25262058,-0.25262058,-0.25262058
23,wbc_apache,15.6,-5.1069665,-20.706966,-0.46117967
23,d1_diasbp_max,90.0,46.96039,-43.03961,-0.3616774
23,d1_diasbp_min,49.0,12.424999,-36.575,-0.475
23,d1_diasbp_noninvasive_max,90.0,35.296608,-54.703392,-0.4596924
23,d1_diasbp_noninvasive_min,49.0,19.498672,-29.501328,-0.38313413
23,d1_heartrate_max,69.0,32.855263,-36.144737,-0.30373728
23,d1_heartrate_min,60.0,0.24761266,-59.752388,-0.41784889
23,d1_mbp_max,111.0,168.00186,57.00186,0.45969245
23,d1_mbp_min,72.0,29.250004,-42.749996,-0.475
23,d1_mbp_noninvasive_max,111.0,163.21918,52.219177,0.43156347
23,d1_mbp_noninvasive_min,72.0,103.313156,31.313156,0.34792393
23,d1_resprate_max,26.0,-9.856001,-35.856003,-0.4596923
23,d1_resprate_min,12.0,35.498295,23.498295,0.32636517
23,d1_spo2_max,100.0,116.8523,16.852303,0.1937046
23,d1_spo2_min,98.0,51.303978,-46.696022,-0.46696025
23,d1_sysbp_max,158.0,142.9211,-15.078903,-0.10618946
23,d1_sysbp_min,93.0,37.10183,-55.89817,-0.46973252
23,d1_sysbp_noninvasive_max,158.0,92.72369,-65.27631,-0.45969236
23,d1_sysbp_noninvasive_min,93.0,37.73094,-55.26906,-0.46456298
23,d1_temp_max,37.3,35.02,-2.2799988,-0.47499973
23,d1_temp_min,36.4,37.99991,1.5999069,0.27066606
23,h1_diasbp_max,72.0,87.73845,15.738449,0.14847592
23,h1_diasbp_min,49.0,16.216244,-32.783756,-0.36026108
23,h1_diasbp_noninvasive_max,72.0,22.827227,-49.172775,-0.45955864
23,h1_diasbp_noninvasive_min,49.0,5.9677944,-43.032204,-0.46774137
23,h1_heartrate_max,69.0,29.853981,-39.14602,-0.33174592
23,h1_heartrate_min,60.0,36.450794,-23.549206,-0.2180482
23,h1_mbp_max,104.0,138.94604,34.946045,0.301259
23,h1_mbp_min,85.0,73.51901,-11.480988,-0.108311206
23,h1_mbp_noninvasive_max,104.0,65.11817,-38.88183,-0.34106869
23,h1_mbp_noninvasive_min,85.0,83.64304,-1.3569565,-0.012801468
23,h1_resprate_max,25.0,1.7250004,-23.275,-0.475
23,h1_resprate_min,15.0,70.44242,55.44242,0.46985102
23,h1_spo2_max,100.0,70.579956,-29.420044,-0.3268894
23,h1_spo2_min,100.0,116.063835,16.063835,0.16063833
23,h1_sysbp_max,150.0,81.96553,-68.03447,-0.4596924
23,h1_sysbp_min,99.0,77.88315,-21.116852,-0.14976491
23,h1_sysbp_noninvasive_max,150.0,157.19048,7.1904755,0.048584282
23,h1_sysbp_noninvasive_min,99.0,123.04109,24.041092,0.16930345
23,h1_temp_max,36.6,35.840366,-0.7596321,-0.12452984
23,h1_temp_min,36.4,33.411213,-2.9887886,-0.46699822
23,d1_bun_max,29.0,57.743317,28.743317,0.23560095
23,d1_bun_min,29.0,52.75841,23.758411,0.21580899
23,d1_calcium_max,7.3,5.6555333,-1.6444669,-0.3574928
23,d1_calcium_min,7.3,5.3668857,-1.9331145,-0.4027322
23,d1_creatinine_max,2.63,7.3083525,4.6783524,0.43438736
23,d1_creatinine_min,2.63,-1.5299399,-4.15994,-0.43162304
23,d1_glucose_max,111.0,-109.271774,-220.27177,-0.4094271
23,d1_glucose_min,111.0,74.31763,-36.682373,-0.14385246
23,d1_hco3_max,19.0,7.6043415,-11.3956585,-0.4069878
23,d1_hco3_min,19.0,4.0874395,-14.91256,-0.4660175
23,d1_hemaglobin_max,8.5,6.066958,-2.433042,-0.23394635
23,d1_hemaglobin_min,5.3,8.934085,3.6340847,0.31877938
23,d1_hematocrit_max,25.5,39.072906,13.5729065,0.43642783
23,d1_hematocrit_min,16.5,8.255111,-8.244889,-0.24321206
23,d1_platelets_max,200.0,465.05002,265.05002,0.475
23,d1_platelets_min,123.0,211.67256,88.67256,0.16454361
23,d1_potassium_max,4.2,6.151164,1.9511642,0.46456295
23,d1_potassium_min,4.2,5.579961,1.379961,0.40587085
23,d1_sodium_max,137.0,125.71955,-11.280449,-0.32229856
23,d1_sodium_min,137.0,120.18928,-16.810722,-0.46696454
23,d1_wbc_max,15.6,36.41836,20.818361,0.4638672
23,d1_wbc_min,12.4,16.460522,4.060522,0.101518124
23,apache_4a_hospital_death_prob,0.09,0.2780187,0.18801871,0.09495896
23,apache_4a_icu_death_prob,0.03,-0.89067197,-0.92067194,-0.4673462
23,aids,0.0,-0.031010557,-0.031010557,-0.031010557
23,cirrhosis,0.0,-0.45969236,-0.45969236,-0.45969236
23,diabetes_mellitus,0.0,-0.4670744,-0.4670744,-0.4670744
23,hepatic_failure,0.0,0.4650836,0.4650836,0.4650836
23,immunosuppression,0.0,0.45969236,0.45969236,0.45969236
23,leukemia,0.0,0.47409415,0.47409415,0.47409415
23,lymphoma,0.0,0.44377106,0.44377106,0.44377106
23,solid_tumor_with_metastasis,0.0,-0.46372527,-0.46372527,-0.46372527
23,apache_3j_bodysystem,1.0,-2.4792793,-3.4792793,-0.34792793
23,apache_2_bodysystem,1.0,-3.2033663,-4.2033663,-0.4670407
23,apache_3j_diagnosis_split0,10.0,7.631138,-2.3688622,-0.02153511
24,age,55.0,28.910957,-26.089043,-0.35738415
24,bmi,56.332184,33.14984,-23.182343,-0.4376499
24,elective_surgery,1.0,0.74273676,-0.25726324,-0.25726324
24,ethnicity,1.0,-0.62484825,-1.6248482,-0.27080804
24,gender,1.0,1.8054601,0.8054601,0.40273005
24,height,168.9,176.89203,7.992035,0.1368733
24,hospital_admit_source,9.0,1.9584966,-7.0415034,-0.4694336
24,icu_admit_source,3.0,5.2854886,2.2854886,0.45709774
24,icu_stay_type,1.0,1.95,0.95000005,0.47500002
24,icu_type,8.0,5.9304066,-2.0695934,-0.2956562
24,pre_icu_los_days,0.006944444,31.893774,31.88683,0.4741683
24,readmission_status,0.0,0.0,0.0,0.0
24,weight,160.7,99.43099,-61.269005,-0.4156649
24,apache_2_diagnosis,305.0,223.63466,-81.36534,-0.39306927
24,apache_3j_diagnosis,1801.02,2605.4888,804.46875,0.38307303
24,apache_post_operative,1.0,1.4128315,0.41283154,0.41283154
24,arf_apache,1.0,0.84200794,-0.15799206,-0.15799206
24,bun_apache,42.0,60.59185,18.59185,0.15115324
24,creatinine_apache,11.18,16.348,5.1679993,0.47500002
24,gcs_eyes_apache,4.0,3.9153621,-0.08463788,-0.028212607
24,gcs_motor_apache,6.0,4.00292,-1.9970798,-0.39941597
24,gcs_unable_apache,0.0,0.0,0.0,0.0
24,gcs_verbal_apache,5.0,3.5681012,-1.4318988,-0.3579747
24,glucose_apache,238.0,169.02794,-68.97206,-0.12323041
24,heart_rate_apache,109.0,142.76166,33.761658,0.22811931
24,hematocrit_apache,43.4,48.311493,4.9114914,0.13953102
24,intubated_apache,1.0,1.4312124,0.43121243,0.43121243
24,map_apache,135.0,190.02032,55.020325,0.34387702
24,resprate_apache,4.0,12.248323,8.248323,0.1472915
24,sodium_apache,135.0,153.53358,18.533585,0.45203865
24,temp_apache,35.9,32.830048,-3.069954,-0.40394133
24,ventilated_apache,1.0,1.0238008,0.02380085,0.02380085
24,wbc_apache,14.6,22.1986,7.5986004,0.16923386
24,d1_diasbp_max,81.0,72.067276,-8.932724,-0.07506491
24,d1_diasbp_min,53.0,79.04535,26.04535,0.3382513
24,d1_diasbp_noninvasive_max,81.0,90.833694,9.833694,0.08263609
24,d1_diasbp_noninvasive_min,53.0,54.702045,1.7020454,0.022104502
24,d1_heartrate_max,101.0,156.41237,55.41237,0.46565017
24,d1_heartrate_min,70.0,54.14915,-15.850849,-0.11084509
24,d1_mbp_max,116.0,90.78727,-25.21273,-0.20332846
24,d1_mbp_min,77.0,37.64333,-39.35667,-0.43729633
24,d1_mbp_noninvasive_max,116.0,70.31465,-45.68535,-0.37756488
24,d1_mbp_noninvasive_min,77.0,107.51856,30.518562,0.33909512
24,d1_resprate_max,28.0,-5.728529,-33.72853,-0.43241704
24,d1_resprate_min,13.0,-7.1877003,-20.1877,-0.28038472
24,d1_spo2_max,100.0,102.73495,2.7349472,0.031436205
24,d1_spo2_min,91.0,136.42215,45.42215,0.45422143
24,d1_sysbp_max,184.0,126.54689,-57.45311,-0.40459934
24,d1_sysbp_min,113.0,144.30814,31.308136,0.26309353
24,d1_sysbp_noninvasive_max,184.0,139.47131,-44.528687,-0.31358227
24,d1_sysbp_noninvasive_min,113.0,151.53345,38.533447,0.32389212
24,d1_temp_max,37.8,35.897007,-1.9029922,-0.3964567
24,d1_temp_min,35.7,38.293575,2.5935745,0.4387709
24,h1_diasbp_max,81.0,100.821785,19.821785,0.18699798
24,h1_diasbp_min,65.0,58.942326,-6.0576744,-0.06656784
24,h1_diasbp_noninvasive_max,81.0,85.831406,4.8314056,0.04515332
24,h1_diasbp_noninvasive_min,65.0,21.300001,-43.699997,-0.475
24,h1_heartrate_max,76.0,108.945,32.945,0.2791949
24,h1_heartrate_min,70.0,78.09671,8.09671,0.07496956
24,h1_mbp_max,116.0,96.52794,-19.472061,-0.16786262
24,h1_mbp_min,94.0,48.44247,-45.55753,-0.42978805
24,h1_mbp_noninvasive_max,116.0,85.93475,-30.065247,-0.26373026
24,h1_mbp_noninvasive_min,94.0,90.40158,-3.5984192,-0.03394735
24,h1_resprate_max,24.0,0.72500134,-23.274998,-0.47499996
24,h1_resprate_min,13.0,21.062626,8.062626,0.06832733
24,h1_spo2_max,100.0,130.30916,30.309158,0.3367684
24,h1_spo2_min,98.0,124.42348,26.423477,0.26423478
24,h1_sysbp_max,182.0,221.42915,39.429153,0.2664132
24,h1_sysbp_min,153.0,158.90332,5.9033203,0.041867495
24,h1_sysbp_noninvasive_max,182.0,111.700005,-70.299995,-0.47499996
24,h1_sysbp_noninvasive_min,153.0,138.38896,-14.611038,-0.102894664
24,h1_temp_max,35.9,37.71928,1.8192787,0.29824242
24,h1_temp_min,35.7,33.685177,-2.014824,-0.31481624
24,d1_bun_max,42.0,95.30077,53.300774,0.43689162
24,d1_bun_min,36.0,7.064966,-28.935034,-0.26283073
24,d1_calcium_max,8.6,6.732524,-1.8674765,-0.40597314
24,d1_calcium_min,8.3,8.0549555,-0.24504471,-0.05105102
24,d1_creatinine_max,11.11,16.1658,5.0558004,0.4694336
24,d1_creatinine_min,9.92,5.453989,-4.466011,-0.4633801
24,d1_glucose_max,238.0,209.35162,-28.648376,-0.053249747
24,d1_glucose_min,145.0,227.73993,82.73993,0.3244703
24,d1_hco3_max,25.0,13.145615,-11.854385,-0.4233709
24,d1_hco3_min,24.0,14.284378,-9.715622,-0.3036132
24,d1_hemaglobin_max,15.6,13.643209,-1.9567909,-0.18815303
24,d1_hemaglobin_min,14.3,9.8878765,-4.4121237,-0.3870284
24,d1_hematocrit_max,46.5,53.105537,6.6055374,0.21239662
24,d1_hematocrit_min,43.4,59.27659,15.876587,0.46833593
24,d1_platelets_max,170.0,408.25497,238.25497,0.42698023
24,d1_platelets_min,161.0,-62.578327,-223.57832,-0.41487902
24,d1_potassium_max,5.8,7.4653673,1.6653671,0.3965159
24,d1_potassium_min,4.9,5.354664,0.45466375,0.13372463
24,d1_sodium_max,135.0,151.08923,16.089233,0.4596924
24,d1_sodium_min,132.0,116.25776,-15.742241,-0.43728447
24,d1_wbc_max,14.6,-0.79496527,-15.394966,-0.34302506
24,d1_wbc_min,11.2,-5.222813,-16.422813,-0.41059083
24,apache_4a_hospital_death_prob,0.03,-0.033673048,-0.06367305,-0.032158077
24,apache_4a_icu_death_prob,0.02,-0.8355824,-0.85558236,-0.43430576
24,aids,0.0,0.02221267,0.02221267,0.02221267
24,cirrhosis,0.0,0.17943718,0.17943718,0.17943718
24,diabetes_mellitus,0.0,-0.4081694,-0.4081694,-0.4081694
24,hepatic_failure,0.0,0.18709129,0.18709129,0.18709129
24,immunosuppression,0.0,0.43245536,0.43245536,0.43245536
24,leukemia,0.0,-0.38430202,-0.38430202,-0.38430202
24,lymphoma,0.0,-0.35272026,-0.35272026,-0.35272026
24,solid_tumor_with_metastasis,0.0,-0.4095078,-0.4095078,-0.4095078
24,apache_3j_bodysystem,4.0,3.464001,-0.53599906,-0.053599924
24,apache_2_bodysystem,6.0,2.0007768,-3.9992232,-0.44435817
24,apache_3j_diagnosis_split0,56.0,12.346685,-43.653313,-0.39684832
25,age,68.0,35.27369,-32.72631,-0.44830564
25,bmi,23.945578,29.338371,5.3927937,0.101808324
25,elective_surgery,0.0,0.28168607,0.28168607,0.28168607
25,ethnicity,3.0,4.1921167,1.1921167,0.1986861
25,gender,2.0,2.7720985,0.77209854,0.38604927
25,height,157.5,144.1156,-13.384399,-0.22922418
25,hospital_admit_source,5.0,6.749937,1.749937,0.11666244
25,icu_admit_source,2.0,1.9316728,-0.06832719,-0.013665438
25,icu_stay_type,1.0,0.060385346,-0.93961465,-0.46980733
25,icu_type,6.0,4.1190147,-1.8809853,-0.2687122
25,pre_icu_los_days,2.9625,-13.456546,-16.419046,-0.24415694
25,readmission_status,0.0,0.0,0.0,0.0
25,weight,59.4,38.600723,-20.799278,-0.14110772
25,apache_2_diagnosis,303.0,392.82718,89.82718,0.43394774
25,apache_3j_diagnosis,211.09,-703.14,-914.23,-0.43533933
25,apache_post_operative,0.0,0.23204936,0.23204936,0.23204936
25,arf_apache,0.0,-0.43271923,-0.43271923,-0.43271923
25,bun_apache,21.0,26.57457,5.5745697,0.045321703
25,creatinine_apache,1.0,-4.107437,-5.107437,-0.46943358
25,gcs_eyes_apache,4.0,4.829815,0.8298149,0.276605
25,gcs_motor_apache,6.0,5.6840496,-0.3159504,-0.0631901
25,gcs_unable_apache,0.0,0.0,0.0,0.0
25,gcs_verbal_apache,5.0,4.403819,-0.5961809,-0.14904523
25,glucose_apache,71.0,292.028,221.02802,0.39490443
25,heart_rate_apache,108.0,85.17641,-22.823593,-0.15421346
25,hematocrit_apache,40.9,44.10447,3.2044678,0.09103602
25,intubated_apache,0.0,0.1108723,0.1108723,0.1108723
25,map_apache,123.0,85.652466,-37.347534,-0.2334221
25,resprate_apache,39.0,40.502262,1.5022621,0.026826084
25,sodium_apache,145.0,150.56393,5.5639343,0.13570571
25,temp_apache,36.8,37.39565,0.5956497,0.07837498
25,ventilated_apache,1.0,0.8714464,-0.12855363,-0.12855363
25,wbc_apache,8.3,0.5655424,-7.734458,-0.17225963
25,d1_diasbp_max,92.0,116.83844,24.83844,0.20872638
25,d1_diasbp_min,55.0,63.75857,8.758572,0.11374766
25,d1_diasbp_noninvasive_max,92.0,121.10664,29.106644,0.24459365
25,d1_diasbp_noninvasive_min,55.0,67.13407,12.134071,0.15758532
25,d1_heartrate_max,109.0,132.78671,23.786713,0.19988832
25,d1_heartrate_min,70.0,100.92303,30.923027,0.21624494
25,d1_mbp_max,123.0,89.87579,-33.124207,-0.26713067
25,d1_mbp_min,66.0,49.91121,-16.08879,-0.17876434
25,d1_mbp_noninvasive_max,123.0,154.37692,31.376923,0.2593134
25,d1_mbp_noninvasive_min,66.0,72.50908,6.509079,0.07232311
25,d1_resprate_max,34.0,2.4613724,-31.538628,-0.4043414
25,d1_resprate_min,10.0,-22.005732,-32.00573,-0.44452405
25,d1_spo2_max,100.0,117.6758,17.675797,0.20317006
25,d1_spo2_min,65.0,105.267975,40.267975,0.4026798
25,d1_sysbp_max,166.0,146.60658,-19.393417,-0.13657334
25,d1_sysbp_min,91.0,79.34629,-11.653709,-0.09793034
25,d1_sysbp_noninvasive_max,166.0,167.27512,1.275116,0.008979678
25,d1_sysbp_noninvasive_min,91.0,72.13553,-18.864471,-0.15856495
25,d1_temp_max,37.7,38.18511,0.48510742,0.101064086
25,d1_temp_min,36.8,38.99587,2.1958694,0.3714887
25,h1_diasbp_max,89.0,108.64555,19.645554,0.18533543
25,h1_diasbp_min,73.0,46.900368,-26.099632,-0.28680918
25,h1_diasbp_noninvasive_max,89.0,96.48292,7.482918,0.0699338
25,h1_diasbp_noninvasive_min,73.0,46.83826,-26.16174,-0.28436673
25,h1_heartrate_max,109.0,128.1264,19.126404,0.16208816
25,h1_heartrate_min,102.0,58.116875,-43.883125,-0.40632522
25,h1_mbp_max,118.0,118.815834,0.81583405,0.00703305
25,h1_mbp_min,102.0,105.84209,3.8420868,0.03624606
25,h1_mbp_noninvasive_max,118.0,110.92612,-7.073883,-0.062051594
25,h1_mbp_noninvasive_min,102.0,98.713844,-3.2861557,-0.031001508
25,h1_resprate_max,22.0,15.517759,-6.4822407,-0.13229063
25,h1_resprate_min,17.0,18.01791,1.01791,0.008626357
25,h1_spo2_max,95.0,116.932846,21.932846,0.24369836
25,h1_spo2_min,91.0,87.359116,-3.6408844,-0.03640884
25,h1_sysbp_max,166.0,141.42493,-24.575073,-0.16604781
25,h1_sysbp_min,121.0,154.22626,33.226257,0.23564723
25,h1_sysbp_noninvasive_max,166.0,172.87517,6.875168,0.046453834
25,h1_sysbp_noninvasive_min,121.0,106.64,-14.360001,-0.10112679
25,h1_temp_max,36.9,38.589344,1.6893425,0.27694136
25,h1_temp_min,36.9,37.781796,0.881794,0.13778031
25,d1_bun_max,21.0,45.21441,24.214409,0.19847877
25,d1_bun_min,21.0,-28.95042,-49.95042,-0.4537235
25,d1_calcium_max,7.7,8.06376,0.36376,0.07907826
25,d1_calcium_min,7.7,8.214624,0.5146246,0.10721347
25,d1_creatinine_max,1.0,2.6249905,1.6249905,0.1508812
25,d1_creatinine_min,1.0,-2.1717079,-3.1717079,-0.32908702
25,d1_glucose_max,307.0,212.47118,-94.528824,-0.17570415
25,d1_glucose_min,71.0,-50.124992,-121.12499,-0.47499996
25,d1_hco3_max,32.0,28.402178,-3.5978222,-0.12849367
25,d1_hco3_min,32.0,44.518097,12.518097,0.39119053
25,d1_hemaglobin_max,11.8,13.834557,2.0345564,0.1956304
25,d1_hemaglobin_min,11.8,10.024725,-1.7752752,-0.15572593
25,d1_hematocrit_max,40.9,31.483261,-9.41674,-0.30278906
25,d1_hematocrit_min,40.9,46.140392,5.240391,0.15458375
25,d1_platelets_max,205.0,347.7728,142.7728,0.25586522
25,d1_platelets_min,205.0,165.82971,-39.170288,-0.07268563
25,d1_potassium_max,4.6,5.8619375,1.2619376,0.30046138
25,d1_potassium_min,3.8,4.602082,0.8020818,0.23590639
25,d1_sodium_max,145.0,135.68849,-9.311508,-0.26604313
25,d1_sodium_min,145.0,160.29364,15.29364,0.42482328
25,d1_wbc_max,8.3,14.504701,6.2047005,0.1382509
25,d1_wbc_min,8.3,8.458657,0.15865707,0.0039666295
25,apache_4a_hospital_death_prob,0.11,0.4347068,0.3247068,0.1639933
25,apache_4a_icu_death_prob,0.05,0.050639153,0.0006391518,0.0003244877
25,aids,0.0,0.30694473,0.30694473,0.30694473
25,cirrhosis,0.0,0.39821666,0.39821666,0.39821666
25,diabetes_mellitus,0.0,0.38074303,0.38074303,0.38074303
25,hepatic_failure,0.0,0.07190615,0.07190615,0.07190615
25,immunosuppression,0.0,-0.03455625,-0.03455625,-0.03455625
25,leukemia,0.0,0.4643988,0.4643988,0.4643988
25,lymphoma,0.0,-0.17887677,-0.17887677,-0.17887677
25,solid_tumor_with_metastasis,0.0,-0.3976164,-0.3976164,-0.3976164
25,apache_3j_bodysystem,9.0,6.335724,-2.6642761,-0.26642764
25,apache_2_bodysystem,7.0,4.6299477,-2.3700523,-0.26333916
25,apache_3j_diagnosis_split0,72.0,96.7579,24.757896,0.22507179
26,age,60.0,28.111103,-31.888897,-0.43683422
26,bmi,39.843277,40.927277,1.0839996,0.02046439
26,elective_surgery,0.0,-0.18009748,-0.18009748,-0.18009748
26,ethnicity,4.0,4.263504,0.26350403,0.043917358
26,gender,1.0,0.45774937,-0.54225063,-0.27112532
26,height,154.9,171.11218,16.212189,0.2776535
26,hospital_admit_source,16.0,13.431674,-2.568326,-0.17122173
26,icu_admit_source,1.0,0.6008948,-0.3991052,-0.079821035
26,icu_stay_type,1.0,0.105658054,-0.89434195,-0.44717097
26,icu_type,6.0,8.764236,2.7642365,0.3948909
26,pre_icu_los_days,0.0,4.9771,4.9771,0.07401121
26,readmission_status,0.0,0.0,0.0,0.0
26,weight,95.6,129.20615,33.606148,0.22799286
26,apache_2_diagnosis,301.0,202.89105,-98.10895,-0.4739563
26,apache_3j_diagnosis,410.01,-141.99103,-552.00104,-0.26285264
26,apache_post_operative,0.0,-0.3480947,-0.3480947,-0.3480947
26,arf_apache,0.0,-0.0060242796,-0.0060242796,-0.0060242796
26,bun_apache,17.0,29.618612,12.618612,0.10259034
26,creatinine_apache,0.54,1.3481069,0.80810684,0.07427453
26,gcs_eyes_apache,4.0,3.7980149,-0.20198512,-0.06732839
26,gcs_motor_apache,6.0,3.8332624,-2.1667376,-0.43334752
26,gcs_unable_apache,0.0,0.0,0.0,0.0
26,gcs_verbal_apache,3.0,1.4072882,-1.5927118,-0.39817795
26,glucose_apache,151.0,360.60236,209.60236,0.3744905
26,heart_rate_apache,109.0,135.03441,26.034409,0.17590815
26,hematocrit_apache,40.9,26.573303,-14.326698,-0.40700847
26,intubated_apache,1.0,0.525,-0.47500002,-0.47500002
26,map_apache,130.0,182.41838,52.41838,0.3276149
26,resprate_apache,53.0,65.55919,12.559189,0.22427118
26,sodium_apache,142.0,151.79129,9.79129,0.23881197
26,temp_apache,36.0,33.854656,-2.1453438,-0.28228205
26,ventilated_apache,1.0,1.3148293,0.31482935,0.31482935
26,wbc_apache,12.6,0.98586875,-11.614132,-0.25866663
26,d1_diasbp_max,91.0,114.71953,23.719528,0.19932374
26,d1_diasbp_min,46.0,18.35952,-27.64048,-0.35896727
26,d1_diasbp_noninvasive_max,91.0,130.1098,39.109802,0.32865378
26,d1_diasbp_noninvasive_min,46.0,15.722343,-30.277657,-0.3932163
26,d1_heartrate_max,108.0,159.37521,51.375214,0.43172446
26,d1_heartrate_min,74.0,42.316784,-31.683216,-0.22156096
26,d1_mbp_max,130.0,123.05423,-6.9457703,-0.0560143
26,d1_mbp_min,66.0,27.363575,-38.636425,-0.4292936
26,d1_mbp_noninvasive_max,130.0,134.39651,4.396515,0.036334872
26,d1_mbp_noninvasive_min,66.0,62.57218,-3.4278183,-0.03808686
26,d1_resprate_max,35.0,70.69319,35.69319,0.457605
26,d1_resprate_min,16.0,20.96118,4.9611797,0.06890528
26,d1_spo2_max,99.0,135.91823,36.91823,0.42434752
26,d1_spo2_min,89.0,48.239677,-40.760323,-0.4076032
26,d1_sysbp_max,198.0,265.2948,67.2948,0.473907
26,d1_sysbp_min,95.0,43.9272,-51.0728,-0.4291832
26,d1_sysbp_noninvasive_max,198.0,189.79892,-8.20108,-0.0577541
26,d1_sysbp_noninvasive_min,95.0,61.12461,-33.87539,-0.2847389
26,d1_temp_max,38.1,38.496025,0.3960266,0.082505524
26,d1_temp_min,36.2,37.656662,1.4566612,0.2464323
26,h1_diasbp_max,71.0,85.35341,14.353409,0.13540953
26,h1_diasbp_min,51.0,28.738634,-22.261366,-0.2446304
26,h1_diasbp_noninvasive_max,71.0,97.760895,26.760895,0.2501018
26,h1_diasbp_noninvasive_min,51.0,42.081024,-8.918976,-0.096945405
26,h1_heartrate_max,87.0,136.29236,49.29236,0.41773185
26,h1_heartrate_min,74.0,99.63412,25.634117,0.23735294
26,h1_mbp_max,102.0,97.76443,-4.235573,-0.036513537
26,h1_mbp_min,72.0,38.96547,-33.03453,-0.31164652
26,h1_mbp_noninvasive_max,102.0,114.80526,12.80526,0.1123268
26,h1_mbp_noninvasive_min,72.0,99.66733,27.667328,0.2610125
26,h1_resprate_max,20.0,27.099731,7.0997314,0.14489247
26,h1_resprate_min,17.0,-34.428364,-51.428364,-0.4358336
26,h1_spo2_max,98.0,92.54792,-5.45208,-0.060578644
26,h1_spo2_min,89.0,74.154915,-14.845085,-0.14845085
26,h1_sysbp_max,158.0,111.44008,-46.55992,-0.31459406
26,h1_sysbp_min,101.0,83.53476,-17.46524,-0.123866946
26,h1_sysbp_noninvasive_max,158.0,198.23114,40.23114,0.27183205
26,h1_sysbp_noninvasive_min,101.0,79.56769,-21.432312,-0.15093178
26,h1_temp_max,36.2,33.60769,-2.5923119,-0.42496914
26,h1_temp_min,36.2,33.271328,-2.9286728,-0.45760512
26,d1_bun_max,17.0,19.139404,2.1394043,0.017536104
26,d1_bun_min,17.0,-31.692524,-48.692524,-0.44229746
26,d1_calcium_max,7.9,8.912451,1.0124507,0.22009799
26,d1_calcium_min,7.9,8.456827,0.55682707,0.11600566
26,d1_creatinine_max,0.64,4.413491,3.773491,0.3503705
26,d1_creatinine_min,0.64,0.4371868,-0.20281318,-0.021043293
26,d1_glucose_max,148.0,232.49405,84.49405,0.15705214
26,d1_glucose_min,127.0,176.18066,49.180664,0.19286534
26,d1_hco3_max,39.0,44.21456,5.2145615,0.18623435
26,d1_hco3_min,7.0,-7.84375,-14.84375,-0.4638672
26,d1_hemaglobin_max,12.8,17.096218,4.296218,0.41309792
26,d1_hemaglobin_min,12.8,7.842294,-4.957706,-0.43488646
26,d1_hematocrit_max,41.4,53.037766,11.637764,0.37420452
26,d1_hematocrit_min,41.4,50.05182,8.651817,0.25521594
26,d1_platelets_max,195.0,424.50235,229.50235,0.41129452
26,d1_platelets_min,195.0,-57.977764,-252.97777,-0.46943358
26,d1_potassium_max,4.3,5.61625,1.3162498,0.31339282
26,d1_potassium_min,4.3,4.2659473,-0.03405285,-0.010015547
26,d1_sodium_max,143.0,138.28455,-4.715454,-0.1347273
26,d1_sodium_min,143.0,125.9,-17.099998,-0.47499996
26,d1_wbc_max,10.7,19.583115,8.883115,0.19793035
26,d1_wbc_min,10.7,7.6291337,-3.070866,-0.076775506
26,apache_4a_hospital_death_prob,0.09,-0.5729363,-0.66293633,-0.3348163
26,apache_4a_icu_death_prob,0.05,-0.1365552,-0.18655519,-0.09469801
26,aids,0.0,0.33811164,0.33811164,0.33811164
26,cirrhosis,0.0,-0.29115504,-0.29115504,-0.29115504
26,diabetes_mellitus,1.0,0.92107815,-0.078921854,-0.078921854
26,hepatic_failure,0.0,-0.042086486,-0.042086486,-0.042086486
26,immunosuppression,0.0,-0.10586253,-0.10586253,-0.10586253
26,leukemia,0.0,0.19806845,0.19806845,0.19806845
26,lymphoma,0.0,0.15490851,0.15490851,0.15490851
26,solid_tumor_with_metastasis,0.0,-0.19043633,-0.19043633,-0.19043633
26,apache_3j_bodysystem,8.0,10.408776,2.4087763,0.24087763
26,apache_2_bodysystem,5.0,1.4221971,-3.577803,-0.39753366
26,apache_3j_diagnosis_split0,96.0,129.52309,33.523087,0.30475533
27,age,81.0,106.80235,25.802353,0.3534569
27,bmi,38.347206,21.29748,-17.049726,-0.32187477
27,elective_surgery,1.0,1.2612705,0.26127052,0.26127052
27,ethnicity,3.0,4.543997,1.5439968,0.25733277
27,gender,2.0,1.2658834,-0.73411655,-0.36705828
27,height,174.0,166.1094,-7.8905945,-0.13513607
27,hospital_admit_source,9.0,16.125,7.125,0.47499996
27,icu_admit_source,3.0,4.620205,1.6202049,0.32404098
27,icu_stay_type,1.0,0.21499586,-0.78500414,-0.39250207
27,icu_type,6.0,4.6146774,-1.3853226,-0.19790322
27,pre_icu_los_days,0.01875,9.62596,9.60721,0.14286256
27,readmission_status,0.0,0.0,0.0,0.0
27,weight,116.1,123.20114,7.101143,0.04817599
27,apache_2_diagnosis,202.0,285.79926,83.799255,0.40482733
27,apache_3j_diagnosis,1204.01,262.67404,-941.33594,-0.4482467
27,apache_post_operative,1.0,0.91688293,-0.08311707,-0.08311707
27,arf_apache,0.0,-0.4549175,-0.4549175,-0.4549175
27,bun_apache,11.0,-21.414429,-32.41443,-0.26353195
27,creatinine_apache,1.2,-0.24448705,-1.4444871,-0.13276535
27,gcs_eyes_apache,4.0,3.1698864,-0.83011365,-0.27670455
27,gcs_motor_apache,6.0,8.224517,2.2245169,0.44490337
27,gcs_unable_apache,0.0,0.0,0.0,0.0
27,gcs_verbal_apache,5.0,3.1974123,-1.8025877,-0.45064694
27,glucose_apache,183.0,304.19427,121.194275,0.21653435
27,heart_rate_apache,84.0,140.49352,56.493515,0.38171294
27,hematocrit_apache,43.2,36.641953,-6.5580482,-0.1863082
27,intubated_apache,0.0,0.20347203,0.20347203,0.20347203
27,map_apache,126.0,189.03586,63.03586,0.39397407
27,resprate_apache,4.0,30.6,26.6,0.475
27,sodium_apache,140.0,153.61072,13.610718,0.33196872
27,temp_apache,36.3,38.96105,2.661049,0.350138
27,ventilated_apache,0.0,0.011783944,0.011783944,0.011783944
27,wbc_apache,6.5,25.18263,18.68263,0.41609424
27,d1_diasbp_max,88.0,72.08437,-15.915627,-0.13374478
27,d1_diasbp_min,63.0,91.758,28.758003,0.37348056
27,d1_diasbp_noninvasive_max,88.0,100.87863,12.878632,0.108223796
27,d1_diasbp_noninvasive_min,63.0,31.019196,-31.980804,-0.41533512
27,d1_heartrate_max,89.0,135.35022,46.35022,0.3894976
27,d1_heartrate_min,68.0,105.72669,37.726692,0.26382303
27,d1_mbp_max,126.0,128.59357,2.593567,0.020915806
27,d1_mbp_min,82.0,97.11983,15.119827,0.16799808
27,d1_mbp_noninvasive_max,126.0,71.77692,-54.223083,-0.44812468
27,d1_mbp_noninvasive_min,82.0,50.744186,-31.255814,-0.34728685
27,d1_resprate_max,25.0,17.677385,-7.3226147,-0.093879685
27,d1_resprate_min,16.0,34.45227,18.45227,0.25628155
27,d1_spo2_max,96.0,116.500885,20.500885,0.23564231
27,d1_spo2_min,91.0,128.11325,37.11325,0.37113243
27,d1_sysbp_max,170.0,205.01376,35.013763,0.24657577
27,d1_sysbp_min,118.0,72.99529,-45.004707,-0.37819085
27,d1_sysbp_noninvasive_max,170.0,232.00261,62.00261,0.43663806
27,d1_sysbp_noninvasive_min,118.0,68.587585,-49.412415,-0.41533512
27,d1_temp_max,37.1,38.45603,1.3560333,0.2825069
27,d1_temp_min,36.3,34.98827,-1.3117294,-0.22191328
27,h1_diasbp_max,77.0,102.94158,25.941582,0.2447319
27,h1_diasbp_min,64.0,91.334114,27.334114,0.3003749
27,h1_diasbp_noninvasive_max,77.0,124.29864,47.298637,0.44204333
27,h1_diasbp_noninvasive_min,64.0,104.79098,40.790977,0.44338018
27,h1_heartrate_max,72.0,125.17633,53.17633,0.45064688
27,h1_heartrate_min,68.0,119.299995,51.299995,0.47499996
27,h1_mbp_max,103.0,48.013504,-54.986496,-0.47402152
27,h1_mbp_min,82.0,40.340508,-41.659492,-0.39301407
27,h1_mbp_noninvasive_max,103.0,136.85376,33.85376,0.29696277
27,h1_mbp_noninvasive_min,82.0,122.03833,40.03833,0.37772012
27,h1_resprate_max,22.0,19.768745,-2.2312546,-0.045535803
27,h1_resprate_min,20.0,49.48072,29.48072,0.24983662
27,h1_spo2_max,96.0,124.15201,28.152008,0.31280005
27,h1_spo2_min,92.0,118.81788,26.817879,0.26817876
27,h1_sysbp_max,165.0,179.99886,14.998856,0.10134363
27,h1_sysbp_min,140.0,167.54114,27.541138,0.19532722
27,h1_sysbp_noninvasive_max,165.0,216.44334,51.443344,0.34759015
27,h1_sysbp_noninvasive_min,140.0,119.09288,-20.90712,-0.14723328
27,h1_temp_max,37.1,35.666122,-1.433876,-0.23506165
27,h1_temp_min,36.4,34.644573,-1.7554283,-0.27428567
27,d1_bun_max,11.0,48.632874,37.632874,0.3084662
27,d1_bun_min,11.0,-21.216564,-32.216564,-0.29263842
27,d1_calcium_max,8.6,9.636062,1.0360613,0.22523075
27,d1_calcium_min,8.6,6.598327,-2.0016732,-0.41701522
27,d1_creatinine_max,1.2,4.0842457,2.8842456,0.26780367
27,d1_creatinine_min,1.2,5.6412745,4.4412746,0.46081346
27,d1_glucose_max,183.0,417.9112,234.9112,0.43663788
27,d1_glucose_min,154.0,48.52353,-105.47647,-0.41363323
27,d1_hco3_max,32.0,34.29447,2.2944717,0.08194542
27,d1_hco3_min,32.0,18.186316,-13.813684,-0.43167764
27,d1_hemaglobin_max,14.3,16.594654,2.294654,0.22063982
27,d1_hemaglobin_min,14.3,13.309511,-0.990489,-0.086885035
27,d1_hematocrit_max,43.2,44.57354,1.373539,0.044165254
27,d1_hematocrit_min,43.2,27.923065,-15.276936,-0.45064703
27,d1_platelets_max,104.0,357.08972,253.08972,0.4535658
27,d1_platelets_min,104.0,344.80392,240.80392,0.44684345
27,d1_potassium_max,3.3,5.0751925,1.7751925,0.42266488
27,d1_potassium_min,3.3,1.756408,-1.543592,-0.4539976
27,d1_sodium_max,140.0,153.57751,13.577515,0.387929
27,d1_sodium_min,140.0,124.61462,-15.385384,-0.42737177
27,d1_wbc_max,6.5,23.53972,17.03972,0.37967288
27,d1_wbc_min,6.5,14.939086,8.439086,0.21098772
27,apache_4a_hospital_death_prob,0.01,-0.5082372,-0.5182372,-0.26173598
27,apache_4a_icu_death_prob,0.01,-0.92574996,-0.93574995,-0.475
27,aids,0.0,0.116007864,0.116007864,0.116007864
27,cirrhosis,0.0,0.46943358,0.46943358,0.46943358
27,diabetes_mellitus,1.0,1.106673,0.106673,0.106673
27,hepatic_failure,0.0,-0.4075129,-0.4075129,-0.4075129
27,immunosuppression,0.0,-0.475,-0.475,-0.475
27,leukemia,0.0,0.4469316,0.4469316,0.4469316
27,lymphoma,0.0,0.44229734,0.44229734,0.44229734
27,solid_tumor_with_metastasis,0.0,0.39861423,0.39861423,0.39861423
27,apache_3j_bodysystem,1.0,3.695626,2.695626,0.2695626
27,apache_2_bodysystem,1.0,0.76342237,-0.23657763,-0.026286403
27,apache_3j_diagnosis_split0,17.0,67.33655,50.336548,0.457605
28,age,76.0,93.19376,17.193764,0.23553103
28,bmi,37.101406,17.165052,-19.936354,-0.37637022
28,elective_surgery,1.0,1.3896475,0.38964748,0.38964748
28,ethnicity,3.0,0.26558703,-2.734413,-0.4557355
28,gender,1.0,0.25519335,-0.74480665,-0.37240332
28,height,147.3,140.47969,-6.8203125,-0.11680617
28,hospital_admit_source,7.0,-0.10412574,-7.104126,-0.47360837
28,icu_admit_source,3.0,4.297262,1.2972622,0.25945243
28,icu_stay_type,1.0,1.9499999,0.9499999,0.47499996
28,icu_type,7.0,5.7731514,-1.2268486,-0.17526412
28,pre_icu_los_days,0.001388889,-31.239504,-31.240892,-0.46456298
28,readmission_status,0.0,0.0,0.0,0.0
28,weight,80.5,12.12598,-68.37402,-0.4638672
28,apache_2_diagnosis,219.0,134.04105,-84.958954,-0.41042975
28,apache_3j_diagnosis,1504.05,2213.5183,709.46826,0.33783555
28,apache_post_operative,1.0,1.3388963,0.33889627,0.33889627
28,arf_apache,0.0,-0.17803237,-0.17803237,-0.17803237
28,bun_apache,14.0,28.679499,14.679499,0.119345516
28,creatinine_apache,0.41,3.593543,3.183543,0.29260507
28,gcs_eyes_apache,4.0,2.769407,-1.230593,-0.41019768
28,gcs_motor_apache,6.0,3.625,-2.375,-0.47500002
28,gcs_unable_apache,0.0,0.0,0.0,0.0
28,gcs_verbal_apache,5.0,5.018919,0.018918991,0.004729748
28,glucose_apache,258.0,516.63995,258.63995,0.4621046
28,heart_rate_apache,55.0,-7.7466583,-62.74666,-0.4239639
28,hematocrit_apache,40.2,40.524853,0.324852,0.009228706
28,intubated_apache,1.0,1.2735629,0.2735629,0.2735629
28,map_apache,172.0,247.50465,75.504654,0.4719041
28,resprate_apache,7.0,-17.283037,-24.283037,-0.43362567
28,sodium_apache,135.0,145.20337,10.203369,0.24886268
28,temp_apache,36.2,39.693665,3.4936638,0.4596926
28,ventilated_apache,1.0,0.8013682,-0.19863182,-0.19863182
28,wbc_apache,17.3,-0.8088237,-18.108824,-0.40331453
28,d1_diasbp_max,84.0,138.7034,54.7034,0.45969245
28,d1_diasbp_min,52.0,34.450966,-17.549034,-0.22790954
28,d1_diasbp_noninvasive_max,84.0,30.829176,-53.170822,-0.44681364
28,d1_diasbp_noninvasive_min,52.0,64.73158,12.731583,0.16534525
28,d1_heartrate_max,89.0,35.472046,-53.527954,-0.44981474
28,d1_heartrate_min,55.0,14.331082,-40.66892,-0.28439802
28,d1_mbp_max,120.0,173.98206,53.982056,0.43533918
28,d1_mbp_min,71.0,34.483223,-36.516777,-0.40574196
28,d1_mbp_noninvasive_max,120.0,82.230576,-37.769424,-0.31214398
28,d1_mbp_noninvasive_min,71.0,28.343933,-42.656067,-0.4739563
28,d1_resprate_max,22.0,52.711864,30.711864,0.39374185
28,d1_resprate_min,14.0,14.212529,0.21252918,0.002951786
28,d1_spo2_max,100.0,111.84251,11.842506,0.1361208
28,d1_spo2_min,96.0,101.1379,5.1379013,0.051379025
28,d1_sysbp_max,184.0,167.7615,-16.238495,-0.114355564
28,d1_sysbp_min,99.0,152.54419,53.54419,0.44995114
28,d1_sysbp_noninvasive_max,184.0,116.549995,-67.450005,-0.47500002
28,d1_sysbp_noninvasive_min,99.0,99.05986,0.05986023,0.0005031526
28,d1_temp_max,37.3,36.034836,-1.2651634,-0.26357567
28,d1_temp_min,36.0,38.660545,2.6605453,0.45010072
28,h1_diasbp_max,60.0,48.562977,-11.437023,-0.10789644
28,h1_diasbp_min,60.0,73.33067,13.330673,0.1464909
28,h1_diasbp_noninvasive_max,60.0,57.0308,-2.9692001,-0.027749538
28,h1_diasbp_noninvasive_min,60.0,26.407211,-33.59279,-0.365139
28,h1_heartrate_max,67.0,73.03584,6.035843,0.051151216
28,h1_heartrate_min,67.0,118.3,51.300003,0.475
28,h1_mbp_max,87.0,55.31514,-31.68486,-0.27314535
28,h1_mbp_min,87.0,69.03698,-17.96302,-0.16946244
28,h1_mbp_noninvasive_max,87.0,40.921,-46.079,-0.40420175
28,h1_mbp_noninvasive_min,87.0,101.007164,14.007164,0.13214308
28,h1_resprate_max,16.0,31.44213,15.442129,0.3151455
28,h1_resprate_min,16.0,72.049995,56.049995,0.47499996
28,h1_spo2_max,99.0,71.28765,-27.712349,-0.30791497
28,h1_spo2_min,97.0,81.24247,-15.75753,-0.15757531
28,h1_sysbp_max,143.0,96.72358,-46.27642,-0.31267852
28,h1_sysbp_min,143.0,120.44893,-22.551071,-0.15993667
28,h1_sysbp_noninvasive_max,143.0,181.87097,38.87097,0.2626417
28,h1_sysbp_noninvasive_min,143.0,210.45,67.45,0.47499996
28,h1_temp_max,36.3,34.40721,-1.8927879,-0.31029314
28,h1_temp_min,36.3,35.528713,-0.771286,-0.12051344
28,d1_bun_max,14.0,70.082466,56.082466,0.45969233
28,d1_bun_min,12.0,49.1072,37.1072,0.33706242
28,d1_calcium_max,8.2,6.015,-2.185,-0.475
28,d1_calcium_min,8.0,10.057805,2.057805,0.4287094
28,d1_creatinine_max,0.45,5.414406,4.964406,0.46094757
28,d1_creatinine_min,0.41,-1.1563127,-1.5663127,-0.16251597
28,d1_glucose_max,258.0,196.29678,-61.703217,-0.11468999
28,d1_glucose_min,190.0,290.50836,100.50836,0.39415038
28,d1_hco3_max,25.0,36.7586,11.758598,0.41994998
28,d1_hco3_min,24.0,20.82433,-3.1756706,-0.09923971
28,d1_hemaglobin_max,13.8,8.860001,-4.9399996,-0.47499996
28,d1_hemaglobin_min,13.6,8.88439,-4.7156105,-0.41365004
28,d1_hematocrit_max,40.7,26.553017,-14.146984,-0.45488694
28,d1_hematocrit_min,40.2,24.76859,-15.43141,-0.4552038
28,d1_platelets_max,176.0,49.437946,-126.56206,-0.2268137
28,d1_platelets_min,160.0,-65.936676,-225.93668,-0.41925526
28,d1_potassium_max,4.8,6.475072,1.6750717,0.3988266
28,d1_potassium_min,3.8,5.415,1.615,0.475
28,d1_sodium_max,138.0,154.625,16.625,0.475
28,d1_sodium_min,135.0,119.32778,-15.672218,-0.4353394
28,d1_wbc_max,17.3,4.3233957,-12.9766035,-0.28914
28,d1_wbc_min,17.2,6.2755423,-10.9244585,-0.2731251
28,apache_4a_hospital_death_prob,0.03,-0.7510716,-0.78107154,-0.39448056
28,apache_4a_icu_death_prob,0.01,-0.30127746,-0.31127745,-0.15800887
28,aids,0.0,-0.3839892,-0.3839892,-0.3839892
28,cirrhosis,0.0,0.2001131,0.2001131,0.2001131
28,diabetes_mellitus,1.0,0.61713773,-0.38286227,-0.38286227
28,hepatic_failure,0.0,-0.025619984,-0.025619984,-0.025619984
28,immunosuppression,0.0,-0.0881249,-0.0881249,-0.0881249
28,leukemia,0.0,0.31774086,0.31774086,0.31774086
28,lymphoma,0.0,-0.44478023,-0.44478023,-0.44478023
28,solid_tumor_with_metastasis,0.0,-0.2380109,-0.2380109,-0.2380109
28,apache_3j_bodysystem,8.0,12.75,4.75,0.47499996
28,apache_2_bodysystem,5.0,1.6525133,-3.3474867,-0.37194297
28,apache_3j_diagnosis_split0,45.0,94.40592,49.405922,0.44914475
29,age,89.0,68.10101,-20.898987,-0.2862875
29,bmi,25.57505,42.476067,16.901016,0.31906736
29,elective_surgery,0.0,-0.44976634,-0.44976634,-0.44976634
29,ethnicity,3.0,5.540025,2.5400252,0.42333755
29,gender,1.0,0.8621786,-0.13782138,-0.06891069
29,height,152.4,140.27711,-12.122879,-0.20761909
29,hospital_admit_source,5.0,11.968445,6.968445,0.46456298
29,icu_admit_source,2.0,0.6660888,-1.3339112,-0.26678222
29,icu_stay_type,1.0,0.12653804,-0.87346196,-0.43673098
29,icu_type,8.0,8.775844,0.7758436,0.11083484
29,pre_icu_los_days,0.9131944,21.770742,20.857548,0.31015903
29,readmission_status,0.0,0.0,0.0,0.0
29,weight,59.4,74.189735,14.789734,0.100337416
29,apache_2_diagnosis,301.0,205.12354,-95.876465,-0.46317136
29,apache_3j_diagnosis,403.01,-408.27585,-811.2859,-0.38631922
29,apache_post_operative,0.0,-0.42743337,-0.42743337,-0.42743337
29,arf_apache,0.0,0.43527055,0.43527055,0.43527055
29,bun_apache,12.0,37.60832,25.608318,0.20819771
29,creatinine_apache,0.66,-4.3670816,-5.0270815,-0.46204796
29,gcs_eyes_apache,1.0,0.3022933,-0.6977067,-0.2325689
29,gcs_motor_apache,1.0,0.57429886,-0.42570114,-0.08514023
29,gcs_unable_apache,0.0,0.0,0.0,0.0
29,gcs_verbal_apache,1.0,-0.80529475,-1.8052948,-0.4513237
29,glucose_apache,125.0,229.16531,104.16531,0.18610919
29,heart_rate_apache,108.0,128.8699,20.869904,0.1410129
29,hematocrit_apache,35.7,33.020096,-2.679905,-0.07613364
29,intubated_apache,0.0,0.17270601,0.17270601,0.17270601
29,map_apache,121.0,55.798832,-65.20117,-0.40750733
29,resprate_apache,11.0,3.159616,-7.840384,-0.14000686
29,sodium_apache,140.0,150.54688,10.546875,0.25724083
29,temp_apache,36.8,40.41,3.6100006,0.47500008
29,ventilated_apache,0.0,0.450647,0.450647,0.450647
29,wbc_apache,6.0,-14.889046,-20.889046,-0.46523485
29,d1_diasbp_max,98.0,137.96974,39.96974,0.3358802
29,d1_diasbp_min,55.0,86.30104,31.30104,0.40650702
29,d1_diasbp_noninvasive_max,98.0,50.315712,-47.684288,-0.40070832
29,d1_diasbp_noninvasive_min,55.0,38.210857,-16.789143,-0.21804082
29,d1_heartrate_max,101.0,144.97795,43.97795,0.3695626
29,d1_heartrate_min,71.0,41.16962,-29.83038,-0.20860407
29,d1_mbp_max,121.0,116.40399,-4.5960083,-0.037064582
29,d1_mbp_min,80.0,45.78017,-34.21983,-0.38022035
29,d1_mbp_noninvasive_max,121.0,69.90545,-51.09455,-0.422269
29,d1_mbp_noninvasive_min,80.0,114.59586,34.595863,0.38439846
29,d1_resprate_max,22.0,20.695887,-1.3041134,-0.0167194
29,d1_resprate_min,11.0,-4.7969303,-15.79693,-0.2194018
29,d1_spo2_max,100.0,95.344894,-4.6551056,-0.05350697
29,d1_spo2_min,89.0,41.5,-47.5,-0.475
29,d1_sysbp_max,181.0,241.65192,60.651917,0.42712617
29,d1_sysbp_min,105.0,160.294,55.294006,0.46465546
29,d1_sysbp_noninvasive_max,181.0,131.30022,-49.699783,-0.34999847
29,d1_sysbp_noninvasive_min,105.0,151.00099,46.00099,0.38666046
29,d1_temp_max,37.1,35.224514,-1.8754845,-0.3907259
29,d1_temp_min,36.8,38.387096,1.5870972,0.26849902
29,h1_diasbp_max,63.0,104.80349,41.80349,0.39437258
29,h1_diasbp_min,55.0,32.73705,-22.26295,-0.24464783
29,h1_diasbp_noninvasive_max,63.0,29.065462,-33.93454,-0.31714523
29,h1_diasbp_noninvasive_min,55.0,55.083157,0.083156586,0.00090387464
29,h1_heartrate_max,85.0,89.646225,4.646225,0.0393748
29,h1_heartrate_min,71.0,100.53136,29.531357,0.27343848
29,h1_mbp_max,86.0,32.12012,-53.87988,-0.4644817
29,h1_mbp_min,80.0,31.879944,-48.120056,-0.4539628
29,h1_mbp_noninvasive_max,86.0,50.587013,-35.412987,-0.31064025
29,h1_mbp_noninvasive_min,80.0,66.29593,-13.704071,-0.1292837
29,h1_resprate_max,20.0,40.95432,20.954319,0.42763913
29,h1_resprate_min,11.0,39.943684,28.943684,0.24528547
29,h1_spo2_max,99.0,91.59183,-7.4081726,-0.082313
29,h1_spo2_min,92.0,101.656654,9.656654,0.0965665
29,h1_sysbp_max,120.0,65.227554,-54.772446,-0.3700841
29,h1_sysbp_min,105.0,160.57474,55.574738,0.3941471
29,h1_sysbp_noninvasive_max,120.0,78.94913,-41.050873,-0.27737075
29,h1_sysbp_noninvasive_min,105.0,61.22695,-43.77305,-0.3082609
29,h1_temp_max,37.1,34.758514,-2.341484,-0.38384986
29,h1_temp_min,36.8,38.66249,1.8624916,0.2910143
29,d1_bun_max,12.0,-43.1487,-55.1487,-0.45203853
29,d1_bun_min,12.0,4.9434695,-7.0565305,-0.06409784
29,d1_calcium_max,8.7,7.9656277,-0.73437214,-0.1596461
29,d1_calcium_min,8.7,8.962084,0.262084,0.054600835
29,d1_creatinine_max,0.66,-1.8608888,-2.5208888,-0.23406582
29,d1_creatinine_min,0.66,0.8106445,0.15064448,0.015630424
29,d1_glucose_max,125.0,379.41653,254.41653,0.4728932
29,d1_glucose_min,110.0,207.91772,97.917725,0.3839911
29,d1_hco3_max,28.0,38.846157,10.846157,0.38736272
29,d1_hco3_min,28.0,13.75235,-14.24765,-0.44523907
29,d1_hemaglobin_max,12.2,7.5132713,-4.6867285,-0.45064697
29,d1_hemaglobin_min,11.3,8.928221,-2.3717794,-0.20805085
29,d1_hematocrit_max,39.5,52.486343,12.986343,0.41756725
29,d1_hematocrit_min,35.7,30.163452,-5.5365486,-0.16332
29,d1_platelets_max,140.0,247.60263,107.60263,0.19283625
29,d1_platelets_min,128.0,-89.59346,-217.59346,-0.40377334
29,d1_potassium_max,4.2,5.69688,1.49688,0.3564
29,d1_potassium_min,4.2,5.1363797,0.9363799,0.27540582
29,d1_sodium_max,140.0,156.625,16.625,0.475
29,d1_sodium_min,140.0,135.74088,-4.2591248,-0.11830902
29,d1_wbc_max,7.2,-9.523381,-16.723381,-0.37262434
29,d1_wbc_min,6.0,5.1810346,-0.81896544,-0.020475164
29,apache_4a_hospital_death_prob,0.61,0.36073053,-0.24926949,-0.12589371
29,apache_4a_icu_death_prob,0.31,0.36666048,0.056660473,0.028761685
29,aids,0.0,0.46469346,0.46469346,0.46469346
29,cirrhosis,0.0,-0.13784723,-0.13784723,-0.13784723
29,diabetes_mellitus,0.0,0.1986752,0.1986752,0.1986752
29,hepatic_failure,0.0,-0.38450933,-0.38450933,-0.38450933
29,immunosuppression,0.0,-0.3401199,-0.3401199,-0.3401199
29,leukemia,0.0,-0.06624426,-0.06624426,-0.06624426
29,lymphoma,0.0,0.14392038,0.14392038,0.14392038
29,solid_tumor_with_metastasis,0.0,0.16279575,0.16279575,0.16279575
29,apache_3j_bodysystem,8.0,6.955989,-1.0440111,-0.10440111
29,apache_2_bodysystem,5.0,3.955584,-1.044416,-0.11604622
29,apache_3j_diagnosis_split0,89.0,52.37008,-36.62992,-0.3329993
30,age,59.0,28.563313,-30.436687,-0.41694093
30,bmi,37.301083,33.5848,-3.716282,-0.070158154
30,elective_surgery,0.0,-0.008512809,-0.008512809,-0.008512809
30,ethnicity,4.0,5.5052032,1.5052032,0.2508672
30,gender,2.0,1.083164,-0.916836,-0.458418
30,height,157.5,169.00447,11.504471,0.1970281
30,hospital_admit_source,4.0,6.0501113,2.0501113,0.13667409
30,icu_admit_source,1.0,3.1766968,2.1766968,0.43533936
30,icu_stay_type,1.0,1.7952226,0.79522264,0.39761132
30,icu_type,1.0,-2.1253047,-3.1253047,-0.4464721
30,pre_icu_los_days,0.01736111,26.401329,26.383968,0.39233884
30,readmission_status,0.0,0.0,0.0,0.0
30,weight,92.53,60.05686,-32.473137,-0.22030623
30,apache_2_diagnosis,301.0,335.8693,34.869293,0.16845065
30,apache_3j_diagnosis,410.01,-534.5024,-944.5124,-0.44975924
30,apache_post_operative,0.0,0.37229002,0.37229002,0.37229002
30,arf_apache,0.0,0.44398528,0.44398528,0.44398528
30,bun_apache,15.0,53.60812,38.60812,0.31388715
30,creatinine_apache,1.25,0.4112122,-0.8387878,-0.077094465
30,gcs_eyes_apache,4.0,2.6209226,-1.3790774,-0.45969248
30,gcs_motor_apache,6.0,3.8233032,-2.1766968,-0.43533933
30,gcs_unable_apache,0.0,0.0,0.0,0.0
30,gcs_verbal_apache,5.0,3.132007,-1.8679931,-0.46699828
30,glucose_apache,105.0,87.44464,-17.555359,-0.031365655
30,heart_rate_apache,97.0,56.656647,-40.343353,-0.27259022
30,hematocrit_apache,35.3,34.320213,-0.9797859,-0.027834833
30,intubated_apache,0.0,0.115303054,0.115303054,0.115303054
30,map_apache,118.0,154.90158,36.90158,0.23063487
30,resprate_apache,32.0,17.76231,-14.23769,-0.25424445
30,sodium_apache,141.0,132.08934,-8.91066,-0.21733314
30,temp_apache,36.9,40.285007,3.385006,0.44539553
30,ventilated_apache,0.0,0.45496315,0.45496315,0.45496315
30,wbc_apache,6.6,5.0368843,-1.5631156,-0.03481327
30,d1_diasbp_max,107.0,125.50151,18.50151,0.15547484
30,d1_diasbp_min,58.0,51.523605,-6.4763947,-0.08410901
30,d1_diasbp_noninvasive_max,107.0,162.2002,55.200195,0.4638672
30,d1_diasbp_noninvasive_min,58.0,64.39354,6.3935394,0.083033025
30,d1_heartrate_max,97.0,141.14989,44.149887,0.37100747
30,d1_heartrate_min,80.0,116.74556,36.74556,0.25696194
30,d1_mbp_max,118.0,64.17861,-53.82139,-0.43404347
30,d1_mbp_min,79.0,82.67029,3.670288,0.04078096
30,d1_mbp_noninvasive_max,118.0,77.67633,-40.32367,-0.33325347
30,d1_mbp_noninvasive_min,79.0,50.68621,-28.31379,-0.31459767
30,d1_resprate_max,32.0,39.68002,7.6800194,0.09846179
30,d1_resprate_min,17.0,25.07365,8.07365,0.11213404
30,d1_spo2_max,100.0,58.809944,-41.190056,-0.47344893
30,d1_spo2_min,96.0,55.61226,-40.38774,-0.40387738
30,d1_sysbp_max,148.0,91.363846,-56.636154,-0.39884615
30,d1_sysbp_min,110.0,54.9163,-55.0837,-0.46288824
30,d1_sysbp_noninvasive_max,148.0,175.99387,27.993866,0.19713989
30,d1_sysbp_noninvasive_min,110.0,91.430954,-18.569046,-0.15608174
30,d1_temp_max,37.9,39.376938,1.4769363,0.30769503
30,d1_temp_min,36.8,35.637234,-1.1627655,-0.19671214
30,h1_diasbp_max,78.0,124.145966,46.145966,0.4353393
30,h1_diasbp_min,72.0,110.813644,38.813644,0.42652357
30,h1_diasbp_noninvasive_max,78.0,44.107018,-33.892982,-0.31675684
30,h1_diasbp_noninvasive_min,72.0,56.66496,-15.335041,-0.16668522
30,h1_heartrate_max,97.0,135.53477,38.534775,0.3265659
30,h1_heartrate_min,91.0,123.734116,32.734116,0.3030936
30,h1_mbp_max,106.0,66.902275,-39.097725,-0.33704937
30,h1_mbp_min,98.0,64.13819,-33.86181,-0.31945103
30,h1_mbp_noninvasive_max,106.0,107.18686,1.1868591,0.010411024
30,h1_mbp_noninvasive_min,98.0,127.07549,29.075493,0.27429712
30,h1_resprate_max,24.0,33.699364,9.699364,0.19794619
30,h1_resprate_min,21.0,1.1128972,-19.887102,-0.16853477
30,h1_spo2_max,97.0,77.34302,-19.656982,-0.21841091
30,h1_spo2_min,96.0,63.261955,-32.738045,-0.32738042
30,h1_sysbp_max,148.0,81.40723,-66.59277,-0.44995117
30,h1_sysbp_min,135.0,156.36795,21.36795,0.15154576
30,h1_sysbp_noninvasive_max,148.0,92.24395,-55.75605,-0.37673008
30,h1_sysbp_noninvasive_min,135.0,192.41574,57.41574,0.4043362
30,h1_temp_max,36.9,35.225803,-1.6741982,-0.27445874
30,h1_temp_min,36.9,34.28345,-2.6165504,-0.408836
30,d1_bun_max,15.0,69.346924,54.346924,0.44546658
30,d1_bun_min,14.0,18.93577,4.93577,0.04483395
30,d1_calcium_max,8.7,6.778095,-1.921905,-0.41780543
30,d1_calcium_min,8.4,8.410874,0.010874748,0.0022655725
30,d1_creatinine_max,1.25,3.8457906,2.5957906,0.24102047
30,d1_creatinine_min,1.21,3.6906216,2.4806216,0.25738195
30,d1_glucose_max,112.0,311.47482,199.47482,0.37077105
30,d1_glucose_min,105.0,13.622677,-91.37732,-0.35834247
30,d1_hco3_max,28.0,14.912118,-13.087882,-0.4674244
30,d1_hco3_min,26.0,11.18965,-14.81035,-0.46282345
30,d1_hemaglobin_max,11.9,15.452507,3.5525074,0.34158725
30,d1_hemaglobin_min,11.9,16.206093,4.306093,0.37772745
30,d1_hematocrit_max,35.3,34.64909,-0.6509094,-0.020929575
30,d1_hematocrit_min,35.3,41.093056,5.7930565,0.17088664
30,d1_platelets_max,123.0,83.94052,-39.05948,-0.06999907
30,d1_platelets_min,123.0,-121.65134,-244.65134,-0.45398277
30,d1_potassium_max,4.1,4.682012,0.5820122,0.13857433
30,d1_potassium_min,3.9,4.435241,0.5352411,0.15742388
30,d1_sodium_max,143.0,136.20267,-6.797333,-0.19420955
30,d1_sodium_min,141.0,155.48363,14.483627,0.40232295
30,d1_wbc_max,6.6,16.28378,9.683779,0.2157705
30,d1_wbc_min,6.6,19.176386,12.5763855,0.31442535
30,apache_4a_hospital_death_prob,0.01,0.7806181,0.7706181,0.38920105
30,apache_4a_icu_death_prob,0.0,0.7578039,0.7578039,0.38467205
30,aids,0.0,-0.008285238,-0.008285238,-0.008285238
30,cirrhosis,0.0,0.32641155,0.32641155,0.32641155
30,diabetes_mellitus,0.0,0.475,0.475,0.475
30,hepatic_failure,0.0,0.031442434,0.031442434,0.031442434
30,immunosuppression,0.0,0.033666715,0.033666715,0.033666715
30,leukemia,0.0,-0.11933215,-0.11933215,-0.11933215
30,lymphoma,0.0,-0.014074379,-0.014074379,-0.014074379
30,solid_tumor_with_metastasis,0.0,-0.08937256,-0.08937256,-0.08937256
30,apache_3j_bodysystem,8.0,11.881138,3.8811378,0.3881138
30,apache_2_bodysystem,5.0,3.9176624,-1.0823376,-0.12025973
30,apache_3j_diagnosis_split0,96.0,43.750004,-52.249996,-0.475
31,age,66.0,75.09852,9.098518,0.124637246
31,bmi,23.717173,-0.5823927,-24.299564,-0.4587415
31,elective_surgery,0.0,-0.01746804,-0.01746804,-0.01746804
31,ethnicity,3.0,5.85,2.85,0.475
31,gender,2.0,2.0819921,0.08199215,0.040996075
31,height,180.3,161.37279,-18.927216,-0.3241517
31,hospital_admit_source,4.0,9.201727,5.201727,0.3467818
31,icu_admit_source,1.0,1.9868052,0.9868052,0.19736104
31,icu_stay_type,1.0,0.22320688,-0.7767931,-0.38839656
31,icu_type,6.0,5.326744,-0.6732559,-0.096179426
31,pre_icu_los_days,0.0,-24.892029,-24.892029,-0.37015316
31,readmission_status,0.0,0.0,0.0,0.0
31,weight,77.1,29.613522,-47.486477,-0.32216066
31,apache_2_diagnosis,105.0,173.34314,68.34314,0.33016008
31,apache_3j_diagnosis,207.01,-146.5682,-353.5782,-0.16836736
31,apache_post_operative,0.0,0.27166897,0.27166897,0.27166897
31,arf_apache,0.0,0.24733496,0.24733496,0.24733496
31,bun_apache,20.0,70.979225,50.979225,0.41446525
31,creatinine_apache,0.94,-1.7680247,-2.7080247,-0.24889931
31,gcs_eyes_apache,4.0,4.121824,0.12182379,0.04060793
31,gcs_motor_apache,6.0,4.1961074,-1.8038926,-0.3607785
31,gcs_unable_apache,0.0,0.0,0.0,0.0
31,gcs_verbal_apache,5.0,6.233325,1.233325,0.30833125
31,glucose_apache,269.0,6.258011,-262.742,-0.4694336
31,heart_rate_apache,121.0,189.75533,68.755325,0.46456295
31,hematocrit_apache,42.8,26.430698,-16.3693,-0.46503693
31,intubated_apache,0.0,-0.0093730055,-0.0093730055,-0.0093730055
31,map_apache,112.0,127.20621,15.206207,0.09503883
31,resprate_apache,12.0,7.6981297,-4.3018703,-0.07681912
31,sodium_apache,140.0,148.43115,8.431152,0.20563787
31,temp_apache,35.9,36.5813,0.6812973,0.08964437
31,ventilated_apache,0.0,-0.24916577,-0.24916577,-0.24916577
31,wbc_apache,5.6,-4.4967003,-10.096701,-0.22487083
31,d1_diasbp_max,79.0,27.956314,-51.043686,-0.42893857
31,d1_diasbp_min,63.0,78.23927,15.239273,0.19791263
31,d1_diasbp_noninvasive_max,79.0,44.382587,-34.617413,-0.29090264
31,d1_diasbp_noninvasive_min,63.0,31.146053,-31.853947,-0.41368762
31,d1_heartrate_max,116.0,83.05357,-32.946426,-0.2768607
31,d1_heartrate_min,86.0,98.76627,12.7662735,0.089274645
31,d1_mbp_max,112.0,144.82657,32.82657,0.26473042
31,d1_mbp_min,85.0,107.19296,22.192963,0.24658847
31,d1_mbp_noninvasive_max,112.0,75.81616,-36.183838,-0.29903996
31,d1_mbp_noninvasive_min,85.0,78.97447,-6.025528,-0.06695032
31,d1_resprate_max,24.0,-7.4759083,-31.475908,-0.40353727
31,d1_resprate_min,13.0,-11.607942,-24.60794,-0.34177697
31,d1_spo2_max,99.0,86.10661,-12.893387,-0.1481998
31,d1_spo2_min,90.0,136.94336,46.94336,0.46943367
31,d1_sysbp_max,162.0,181.27808,19.278076,0.13576114
31,d1_sysbp_min,120.0,109.701546,-10.298454,-0.08654165
31,d1_sysbp_noninvasive_max,162.0,229.3656,67.3656,0.47440565
31,d1_sysbp_noninvasive_min,120.0,104.5484,-15.451599,-0.1298781
31,d1_temp_max,36.8,34.52,-2.2799988,-0.47499973
31,d1_temp_min,35.9,38.478306,2.5783043,0.43618757
31,h1_diasbp_max,68.0,99.28154,31.28154,0.29510888
31,h1_diasbp_min,66.0,107.4223,41.422302,0.45519015
31,h1_diasbp_noninvasive_max,68.0,60.211662,-7.7883377,-0.072788194
31,h1_diasbp_noninvasive_min,66.0,47.785522,-18.214478,-0.19798344
31,h1_heartrate_max,113.0,74.55144,-38.448563,-0.32583526
31,h1_heartrate_min,112.0,98.873375,-13.126625,-0.12154281
31,h1_mbp_max,95.0,79.24213,-15.757874,-0.13584375
31,h1_mbp_min,89.0,53.8205,-35.1795,-0.33188206
31,h1_mbp_noninvasive_max,95.0,66.18442,-28.815582,-0.25276828
31,h1_mbp_noninvasive_min,89.0,46.99789,-42.00211,-0.39624628
31,h1_resprate_max,14.0,36.422638,22.422638,0.45760486
31,h1_resprate_min,14.0,-13.200298,-27.200298,-0.23051101
31,h1_spo2_max,93.0,100.04843,7.0484314,0.07831591
31,h1_spo2_min,92.0,105.779526,13.779526,0.13779527
31,h1_sysbp_max,136.0,101.53792,-34.462082,-0.2328519
31,h1_sysbp_min,124.0,161.85254,37.85254,0.2684577
31,h1_sysbp_noninvasive_max,136.0,179.15306,43.15306,0.29157475
31,h1_sysbp_noninvasive_min,124.0,148.68979,24.689789,0.17387176
31,h1_temp_max,36.8,34.212337,-2.5876617,-0.42420685
31,h1_temp_min,36.8,36.40093,-0.39907074,-0.062354803
31,d1_bun_max,20.0,10.9426155,-9.0573845,-0.07424085
31,d1_bun_min,20.0,59.102116,39.102116,0.35518318
31,d1_calcium_max,8.6,6.9838943,-1.616106,-0.3513274
31,d1_calcium_min,8.6,7.710378,-0.8896222,-0.18533793
31,d1_creatinine_max,0.94,2.24209,1.3020899,0.12089972
31,d1_creatinine_min,0.94,4.425417,3.485417,0.36163652
31,d1_glucose_max,269.0,36.474762,-232.52524,-0.43220305
31,d1_glucose_min,111.0,118.511734,7.511734,0.029457778
31,d1_hco3_max,29.0,41.650185,12.650185,0.4517923
31,d1_hco3_min,29.0,27.110874,-1.8891258,-0.059035182
31,d1_hemaglobin_max,14.1,13.24099,-0.8590107,-0.082597196
31,d1_hemaglobin_min,14.1,17.09562,2.9956188,0.26277363
31,d1_hematocrit_max,42.8,38.484085,-4.315914,-0.13877541
31,d1_hematocrit_min,42.8,35.33188,-7.4681206,-0.22029853
31,d1_platelets_max,101.0,-160.94394,-261.94394,-0.46943358
31,d1_platelets_min,101.0,144.19882,43.198822,0.080161095
31,d1_potassium_max,4.4,5.154868,0.75486803,0.17973053
31,d1_potassium_min,3.7,5.1614065,1.4614065,0.4298254
31,d1_sodium_max,140.0,123.76465,-16.235352,-0.4638672
31,d1_sodium_min,140.0,157.0499,17.049896,0.4736082
31,d1_wbc_max,5.6,-6.4768896,-12.076889,-0.2690929
31,d1_wbc_min,5.6,9.442304,3.8423038,0.0960624
31,apache_4a_hospital_death_prob,0.03,0.9484569,0.9184569,0.46386713
31,apache_4a_icu_death_prob,0.01,-0.91478413,-0.9247841,-0.46943358
31,aids,0.0,0.010212932,0.010212932,0.010212932
31,cirrhosis,0.0,-0.06905325,-0.06905325,-0.06905325
31,diabetes_mellitus,0.0,0.15828921,0.15828921,0.15828921
31,hepatic_failure,0.0,0.4638672,0.4638672,0.4638672
31,immunosuppression,0.0,0.038485132,0.038485132,0.038485132
31,leukemia,0.0,-0.43673098,-0.43673098,-0.43673098
31,lymphoma,0.0,-0.4162687,-0.4162687,-0.4162687
31,solid_tumor_with_metastasis,0.0,0.13446511,0.13446511,0.13446511
31,apache_3j_bodysystem,9.0,9.520657,0.5206566,0.05206567
31,apache_2_bodysystem,7.0,6.2712717,-0.7287283,-0.08096981
31,apache_3j_diagnosis_split0,67.0,48.67892,-18.32108,-0.16655523
32,age,80.0,113.405174,33.405174,0.45760512
32,bmi,34.279156,59.16351,24.884354,0.46978146
32,elective_surgery,0.0,0.052518684,0.052518684,0.052518684
32,ethnicity,3.0,2.7453523,-0.25464773,-0.04244131
32,gender,2.0,2.760172,0.7601719,0.38008595
32,height,170.2,192.53714,22.337143,0.38255084
32,hospital_admit_source,4.0,5.1701655,1.1701655,0.07801102
32,icu_admit_source,1.0,1.2608199,0.2608199,0.05216398
32,icu_stay_type,1.0,0.28828526,-0.71171474,-0.35585737
32,icu_type,6.0,4.1810646,-1.8189354,-0.25984794
32,pre_icu_los_days,0.00625,-12.177074,-12.183325,-0.1811703
32,readmission_status,0.0,0.0,0.0,0.0
32,weight,99.3,54.99826,-44.301743,-0.30055457
32,apache_2_diagnosis,110.0,149.39014,39.390137,0.19029051
32,apache_3j_diagnosis,104.01,404.1394,300.1294,0.14291604
32,apache_post_operative,0.0,0.13101943,0.13101943,0.13101943
32,arf_apache,0.0,-0.30381262,-0.30381262,-0.30381262
32,bun_apache,21.0,-9.347563,-30.347563,-0.24672815
32,creatinine_apache,1.4,4.644758,3.2447581,0.29823142
32,gcs_eyes_apache,4.0,2.7496634,-1.2503366,-0.41677886
32,gcs_motor_apache,6.0,3.6513314,-2.3486686,-0.46973372
32,gcs_unable_apache,0.0,0.0,0.0,0.0
32,gcs_verbal_apache,5.0,3.3563786,-1.6436214,-0.41090536
32,glucose_apache,146.0,171.8979,25.897903,0.04627104
32,heart_rate_apache,104.0,172.72377,68.72377,0.4643498
32,hematocrit_apache,35.4,51.31176,15.911758,0.4520386
32,intubated_apache,0.0,0.475,0.475,0.475
32,map_apache,135.0,208.5508,73.5508,0.45969248
32,resprate_apache,33.0,48.049168,15.049168,0.26873517
32,sodium_apache,141.0,153.00645,12.006454,0.29284036
32,temp_apache,36.4,33.006813,-3.3931885,-0.44647217
32,ventilated_apache,1.0,1.0853798,0.08537984,0.08537984
32,wbc_apache,8.7,12.997299,4.2972994,0.095708236
32,d1_diasbp_max,113.0,67.25569,-45.74431,-0.38440597
32,d1_diasbp_min,48.0,12.153706,-35.846294,-0.4655363
32,d1_diasbp_noninvasive_max,113.0,154.01132,41.011322,0.34463292
32,d1_diasbp_noninvasive_min,48.0,13.185956,-34.814045,-0.45213047
32,d1_heartrate_max,108.0,116.796555,8.796555,0.07392061
32,d1_heartrate_min,56.0,114.68521,58.68521,0.41038612
32,d1_mbp_max,165.0,146.63004,-18.369965,-0.1481449
32,d1_mbp_min,76.0,34.13943,-41.86057,-0.46511745
32,d1_mbp_noninvasive_max,165.0,111.098595,-53.901405,-0.44546616
32,d1_mbp_noninvasive_min,76.0,37.580765,-38.419235,-0.42688042
32,d1_resprate_max,33.0,16.455618,-16.544382,-0.21210746
32,d1_resprate_min,13.0,32.995857,19.995857,0.27772024
32,d1_spo2_max,99.0,108.22028,9.2202835,0.10598028
32,d1_spo2_min,90.0,99.61081,9.610809,0.09610814
32,d1_sysbp_max,187.0,191.1796,4.179596,0.029433727
32,d1_sysbp_min,96.0,50.020523,-45.979477,-0.38638216
32,d1_sysbp_noninvasive_max,187.0,147.53468,-39.465317,-0.27792478
32,d1_sysbp_noninvasive_min,96.0,40.57056,-55.42944,-0.4659111
32,d1_temp_max,37.3,36.612015,-0.68798447,-0.14333007
32,d1_temp_min,36.2,35.89693,-0.30307007,-0.051272213
32,h1_diasbp_max,75.0,87.45587,12.455872,0.11750823
32,h1_diasbp_min,54.0,95.97555,41.975548,0.46126977
32,h1_diasbp_noninvasive_max,75.0,122.83203,47.83203,0.4470283
32,h1_diasbp_noninvasive_min,54.0,29.201336,-24.798664,-0.2695507
32,h1_heartrate_max,108.0,134.38301,26.38301,0.22358489
32,h1_heartrate_min,100.0,86.468895,-13.531105,-0.12528801
32,h1_mbp_max,113.0,152.97743,39.977432,0.34463304
32,h1_mbp_min,76.0,26.64842,-49.351578,-0.46558094
32,h1_mbp_noninvasive_max,113.0,113.00214,0.0021362305,1.8715858e-05
32,h1_mbp_noninvasive_min,76.0,98.22225,22.222252,0.20964387
32,h1_resprate_max,29.0,51.601765,22.601765,0.4612605
32,h1_resprate_min,24.0,-2.0225642,-26.022564,-0.2205302
32,h1_spo2_max,99.0,83.15383,-15.8461685,-0.17606848
32,h1_spo2_min,91.0,127.39949,36.39949,0.3639949
32,h1_sysbp_max,155.0,167.22733,12.227325,0.082617104
32,h1_sysbp_min,96.0,35.398773,-60.601227,-0.42979592
32,h1_sysbp_noninvasive_max,155.0,200.35822,45.358215,0.30647445
32,h1_sysbp_noninvasive_min,96.0,106.000114,10.000114,0.070423335
32,h1_temp_max,37.3,34.907013,-2.3929863,-0.39229286
32,h1_temp_min,37.3,38.979343,1.6793442,0.26239753
32,d1_bun_max,21.0,2.24712,-18.75288,-0.15371212
32,d1_bun_min,21.0,25.727154,4.727154,0.042939007
32,d1_calcium_max,9.0,7.067414,-1.9325862,-0.42012742
32,d1_calcium_min,9.0,11.103445,2.103445,0.43821776
32,d1_creatinine_max,1.4,1.0587623,-0.34123766,-0.031684086
32,d1_creatinine_min,1.4,4.9786305,3.5786304,0.3713081
32,d1_glucose_max,146.0,200.87105,54.871048,0.10199079
32,d1_glucose_min,102.0,189.46379,87.46379,0.34299526
32,d1_hco3_max,32.0,19.860184,-12.139816,-0.43356487
32,d1_hco3_min,32.0,17.093628,-14.906372,-0.46582413
32,d1_hemaglobin_max,11.6,16.445145,4.8451443,0.46587926
32,d1_hemaglobin_min,11.6,13.207638,1.6076374,0.14102083
32,d1_hematocrit_max,35.4,49.17202,13.772018,0.44283015
32,d1_hematocrit_min,35.4,38.39619,2.996189,0.0883832
32,d1_platelets_max,181.0,-12.260025,-193.26003,-0.3463441
32,d1_platelets_min,181.0,19.837595,-161.1624,-0.29905805
32,d1_potassium_max,3.7,5.520552,1.8205521,0.43346483
32,d1_potassium_min,3.7,5.149887,1.449887,0.42643735
32,d1_sodium_max,141.0,155.67654,14.676544,0.41932982
32,d1_sodium_min,141.0,152.0239,11.023895,0.30621928
32,d1_wbc_max,8.7,13.464176,4.7641764,0.10615367
32,d1_wbc_min,8.7,20.096857,11.396857,0.28493568
32,apache_4a_hospital_death_prob,0.06,0.71314967,0.65314966,0.32987362
32,apache_4a_icu_death_prob,0.02,0.9447843,0.9247843,0.46943367
32,aids,0.0,-0.3102311,-0.3102311,-0.3102311
32,cirrhosis,0.0,-0.024928171,-0.024928171,-0.024928171
32,diabetes_mellitus,1.0,1.4144652,0.4144652,0.4144652
32,hepatic_failure,0.0,-0.3201673,-0.3201673,-0.3201673
32,immunosuppression,0.0,-0.12816282,-0.12816282,-0.12816282
32,leukemia,0.0,-0.40110987,-0.40110987,-0.40110987
32,lymphoma,0.0,0.03162015,0.03162015,0.03162015
32,solid_tumor_with_metastasis,0.0,0.41170132,0.41170132,0.41170132
32,apache_3j_bodysystem,1.0,-1.7307808,-2.7307808,-0.27307808
32,apache_2_bodysystem,1.0,-3.226233,-4.226233,-0.46958145
32,apache_3j_diagnosis_split0,5.0,56.025387,51.025387,0.46386716
33,age,58.0,28.25075,-29.74925,-0.407524
33,bmi,29.78941,17.959173,-11.830236,-0.22333816
33,elective_surgery,0.0,-0.06649603,-0.06649603,-0.06649603
33,ethnicity,3.0,5.818434,2.8184338,0.46973893
33,gender,1.0,1.0000544,5.4359436e-05,2.7179718e-05
33,height,165.1,155.11377,-9.986237,-0.1710265
33,hospital_admit_source,4.0,8.2427225,4.2427225,0.28284818
33,icu_admit_source,1.0,-1.3707681,-2.370768,-0.4741536
33,icu_stay_type,1.0,1.95,0.95000005,0.47500002
33,icu_type,6.0,5.100544,-0.899456,-0.12849373
33,pre_icu_los_days,0.002083333,25.747362,25.74528,0.3828413
33,readmission_status,0.0,0.0,0.0,0.0
33,weight,81.2,26.044392,-55.155605,-0.37419003
33,apache_2_diagnosis,301.0,282.89618,-18.10382,-0.087458074
33,apache_3j_diagnosis,410.01,-211.32065,-621.3307,-0.2958661
33,apache_post_operative,0.0,-0.27682287,-0.27682287,-0.27682287
33,arf_apache,0.0,-0.017968029,-0.017968029,-0.017968029
33,bun_apache,9.0,36.82093,27.82093,0.22618642
33,creatinine_apache,0.75,0.815947,0.065946996,0.0060613044
33,gcs_eyes_apache,4.0,5.408301,1.4083009,0.46943367
33,gcs_motor_apache,6.0,4.6568465,-1.3431535,-0.26863068
33,gcs_unable_apache,0.0,0.0,0.0,0.0
33,gcs_verbal_apache,4.0,3.6238449,-0.37615514,-0.094038785
33,glucose_apache,106.0,-131.58293,-237.58293,-0.42448264
33,heart_rate_apache,58.0,-8.59277,-66.59277,-0.44995114
33,hematocrit_apache,32.0,28.148643,-3.8513565,-0.109413534
33,intubated_apache,0.0,-0.11291146,-0.11291146,-0.11291146
33,map_apache,66.0,121.1687,55.1687,0.34480438
33,resprate_apache,34.0,39.961685,5.961685,0.106458664
33,sodium_apache,144.0,157.38705,13.387054,0.32651347
33,temp_apache,36.2,37.2037,1.0037003,0.13206583
33,ventilated_apache,0.0,0.14273545,0.14273545,0.14273545
33,wbc_apache,4.7,-14.909222,-19.609222,-0.43673098
33,d1_diasbp_max,105.0,66.70073,-38.29927,-0.3218426
33,d1_diasbp_min,50.0,28.648502,-21.351498,-0.2772922
33,d1_diasbp_noninvasive_max,105.0,55.844227,-49.155773,-0.41307372
33,d1_diasbp_noninvasive_min,50.0,60.257812,10.2578125,0.13321835
33,d1_heartrate_max,88.0,32.799805,-55.200195,-0.4638672
33,d1_heartrate_min,58.0,52.710373,-5.289627,-0.036990404
33,d1_mbp_max,130.0,78.726295,-51.273705,-0.41349763
33,d1_mbp_min,66.0,91.503685,25.503685,0.28337428
33,d1_mbp_noninvasive_max,130.0,75.55591,-54.44409,-0.44995114
33,d1_mbp_noninvasive_min,66.0,78.5284,12.528397,0.13920441
33,d1_resprate_max,26.0,30.673233,4.673233,0.059913233
33,d1_resprate_min,7.0,2.200488,-4.799512,-0.06665989
33,d1_spo2_max,99.0,93.50626,-5.4937363,-0.06314635
33,d1_spo2_min,90.0,47.697746,-42.302254,-0.4230225
33,d1_sysbp_max,152.0,90.72794,-61.272057,-0.43149337
33,d1_sysbp_min,94.0,94.96184,0.96183777,0.008082658
33,d1_sysbp_noninvasive_max,152.0,89.371605,-62.628395,-0.44104505
33,d1_sysbp_noninvasive_min,94.0,96.4091,2.4091034,0.020249695
33,d1_temp_max,36.9,34.818172,-2.081829,-0.4337144
33,d1_temp_min,36.2,38.97511,2.7751083,0.46948206
33,h1_diasbp_max,70.0,34.408695,-35.591305,-0.33576703
33,h1_diasbp_min,55.0,27.721588,-27.278412,-0.2997628
33,h1_diasbp_noninvasive_max,70.0,37.027733,-32.972267,-0.30815202
33,h1_diasbp_noninvasive_min,55.0,47.83133,-7.1686707,-0.07792035
33,h1_heartrate_max,82.0,44.048088,-37.951912,-0.32162637
33,h1_heartrate_min,62.0,68.21135,6.2113495,0.057512492
33,h1_mbp_max,96.0,64.07996,-31.920036,-0.2751727
33,h1_mbp_min,73.0,31.235428,-41.764572,-0.3940054
33,h1_mbp_noninvasive_max,96.0,54.63122,-41.36878,-0.362884
33,h1_mbp_noninvasive_min,73.0,82.43479,9.434792,0.08900747
33,h1_resprate_max,14.0,24.72893,10.7289295,0.21895775
33,h1_resprate_min,10.0,60.88898,50.88898,0.43126255
33,h1_spo2_max,99.0,78.43083,-20.569168,-0.22854626
33,h1_spo2_min,92.0,95.76589,3.765892,0.03765893
33,h1_sysbp_max,143.0,107.72581,-35.274193,-0.23833914
33,h1_sysbp_min,94.0,131.08861,37.088608,0.26303977
33,h1_sysbp_noninvasive_max,143.0,137.08096,-5.919037,-0.039993495
33,h1_sysbp_noninvasive_min,94.0,51.79889,-42.20111,-0.2971909
33,h1_temp_max,36.4,36.68489,0.28488922,0.04670316
33,h1_temp_min,36.4,38.001167,1.6011658,0.25018215
33,d1_bun_max,9.0,24.628645,15.628645,0.12810366
33,d1_bun_min,9.0,11.016895,2.0168953,0.018320426
33,d1_calcium_max,8.5,7.488912,-1.0110879,-0.21980172
33,d1_calcium_min,8.5,6.6268005,-1.8731995,-0.3902499
33,d1_creatinine_max,0.75,-0.3495544,-1.0995544,-0.10209419
33,d1_creatinine_min,0.75,3.1378589,2.3878589,0.24775717
33,d1_glucose_max,106.0,-87.212036,-193.21204,-0.3591302
33,d1_glucose_min,106.0,203.5579,97.55791,0.38258
33,d1_hco3_max,33.0,31.204933,-1.7950668,-0.064109504
33,d1_hco3_min,33.0,20.076296,-12.923704,-0.40386575
33,d1_hemaglobin_max,10.5,14.683561,4.1835613,0.40226555
33,d1_hemaglobin_min,10.5,12.74867,2.2486696,0.19725174
33,d1_hematocrit_max,32.0,26.57036,-5.42964,-0.17458649
33,d1_hematocrit_min,32.0,25.394232,-6.605768,-0.1948604
33,d1_platelets_max,222.0,282.1023,60.102295,0.10771021
33,d1_platelets_min,222.0,107.770966,-114.229034,-0.21196702
33,d1_potassium_max,3.7,5.1138806,1.4138806,0.33663827
33,d1_potassium_min,3.7,4.256498,0.5564978,0.16367581
33,d1_sodium_max,144.0,133.13626,-10.863739,-0.31039256
33,d1_sodium_min,144.0,133.13713,-10.862869,-0.30174637
33,d1_wbc_max,4.7,17.130087,12.430087,0.27696273
33,d1_wbc_min,4.7,23.650854,18.950855,0.47379506
33,apache_4a_hospital_death_prob,0.02,0.69476056,0.6747606,0.3407882
33,apache_4a_icu_death_prob,0.01,0.6446024,0.6346024,0.32213318
33,aids,0.0,-0.28519994,-0.28519994,-0.28519994
33,cirrhosis,0.0,-0.2896269,-0.2896269,-0.2896269
33,diabetes_mellitus,0.0,-0.45969236,-0.45969236,-0.45969236
33,hepatic_failure,0.0,-0.013432458,-0.013432458,-0.013432458
33,immunosuppression,0.0,-0.3857572,-0.3857572,-0.3857572
33,leukemia,0.0,0.3897993,0.3897993,0.3897993
33,lymphoma,0.0,0.14708218,0.14708218,0.14708218
33,solid_tumor_with_metastasis,0.0,0.05442592,0.05442592,0.05442592
33,apache_3j_bodysystem,8.0,6.1047363,-1.8952637,-0.18952638
33,apache_2_bodysystem,5.0,7.549449,2.549449,0.28327212
33,apache_3j_diagnosis_split0,96.0,142.29282,46.292816,0.42084372
34,age,66.0,91.50062,25.500618,0.3493235
34,bmi,23.866474,15.296033,-8.570441,-0.16179784
34,elective_surgery,1.0,1.2978349,0.29783487,0.29783487
34,ethnicity,3.0,3.827055,0.827055,0.13784248
34,gender,1.0,0.4873445,-0.5126555,-0.25632775
34,height,162.6,179.26553,16.665527,0.2854175
34,hospital_admit_source,9.0,2.2529273,-6.7470727,-0.44980487
34,icu_admit_source,3.0,5.322445,2.322445,0.46448895
34,icu_stay_type,1.0,1.9124267,0.9124267,0.45621336
34,icu_type,7.0,4.170822,-2.8291779,-0.40416828
34,pre_icu_los_days,0.011805556,-4.010774,-4.0225797,-0.059817165
34,readmission_status,0.0,0.0,0.0,0.0
34,weight,63.1,16.28377,-46.81623,-0.3176135
34,apache_2_diagnosis,305.0,306.03693,1.0369263,0.0050092936
34,apache_3j_diagnosis,1801.01,1970.4368,169.42676,0.08067787
34,apache_post_operative,1.0,0.9222836,-0.07771641,-0.07771641
34,arf_apache,0.0,-0.27277774,-0.27277774,-0.27277774
34,bun_apache,8.0,-18.512802,-26.512802,-0.21555124
34,creatinine_apache,1.13,-2.5734057,-3.7034059,-0.34038654
34,gcs_eyes_apache,4.0,5.1718855,1.1718855,0.39062846
34,gcs_motor_apache,6.0,4.3202877,-1.6797123,-0.33594245
34,gcs_unable_apache,0.0,0.0,0.0,0.0
34,gcs_verbal_apache,5.0,5.0950146,0.09501457,0.023753643
34,glucose_apache,174.0,353.35,179.35,0.32043952
34,heart_rate_apache,112.0,83.14603,-28.853973,-0.19495931
34,hematocrit_apache,35.5,48.214516,12.714516,0.36120778
34,intubated_apache,0.0,-0.44278783,-0.44278783,-0.44278783
34,map_apache,56.0,128.90544,72.90544,0.455659
34,resprate_apache,37.0,38.6354,1.6353989,0.029203534
34,sodium_apache,141.0,158.19492,17.194916,0.41938823
34,temp_apache,35.0,31.555437,-3.444563,-0.453232
34,ventilated_apache,0.0,-0.4546734,-0.4546734,-0.4546734
34,wbc_apache,12.2,1.3972358,-10.802764,-0.24059607
34,d1_diasbp_max,76.0,118.28611,42.28611,0.35534546
34,d1_diasbp_min,43.0,54.27967,11.279671,0.14648923
34,d1_diasbp_noninvasive_max,76.0,83.825745,7.8257446,0.06576255
34,d1_diasbp_noninvasive_min,43.0,49.4935,6.4934998,0.084331185
34,d1_heartrate_max,108.0,52.137405,-55.862595,-0.46943358
34,d1_heartrate_min,78.0,61.209152,-16.790848,-0.11741853
34,d1_mbp_max,110.0,132.1453,22.145294,0.1785911
34,d1_mbp_min,56.0,32.338345,-23.661655,-0.2629073
34,d1_mbp_noninvasive_max,110.0,148.29556,38.295563,0.31649226
34,d1_mbp_noninvasive_min,56.0,60.781914,4.7819138,0.053132355
34,d1_resprate_max,20.0,-6.182972,-26.182972,-0.3356791
34,d1_resprate_min,8.0,-18.373913,-26.373913,-0.36630434
34,d1_spo2_max,100.0,124.76572,24.765717,0.28466344
34,d1_spo2_min,94.0,62.837685,-31.162315,-0.31162316
34,d1_sysbp_max,151.0,83.70561,-67.29439,-0.47390413
34,d1_sysbp_min,102.0,82.44766,-19.552338,-0.16430539
34,d1_sysbp_noninvasive_max,151.0,93.245964,-57.754036,-0.40671858
34,d1_sysbp_noninvasive_min,102.0,62.91581,-39.08419,-0.32852143
34,d1_temp_max,36.7,38.505924,1.8059235,0.37623405
34,d1_temp_min,35.0,35.74723,0.7472305,0.12641352
34,h1_diasbp_max,68.0,74.23813,6.2381287,0.05885026
34,h1_diasbp_min,62.0,90.56902,28.569023,0.31394532
34,h1_diasbp_noninvasive_max,68.0,40.271034,-27.728966,-0.2591492
34,h1_diasbp_noninvasive_min,62.0,43.14978,-18.85022,-0.20489368
34,h1_heartrate_max,86.0,78.650635,-7.349365,-0.06228277
34,h1_heartrate_min,78.0,63.543724,-14.456276,-0.13385442
34,h1_mbp_max,82.0,29.053095,-52.946907,-0.45643884
34,h1_mbp_min,81.0,107.97832,26.978317,0.2545124
34,h1_mbp_noninvasive_max,82.0,42.40112,-39.59888,-0.3473586
34,h1_mbp_noninvasive_min,81.0,68.4827,-12.517303,-0.11808777
34,h1_resprate_max,20.0,30.7535,10.7535,0.21945919
34,h1_resprate_min,10.0,17.309862,7.309862,0.061947986
34,h1_spo2_max,100.0,133.93254,33.93254,0.37702823
34,h1_spo2_min,94.0,81.43914,-12.56086,-0.12560862
34,h1_sysbp_max,151.0,212.84201,61.84201,0.41785145
34,h1_sysbp_min,119.0,160.64192,41.641922,0.2953328
34,h1_sysbp_noninvasive_max,151.0,166.97702,15.97702,0.10795283
34,h1_sysbp_noninvasive_min,119.0,103.570755,-15.429245,-0.108656645
34,h1_temp_max,36.0,36.007984,0.007984161,0.0013088882
34,h1_temp_min,35.0,32.28508,-2.71492,-0.42420626
34,d1_bun_max,8.0,-18.690992,-26.690992,-0.21877861
34,d1_bun_min,8.0,13.311547,5.3115473,0.04824732
34,d1_calcium_max,7.8,5.973037,-1.8269634,-0.39716598
34,d1_calcium_min,7.6,7.4496007,-0.15039921,-0.03133318
34,d1_creatinine_max,1.13,5.7994967,4.6694965,0.4335651
34,d1_creatinine_min,0.92,2.9452212,2.025221,0.21013096
34,d1_glucose_max,174.0,364.4676,190.46759,0.354029
34,d1_glucose_min,133.0,108.73235,-24.267647,-0.09516725
34,d1_hco3_max,24.0,33.897675,9.897675,0.35348836
34,d1_hco3_min,20.0,14.434799,-5.565201,-0.17391253
34,d1_hemaglobin_max,12.7,11.762766,-0.9372339,-0.09011862
34,d1_hemaglobin_min,11.9,9.716415,-2.1835842,-0.1915425
34,d1_hematocrit_max,37.8,25.042856,-12.757143,-0.4101975
34,d1_hematocrit_min,35.5,19.978346,-15.521654,-0.4578659
34,d1_platelets_max,272.0,525.6239,253.6239,0.45452312
34,d1_platelets_min,252.0,122.0853,-129.9147,-0.24107385
34,d1_potassium_max,4.2,5.498904,1.2989044,0.309263
34,d1_potassium_min,3.6,5.2149997,1.6149998,0.4749999
34,d1_sodium_max,142.0,158.34616,16.34616,0.46703315
34,d1_sodium_min,141.0,151.8097,10.809692,0.3002692
34,d1_wbc_max,12.2,-2.2493067,-14.4493065,-0.32195425
34,d1_wbc_min,12.1,24.18745,12.08745,0.30220136
34,apache_4a_hospital_death_prob,0.01,-0.85472727,-0.86472726,-0.43673095
34,apache_4a_icu_death_prob,0.01,-0.081038475,-0.09103847,-0.046212435
34,aids,0.0,-0.081324205,-0.081324205,-0.081324205
34,cirrhosis,0.0,-0.45356953,-0.45356953,-0.45356953
34,diabetes_mellitus,0.0,0.043728072,0.043728072,0.043728072
34,hepatic_failure,0.0,0.4155348,0.4155348,0.4155348
34,immunosuppression,0.0,-0.3371384,-0.3371384,-0.3371384
34,leukemia,0.0,-0.46238863,-0.46238863,-0.46238863
34,lymphoma,0.0,0.04812671,0.04812671,0.04812671
34,solid_tumor_with_metastasis,0.0,0.04957781,0.04957781,0.04957781
34,apache_3j_bodysystem,4.0,7.885664,3.885664,0.38856637
34,apache_2_bodysystem,6.0,8.950241,2.950241,0.32780457
34,apache_3j_diagnosis_split0,56.0,96.99028,40.99028,0.37263888
35,age,35.0,56.11025,21.110249,0.2891815
35,bmi,33.582718,35.173355,1.5906372,0.030028999
35,elective_surgery,0.0,0.43135554,0.43135554,0.43135554
35,ethnicity,3.0,3.8462152,0.84621525,0.14103585
35,gender,2.0,1.7897131,-0.21028686,-0.10514343
35,height,175.3,149.21559,-26.084412,-0.4467274
35,hospital_admit_source,3.0,8.1345215,5.1345215,0.34230143
35,icu_admit_source,4.0,6.135988,2.1359882,0.42719758
35,icu_stay_type,1.0,1.1795065,0.17950654,0.08975327
35,icu_type,3.0,5.424095,2.4240952,0.34629932
35,pre_icu_los_days,0.02013889,21.12722,21.10708,0.31386968
35,readmission_status,0.0,0.0,0.0,0.0
35,weight,103.2,34.67131,-68.52869,-0.46491647
35,apache_2_diagnosis,103.0,117.62558,14.62558,0.07065497
35,apache_3j_diagnosis,204.01,-748.4984,-952.5084,-0.4535668
35,apache_post_operative,0.0,-0.36224902,-0.36224902,-0.36224902
35,arf_apache,0.0,0.42786676,0.42786676,0.42786676
35,bun_apache,17.0,-10.992291,-27.99229,-0.22757961
35,creatinine_apache,1.28,1.4926724,0.21267247,0.019547105
35,gcs_eyes_apache,1.0,2.0861142,1.0861142,0.36203805
35,gcs_motor_apache,1.0,1.032645,0.032644987,0.0065289973
35,gcs_unable_apache,0.0,0.0,0.0,0.0
35,gcs_verbal_apache,1.0,-0.87857056,-1.8785706,-0.46964264
35,glucose_apache,112.0,368.51562,256.51562,0.4583091
35,heart_rate_apache,114.0,155.3201,41.3201,0.27918983
35,hematocrit_apache,36.7,22.523815,-14.176186,-0.40273255
35,intubated_apache,1.0,0.6554404,-0.3445596,-0.3445596
35,map_apache,64.0,85.65705,21.657051,0.13535658
35,resprate_apache,23.0,34.7977,11.797699,0.21067318
35,sodium_apache,138.0,133.80965,-4.1903534,-0.10220373
35,temp_apache,37.4,37.956882,0.55688095,0.07327378
35,ventilated_apache,1.0,1.0686214,0.0686214,0.0686214
35,wbc_apache,9.9,-11.025048,-20.925049,-0.46603668
35,d1_diasbp_max,68.0,105.71798,37.71798,0.31695783
35,d1_diasbp_min,48.0,13.407479,-34.59252,-0.44925353
35,d1_diasbp_noninvasive_max,74.0,120.8862,46.8862,0.39400172
35,d1_diasbp_noninvasive_min,74.0,93.60398,19.603981,0.25459713
35,d1_heartrate_max,110.0,159.28708,49.28708,0.41417715
35,d1_heartrate_min,94.0,124.34889,30.348892,0.21223003
35,d1_mbp_max,88.0,55.01612,-32.98388,-0.26599902
35,d1_mbp_min,88.0,85.74127,-2.258728,-0.025097013
35,d1_mbp_noninvasive_max,88.0,70.006905,-17.993095,-0.14870328
35,d1_mbp_noninvasive_min,88.0,48.81946,-39.18054,-0.43533933
35,d1_resprate_max,25.0,31.615944,6.615944,0.08481979
35,d1_resprate_min,22.0,5.7835937,-16.216406,-0.22522786
35,d1_spo2_max,99.0,86.26702,-12.732979,-0.14635605
35,d1_spo2_min,82.0,128.94336,46.94336,0.4694336
35,d1_sysbp_max,138.0,150.82942,12.829422,0.090348035
35,d1_sysbp_min,94.0,54.930237,-39.069763,-0.32831734
35,d1_sysbp_noninvasive_max,119.0,146.2164,27.2164,0.1916648
35,d1_sysbp_noninvasive_min,119.0,73.597855,-45.402145,-0.38162684
35,d1_temp_max,38.8,36.52,-2.2799988,-0.4749997
35,d1_temp_min,37.4,35.73646,-1.6635399,-0.2814312
35,h1_diasbp_max,58.0,20.91292,-37.087082,-0.3498781
35,h1_diasbp_min,48.0,59.054684,11.054684,0.12148002
35,h1_diasbp_noninvasive_max,74.0,63.055244,-10.944756,-0.10228743
35,h1_diasbp_noninvasive_min,74.0,31.068165,-42.931835,-0.46665037
35,h1_heartrate_max,110.0,115.972244,5.9722443,0.05061221
35,h1_heartrate_min,106.0,86.90705,-19.092949,-0.17678654
35,h1_mbp_max,88.0,36.079414,-51.920586,-0.44759125
35,h1_mbp_min,88.0,38.756325,-49.243675,-0.46456298
35,h1_mbp_noninvasive_max,88.0,56.711426,-31.288574,-0.27446118
35,h1_mbp_noninvasive_min,88.0,131.17749,43.17749,0.4073348
35,h1_resprate_max,22.0,8.209298,-13.790702,-0.2814429
35,h1_resprate_min,22.0,34.26277,12.262772,0.1039218
35,h1_spo2_max,97.0,133.32529,36.325287,0.40361434
35,h1_spo2_min,94.0,72.10556,-21.89444,-0.21894437
35,h1_sysbp_max,106.0,117.65586,11.655861,0.078755826
35,h1_sysbp_min,94.0,87.8914,-6.108597,-0.043323368
35,h1_sysbp_noninvasive_max,119.0,100.88093,-18.119072,-0.12242617
35,h1_sysbp_noninvasive_min,119.0,91.49107,-27.508926,-0.19372484
35,h1_temp_max,38.6,35.934025,-2.6659737,-0.4370449
35,h1_temp_min,38.6,41.56875,2.96875,0.4638672
35,d1_bun_max,17.0,44.327675,27.327675,0.22399735
35,d1_bun_min,16.0,15.365509,-0.63449097,-0.0057633817
35,d1_calcium_max,7.3,6.655893,-0.64410734,-0.14002335
35,d1_calcium_min,7.2,6.8208613,-0.37913847,-0.07898718
35,d1_creatinine_max,1.28,1.2460282,-0.033971786,-0.0031542927
35,d1_creatinine_min,1.24,3.7658148,2.5258148,0.26207107
35,d1_glucose_max,123.0,43.020836,-79.979164,-0.14866015
35,d1_glucose_min,109.0,5.8750916,-103.12491,-0.40441144
35,d1_hco3_max,24.0,36.43106,12.431061,0.44396648
35,d1_hco3_min,23.0,9.221108,-13.778892,-0.43059036
35,d1_hemaglobin_max,12.5,8.669879,-3.830121,-0.3682809
35,d1_hemaglobin_min,12.4,11.157892,-1.2421074,-0.108956754
35,d1_hematocrit_max,36.8,35.089798,-1.7102013,-0.05499041
35,d1_hematocrit_min,36.7,43.0861,6.386101,0.18838054
35,d1_platelets_max,165.0,94.569725,-70.430275,-0.12621912
35,d1_platelets_min,159.0,97.37671,-61.62329,-0.11435014
35,d1_potassium_max,4.3,5.4818735,1.1818733,0.28139842
35,d1_potassium_min,4.1,4.8697395,0.7697396,0.226394
35,d1_sodium_max,140.0,153.14261,13.142609,0.3755031
35,d1_sodium_min,138.0,142.9069,4.906906,0.13630295
35,d1_wbc_max,10.0,18.467012,8.467012,0.18865888
35,d1_wbc_min,9.9,-2.2775774,-12.177577,-0.30445465
35,apache_4a_hospital_death_prob,0.4,1.2476752,0.8476752,0.42811882
35,apache_4a_icu_death_prob,0.37,0.83348584,0.46348584,0.23527199
35,aids,0.0,-0.027441334,-0.027441334,-0.027441334
35,cirrhosis,0.0,-0.0025668996,-0.0025668996,-0.0025668996
35,diabetes_mellitus,0.0,-0.051172737,-0.051172737,-0.051172737
35,hepatic_failure,0.0,-0.036299236,-0.036299236,-0.036299236
35,immunosuppression,0.0,-0.27207333,-0.27207333,-0.27207333
35,leukemia,0.0,0.17561693,0.17561693,0.17561693
35,lymphoma,0.0,-0.19955485,-0.19955485,-0.19955485
35,solid_tumor_with_metastasis,0.0,-0.2983275,-0.2983275,-0.2983275
35,apache_3j_bodysystem,9.0,9.867656,0.86765575,0.08676559
35,apache_2_bodysystem,7.0,10.598717,3.5987167,0.39985734
35,apache_3j_diagnosis_split0,65.0,68.65536,3.6553574,0.033230543
36,age,51.0,82.27183,31.271828,0.42838123
36,bmi,31.292542,46.50471,15.21217,0.2871843
36,elective_surgery,0.0,-0.46602345,-0.46602345,-0.46602345
36,ethnicity,3.0,3.6003318,0.6003318,0.10005528
36,gender,1.0,1.4172766,0.41727662,0.20863831
36,height,167.6,176.20831,8.608307,0.14742774
36,hospital_admit_source,4.0,9.233786,5.2337856,0.34891903
36,icu_admit_source,1.0,2.9651742,1.9651742,0.39303485
36,icu_stay_type,1.0,0.2057066,-0.7942934,-0.3971467
36,icu_type,6.0,7.3072505,1.3072505,0.18675005
36,pre_icu_los_days,0.000694444,4.7028995,4.702205,0.06992343
36,readmission_status,0.0,0.0,0.0,0.0
36,weight,87.9,116.38905,28.489052,0.19327718
36,apache_2_diagnosis,122.0,69.12088,-52.87912,-0.2554547
36,apache_3j_diagnosis,703.03,1375.8743,672.84424,0.3203959
36,apache_post_operative,0.0,-0.31898975,-0.31898975,-0.31898975
36,arf_apache,0.0,0.00611102,0.00611102,0.00611102
36,bun_apache,11.0,-11.786266,-22.786266,-0.1852542
36,creatinine_apache,0.95,3.876771,2.926771,0.2690047
36,gcs_eyes_apache,1.0,0.6224595,-0.37754053,-0.12584685
36,gcs_motor_apache,1.0,1.0758452,0.07584524,0.015169049
36,gcs_unable_apache,0.0,0.0,0.0,0.0
36,gcs_verbal_apache,1.0,0.5890046,-0.41099542,-0.102748856
36,glucose_apache,119.0,184.99666,65.99666,0.117914334
36,heart_rate_apache,43.0,43.299076,0.29907608,0.0020207837
36,hematocrit_apache,40.3,32.738335,-7.5616646,-0.21482
36,intubated_apache,1.0,0.9830664,-0.01693362,-0.01693362
36,map_apache,139.0,153.1579,14.157898,0.08848691
36,resprate_apache,46.0,62.305473,16.305473,0.29116917
36,sodium_apache,145.0,136.20134,-8.79866,-0.21460149
36,temp_apache,35.7,34.366512,-1.3334885,-0.17545903
36,ventilated_apache,1.0,1.4570842,0.45708418,0.45708418
36,wbc_apache,7.6,-2.8285217,-10.428522,-0.23226106
36,d1_diasbp_max,67.0,15.7148075,-51.285194,-0.430968
36,d1_diasbp_min,53.0,20.109234,-32.890766,-0.4271528
36,d1_diasbp_noninvasive_max,67.0,77.76002,10.760017,0.09042032
36,d1_diasbp_noninvasive_min,53.0,53.031075,0.031074524,0.00040358305
36,d1_heartrate_max,91.0,144.46329,53.463287,0.4492713
36,d1_heartrate_min,45.0,96.13314,51.13314,0.35757443
36,d1_mbp_max,97.0,119.84386,22.843857,0.18422464
36,d1_mbp_min,77.0,84.979416,7.979416,0.08866018
36,d1_mbp_noninvasive_max,97.0,64.93164,-32.06836,-0.26502776
36,d1_mbp_noninvasive_min,77.0,41.472534,-35.527466,-0.3947496
36,d1_resprate_max,46.0,55.473293,9.473293,0.12145248
36,d1_resprate_min,14.0,21.984955,7.984955,0.11090216
36,d1_spo2_max,100.0,59.611965,-40.388035,-0.4642303
36,d1_spo2_min,92.0,56.638218,-35.361782,-0.35361785
36,d1_sysbp_max,171.0,127.25754,-43.742462,-0.3080455
36,d1_sysbp_min,113.0,111.439,-1.560997,-0.013117671
36,d1_sysbp_noninvasive_max,171.0,192.21957,21.219574,0.14943361
36,d1_sysbp_noninvasive_min,113.0,68.314415,-44.685585,-0.37560382
36,d1_temp_max,36.9,35.522427,-1.3775749,-0.28699476
36,d1_temp_min,35.7,36.883347,1.1833458,0.20019382
36,h1_diasbp_max,67.0,90.38037,23.380371,0.22056952
36,h1_diasbp_min,67.0,64.21385,-2.786148,-0.030616999
36,h1_diasbp_noninvasive_max,67.0,55.220345,-11.779655,-0.11009024
36,h1_diasbp_noninvasive_min,67.0,30.669044,-36.330956,-0.3949017
36,h1_heartrate_max,62.0,64.00046,2.0004578,0.016953036
36,h1_heartrate_min,45.0,10.02405,-34.975952,-0.3238514
36,h1_mbp_max,97.0,151.12787,54.12787,0.46661952
36,h1_mbp_min,97.0,83.33168,-13.66832,-0.1289464
36,h1_mbp_noninvasive_max,97.0,66.21634,-30.78366,-0.2700321
36,h1_mbp_noninvasive_min,97.0,82.98018,-14.019821,-0.13226244
36,h1_resprate_max,46.0,27.633905,-18.366095,-0.37481827
36,h1_resprate_min,14.0,-8.590023,-22.590023,-0.19144088
36,h1_spo2_max,100.0,57.249996,-42.750004,-0.47500002
36,h1_spo2_min,94.0,106.97301,12.973007,0.12973005
36,h1_sysbp_max,142.0,190.28082,48.280823,0.32622176
36,h1_sysbp_min,142.0,123.11771,-18.882294,-0.13391697
36,h1_sysbp_noninvasive_max,142.0,163.35135,21.351349,0.14426589
36,h1_sysbp_noninvasive_min,142.0,175.56985,33.569855,0.23640746
36,h1_temp_max,36.5,37.845604,1.345604,0.22059083
36,h1_temp_min,36.5,33.7115,-2.7885017,-0.4357034
36,d1_bun_max,11.0,2.7465787,-8.253422,-0.067650996
36,d1_bun_min,9.0,50.553074,41.553074,0.3774464
36,d1_calcium_max,8.4,7.277998,-1.1220016,-0.24391341
36,d1_calcium_min,8.1,5.8200006,-2.2799997,-0.47499996
36,d1_creatinine_max,0.95,0.97746193,0.027461946,0.0025498495
36,d1_creatinine_min,0.83,0.79340434,-0.036595643,-0.0037970543
36,d1_glucose_max,129.0,14.214676,-114.785324,-0.21335563
36,d1_glucose_min,99.0,-13.413776,-112.41377,-0.44083834
36,d1_hco3_max,27.0,35.640396,8.640396,0.30858558
36,d1_hco3_min,25.0,11.101395,-13.898605,-0.43433142
36,d1_hemaglobin_max,12.8,15.982337,3.1823368,0.30599397
36,d1_hemaglobin_min,12.8,7.670557,-5.129443,-0.44995114
36,d1_hematocrit_max,40.3,36.473,-3.8269997,-0.12305462
36,d1_hematocrit_min,40.3,44.73876,4.4387627,0.13093692
36,d1_platelets_max,233.0,249.51614,16.516144,0.029598832
36,d1_platelets_min,233.0,75.08932,-157.91068,-0.29302406
36,d1_potassium_max,4.2,5.8961353,1.6961355,0.4038418
36,d1_potassium_min,3.2,2.9903388,-0.20966125,-0.061665073
36,d1_sodium_max,145.0,148.43861,3.438614,0.0982461
36,d1_sodium_min,140.0,127.852234,-12.147766,-0.33743796
36,d1_wbc_max,7.6,23.384638,15.784637,0.35170758
36,d1_wbc_min,7.6,20.526552,12.926552,0.32317996
36,apache_4a_hospital_death_prob,0.09,0.8384429,0.7484429,0.37800145
36,apache_4a_icu_death_prob,0.07,0.6097516,0.5397516,0.27398556
36,aids,0.0,0.06400137,0.06400137,0.06400137
36,cirrhosis,0.0,0.4401191,0.4401191,0.4401191
36,diabetes_mellitus,0.0,-0.29464912,-0.29464912,-0.29464912
36,hepatic_failure,0.0,-0.44727546,-0.44727546,-0.44727546
36,immunosuppression,0.0,0.29839468,0.29839468,0.29839468
36,leukemia,0.0,-0.08517361,-0.08517361,-0.08517361
36,lymphoma,0.0,-0.369838,-0.369838,-0.369838
36,solid_tumor_with_metastasis,0.0,0.27406543,0.27406543,0.27406543
36,apache_3j_bodysystem,6.0,10.618722,4.618722,0.46187222
36,apache_2_bodysystem,4.0,5.9184556,1.9184556,0.21316174
36,apache_3j_diagnosis_split0,106.0,66.917145,-39.082855,-0.3552987
37,age,77.0,100.96984,23.969841,0.32835406
37,bmi,34.361847,53.65764,19.295792,0.36427733
37,elective_surgery,0.0,0.018636134,0.018636134,0.018636134
37,ethnicity,3.0,0.82680583,-2.1731942,-0.36219904
37,gender,2.0,1.4113559,-0.58864415,-0.29432207
37,height,190.5,207.7756,17.275604,0.29586577
37,hospital_admit_source,11.0,17.85571,6.855709,0.45704728
37,icu_admit_source,4.0,5.392974,1.3929739,0.27859473
37,icu_stay_type,1.0,0.33061635,-0.66938365,-0.33469182
37,icu_type,1.0,-2.1136184,-3.1136184,-0.4448026
37,pre_icu_los_days,0.21111111,30.088581,29.87747,0.44428843
37,readmission_status,0.0,0.0,0.0,0.0
37,weight,124.7,58.423264,-66.27673,-0.44963866
37,apache_2_diagnosis,117.0,188.4224,71.42239,0.34503573
37,apache_3j_diagnosis,106.01,988.38525,882.37524,0.42017066
37,apache_post_operative,0.0,0.0607551,0.0607551,0.0607551
37,arf_apache,0.0,-0.42755514,-0.42755514,-0.42755514
37,bun_apache,14.0,12.32863,-1.6713696,-0.013588369
37,creatinine_apache,0.81,4.9214263,4.1114264,0.3778884
37,gcs_eyes_apache,4.0,3.1460423,-0.85395765,-0.28465253
37,gcs_motor_apache,6.0,8.347168,2.347168,0.46943355
37,gcs_unable_apache,0.0,0.0,0.0,0.0
37,gcs_verbal_apache,5.0,3.2657545,-1.7342455,-0.43356138
37,glucose_apache,89.0,57.20691,-31.79309,-0.056803808
37,heart_rate_apache,90.0,153.2511,63.2511,0.42737228
37,hematocrit_apache,44.8,32.4031,-12.3969,-0.35218465
37,intubated_apache,0.0,-0.46555245,-0.46555245,-0.46555245
37,map_apache,168.0,242.71207,74.71207,0.46695036
37,resprate_apache,6.0,1.9002507,-4.0997496,-0.07320981
37,sodium_apache,138.0,155.21797,17.217972,0.41995054
37,temp_apache,36.4,37.968365,1.5683632,0.20636356
37,ventilated_apache,0.0,0.024971578,0.024971578,0.024971578
37,wbc_apache,5.8,5.44899,-0.35101032,-0.007817604
37,d1_diasbp_max,115.0,74.63501,-40.36499,-0.33920163
37,d1_diasbp_min,57.0,59.064808,2.064808,0.026815653
37,d1_diasbp_noninvasive_max,115.0,154.90012,39.900116,0.33529508
37,d1_diasbp_noninvasive_min,57.0,34.026306,-22.973694,-0.2983597
37,d1_heartrate_max,106.0,132.92603,26.926025,0.2262691
37,d1_heartrate_min,60.0,33.435993,-26.564007,-0.1857623
37,d1_mbp_max,168.0,140.57544,-27.42456,-0.22116584
37,d1_mbp_min,94.0,96.56473,2.5647278,0.02849698
37,d1_mbp_noninvasive_max,168.0,203.79828,35.79828,0.29585356
37,d1_mbp_noninvasive_min,94.0,136.75,42.75,0.47499996
37,d1_resprate_max,23.0,31.301355,8.301355,0.10642763
37,d1_resprate_min,6.0,29.448977,23.448977,0.32568023
37,d1_spo2_max,99.0,92.36978,-6.6302185,-0.07620937
37,d1_spo2_min,92.0,44.500004,-47.499996,-0.47499996
37,d1_sysbp_max,226.0,269.22815,43.22815,0.30442357
37,d1_sysbp_min,128.0,145.69061,17.690613,0.1486606
37,d1_sysbp_noninvasive_max,226.0,235.4411,9.441101,0.0664866
37,d1_sysbp_noninvasive_min,128.0,73.310394,-54.689606,-0.4596924
37,d1_temp_max,36.7,38.223568,1.5235672,0.3174098
37,d1_temp_min,36.3,34.90124,-1.3987579,-0.2366364
37,h1_diasbp_max,104.0,119.43571,15.435707,0.14561987
37,h1_diasbp_min,103.0,60.978035,-42.021965,-0.46177983
37,h1_diasbp_noninvasive_max,104.0,124.02108,20.02108,0.18711287
37,h1_diasbp_noninvasive_min,103.0,96.233734,-6.766266,-0.07354641
37,h1_heartrate_max,88.0,111.46694,23.466942,0.19887236
37,h1_heartrate_min,84.0,67.32351,-16.67649,-0.15441194
37,h1_mbp_max,165.0,139.83698,-25.163025,-0.21692264
37,h1_mbp_min,138.0,93.44262,-44.55738,-0.42035264
37,h1_mbp_noninvasive_max,163.0,137.42964,-25.570358,-0.2243014
37,h1_mbp_noninvasive_min,138.0,144.45322,6.4532166,0.06087935
37,h1_resprate_max,16.0,3.1396575,-12.860342,-0.26245597
37,h1_resprate_min,15.0,70.72157,55.721573,0.47221673
37,h1_spo2_max,96.0,60.042965,-35.957035,-0.3995226
37,h1_spo2_min,96.0,94.51652,-1.4834824,-0.014834821
37,h1_sysbp_max,220.0,220.95096,0.95095825,0.0064254403
37,h1_sysbp_min,194.0,179.80588,-14.194122,-0.100667536
37,h1_sysbp_noninvasive_max,220.0,182.18622,-37.81378,-0.25549853
37,h1_sysbp_noninvasive_min,195.0,169.16722,-25.832779,-0.181921
37,h1_temp_max,36.4,36.695564,0.29556274,0.048452914
37,h1_temp_min,36.4,33.696114,-2.703888,-0.4224825
37,d1_bun_max,14.0,4.2877254,-9.712275,-0.079608805
37,d1_bun_min,14.0,16.752342,2.7523422,0.02500084
37,d1_calcium_max,9.1,9.899397,0.7993965,0.17378187
37,d1_calcium_min,9.1,11.38,2.2799997,0.47499996
37,d1_creatinine_max,0.81,0.77595603,-0.034043968,-0.0031609982
37,d1_creatinine_min,0.81,-3.1430357,-3.9530356,-0.41015527
37,d1_glucose_max,89.0,2.9695587,-86.03044,-0.15990789
37,d1_glucose_min,89.0,45.950283,-43.049717,-0.16882242
37,d1_hco3_max,26.0,13.128613,-12.871387,-0.4596924
37,d1_hco3_min,26.0,15.773539,-10.226461,-0.31957692
37,d1_hemaglobin_max,15.5,16.69704,1.1970406,0.115100026
37,d1_hemaglobin_min,15.5,10.361151,-5.1388493,-0.45077625
37,d1_hematocrit_max,44.8,49.59149,4.7914925,0.15406734
37,d1_hematocrit_min,44.8,30.085922,-14.714077,-0.4340436
37,d1_platelets_max,194.0,446.9291,252.92911,0.453278
37,d1_platelets_min,194.0,81.62027,-112.37973,-0.20853539
37,d1_potassium_max,3.4,2.0336492,-1.3663509,-0.32532164
37,d1_potassium_min,3.4,3.7199278,0.3199277,0.09409639
37,d1_sodium_max,138.0,121.375,-16.625,-0.475
37,d1_sodium_min,138.0,153.12012,15.120117,0.42000324
37,d1_wbc_max,5.8,-3.4671724,-9.267173,-0.2064878
37,d1_wbc_min,5.8,-1.2025295,-7.0025296,-0.17507198
37,apache_4a_hospital_death_prob,0.03,0.8573388,0.8273388,0.41784793
37,apache_4a_icu_death_prob,0.01,-0.87640375,-0.88640374,-0.44995114
37,aids,0.0,0.05368689,0.05368689,0.05368689
37,cirrhosis,0.0,0.15867968,0.15867968,0.15867968
37,diabetes_mellitus,0.0,0.36572254,0.36572254,0.36572254
37,hepatic_failure,0.0,0.44757992,0.44757992,0.44757992
37,immunosuppression,0.0,-0.35856742,-0.35856742,-0.35856742
37,leukemia,0.0,0.3969453,0.3969453,0.3969453
37,lymphoma,0.0,-0.25392765,-0.25392765,-0.25392765
37,solid_tumor_with_metastasis,0.0,-0.23263812,-0.23263812,-0.23263812
37,apache_3j_bodysystem,1.0,-2.3367414,-3.3367414,-0.33367413
37,apache_2_bodysystem,1.0,-3.2249022,-4.224902,-0.46943358
37,apache_3j_diagnosis_split0,7.0,-0.9585674,-7.9585676,-0.072350614
38,age,74.0,82.58677,8.586769,0.117626965
38,bmi,35.671364,23.234886,-12.436478,-0.23478314
38,elective_surgery,1.0,0.71695876,-0.28304124,-0.28304124
38,ethnicity,3.0,2.1728163,-0.8271837,-0.13786396
38,gender,1.0,1.621523,0.621523,0.3107615
38,height,167.6,192.60443,25.004425,0.4282313
38,hospital_admit_source,9.0,2.1074142,-6.8925858,-0.45950574
38,icu_admit_source,3.0,2.9298933,-0.070106745,-0.014021367
38,icu_stay_type,1.0,0.18484652,-0.8151535,-0.40757674
38,icu_type,6.0,8.204287,2.2042866,0.314898
38,pre_icu_los_days,1.0770833,33.019844,31.94276,0.475
38,readmission_status,0.0,0.0,0.0,0.0
38,weight,100.2,76.534256,-23.665741,-0.16055456
38,apache_2_diagnosis,218.0,134.39493,-83.60507,-0.40388924
38,apache_3j_diagnosis,1505.01,1642.0402,137.03015,0.06525123
38,apache_post_operative,1.0,1.2335324,0.23353243,0.23353243
38,arf_apache,0.0,-0.08479561,-0.08479561,-0.08479561
38,bun_apache,41.0,45.820812,4.820812,0.03919357
38,creatinine_apache,1.31,2.04453,0.73453,0.067511946
38,gcs_eyes_apache,4.0,4.717128,0.7171278,0.23904264
38,gcs_motor_apache,6.0,7.9384813,1.9384813,0.38769627
38,gcs_unable_apache,0.0,0.0,0.0,0.0
38,gcs_verbal_apache,5.0,4.9979935,-0.0020065308,-0.0005016327
38,glucose_apache,273.0,439.75183,166.75183,0.29793072
38,heart_rate_apache,88.0,45.415894,-42.584106,-0.28773046
38,hematocrit_apache,30.6,32.857937,2.2579365,0.06414592
38,intubated_apache,0.0,-0.25005907,-0.25005907,-0.25005907
38,map_apache,126.0,157.95607,31.95607,0.19972539
38,resprate_apache,59.0,33.57008,-25.42992,-0.45410573
38,sodium_apache,137.0,148.00429,11.004288,0.26839727
38,temp_apache,36.6,40.21,3.6100006,0.47500014
38,ventilated_apache,0.0,-0.45969236,-0.45969236,-0.45969236
38,wbc_apache,6.5,10.3691845,3.8691845,0.08617338
38,d1_diasbp_max,84.0,116.874016,32.874016,0.27625224
38,d1_diasbp_min,60.0,29.199406,-30.800594,-0.4000077
38,d1_diasbp_noninvasive_max,84.0,122.12676,38.126762,0.32039294
38,d1_diasbp_noninvasive_min,60.0,83.72682,23.726822,0.30814058
38,d1_heartrate_max,87.0,34.872013,-52.127987,-0.43805033
38,d1_heartrate_min,73.0,53.228573,-19.771427,-0.13826174
38,d1_mbp_max,126.0,126.88578,0.88578033,0.0071433783
38,d1_mbp_min,87.0,64.3584,-22.641602,-0.25157332
38,d1_mbp_noninvasive_max,126.0,143.89218,17.892181,0.14786923
38,d1_mbp_noninvasive_min,87.0,118.12243,31.122429,0.3458048
38,d1_resprate_max,35.0,64.596146,29.596146,0.37943774
38,d1_resprate_min,12.0,1.4227147,-10.577286,-0.14690675
38,d1_spo2_max,99.0,98.59861,-0.40139008,-0.004613638
38,d1_spo2_min,91.0,43.500004,-47.499996,-0.475
38,d1_sysbp_max,187.0,250.0889,63.088898,0.44428796
38,d1_sysbp_min,133.0,77.246445,-55.753555,-0.46851727
38,d1_sysbp_noninvasive_max,187.0,144.30771,-42.69229,-0.30064997
38,d1_sysbp_noninvasive_min,133.0,82.694275,-50.305725,-0.42284378
38,d1_temp_max,37.1,37.267014,0.16701508,0.034794807
38,d1_temp_min,36.4,36.53995,0.1399498,0.023676157
38,h1_diasbp_max,71.0,104.57445,33.574448,0.3167401
38,h1_diasbp_min,63.0,92.07015,29.070152,0.3194522
38,h1_diasbp_noninvasive_max,71.0,69.498085,-1.501915,-0.014036596
38,h1_diasbp_noninvasive_min,63.0,28.334412,-34.66559,-0.37679988
38,h1_heartrate_max,86.0,76.36515,-9.63485,-0.08165127
38,h1_heartrate_min,83.0,46.124107,-36.875893,-0.34144345
38,h1_mbp_max,112.0,107.807175,-4.1928253,-0.03614503
38,h1_mbp_min,112.0,101.62659,-10.373413,-0.09786242
38,h1_mbp_noninvasive_max,112.0,122.805115,10.805115,0.09478176
38,h1_mbp_noninvasive_min,112.0,104.70764,-7.2923584,-0.06879586
38,h1_resprate_max,26.0,34.349842,8.349842,0.17040494
38,h1_resprate_min,12.0,13.767974,1.7679739,0.014982834
38,h1_spo2_max,93.0,88.79392,-4.2060776,-0.046734154
38,h1_spo2_min,91.0,84.90692,-6.0930786,-0.06093079
38,h1_sysbp_max,165.0,150.89935,-14.100647,-0.09527463
38,h1_sysbp_min,159.0,101.11662,-57.883377,-0.4105204
38,h1_sysbp_noninvasive_max,165.0,168.39621,3.3962097,0.022947371
38,h1_sysbp_noninvasive_min,159.0,102.68776,-56.31224,-0.39656505
38,h1_temp_max,36.6,38.815594,2.2155952,0.36321235
38,h1_temp_min,36.6,35.412476,-1.1875229,-0.18555045
38,d1_bun_max,41.0,38.47034,-2.5296593,-0.020734906
38,d1_bun_min,41.0,34.1513,-6.8487015,-0.062210023
38,d1_calcium_max,8.6,6.4854155,-2.114585,-0.45969236
38,d1_calcium_min,8.6,9.872923,1.2729225,0.2651922
38,d1_creatinine_max,1.31,-2.5461683,-3.8561683,-0.35804716
38,d1_creatinine_min,1.31,0.43580034,-0.8741996,-0.09070437
38,d1_glucose_max,365.0,196.75711,-168.24289,-0.31271917
38,d1_glucose_min,226.0,304.9907,78.99069,0.30976737
38,d1_hco3_max,23.0,15.22534,-7.77466,-0.27766642
38,d1_hco3_min,23.0,17.25959,-5.74041,-0.17938781
38,d1_hemaglobin_max,10.2,12.484776,2.2847757,0.21969
38,d1_hemaglobin_min,10.2,9.093185,-1.1068144,-0.09708896
38,d1_hematocrit_max,30.6,18.784792,-11.815208,-0.37991023
38,d1_hematocrit_min,30.6,28.840477,-1.7595234,-0.051903337
38,d1_platelets_max,326.0,397.28595,71.28595,0.1277526
38,d1_platelets_min,326.0,158.97676,-167.02324,-0.30993366
38,d1_potassium_max,4.2,5.4071903,1.2071905,0.28742635
38,d1_potassium_min,4.2,4.1023245,-0.09767532,-0.028728068
38,d1_sodium_max,137.0,136.30458,-0.6954193,-0.019869119
38,d1_sodium_min,137.0,128.48096,-8.519043,-0.2366401
38,d1_wbc_max,6.5,16.732483,10.232483,0.2279965
38,d1_wbc_min,6.5,4.4179716,-2.0820284,-0.052053303
38,apache_4a_hospital_death_prob,0.07,0.056352615,-0.013647385,-0.006892681
38,apache_4a_icu_death_prob,0.01,0.27148306,0.26148307,0.13273251
38,aids,0.0,0.06548621,0.06548621,0.06548621
38,cirrhosis,0.0,0.18042476,0.18042476,0.18042476
38,diabetes_mellitus,1.0,1.1967046,0.19670463,0.19670463
38,hepatic_failure,0.0,0.022598106,0.022598106,0.022598106
38,immunosuppression,0.0,-0.07147032,-0.07147032,-0.07147032
38,leukemia,0.0,-0.12594914,-0.12594914,-0.12594914
38,lymphoma,0.0,0.3887207,0.3887207,0.3887207
38,solid_tumor_with_metastasis,0.0,0.07430005,0.07430005,0.07430005
38,apache_3j_bodysystem,8.0,7.467908,-0.5320921,-0.053209186
38,apache_2_bodysystem,5.0,3.007402,-1.992598,-0.22139978
38,apache_3j_diagnosis_split0,46.0,7.6263404,-38.37366,-0.34885144
39,age,72.0,49.90278,-22.097221,-0.30270165
39,bmi,41.18939,63.567493,22.378105,0.42246705
39,elective_surgery,1.0,1.0395586,0.03955865,0.03955865
39,ethnicity,3.0,1.7108476,-1.2891524,-0.21485874
39,gender,2.0,2.031517,0.03151703,0.015758514
39,height,167.6,145.20952,-22.390488,-0.38346446
39,hospital_admit_source,9.0,2.0816529,-6.9183474,-0.46122319
39,icu_admit_source,3.0,5.0301003,2.0301003,0.40602008
39,icu_stay_type,1.0,0.06976509,-0.9302349,-0.46511745
39,icu_type,5.0,1.7434639,-3.256536,-0.46521947
39,pre_icu_los_days,0.004166667,-7.903386,-7.9075527,-0.11758807
39,readmission_status,0.0,0.0,0.0,0.0
39,weight,115.7,63.663383,-52.036613,-0.35302997
39,apache_2_diagnosis,202.0,179.21432,-22.785675,-0.11007571
39,apache_3j_diagnosis,1205.01,1565.5139,360.5039,0.17166525
39,apache_post_operative,1.0,1.1927452,0.19274521,0.19274521
39,arf_apache,0.0,0.041033503,0.041033503,0.041033503
39,bun_apache,23.0,76.215744,53.215744,0.43264833
39,creatinine_apache,1.3,2.4625082,1.1625082,0.10684819
39,gcs_eyes_apache,4.0,2.6271849,-1.3728151,-0.45760506
39,gcs_motor_apache,6.0,4.122978,-1.8770218,-0.37540436
39,gcs_unable_apache,0.0,0.0,0.0,0.0
39,gcs_verbal_apache,5.0,4.415757,-0.5842428,-0.1460607
39,glucose_apache,324.0,320.2289,-3.7710876,-0.006737709
39,heart_rate_apache,104.0,153.39958,49.399582,0.33378094
39,hematocrit_apache,33.1,17.402536,-15.697462,-0.44595063
39,intubated_apache,0.0,0.026595458,0.026595458,0.026595458
39,map_apache,104.0,166.36725,62.36725,0.38979527
39,resprate_apache,32.0,45.19636,13.196362,0.23564929
39,sodium_apache,137.0,124.76552,-12.234482,-0.298402
39,temp_apache,36.3,32.898438,-3.4015617,-0.4475739
39,ventilated_apache,0.0,0.46456295,0.46456295,0.46456295
39,wbc_apache,8.1,29.177568,21.077568,0.4694336
39,d1_diasbp_max,80.0,36.057896,-43.942104,-0.36926138
39,d1_diasbp_min,50.0,25.758015,-24.241985,-0.31483096
39,d1_diasbp_noninvasive_max,80.0,129.09708,49.097076,0.41258046
39,d1_diasbp_noninvasive_min,50.0,39.46083,-10.539169,-0.13687232
39,d1_heartrate_max,103.0,159.525,56.524994,0.47499993
39,d1_heartrate_min,78.0,141.60669,63.60669,0.444802
39,d1_mbp_max,104.0,48.470913,-55.529087,-0.4478152
39,d1_mbp_min,82.0,39.25,-42.75,-0.47500002
39,d1_mbp_noninvasive_max,104.0,87.5061,-16.493896,-0.1363132
39,d1_mbp_noninvasive_min,82.0,42.055458,-39.944542,-0.44382828
39,d1_resprate_max,30.0,21.575401,-8.424599,-0.10800768
39,d1_resprate_min,8.0,12.562749,4.562749,0.06337152
39,d1_spo2_max,97.0,67.22036,-29.77964,-0.3422947
39,d1_spo2_min,88.0,74.73791,-13.262093,-0.13262093
39,d1_sysbp_max,145.0,149.82663,4.8266296,0.033990353
39,d1_sysbp_min,100.0,50.489853,-49.510147,-0.41605166
39,d1_sysbp_noninvasive_max,145.0,192.91275,47.91275,0.33741376
39,d1_sysbp_noninvasive_min,100.0,89.85154,-10.14846,-0.08530268
39,d1_temp_max,37.3,35.054974,-2.2450256,-0.46771365
39,d1_temp_min,36.3,34.731464,-1.5685349,-0.26535863
39,h1_diasbp_max,76.0,116.78887,40.78887,0.38480064
39,h1_diasbp_min,57.0,16.263382,-40.736618,-0.44765514
39,h1_diasbp_noninvasive_max,76.0,72.32776,-3.6722412,-0.034319997
39,h1_diasbp_noninvasive_min,57.0,50.16253,-6.837471,-0.074320346
39,h1_heartrate_max,91.0,138.836,47.836,0.4053898
39,h1_heartrate_min,78.0,125.02901,47.029007,0.43545377
39,h1_mbp_max,104.0,114.51488,10.514877,0.09064552
39,h1_mbp_min,82.0,40.852818,-41.147182,-0.38818097
39,h1_mbp_noninvasive_max,104.0,116.250725,12.250725,0.107462466
39,h1_mbp_noninvasive_min,82.0,87.75191,5.7519073,0.054263294
39,h1_resprate_max,28.0,38.05177,10.051769,0.20513815
39,h1_resprate_min,8.0,-32.213078,-40.213078,-0.3407888
39,h1_spo2_max,97.0,115.62971,18.629707,0.20699674
39,h1_spo2_min,92.0,78.6836,-13.316399,-0.13316399
39,h1_sysbp_max,145.0,96.58092,-48.419083,-0.32715595
39,h1_sysbp_min,124.0,137.03235,13.032349,0.09242797
39,h1_sysbp_noninvasive_max,145.0,99.04896,-45.951042,-0.31048
39,h1_sysbp_noninvasive_min,124.0,72.38944,-51.610558,-0.36345464
39,h1_temp_max,36.6,38.365826,1.7658272,0.2894799
39,h1_temp_min,36.5,35.215614,-1.2843857,-0.20068526
39,d1_bun_max,23.0,44.371178,21.371178,0.17517358
39,d1_bun_min,23.0,36.22759,13.227589,0.12015252
39,d1_calcium_max,8.3,6.493108,-1.8068924,-0.39280272
39,d1_calcium_min,8.3,6.2163973,-2.083603,-0.43408394
39,d1_creatinine_max,1.3,4.5753036,3.2753036,0.3041136
39,d1_creatinine_min,1.3,4.130591,2.830591,0.29369375
39,d1_glucose_max,330.0,515.5145,185.51453,0.34482253
39,d1_glucose_min,158.0,36.875,-121.125,-0.475
39,d1_hco3_max,25.0,36.451847,11.451847,0.40899453
39,d1_hco3_min,25.0,13.830477,-11.169523,-0.3490476
39,d1_hemaglobin_max,11.3,9.263556,-2.0364447,-0.19581199
39,d1_hemaglobin_min,11.3,13.221922,1.9219217,0.16858965
39,d1_hematocrit_max,33.1,20.106174,-12.993824,-0.41780785
39,d1_hematocrit_min,33.1,17.176384,-15.9236145,-0.46972314
39,d1_platelets_max,165.0,319.20547,154.20547,0.2763539
39,d1_platelets_min,165.0,19.129242,-145.87076,-0.27068242
39,d1_potassium_max,4.1,5.3046436,1.2046437,0.28681993
39,d1_potassium_min,4.1,2.6522403,-1.4477596,-0.42581165
39,d1_sodium_max,137.0,148.20425,11.204254,0.32012156
39,d1_sodium_min,137.0,142.54863,5.5486298,0.15412855
39,d1_wbc_max,8.1,28.125822,20.025822,0.44620812
39,d1_wbc_min,8.1,8.980975,0.88097477,0.02202548
39,apache_4a_hospital_death_prob,0.01,-0.58255756,-0.59255755,-0.29927152
39,apache_4a_icu_death_prob,0.0,-0.89051604,-0.89051604,-0.4520386
39,aids,0.0,-0.0016526608,-0.0016526608,-0.0016526608
39,cirrhosis,0.0,0.2659105,0.2659105,0.2659105
39,diabetes_mellitus,0.0,-0.40763175,-0.40763175,-0.40763175
39,hepatic_failure,0.0,-0.3551712,-0.3551712,-0.3551712
39,immunosuppression,0.0,0.20041667,0.20041667,0.20041667
39,leukemia,0.0,0.10166313,0.10166313,0.10166313
39,lymphoma,0.0,0.22966395,0.22966395,0.22966395
39,solid_tumor_with_metastasis,0.0,0.07663062,0.07663062,0.07663062
39,apache_3j_bodysystem,1.0,3.5211632,2.5211632,0.25211632
39,apache_2_bodysystem,1.0,1.5197809,0.5197809,0.05775343
39,apache_3j_diagnosis_split0,18.0,-5.9408627,-23.940863,-0.2176442
40,age,49.0,78.40255,29.40255,0.40277463
40,bmi,35.94265,23.370396,-12.572254,-0.23734643
40,elective_surgery,0.0,0.0020514298,0.0020514298,0.0020514298
40,ethnicity,3.0,3.212624,0.21262407,0.035437346
40,gender,2.0,1.786116,-0.213884,-0.106942
40,height,172.7,147.3872,-25.31279,-0.43351245
40,hospital_admit_source,16.0,14.318011,-1.6819887,-0.11213261
40,icu_admit_source,1.0,-0.52196264,-1.5219626,-0.30439252
40,icu_stay_type,1.0,0.17801726,-0.82198274,-0.41099137
40,icu_type,6.0,9.254399,3.2543993,0.4649142
40,pre_icu_los_days,0.03263889,21.408617,21.375978,0.31786826
40,readmission_status,0.0,0.0,0.0,0.0
40,weight,107.2,42.055878,-65.14412,-0.4419547
40,apache_2_diagnosis,304.0,212.44449,-91.55551,-0.44229716
40,apache_3j_diagnosis,301.01,1168.4813,867.4713,0.4130737
40,apache_post_operative,0.0,0.38395578,0.38395578,0.38395578
40,arf_apache,0.0,0.27914137,0.27914137,0.27914137
40,bun_apache,25.0,41.977406,16.977406,0.13802768
40,creatinine_apache,2.12,1.4376493,-0.68235064,-0.06271605
40,gcs_eyes_apache,4.0,2.9451802,-1.0548198,-0.3516066
40,gcs_motor_apache,6.0,3.711975,-2.288025,-0.457605
40,gcs_unable_apache,0.0,0.0,0.0,0.0
40,gcs_verbal_apache,4.0,2.2926438,-1.7073562,-0.42683905
40,glucose_apache,94.0,82.39138,-11.60862,-0.020740792
40,heart_rate_apache,103.0,167.17276,64.17276,0.43359974
40,hematocrit_apache,24.0,37.95578,13.95578,0.39647102
40,intubated_apache,0.0,-0.36372036,-0.36372036,-0.36372036
40,map_apache,41.0,17.164581,-23.835419,-0.14897136
40,resprate_apache,35.0,60.250607,25.250607,0.4509037
40,sodium_apache,117.0,110.306854,-6.6931458,-0.16324745
40,temp_apache,34.9,31.348171,-3.5518303,-0.4673461
40,ventilated_apache,0.0,-0.4377944,-0.4377944,-0.4377944
40,wbc_apache,11.1,12.554846,1.4548454,0.032401904
40,d1_diasbp_max,64.0,59.792595,-4.207405,-0.03535635
40,d1_diasbp_min,36.0,0.06791878,-35.932083,-0.4666504
40,d1_diasbp_noninvasive_max,64.0,95.62564,31.62564,0.26576167
40,d1_diasbp_noninvasive_min,36.0,16.337706,-19.662294,-0.25535446
40,d1_heartrate_max,104.0,141.5634,37.5634,0.31565884
40,d1_heartrate_min,86.0,132.6313,46.6313,0.32609302
40,d1_mbp_max,78.0,99.86174,21.86174,0.17630436
40,d1_mbp_min,47.0,26.24034,-20.75966,-0.23066291
40,d1_mbp_noninvasive_max,78.0,92.18825,14.188248,0.117258236
40,d1_mbp_noninvasive_min,47.0,50.110954,3.1109543,0.034566134
40,d1_resprate_max,38.0,22.82677,-15.173229,-0.1945286
40,d1_resprate_min,8.0,-19.164255,-27.164255,-0.3772813
40,d1_spo2_max,99.0,92.72189,-6.2781067,-0.07216209
40,d1_spo2_min,90.0,110.530594,20.530594,0.20530593
40,d1_sysbp_max,112.0,168.4748,56.474792,0.3977098
40,d1_sysbp_min,69.0,98.721054,29.721054,0.24975677
40,d1_sysbp_noninvasive_max,112.0,99.174866,-12.825134,-0.090317845
40,d1_sysbp_noninvasive_min,69.0,44.521477,-24.478523,-0.20575374
40,d1_temp_max,36.6,35.95964,-0.640358,-0.13340792
40,d1_temp_min,34.9,33.658028,-1.2419739,-0.21011233
40,h1_diasbp_max,64.0,49.392532,-14.607468,-0.13780631
40,h1_diasbp_min,43.0,61.75043,18.750431,0.20604868
40,h1_diasbp_noninvasive_max,64.0,82.20464,18.204643,0.17013687
40,h1_diasbp_noninvasive_min,43.0,26.081192,-16.918808,-0.18390009
40,h1_heartrate_max,100.0,125.882515,25.882515,0.21934336
40,h1_heartrate_min,88.0,51.784042,-36.215958,-0.33533293
40,h1_mbp_max,78.0,57.223736,-20.776264,-0.17910573
40,h1_mbp_min,51.0,1.2080879,-49.791912,-0.46973503
40,h1_mbp_noninvasive_max,78.0,28.212671,-49.78733,-0.43673098
40,h1_mbp_noninvasive_min,51.0,82.876396,31.876396,0.30072075
40,h1_resprate_max,19.0,29.008736,10.008736,0.2042599
40,h1_resprate_min,9.0,23.487473,14.487473,0.12277519
40,h1_spo2_max,98.0,85.94238,-12.057617,-0.13397354
40,h1_spo2_min,96.0,67.454315,-28.545685,-0.28545684
40,h1_sysbp_max,105.0,107.60953,2.6095276,0.017631948
40,h1_sysbp_min,69.0,46.4022,-22.597801,-0.1602681
40,h1_sysbp_noninvasive_max,105.0,153.69675,48.696747,0.32903206
40,h1_sysbp_noninvasive_min,69.0,20.313068,-48.68693,-0.3428657
40,h1_temp_max,35.6,32.766163,-2.8338356,-0.46456322
40,h1_temp_min,35.6,33.727238,-1.8727608,-0.29261887
40,d1_bun_max,25.0,78.434715,53.434715,0.43798944
40,d1_bun_min,25.0,32.541695,7.5416946,0.068504795
40,d1_calcium_max,7.4,6.5007415,-0.8992586,-0.19549099
40,d1_calcium_min,7.4,7.2057214,-0.19427872,-0.040474743
40,d1_creatinine_max,2.12,-0.70955455,-2.8295546,-0.26272556
40,d1_creatinine_min,2.12,1.5260303,-0.5939696,-0.06162852
40,d1_glucose_max,95.0,328.27673,233.27673,0.4335999
40,d1_glucose_min,94.0,-4.3249245,-98.32492,-0.38558793
40,d1_hco3_max,23.0,33.989212,10.989212,0.39247185
40,d1_hco3_min,23.0,9.975023,-13.024977,-0.40703052
40,d1_hemaglobin_max,8.6,7.7919,-0.8081002,-0.07770194
40,d1_hemaglobin_min,8.6,6.425415,-2.1745853,-0.1907531
40,d1_hematocrit_max,24.0,37.86106,13.861061,0.44569328
40,d1_hematocrit_min,24.0,18.285543,-5.7144566,-0.16856803
40,d1_platelets_max,235.0,397.1757,162.17569,0.29063746
40,d1_platelets_min,235.0,73.34552,-161.65448,-0.2999712
40,d1_potassium_max,3.5,4.914768,1.4147682,0.33684957
40,d1_potassium_min,3.5,5.0558567,1.5558567,0.4576049
40,d1_sodium_max,123.0,112.76076,-10.239243,-0.2925498
40,d1_sodium_min,117.0,100.275734,-16.724266,-0.46456295
40,d1_wbc_max,11.1,0.75768816,-10.342312,-0.23044367
40,d1_wbc_min,11.1,-4.1387863,-15.238787,-0.38098872
40,apache_4a_hospital_death_prob,0.11,-0.6749824,-0.78498244,-0.39645576
40,apache_4a_icu_death_prob,0.07,0.57324517,0.5032452,0.25545436
40,aids,0.0,-0.04334556,-0.04334556,-0.04334556
40,cirrhosis,1.0,0.89069027,-0.10930973,-0.10930973
40,diabetes_mellitus,0.0,-0.02210743,-0.02210743,-0.02210743
40,hepatic_failure,1.0,1.475,0.47500002,0.47500002
40,immunosuppression,0.0,0.36215824,0.36215824,0.36215824
40,leukemia,0.0,0.063198775,0.063198775,0.063198775
40,lymphoma,0.0,-0.28801715,-0.28801715,-0.28801715
40,solid_tumor_with_metastasis,0.0,0.10113144,0.10113144,0.10113144
40,apache_3j_bodysystem,2.0,2.5381212,0.5381212,0.053812124
40,apache_2_bodysystem,2.0,6.031887,4.031887,0.44798744
40,apache_3j_diagnosis_split0,76.0,126.948845,50.948845,0.4631713
41,age,74.0,78.86372,4.8637238,0.06662637
41,bmi,27.01679,8.536715,-18.480076,-0.34887773
41,elective_surgery,0.0,-0.43154788,-0.43154788,-0.43154788
41,ethnicity,3.0,4.8963866,1.8963866,0.31606445
41,gender,2.0,1.4053674,-0.5946326,-0.2973163
41,height,178.0,159.25317,-18.746826,-0.32106227
41,hospital_admit_source,9.0,10.693206,1.6932058,0.11288035
41,icu_admit_source,3.0,2.1939163,-0.8060837,-0.16121674
41,icu_stay_type,1.0,0.107096195,-0.8929038,-0.4464519
41,icu_type,8.0,5.312253,-2.687747,-0.38396388
41,pre_icu_los_days,0.22708334,-23.284056,-23.511139,-0.34961885
41,readmission_status,0.0,0.0,0.0,0.0
41,weight,85.6,39.35011,-46.24989,-0.3137713
41,apache_2_diagnosis,118.0,152.99347,34.99347,0.16905057
41,apache_3j_diagnosis,602.12,-154.5022,-756.6222,-0.3602894
41,apache_post_operative,0.0,-0.42458987,-0.42458987,-0.42458987
41,arf_apache,0.0,0.44995114,0.44995114,0.44995114
41,bun_apache,12.0,-34.79696,-46.79696,-0.38046306
41,creatinine_apache,1.24,-3.265144,-4.505144,-0.41407573
41,gcs_eyes_apache,4.0,2.6824298,-1.3175702,-0.4391901
41,gcs_motor_apache,6.0,6.0273705,0.027370453,0.0054740906
41,gcs_unable_apache,0.0,0.0,0.0,0.0
41,gcs_verbal_apache,5.0,4.027117,-0.9728832,-0.2432208
41,glucose_apache,148.0,404.1215,256.1215,0.45760491
41,heart_rate_apache,88.0,42.56872,-45.43128,-0.3069681
41,hematocrit_apache,33.4,20.405567,-12.994434,-0.36916006
41,intubated_apache,0.0,-0.43025285,-0.43025285,-0.43025285
41,map_apache,81.0,112.07717,31.077171,0.19423231
41,resprate_apache,27.0,36.007156,9.007156,0.16084209
41,sodium_apache,141.0,131.72,-9.279999,-0.22634143
41,temp_apache,36.7,40.267696,3.5676956,0.46943367
41,ventilated_apache,0.0,0.43533933,0.43533933,0.43533933
41,wbc_apache,9.8,-11.121362,-20.921362,-0.4659546
41,d1_diasbp_max,70.0,65.36031,-4.6396866,-0.038988963
41,d1_diasbp_min,59.0,94.200714,35.200714,0.45715213
41,d1_diasbp_noninvasive_max,70.0,32.55568,-37.44432,-0.31465816
41,d1_diasbp_noninvasive_min,59.0,55.900272,-3.0997276,-0.040256202
41,d1_heartrate_max,88.0,119.04036,31.04036,0.26084337
41,d1_heartrate_min,64.0,67.75757,3.7575684,0.026276708
41,d1_mbp_max,94.0,150.39087,56.39087,0.45476505
41,d1_mbp_min,81.0,43.875153,-37.124847,-0.4124983
41,d1_mbp_noninvasive_max,94.0,139.84525,45.845245,0.37888634
41,d1_mbp_noninvasive_min,81.0,72.53402,-8.465981,-0.09406644
41,d1_resprate_max,28.0,6.4488144,-21.551186,-0.27629727
41,d1_resprate_min,14.0,26.250196,12.250196,0.17014161
41,d1_spo2_max,99.0,108.2224,9.222397,0.106004596
41,d1_spo2_min,94.0,53.953194,-40.046806,-0.40046805
41,d1_sysbp_max,135.0,110.41362,-24.58638,-0.17314352
41,d1_sysbp_min,117.0,118.01707,1.017067,0.00854677
41,d1_sysbp_noninvasive_max,135.0,77.13396,-57.866043,-0.40750736
41,d1_sysbp_noninvasive_min,117.0,87.18865,-29.811348,-0.2505787
41,d1_temp_max,37.0,37.369774,0.36977386,0.0770362
41,d1_temp_min,36.3,33.701622,-2.5983772,-0.43958336
41,h1_diasbp_max,70.0,51.641403,-18.358597,-0.1731943
41,h1_diasbp_min,64.0,103.615875,39.615875,0.4353393
41,h1_diasbp_noninvasive_max,70.0,49.68316,-20.316841,-0.18987702
41,h1_diasbp_noninvasive_min,64.0,58.19953,-5.8004684,-0.06304857
41,h1_heartrate_max,82.0,113.30724,31.307243,0.26531562
41,h1_heartrate_min,75.0,35.90227,-39.09773,-0.362016
41,h1_mbp_max,90.0,37.563526,-52.436474,-0.45203856
41,h1_mbp_min,87.0,69.51148,-17.488518,-0.16498601
41,h1_mbp_noninvasive_max,90.0,136.37006,46.370056,0.40675485
41,h1_mbp_noninvasive_min,87.0,105.679,18.679,0.17621702
41,h1_resprate_max,23.0,28.467865,5.467865,0.111589074
41,h1_resprate_min,14.0,11.353702,-2.6462984,-0.022426255
41,h1_spo2_max,99.0,134.13724,35.137238,0.39041376
41,h1_spo2_min,96.0,83.59968,-12.400322,-0.12400317
41,h1_sysbp_max,124.0,59.968063,-64.03194,-0.43264824
41,h1_sysbp_min,119.0,138.54578,19.545776,0.13862252
41,h1_sysbp_noninvasive_max,124.0,150.99832,26.998322,0.18242109
41,h1_sysbp_noninvasive_min,119.0,185.1795,66.179504,0.46605283
41,h1_temp_max,36.9,34.322586,-2.5774155,-0.42252713
41,h1_temp_min,36.9,34.337074,-2.5629272,-0.40045738
41,d1_bun_max,12.0,-21.567152,-33.567154,-0.27514058
41,d1_bun_min,11.0,38.682644,27.682644,0.25145465
41,d1_calcium_max,7.9,9.632371,1.7323709,0.37660238
41,d1_calcium_min,7.5,8.297432,0.79743195,0.16613165
41,d1_creatinine_max,1.24,1.0387523,-0.20124769,-0.018685944
41,d1_creatinine_min,1.09,-3.4880025,-4.5780025,-0.475
41,d1_glucose_max,148.0,42.31346,-105.68654,-0.19644338
41,d1_glucose_min,134.0,66.6006,-67.3994,-0.26431137
41,d1_hco3_max,30.0,20.15056,-9.84944,-0.3517657
41,d1_hco3_min,29.0,17.728767,-11.271233,-0.35222602
41,d1_hemaglobin_max,10.9,7.340436,-3.5595636,-0.34226573
41,d1_hemaglobin_min,9.4,11.278368,1.8783684,0.16476914
41,d1_hematocrit_max,33.4,39.47509,6.0750885,0.19534045
41,d1_hematocrit_min,28.9,13.539037,-15.360963,-0.45312575
41,d1_platelets_max,146.0,266.4359,120.43591,0.21583496
41,d1_platelets_min,115.0,16.33366,-98.666336,-0.18308838
41,d1_potassium_max,4.4,5.3803244,0.98032427,0.23341054
41,d1_potassium_min,4.1,4.57041,0.47040987,0.13835585
41,d1_sodium_max,143.0,130.18687,-12.813126,-0.36608934
41,d1_sodium_min,141.0,137.03111,-3.9688873,-0.1102469
41,d1_wbc_max,9.8,11.80615,2.0061502,0.04470031
41,d1_wbc_min,7.2,7.768374,0.56837416,0.01421006
41,apache_4a_hospital_death_prob,0.0,0.41725647,0.41725647,0.21073562
41,apache_4a_icu_death_prob,0.0,0.5861279,0.5861279,0.29752684
41,aids,0.0,0.36064035,0.36064035,0.36064035
41,cirrhosis,0.0,-0.42017114,-0.42017114,-0.42017114
41,diabetes_mellitus,0.0,-0.02405272,-0.02405272,-0.02405272
41,hepatic_failure,0.0,-0.38677472,-0.38677472,-0.38677472
41,immunosuppression,0.0,-0.014166303,-0.014166303,-0.014166303
41,leukemia,0.0,-0.417848,-0.417848,-0.417848
41,lymphoma,0.0,-0.4658713,-0.4658713,-0.4658713
41,solid_tumor_with_metastasis,0.0,0.26540536,0.26540536,0.26540536
41,apache_3j_bodysystem,11.0,10.831669,-0.16833115,-0.016833127
41,apache_2_bodysystem,8.0,5.411929,-2.5880709,-0.28756344
41,apache_3j_diagnosis_split0,100.0,88.80239,-11.197609,-0.10179645
42,age,67.0,93.97704,26.977043,0.3695485
42,bmi,28.746038,15.107861,-13.638178,-0.25746953
42,elective_surgery,0.0,0.16123915,0.16123915,0.16123915
42,ethnicity,3.0,0.87455535,-2.1254447,-0.35424078
42,gender,2.0,1.2028036,-0.7971964,-0.3985982
42,height,188.0,206.60452,18.604523,0.3186252
42,hospital_admit_source,11.0,4.1256843,-6.8743157,-0.45828772
42,icu_admit_source,4.0,5.574079,1.574079,0.31481576
42,icu_stay_type,1.0,0.80670226,-0.19329774,-0.09664887
42,icu_type,7.0,4.3964233,-2.6035767,-0.37193954
42,pre_icu_los_days,0.024305556,25.28506,25.260756,0.37563625
42,readmission_status,0.0,0.0,0.0,0.0
42,weight,101.6,35.355053,-66.24495,-0.449423
42,apache_2_diagnosis,301.0,209.54785,-91.45215,-0.44179785
42,apache_3j_diagnosis,403.01,959.9325,556.9225,0.2651961
42,apache_post_operative,0.0,-0.056873485,-0.056873485,-0.056873485
42,arf_apache,0.0,-0.10274772,-0.10274772,-0.10274772
42,bun_apache,14.0,58.34901,44.34901,0.36056107
42,creatinine_apache,1.37,0.034419805,-1.3355802,-0.12275553
42,gcs_eyes_apache,4.0,5.4235487,1.4235487,0.47451627
42,gcs_motor_apache,6.0,5.808626,-0.19137383,-0.038274765
42,gcs_unable_apache,0.0,0.0,0.0,0.0
42,gcs_verbal_apache,5.0,5.626403,0.62640285,0.15660071
42,glucose_apache,104.0,234.73842,130.73842,0.23358661
42,heart_rate_apache,102.0,124.07473,22.07473,0.14915359
42,hematocrit_apache,42.7,47.999718,5.299717,0.15056014
42,intubated_apache,0.0,0.2177225,0.2177225,0.2177225
42,map_apache,157.0,98.904335,-58.095665,-0.3630979
42,resprate_apache,4.0,-15.094929,-19.094929,-0.34098086
42,sodium_apache,139.0,151.22388,12.223877,0.29814333
42,temp_apache,36.2,33.17198,-3.028019,-0.39842355
42,ventilated_apache,0.0,0.44995114,0.44995114,0.44995114
42,wbc_apache,7.2,9.193341,1.9933414,0.04439515
42,d1_diasbp_max,108.0,71.65358,-36.34642,-0.30543214
42,d1_diasbp_min,74.0,84.301285,10.301285,0.13378292
42,d1_diasbp_noninvasive_max,108.0,164.39983,56.399826,0.47394806
42,d1_diasbp_noninvasive_min,74.0,76.45487,2.4548721,0.03188145
42,d1_heartrate_max,92.0,39.58619,-52.41381,-0.44045222
42,d1_heartrate_min,64.0,36.70398,-27.29602,-0.19088125
42,d1_mbp_max,145.0,140.22223,-4.777771,-0.03853041
42,d1_mbp_min,101.0,64.12395,-36.876053,-0.4097339
42,d1_mbp_noninvasive_max,145.0,160.92964,15.929642,0.13164991
42,d1_mbp_noninvasive_min,101.0,109.46608,8.46608,0.09406757
42,d1_resprate_max,22.0,15.219936,-6.7800636,-0.0869239
42,d1_resprate_min,5.0,12.5549755,7.5549755,0.10493021
42,d1_spo2_max,99.0,98.680786,-0.31921387,-0.0036690831
42,d1_spo2_min,92.0,102.67229,10.672287,0.10672289
42,d1_sysbp_max,195.0,185.1862,-9.813797,-0.06911123
42,d1_sysbp_min,155.0,166.29817,11.298172,0.09494263
42,d1_sysbp_noninvasive_max,195.0,251.34506,56.345062,0.39679623
42,d1_sysbp_noninvasive_min,155.0,98.48925,-56.51075,-0.475
42,d1_temp_max,36.8,34.90447,-1.8955307,-0.3949022
42,d1_temp_min,36.2,33.76881,-2.4311905,-0.41129938
42,h1_diasbp_max,93.0,137.04153,44.041534,0.41548616
42,h1_diasbp_min,93.0,53.14228,-39.85772,-0.43799692
42,h1_diasbp_noninvasive_max,93.0,139.92726,46.92726,0.43857253
42,h1_diasbp_noninvasive_min,93.0,71.006744,-21.993256,-0.23905712
42,h1_heartrate_max,78.0,43.005703,-34.994297,-0.29656184
42,h1_heartrate_min,78.0,83.08632,5.086319,0.047095537
42,h1_mbp_max,121.0,143.30687,22.30687,0.19230062
42,h1_mbp_min,121.0,81.10886,-39.891144,-0.3763315
42,h1_mbp_noninvasive_max,121.0,135.2395,14.239502,0.12490791
42,h1_mbp_noninvasive_min,121.0,90.422226,-30.577774,-0.28846955
42,h1_resprate_max,11.0,23.47829,12.478291,0.254659
42,h1_resprate_min,11.0,-19.43247,-30.43247,-0.2579023
42,h1_spo2_max,97.0,81.26048,-15.739517,-0.17488348
42,h1_spo2_min,97.0,104.22363,7.223633,0.0722363
42,h1_sysbp_max,177.0,154.91501,-22.084991,-0.14922291
42,h1_sysbp_min,177.0,122.17896,-54.821037,-0.38880166
42,h1_sysbp_noninvasive_max,177.0,179.05275,2.0527496,0.013869941
42,h1_sysbp_noninvasive_min,177.0,162.53752,-14.462479,-0.10184848
42,h1_temp_max,36.2,34.484413,-1.7155876,-0.28124386
42,h1_temp_min,36.2,33.85039,-2.3496094,-0.36712646
42,d1_bun_max,14.0,64.39498,50.39498,0.41307363
42,d1_bun_min,14.0,10.383973,-3.6160269,-0.0328461
42,d1_calcium_max,8.9,10.268835,1.3688354,0.2975729
42,d1_calcium_min,8.9,9.3844795,0.4844799,0.100933254
42,d1_creatinine_max,1.37,0.9234855,-0.4465145,-0.041459095
42,d1_creatinine_min,1.37,4.5610895,3.1910896,0.331098
42,d1_glucose_max,118.0,-127.392914,-245.39291,-0.45612067
42,d1_glucose_min,104.0,-8.785831,-112.78583,-0.4422974
42,d1_hco3_max,27.0,34.745228,7.745228,0.27661532
42,d1_hco3_min,27.0,16.623697,-10.376303,-0.32425946
42,d1_hemaglobin_max,14.3,13.869891,-0.43010902,-0.041356623
42,d1_hemaglobin_min,14.3,10.443525,-3.8564749,-0.3382873
42,d1_hematocrit_max,42.7,55.49141,12.791409,0.41129923
42,d1_hematocrit_min,42.7,44.60123,1.9012299,0.05608344
42,d1_platelets_max,206.0,428.9642,222.9642,0.3995774
42,d1_platelets_min,206.0,129.44826,-76.55174,-0.14205185
42,d1_potassium_max,3.5,5.3985615,1.8985615,0.45203847
42,d1_potassium_min,3.5,5.115,1.6149998,0.4749999
42,d1_sodium_max,139.0,154.334,15.334,0.43811426
42,d1_sodium_min,139.0,122.62553,-16.374474,-0.4548465
42,d1_wbc_max,7.2,25.386889,18.18689,0.40523368
42,d1_wbc_min,7.2,19.64444,12.44444,0.31112656
42,apache_4a_hospital_death_prob,0.08,1.0039678,0.9239678,0.4666503
42,apache_4a_icu_death_prob,0.03,0.9268303,0.8968303,0.45524377
42,aids,0.0,0.44909275,0.44909275,0.44909275
42,cirrhosis,0.0,0.41503072,0.41503072,0.41503072
42,diabetes_mellitus,0.0,0.1308334,0.1308334,0.1308334
42,hepatic_failure,0.0,0.09312874,0.09312874,0.09312874
42,immunosuppression,0.0,0.120148,0.120148,0.120148
42,leukemia,0.0,-0.3088556,-0.3088556,-0.3088556
42,lymphoma,0.0,-0.27206767,-0.27206767,-0.27206767
42,solid_tumor_with_metastasis,0.0,-0.41711223,-0.41711223,-0.41711223
42,apache_3j_bodysystem,8.0,7.2907534,-0.70924664,-0.07092464
42,apache_2_bodysystem,5.0,3.778575,-1.221425,-0.1357139
42,apache_3j_diagnosis_split0,89.0,59.54824,-29.45176,-0.2677433
43,age,52.0,71.61626,19.616257,0.26871583
43,bmi,21.405895,46.006603,24.600708,0.46442664
43,elective_surgery,0.0,0.3400243,0.3400243,0.3400243
43,ethnicity,1.0,3.2883668,2.2883668,0.38139448
43,gender,1.0,1.6370535,0.6370535,0.31852674
43,height,157.5,144.52373,-12.976273,-0.2222345
43,hospital_admit_source,16.0,20.314465,4.3144646,0.28763092
43,icu_admit_source,2.0,4.347168,2.347168,0.4694336
43,icu_stay_type,2.0,1.7230588,-0.27694118,-0.13847059
43,icu_type,6.0,7.0806637,1.0806637,0.1543805
43,pre_icu_los_days,2.4541667,13.836948,11.382782,0.16926593
43,readmission_status,0.0,0.0,0.0,0.0
43,weight,53.1,120.85866,67.75866,0.45969245
43,apache_2_diagnosis,113.0,151.46895,38.46895,0.18584032
43,apache_3j_diagnosis,501.06,-422.72815,-923.78815,-0.43989074
43,apache_post_operative,0.0,0.46456295,0.46456295,0.46456295
43,arf_apache,0.0,-0.02336859,-0.02336859,-0.02336859
43,bun_apache,4.0,59.89929,55.89929,0.45446575
43,creatinine_apache,0.42,-1.9074397,-2.3274398,-0.21391907
43,gcs_eyes_apache,4.0,3.4739642,-0.5260358,-0.17534524
43,gcs_motor_apache,6.0,8.375,2.375,0.47500002
43,gcs_unable_apache,0.0,0.0,0.0,0.0
43,gcs_verbal_apache,5.0,6.1490955,1.1490955,0.28727388
43,glucose_apache,73.0,338.85748,265.85748,0.475
43,heart_rate_apache,103.0,33.469116,-69.53088,-0.46980327
43,hematocrit_apache,26.0,17.132504,-8.8674965,-0.2519175
43,intubated_apache,0.0,-0.25915444,-0.25915444,-0.25915444
43,map_apache,73.0,82.60586,9.605858,0.060036615
43,resprate_apache,16.0,-4.6928787,-20.692879,-0.3695157
43,sodium_apache,135.0,139.84306,4.8430634,0.11812347
43,temp_apache,36.7,40.03035,3.330349,0.4382038
43,ventilated_apache,0.0,-0.22228213,-0.22228213,-0.22228213
43,wbc_apache,3.7,-4.8604817,-8.560482,-0.19065662
43,d1_diasbp_max,75.0,41.732254,-33.267746,-0.2795609
43,d1_diasbp_min,61.0,73.08187,12.081871,0.15690744
43,d1_diasbp_noninvasive_max,75.0,36.350098,-38.649902,-0.3247891
43,d1_diasbp_noninvasive_min,61.0,82.31564,21.315643,0.27682656
43,d1_heartrate_max,99.0,42.475002,-56.524998,-0.475
43,d1_heartrate_min,89.0,58.866463,-30.133537,-0.21072406
43,d1_mbp_max,87.0,28.781563,-58.218437,-0.46950352
43,d1_mbp_min,74.0,96.52046,22.520462,0.25022733
43,d1_mbp_noninvasive_max,87.0,58.79069,-28.209309,-0.23313478
43,d1_mbp_noninvasive_min,74.0,105.29846,31.298462,0.34776068
43,d1_resprate_max,20.0,46.339184,26.339184,0.33768186
43,d1_resprate_min,16.0,6.8120813,-9.187919,-0.12760998
43,d1_spo2_max,98.0,84.4684,-13.531601,-0.15553564
43,d1_spo2_min,90.0,90.03827,0.038269043,0.00038272142
43,d1_sysbp_max,107.0,44.391376,-62.608624,-0.4409058
43,d1_sysbp_min,95.0,146.96027,51.960266,0.4366409
43,d1_sysbp_noninvasive_max,107.0,83.20727,-23.792732,-0.16755445
43,d1_sysbp_noninvasive_min,95.0,147.68735,52.687347,0.44286248
43,d1_temp_max,37.1,35.247864,-1.8521347,-0.3858614
43,d1_temp_min,36.7,34.5412,-2.158802,-0.36521775
43,h1_diasbp_max,69.0,89.68096,20.680962,0.1951034
43,h1_diasbp_min,66.0,50.091553,-15.908447,-0.1748181
43,h1_diasbp_noninvasive_max,69.0,115.86486,46.86486,0.43798935
43,h1_diasbp_noninvasive_min,66.0,104.84781,38.84781,0.4222588
43,h1_heartrate_max,92.0,130.53842,38.53842,0.32659683
43,h1_heartrate_min,90.0,113.70478,23.70478,0.21948868
43,h1_mbp_max,81.0,29.81872,-51.181282,-0.44121793
43,h1_mbp_min,77.0,107.46434,30.46434,0.2873994
43,h1_mbp_noninvasive_max,81.0,40.32514,-40.67486,-0.356797
43,h1_mbp_noninvasive_min,77.0,53.750343,-23.249657,-0.21933638
43,h1_resprate_max,16.0,5.953295,-10.046705,-0.20503479
43,h1_resprate_min,16.0,13.322426,-2.6775742,-0.02269131
43,h1_spo2_max,97.0,114.08057,17.080566,0.18978411
43,h1_spo2_min,96.0,117.61517,21.615173,0.21615177
43,h1_sysbp_max,101.0,65.14707,-35.85293,-0.24224952
43,h1_sysbp_min,95.0,151.82462,56.824615,0.40301147
43,h1_sysbp_noninvasive_max,101.0,96.34956,-4.6504364,-0.03142187
43,h1_sysbp_noninvasive_min,95.0,49.503803,-45.496197,-0.32039574
43,h1_temp_max,36.7,38.73639,2.0363884,0.33383417
43,h1_temp_min,36.7,38.321617,1.6216164,0.25337756
43,d1_bun_max,4.0,21.84403,17.84403,0.14626254
43,d1_bun_min,3.0,-25.427696,-28.427696,-0.25822234
43,d1_calcium_max,8.0,10.184999,2.1849995,0.47499987
43,d1_calcium_min,8.0,9.3612175,1.3612175,0.28358698
43,d1_creatinine_max,0.42,-3.4002433,-3.8202434,-0.35471153
43,d1_creatinine_min,0.42,-1.9089568,-2.3289568,-0.24164565
43,d1_glucose_max,102.0,349.31454,247.31454,0.45969248
43,d1_glucose_min,65.0,111.96519,46.965187,0.1841772
43,d1_hco3_max,25.0,24.12746,-0.8725395,-0.031162113
43,d1_hco3_min,25.0,24.548456,-0.4515438,-0.014110744
43,d1_hemaglobin_max,8.5,8.726658,0.22665787,0.021794036
43,d1_hemaglobin_min,8.5,3.879799,-4.620201,-0.40528083
43,d1_hematocrit_max,26.0,32.67842,6.678421,0.21474022
43,d1_hematocrit_min,26.0,15.378307,-10.621693,-0.31332424
43,d1_platelets_max,384.0,560.181,176.18103,0.31573665
43,d1_platelets_min,384.0,401.61084,17.61084,0.03267926
43,d1_potassium_max,3.5,3.389512,-0.11048794,-0.026306659
43,d1_potassium_min,3.5,2.9512467,-0.54875326,-0.16139801
43,d1_sodium_max,135.0,133.6492,-1.3507996,-0.038594276
43,d1_sodium_min,135.0,149.9404,14.940399,0.4150111
43,d1_wbc_max,3.7,23.941172,20.24117,0.4510065
43,d1_wbc_min,3.7,-1.7096368,-5.409637,-0.13524768
43,apache_4a_hospital_death_prob,-1.0,-0.122231185,0.8777688,0.4433176
43,apache_4a_icu_death_prob,0.01,0.0753777,0.065377705,0.033186615
43,aids,0.0,0.21102281,0.21102281,0.21102281
43,cirrhosis,0.0,-0.37494475,-0.37494475,-0.37494475
43,diabetes_mellitus,1.0,0.64204484,-0.35795516,-0.35795516
43,hepatic_failure,0.0,-0.37449092,-0.37449092,-0.37449092
43,immunosuppression,0.0,0.13405813,0.13405813,0.13405813
43,leukemia,0.0,0.35162932,0.35162932,0.35162932
43,lymphoma,0.0,0.32814723,0.32814723,0.32814723
43,solid_tumor_with_metastasis,0.0,-0.4282511,-0.4282511,-0.4282511
43,apache_3j_bodysystem,10.0,6.728771,-3.2712288,-0.32712287
43,apache_2_bodysystem,1.0,4.1673284,3.1673284,0.35192537
43,apache_3j_diagnosis_split0,97.0,57.57435,-39.42565,-0.358415
44,age,48.0,20.312092,-27.687908,-0.3792864
44,bmi,29.711895,33.431576,3.7196808,0.07022235
44,elective_surgery,0.0,-0.30135947,-0.30135947,-0.30135947
44,ethnicity,4.0,2.2667513,-1.7332487,-0.2888748
44,gender,2.0,2.0106006,0.010600567,0.0053002834
44,height,167.6,193.47653,25.876526,0.4431671
44,hospital_admit_source,5.0,2.180953,-2.819047,-0.18793648
44,icu_admit_source,2.0,3.938504,1.938504,0.3877008
44,icu_stay_type,1.0,0.40016198,-0.599838,-0.299919
44,icu_type,8.0,9.63232,1.6323204,0.23318863
44,pre_icu_los_days,0.3090278,-30.604324,-30.913353,-0.45969233
44,readmission_status,0.0,0.0,0.0,0.0
44,weight,83.46,88.57483,5.11483,0.034700334
44,apache_2_diagnosis,113.0,90.82063,-22.179367,-0.1071467
44,apache_3j_diagnosis,501.02,-160.1347,-661.15466,-0.31482956
44,apache_post_operative,0.0,-0.14861992,-0.14861992,-0.14861992
44,arf_apache,1.0,1.4065018,0.40650177,0.40650177
44,bun_apache,32.0,36.308277,4.308277,0.035026625
44,creatinine_apache,2.08,4.962778,2.8827782,0.26496118
44,gcs_eyes_apache,3.0,3.5144281,0.51442814,0.171476
44,gcs_motor_apache,6.0,6.120702,0.12070179,0.024140358
44,gcs_unable_apache,0.0,0.0,0.0,0.0
44,gcs_verbal_apache,5.0,5.584976,0.5849762,0.14624405
44,glucose_apache,103.0,139.4902,36.490204,0.06519601
44,heart_rate_apache,96.0,149.50305,53.50305,0.3615071
44,hematocrit_apache,34.0,48.26344,14.263439,0.40521133
44,intubated_apache,0.0,-0.25148898,-0.25148898,-0.25148898
44,map_apache,146.0,87.73515,-58.264847,-0.36415532
44,resprate_apache,10.0,-5.3332596,-15.33326,-0.2738082
44,sodium_apache,141.0,139.5351,-1.4649048,-0.03572935
44,temp_apache,36.8,39.86916,3.0691605,0.4038369
44,ventilated_apache,0.0,0.3723215,0.3723215,0.3723215
44,wbc_apache,1.9,-18.497091,-20.39709,-0.4542782
44,d1_diasbp_max,102.0,68.254196,-33.745804,-0.2835782
44,d1_diasbp_min,62.0,29.98052,-32.019478,-0.4158374
44,d1_diasbp_noninvasive_max,102.0,132.00368,30.003677,0.25213173
44,d1_diasbp_noninvasive_min,62.0,77.637024,15.637024,0.20307827
44,d1_heartrate_max,96.0,124.83926,28.839256,0.24234667
44,d1_heartrate_min,65.0,37.792442,-27.207558,-0.19026265
44,d1_mbp_max,146.0,139.93336,-6.066635,-0.048924446
44,d1_mbp_min,74.0,82.334366,8.334366,0.09260404
44,d1_mbp_noninvasive_max,146.0,89.89443,-56.105568,-0.46368235
44,d1_mbp_noninvasive_min,74.0,102.75221,28.752213,0.31946898
44,d1_resprate_max,44.0,47.998985,3.9989853,0.051269025
44,d1_resprate_min,10.0,21.366327,11.366327,0.15786564
44,d1_spo2_max,100.0,109.87223,9.872231,0.11347389
44,d1_spo2_min,94.0,77.53285,-16.467148,-0.16467148
44,d1_sysbp_max,210.0,159.58823,-50.411774,-0.35501248
44,d1_sysbp_min,121.0,154.01976,33.01976,0.27747697
44,d1_sysbp_noninvasive_max,210.0,277.45,67.45001,0.47500008
44,d1_sysbp_noninvasive_min,121.0,139.16602,18.166016,0.1526941
44,d1_temp_max,37.2,36.125664,-1.074337,-0.2238202
44,d1_temp_min,36.6,34.96637,-1.6336288,-0.27637094
44,h1_diasbp_max,102.0,139.46042,37.46042,0.35340023
44,h1_diasbp_min,83.0,94.66318,11.6631775,0.1281668
44,h1_diasbp_noninvasive_max,102.0,109.73663,7.7366333,0.072304964
44,h1_diasbp_noninvasive_min,83.0,50.621544,-32.378456,-0.35193977
44,h1_heartrate_max,95.0,108.48581,13.485809,0.11428654
44,h1_heartrate_min,93.0,57.736176,-35.263824,-0.32651693
44,h1_mbp_max,146.0,142.19812,-3.80188,-0.032774866
44,h1_mbp_min,119.0,97.17545,-21.824547,-0.20589197
44,h1_mbp_noninvasive_max,146.0,157.67313,11.673126,0.10239589
44,h1_mbp_noninvasive_min,119.0,95.08473,-23.915268,-0.22561574
44,h1_resprate_max,21.0,5.532553,-15.467447,-0.31566218
44,h1_resprate_min,19.0,43.71756,24.71756,0.20947085
44,h1_spo2_max,99.0,103.57774,4.5777435,0.050863862
44,h1_spo2_min,97.0,76.78468,-20.215317,-0.2021532
44,h1_sysbp_max,210.0,175.64204,-34.357956,-0.23214835
44,h1_sysbp_min,174.0,194.52621,20.526215,0.14557594
44,h1_sysbp_noninvasive_max,210.0,269.13202,59.13202,0.39954066
44,h1_sysbp_noninvasive_min,174.0,191.16843,17.168427,0.120904446
44,h1_temp_max,37.2,35.123108,-2.0768929,-0.34047428
44,h1_temp_min,37.2,37.519337,0.31933594,0.04989624
44,d1_bun_max,32.0,65.09495,33.094948,0.27127007
44,d1_bun_min,32.0,54.469925,22.469925,0.20410505
44,d1_calcium_max,8.3,9.98739,1.6873894,0.36682376
44,d1_calcium_min,8.3,7.1495776,-1.1504226,-0.23967138
44,d1_creatinine_max,2.08,2.7673416,0.6873417,0.06382005
44,d1_creatinine_min,2.08,-0.37481135,-2.4548113,-0.25470394
44,d1_glucose_max,244.0,149.37622,-94.62378,-0.17588063
44,d1_glucose_min,103.0,203.72243,100.72243,0.39498988
44,d1_hco3_max,27.0,38.877407,11.877407,0.42419314
44,d1_hco3_min,27.0,21.872229,-5.1277714,-0.16024286
44,d1_hemaglobin_max,11.4,12.382975,0.982975,0.094516814
44,d1_hemaglobin_min,11.4,10.679478,-0.7205219,-0.06320369
44,d1_hematocrit_max,34.0,48.380283,14.380283,0.46238855
44,d1_hematocrit_min,34.0,43.220104,9.220104,0.2719795
44,d1_platelets_max,161.0,85.84481,-75.15519,-0.13468672
44,d1_platelets_min,161.0,51.19607,-109.803925,-0.20375565
44,d1_potassium_max,4.1,5.3745522,1.2745523,0.30346483
44,d1_potassium_min,4.1,4.7768555,0.67685556,0.19907516
44,d1_sodium_max,141.0,153.45728,12.457275,0.3559221
44,d1_sodium_min,141.0,151.07506,10.075058,0.2798627
44,d1_wbc_max,1.9,18.497066,16.597067,0.36980984
44,d1_wbc_min,1.9,14.596925,12.696925,0.317439
44,apache_4a_hospital_death_prob,0.06,-0.17283738,-0.23283738,-0.1175946
44,apache_4a_icu_death_prob,0.04,-0.58487344,-0.62487346,-0.3171946
44,aids,0.0,0.19372325,0.19372325,0.19372325
44,cirrhosis,0.0,-0.08968848,-0.08968848,-0.08968848
44,diabetes_mellitus,1.0,0.65821075,-0.34178925,-0.34178925
44,hepatic_failure,0.0,0.1716079,0.1716079,0.1716079
44,immunosuppression,1.0,1.429719,0.42971897,0.42971897
44,leukemia,0.0,-0.2107318,-0.2107318,-0.2107318
44,lymphoma,0.0,0.1757215,0.1757215,0.1757215
44,solid_tumor_with_metastasis,0.0,-0.0115292,-0.0115292,-0.0115292
44,apache_3j_bodysystem,10.0,11.8315325,1.8315325,0.18315327
44,apache_2_bodysystem,1.0,0.15293425,-0.84706575,-0.09411842
44,apache_3j_diagnosis_split0,97.0,47.505375,-49.494625,-0.44995114
45,age,49.0,35.53725,-13.4627495,-0.18442124
45,bmi,18.137024,34.825615,16.688591,0.31505704
45,elective_surgery,0.0,0.092525885,0.092525885,0.092525885
45,ethnicity,1.0,-1.8166015,-2.8166015,-0.46943358
45,gender,2.0,1.3457882,-0.65421176,-0.32710588
45,height,180.3,174.21036,-6.0896454,-0.10429263
45,hospital_admit_source,16.0,20.88422,4.88422,0.3256147
45,icu_admit_source,2.0,3.2433333,1.2433333,0.24866666
45,icu_stay_type,2.0,1.1526698,-0.8473302,-0.4236651
45,icu_type,6.0,5.368664,-0.6313362,-0.09019089
45,pre_icu_los_days,0.53194445,-18.513624,-19.045568,-0.28321424
45,readmission_status,0.0,0.0,0.0,0.0
45,weight,58.96,20.86076,-38.09924,-0.25847518
45,apache_2_diagnosis,113.0,162.75862,49.75862,0.24037983
45,apache_3j_diagnosis,502.01,-96.25353,-598.26355,-0.28488195
45,apache_post_operative,0.0,-0.29395294,-0.29395294,-0.29395294
45,arf_apache,0.0,-0.12856947,-0.12856947,-0.12856947
45,bun_apache,17.0,49.437412,32.437412,0.26371878
45,creatinine_apache,0.9,4.311518,3.411518,0.31355864
45,gcs_eyes_apache,4.0,4.1593866,0.15938663,0.05312884
45,gcs_motor_apache,6.0,3.6528316,-2.3471684,-0.46943367
45,gcs_unable_apache,0.0,0.0,0.0,0.0
45,gcs_verbal_apache,5.0,3.1506422,-1.8493578,-0.46233946
45,glucose_apache,93.0,60.055595,-32.944405,-0.058860827
45,heart_rate_apache,102.0,170.94196,68.941956,0.465824
45,hematocrit_apache,20.3,22.110594,1.8105946,0.05143734
45,intubated_apache,0.0,0.10848585,0.10848585,0.10848585
45,map_apache,60.0,15.055353,-44.94465,-0.28090405
45,resprate_apache,41.0,50.7082,9.708199,0.1733607
45,sodium_apache,137.0,125.562416,-11.437584,-0.27896547
45,temp_apache,36.2,37.847153,1.647152,0.21673048
45,ventilated_apache,0.0,0.47499996,0.47499996,0.47499996
45,wbc_apache,19.6,9.69994,-9.900061,-0.22049132
45,d1_diasbp_max,72.0,106.306946,34.306946,0.28829366
45,d1_diasbp_min,53.0,76.71033,23.710327,0.3079263
45,d1_diasbp_noninvasive_max,72.0,18.474434,-53.525566,-0.44979468
45,d1_diasbp_noninvasive_min,53.0,62.921074,9.921074,0.1288451
45,d1_heartrate_max,100.0,46.471985,-53.528015,-0.44981527
45,d1_heartrate_min,70.0,33.08416,-36.91584,-0.25815272
45,d1_mbp_max,81.0,139.9,58.899994,0.4749999
45,d1_mbp_min,60.0,80.06009,20.06009,0.22288987
45,d1_mbp_noninvasive_max,81.0,45.115982,-35.884018,-0.29656214
45,d1_mbp_noninvasive_min,60.0,48.87443,-11.125568,-0.12361744
45,d1_resprate_max,41.0,54.979282,13.979282,0.17922157
45,d1_resprate_min,9.0,-15.220134,-24.220135,-0.33639073
45,d1_spo2_max,100.0,98.9395,-1.0605011,-0.012189686
45,d1_spo2_min,93.0,139.45627,46.45627,0.4645627
45,d1_sysbp_max,117.0,116.72425,-0.2757492,-0.0019418895
45,d1_sysbp_min,74.0,95.261734,21.261734,0.17867002
45,d1_sysbp_noninvasive_max,117.0,64.919426,-52.080574,-0.3667646
45,d1_sysbp_noninvasive_min,74.0,47.344273,-26.655727,-0.22405419
45,d1_temp_max,38.3,39.12789,0.8278923,0.17247754
45,d1_temp_min,36.2,36.566715,0.36671448,0.062039316
45,h1_diasbp_max,56.0,97.828766,41.828766,0.394611
45,h1_diasbp_min,56.0,66.59762,10.597618,0.11645734
45,h1_diasbp_noninvasive_max,56.0,9.135172,-46.86483,-0.43798906
45,h1_diasbp_noninvasive_min,56.0,57.917404,1.9174042,0.02084136
45,h1_heartrate_max,100.0,87.29047,-12.709534,-0.10770792
45,h1_heartrate_min,96.0,73.42645,-22.573547,-0.20901436
45,h1_mbp_max,69.0,61.869827,-7.1301727,-0.061467007
45,h1_mbp_min,69.0,59.366028,-9.633972,-0.09088653
45,h1_mbp_noninvasive_max,69.0,69.50107,0.5010681,0.004395336
45,h1_mbp_noninvasive_min,69.0,34.35031,-34.64969,-0.32688385
45,h1_resprate_max,34.0,39.266655,5.266655,0.10748273
45,h1_resprate_min,18.0,26.970167,8.970167,0.07601838
45,h1_spo2_max,96.0,90.20185,-5.798149,-0.06442386
45,h1_spo2_min,94.0,112.72912,18.729118,0.1872912
45,h1_sysbp_max,94.0,35.66834,-58.33166,-0.39413285
45,h1_sysbp_min,94.0,149.42194,55.421936,0.39306337
45,h1_sysbp_noninvasive_max,94.0,80.07822,-13.921783,-0.0940661
45,h1_sysbp_noninvasive_min,94.0,89.72093,-4.279068,-0.03013426
45,h1_temp_max,38.3,40.89509,2.595089,0.42542446
45,h1_temp_min,38.3,36.465607,-1.8343925,-0.28662384
45,d1_bun_max,17.0,-9.542151,-26.542152,-0.21755862
45,d1_bun_min,17.0,39.471245,22.471245,0.20411706
45,d1_calcium_max,7.7,5.5662107,-2.133789,-0.4638672
45,d1_calcium_min,7.7,9.98,2.2799997,0.47499993
45,d1_creatinine_max,1.1,4.1641483,3.0641484,0.28450772
45,d1_creatinine_min,1.1,-1.9664967,-3.0664968,-0.3181706
45,d1_glucose_max,98.0,218.91135,120.91135,0.22474226
45,d1_glucose_min,98.0,-0.531517,-98.53152,-0.38639814
45,d1_hco3_max,22.0,29.907673,7.907673,0.28241688
45,d1_hco3_min,22.0,29.982473,7.9824734,0.2494523
45,d1_hemaglobin_max,7.1,7.666925,0.56692505,0.054512024
45,d1_hemaglobin_min,7.1,5.3406544,-1.7593455,-0.15432855
45,d1_hematocrit_max,20.9,8.753819,-12.14618,-0.3905524
45,d1_hematocrit_min,20.9,7.153019,-13.746981,-0.40551564
45,d1_platelets_max,309.0,96.65751,-212.3425,-0.3805421
45,d1_platelets_min,309.0,85.339966,-223.66003,-0.4150307
45,d1_potassium_max,4.6,6.0711575,1.4711576,0.3502756
45,d1_potassium_min,4.6,4.9572062,0.35720634,0.1050607
45,d1_sodium_max,137.0,148.74954,11.749542,0.3357012
45,d1_sodium_min,137.0,126.412544,-10.587456,-0.29409602
45,d1_wbc_max,19.6,26.026306,6.426306,0.14318866
45,d1_wbc_min,19.6,17.863037,-1.7369633,-0.043426275
45,apache_4a_hospital_death_prob,-1.0,-0.63942254,0.36057746,0.18210983
45,apache_4a_icu_death_prob,0.01,-0.34976596,-0.35976595,-0.18262231
45,aids,0.0,0.026754517,0.026754517,0.026754517
45,cirrhosis,0.0,0.034137316,0.034137316,0.034137316
45,diabetes_mellitus,0.0,-0.26789796,-0.26789796,-0.26789796
45,hepatic_failure,0.0,-0.34538358,-0.34538358,-0.34538358
45,immunosuppression,1.0,0.6397397,-0.3602603,-0.3602603
45,leukemia,0.0,0.46286732,0.46286732,0.46286732
45,lymphoma,0.0,-0.3621539,-0.3621539,-0.3621539
45,solid_tumor_with_metastasis,0.0,-0.44530725,-0.44530725,-0.44530725
45,apache_3j_bodysystem,10.0,10.412894,0.41289425,0.04128945
45,apache_2_bodysystem,1.0,-3.225143,-4.225143,-0.46946034
45,apache_3j_diagnosis_split0,98.0,72.103676,-25.896324,-0.23542112
46,age,45.0,38.895348,-6.1046524,-0.083625376
46,bmi,32.761074,28.030062,-4.7310123,-0.08931485
46,elective_surgery,0.0,-0.4644847,-0.4644847,-0.4644847
46,ethnicity,3.0,2.769346,-0.230654,-0.038442343
46,gender,2.0,2.6932254,0.6932254,0.3466127
46,height,180.3,188.27127,7.9712677,0.13651764
46,hospital_admit_source,4.0,8.902079,4.9020786,0.32680523
46,icu_admit_source,1.0,1.8612013,0.8612013,0.17224026
46,icu_stay_type,1.0,1.9277344,0.9277344,0.4638672
46,icu_type,7.0,5.6172085,-1.3827915,-0.19754165
46,pre_icu_los_days,0.015277778,-23.296125,-23.311403,-0.3466487
46,readmission_status,0.0,0.0,0.0,0.0
46,weight,106.5,107.493195,0.9931946,0.0067380965
46,apache_2_diagnosis,301.0,252.96794,-48.03206,-0.23203897
46,apache_3j_diagnosis,403.01,-106.6675,-509.67752,-0.24269895
46,apache_post_operative,0.0,0.46943358,0.46943358,0.46943358
46,arf_apache,0.0,0.24730083,0.24730083,0.24730083
46,bun_apache,11.0,54.787106,43.787106,0.35599273
46,creatinine_apache,0.87,1.3636935,0.49369347,0.04537624
46,gcs_eyes_apache,4.0,3.0108144,-0.9891856,-0.32972854
46,gcs_motor_apache,6.0,3.828063,-2.171937,-0.4343874
46,gcs_unable_apache,0.0,0.0,0.0,0.0
46,gcs_verbal_apache,5.0,4.050347,-0.94965315,-0.23741329
46,glucose_apache,119.0,186.86879,67.86879,0.12125923
46,heart_rate_apache,100.0,148.68335,48.68335,0.32894155
46,hematocrit_apache,47.9,35.544533,-12.355469,-0.35100764
46,intubated_apache,0.0,-0.09872669,-0.09872669,-0.09872669
46,map_apache,117.0,42.96733,-74.03267,-0.46270418
46,resprate_apache,27.0,9.638729,-17.36127,-0.3100227
46,sodium_apache,137.0,154.92845,17.928452,0.43727928
46,temp_apache,36.8,36.634296,-0.16570282,-0.021802962
46,ventilated_apache,0.0,-0.10568038,-0.10568038,-0.10568038
46,wbc_apache,12.2,18.480698,6.280698,0.13988191
46,d1_diasbp_max,109.0,59.189888,-49.810112,-0.4185724
46,d1_diasbp_min,75.0,42.59793,-32.40207,-0.42080608
46,d1_diasbp_noninvasive_max,109.0,136.27933,27.279327,0.22923803
46,d1_diasbp_noninvasive_min,75.0,43.903862,-31.096138,-0.40384594
46,d1_heartrate_max,96.0,122.018616,26.018616,0.21864381
46,d1_heartrate_min,60.0,36.927166,-23.072834,-0.16134849
46,d1_mbp_max,117.0,72.71063,-44.289368,-0.3571723
46,d1_mbp_min,103.0,81.20517,-21.79483,-0.24216473
46,d1_mbp_noninvasive_max,117.0,154.94513,37.94513,0.3135961
46,d1_mbp_noninvasive_min,103.0,77.56235,-25.437653,-0.28264058
46,d1_resprate_max,26.0,13.123038,-12.876962,-0.16508926
46,d1_resprate_min,11.0,25.687649,14.687649,0.20399512
46,d1_spo2_max,100.0,114.664246,14.664246,0.16855454
46,d1_spo2_min,96.0,131.0521,35.052094,0.3505209
46,d1_sysbp_max,174.0,179.69026,5.690262,0.040072262
46,d1_sysbp_min,138.0,114.78965,-23.21035,-0.195045
46,d1_sysbp_noninvasive_max,174.0,216.89795,42.89795,0.30209827
46,d1_sysbp_noninvasive_min,138.0,92.0619,-45.938103,-0.38613182
46,d1_temp_max,37.5,35.38955,-2.1104507,-0.4396772
46,d1_temp_min,36.8,38.839,2.0390015,0.34495032
46,h1_diasbp_max,109.0,124.47371,15.473709,0.14597839
46,h1_diasbp_min,75.0,55.258587,-19.741413,-0.21693864
46,h1_diasbp_noninvasive_max,109.0,117.98371,8.983711,0.08395988
46,h1_diasbp_noninvasive_min,75.0,91.58416,16.58416,0.18026263
46,h1_heartrate_max,96.0,62.134216,-33.865784,-0.28699818
46,h1_heartrate_min,82.0,119.38853,37.388527,0.34619007
46,h1_mbp_max,117.0,70.11691,-46.883087,-0.40416455
46,h1_mbp_min,103.0,90.557724,-12.442276,-0.11737996
46,h1_mbp_noninvasive_max,117.0,129.09491,12.09491,0.10609573
46,h1_mbp_noninvasive_min,103.0,85.35084,-17.649162,-0.16650152
46,h1_resprate_max,18.0,31.969646,13.969646,0.28509486
46,h1_resprate_min,16.0,36.434353,20.434353,0.17317249
46,h1_spo2_max,100.0,117.882286,17.882286,0.19869208
46,h1_spo2_min,96.0,95.49175,-0.5082474,-0.0050824285
46,h1_sysbp_max,174.0,194.1766,20.176605,0.1363284
46,h1_sysbp_min,138.0,148.72221,10.722214,0.07604402
46,h1_sysbp_noninvasive_max,174.0,196.38142,22.381424,0.15122586
46,h1_sysbp_noninvasive_min,138.0,167.55342,29.553421,0.20812267
46,h1_temp_max,36.8,35.623302,-1.1766968,-0.1929011
46,h1_temp_min,36.8,35.45968,-1.3403206,-0.20942509
46,d1_bun_max,11.0,63.898518,52.898518,0.4335944
46,d1_bun_min,11.0,25.036318,14.036318,0.12749857
46,d1_calcium_max,8.6,7.0582275,-1.5417728,-0.335168
46,d1_calcium_min,8.6,8.672612,0.07261181,0.01512748
46,d1_creatinine_max,0.87,0.29107013,-0.5789299,-0.053753927
46,d1_creatinine_min,0.87,1.611517,0.74151695,0.0769376
46,d1_glucose_max,139.0,270.3974,131.3974,0.24423307
46,d1_glucose_min,119.0,227.85945,108.85945,0.42689982
46,d1_hco3_max,26.0,30.503561,4.503561,0.16084146
46,d1_hco3_min,23.0,21.586342,-1.4136581,-0.044176817
46,d1_hemaglobin_max,15.9,17.545736,1.6457367,0.1582439
46,d1_hemaglobin_min,15.9,18.936882,3.0368824,0.26639324
46,d1_hematocrit_max,47.9,37.779243,-10.120758,-0.32542634
46,d1_hematocrit_min,47.9,37.111664,-10.788338,-0.31824005
46,d1_platelets_max,338.0,469.83252,131.83252,0.23625898
46,d1_platelets_min,338.0,341.82788,3.8278809,0.007103145
46,d1_potassium_max,4.0,3.1344008,-0.86559916,-0.20609504
46,d1_potassium_min,3.8,3.1804986,-0.61950135,-0.18220627
46,d1_sodium_max,140.0,129.33907,-10.660934,-0.30459812
46,d1_sodium_min,137.0,144.9162,7.9161987,0.21989441
46,d1_wbc_max,12.2,29.164057,16.964058,0.37798697
46,d1_wbc_min,12.2,19.16231,6.96231,0.17406645
46,apache_4a_hospital_death_prob,0.02,0.6920136,0.67201364,0.33940083
46,apache_4a_icu_death_prob,0.01,0.76464045,0.75464046,0.38306618
46,aids,0.0,-0.07111375,-0.07111375,-0.07111375
46,cirrhosis,0.0,0.31858456,0.31858456,0.31858456
46,diabetes_mellitus,0.0,-0.3194751,-0.3194751,-0.3194751
46,hepatic_failure,0.0,0.10093926,0.10093926,0.10093926
46,immunosuppression,0.0,-0.30201656,-0.30201656,-0.30201656
46,leukemia,0.0,-0.29099548,-0.29099548,-0.29099548
46,lymphoma,0.0,-0.1596965,-0.1596965,-0.1596965
46,solid_tumor_with_metastasis,0.0,0.44480044,0.44480044,0.44480044
46,apache_3j_bodysystem,8.0,8.272659,0.2726593,0.027265966
46,apache_2_bodysystem,5.0,9.275,4.2749996,0.47499993
46,apache_3j_diagnosis_split0,89.0,136.13745,47.13745,0.4285223
47,age,59.0,93.59881,34.59881,0.47395623
47,bmi,24.273289,6.7550974,-17.518192,-0.33071873
47,elective_surgery,0.0,-0.1975853,-0.1975853,-0.1975853
47,ethnicity,3.0,3.2739701,0.27397013,0.045661688
47,gender,2.0,1.7119167,-0.2880833,-0.14404166
47,height,182.9,161.90916,-20.99083,-0.35949358
47,hospital_admit_source,4.0,0.8731558,-3.1268442,-0.20845628
47,icu_admit_source,1.0,3.1323395,2.1323395,0.4264679
47,icu_stay_type,1.0,1.4362187,0.43621874,0.21810937
47,icu_type,6.0,9.251467,3.2514668,0.46449518
47,pre_icu_los_days,0.0,15.170421,15.170421,0.22558944
47,readmission_status,0.0,0.0,0.0,0.0
47,weight,81.2,145.4248,64.22481,0.43571782
47,apache_2_diagnosis,113.0,48.75487,-64.24513,-0.31036294
47,apache_3j_diagnosis,501.05,289.4946,-211.55539,-0.10073875
47,apache_post_operative,0.0,-0.4705403,-0.4705403,-0.4705403
47,arf_apache,0.0,0.04302902,0.04302902,0.04302902
47,bun_apache,12.0,-46.425,-58.425,-0.475
47,creatinine_apache,0.99,2.459401,1.4694009,0.13505523
47,gcs_eyes_apache,1.0,0.31289506,-0.68710494,-0.22903498
47,gcs_motor_apache,1.0,3.0171409,2.0171409,0.40342817
47,gcs_unable_apache,0.0,0.0,0.0,0.0
47,gcs_verbal_apache,1.0,2.9,1.9000001,0.47500002
47,glucose_apache,39.0,-42.099922,-81.09992,-0.1448989
47,heart_rate_apache,114.0,47.41845,-66.58155,-0.44987535
47,hematocrit_apache,35.8,37.25953,1.4595299,0.04146391
47,intubated_apache,1.0,0.93495905,-0.065040946,-0.065040946
47,map_apache,43.0,48.553387,5.5533867,0.034708668
47,resprate_apache,53.0,54.447903,1.4479027,0.025855422
47,sodium_apache,137.0,126.23417,-10.765831,-0.26258126
47,temp_apache,36.3,36.335075,0.03507614,0.004615307
47,ventilated_apache,1.0,0.8564611,-0.14353889,-0.14353889
47,wbc_apache,10.1,-1.3341638,-11.434164,-0.25465846
47,d1_diasbp_max,87.0,91.967896,4.9678955,0.041747004
47,d1_diasbp_min,33.0,60.026825,27.026825,0.35099772
47,d1_diasbp_noninvasive_max,87.0,56.227615,-30.772385,-0.25859147
47,d1_diasbp_noninvasive_min,33.0,20.802162,-12.197838,-0.15841348
47,d1_heartrate_max,114.0,73.503586,-40.496414,-0.34030598
47,d1_heartrate_min,60.0,82.71145,22.711449,0.15882131
47,d1_mbp_max,134.0,76.09117,-57.90883,-0.4670067
47,d1_mbp_min,37.0,61.443134,24.443134,0.27159035
47,d1_mbp_noninvasive_max,134.0,149.47255,15.472549,0.12787235
47,d1_mbp_noninvasive_min,37.0,75.81113,38.811127,0.43123472
47,d1_resprate_max,42.0,19.313583,-22.686417,-0.2908515
47,d1_resprate_min,12.0,-0.4227997,-12.4228,-0.17253889
47,d1_spo2_max,100.0,105.00722,5.0072174,0.057554245
47,d1_spo2_min,96.0,94.64063,-1.3593674,-0.013593674
47,d1_sysbp_max,129.0,171.53842,42.53842,0.29956633
47,d1_sysbp_min,50.0,93.001434,43.001434,0.3613566
47,d1_sysbp_noninvasive_max,129.0,191.17506,62.175064,0.43785256
47,d1_sysbp_noninvasive_min,50.0,99.433105,49.433105,0.415509
47,d1_temp_max,38.2,36.900253,-1.2997475,-0.2707807
47,d1_temp_min,36.3,33.498444,-2.8015556,-0.4739563
47,h1_diasbp_max,74.0,35.51431,-38.48569,-0.36307254
47,h1_diasbp_min,58.0,79.46692,21.466919,0.2359002
47,h1_diasbp_noninvasive_max,74.0,37.484055,-36.515945,-0.3412705
47,h1_diasbp_noninvasive_min,58.0,89.284584,31.284584,0.34004983
47,h1_heartrate_max,101.0,103.44495,2.4449463,0.020719886
47,h1_heartrate_min,95.0,123.10265,28.102654,0.26020974
47,h1_mbp_max,110.0,143.40611,33.406113,0.28798372
47,h1_mbp_min,62.0,77.00279,15.002792,0.14153579
47,h1_mbp_noninvasive_max,110.0,163.55942,53.559418,0.46981943
47,h1_mbp_noninvasive_min,62.0,41.518684,-20.481316,-0.19321994
47,h1_resprate_max,16.0,1.1415367,-14.858463,-0.30323395
47,h1_resprate_min,12.0,23.982014,11.982014,0.10154249
47,h1_spo2_max,100.0,132.52682,32.526825,0.3614092
47,h1_spo2_min,97.0,94.72758,-2.2724228,-0.02272427
47,h1_sysbp_max,110.0,179.47617,69.476166,0.46943355
47,h1_sysbp_min,77.0,56.5699,-20.4301,-0.14489432
47,h1_sysbp_noninvasive_max,110.0,170.02975,60.029755,0.40560645
47,h1_sysbp_noninvasive_min,77.0,57.252724,-19.747276,-0.13906533
47,h1_temp_max,36.9,36.584984,-0.3150177,-0.0516423
47,h1_temp_min,36.6,34.36361,-2.2363892,-0.3494358
47,d1_bun_max,12.0,30.17528,18.17528,0.14897771
47,d1_bun_min,12.0,5.053849,-6.946151,-0.0630952
47,d1_calcium_max,7.7,9.860895,2.1608953,0.46975985
47,d1_calcium_min,7.7,9.212583,1.5125828,0.31512138
47,d1_creatinine_max,0.99,1.8947172,0.9047172,0.08400345
47,d1_creatinine_min,0.99,3.8496244,2.8596244,0.29670617
47,d1_glucose_max,124.0,136.11165,12.111649,0.022512354
47,d1_glucose_min,33.0,-85.99423,-118.99423,-0.46664405
47,d1_hco3_max,25.0,20.116066,-4.883934,-0.1744262
47,d1_hco3_min,25.0,25.499731,0.49973106,0.015616596
47,d1_hemaglobin_max,11.7,16.582108,4.8821077,0.46943346
47,d1_hemaglobin_min,11.7,14.59042,2.89042,0.25354558
47,d1_hematocrit_max,35.8,48.19689,12.396893,0.3986139
47,d1_hematocrit_min,35.8,50.877586,15.077587,0.44476658
47,d1_platelets_max,268.0,26.148344,-241.85165,-0.4334259
47,d1_platelets_min,268.0,218.88959,-49.110413,-0.09113085
47,d1_potassium_max,2.8,1.2112086,-1.5887914,-0.37828368
47,d1_potassium_min,2.8,1.2039257,-1.5960742,-0.46943358
47,d1_sodium_max,137.0,144.54213,7.5421295,0.21548942
47,d1_sodium_min,137.0,137.70247,0.7024689,0.019513011
47,d1_wbc_max,10.1,-7.9002647,-18.000265,-0.40107542
47,d1_wbc_min,10.1,16.010717,5.910717,0.1477753
47,apache_4a_hospital_death_prob,0.51,-0.35852367,-0.86852366,-0.43864828
47,apache_4a_icu_death_prob,0.45,0.48291492,0.032914937,0.016708016
47,aids,0.0,-0.09052014,-0.09052014,-0.09052014
47,cirrhosis,0.0,0.46896726,0.46896726,0.46896726
47,diabetes_mellitus,1.0,0.9922786,-0.007721424,-0.007721424
47,hepatic_failure,0.0,0.475,0.475,0.475
47,immunosuppression,0.0,0.43084055,0.43084055,0.43084055
47,leukemia,0.0,0.23492232,0.23492232,0.23492232
47,lymphoma,0.0,-0.022475883,-0.022475883,-0.022475883
47,solid_tumor_with_metastasis,0.0,-0.2663439,-0.2663439,-0.2663439
47,apache_3j_bodysystem,10.0,7.9766383,-2.0233617,-0.20233613
47,apache_2_bodysystem,1.0,-1.3538616,-2.3538616,-0.26154017
47,apache_3j_diagnosis_split0,97.0,64.244385,-32.755615,-0.2977783
48,age,65.0,44.13483,-20.86517,-0.28582424
48,bmi,17.139915,26.021753,8.881838,0.16767657
48,elective_surgery,0.0,-0.07876076,-0.07876076,-0.07876076
48,ethnicity,3.0,0.8533114,-2.1466885,-0.35778144
48,gender,1.0,0.17308688,-0.8269131,-0.41345656
48,height,165.1,150.44968,-14.65033,-0.25090477
48,hospital_admit_source,5.0,0.60767114,-4.3923287,-0.29282194
48,icu_admit_source,2.0,4.3234673,2.3234673,0.4646935
48,icu_stay_type,1.0,1.6852963,0.6852963,0.34264815
48,icu_type,3.0,5.499677,2.4996772,0.3570967
48,pre_icu_los_days,0.1375,24.433405,24.295904,0.36128858
48,readmission_status,0.0,0.0,0.0,0.0
48,weight,46.72,26.851706,-19.868296,-0.1347917
48,apache_2_diagnosis,102.0,128.58215,26.582153,0.12841621
48,apache_3j_diagnosis,206.01,128.67702,-77.33298,-0.036824524
48,apache_post_operative,0.0,-0.3345949,-0.3345949,-0.3345949
48,arf_apache,0.0,-0.4265802,-0.4265802,-0.4265802
48,bun_apache,4.0,58.14583,54.14583,0.44020998
48,creatinine_apache,0.44,-0.6100101,-1.0500101,-0.09650828
48,gcs_eyes_apache,4.0,5.012317,1.0123172,0.33743906
48,gcs_motor_apache,6.0,8.00576,2.0057602,0.401152
48,gcs_unable_apache,0.0,0.0,0.0,0.0
48,gcs_verbal_apache,5.0,5.193157,0.1931572,0.0482893
48,glucose_apache,97.0,278.28677,181.28677,0.3238999
48,heart_rate_apache,96.0,166.3,70.3,0.475
48,hematocrit_apache,43.1,55.19102,12.0910225,0.34349495
48,intubated_apache,0.0,-0.28610224,-0.28610224,-0.28610224
48,map_apache,61.0,4.323551,-56.67645,-0.35422778
48,resprate_apache,31.0,57.53866,26.538658,0.4739046
48,sodium_apache,140.0,157.25542,17.255417,0.4208638
48,temp_apache,36.6,39.975174,3.3751755,0.44410205
48,ventilated_apache,0.0,-0.14441648,-0.14441648,-0.14441648
48,wbc_apache,4.1,-13.28666,-17.38666,-0.38723072
48,d1_diasbp_max,93.0,138.17044,45.17044,0.3795835
48,d1_diasbp_min,52.0,67.26225,15.262253,0.19821107
48,d1_diasbp_noninvasive_max,93.0,149.41458,56.41458,0.47407213
48,d1_diasbp_noninvasive_min,52.0,75.95346,23.95346,0.3110839
48,d1_heartrate_max,100.0,55.326397,-44.673603,-0.37540844
48,d1_heartrate_min,80.0,44.60991,-35.39009,-0.24748313
48,d1_mbp_max,91.0,132.9509,41.950897,0.3383137
48,d1_mbp_min,61.0,82.39503,21.395027,0.23772252
48,d1_mbp_noninvasive_max,91.0,62.4676,-28.532398,-0.23580495
48,d1_mbp_noninvasive_min,61.0,27.943817,-33.056183,-0.3672909
48,d1_resprate_max,30.0,56.170364,26.170364,0.33551753
48,d1_resprate_min,20.0,46.29149,26.291489,0.36515957
48,d1_spo2_max,100.0,136.61514,36.615143,0.42086375
48,d1_spo2_min,92.0,51.610226,-40.389774,-0.40389776
48,d1_sysbp_max,140.0,174.35779,34.357788,0.24195626
48,d1_sysbp_min,90.0,127.36476,37.36476,0.3139896
48,d1_sysbp_noninvasive_max,140.0,193.9667,53.966705,0.38004723
48,d1_sysbp_noninvasive_min,90.0,79.808,-10.192001,-0.08566868
48,d1_temp_max,37.1,38.0654,0.9654007,0.20112512
48,d1_temp_min,36.6,34.168602,-2.4313965,-0.4113342
48,h1_diasbp_max,59.0,90.28801,31.28801,0.2951699
48,h1_diasbp_min,57.0,56.768513,-0.23148727,-0.0025438368
48,h1_diasbp_noninvasive_max,59.0,9.068407,-49.931595,-0.4666504
48,h1_diasbp_noninvasive_min,57.0,26.823717,-30.176283,-0.32800308
48,h1_heartrate_max,96.0,134.04724,38.04724,0.32243425
48,h1_heartrate_min,82.0,118.537796,36.537796,0.3383129
48,h1_mbp_max,77.0,25.047802,-51.952198,-0.44786376
48,h1_mbp_min,71.0,23.305176,-47.694824,-0.44995117
48,h1_mbp_noninvasive_max,77.0,28.836033,-48.163967,-0.42249095
48,h1_mbp_noninvasive_min,71.0,25.023972,-45.97603,-0.43373615
48,h1_resprate_max,22.0,9.19795,-12.80205,-0.26126632
48,h1_resprate_min,21.0,74.04293,53.04293,0.44951636
48,h1_spo2_max,99.0,126.502304,27.502304,0.3055812
48,h1_spo2_min,93.0,60.656746,-32.343254,-0.32343256
48,h1_sysbp_max,119.0,82.473816,-36.526184,-0.24679855
48,h1_sysbp_min,105.0,143.19193,38.191925,0.27086473
48,h1_sysbp_noninvasive_max,119.0,188.78516,69.78516,0.47152132
48,h1_sysbp_noninvasive_min,105.0,141.57721,36.57721,0.257586
48,h1_temp_max,36.8,34.064583,-2.7354164,-0.44842893
48,h1_temp_min,36.8,33.94959,-2.8504105,-0.44537663
48,d1_bun_max,4.0,18.30066,14.300659,0.11721852
48,d1_bun_min,3.0,32.84499,29.84499,0.2710963
48,d1_calcium_max,8.8,8.030722,-0.7692785,-0.16723448
48,d1_calcium_min,8.8,6.5252986,-2.2747016,-0.47389615
48,d1_creatinine_max,0.44,2.1498816,1.7098815,0.15876338
48,d1_creatinine_min,0.44,4.721902,4.281902,0.44427744
48,d1_glucose_max,137.0,185.17256,48.17256,0.08954007
48,d1_glucose_min,97.0,-4.0954514,-101.09545,-0.39645278
48,d1_hco3_max,37.0,35.3777,-1.6222992,-0.05793923
48,d1_hco3_min,37.0,50.782806,13.782806,0.4307127
48,d1_hemaglobin_max,13.6,17.255344,3.655344,0.35147542
48,d1_hemaglobin_min,13.6,8.973232,-4.626768,-0.40585685
48,d1_hematocrit_max,43.1,51.392685,8.292686,0.26664585
48,d1_hematocrit_min,43.1,55.051582,11.951584,0.35255414
48,d1_platelets_max,211.0,476.03882,265.03882,0.47497994
48,d1_platelets_min,211.0,51.14163,-159.85837,-0.29663825
48,d1_potassium_max,3.9,5.0021353,1.1021352,0.26241317
48,d1_potassium_min,3.9,5.4629545,1.5629544,0.4596925
48,d1_sodium_max,140.0,139.5895,-0.4105072,-0.011728764
48,d1_sodium_min,140.0,136.70468,-3.2953186,-0.09153664
48,d1_wbc_max,4.1,24.280653,20.180653,0.44965804
48,d1_wbc_min,4.1,-5.3217773,-9.421778,-0.2355562
48,apache_4a_hospital_death_prob,0.02,0.7629417,0.74294174,0.3752231
48,apache_4a_icu_death_prob,0.01,0.54614305,0.53614306,0.2721538
48,aids,0.0,0.30861163,0.30861163,0.30861163
48,cirrhosis,0.0,-0.42080945,-0.42080945,-0.42080945
48,diabetes_mellitus,0.0,-0.35511154,-0.35511154,-0.35511154
48,hepatic_failure,0.0,0.025088876,0.025088876,0.025088876
48,immunosuppression,0.0,-0.4638672,-0.4638672,-0.4638672
48,leukemia,0.0,0.39668685,0.39668685,0.39668685
48,lymphoma,0.0,-0.22135837,-0.22135837,-0.22135837
48,solid_tumor_with_metastasis,0.0,-0.06018202,-0.06018202,-0.06018202
48,apache_3j_bodysystem,9.0,11.947096,2.9470959,0.29470962
48,apache_2_bodysystem,7.0,6.4089303,-0.5910697,-0.065674424
48,apache_3j_diagnosis_split0,66.0,32.867542,-33.132458,-0.30120414
49,age,60.0,36.795082,-23.204918,-0.31787562
49,bmi,20.586555,30.374123,9.787567,0.18477546
49,elective_surgery,0.0,-0.17130959,-0.17130959,-0.17130959
49,ethnicity,3.0,0.1833986,-2.8166013,-0.46943358
49,gender,1.0,0.86401176,-0.13598824,-0.06799412
49,height,172.7,157.30579,-15.394211,-0.26364467
49,hospital_admit_source,4.0,7.1140957,3.1140957,0.20760639
49,icu_admit_source,1.0,1.8658772,0.86587715,0.17317542
49,icu_stay_type,1.0,0.099131584,-0.9008684,-0.4504342
49,icu_type,6.0,8.142286,2.1422863,0.30604088
49,pre_icu_los_days,0.044444446,-27.705853,-27.750298,-0.41265658
49,readmission_status,0.0,0.0,0.0,0.0
49,weight,61.4,90.11871,28.718712,0.19483523
49,apache_2_diagnosis,106.0,170.10394,64.10394,0.30968088
49,apache_3j_diagnosis,212.01,-391.75388,-603.76385,-0.28750113
49,apache_post_operative,0.0,0.065175936,0.065175936,0.065175936
49,arf_apache,0.0,0.3248577,0.3248577,0.3248577
49,bun_apache,6.0,62.73185,56.73185,0.46123457
49,creatinine_apache,0.94,0.14501499,-0.794985,-0.07306847
49,gcs_eyes_apache,4.0,3.1423533,-0.8576467,-0.28588223
49,gcs_motor_apache,6.0,7.018622,1.0186219,0.20372438
49,gcs_unable_apache,0.0,0.0,0.0,0.0
49,gcs_verbal_apache,5.0,3.1123855,-1.8876145,-0.47190362
49,glucose_apache,130.0,36.930492,-93.0695,-0.16628462
49,heart_rate_apache,116.0,56.592316,-59.407684,-0.40140328
49,hematocrit_apache,34.2,26.877567,-7.3224335,-0.20802367
49,intubated_apache,0.0,0.35411215,0.35411215,0.35411215
49,map_apache,127.0,165.39383,38.39383,0.23996145
49,resprate_apache,31.0,49.761944,18.761944,0.33503473
49,sodium_apache,139.0,148.16423,9.16423,0.22351778
49,temp_apache,37.3,37.6307,0.33069992,0.04351312
49,ventilated_apache,0.0,0.3238973,0.3238973,0.3238973
49,wbc_apache,6.8,-8.848287,-15.648287,-0.34851417
49,d1_diasbp_max,105.0,154.54907,49.549072,0.41637877
49,d1_diasbp_min,75.0,43.10044,-31.899559,-0.41427997
49,d1_diasbp_noninvasive_max,105.0,161.3594,56.359406,0.47360846
49,d1_diasbp_noninvasive_min,75.0,86.49612,11.496117,0.14930022
49,d1_heartrate_max,112.0,98.82744,-13.172562,-0.11069381
49,d1_heartrate_min,72.0,110.22342,38.22342,0.2672966
49,d1_mbp_max,127.0,80.83316,-46.16684,-0.37231326
49,d1_mbp_min,97.0,55.81555,-41.18445,-0.45760497
49,d1_mbp_noninvasive_max,127.0,109.425064,-17.574936,-0.14524737
49,d1_mbp_noninvasive_min,97.0,59.626656,-37.373344,-0.41525936
49,d1_resprate_max,31.0,59.296318,28.296318,0.3627733
49,d1_resprate_min,22.0,34.28393,12.283932,0.17061016
49,d1_spo2_max,99.0,103.7897,4.7897034,0.05505407
49,d1_spo2_min,88.0,87.306496,-0.69350433,-0.00693506
49,d1_sysbp_max,167.0,187.8533,20.853302,0.14685428
49,d1_sysbp_min,132.0,100.635376,-31.364624,-0.26356828
49,d1_sysbp_noninvasive_max,167.0,226.09712,59.097122,0.41617692
49,d1_sysbp_noninvasive_min,132.0,150.794,18.794006,0.1579727
49,d1_temp_max,37.6,35.713448,-1.8865509,-0.39303142
49,d1_temp_min,36.7,35.185604,-1.5143967,-0.25619972
49,h1_diasbp_max,88.0,128.48282,40.48282,0.38191336
49,h1_diasbp_min,78.0,84.19273,6.192734,0.068051994
49,h1_diasbp_noninvasive_max,88.0,87.925766,-0.07423401,-0.00069376826
49,h1_diasbp_noninvasive_min,78.0,54.616768,-23.383232,-0.25416553
49,h1_heartrate_max,108.0,109.85316,1.853157,0.015704751
49,h1_heartrate_min,100.0,116.78538,16.785378,0.15542018
49,h1_mbp_max,110.0,128.4736,18.473602,0.15925515
49,h1_mbp_min,98.0,62.7126,-35.2874,-0.3329
49,h1_mbp_noninvasive_max,110.0,157.98029,47.980286,0.42087972
49,h1_mbp_noninvasive_min,98.0,96.264595,-1.735405,-0.016371727
49,h1_resprate_max,28.0,29.11429,1.1142902,0.022740602
49,h1_resprate_min,22.0,41.597908,19.597908,0.16608396
49,h1_spo2_max,95.0,107.93619,12.936188,0.14373541
49,h1_spo2_min,88.0,67.62451,-20.375488,-0.2037549
49,h1_sysbp_max,152.0,148.75467,-3.2453308,-0.021927923
49,h1_sysbp_min,151.0,84.17944,-66.82056,-0.47390467
49,h1_sysbp_noninvasive_max,152.0,156.14551,4.145508,0.02801019
49,h1_sysbp_noninvasive_min,151.0,121.53716,-29.462837,-0.20748478
49,h1_temp_max,37.6,35.7093,-1.8906975,-0.30995044
49,h1_temp_min,37.6,35.844593,-1.7554054,-0.2742821
49,d1_bun_max,6.0,61.302975,55.302975,0.45330307
49,d1_bun_min,6.0,-3.0442863,-9.044287,-0.08215357
49,d1_calcium_max,7.4,8.059236,0.6592355,0.14331207
49,d1_calcium_min,7.4,6.498619,-0.901381,-0.18778771
49,d1_creatinine_max,0.94,5.72298,4.78298,0.44410208
49,d1_creatinine_min,0.94,1.9616861,1.0216861,0.10600713
49,d1_glucose_max,130.0,294.09692,164.09692,0.30501288
49,d1_glucose_min,130.0,164.40134,34.401337,0.13490722
49,d1_hco3_max,26.0,13.128613,-12.871387,-0.4596924
49,d1_hco3_min,26.0,32.253777,6.2537766,0.19543052
49,d1_hemaglobin_max,11.9,14.693264,2.7932644,0.26858312
49,d1_hemaglobin_min,11.9,17.188084,5.288084,0.463867
49,d1_hematocrit_max,34.2,19.757524,-14.442476,-0.4643883
49,d1_hematocrit_min,34.2,20.292477,-13.907524,-0.4102514
49,d1_platelets_max,136.0,298.2051,162.20511,0.29069018
49,d1_platelets_min,136.0,-23.813023,-159.81302,-0.29655412
49,d1_potassium_max,3.7,1.7692922,-1.9307078,-0.45969236
49,d1_potassium_min,3.0,4.611451,1.6114511,0.4739562
49,d1_sodium_max,139.0,151.6758,12.6757965,0.3621656
49,d1_sodium_min,139.0,150.81711,11.817108,0.32825303
49,d1_wbc_max,6.8,20.696707,13.896707,0.30964136
49,d1_wbc_min,6.8,7.7432594,0.94325924,0.023582667
49,apache_4a_hospital_death_prob,0.05,0.41291702,0.362917,0.18329144
49,apache_4a_icu_death_prob,0.02,-0.54911804,-0.569118,-0.2888924
49,aids,0.0,-0.34821433,-0.34821433,-0.34821433
49,cirrhosis,0.0,-0.13851525,-0.13851525,-0.13851525
49,diabetes_mellitus,0.0,-0.39306945,-0.39306945,-0.39306945
49,hepatic_failure,0.0,-0.13792132,-0.13792132,-0.13792132
49,immunosuppression,0.0,0.21205361,0.21205361,0.21205361
49,leukemia,0.0,0.29586625,0.29586625,0.29586625
49,lymphoma,0.0,0.30572343,0.30572343,0.30572343
49,solid_tumor_with_metastasis,0.0,0.45312488,0.45312488,0.45312488
49,apache_3j_bodysystem,9.0,10.839931,1.8399305,0.18399304
49,apache_2_bodysystem,7.0,6.1669135,-0.8330865,-0.09256518
49,apache_3j_diagnosis_split0,73.0,75.13592,2.1359177,0.019417465
50,age,61.0,27.594835,-33.405167,-0.45760497
50,bmi,24.81116,48.38329,23.57213,0.44500855
50,elective_surgery,0.0,0.20417671,0.20417671,0.20417671
50,ethnicity,3.0,4.0875626,1.0875626,0.18126044
50,gender,2.0,1.1070557,-0.89294434,-0.44647217
50,height,172.7,172.03687,-0.6631317,-0.01135695
50,hospital_admit_source,16.0,12.967529,-3.0324707,-0.20216471
50,icu_admit_source,1.0,0.258681,-0.741319,-0.1482638
50,icu_stay_type,1.0,0.072265625,-0.9277344,-0.4638672
50,icu_type,6.0,3.4003541,-2.5996459,-0.371378
50,pre_icu_los_days,0.000694444,16.336267,16.335573,0.24291568
50,readmission_status,0.0,0.0,0.0,0.0
50,weight,74.0,52.279327,-21.720673,-0.14735872
50,apache_2_diagnosis,112.0,69.41031,-42.58969,-0.2057473
50,apache_3j_diagnosis,107.01,349.5394,242.52939,0.115487985
50,apache_post_operative,0.0,-0.34029746,-0.34029746,-0.34029746
50,arf_apache,0.0,-0.19096403,-0.19096403,-0.19096403
50,bun_apache,15.0,67.56599,52.565987,0.42736575
50,creatinine_apache,0.95,2.552067,1.602067,0.14724882
50,gcs_eyes_apache,4.0,3.8856502,-0.11434984,-0.038116634
50,gcs_motor_apache,6.0,3.6303194,-2.3696806,-0.47393614
50,gcs_unable_apache,0.0,0.0,0.0,0.0
50,gcs_verbal_apache,4.0,5.641631,1.6416311,0.41040778
50,glucose_apache,296.0,164.98303,-131.01697,-0.23408426
50,heart_rate_apache,132.0,196.65434,64.65434,0.43685365
50,hematocrit_apache,30.8,37.39723,6.597229,0.18742126
50,intubated_apache,0.0,0.37589973,0.37589973,0.37589973
50,map_apache,167.0,238.20483,71.204834,0.44503027
50,resprate_apache,59.0,42.08123,-16.91877,-0.30212092
50,sodium_apache,132.0,121.351456,-10.648544,-0.2597206
50,temp_apache,36.3,33.13149,-3.1685104,-0.41690928
50,ventilated_apache,0.0,0.3995406,0.3995406,0.3995406
50,wbc_apache,5.3,15.522083,10.222083,0.22766331
50,d1_diasbp_max,134.0,149.64178,15.641785,0.13144356
50,d1_diasbp_min,52.0,24.143837,-27.856163,-0.36176836
50,d1_diasbp_noninvasive_max,134.0,107.862976,-26.137024,-0.21963888
50,d1_diasbp_noninvasive_min,52.0,35.294777,-16.705223,-0.21695095
50,d1_heartrate_max,98.0,132.07426,34.074265,0.28633836
50,d1_heartrate_min,73.0,101.16065,28.160652,0.1969276
50,d1_mbp_max,167.0,120.135956,-46.864044,-0.37793586
50,d1_mbp_min,67.0,37.99577,-29.00423,-0.32226923
50,d1_mbp_noninvasive_max,167.0,140.25455,-26.745453,-0.22103685
50,d1_mbp_noninvasive_min,67.0,36.12559,-30.874409,-0.343049
50,d1_resprate_max,53.0,22.940105,-30.059895,-0.38538325
50,d1_resprate_min,0.0,3.7849832,3.7849832,0.05256921
50,d1_spo2_max,100.0,112.23126,12.231262,0.14058924
50,d1_spo2_min,93.0,94.85445,1.8544464,0.018544436
50,d1_sysbp_max,216.0,173.36009,-42.639908,-0.300281
50,d1_sysbp_min,98.0,71.67186,-26.32814,-0.22124487
50,d1_sysbp_noninvasive_max,216.0,179.08723,-36.912766,-0.25994903
50,d1_sysbp_noninvasive_min,98.0,55.523117,-42.476883,-0.35703862
50,d1_temp_max,37.3,37.892498,0.5924988,0.123437256
50,d1_temp_min,36.3,38.211205,1.9112053,0.32333028
50,h1_diasbp_max,134.0,121.71727,-12.28273,-0.11587477
50,h1_diasbp_min,112.0,77.576195,-34.423805,-0.37828356
50,h1_diasbp_noninvasive_max,134.0,133.99902,-0.0009765625,-9.119511e-06
50,h1_diasbp_noninvasive_min,112.0,69.32422,-42.67578,-0.4638672
50,h1_heartrate_max,89.0,142.99738,53.997375,0.45760486
50,h1_heartrate_min,83.0,82.286545,-0.7134552,-0.006606072
50,h1_mbp_max,165.0,110.5457,-54.4543,-0.4694336
50,h1_mbp_min,138.0,182.93842,44.938416,0.42394733
50,h1_mbp_noninvasive_max,163.0,111.147766,-51.852234,-0.45484418
50,h1_mbp_noninvasive_min,138.0,126.61454,-11.38546,-0.10741001
50,h1_resprate_max,24.0,36.62559,12.625591,0.25766513
50,h1_resprate_min,17.0,2.3163145,-14.683685,-0.12443801
50,h1_spo2_max,99.0,124.40705,25.407051,0.2823006
50,h1_spo2_min,95.0,98.75387,3.753868,0.037538707
50,h1_sysbp_max,216.0,153.11525,-62.88475,-0.42489696
50,h1_sysbp_min,194.0,149.17615,-44.823853,-0.31789964
50,h1_sysbp_noninvasive_max,216.0,155.12773,-60.87227,-0.4112991
50,h1_sysbp_noninvasive_min,53.0,97.83986,44.83986,0.31577367
50,h1_temp_max,36.9,37.237846,0.33784485,0.055384398
50,h1_temp_min,36.9,36.49582,-0.40418243,-0.063153505
50,d1_bun_max,15.0,-35.631367,-50.631367,-0.41501123
50,d1_bun_min,15.0,65.60753,50.60753,0.45969233
50,d1_calcium_max,8.5,8.0492115,-0.4507885,-0.09799752
50,d1_calcium_min,8.5,6.7268615,-1.7731385,-0.36940387
50,d1_creatinine_max,0.95,2.3185093,1.3685093,0.12706679
50,d1_creatinine_min,0.95,0.9105118,-0.039488196,-0.0040971786
50,d1_glucose_max,296.0,197.85164,-98.14836,-0.1824319
50,d1_glucose_min,169.0,184.09953,15.099533,0.059213817
50,d1_hco3_max,27.0,40.3,13.299999,0.47500002
50,d1_hco3_min,27.0,12.120214,-14.879786,-0.4649933
50,d1_hemaglobin_max,11.7,16.544325,4.844325,0.4658005
50,d1_hemaglobin_min,11.7,12.999368,1.2993679,0.11397964
50,d1_hematocrit_max,34.7,26.909813,-7.790188,-0.25048834
50,d1_hematocrit_min,34.7,18.786201,-15.913799,-0.4694336
50,d1_platelets_max,269.0,313.6171,44.617096,0.079958946
50,d1_platelets_min,269.0,149.1893,-119.8107,-0.22232454
50,d1_potassium_max,3.9,5.542376,1.642376,0.3910419
50,d1_potassium_min,3.9,5.306427,1.4064269,0.41365495
50,d1_sodium_max,132.0,122.448654,-9.551346,-0.2728956
50,d1_sodium_min,132.0,125.25997,-6.7400284,-0.187223
50,d1_wbc_max,5.3,21.14453,15.844529,0.35304207
50,d1_wbc_min,5.3,24.299051,18.99905,0.47500002
50,apache_4a_hospital_death_prob,0.06,0.6839074,0.6239074,0.31510478
50,apache_4a_icu_death_prob,0.04,-0.13349319,-0.17349318,-0.08806759
50,aids,0.0,-0.3621984,-0.3621984,-0.3621984
50,cirrhosis,0.0,-0.09126234,-0.09126234,-0.09126234
50,diabetes_mellitus,1.0,0.76936144,-0.23063856,-0.23063856
50,hepatic_failure,0.0,-0.42374212,-0.42374212,-0.42374212
50,immunosuppression,0.0,0.09132345,0.09132345,0.09132345
50,leukemia,0.0,-0.0859893,-0.0859893,-0.0859893
50,lymphoma,0.0,0.14436997,0.14436997,0.14436997
50,solid_tumor_with_metastasis,0.0,0.047662135,0.047662135,0.047662135
50,apache_3j_bodysystem,1.0,3.6130378,2.6130378,0.26130378
50,apache_2_bodysystem,1.0,0.9247509,-0.075249076,-0.008361008
50,apache_3j_diagnosis_split0,8.0,-26.888073,-34.888073,-0.3171643
51,age,53.0,30.294905,-22.705095,-0.31102866
51,bmi,22.268684,36.915314,14.646629,0.27650768
51,elective_surgery,0.0,0.048784446,0.048784446,0.048784446
51,ethnicity,3.0,1.7328678,-1.2671322,-0.2111887
51,gender,2.0,1.1894599,-0.8105401,-0.40527004
51,height,165.1,154.81808,-10.281921,-0.17609045
51,hospital_admit_source,3.0,7.557563,4.557563,0.30383754
51,icu_admit_source,1.0,0.14924812,-0.8507519,-0.17015037
51,icu_stay_type,1.0,1.3935885,0.39358854,0.19679427
51,icu_type,6.0,6.368149,0.3681488,0.052592695
51,pre_icu_los_days,0.008333333,24.755402,24.747068,0.36799756
51,readmission_status,0.0,0.0,0.0,0.0
51,weight,60.7,53.19308,-7.50692,-0.0509289
51,apache_2_diagnosis,122.0,133.43219,11.43219,0.055227973
51,apache_3j_diagnosis,703.02,1356.9537,653.9337,0.31139106
51,apache_post_operative,0.0,-0.10591632,-0.10591632,-0.10591632
51,arf_apache,1.0,1.3562059,0.35620594,0.35620594
51,bun_apache,7.0,15.291626,8.291626,0.067411594
51,creatinine_apache,2.96,-1.921958,-4.881958,-0.44870937
51,gcs_eyes_apache,4.0,3.2505817,-0.74941826,-0.2498061
51,gcs_motor_apache,6.0,4.972693,-1.027307,-0.20546138
51,gcs_unable_apache,0.0,0.0,0.0,0.0
51,gcs_verbal_apache,5.0,6.453435,1.453435,0.36335874
51,glucose_apache,101.0,-98.78081,-199.7808,-0.35694265
51,heart_rate_apache,106.0,44.777374,-61.222626,-0.41366637
51,hematocrit_apache,31.5,33.50215,2.0021515,0.05687931
51,intubated_apache,0.0,-0.3487569,-0.3487569,-0.3487569
51,map_apache,106.0,56.493206,-49.506794,-0.30941746
51,resprate_apache,32.0,5.4000006,-26.599998,-0.475
51,sodium_apache,137.0,129.12938,-7.8706207,-0.19196638
51,temp_apache,37.3,37.03247,-0.26752853,-0.035201132
51,ventilated_apache,0.0,0.30625772,0.30625772,0.30625772
51,wbc_apache,3.6,-9.892669,-13.492668,-0.30050486
51,d1_diasbp_max,86.0,37.646717,-48.353283,-0.4063301
51,d1_diasbp_min,77.0,65.62749,-11.372513,-0.14769495
51,d1_diasbp_noninvasive_max,86.0,37.772537,-48.227463,-0.4052728
51,d1_diasbp_noninvasive_min,77.0,68.63195,-8.36805,-0.10867596
51,d1_heartrate_max,82.0,54.875427,-27.124573,-0.2279376
51,d1_heartrate_min,70.0,81.91942,11.919418,0.083352566
51,d1_mbp_max,106.0,70.867,-35.133003,-0.28333068
51,d1_mbp_min,94.0,82.048195,-11.951805,-0.13279784
51,d1_mbp_noninvasive_max,106.0,150.48445,44.48445,0.36764008
51,d1_mbp_noninvasive_min,94.0,91.93072,-2.0692825,-0.022992015
51,d1_resprate_max,21.0,29.408386,8.408386,0.10779982
51,d1_resprate_min,16.0,-7.4630694,-23.46307,-0.32587597
51,d1_spo2_max,98.0,127.044525,29.044525,0.33384508
51,d1_spo2_min,97.0,82.66912,-14.330879,-0.14330882
51,d1_sysbp_max,146.0,153.54964,7.549637,0.05316645
51,d1_sysbp_min,126.0,142.40088,16.400879,0.13782251
51,d1_sysbp_noninvasive_max,146.0,90.61558,-55.384422,-0.39003116
51,d1_sysbp_noninvasive_min,126.0,137.738,11.738007,0.09866357
51,d1_temp_max,37.5,37.887028,0.38702774,0.08063078
51,d1_temp_min,37.3,37.36027,0.060272217,0.010196567
51,h1_diasbp_max,83.0,33.83112,-49.16888,-0.46385735
51,h1_diasbp_min,77.0,33.775,-43.225,-0.47500002
51,h1_diasbp_noninvasive_max,83.0,50.54947,-32.45053,-0.303276
51,h1_diasbp_noninvasive_min,77.0,65.290565,-11.7094345,-0.12727645
51,h1_heartrate_max,82.0,70.19564,-11.804359,-0.100036934
51,h1_heartrate_min,76.0,51.555355,-24.444645,-0.2263393
51,h1_mbp_max,100.0,74.528915,-25.471085,-0.21957833
51,h1_mbp_min,94.0,105.47404,11.474037,0.10824561
51,h1_mbp_noninvasive_max,100.0,125.09855,25.098549,0.22016272
51,h1_mbp_noninvasive_min,94.0,81.05419,-12.945808,-0.122130305
51,h1_resprate_max,21.0,39.103554,18.103554,0.36946028
51,h1_resprate_min,21.0,13.308081,-7.6919193,-0.065185755
51,h1_spo2_max,98.0,85.15943,-12.840569,-0.14267296
51,h1_spo2_min,97.0,136.85269,39.85269,0.3985269
51,h1_sysbp_max,127.0,85.23878,-41.761223,-0.28217041
51,h1_sysbp_min,126.0,82.728035,-43.271965,-0.30689335
51,h1_sysbp_noninvasive_max,127.0,163.97556,36.975555,0.2498348
51,h1_sysbp_noninvasive_min,126.0,111.82623,-14.173767,-0.09981528
51,h1_temp_max,37.5,38.238495,0.7384949,0.12106478
51,h1_temp_min,37.5,35.15782,-2.3421783,-0.36596537
51,d1_bun_max,7.0,31.544804,24.544804,0.20118691
51,d1_bun_min,7.0,50.262882,43.262882,0.39297742
51,d1_calcium_max,8.3,9.24636,0.94635963,0.20573035
51,d1_calcium_min,8.3,6.9342594,-1.3657408,-0.28452933
51,d1_creatinine_max,2.96,3.2845592,0.3245592,0.030135483
51,d1_creatinine_min,2.96,2.9232213,-0.03677869,-0.0038160384
51,d1_glucose_max,101.0,216.93051,115.93051,0.21548422
51,d1_glucose_min,101.0,196.42207,95.42207,0.3742042
51,d1_hco3_max,38.0,37.074753,-0.9252472,-0.033044517
51,d1_hco3_min,38.0,52.93281,14.932812,0.46665037
51,d1_hemaglobin_max,9.7,7.6608706,-2.0391293,-0.1960701
51,d1_hemaglobin_min,9.7,9.53366,-0.16633987,-0.014591217
51,d1_hematocrit_max,31.5,20.606073,-10.893927,-0.35028702
51,d1_hematocrit_min,31.5,18.934246,-12.565754,-0.37067118
51,d1_platelets_max,111.0,-21.502827,-132.50282,-0.23746027
51,d1_platelets_min,111.0,277.65262,166.65262,0.30924594
51,d1_potassium_max,4.0,4.163389,0.1633892,0.038902193
51,d1_potassium_min,4.0,2.4672089,-1.5327911,-0.45082092
51,d1_sodium_max,137.0,131.54253,-5.4574738,-0.15592782
51,d1_sodium_min,137.0,123.12787,-13.872131,-0.385337
51,d1_wbc_max,3.6,-6.823924,-10.4239235,-0.2322621
51,d1_wbc_min,3.6,21.986778,18.386778,0.45969245
51,apache_4a_hospital_death_prob,0.0,-0.69967353,-0.69967353,-0.35337043
51,apache_4a_icu_death_prob,0.0,0.035791397,0.035791397,0.018168211
51,aids,0.0,-0.13652341,-0.13652341,-0.13652341
51,cirrhosis,0.0,0.24486867,0.24486867,0.24486867
51,diabetes_mellitus,0.0,0.36712688,0.36712688,0.36712688
51,hepatic_failure,0.0,0.24183588,0.24183588,0.24183588
51,immunosuppression,0.0,-0.09057483,-0.09057483,-0.09057483
51,leukemia,0.0,0.32183045,0.32183045,0.32183045
51,lymphoma,0.0,0.28439373,0.28439373,0.28439373
51,solid_tumor_with_metastasis,0.0,0.31242037,0.31242037,0.31242037
51,apache_3j_bodysystem,6.0,1.9005738,-4.0994263,-0.40994263
51,apache_2_bodysystem,4.0,7.5895042,3.5895042,0.39883378
51,apache_3j_diagnosis_split0,106.0,60.561897,-45.438103,-0.41307366
52,age,64.0,34.238735,-29.761265,-0.40768856
52,bmi,25.179642,31.075886,5.896244,0.11131276
52,elective_surgery,0.0,-0.07407895,-0.07407895,-0.07407895
52,ethnicity,3.0,0.1500001,-2.85,-0.475
52,gender,2.0,2.9291258,0.9291258,0.4645629
52,height,177.8,199.62784,21.827835,0.3738283
52,hospital_admit_source,4.0,7.622965,3.6229649,0.241531
52,icu_admit_source,1.0,-0.6417986,-1.6417986,-0.32835972
52,icu_stay_type,1.0,0.21458244,-0.78541756,-0.39270878
52,icu_type,6.0,6.035293,0.035293102,0.0050418377
52,pre_icu_los_days,0.002083333,-20.534166,-20.53625,-0.30538118
52,readmission_status,0.0,0.0,0.0,0.0
52,weight,79.6,46.545784,-33.054214,-0.22424842
52,apache_2_diagnosis,113.0,28.868614,-84.131386,-0.4064318
52,apache_3j_diagnosis,501.05,-55.852943,-556.90295,-0.26518682
52,apache_post_operative,0.0,-0.18419367,-0.18419367,-0.18419367
52,arf_apache,0.0,-0.062248647,-0.062248647,-0.062248647
52,bun_apache,18.0,75.740326,57.740326,0.46943355
52,creatinine_apache,1.34,4.063947,2.723947,0.25036278
52,gcs_eyes_apache,4.0,4.438817,0.43881702,0.1462723
52,gcs_motor_apache,6.0,7.7949677,1.7949677,0.35899353
52,gcs_unable_apache,0.0,0.0,0.0,0.0
52,gcs_verbal_apache,5.0,5.4151726,0.41517258,0.103793144
52,glucose_apache,96.0,84.58067,-11.419327,-0.020402588
52,heart_rate_apache,118.0,134.00293,16.00293,0.10812789
52,hematocrit_apache,35.2,20.940235,-14.259766,-0.40510696
52,intubated_apache,1.0,1.062969,0.06296897,0.06296897
52,map_apache,54.0,-2.159443,-56.159443,-0.35099652
52,resprate_apache,9.0,34.939075,25.939075,0.46319777
52,sodium_apache,141.0,122.81236,-18.187637,-0.4436009
52,temp_apache,37.1,33.630432,-3.4695663,-0.45652187
52,ventilated_apache,1.0,0.53334963,-0.46665037,-0.46665037
52,wbc_apache,18.2,-0.9449035,-19.144905,-0.4263898
52,d1_diasbp_max,76.0,102.95703,26.957031,0.22652966
52,d1_diasbp_min,49.0,15.628881,-33.371117,-0.43339115
52,d1_diasbp_noninvasive_max,76.0,92.355865,16.355865,0.13744423
52,d1_diasbp_noninvasive_min,49.0,61.731915,12.7319145,0.16534954
52,d1_heartrate_max,116.0,132.4739,16.473907,0.13843617
52,d1_heartrate_min,80.0,69.88029,-10.119713,-0.070767224
52,d1_mbp_max,91.0,126.621956,35.621956,0.28727382
52,d1_mbp_min,54.0,62.185726,8.185726,0.090952516
52,d1_mbp_noninvasive_max,91.0,70.63394,-20.366058,-0.16831453
52,d1_mbp_noninvasive_min,54.0,32.799034,-21.200966,-0.23556629
52,d1_resprate_max,28.0,-5.3289433,-33.32894,-0.42729414
52,d1_resprate_min,9.0,-16.177248,-25.177248,-0.349684
52,d1_spo2_max,100.0,125.04995,25.04995,0.2879305
52,d1_spo2_min,92.0,45.056644,-46.943356,-0.46943358
52,d1_sysbp_max,124.0,150.202,26.201996,0.18452108
52,d1_sysbp_min,75.0,40.484737,-34.515263,-0.29004425
52,d1_sysbp_noninvasive_max,124.0,60.43105,-63.56895,-0.44766867
52,d1_sysbp_noninvasive_min,75.0,57.80657,-17.193432,-0.14451905
52,d1_temp_max,38.5,39.165646,0.6656456,0.13867617
52,d1_temp_min,37.1,39.652718,2.552719,0.4318592
52,h1_diasbp_max,72.0,118.027054,46.027054,0.43421745
52,h1_diasbp_min,58.0,51.333466,-6.6665344,-0.07325864
52,h1_diasbp_noninvasive_max,72.0,105.525475,33.525475,0.31332216
52,h1_diasbp_noninvasive_min,58.0,24.693733,-33.306267,-0.36202464
52,h1_heartrate_max,116.0,139.51385,23.513855,0.19926995
52,h1_heartrate_min,91.0,97.775116,6.775116,0.06273252
52,h1_mbp_max,81.0,124.163124,43.163124,0.3720959
52,h1_mbp_min,75.0,64.0433,-10.956703,-0.10336512
52,h1_mbp_noninvasive_max,81.0,42.150085,-38.849915,-0.34078872
52,h1_mbp_noninvasive_min,75.0,105.74944,30.749443,0.29008907
52,h1_resprate_max,24.0,36.49654,12.49654,0.25503144
52,h1_resprate_min,22.0,12.991526,-9.008474,-0.076343
52,h1_spo2_max,100.0,103.53125,3.53125,0.03923607
52,h1_spo2_min,94.0,118.7753,24.7753,0.24775296
52,h1_sysbp_max,102.0,167.76378,65.76378,0.44434988
52,h1_sysbp_min,75.0,26.136002,-48.864,-0.3465532
52,h1_sysbp_noninvasive_max,102.0,51.381363,-50.618637,-0.34201783
52,h1_sysbp_noninvasive_min,75.0,38.998222,-36.001778,-0.25353366
52,h1_temp_max,38.1,38.70777,0.6077728,0.099634886
52,h1_temp_min,38.1,36.986626,-1.1133728,-0.1739645
52,d1_bun_max,18.0,-17.225985,-35.225983,-0.2887376
52,d1_bun_min,18.0,41.124344,23.124344,0.21004945
52,d1_calcium_max,8.4,6.2149997,-2.185,-0.475
52,d1_calcium_min,8.4,6.4302287,-1.9697709,-0.41036892
52,d1_creatinine_max,1.34,-1.9508075,-3.2908075,-0.30555314
52,d1_creatinine_min,1.34,-2.391665,-3.7316651,-0.3871865
52,d1_glucose_max,109.0,67.824104,-41.175896,-0.07653512
52,d1_glucose_min,96.0,36.651043,-59.348957,-0.23274101
52,d1_hco3_max,27.0,36.686676,9.686676,0.34595275
52,d1_hco3_min,27.0,14.456959,-12.543041,-0.39197004
52,d1_hemaglobin_max,13.6,18.431458,4.831457,0.4645632
52,d1_hemaglobin_min,13.6,12.06307,-1.5369301,-0.13481843
52,d1_hematocrit_max,41.2,31.630695,-9.569305,-0.3076947
52,d1_hematocrit_min,41.2,46.547203,5.3472023,0.15773457
52,d1_platelets_max,162.0,199.50047,37.500473,0.067205146
52,d1_platelets_min,162.0,-88.35301,-250.35301,-0.464563
52,d1_potassium_max,3.9,5.4084635,1.5084634,0.35915795
52,d1_potassium_min,3.9,4.3455043,0.4455042,0.13103065
52,d1_sodium_max,141.0,126.64267,-14.35733,-0.41020948
52,d1_sodium_min,141.0,124.817604,-16.182396,-0.44951102
52,d1_wbc_max,18.2,11.677081,-6.5229197,-0.14534132
52,d1_wbc_min,18.2,7.939729,-10.260271,-0.25651962
52,apache_4a_hospital_death_prob,0.05,-0.36954576,-0.41954577,-0.21189177
52,apache_4a_icu_death_prob,0.03,-0.86051595,-0.8905159,-0.45203856
52,aids,0.0,-0.12319426,-0.12319426,-0.12319426
52,cirrhosis,0.0,-0.33048517,-0.33048517,-0.33048517
52,diabetes_mellitus,0.0,-0.29705757,-0.29705757,-0.29705757
52,hepatic_failure,0.0,-0.3835023,-0.3835023,-0.3835023
52,immunosuppression,0.0,0.11723779,0.11723779,0.11723779
52,leukemia,0.0,0.36545563,0.36545563,0.36545563
52,lymphoma,0.0,-0.30833554,-0.30833554,-0.30833554
52,solid_tumor_with_metastasis,0.0,-0.16176444,-0.16176444,-0.16176444
52,apache_3j_bodysystem,10.0,11.482967,1.4829674,0.14829671
52,apache_2_bodysystem,1.0,-3.2286205,-4.2286205,-0.46984673
52,apache_3j_diagnosis_split0,97.0,94.63826,-2.36174,-0.021470368
53,age,32.0,1.4046059,-30.595394,-0.419115
53,bmi,34.883625,12.851242,-22.032383,-0.4159403
53,elective_surgery,0.0,-0.066954166,-0.066954166,-0.066954166
53,ethnicity,3.0,2.3530462,-0.6469538,-0.10782565
53,gender,2.0,1.8656619,-0.13433814,-0.06716907
53,height,180.3,194.05914,13.75914,0.23564202
53,hospital_admit_source,4.0,-2.9684443,-6.9684443,-0.46456295
53,icu_admit_source,1.0,0.7883953,-0.21160471,-0.042320944
53,icu_stay_type,1.0,1.4647193,0.4647193,0.23235965
53,icu_type,6.0,8.179762,2.179762,0.31139457
53,pre_icu_los_days,0.001388889,5.755202,5.753813,0.0855612
53,readmission_status,0.0,0.0,0.0,0.0
53,weight,113.4,95.94185,-17.458153,-0.11844069
53,apache_2_diagnosis,122.0,137.0592,15.059204,0.072749786
53,apache_3j_diagnosis,703.02,370.05945,-332.96057,-0.15854964
53,apache_post_operative,0.0,-0.41593784,-0.41593784,-0.41593784
53,arf_apache,0.0,0.43745148,0.43745148,0.43745148
53,bun_apache,12.0,47.372334,35.372334,0.28757995
53,creatinine_apache,1.01,2.979748,1.969748,0.18104303
53,gcs_eyes_apache,4.0,5.3174973,1.3174973,0.4391657
53,gcs_motor_apache,6.0,5.740641,-0.25935888,-0.051871777
53,gcs_unable_apache,0.0,0.0,0.0,0.0
53,gcs_verbal_apache,5.0,5.771145,0.77114487,0.19278622
53,glucose_apache,90.0,-15.118462,-105.11846,-0.18781215
53,heart_rate_apache,48.0,9.884808,-38.115192,-0.2575351
53,hematocrit_apache,40.0,48.28966,8.289661,0.23550177
53,intubated_apache,0.0,-0.25301307,-0.25301307,-0.25301307
53,map_apache,128.0,195.93251,67.93251,0.4245782
53,resprate_apache,10.0,5.350363,-4.649637,-0.08302924
53,sodium_apache,140.0,122.4114,-17.5886,-0.42899024
53,temp_apache,36.4,33.818886,-2.5811157,-0.33962047
53,ventilated_apache,0.0,0.475,0.475,0.475
53,wbc_apache,6.6,-10.24676,-16.84676,-0.37520623
53,d1_diasbp_max,102.0,155.14488,53.144882,0.44659564
53,d1_diasbp_min,66.0,99.52115,33.52115,0.43533957
53,d1_diasbp_noninvasive_max,102.0,99.0716,-2.9283981,-0.024608403
53,d1_diasbp_noninvasive_min,66.0,49.055664,-16.944336,-0.22005633
53,d1_heartrate_max,100.0,150.23216,50.232162,0.422119
53,d1_heartrate_min,52.0,106.748146,54.748146,0.38285416
53,d1_mbp_max,128.0,135.5737,7.5737,0.06107819
53,d1_mbp_min,94.0,107.95212,13.952118,0.15502352
53,d1_mbp_noninvasive_max,128.0,91.55604,-36.443962,-0.30118975
53,d1_mbp_noninvasive_min,94.0,135.74805,41.748047,0.46386713
53,d1_resprate_max,24.0,28.679672,4.6796722,0.059995785
53,d1_resprate_min,13.0,-15.240816,-28.240816,-0.39223355
53,d1_spo2_max,97.0,62.12331,-34.87669,-0.40088147
53,d1_spo2_min,90.0,117.641045,27.641045,0.27641046
53,d1_sysbp_max,199.0,202.65654,3.65654,0.02575028
53,d1_sysbp_min,127.0,168.40651,41.40651,0.34795386
53,d1_sysbp_noninvasive_max,199.0,259.412,60.411987,0.4254365
53,d1_sysbp_noninvasive_min,127.0,77.623795,-49.376205,-0.41503075
53,d1_temp_max,37.6,39.134945,1.5349464,0.31978047
53,d1_temp_min,36.4,38.02055,1.6205482,0.27415806
53,h1_diasbp_max,102.0,89.6727,-12.327301,-0.11629528
53,h1_diasbp_min,66.0,35.62018,-30.379822,-0.33384418
53,h1_diasbp_noninvasive_max,102.0,115.349075,13.349075,0.12475771
53,h1_diasbp_noninvasive_min,66.0,75.2109,9.210899,0.10011846
53,h1_heartrate_max,100.0,108.80217,8.80217,0.07459468
53,h1_heartrate_min,92.0,103.35333,11.3533325,0.10512346
53,h1_mbp_max,128.0,72.9,-55.1,-0.47500002
53,h1_mbp_min,95.0,44.65,-50.35,-0.47499996
53,h1_mbp_noninvasive_max,128.0,139.7548,11.7548065,0.10311234
53,h1_mbp_noninvasive_min,95.0,70.911194,-24.088806,-0.22725287
53,h1_resprate_max,24.0,41.234444,17.234444,0.35172334
53,h1_resprate_min,15.0,-15.995763,-30.995762,-0.26267594
53,h1_spo2_max,97.0,118.93219,21.93219,0.24369103
53,h1_spo2_min,90.0,105.39239,15.392387,0.15392387
53,h1_sysbp_max,199.0,253.32425,54.32425,0.36705577
53,h1_sysbp_min,145.0,181.03464,36.034637,0.2555648
53,h1_sysbp_noninvasive_max,199.0,215.62701,16.627014,0.11234474
53,h1_sysbp_noninvasive_min,145.0,194.8877,49.887695,0.35132176
53,h1_temp_max,37.4,38.967194,1.5671921,0.25691676
53,h1_temp_min,37.4,38.95252,1.5525169,0.24258077
53,d1_bun_max,12.0,17.005543,5.0055428,0.041029043
53,d1_bun_min,12.0,33.331264,21.331264,0.19376206
53,d1_calcium_max,8.6,8.949513,0.34951305,0.07598114
53,d1_calcium_min,8.6,10.813931,2.213931,0.46123564
53,d1_creatinine_max,1.01,1.5467347,0.5367347,0.049836084
53,d1_creatinine_min,1.01,4.6735573,3.6635573,0.38011983
53,d1_glucose_max,90.0,-63.266968,-153.26697,-0.28488284
53,d1_glucose_min,90.0,-21.011532,-111.011536,-0.43533933
53,d1_hco3_max,25.0,30.871664,5.871664,0.20970228
53,d1_hco3_min,25.0,20.488413,-4.511587,-0.1409871
53,d1_hemaglobin_max,13.7,10.833686,-2.866314,-0.2756071
53,d1_hemaglobin_min,13.7,9.326248,-4.3737516,-0.38366243
53,d1_hematocrit_max,40.0,25.855042,-14.1449585,-0.4548218
53,d1_hematocrit_min,40.0,48.547157,8.547157,0.2521286
53,d1_platelets_max,90.0,-23.544064,-113.54407,-0.20348398
53,d1_platelets_min,90.0,20.159883,-69.84012,-0.12959753
53,d1_potassium_max,3.8,5.6612186,1.8612187,0.44314733
53,d1_potassium_min,3.8,4.2343025,0.43430257,0.12773606
53,d1_sodium_max,140.0,155.74829,15.748291,0.44995114
53,d1_sodium_min,140.0,151.76717,11.767166,0.32686573
53,d1_wbc_max,6.6,-1.2154036,-7.8154035,-0.17413999
53,d1_wbc_min,6.6,22.353453,15.753452,0.393856
53,apache_4a_hospital_death_prob,0.0,0.9404999,0.9404999,0.47499996
53,apache_4a_icu_death_prob,0.0,0.39582646,0.39582646,0.20092714
53,aids,0.0,0.3591705,0.3591705,0.3591705
53,cirrhosis,0.0,0.2570647,0.2570647,0.2570647
53,diabetes_mellitus,0.0,-0.45760494,-0.45760494,-0.45760494
53,hepatic_failure,0.0,-0.4497581,-0.4497581,-0.4497581
53,immunosuppression,0.0,0.14057145,0.14057145,0.14057145
53,leukemia,0.0,0.14624313,0.14624313,0.14624313
53,lymphoma,0.0,-0.30609107,-0.30609107,-0.30609107
53,solid_tumor_with_metastasis,0.0,-0.026448946,-0.026448946,-0.026448946
53,apache_3j_bodysystem,6.0,8.195012,2.195012,0.2195012
53,apache_2_bodysystem,4.0,6.2286477,2.2286477,0.24762753
53,apache_3j_diagnosis_split0,106.0,127.29771,21.297707,0.1936155
54,age,29.0,43.95036,14.950359,0.20479944
54,bmi,24.341759,26.993896,2.6521378,0.050068617
54,elective_surgery,0.0,0.06606439,0.06606439,0.06606439
54,ethnicity,3.0,5.796521,2.7965212,0.46608683
54,gender,2.0,1.3552959,-0.6447041,-0.32235205
54,height,172.7,148.30101,-24.398987,-0.41786245
54,hospital_admit_source,16.0,13.327822,-2.6721783,-0.17814523
54,icu_admit_source,1.0,0.31749392,-0.6825061,-0.13650122
54,icu_stay_type,1.0,1.2344517,0.23445165,0.117225826
54,icu_type,6.0,7.6849427,1.6849427,0.24070609
54,pre_icu_los_days,0.001388889,22.9392,22.93781,0.34109324
54,readmission_status,0.0,0.0,0.0,0.0
54,weight,72.6,30.210548,-42.38945,-0.2875811
54,apache_2_diagnosis,113.0,24.713509,-88.28649,-0.4265048
54,apache_3j_diagnosis,501.05,1186.1622,685.11224,0.32623768
54,apache_post_operative,0.0,-0.25506288,-0.25506288,-0.25506288
54,arf_apache,0.0,-0.21799357,-0.21799357,-0.21799357
54,bun_apache,18.0,58.519184,40.519184,0.32942426
54,creatinine_apache,0.73,-1.329757,-2.059757,-0.18931589
54,gcs_eyes_apache,2.0,1.4445736,-0.55542636,-0.18514213
54,gcs_motor_apache,4.0,1.6250001,-2.375,-0.475
54,gcs_unable_apache,0.0,0.0,0.0,0.0
54,gcs_verbal_apache,1.0,-0.79901445,-1.7990144,-0.4497536
54,glucose_apache,222.0,203.40353,-18.596466,-0.033225775
54,heart_rate_apache,122.0,162.01273,40.012726,0.2703563
54,hematocrit_apache,32.9,26.618824,-6.2811775,-0.17844254
54,intubated_apache,0.0,-0.04838229,-0.04838229,-0.04838229
54,map_apache,54.0,58.589252,4.5892525,0.028682828
54,resprate_apache,44.0,42.110714,-1.889286,-0.033737242
54,sodium_apache,154.0,137.60123,-16.398773,-0.39997005
54,temp_apache,36.4,38.97812,2.5781174,0.339226
54,ventilated_apache,1.0,1.4645631,0.46456313,0.46456313
54,wbc_apache,5.2,9.236695,4.0366955,0.089904144
54,d1_diasbp_max,73.0,122.70527,49.70527,0.41769135
54,d1_diasbp_min,42.0,24.718937,-17.281063,-0.22442937
54,d1_diasbp_noninvasive_max,73.0,67.7421,-5.2578964,-0.044184
54,d1_diasbp_noninvasive_min,42.0,30.998684,-11.001316,-0.14287423
54,d1_heartrate_max,133.0,187.2604,54.260406,0.4559698
54,d1_heartrate_min,94.0,43.01297,-50.98703,-0.35655266
54,d1_mbp_max,94.0,127.540565,33.540565,0.2704884
54,d1_mbp_min,54.0,21.184076,-32.815926,-0.36462137
54,d1_mbp_noninvasive_max,94.0,90.3649,-3.6351013,-0.030042171
54,d1_mbp_noninvasive_min,54.0,20.266743,-33.733257,-0.37481397
54,d1_resprate_max,39.0,53.620136,14.620136,0.18743765
54,d1_resprate_min,21.0,-1.8277677,-22.827768,-0.3170523
54,d1_spo2_max,100.0,86.33127,-13.668732,-0.15711188
54,d1_spo2_min,88.0,110.41634,22.416344,0.22416341
54,d1_sysbp_max,117.0,139.39401,22.394012,0.15770432
54,d1_sysbp_min,66.0,23.815256,-42.184746,-0.35449365
54,d1_sysbp_noninvasive_max,117.0,135.39326,18.393265,0.12953004
54,d1_sysbp_noninvasive_min,66.0,45.14262,-20.85738,-0.1753163
54,d1_temp_max,38.7,38.971596,0.271595,0.05658233
54,d1_temp_min,36.4,33.778988,-2.6210136,-0.4434129
54,h1_diasbp_max,73.0,122.7928,49.7928,0.4697434
54,h1_diasbp_min,44.0,29.732397,-14.267603,-0.15678684
54,h1_diasbp_noninvasive_max,73.0,42.08177,-30.918228,-0.28895542
54,h1_diasbp_noninvasive_min,44.0,25.767014,-18.232986,-0.19818464
54,h1_heartrate_max,133.0,126.227844,-6.772156,-0.057391107
54,h1_heartrate_min,112.0,92.5594,-19.440598,-0.18000555
54,h1_mbp_max,61.0,20.919264,-40.080734,-0.3455236
54,h1_mbp_min,54.0,9.2645855,-44.735413,-0.42203224
54,h1_mbp_noninvasive_max,61.0,94.304886,33.304886,0.2921481
54,h1_mbp_noninvasive_min,54.0,103.23497,49.23497,0.46448082
54,h1_resprate_max,36.0,29.013523,-6.986477,-0.14258114
54,h1_resprate_min,24.0,15.70332,-8.29668,-0.070310846
54,h1_spo2_max,100.0,91.74239,-8.2576065,-0.09175116
54,h1_spo2_min,88.0,112.11135,24.111351,0.24111354
54,h1_sysbp_max,104.0,159.4487,55.4487,0.37465337
54,h1_sysbp_min,66.0,131.63654,65.636536,0.46550736
54,h1_sysbp_noninvasive_max,104.0,99.7723,-4.2276993,-0.02856554
54,h1_sysbp_noninvasive_min,66.0,81.88312,15.883118,0.111852944
54,h1_temp_max,38.7,35.967205,-2.7327957,-0.44799933
54,h1_temp_min,37.1,36.9337,-0.16629791,-0.025984049
54,d1_bun_max,18.0,59.180363,41.180363,0.33754396
54,d1_bun_min,9.0,17.657986,8.657986,0.07864462
54,d1_calcium_max,8.2,7.364261,-0.83573866,-0.18168232
54,d1_calcium_min,7.8,8.506193,0.706193,0.14712352
54,d1_creatinine_max,1.02,-2.5117037,-3.5317037,-0.32792047
54,d1_creatinine_min,0.76,2.226659,1.4666591,0.1521762
54,d1_glucose_max,222.0,308.03058,86.03058,0.15990815
54,d1_glucose_min,140.0,62.38651,-77.613495,-0.30436665
54,d1_hco3_max,25.0,15.659799,-9.340201,-0.3335786
54,d1_hco3_min,22.0,11.109581,-10.890419,-0.3403256
54,d1_hemaglobin_max,11.5,15.425885,3.9258852,0.37748897
54,d1_hemaglobin_min,11.2,12.999909,1.7999096,0.1578868
54,d1_hematocrit_max,36.0,28.471144,-7.5288563,-0.2420854
54,d1_hematocrit_min,34.1,22.402222,-11.697777,-0.34506714
54,d1_platelets_max,132.0,202.25246,70.25246,0.12590045
54,d1_platelets_min,129.0,-123.740326,-252.74033,-0.46899295
54,d1_potassium_max,3.6,5.5281277,1.9281278,0.45907807
54,d1_potassium_min,3.0,4.2534056,1.2534056,0.36864868
54,d1_sodium_max,154.0,146.19067,-7.809326,-0.22312361
54,d1_sodium_min,144.0,144.89601,0.89601135,0.02488923
54,d1_wbc_max,7.3,16.825302,9.525302,0.21223934
54,d1_wbc_min,6.3,25.29905,18.99905,0.475
54,apache_4a_hospital_death_prob,0.16,0.6385282,0.47852823,0.24168092
54,apache_4a_icu_death_prob,0.15,0.8871548,0.73715484,0.37419027
54,aids,0.0,-0.27360082,-0.27360082,-0.27360082
54,cirrhosis,0.0,0.18938318,0.18938318,0.18938318
54,diabetes_mellitus,0.0,-0.4738813,-0.4738813,-0.4738813
54,hepatic_failure,0.0,0.46911985,0.46911985,0.46911985
54,immunosuppression,0.0,-0.2763247,-0.2763247,-0.2763247
54,leukemia,0.0,0.3510114,0.3510114,0.3510114
54,lymphoma,0.0,-0.35229123,-0.35229123,-0.35229123
54,solid_tumor_with_metastasis,0.0,0.19283348,0.19283348,0.19283348
54,apache_3j_bodysystem,10.0,14.75,4.75,0.47500002
54,apache_2_bodysystem,1.0,2.8417416,1.8417416,0.20463794
54,apache_3j_diagnosis_split0,97.0,90.06135,-6.938652,-0.06307864
55,age,49.0,19.262918,-29.737082,-0.40735728
55,bmi,38.959938,23.738144,-15.221794,-0.28736603
55,elective_surgery,0.0,-0.4736084,-0.4736084,-0.4736084
55,ethnicity,3.0,0.62117827,-2.3788218,-0.3964703
55,gender,2.0,1.6878768,-0.31212318,-0.15606159
55,height,188.0,201.41275,13.41275,0.22970974
55,hospital_admit_source,4.0,10.202323,6.202323,0.4134882
55,icu_admit_source,1.0,-1.329773,-2.329773,-0.4659546
55,icu_stay_type,1.0,1.669186,0.669186,0.334593
55,icu_type,1.0,-1.6227281,-2.622728,-0.37467545
55,pre_icu_los_days,0.4861111,-24.026207,-24.512318,-0.36450672
55,readmission_status,0.0,0.0,0.0,0.0
55,weight,137.7,68.82364,-68.87636,-0.4672752
55,apache_2_diagnosis,110.0,90.00362,-19.996384,-0.09660089
55,apache_3j_diagnosis,104.01,974.3767,870.3667,0.41445243
55,apache_post_operative,0.0,-0.021802839,-0.021802839,-0.021802839
55,arf_apache,0.0,-0.18574439,-0.18574439,-0.18574439
55,bun_apache,29.0,47.628864,18.628864,0.1514542
55,creatinine_apache,1.48,3.6064599,2.1264598,0.19544667
55,gcs_eyes_apache,4.0,3.4473643,-0.55263567,-0.18421191
55,gcs_motor_apache,6.0,7.4672184,1.4672184,0.29344368
55,gcs_unable_apache,0.0,0.0,0.0,0.0
55,gcs_verbal_apache,5.0,5.8512907,0.8512907,0.21282268
55,glucose_apache,109.0,356.83252,247.83252,0.44279528
55,heart_rate_apache,107.0,144.3498,37.349792,0.25236344
55,hematocrit_apache,31.4,26.830194,-4.569805,-0.12982398
55,intubated_apache,0.0,-0.26950127,-0.26950127,-0.26950127
55,map_apache,136.0,172.7976,36.797607,0.229985
55,resprate_apache,53.0,65.35791,12.35791,0.22067702
55,sodium_apache,141.0,125.14892,-15.851082,-0.38661173
55,temp_apache,36.7,39.797054,3.0970535,0.40750706
55,ventilated_apache,1.0,1.1829584,0.18295836,0.18295836
55,wbc_apache,7.0,-7.3551545,-14.355154,-0.3197139
55,d1_diasbp_max,93.0,107.31491,14.314911,0.12029335
55,d1_diasbp_min,59.0,75.56702,16.567017,0.21515608
55,d1_diasbp_noninvasive_max,93.0,94.83675,1.8367462,0.015434831
55,d1_diasbp_noninvasive_min,59.0,81.28158,22.281578,0.2893712
55,d1_heartrate_max,92.0,62.320656,-29.679344,-0.24940626
55,d1_heartrate_min,54.0,61.63941,7.639408,0.05342245
55,d1_mbp_max,117.0,62.853416,-54.146584,-0.436666
55,d1_mbp_min,80.0,47.210705,-32.789295,-0.36432552
55,d1_mbp_noninvasive_max,117.0,141.48126,24.481262,0.20232448
55,d1_mbp_noninvasive_min,80.0,52.707825,-27.292175,-0.3032464
55,d1_resprate_max,36.0,46.096355,10.096355,0.12944043
55,d1_resprate_min,15.0,13.779562,-1.220438,-0.016950518
55,d1_spo2_max,98.0,116.1878,18.187798,0.20905513
55,d1_spo2_min,82.0,59.72502,-22.274979,-0.22274977
55,d1_sysbp_max,166.0,160.70836,-5.291641,-0.037265062
55,d1_sysbp_min,127.0,71.137405,-55.862595,-0.46943358
55,d1_sysbp_noninvasive_max,166.0,110.48587,-55.51413,-0.39094457
55,d1_sysbp_noninvasive_min,127.0,121.03584,-5.964157,-0.05013162
55,d1_temp_max,37.2,36.917667,-0.28233337,-0.058819443
55,d1_temp_min,36.7,34.47164,-2.2283592,-0.37698516
55,h1_diasbp_max,90.0,130.03906,40.039062,0.37772703
55,h1_diasbp_min,62.0,35.79346,-26.20654,-0.28798395
55,h1_diasbp_noninvasive_max,90.0,45.459103,-44.540897,-0.41627008
55,h1_diasbp_noninvasive_min,62.0,33.4571,-28.5429,-0.3102489
55,h1_heartrate_max,75.0,32.10275,-42.89725,-0.36353603
55,h1_heartrate_min,75.0,85.90042,10.900421,0.10092983
55,h1_mbp_max,112.0,86.83339,-25.16661,-0.21695355
55,h1_mbp_min,106.0,77.589615,-28.410385,-0.2680225
55,h1_mbp_noninvasive_max,112.0,58.48457,-53.51543,-0.46943358
55,h1_mbp_noninvasive_min,106.0,149.19577,43.19577,0.4075073
55,h1_resprate_max,34.0,25.483845,-8.516155,-0.1737991
55,h1_resprate_min,24.0,15.663767,-8.336233,-0.07064603
55,h1_spo2_max,98.0,112.1032,14.103203,0.15670222
55,h1_spo2_min,96.0,97.121086,1.1210861,0.011210859
55,h1_sysbp_max,165.0,115.93361,-49.06639,-0.33152968
55,h1_sysbp_min,137.0,139.92941,2.9294128,0.020775974
55,h1_sysbp_noninvasive_max,165.0,199.85431,34.85431,0.23550206
55,h1_sysbp_noninvasive_min,137.0,122.58065,-14.41935,-0.10154471
55,h1_temp_max,37.2,35.87764,-1.322361,-0.21678051
55,h1_temp_min,37.2,35.926167,-1.2738342,-0.1990366
55,d1_bun_max,29.0,58.562233,29.562233,0.24231339
55,d1_bun_min,29.0,66.95787,37.95787,0.34478945
55,d1_calcium_max,8.2,10.048556,1.8485565,0.40186012
55,d1_calcium_min,8.2,7.9358215,-0.26417828,-0.05503714
55,d1_creatinine_max,1.48,4.4910893,3.0110893,0.27958113
55,d1_creatinine_min,1.48,0.17805208,-1.301948,-0.13508627
55,d1_glucose_max,128.0,126.83515,-1.1648483,-0.0021651462
55,d1_glucose_min,128.0,139.38416,11.384155,0.04464373
55,d1_hco3_max,23.0,35.73768,12.737679,0.45491707
55,d1_hco3_min,23.0,18.5067,-4.4932995,-0.14041561
55,d1_hemaglobin_max,11.0,6.8869925,-4.1130075,-0.3954815
55,d1_hemaglobin_min,11.0,15.448877,4.4488773,0.3902524
55,d1_hematocrit_max,31.8,17.35209,-14.447908,-0.46456298
55,d1_hematocrit_min,31.8,25.75291,-6.0470886,-0.17838019
55,d1_platelets_max,202.0,439.6973,237.6973,0.42598084
55,d1_platelets_min,202.0,109.333176,-92.666824,-0.17195548
55,d1_potassium_max,3.7,5.54681,1.8468101,0.4397167
55,d1_potassium_min,3.5,2.8176734,-0.68232656,-0.20068426
55,d1_sodium_max,142.0,156.92606,14.926056,0.42645872
55,d1_sodium_min,142.0,146.57494,4.574936,0.12708157
55,d1_wbc_max,9.2,25.024672,15.824672,0.35259962
55,d1_wbc_min,9.2,22.926542,13.726542,0.3431807
55,apache_4a_hospital_death_prob,0.05,0.31302786,0.26302785,0.13284236
55,apache_4a_icu_death_prob,0.03,-0.875594,-0.905594,-0.45969242
55,aids,0.0,-0.011270087,-0.011270087,-0.011270087
55,cirrhosis,0.0,0.040522747,0.040522747,0.040522747
55,diabetes_mellitus,0.0,-0.24045981,-0.24045981,-0.24045981
55,hepatic_failure,0.0,-0.043007206,-0.043007206,-0.043007206
55,immunosuppression,0.0,-0.4538117,-0.4538117,-0.4538117
55,leukemia,0.0,-0.4228149,-0.4228149,-0.4228149
55,lymphoma,0.0,0.12445633,0.12445633,0.12445633
55,solid_tumor_with_metastasis,0.0,-0.19497903,-0.19497903,-0.19497903
55,apache_3j_bodysystem,1.0,-0.5520365,-1.5520365,-0.15520366
55,apache_2_bodysystem,1.0,-2.4842474,-3.4842474,-0.3871386
55,apache_3j_diagnosis_split0,5.0,54.505177,49.505177,0.45004705
56,age,18.0,0.4667654,-17.533234,-0.2401813
56,bmi,26.634373,27.873932,1.2395592,0.023401126
56,elective_surgery,0.0,-0.014013677,-0.014013677,-0.014013677
56,ethnicity,3.0,1.2376409,-1.7623591,-0.29372653
56,gender,1.0,1.3038366,0.30383658,0.15191829
56,height,165.1,192.754,27.653992,0.47360837
56,hospital_admit_source,16.0,19.916172,3.916172,0.26107812
56,icu_admit_source,1.0,0.70666474,-0.29333526,-0.058667053
56,icu_stay_type,1.0,1.640228,0.64022803,0.32011402
56,icu_type,5.0,1.6750002,-3.3249998,-0.475
56,pre_icu_los_days,0.009027778,20.211855,20.202827,0.30042312
56,readmission_status,0.0,0.0,0.0,0.0
56,weight,72.6,23.418425,-49.181572,-0.3336606
56,apache_2_diagnosis,123.0,53.08509,-69.91491,-0.33775318
56,apache_3j_diagnosis,702.01,-277.9745,-979.9845,-0.4666504
56,apache_post_operative,0.0,-0.24903172,-0.24903172,-0.24903172
56,arf_apache,0.0,-0.42198867,-0.42198867,-0.42198867
56,bun_apache,20.0,40.603043,20.603043,0.16750443
56,creatinine_apache,2.17,-0.73504335,-2.9050434,-0.26700768
56,gcs_eyes_apache,4.0,5.1977596,1.1977596,0.39925325
56,gcs_motor_apache,6.0,7.7355194,1.7355194,0.34710383
56,gcs_unable_apache,0.0,0.0,0.0,0.0
56,gcs_verbal_apache,5.0,6.896673,1.8966732,0.4741683
56,glucose_apache,598.7,755.11096,156.41095,0.27945495
56,heart_rate_apache,153.0,216.86737,63.86737,0.43153626
56,hematocrit_apache,39.9,38.754288,-1.1457138,-0.032548666
56,intubated_apache,0.0,0.17788212,0.17788212,0.17788212
56,map_apache,73.0,75.01393,2.0139313,0.01258707
56,resprate_apache,59.0,50.82157,-8.178429,-0.14604336
56,sodium_apache,150.0,134.61447,-15.385529,-0.3752568
56,temp_apache,33.9,31.360392,-2.53961,-0.3341592
56,ventilated_apache,0.0,0.45969236,0.45969236,0.45969236
56,wbc_apache,19.8,32.18046,12.380463,0.27573413
56,d1_diasbp_max,84.0,125.1697,41.1697,0.34596387
56,d1_diasbp_min,53.0,21.653507,-31.346493,-0.4070973
56,d1_diasbp_noninvasive_max,84.0,120.6865,36.6865,0.30828992
56,d1_diasbp_noninvasive_min,53.0,31.486137,-21.513863,-0.27940083
56,d1_heartrate_max,151.0,162.98744,11.987442,0.10073477
56,d1_heartrate_min,108.0,61.45329,-46.54671,-0.32550144
56,d1_mbp_max,99.0,155.26686,56.26686,0.45376503
56,d1_mbp_min,77.0,37.15717,-39.84283,-0.44269812
56,d1_mbp_noninvasive_max,99.0,146.54646,47.546463,0.39294598
56,d1_mbp_noninvasive_min,77.0,93.412445,16.412445,0.18236053
56,d1_resprate_max,33.0,12.914576,-20.085424,-0.25750545
56,d1_resprate_min,17.0,42.04694,25.04694,0.34787416
56,d1_spo2_max,100.0,140.84966,40.849655,0.4695363
56,d1_spo2_min,96.0,127.44093,31.440933,0.31440932
56,d1_sysbp_max,139.0,98.81499,-40.185013,-0.28299305
56,d1_sysbp_min,108.0,76.76083,-31.239166,-0.26251402
56,d1_sysbp_noninvasive_max,139.0,109.81738,-29.182617,-0.20551139
56,d1_sysbp_noninvasive_min,108.0,56.414627,-51.585373,-0.43359983
56,d1_temp_max,38.6,37.914562,-0.68543625,-0.1427992
56,d1_temp_min,33.9,35.240986,1.3409843,0.22686252
56,h1_diasbp_max,68.0,108.03911,40.03911,0.37772742
56,h1_diasbp_min,55.0,35.988052,-19.011948,-0.2089225
56,h1_diasbp_noninvasive_max,68.0,39.215595,-28.784405,-0.2690131
56,h1_diasbp_noninvasive_min,55.0,36.203773,-18.796227,-0.20430681
56,h1_heartrate_max,122.0,114.89354,-7.1064606,-0.060224295
56,h1_heartrate_min,108.0,68.96391,-39.036087,-0.36144528
56,h1_mbp_max,90.0,50.33914,-39.66086,-0.34190395
56,h1_mbp_min,90.0,42.734108,-47.265892,-0.44590464
56,h1_mbp_noninvasive_max,90.0,138.05887,48.05887,0.42156905
56,h1_mbp_noninvasive_min,90.0,88.4047,-1.5952988,-0.015049994
56,h1_resprate_max,30.0,41.097122,11.097122,0.22647187
56,h1_resprate_min,24.0,26.857279,2.8572788,0.024214238
56,h1_spo2_max,100.0,63.0604,-36.9396,-0.41044003
56,h1_spo2_min,96.0,85.44539,-10.554611,-0.10554612
56,h1_sysbp_max,127.0,164.76447,37.764465,0.2551653
56,h1_sysbp_min,116.0,106.65845,-9.341553,-0.06625214
56,h1_sysbp_noninvasive_max,127.0,192.51288,65.51288,0.44265458
56,h1_sysbp_noninvasive_min,116.0,138.25864,22.258636,0.15675095
56,h1_temp_max,33.9,33.493908,-0.4060936,-0.06657272
56,h1_temp_min,33.9,32.18247,-1.7175331,-0.26836455
56,d1_bun_max,20.0,6.964258,-13.035742,-0.10685033
56,d1_bun_min,17.0,-30.776295,-47.776295,-0.4339749
56,d1_calcium_max,9.4,7.3441305,-2.055869,-0.44692805
56,d1_calcium_min,9.0,7.132637,-1.867363,-0.3890339
56,d1_creatinine_max,2.17,-2.7808867,-4.9508867,-0.45969236
56,d1_creatinine_min,1.5,-2.992486,-4.492486,-0.46612704
56,d1_glucose_max,611.0,359.9421,-251.05789,-0.46665037
56,d1_glucose_min,145.0,263.71674,118.716736,0.46555582
56,d1_hco3_max,16.0,18.010574,2.0105743,0.07180622
56,d1_hco3_min,12.0,-2.7101555,-14.7101555,-0.45969236
56,d1_hemaglobin_max,13.5,17.161686,3.661686,0.35208517
56,d1_hemaglobin_min,12.8,9.389969,-3.4100313,-0.29912552
56,d1_hematocrit_max,39.9,52.62932,12.729317,0.40930277
56,d1_hematocrit_min,38.1,33.54889,-4.5511093,-0.134251
56,d1_platelets_max,351.0,612.9859,261.9859,0.46950883
56,d1_platelets_min,344.0,93.73729,-250.26271,-0.46439546
56,d1_potassium_max,6.1,7.333638,1.2336383,0.2937233
56,d1_potassium_min,3.4,4.9960747,1.5960746,0.46943372
56,d1_sodium_max,150.0,165.62653,15.626526,0.44647217
56,d1_sodium_min,144.0,154.04166,10.0416565,0.27893496
56,d1_wbc_max,19.8,30.403315,10.603315,0.23625925
56,d1_wbc_min,17.5,29.972466,12.4724655,0.31182718
56,apache_4a_hospital_death_prob,0.03,-0.068570495,-0.098570496,-0.04978305
56,apache_4a_icu_death_prob,0.02,-0.14729595,-0.16729595,-0.08492178
56,aids,0.0,0.44995114,0.44995114,0.44995114
56,cirrhosis,0.0,0.22057174,0.22057174,0.22057174
56,diabetes_mellitus,1.0,1.4353395,0.43533945,0.43533945
56,hepatic_failure,0.0,-0.35824203,-0.35824203,-0.35824203
56,immunosuppression,0.0,0.048835743,0.048835743,0.048835743
56,leukemia,0.0,0.39768493,0.39768493,0.39768493
56,lymphoma,0.0,-0.32369828,-0.32369828,-0.32369828
56,solid_tumor_with_metastasis,0.0,-0.3707431,-0.3707431,-0.3707431
56,apache_3j_bodysystem,6.0,9.728583,3.7285833,0.37285835
56,apache_2_bodysystem,4.0,4.3123264,0.31232643,0.034702927
56,apache_3j_diagnosis_split0,105.0,77.13281,-27.867188,-0.2533381
57,age,76.0,49.82932,-26.170681,-0.3585025
57,bmi,34.143124,36.852436,2.7093124,0.051147997
57,elective_surgery,0.0,-0.46943358,-0.46943358,-0.46943358
57,ethnicity,3.0,5.17565,2.1756501,0.36260834
57,gender,1.0,0.54952204,-0.45047796,-0.22523898
57,height,152.4,129.07779,-23.322205,-0.39942122
57,hospital_admit_source,3.0,6.7480507,3.7480507,0.24987005
57,icu_admit_source,1.0,-0.43955445,-1.4395545,-0.28791088
57,icu_stay_type,1.0,1.0982498,0.09824979,0.049124897
57,icu_type,3.0,3.252323,0.2523229,0.036046118
57,pre_icu_los_days,0.000694444,27.804775,27.804081,0.4134564
57,readmission_status,0.0,0.0,0.0,0.0
57,weight,79.3,30.160793,-49.13921,-0.33337322
57,apache_2_diagnosis,116.0,207.24774,91.24774,0.44081038
57,apache_3j_diagnosis,103.01,823.4219,720.41187,0.34304672
57,apache_post_operative,0.0,-0.466933,-0.466933,-0.466933
57,arf_apache,0.0,0.21492124,0.21492124,0.21492124
57,bun_apache,14.0,-35.043755,-49.043755,-0.39872968
57,creatinine_apache,1.08,5.3695083,4.2895083,0.39425623
57,gcs_eyes_apache,4.0,4.3258033,0.32580328,0.10860109
57,gcs_motor_apache,6.0,8.022867,2.0228672,0.40457344
57,gcs_unable_apache,0.0,0.0,0.0,0.0
57,gcs_verbal_apache,5.0,6.2056847,1.2056847,0.30142117
57,glucose_apache,179.0,392.34308,213.34308,0.38117397
57,heart_rate_apache,122.0,173.30348,51.303482,0.34664518
57,hematocrit_apache,46.5,44.55813,-1.9418716,-0.05516684
57,intubated_apache,0.0,0.032701112,0.032701112,0.032701112
57,map_apache,139.0,213.31485,74.31485,0.46446788
57,resprate_apache,27.0,49.44504,22.445042,0.4008043
57,sodium_apache,138.0,118.525,-19.474998,-0.47499996
57,temp_apache,36.4,39.96466,3.564659,0.46903414
57,ventilated_apache,0.0,-0.46943358,-0.46943358,-0.46943358
57,wbc_apache,10.8,-4.9175596,-15.71756,-0.350057
57,d1_diasbp_max,105.0,115.107506,10.107506,0.084937006
57,d1_diasbp_min,84.0,116.390305,32.390305,0.42065334
57,d1_diasbp_noninvasive_max,105.0,86.42645,-18.573547,-0.15608022
57,d1_diasbp_noninvasive_min,84.0,61.58894,-22.41106,-0.2910527
57,d1_heartrate_max,92.0,45.4483,-46.5517,-0.39119077
57,d1_heartrate_min,68.0,12.955189,-55.04481,-0.38492876
57,d1_mbp_max,139.0,194.08603,55.08603,0.44424224
57,d1_mbp_min,103.0,71.56651,-31.433487,-0.34926093
57,d1_mbp_noninvasive_max,139.0,188.0179,49.0179,0.40510654
57,d1_mbp_noninvasive_min,103.0,100.85563,-2.144371,-0.023826301
57,d1_resprate_max,28.0,28.526318,0.5263176,0.006747663
57,d1_resprate_min,14.0,36.973343,22.973343,0.31907418
57,d1_spo2_max,99.0,61.730827,-37.269173,-0.42838126
57,d1_spo2_min,87.0,39.5,-47.5,-0.475
57,d1_sysbp_max,188.0,255.29562,67.29562,0.47391284
57,d1_sysbp_min,41.0,23.621845,-17.378155,-0.14603491
57,d1_sysbp_noninvasive_max,188.0,120.55,-67.45,-0.47499996
57,d1_sysbp_noninvasive_min,41.03,41.045254,0.015254974,0.00012822538
57,d1_temp_max,36.7,37.31292,0.61291885,0.12769142
57,d1_temp_min,34.4,35.20798,0.8079796,0.13669083
57,h1_diasbp_max,97.0,139.24866,42.248657,0.39857227
57,h1_diasbp_min,84.0,100.766136,16.766136,0.18424326
57,h1_diasbp_noninvasive_max,97.0,54.9456,-42.0544,-0.3930318
57,h1_diasbp_noninvasive_min,84.0,56.979103,-27.020897,-0.29370543
57,h1_heartrate_max,82.0,121.398636,39.398636,0.33388677
57,h1_heartrate_min,78.0,59.905495,-18.094505,-0.16754173
57,h1_mbp_max,139.0,140.01926,1.0192566,0.008786678
57,h1_mbp_min,103.0,152.49843,49.49843,0.46696633
57,h1_mbp_noninvasive_max,139.0,185.80215,46.802155,0.41054517
57,h1_mbp_noninvasive_min,103.0,115.32009,12.320091,0.11622727
57,h1_resprate_max,16.0,5.544438,-10.455563,-0.21337882
57,h1_resprate_min,16.0,72.049995,56.049995,0.47499996
57,h1_spo2_max,99.0,84.28657,-14.713432,-0.16348255
57,h1_spo2_min,96.0,93.67317,-2.326828,-0.023268282
57,h1_sysbp_max,188.0,250.11662,62.116623,0.41970688
57,h1_sysbp_min,160.0,219.14566,59.14566,0.4194728
57,h1_sysbp_noninvasive_max,188.0,218.42715,30.427155,0.20558888
57,h1_sysbp_noninvasive_min,160.0,209.59352,49.59352,0.34925014
57,h1_temp_max,36.4,35.22816,-1.1718407,-0.19210503
57,h1_temp_min,36.4,34.97759,-1.4224129,-0.22225201
57,d1_bun_max,14.0,48.543346,34.543346,0.28314218
57,d1_bun_min,13.0,42.714314,29.714314,0.2699093
57,d1_calcium_max,8.7,9.994799,1.2947989,0.28147805
57,d1_calcium_min,8.2,7.282806,-0.9171939,-0.19108206
57,d1_creatinine_max,1.08,0.9209734,-0.15902662,-0.014765698
57,d1_creatinine_min,1.02,3.6815255,2.6615255,0.276152
57,d1_glucose_max,179.0,75.94158,-103.05842,-0.1915584
57,d1_glucose_min,163.0,175.07462,12.0746155,0.04735142
57,d1_hco3_max,25.0,36.22283,11.222832,0.40081546
57,d1_hco3_min,20.0,14.995062,-5.004938,-0.15640432
57,d1_hemaglobin_max,15.3,17.796124,2.4961233,0.24001193
57,d1_hemaglobin_min,12.8,14.940501,2.140501,0.18776327
57,d1_hematocrit_max,46.5,35.577915,-10.922085,-0.3511924
57,d1_hematocrit_min,39.7,27.82209,-11.877911,-0.3503808
57,d1_platelets_max,162.0,62.276558,-99.72344,-0.17871584
57,d1_platelets_min,130.0,-103.85445,-233.85445,-0.43394774
57,d1_potassium_max,4.8,5.6007195,0.80071926,0.19064742
57,d1_potassium_min,4.0,5.1508417,1.1508417,0.33848286
57,d1_sodium_max,138.0,121.76465,-16.235352,-0.4638672
57,d1_sodium_min,137.0,154.04317,17.043167,0.47342134
57,d1_wbc_max,10.8,18.446459,7.6464586,0.17037563
57,d1_wbc_min,7.2,13.744194,6.544194,0.16361305
57,apache_4a_hospital_death_prob,0.07,0.9521669,0.8821669,0.44553882
57,apache_4a_icu_death_prob,0.03,-0.86051595,-0.8905159,-0.45203856
57,aids,0.0,-0.15020037,-0.15020037,-0.15020037
57,cirrhosis,0.0,-0.47221684,-0.47221684,-0.47221684
57,diabetes_mellitus,0.0,-0.29662025,-0.29662025,-0.29662025
57,hepatic_failure,0.0,-0.45621336,-0.45621336,-0.45621336
57,immunosuppression,0.0,0.0007284088,0.0007284088,0.0007284088
57,leukemia,0.0,0.14091736,0.14091736,0.14091736
57,lymphoma,0.0,0.20933948,0.20933948,0.20933948
57,solid_tumor_with_metastasis,0.0,0.40155798,0.40155798,0.40155798
57,apache_3j_bodysystem,1.0,-2.3979173,-3.3979173,-0.33979172
57,apache_2_bodysystem,1.0,3.4326847,2.4326847,0.2702983
57,apache_3j_diagnosis_split0,4.0,16.606361,12.606361,0.11460328
58,age,79.0,77.02232,-1.9776764,-0.027091444
58,bmi,30.761574,25.139765,-5.621809,-0.10613182
58,elective_surgery,0.0,0.30258143,0.30258143,0.30258143
58,ethnicity,1.0,-1.8166015,-2.8166015,-0.46943358
58,gender,2.0,2.1407034,0.14070344,0.07035172
58,height,180.3,174.34528,-5.954727,-0.101982
58,hospital_admit_source,4.0,11.036591,7.0365906,0.46910608
58,icu_admit_source,1.0,2.0802786,1.0802786,0.21605572
58,icu_stay_type,1.0,0.24593592,-0.7540641,-0.37703204
58,icu_type,5.0,5.1210895,0.12108946,0.01729846
58,pre_icu_los_days,0.002777778,26.293892,26.291115,0.39095804
58,readmission_status,0.0,0.0,0.0,0.0
58,weight,100.0,37.10184,-62.89816,-0.42671752
58,apache_2_diagnosis,102.0,128.45076,26.45076,0.12778145
58,apache_3j_diagnosis,206.01,740.05975,534.04974,0.25430453
58,apache_post_operative,0.0,0.21234584,0.21234584,0.21234584
58,arf_apache,0.0,-0.34476978,-0.34476978,-0.34476978
58,bun_apache,29.0,32.64485,3.6448517,0.02963294
58,creatinine_apache,1.78,5.010801,3.2308009,0.2969486
58,gcs_eyes_apache,4.0,3.3278615,-0.67213845,-0.22404617
58,gcs_motor_apache,6.0,3.7343712,-2.2656288,-0.45312577
58,gcs_unable_apache,0.0,0.0,0.0,0.0
58,gcs_verbal_apache,5.0,6.697155,1.697155,0.42428875
58,glucose_apache,246.0,388.66714,142.66714,0.25489932
58,heart_rate_apache,110.0,142.91336,32.91336,0.22238761
58,hematocrit_apache,39.8,53.50219,13.70219,0.38926673
58,intubated_apache,1.0,0.53056633,-0.46943367,-0.46943367
58,map_apache,114.0,167.35265,53.352646,0.33345404
58,resprate_apache,38.0,31.213383,-6.7866173,-0.121189594
58,sodium_apache,141.0,136.33801,-4.6619873,-0.113706976
58,temp_apache,36.2,32.806812,-3.3931885,-0.4464722
58,ventilated_apache,1.0,0.9846596,-0.015340388,-0.015340388
58,wbc_apache,10.6,6.335124,-4.2648764,-0.094986126
58,d1_diasbp_max,86.0,71.916794,-14.083206,-0.118346274
58,d1_diasbp_min,54.0,20.61549,-33.38451,-0.43356508
58,d1_diasbp_noninvasive_max,86.0,112.72555,26.725548,0.22458443
58,d1_diasbp_noninvasive_min,54.0,49.43278,-4.567219,-0.05931455
58,d1_heartrate_max,110.0,133.34003,23.340027,0.19613466
58,d1_heartrate_min,59.0,102.10071,43.100708,0.30140358
58,d1_mbp_max,114.0,126.994095,12.994095,0.104791105
58,d1_mbp_min,68.0,56.246433,-11.753567,-0.1305952
58,d1_mbp_noninvasive_max,114.0,117.87901,3.879013,0.03205797
58,d1_mbp_noninvasive_min,68.0,59.86826,-8.131741,-0.090352714
58,d1_resprate_max,28.0,30.970879,2.9708786,0.038088188
58,d1_resprate_min,16.0,-3.1355772,-19.135578,-0.2657719
58,d1_spo2_max,100.0,71.546005,-28.453995,-0.32705742
58,d1_spo2_min,90.0,107.01697,17.016968,0.17016971
58,d1_sysbp_max,169.0,180.84834,11.848343,0.08343905
58,d1_sysbp_min,96.0,68.094345,-27.905655,-0.2345013
58,d1_sysbp_noninvasive_max,169.0,155.85037,-13.149628,-0.092603
58,d1_sysbp_noninvasive_min,96.0,62.446594,-33.553406,-0.2820325
58,d1_temp_max,36.9,34.959877,-1.9401245,-0.4041926
58,d1_temp_min,36.2,37.025803,0.82580185,0.13970596
58,h1_diasbp_max,86.0,132.96556,46.96556,0.44307134
58,h1_diasbp_min,63.0,25.874474,-37.125526,-0.4079728
58,h1_diasbp_noninvasive_max,86.0,108.34494,22.34494,0.20883125
58,h1_diasbp_noninvasive_min,63.0,42.267387,-20.732613,-0.2253545
58,h1_heartrate_max,79.0,107.72739,28.727386,0.2434524
58,h1_heartrate_min,70.0,85.30852,15.308517,0.14174554
58,h1_mbp_max,99.0,83.151054,-15.848946,-0.13662884
58,h1_mbp_min,90.0,42.913654,-47.086346,-0.4442108
58,h1_mbp_noninvasive_max,99.0,125.3277,26.327698,0.2309447
58,h1_mbp_noninvasive_min,90.0,102.68764,12.687637,0.11969471
58,h1_resprate_max,25.0,23.379166,-1.6208344,-0.033078253
58,h1_resprate_min,17.0,-2.6448348,-19.644835,-0.16648164
58,h1_spo2_max,100.0,121.28992,21.289917,0.23655462
58,h1_spo2_min,93.0,52.443653,-40.556347,-0.40556347
58,h1_sysbp_max,169.0,140.72122,-28.278778,-0.19107279
58,h1_sysbp_min,127.0,126.76906,-0.23094177,-0.001637876
58,h1_sysbp_noninvasive_max,169.0,157.13718,-11.8628235,-0.08015418
58,h1_sysbp_noninvasive_min,127.0,102.39496,-24.605042,-0.17327493
58,h1_temp_max,36.2,34.245796,-1.9542046,-0.32036138
58,h1_temp_min,36.2,36.618866,0.4188652,0.06544769
58,d1_bun_max,29.0,48.399227,19.399227,0.15901005
58,d1_bun_min,29.0,25.429466,-3.5705338,-0.032432854
58,d1_calcium_max,8.1,7.954486,-0.14551449,-0.031633586
58,d1_calcium_min,8.1,7.4285636,-0.6714368,-0.13988268
58,d1_creatinine_max,1.78,2.0311925,0.25119257,0.023323357
58,d1_creatinine_min,1.78,4.7537603,2.9737604,0.30854857
58,d1_glucose_max,246.0,382.49594,136.49594,0.2537099
58,d1_glucose_min,160.0,78.8202,-81.1798,-0.31835216
58,d1_hco3_max,31.0,43.119972,12.119972,0.43285614
58,d1_hco3_min,31.0,18.11247,-12.887529,-0.4027353
58,d1_hemaglobin_max,12.0,16.780802,4.780802,0.45969248
58,d1_hemaglobin_min,12.0,9.828271,-2.171729,-0.19050258
58,d1_hematocrit_max,39.8,31.39496,-8.405039,-0.2702585
58,d1_hematocrit_min,39.8,30.432587,-9.367413,-0.27632484
58,d1_platelets_max,141.0,164.5455,23.545502,0.042196244
58,d1_platelets_min,141.0,32.08714,-108.91286,-0.20210215
58,d1_potassium_max,4.5,6.031311,1.531311,0.3645979
58,d1_potassium_min,4.5,5.0939007,0.5939007,0.17467672
58,d1_sodium_max,141.0,124.375,-16.625,-0.47500002
58,d1_sodium_min,141.0,146.83931,5.8393097,0.16220301
58,d1_wbc_max,10.6,27.811417,17.211416,0.38349855
58,d1_wbc_min,10.6,26.904114,16.304113,0.4076232
58,apache_4a_hospital_death_prob,0.13,0.70787215,0.57787216,0.29185462
58,apache_4a_icu_death_prob,0.07,0.7159625,0.64596254,0.32789975
58,aids,0.0,0.4242065,0.4242065,0.4242065
58,cirrhosis,0.0,0.22014594,0.22014594,0.22014594
58,diabetes_mellitus,0.0,-0.29620695,-0.29620695,-0.29620695
58,hepatic_failure,0.0,0.1691281,0.1691281,0.1691281
58,immunosuppression,0.0,0.35193908,0.35193908,0.35193908
58,leukemia,0.0,0.096165136,0.096165136,0.096165136
58,lymphoma,0.0,0.45658463,0.45658463,0.45658463
58,solid_tumor_with_metastasis,0.0,0.05244797,0.05244797,0.05244797
58,apache_3j_bodysystem,9.0,6.0996513,-2.9003487,-0.2900349
58,apache_2_bodysystem,7.0,8.312015,1.3120146,0.14577937
58,apache_3j_diagnosis_split0,66.0,111.03895,45.038948,0.409445
59,age,28.0,48.27358,20.273579,0.27772024
59,bmi,25.30349,4.7946434,-20.508846,-0.38717806
59,elective_surgery,0.0,-0.27797145,-0.27797145,-0.27797145
59,ethnicity,3.0,1.7731656,-1.2268344,-0.20447241
59,gender,1.0,1.7730001,0.7730001,0.38650006
59,height,137.2,111.84402,-25.35598,-0.4342521
59,hospital_admit_source,4.0,7.7230062,3.7230062,0.2482004
59,icu_admit_source,1.0,3.375,2.375,0.475
59,icu_stay_type,1.0,0.06803936,-0.93196064,-0.46598032
59,icu_type,6.0,5.325584,-0.67441607,-0.096345186
59,pre_icu_los_days,0.84166664,24.662361,23.820694,0.35422206
59,readmission_status,0.0,0.0,0.0,0.0
59,weight,38.6,-10.072376,-48.672375,-0.3302061
59,apache_2_diagnosis,108.0,30.164986,-77.835014,-0.37601456
59,apache_3j_diagnosis,203.01,-711.22,-914.23,-0.43533933
59,apache_post_operative,0.0,-0.46943358,-0.46943358,-0.46943358
59,arf_apache,0.0,0.1891426,0.1891426,0.1891426
59,bun_apache,20.0,73.392715,53.392715,0.4340871
59,creatinine_apache,0.38,5.3143325,4.9343324,0.4535232
59,gcs_eyes_apache,4.0,4.48407,0.48406982,0.16135657
59,gcs_motor_apache,6.0,4.234285,-1.7657151,-0.35314304
59,gcs_unable_apache,0.0,0.0,0.0,0.0
59,gcs_verbal_apache,5.0,6.533224,1.5332241,0.38330603
59,glucose_apache,109.0,360.83768,251.83768,0.44995117
59,heart_rate_apache,140.0,203.11725,63.11725,0.4264679
59,hematocrit_apache,38.2,38.46655,0.26654816,0.007572353
59,intubated_apache,0.0,0.475,0.475,0.475
59,map_apache,123.0,196.1919,73.191895,0.45744932
59,resprate_apache,46.0,64.191765,18.191765,0.32485294
59,sodium_apache,148.0,138.64664,-9.353363,-0.22813082
59,temp_apache,36.7,33.132305,-3.5676956,-0.46943367
59,ventilated_apache,1.0,0.88385946,-0.116140544,-0.116140544
59,wbc_apache,6.9,-11.531534,-18.431534,-0.41050184
59,d1_diasbp_max,101.0,65.88898,-35.111023,-0.29505062
59,d1_diasbp_min,54.0,33.109123,-20.890877,-0.2713101
59,d1_diasbp_noninvasive_max,101.0,156.2002,55.200195,0.46386716
59,d1_diasbp_noninvasive_min,54.0,54.807594,0.8075943,0.010488212
59,d1_heartrate_max,140.0,192.30276,52.302765,0.439519
59,d1_heartrate_min,78.0,44.382835,-33.617165,-0.23508507
59,d1_mbp_max,123.0,104.07174,-18.92826,-0.15264726
59,d1_mbp_min,52.0,20.738829,-31.261171,-0.34734637
59,d1_mbp_noninvasive_max,123.0,175.26672,52.266724,0.43195635
59,d1_mbp_noninvasive_min,52.0,16.834335,-35.165665,-0.3907296
59,d1_resprate_max,46.0,44.20864,-1.791359,-0.022966146
59,d1_resprate_min,14.0,6.4168944,-7.5831056,-0.105320916
59,d1_spo2_max,100.0,62.192055,-37.807945,-0.43457407
59,d1_spo2_min,85.0,65.99991,-19.000092,-0.19000095
59,d1_sysbp_max,147.0,174.00055,27.00055,0.19014469
59,d1_sysbp_min,100.0,48.30103,-51.69897,-0.43444514
59,d1_sysbp_noninvasive_max,147.0,88.68236,-58.317642,-0.41068763
59,d1_sysbp_noninvasive_min,100.0,45.512978,-54.487022,-0.4579896
59,d1_temp_max,37.4,39.397163,1.9971619,0.41607535
59,d1_temp_min,36.7,36.386986,-0.31301498,-0.052954674
59,h1_diasbp_max,77.0,87.0903,10.0903015,0.09519151
59,h1_diasbp_min,65.0,61.967216,-3.0327835,-0.03332728
59,h1_diasbp_noninvasive_max,77.0,116.05804,39.058037,0.36502835
59,h1_diasbp_noninvasive_min,65.0,106.35333,41.353333,0.44949275
59,h1_heartrate_max,128.0,159.7237,31.723694,0.2688449
59,h1_heartrate_min,118.0,109.742744,-8.257256,-0.07645607
59,h1_mbp_max,92.0,43.659576,-48.340424,-0.41672778
59,h1_mbp_min,83.0,41.26332,-41.73668,-0.39374226
59,h1_mbp_noninvasive_max,92.0,54.86828,-37.13172,-0.32571685
59,h1_mbp_noninvasive_min,83.0,68.86528,-14.13472,-0.13334644
59,h1_resprate_max,46.0,62.47489,16.474892,0.3362223
59,h1_resprate_min,28.0,2.8579123,-25.142088,-0.21306854
59,h1_spo2_max,100.0,98.06186,-1.9381409,-0.02153492
59,h1_spo2_min,85.0,94.71494,9.714943,0.09714943
59,h1_sysbp_max,142.0,159.11002,17.110016,0.115608215
59,h1_sysbp_min,116.0,62.675587,-53.324413,-0.37818733
59,h1_sysbp_noninvasive_max,142.0,108.43882,-33.56118,-0.22676472
59,h1_sysbp_noninvasive_min,116.0,174.1393,58.139297,0.40943167
59,h1_temp_max,36.7,34.95223,-1.7477722,-0.28652003
59,h1_temp_min,36.7,34.15368,-2.5463219,-0.3978628
59,d1_bun_max,20.0,63.71196,43.71196,0.35829476
59,d1_bun_min,17.0,23.937653,6.9376526,0.06301801
59,d1_calcium_max,7.9,9.73743,1.8374295,0.3994412
59,d1_calcium_min,7.9,9.847464,1.9474635,0.40572155
59,d1_creatinine_max,0.47,5.4208865,4.9508867,0.4596923
59,d1_creatinine_min,0.38,3.6495411,3.2695413,0.3392379
59,d1_glucose_max,117.0,240.9805,123.9805,0.23044702
59,d1_glucose_min,109.0,31.177853,-77.82214,-0.3051849
59,d1_hco3_max,12.0,17.523262,5.523262,0.19725935
59,d1_hco3_min,37.0,22.15625,-14.84375,-0.4638672
59,d1_hemaglobin_max,11.2,16.024218,4.824218,0.4638671
59,d1_hemaglobin_min,11.2,16.497196,5.2971964,0.46466637
59,d1_hematocrit_max,38.2,37.585968,-0.61403275,-0.0197438
59,d1_hematocrit_min,38.2,43.599762,5.399761,0.15928495
59,d1_platelets_max,259.0,488.40936,229.40936,0.4111279
59,d1_platelets_min,259.0,116.16249,-142.83751,-0.2650538
59,d1_potassium_max,4.2,6.0228205,1.8228207,0.43400496
59,d1_potassium_min,4.1,5.1815047,1.0815048,0.3180896
59,d1_sodium_max,148.0,154.30243,6.302429,0.18006939
59,d1_sodium_min,145.0,147.24664,2.246643,0.06240672
59,d1_wbc_max,6.9,19.951315,13.051315,0.29080468
59,d1_wbc_min,6.9,-6.9743843,-13.874384,-0.34687695
59,apache_4a_hospital_death_prob,0.07,-0.6732272,-0.7432272,-0.3753673
59,apache_4a_icu_death_prob,0.04,0.8554791,0.8154791,0.41394883
59,aids,0.0,0.34373653,0.34373653,0.34373653
59,cirrhosis,0.0,-0.34089404,-0.34089404,-0.34089404
59,diabetes_mellitus,0.0,0.040520485,0.040520485,0.040520485
59,hepatic_failure,0.0,0.09784861,0.09784861,0.09784861
59,immunosuppression,0.0,-0.4670329,-0.4670329,-0.4670329
59,leukemia,0.0,-0.15526237,-0.15526237,-0.15526237
59,lymphoma,0.0,-0.09259193,-0.09259193,-0.09259193
59,solid_tumor_with_metastasis,0.0,0.3486936,0.3486936,0.3486936
59,apache_3j_bodysystem,9.0,11.355083,2.3550835,0.23550838
59,apache_2_bodysystem,7.0,9.247155,2.2471552,0.24968392
59,apache_3j_diagnosis_split0,64.0,88.64084,24.640839,0.2240076
60,age,72.0,37.38571,-34.61429,-0.47416833
60,bmi,22.948133,29.640976,6.6928425,0.1263514
60,elective_surgery,0.0,-0.1333729,-0.1333729,-0.1333729
60,ethnicity,3.0,5.844946,2.844946,0.47415766
60,gender,2.0,1.8409768,-0.15902317,-0.07951158
60,height,180.3,196.92218,16.622177,0.284675
60,hospital_admit_source,4.0,-2.6252248,-6.625225,-0.44168165
60,icu_admit_source,1.0,2.3538468,1.3538468,0.27076936
60,icu_stay_type,1.0,1.8456491,0.8456491,0.42282456
60,icu_type,6.0,3.534418,-2.465582,-0.352226
60,pre_icu_los_days,0.0125,-31.930262,-31.942762,-0.475
60,readmission_status,0.0,0.0,0.0,0.0
60,weight,74.6,79.42267,4.82267,0.032718256
60,apache_2_diagnosis,110.0,156.12183,46.121826,0.22281076
60,apache_3j_diagnosis,104.01,-871.5908,-975.6008,-0.46456295
60,apache_post_operative,0.0,-0.23175116,-0.23175116,-0.23175116
60,arf_apache,0.0,0.44995114,0.44995114,0.44995114
60,bun_apache,36.0,-8.076572,-44.076572,-0.3583461
60,creatinine_apache,1.81,0.40595868,-1.4040413,-0.12904792
60,gcs_eyes_apache,4.0,4.106952,0.10695219,0.03565073
60,gcs_motor_apache,6.0,3.8504338,-2.1495662,-0.42991322
60,gcs_unable_apache,0.0,0.0,0.0,0.0
60,gcs_verbal_apache,5.0,3.8047574,-1.1952426,-0.29881066
60,glucose_apache,93.0,171.84175,78.84175,0.14086431
60,heart_rate_apache,62.0,-1.2027035,-63.202705,-0.4270453
60,hematocrit_apache,35.7,34.437004,-1.2629967,-0.035880566
60,intubated_apache,0.0,-0.22018024,-0.22018024,-0.22018024
60,map_apache,112.0,175.63002,63.63002,0.3976876
60,resprate_apache,34.0,29.41485,-4.58515,-0.08187765
60,sodium_apache,142.0,150.07645,8.076447,0.1969865
60,temp_apache,36.8,36.79366,-0.006340027,-0.000834167
60,ventilated_apache,1.0,0.59775734,-0.40224266,-0.40224266
60,wbc_apache,15.0,4.202642,-10.797358,-0.24047568
60,d1_diasbp_max,95.0,80.37805,-14.621948,-0.122873515
60,d1_diasbp_min,53.0,40.978355,-12.021645,-0.15612525
60,d1_diasbp_noninvasive_max,95.0,108.69622,13.69622,0.115094274
60,d1_diasbp_noninvasive_min,53.0,27.25771,-25.74229,-0.33431548
60,d1_heartrate_max,84.0,34.681297,-49.318703,-0.4144429
60,d1_heartrate_min,62.0,99.04614,37.046143,0.25906393
60,d1_mbp_max,112.0,91.69667,-20.30333,-0.16373652
60,d1_mbp_min,74.0,37.372055,-36.627945,-0.40697718
60,d1_mbp_noninvasive_max,112.0,151.63417,39.63417,0.32755512
60,d1_mbp_noninvasive_min,74.0,31.713081,-42.28692,-0.46985468
60,d1_resprate_max,39.0,61.947838,22.947838,0.29420304
60,d1_resprate_min,14.0,39.260017,25.260017,0.35083356
60,d1_spo2_max,99.0,80.18612,-18.81388,-0.21625149
60,d1_spo2_min,88.0,135.5,47.5,0.47500002
60,d1_sysbp_max,170.0,237.45,67.45,0.47499996
60,d1_sysbp_min,103.0,84.98344,-18.016563,-0.15139973
60,d1_sysbp_noninvasive_max,170.0,104.605,-65.395,-0.46052817
60,d1_sysbp_noninvasive_min,103.0,97.66687,-5.33313,-0.04482752
60,d1_temp_max,37.4,36.35543,-1.0445709,-0.21761894
60,d1_temp_min,36.6,39.186348,2.5863495,0.43754858
60,h1_diasbp_max,93.0,49.067963,-43.932037,-0.4144532
60,h1_diasbp_min,58.0,99.64205,41.64205,0.45760497
60,h1_diasbp_noninvasive_max,93.0,53.209824,-39.790176,-0.37187082
60,h1_diasbp_noninvasive_min,58.0,72.2372,14.237198,0.15475217
60,h1_heartrate_max,84.0,31.180798,-52.819202,-0.4476204
60,h1_heartrate_min,65.0,52.875816,-12.124184,-0.11226095
60,h1_mbp_max,91.0,121.03262,30.032623,0.25890195
60,h1_mbp_min,80.0,108.455,28.455002,0.2684434
60,h1_mbp_noninvasive_max,91.0,60.43622,-30.563782,-0.26810336
60,h1_mbp_noninvasive_min,80.0,88.98821,8.988213,0.08479446
60,h1_resprate_max,39.0,49.87458,10.87458,0.2219302
60,h1_resprate_min,21.0,61.796116,40.796116,0.34572977
60,h1_spo2_max,97.0,91.86478,-5.1352234,-0.057058036
60,h1_spo2_min,91.0,125.596306,34.596306,0.34596306
60,h1_sysbp_max,167.0,168.44437,1.4443665,0.009759247
60,h1_sysbp_min,117.0,64.78534,-52.21466,-0.37031674
60,h1_sysbp_noninvasive_max,167.0,154.7318,-12.268204,-0.08289325
60,h1_sysbp_noninvasive_min,117.0,112.93576,-4.0642395,-0.028621405
60,h1_temp_max,37.4,38.854954,1.4549522,0.23851681
60,h1_temp_min,37.4,36.063873,-1.3361282,-0.20877004
60,d1_bun_max,36.0,45.636047,9.636047,0.07898402
60,d1_bun_min,36.0,17.993912,-18.006088,-0.1635579
60,d1_calcium_max,8.9,7.5561395,-1.3438601,-0.29214352
60,d1_calcium_min,8.9,10.092186,1.1921864,0.24837214
60,d1_creatinine_max,1.81,0.6211083,-1.1888916,-0.110389195
60,d1_creatinine_min,1.81,1.5277545,-0.2822454,-0.029284954
60,d1_glucose_max,130.0,22.87009,-107.12991,-0.19912623
60,d1_glucose_min,93.0,7.310457,-85.689545,-0.33603743
60,d1_hco3_max,27.0,16.861862,-10.138138,-0.36207634
60,d1_hco3_min,27.0,20.713701,-6.2862988,-0.19644684
60,d1_hemaglobin_max,12.0,16.174644,4.1746445,0.40140814
60,d1_hemaglobin_min,12.0,17.080788,5.0807877,0.44568312
60,d1_hematocrit_max,35.7,23.47629,-12.223711,-0.39304537
60,d1_hematocrit_min,35.7,41.26404,5.564041,0.16413099
60,d1_platelets_max,90.0,337.0156,247.0156,0.44268024
60,d1_platelets_min,90.0,97.636154,7.636154,0.014169887
60,d1_potassium_max,3.9,4.9348974,1.0348973,0.24640414
60,d1_potassium_min,3.9,4.6978483,0.7978482,0.23466125
60,d1_sodium_max,142.0,126.08276,-15.917236,-0.4547782
60,d1_sodium_min,142.0,139.70633,-2.2936707,-0.063713074
60,d1_wbc_max,15.0,7.1382904,-7.8617096,-0.17517178
60,d1_wbc_min,15.0,18.63488,3.63488,0.09087652
60,apache_4a_hospital_death_prob,0.04,0.5835959,0.54359585,0.27454334
60,apache_4a_icu_death_prob,0.02,-0.56004524,-0.5800452,-0.2944392
60,aids,0.0,-0.42205036,-0.42205036,-0.42205036
60,cirrhosis,0.0,0.37426114,0.37426114,0.37426114
60,diabetes_mellitus,0.0,0.053952713,0.053952713,0.053952713
60,hepatic_failure,0.0,0.42310345,0.42310345,0.42310345
60,immunosuppression,0.0,0.02820151,0.02820151,0.02820151
60,leukemia,0.0,-0.41345656,-0.41345656,-0.41345656
60,lymphoma,0.0,0.30524617,0.30524617,0.30524617
60,solid_tumor_with_metastasis,0.0,0.17346135,0.17346135,0.17346135
60,apache_3j_bodysystem,1.0,3.3694425,2.3694425,0.23694424
60,apache_2_bodysystem,1.0,-0.8005601,-1.8005601,-0.20006223
60,apache_3j_diagnosis_split0,5.0,-40.113716,-45.113716,-0.4101247
61,age,58.0,40.68641,-17.313591,-0.23717248
61,bmi,40.433357,27.966436,-12.466921,-0.23535788
61,elective_surgery,0.0,0.16900747,0.16900747,0.16900747
61,ethnicity,1.0,-1.2067461,-2.206746,-0.36779103
61,gender,1.0,0.4984448,-0.5015552,-0.2507776
61,height,157.5,176.49025,18.99025,0.3252312
61,hospital_admit_source,5.0,3.4997938,-1.5002062,-0.10001376
61,icu_admit_source,2.0,4.014788,2.0147882,0.40295762
61,icu_stay_type,1.0,0.7577466,-0.24225342,-0.12112671
61,icu_type,6.0,4.149542,-1.8504581,-0.2643512
61,pre_icu_los_days,2.0305555,-20.347195,-22.37775,-0.33276495
61,readmission_status,0.0,0.0,0.0,0.0
61,weight,100.3,58.51675,-41.783253,-0.28346848
61,apache_2_diagnosis,106.0,186.78452,80.784515,0.39026338
61,apache_3j_diagnosis,212.01,-77.052345,-289.06235,-0.13764611
61,apache_post_operative,0.0,-0.04542156,-0.04542156,-0.04542156
61,arf_apache,0.0,-0.12803198,-0.12803198,-0.12803198
61,bun_apache,12.0,70.424995,58.424995,0.47499996
61,creatinine_apache,1.14,0.087559104,-1.0524409,-0.0967317
61,gcs_eyes_apache,4.0,2.8925788,-1.1074212,-0.3691404
61,gcs_motor_apache,6.0,3.8747175,-2.1252825,-0.42505652
61,gcs_unable_apache,0.0,0.0,0.0,0.0
61,gcs_verbal_apache,5.0,5.053977,0.053977013,0.013494253
61,glucose_apache,358.0,440.1106,82.110596,0.14670461
61,heart_rate_apache,94.0,164.3,70.3,0.475
61,hematocrit_apache,34.1,49.190018,15.090019,0.4286937
61,intubated_apache,0.0,0.17006545,0.17006545,0.17006545
61,map_apache,159.0,202.18051,43.18051,0.26987827
61,resprate_apache,58.0,80.02243,22.02243,0.39325762
61,sodium_apache,148.0,150.70914,2.709137,0.06607652
61,temp_apache,36.9,37.760487,0.8604851,0.113221765
61,ventilated_apache,1.0,0.9018473,-0.0981527,-0.0981527
61,wbc_apache,25.2,11.06477,-14.135231,-0.31481582
61,d1_diasbp_max,101.0,115.74866,14.748657,0.12393829
61,d1_diasbp_min,40.0,49.82234,9.822338,0.12756282
61,d1_diasbp_noninvasive_max,101.0,157.525,56.524994,0.47499993
61,d1_diasbp_noninvasive_min,40.0,47.75651,7.7565117,0.100733906
61,d1_heartrate_max,94.0,148.95178,54.951782,0.46177968
61,d1_heartrate_min,66.0,-1.1713679,-67.17137,-0.46972984
61,d1_mbp_max,136.0,180.6943,44.694305,0.36043793
61,d1_mbp_min,46.0,26.260368,-19.739632,-0.21932925
61,d1_mbp_noninvasive_max,136.0,119.967766,-16.032234,-0.13249785
61,d1_mbp_noninvasive_min,46.0,8.663624,-37.336376,-0.41484863
61,d1_resprate_max,58.0,45.939743,-12.060257,-0.15461871
61,d1_resprate_min,17.0,43.02788,26.027882,0.36149836
61,d1_spo2_max,100.0,140.55035,40.550354,0.46609604
61,d1_spo2_min,66.0,55.021484,-10.978516,-0.1097852
61,d1_sysbp_max,175.0,186.23456,11.234558,0.07911658
61,d1_sysbp_min,63.0,25.58913,-37.41087,-0.31437707
61,d1_sysbp_noninvasive_max,175.0,183.84407,8.84407,0.062282145
61,d1_sysbp_noninvasive_min,63.0,34.67762,-28.32238,-0.2380632
61,d1_temp_max,38.2,36.345924,-1.8540764,-0.3862659
61,d1_temp_min,36.9,35.070396,-1.8296051,-0.3095255
61,h1_diasbp_max,101.0,150.24368,49.243683,0.464563
61,h1_diasbp_min,63.0,73.24399,10.243988,0.11257127
61,h1_diasbp_noninvasive_max,101.0,147.74731,46.747314,0.43689084
61,h1_diasbp_noninvasive_min,63.0,69.49815,6.4981537,0.0706321
61,h1_heartrate_max,86.0,87.769714,1.7697144,0.014997572
61,h1_heartrate_min,78.0,96.03795,18.037949,0.16701806
61,h1_mbp_max,136.0,121.159584,-14.840416,-0.12793463
61,h1_mbp_min,88.0,114.655334,26.655334,0.25146544
61,h1_mbp_noninvasive_max,136.0,144.7839,8.783905,0.07705182
61,h1_mbp_noninvasive_min,88.0,110.93959,22.93959,0.21641123
61,h1_resprate_max,42.0,65.00224,23.002243,0.4694335
61,h1_resprate_min,24.0,67.32931,43.329308,0.3671975
61,h1_spo2_max,94.0,61.652668,-32.347332,-0.35941482
61,h1_spo2_min,88.0,105.89204,17.892036,0.17892039
61,h1_sysbp_max,175.0,144.73428,-30.265717,-0.20449811
61,h1_sysbp_min,131.0,173.65019,42.650192,0.30248362
61,h1_sysbp_noninvasive_max,175.0,163.08823,-11.911774,-0.08048499
61,h1_sysbp_noninvasive_min,131.0,197.3237,66.3237,0.4670683
61,h1_temp_max,36.9,34.157207,-2.742794,-0.4496384
61,h1_temp_min,36.9,36.606705,-0.2932968,-0.045827627
61,d1_bun_max,12.0,69.95,57.949997,0.47499996
61,d1_bun_min,12.0,12.056588,0.056588173,0.000514023
61,d1_calcium_max,8.3,8.295867,-0.0041332245,-0.00089854
61,d1_calcium_min,8.3,9.611559,1.3115587,0.27324134
61,d1_creatinine_max,1.14,0.40618533,-0.73381466,-0.06813506
61,d1_creatinine_min,1.14,5.638581,4.498581,0.4667594
61,d1_glucose_max,369.0,565.1309,196.13092,0.36455566
61,d1_glucose_min,268.0,349.774,81.77399,0.3206823
61,d1_hco3_max,26.0,36.665176,10.665176,0.38089913
61,d1_hco3_min,26.0,11.289844,-14.710156,-0.4596924
61,d1_hemaglobin_max,11.2,13.398798,2.1987982,0.21142289
61,d1_hemaglobin_min,11.2,9.885685,-1.3143148,-0.11529079
61,d1_hematocrit_max,34.1,25.221682,-8.878317,-0.28547642
61,d1_hematocrit_min,34.1,25.037512,-9.062487,-0.26733
61,d1_platelets_max,342.0,607.05,265.05,0.47499996
61,d1_platelets_min,342.0,127.04442,-214.95558,-0.39887843
61,d1_potassium_max,4.5,6.495,1.9949999,0.475
61,d1_potassium_min,4.5,4.4156394,-0.0843606,-0.024811924
61,d1_sodium_max,148.0,164.625,16.625,0.47500002
61,d1_sodium_min,148.0,132.95735,-15.042648,-0.41785133
61,d1_wbc_max,25.2,36.87351,11.673508,0.2601049
61,d1_wbc_min,25.2,36.176838,10.976837,0.27443457
61,apache_4a_hospital_death_prob,0.25,1.0929174,0.84291744,0.42571586
61,apache_4a_icu_death_prob,0.14,0.9410651,0.8010651,0.40663207
61,aids,0.0,0.009779301,0.009779301,0.009779301
61,cirrhosis,0.0,-0.0128773665,-0.0128773665,-0.0128773665
61,diabetes_mellitus,1.0,1.2057261,0.20572615,0.20572615
61,hepatic_failure,0.0,-0.08859086,-0.08859086,-0.08859086
61,immunosuppression,1.0,1.4739767,0.47397673,0.47397673
61,leukemia,0.0,0.37223297,0.37223297,0.37223297
61,lymphoma,0.0,0.27325666,0.27325666,0.27325666
61,solid_tumor_with_metastasis,0.0,0.16386162,0.16386162,0.16386162
61,apache_3j_bodysystem,9.0,13.694336,4.694336,0.4694336
61,apache_2_bodysystem,7.0,6.6037383,-0.3962617,-0.044029117
61,apache_3j_diagnosis_split0,73.0,45.19477,-27.80523,-0.2527748
62,age,60.0,87.081375,27.081375,0.3709777
62,bmi,21.75543,32.112873,10.357443,0.19553393
62,elective_surgery,0.0,0.17478958,0.17478958,0.17478958
62,ethnicity,3.0,4.3020706,1.3020706,0.21701178
62,gender,1.0,1.5795923,0.57959235,0.28979617
62,height,154.9,182.63524,27.735245,0.47499993
62,hospital_admit_source,4.0,11.045702,7.045702,0.46971345
62,icu_admit_source,1.0,-0.20660484,-1.2066048,-0.24132097
62,icu_stay_type,1.0,0.050000012,-0.95,-0.475
62,icu_type,6.0,2.8660085,-3.1339915,-0.44771308
62,pre_icu_los_days,0.006944444,-23.558308,-23.565252,-0.3504235
62,readmission_status,0.0,0.0,0.0,0.0
62,weight,52.2,51.88252,-0.317482,-0.002153881
62,apache_2_diagnosis,113.0,55.209557,-57.790443,-0.27918088
62,apache_3j_diagnosis,501.05,-124.63415,-625.68414,-0.29793915
62,apache_post_operative,0.0,-0.14029506,-0.14029506,-0.14029506
62,arf_apache,0.0,-0.24971086,-0.24971086,-0.24971086
62,bun_apache,17.0,70.64672,53.64672,0.43615216
62,creatinine_apache,0.84,-3.6845236,-4.5245237,-0.41585693
62,gcs_eyes_apache,4.0,2.8189902,-1.1810098,-0.3936699
62,gcs_motor_apache,5.0,4.553488,-0.44651222,-0.08930248
62,gcs_unable_apache,0.0,0.0,0.0,0.0
62,gcs_verbal_apache,4.0,2.1922994,-1.8077006,-0.45192516
62,glucose_apache,176.0,176.85074,0.8507385,0.001519993
62,heart_rate_apache,54.0,109.56204,55.562042,0.37541923
62,hematocrit_apache,39.0,44.371323,5.3713226,0.15259439
62,intubated_apache,1.0,0.5349209,-0.46507913,-0.46507913
62,map_apache,58.0,130.12581,72.12581,0.4507863
62,resprate_apache,30.0,8.864543,-21.135456,-0.37741888
62,sodium_apache,143.0,132.07959,-10.92041,-0.26635146
62,temp_apache,36.4,39.444176,3.0441742,0.40054923
62,ventilated_apache,1.0,0.82612425,-0.17387575,-0.17387575
62,wbc_apache,10.4,19.462664,9.062664,0.20184106
62,d1_diasbp_max,86.0,99.10678,13.106781,0.11014101
62,d1_diasbp_min,56.0,87.26918,31.26918,0.40609324
62,d1_diasbp_noninvasive_max,86.0,134.78082,48.780823,0.40992287
62,d1_diasbp_noninvasive_min,56.0,23.770084,-32.229916,-0.41857034
62,d1_heartrate_max,74.0,128.7034,54.7034,0.45969242
62,d1_heartrate_min,54.0,56.893295,2.8932953,0.020232856
62,d1_mbp_max,104.0,79.099754,-24.900246,-0.20080842
62,d1_mbp_min,63.0,29.237038,-33.762962,-0.37514403
62,d1_mbp_noninvasive_max,104.0,161.475,57.475006,0.47500002
62,d1_mbp_noninvasive_min,63.0,23.158747,-39.841255,-0.4426806
62,d1_resprate_max,28.0,45.850216,17.850216,0.22884892
62,d1_resprate_min,28.0,18.87213,-9.127871,-0.12677598
62,d1_spo2_max,100.0,80.81171,-19.188293,-0.22055513
62,d1_spo2_min,94.0,89.22967,-4.7703323,-0.047703326
62,d1_sysbp_max,155.0,155.9143,0.91430664,0.0064387918
62,d1_sysbp_min,85.0,49.103195,-35.896805,-0.30165383
62,d1_sysbp_noninvasive_max,155.0,222.33665,67.336655,0.47420177
62,d1_sysbp_noninvasive_min,85.0,49.497265,-35.502735,-0.29841754
62,d1_temp_max,37.6,38.993107,1.3931084,0.29023087
62,d1_temp_min,36.4,37.712532,1.3125305,0.22204882
62,h1_diasbp_max,86.0,41.04855,-44.95145,-0.4240703
62,h1_diasbp_min,75.0,108.39596,33.395958,0.36698854
62,h1_diasbp_noninvasive_max,86.0,42.921906,-43.078094,-0.402599
62,h1_diasbp_noninvasive_min,75.0,35.7244,-39.2756,-0.42690867
62,h1_heartrate_max,72.0,45.55309,-26.44691,-0.22412637
62,h1_heartrate_min,64.0,53.68701,-10.312988,-0.09549062
62,h1_mbp_max,104.0,50.1196,-53.8804,-0.4644862
62,h1_mbp_min,104.0,103.88988,-0.11012268,-0.001038909
62,h1_mbp_noninvasive_max,104.0,51.056175,-52.943825,-0.4644195
62,h1_mbp_noninvasive_min,104.0,104.45001,0.4500122,0.0042454004
62,h1_resprate_max,24.0,23.26036,-0.7396393,-0.0150946975
62,h1_resprate_min,24.0,66.45716,42.45716,0.35980648
62,h1_spo2_max,100.0,71.59543,-28.404572,-0.31560636
62,h1_spo2_min,98.0,111.24172,13.241722,0.1324172
62,h1_sysbp_max,155.0,174.38278,19.382782,0.13096476
62,h1_sysbp_min,134.0,168.9707,34.970703,0.24801916
62,h1_sysbp_noninvasive_max,155.0,188.9714,33.971405,0.22953653
62,h1_sysbp_noninvasive_min,134.0,78.93378,-55.066223,-0.3877903
62,h1_temp_max,37.2,35.855583,-1.3444176,-0.22039637
62,h1_temp_min,36.5,35.842003,-0.65799713,-0.10281205
62,d1_bun_max,17.0,44.579075,27.579075,0.226058
62,d1_bun_min,17.0,-28.358597,-45.358597,-0.4120138
62,d1_calcium_max,8.0,7.5582647,-0.44173527,-0.0960294
62,d1_calcium_min,8.0,6.589328,-1.4106722,-0.29389003
62,d1_creatinine_max,0.84,5.940763,5.100763,0.4736084
62,d1_creatinine_min,0.84,1.5712888,0.73128885,0.07587637
62,d1_glucose_max,176.0,425.83188,249.83188,0.4643715
62,d1_glucose_min,117.0,165.5526,48.552597,0.19040236
62,d1_hco3_max,30.0,39.143494,9.143494,0.32655334
62,d1_hco3_min,30.0,15.436752,-14.563248,-0.4551015
62,d1_hemaglobin_max,12.3,17.080803,4.7808027,0.4596926
62,d1_hemaglobin_min,12.3,10.648285,-1.6517153,-0.14488733
62,d1_hematocrit_max,39.0,50.04323,11.043228,0.3550877
62,d1_hematocrit_min,39.0,39.02044,0.020439148,0.000602901
62,d1_platelets_max,191.0,36.39892,-154.60107,-0.27706286
62,d1_platelets_min,191.0,206.22388,15.223877,0.02824992
62,d1_potassium_max,4.0,3.8391523,-0.16084766,-0.038297057
62,d1_potassium_min,4.0,4.5878816,0.58788157,0.17290634
62,d1_sodium_max,143.0,130.14699,-12.853012,-0.36722893
62,d1_sodium_min,143.0,126.223114,-16.776886,-0.4660246
62,d1_wbc_max,10.4,7.613001,-2.7869987,-0.06209889
62,d1_wbc_min,10.4,-6.655745,-17.055744,-0.42641494
62,apache_4a_hospital_death_prob,0.2,-0.40829563,-0.6082956,-0.30722004
62,apache_4a_icu_death_prob,0.12,0.6716851,0.5516851,0.28004318
62,aids,0.0,-0.30081582,-0.30081582,-0.30081582
62,cirrhosis,0.0,-0.12129964,-0.12129964,-0.12129964
62,diabetes_mellitus,0.0,-0.037892386,-0.037892386,-0.037892386
62,hepatic_failure,0.0,-0.014766596,-0.014766596,-0.014766596
62,immunosuppression,0.0,-0.00513966,-0.00513966,-0.00513966
62,leukemia,0.0,-0.40505177,-0.40505177,-0.40505177
62,lymphoma,0.0,-0.40387762,-0.40387762,-0.40387762
62,solid_tumor_with_metastasis,1.0,0.5277832,-0.47221678,-0.47221678
62,apache_3j_bodysystem,10.0,11.390785,1.3907852,0.1390785
62,apache_2_bodysystem,1.0,-3.2249022,-4.224902,-0.46943358
62,apache_3j_diagnosis_split0,97.0,102.009415,5.0094147,0.045540094
63,age,88.0,93.56363,5.563629,0.076214135
63,bmi,29.619335,6.407654,-23.211681,-0.43820378
63,elective_surgery,0.0,0.07987669,0.07987669,0.07987669
63,ethnicity,1.0,3.2399917,2.2399917,0.37333193
63,gender,2.0,2.2855296,0.2855296,0.1427648
63,height,167.6,195.03055,27.430542,0.46978152
63,hospital_admit_source,5.0,0.32441813,-4.675582,-0.31170547
63,icu_admit_source,2.0,4.18783,2.18783,0.43756598
63,icu_stay_type,1.0,1.9499999,0.9499999,0.47499996
63,icu_type,3.0,6.1192236,3.1192236,0.44560334
63,pre_icu_los_days,10.963889,40.07774,29.11385,0.4329331
63,readmission_status,0.0,0.0,0.0,0.0
63,weight,83.2,31.555502,-51.644493,-0.35036972
63,apache_2_diagnosis,302.0,206.28749,-95.71251,-0.46237928
63,apache_3j_diagnosis,109.11,-415.07825,-524.18823,-0.2496087
63,apache_post_operative,0.0,-0.053745884,-0.053745884,-0.053745884
63,arf_apache,0.0,-0.24871491,-0.24871491,-0.24871491
63,bun_apache,83.0,133.36087,50.36087,0.409438
63,creatinine_apache,3.68,2.0731692,-1.6068308,-0.14768665
63,gcs_eyes_apache,4.0,2.7687113,-1.2312887,-0.41042954
63,gcs_motor_apache,6.0,8.240196,2.2401962,0.4480393
63,gcs_unable_apache,0.0,0.0,0.0,0.0
63,gcs_verbal_apache,5.0,5.895479,0.8954792,0.2238698
63,glucose_apache,97.0,-150.96031,-247.96031,-0.4430236
63,heart_rate_apache,52.0,-11.145325,-63.145325,-0.4266576
63,hematocrit_apache,25.0,19.25234,-5.7476597,-0.16328578
63,intubated_apache,0.0,-0.2159108,-0.2159108,-0.2159108
63,map_apache,64.0,128.45616,64.45616,0.40285102
63,resprate_apache,30.0,16.10368,-13.89632,-0.24814856
63,sodium_apache,136.0,154.30536,18.305359,0.44647214
63,temp_apache,36.1,32.574608,-3.5253906,-0.46386722
63,ventilated_apache,0.0,0.38723105,0.38723105,0.38723105
63,wbc_apache,6.8,-1.6656638,-8.465664,-0.18854485
63,d1_diasbp_max,68.0,20.930456,-47.069542,-0.39554238
63,d1_diasbp_min,41.0,75.37836,34.378357,0.44647217
63,d1_diasbp_noninvasive_max,68.0,19.506626,-48.493374,-0.40750736
63,d1_diasbp_noninvasive_min,41.0,71.844666,30.844666,0.40058005
63,d1_heartrate_max,79.0,46.777615,-32.222385,-0.27077636
63,d1_heartrate_min,58.0,54.63915,-3.3608513,-0.023502469
63,d1_mbp_max,108.0,59.299797,-48.700203,-0.39274356
63,d1_mbp_min,61.0,95.03816,34.038162,0.37820178
63,d1_mbp_noninvasive_max,108.0,56.406853,-51.593147,-0.42638963
63,d1_mbp_noninvasive_min,61.0,60.75201,-0.24798965,-0.0027554333
63,d1_resprate_max,24.0,-11.665844,-35.665844,-0.4572544
63,d1_resprate_min,11.0,-7.155876,-18.155876,-0.25216496
63,d1_spo2_max,100.0,85.59036,-14.409637,-0.16562802
63,d1_spo2_min,98.0,57.077377,-40.922623,-0.40922624
63,d1_sysbp_max,156.0,89.8221,-66.1779,-0.46604156
63,d1_sysbp_min,92.0,95.92735,3.927353,0.033002973
63,d1_sysbp_noninvasive_max,156.0,158.02466,2.0246582,0.014258146
63,d1_sysbp_noninvasive_min,92.0,54.477768,-37.522232,-0.31539237
63,d1_temp_max,37.0,34.72,-2.2799988,-0.47499973
63,d1_temp_min,36.1,38.87482,2.7748222,0.46943372
63,h1_diasbp_max,55.0,11.95483,-43.04517,-0.4060865
63,h1_diasbp_min,49.0,62.417583,13.417583,0.14744595
63,h1_diasbp_noninvasive_max,55.0,5.7282066,-49.271793,-0.46048406
63,h1_diasbp_noninvasive_min,49.0,25.219135,-23.780865,-0.25848764
63,h1_heartrate_max,79.0,39.764885,-39.235115,-0.332501
63,h1_heartrate_min,74.0,71.39544,-2.6045609,-0.024116307
63,h1_mbp_max,88.0,142.03915,54.039154,0.4658548
63,h1_mbp_min,71.0,34.530575,-36.469425,-0.34405118
63,h1_mbp_noninvasive_max,88.0,116.97613,28.976128,0.25417656
63,h1_mbp_noninvasive_min,71.0,95.2812,24.281197,0.22906789
63,h1_resprate_max,20.0,-3.2749996,-23.275,-0.47500002
63,h1_resprate_min,14.0,65.17825,51.178253,0.43371403
63,h1_spo2_max,100.0,113.18124,13.181236,0.14645815
63,h1_spo2_min,99.0,120.50777,21.507767,0.21507764
63,h1_sysbp_max,102.0,85.82742,-16.172577,-0.109274164
63,h1_sysbp_min,92.0,37.822777,-54.177223,-0.38423562
63,h1_sysbp_noninvasive_max,102.0,126.35452,24.354523,0.16455759
63,h1_sysbp_noninvasive_min,92.0,37.96426,-54.03574,-0.3805334
63,h1_temp_max,36.5,38.946968,2.446968,0.4011423
63,h1_temp_min,36.5,35.72907,-0.77093124,-0.12045801
63,d1_bun_max,83.0,103.55504,20.555038,0.16848391
63,d1_bun_min,83.0,91.49283,8.492828,0.077144444
63,d1_calcium_max,9.6,11.496497,1.8964968,0.41228193
63,d1_calcium_min,9.6,11.000167,1.4001665,0.29170138
63,d1_creatinine_max,3.68,6.6308465,2.9508464,0.2739876
63,d1_creatinine_min,3.68,7.902351,4.222351,0.43809858
63,d1_glucose_max,106.0,-38.41838,-144.41838,-0.26843566
63,d1_glucose_min,97.0,162.85063,65.85063,0.25823775
63,d1_hco3_max,29.0,32.953716,3.9537163,0.14120412
63,d1_hco3_min,29.0,33.376038,4.3760376,0.13675117
63,d1_hemaglobin_max,8.2,7.0125904,-1.1874094,-0.11417398
63,d1_hemaglobin_min,8.2,9.144667,0.94466686,0.08286551
63,d1_hematocrit_max,25.2,19.274366,-5.9256344,-0.19053487
63,d1_hematocrit_min,25.0,20.571875,-4.4281254,-0.13062316
63,d1_platelets_max,179.0,12.773727,-166.22627,-0.29789653
63,d1_platelets_min,179.0,130.20464,-48.795364,-0.09054622
63,d1_potassium_max,3.5,1.5429909,-1.9570091,-0.46595457
63,d1_potassium_min,3.1,3.9107714,0.81077147,0.2384622
63,d1_sodium_max,136.0,120.25171,-15.748291,-0.44995117
63,d1_sodium_min,136.0,123.29738,-12.702621,-0.35285062
63,d1_wbc_max,6.8,-11.330621,-18.130621,-0.40397996
63,d1_wbc_min,6.8,-3.8465686,-10.646568,-0.26617754
63,apache_4a_hospital_death_prob,0.15,-0.7797425,-0.92974246,-0.46956688
63,apache_4a_icu_death_prob,0.04,-0.15236032,-0.19236031,-0.097644806
63,aids,0.0,-0.017880246,-0.017880246,-0.017880246
63,cirrhosis,0.0,-0.27097285,-0.27097285,-0.27097285
63,diabetes_mellitus,0.0,0.03875492,0.03875492,0.03875492
63,hepatic_failure,0.0,0.4496382,0.4496382,0.4496382
63,immunosuppression,0.0,-0.24079908,-0.24079908,-0.24079908
63,leukemia,0.0,0.12739323,0.12739323,0.12739323
63,lymphoma,0.0,0.15299122,0.15299122,0.15299122
63,solid_tumor_with_metastasis,0.0,0.40616477,0.40616477,0.40616477
63,apache_3j_bodysystem,1.0,2.4283438,1.4283438,0.14283438
63,apache_2_bodysystem,1.0,-3.2249022,-4.224902,-0.46943358
63,apache_3j_diagnosis_split0,10.0,9.844798,-0.15520191,-0.0014109239
64,age,29.0,-5.4718227,-34.471825,-0.47221676
64,bmi,22.78373,33.65909,10.875359,0.20531145
64,elective_surgery,0.0,0.14083458,0.14083458,0.14083458
64,ethnicity,1.0,-0.39073372,-1.3907337,-0.23178895
64,gender,2.0,2.7722607,0.77226067,0.38613033
64,height,170.2,189.92003,19.720032,0.33772957
64,hospital_admit_source,4.0,-3.1249995,-7.1249995,-0.47499996
64,icu_admit_source,1.0,-1.1448407,-2.1448407,-0.42896813
64,icu_stay_type,1.0,1.922864,0.92286396,0.46143198
64,icu_type,6.0,2.7480586,-3.2519414,-0.46456307
64,pre_icu_los_days,0.002777778,3.4887064,3.4859285,0.051836975
64,readmission_status,0.0,0.0,0.0,0.0
64,weight,66.0,-3.8611603,-69.86116,-0.47395635
64,apache_2_diagnosis,101.0,128.14424,27.144241,0.1311316
64,apache_3j_diagnosis,209.01,-66.72376,-275.73376,-0.13129929
64,apache_post_operative,0.0,0.27189213,0.27189213,0.27189213
64,arf_apache,0.0,0.31117278,0.31117278,0.31117278
64,bun_apache,11.0,51.660534,40.660534,0.33057344
64,creatinine_apache,0.9,2.1825278,1.2825278,0.117879406
64,gcs_eyes_apache,4.0,3.525787,-0.47421288,-0.15807098
64,gcs_motor_apache,6.0,8.348528,2.348528,0.46970558
64,gcs_unable_apache,0.0,0.0,0.0,0.0
64,gcs_verbal_apache,5.0,4.4721203,-0.5278797,-0.13196993
64,glucose_apache,208.0,216.0,8.0,0.014293373
64,heart_rate_apache,122.0,79.39011,-42.609894,-0.28790468
64,hematocrit_apache,38.7,21.98,-16.720001,-0.475
64,intubated_apache,0.0,0.16796206,0.16796206,0.16796206
64,map_apache,70.0,115.295296,45.295296,0.2830956
64,resprate_apache,60.0,34.774906,-25.225094,-0.4504481
64,sodium_apache,136.0,127.73816,-8.261841,-0.20150831
64,temp_apache,36.3,36.598965,0.29896545,0.039337575
64,ventilated_apache,0.0,0.40014362,0.40014362,0.40014362
64,wbc_apache,16.9,3.9096708,-12.990329,-0.2893169
64,d1_diasbp_max,91.0,68.073975,-22.926025,-0.19265568
64,d1_diasbp_min,54.0,82.42483,28.424828,0.36915362
64,d1_diasbp_noninvasive_max,91.0,49.49905,-41.50095,-0.3487475
64,d1_diasbp_noninvasive_min,54.0,50.780823,-3.2191772,-0.041807503
64,d1_heartrate_max,120.0,147.26132,27.261322,0.2290867
64,d1_heartrate_min,68.0,91.28248,23.282478,0.1628145
64,d1_mbp_max,106.0,71.19026,-34.80974,-0.2807237
64,d1_mbp_min,70.0,93.9818,23.981796,0.26646435
64,d1_mbp_noninvasive_max,106.0,61.12073,-44.87927,-0.37090304
64,d1_mbp_noninvasive_min,70.0,27.984186,-42.015816,-0.4668424
64,d1_resprate_max,92.0,122.5129,30.512901,0.391191
64,d1_resprate_min,16.0,13.677711,-2.3222895,-0.032254025
64,d1_spo2_max,97.0,65.14428,-31.85572,-0.3661577
64,d1_spo2_min,90.0,125.24469,35.24469,0.3524469
64,d1_sysbp_max,150.0,135.18498,-14.815018,-0.104331106
64,d1_sysbp_min,100.0,144.33548,44.33548,0.37256703
64,d1_sysbp_noninvasive_max,150.0,95.009476,-54.990524,-0.38725722
64,d1_sysbp_noninvasive_min,100.0,107.49781,7.4978104,0.0630227
64,d1_temp_max,36.8,38.73754,1.937542,0.40365458
64,d1_temp_min,36.3,34.955055,-1.344944,-0.22753239
64,h1_diasbp_max,79.0,57.40509,-21.59491,-0.20372555
64,h1_diasbp_min,63.0,79.34975,16.349747,0.17966756
64,h1_diasbp_noninvasive_max,79.0,46.505646,-32.494354,-0.30368558
64,h1_diasbp_noninvasive_min,63.0,86.56302,23.563019,0.25611973
64,h1_heartrate_max,106.0,72.13527,-33.86473,-0.28698927
64,h1_heartrate_min,78.0,107.18752,29.187523,0.27025485
64,h1_mbp_max,95.0,69.83031,-25.169693,-0.21698011
64,h1_mbp_min,95.0,61.13209,-33.86791,-0.31950855
64,h1_mbp_noninvasive_max,95.0,62.787964,-32.212036,-0.28256172
64,h1_mbp_noninvasive_min,95.0,134.13,39.130005,0.369151
64,h1_resprate_max,59.0,42.488068,-16.511932,-0.3369782
64,h1_resprate_min,20.0,38.3435,18.343498,0.15545338
64,h1_spo2_max,97.0,85.17639,-11.823608,-0.1313734
64,h1_spo2_min,96.0,142.94336,46.94336,0.4694336
64,h1_sysbp_max,131.0,78.323586,-52.676414,-0.35592175
64,h1_sysbp_min,113.0,163.69238,50.692383,0.35952044
64,h1_sysbp_noninvasive_max,131.0,73.84227,-57.15773,-0.3862009
64,h1_sysbp_noninvasive_min,113.0,56.83904,-56.16096,-0.39549974
64,h1_temp_max,36.3,37.261597,0.96159744,0.15763894
64,h1_temp_min,36.3,36.68976,0.38975906,0.060899854
64,d1_bun_max,11.0,53.17962,42.17962,0.3457346
64,d1_bun_min,11.0,23.865208,12.865208,0.11686082
64,d1_calcium_max,9.6,7.686501,-1.9134994,-0.4159781
64,d1_calcium_min,9.6,11.829172,2.2291718,0.46441084
64,d1_creatinine_max,0.9,2.2165532,1.3165532,0.122242644
64,d1_creatinine_min,0.9,2.9579582,2.0579581,0.21352765
64,d1_glucose_max,208.0,49.497093,-158.5029,-0.29461506
64,d1_glucose_min,172.0,272.74414,100.74414,0.39507502
64,d1_hco3_max,28.0,36.787804,8.787804,0.3138501
64,d1_hco3_min,28.0,21.279491,-6.7205086,-0.2100159
64,d1_hemaglobin_max,13.5,13.438854,-0.061145782,-0.005879402
64,d1_hemaglobin_min,13.5,16.900257,3.400257,0.2982682
64,d1_hematocrit_max,38.7,24.972687,-13.727314,-0.44139272
64,d1_hematocrit_min,38.7,51.01052,12.31052,0.36314225
64,d1_platelets_max,248.0,10.634485,-237.36551,-0.42538622
64,d1_platelets_min,248.0,247.91132,-0.08868408,-0.00016456842
64,d1_potassium_max,4.6,2.787299,-1.812701,-0.43159547
64,d1_potassium_min,4.6,5.6110926,1.0110927,0.2973802
64,d1_sodium_max,136.0,121.20624,-14.793762,-0.42267892
64,d1_sodium_min,136.0,149.25986,13.259857,0.36832935
64,d1_wbc_max,16.9,18.661486,1.761486,0.039248765
64,d1_wbc_min,16.9,31.432562,14.532562,0.3633322
64,apache_4a_hospital_death_prob,0.02,0.3575033,0.33750328,0.17045623
64,apache_4a_icu_death_prob,0.01,0.11015499,0.10015499,0.05084008
64,aids,0.0,0.07825692,0.07825692,0.07825692
64,cirrhosis,0.0,-0.33994728,-0.33994728,-0.33994728
64,diabetes_mellitus,0.0,0.44011426,0.44011426,0.44011426
64,hepatic_failure,0.0,-0.11791848,-0.11791848,-0.11791848
64,immunosuppression,0.0,0.393762,0.393762,0.393762
64,leukemia,0.0,0.107482955,0.107482955,0.107482955
64,lymphoma,0.0,0.19046457,0.19046457,0.19046457
64,solid_tumor_with_metastasis,0.0,0.47499996,0.47499996,0.47499996
64,apache_3j_bodysystem,9.0,12.166549,3.1665487,0.31665486
64,apache_2_bodysystem,7.0,4.3698196,-2.6301804,-0.2922423
64,apache_3j_diagnosis_split0,69.0,121.25001,52.250008,0.47500002
65,age,84.0,109.035515,25.035515,0.34295225
65,bmi,30.51639,22.578964,-7.9374256,-0.14984737
65,elective_surgery,0.0,0.40695667,0.40695667,0.40695667
65,ethnicity,3.0,3.302328,0.3023281,0.05038801
65,gender,2.0,2.7224035,0.7224035,0.36120176
65,height,170.2,145.69572,-24.504272,-0.41966558
65,hospital_admit_source,5.0,5.269062,0.26906204,0.017937452
65,icu_admit_source,2.0,2.2861247,0.2861247,0.057224944
65,icu_stay_type,1.0,0.052188396,-0.9478116,-0.4739058
65,icu_type,1.0,0.75395644,-0.24604356,-0.03514908
65,pre_icu_los_days,0.002777778,-4.5684533,-4.571231,-0.067975804
65,readmission_status,0.0,0.0,0.0,0.0
65,weight,88.4,72.88829,-15.511711,-0.10523549
65,apache_2_diagnosis,110.0,127.11007,17.11007,0.08265734
65,apache_3j_diagnosis,104.01,-237.25366,-341.26367,-0.1625034
65,apache_post_operative,0.0,0.41031379,0.41031379,0.41031379
65,arf_apache,0.0,0.46624386,0.46624386,0.46624386
65,bun_apache,34.0,39.835346,5.835346,0.04744184
65,creatinine_apache,1.55,-2.303695,-3.853695,-0.3541999
65,gcs_eyes_apache,4.0,3.0655572,-0.93444276,-0.31148094
65,gcs_motor_apache,6.0,7.686782,1.6867819,0.33735633
65,gcs_unable_apache,0.0,0.0,0.0,0.0
65,gcs_verbal_apache,5.0,5.559453,0.559453,0.13986325
65,glucose_apache,222.0,395.18323,173.18323,0.30942154
65,heart_rate_apache,46.0,88.72931,42.72931,0.28871155
65,hematocrit_apache,26.3,22.929722,-3.3702774,-0.09574653
65,intubated_apache,0.0,-0.44981694,-0.44981694,-0.44981694
65,map_apache,50.0,52.508533,2.5085335,0.015678331
65,resprate_apache,28.0,40.67159,12.671589,0.2262784
65,sodium_apache,136.0,136.3709,0.3708954,0.009046227
65,temp_apache,35.8,39.196457,3.3964577,0.44690233
65,ventilated_apache,0.0,-0.24318515,-0.24318515,-0.24318515
65,wbc_apache,21.9,30.861979,8.961979,0.19959864
65,d1_diasbp_max,74.0,115.43873,41.43873,0.34822464
65,d1_diasbp_min,41.0,64.23942,23.239418,0.30181062
65,d1_diasbp_noninvasive_max,74.0,17.475,-56.525,-0.475
65,d1_diasbp_noninvasive_min,41.0,17.535307,-23.464693,-0.3047363
65,d1_heartrate_max,94.0,111.78944,17.789436,0.14949104
65,d1_heartrate_min,46.0,97.42735,51.427353,0.35963187
65,d1_mbp_max,97.0,91.87288,-5.127121,-0.041347772
65,d1_mbp_min,50.0,9.814638,-40.185364,-0.44650403
65,d1_mbp_noninvasive_max,97.0,102.04611,5.046112,0.041703403
65,d1_mbp_noninvasive_min,50.0,18.675383,-31.324617,-0.3480513
65,d1_resprate_max,28.0,57.730385,29.730385,0.38115877
65,d1_resprate_min,20.0,23.9631,3.9631004,0.05504304
65,d1_spo2_max,100.0,82.49596,-17.504044,-0.2011959
65,d1_spo2_min,93.0,134.79094,41.79094,0.41790944
65,d1_sysbp_max,163.0,106.85629,-56.143707,-0.39537823
65,d1_sysbp_min,77.0,91.02848,14.028481,0.117886364
65,d1_sysbp_noninvasive_max,163.0,167.59135,4.5913544,0.032333493
65,d1_sysbp_noninvasive_min,77.0,63.430283,-13.569717,-0.114059985
65,d1_temp_max,36.8,35.245132,-1.5548668,-0.32393056
65,d1_temp_min,35.8,38.49755,2.6975517,0.4563613
65,h1_diasbp_max,74.0,43.462097,-30.537903,-0.28809342
65,h1_diasbp_min,46.0,23.187664,-22.812336,-0.25068504
65,h1_diasbp_noninvasive_max,74.0,104.05384,30.05384,0.28087705
65,h1_diasbp_noninvasive_min,46.0,47.69565,1.6956482,0.018430948
65,h1_heartrate_max,82.0,131.69453,49.694534,0.4211401
65,h1_heartrate_min,80.0,131.3,51.300003,0.47500002
65,h1_mbp_max,97.0,52.735245,-44.264755,-0.38159272
65,h1_mbp_min,55.0,79.66469,24.664688,0.23268573
65,h1_mbp_noninvasive_max,97.0,94.80324,-2.196762,-0.019269854
65,h1_mbp_noninvasive_min,55.0,15.491825,-39.508175,-0.37271863
65,h1_resprate_max,28.0,42.994614,14.994614,0.3060125
65,h1_resprate_min,20.0,10.855349,-9.144651,-0.07749705
65,h1_spo2_max,98.0,61.778778,-36.221222,-0.402458
65,h1_spo2_min,93.0,120.44699,27.446991,0.2744699
65,h1_sysbp_max,163.0,134.744,-28.255997,-0.1909189
65,h1_sysbp_min,79.0,98.38977,19.38977,0.13751611
65,h1_sysbp_noninvasive_max,163.0,92.7,-70.3,-0.47500002
65,h1_sysbp_noninvasive_min,79.0,104.52237,25.52237,0.179735
65,h1_temp_max,36.5,34.541718,-1.9582825,-0.3210299
65,h1_temp_min,36.4,34.945618,-1.4543839,-0.22724748
65,d1_bun_max,34.0,26.64061,-7.3593903,-0.06032288
65,d1_bun_min,33.0,79.7794,46.779404,0.42491966
65,d1_calcium_max,8.9,7.417696,-1.4823036,-0.32223994
65,d1_calcium_min,8.4,6.335024,-2.0649757,-0.43020326
65,d1_creatinine_max,1.55,4.93767,3.3876703,0.31454688
65,d1_creatinine_min,1.42,-0.12502757,-1.5450275,-0.16030747
65,d1_glucose_max,222.0,60.468338,-161.53166,-0.30024472
65,d1_glucose_min,150.0,161.81621,11.816208,0.04633805
65,d1_hco3_max,31.0,42.428448,11.428448,0.40815884
65,d1_hco3_min,31.0,17.867756,-13.132244,-0.41038263
65,d1_hemaglobin_max,9.3,6.704168,-2.5958323,-0.24959928
65,d1_hemaglobin_min,8.5,9.044794,0.5447941,0.047788948
65,d1_hematocrit_max,28.3,18.36717,-9.932829,-0.31938356
65,d1_hematocrit_min,26.3,20.177746,-6.1222534,-0.18059742
65,d1_platelets_max,198.0,18.929405,-179.07059,-0.32091504
65,d1_platelets_min,179.0,100.56586,-78.43414,-0.14554489
65,d1_potassium_max,4.3,6.141359,1.8413587,0.43841875
65,d1_potassium_min,3.7,5.180154,1.4801538,0.43533936
65,d1_sodium_max,141.0,153.23656,12.236557,0.34961587
65,d1_sodium_min,136.0,137.03085,1.0308533,0.028634787
65,d1_wbc_max,21.9,15.10439,-6.7956095,-0.15141732
65,d1_wbc_min,14.4,14.5531225,0.1531229,0.0038282573
65,apache_4a_hospital_death_prob,0.13,0.87738574,0.74738574,0.3774675
65,apache_4a_icu_death_prob,0.06,0.2483983,0.1883983,0.095633686
65,aids,0.0,-0.12235314,-0.12235314,-0.12235314
65,cirrhosis,0.0,-0.34427077,-0.34427077,-0.34427077
65,diabetes_mellitus,1.0,0.92477494,-0.075225055,-0.075225055
65,hepatic_failure,0.0,-0.2622046,-0.2622046,-0.2622046
65,immunosuppression,0.0,-0.37420166,-0.37420166,-0.37420166
65,leukemia,0.0,-0.19140868,-0.19140868,-0.19140868
65,lymphoma,0.0,-0.36928314,-0.36928314,-0.36928314
65,solid_tumor_with_metastasis,0.0,0.21433817,0.21433817,0.21433817
65,apache_3j_bodysystem,1.0,2.536799,1.536799,0.15367989
65,apache_2_bodysystem,1.0,4.2046995,3.2046995,0.35607773
65,apache_3j_diagnosis_split0,5.0,11.684797,6.6847973,0.060770888
66,age,41.0,29.098995,-11.901005,-0.16302747
66,bmi,36.470123,33.624134,-2.8459892,-0.053728253
66,elective_surgery,0.0,-0.097024515,-0.097024515,-0.097024515
66,ethnicity,3.0,3.826212,0.8262119,0.13770199
66,gender,2.0,2.2508683,0.25086832,0.12543416
66,height,188.0,206.01102,18.011017,0.3084606
66,hospital_admit_source,16.0,8.875,-7.125,-0.47500002
66,icu_admit_source,1.0,-1.0623538,-2.0623538,-0.41247076
66,icu_stay_type,1.0,1.95,0.95000005,0.47500002
66,icu_type,6.0,2.9626713,-3.0373287,-0.4339041
66,pre_icu_los_days,0.055555556,31.998316,31.94276,0.475
66,readmission_status,0.0,0.0,0.0,0.0
66,weight,128.9,81.90482,-46.99517,-0.3188275
66,apache_2_diagnosis,112.0,175.06674,63.066742,0.30467024
66,apache_3j_diagnosis,107.01,720.35815,613.34814,0.29206496
66,apache_post_operative,0.0,-0.049012497,-0.049012497,-0.049012497
66,arf_apache,0.0,-0.39804363,-0.39804363,-0.39804363
66,bun_apache,12.0,-10.353368,-22.353367,-0.1817347
66,creatinine_apache,0.97,5.188311,4.2183113,0.38771242
66,gcs_eyes_apache,4.0,4.973879,0.97387886,0.32462633
66,gcs_motor_apache,6.0,7.9586563,1.9586563,0.39173126
66,gcs_unable_apache,0.0,0.0,0.0,0.0
66,gcs_verbal_apache,5.0,6.099414,1.0994139,0.27485347
66,glucose_apache,108.0,144.77205,36.77205,0.06569957
66,heart_rate_apache,112.0,148.68571,36.685715,0.2478764
66,hematocrit_apache,41.9,35.843693,-6.0563087,-0.17205423
66,intubated_apache,0.0,-0.41328603,-0.41328603,-0.41328603
66,map_apache,120.0,65.24405,-54.75595,-0.3422247
66,resprate_apache,30.0,37.645145,7.6451454,0.13652048
66,sodium_apache,138.0,118.747635,-19.252365,-0.46956986
66,temp_apache,36.7,39.356873,2.6568718,0.3495884
66,ventilated_apache,0.0,-0.22847196,-0.22847196,-0.22847196
66,wbc_apache,9.6,30.689823,21.089823,0.46970654
66,d1_diasbp_max,93.0,38.296608,-54.703392,-0.45969236
66,d1_diasbp_min,69.0,100.28177,31.281769,0.40625668
66,d1_diasbp_noninvasive_max,93.0,91.10007,-1.8999329,-0.01596582
66,d1_diasbp_noninvasive_min,69.0,66.321785,-2.678215,-0.034782052
66,d1_heartrate_max,109.0,80.874695,-28.125305,-0.23634711
66,d1_heartrate_min,58.0,65.8229,7.822899,0.05470559
66,d1_mbp_max,120.0,149.73961,29.739609,0.23983559
66,d1_mbp_min,84.0,116.31572,32.31572,0.3590635
66,d1_mbp_noninvasive_max,120.0,65.58229,-54.41771,-0.44973314
66,d1_mbp_noninvasive_min,84.0,41.712917,-42.287083,-0.4698565
66,d1_resprate_max,85.0,59.86613,-25.13387,-0.3222291
66,d1_resprate_min,7.0,14.148553,7.148553,0.09928545
66,d1_spo2_max,100.0,102.72939,2.729393,0.03137231
66,d1_spo2_min,95.0,82.66906,-12.33094,-0.123309374
66,d1_sysbp_max,169.0,236.45,67.45,0.47499996
66,d1_sysbp_min,117.0,158.4523,41.4523,0.34833866
66,d1_sysbp_noninvasive_max,169.0,127.22404,-41.775963,-0.2941969
66,d1_sysbp_noninvasive_min,117.0,91.29138,-25.708618,-0.21609327
66,d1_temp_max,37.2,35.50782,-1.6921806,-0.3525376
66,d1_temp_min,36.7,35.985653,-0.71434784,-0.12085056
66,h1_diasbp_max,89.0,123.42624,34.42624,0.32477584
66,h1_diasbp_min,69.0,60.82474,-8.175259,-0.08983803
66,h1_diasbp_noninvasive_max,89.0,117.31326,28.313263,0.2646099
66,h1_diasbp_noninvasive_min,69.0,54.558605,-14.441395,-0.1569717
66,h1_heartrate_max,109.0,110.94015,1.9401474,0.016441941
66,h1_heartrate_min,58.0,45.786,-12.214001,-0.113092594
66,h1_mbp_max,118.0,70.151215,-47.848785,-0.41248953
66,h1_mbp_min,104.0,105.11936,1.1193619,0.010560036
66,h1_mbp_noninvasive_max,118.0,134.04718,16.04718,0.14076471
66,h1_mbp_noninvasive_min,104.0,153.19557,49.19557,0.46410912
66,h1_resprate_max,59.0,72.054,13.054001,0.2664082
66,h1_resprate_min,7.0,7.379721,0.37972116,0.0032179765
66,h1_spo2_max,100.0,121.9052,21.905197,0.24339104
66,h1_spo2_min,95.0,142.5,47.5,0.47499996
66,h1_sysbp_max,169.0,114.11299,-54.88701,-0.37085813
66,h1_sysbp_min,132.0,198.21011,66.21011,0.4695753
66,h1_sysbp_noninvasive_max,169.0,139.7114,-29.288605,-0.19789594
66,h1_sysbp_noninvasive_min,132.0,66.13318,-65.86682,-0.46385086
66,h1_temp_max,36.7,34.85178,-1.8482208,-0.30298704
66,h1_temp_min,36.7,38.039867,1.3398666,0.20935416
66,d1_bun_max,12.0,15.98548,3.9854803,0.032667875
66,d1_bun_min,12.0,57.118435,45.118435,0.4098323
66,d1_calcium_max,9.3,10.243561,0.9435606,0.20512187
66,d1_calcium_min,9.3,8.7605715,-0.5394287,-0.11238098
66,d1_creatinine_max,0.97,-4.087322,-5.0573225,-0.46957496
66,d1_creatinine_min,0.97,1.3860681,0.41606808,0.043169998
66,d1_glucose_max,108.0,116.894684,8.894684,0.016532868
66,d1_glucose_min,108.0,225.22154,117.22154,0.45969233
66,d1_hco3_max,25.0,12.862126,-12.137874,-0.43349546
66,d1_hco3_min,25.0,19.44082,-5.5591793,-0.17372435
66,d1_hemaglobin_max,14.1,16.808956,2.7089558,0.26047653
66,d1_hemaglobin_min,14.1,12.5220375,-1.5779629,-0.13841778
66,d1_hematocrit_max,41.9,34.227627,-7.6723747,-0.24670017
66,d1_hematocrit_min,41.9,50.02722,8.12722,0.23974103
66,d1_platelets_max,200.0,161.94086,-38.059143,-0.068206355
66,d1_platelets_min,200.0,149.04999,-50.950012,-0.094544455
66,d1_potassium_max,3.7,5.178504,1.478504,0.3520248
66,d1_potassium_min,3.7,4.3695555,0.6695554,0.19692805
66,d1_sodium_max,138.0,129.81326,-8.186737,-0.23390678
66,d1_sodium_min,138.0,148.31679,10.316788,0.28657746
66,d1_wbc_max,9.6,-10.561073,-20.161074,-0.4492218
66,d1_wbc_min,9.6,7.2816978,-2.3183026,-0.05796048
66,apache_4a_hospital_death_prob,0.01,0.46976435,0.45976436,0.2322042
66,apache_4a_icu_death_prob,0.01,-0.085582316,-0.095582314,-0.048518956
66,aids,0.0,0.08254093,0.08254093,0.08254093
66,cirrhosis,0.0,-0.061005395,-0.061005395,-0.061005395
66,diabetes_mellitus,0.0,0.36036682,0.36036682,0.36036682
66,hepatic_failure,0.0,0.3931406,0.3931406,0.3931406
66,immunosuppression,0.0,-0.4263758,-0.4263758,-0.4263758
66,leukemia,0.0,0.352889,0.352889,0.352889
66,lymphoma,0.0,-0.12002991,-0.12002991,-0.12002991
66,solid_tumor_with_metastasis,0.0,-0.4544739,-0.4544739,-0.4544739
66,apache_3j_bodysystem,1.0,2.5504534,1.5504534,0.15504535
66,apache_2_bodysystem,1.0,-3.011126,-4.011126,-0.44568068
66,apache_3j_diagnosis_split0,8.0,-9.354235,-17.354235,-0.15776578
67,age,45.0,78.11048,33.11048,0.45356825
67,bmi,31.836271,24.052639,-7.7836323,-0.14694396
67,elective_surgery,0.0,-0.043484803,-0.043484803,-0.043484803
67,ethnicity,3.0,5.85,2.85,0.475
67,gender,2.0,2.0819488,0.08194876,0.04097438
67,height,182.9,195.98766,13.087662,0.2241422
67,hospital_admit_source,4.0,-2.7387133,-6.7387133,-0.44924754
67,icu_admit_source,1.0,2.0422173,1.0422173,0.20844345
67,icu_stay_type,1.0,0.57399017,-0.42600983,-0.21300492
67,icu_type,7.0,5.3498693,-1.6501307,-0.23573297
67,pre_icu_los_days,0.0,-31.250982,-31.250982,-0.464713
67,readmission_status,0.0,0.0,0.0,0.0
67,weight,106.5,103.057625,-3.4423752,-0.023353964
67,apache_2_diagnosis,105.0,173.46713,68.46713,0.33075908
67,apache_3j_diagnosis,207.01,144.12119,-62.88881,-0.029946482
67,apache_post_operative,0.0,0.08237335,0.08237335,0.08237335
67,arf_apache,0.0,0.2001257,0.2001257,0.2001257
67,bun_apache,10.0,0.93956614,-9.060434,-0.07366206
67,creatinine_apache,0.84,5.3860354,4.5460353,0.41783413
67,gcs_eyes_apache,4.0,2.5749998,-1.4250002,-0.47500008
67,gcs_motor_apache,6.0,4.923788,-1.0762119,-0.21524239
67,gcs_unable_apache,0.0,0.0,0.0,0.0
67,gcs_verbal_apache,5.0,3.2852814,-1.7147186,-0.42867965
67,glucose_apache,95.0,26.223446,-68.77655,-0.12288111
67,heart_rate_apache,118.0,134.12128,16.121277,0.10892755
67,hematocrit_apache,38.5,26.162207,-12.337793,-0.35050547
67,intubated_apache,0.0,-0.3093751,-0.3093751,-0.3093751
67,map_apache,132.0,174.13226,42.132263,0.26332664
67,resprate_apache,42.0,55.913815,13.913815,0.24846101
67,sodium_apache,136.0,149.17354,13.173538,0.32130578
67,temp_apache,36.3,35.32096,-0.97903824,-0.1288208
67,ventilated_apache,0.0,0.039143614,0.039143614,0.039143614
67,wbc_apache,9.5,17.861149,8.361149,0.1862171
67,d1_diasbp_max,109.0,107.39709,-1.6029129,-0.013469875
67,d1_diasbp_min,61.0,36.004906,-24.995094,-0.3246116
67,d1_diasbp_noninvasive_max,109.0,130.81784,21.81784,0.18334317
67,d1_diasbp_noninvasive_min,61.0,61.11176,0.111759186,0.0014514327
67,d1_heartrate_max,118.0,125.718925,7.7189255,0.064864874
67,d1_heartrate_min,74.0,101.335556,27.335556,0.19115776
67,d1_mbp_max,132.0,125.25276,-6.747238,-0.0544132
67,d1_mbp_min,73.0,96.58588,23.585876,0.2620653
67,d1_mbp_noninvasive_max,132.0,78.00339,-53.996613,-0.446253
67,d1_mbp_noninvasive_min,73.0,40.716446,-32.283554,-0.35870615
67,d1_resprate_max,42.0,22.22517,-19.77483,-0.25352347
67,d1_resprate_min,15.0,18.071522,3.0715218,0.042660043
67,d1_spo2_max,100.0,97.341866,-2.6581345,-0.030553281
67,d1_spo2_min,91.0,113.27248,22.272476,0.22272474
67,d1_sysbp_max,155.0,155.96709,0.9670868,0.0068104863
67,d1_sysbp_min,102.0,128.31868,26.31868,0.22116536
67,d1_sysbp_noninvasive_max,155.0,109.012825,-45.987175,-0.32385334
67,d1_sysbp_noninvasive_min,102.0,111.74707,9.74707,0.08192879
67,d1_temp_max,37.3,37.36578,0.06578064,0.0137043
67,d1_temp_min,36.3,36.498062,0.1980629,0.033507526
67,h1_diasbp_max,106.0,99.715515,-6.284485,-0.059287608
67,h1_diasbp_min,95.0,68.37268,-26.62732,-0.2926079
67,h1_diasbp_noninvasive_max,106.0,74.72046,-31.279541,-0.29233214
67,h1_diasbp_noninvasive_min,95.0,83.181244,-11.818756,-0.12846476
67,h1_heartrate_max,118.0,65.244446,-52.755554,-0.44708094
67,h1_heartrate_min,104.0,136.83412,32.83412,0.3040197
67,h1_mbp_max,122.0,69.93645,-52.063553,-0.44882375
67,h1_mbp_min,110.0,121.865555,11.865555,0.11193919
67,h1_mbp_noninvasive_max,122.0,75.70194,-46.298058,-0.4061233
67,h1_mbp_noninvasive_min,110.0,71.91728,-38.082718,-0.35927096
67,h1_resprate_max,20.0,23.729727,3.7297268,0.076116875
67,h1_resprate_min,15.0,5.4478307,-9.55217,-0.08095059
67,h1_spo2_max,99.0,128.83626,29.836258,0.331514
67,h1_spo2_min,96.0,95.67517,-0.3248291,-0.0032482743
67,h1_sysbp_max,150.0,149.97462,-0.025375366,-0.00017148256
67,h1_sysbp_min,133.0,94.48979,-38.51021,-0.27312204
67,h1_sysbp_noninvasive_max,150.0,155.2714,5.271393,0.03561747
67,h1_sysbp_noninvasive_min,133.0,156.55843,23.558426,0.1659044
67,h1_temp_max,37.3,38.367092,1.0670929,0.17493325
67,h1_temp_min,37.3,37.572258,0.27225876,0.04254043
67,d1_bun_max,10.0,-10.444946,-20.444946,-0.16758153
67,d1_bun_min,10.0,-32.541073,-42.541073,-0.3864209
67,d1_calcium_max,8.1,9.164391,1.0643902,0.23138916
67,d1_calcium_min,8.1,9.734949,1.6349487,0.34061426
67,d1_creatinine_max,0.84,5.9557505,5.1157503,0.475
67,d1_creatinine_min,0.84,-1.488754,-2.328754,-0.24162461
67,d1_glucose_max,130.0,377.31445,247.31445,0.4596923
67,d1_glucose_min,95.0,162.57704,67.57704,0.26500803
67,d1_hco3_max,27.0,22.83455,-4.165449,-0.14876601
67,d1_hco3_min,27.0,18.247915,-8.752085,-0.27350265
67,d1_hemaglobin_max,12.8,14.003171,1.2031708,0.115689516
67,d1_hemaglobin_min,12.8,15.975583,3.175583,0.27855992
67,d1_hematocrit_max,38.5,30.68155,-7.818451,-0.25139713
67,d1_hematocrit_min,38.5,43.705856,5.2058563,0.15356511
67,d1_platelets_max,124.0,310.4878,186.4878,0.3342075
67,d1_platelets_min,124.0,68.569,-55.431,-0.10285951
67,d1_potassium_max,4.1,4.9753647,0.8753648,0.20842016
67,d1_potassium_min,4.0,5.5218344,1.5218344,0.44759834
67,d1_sodium_max,136.0,132.15506,-3.8449402,-0.10985544
67,d1_sodium_min,136.0,132.3291,-3.6708984,-0.10196942
67,d1_wbc_max,9.5,-0.39484346,-9.894843,-0.22047333
67,d1_wbc_min,9.5,22.88857,13.388571,0.33473098
67,apache_4a_hospital_death_prob,0.02,-0.7681988,-0.78819877,-0.39808017
67,apache_4a_icu_death_prob,0.01,0.70659757,0.6965976,0.35360283
67,aids,0.0,0.07220554,0.07220554,0.07220554
67,cirrhosis,0.0,0.3109448,0.3109448,0.3109448
67,diabetes_mellitus,0.0,-0.09046134,-0.09046134,-0.09046134
67,hepatic_failure,0.0,0.14109084,0.14109084,0.14109084
67,immunosuppression,0.0,-0.10594967,-0.10594967,-0.10594967
67,leukemia,0.0,0.16554642,0.16554642,0.16554642
67,lymphoma,0.0,-0.04521125,-0.04521125,-0.04521125
67,solid_tumor_with_metastasis,0.0,0.36631602,0.36631602,0.36631602
67,apache_3j_bodysystem,9.0,10.977689,1.9776888,0.19776887
67,apache_2_bodysystem,7.0,7.535488,0.5354881,0.059498668
67,apache_3j_diagnosis_split0,67.0,95.96579,28.96579,0.2633254
68,age,84.0,92.470314,8.470314,0.11603165
68,bmi,30.429688,47.742767,17.31308,0.32684654
68,elective_surgery,0.0,-0.29677904,-0.29677904,-0.29677904
68,ethnicity,3.0,2.0528064,-0.9471936,-0.15786561
68,gender,1.0,0.5106741,-0.48932588,-0.24466294
68,height,160.0,132.26476,-27.735245,-0.4749999
68,hospital_admit_source,11.0,9.309854,-1.6901464,-0.11267644
68,icu_admit_source,4.0,1.6319582,-2.3680418,-0.47360837
68,icu_stay_type,1.0,0.72191,-0.27809,-0.139045
68,icu_type,6.0,9.096082,3.0960817,0.44229734
68,pre_icu_los_days,0.01736111,15.27829,15.260929,0.22693533
68,readmission_status,0.0,0.0,0.0,0.0
68,weight,77.9,22.289707,-55.610294,-0.37727475
68,apache_2_diagnosis,117.0,102.26424,-14.735764,-0.071187265
68,apache_3j_diagnosis,106.01,117.27184,11.261841,0.005362679
68,apache_post_operative,0.0,0.3110063,0.3110063,0.3110063
68,arf_apache,0.0,0.19030379,0.19030379,0.19030379
68,bun_apache,18.0,53.507153,35.507153,0.28867602
68,creatinine_apache,1.42,1.3602891,-0.05971086,-0.00548812
68,gcs_eyes_apache,4.0,2.5990052,-1.4009948,-0.46699828
68,gcs_motor_apache,6.0,6.005691,0.0056910515,0.0011382103
68,gcs_unable_apache,0.0,0.0,0.0,0.0
68,gcs_verbal_apache,4.0,2.1660872,-1.8339128,-0.4584782
68,glucose_apache,129.0,171.1723,42.172302,0.07534805
68,heart_rate_apache,30.0,100.299995,70.299995,0.47499996
68,hematocrit_apache,34.4,47.26677,12.866768,0.36553317
68,intubated_apache,0.0,0.13473064,0.13473064,0.13473064
68,map_apache,116.0,83.51767,-32.48233,-0.20301455
68,resprate_apache,45.0,38.810875,-6.189125,-0.110520124
68,sodium_apache,142.0,132.27579,-9.724213,-0.23717594
68,temp_apache,35.6,32.526802,-3.0731964,-0.40436795
68,ventilated_apache,0.0,0.47499996,0.47499996,0.47499996
68,wbc_apache,8.7,-12.158881,-20.858881,-0.464563
68,d1_diasbp_max,96.0,63.103447,-32.896553,-0.27644163
68,d1_diasbp_min,53.0,77.549675,24.549675,0.3188269
68,d1_diasbp_noninvasive_max,96.0,151.2984,55.2984,0.46469244
68,d1_diasbp_noninvasive_min,53.0,16.85963,-36.14037,-0.46935546
68,d1_heartrate_max,84.0,133.52988,49.529877,0.41621745
68,d1_heartrate_min,29.0,-37.65403,-66.65403,-0.4661121
68,d1_mbp_max,120.0,173.51048,53.510483,0.43153617
68,d1_mbp_min,67.0,93.83496,26.83496,0.29816622
68,d1_mbp_noninvasive_max,120.0,158.77196,38.771957,0.3204294
68,d1_mbp_noninvasive_min,67.0,50.167862,-16.832138,-0.18702376
68,d1_resprate_max,44.0,34.27745,-9.722549,-0.124648064
68,d1_resprate_min,10.0,29.40178,19.40178,0.26946914
68,d1_spo2_max,99.0,133.21219,34.21219,0.39324355
68,d1_spo2_min,93.0,63.321693,-29.678307,-0.2967831
68,d1_sysbp_max,181.0,233.12943,52.129425,0.36710858
68,d1_sysbp_min,92.0,40.197384,-51.802616,-0.43531612
68,d1_sysbp_noninvasive_max,181.0,185.21924,4.2192383,0.029712975
68,d1_sysbp_noninvasive_min,92.0,40.277798,-51.722202,-0.43474996
68,d1_temp_max,36.6,38.29837,1.6983719,0.35382748
68,d1_temp_min,35.6,37.076744,1.4767456,0.24983007
68,h1_diasbp_max,67.0,67.041435,0.04143524,0.00039091706
68,h1_diasbp_min,59.0,84.21997,25.21997,0.27714255
68,h1_diasbp_noninvasive_max,67.0,43.976025,-23.023975,-0.21517736
68,h1_diasbp_noninvasive_min,59.0,17.112232,-41.887768,-0.45530182
68,h1_heartrate_max,51.0,35.265854,-15.734146,-0.13334022
68,h1_heartrate_min,41.0,43.492542,2.4925423,0.023079094
68,h1_mbp_max,90.0,52.772194,-37.227806,-0.32092935
68,h1_mbp_min,84.0,110.92348,26.923477,0.25399503
68,h1_mbp_noninvasive_max,90.0,47.0543,-42.9457,-0.37671667
68,h1_mbp_noninvasive_min,84.0,112.97708,28.977081,0.2733687
68,h1_resprate_max,33.0,40.206512,7.2065125,0.14707166
68,h1_resprate_min,17.0,-35.683704,-52.683704,-0.44647208
68,h1_spo2_max,97.0,70.46332,-26.536682,-0.29485202
68,h1_spo2_min,95.0,122.16127,27.16127,0.2716127
68,h1_sysbp_max,156.0,138.22244,-17.777557,-0.12011862
68,h1_sysbp_min,130.0,169.75487,39.754868,0.2819494
68,h1_sysbp_noninvasive_max,156.0,160.65582,4.6558228,0.03145826
68,h1_sysbp_noninvasive_min,130.0,192.01193,62.011932,0.4367038
68,h1_temp_max,36.4,35.39405,-1.0059509,-0.16490999
68,h1_temp_min,35.6,33.583717,-2.0162811,-0.31504393
68,d1_bun_max,18.0,64.61746,46.617462,0.38211036
68,d1_bun_min,18.0,-11.381338,-29.381338,-0.26688474
68,d1_calcium_max,8.3,8.268374,-0.031625748,-0.0068751574
68,d1_calcium_min,8.3,8.614756,0.31475544,0.06557405
68,d1_creatinine_max,1.42,5.872925,4.4529247,0.41345632
68,d1_creatinine_min,1.42,4.68954,3.2695398,0.33923778
68,d1_glucose_max,190.0,202.65685,12.656845,0.02352573
68,d1_glucose_min,129.0,178.90701,49.907013,0.19571379
68,d1_hco3_max,21.0,29.168495,8.168495,0.29173198
68,d1_hco3_min,21.0,7.116271,-13.883729,-0.43386653
68,d1_hemaglobin_max,11.4,12.186738,0.7867384,0.07564795
68,d1_hemaglobin_min,11.4,10.163057,-1.2369423,-0.10850373
68,d1_hematocrit_max,34.4,37.97778,3.5777779,0.11504111
68,d1_hematocrit_min,34.4,47.66136,13.26136,0.3911906
68,d1_platelets_max,142.0,391.3532,249.35321,0.44686955
68,d1_platelets_min,142.0,77.62814,-64.37186,-0.119450465
68,d1_potassium_max,4.0,5.7933564,1.7933564,0.42698964
68,d1_potassium_min,4.0,4.917783,0.9177828,0.26993608
68,d1_sodium_max,142.0,149.51678,7.5167847,0.21476525
68,d1_sodium_min,142.0,142.50636,0.5063629,0.014065683
68,d1_wbc_max,8.7,26.006817,17.306816,0.38562423
68,d1_wbc_min,8.7,9.354631,0.6546316,0.016366616
68,apache_4a_hospital_death_prob,0.1,0.80897474,0.7089747,0.358068
68,apache_4a_icu_death_prob,0.03,0.50703907,0.47703907,0.2421518
68,aids,0.0,-0.001758677,-0.001758677,-0.001758677
68,cirrhosis,0.0,-0.22789194,-0.22789194,-0.22789194
68,diabetes_mellitus,0.0,-0.39803302,-0.39803302,-0.39803302
68,hepatic_failure,0.0,0.41878152,0.41878152,0.41878152
68,immunosuppression,1.0,1.4669983,0.46699834,0.46699834
68,leukemia,0.0,0.1720174,0.1720174,0.1720174
68,lymphoma,0.0,0.43278027,0.43278027,0.43278027
68,solid_tumor_with_metastasis,0.0,0.2621734,0.2621734,0.2621734
68,apache_3j_bodysystem,1.0,5.75,4.75,0.475
68,apache_2_bodysystem,1.0,0.6773126,-0.3226874,-0.035854153
68,apache_3j_diagnosis_split0,7.0,-14.615238,-21.615238,-0.19650216
69,age,24.0,25.184391,1.184391,0.016224533
69,bmi,33.669083,45.92166,12.252579,0.23131141
69,elective_surgery,1.0,1.335994,0.335994,0.335994
69,ethnicity,3.0,2.5319653,-0.46803474,-0.07800579
69,gender,2.0,1.9331708,-0.066829205,-0.033414602
69,height,188.0,201.29004,13.290039,0.22760808
69,hospital_admit_source,9.0,2.8530154,-6.1469846,-0.409799
69,icu_admit_source,3.0,5.3133426,2.3133426,0.4626685
69,icu_stay_type,1.0,1.9096437,0.90964365,0.45482183
69,icu_type,8.0,6.5614314,-1.4385686,-0.20550978
69,pre_icu_los_days,0.9548611,1.0215108,0.066649735,0.0009911042
69,readmission_status,0.0,0.0,0.0,0.0
69,weight,119.0,50.523415,-68.476585,-0.464563
69,apache_2_diagnosis,213.0,149.5223,-63.477707,-0.30665556
69,apache_3j_diagnosis,1405.04,1831.0752,426.03516,0.20287007
69,apache_post_operative,1.0,1.4367309,0.43673086,0.43673086
69,arf_apache,0.0,-0.28796577,-0.28796577,-0.28796577
69,bun_apache,11.0,-14.465084,-25.465084,-0.2070332
69,creatinine_apache,0.91,2.627696,1.717696,0.15787646
69,gcs_eyes_apache,2.0,0.65708846,-1.3429115,-0.4476372
69,gcs_motor_apache,5.0,3.4014761,-1.5985239,-0.31970477
69,gcs_unable_apache,0.0,0.0,0.0,0.0
69,gcs_verbal_apache,1.0,0.55600756,-0.44399244,-0.11099811
69,glucose_apache,110.0,339.2714,229.2714,0.40963265
69,heart_rate_apache,125.0,144.35333,19.353333,0.13076574
69,hematocrit_apache,30.6,36.409454,5.809454,0.16504133
69,intubated_apache,0.0,0.16459212,0.16459212,0.16459212
69,map_apache,67.0,71.74073,4.7407303,0.029629558
69,resprate_apache,9.0,-3.3274784,-12.327478,-0.22013354
69,sodium_apache,141.0,127.431244,-13.568756,-0.33094525
69,temp_apache,36.7,33.09,-3.6100006,-0.47500008
69,ventilated_apache,1.0,1.0728462,0.072846174,0.072846174
69,wbc_apache,21.3,12.244112,-9.055887,-0.20169014
69,d1_diasbp_max,79.0,118.54721,39.54721,0.33232948
69,d1_diasbp_min,50.0,73.0869,23.086899,0.29982984
69,d1_diasbp_noninvasive_max,79.0,90.59514,11.595139,0.09743813
69,d1_diasbp_noninvasive_min,50.0,50.81804,0.81803894,0.010623902
69,d1_heartrate_max,112.0,141.00957,29.009567,0.2437779
69,d1_heartrate_min,69.0,69.54072,0.5407181,0.003781259
69,d1_mbp_max,106.0,135.30397,29.30397,0.23632234
69,d1_mbp_min,66.0,50.293686,-15.706314,-0.17451459
69,d1_mbp_noninvasive_max,106.0,103.086494,-2.9135056,-0.024078548
69,d1_mbp_noninvasive_min,66.0,23.25,-42.75,-0.475
69,d1_resprate_max,29.0,55.495792,26.495792,0.3396896
69,d1_resprate_min,9.0,-3.6138155,-12.613815,-0.17519188
69,d1_spo2_max,100.0,66.0721,-33.927902,-0.3899759
69,d1_spo2_min,91.0,112.69591,21.695908,0.21695906
69,d1_sysbp_max,151.0,168.66869,17.668686,0.12442738
69,d1_sysbp_min,89.0,82.7408,-6.259201,-0.052598327
69,d1_sysbp_noninvasive_max,151.0,95.518326,-55.481674,-0.39071602
69,d1_sysbp_noninvasive_min,89.0,40.948273,-48.051727,-0.40389785
69,d1_temp_max,37.2,35.061108,-2.1388931,-0.44560272
69,d1_temp_min,36.6,34.34295,-2.2570496,-0.38183886
69,h1_diasbp_max,79.0,60.658527,-18.341473,-0.17303275
69,h1_diasbp_min,77.0,64.230736,-12.769264,-0.14032161
69,h1_diasbp_noninvasive_max,79.0,54.221497,-24.778503,-0.23157482
69,h1_diasbp_noninvasive_min,77.0,103.46766,26.467659,0.28769195
69,h1_heartrate_max,112.0,100.96413,-11.035873,-0.09352437
69,h1_heartrate_min,107.0,104.429756,-2.5702438,-0.023798525
69,h1_mbp_max,106.0,60.86029,-45.13971,-0.38913542
69,h1_mbp_min,85.0,92.18355,7.183548,0.06776935
69,h1_mbp_noninvasive_max,106.0,122.041534,16.041534,0.14071524
69,h1_mbp_noninvasive_min,85.0,40.023968,-44.976032,-0.4243022
69,h1_resprate_max,16.0,38.732155,22.732155,0.46392155
69,h1_resprate_min,10.0,-12.675975,-22.675976,-0.19216928
69,h1_spo2_max,100.0,114.918,14.917999,0.16575551
69,h1_spo2_min,97.0,102.11608,5.116081,0.051160812
69,h1_sysbp_max,151.0,185.03214,34.032135,0.22994685
69,h1_sysbp_min,137.0,115.61794,-21.382057,-0.15164578
69,h1_sysbp_noninvasive_max,151.0,99.71731,-51.282692,-0.3465047
69,h1_sysbp_noninvasive_min,137.0,143.47543,6.4754333,0.045601666
69,h1_temp_max,37.2,34.501987,-2.6980133,-0.44229728
69,h1_temp_min,37.2,35.538223,-1.6617775,-0.25965273
69,d1_bun_max,13.0,43.735893,30.735893,0.25193354
69,d1_bun_min,11.0,33.71563,22.71563,0.2063369
69,d1_calcium_max,9.1,6.9150004,-2.185,-0.47500002
69,d1_calcium_min,7.2,5.1519065,-2.0480933,-0.4266861
69,d1_creatinine_max,1.19,0.47102785,-0.7189722,-0.066756934
69,d1_creatinine_min,0.91,-3.4182618,-4.328262,-0.44908762
69,d1_glucose_max,162.0,-84.19147,-246.19147,-0.45760494
69,d1_glucose_min,106.0,109.79833,3.7983322,0.014895409
69,d1_hco3_max,26.0,38.61008,12.610081,0.45036
69,d1_hco3_min,23.0,18.140608,-4.859392,-0.151856
69,d1_hemaglobin_max,11.8,14.071245,2.271245,0.21838894
69,d1_hemaglobin_min,10.6,15.951121,5.351121,0.46939656
69,d1_hematocrit_max,34.4,28.08059,-6.319412,-0.20319654
69,d1_hematocrit_min,30.6,36.160645,5.560644,0.16403079
69,d1_platelets_max,252.0,491.08066,239.08066,0.42845997
69,d1_platelets_min,237.0,122.15599,-114.84401,-0.2131082
69,d1_potassium_max,4.4,3.723371,-0.67662907,-0.16110215
69,d1_potassium_min,4.1,5.077363,0.9773631,0.28745973
69,d1_sodium_max,141.0,157.625,16.625,0.47499996
69,d1_sodium_min,140.0,152.61526,12.615265,0.350424
69,d1_wbc_max,22.1,29.137985,7.037985,0.15681785
69,d1_wbc_min,21.3,21.10534,-0.19466019,-0.004866779
69,apache_4a_hospital_death_prob,0.02,-0.54528,-0.56527996,-0.28549492
69,apache_4a_icu_death_prob,0.01,-0.895594,-0.905594,-0.4596924
69,aids,0.0,0.025995001,0.025995001,0.025995001
69,cirrhosis,0.0,0.46660954,0.46660954,0.46660954
69,diabetes_mellitus,0.0,0.475,0.475,0.475
69,hepatic_failure,0.0,0.42565048,0.42565048,0.42565048
69,immunosuppression,0.0,0.45351768,0.45351768,0.45351768
69,leukemia,0.0,0.13233745,0.13233745,0.13233745
69,lymphoma,0.0,-0.37697423,-0.37697423,-0.37697423
69,solid_tumor_with_metastasis,0.0,-0.1863244,-0.1863244,-0.1863244
69,apache_3j_bodysystem,2.0,5.8216577,3.8216577,0.38216576
69,apache_2_bodysystem,2.0,-2.2263994,-4.2263994,-0.46959993
69,apache_3j_diagnosis_split0,33.0,19.91784,-13.082161,-0.11892873
70,age,63.0,92.362076,29.362076,0.4022202
70,bmi,26.994606,14.440702,-12.553904,-0.23699997
70,elective_surgery,0.0,-0.40085906,-0.40085906,-0.40085906
70,ethnicity,3.0,0.6564832,-2.3435168,-0.39058614
70,gender,2.0,1.7151158,-0.2848842,-0.1424421
70,height,170.3,142.56476,-27.735245,-0.47499993
70,hospital_admit_source,4.0,-3.0464287,-7.0464287,-0.4697619
70,icu_admit_source,1.0,0.86006343,-0.13993657,-0.027987313
70,icu_stay_type,1.0,1.3427576,0.34275758,0.17137879
70,icu_type,8.0,5.369202,-2.6307979,-0.37582827
70,pre_icu_los_days,0.000694444,30.914045,30.913351,0.45969233
70,readmission_status,0.0,0.0,0.0,0.0
70,weight,78.29,31.333326,-46.956673,-0.31856632
70,apache_2_diagnosis,118.0,72.37123,-45.62877,-0.22042884
70,apache_3j_diagnosis,604.01,-204.62735,-808.6373,-0.38505805
70,apache_post_operative,0.0,-0.108419344,-0.108419344,-0.108419344
70,arf_apache,0.0,-0.21653682,-0.21653682,-0.21653682
70,bun_apache,11.0,-12.267275,-23.267275,-0.18916485
70,creatinine_apache,1.13,-2.2093198,-3.3393197,-0.30692276
70,gcs_eyes_apache,3.0,3.5121043,0.5121043,0.17070138
70,gcs_motor_apache,4.0,6.0060153,2.0060153,0.40120304
70,gcs_unable_apache,0.0,0.0,0.0,0.0
70,gcs_verbal_apache,4.0,3.9690151,-0.030984879,-0.0077462196
70,glucose_apache,95.0,173.49905,78.499054,0.14025202
70,heart_rate_apache,99.0,125.828606,26.828606,0.18127435
70,hematocrit_apache,25.3,41.649857,16.349857,0.46448457
70,intubated_apache,0.0,-0.43398243,-0.43398243,-0.43398243
70,map_apache,75.0,14.681948,-60.318054,-0.37698781
70,resprate_apache,6.0,4.5854516,-1.4145484,-0.025259795
70,sodium_apache,132.0,141.38187,9.381866,0.22882599
70,temp_apache,35.1,31.888239,-3.2117596,-0.42259997
70,ventilated_apache,0.0,0.40457052,0.40457052,0.40457052
70,wbc_apache,14.1,-7.2274995,-21.3275,-0.475
70,d1_diasbp_max,72.0,70.2726,-1.7274017,-0.014515981
70,d1_diasbp_min,53.0,56.975433,3.9754333,0.051629007
70,d1_diasbp_noninvasive_max,72.0,125.93361,53.93361,0.45322365
70,d1_diasbp_noninvasive_min,53.0,43.253067,-9.746933,-0.12658355
70,d1_heartrate_max,99.0,154.5698,55.569794,0.46697304
70,d1_heartrate_min,73.0,111.40417,38.404167,0.2685606
70,d1_mbp_max,88.0,95.81166,7.811661,0.06299728
70,d1_mbp_min,75.0,82.77666,7.776657,0.086407304
70,d1_mbp_noninvasive_max,88.0,88.64823,0.6482315,0.0053572804
70,d1_mbp_noninvasive_min,75.0,37.661247,-37.338753,-0.41487503
70,d1_resprate_max,55.0,20.450275,-34.549725,-0.44294518
70,d1_resprate_min,7.0,12.556658,5.556658,0.077175796
70,d1_spo2_max,98.0,101.41563,3.4156265,0.03926009
70,d1_spo2_min,89.0,42.306072,-46.693928,-0.46693927
70,d1_sysbp_max,135.0,141.64725,6.6472473,0.04681158
70,d1_sysbp_min,103.0,64.067024,-38.932976,-0.3271679
70,d1_sysbp_noninvasive_max,135.0,161.98099,26.980988,0.19000694
70,d1_sysbp_noninvasive_min,103.0,64.35423,-38.645767,-0.32483622
70,d1_temp_max,37.2,35.771645,-1.4283562,-0.29757416
70,d1_temp_min,35.1,36.985893,1.8858948,0.31904835
70,h1_diasbp_max,72.0,46.530457,-25.469543,-0.24027872
70,h1_diasbp_min,55.0,80.943985,25.943985,0.2850987
70,h1_diasbp_noninvasive_max,72.0,41.368904,-30.631096,-0.28627193
70,h1_diasbp_noninvasive_min,55.0,95.91357,40.913567,0.44471267
70,h1_heartrate_max,99.0,133.14694,34.146942,0.2893809
70,h1_heartrate_min,83.0,51.488808,-31.511192,-0.2917703
70,h1_mbp_max,87.0,58.51653,-28.48347,-0.24554716
70,h1_mbp_min,78.0,27.65,-50.35,-0.475
70,h1_mbp_noninvasive_max,87.0,36.72261,-50.27739,-0.44102973
70,h1_mbp_noninvasive_min,78.0,64.01117,-13.988831,-0.13197008
70,h1_resprate_max,20.0,29.021458,9.021458,0.18411137
70,h1_resprate_min,11.0,15.55226,4.5522604,0.03857848
70,h1_spo2_max,98.0,134.43993,36.439926,0.4048881
70,h1_spo2_min,90.0,114.63439,24.634392,0.24634397
70,h1_sysbp_max,122.0,138.35771,16.357712,0.1105251
70,h1_sysbp_min,112.0,127.60462,15.604622,0.11067107
70,h1_sysbp_noninvasive_max,122.0,78.191376,-43.808624,-0.2960042
70,h1_sysbp_noninvasive_min,112.0,178.6983,66.6983,0.46970636
70,h1_temp_max,36.9,35.41877,-1.4812317,-0.24282488
70,h1_temp_min,36.5,38.487106,1.9871063,0.31048536
70,d1_bun_max,11.0,-12.629868,-23.629868,-0.19368744
70,d1_bun_min,11.0,41.77689,30.77689,0.27956116
70,d1_calcium_max,7.9,7.0434804,-0.8565197,-0.18619993
70,d1_calcium_min,7.9,5.646719,-2.253281,-0.46943355
70,d1_creatinine_max,1.13,-3.715974,-4.845974,-0.44995114
70,d1_creatinine_min,1.13,5.2300115,4.1000113,0.42540503
70,d1_glucose_max,125.0,183.87498,58.874985,0.10943306
70,d1_glucose_min,95.0,73.00479,-21.995209,-0.086255714
70,d1_hco3_max,30.0,18.863113,-11.136887,-0.39774594
70,d1_hco3_min,30.0,45.2,15.200001,0.47500002
70,d1_hemaglobin_max,8.8,10.123896,1.3238955,0.12729765
70,d1_hemaglobin_min,8.8,5.779415,-3.020585,-0.26496363
70,d1_hematocrit_max,25.3,24.538406,-0.76159286,-0.024488509
70,d1_hematocrit_min,25.3,16.931114,-8.368885,-0.24686976
70,d1_platelets_max,69.0,89.11745,20.117447,0.03605277
70,d1_platelets_min,69.0,128.35411,59.35411,0.11013936
70,d1_potassium_max,4.9,5.5192137,0.6192136,0.14743179
70,d1_potassium_min,4.9,4.563779,-0.33622122,-0.098888576
70,d1_sodium_max,132.0,119.70078,-12.299217,-0.35140622
70,d1_sodium_min,132.0,148.06953,16.069534,0.44637594
70,d1_wbc_max,14.1,24.074312,9.974312,0.22224402
70,d1_wbc_min,14.1,29.069195,14.969194,0.37424853
70,apache_4a_hospital_death_prob,0.05,0.8143102,0.7643102,0.3860153
70,apache_4a_icu_death_prob,0.03,0.9547844,0.9247844,0.46943367
70,aids,0.0,-0.32851177,-0.32851177,-0.32851177
70,cirrhosis,1.0,1.2412584,0.24125838,0.24125838
70,diabetes_mellitus,0.0,0.18895085,0.18895085,0.18895085
70,hepatic_failure,0.0,0.44864142,0.44864142,0.44864142
70,immunosuppression,0.0,-0.35951376,-0.35951376,-0.35951376
70,leukemia,0.0,-0.1872382,-0.1872382,-0.1872382
70,lymphoma,0.0,0.12136985,0.12136985,0.12136985
70,solid_tumor_with_metastasis,0.0,-0.22772677,-0.22772677,-0.22772677
70,apache_3j_bodysystem,11.0,10.272133,-0.7278671,-0.07278669
70,apache_2_bodysystem,8.0,5.6899443,-2.3100557,-0.25667286
70,apache_3j_diagnosis_split0,102.0,133.86885,31.86885,0.28971678
71,age,89.0,72.27637,-16.723633,-0.22909087
71,bmi,20.01657,30.830658,10.814089,0.20415473
71,elective_surgery,0.0,0.039452683,0.039452683,0.039452683
71,ethnicity,3.0,2.3870993,-0.61290073,-0.10215013
71,gender,2.0,1.8186234,-0.18137658,-0.09068829
71,height,172.7,199.35922,26.659225,0.4565717
71,hospital_admit_source,5.0,12.018021,7.0180206,0.467868
71,icu_admit_source,2.0,4.298462,2.298462,0.45969242
71,icu_stay_type,1.0,1.939378,0.939378,0.469689
71,icu_type,3.0,5.047946,2.047946,0.2925637
71,pre_icu_los_days,4.5319443,-24.998741,-29.530685,-0.43913162
71,readmission_status,0.0,0.0,0.0,0.0
71,weight,59.7,108.33756,48.63756,0.3299699
71,apache_2_diagnosis,110.0,120.234634,10.234634,0.049442675
71,apache_3j_diagnosis,104.01,78.11825,-25.891754,-0.012329172
71,apache_post_operative,0.0,0.35680592,0.35680592,0.35680592
71,arf_apache,0.0,-0.017332084,-0.017332084,-0.017332084
71,bun_apache,53.0,71.26878,18.268784,0.1485267
71,creatinine_apache,2.16,4.2158794,2.0558794,0.18895948
71,gcs_eyes_apache,4.0,3.1449428,-0.85505724,-0.2850191
71,gcs_motor_apache,6.0,7.120082,1.1200819,0.22401643
71,gcs_unable_apache,0.0,0.0,0.0,0.0
71,gcs_verbal_apache,5.0,5.4172926,0.4172926,0.10432315
71,glucose_apache,174.0,436.37204,262.37204,0.46877265
71,heart_rate_apache,120.0,108.76594,-11.234062,-0.0759058
71,hematocrit_apache,29.5,25.285496,-4.2145042,-0.119730234
71,intubated_apache,0.0,-0.45047712,-0.45047712,-0.45047712
71,map_apache,138.0,203.20117,65.20117,0.40750736
71,resprate_apache,37.0,37.486046,0.48604584,0.00867939
71,sodium_apache,132.0,126.06832,-5.931679,-0.1446751
71,temp_apache,36.3,33.244522,-3.0554771,-0.40203646
71,ventilated_apache,0.0,-0.094006956,-0.094006956,-0.094006956
71,wbc_apache,8.1,4.3375044,-3.762496,-0.08379723
71,d1_diasbp_max,94.0,116.74654,22.746536,0.19114736
71,d1_diasbp_min,52.0,59.94658,7.946579,0.10320234
71,d1_diasbp_noninvasive_max,94.0,120.056595,26.056595,0.218963
71,d1_diasbp_noninvasive_min,52.0,52.251007,0.25100708,0.0032598376
71,d1_heartrate_max,110.0,138.58267,28.582672,0.24019054
71,d1_heartrate_min,70.0,98.315285,28.315285,0.19800901
71,d1_mbp_max,122.0,88.39439,-33.605614,-0.27101302
71,d1_mbp_min,70.0,78.85545,8.8554535,0.09839392
71,d1_mbp_noninvasive_max,122.0,76.748436,-45.251564,-0.37397987
71,d1_mbp_noninvasive_min,70.0,33.317303,-36.682697,-0.40758556
71,d1_resprate_max,34.0,66.59294,32.59294,0.4178582
71,d1_resprate_min,10.0,6.3264213,-3.6735787,-0.051021934
71,d1_spo2_max,98.0,106.37603,8.37603,0.09627622
71,d1_spo2_min,94.0,134.3482,40.348206,0.40348202
71,d1_sysbp_max,169.0,117.410904,-51.589096,-0.36330348
71,d1_sysbp_min,105.0,98.28526,-6.714737,-0.056426376
71,d1_sysbp_noninvasive_max,169.0,200.01895,31.018951,0.21844333
71,d1_sysbp_noninvasive_min,105.0,79.28607,-25.713928,-0.21613789
71,d1_temp_max,36.9,35.246315,-1.6536865,-0.344518
71,d1_temp_min,36.3,36.128075,-0.17192459,-0.029085517
71,h1_diasbp_max,90.0,70.47496,-19.52504,-0.1841985
71,h1_diasbp_min,90.0,65.47958,-24.520416,-0.26945513
71,h1_diasbp_noninvasive_max,90.0,55.61403,-34.38597,-0.32136422
71,h1_diasbp_noninvasive_min,90.0,111.75413,21.754128,0.23645788
71,h1_heartrate_max,108.0,124.46677,16.466766,0.1395489
71,h1_heartrate_min,108.0,79.817535,-28.182465,-0.26094878
71,h1_mbp_max,110.0,66.298004,-43.701996,-0.37674138
71,h1_mbp_min,110.0,83.986534,-26.013466,-0.24541008
71,h1_mbp_noninvasive_max,110.0,125.809166,15.809166,0.13867688
71,h1_mbp_noninvasive_min,110.0,128.31024,18.310242,0.17273808
71,h1_resprate_max,34.0,53.70535,19.705349,0.40214998
71,h1_resprate_min,20.0,-2.3373723,-22.337372,-0.18929976
71,h1_spo2_max,97.0,86.281784,-10.718216,-0.11909127
71,h1_spo2_min,97.0,141.16252,44.16252,0.44162524
71,h1_sysbp_max,169.0,159.7874,-9.212601,-0.062247276
71,h1_sysbp_min,169.0,235.975,66.975006,0.47500002
71,h1_sysbp_noninvasive_max,169.0,208.4849,39.484894,0.26678985
71,h1_sysbp_noninvasive_min,169.0,120.657646,-48.342354,-0.34043908
71,h1_temp_max,36.7,37.976715,1.2767143,0.20929742
71,h1_temp_min,36.5,36.070522,-0.4294777,-0.06710589
71,d1_bun_max,53.0,65.8532,12.853203,0.10535413
71,d1_bun_min,53.0,69.8799,16.879898,0.15332818
71,d1_calcium_max,8.5,10.427401,1.9274006,0.41900015
71,d1_calcium_min,8.5,7.621272,-0.8787279,-0.18306834
71,d1_creatinine_max,2.16,3.9663737,1.8063736,0.1677227
71,d1_creatinine_min,2.16,-2.31858,-4.47858,-0.4646842
71,d1_glucose_max,174.0,278.647,104.647,0.19451118
71,d1_glucose_min,157.0,82.84625,-74.15375,-0.29079902
71,d1_hco3_max,23.0,36.093987,13.0939865,0.46764237
71,d1_hco3_min,23.0,16.74775,-6.2522507,-0.19538283
71,d1_hemaglobin_max,10.1,14.634825,4.5348244,0.43604082
71,d1_hemaglobin_min,10.1,9.161962,-0.9380388,-0.08228412
71,d1_hematocrit_max,29.5,21.401018,-8.098982,-0.2604174
71,d1_hematocrit_min,29.5,31.96155,2.4615498,0.07261208
71,d1_platelets_max,207.0,254.47784,47.477844,0.08508575
71,d1_platelets_min,207.0,344.14328,137.14328,0.25448743
71,d1_potassium_max,3.8,4.255103,0.45510316,0.10835791
71,d1_potassium_min,3.5,3.243496,-0.25650406,-0.07544236
71,d1_sodium_max,132.0,135.47186,3.4718628,0.09919608
71,d1_sodium_min,132.0,144.6697,12.669693,0.35193595
71,d1_wbc_max,8.1,4.331997,-3.7680035,-0.0839573
71,d1_wbc_min,8.1,14.763505,6.6635046,0.16659594
71,apache_4a_hospital_death_prob,0.22,-0.6860578,-0.90605783,-0.457605
71,apache_4a_icu_death_prob,0.07,-0.81066394,-0.88066393,-0.44703752
71,aids,0.0,0.2811432,0.2811432,0.2811432
71,cirrhosis,0.0,-0.12843464,-0.12843464,-0.12843464
71,diabetes_mellitus,0.0,0.45969236,0.45969236,0.45969236
71,hepatic_failure,0.0,0.4000275,0.4000275,0.4000275
71,immunosuppression,0.0,-0.19310488,-0.19310488,-0.19310488
71,leukemia,0.0,0.475,0.475,0.475
71,lymphoma,0.0,0.42791396,0.42791396,0.42791396
71,solid_tumor_with_metastasis,0.0,-0.41338426,-0.41338426,-0.41338426
71,apache_3j_bodysystem,1.0,2.8914022,1.8914022,0.18914023
71,apache_2_bodysystem,1.0,-3.2284074,-4.2284074,-0.46982303
71,apache_3j_diagnosis_split0,5.0,19.374285,14.374285,0.13067532
72,age,81.0,89.93999,8.939987,0.12246555
72,bmi,21.710548,22.510916,0.80036736,0.015109807
72,elective_surgery,0.0,-0.3321942,-0.3321942,-0.3321942
72,ethnicity,1.0,-1.4112115,-2.4112115,-0.40186858
72,gender,1.0,1.2873198,0.28731978,0.14365989
72,height,162.6,166.10599,3.5059814,0.06004423
72,hospital_admit_source,4.0,0.8941465,-3.1058536,-0.20705691
72,icu_admit_source,1.0,1.8839445,0.8839445,0.1767889
72,icu_stay_type,1.0,1.0354857,0.035485744,0.017742872
72,icu_type,1.0,0.81853664,-0.18146336,-0.025923338
72,pre_icu_los_days,0.0,-14.764494,-14.764494,-0.21955319
72,readmission_status,0.0,0.0,0.0,0.0
72,weight,57.4,126.59451,69.19451,0.4694336
72,apache_2_diagnosis,302.0,289.10843,-12.891571,-0.06227815
72,apache_3j_diagnosis,109.1,-336.57065,-445.67065,-0.21222007
72,apache_post_operative,0.0,-0.11133084,-0.11133084,-0.11133084
72,arf_apache,1.0,1.2535269,0.25352693,0.25352693
72,bun_apache,127.0,69.21687,-57.783127,-0.46978152
72,creatinine_apache,10.6,13.569043,2.9690428,0.27288997
72,gcs_eyes_apache,4.0,5.366128,1.366128,0.45537603
72,gcs_motor_apache,6.0,6.940462,0.9404621,0.18809247
72,gcs_unable_apache,0.0,0.0,0.0,0.0
72,gcs_verbal_apache,5.0,4.8489285,-0.15107155,-0.037767887
72,glucose_apache,190.0,295.00906,105.00906,0.1876167
72,heart_rate_apache,141.0,71.47916,-69.52084,-0.46973544
72,hematocrit_apache,24.5,20.668306,-3.8316936,-0.10885492
72,intubated_apache,0.0,0.25133383,0.25133383,0.25133383
72,map_apache,48.0,51.218468,3.2184677,0.020115424
72,resprate_apache,35.0,58.2667,23.2667,0.4154768
72,sodium_apache,137.0,124.34868,-12.651321,-0.30856884
72,temp_apache,36.2,37.209305,1.009304,0.13280314
72,ventilated_apache,0.0,0.31156886,0.31156886,0.31156886
72,wbc_apache,14.0,22.138645,8.138645,0.18126157
72,d1_diasbp_max,67.0,54.496414,-12.503586,-0.105072156
72,d1_diasbp_min,42.0,54.147945,12.147945,0.15776554
72,d1_diasbp_noninvasive_max,67.0,32.583344,-34.416656,-0.2892156
72,d1_diasbp_noninvasive_min,42.0,58.643963,16.643963,0.21615538
72,d1_heartrate_max,137.0,106.959564,-30.040436,-0.25244066
72,d1_heartrate_min,109.0,103.69105,-5.3089523,-0.037125587
72,d1_mbp_max,72.0,127.21371,55.213707,0.44527182
72,d1_mbp_min,52.0,87.01437,35.014374,0.3890486
72,d1_mbp_noninvasive_max,72.0,70.13784,-1.8621597,-0.015389748
72,d1_mbp_noninvasive_min,52.0,85.23983,33.23983,0.36933145
72,d1_resprate_max,35.0,61.49306,26.493061,0.33965462
72,d1_resprate_min,2.0,9.822105,7.8221054,0.10864036
72,d1_spo2_max,100.0,117.45869,17.458687,0.20067453
72,d1_spo2_min,92.0,118.23266,26.232658,0.26232654
72,d1_sysbp_max,106.0,134.8389,28.838898,0.20309082
72,d1_sysbp_min,71.0,98.244194,27.244194,0.22894278
72,d1_sysbp_noninvasive_max,106.0,93.22853,-12.771469,-0.08993992
72,d1_sysbp_noninvasive_min,71.0,117.89737,46.89737,0.39419493
72,d1_temp_max,36.4,37.441887,1.0418854,0.21705943
72,d1_temp_min,36.2,33.70452,-2.4954796,-0.42217556
72,h1_diasbp_max,62.0,15.771418,-46.228584,-0.4361187
72,h1_diasbp_min,52.0,29.305292,-22.694708,-0.2493924
72,h1_diasbp_noninvasive_max,62.0,110.144775,48.144775,0.44995117
72,h1_diasbp_noninvasive_min,52.0,47.20473,-4.795269,-0.052122504
72,h1_heartrate_max,128.0,110.35846,-17.64154,-0.14950454
72,h1_heartrate_min,114.0,98.30536,-15.694641,-0.14532071
72,h1_mbp_max,71.0,118.59764,47.59764,0.41032445
72,h1_mbp_min,71.0,94.187256,23.187256,0.2187477
72,h1_mbp_noninvasive_max,71.0,103.61412,32.61412,0.28608876
72,h1_mbp_noninvasive_min,71.0,52.39309,-18.60691,-0.1755369
72,h1_resprate_max,35.0,40.534836,5.534836,0.11295581
72,h1_resprate_min,13.0,3.3440933,-9.655907,-0.08182972
72,h1_spo2_max,100.0,128.97604,28.976044,0.32195604
72,h1_spo2_min,95.0,69.251595,-25.748405,-0.25748402
72,h1_sysbp_max,106.0,159.38925,53.38925,0.3607382
72,h1_sysbp_min,77.0,18.780659,-58.21934,-0.41290313
72,h1_sysbp_noninvasive_max,106.0,160.3162,54.316193,0.36700132
72,h1_sysbp_noninvasive_min,77.0,18.379826,-58.620174,-0.41281813
72,h1_temp_max,36.3,37.21235,0.9123497,0.14956549
72,h1_temp_min,36.3,36.901695,0.601696,0.094015
72,d1_bun_max,126.0,85.85984,-40.14016,-0.3290177
72,d1_bun_min,113.09,151.4264,38.33641,0.34822798
72,d1_calcium_max,9.4,11.407507,2.0075073,0.43641472
72,d1_calcium_min,8.4,7.8573723,-0.54262733,-0.11304736
72,d1_creatinine_max,10.6,8.040364,-2.559636,-0.23766351
72,d1_creatinine_min,7.92,4.546975,-3.373025,-0.34997508
72,d1_glucose_max,190.0,303.84644,113.846436,0.21161048
72,d1_glucose_min,143.0,245.59259,102.59259,0.40232387
72,d1_hco3_max,38.0,30.825151,-7.1748486,-0.25624454
72,d1_hco3_min,38.0,47.822197,9.822197,0.30694366
72,d1_hemaglobin_max,8.1,8.635866,0.5358658,0.051525548
72,d1_hemaglobin_min,7.9,12.456535,4.5565352,0.39969608
72,d1_hematocrit_max,25.0,27.418196,2.4181957,0.07775548
72,d1_hematocrit_min,24.5,34.23697,9.736969,0.2872262
72,d1_platelets_max,138.0,-55.11196,-193.11197,-0.34607878
72,d1_platelets_min,138.0,-57.7749,-195.7749,-0.3632861
72,d1_potassium_max,3.5,3.2354648,-0.2645352,-0.06298457
72,d1_potassium_min,3.2,1.9309089,-1.2690911,-0.3732621
72,d1_sodium_max,140.0,151.47272,11.472717,0.3277919
72,d1_sodium_min,138.0,140.51921,2.5192108,0.06997812
72,d1_wbc_max,11.4,26.592285,15.192286,0.338509
72,d1_wbc_min,11.4,2.9872236,-8.412776,-0.21032993
72,apache_4a_hospital_death_prob,0.18,-0.16734892,-0.34734893,-0.17542875
72,apache_4a_icu_death_prob,0.08,0.8169042,0.7369042,0.37406301
72,aids,0.0,0.18911898,0.18911898,0.18911898
72,cirrhosis,0.0,-0.14902416,-0.14902416,-0.14902416
72,diabetes_mellitus,1.0,1.2290645,0.22906446,0.22906446
72,hepatic_failure,0.0,-0.057797376,-0.057797376,-0.057797376
72,immunosuppression,0.0,-0.33986145,-0.33986145,-0.33986145
72,leukemia,0.0,0.28289092,0.28289092,0.28289092
72,lymphoma,0.0,-0.18860452,-0.18860452,-0.18860452
72,solid_tumor_with_metastasis,0.0,-0.1264381,-0.1264381,-0.1264381
72,apache_3j_bodysystem,1.0,-0.1570381,-1.1570381,-0.11570381
72,apache_2_bodysystem,1.0,3.1252036,2.1252036,0.23613374
72,apache_3j_diagnosis_split0,10.0,1.8503977,-8.149602,-0.07408729
73,age,79.0,54.100994,-24.899006,-0.34108227
73,bmi,34.07273,11.942325,-22.130405,-0.41779086
73,elective_surgery,1.0,1.044097,0.044096947,0.044096947
73,ethnicity,3.0,2.7560282,-0.24397182,-0.04066199
73,gender,1.0,0.8545251,-0.14547491,-0.072737455
73,height,168.9,148.91971,-19.980286,-0.3421868
73,hospital_admit_source,9.0,4.6176686,-4.3823314,-0.29215544
73,icu_admit_source,3.0,3.3285275,0.32852745,0.06570548
73,icu_stay_type,1.0,1.4146584,0.41465843,0.20732921
73,icu_type,5.0,4.0601215,-0.93987846,-0.13426837
73,pre_icu_los_days,0.13541667,17.35878,17.223364,0.25611743
73,readmission_status,0.0,0.0,0.0,0.0
73,weight,97.2,55.05317,-42.146828,-0.28593507
73,apache_2_diagnosis,214.0,225.26642,11.266418,0.054427147
73,apache_3j_diagnosis,1404.01,1471.9172,67.90723,0.032336116
73,apache_post_operative,1.0,0.7800092,-0.21999079,-0.21999079
73,arf_apache,0.0,-0.17415853,-0.17415853,-0.17415853
73,bun_apache,18.0,23.221165,5.2211647,0.042448483
73,creatinine_apache,1.5,-0.46147847,-1.9614785,-0.18028295
73,gcs_eyes_apache,4.0,4.957364,0.9573641,0.31912136
73,gcs_motor_apache,6.0,8.311698,2.311698,0.46233964
73,gcs_unable_apache,0.0,0.0,0.0,0.0
73,gcs_verbal_apache,5.0,3.766042,-1.233958,-0.3084895
73,glucose_apache,243.0,358.23062,115.23062,0.20587927
73,heart_rate_apache,128.0,181.1895,53.1895,0.35938847
73,hematocrit_apache,35.0,30.671833,-4.328167,-0.122959286
73,intubated_apache,0.0,0.09008269,0.09008269,0.09008269
73,map_apache,62.0,94.04954,32.049538,0.20030962
73,resprate_apache,20.0,34.864105,14.864105,0.26543042
73,sodium_apache,141.0,123.55272,-17.44728,-0.42554343
73,temp_apache,37.2,36.379593,-0.82040787,-0.10794842
73,ventilated_apache,0.0,0.25625223,0.25625223,0.25625223
73,wbc_apache,14.3,1.8303242,-12.469676,-0.27772108
73,d1_diasbp_max,89.0,77.02345,-11.976547,-0.10064328
73,d1_diasbp_min,41.0,66.69269,25.692688,0.33367127
73,d1_diasbp_noninvasive_max,89.0,110.08342,21.08342,0.17717156
73,d1_diasbp_noninvasive_min,41.0,55.392593,14.392593,0.18691677
73,d1_heartrate_max,110.0,154.2268,44.226807,0.37165383
73,d1_heartrate_min,76.0,71.90623,-4.093773,-0.028627753
73,d1_mbp_max,112.0,81.1278,-30.8722,-0.24896935
73,d1_mbp_min,54.0,78.68698,24.686981,0.27429977
73,d1_mbp_noninvasive_max,112.0,117.911514,5.9115143,0.048855513
73,d1_mbp_noninvasive_min,54.0,34.432674,-19.567326,-0.21741474
73,d1_resprate_max,29.0,21.909515,-7.0904846,-0.090903655
73,d1_resprate_min,16.0,11.899295,-4.100705,-0.056954235
73,d1_spo2_max,99.0,86.26323,-12.736771,-0.14639962
73,d1_spo2_min,89.0,63.227898,-25.772102,-0.257721
73,d1_sysbp_max,199.0,168.49225,-30.507751,-0.21484333
73,d1_sysbp_min,85.0,54.4684,-30.5316,-0.25656807
73,d1_sysbp_noninvasive_max,199.0,132.34044,-66.65956,-0.46943355
73,d1_sysbp_noninvasive_min,85.0,91.6396,6.6396027,0.05580905
73,d1_temp_max,37.3,36.079243,-1.2207565,-0.25432426
73,d1_temp_min,36.5,37.730896,1.230896,0.20823824
73,h1_diasbp_max,68.0,50.85533,-17.144669,-0.16174217
73,h1_diasbp_min,57.0,39.79007,-17.20993,-0.18912013
73,h1_diasbp_noninvasive_max,68.0,43.902416,-24.097584,-0.22521105
73,h1_diasbp_noninvasive_min,57.0,59.48259,2.4825897,0.026984662
73,h1_heartrate_max,82.0,137.39316,55.393158,0.46943358
73,h1_heartrate_min,78.0,41.52251,-36.47749,-0.33775455
73,h1_mbp_max,90.0,124.77824,34.778236,0.29981238
73,h1_mbp_min,74.0,47.05932,-26.940681,-0.25415736
73,h1_mbp_noninvasive_max,90.0,60.88858,-29.11142,-0.25536335
73,h1_mbp_noninvasive_min,74.0,87.73503,13.735031,0.12957579
73,h1_resprate_max,20.0,38.500328,18.500328,0.3775577
73,h1_resprate_min,16.0,7.335078,-8.664923,-0.073431544
73,h1_spo2_max,99.0,90.490486,-8.509514,-0.09455013
73,h1_spo2_min,99.0,97.18277,-1.8172302,-0.018172324
73,h1_sysbp_max,135.0,195.50204,60.502045,0.40879762
73,h1_sysbp_min,108.0,62.268627,-45.731373,-0.32433596
73,h1_sysbp_noninvasive_max,135.0,116.371475,-18.628525,-0.12586841
73,h1_sysbp_noninvasive_min,108.0,118.572,10.571999,0.0744507
73,h1_temp_max,36.5,34.47546,-2.02454,-0.33189178
73,h1_temp_min,36.5,34.764053,-1.7359467,-0.27124166
73,d1_bun_max,18.0,44.638226,26.638226,0.2183461
73,d1_bun_min,18.0,61.545254,43.545254,0.39554232
73,d1_calcium_max,8.1,10.134568,2.0345678,0.44229734
73,d1_calcium_min,8.1,7.9638095,-0.13619089,-0.028373122
73,d1_creatinine_max,1.5,4.2832556,2.7832556,0.2584267
73,d1_creatinine_min,1.5,4.054877,2.5548768,0.26508647
73,d1_glucose_max,282.0,165.15192,-116.84808,-0.21718974
73,d1_glucose_min,157.0,141.8494,-15.150604,-0.05941415
73,d1_hco3_max,25.0,35.43801,10.438011,0.37278613
73,d1_hco3_min,25.0,24.103903,-0.8960972,-0.028003037
73,d1_hemaglobin_max,11.1,14.478009,3.3780088,0.32480854
73,d1_hemaglobin_min,11.1,10.418539,-0.68146133,-0.05977729
73,d1_hematocrit_max,35.0,29.405132,-5.5948677,-0.1798993
73,d1_hematocrit_min,35.0,42.613533,7.613533,0.22458804
73,d1_platelets_max,358.0,502.90558,144.90558,0.25968742
73,d1_platelets_min,358.0,134.64241,-223.35759,-0.41446942
73,d1_potassium_max,4.1,4.644514,0.5445142,0.12964624
73,d1_potassium_min,4.1,4.083785,-0.016214848,-0.004769087
73,d1_sodium_max,141.0,139.95528,-1.0447235,-0.029849261
73,d1_sodium_min,141.0,141.93707,0.93707275,0.026029766
73,d1_wbc_max,14.3,2.4370165,-11.862984,-0.26432672
73,d1_wbc_min,14.3,28.552185,14.252185,0.35632244
73,apache_4a_hospital_death_prob,0.02,-0.89983475,-0.91983473,-0.46456298
73,apache_4a_icu_death_prob,0.01,-0.91478413,-0.9247841,-0.46943358
73,aids,0.0,0.15807904,0.15807904,0.15807904
73,cirrhosis,0.0,0.2771231,0.2771231,0.2771231
73,diabetes_mellitus,1.0,1.4141798,0.4141798,0.4141798
73,hepatic_failure,0.0,-0.34150213,-0.34150213,-0.34150213
73,immunosuppression,0.0,-0.08264843,-0.08264843,-0.08264843
73,leukemia,0.0,-0.10573612,-0.10573612,-0.10573612
73,lymphoma,0.0,-0.06353031,-0.06353031,-0.06353031
73,solid_tumor_with_metastasis,0.0,0.0932975,0.0932975,0.0932975
73,apache_3j_bodysystem,2.0,1.7109951,-0.28900492,-0.028900497
73,apache_2_bodysystem,2.0,-1.8022037,-3.8022037,-0.42246705
73,apache_3j_diagnosis_split0,32.0,0.24634802,-31.753653,-0.2886696
74,age,41.0,16.999144,-24.000856,-0.32877886
74,bmi,53.1401,28.037987,-25.102112,-0.47389245
74,elective_surgery,0.0,-0.006065215,-0.006065215,-0.006065215
74,ethnicity,3.0,3.8817887,0.88178873,0.14696479
74,gender,2.0,1.6734976,-0.32650244,-0.16325122
74,height,175.3,161.12885,-14.171158,-0.24269837
74,hospital_admit_source,4.0,5.12828,1.1282802,0.07521866
74,icu_admit_source,1.0,3.2156625,2.2156625,0.4431325
74,icu_stay_type,1.0,0.4221928,-0.5778072,-0.2889036
74,icu_type,6.0,4.892272,-1.107728,-0.15824687
74,pre_icu_los_days,0.00625,4.010216,4.0039663,0.05954038
74,readmission_status,0.0,0.0,0.0,0.0
74,weight,163.3,126.49426,-36.80574,-0.24969971
74,apache_2_diagnosis,305.0,208.51855,-96.481445,-0.46609396
74,apache_3j_diagnosis,901.03,1441.856,540.8259,0.25753126
74,apache_post_operative,0.0,0.048006877,0.048006877,0.048006877
74,arf_apache,0.0,0.096297234,0.096297234,0.096297234
74,bun_apache,127.0,104.64418,-22.35582,-0.18175465
74,creatinine_apache,11.18,6.0725617,-5.1074386,-0.46943367
74,gcs_eyes_apache,4.0,3.048756,-0.9512441,-0.3170814
74,gcs_motor_apache,6.0,3.6512666,-2.3487334,-0.4697467
74,gcs_unable_apache,0.0,0.0,0.0,0.0
74,gcs_verbal_apache,5.0,4.463152,-0.53684807,-0.13421202
74,glucose_apache,94.0,198.86894,104.86894,0.18736634
74,heart_rate_apache,98.0,131.3622,33.362198,0.22542027
74,hematocrit_apache,38.0,53.672924,15.672924,0.4452535
74,intubated_apache,0.0,0.16513902,0.16513902,0.16513902
74,map_apache,183.0,243.15979,60.15979,0.37599868
74,resprate_apache,60.0,36.489513,-23.510487,-0.41983014
74,sodium_apache,128.0,142.84735,14.847351,0.3621305
74,temp_apache,36.8,34.406963,-2.393036,-0.31487313
74,ventilated_apache,1.0,1.4658805,0.4658805,0.4658805
74,wbc_apache,6.6,-10.296255,-16.896255,-0.37630856
74,d1_diasbp_max,99.0,71.52823,-27.471771,-0.23085523
74,d1_diasbp_min,33.0,10.260495,-22.739506,-0.29531825
74,d1_diasbp_noninvasive_max,99.0,117.10577,18.105766,0.15214929
74,d1_diasbp_noninvasive_min,33.0,16.132778,-16.867222,-0.21905483
74,d1_heartrate_max,102.0,151.47113,49.47113,0.41572377
74,d1_heartrate_min,60.0,98.18436,38.184357,0.26702347
74,d1_mbp_max,183.0,127.87903,-55.12097,-0.444524
74,d1_mbp_min,41.0,23.912355,-17.087645,-0.18986273
74,d1_mbp_noninvasive_max,181.0,124.1617,-56.838303,-0.46973807
74,d1_mbp_noninvasive_min,41.0,34.063026,-6.9369736,-0.07707749
74,d1_resprate_max,62.0,26.455273,-35.544727,-0.45570165
74,d1_resprate_min,14.0,12.921381,-1.078619,-0.014980823
74,d1_spo2_max,100.0,82.0624,-17.9376,-0.20617932
74,d1_spo2_min,82.0,118.683815,36.683815,0.36683816
74,d1_sysbp_max,165.0,154.35835,-10.641647,-0.07494119
74,d1_sysbp_min,61.0,58.57055,-2.429451,-0.02041556
74,d1_sysbp_noninvasive_max,165.0,148.06366,-16.93634,-0.11927003
74,d1_sysbp_noninvasive_min,61.0,39.126392,-21.873608,-0.18385819
74,d1_temp_max,37.4,37.3186,-0.081401825,-0.016958714
74,d1_temp_min,36.8,34.056873,-2.743126,-0.46407136
74,h1_diasbp_max,60.0,67.10793,7.107933,0.067055985
74,h1_diasbp_min,33.0,22.925234,-10.074766,-0.110711716
74,h1_diasbp_noninvasive_max,60.0,74.145134,14.145134,0.1321975
74,h1_diasbp_noninvasive_min,33.0,22.960243,-10.039757,-0.10912779
74,h1_heartrate_max,102.0,123.939476,21.939476,0.18592778
74,h1_heartrate_min,92.0,110.61335,18.61335,0.17234582
74,h1_mbp_max,165.0,121.21564,-43.784363,-0.37745142
74,h1_mbp_min,41.0,25.542686,-15.457314,-0.14582372
74,h1_mbp_noninvasive_max,163.0,111.96063,-51.039368,-0.44771373
74,h1_mbp_noninvasive_min,41.0,24.3339,-16.6661,-0.15722735
74,h1_resprate_max,44.0,34.938797,-9.061203,-0.18492252
74,h1_resprate_min,16.0,37.330704,21.330704,0.18076868
74,h1_spo2_max,93.0,78.05304,-14.94696,-0.16607732
74,h1_spo2_min,82.0,50.225353,-31.774647,-0.31774646
74,h1_sysbp_max,108.0,112.71953,4.719528,0.03188871
74,h1_sysbp_min,61.0,61.41444,0.41444016,0.002939295
74,h1_sysbp_noninvasive_max,108.0,116.05021,8.050209,0.054393306
74,h1_sysbp_noninvasive_min,61.0,56.146385,-4.853615,-0.034180384
74,h1_temp_max,37.1,34.23585,-2.8641472,-0.46953234
74,h1_temp_min,36.8,34.22548,-2.57452,-0.40226877
74,d1_bun_max,126.0,151.11188,25.111877,0.2058351
74,d1_bun_min,113.09,145.94156,32.851562,0.29840648
74,d1_calcium_max,6.4,5.361005,-1.0389953,-0.22586854
74,d1_calcium_min,6.2,6.117819,-0.08218098,-0.017121032
74,d1_creatinine_max,11.11,6.3114753,-4.7985244,-0.44554543
74,d1_creatinine_min,4.64,1.9807444,-2.6592555,-0.27591646
74,d1_glucose_max,161.0,208.54572,47.545715,0.08837493
74,d1_glucose_min,94.0,132.94925,38.94925,0.15274216
74,d1_hco3_max,28.0,38.5793,10.5793,0.3778321
74,d1_hco3_min,20.0,10.930149,-9.069851,-0.28343284
74,d1_hemaglobin_max,12.2,16.138382,3.9383821,0.37869066
74,d1_hemaglobin_min,12.2,6.8575697,-5.34243,-0.46863425
74,d1_hematocrit_max,38.0,32.911278,-5.088722,-0.16362453
74,d1_hematocrit_min,38.0,24.512669,-13.487331,-0.39785638
74,d1_platelets_max,332.0,583.89923,251.89923,0.45143235
74,d1_platelets_min,332.0,76.02251,-255.9775,-0.475
74,d1_potassium_max,6.6,5.272621,-1.3273787,-0.31604254
74,d1_potassium_min,4.9,4.6720886,-0.22791147,-0.067032814
74,d1_sodium_max,136.0,146.82674,10.826736,0.30933532
74,d1_sodium_min,128.0,127.79125,-0.20874786,-0.0057985485
74,d1_wbc_max,6.6,26.59793,19.99793,0.44558668
74,d1_wbc_min,6.6,4.4297748,-2.1702251,-0.054258347
74,apache_4a_hospital_death_prob,0.07,0.94107056,0.87107056,0.43993455
74,apache_4a_icu_death_prob,0.05,0.8888159,0.83881587,0.4257949
74,aids,0.0,0.074769646,0.074769646,0.074769646
74,cirrhosis,0.0,0.0398662,0.0398662,0.0398662
74,diabetes_mellitus,1.0,1.1291621,0.12916207,0.12916207
74,hepatic_failure,0.0,0.34477538,0.34477538,0.34477538
74,immunosuppression,0.0,-0.44240505,-0.44240505,-0.44240505
74,leukemia,0.0,0.29382104,0.29382104,0.29382104
74,lymphoma,0.0,-0.07427348,-0.07427348,-0.07427348
74,solid_tumor_with_metastasis,0.0,-0.29396886,-0.29396886,-0.29396886
74,apache_3j_bodysystem,3.0,5.476328,2.476328,0.24763279
74,apache_2_bodysystem,6.0,2.4289193,-3.5710807,-0.39678675
74,apache_3j_diagnosis_split0,110.0,129.27423,19.274231,0.17522025
75,age,56.0,90.02223,34.022232,0.46605796
75,bmi,23.331709,15.1290655,-8.202643,-0.15485433
75,elective_surgery,0.0,-0.41405207,-0.41405207,-0.41405207
75,ethnicity,3.0,5.495077,2.4950771,0.4158462
75,gender,1.0,0.4653592,-0.5346408,-0.2673204
75,height,163.8,138.67255,-25.127457,-0.43033835
75,hospital_admit_source,5.0,2.3812726,-2.6187274,-0.17458184
75,icu_admit_source,2.0,0.37863237,-1.6213677,-0.32427353
75,icu_stay_type,1.0,1.1621608,0.16216075,0.08108038
75,icu_type,5.0,5.5862837,0.5862837,0.08375478
75,pre_icu_los_days,0.21041666,-24.320427,-24.530844,-0.3647822
75,readmission_status,0.0,0.0,0.0,0.0
75,weight,62.6,64.55792,1.9579239,0.013283059
75,apache_2_diagnosis,304.0,238.84045,-65.159546,-0.3147804
75,apache_3j_diagnosis,311.01,945.61304,634.603,0.30218616
75,apache_post_operative,0.0,-0.42754972,-0.42754972,-0.42754972
75,arf_apache,0.0,-0.22047623,-0.22047623,-0.22047623
75,bun_apache,5.0,1.6071517,-3.3928483,-0.027584132
75,creatinine_apache,0.64,1.7892141,1.1492141,0.1056263
75,gcs_eyes_apache,4.0,3.6003351,-0.39966488,-0.13322163
75,gcs_motor_apache,6.0,6.696554,0.6965542,0.13931084
75,gcs_unable_apache,0.0,0.0,0.0,0.0
75,gcs_verbal_apache,5.0,5.056736,0.056735992,0.014183998
75,glucose_apache,50.0,248.28975,198.28975,0.35427862
75,heart_rate_apache,116.0,160.7755,44.775497,0.30253714
75,hematocrit_apache,33.0,21.474842,-11.525158,-0.32741925
75,intubated_apache,0.0,0.249367,0.249367,0.249367
75,map_apache,135.0,178.18158,43.18158,0.26988488
75,resprate_apache,35.0,9.257225,-25.742775,-0.4596924
75,sodium_apache,133.0,131.24664,-1.7533569,-0.042764783
75,temp_apache,37.4,40.47529,3.0752869,0.40464294
75,ventilated_apache,0.0,0.04186739,0.04186739,0.04186739
75,wbc_apache,5.9,-7.4727263,-13.372726,-0.29783353
75,d1_diasbp_max,110.0,165.24686,55.246857,0.46425933
75,d1_diasbp_min,39.0,41.88564,2.8856392,0.037475824
75,d1_diasbp_noninvasive_max,110.0,148.34628,38.346283,0.32223767
75,d1_diasbp_noninvasive_min,39.0,9.541285,-29.458715,-0.38258073
75,d1_heartrate_max,116.0,164.94458,48.94458,0.41129902
75,d1_heartrate_min,68.0,108.83144,40.831444,0.28553456
75,d1_mbp_max,135.0,128.47281,-6.527191,-0.05263865
75,d1_mbp_min,55.0,16.323067,-38.676933,-0.4297437
75,d1_mbp_noninvasive_max,135.0,163.72273,28.722733,0.23737794
75,d1_mbp_noninvasive_min,55.0,46.356697,-8.643303,-0.0960367
75,d1_resprate_max,35.0,3.8897314,-31.110268,-0.3988496
75,d1_resprate_min,15.0,45.718204,30.718204,0.42664176
75,d1_spo2_max,100.0,133.22864,33.228638,0.38193834
75,d1_spo2_min,90.0,96.81281,6.812813,0.06812817
75,d1_sysbp_max,195.0,160.7988,-34.201202,-0.24085355
75,d1_sysbp_min,75.0,78.91942,3.9194183,0.032936275
75,d1_sysbp_noninvasive_max,195.0,206.25955,11.259552,0.079292595
75,d1_sysbp_noninvasive_min,75.0,23.148184,-51.851814,-0.4358394
75,d1_temp_max,38.2,38.90413,0.70412827,0.14669335
75,d1_temp_min,36.6,35.301315,-1.2986832,-0.21970618
75,h1_diasbp_max,55.0,102.00343,47.003433,0.44342864
75,h1_diasbp_min,44.0,40.360332,-3.6396675,-0.03999634
75,h1_diasbp_noninvasive_max,55.0,20.14534,-34.85466,-0.3257445
75,h1_diasbp_noninvasive_min,44.0,6.2607517,-37.73925,-0.41020924
75,h1_heartrate_max,78.0,48.15241,-29.847591,-0.2529457
75,h1_heartrate_min,68.0,59.03348,-8.966518,-0.083023325
75,h1_mbp_max,64.0,15.902855,-48.097145,-0.41463056
75,h1_mbp_min,60.0,22.161495,-37.838505,-0.35696703
75,h1_mbp_noninvasive_max,64.0,34.007298,-29.992702,-0.2630939
75,h1_mbp_noninvasive_min,60.0,108.72739,48.727386,0.45969233
75,h1_resprate_max,28.0,5.188902,-22.811098,-0.4655326
75,h1_resprate_min,28.0,72.609375,44.609375,0.37804556
75,h1_spo2_max,100.0,57.249996,-42.750004,-0.47500002
75,h1_spo2_min,92.0,45.087887,-46.912113,-0.46912116
75,h1_sysbp_max,87.0,78.24761,-8.752388,-0.059137754
75,h1_sysbp_min,81.0,67.50472,-13.495277,-0.09571119
75,h1_sysbp_noninvasive_max,87.0,119.75577,32.755768,0.22132276
75,h1_sysbp_noninvasive_min,81.0,64.14152,-16.858482,-0.11872171
75,h1_temp_max,37.7,36.477596,-1.2224045,-0.20039415
75,h1_temp_min,37.7,38.683342,0.9833412,0.15364707
75,d1_bun_max,5.0,39.07065,34.07065,0.2792676
75,d1_bun_min,4.0,52.452187,48.452187,0.44011435
75,d1_calcium_max,9.0,7.048009,-1.9519911,-0.42434588
75,d1_calcium_min,8.2,7.7671347,-0.43286514,-0.09018025
75,d1_creatinine_max,0.82,-0.50664425,-1.3266442,-0.12317959
75,d1_creatinine_min,0.64,1.3578558,0.7178558,0.0744826
75,d1_glucose_max,133.0,52.083755,-80.916245,-0.15040195
75,d1_glucose_min,50.0,-69.090416,-119.090416,-0.46702123
75,d1_hco3_max,29.0,20.259495,-8.740505,-0.3121609
75,d1_hco3_min,27.0,41.84375,14.84375,0.4638672
75,d1_hemaglobin_max,12.3,10.911438,-1.3885622,-0.13351557
75,d1_hemaglobin_min,11.0,5.9452577,-5.0547423,-0.44339848
75,d1_hematocrit_max,36.5,30.770737,-5.7292633,-0.18422067
75,d1_hematocrit_min,33.0,18.41223,-14.58777,-0.4303177
75,d1_platelets_max,134.0,129.13158,-4.8684235,-0.008724779
75,d1_platelets_min,111.0,52.551403,-58.448597,-0.10845906
75,d1_potassium_max,3.7,4.914748,1.2147481,0.28922576
75,d1_potassium_min,3.1,4.6864557,1.5864558,0.46660465
75,d1_sodium_max,140.0,152.43973,12.439728,0.3554208
75,d1_sodium_min,133.0,147.465,14.464996,0.40180543
75,d1_wbc_max,8.0,8.302975,0.3029747,0.0067507625
75,d1_wbc_min,5.9,24.070211,18.170212,0.454278
75,apache_4a_hospital_death_prob,0.05,0.08420324,0.034203243,0.01727438
75,apache_4a_icu_death_prob,0.02,0.14936852,0.12936853,0.0656693
75,aids,0.0,0.26363325,0.26363325,0.26363325
75,cirrhosis,0.0,0.119611084,0.119611084,0.119611084
75,diabetes_mellitus,0.0,-0.2298496,-0.2298496,-0.2298496
75,hepatic_failure,0.0,0.09169121,0.09169121,0.09169121
75,immunosuppression,0.0,0.037838954,0.037838954,0.037838954
75,leukemia,0.0,0.28343016,0.28343016,0.28343016
75,lymphoma,0.0,0.4670744,0.4670744,0.4670744
75,solid_tumor_with_metastasis,0.0,0.15882184,0.15882184,0.15882184
75,apache_3j_bodysystem,2.0,6.041637,4.041637,0.4041637
75,apache_2_bodysystem,2.0,1.13092,-0.86907995,-0.09656444
75,apache_3j_diagnosis_split0,84.0,41.275166,-42.724834,-0.3884076
76,age,49.0,35.88797,-13.11203,-0.17961687
76,bmi,24.02659,1.5104427,-22.516148,-0.4250731
76,elective_surgery,0.0,0.03262881,0.03262881,0.03262881
76,ethnicity,3.0,0.7732773,-2.2267227,-0.37112045
76,gender,2.0,1.2138611,-0.7861389,-0.39306945
76,height,172.7,196.55588,23.85588,0.408561
76,hospital_admit_source,4.0,11.042677,7.042677,0.4695118
76,icu_admit_source,1.0,2.5773425,1.5773425,0.3154685
76,icu_stay_type,1.0,1.5457953,0.5457953,0.27289766
76,icu_type,7.0,9.200146,2.2001457,0.31430656
76,pre_icu_los_days,0.008333333,-10.731802,-10.740135,-0.15970957
76,readmission_status,0.0,0.0,0.0,0.0
76,weight,71.66,15.070988,-56.589016,-0.38391465
76,apache_2_diagnosis,120.0,163.88858,43.88858,0.21202211
76,apache_3j_diagnosis,407.01,379.2877,-27.72232,-0.013200864
76,apache_post_operative,0.0,-0.36478418,-0.36478418,-0.36478418
76,arf_apache,0.0,0.38538074,0.38538074,0.38538074
76,bun_apache,8.0,32.09308,24.093079,0.19587868
76,creatinine_apache,1.11,-1.877295,-2.9872952,-0.27456754
76,gcs_eyes_apache,1.0,0.123101294,-0.8768987,-0.29229957
76,gcs_motor_apache,1.0,-1.3494031,-2.3494031,-0.46988064
76,gcs_unable_apache,0.0,0.0,0.0,0.0
76,gcs_verbal_apache,1.0,1.885758,0.88575804,0.22143951
76,glucose_apache,81.0,268.75378,187.75378,0.33545431
76,heart_rate_apache,118.0,106.15002,-11.849983,-0.080067456
76,hematocrit_apache,33.4,34.18498,0.78497696,0.022300482
76,intubated_apache,1.0,0.6021411,-0.39785892,-0.39785892
76,map_apache,147.0,80.61898,-66.38102,-0.41488135
76,resprate_apache,36.0,53.810623,17.810623,0.3180468
76,sodium_apache,135.0,122.10862,-12.89138,-0.31442392
76,temp_apache,36.7,40.11963,3.4196281,0.44995105
76,ventilated_apache,1.0,0.56032175,-0.43967825,-0.43967825
76,wbc_apache,5.2,19.190048,13.990048,0.3115824
76,d1_diasbp_max,114.0,69.304405,-44.695595,-0.37559325
76,d1_diasbp_min,53.0,76.26297,23.26297,0.3021165
76,d1_diasbp_noninvasive_max,114.0,59.296608,-54.703392,-0.4596924
76,d1_diasbp_noninvasive_min,53.0,78.714775,25.714775,0.3339581
76,d1_heartrate_max,124.0,67.6406,-56.359398,-0.4736084
76,d1_heartrate_min,56.0,6.9916167,-49.008385,-0.34271598
76,d1_mbp_max,123.0,166.1133,43.113297,0.3476879
76,d1_mbp_min,112.0,113.05611,1.0561066,0.011734486
76,d1_mbp_noninvasive_max,123.0,174.29141,51.291412,0.42389596
76,d1_mbp_noninvasive_min,112.0,152.13248,40.132477,0.4459164
76,d1_resprate_max,33.0,22.69854,-10.30146,-0.13207
76,d1_resprate_min,18.0,5.1597257,-12.840275,-0.17833714
76,d1_spo2_max,100.0,90.367714,-9.632286,-0.110715926
76,d1_spo2_min,94.0,46.5,-47.5,-0.475
76,d1_sysbp_max,197.0,250.82356,53.823563,0.3790391
76,d1_sysbp_min,92.0,75.17935,-16.820648,-0.14135
76,d1_sysbp_noninvasive_max,197.0,254.1941,57.194107,0.40277535
76,d1_sysbp_noninvasive_min,92.0,131.68855,39.688553,0.33360136
76,d1_temp_max,39.2,37.45611,-1.7438927,-0.36331096
76,d1_temp_min,36.3,34.95315,-1.3468475,-0.22785443
76,h1_diasbp_max,107.0,133.42935,26.429352,0.2493335
76,h1_diasbp_min,78.0,100.508385,22.508385,0.24734485
76,h1_diasbp_noninvasive_max,107.0,56.770607,-50.229393,-0.4694336
76,h1_diasbp_noninvasive_min,78.0,48.815666,-29.184334,-0.317221
76,h1_heartrate_max,124.0,158.66528,34.665283,0.2937736
76,h1_heartrate_min,90.0,40.61022,-49.38978,-0.45731276
76,h1_mbp_max,123.0,178.09999,55.09999,0.47499996
76,h1_mbp_min,123.0,164.36502,41.36502,0.39023602
76,h1_mbp_noninvasive_max,123.0,94.53789,-28.462112,-0.24966767
76,h1_mbp_noninvasive_min,123.0,157.1443,34.144302,0.32211602
76,h1_resprate_max,22.0,37.59909,15.599091,0.31834877
76,h1_resprate_min,18.0,41.575104,23.575104,0.19978903
76,h1_spo2_max,100.0,130.17651,30.176514,0.3352946
76,h1_spo2_min,94.0,84.3902,-9.609802,-0.096098006
76,h1_sysbp_max,197.0,149.89078,-47.109222,-0.31830555
76,h1_sysbp_min,127.0,115.042206,-11.957794,-0.08480707
76,h1_sysbp_noninvasive_max,197.0,202.13745,5.137451,0.034712493
76,h1_sysbp_noninvasive_min,127.0,113.8954,-13.104599,-0.0922859
76,h1_temp_max,38.5,36.29907,-2.2009315,-0.36080846
76,h1_temp_min,36.7,36.084366,-0.6156349,-0.096192956
76,d1_bun_max,8.0,55.6391,47.6391,0.39048442
76,d1_bun_min,8.0,-23.721653,-31.721653,-0.28814292
76,d1_calcium_max,7.8,6.6980867,-1.1019135,-0.23954642
76,d1_calcium_min,7.8,7.527091,-0.27290916,-0.056856066
76,d1_creatinine_max,1.11,2.2172348,1.1072348,0.10280732
76,d1_creatinine_min,1.11,-2.6431472,-3.7531471,-0.38941544
76,d1_glucose_max,105.0,95.405045,-9.594955,-0.017834488
76,d1_glucose_min,81.0,4.425089,-76.57491,-0.30029377
76,d1_hco3_max,25.0,13.3643675,-11.6356325,-0.41555828
76,d1_hco3_min,25.0,11.084974,-13.915026,-0.43484455
76,d1_hemaglobin_max,11.6,8.700435,-2.8995657,-0.27880442
76,d1_hemaglobin_min,11.6,10.879909,-0.7200918,-0.06316596
76,d1_hematocrit_max,33.4,47.152893,13.752892,0.44221514
76,d1_hematocrit_min,33.4,46.759224,13.359222,0.39407736
76,d1_platelets_max,194.0,431.04697,237.04697,0.42481536
76,d1_platelets_min,194.0,-52.379955,-246.37996,-0.45719045
76,d1_potassium_max,3.1,2.2132096,-0.8867903,-0.21114054
76,d1_potassium_min,3.1,4.715,1.6150002,0.47500002
76,d1_sodium_max,135.0,121.51522,-13.484779,-0.38527942
76,d1_sodium_min,135.0,121.5606,-13.4394,-0.37331665
76,d1_wbc_max,5.2,20.069016,14.869016,0.331306
76,d1_wbc_min,5.2,22.55899,17.35899,0.43399644
76,apache_4a_hospital_death_prob,0.19,-0.48028296,-0.67028296,-0.3385268
76,apache_4a_icu_death_prob,0.09,-0.45783496,-0.547835,-0.2780888
76,aids,0.0,-0.43673098,-0.43673098,-0.43673098
76,cirrhosis,0.0,0.4026174,0.4026174,0.4026174
76,diabetes_mellitus,0.0,0.43899238,0.43899238,0.43899238
76,hepatic_failure,0.0,-0.475,-0.475,-0.475
76,immunosuppression,0.0,-0.020298991,-0.020298991,-0.020298991
76,leukemia,0.0,0.01753737,0.01753737,0.01753737
76,lymphoma,0.0,0.44784415,0.44784415,0.44784415
76,solid_tumor_with_metastasis,0.0,0.19793299,0.19793299,0.19793299
76,apache_3j_bodysystem,8.0,8.3901825,0.3901825,0.039018273
76,apache_2_bodysystem,5.0,5.7799883,0.7799883,0.08666536
76,apache_3j_diagnosis_split0,93.0,136.31168,43.311676,0.3937425
77,age,70.0,87.90904,17.909042,0.24532938
77,bmi,30.273438,18.157545,-12.115892,-0.22873095
77,elective_surgery,0.0,-0.048215363,-0.048215363,-0.048215363
77,ethnicity,3.0,5.352786,2.352786,0.392131
77,gender,1.0,1.757688,0.75768805,0.37884402
77,height,160.0,167.29572,7.2957153,0.124948055
77,hospital_admit_source,4.0,4.4148617,0.41486168,0.02765745
77,icu_admit_source,1.0,0.6077997,-0.3922003,-0.078440055
77,icu_stay_type,1.0,0.07106531,-0.9289347,-0.46446735
77,icu_type,6.0,2.934676,-3.065324,-0.43790346
77,pre_icu_los_days,0.00625,16.029394,16.023144,0.23826975
77,readmission_status,0.0,0.0,0.0,0.0
77,weight,77.5,29.412136,-48.087864,-0.3262406
77,apache_2_diagnosis,120.0,79.60651,-40.393494,-0.19513765
77,apache_3j_diagnosis,407.01,-228.78806,-635.7981,-0.30275524
77,apache_post_operative,0.0,-0.24121647,-0.24121647,-0.24121647
77,arf_apache,0.0,0.21735324,0.21735324,0.21735324
77,bun_apache,51.0,64.12824,13.1282425,0.10673368
77,creatinine_apache,2.66,3.4388316,0.7788315,0.07158376
77,gcs_eyes_apache,3.0,2.0186727,-0.9813273,-0.32710913
77,gcs_motor_apache,4.0,2.6891842,-1.3108158,-0.2621632
77,gcs_unable_apache,0.0,0.0,0.0,0.0
77,gcs_verbal_apache,3.0,1.1222657,-1.8777343,-0.46943358
77,glucose_apache,203.0,411.56268,208.56268,0.37263298
77,heart_rate_apache,43.0,62.09574,19.095741,0.12902528
77,hematocrit_apache,28.8,44.499504,15.699505,0.44600862
77,intubated_apache,1.0,0.93428624,-0.06571376,-0.06571376
77,map_apache,189.0,251.59457,62.594574,0.39121616
77,resprate_apache,32.0,38.53977,6.539768,0.11678159
77,sodium_apache,141.0,150.76538,9.765381,0.23818004
77,temp_apache,36.8,38.968376,2.168377,0.28531277
77,ventilated_apache,1.0,1.0963564,0.09635639,0.09635639
77,wbc_apache,5.6,7.995376,2.3953762,0.053349137
77,d1_diasbp_max,90.0,73.27689,-16.723106,-0.14053032
77,d1_diasbp_min,49.0,27.80653,-21.19347,-0.27523986
77,d1_diasbp_noninvasive_max,90.0,109.45587,19.455872,0.16349474
77,d1_diasbp_noninvasive_min,49.0,25.485882,-23.514118,-0.30537814
77,d1_heartrate_max,80.0,135.82043,55.820435,0.46907932
77,d1_heartrate_min,44.0,31.872663,-12.1273365,-0.08480656
77,d1_mbp_max,124.0,108.54695,-15.453049,-0.12462133
77,d1_mbp_min,71.0,75.672165,4.672165,0.051912963
77,d1_mbp_noninvasive_max,124.0,160.22073,36.220734,0.29934496
77,d1_mbp_noninvasive_min,71.0,41.71798,-29.28202,-0.32535577
77,d1_resprate_max,19.0,17.414322,-1.5856781,-0.02032921
77,d1_resprate_min,10.0,28.329912,18.329912,0.2545821
77,d1_spo2_max,100.0,77.79556,-22.204437,-0.2552234
77,d1_spo2_min,98.0,121.191765,23.191765,0.23191762
77,d1_sysbp_max,212.0,262.62048,50.620483,0.35648227
77,d1_sysbp_min,103.0,56.061554,-46.938446,-0.39444077
77,d1_sysbp_noninvasive_max,212.0,187.88777,-24.112228,-0.16980445
77,d1_sysbp_noninvasive_min,103.0,54.976547,-48.023453,-0.40366018
77,d1_temp_max,37.8,38.415268,0.6152687,0.12818098
77,d1_temp_min,36.4,34.474525,-1.9254761,-0.32574457
77,h1_diasbp_max,90.0,68.34144,-21.658562,-0.20432606
77,h1_diasbp_min,71.0,50.78106,-20.21894,-0.22218618
77,h1_diasbp_noninvasive_max,90.0,101.70281,11.702812,0.10937208
77,h1_diasbp_noninvasive_min,71.0,34.668766,-36.331234,-0.3949047
77,h1_heartrate_max,80.0,83.69452,3.694519,0.031309485
77,h1_heartrate_min,54.0,82.1724,28.172401,0.26085556
77,h1_mbp_max,124.0,126.07432,2.074318,0.01788205
77,h1_mbp_min,102.0,76.59602,-25.403976,-0.23966017
77,h1_mbp_noninvasive_max,124.0,75.571045,-48.428955,-0.4248154
77,h1_mbp_noninvasive_min,102.0,93.82535,-8.174652,-0.07711941
77,h1_resprate_max,19.0,35.22418,16.224178,0.33110568
77,h1_resprate_min,14.0,8.435312,-5.5646877,-0.047158368
77,h1_spo2_max,100.0,136.04944,36.04944,0.4005493
77,h1_spo2_min,100.0,75.51621,-24.483788,-0.24483788
77,h1_sysbp_max,212.0,143.27386,-68.726135,-0.46436578
77,h1_sysbp_min,163.0,143.8172,-19.1828,-0.1360482
77,h1_sysbp_noninvasive_max,212.0,204.28404,-7.7159576,-0.05213487
77,h1_sysbp_noninvasive_min,163.0,155.64444,-7.3555603,-0.051799715
77,h1_temp_max,37.2,36.364353,-0.8356476,-0.13699144
77,h1_temp_min,37.2,35.006958,-2.1930428,-0.34266293
77,d1_bun_max,51.0,46.8766,-4.1234016,-0.033798367
77,d1_bun_min,42.0,67.319084,25.319084,0.22998536
77,d1_calcium_max,9.7,9.929262,0.22926235,0.049839675
77,d1_calcium_min,8.8,7.226261,-1.573739,-0.32786226
77,d1_creatinine_max,2.66,3.3259068,0.66590667,0.06182976
77,d1_creatinine_min,2.13,3.180656,1.0506558,0.10901293
77,d1_glucose_max,203.0,310.76718,107.76718,0.20031075
77,d1_glucose_min,58.0,34.471252,-23.528748,-0.0922696
77,d1_hco3_max,24.0,37.007767,13.007767,0.4645631
77,d1_hco3_min,24.0,14.175912,-9.824088,-0.30700275
77,d1_hemaglobin_max,10.8,8.647966,-2.1520338,-0.20692633
77,d1_hemaglobin_min,9.2,4.5951347,-4.604865,-0.40393555
77,d1_hematocrit_max,34.6,45.585976,10.985977,0.35324687
77,d1_hematocrit_min,28.8,18.733358,-10.066641,-0.29695106
77,d1_platelets_max,235.0,255.36165,20.361649,0.03649041
77,d1_platelets_min,172.0,171.83763,-0.16236877,-0.00030127168
77,d1_potassium_max,4.8,4.342701,-0.45729923,-0.10888079
77,d1_potassium_min,3.6,4.767026,1.167026,0.34324294
77,d1_sodium_max,144.0,148.8645,4.864502,0.13898575
77,d1_sodium_min,141.0,128.3325,-12.667496,-0.3518749
77,d1_wbc_max,8.3,21.341055,13.041055,0.29057604
77,d1_wbc_min,5.6,7.8782196,2.2782197,0.05695834
77,apache_4a_hospital_death_prob,0.15,-0.57716286,-0.72716284,-0.36725393
77,apache_4a_icu_death_prob,0.05,0.8730817,0.8230817,0.417808
77,aids,0.0,-0.04243269,-0.04243269,-0.04243269
77,cirrhosis,0.0,-0.00765933,-0.00765933,-0.00765933
77,diabetes_mellitus,1.0,0.61537254,-0.38462746,-0.38462746
77,hepatic_failure,0.0,0.12969351,0.12969351,0.12969351
77,immunosuppression,0.0,0.47499996,0.47499996,0.47499996
77,leukemia,0.0,-0.18678755,-0.18678755,-0.18678755
77,lymphoma,0.0,-0.1369429,-0.1369429,-0.1369429
77,solid_tumor_with_metastasis,0.0,-0.20033275,-0.20033275,-0.20033275
77,apache_3j_bodysystem,8.0,9.200101,1.2001009,0.12001008
77,apache_2_bodysystem,5.0,0.89751166,-4.1024885,-0.45583203
77,apache_3j_diagnosis_split0,93.0,128.02725,35.027252,0.31842953
78,age,49.0,61.844013,12.844013,0.1759454
78,bmi,39.446,16.464853,-22.981146,-0.4338516
78,elective_surgery,0.0,-0.20126353,-0.20126353,-0.20126353
78,ethnicity,3.0,5.85,2.85,0.475
78,gender,2.0,1.106892,-0.893108,-0.446554
78,height,177.8,203.80057,26.000565,0.4452914
78,hospital_admit_source,4.0,0.5791333,-3.4208667,-0.22805779
78,icu_admit_source,3.0,1.8804302,-1.1195698,-0.22391397
78,icu_stay_type,3.0,2.3957362,-0.6042638,-0.3021319
78,icu_type,7.0,7.455657,0.455657,0.065093875
78,pre_icu_los_days,0.05347222,-13.34045,-13.393923,-0.1991723
78,readmission_status,0.0,0.0,0.0,0.0
78,weight,124.7,185.99963,61.299637,0.41587263
78,apache_2_diagnosis,217.0,161.9235,-55.076508,-0.2660701
78,apache_3j_diagnosis,1503.02,1716.4661,213.44604,0.10163903
78,apache_post_operative,1.0,1.1476192,0.14761925,0.14761925
78,arf_apache,0.0,-0.43333006,-0.43333006,-0.43333006
78,bun_apache,25.0,35.109543,10.109543,0.08219139
78,creatinine_apache,2.11,-2.582113,-4.692113,-0.43126038
78,gcs_eyes_apache,1.0,1.8708086,0.8708086,0.29026952
78,gcs_motor_apache,1.0,0.15132654,-0.84867346,-0.16973469
78,gcs_unable_apache,0.0,0.0,0.0,0.0
78,gcs_verbal_apache,1.0,1.0868398,0.086839795,0.021709949
78,glucose_apache,155.0,343.8011,188.80109,0.3373255
78,heart_rate_apache,94.0,58.52745,-35.47255,-0.2396794
78,hematocrit_apache,42.2,28.085129,-14.114872,-0.4009907
78,intubated_apache,1.0,0.9497772,-0.050222814,-0.050222814
78,map_apache,123.0,60.913513,-62.086487,-0.38804054
78,resprate_apache,35.0,39.268936,4.268936,0.076231
78,sodium_apache,132.0,113.552,-18.447998,-0.44995117
78,temp_apache,38.8,40.862137,2.0621376,0.27133393
78,ventilated_apache,1.0,0.72466433,-0.27533567,-0.27533567
78,wbc_apache,14.3,21.084883,6.7848825,0.15111095
78,d1_diasbp_max,110.0,129.21072,19.210724,0.16143465
78,d1_diasbp_min,68.0,80.9985,12.998497,0.16881162
78,d1_diasbp_noninvasive_max,110.0,122.69427,12.694267,0.10667449
78,d1_diasbp_noninvasive_min,68.0,34.61281,-33.38719,-0.43359992
78,d1_heartrate_max,94.0,45.938488,-48.061512,-0.40387827
78,d1_heartrate_min,58.0,70.66872,12.668716,0.08859241
78,d1_mbp_max,123.0,89.009476,-33.990524,-0.2741171
78,d1_mbp_min,71.0,28.750977,-42.249023,-0.4694336
78,d1_mbp_noninvasive_max,123.0,149.15817,26.158173,0.21618325
78,d1_mbp_noninvasive_min,71.0,74.95503,3.9550323,0.043944836
78,d1_resprate_max,38.0,72.39065,34.390648,0.44090572
78,d1_resprate_min,12.0,36.938858,24.938858,0.34637302
78,d1_spo2_max,100.0,73.124664,-26.875336,-0.30891192
78,d1_spo2_min,99.0,105.90906,6.9090576,0.069090605
78,d1_sysbp_max,152.0,124.477745,-27.522255,-0.1938187
78,d1_sysbp_min,98.0,107.76836,9.768356,0.08208701
78,d1_sysbp_noninvasive_max,152.0,216.9484,64.948395,0.45738307
78,d1_sysbp_noninvasive_min,98.0,47.892097,-50.107903,-0.421181
78,d1_temp_max,38.8,38.967476,0.16747665,0.03489101
78,d1_temp_min,31.889,30.649315,-1.239685,-0.20972511
78,h1_diasbp_max,110.0,134.17715,24.177155,0.22808641
78,h1_diasbp_min,110.0,92.62339,-17.37661,-0.19095176
78,h1_diasbp_noninvasive_max,110.0,137.03601,27.03601,0.25267297
78,h1_diasbp_noninvasive_min,110.0,98.55822,-11.44178,-0.12436718
78,h1_heartrate_max,70.0,105.32991,35.32991,0.29940605
78,h1_heartrate_min,70.0,23.370022,-46.62998,-0.43175906
78,h1_mbp_max,110.0,160.49936,50.49936,0.43533927
78,h1_mbp_min,101.0,131.91318,30.913177,0.29163373
78,h1_mbp_noninvasive_max,110.0,163.2378,53.237793,0.46699822
78,h1_mbp_noninvasive_min,101.0,100.09244,-0.90756226,-0.008561909
78,h1_resprate_max,29.0,14.526072,-14.473928,-0.29538628
78,h1_resprate_min,25.0,73.74736,48.74736,0.41311324
78,h1_spo2_max,100.0,112.587845,12.587845,0.13986492
78,h1_spo2_min,99.0,114.045906,15.045906,0.15045905
78,h1_sysbp_max,152.0,85.27666,-66.72334,-0.4508334
78,h1_sysbp_min,152.0,176.21783,24.217834,0.1717577
78,h1_sysbp_noninvasive_max,152.0,83.30821,-68.69179,-0.4641337
78,h1_sysbp_noninvasive_min,152.0,90.42881,-61.57119,-0.4335999
78,h1_temp_max,38.6,38.57508,-0.024917603,-0.004084885
78,h1_temp_min,38.6,37.30353,-1.2964668,-0.20257294
78,d1_bun_max,29.0,-3.495841,-32.495842,-0.26635936
78,d1_bun_min,24.0,74.60754,50.607536,0.45969242
78,d1_calcium_max,8.7,10.885,2.1850004,0.47500014
78,d1_calcium_min,7.3,6.362851,-0.93714905,-0.19523938
78,d1_creatinine_max,2.25,-1.838101,-4.088101,-0.37958226
78,d1_creatinine_min,1.97,5.0044913,3.0344913,0.3148498
78,d1_glucose_max,185.0,-16.718239,-201.71823,-0.374941
78,d1_glucose_min,106.0,76.71719,-29.282806,-0.11483455
78,d1_hco3_max,22.0,31.09092,9.0909195,0.32467568
78,d1_hco3_min,15.0,27.767832,12.767832,0.39899474
78,d1_hemaglobin_max,14.6,10.052118,-4.547882,-0.4372964
78,d1_hemaglobin_min,14.2,14.867251,0.6672516,0.058530807
78,d1_hematocrit_max,42.5,45.785988,3.2859879,0.10565877
78,d1_hematocrit_min,42.2,40.19493,-2.0050697,-0.059146583
78,d1_platelets_max,196.0,342.94513,146.94513,0.26334253
78,d1_platelets_min,163.0,415.97775,252.97775,0.46943358
78,d1_potassium_max,4.5,2.528379,-1.971621,-0.4694336
78,d1_potassium_min,3.5,2.1399632,-1.3600368,-0.40001082
78,d1_sodium_max,153.0,155.10928,2.1092834,0.060265243
78,d1_sodium_min,132.0,125.61755,-6.3824463,-0.17729017
78,d1_wbc_max,14.7,-0.42111862,-15.121119,-0.33692333
78,d1_wbc_min,14.3,17.73665,3.4366503,0.08592054
78,apache_4a_hospital_death_prob,-1.0,-1.6936331,-0.6936331,-0.35031974
78,apache_4a_icu_death_prob,0.19,0.976686,0.786686,0.39933294
78,aids,0.0,-0.43130594,-0.43130594,-0.43130594
78,cirrhosis,0.0,-0.4194939,-0.4194939,-0.4194939
78,diabetes_mellitus,0.0,-0.062087018,-0.062087018,-0.062087018
78,hepatic_failure,0.0,-0.2798484,-0.2798484,-0.2798484
78,immunosuppression,0.0,-0.4520386,-0.4520386,-0.4520386
78,leukemia,0.0,0.27105802,0.27105802,0.27105802
78,lymphoma,0.0,0.3177722,0.3177722,0.3177722
78,solid_tumor_with_metastasis,0.0,-0.26863897,-0.26863897,-0.26863897
78,apache_3j_bodysystem,8.0,3.5779467,-4.4220533,-0.4422053
78,apache_2_bodysystem,5.0,9.090264,4.0902643,0.45447382
78,apache_3j_diagnosis_split0,44.0,7.1156564,-36.884342,-0.33531222
79,age,35.0,32.454674,-2.5453262,-0.03486748
79,bmi,51.551624,33.1202,-18.431423,-0.34795928
79,elective_surgery,0.0,-0.20108397,-0.20108397,-0.20108397
79,ethnicity,5.0,3.3891873,-1.6108127,-0.2684688
79,gender,1.0,0.8531926,-0.14680737,-0.07340369
79,height,158.8,158.03845,-0.7615509,-0.01304248
79,hospital_admit_source,3.0,8.477151,5.477151,0.36514336
79,icu_admit_source,1.0,1.8572564,0.8572564,0.17145129
79,icu_stay_type,1.0,0.100025296,-0.8999747,-0.44998735
79,icu_type,6.0,5.7208323,-0.27916765,-0.03988111
79,pre_icu_los_days,0.003472222,29.82553,29.822058,0.44346443
79,readmission_status,0.0,0.0,0.0,0.0
79,weight,130.0,191.24258,61.242584,0.41548562
79,apache_2_diagnosis,122.0,66.70895,-55.291054,-0.26710653
79,apache_3j_diagnosis,703.03,337.09525,-365.93478,-0.17425135
79,apache_post_operative,0.0,0.09190492,0.09190492,0.09190492
79,arf_apache,0.0,-0.29478598,-0.29478598,-0.29478598
79,bun_apache,11.0,-20.264704,-31.264704,-0.25418457
79,creatinine_apache,1.05,-1.8078766,-2.8578765,-0.26267248
79,gcs_eyes_apache,1.0,2.179625,1.179625,0.39320835
79,gcs_motor_apache,1.0,-0.14882493,-1.1488249,-0.22976498
79,gcs_unable_apache,0.0,0.0,0.0,0.0
79,gcs_verbal_apache,1.0,-0.37366533,-1.3736653,-0.34341633
79,glucose_apache,154.0,207.47577,53.47577,0.09554364
79,heart_rate_apache,114.0,137.44153,23.441528,0.15838867
79,hematocrit_apache,35.3,40.465805,5.165806,0.14675587
79,intubated_apache,1.0,0.6480612,-0.35193878,-0.35193878
79,map_apache,55.0,73.01297,18.01297,0.11258106
79,resprate_apache,40.0,39.116573,-0.88342667,-0.015775442
79,sodium_apache,143.0,153.86517,10.865173,0.26500422
79,temp_apache,36.9,36.934174,0.034172058,0.004496336
79,ventilated_apache,1.0,0.6303788,-0.36962122,-0.36962122
79,wbc_apache,9.8,9.628986,-0.17101383,-0.0038087666
79,d1_diasbp_max,91.0,96.90364,5.9036407,0.049610406
79,d1_diasbp_min,43.0,53.500954,10.500954,0.13637605
79,d1_diasbp_noninvasive_max,91.0,87.478645,-3.5213547,-0.029591233
79,d1_diasbp_noninvasive_min,43.0,77.05065,34.05065,0.44221625
79,d1_heartrate_max,114.0,110.92525,-3.0747528,-0.025838256
79,d1_heartrate_min,86.0,59.20268,-26.797321,-0.18739384
79,d1_mbp_max,100.0,119.98046,19.980461,0.16113275
79,d1_mbp_min,55.0,47.33354,-7.666458,-0.085182875
79,d1_mbp_noninvasive_max,100.0,73.89782,-26.10218,-0.2157205
79,d1_mbp_noninvasive_min,55.0,43.487305,-11.512695,-0.12791884
79,d1_resprate_max,39.0,44.429146,5.429146,0.06960443
79,d1_resprate_min,13.0,27.681114,14.681114,0.20390436
79,d1_spo2_max,100.0,92.32637,-7.6736298,-0.088202655
79,d1_spo2_min,93.0,123.88124,30.88124,0.30881244
79,d1_sysbp_max,129.0,123.81735,-5.1826477,-0.03649752
79,d1_sysbp_min,82.0,93.65277,11.652771,0.097922444
79,d1_sysbp_noninvasive_max,129.0,89.43808,-39.56192,-0.27860507
79,d1_sysbp_noninvasive_min,82.0,62.70161,-19.29839,-0.16221224
79,d1_temp_max,37.3,38.340473,1.0404739,0.21676543
79,d1_temp_min,36.9,38.416775,1.5167732,0.25660187
79,h1_diasbp_max,91.0,128.19534,37.195343,0.35089946
79,h1_diasbp_min,59.0,50.91256,-8.0874405,-0.08887297
79,h1_diasbp_noninvasive_max,91.0,72.32428,-18.67572,-0.17453942
79,h1_diasbp_noninvasive_min,59.0,43.327194,-15.672806,-0.17035657
79,h1_heartrate_max,111.0,66.40821,-44.59179,-0.37789655
79,h1_heartrate_min,107.0,99.03065,-7.9693527,-0.07379031
79,h1_mbp_max,100.0,55.669117,-44.330883,-0.3821628
79,h1_mbp_min,75.0,37.96965,-37.03035,-0.34934294
79,h1_mbp_noninvasive_max,100.0,75.40602,-24.593979,-0.21573664
79,h1_mbp_noninvasive_min,75.0,105.941795,30.941795,0.29190373
79,h1_resprate_max,22.0,28.949932,6.949932,0.14183533
79,h1_resprate_min,14.0,-15.329519,-29.32952,-0.24855524
79,h1_spo2_max,100.0,71.0891,-28.910896,-0.3212322
79,h1_spo2_min,98.0,93.67781,-4.3221893,-0.04322189
79,h1_sysbp_max,125.0,71.885376,-53.114624,-0.3588826
79,h1_sysbp_min,102.0,95.322556,-6.6774445,-0.047357768
79,h1_sysbp_noninvasive_max,125.0,153.22693,28.226929,0.1907225
79,h1_sysbp_noninvasive_min,102.0,127.95557,25.955566,0.18278569
79,h1_temp_max,37.1,35.30689,-1.7931099,-0.29395247
79,h1_temp_min,37.1,34.059998,-3.040001,-0.47500014
79,d1_bun_max,11.0,66.46208,55.462082,0.45460725
79,d1_bun_min,11.0,59.298992,48.298992,0.4387228
79,d1_calcium_max,7.8,6.1724157,-1.6275845,-0.3538227
79,d1_calcium_min,7.8,9.379363,1.5793629,0.3290339
79,d1_creatinine_max,1.05,3.6488228,2.5988228,0.24130203
79,d1_creatinine_min,1.05,-2.872151,-3.9221509,-0.40695074
79,d1_glucose_max,154.0,75.852684,-78.147316,-0.14525524
79,d1_glucose_min,103.0,167.9164,64.9164,0.2545741
79,d1_hco3_max,25.0,31.448025,6.4480247,0.23028663
79,d1_hco3_min,25.0,12.797594,-12.202406,-0.3813252
79,d1_hemaglobin_max,11.4,15.330126,3.9301262,0.3778968
79,d1_hemaglobin_min,11.4,10.304659,-1.0953407,-0.09608254
79,d1_hematocrit_max,35.3,48.465157,13.165157,0.42331693
79,d1_hematocrit_min,35.3,35.623108,0.32310867,0.00953126
79,d1_platelets_max,418.0,666.1425,248.14252,0.44469988
79,d1_platelets_min,418.0,351.26822,-66.73178,-0.12382966
79,d1_potassium_max,3.5,4.289505,0.789505,0.1879774
79,d1_potassium_min,3.5,2.5135787,-0.98642135,-0.2901239
79,d1_sodium_max,143.0,150.94228,7.942276,0.22692215
79,d1_sodium_min,143.0,151.14177,8.141769,0.22616029
79,d1_wbc_max,9.8,17.768974,7.968974,0.17756179
79,d1_wbc_min,9.8,24.073301,14.273301,0.3568504
79,apache_4a_hospital_death_prob,0.09,-0.68199086,-0.7719909,-0.38989437
79,apache_4a_icu_death_prob,0.08,0.5061015,0.4261015,0.21629512
79,aids,0.0,0.4497772,0.4497772,0.4497772
79,cirrhosis,0.0,0.06907678,0.06907678,0.06907678
79,diabetes_mellitus,0.0,0.4092574,0.4092574,0.4092574
79,hepatic_failure,0.0,0.1271309,0.1271309,0.1271309
79,immunosuppression,0.0,0.025556188,0.025556188,0.025556188
79,leukemia,0.0,-0.14699772,-0.14699772,-0.14699772
79,lymphoma,0.0,-0.34002292,-0.34002292,-0.34002292
79,solid_tumor_with_metastasis,0.0,0.38819498,0.38819498,0.38819498
79,apache_3j_bodysystem,6.0,5.9514694,-0.04853058,-0.00485307
79,apache_2_bodysystem,4.0,2.2089612,-1.7910388,-0.19900432
79,apache_3j_diagnosis_split0,106.0,115.39984,9.399841,0.08545309
80,age,81.0,104.81933,23.819328,0.32629222
80,bmi,21.786196,1.7686834,-20.017513,-0.3779024
80,elective_surgery,0.0,-0.15259276,-0.15259276,-0.15259276
80,ethnicity,3.0,5.0564137,2.0564137,0.34273562
80,gender,1.0,0.96543014,-0.03456986,-0.01728493
80,height,162.6,134.86476,-27.735245,-0.4749999
80,hospital_admit_source,4.0,10.553501,6.553501,0.43690008
80,icu_admit_source,1.0,2.187848,1.1878481,0.23756962
80,icu_stay_type,1.0,1.8999023,0.89990234,0.44995117
80,icu_type,5.0,1.6896881,-3.3103118,-0.47290173
80,pre_icu_los_days,0.008333333,-16.062597,-16.07093,-0.23898035
80,readmission_status,0.0,0.0,0.0,0.0
80,weight,57.6,0.29286957,-57.30713,-0.3887865
80,apache_2_diagnosis,124.0,129.59607,5.5960693,0.027034156
80,apache_3j_diagnosis,305.02,-363.0694,-668.08936,-0.31813174
80,apache_post_operative,0.0,-0.475,-0.475,-0.475
80,arf_apache,0.0,0.43507117,0.43507117,0.43507117
80,bun_apache,34.0,2.7548087,-31.245192,-0.25402597
80,creatinine_apache,0.98,4.9430923,3.9630923,0.3642548
80,gcs_eyes_apache,4.0,2.9338443,-1.0661557,-0.35538524
80,gcs_motor_apache,6.0,3.6528316,-2.3471684,-0.46943367
80,gcs_unable_apache,0.0,0.0,0.0,0.0
80,gcs_verbal_apache,5.0,5.451147,0.45114708,0.11278677
80,glucose_apache,93.0,83.93263,-9.067368,-0.016200408
80,heart_rate_apache,115.0,108.92689,-6.0731125,-0.04103452
80,hematocrit_apache,19.9,3.9119558,-15.988044,-0.45420578
80,intubated_apache,0.0,-0.027168192,-0.027168192,-0.027168192
80,map_apache,163.0,237.55273,74.552734,0.4659546
80,resprate_apache,37.0,22.324928,-14.675072,-0.26205486
80,sodium_apache,143.0,133.53351,-9.466492,-0.23089004
80,temp_apache,36.6,33.378857,-3.2211418,-0.42383444
80,ventilated_apache,0.0,0.3261944,0.3261944,0.3261944
80,wbc_apache,12.0,3.7958841,-8.204116,-0.18271974
80,d1_diasbp_max,118.0,127.47051,9.470512,0.07958412
80,d1_diasbp_min,58.0,36.838997,-21.161003,-0.27481818
80,d1_diasbp_noninvasive_max,118.0,143.19705,25.197052,0.2117399
80,d1_diasbp_noninvasive_min,58.0,38.470703,-19.529297,-0.2536272
80,d1_heartrate_max,116.0,169.11884,53.118835,0.44637677
80,d1_heartrate_min,78.0,113.759056,35.759056,0.2500633
80,d1_mbp_max,163.0,180.37341,17.373413,0.14010817
80,d1_mbp_min,82.0,116.24038,34.24038,0.38044864
80,d1_mbp_noninvasive_max,163.0,121.055504,-41.944496,-0.34664875
80,d1_mbp_noninvasive_min,82.0,39.25,-42.75,-0.47500002
80,d1_resprate_max,33.0,39.673702,6.6737022,0.08556028
80,d1_resprate_min,11.0,44.13154,33.13154,0.46016026
80,d1_spo2_max,100.0,62.892315,-37.107685,-0.42652512
80,d1_spo2_min,92.0,97.84844,5.848442,0.058484375
80,d1_sysbp_max,232.0,182.93745,-49.062546,-0.3455109
80,d1_sysbp_min,118.0,62.159634,-55.840366,-0.4692468
80,d1_sysbp_noninvasive_max,232.0,262.18842,30.188416,0.21259451
80,d1_sysbp_noninvasive_min,118.0,106.22004,-11.779961,-0.09901625
80,d1_temp_max,37.0,37.461624,0.46162415,0.09617168
80,d1_temp_min,36.6,36.453194,-0.14680481,-0.024835825
80,h1_diasbp_max,82.0,38.88812,-43.11188,-0.40671587
80,h1_diasbp_min,74.0,97.69333,23.693329,0.2603662
80,h1_diasbp_noninvasive_max,82.0,68.53324,-13.466759,-0.12585756
80,h1_diasbp_noninvasive_min,74.0,51.90966,-22.09034,-0.24011236
80,h1_heartrate_max,88.0,54.163704,-33.836296,-0.2867483
80,h1_heartrate_min,81.0,105.488144,24.488144,0.22674206
80,h1_mbp_max,118.0,80.210556,-37.789444,-0.32577106
80,h1_mbp_min,106.0,123.71761,17.717613,0.16714728
80,h1_mbp_noninvasive_max,118.0,70.81525,-47.184753,-0.41390136
80,h1_mbp_noninvasive_min,106.0,137.89316,31.893158,0.30087888
80,h1_resprate_max,24.0,7.384065,-16.615934,-0.33910072
80,h1_resprate_min,13.0,-42.70618,-55.70618,-0.47208628
80,h1_spo2_max,95.0,99.837845,4.837845,0.053753853
80,h1_spo2_min,94.0,53.244633,-40.755367,-0.40755367
80,h1_sysbp_max,218.0,199.87003,-18.129974,-0.12249982
80,h1_sysbp_min,172.0,157.34749,-14.652512,-0.10391849
80,h1_sysbp_noninvasive_max,218.0,181.8746,-36.125397,-0.2440905
80,h1_sysbp_noninvasive_min,172.0,189.36812,17.368118,0.1223107
80,h1_temp_max,36.7,37.432922,0.7329216,0.1201511
80,h1_temp_min,36.7,33.66,-3.040001,-0.47500014
80,d1_bun_max,34.0,11.0637,-22.9363,-0.18800247
80,d1_bun_min,34.0,44.79138,10.791382,0.098023266
80,d1_calcium_max,7.4,5.414764,-1.9852362,-0.4315731
80,d1_calcium_min,7.4,6.583505,-0.81649494,-0.17010312
80,d1_creatinine_max,0.98,-3.358424,-4.3384237,-0.40282485
80,d1_creatinine_min,0.98,2.5540257,1.5740256,0.16331625
80,d1_glucose_max,114.0,294.8058,180.80579,0.33607024
80,d1_glucose_min,93.0,49.228035,-43.771965,-0.17165476
80,d1_hco3_max,24.0,37.3,13.299999,0.475
80,d1_hco3_min,24.0,11.27408,-12.72592,-0.397685
80,d1_hemaglobin_max,9.7,14.0389385,4.3389387,0.41720566
80,d1_hemaglobin_min,7.0,2.3757982,-4.624202,-0.40563172
80,d1_hematocrit_max,28.0,13.902643,-14.097357,-0.4532912
80,d1_hematocrit_min,19.9,21.42397,1.5239697,0.04495486
80,d1_platelets_max,183.0,-73.13072,-256.13074,-0.45901564
80,d1_platelets_min,183.0,29.805246,-153.19475,-0.28427306
80,d1_potassium_max,3.9,4.9480762,1.0480762,0.24954197
80,d1_potassium_min,3.8,4.359698,0.55969787,0.16461703
80,d1_sodium_max,143.0,132.83278,-10.167221,-0.29049206
80,d1_sodium_min,143.0,130.24332,-12.756683,-0.3543523
80,d1_wbc_max,12.0,-9.085915,-21.085915,-0.46982875
80,d1_wbc_min,12.0,19.071735,7.0717354,0.17680222
80,apache_4a_hospital_death_prob,0.05,0.7795255,0.7295255,0.36844724
80,apache_4a_icu_death_prob,0.02,0.0035122633,-0.016487736,-0.008369386
80,aids,0.0,0.3601396,0.3601396,0.3601396
80,cirrhosis,0.0,-0.20660363,-0.20660363,-0.20660363
80,diabetes_mellitus,0.0,-0.37837642,-0.37837642,-0.37837642
80,hepatic_failure,0.0,0.22500993,0.22500993,0.22500993
80,immunosuppression,0.0,0.083686456,0.083686456,0.083686456
80,leukemia,0.0,-0.07909794,-0.07909794,-0.07909794
80,lymphoma,0.0,-0.36863893,-0.36863893,-0.36863893
80,solid_tumor_with_metastasis,0.0,0.2851419,0.2851419,0.2851419
80,apache_3j_bodysystem,2.0,-1.921186,-3.921186,-0.3921186
80,apache_2_bodysystem,2.0,0.7746242,-1.2253758,-0.13615286
80,apache_3j_diagnosis_split0,78.0,129.46547,51.46547,0.4678679
81,age,86.0,109.24252,23.242523,0.3183908
81,bmi,25.512453,0.35167408,-25.160778,-0.475
81,elective_surgery,1.0,0.5552674,-0.4447326,-0.4447326
81,ethnicity,3.0,2.7538264,-0.24617362,-0.041028947
81,gender,2.0,1.1494031,-0.8505969,-0.42529845
81,height,175.3,157.2058,-18.094208,-0.30988538
81,hospital_admit_source,9.0,2.1359255,-6.8640747,-0.457605
81,icu_admit_source,3.0,3.999981,0.9999809,0.1999962
81,icu_stay_type,1.0,1.8890481,0.8890481,0.44452405
81,icu_type,5.0,2.1552873,-2.8447127,-0.40638757
81,pre_icu_los_days,6.007639,37.9504,31.942762,0.475
81,readmission_status,0.0,0.0,0.0,0.0
81,weight,78.4,84.51341,6.113411,0.04147497
81,apache_2_diagnosis,214.0,158.53079,-55.469208,-0.2679672
81,apache_3j_diagnosis,1404.01,1923.9655,519.95544,0.2475931
81,apache_post_operative,1.0,0.7098983,-0.2901017,-0.2901017
81,arf_apache,0.0,-0.20994872,-0.20994872,-0.20994872
81,bun_apache,12.0,16.4312,4.4312,0.036026016
81,creatinine_apache,1.39,0.13943785,-1.2505622,-0.114941366
81,gcs_eyes_apache,4.0,5.372815,1.3728151,0.457605
81,gcs_motor_apache,6.0,5.5205784,-0.47942162,-0.09588432
81,gcs_unable_apache,0.0,0.0,0.0,0.0
81,gcs_verbal_apache,5.0,3.7878213,-1.2121787,-0.30304468
81,glucose_apache,201.0,283.38184,82.381836,0.14718929
81,heart_rate_apache,88.0,36.43133,-51.56867,-0.34843695
81,hematocrit_apache,33.7,25.78692,-7.91308,-0.22480342
81,intubated_apache,1.0,1.2720959,0.27209592,0.27209592
81,map_apache,115.0,190.18362,75.183624,0.46989763
81,resprate_apache,26.0,19.506279,-6.493721,-0.11595929
81,sodium_apache,136.0,140.94656,4.9465637,0.12064788
81,temp_apache,36.4,36.61432,0.21431732,0.028199673
81,ventilated_apache,1.0,1.3799093,0.37990928,0.37990928
81,wbc_apache,20.8,11.471162,-9.328837,-0.20776922
81,d1_diasbp_max,95.0,50.89488,-44.10512,-0.37063128
81,d1_diasbp_min,55.0,80.69264,25.692642,0.33367068
81,d1_diasbp_noninvasive_max,95.0,86.99875,-8.001251,-0.06723741
81,d1_diasbp_noninvasive_min,55.0,80.69263,25.692627,0.33367044
81,d1_heartrate_max,88.0,47.736248,-40.263752,-0.33835086
81,d1_heartrate_min,69.0,120.52126,51.521263,0.36028856
81,d1_mbp_max,135.0,158.86452,23.864517,0.19245577
81,d1_mbp_min,75.0,37.208176,-37.791824,-0.41990915
81,d1_mbp_noninvasive_max,135.0,132.99191,-2.0080872,-0.01659578
81,d1_mbp_noninvasive_min,75.0,39.004566,-35.995434,-0.39994925
81,d1_resprate_max,28.0,20.198025,-7.8019753,-0.100025326
81,d1_resprate_min,14.0,-1.5024273,-15.502427,-0.2153115
81,d1_spo2_max,100.0,113.49852,13.49852,0.15515542
81,d1_spo2_min,95.0,65.00286,-29.997139,-0.2999714
81,d1_sysbp_max,189.0,256.45,67.45001,0.47500008
81,d1_sysbp_min,103.0,149.77242,46.772415,0.39304549
81,d1_sysbp_noninvasive_max,189.0,255.30588,66.30588,0.46694285
81,d1_sysbp_noninvasive_min,103.0,50.017723,-52.982277,-0.44534147
81,d1_temp_max,37.2,37.82782,0.62781906,0.13079563
81,d1_temp_min,36.4,35.584503,-0.81549835,-0.13796282
81,h1_diasbp_max,95.0,124.04562,29.045624,0.2740153
81,h1_diasbp_min,70.0,62.371983,-7.6280174,-0.083824396
81,h1_diasbp_noninvasive_max,95.0,82.55373,-12.446274,-0.11632031
81,h1_diasbp_noninvasive_min,70.0,47.713966,-22.286034,-0.2422395
81,h1_heartrate_max,85.0,125.31721,40.317207,0.34167123
81,h1_heartrate_min,70.0,97.96483,27.964828,0.2589336
81,h1_mbp_max,135.0,121.08249,-13.917511,-0.11997855
81,h1_mbp_min,105.0,67.446465,-37.553535,-0.35427862
81,h1_mbp_noninvasive_max,135.0,94.431244,-40.568756,-0.35586625
81,h1_mbp_noninvasive_min,105.0,97.8993,-7.1007004,-0.06698769
81,h1_resprate_max,19.0,2.1216903,-16.87831,-0.3444553
81,h1_resprate_min,16.0,31.876476,15.876476,0.13454641
81,h1_spo2_max,100.0,115.91093,15.910927,0.17678809
81,h1_spo2_min,100.0,72.08465,-27.915352,-0.27915353
81,h1_sysbp_max,189.0,138.57472,-50.425278,-0.34071136
81,h1_sysbp_min,143.0,180.75183,37.75183,0.26774353
81,h1_sysbp_noninvasive_max,189.0,143.99763,-45.002365,-0.30407006
81,h1_sysbp_noninvasive_min,143.0,122.857925,-20.142075,-0.14184561
81,h1_temp_max,36.4,36.20571,-0.19429016,-0.031850845
81,h1_temp_min,36.4,33.49986,-2.9001427,-0.4531473
81,d1_bun_max,12.0,10.043476,-1.9565239,-0.016037077
81,d1_bun_min,12.0,35.553215,23.553215,0.21394512
81,d1_calcium_max,8.1,9.803738,1.7037373,0.37037766
81,d1_calcium_min,8.1,7.702858,-0.3971424,-0.08273801
81,d1_creatinine_max,1.39,5.9664783,4.5764785,0.42492834
81,d1_creatinine_min,1.39,-2.0801213,-3.4701214,-0.3600495
81,d1_glucose_max,201.0,188.63965,-12.360352,-0.022974625
81,d1_glucose_min,129.0,49.367367,-79.63263,-0.31228483
81,d1_hco3_max,23.0,27.440365,4.440365,0.15858448
81,d1_hco3_min,23.0,11.854296,-11.145704,-0.34830326
81,d1_hemaglobin_max,10.9,8.711085,-2.1889143,-0.21047252
81,d1_hemaglobin_min,10.9,8.503469,-2.3965302,-0.21022195
81,d1_hematocrit_max,33.7,25.348354,-8.351646,-0.2685417
81,d1_hematocrit_min,33.7,33.768135,0.06813431,0.0020098686
81,d1_platelets_max,191.0,440.9917,249.9917,0.44801378
81,d1_platelets_min,191.0,72.46926,-118.53074,-0.2199494
81,d1_potassium_max,4.2,6.011201,1.8112011,0.43123835
81,d1_potassium_min,4.2,4.9435806,0.7435808,0.21870023
81,d1_sodium_max,136.0,148.08691,12.086914,0.3453404
81,d1_sodium_min,136.0,120.30939,-15.690613,-0.43585038
81,d1_wbc_max,20.8,38.106834,17.306835,0.38562468
81,d1_wbc_min,20.8,6.9024086,-13.897591,-0.34745714
81,apache_4a_hospital_death_prob,0.06,-0.6126078,-0.6726078,-0.33970085
81,apache_4a_icu_death_prob,0.02,0.19702339,0.1770234,0.089859605
81,aids,0.0,-0.25171983,-0.25171983,-0.25171983
81,cirrhosis,0.0,0.0021686149,0.0021686149,0.0021686149
81,diabetes_mellitus,0.0,-0.42791247,-0.42791247,-0.42791247
81,hepatic_failure,0.0,0.4275347,0.4275347,0.4275347
81,immunosuppression,0.0,0.19390185,0.19390185,0.19390185
81,leukemia,0.0,0.03229581,0.03229581,0.03229581
81,lymphoma,0.0,0.021697309,0.021697309,0.021697309
81,solid_tumor_with_metastasis,0.0,0.41224998,0.41224998,0.41224998
81,apache_3j_bodysystem,2.0,-0.69834495,-2.698345,-0.2698345
81,apache_2_bodysystem,2.0,-1.5682054,-3.5682054,-0.39646727
81,apache_3j_diagnosis_split0,32.0,-1.8853507,-33.88535,-0.30804867
82,age,76.0,76.65068,0.65068054,0.008913398
82,bmi,21.290657,1.2985144,-19.992142,-0.37742344
82,elective_surgery,0.0,-0.38359022,-0.38359022,-0.38359022
82,ethnicity,3.0,0.18152094,-2.818479,-0.46974653
82,gender,2.0,1.8612368,-0.13876319,-0.069381595
82,height,172.7,149.65977,-23.040222,-0.39459193
82,hospital_admit_source,5.0,0.08538538,-4.9146147,-0.32764098
82,icu_admit_source,2.0,3.6483116,1.6483116,0.32966232
82,icu_stay_type,1.0,1.4924867,0.49248672,0.24624336
82,icu_type,6.0,6.333773,0.33377314,0.047681868
82,pre_icu_los_days,1.7173611,-20.37426,-22.091621,-0.3285101
82,readmission_status,0.0,0.0,0.0,0.0
82,weight,63.5,44.643036,-18.856964,-0.12793055
82,apache_2_diagnosis,113.0,85.60595,-27.39405,-0.1323384
82,apache_3j_diagnosis,501.05,-428.2611,-929.3111,-0.44252068
82,apache_post_operative,0.0,-0.46943358,-0.46943358,-0.46943358
82,arf_apache,0.0,0.23861122,0.23861122,0.23861122
82,bun_apache,16.0,50.720455,34.720455,0.28228012
82,creatinine_apache,0.9,-4.0787416,-4.9787416,-0.45760491
82,gcs_eyes_apache,3.0,2.1213307,-0.87866926,-0.29288977
82,gcs_motor_apache,5.0,2.755463,-2.244537,-0.44890743
82,gcs_unable_apache,0.0,0.0,0.0,0.0
82,gcs_verbal_apache,2.0,3.4311268,1.4311268,0.3577817
82,glucose_apache,157.0,404.37854,247.37854,0.44198418
82,heart_rate_apache,140.0,208.03448,68.034485,0.45969248
82,hematocrit_apache,28.4,41.55111,13.15111,0.37361103
82,intubated_apache,0.0,-0.04721746,-0.04721746,-0.04721746
82,map_apache,148.0,221.21681,73.21681,0.45760506
82,resprate_apache,47.0,71.51307,24.51307,0.43773335
82,sodium_apache,149.0,149.87686,0.8768616,0.021386921
82,temp_apache,36.6,39.411488,2.811489,0.36993277
82,ventilated_apache,1.0,1.4645631,0.46456313,0.46456313
82,wbc_apache,30.7,50.800488,20.100487,0.44767225
82,d1_diasbp_max,80.0,34.610237,-45.389763,-0.3814266
82,d1_diasbp_min,42.0,7.097596,-34.902405,-0.45327795
82,d1_diasbp_noninvasive_max,80.0,131.45584,51.45584,0.43240198
82,d1_diasbp_noninvasive_min,42.0,42.27032,0.2703209,0.0035106838
82,d1_heartrate_max,136.0,191.23752,55.23752,0.46418077
82,d1_heartrate_min,68.0,10.243774,-57.756226,-0.40388972
82,d1_mbp_max,148.0,192.27676,44.276764,0.35707074
82,d1_mbp_min,48.0,36.893326,-11.106674,-0.1234075
82,d1_mbp_noninvasive_max,148.0,183.18347,35.18347,0.29077244
82,d1_mbp_noninvasive_min,48.0,34.658432,-13.341568,-0.14823966
82,d1_resprate_max,31.0,19.446302,-11.553698,-0.14812434
82,d1_resprate_min,11.0,-19.815958,-30.815958,-0.42799944
82,d1_spo2_max,100.0,59.69793,-40.30207,-0.46324217
82,d1_spo2_min,78.0,41.540886,-36.459114,-0.36459112
82,d1_sysbp_max,146.0,168.6565,22.656494,0.15955275
82,d1_sysbp_min,67.0,64.89091,-2.1090927,-0.01772347
82,d1_sysbp_noninvasive_max,146.0,211.77032,65.770325,0.4631713
82,d1_sysbp_noninvasive_min,67.0,47.968674,-19.031326,-0.15996744
82,d1_temp_max,38.6,40.879997,2.2799988,0.4749998
82,d1_temp_min,36.6,36.980267,0.3802681,0.06433231
82,h1_diasbp_max,79.0,47.68817,-31.311829,-0.2953946
82,h1_diasbp_min,42.0,85.225006,43.225006,0.47500008
82,h1_diasbp_noninvasive_max,79.0,32.972187,-46.027813,-0.43016648
82,h1_diasbp_noninvasive_min,42.0,62.34065,20.340649,0.22109403
82,h1_heartrate_max,116.0,69.136795,-46.863205,-0.3971458
82,h1_heartrate_min,80.0,102.8256,22.8256,0.21134818
82,h1_mbp_max,148.0,143.04214,-4.957855,-0.042740107
82,h1_mbp_min,48.0,10.632452,-37.367546,-0.35252404
82,h1_mbp_noninvasive_max,148.0,159.62668,11.626678,0.101988375
82,h1_mbp_noninvasive_min,48.0,38.463158,-9.536842,-0.089970216
82,h1_resprate_max,31.0,22.81888,-8.18112,-0.16696164
82,h1_resprate_min,11.0,59.993088,48.993088,0.41519564
82,h1_spo2_max,100.0,142.64993,42.649933,0.47388816
82,h1_spo2_min,78.0,30.5,-47.5,-0.47499996
82,h1_sysbp_max,146.0,170.04042,24.04042,0.16243526
82,h1_sysbp_min,67.0,23.032799,-43.9672,-0.3118241
82,h1_sysbp_noninvasive_max,146.0,204.99252,58.992523,0.3985981
82,h1_sysbp_noninvasive_min,67.0,32.673176,-34.326824,-0.2417382
82,h1_temp_max,38.2,37.12525,-1.074749,-0.17618835
82,h1_temp_min,38.0,36.432854,-1.5671463,-0.24486661
82,d1_bun_max,16.0,-7.3941984,-23.3942,-0.19175573
82,d1_bun_min,13.0,5.6811604,-7.3188396,-0.06648052
82,d1_calcium_max,9.3,7.1150002,-2.185,-0.47499996
82,d1_calcium_min,8.8,7.4591494,-1.3408508,-0.2793439
82,d1_creatinine_max,1.0,-0.80197585,-1.8019758,-0.16731438
82,d1_creatinine_min,0.9,5.4780025,4.5780025,0.475
82,d1_glucose_max,128.0,-109.20732,-237.20732,-0.4409058
82,d1_glucose_min,110.0,139.26572,29.265717,0.11476749
82,d1_hco3_max,27.0,39.581825,12.581825,0.4493509
82,d1_hco3_min,25.0,10.818653,-14.181347,-0.4431671
82,d1_hemaglobin_max,9.3,7.113821,-2.1861792,-0.21020955
82,d1_hemaglobin_min,8.6,5.098496,-3.5015044,-0.30714953
82,d1_hematocrit_max,31.2,20.955574,-10.244427,-0.32940277
82,d1_hematocrit_min,28.4,16.145407,-12.254593,-0.36149243
82,d1_platelets_max,357.0,453.30072,96.30072,0.17258197
82,d1_platelets_min,344.0,110.17322,-233.82678,-0.43389645
82,d1_potassium_max,3.7,5.071726,1.3717258,0.3266014
82,d1_potassium_min,3.4,4.9960747,1.5960746,0.46943372
82,d1_sodium_max,149.0,159.23468,10.23468,0.29241937
82,d1_sodium_min,149.0,164.019,15.018997,0.4171943
82,d1_wbc_max,25.7,45.98748,20.28748,0.4520383
82,d1_wbc_min,25.4,15.075264,-10.324736,-0.25813127
82,apache_4a_hospital_death_prob,0.35,1.2904999,0.9404999,0.47499996
82,apache_4a_icu_death_prob,0.21,-0.19483918,-0.40483916,-0.20550215
82,aids,0.0,-0.04529719,-0.04529719,-0.04529719
82,cirrhosis,0.0,0.20773433,0.20773433,0.20773433
82,diabetes_mellitus,0.0,-0.23780656,-0.23780656,-0.23780656
82,hepatic_failure,0.0,-0.38024616,-0.38024616,-0.38024616
82,immunosuppression,0.0,0.0232392,0.0232392,0.0232392
82,leukemia,0.0,-0.34153527,-0.34153527,-0.34153527
82,lymphoma,0.0,0.047251288,0.047251288,0.047251288
82,solid_tumor_with_metastasis,0.0,-0.33319664,-0.33319664,-0.33319664
82,apache_3j_bodysystem,10.0,12.774249,2.774249,0.27742493
82,apache_2_bodysystem,1.0,0.7736455,-0.22635448,-0.025150498
82,apache_3j_diagnosis_split0,97.0,44.750004,-52.249996,-0.47499996
83,age,45.0,19.873865,-25.126135,-0.34419364
83,bmi,36.169765,33.212788,-2.9569778,-0.055823565
83,elective_surgery,0.0,-0.37008625,-0.37008625,-0.37008625
83,ethnicity,3.0,1.6429338,-1.3570662,-0.22617769
83,gender,1.0,1.8706788,0.8706788,0.4353394
83,height,167.6,146.5323,-21.067703,-0.36081016
83,hospital_admit_source,4.0,9.627205,5.627205,0.37514699
83,icu_admit_source,1.0,2.0545435,1.0545435,0.2109087
83,icu_stay_type,1.0,1.922431,0.922431,0.4612155
83,icu_type,6.0,6.496521,0.496521,0.070931554
83,pre_icu_los_days,0.000694444,-24.307814,-24.308508,-0.36147597
83,readmission_status,0.0,0.0,0.0,0.0
83,weight,101.6,93.86009,-7.7399063,-0.052509546
83,apache_2_diagnosis,301.0,204.83546,-96.164536,-0.464563
83,apache_3j_diagnosis,403.01,327.55618,-75.45383,-0.03592971
83,apache_post_operative,0.0,-0.475,-0.475,-0.475
83,arf_apache,0.0,-0.42559814,-0.42559814,-0.42559814
83,bun_apache,14.0,38.969666,24.969666,0.20300542
83,creatinine_apache,0.82,-4.0754695,-4.8954697,-0.44995123
83,gcs_eyes_apache,4.0,5.036338,1.0363379,0.345446
83,gcs_motor_apache,6.0,8.288026,2.2880259,0.45760512
83,gcs_unable_apache,0.0,0.0,0.0,0.0
83,gcs_verbal_apache,5.0,5.808818,0.80881786,0.20220447
83,glucose_apache,98.0,-61.669243,-159.66925,-0.28527647
83,heart_rate_apache,126.0,187.16287,61.162872,0.41326272
83,hematocrit_apache,36.3,51.82128,15.521282,0.44094545
83,intubated_apache,0.0,0.37954557,0.37954557,0.37954557
83,map_apache,121.0,71.3109,-49.689102,-0.31055692
83,resprate_apache,34.0,56.101524,22.101524,0.39467007
83,sodium_apache,142.0,157.54149,15.541489,0.3790607
83,temp_apache,36.4,33.01916,-3.3808403,-0.4448474
83,ventilated_apache,0.0,-0.41067642,-0.41067642,-0.41067642
83,wbc_apache,8.9,21.215258,12.315258,0.27428192
83,d1_diasbp_max,81.0,24.475002,-56.524998,-0.475
83,d1_diasbp_min,58.0,93.044716,35.044716,0.45512617
83,d1_diasbp_noninvasive_max,81.0,99.84118,18.841179,0.15832922
83,d1_diasbp_noninvasive_min,58.0,92.253235,34.253235,0.44484723
83,d1_heartrate_max,124.0,79.74395,-44.25605,-0.3718996
83,d1_heartrate_min,82.0,79.89409,-2.1059113,-0.014726639
83,d1_mbp_max,104.0,79.2456,-24.754402,-0.19963227
83,d1_mbp_min,77.0,80.700745,3.7007446,0.041119397
83,d1_mbp_noninvasive_max,104.0,57.340763,-46.659237,-0.38561353
83,d1_mbp_noninvasive_min,77.0,35.35209,-41.64791,-0.46275455
83,d1_resprate_max,27.0,17.1842,-9.8158,-0.12584358
83,d1_resprate_min,12.0,-12.921151,-24.92115,-0.3461271
83,d1_spo2_max,97.0,91.13801,-5.861992,-0.06737918
83,d1_spo2_min,92.0,82.14115,-9.858849,-0.098588526
83,d1_sysbp_max,142.0,192.5101,50.5101,0.35570496
83,d1_sysbp_min,110.0,148.12045,38.120453,0.32033992
83,d1_sysbp_noninvasive_max,142.0,83.75246,-58.247543,-0.41019395
83,d1_sysbp_noninvasive_min,110.0,75.85071,-34.149292,-0.2870412
83,d1_temp_max,36.8,34.803886,-1.9961128,-0.4158568
83,d1_temp_min,36.4,36.256638,-0.14336395,-0.024253726
83,h1_diasbp_max,81.0,103.228355,22.228355,0.20970145
83,h1_diasbp_min,60.0,56.123882,-3.8761177,-0.0425947
83,h1_diasbp_noninvasive_max,81.0,35.141563,-45.858437,-0.4285835
83,h1_diasbp_noninvasive_min,60.0,99.72316,39.72316,0.4317735
83,h1_heartrate_max,94.0,38.85315,-55.14685,-0.4673462
83,h1_heartrate_min,90.0,38.7,-51.3,-0.475
83,h1_mbp_max,97.0,41.9,-55.1,-0.475
83,h1_mbp_min,81.0,61.51671,-19.483292,-0.18380463
83,h1_mbp_noninvasive_max,97.0,90.328674,-6.6713257,-0.058520406
83,h1_mbp_noninvasive_min,81.0,129.15578,48.155777,0.45429978
83,h1_resprate_max,27.0,39.41716,12.41716,0.2534114
83,h1_resprate_min,23.0,55.794476,32.794476,0.2779193
83,h1_spo2_max,96.0,133.00441,37.00441,0.4111601
83,h1_spo2_min,95.0,72.13968,-22.860321,-0.22860318
83,h1_sysbp_max,142.0,83.71847,-58.281532,-0.39379412
83,h1_sysbp_min,120.0,112.47692,-7.523079,-0.053355187
83,h1_sysbp_noninvasive_max,142.0,198.75742,56.757416,0.38349605
83,h1_sysbp_noninvasive_min,120.0,177.27652,57.27652,0.40335575
83,h1_temp_max,36.6,36.52993,-0.07006836,-0.01148659
83,h1_temp_min,36.5,33.85997,-2.64003,-0.41250467
83,d1_bun_max,13.0,52.957985,39.957985,0.32752445
83,d1_bun_min,13.0,49.256645,36.256645,0.32933643
83,d1_calcium_max,9.2,7.8472257,-1.3527741,-0.29408136
83,d1_calcium_min,9.2,7.6340027,-1.5659971,-0.3262494
83,d1_creatinine_max,0.87,1.8859695,1.0159695,0.09433328
83,d1_creatinine_min,0.87,5.134821,4.264821,0.44250518
83,d1_glucose_max,134.0,129.78674,-4.213257,-0.007831328
83,d1_glucose_min,98.0,6.6075897,-91.39241,-0.35840163
83,d1_hco3_max,27.0,22.227453,-4.772547,-0.1704481
83,d1_hco3_min,27.0,41.123558,14.123558,0.4413612
83,d1_hemaglobin_max,13.7,16.646645,2.9466448,0.28333127
83,d1_hemaglobin_min,13.7,15.740101,2.040101,0.17895621
83,d1_hematocrit_max,40.8,26.200615,-14.599384,-0.46943355
83,d1_hematocrit_min,40.8,48.06186,7.26186,0.21421415
83,d1_platelets_max,330.0,150.29752,-179.70248,-0.32204747
83,d1_platelets_min,330.0,130.6175,-199.3825,-0.36998054
83,d1_potassium_max,4.1,5.080538,0.9805379,0.23346138
83,d1_potassium_min,4.1,4.787321,0.6873212,0.20215327
83,d1_sodium_max,143.0,154.71925,11.719254,0.33483577
83,d1_sodium_min,143.0,128.9593,-14.040695,-0.3900193
83,d1_wbc_max,8.9,-10.399925,-19.299925,-0.43003398
83,d1_wbc_min,8.9,19.541927,10.641928,0.26606148
83,apache_4a_hospital_death_prob,0.03,0.55250037,0.5225004,0.26388913
83,apache_4a_icu_death_prob,0.01,0.12552905,0.11552905,0.058644176
83,aids,0.0,-0.1535058,-0.1535058,-0.1535058
83,cirrhosis,0.0,-0.19731921,-0.19731921,-0.19731921
83,diabetes_mellitus,0.0,0.21891762,0.21891762,0.21891762
83,hepatic_failure,0.0,-0.10704689,-0.10704689,-0.10704689
83,immunosuppression,0.0,0.09845647,0.09845647,0.09845647
83,leukemia,0.0,0.38446492,0.38446492,0.38446492
83,lymphoma,0.0,0.23923779,0.23923779,0.23923779
83,solid_tumor_with_metastasis,0.0,-0.2414268,-0.2414268,-0.2414268
83,apache_3j_bodysystem,8.0,4.838335,-3.161665,-0.3161665
83,apache_2_bodysystem,5.0,8.554007,3.5540066,0.39488962
83,apache_3j_diagnosis_split0,89.0,140.6377,51.637695,0.4694336
84,age,84.0,99.084656,15.084656,0.20663905
84,bmi,21.601562,25.059748,3.4581852,0.06528565
84,elective_surgery,0.0,-0.17994952,-0.17994952,-0.17994952
84,ethnicity,3.0,2.820835,-0.17916489,-0.029860824
84,gender,1.0,1.2332976,0.23329759,0.11664879
84,height,160.0,156.31235,-3.6876526,-0.06315553
84,hospital_admit_source,5.0,-1.2245374,-6.2245374,-0.41496918
84,icu_admit_source,2.0,0.9915532,-1.0084468,-0.20168936
84,icu_stay_type,1.0,0.9232949,-0.0767051,-0.03835255
84,icu_type,7.0,9.309618,2.309618,0.3299454
84,pre_icu_los_days,0.094444446,18.573023,18.478579,0.27478293
84,readmission_status,0.0,0.0,0.0,0.0
84,weight,55.3,31.988903,-23.311096,-0.15814856
84,apache_2_diagnosis,113.0,40.644478,-72.35552,-0.34954357
84,apache_3j_diagnosis,501.06,1476.6609,975.6009,0.46456298
84,apache_post_operative,0.0,0.17682277,0.17682277,0.17682277
84,arf_apache,0.0,0.20052032,0.20052032,0.20052032
84,bun_apache,15.0,-5.1459026,-20.145903,-0.16378781
84,creatinine_apache,0.81,-3.9578145,-4.7678146,-0.43821824
84,gcs_eyes_apache,4.0,5.39764,1.3976402,0.46588004
84,gcs_motor_apache,6.0,5.590545,-0.40945482,-0.08189094
84,gcs_unable_apache,0.0,0.0,0.0,0.0
84,gcs_verbal_apache,5.0,5.038869,0.038868904,0.009717226
84,glucose_apache,73.0,311.05386,238.05386,0.42532402
84,heart_rate_apache,102.0,151.83853,49.83853,0.3367468
84,hematocrit_apache,33.2,31.745739,-1.4542618,-0.041314244
84,intubated_apache,0.0,-0.3554064,-0.3554064,-0.3554064
84,map_apache,52.0,43.028984,-8.971016,-0.056068853
84,resprate_apache,48.0,31.286348,-16.713652,-0.29845804
84,sodium_apache,141.0,148.81555,7.8155518,0.19062322
84,temp_apache,36.7,37.839897,1.1398964,0.14998639
84,ventilated_apache,0.0,-0.095115885,-0.095115885,-0.095115885
84,wbc_apache,11.6,-0.11922002,-11.71922,-0.26100713
84,d1_diasbp_max,89.0,132.98315,43.983154,0.36960635
84,d1_diasbp_min,42.0,53.649372,11.649372,0.15129057
84,d1_diasbp_noninvasive_max,89.0,41.198666,-47.801334,-0.40169188
84,d1_diasbp_noninvasive_min,42.0,57.40878,15.408779,0.20011404
84,d1_heartrate_max,96.0,146.82295,50.822952,0.42708364
84,d1_heartrate_min,55.0,38.92036,-16.07964,-0.11244503
84,d1_mbp_max,104.0,147.01602,43.01602,0.3469034
84,d1_mbp_min,52.0,61.469414,9.469414,0.1052157
84,d1_mbp_noninvasive_max,104.0,154.40741,50.40741,0.41659015
84,d1_mbp_noninvasive_min,52.0,36.38597,-15.614029,-0.17348921
84,d1_resprate_max,48.0,19.61583,-28.38417,-0.36389962
84,d1_resprate_min,15.0,2.442117,-12.557883,-0.17441504
84,d1_spo2_max,100.0,98.00696,-1.993042,-0.022908509
84,d1_spo2_min,96.0,106.829285,10.829285,0.10829288
84,d1_sysbp_max,130.0,68.51286,-61.487137,-0.43300802
84,d1_sysbp_min,85.0,32.107597,-52.892403,-0.44447398
84,d1_sysbp_noninvasive_max,130.0,195.96793,65.967926,0.46456286
84,d1_sysbp_noninvasive_min,85.0,29.482603,-55.517395,-0.46665037
84,d1_temp_max,37.0,38.279575,1.2795753,0.26657817
84,d1_temp_min,36.5,36.438637,-0.06136322,-0.010381162
84,h1_diasbp_max,89.0,124.664444,35.664444,0.33645698
84,h1_diasbp_min,44.0,24.707672,-19.292328,-0.2120036
84,h1_diasbp_noninvasive_max,89.0,46.63604,-42.36396,-0.39592487
84,h1_diasbp_noninvasive_min,44.0,83.12373,39.123734,0.42525798
84,h1_heartrate_max,92.0,113.98719,21.98719,0.18633214
84,h1_heartrate_min,55.0,101.716064,46.716064,0.43255615
84,h1_mbp_max,104.0,55.697403,-48.302597,-0.41640168
84,h1_mbp_min,64.0,34.083504,-29.916496,-0.2822311
84,h1_mbp_noninvasive_max,104.0,73.05986,-30.94014,-0.27140474
84,h1_mbp_noninvasive_min,64.0,81.04153,17.041527,0.1607691
84,h1_resprate_max,38.0,36.69831,-1.3016891,-0.026565135
84,h1_resprate_min,19.0,-11.579248,-30.579248,-0.25914618
84,h1_spo2_max,100.0,94.711586,-5.288414,-0.058760166
84,h1_spo2_min,96.0,58.176918,-37.823082,-0.3782308
84,h1_sysbp_max,119.0,164.59189,45.59189,0.3080533
84,h1_sysbp_min,92.0,73.06333,-18.936668,-0.13430262
84,h1_sysbp_noninvasive_max,119.0,186.10765,67.10765,0.45343006
84,h1_sysbp_noninvasive_min,92.0,118.00555,26.005547,0.18313766
84,h1_temp_max,36.5,38.4249,1.9249,0.31555742
84,h1_temp_min,36.5,33.753353,-2.746647,-0.42916358
84,d1_bun_max,15.0,70.65802,55.65802,0.4562133
84,d1_bun_min,15.0,10.903004,-4.0969963,-0.037214972
84,d1_calcium_max,8.2,9.922157,1.7221575,0.37438208
84,d1_calcium_min,8.2,6.030215,-2.169785,-0.45203853
84,d1_creatinine_max,0.93,2.8121383,1.8821383,0.17475751
84,d1_creatinine_min,0.93,-1.367806,-2.297806,-0.23841354
84,d1_glucose_max,154.0,365.4596,211.4596,0.39304757
84,d1_glucose_min,73.0,23.003468,-49.996532,-0.19606483
84,d1_hco3_max,24.0,37.261036,13.261036,0.4736084
84,d1_hco3_min,24.0,9.179066,-14.820934,-0.4631542
84,d1_hemaglobin_max,11.1,9.555148,-1.5448523,-0.14854348
84,d1_hemaglobin_min,11.1,8.158582,-2.9414186,-0.25801918
84,d1_hematocrit_max,34.4,28.009588,-6.3904133,-0.20547953
84,d1_hematocrit_min,34.4,48.08593,13.685928,0.40371472
84,d1_platelets_max,209.0,457.52023,248.52023,0.44537678
84,d1_platelets_min,209.0,195.83272,-13.167282,-0.024433613
84,d1_potassium_max,4.2,5.5702515,1.3702517,0.32625043
84,d1_potassium_min,3.3,2.127669,-1.1723309,-0.34480318
84,d1_sodium_max,141.0,149.85281,8.852814,0.2529375
84,d1_sodium_min,141.0,139.41139,-1.5886078,-0.044128
84,d1_wbc_max,11.5,1.8368155,-9.663184,-0.2153116
84,d1_wbc_min,11.5,11.128146,-0.37185383,-0.009296805
84,apache_4a_hospital_death_prob,0.06,0.95291436,0.89291435,0.4509669
84,apache_4a_icu_death_prob,0.02,0.6362095,0.6162095,0.3127967
84,aids,0.0,-0.00817268,-0.00817268,-0.00817268
84,cirrhosis,0.0,-0.23334433,-0.23334433,-0.23334433
84,diabetes_mellitus,0.0,-0.14086254,-0.14086254,-0.14086254
84,hepatic_failure,0.0,0.14296867,0.14296867,0.14296867
84,immunosuppression,0.0,0.050767466,0.050767466,0.050767466
84,leukemia,0.0,0.010634862,0.010634862,0.010634862
84,lymphoma,0.0,-0.26678127,-0.26678127,-0.26678127
84,solid_tumor_with_metastasis,0.0,0.032292,0.032292,0.032292
84,apache_3j_bodysystem,10.0,11.264239,1.2642393,0.12642395
84,apache_2_bodysystem,1.0,0.95332646,-0.046673536,-0.0051859487
84,apache_3j_diagnosis_split0,97.0,119.21911,22.219109,0.20199192
85,age,64.0,69.26358,5.2635803,0.07210386
85,bmi,22.88661,43.026817,20.140207,0.38021868
85,elective_surgery,0.0,-0.4638672,-0.4638672,-0.4638672
85,ethnicity,3.0,5.378732,2.3787322,0.39645538
85,gender,2.0,2.89685,0.8968501,0.44842505
85,height,180.3,196.64206,16.342056,0.27987766
85,hospital_admit_source,16.0,16.679157,0.67915726,0.04527712
85,icu_admit_source,3.0,3.409112,0.40911198,0.081822395
85,icu_stay_type,1.0,1.1682214,0.16822135,0.08411068
85,icu_type,6.0,8.780222,2.780222,0.3971746
85,pre_icu_los_days,0.41319445,17.785763,17.372568,0.25833616
85,readmission_status,0.0,0.0,0.0,0.0
85,weight,74.4,33.835693,-40.56431,-0.27519885
85,apache_2_diagnosis,214.0,284.31076,70.31076,0.33966547
85,apache_3j_diagnosis,1404.01,2277.1377,873.1277,0.41576713
85,apache_post_operative,1.0,1.2756879,0.27568793,0.27568793
85,arf_apache,0.0,0.37419003,0.37419003,0.37419003
85,bun_apache,27.0,-26.13596,-53.13596,-0.43199968
85,creatinine_apache,1.09,5.807192,4.7171917,0.4335654
85,gcs_eyes_apache,4.0,2.9531398,-1.0468602,-0.34895343
85,gcs_motor_apache,6.0,4.531057,-1.4689431,-0.2937886
85,gcs_unable_apache,0.0,0.0,0.0,0.0
85,gcs_verbal_apache,5.0,3.1041749,-1.8958251,-0.4739563
85,glucose_apache,122.0,93.170845,-28.829155,-0.051508218
85,heart_rate_apache,154.0,125.930176,-28.069824,-0.18966097
85,hematocrit_apache,33.9,44.707825,10.807823,0.3070404
85,intubated_apache,0.0,-0.31414407,-0.31414407,-0.31414407
85,map_apache,49.0,26.656906,-22.343094,-0.13964432
85,resprate_apache,41.0,39.231304,-1.7686958,-0.031583846
85,sodium_apache,142.0,146.21848,4.2184753,0.10288966
85,temp_apache,36.9,37.517334,0.61733246,0.08122796
85,ventilated_apache,0.0,-0.40760583,-0.40760583,-0.40760583
85,wbc_apache,6.2,-11.9255905,-18.125591,-0.40368795
85,d1_diasbp_max,96.0,76.86348,-19.13652,-0.1608111
85,d1_diasbp_min,53.0,64.407234,11.407234,0.14814591
85,d1_diasbp_noninvasive_max,96.0,151.56714,55.56714,0.46695074
85,d1_diasbp_noninvasive_min,53.0,41.895844,-11.1041565,-0.14420983
85,d1_heartrate_max,150.0,191.66476,41.664764,0.35012406
85,d1_heartrate_min,112.0,132.88239,20.882385,0.14603066
85,d1_mbp_max,120.0,61.532444,-58.467556,-0.47151253
85,d1_mbp_min,49.0,56.92365,7.923649,0.08804053
85,d1_mbp_noninvasive_max,120.0,91.94339,-28.05661,-0.2318728
85,d1_mbp_noninvasive_min,49.0,38.078835,-10.921165,-0.121346295
85,d1_resprate_max,38.0,29.765038,-8.234962,-0.105576456
85,d1_resprate_min,18.0,26.161379,8.161379,0.11335248
85,d1_spo2_max,98.0,58.854256,-39.145744,-0.4499511
85,d1_spo2_min,79.0,34.03619,-44.96381,-0.44963813
85,d1_sysbp_max,181.0,195.43698,14.436981,0.101668894
85,d1_sysbp_min,105.0,120.006744,15.006744,0.1261071
85,d1_sysbp_noninvasive_max,181.0,183.23895,2.2389526,0.015767276
85,d1_sysbp_noninvasive_min,105.0,52.906887,-52.093113,-0.4378676
85,d1_temp_max,38.5,40.376747,1.8767471,0.39098895
85,d1_temp_min,36.9,34.22149,-2.6785126,-0.45314035
85,h1_diasbp_max,96.0,92.13611,-3.8638916,-0.036451817
85,h1_diasbp_min,67.0,73.62317,6.623169,0.07278207
85,h1_diasbp_noninvasive_max,96.0,82.62553,-13.374474,-0.12499505
85,h1_diasbp_noninvasive_min,67.0,109.94944,42.94944,0.46684176
85,h1_heartrate_max,144.0,143.9648,-0.035202026,-0.00029832125
85,h1_heartrate_min,138.0,102.15568,-35.844322,-0.33189183
85,h1_mbp_max,93.0,101.37515,8.375153,0.07219958
85,h1_mbp_min,86.0,58.627457,-27.372543,-0.25823155
85,h1_mbp_noninvasive_max,93.0,103.23512,10.235123,0.08978179
85,h1_mbp_noninvasive_min,86.0,37.82214,-48.17786,-0.45450813
85,h1_resprate_max,37.0,23.340675,-13.659325,-0.2787617
85,h1_resprate_min,23.0,-26.233936,-49.233936,-0.41723675
85,h1_spo2_max,98.0,59.44569,-38.55431,-0.4283812
85,h1_spo2_min,93.0,135.17535,42.175354,0.4217536
85,h1_sysbp_max,155.0,191.79108,36.791077,0.24858838
85,h1_sysbp_min,118.0,176.58957,58.58957,0.41552886
85,h1_sysbp_noninvasive_max,155.0,89.75128,-65.24872,-0.4408697
85,h1_sysbp_noninvasive_min,118.0,177.00607,59.006073,0.41553572
85,h1_temp_max,37.9,35.5723,-2.3277016,-0.38159043
85,h1_temp_min,36.9,34.082657,-2.8173447,-0.4402101
85,d1_bun_max,27.0,69.94343,42.943428,0.3519953
85,d1_bun_min,27.0,58.022564,31.022564,0.28179276
85,d1_calcium_max,8.3,9.908367,1.608367,0.349645
85,d1_calcium_min,8.3,6.934561,-1.3654394,-0.28446656
85,d1_creatinine_max,1.09,2.6076965,1.5176965,0.1409189
85,d1_creatinine_min,1.09,-2.5437984,-3.6337986,-0.37703216
85,d1_glucose_max,122.0,-95.67586,-217.67586,-0.40460196
85,d1_glucose_min,122.0,0.8750038,-121.125,-0.475
85,d1_hco3_max,29.0,34.39849,5.398491,0.19280326
85,d1_hco3_min,29.0,16.254719,-12.745281,-0.39829004
85,d1_hemaglobin_max,12.7,15.971607,3.2716074,0.3145777
85,d1_hemaglobin_min,11.1,5.854361,-5.2456393,-0.4601438
85,d1_hematocrit_max,38.3,34.13715,-4.1628494,-0.13385364
85,d1_hematocrit_min,33.9,31.015888,-2.8841133,-0.08507711
85,d1_platelets_max,169.0,400.99796,231.99796,0.41576698
85,d1_platelets_min,146.0,-72.065094,-218.0651,-0.4046485
85,d1_potassium_max,4.2,5.9723754,1.7723756,0.4219942
85,d1_potassium_min,4.2,2.721888,-1.4781117,-0.43473876
85,d1_sodium_max,142.0,147.84235,5.842346,0.16692418
85,d1_sodium_min,142.0,128.55586,-13.444138,-0.37344825
85,d1_wbc_max,8.3,5.6415234,-2.6584768,-0.05923523
85,d1_wbc_min,6.2,-1.7517735,-7.951773,-0.19880426
85,apache_4a_hospital_death_prob,0.08,-0.61120063,-0.6912006,-0.34909123
85,apache_4a_icu_death_prob,0.04,0.73678935,0.6967893,0.35370016
85,aids,0.0,-0.475,-0.475,-0.475
85,cirrhosis,0.0,0.06416917,0.06416917,0.06416917
85,diabetes_mellitus,0.0,0.3484425,0.3484425,0.3484425
85,hepatic_failure,0.0,0.26542395,0.26542395,0.26542395
85,immunosuppression,0.0,0.3344202,0.3344202,0.3344202
85,leukemia,0.0,-0.4113003,-0.4113003,-0.4113003
85,lymphoma,0.0,-0.46695137,-0.46695137,-0.46695137
85,solid_tumor_with_metastasis,0.0,-0.17150986,-0.17150986,-0.17150986
85,apache_3j_bodysystem,2.0,-2.4995112,-4.4995112,-0.4499511
85,apache_2_bodysystem,2.0,3.7159414,1.7159414,0.19066018
85,apache_3j_diagnosis_split0,32.0,71.08594,39.085938,0.35532668
86,age,86.0,85.432434,-0.5675659,-0.00777483
86,bmi,29.275799,27.615314,-1.6604843,-0.031347588
86,elective_surgery,0.0,0.44612372,0.44612372,0.44612372
86,ethnicity,3.0,0.29945934,-2.7005405,-0.4500901
86,gender,1.0,0.31134045,-0.68865955,-0.34432977
86,height,165.1,192.20477,27.104767,0.46420223
86,hospital_admit_source,4.0,11.125,7.125,0.47500002
86,icu_admit_source,1.0,2.891127,1.8911271,0.37822542
86,icu_stay_type,1.0,1.0421432,0.042143226,0.021071613
86,icu_type,7.0,9.777302,2.7773018,0.39675742
86,pre_icu_los_days,0.005555556,0.09418462,0.08862907,0.0013179453
86,readmission_status,0.0,0.0,0.0,0.0
86,weight,79.8,132.45425,52.65425,0.35722017
86,apache_2_diagnosis,121.0,125.57752,4.5775223,0.022113636
86,apache_3j_diagnosis,409.02,405.6067,-3.4132996,-0.0016253591
86,apache_post_operative,0.0,0.05273748,0.05273748,0.05273748
86,arf_apache,0.0,0.0054733297,0.0054733297,0.0054733297
86,bun_apache,7.0,60.622013,53.622013,0.43595132
86,creatinine_apache,0.68,-3.4094617,-4.089462,-0.37586963
86,gcs_eyes_apache,4.0,4.7409363,0.7409363,0.24697876
86,gcs_motor_apache,6.0,8.375,2.375,0.47500002
86,gcs_unable_apache,0.0,0.0,0.0,0.0
86,gcs_verbal_apache,5.0,5.657634,0.6576338,0.16440845
86,glucose_apache,102.0,367.8575,265.8575,0.475
86,heart_rate_apache,104.0,63.714706,-40.285294,-0.27219793
86,hematocrit_apache,32.9,21.745186,-11.154816,-0.31689817
86,intubated_apache,0.0,-0.040734645,-0.040734645,-0.040734645
86,map_apache,136.0,184.53223,48.532227,0.30332637
86,resprate_apache,37.0,51.652023,14.652023,0.26164323
86,sodium_apache,140.0,153.59268,13.592682,0.33152884
86,temp_apache,36.8,39.869576,3.0695763,0.40389162
86,ventilated_apache,0.0,-0.1835957,-0.1835957,-0.1835957
86,wbc_apache,5.1,5.8893666,0.7893667,0.017580546
86,d1_diasbp_max,86.0,65.41524,-20.584763,-0.1729812
86,d1_diasbp_min,49.0,63.045307,14.045307,0.1824066
86,d1_diasbp_noninvasive_max,86.0,50.462563,-35.537437,-0.29863393
86,d1_diasbp_noninvasive_min,49.0,29.262512,-19.737488,-0.256331
86,d1_heartrate_max,102.0,65.854805,-36.145195,-0.30374116
86,d1_heartrate_min,66.0,122.44942,56.449417,0.39475116
86,d1_mbp_max,128.0,140.9538,12.953796,0.10446608
86,d1_mbp_min,65.0,50.28684,-14.713161,-0.16347957
86,d1_mbp_noninvasive_max,128.0,123.43549,-4.5645065,-0.037723184
86,d1_mbp_noninvasive_min,65.0,43.92601,-21.07399,-0.23415545
86,d1_resprate_max,36.0,4.399194,-31.600807,-0.40513855
86,d1_resprate_min,15.0,21.704586,6.704586,0.09311925
86,d1_spo2_max,98.0,129.06146,31.061462,0.3570283
86,d1_spo2_min,92.0,84.10545,-7.8945465,-0.07894546
86,d1_sysbp_max,186.0,176.09938,-9.9006195,-0.06972265
86,d1_sysbp_min,100.0,147.6259,47.6259,0.40021762
86,d1_sysbp_noninvasive_max,186.0,132.62627,-53.373734,-0.37587136
86,d1_sysbp_noninvasive_min,100.0,153.57208,53.572083,0.45029905
86,d1_temp_max,37.1,37.326157,0.22615814,0.04711628
86,d1_temp_min,36.6,39.26706,2.6670609,0.45120305
86,h1_diasbp_max,81.0,79.498184,-1.5018158,-0.014168084
86,h1_diasbp_min,67.0,100.98334,33.983337,0.37344328
86,h1_diasbp_noninvasive_max,81.0,75.983055,-5.016945,-0.04688734
86,h1_diasbp_noninvasive_min,67.0,106.98718,39.987183,0.43464327
86,h1_heartrate_max,92.0,50.165024,-41.834976,-0.35453367
86,h1_heartrate_min,70.0,121.3,51.300003,0.47500002
86,h1_mbp_max,114.0,169.1,55.100006,0.47500002
86,h1_mbp_min,99.0,132.57318,33.57318,0.31672812
86,h1_mbp_noninvasive_max,114.0,152.8103,38.810303,0.3404413
86,h1_mbp_noninvasive_min,99.0,117.485756,18.485756,0.17439389
86,h1_resprate_max,33.0,44.323994,11.323994,0.23110187
86,h1_resprate_min,15.0,14.403755,-0.5962448,-0.005052924
86,h1_spo2_max,96.0,55.415657,-40.584343,-0.45093715
86,h1_spo2_min,94.0,101.0443,7.0442963,0.070442975
86,h1_sysbp_max,184.0,248.34975,64.34975,0.43479556
86,h1_sysbp_min,160.0,152.69427,-7.305725,-0.051813662
86,h1_sysbp_noninvasive_max,184.0,238.3647,54.3647,0.36732906
86,h1_sysbp_noninvasive_min,160.0,137.64343,-22.356567,-0.15744066
86,h1_temp_max,37.1,39.398827,2.2988281,0.37685704
86,h1_temp_min,36.9,37.040516,0.14051437,0.02195537
86,d1_bun_max,7.0,-27.82104,-34.821037,-0.28541836
86,d1_bun_min,7.0,59.292744,52.292744,0.47499996
86,d1_calcium_max,8.5,9.49326,0.9932604,0.21592617
86,d1_calcium_min,8.5,9.728063,1.2280626,0.25584632
86,d1_creatinine_max,0.68,4.460945,3.780945,0.35106266
86,d1_creatinine_min,0.68,4.6728163,3.9928162,0.41428277
86,d1_glucose_max,147.0,33.00036,-113.99964,-0.21189524
86,d1_glucose_min,102.0,102.19111,0.1911087,0.000749439
86,d1_hco3_max,27.0,21.59225,-5.407749,-0.19313389
86,d1_hco3_min,27.0,41.401398,14.401398,0.45004368
86,d1_hemaglobin_max,10.9,15.573063,4.6730633,0.449333
86,d1_hemaglobin_min,10.9,7.3168907,-3.583109,-0.3143078
86,d1_hematocrit_max,32.9,28.501413,-4.398588,-0.14143372
86,d1_hematocrit_min,32.9,16.974407,-15.925594,-0.46978152
86,d1_platelets_max,282.0,546.44196,264.44196,0.4739103
86,d1_platelets_min,282.0,319.36472,37.364716,0.06933516
86,d1_potassium_max,3.7,2.619111,-1.080889,-0.25735453
86,d1_potassium_min,3.7,4.2042165,0.50421643,0.14829895
86,d1_sodium_max,140.0,130.21182,-9.7881775,-0.27966222
86,d1_sodium_min,140.0,153.56082,13.560822,0.3766895
86,d1_wbc_max,5.1,26.418001,21.318,0.47500002
86,d1_wbc_min,5.1,-13.8573065,-18.957306,-0.47395632
86,apache_4a_hospital_death_prob,0.07,-0.042989194,-0.112989195,-0.057065308
86,apache_4a_icu_death_prob,0.03,0.595911,0.56591105,0.28726447
86,aids,0.0,0.11483219,0.11483219,0.11483219
86,cirrhosis,0.0,-0.29825264,-0.29825264,-0.29825264
86,diabetes_mellitus,0.0,-0.20032121,-0.20032121,-0.20032121
86,hepatic_failure,0.0,-0.040777963,-0.040777963,-0.040777963
86,immunosuppression,0.0,0.41710937,0.41710937,0.41710937
86,leukemia,0.0,0.051750556,0.051750556,0.051750556
86,lymphoma,0.0,-0.34566146,-0.34566146,-0.34566146
86,solid_tumor_with_metastasis,0.0,-0.35759562,-0.35759562,-0.35759562
86,apache_3j_bodysystem,8.0,9.232233,1.232233,0.123223305
86,apache_2_bodysystem,5.0,2.1868606,-2.8131394,-0.31257105
86,apache_3j_diagnosis_split0,95.0,94.31487,-0.68512726,-0.006228447
87,age,62.0,27.71994,-34.28006,-0.46958983
87,bmi,37.8747,18.217922,-19.656776,-0.37109223
87,elective_surgery,0.0,0.13026205,0.13026205,0.13026205
87,ethnicity,3.0,3.7491763,0.74917626,0.1248627
87,gender,2.0,1.9071802,-0.09281981,-0.046409905
87,height,182.9,195.30455,12.404556,0.21244317
87,hospital_admit_source,5.0,2.444096,-2.555904,-0.17039362
87,icu_admit_source,2.0,1.6516702,-0.34832978,-0.06966595
87,icu_stay_type,1.0,0.23964727,-0.76035273,-0.38017637
87,icu_type,5.0,5.947983,0.9479828,0.1354261
87,pre_icu_los_days,3.8444445,29.544216,25.699772,0.3821646
87,readmission_status,0.0,0.0,0.0,0.0
87,weight,126.7,95.122734,-31.577263,-0.21422839
87,apache_2_diagnosis,303.0,248.9693,-54.0307,-0.26101786
87,apache_3j_diagnosis,211.09,219.71268,8.622681,0.004105959
87,apache_post_operative,0.0,0.32925397,0.32925397,0.32925397
87,arf_apache,0.0,-0.1466867,-0.1466867,-0.1466867
87,bun_apache,24.0,51.304955,27.304955,0.22199151
87,creatinine_apache,1.26,1.3118684,0.05186844,0.0047673285
87,gcs_eyes_apache,4.0,3.4075332,-0.59246683,-0.19748896
87,gcs_motor_apache,6.0,3.630581,-2.369419,-0.4738838
87,gcs_unable_apache,0.0,0.0,0.0,0.0
87,gcs_verbal_apache,5.0,6.0918903,1.0918903,0.27297258
87,glucose_apache,290.0,210.15471,-79.84529,-0.14265731
87,heart_rate_apache,48.0,118.169304,70.169304,0.47411692
87,hematocrit_apache,34.0,25.405998,-8.594002,-0.2441478
87,intubated_apache,0.0,-0.218952,-0.218952,-0.218952
87,map_apache,62.0,43.093243,-18.906757,-0.11816724
87,resprate_apache,6.0,-17.839111,-23.839111,-0.42569843
87,sodium_apache,138.0,142.83534,4.8353424,0.11793518
87,temp_apache,36.7,33.177948,-3.5220528,-0.46342802
87,ventilated_apache,1.0,0.79905295,-0.20094705,-0.20094705
87,wbc_apache,12.2,8.457971,-3.7420292,-0.083341405
87,d1_diasbp_max,80.0,110.94008,30.940079,0.26000068
87,d1_diasbp_min,52.0,55.473965,3.4739647,0.045116425
87,d1_diasbp_noninvasive_max,80.0,98.67438,18.674377,0.15692753
87,d1_diasbp_noninvasive_min,52.0,59.547817,7.547817,0.09802359
87,d1_heartrate_max,76.0,126.530396,50.530396,0.42462516
87,d1_heartrate_min,48.0,99.68181,51.68181,0.36141127
87,d1_mbp_max,119.0,72.131584,-46.868416,-0.37797108
87,d1_mbp_min,62.0,49.441734,-12.558266,-0.13953629
87,d1_mbp_noninvasive_max,119.0,123.63212,4.632118,0.038281977
87,d1_mbp_noninvasive_min,62.0,69.50751,7.5075073,0.08341673
87,d1_resprate_max,27.0,-7.715433,-34.71543,-0.44506967
87,d1_resprate_min,6.0,18.357407,12.357407,0.17163065
87,d1_spo2_max,99.0,95.23009,-3.7699127,-0.04333228
87,d1_spo2_min,93.0,131.63672,38.63672,0.38636714
87,d1_sysbp_max,154.0,103.85814,-50.14186,-0.35311168
87,d1_sysbp_min,86.0,54.802483,-31.197517,-0.26216403
87,d1_sysbp_noninvasive_max,154.0,184.07965,30.07965,0.21182853
87,d1_sysbp_noninvasive_min,86.0,69.10074,-16.899261,-0.14204639
87,d1_temp_max,37.8,38.222122,0.42212296,0.0879423
87,d1_temp_min,36.7,34.26968,-2.4303207,-0.4111522
87,h1_diasbp_max,56.0,20.35171,-35.648293,-0.3363046
87,h1_diasbp_min,53.0,51.7388,-1.2612,-0.013859361
87,h1_diasbp_noninvasive_max,56.0,105.47032,49.47032,0.46233946
87,h1_diasbp_noninvasive_min,53.0,45.61131,-7.388691,-0.080311865
87,h1_heartrate_max,74.0,113.53847,39.538467,0.3350718
87,h1_heartrate_min,70.0,105.781715,35.781715,0.33131218
87,h1_mbp_max,77.0,96.69307,19.69307,0.16976784
87,h1_mbp_min,65.0,29.842533,-35.157467,-0.33167422
87,h1_mbp_noninvasive_max,77.0,83.68416,6.6841583,0.058632955
87,h1_mbp_noninvasive_min,65.0,95.95623,30.95623,0.2920399
87,h1_resprate_max,20.0,26.888424,6.888424,0.14058007
87,h1_resprate_min,16.0,9.126998,-6.873002,-0.058245778
87,h1_spo2_max,97.0,93.7638,-3.2361984,-0.035957754
87,h1_spo2_min,97.0,92.48032,-4.519676,-0.04519677
87,h1_sysbp_max,97.0,152.64832,55.648315,0.3760021
87,h1_sysbp_min,88.0,138.36539,50.365387,0.35720134
87,h1_sysbp_noninvasive_max,97.0,149.51285,52.512848,0.35481653
87,h1_sysbp_noninvasive_min,88.0,28.889654,-59.110344,-0.41627002
87,h1_temp_max,37.0,36.836967,-0.16303253,-0.026726663
87,h1_temp_min,36.7,34.341118,-2.358883,-0.36857545
87,d1_bun_max,24.0,50.659653,26.659653,0.21852176
87,d1_bun_min,24.0,25.148262,1.148262,0.010430217
87,d1_calcium_max,8.3,7.2090077,-1.0909925,-0.23717229
87,d1_calcium_min,8.3,8.130313,-0.16968727,-0.035351515
87,d1_creatinine_max,1.26,-3.1191723,-4.3791723,-0.40660834
87,d1_creatinine_min,1.26,2.780396,1.520396,0.1577518
87,d1_glucose_max,290.0,103.22093,-186.77907,-0.347173
87,d1_glucose_min,45.0,-3.3653336,-48.365334,-0.18966797
87,d1_hco3_max,30.0,28.329329,-1.6706715,-0.059666812
87,d1_hco3_min,30.0,16.15207,-13.847931,-0.43274784
87,d1_hemaglobin_max,10.6,13.783348,3.1833477,0.30609113
87,d1_hemaglobin_min,9.9,9.896147,-0.0038528442,-0.00033795834
87,d1_hematocrit_max,36.3,43.934647,7.6346474,0.24548703
87,d1_hematocrit_min,34.0,21.115986,-12.884014,-0.38005936
87,d1_platelets_max,232.0,74.14688,-157.85312,-0.2828909
87,d1_platelets_min,224.0,155.83743,-68.16257,-0.12648463
87,d1_potassium_max,5.0,5.3036766,0.3036766,0.07230395
87,d1_potassium_min,5.0,5.041527,0.041526794,0.012213767
87,d1_sodium_max,138.0,123.03634,-14.963661,-0.42753318
87,d1_sodium_min,138.0,135.11371,-2.8862915,-0.080174744
87,d1_wbc_max,12.2,16.73578,4.535781,0.10106464
87,d1_wbc_min,11.2,13.32888,2.1288805,0.053224683
87,apache_4a_hospital_death_prob,0.08,0.2576145,0.1776145,0.089704275
87,apache_4a_icu_death_prob,0.03,0.68017626,0.6501763,0.33003867
87,aids,0.0,-0.07135241,-0.07135241,-0.07135241
87,cirrhosis,0.0,0.13652766,0.13652766,0.13652766
87,diabetes_mellitus,1.0,0.53018796,-0.46981204,-0.46981204
87,hepatic_failure,0.0,0.32181758,0.32181758,0.32181758
87,immunosuppression,1.0,0.706175,-0.29382497,-0.29382497
87,leukemia,0.0,-0.016931798,-0.016931798,-0.016931798
87,lymphoma,0.0,-0.09972012,-0.09972012,-0.09972012
87,solid_tumor_with_metastasis,0.0,0.45646864,0.45646864,0.45646864
87,apache_3j_bodysystem,9.0,7.5426826,-1.4573174,-0.14573175
87,apache_2_bodysystem,7.0,10.685122,3.6851215,0.40945798
87,apache_3j_diagnosis_split0,72.0,63.829517,-8.170483,-0.0742771
88,age,82.0,86.87914,4.8791428,0.06683755
88,bmi,30.731863,20.141966,-10.589897,-0.19992231
88,elective_surgery,0.0,-0.10733725,-0.10733725,-0.10733725
88,ethnicity,3.0,3.2973864,0.2973864,0.04956439
88,gender,1.0,0.9357007,-0.064299285,-0.032149643
88,height,153.7,128.9114,-24.78859,-0.42453486
88,hospital_admit_source,3.0,1.4851362,-1.5148638,-0.10099093
88,icu_admit_source,1.0,1.3008974,0.30089736,0.060179472
88,icu_stay_type,1.0,1.9235597,0.92355967,0.46177983
88,icu_type,1.0,-1.3356225,-2.3356225,-0.33366036
88,pre_icu_los_days,0.006944444,16.64463,16.637686,0.24740821
88,readmission_status,0.0,0.0,0.0,0.0
88,weight,72.6,75.058044,2.458046,0.016676024
88,apache_2_diagnosis,117.0,136.47311,19.473114,0.09407302
88,apache_3j_diagnosis,106.01,-793.60803,-899.61804,-0.42838138
88,apache_post_operative,0.0,-0.08412978,-0.08412978,-0.08412978
88,arf_apache,0.0,-0.24753648,-0.24753648,-0.24753648
88,bun_apache,28.0,9.083178,-18.916822,-0.1537953
88,creatinine_apache,1.27,0.9180712,-0.35192877,-0.032346394
88,gcs_eyes_apache,4.0,2.5959802,-1.4040198,-0.4680066
88,gcs_motor_apache,6.0,7.628872,1.6288719,0.32577443
88,gcs_unable_apache,0.0,0.0,0.0,0.0
88,gcs_verbal_apache,5.0,3.2916677,-1.7083323,-0.42708308
88,glucose_apache,76.0,-173.34282,-249.34282,-0.4454937
88,heart_rate_apache,30.0,29.873652,-0.1263485,-0.00085370603
88,hematocrit_apache,35.2,43.45362,8.25362,0.23447788
88,intubated_apache,0.0,0.40379596,0.40379596,0.40379596
88,map_apache,111.0,157.90799,46.90799,0.29317495
88,resprate_apache,39.0,22.224632,-16.775368,-0.29956013
88,sodium_apache,143.0,150.25656,7.2565613,0.17698932
88,temp_apache,36.5,37.336998,0.836998,0.110131264
88,ventilated_apache,0.0,0.23460649,0.23460649,0.23460649
88,wbc_apache,5.1,-13.320335,-18.420336,-0.41025245
88,d1_diasbp_max,103.0,135.11353,32.113525,0.26986155
88,d1_diasbp_min,51.0,43.07957,-7.920429,-0.102862716
88,d1_diasbp_noninvasive_max,103.0,120.15977,17.159767,0.1441997
88,d1_diasbp_noninvasive_min,51.0,60.38737,9.387371,0.12191391
88,d1_heartrate_max,67.0,123.525,56.525,0.47500002
88,d1_heartrate_min,30.0,-8.930859,-38.93086,-0.27224377
88,d1_mbp_max,131.0,98.17731,-32.822693,-0.26469913
88,d1_mbp_min,78.0,39.084732,-38.915268,-0.43239188
88,d1_mbp_noninvasive_max,131.0,156.63739,25.63739,0.21187925
88,d1_mbp_noninvasive_min,78.0,35.250004,-42.749996,-0.47499996
88,d1_resprate_max,38.0,43.313507,5.313507,0.06812188
88,d1_resprate_min,17.0,16.339355,-0.66064453,-0.0091756135
88,d1_spo2_max,99.0,79.0921,-19.907898,-0.2288264
88,d1_spo2_min,91.0,44.648064,-46.351936,-0.4635194
88,d1_sysbp_max,184.0,174.58875,-9.411255,-0.06627643
88,d1_sysbp_min,104.0,52.624794,-51.375206,-0.43172446
88,d1_sysbp_noninvasive_max,184.0,220.67354,36.67354,0.25826436
88,d1_sysbp_noninvasive_min,104.0,91.73407,-12.26593,-0.103101045
88,d1_temp_max,36.7,35.059673,-1.6403275,-0.34173486
88,d1_temp_min,36.5,36.710884,0.2108841,0.03567654
88,h1_diasbp_max,62.0,48.098015,-13.901985,-0.1311508
88,h1_diasbp_min,51.0,43.317505,-7.682495,-0.084423035
88,h1_diasbp_noninvasive_max,62.0,105.99059,43.990593,0.41112703
88,h1_diasbp_noninvasive_min,51.0,55.25002,4.250019,0.046195835
88,h1_heartrate_max,46.0,-8.089069,-54.08907,-0.45838195
88,h1_heartrate_min,36.0,38.186165,2.1861649,0.020242266
88,h1_mbp_max,89.0,142.32431,53.32431,0.4596923
88,h1_mbp_min,78.0,33.3095,-44.6905,-0.42160848
88,h1_mbp_noninvasive_max,89.0,77.30869,-11.691307,-0.102555335
88,h1_mbp_noninvasive_min,78.0,104.33803,26.338028,0.24847195
88,h1_resprate_max,27.0,31.391167,4.3911667,0.08961564
88,h1_resprate_min,18.0,57.94457,39.94457,0.3385133
88,h1_spo2_max,94.0,51.25,-42.75,-0.475
88,h1_spo2_min,92.0,70.2217,-21.778297,-0.21778297
88,h1_sysbp_max,141.0,164.29388,23.293884,0.1573911
88,h1_sysbp_min,111.0,49.04723,-61.95277,-0.43938133
88,h1_sysbp_noninvasive_max,141.0,186.9361,45.936096,0.310379
88,h1_sysbp_noninvasive_min,111.0,105.68679,-5.3132095,-0.037416965
88,h1_temp_max,36.7,37.80154,1.1015396,0.18058026
88,h1_temp_min,36.7,35.724625,-0.9753761,-0.15240252
88,d1_bun_max,28.0,62.544033,34.544033,0.2831478
88,d1_bun_min,25.0,34.815132,9.815132,0.08915554
88,d1_calcium_max,8.0,8.131066,0.13106632,0.02849266
88,d1_calcium_min,7.9,6.572839,-1.3271613,-0.27649194
88,d1_creatinine_max,1.27,3.099732,1.829732,0.16989154
88,d1_creatinine_min,1.25,3.10974,1.85974,0.19296113
88,d1_glucose_max,78.0,139.84076,61.84076,0.11494565
88,d1_glucose_min,76.0,160.29076,84.29076,0.33055198
88,d1_hco3_max,28.0,36.256493,8.256493,0.29487473
88,d1_hco3_min,28.0,13.891016,-14.108984,-0.44090575
88,d1_hemaglobin_max,11.8,15.309885,3.5098848,0.33748892
88,d1_hemaglobin_min,11.8,14.666927,2.8669271,0.2514848
88,d1_hematocrit_max,35.2,46.51957,11.319569,0.36397323
88,d1_hematocrit_min,35.2,39.520943,4.320942,0.12746143
88,d1_platelets_max,138.0,-30.581703,-168.5817,-0.30211776
88,d1_platelets_min,138.0,269.57132,131.57132,0.24414791
88,d1_potassium_max,4.5,6.031906,1.5319061,0.36473957
88,d1_potassium_min,4.1,4.8034983,0.70349836,0.20691127
88,d1_sodium_max,143.0,151.29279,8.292786,0.23693669
88,d1_sodium_min,143.0,155.42143,12.4214325,0.34503984
88,d1_wbc_max,5.1,1.3488214,-3.7511785,-0.08358241
88,d1_wbc_min,5.1,-1.344793,-6.4447927,-0.16112787
88,apache_4a_hospital_death_prob,0.04,0.8603165,0.8203165,0.41430128
88,apache_4a_icu_death_prob,0.02,0.61009896,0.590099,0.2995426
88,aids,0.0,-0.16248675,-0.16248675,-0.16248675
88,cirrhosis,0.0,-0.086126044,-0.086126044,-0.086126044
88,diabetes_mellitus,0.0,-0.4468006,-0.4468006,-0.4468006
88,hepatic_failure,0.0,-0.057116404,-0.057116404,-0.057116404
88,immunosuppression,0.0,-0.25452745,-0.25452745,-0.25452745
88,leukemia,0.0,-0.41738814,-0.41738814,-0.41738814
88,lymphoma,0.0,-0.475,-0.475,-0.475
88,solid_tumor_with_metastasis,0.0,0.071965575,0.071965575,0.071965575
88,apache_3j_bodysystem,1.0,2.2288563,1.2288563,0.12288563
88,apache_2_bodysystem,1.0,-3.2249022,-4.224902,-0.46943358
88,apache_3j_diagnosis_split0,7.0,53.72969,46.72969,0.42481536
89,age,61.0,26.731346,-34.268654,-0.4694336
89,bmi,25.29425,1.349741,-23.94451,-0.45203853
89,elective_surgery,0.0,-0.34294105,-0.34294105,-0.34294105
89,ethnicity,1.0,1.7833282,0.7833282,0.13055469
89,gender,2.0,1.9842244,-0.015775561,-0.007887781
89,height,188.0,197.56635,9.566345,0.16383529
89,hospital_admit_source,4.0,-2.6903439,-6.690344,-0.44602293
89,icu_admit_source,1.0,-0.08727825,-1.0872782,-0.21745566
89,icu_stay_type,1.0,1.8999023,0.89990234,0.44995117
89,icu_type,5.0,7.024388,2.0243878,0.28919822
89,pre_icu_los_days,0.000694444,15.861251,15.860557,0.235852
89,readmission_status,0.0,0.0,0.0,0.0
89,weight,89.4,137.83102,48.431023,0.32856867
89,apache_2_diagnosis,113.0,73.01271,-39.98729,-0.19317532
89,apache_3j_diagnosis,501.02,-293.74466,-794.76465,-0.37845212
89,apache_post_operative,0.0,-0.14508,-0.14508,-0.14508
89,arf_apache,0.0,-0.30166394,-0.30166394,-0.30166394
89,bun_apache,127.0,83.02424,-43.97576,-0.35752654
89,creatinine_apache,6.17,10.777938,4.607938,0.42352366
89,gcs_eyes_apache,4.0,4.926092,0.92609215,0.30869734
89,gcs_motor_apache,6.0,8.16421,2.1642103,0.43284202
89,gcs_unable_apache,0.0,0.0,0.0,0.0
89,gcs_verbal_apache,4.0,2.955961,-1.044039,-0.26100975
89,glucose_apache,92.0,242.45619,150.45619,0.26881576
89,heart_rate_apache,160.0,200.02365,40.02365,0.2704301
89,hematocrit_apache,21.9,38.62,16.72,0.475
89,intubated_apache,1.0,1.3808007,0.38080072,0.38080072
89,map_apache,129.0,127.03956,-1.9604416,-0.012252748
89,resprate_apache,50.0,67.87872,17.878723,0.31926292
89,sodium_apache,137.0,143.12927,6.1292725,0.14949441
89,temp_apache,33.0,32.693165,-0.30683517,-0.04037305
89,ventilated_apache,1.0,0.967753,-0.032247007,-0.032247007
89,wbc_apache,43.8,27.185581,-16.614418,-0.37003154
89,d1_diasbp_max,70.0,39.97338,-30.026619,-0.25232452
89,d1_diasbp_min,50.0,60.694,10.694,0.13888311
89,d1_diasbp_noninvasive_max,70.0,96.40018,26.400177,0.22185023
89,d1_diasbp_noninvasive_min,50.0,79.3841,29.384102,0.3816117
89,d1_heartrate_max,160.0,108.51617,-51.483833,-0.43263727
89,d1_heartrate_min,84.0,58.622154,-25.377846,-0.17746747
89,d1_mbp_max,129.0,91.15198,-37.848022,-0.305226
89,d1_mbp_min,60.0,23.366888,-36.63311,-0.40703458
89,d1_mbp_noninvasive_max,129.0,181.71129,52.71129,0.4356305
89,d1_mbp_noninvasive_min,60.0,92.49357,32.49357,0.36103967
89,d1_resprate_max,33.0,60.358974,27.358974,0.35075605
89,d1_resprate_min,0.0,8.690803,8.690803,0.12070559
89,d1_spo2_max,100.0,107.80597,7.805969,0.089723825
89,d1_spo2_min,94.0,95.98789,1.9878922,0.019878924
89,d1_sysbp_max,131.0,134.73914,3.7391357,0.026331961
89,d1_sysbp_min,78.0,83.33092,5.3309174,0.0447976
89,d1_sysbp_noninvasive_max,131.0,122.384544,-8.615456,-0.06067221
89,d1_sysbp_noninvasive_min,78.0,127.43029,49.43029,0.41548532
89,d1_temp_max,37.6,37.11092,-0.48907852,-0.10189137
89,d1_temp_min,33.0,30.82244,-2.1775608,-0.36839128
89,h1_diasbp_max,58.0,100.68232,42.68232,0.4026634
89,h1_diasbp_min,55.0,63.429424,8.429424,0.09263104
89,h1_diasbp_noninvasive_max,58.0,108.258484,50.258484,0.46970546
89,h1_diasbp_noninvasive_min,55.0,66.43501,11.435013,0.124293625
89,h1_heartrate_max,104.0,54.289722,-49.710278,-0.42127353
89,h1_heartrate_min,98.0,120.650314,22.650314,0.20972514
89,h1_mbp_max,74.0,36.422318,-37.577682,-0.32394552
89,h1_mbp_min,67.0,50.451267,-16.548733,-0.15612014
89,h1_mbp_noninvasive_max,74.0,127.27746,53.27746,0.46734613
89,h1_mbp_noninvasive_min,67.0,97.364876,30.364876,0.28646106
89,h1_resprate_max,20.0,36.354958,16.354958,0.33377463
89,h1_resprate_min,20.0,35.283825,15.283825,0.12952393
89,h1_spo2_max,99.0,69.43205,-29.567947,-0.3285327
89,h1_spo2_min,98.0,119.2801,21.280098,0.21280098
89,h1_sysbp_max,90.0,148.44687,58.44687,0.3949113
89,h1_sysbp_min,78.0,97.47734,19.47734,0.13813718
89,h1_sysbp_noninvasive_max,90.0,150.3434,60.3434,0.40772566
89,h1_sysbp_noninvasive_min,78.0,141.12263,63.122635,0.4445256
89,h1_temp_max,37.2,36.9294,-0.27059937,-0.044360578
89,h1_temp_min,36.6,39.147564,2.5475655,0.3980571
89,d1_bun_max,126.0,70.85131,-55.14869,-0.4520384
89,d1_bun_min,102.0,113.7492,11.749199,0.10672361
89,d1_calcium_max,7.8,9.985,2.1849995,0.4749999
89,d1_calcium_min,7.1,8.58531,1.4853101,0.3094396
89,d1_creatinine_max,6.17,3.1876047,-2.9823954,-0.27691692
89,d1_creatinine_min,4.99,4.3838944,-0.6061053,-0.06288767
89,d1_glucose_max,115.0,59.995193,-55.004807,-0.102239415
89,d1_glucose_min,92.0,29.59617,-62.40383,-0.2447209
89,d1_hco3_max,15.0,2.7088213,-12.291179,-0.43897069
89,d1_hco3_min,11.0,17.341127,6.3411274,0.19816023
89,d1_hemaglobin_max,7.5,9.420446,1.9204464,0.18465832
89,d1_hemaglobin_min,7.5,2.3824546,-5.117545,-0.4489075
89,d1_hematocrit_max,23.9,32.407288,8.507288,0.27354625
89,d1_hematocrit_min,23.9,17.125454,-6.7745457,-0.19983909
89,d1_platelets_max,193.0,266.06122,73.06122,0.13093409
89,d1_platelets_min,193.0,277.96033,84.96033,0.15765512
89,d1_potassium_max,5.4,6.4523177,1.0523176,0.25055182
89,d1_potassium_min,4.9,6.161998,1.2619977,0.37117577
89,d1_sodium_max,142.0,133.3461,-8.6539,-0.24725431
89,d1_sodium_min,137.0,152.76378,15.763779,0.43788272
89,d1_wbc_max,36.7,26.073425,-10.626575,-0.23677754
89,d1_wbc_min,36.7,32.526054,-4.1739464,-0.104353786
89,apache_4a_hospital_death_prob,0.62,0.2512796,-0.3687204,-0.18622243
89,apache_4a_icu_death_prob,0.61,-0.32574993,-0.93574995,-0.475
89,aids,0.0,-0.15235205,-0.15235205,-0.15235205
89,cirrhosis,0.0,0.122284085,0.122284085,0.122284085
89,diabetes_mellitus,1.0,0.68280965,-0.31719035,-0.31719035
89,hepatic_failure,0.0,0.41293466,0.41293466,0.41293466
89,immunosuppression,0.0,-0.31493878,-0.31493878,-0.31493878
89,leukemia,0.0,-0.0003394601,-0.0003394601,-0.0003394601
89,lymphoma,0.0,-0.2529056,-0.2529056,-0.2529056
89,solid_tumor_with_metastasis,0.0,0.33110642,0.33110642,0.33110642
89,apache_3j_bodysystem,10.0,10.403099,0.40309906,0.040309906
89,apache_2_bodysystem,1.0,4.781148,3.781148,0.42012754
89,apache_3j_diagnosis_split0,97.0,113.1798,16.179802,0.14708912
90,age,75.0,47.15737,-27.842628,-0.3814059
90,bmi,37.016644,33.244907,-3.7717361,-0.07120505
90,elective_surgery,0.0,-0.086191356,-0.086191356,-0.086191356
90,ethnicity,3.0,2.4183974,-0.5816026,-0.09693377
90,gender,1.0,0.9552254,-0.044774592,-0.022387296
90,height,165.1,148.25035,-16.849655,-0.2885709
90,hospital_admit_source,4.0,2.4081237,-1.5918763,-0.10612509
90,icu_admit_source,1.0,0.96570206,-0.034297943,-0.0068595884
90,icu_stay_type,1.0,0.08397782,-0.9160222,-0.4580111
90,icu_type,3.0,3.6600637,0.66006374,0.094294816
90,pre_icu_los_days,0.000694444,-2.4456592,-2.4463537,-0.03637813
90,readmission_status,0.0,0.0,0.0,0.0
90,weight,100.9,52.883068,-48.016933,-0.32575938
90,apache_2_diagnosis,113.0,172.17206,59.17206,0.28585535
90,apache_3j_diagnosis,501.05,1498.569,997.519,0.47499996
90,apache_post_operative,0.0,-0.14074972,-0.14074972,-0.14074972
90,arf_apache,0.0,-0.18724795,-0.18724795,-0.18724795
90,bun_apache,53.0,33.45599,-19.54401,-0.1588944
90,creatinine_apache,1.87,0.19772923,-1.6722708,-0.15370135
90,gcs_eyes_apache,4.0,3.1632493,-0.83675075,-0.2789169
90,gcs_motor_apache,6.0,7.2956657,1.2956657,0.2591331
90,gcs_unable_apache,0.0,0.0,0.0,0.0
90,gcs_verbal_apache,5.0,6.460576,1.460576,0.365144
90,glucose_apache,185.0,274.32764,89.32764,0.15959913
90,heart_rate_apache,110.0,127.50445,17.504448,0.11827332
90,hematocrit_apache,36.2,23.926874,-12.273127,-0.34866837
90,intubated_apache,0.0,-0.35766548,-0.35766548,-0.35766548
90,map_apache,46.0,61.20039,15.20039,0.095002435
90,resprate_apache,6.0,16.153423,10.153423,0.18131113
90,sodium_apache,134.0,129.21638,-4.783615,-0.11667353
90,temp_apache,36.4,34.260662,-2.1393394,-0.28149202
90,ventilated_apache,1.0,1.4168575,0.41685748,0.41685748
90,wbc_apache,7.1,7.1115556,0.011555672,0.00025737286
90,d1_diasbp_max,118.0,69.57779,-48.42221,-0.40690935
90,d1_diasbp_min,42.0,32.775383,-9.224617,-0.11980021
90,d1_diasbp_noninvasive_max,118.0,95.97098,-22.029022,-0.18511787
90,d1_diasbp_noninvasive_min,42.0,30.851534,-11.148466,-0.14478526
90,d1_heartrate_max,110.0,68.071976,-41.928024,-0.35233635
90,d1_heartrate_min,88.0,79.701935,-8.298065,-0.05802846
90,d1_mbp_max,132.0,150.02176,18.021759,0.1453368
90,d1_mbp_min,51.0,31.975056,-19.024944,-0.21138829
90,d1_mbp_noninvasive_max,132.0,100.08847,-31.91153,-0.26373166
90,d1_mbp_noninvasive_min,51.0,78.72473,27.724731,0.30805254
90,d1_resprate_max,27.0,20.615528,-6.384472,-0.081852205
90,d1_resprate_min,14.0,1.5666727,-12.433328,-0.1726851
90,d1_spo2_max,100.0,105.82825,5.828247,0.06699133
90,d1_spo2_min,91.0,107.26092,16.260918,0.16260916
90,d1_sysbp_max,157.0,168.68594,11.685944,0.08229539
90,d1_sysbp_min,61.0,50.032154,-10.967846,-0.092166774
90,d1_sysbp_noninvasive_max,157.0,141.78906,-15.2109375,-0.10711929
90,d1_sysbp_noninvasive_min,61.0,4.48925,-56.51075,-0.47500002
90,d1_temp_max,37.4,39.68,2.2799988,0.47499973
90,d1_temp_min,36.4,38.571037,2.1710358,0.36728746
90,h1_diasbp_max,56.0,7.4938774,-48.506123,-0.45760494
90,h1_diasbp_min,56.0,48.35942,-7.640579,-0.08396241
90,h1_diasbp_noninvasive_max,56.0,53.236603,-2.7633972,-0.025826141
90,h1_diasbp_noninvasive_min,56.0,52.742393,-3.2576065,-0.035408765
90,h1_heartrate_max,109.0,73.238434,-35.761566,-0.3030641
90,h1_heartrate_min,109.0,69.39815,-39.601852,-0.3666838
90,h1_mbp_max,70.0,64.08793,-5.912071,-0.05096613
90,h1_mbp_min,70.0,47.37219,-22.627811,-0.21346991
90,h1_mbp_noninvasive_max,70.0,93.3281,23.328102,0.20463248
90,h1_mbp_noninvasive_min,70.0,92.919876,22.919876,0.21622524
90,h1_resprate_max,16.0,17.40231,1.4023094,0.02861856
90,h1_resprate_min,16.0,18.835451,2.8354511,0.02402924
90,h1_spo2_max,93.0,95.87313,2.8731308,0.03192371
90,h1_spo2_min,93.0,99.23303,6.233032,0.062330306
90,h1_sysbp_max,93.0,113.93846,20.938461,0.14147608
90,h1_sysbp_min,93.0,92.883644,-0.116355896,-0.0008252263
90,h1_sysbp_noninvasive_max,93.0,107.018814,14.018814,0.09472172
90,h1_sysbp_noninvasive_min,93.0,102.04526,9.045258,0.06369898
90,h1_temp_max,37.4,38.121952,0.72195053,0.11835259
90,h1_temp_min,37.4,37.888344,0.4883423,0.07630348
90,d1_bun_max,51.0,13.581015,-37.418983,-0.30671299
90,d1_bun_min,50.0,25.478664,-24.521336,-0.22273901
90,d1_calcium_max,8.0,7.485619,-0.51438093,-0.11182195
90,d1_calcium_min,7.8,7.768179,-0.03182125,-0.006629437
90,d1_creatinine_max,1.87,2.032222,0.16222203,0.015062392
90,d1_creatinine_min,1.7,2.040083,0.34008288,0.035285994
90,d1_glucose_max,138.0,225.47949,87.47949,0.16260129
90,d1_glucose_min,92.0,115.802635,23.802635,0.09334366
90,d1_hco3_max,17.0,26.311237,9.311237,0.33254418
90,d1_hco3_min,14.0,0.435781,-13.5642185,-0.42388183
90,d1_hemaglobin_max,13.0,12.492117,-0.5078831,-0.04883492
90,d1_hemaglobin_min,13.0,8.157613,-4.842387,-0.4247708
90,d1_hematocrit_max,39.3,53.220078,13.920078,0.44759083
90,d1_hematocrit_min,39.3,37.21222,-2.08778,-0.06158638
90,d1_platelets_max,163.0,167.96335,4.9633484,0.008894891
90,d1_platelets_min,163.0,409.60327,246.60327,0.45760491
90,d1_potassium_max,4.9,5.2060585,0.3060584,0.07287103
90,d1_potassium_min,4.3,4.2587504,-0.041249752,-0.012132287
90,d1_sodium_max,135.0,135.16306,0.16305542,0.004658729
90,d1_sodium_min,134.0,132.61707,-1.3829346,-0.038414836
90,d1_wbc_max,12.2,7.397073,-4.802927,-0.1070171
90,d1_wbc_min,12.2,21.758478,9.558478,0.23897389
90,apache_4a_hospital_death_prob,0.1,-0.016374469,-0.11637447,-0.058775008
90,apache_4a_icu_death_prob,0.06,-0.87284905,-0.93284905,-0.4735274
90,aids,0.0,0.3515303,0.3515303,0.3515303
90,cirrhosis,0.0,0.0802557,0.0802557,0.0802557
90,diabetes_mellitus,0.0,0.33383363,0.33383363,0.33383363
90,hepatic_failure,0.0,0.19803709,0.19803709,0.19803709
90,immunosuppression,0.0,-0.18535513,-0.18535513,-0.18535513
90,leukemia,0.0,0.019938193,0.019938193,0.019938193
90,lymphoma,0.0,0.0147701055,0.0147701055,0.0147701055
90,solid_tumor_with_metastasis,0.0,-0.03456884,-0.03456884,-0.03456884
90,apache_3j_bodysystem,10.0,13.292526,3.2925262,0.3292526
90,apache_2_bodysystem,1.0,4.1231246,3.1231246,0.34701383
90,apache_3j_diagnosis_split0,97.0,69.73072,-27.26928,-0.24790257
91,age,57.0,25.464027,-31.535973,-0.43199962
91,bmi,21.76331,16.08672,-5.67659,-0.10716601
91,elective_surgery,0.0,-0.06402454,-0.06402454,-0.06402454
91,ethnicity,3.0,4.2139516,1.2139516,0.20232525
91,gender,2.0,2.828751,0.8287511,0.41437554
91,height,177.8,195.39891,17.598907,0.30140275
91,hospital_admit_source,4.0,-2.4306452,-6.430645,-0.4287097
91,icu_admit_source,1.0,1.5968126,0.5968126,0.11936252
91,icu_stay_type,1.0,0.529275,-0.470725,-0.2353625
91,icu_type,6.0,8.510733,2.5107327,0.35867608
91,pre_icu_los_days,0.00625,6.72781,6.72156,0.09995194
91,readmission_status,0.0,0.0,0.0,0.0
91,weight,68.8,112.44483,43.64483,0.29609787
91,apache_2_diagnosis,124.0,124.289085,0.2890854,0.0013965443
91,apache_3j_diagnosis,305.02,-241.18622,-546.2062,-0.26009324
91,apache_post_operative,0.0,-0.27214998,-0.27214998,-0.27214998
91,arf_apache,0.0,-0.29644984,-0.29644984,-0.29644984
91,bun_apache,6.0,64.425,58.425003,0.47500002
91,creatinine_apache,0.78,-1.5543032,-2.3343031,-0.21454991
91,gcs_eyes_apache,4.0,3.731406,-0.26859403,-0.08953136
91,gcs_motor_apache,6.0,6.6496477,0.6496477,0.12992954
91,gcs_unable_apache,0.0,0.0,0.0,0.0
91,gcs_verbal_apache,5.0,4.0443525,-0.95564747,-0.23891187
91,glucose_apache,81.0,252.42374,171.42374,0.3062779
91,heart_rate_apache,136.0,151.90677,15.906769,0.1074782
91,hematocrit_apache,36.8,49.278057,12.478058,0.35449028
91,intubated_apache,0.0,-0.096463755,-0.096463755,-0.096463755
91,map_apache,119.0,82.28733,-36.71267,-0.22945419
91,resprate_apache,35.0,46.835686,11.835686,0.21135157
91,sodium_apache,142.0,155.48477,13.484772,0.32889688
91,temp_apache,37.2,40.29167,3.091671,0.40679884
91,ventilated_apache,0.0,0.4152962,0.4152962,0.4152962
91,wbc_apache,2.9,-7.2163157,-10.116316,-0.2253077
91,d1_diasbp_max,106.0,74.3404,-31.6596,-0.26604706
91,d1_diasbp_min,62.0,25.852745,-36.147255,-0.46944487
91,d1_diasbp_noninvasive_max,106.0,70.914566,-35.085434,-0.29483563
91,d1_diasbp_noninvasive_min,62.0,25.9746,-36.0254,-0.4678623
91,d1_heartrate_max,120.0,113.93565,-6.0643463,-0.05096093
91,d1_heartrate_min,56.0,13.9564905,-42.04351,-0.29401055
91,d1_mbp_max,138.0,169.61441,31.61441,0.25495493
91,d1_mbp_min,73.0,88.831116,15.831116,0.1759013
91,d1_mbp_noninvasive_max,138.0,90.55498,-47.445023,-0.39210764
91,d1_mbp_noninvasive_min,73.0,80.648254,7.6482544,0.08498061
91,d1_resprate_max,28.0,34.117,6.1170006,0.07842307
91,d1_resprate_min,13.0,7.2568665,-5.7431335,-0.07976574
91,d1_spo2_max,100.0,126.939545,26.939545,0.30964994
91,d1_spo2_min,87.0,102.031586,15.031586,0.15031588
91,d1_sysbp_max,184.0,125.78986,-58.210136,-0.40993053
91,d1_sysbp_min,88.0,73.14026,-14.859741,-0.12487179
91,d1_sysbp_noninvasive_max,184.0,249.86914,65.86914,0.4638672
91,d1_sysbp_noninvasive_min,88.0,46.49579,-41.50421,-0.34886283
91,d1_temp_max,37.5,35.397655,-2.1023445,-0.43798843
91,d1_temp_min,36.8,34.38886,-2.4111404,-0.40790737
91,h1_diasbp_max,78.0,117.94039,39.94039,0.37679616
91,h1_diasbp_min,65.0,35.716774,-29.283226,-0.32179368
91,h1_diasbp_noninvasive_max,78.0,90.292725,12.292725,0.11488527
91,h1_diasbp_noninvasive_min,65.0,57.71517,-7.284828,-0.07918292
91,h1_heartrate_max,104.0,96.727455,-7.272545,-0.06163171
91,h1_heartrate_min,92.0,116.151794,24.151794,0.22362775
91,h1_mbp_max,100.0,83.20904,-16.790962,-0.1447497
91,h1_mbp_min,79.0,41.355812,-37.644188,-0.35513386
91,h1_mbp_noninvasive_max,100.0,120.33486,20.334862,0.17837599
91,h1_mbp_noninvasive_min,79.0,94.07865,15.078651,0.1422514
91,h1_resprate_max,24.0,46.763588,22.763588,0.46456298
91,h1_resprate_min,19.0,-10.734196,-29.734196,-0.25198472
91,h1_spo2_max,95.0,93.43035,-1.5696487,-0.017440498
91,h1_spo2_min,92.0,98.0243,6.0242996,0.06024295
91,h1_sysbp_max,132.0,141.08055,9.080551,0.061355054
91,h1_sysbp_min,88.0,153.5277,65.527695,0.46473545
91,h1_sysbp_noninvasive_max,132.0,93.72592,-38.27408,-0.25860864
91,h1_sysbp_noninvasive_min,88.0,102.17341,14.1734085,0.09981273
91,h1_temp_max,37.2,39.35096,2.150959,0.3526162
91,h1_temp_min,37.2,40.182243,2.9822426,0.4659754
91,d1_bun_max,6.0,63.95,57.95,0.475
91,d1_bun_min,6.0,15.728261,9.728261,0.08836644
91,d1_calcium_max,7.9,7.410619,-0.4893813,-0.10638723
91,d1_calcium_min,7.9,6.8965,-1.0035,-0.20906249
91,d1_creatinine_max,0.78,3.621015,2.841015,0.2637897
91,d1_creatinine_min,0.78,3.651376,2.871376,0.29792547
91,d1_glucose_max,81.0,292.05328,211.05328,0.39229235
91,d1_glucose_min,81.0,-15.797245,-96.79724,-0.37959704
91,d1_hco3_max,24.0,18.369398,-5.630602,-0.20109293
91,d1_hco3_min,24.0,10.429846,-13.570154,-0.42406732
91,d1_hemaglobin_max,13.7,15.508861,1.8088608,0.17392898
91,d1_hemaglobin_min,12.6,8.231771,-4.368229,-0.383178
91,d1_hematocrit_max,40.0,53.128777,13.128777,0.42214715
91,d1_hematocrit_min,36.8,51.324623,14.524624,0.428455
91,d1_platelets_max,57.0,167.84409,110.844086,0.1986453
91,d1_platelets_min,46.0,-187.8163,-233.8163,-0.43387696
91,d1_potassium_max,4.1,5.7004776,1.6004777,0.38106614
91,d1_potassium_min,4.1,4.482999,0.38299894,0.11264676
91,d1_sodium_max,142.0,158.625,16.625,0.47500002
91,d1_sodium_min,142.0,137.61888,-4.381119,-0.121697724
91,d1_wbc_max,4.0,11.790454,7.790454,0.17358409
91,d1_wbc_min,2.9,21.89905,18.99905,0.47499996
91,apache_4a_hospital_death_prob,0.02,-0.7254274,-0.74542737,-0.37647846
91,apache_4a_icu_death_prob,0.01,0.76921344,0.75921345,0.38538748
91,aids,0.0,-0.03250605,-0.03250605,-0.03250605
91,cirrhosis,0.0,-0.32618076,-0.32618076,-0.32618076
91,diabetes_mellitus,0.0,0.45056647,0.45056647,0.45056647
91,hepatic_failure,0.0,-0.31822842,-0.31822842,-0.31822842
91,immunosuppression,0.0,0.106571645,0.106571645,0.106571645
91,leukemia,0.0,0.3195125,0.3195125,0.3195125
91,lymphoma,0.0,-0.08381002,-0.08381002,-0.08381002
91,solid_tumor_with_metastasis,0.0,0.32532185,0.32532185,0.32532185
91,apache_3j_bodysystem,2.0,3.3198133,1.3198133,0.13198131
91,apache_2_bodysystem,2.0,2.831039,0.83103895,0.09233766
91,apache_3j_diagnosis_split0,78.0,60.066906,-17.933094,-0.16302812
92,age,45.0,73.556946,28.556946,0.39119104
92,bmi,25.871107,47.024803,21.153696,0.39935195
92,elective_surgery,0.0,-0.19641583,-0.19641583,-0.19641583
92,ethnicity,4.0,1.7267027,-2.2732973,-0.37888288
92,gender,2.0,2.7483802,0.7483802,0.3741901
92,height,162.6,188.88223,26.282227,0.4501152
92,hospital_admit_source,4.0,2.1086411,-1.8913589,-0.12609059
92,icu_admit_source,1.0,1.5910447,0.59104466,0.11820893
92,icu_stay_type,1.0,0.12635672,-0.8736433,-0.43682164
92,icu_type,6.0,3.6203482,-2.3796518,-0.33995026
92,pre_icu_los_days,0.03263889,-4.095359,-4.127998,-0.061384767
92,readmission_status,0.0,0.0,0.0,0.0
92,weight,68.4,73.50328,5.103279,0.03462197
92,apache_2_diagnosis,308.0,402.0211,94.02109,0.45420814
92,apache_3j_diagnosis,1102.01,1184.5157,82.50574,0.039287686
92,apache_post_operative,0.0,0.025936607,0.025936607,0.025936607
92,arf_apache,0.0,0.16795056,0.16795056,0.16795056
92,bun_apache,31.0,1.7021742,-29.297825,-0.2381937
92,creatinine_apache,1.7,1.0132537,-0.68674636,-0.06312007
92,gcs_eyes_apache,4.0,3.9397159,-0.060284138,-0.020094693
92,gcs_motor_apache,6.0,6.4896045,0.48960447,0.097920895
92,gcs_unable_apache,0.0,0.0,0.0,0.0
92,gcs_verbal_apache,5.0,6.443652,1.4436522,0.36091304
92,glucose_apache,544.0,408.53186,-135.46814,-0.24203706
92,heart_rate_apache,56.0,112.27165,56.271652,0.38021386
92,hematocrit_apache,25.9,28.668806,2.7688065,0.078659266
92,intubated_apache,0.0,-0.03008471,-0.03008471,-0.03008471
92,map_apache,59.0,18.389996,-40.610004,-0.25381252
92,resprate_apache,12.0,14.199788,2.199788,0.03928192
92,sodium_apache,136.0,134.04486,-1.9551392,-0.04768634
92,temp_apache,36.2,33.30283,-2.897171,-0.38120675
92,ventilated_apache,0.0,0.056691706,0.056691706,0.056691706
92,wbc_apache,9.7,-0.9157822,-10.615782,-0.23643166
92,d1_diasbp_max,76.0,106.42371,30.423714,0.25566146
92,d1_diasbp_min,51.0,19.025434,-31.974566,-0.4152541
92,d1_diasbp_noninvasive_max,76.0,46.484543,-29.515457,-0.24802907
92,d1_diasbp_noninvasive_min,51.0,69.67058,18.670578,0.24247503
92,d1_heartrate_max,74.0,41.387337,-32.612663,-0.27405602
92,d1_heartrate_min,56.0,11.402631,-44.59737,-0.3118697
92,d1_mbp_max,103.0,160.7291,57.729095,0.46555725
92,d1_mbp_min,59.0,23.730268,-35.26973,-0.3918859
92,d1_mbp_noninvasive_max,103.0,118.50894,15.508942,0.12817308
92,d1_mbp_noninvasive_min,59.0,18.914705,-40.085297,-0.44539216
92,d1_resprate_max,25.0,58.185795,33.185795,0.4254589
92,d1_resprate_min,14.0,46.10591,32.10591,0.44591543
92,d1_spo2_max,100.0,90.607025,-9.392975,-0.10796523
92,d1_spo2_min,92.0,64.12842,-27.871582,-0.27871585
92,d1_sysbp_max,143.0,168.17125,25.17125,0.17726234
92,d1_sysbp_min,78.0,30.026928,-47.973072,-0.40313506
92,d1_sysbp_noninvasive_max,143.0,101.0711,-41.9289,-0.29527396
92,d1_sysbp_noninvasive_min,78.0,84.24408,6.2440796,0.052484512
92,d1_temp_max,37.3,37.190247,-0.109752655,-0.022865117
92,d1_temp_min,36.2,35.532413,-0.6675873,-0.112939835
92,h1_diasbp_max,75.0,108.20544,33.205437,0.31325886
92,h1_diasbp_min,52.0,13.901766,-38.098236,-0.41866192
92,h1_diasbp_noninvasive_max,75.0,97.579636,22.579636,0.21102461
92,h1_diasbp_noninvasive_min,52.0,8.300001,-43.699997,-0.475
92,h1_heartrate_max,64.0,85.26224,21.262238,0.18018846
92,h1_heartrate_min,56.0,79.86197,23.861969,0.22094415
92,h1_mbp_max,86.0,67.68022,-18.319778,-0.15792914
92,h1_mbp_min,59.0,104.96158,45.96158,0.43359977
92,h1_mbp_noninvasive_max,86.0,39.323803,-46.676197,-0.40944034
92,h1_mbp_noninvasive_min,59.0,35.98619,-23.01381,-0.21711142
92,h1_resprate_max,25.0,12.764491,-12.235509,-0.24970427
92,h1_resprate_min,16.0,-34.952335,-50.952335,-0.43179947
92,h1_spo2_max,96.0,133.76419,37.76419,0.41960216
92,h1_spo2_min,94.0,88.59529,-5.404709,-0.054047108
92,h1_sysbp_max,117.0,151.59515,34.595154,0.23375106
92,h1_sysbp_min,78.0,130.76028,52.760284,0.3741864
92,h1_sysbp_noninvasive_max,117.0,88.25246,-28.747543,-0.19424017
92,h1_sysbp_noninvasive_min,78.0,41.18016,-36.81984,-0.25929463
92,h1_temp_max,36.3,34.639313,-1.6606865,-0.2722437
92,h1_temp_min,36.3,33.63718,-2.662819,-0.41606545
92,d1_bun_max,31.0,39.29347,8.293468,0.06797925
92,d1_bun_min,28.0,72.58416,44.58416,0.4049792
92,d1_calcium_max,7.8,9.036537,1.236537,0.26881236
92,d1_calcium_min,7.6,6.0485926,-1.5514073,-0.32320985
92,d1_creatinine_max,1.7,1.6150302,-0.08496988,-0.007889494
92,d1_creatinine_min,1.6,-0.9073203,-2.5073204,-0.26015213
92,d1_glucose_max,544.0,588.1196,44.11963,0.08200675
92,d1_glucose_min,107.0,150.60715,43.607147,0.17100841
92,d1_hco3_max,29.0,36.80754,7.807541,0.27884072
92,d1_hco3_min,26.0,37.371258,11.371258,0.3553518
92,d1_hemaglobin_max,8.8,7.8660235,-0.93397665,-0.08980545
92,d1_hemaglobin_min,8.8,10.225978,1.4259777,0.12508577
92,d1_hematocrit_max,25.9,29.241627,3.3416271,0.10744782
92,d1_hematocrit_min,25.9,16.90327,-8.996729,-0.26539022
92,d1_platelets_max,196.0,-22.2765,-218.2765,-0.39117652
92,d1_platelets_min,196.0,149.00728,-46.99272,-0.08720118
92,d1_potassium_max,3.4,5.280443,1.8804431,0.44772458
92,d1_potassium_min,3.3,4.855857,1.555857,0.45760494
92,d1_sodium_max,138.0,142.12468,4.1246796,0.11784801
92,d1_sodium_min,136.0,120.377884,-15.622116,-0.43394768
92,d1_wbc_max,9.7,6.570609,-3.1293907,-0.06972796
92,d1_wbc_min,9.7,27.40023,17.70023,0.4425279
92,apache_4a_hospital_death_prob,0.03,-0.1821093,-0.2121093,-0.10712588
92,apache_4a_icu_death_prob,0.02,0.013857007,-0.0061429925,-0.0031182766
92,aids,0.0,0.041796662,0.041796662,0.041796662
92,cirrhosis,0.0,-0.33205163,-0.33205163,-0.33205163
92,diabetes_mellitus,1.0,0.6599759,-0.3400241,-0.3400241
92,hepatic_failure,0.0,-0.40016526,-0.40016526,-0.40016526
92,immunosuppression,0.0,-0.037022695,-0.037022695,-0.037022695
92,leukemia,0.0,-0.11861369,-0.11861369,-0.11861369
92,lymphoma,0.0,-0.37977105,-0.37977105,-0.37977105
92,solid_tumor_with_metastasis,0.0,-0.27880728,-0.27880728,-0.27880728
92,apache_3j_bodysystem,7.0,4.3032346,-2.6967654,-0.26967657
92,apache_2_bodysystem,9.0,5.683909,-3.316091,-0.36845458
92,apache_3j_diagnosis_split0,13.0,24.777946,11.777946,0.10707224
93,age,50.0,48.78772,-1.2122803,-0.0166066
93,bmi,36.46972,30.105564,-6.364155,-0.120146275
93,elective_surgery,0.0,-0.10607016,-0.10607016,-0.10607016
93,ethnicity,3.0,1.5547805,-1.4452195,-0.24086994
93,gender,2.0,2.0512695,0.05126953,0.025634766
93,height,182.9,160.15656,-22.743439,-0.38950917
93,hospital_admit_source,4.0,-1.9684877,-5.9684877,-0.39789918
93,icu_admit_source,1.0,0.7931734,-0.20682663,-0.041365325
93,icu_stay_type,1.0,0.16391969,-0.8360803,-0.41804016
93,icu_type,6.0,5.982582,-0.017417908,-0.002488315
93,pre_icu_los_days,0.009722222,27.060457,27.050735,0.40225387
93,readmission_status,0.0,0.0,0.0,0.0
93,weight,122.0,58.47448,-63.52552,-0.43097368
93,apache_2_diagnosis,117.0,150.5227,33.522705,0.16194543
93,apache_3j_diagnosis,106.01,909.39136,803.38135,0.38255525
93,apache_post_operative,0.0,-0.09788163,-0.09788163,-0.09788163
93,arf_apache,0.0,-0.10221827,-0.10221827,-0.10221827
93,bun_apache,15.0,-11.796603,-26.796604,-0.21785855
93,creatinine_apache,1.21,0.47315273,-0.7368473,-0.06772493
93,gcs_eyes_apache,4.0,4.930166,0.93016577,0.31005526
93,gcs_motor_apache,6.0,8.249756,2.2497559,0.44995117
93,gcs_unable_apache,0.0,0.0,0.0,0.0
93,gcs_verbal_apache,5.0,3.827895,-1.1721051,-0.29302627
93,glucose_apache,114.0,192.81601,78.81601,0.1408183
93,heart_rate_apache,120.0,179.9112,59.911194,0.40480536
93,hematocrit_apache,46.1,36.259026,-9.840973,-0.27957308
93,intubated_apache,0.0,-0.27545965,-0.27545965,-0.27545965
93,map_apache,153.0,164.25967,11.259674,0.07037294
93,resprate_apache,38.0,20.767637,-17.232363,-0.30772078
93,sodium_apache,136.0,122.38037,-13.619629,-0.33218607
93,temp_apache,36.2,33.00968,-3.190319,-0.41977885
93,ventilated_apache,0.0,0.3324564,0.3324564,0.3324564
93,wbc_apache,5.7,-3.3710399,-9.071039,-0.2020276
93,d1_diasbp_max,133.0,82.508026,-50.491974,-0.4243023
93,d1_diasbp_min,52.0,46.981163,-5.018837,-0.065179706
93,d1_diasbp_noninvasive_max,133.0,106.686745,-26.313255,-0.22111982
93,d1_diasbp_noninvasive_min,52.0,43.46084,-8.539162,-0.1108982
93,d1_heartrate_max,120.0,117.38341,-2.6165924,-0.021988213
93,d1_heartrate_min,52.0,34.484768,-17.515232,-0.12248415
93,d1_mbp_max,153.0,192.36247,39.362473,0.31743932
93,d1_mbp_min,61.0,36.791176,-24.208824,-0.26898694
93,d1_mbp_noninvasive_max,153.0,142.00488,-10.995117,-0.09086871
93,d1_mbp_noninvasive_min,61.0,22.412218,-38.587784,-0.42875314
93,d1_resprate_max,38.0,38.42784,0.4278412,0.0054851174
93,d1_resprate_min,10.0,11.654612,1.6546116,0.022980705
93,d1_spo2_max,99.0,121.547386,22.547386,0.2591654
93,d1_spo2_min,81.0,76.52078,-4.4792175,-0.044792175
93,d1_sysbp_max,164.0,216.68523,52.685226,0.37102276
93,d1_sysbp_min,92.0,48.816776,-43.183224,-0.36288422
93,d1_sysbp_noninvasive_max,164.0,98.11543,-65.88457,-0.46397582
93,d1_sysbp_noninvasive_min,92.0,116.76343,24.763428,0.20814848
93,d1_temp_max,36.8,34.69047,-2.1095276,-0.4394849
93,d1_temp_min,35.9,34.71647,-1.1835327,-0.20022547
93,h1_diasbp_max,87.0,127.94875,40.948753,0.38630903
93,h1_diasbp_min,72.0,47.401485,-24.598515,-0.27031338
93,h1_diasbp_noninvasive_max,87.0,71.78897,-15.211029,-0.14215913
93,h1_diasbp_noninvasive_min,72.0,67.65628,-4.3437195,-0.04721433
93,h1_heartrate_max,96.0,88.78459,-7.2154083,-0.06114754
93,h1_heartrate_min,52.0,46.703934,-5.2960663,-0.04903765
93,h1_mbp_max,103.0,114.324646,11.324646,0.09762624
93,h1_mbp_min,92.0,67.31763,-24.682373,-0.23285255
93,h1_mbp_noninvasive_max,103.0,96.68247,-6.317528,-0.05541691
93,h1_mbp_noninvasive_min,92.0,116.181335,24.181335,0.22812581
93,h1_resprate_max,23.0,41.13981,18.139809,0.37020016
93,h1_resprate_min,14.0,-7.3848214,-21.38482,-0.1812273
93,h1_spo2_max,98.0,121.970764,23.970764,0.26634187
93,h1_spo2_min,92.0,120.96684,28.966843,0.28966838
93,h1_sysbp_max,140.0,147.07265,7.072647,0.047788143
93,h1_sysbp_min,123.0,71.153885,-51.846115,-0.36770296
93,h1_sysbp_noninvasive_max,140.0,115.48603,-24.51397,-0.16563493
93,h1_sysbp_noninvasive_min,123.0,162.51419,39.51419,0.27826896
93,h1_temp_max,36.3,39.145718,2.8457184,0.46651122
93,h1_temp_min,36.3,36.793182,0.49318314,0.077059865
93,d1_bun_max,15.0,22.986734,7.9867344,0.06546503
93,d1_bun_min,15.0,-12.444031,-27.44403,-0.24928723
93,d1_calcium_max,8.6,9.945709,1.3457088,0.29254544
93,d1_calcium_min,8.6,9.385515,0.78551483,0.1636489
93,d1_creatinine_max,1.21,3.322371,2.112371,0.19613472
93,d1_creatinine_min,1.21,3.761364,2.551364,0.26472196
93,d1_glucose_max,114.0,135.07373,21.07373,0.039170496
93,d1_glucose_min,114.0,26.651434,-87.348564,-0.3425434
93,d1_hco3_max,24.0,13.619793,-10.380207,-0.3707217
93,d1_hco3_min,24.0,39.2,15.200001,0.47500002
93,d1_hemaglobin_max,15.1,18.563854,3.4638538,0.3330629
93,d1_hemaglobin_min,15.1,10.811964,-4.2880363,-0.37614357
93,d1_hematocrit_max,46.1,60.699387,14.599388,0.4694336
93,d1_hematocrit_min,46.1,31.09671,-15.003288,-0.44257483
93,d1_platelets_max,201.0,127.19255,-73.80745,-0.13227141
93,d1_platelets_min,201.0,452.47787,251.47787,0.46665034
93,d1_potassium_max,4.1,2.924695,-1.1753049,-0.2798345
93,d1_potassium_min,4.1,3.49084,-0.60915995,-0.17916471
93,d1_sodium_max,136.0,119.96813,-16.031868,-0.45805338
93,d1_sodium_min,136.0,151.21455,15.214554,0.4226265
93,d1_wbc_max,5.7,11.741611,6.0416107,0.13461699
93,d1_wbc_min,5.7,14.894001,9.194001,0.22986153
93,apache_4a_hospital_death_prob,0.01,-0.57663035,-0.58663034,-0.29627797
93,apache_4a_icu_death_prob,0.01,0.16280091,0.1528009,0.07756388
93,aids,0.0,0.4075073,0.4075073,0.4075073
93,cirrhosis,0.0,0.2439834,0.2439834,0.2439834
93,diabetes_mellitus,0.0,0.08638647,0.08638647,0.08638647
93,hepatic_failure,0.0,-0.3958683,-0.3958683,-0.3958683
93,immunosuppression,0.0,-0.43639874,-0.43639874,-0.43639874
93,leukemia,0.0,0.32888955,0.32888955,0.32888955
93,lymphoma,0.0,0.32687193,0.32687193,0.32687193
93,solid_tumor_with_metastasis,0.0,0.346434,0.346434,0.346434
93,apache_3j_bodysystem,1.0,-3.6883016,-4.6883016,-0.46883017
93,apache_2_bodysystem,1.0,0.5124678,-0.4875322,-0.054170243
93,apache_3j_diagnosis_split0,7.0,54.68233,47.68233,0.43347573
94,age,52.0,86.675,34.675003,0.47500005
94,bmi,36.267895,43.849327,7.5814323,0.14312676
94,elective_surgery,0.0,-0.18103251,-0.18103251,-0.18103251
94,ethnicity,1.0,0.5033728,-0.4966272,-0.082771204
94,gender,1.0,0.41748428,-0.5825157,-0.29125786
94,height,180.3,206.12096,25.820953,0.44221532
94,hospital_admit_source,4.0,-3.1249995,-7.1249995,-0.47499996
94,icu_admit_source,1.0,-1.1341338,-2.1341338,-0.42682678
94,icu_stay_type,1.0,1.7881372,0.7881372,0.3940686
94,icu_type,6.0,8.196817,2.1968174,0.3138311
94,pre_icu_los_days,0.002083333,7.2335076,7.2314243,0.1075338
94,readmission_status,0.0,0.0,0.0,0.0
94,weight,117.9,62.735832,-55.16417,-0.3742481
94,apache_2_diagnosis,115.0,19.285553,-95.71445,-0.46238863
94,apache_3j_diagnosis,101.01,453.65146,352.64145,0.1679213
94,apache_post_operative,0.0,-0.26761848,-0.26761848,-0.26761848
94,arf_apache,0.0,-0.34337485,-0.34337485,-0.34337485
94,bun_apache,74.0,96.94076,22.940758,0.1865102
94,creatinine_apache,6.3,9.660691,3.360691,0.30888706
94,gcs_eyes_apache,4.0,2.7487056,-1.2512944,-0.4170981
94,gcs_motor_apache,5.0,6.4880056,1.4880056,0.29760116
94,gcs_unable_apache,0.0,0.0,0.0,0.0
94,gcs_verbal_apache,4.0,2.8389175,-1.1610825,-0.29027063
94,glucose_apache,65.0,-67.85614,-132.85614,-0.23737027
94,heart_rate_apache,40.0,40.330933,0.33093262,0.002236031
94,hematocrit_apache,30.7,18.39705,-12.30295,-0.34951562
94,intubated_apache,0.0,0.00054592453,0.00054592453,0.00054592453
94,map_apache,164.0,182.46558,18.465576,0.11540985
94,resprate_apache,4.0,6.9377575,2.9377575,0.052459955
94,sodium_apache,141.0,127.87314,-13.126862,-0.32016733
94,temp_apache,33.4,32.061687,-1.338314,-0.17609397
94,ventilated_apache,0.0,-0.066869885,-0.066869885,-0.066869885
94,wbc_apache,7.8,0.84346634,-6.956534,-0.15493393
94,d1_diasbp_max,117.0,118.67355,1.6735535,0.0140634775
94,d1_diasbp_min,36.0,56.81562,20.81562,0.27033275
94,d1_diasbp_noninvasive_max,117.0,109.02069,-7.979309,-0.06705302
94,d1_diasbp_noninvasive_min,36.0,22.905525,-13.094475,-0.1700581
94,d1_heartrate_max,78.0,36.27329,-41.72671,-0.35064465
94,d1_heartrate_min,40.0,-9.841799,-49.841797,-0.34854406
94,d1_mbp_max,164.0,171.0005,7.0005035,0.05645567
94,d1_mbp_min,46.0,18.727377,-27.272623,-0.30302915
94,d1_mbp_noninvasive_max,164.0,163.6741,-0.32589722,-0.002693355
94,d1_mbp_noninvasive_min,46.0,12.590348,-33.409653,-0.37121838
94,d1_resprate_max,33.0,7.462098,-25.537903,-0.327409
94,d1_resprate_min,0.0,32.00676,32.00676,0.44453833
94,d1_spo2_max,100.0,83.93861,-16.061394,-0.1846137
94,d1_spo2_min,94.0,70.542534,-23.457466,-0.23457468
94,d1_sysbp_max,232.0,164.54999,-67.45001,-0.47500008
94,d1_sysbp_min,67.0,27.798203,-39.201797,-0.32942688
94,d1_sysbp_noninvasive_max,232.0,212.35321,-19.64679,-0.1383577
94,d1_sysbp_noninvasive_min,67.0,45.970207,-21.029793,-0.1767655
94,d1_temp_max,36.4,34.607857,-1.7921448,-0.3733635
94,d1_temp_min,32.2,31.840765,-0.35923576,-0.060774114
94,h1_diasbp_max,51.0,36.016163,-14.983837,-0.14135696
94,h1_diasbp_min,43.0,20.960447,-22.039553,-0.2421929
94,h1_diasbp_noninvasive_max,51.0,51.085304,0.08530426,0.0007972419
94,h1_diasbp_noninvasive_min,43.0,21.940351,-21.059649,-0.22890922
94,h1_heartrate_max,46.0,97.37004,51.37004,0.43533933
94,h1_heartrate_min,40.0,58.076817,18.076817,0.16737792
94,h1_mbp_max,59.0,33.87427,-25.125729,-0.2166011
94,h1_mbp_min,58.0,28.176077,-29.823923,-0.28135777
94,h1_mbp_noninvasive_max,59.0,53.092518,-5.907482,-0.05182002
94,h1_mbp_noninvasive_min,58.0,47.490005,-10.5099945,-0.099150896
94,h1_resprate_max,16.0,35.480785,19.480785,0.39756703
94,h1_resprate_min,8.0,-31.950249,-39.95025,-0.33856145
94,h1_spo2_max,98.0,65.65753,-32.34247,-0.35936075
94,h1_spo2_min,94.0,53.17439,-40.82561,-0.4082561
94,h1_sysbp_max,95.0,83.24201,-11.757988,-0.079445854
94,h1_sysbp_min,84.0,122.802986,38.802986,0.27519846
94,h1_sysbp_noninvasive_max,95.0,75.44696,-19.55304,-0.13211513
94,h1_sysbp_noninvasive_min,84.0,102.334946,18.334946,0.12911932
94,h1_temp_max,36.1,37.516537,1.4165382,0.23221937
94,h1_temp_min,36.1,35.17241,-0.9275894,-0.14493585
94,d1_bun_max,74.0,104.620766,30.620766,0.2509899
94,d1_bun_min,50.0,53.02137,3.02137,0.027444541
94,d1_calcium_max,7.1,6.970653,-0.12934685,-0.028118879
94,d1_calcium_min,6.6,6.6333475,0.033347607,0.006947413
94,d1_creatinine_max,6.3,3.6855073,-2.614493,-0.24275696
94,d1_creatinine_min,4.5,4.442323,-0.057676792,-0.005984366
94,d1_glucose_max,101.0,-53.12979,-154.12979,-0.2864866
94,d1_glucose_min,61.0,3.7177258,-57.282272,-0.22463638
94,d1_hco3_max,25.0,28.251783,3.2517834,0.11613515
94,d1_hco3_min,20.0,11.239643,-8.760357,-0.27376115
94,d1_hemaglobin_max,9.6,6.370578,-3.2294226,-0.3105214
94,d1_hemaglobin_min,9.6,11.801441,2.2014408,0.19310889
94,d1_hematocrit_max,30.7,30.026628,-0.67337227,-0.021651864
94,d1_hematocrit_min,30.7,16.425844,-14.274157,-0.42106655
94,d1_platelets_max,150.0,330.09937,180.09937,0.3227587
94,d1_platelets_min,150.0,20.334854,-129.66515,-0.24061075
94,d1_potassium_max,6.2,6.5820336,0.38203382,0.09096044
94,d1_potassium_min,4.0,4.974142,0.9741421,0.28651237
94,d1_sodium_max,141.0,155.13132,14.131317,0.4037519
94,d1_sodium_min,141.0,155.89551,14.895508,0.41376406
94,d1_wbc_max,7.8,-3.1158774,-10.915877,-0.24322365
94,d1_wbc_min,7.8,16.808128,9.008128,0.22521448
94,apache_4a_hospital_death_prob,0.33,-0.11592561,-0.44592562,-0.22521496
94,apache_4a_icu_death_prob,0.29,0.36705804,0.07705805,0.039115787
94,aids,0.0,0.0026946825,0.0026946825,0.0026946825
94,cirrhosis,0.0,-0.10773681,-0.10773681,-0.10773681
94,diabetes_mellitus,1.0,1.3964565,0.39645648,0.39645648
94,hepatic_failure,0.0,-0.29930592,-0.29930592,-0.29930592
94,immunosuppression,0.0,0.41043055,0.41043055,0.41043055
94,leukemia,0.0,-0.18331032,-0.18331032,-0.18331032
94,lymphoma,0.0,-0.445323,-0.445323,-0.445323
94,solid_tumor_with_metastasis,0.0,0.19002967,0.19002967,0.19002967
94,apache_3j_bodysystem,1.0,-2.3686328,-3.3686328,-0.33686328
94,apache_2_bodysystem,1.0,-3.2030501,-4.20305,-0.46700558
94,apache_3j_diagnosis_split0,2.0,26.412735,24.412735,0.22193396
95,age,30.0,11.5478525,-18.452148,-0.25276914
95,bmi,27.441475,26.971865,-0.4696102,-0.00886558
95,elective_surgery,0.0,-0.13687848,-0.13687848,-0.13687848
95,ethnicity,3.0,4.285618,1.2856178,0.21426961
95,gender,2.0,1.6440538,-0.35594618,-0.17797309
95,height,165.1,183.83066,18.730652,0.32078528
95,hospital_admit_source,4.0,10.859934,6.859934,0.45732892
95,icu_admit_source,1.0,2.7249393,1.7249393,0.34498787
95,icu_stay_type,1.0,1.6673113,0.6673113,0.33365566
95,icu_type,6.0,2.6750002,-3.3249998,-0.475
95,pre_icu_los_days,0.000694444,20.974781,20.974087,0.311892
95,readmission_status,0.0,0.0,0.0,0.0
95,weight,74.8,30.16588,-44.634125,-0.30280954
95,apache_2_diagnosis,122.0,193.16794,71.16794,0.34380645
95,apache_3j_diagnosis,703.02,-145.16376,-848.1838,-0.40388936
95,apache_post_operative,0.0,0.061758026,0.061758026,0.061758026
95,arf_apache,0.0,-0.035548832,-0.035548832,-0.035548832
95,bun_apache,9.0,7.6816816,-1.3183184,-0.010718035
95,creatinine_apache,0.31,3.1034753,2.7934754,0.25675327
95,gcs_eyes_apache,4.0,5.2043285,1.2043285,0.4014429
95,gcs_motor_apache,6.0,4.6971946,-1.3028054,-0.2605611
95,gcs_unable_apache,0.0,0.0,0.0,0.0
95,gcs_verbal_apache,5.0,4.31779,-0.68220997,-0.17055249
95,glucose_apache,57.0,-163.60632,-220.60632,-0.394151
95,heart_rate_apache,134.0,184.9967,50.996704,0.34457237
95,hematocrit_apache,34.0,36.617683,2.6176834,0.07436597
95,intubated_apache,0.0,-0.2722658,-0.2722658,-0.2722658
95,map_apache,117.0,178.6981,61.698105,0.38561314
95,resprate_apache,40.0,52.26558,12.265579,0.21902823
95,sodium_apache,136.0,142.98451,6.9845123,0.17035398
95,temp_apache,37.2,34.107178,-3.092823,-0.40695038
95,ventilated_apache,0.0,0.4376371,0.4376371,0.4376371
95,wbc_apache,8.3,4.747672,-3.552328,-0.079116434
95,d1_diasbp_max,99.0,117.61417,18.614166,0.15642157
95,d1_diasbp_min,70.0,59.29702,-10.70298,-0.13899976
95,d1_diasbp_noninvasive_max,99.0,42.475002,-56.524998,-0.475
95,d1_diasbp_noninvasive_min,70.0,92.01997,22.019974,0.28597367
95,d1_heartrate_max,102.0,91.24544,-10.754562,-0.09037447
95,d1_heartrate_min,54.0,92.134514,38.134514,0.26667494
95,d1_mbp_max,117.0,105.44997,-11.550034,-0.09314543
95,d1_mbp_min,86.0,46.232307,-39.767693,-0.44186327
95,d1_mbp_noninvasive_max,117.0,118.595825,1.5958252,0.01318866
95,d1_mbp_noninvasive_min,86.0,57.478157,-28.521843,-0.31690937
95,d1_resprate_max,30.0,31.826847,1.8268471,0.023421109
95,d1_resprate_min,13.0,8.704323,-4.295677,-0.05966218
95,d1_spo2_max,100.0,106.66176,6.6617584,0.07657194
95,d1_spo2_min,95.0,54.37068,-40.62932,-0.40629315
95,d1_sysbp_max,148.0,179.00142,31.00142,0.21831986
95,d1_sysbp_min,109.0,95.23593,-13.764069,-0.11566448
95,d1_sysbp_noninvasive_max,148.0,157.93318,9.933182,0.06995198
95,d1_sysbp_noninvasive_min,109.0,86.55113,-22.448868,-0.18869355
95,d1_temp_max,37.7,38.27152,0.57151794,0.11906624
95,d1_temp_min,36.3,38.5763,2.2763023,0.38509595
95,h1_diasbp_max,94.0,67.85867,-26.141327,-0.24661627
95,h1_diasbp_min,93.0,91.61484,-1.3851624,-0.015221596
95,h1_diasbp_noninvasive_max,94.0,45.154816,-48.845184,-0.456497
95,h1_diasbp_noninvasive_min,93.0,85.539925,-7.4600754,-0.08108777
95,h1_heartrate_max,87.0,54.694275,-32.305725,-0.2737773
95,h1_heartrate_min,77.0,71.596344,-5.403656,-0.050033867
95,h1_mbp_max,116.0,82.72879,-33.27121,-0.2868208
95,h1_mbp_min,107.0,104.343796,-2.6562042,-0.025058568
95,h1_mbp_noninvasive_max,116.0,157.58154,41.581543,0.36475033
95,h1_mbp_noninvasive_min,107.0,107.6289,0.6288986,0.0059329867
95,h1_resprate_max,25.0,18.094025,-6.9059753,-0.14093828
95,h1_resprate_min,13.0,18.365814,5.365814,0.045473002
95,h1_spo2_max,99.0,109.63836,10.638359,0.118204
95,h1_spo2_min,96.0,56.67003,-39.32997,-0.3932997
95,h1_sysbp_max,146.0,181.15396,35.15396,0.23752674
95,h1_sysbp_min,128.0,87.01831,-40.98169,-0.29065028
95,h1_sysbp_noninvasive_max,146.0,120.4657,-25.534302,-0.17252907
95,h1_sysbp_noninvasive_min,128.0,127.70494,-0.2950592,-0.0020778775
95,h1_temp_max,37.2,35.140625,-2.0593758,-0.33760262
95,h1_temp_min,37.2,35.920475,-1.2795258,-0.1999259
95,d1_bun_max,9.0,31.002417,22.002417,0.18034768
95,d1_bun_min,5.0,-37.96511,-42.96511,-0.39027262
95,d1_calcium_max,8.0,8.012384,0.012384415,0.0026922524
95,d1_calcium_min,7.2,6.0585093,-1.1414905,-0.23781052
95,d1_creatinine_max,0.34,2.6464555,2.3064556,0.21415557
95,d1_creatinine_min,0.31,-3.393853,-3.703853,-0.3843008
95,d1_glucose_max,102.0,303.9427,201.94269,0.37535816
95,d1_glucose_min,57.0,79.64763,22.647629,0.08881422
95,d1_hco3_max,28.0,27.022882,-0.97711754,-0.03489709
95,d1_hco3_min,23.0,17.000875,-5.9991245,-0.18747264
95,d1_hemaglobin_max,12.4,14.150637,1.750637,0.16833049
95,d1_hemaglobin_min,12.1,16.562115,4.4621143,0.3914135
95,d1_hematocrit_max,34.8,23.14311,-11.656889,-0.37481958
95,d1_hematocrit_min,34.0,25.202496,-8.797504,-0.25951338
95,d1_platelets_max,88.0,135.07465,47.074646,0.08436317
95,d1_platelets_min,85.0,150.11824,65.11824,0.12083548
95,d1_potassium_max,3.5,5.226678,1.7266779,0.4111138
95,d1_potassium_min,2.7,4.229834,1.529834,0.44995117
95,d1_sodium_max,137.0,123.253525,-13.746475,-0.39275643
95,d1_sodium_min,136.0,120.24151,-15.7584915,-0.4377359
95,d1_wbc_max,8.3,2.1621108,-6.1378894,-0.13676225
95,d1_wbc_min,7.0,23.382719,16.382719,0.40958846
95,apache_4a_hospital_death_prob,0.01,-0.56807864,-0.5780786,-0.29195893
95,apache_4a_icu_death_prob,0.0,0.5821482,0.5821482,0.29550672
95,aids,0.0,0.46978146,0.46978146,0.46978146
95,cirrhosis,0.0,0.30526257,0.30526257,0.30526257
95,diabetes_mellitus,0.0,-0.102310166,-0.102310166,-0.102310166
95,hepatic_failure,0.0,0.18476339,0.18476339,0.18476339
95,immunosuppression,0.0,0.4228149,0.4228149,0.4228149
95,leukemia,0.0,-0.12538391,-0.12538391,-0.12538391
95,lymphoma,0.0,-0.20171566,-0.20171566,-0.20171566
95,solid_tumor_with_metastasis,0.0,-0.404396,-0.404396,-0.404396
95,apache_3j_bodysystem,6.0,10.626394,4.6263943,0.46263945
95,apache_2_bodysystem,4.0,4.219758,0.21975803,0.02441755
95,apache_3j_diagnosis_split0,106.0,117.887436,11.887436,0.10806757
96,age,74.0,39.914185,-34.085815,-0.466929
96,bmi,42.813103,31.687279,-11.125824,-0.21003982
96,elective_surgery,0.0,0.44508058,0.44508058,0.44508058
96,ethnicity,3.0,0.5694504,-2.4305496,-0.4050916
96,gender,1.0,0.11039913,-0.8896009,-0.44480044
96,height,165.1,191.07233,25.97232,0.4448077
96,hospital_admit_source,4.0,-1.3958254,-5.3958254,-0.3597217
96,icu_admit_source,1.0,3.0271,2.0271,0.40542
96,icu_stay_type,1.0,0.071793854,-0.92820615,-0.46410307
96,icu_type,6.0,3.5332818,-2.4667182,-0.35238832
96,pre_icu_los_days,0.006944444,30.020336,30.013391,0.44630963
96,readmission_status,0.0,0.0,0.0,0.0
96,weight,116.7,78.542114,-38.157883,-0.25887305
96,apache_2_diagnosis,113.0,186.8117,73.81171,0.3565783
96,apache_3j_diagnosis,501.05,-233.27954,-734.3295,-0.34967405
96,apache_post_operative,0.0,0.0039341324,0.0039341324,0.0039341324
96,arf_apache,0.0,0.117849186,0.117849186,0.117849186
96,bun_apache,9.0,60.56023,51.56023,0.4191889
96,creatinine_apache,0.94,-1.5993476,-2.5393476,-0.2333959
96,gcs_eyes_apache,4.0,2.63136,-1.36864,-0.4562133
96,gcs_motor_apache,6.0,6.2856836,0.28568363,0.057136774
96,gcs_unable_apache,0.0,0.0,0.0,0.0
96,gcs_verbal_apache,5.0,4.4517865,-0.5482135,-0.13705337
96,glucose_apache,181.0,353.49173,172.49173,0.30818605
96,heart_rate_apache,106.0,56.74111,-49.25889,-0.3328303
96,hematocrit_apache,30.9,19.70171,-11.19829,-0.31813323
96,intubated_apache,0.0,0.1650371,0.1650371,0.1650371
96,map_apache,57.0,133.0,76.0,0.47500002
96,resprate_apache,35.0,13.152206,-21.847794,-0.39013916
96,sodium_apache,140.0,149.30994,9.309937,0.22707164
96,temp_apache,36.7,37.322327,0.6223259,0.08188498
96,ventilated_apache,1.0,1.3396997,0.33969975,0.33969975
96,wbc_apache,14.2,-4.0970807,-18.297081,-0.40750736
96,d1_diasbp_max,77.0,130.93456,53.934555,0.45323154
96,d1_diasbp_min,45.0,63.503124,18.503124,0.24030033
96,d1_diasbp_noninvasive_max,77.0,33.478897,-43.521103,-0.36572355
96,d1_diasbp_noninvasive_min,45.0,54.509483,9.509483,0.12349978
96,d1_heartrate_max,116.0,171.37715,55.37715,0.46535423
96,d1_heartrate_min,56.0,37.539894,-18.460106,-0.12909165
96,d1_mbp_max,99.0,67.629456,-31.370544,-0.25298825
96,d1_mbp_min,57.0,39.61898,-17.38102,-0.19312245
96,d1_mbp_noninvasive_max,99.0,147.84024,48.84024,0.40363833
96,d1_mbp_noninvasive_min,57.0,93.463524,36.463524,0.40515023
96,d1_resprate_max,22.0,15.683874,-6.316126,-0.08097597
96,d1_resprate_min,8.0,2.6064556,-5.393544,-0.07491034
96,d1_spo2_max,98.0,123.15347,25.153473,0.28912038
96,d1_spo2_min,86.0,84.97727,-1.022728,-0.010227323
96,d1_sysbp_max,137.0,113.346954,-23.653046,-0.16657074
96,d1_sysbp_min,106.0,57.68891,-48.31109,-0.40597558
96,d1_sysbp_noninvasive_max,137.0,83.42913,-53.57087,-0.37725964
96,d1_sysbp_noninvasive_min,106.0,66.52396,-39.476044,-0.33181512
96,d1_temp_max,38.7,40.625237,1.9252357,0.4010908
96,d1_temp_min,36.2,36.73424,0.5342407,0.09038079
96,h1_diasbp_max,77.0,70.1611,-6.8388977,-0.064517915
96,h1_diasbp_min,48.0,72.60031,24.600311,0.27033308
96,h1_diasbp_noninvasive_max,77.0,36.186153,-40.813847,-0.3814378
96,h1_diasbp_noninvasive_min,48.0,59.461796,11.461796,0.124584734
96,h1_heartrate_max,116.0,163.1445,47.1445,0.39952964
96,h1_heartrate_min,56.0,45.12945,-10.870548,-0.100653216
96,h1_mbp_max,70.0,113.42799,43.427994,0.37437925
96,h1_mbp_min,69.0,34.23346,-34.76654,-0.32798624
96,h1_mbp_noninvasive_max,70.0,89.803665,19.803665,0.17371635
96,h1_mbp_noninvasive_min,69.0,93.999565,24.999565,0.23584497
96,h1_resprate_max,21.0,27.8137,6.8136997,0.13905509
96,h1_resprate_min,11.0,-6.7186003,-17.718601,-0.15015763
96,h1_spo2_max,97.0,95.602,-1.3980026,-0.015533328
96,h1_spo2_min,93.0,139.94336,46.94336,0.4694336
96,h1_sysbp_max,135.0,93.349266,-41.650734,-0.28142387
96,h1_sysbp_min,106.0,113.03371,7.0337067,0.04988444
96,h1_sysbp_noninvasive_max,135.0,198.9143,63.914307,0.4318534
96,h1_sysbp_noninvasive_min,106.0,116.779526,10.779526,0.07591215
96,h1_temp_max,38.3,37.486942,-0.81305695,-0.13328803
96,h1_temp_min,38.3,36.50198,-1.7980194,-0.28094053
96,d1_bun_max,9.0,31.772566,22.772566,0.18666038
96,d1_bun_min,9.0,-8.240279,-17.24028,-0.15660168
96,d1_calcium_max,9.1,7.308258,-1.7917423,-0.3895092
96,d1_calcium_min,9.1,7.938498,-1.1615024,-0.24197966
96,d1_creatinine_max,0.94,-2.18632,-3.1263201,-0.2902804
96,d1_creatinine_min,0.94,4.253943,3.313943,0.3438449
96,d1_glucose_max,181.0,309.43427,128.43427,0.2387254
96,d1_glucose_min,144.0,25.53644,-118.46356,-0.46456298
96,d1_hco3_max,33.0,21.084597,-11.915403,-0.42555013
96,d1_hco3_min,33.0,33.49369,0.4936905,0.015427828
96,d1_hemaglobin_max,10.0,14.506449,4.5064487,0.43331242
96,d1_hemaglobin_min,10.0,9.567853,-0.43214703,-0.03790763
96,d1_hematocrit_max,30.9,31.884777,0.98477745,0.03166485
96,d1_hematocrit_min,30.9,18.614101,-12.285898,-0.36241585
96,d1_platelets_max,228.0,475.54977,247.54977,0.44363755
96,d1_platelets_min,228.0,107.774475,-120.225525,-0.2230943
96,d1_potassium_max,3.9,5.6224074,1.7224073,0.41009703
96,d1_potassium_min,3.9,4.884791,0.9847908,0.28964433
96,d1_sodium_max,140.0,156.58525,16.58525,0.4738643
96,d1_sodium_min,140.0,154.15681,14.156815,0.3932448
96,d1_wbc_max,14.2,-5.4147825,-19.614782,-0.4370495
96,d1_wbc_min,14.2,3.5533876,-10.646612,-0.2661786
96,apache_4a_hospital_death_prob,0.06,-0.5767591,-0.6367591,-0.32159546
96,apache_4a_icu_death_prob,0.03,-0.2980008,-0.3280008,-0.16649789
96,aids,0.0,-0.39832616,-0.39832616,-0.39832616
96,cirrhosis,0.0,0.27979738,0.27979738,0.27979738
96,diabetes_mellitus,0.0,-0.47499996,-0.47499996,-0.47499996
96,hepatic_failure,0.0,-0.36219847,-0.36219847,-0.36219847
96,immunosuppression,0.0,0.16165833,0.16165833,0.16165833
96,leukemia,0.0,0.4154287,0.4154287,0.4154287
96,lymphoma,0.0,-0.25133407,-0.25133407,-0.25133407
96,solid_tumor_with_metastasis,0.0,-0.050947715,-0.050947715,-0.050947715
96,apache_3j_bodysystem,10.0,14.446997,4.4469967,0.44469965
96,apache_2_bodysystem,1.0,0.16651654,-0.83348346,-0.09260927
96,apache_3j_diagnosis_split0,97.0,84.841866,-12.158134,-0.11052853
97,age,53.0,51.483322,-1.5166779,-0.020776391
97,bmi,21.645014,31.231838,9.586824,0.18098572
97,elective_surgery,0.0,0.082614645,0.082614645,0.082614645
97,ethnicity,4.0,3.5594115,-0.44058847,-0.0734314
97,gender,1.0,0.594512,-0.405488,-0.202744
97,height,165.1,161.26341,-3.8365936,-0.06570634
97,hospital_admit_source,3.0,0.33767706,-2.662323,-0.17748821
97,icu_admit_source,1.0,2.6124723,1.6124723,0.32249445
97,icu_stay_type,1.0,0.11161351,-0.8883865,-0.44419324
97,icu_type,1.0,-0.2436359,-1.2436359,-0.17766227
97,pre_icu_los_days,0.006944444,-7.115367,-7.1223116,-0.105911255
97,readmission_status,0.0,0.0,0.0,0.0
97,weight,59.0,-5.169014,-64.169014,-0.43533933
97,apache_2_diagnosis,303.0,211.03232,-91.96768,-0.4442883
97,apache_3j_diagnosis,211.06,-134.23709,-345.2971,-0.16442405
97,apache_post_operative,0.0,-0.03392106,-0.03392106,-0.03392106
97,arf_apache,0.0,-0.19819228,-0.19819228,-0.19819228
97,bun_apache,26.0,23.071526,-2.9284744,-0.023808733
97,creatinine_apache,1.05,-2.4712088,-3.5212088,-0.3236405
97,gcs_eyes_apache,4.0,3.3231359,-0.67686415,-0.2256214
97,gcs_motor_apache,6.0,4.908989,-1.091011,-0.21820223
97,gcs_unable_apache,0.0,0.0,0.0,0.0
97,gcs_verbal_apache,5.0,6.162781,1.1627808,0.2906952
97,glucose_apache,73.0,73.76988,0.7698822,0.0013755262
97,heart_rate_apache,156.0,225.25604,69.25604,0.46794617
97,hematocrit_apache,32.0,38.454407,6.4544067,0.18336383
97,intubated_apache,0.0,-0.20596166,-0.20596166,-0.20596166
97,map_apache,140.0,147.8528,7.8527985,0.049080014
97,resprate_apache,30.0,51.841755,21.841755,0.39003137
97,sodium_apache,130.0,146.30508,16.305084,0.397685
97,temp_apache,36.3,37.02331,0.7233124,0.0951727
97,ventilated_apache,0.0,0.24939804,0.24939804,0.24939804
97,wbc_apache,15.7,16.785835,1.0858355,0.024183422
97,d1_diasbp_max,117.0,90.77846,-26.221542,-0.22034913
97,d1_diasbp_min,52.0,45.043243,-6.9567566,-0.0903475
97,d1_diasbp_noninvasive_max,117.0,104.191086,-12.808914,-0.10763797
97,d1_diasbp_noninvasive_min,52.0,52.97517,0.97517014,0.0126645565
97,d1_heartrate_max,156.0,211.61421,55.614212,0.46734625
97,d1_heartrate_min,76.0,103.28443,27.284431,0.19080025
97,d1_mbp_max,140.0,168.28778,28.28778,0.2281273
97,d1_mbp_min,62.0,46.214645,-15.785355,-0.17539284
97,d1_mbp_noninvasive_max,140.0,108.13378,-31.866219,-0.26335716
97,d1_mbp_noninvasive_min,62.0,69.60684,7.606842,0.08452049
97,d1_resprate_max,30.0,59.478035,29.478035,0.37792355
97,d1_resprate_min,18.0,12.657032,-5.342968,-0.07420789
97,d1_spo2_max,100.0,110.90404,10.904037,0.12533379
97,d1_spo2_min,59.0,70.15117,11.151169,0.11151171
97,d1_sysbp_max,177.0,188.0014,11.001404,0.07747465
97,d1_sysbp_min,76.0,86.20049,10.200493,0.08571842
97,d1_sysbp_noninvasive_max,177.0,167.59628,-9.403717,-0.06622338
97,d1_sysbp_noninvasive_min,76.0,53.43548,-22.564522,-0.18966565
97,d1_temp_max,37.1,38.417732,1.3177338,0.27452788
97,d1_temp_min,36.3,35.91727,-0.38272858,-0.064748526
97,h1_diasbp_max,117.0,165.50616,48.506165,0.45760536
97,h1_diasbp_min,22.0,40.249058,18.249058,0.2005391
97,h1_diasbp_noninvasive_max,117.0,111.42085,-5.5791473,-0.052141547
97,h1_diasbp_noninvasive_min,113.0,116.76726,3.7672577,0.04094845
97,h1_heartrate_max,104.0,158.80717,54.807175,0.46446759
97,h1_heartrate_min,98.0,77.51149,-20.48851,-0.18970844
97,h1_mbp_max,138.0,109.54466,-28.455338,-0.24530458
97,h1_mbp_min,129.0,92.99137,-36.00863,-0.33970404
97,h1_mbp_noninvasive_max,138.0,157.39844,19.398438,0.17016172
97,h1_mbp_noninvasive_min,129.0,109.483536,-19.516464,-0.18411756
97,h1_resprate_max,28.0,11.439922,-16.560078,-0.33796078
97,h1_resprate_min,27.0,82.0981,55.0981,0.46693304
97,h1_spo2_max,93.0,118.84554,25.845543,0.28717273
97,h1_spo2_min,90.0,94.48511,4.4851074,0.044851124
97,h1_sysbp_max,174.0,140.26697,-33.733032,-0.2279259
97,h1_sysbp_min,168.0,178.72934,10.72934,0.07609463
97,h1_sysbp_noninvasive_max,174.0,112.39603,-61.603973,-0.41624305
97,h1_sysbp_noninvasive_min,168.0,101.34043,-66.65957,-0.46943358
97,h1_temp_max,36.3,36.699833,0.39983368,0.06554648
97,h1_temp_min,36.3,35.80523,-0.49477005,-0.07730782
97,d1_bun_max,26.0,36.866413,10.866413,0.08906898
97,d1_bun_min,26.0,14.978224,-11.021776,-0.10011606
97,d1_calcium_max,8.0,8.884236,0.88423634,0.1922253
97,d1_calcium_min,8.0,9.207469,1.207469,0.25155604
97,d1_creatinine_max,1.05,2.8357475,1.7857475,0.16580757
97,d1_creatinine_min,1.05,-0.64024514,-1.6902452,-0.17537484
97,d1_glucose_max,82.0,250.52629,168.52629,0.3132459
97,d1_glucose_min,57.0,23.95787,-33.04213,-0.12957698
97,d1_hco3_max,28.0,21.921928,-6.0780716,-0.217074
97,d1_hco3_min,28.0,20.207766,-7.7922344,-0.24350733
97,d1_hemaglobin_max,9.9,7.6046667,-2.295333,-0.22070509
97,d1_hemaglobin_min,9.9,12.572994,2.6729946,0.23447323
97,d1_hematocrit_max,32.0,28.813988,-3.1860123,-0.10244414
97,d1_hematocrit_min,32.0,19.768623,-12.231377,-0.36080754
97,d1_platelets_max,351.0,146.85452,-204.14548,-0.3658521
97,d1_platelets_min,351.0,174.07489,-176.92511,-0.32830787
97,d1_potassium_max,4.5,5.176612,0.6766119,0.1610981
97,d1_potassium_min,4.5,4.5896378,0.08963776,0.026364088
97,d1_sodium_max,130.0,137.33038,7.3303833,0.20943953
97,d1_sodium_min,130.0,128.98691,-1.013092,-0.028141439
97,d1_wbc_max,15.7,23.776918,8.076919,0.17996699
97,d1_wbc_min,15.7,-3.2990503,-18.99905,-0.475
97,apache_4a_hospital_death_prob,0.09,-0.006770313,-0.09677032,-0.0488739
97,apache_4a_icu_death_prob,0.06,-0.098570526,-0.15857053,-0.080492616
97,aids,0.0,0.06878908,0.06878908,0.06878908
97,cirrhosis,0.0,-0.22447386,-0.22447386,-0.22447386
97,diabetes_mellitus,0.0,0.0017418806,0.0017418806,0.0017418806
97,hepatic_failure,0.0,0.24019836,0.24019836,0.24019836
97,immunosuppression,0.0,0.17733388,0.17733388,0.17733388
97,leukemia,0.0,0.0005017286,0.0005017286,0.0005017286
97,lymphoma,0.0,0.054877553,0.054877553,0.054877553
97,solid_tumor_with_metastasis,0.0,-0.12845549,-0.12845549,-0.12845549
97,apache_3j_bodysystem,9.0,12.003895,3.0038948,0.30038947
97,apache_2_bodysystem,7.0,3.2049336,-3.7950664,-0.42167407
97,apache_3j_diagnosis_split0,72.0,41.810196,-30.189804,-0.27445275
98,age,61.0,41.07352,-19.92648,-0.27296543
98,bmi,20.367273,23.34535,2.978077,0.056221887
98,elective_surgery,0.0,0.026854727,0.026854727,0.026854727
98,ethnicity,3.0,3.5712457,0.5712457,0.0952076
98,gender,1.0,1.4106832,0.41068316,0.20534158
98,height,170.2,155.35718,-14.842819,-0.2542014
98,hospital_admit_source,4.0,-3.1249995,-7.1249995,-0.47499996
98,icu_admit_source,1.0,2.5345578,1.5345578,0.30691156
98,icu_stay_type,1.0,0.068090856,-0.93190914,-0.46595457
98,icu_type,6.0,8.224004,2.2240038,0.3177148
98,pre_icu_los_days,0.001388889,12.016479,12.01509,0.17866857
98,readmission_status,0.0,0.0,0.0,0.0
98,weight,59.0,-11.014999,-70.015,-0.47500002
98,apache_2_diagnosis,301.0,268.17822,-32.821777,-0.15855932
98,apache_3j_diagnosis,410.01,162.13176,-247.87825,-0.11803501
98,apache_post_operative,0.0,0.03633548,0.03633548,0.03633548
98,arf_apache,0.0,0.052302867,0.052302867,0.052302867
98,bun_apache,8.0,5.5762134,-2.4237866,-0.019705582
98,creatinine_apache,0.81,3.8179443,3.0079443,0.27646548
98,gcs_eyes_apache,4.0,3.340175,-0.6598251,-0.21994168
98,gcs_motor_apache,6.0,3.625,-2.375,-0.47500002
98,gcs_unable_apache,0.0,0.0,0.0,0.0
98,gcs_verbal_apache,4.0,2.585847,-1.4141531,-0.35353827
98,glucose_apache,106.0,321.94986,215.94986,0.38583142
98,heart_rate_apache,60.0,129.16722,69.16722,0.46734607
98,hematocrit_apache,36.5,29.36895,-7.13105,-0.20258665
98,intubated_apache,0.0,0.32015187,0.32015187,0.32015187
98,map_apache,71.0,129.00513,58.005127,0.36253205
98,resprate_apache,34.0,16.440987,-17.559013,-0.3135538
98,sodium_apache,147.0,146.84383,-0.1561737,-0.003809154
98,temp_apache,36.2,39.33936,3.1393585,0.41307348
98,ventilated_apache,0.0,-0.24988812,-0.24988812,-0.24988812
98,wbc_apache,4.6,13.146273,8.546272,0.19034016
98,d1_diasbp_max,88.0,81.99805,-6.001953,-0.050436586
98,d1_diasbp_min,58.0,30.502176,-27.497824,-0.35711455
98,d1_diasbp_noninvasive_max,88.0,126.01682,38.016823,0.31946906
98,d1_diasbp_noninvasive_min,58.0,30.47265,-27.52735,-0.35749802
98,d1_heartrate_max,82.0,98.76366,16.763657,0.14087106
98,d1_heartrate_min,60.0,61.86374,1.863739,0.013033122
98,d1_mbp_max,105.0,134.58482,29.584824,0.23858726
98,d1_mbp_min,70.0,45.446953,-24.553047,-0.27281165
98,d1_mbp_noninvasive_max,105.0,106.901566,1.9015656,0.01571542
98,d1_mbp_noninvasive_min,70.0,32.619846,-37.380154,-0.41533506
98,d1_resprate_max,33.0,45.660015,12.660015,0.16230787
98,d1_resprate_min,11.0,26.048317,15.048317,0.20900442
98,d1_spo2_max,100.0,99.34013,-0.65986633,-0.007584691
98,d1_spo2_min,97.0,62.081654,-34.918346,-0.3491835
98,d1_sysbp_max,142.0,171.89587,29.895874,0.21053433
98,d1_sysbp_min,96.0,69.78429,-26.215714,-0.22030012
98,d1_sysbp_noninvasive_max,142.0,184.92023,42.920227,0.30225515
98,d1_sysbp_noninvasive_min,96.0,74.38492,-21.615082,-0.18168515
98,d1_temp_max,37.1,36.001842,-1.098156,-0.22878249
98,d1_temp_min,36.2,38.378452,2.1784515,0.36854196
98,h1_diasbp_max,74.0,92.75899,18.758987,0.17697155
98,h1_diasbp_min,73.0,38.27143,-34.72857,-0.38163266
98,h1_diasbp_noninvasive_max,74.0,80.93991,6.939911,0.064859
98,h1_diasbp_noninvasive_min,73.0,70.610054,-2.389946,-0.025977671
98,h1_heartrate_max,74.0,64.471436,-9.528564,-0.08075054
98,h1_heartrate_min,72.0,76.09735,4.097351,0.037938416
98,h1_mbp_max,100.0,55.952766,-44.047234,-0.37971753
98,h1_mbp_min,100.0,54.739082,-45.260918,-0.42698976
98,h1_mbp_noninvasive_max,100.0,83.44231,-16.557693,-0.14524293
98,h1_mbp_noninvasive_min,100.0,79.04538,-20.95462,-0.19768506
98,h1_resprate_max,22.0,37.88787,15.887871,0.32424223
98,h1_resprate_min,13.0,11.839574,-1.1604261,-0.009834118
98,h1_spo2_max,100.0,106.72329,6.7232895,0.07470322
98,h1_spo2_min,99.0,106.44328,7.443283,0.07443285
98,h1_sysbp_max,142.0,88.38648,-53.613518,-0.3622535
98,h1_sysbp_min,138.0,104.71121,-33.288788,-0.23609072
98,h1_sysbp_noninvasive_max,142.0,177.57846,35.57846,0.24039501
98,h1_sysbp_noninvasive_min,138.0,106.39765,-31.602348,-0.22255176
98,h1_temp_max,36.2,35.084984,-1.1150169,-0.18278965
98,h1_temp_min,36.2,34.844353,-1.355648,-0.21182
98,d1_bun_max,8.0,15.251352,7.2513523,0.059437312
98,d1_bun_min,8.0,38.764248,30.764248,0.27944633
98,d1_calcium_max,8.8,7.144281,-1.6557193,-0.35993898
98,d1_calcium_min,8.8,7.203763,-1.5962372,-0.3325494
98,d1_creatinine_max,0.81,3.0481942,2.2381942,0.20781748
98,d1_creatinine_min,0.81,2.444106,1.6341062,0.16955003
98,d1_glucose_max,114.0,165.88725,51.887253,0.0964447
98,d1_glucose_min,91.0,76.26544,-14.734558,-0.057782575
98,d1_hco3_max,27.0,14.918222,-12.081778,-0.43149203
98,d1_hco3_min,27.0,12.09877,-14.90123,-0.46566343
98,d1_hemaglobin_max,12.0,15.044975,3.0449753,0.29278612
98,d1_hemaglobin_min,12.0,11.013577,-0.98642254,-0.0865283
98,d1_hematocrit_max,36.5,41.054836,4.5548363,0.14645779
98,d1_hematocrit_min,36.5,28.278965,-8.221035,-0.24250838
98,d1_platelets_max,243.0,340.4653,97.4653,0.17466903
98,d1_platelets_min,243.0,55.5569,-187.4431,-0.34782535
98,d1_potassium_max,3.5,5.333315,1.8333149,0.4365036
98,d1_potassium_min,3.5,4.5601287,1.0601287,0.31180257
98,d1_sodium_max,147.0,131.45573,-15.544266,-0.4441219
98,d1_sodium_min,147.0,147.02202,0.022018433,0.00061166286
98,d1_wbc_max,4.6,15.077797,10.477797,0.23346251
98,d1_wbc_min,4.6,15.345822,10.745823,0.268659
98,apache_4a_hospital_death_prob,0.01,0.886708,0.87670803,0.4427818
98,apache_4a_icu_death_prob,0.0,0.10886681,0.10886681,0.055262327
98,aids,0.0,0.14047082,0.14047082,0.14047082
98,cirrhosis,0.0,-0.0570886,-0.0570886,-0.0570886
98,diabetes_mellitus,0.0,0.11375469,0.11375469,0.11375469
98,hepatic_failure,0.0,0.02353806,0.02353806,0.02353806
98,immunosuppression,0.0,0.3503154,0.3503154,0.3503154
98,leukemia,0.0,0.00902321,0.00902321,0.00902321
98,lymphoma,0.0,-0.4638672,-0.4638672,-0.4638672
98,solid_tumor_with_metastasis,0.0,-0.05079823,-0.05079823,-0.05079823
98,apache_3j_bodysystem,8.0,8.391279,0.39127922,0.039127946
98,apache_2_bodysystem,5.0,5.701128,0.701128,0.07790312
98,apache_3j_diagnosis_split0,96.0,131.27136,35.271362,0.32064867
99,age,57.0,91.675,34.675003,0.47500002
99,bmi,30.11558,12.859101,-17.256477,-0.32577795
99,elective_surgery,0.0,0.01706918,0.01706918,0.01706918
99,ethnicity,3.0,5.4154196,2.4154196,0.40256992
99,gender,2.0,1.7294085,-0.2705915,-0.13529575
99,height,180.3,193.41956,13.119553,0.22468835
99,hospital_admit_source,16.0,23.125,7.125,0.47500002
99,icu_admit_source,1.0,1.0649517,0.06495166,0.012990331
99,icu_stay_type,1.0,0.7105879,-0.28941208,-0.14470604
99,icu_type,6.0,4.3807335,-1.6192665,-0.23132381
99,pre_icu_los_days,0.002083333,30.392632,30.390549,0.45191807
99,readmission_status,0.0,0.0,0.0,0.0
99,weight,97.9,35.31323,-62.586773,-0.42460498
99,apache_2_diagnosis,112.0,182.22308,70.22308,0.33924195
99,apache_3j_diagnosis,107.01,856.42175,749.41174,0.35685593
99,apache_post_operative,0.0,-0.13288745,-0.13288745,-0.13288745
99,arf_apache,0.0,-0.26643223,-0.26643223,-0.26643223
99,bun_apache,14.0,15.498332,1.498332,0.012181565
99,creatinine_apache,0.86,3.4864585,2.6264586,0.24140243
99,gcs_eyes_apache,4.0,2.633008,-1.366992,-0.45566398
99,gcs_motor_apache,6.0,7.850065,1.8500652,0.370013
99,gcs_unable_apache,0.0,0.0,0.0,0.0
99,gcs_verbal_apache,5.0,4.1901007,-0.80989933,-0.20247483
99,glucose_apache,111.0,257.5802,146.5802,0.26189065
99,heart_rate_apache,95.0,155.15366,60.153656,0.4064436
99,hematocrit_apache,42.7,38.718586,-3.9814148,-0.11310834
99,intubated_apache,0.0,0.24418572,0.24418572,0.24418572
99,map_apache,113.0,148.39304,35.393036,0.22120649
99,resprate_apache,45.0,32.87928,-12.12072,-0.21644145
99,sodium_apache,143.0,130.38747,-12.612534,-0.30762276
99,temp_apache,36.5,36.31276,-0.1872406,-0.024636924
99,ventilated_apache,0.0,-0.22892223,-0.22892223,-0.22892223
99,wbc_apache,9.7,1.5468454,-8.153154,-0.18158473
99,d1_diasbp_max,102.0,93.32213,-8.677872,-0.0729233
99,d1_diasbp_min,50.0,20.790882,-29.209118,-0.3793392
99,d1_diasbp_noninvasive_max,102.0,133.47609,31.47609,0.26450494
99,d1_diasbp_noninvasive_min,50.0,17.567308,-32.432693,-0.4212038
99,d1_heartrate_max,100.0,152.08008,52.08008,0.43764773
99,d1_heartrate_min,66.0,0.26399052,-65.73601,-0.4596924
99,d1_mbp_max,128.0,71.42954,-56.570457,-0.45621338
99,d1_mbp_min,61.0,29.350916,-31.649084,-0.3516565
99,d1_mbp_noninvasive_max,128.0,94.59758,-33.40242,-0.27605304
99,d1_mbp_noninvasive_min,61.0,43.09867,-17.901329,-0.19890366
99,d1_resprate_max,44.0,16.138866,-27.861134,-0.35719404
99,d1_resprate_min,0.0,17.42292,17.42292,0.24198501
99,d1_spo2_max,100.0,62.427296,-37.572704,-0.43187016
99,d1_spo2_min,92.0,57.728046,-34.271954,-0.34271955
99,d1_sysbp_max,172.0,118.87372,-53.12628,-0.3741287
99,d1_sysbp_min,84.0,107.6579,23.657898,0.19880584
99,d1_sysbp_noninvasive_max,172.0,217.03322,45.03322,0.3171354
99,d1_sysbp_noninvasive_min,84.0,90.98299,6.9829865,0.058695346
99,d1_temp_max,37.9,37.96169,0.06168747,0.012851536
99,d1_temp_min,36.5,35.56981,-0.93019104,-0.1573661
99,h1_diasbp_max,102.0,121.93627,19.936272,0.18807805
99,h1_diasbp_min,68.0,109.65461,41.65461,0.45774293
99,h1_diasbp_noninvasive_max,102.0,134.25867,32.258667,0.30148286
99,h1_diasbp_noninvasive_min,68.0,101.42095,33.42095,0.36327124
99,h1_heartrate_max,100.0,151.73978,51.739777,0.4384727
99,h1_heartrate_min,85.0,120.86811,35.86811,0.33211213
99,h1_mbp_max,128.0,106.54188,-21.458122,-0.18498385
99,h1_mbp_min,93.0,73.75766,-19.24234,-0.18153152
99,h1_mbp_noninvasive_max,128.0,114.429825,-13.570175,-0.119036615
99,h1_mbp_noninvasive_min,93.0,127.96613,34.966133,0.32986915
99,h1_resprate_max,23.0,38.880627,15.880627,0.3240944
99,h1_resprate_min,17.0,72.88579,55.885788,0.4736084
99,h1_spo2_max,100.0,80.860344,-19.139656,-0.21266282
99,h1_spo2_min,94.0,59.997963,-34.002037,-0.34002036
99,h1_sysbp_max,172.0,122.4821,-49.5179,-0.3345804
99,h1_sysbp_min,124.0,129.16357,5.163574,0.036621094
99,h1_sysbp_noninvasive_max,172.0,158.24294,-13.757065,-0.092953146
99,h1_sysbp_noninvasive_min,124.0,79.96487,-44.035133,-0.31010658
99,h1_temp_max,36.8,35.09467,-1.7053299,-0.2795623
99,h1_temp_min,36.8,34.785942,-2.0140572,-0.31469643
99,d1_bun_max,14.0,49.91751,35.91751,0.29440585
99,d1_bun_min,14.0,41.541874,27.541874,0.25017598
99,d1_calcium_max,8.5,8.102614,-0.3973856,-0.08638817
99,d1_calcium_min,8.5,6.345244,-2.154756,-0.44890752
99,d1_creatinine_max,0.86,0.9567473,0.09674728,0.008983035
99,d1_creatinine_min,0.86,2.4006267,1.5406266,0.15985087
99,d1_glucose_max,119.0,53.053745,-65.94626,-0.122576684
99,d1_glucose_min,100.0,180.81442,80.81442,0.3169193
99,d1_hco3_max,28.0,39.502274,11.502274,0.41079545
99,d1_hco3_min,28.0,12.8,-15.2,-0.475
99,d1_hemaglobin_max,14.8,16.221588,1.421588,0.13669115
99,d1_hemaglobin_min,11.2,14.238172,3.0381718,0.2665063
99,d1_hematocrit_max,42.7,30.427456,-12.272545,-0.39461562
99,d1_hematocrit_min,33.6,36.513428,2.9134293,0.08594191
99,d1_platelets_max,173.0,419.32968,246.32968,0.44145104
99,d1_platelets_min,117.0,-52.161694,-169.1617,-0.31390178
99,d1_potassium_max,4.0,4.024904,0.024903774,0.00592947
99,d1_potassium_min,3.7,4.643645,0.94364476,0.27754256
99,d1_sodium_max,143.0,149.3276,6.327606,0.1807887
99,d1_sodium_min,143.0,129.01039,-13.989609,-0.38860023
99,d1_wbc_max,9.7,12.240831,2.5408316,0.056613892
99,d1_wbc_min,9.3,0.9848201,-8.31518,-0.2078899
99,apache_4a_hospital_death_prob,0.01,0.68447876,0.67447877,0.3406458
99,apache_4a_icu_death_prob,0.01,0.9251889,0.9151889,0.4645629
99,aids,0.0,-0.32112014,-0.32112014,-0.32112014
99,cirrhosis,0.0,-0.341196,-0.341196,-0.341196
99,diabetes_mellitus,0.0,-0.2171356,-0.2171356,-0.2171356
99,hepatic_failure,0.0,-0.2747233,-0.2747233,-0.2747233
99,immunosuppression,0.0,-0.24902058,-0.24902058,-0.24902058
99,leukemia,0.0,0.3643034,0.3643034,0.3643034
99,lymphoma,0.0,0.2891292,0.2891292,0.2891292
99,solid_tumor_with_metastasis,0.0,-0.017060373,-0.017060373,-0.017060373
99,apache_3j_bodysystem,1.0,1.8775412,0.8775412,0.087754115
99,apache_2_bodysystem,1.0,1.9911928,0.9911928,0.11013254
99,apache_3j_diagnosis_split0,8.0,-7.072995,-15.072995,-0.13702723
100,age,84.0,107.43734,23.43734,0.32105947
100,bmi,23.985891,36.973133,12.987242,0.24518082
100,elective_surgery,1.0,1.4194078,0.41940784,0.41940784
100,ethnicity,3.0,0.41071665,-2.5892835,-0.43154722
100,gender,1.0,1.1300603,0.13006032,0.06503016
100,height,157.5,181.08896,23.588959,0.40398973
100,hospital_admit_source,4.0,2.3845713,-1.6154287,-0.10769525
100,icu_admit_source,3.0,5.288025,2.288025,0.45760497
100,icu_stay_type,1.0,0.25721788,-0.7427821,-0.37139106
100,icu_type,6.0,8.583754,2.5837536,0.3691076
100,pre_icu_los_days,0.003472222,22.676334,22.672863,0.3371534
100,readmission_status,0.0,0.0,0.0,0.0
100,weight,59.5,12.141371,-47.358627,-0.3212933
100,apache_2_diagnosis,217.0,302.8255,85.8255,0.41461593
100,apache_3j_diagnosis,1501.01,2181.732,680.7219,0.32414716
100,apache_post_operative,1.0,1.0270636,0.027063608,0.027063608
100,arf_apache,0.0,0.24368887,0.24368887,0.24368887
100,bun_apache,17.0,-14.738064,-31.738064,-0.25803304
100,creatinine_apache,0.65,3.9898841,3.3398843,0.30697465
100,gcs_eyes_apache,2.0,0.8476058,-1.1523942,-0.3841314
100,gcs_motor_apache,4.0,3.3345068,-0.66549325,-0.13309866
100,gcs_unable_apache,0.0,0.0,0.0,0.0
100,gcs_verbal_apache,3.0,2.1225429,-0.87745714,-0.21936429
100,glucose_apache,157.0,-30.536736,-187.53674,-0.33506653
100,heart_rate_apache,108.0,140.41556,32.415558,0.21902406
100,hematocrit_apache,35.4,23.358822,-12.04118,-0.34207898
100,intubated_apache,1.0,1.2042985,0.2042985,0.2042985
100,map_apache,56.0,63.205914,7.2059135,0.045036964
100,resprate_apache,55.0,81.303505,26.303505,0.46970546
100,sodium_apache,139.0,145.13731,6.137314,0.14969057
100,temp_apache,34.6,32.50285,-2.097149,-0.27594066
100,ventilated_apache,1.0,0.8988314,-0.10116857,-0.10116857
100,wbc_apache,11.6,6.3870316,-5.212969,-0.116101764
100,d1_diasbp_max,101.0,61.502205,-39.497795,-0.33191425
100,d1_diasbp_min,57.0,77.00236,20.002357,0.25977087
100,d1_diasbp_noninvasive_max,101.0,128.94786,27.94786,0.23485598
100,d1_diasbp_noninvasive_min,57.0,50.45378,-6.546219,-0.08501586
100,d1_heartrate_max,108.0,124.1168,16.116798,0.13543525
100,d1_heartrate_min,65.0,92.005196,27.005196,0.18884751
100,d1_mbp_max,125.0,130.98755,5.987549,0.048286736
100,d1_mbp_min,74.0,36.540413,-37.459587,-0.41621765
100,d1_mbp_noninvasive_max,125.0,122.08753,-2.912468,-0.024069965
100,d1_mbp_noninvasive_min,74.0,34.694214,-39.305786,-0.43673098
100,d1_resprate_max,70.0,33.058548,-36.941452,-0.47360837
100,d1_resprate_min,12.0,-2.2821863,-14.2821865,-0.1983637
100,d1_spo2_max,100.0,92.17798,-7.8220215,-0.0899083
100,d1_spo2_min,95.0,141.94336,46.94336,0.4694336
100,d1_sysbp_max,190.0,147.40405,-42.595947,-0.29997146
100,d1_sysbp_min,104.0,122.546974,18.546974,0.1558569
100,d1_sysbp_noninvasive_max,190.0,196.72067,6.7206726,0.04732865
100,d1_sysbp_noninvasive_min,104.0,52.915955,-51.084045,-0.42938596
100,d1_temp_max,38.4,39.280495,0.88049316,0.1834361
100,d1_temp_min,34.6,36.189,1.5890007,0.26882094
100,h1_diasbp_max,101.0,131.77203,30.772034,0.29030222
100,h1_diasbp_min,62.0,25.648424,-36.351578,-0.3994679
100,h1_diasbp_noninvasive_max,101.0,59.142574,-41.857426,-0.3911909
100,h1_diasbp_noninvasive_min,62.0,77.81445,15.814453,0.17189625
100,h1_heartrate_max,108.0,111.08706,3.087059,0.026161551
100,h1_heartrate_min,87.0,90.14876,3.148758,0.029155195
100,h1_mbp_max,125.0,100.17915,-24.820847,-0.2139728
100,h1_mbp_min,87.0,41.698467,-45.301533,-0.42737293
100,h1_mbp_noninvasive_max,125.0,101.074814,-23.925186,-0.20987007
100,h1_mbp_noninvasive_min,87.0,111.64544,24.64544,0.23250413
100,h1_resprate_max,59.0,77.92576,18.925758,0.38624
100,h1_resprate_min,16.0,27.277922,11.277922,0.0955756
100,h1_spo2_max,100.0,93.60886,-6.391144,-0.071012735
100,h1_spo2_min,95.0,76.65278,-18.347221,-0.18347222
100,h1_sysbp_max,190.0,168.53116,-21.468842,-0.1450597
100,h1_sysbp_min,117.0,162.17545,45.175446,0.32039326
100,h1_sysbp_noninvasive_max,190.0,133.56044,-56.43956,-0.38134837
100,h1_sysbp_noninvasive_min,117.0,144.48636,27.486359,0.1935659
100,h1_temp_max,36.7,34.311768,-2.3882332,-0.39151365
100,h1_temp_min,36.5,33.5268,-2.9732018,-0.46456277
100,d1_bun_max,18.0,16.99615,-1.0038509,-0.008228287
100,d1_bun_min,17.0,-21.438263,-38.438263,-0.3491531
100,d1_calcium_max,9.0,7.324279,-1.6757212,-0.3642872
100,d1_calcium_min,7.6,7.4832215,-0.11677837,-0.024328828
100,d1_creatinine_max,0.81,1.3374537,0.5274537,0.04897434
100,d1_creatinine_min,0.65,4.2056646,3.5556645,0.36892524
100,d1_glucose_max,157.0,82.261734,-74.738266,-0.13891871
100,d1_glucose_min,113.0,185.46257,72.46257,0.2841669
100,d1_hco3_max,30.0,42.189503,12.189503,0.4353394
100,d1_hco3_min,23.0,13.313803,-9.686197,-0.30269367
100,d1_hemaglobin_max,13.8,9.597902,-4.202098,-0.40404788
100,d1_hemaglobin_min,11.7,9.847958,-1.8520422,-0.16245988
100,d1_hematocrit_max,41.9,33.779415,-8.120586,-0.26111212
100,d1_hematocrit_min,35.4,43.956245,8.556244,0.25239658
100,d1_platelets_max,238.0,125.554474,-112.445526,-0.20151527
100,d1_platelets_min,200.0,26.123419,-173.87659,-0.3226509
100,d1_potassium_max,4.2,5.3448753,1.1448755,0.27258945
100,d1_potassium_min,3.9,2.6881056,-1.2118945,-0.35643953
100,d1_sodium_max,142.0,129.10373,-12.896271,-0.3684649
100,d1_sodium_min,139.0,123.84833,-15.151672,-0.42087978
100,d1_wbc_max,11.6,-9.100167,-20.700169,-0.46123368
100,d1_wbc_min,9.4,25.965979,16.565979,0.41417018
100,apache_4a_hospital_death_prob,0.43,0.98574317,0.55574316,0.28067833
100,apache_4a_icu_death_prob,0.37,0.02727139,-0.3427286,-0.17397392
100,aids,0.0,-0.10645655,-0.10645655,-0.10645655
100,cirrhosis,0.0,-0.36393923,-0.36393923,-0.36393923
100,diabetes_mellitus,0.0,-0.042360906,-0.042360906,-0.042360906
100,hepatic_failure,0.0,0.057283923,0.057283923,0.057283923
100,immunosuppression,0.0,-0.475,-0.475,-0.475
100,leukemia,0.0,-0.24141835,-0.24141835,-0.24141835
100,lymphoma,0.0,-0.43959922,-0.43959922,-0.43959922
100,solid_tumor_with_metastasis,0.0,-0.2636274,-0.2636274,-0.2636274
100,apache_3j_bodysystem,8.0,12.159908,4.1599083,0.4159909
100,apache_2_bodysystem,5.0,3.2231348,-1.7768652,-0.19742948
100,apache_3j_diagnosis_split0,42.0,12.057054,-29.942947,-0.27220863
101,age,63.0,56.40068,-6.5993195,-0.09040165
101,bmi,18.382463,29.819862,11.437399,0.21592194
101,elective_surgery,0.0,0.41788125,0.41788125,0.41788125
101,ethnicity,3.0,0.8530886,-2.1469114,-0.35781857
101,gender,1.0,1.3305919,0.33059192,0.16529596
101,height,157.5,134.8737,-22.626297,-0.38750297
101,hospital_admit_source,4.0,-2.6152406,-6.6152406,-0.44101605
101,icu_admit_source,1.0,-0.2009871,-1.2009871,-0.24019742
101,icu_stay_type,1.0,0.15166605,-0.84833395,-0.42416698
101,icu_type,8.0,9.05662,1.0566196,0.15094566
101,pre_icu_los_days,0.004861111,2.9412758,2.9364147,0.043665513
101,readmission_status,0.0,0.0,0.0,0.0
101,weight,45.6,13.577885,-32.022114,-0.21724637
101,apache_2_diagnosis,113.0,16.835464,-96.164536,-0.46456295
101,apache_3j_diagnosis,501.05,1498.569,997.519,0.47499996
101,apache_post_operative,0.0,-0.46605787,-0.46605787,-0.46605787
101,arf_apache,0.0,0.475,0.475,0.475
101,bun_apache,46.0,-7.0504417,-53.05044,-0.4313044
101,creatinine_apache,0.91,-4.1974373,-5.107437,-0.4694336
101,gcs_eyes_apache,4.0,4.0778694,0.077869415,0.025956511
101,gcs_motor_apache,6.0,5.9172397,-0.082760334,-0.01655209
101,gcs_unable_apache,0.0,0.0,0.0,0.0
101,gcs_verbal_apache,5.0,5.37481,0.37481022,0.093702555
101,glucose_apache,112.0,377.8575,265.8575,0.47500002
101,heart_rate_apache,113.0,180.70537,67.70537,0.45746875
101,hematocrit_apache,26.1,42.428123,16.328123,0.46386716
101,intubated_apache,0.0,-0.060177386,-0.060177386,-0.060177386
101,map_apache,50.0,51.77105,1.7710495,0.011069059
101,resprate_apache,36.0,30.78623,-5.21377,-0.09310305
101,sodium_apache,136.0,119.427704,-16.572296,-0.40420234
101,temp_apache,35.8,33.33429,-2.4657097,-0.32443547
101,ventilated_apache,0.0,0.30439228,0.30439228,0.30439228
101,wbc_apache,8.1,-13.227499,-21.3275,-0.47499996
101,d1_diasbp_max,97.0,83.05057,-13.949432,-0.11722213
101,d1_diasbp_min,47.0,83.575,36.574997,0.47499993
101,d1_diasbp_noninvasive_max,97.0,40.475002,-56.524998,-0.475
101,d1_diasbp_noninvasive_min,47.0,51.284805,4.2848053,0.055646807
101,d1_heartrate_max,112.0,164.14798,52.14798,0.43821833
101,d1_heartrate_min,84.0,69.218796,-14.781204,-0.10336506
101,d1_mbp_max,114.0,94.17521,-19.824791,-0.15987736
101,d1_mbp_min,55.0,92.599724,37.599724,0.41777468
101,d1_mbp_noninvasive_max,114.0,171.475,57.475006,0.47500005
101,d1_mbp_noninvasive_min,55.0,28.691685,-26.308315,-0.29231462
101,d1_resprate_max,36.0,25.646633,-10.353367,-0.13273549
101,d1_resprate_min,16.0,50.2,34.2,0.47500002
101,d1_spo2_max,100.0,139.52408,39.52408,0.4542998
101,d1_spo2_min,52.0,21.352,-30.648,-0.30648
101,d1_sysbp_max,138.0,205.45,67.45,0.475
101,d1_sysbp_min,70.0,103.19003,33.190033,0.27890784
101,d1_sysbp_noninvasive_max,138.0,205.45,67.45,0.475
101,d1_sysbp_noninvasive_min,70.0,27.463219,-42.53678,-0.35754207
101,d1_temp_max,37.3,39.55328,2.2532806,0.46943346
101,d1_temp_min,35.8,34.483364,-1.3166351,-0.22274321
101,h1_diasbp_max,65.0,58.498154,-6.5018463,-0.06133817
101,h1_diasbp_min,48.0,77.25346,29.253464,0.3214666
101,h1_diasbp_noninvasive_max,65.0,115.825,50.824997,0.475
101,h1_diasbp_noninvasive_min,48.0,50.840744,2.840744,0.03087765
101,h1_heartrate_max,112.0,96.47226,-15.5277405,-0.13159105
101,h1_heartrate_min,99.0,47.699997,-51.300003,-0.47500002
101,h1_mbp_max,74.0,21.828417,-52.171585,-0.449755
101,h1_mbp_min,56.0,57.82733,1.8273315,0.017238975
101,h1_mbp_noninvasive_max,74.0,116.03351,42.03351,0.368715
101,h1_mbp_noninvasive_min,56.0,11.123852,-44.87615,-0.42335987
101,h1_resprate_max,27.0,22.095978,-4.904022,-0.1000821
101,h1_resprate_min,20.0,-36.049995,-56.049995,-0.47499996
101,h1_spo2_max,100.0,142.75,42.75,0.47500002
101,h1_spo2_min,85.0,43.775784,-41.224216,-0.41224217
101,h1_sysbp_max,92.0,162.29999,70.29999,0.47499993
101,h1_sysbp_min,73.0,129.73083,56.730835,0.40234637
101,h1_sysbp_noninvasive_max,92.0,119.52798,27.527977,0.18599984
101,h1_sysbp_noninvasive_min,73.0,91.833115,18.833115,0.13262756
101,h1_temp_max,36.7,35.995735,-0.7042656,-0.11545339
101,h1_temp_min,36.6,36.972374,0.3723755,0.05818367
101,d1_bun_max,46.0,26.77896,-19.22104,-0.15754952
101,d1_bun_min,46.0,46.523514,0.5235138,0.004755318
101,d1_calcium_max,7.0,5.0596914,-1.9403086,-0.42180622
101,d1_calcium_min,7.0,5.4044304,-1.5955696,-0.33241034
101,d1_creatinine_max,0.91,-3.5062575,-4.4162574,-0.41005173
101,d1_creatinine_min,0.91,5.380706,4.470706,0.4638672
101,d1_glucose_max,113.0,144.62096,31.620956,0.058775015
101,d1_glucose_min,112.0,69.344406,-42.655594,-0.16727684
101,d1_hco3_max,26.0,20.992886,-5.0071144,-0.17882553
101,d1_hco3_min,26.0,25.143023,-0.85697746,-0.026780546
101,d1_hemaglobin_max,8.9,8.5052185,-0.3947811,-0.037959725
101,d1_hemaglobin_min,8.4,5.68011,-2.7198896,-0.23858681
101,d1_hematocrit_max,27.1,28.41964,1.3196392,0.04243213
101,d1_hematocrit_min,26.1,10.945427,-15.154573,-0.44703755
101,d1_platelets_max,268.0,526.8379,258.8379,0.46386722
101,d1_platelets_min,268.0,84.83954,-183.16046,-0.33987838
101,d1_potassium_max,3.9,4.8163567,0.91635656,0.21818015
101,d1_potassium_min,3.9,3.9165645,0.01656437,0.004871875
101,d1_sodium_max,136.0,152.25645,16.256454,0.46447012
101,d1_sodium_min,136.0,119.45107,-16.548927,-0.45969245
101,d1_wbc_max,8.1,11.228381,3.1283808,0.06970546
101,d1_wbc_min,8.1,23.5242,15.4242,0.3856243
101,apache_4a_hospital_death_prob,0.06,0.70585716,0.64585716,0.32619053
101,apache_4a_icu_death_prob,0.03,0.8520045,0.82200456,0.41726118
101,aids,0.0,-0.4164453,-0.4164453,-0.4164453
101,cirrhosis,0.0,0.475,0.475,0.475
101,diabetes_mellitus,0.0,-0.34933907,-0.34933907,-0.34933907
101,hepatic_failure,0.0,0.11001678,0.11001678,0.11001678
101,immunosuppression,0.0,0.072741866,0.072741866,0.072741866
101,leukemia,0.0,0.475,0.475,0.475
101,lymphoma,0.0,-0.475,-0.475,-0.475
101,solid_tumor_with_metastasis,0.0,0.1699387,0.1699387,0.1699387
101,apache_3j_bodysystem,10.0,13.880934,3.8809338,0.38809335
101,apache_2_bodysystem,1.0,-1.6784582,-2.6784582,-0.29760647
101,apache_3j_diagnosis_split0,97.0,93.74291,-3.2570877,-0.029609919
102,age,55.0,88.885124,33.885124,0.4641798
102,bmi,30.46875,6.860874,-23.607876,-0.44568336
102,elective_surgery,1.0,0.78043634,-0.21956366,-0.21956366
102,ethnicity,3.0,5.85,2.85,0.475
102,gender,1.0,1.2433472,0.24334717,0.121673584
102,height,160.0,132.26982,-27.730179,-0.47491315
102,hospital_admit_source,9.0,2.6157987,-6.384201,-0.42561346
102,icu_admit_source,3.0,5.330248,2.3302479,0.46604958
102,icu_stay_type,1.0,1.0846322,0.08463216,0.04231608
102,icu_type,5.0,8.268306,3.2683058,0.46690077
102,pre_icu_los_days,1.4458333,18.588772,17.142939,0.25492147
102,readmission_status,0.0,0.0,0.0,0.0
102,weight,78.0,31.039017,-46.960983,-0.31859556
102,apache_2_diagnosis,308.0,320.08957,12.089569,0.05840373
102,apache_3j_diagnosis,1904.01,2445.1943,541.1843,0.25770187
102,apache_post_operative,1.0,1.3320477,0.3320477,0.3320477
102,arf_apache,0.0,-0.18042488,-0.18042488,-0.18042488
102,bun_apache,5.0,-18.271769,-23.271769,-0.18920138
102,creatinine_apache,1.19,-2.4765759,-3.666576,-0.33700144
102,gcs_eyes_apache,4.0,4.426694,0.42669392,0.14223135
102,gcs_motor_apache,6.0,3.9756837,-2.0243163,-0.40486324
102,gcs_unable_apache,0.0,0.0,0.0,0.0
102,gcs_verbal_apache,5.0,3.1445312,-1.8554688,-0.4638672
102,glucose_apache,168.0,18.549456,-149.45055,-0.267019
102,heart_rate_apache,110.0,175.58388,65.58388,0.4431343
102,hematocrit_apache,33.2,45.849693,12.649693,0.35936627
102,intubated_apache,0.0,0.112046376,0.112046376,0.112046376
102,map_apache,51.0,-1.6015053,-52.601505,-0.3287594
102,resprate_apache,12.0,4.338109,-7.661891,-0.13681948
102,sodium_apache,132.0,150.65614,18.656143,0.45502788
102,temp_apache,39.4,40.889317,1.489315,0.19596255
102,ventilated_apache,1.0,1.1860042,0.18600416,0.18600416
102,wbc_apache,16.7,33.626125,16.926125,0.37697378
102,d1_diasbp_max,95.0,44.92196,-50.07804,-0.42082387
102,d1_diasbp_min,37.0,63.532303,26.532303,0.34457535
102,d1_diasbp_noninvasive_max,95.0,151.525,56.524994,0.47499993
102,d1_diasbp_noninvasive_min,37.0,0.9808998,-36.0191,-0.46778053
102,d1_heartrate_max,106.0,152.9023,46.902298,0.39413694
102,d1_heartrate_min,68.0,1.1200411,-66.87996,-0.46769202
102,d1_mbp_max,94.0,46.67221,-47.32779,-0.38167572
102,d1_mbp_min,51.0,21.788631,-29.211369,-0.32457078
102,d1_mbp_noninvasive_max,94.0,88.46304,-5.536957,-0.045759976
102,d1_mbp_noninvasive_min,51.0,31.178032,-19.821968,-0.22024411
102,d1_resprate_max,22.0,21.648155,-0.3518448,-0.004510835
102,d1_resprate_min,12.0,13.343708,1.343708,0.018662602
102,d1_spo2_max,100.0,98.37364,-1.626358,-0.018693745
102,d1_spo2_min,94.0,56.672245,-37.327755,-0.37327754
102,d1_sysbp_max,165.0,220.84056,55.84056,0.39324337
102,d1_sysbp_min,95.0,38.569183,-56.430817,-0.47420853
102,d1_sysbp_noninvasive_max,165.0,156.60266,-8.397339,-0.059136212
102,d1_sysbp_noninvasive_min,95.0,75.91519,-19.084808,-0.16041696
102,d1_temp_max,39.4,39.869354,0.46935272,0.09778184
102,d1_temp_min,37.8,36.659298,-1.1407013,-0.19297945
102,h1_diasbp_max,95.0,135.47958,40.479584,0.38188285
102,h1_diasbp_min,63.0,31.100193,-31.899807,-0.35054734
102,h1_diasbp_noninvasive_max,95.0,103.94196,8.941963,0.083569765
102,h1_diasbp_noninvasive_min,63.0,25.24441,-37.755592,-0.41038686
102,h1_heartrate_max,106.0,138.40436,32.404358,0.2746132
102,h1_heartrate_min,86.0,93.02452,7.024521,0.06504187
102,h1_mbp_max,94.0,127.996864,33.996864,0.2930764
102,h1_mbp_min,92.0,78.95676,-13.043243,-0.12304944
102,h1_mbp_noninvasive_max,94.0,60.267628,-33.732372,-0.29589802
102,h1_mbp_noninvasive_min,92.0,114.80627,22.806267,0.21515346
102,h1_resprate_max,22.0,24.370152,2.3701515,0.04837045
102,h1_resprate_min,22.0,68.3343,46.334297,0.3926635
102,h1_spo2_max,100.0,65.04071,-34.95929,-0.38843656
102,h1_spo2_min,100.0,146.9744,46.974396,0.46974397
102,h1_sysbp_max,165.0,138.07411,-26.925888,-0.18193167
102,h1_sysbp_min,140.0,110.6787,-29.321297,-0.20795244
102,h1_sysbp_noninvasive_max,165.0,217.17584,52.175842,0.35253948
102,h1_sysbp_noninvasive_min,140.0,203.73994,63.739944,0.44887286
102,h1_temp_max,38.4,39.440792,1.0407906,0.1706214
102,h1_temp_min,38.4,38.852947,0.4529457,0.07077277
102,d1_bun_max,5.0,-5.1695538,-10.169554,-0.083357
102,d1_bun_min,5.0,38.48063,33.48063,0.30412054
102,d1_calcium_max,7.9,7.283962,-0.6160383,-0.13392137
102,d1_calcium_min,7.9,5.658408,-2.241592,-0.4669983
102,d1_creatinine_max,1.17,2.3428414,1.1728414,0.10889894
102,d1_creatinine_min,1.17,2.1572826,0.98728263,0.10243753
102,d1_glucose_max,168.0,382.82272,214.82272,0.39929876
102,d1_glucose_min,123.0,200.11853,77.11853,0.3024256
102,d1_hco3_max,23.0,25.985365,2.985365,0.10662019
102,d1_hco3_min,23.0,10.830725,-12.169275,-0.38028985
102,d1_hemaglobin_max,12.2,15.4387455,3.2387457,0.31141788
102,d1_hemaglobin_min,12.2,12.3687725,0.1687727,0.014804602
102,d1_hematocrit_max,36.1,35.299973,-0.80002594,-0.025724292
102,d1_hematocrit_min,36.1,49.728577,13.628578,0.40202302
102,d1_platelets_max,202.0,466.6132,264.6132,0.4742172
102,d1_platelets_min,202.0,17.568161,-184.43184,-0.34223756
102,d1_potassium_max,3.8,2.939278,-0.86072206,-0.20493384
102,d1_potassium_min,3.8,4.4361944,0.63619447,0.187116
102,d1_sodium_max,132.0,130.27945,-1.7205505,-0.049158603
102,d1_sodium_min,132.0,122.2882,-9.7118,-0.2697722
102,d1_wbc_max,16.7,35.763344,19.063343,0.42476252
102,d1_wbc_min,16.7,16.402773,-0.29722786,-0.00743106
102,apache_4a_hospital_death_prob,0.03,-0.8468752,-0.87687516,-0.4428662
102,apache_4a_icu_death_prob,0.02,0.5833144,0.56331444,0.28594643
102,aids,0.0,0.30120057,0.30120057,0.30120057
102,cirrhosis,0.0,0.111029804,0.111029804,0.111029804
102,diabetes_mellitus,0.0,0.12022427,0.12022427,0.12022427
102,hepatic_failure,0.0,0.4499051,0.4499051,0.4499051
102,immunosuppression,0.0,-0.42086685,-0.42086685,-0.42086685
102,leukemia,0.0,-0.020643242,-0.020643242,-0.020643242
102,lymphoma,0.0,-0.32609499,-0.32609499,-0.32609499
102,solid_tumor_with_metastasis,0.0,0.38409078,0.38409078,0.38409078
102,apache_3j_bodysystem,7.0,11.542998,4.5429983,0.4542998
102,apache_2_bodysystem,10.0,7.909061,-2.090939,-0.23232657
102,apache_3j_diagnosis_split0,61.0,9.591922,-51.408077,-0.4673462
103,age,59.0,80.27584,21.27584,0.29144984
103,bmi,23.286812,32.2519,8.965088,0.16924824
103,elective_surgery,0.0,-0.039591998,-0.039591998,-0.039591998
103,ethnicity,3.0,0.94509155,-2.0549085,-0.34248474
103,gender,2.0,1.7386005,-0.2613995,-0.13069975
103,height,182.9,160.71468,-22.185318,-0.37995067
103,hospital_admit_source,3.0,-0.21822155,-3.2182217,-0.21454811
103,icu_admit_source,1.0,-1.023231,-2.023231,-0.40464622
103,icu_stay_type,1.0,0.27534986,-0.72465014,-0.36232507
103,icu_type,7.0,5.289843,-1.7101569,-0.24430811
103,pre_icu_los_days,0.001388889,-30.397264,-30.398653,-0.4520386
103,readmission_status,0.0,0.0,0.0,0.0
103,weight,77.9,61.596706,-16.303295,-0.110605806
103,apache_2_diagnosis,301.0,211.66714,-89.332855,-0.43155974
103,apache_3j_diagnosis,405.01,392.89532,-12.114685,-0.005768791
103,apache_post_operative,0.0,-0.46943358,-0.46943358,-0.46943358
103,arf_apache,0.0,-0.45760494,-0.45760494,-0.45760494
103,bun_apache,17.0,17.292686,0.29268646,0.002379559
103,creatinine_apache,0.83,3.986868,3.156868,0.2901533
103,gcs_eyes_apache,4.0,3.372097,-0.627903,-0.209301
103,gcs_motor_apache,6.0,5.4945006,-0.50549936,-0.10109985
103,gcs_unable_apache,0.0,0.0,0.0,0.0
103,gcs_verbal_apache,4.0,2.3865228,-1.6134772,-0.4033693
103,glucose_apache,91.0,314.77228,223.77228,0.3998075
103,heart_rate_apache,98.0,82.694885,-15.305115,-0.103412926
103,hematocrit_apache,36.5,48.746002,12.246002,0.34789777
103,intubated_apache,0.0,-0.41854793,-0.41854793,-0.41854793
103,map_apache,115.0,102.22968,-12.770317,-0.07981449
103,resprate_apache,42.0,44.87206,2.8720589,0.051286817
103,sodium_apache,141.0,148.08177,7.081772,0.17272615
103,temp_apache,35.6,34.228245,-1.3717537,-0.18049389
103,ventilated_apache,0.0,0.10028802,0.10028802,0.10028802
103,wbc_apache,6.9,16.549322,9.6493225,0.21490695
103,d1_diasbp_max,93.0,122.501015,29.501015,0.24790767
103,d1_diasbp_min,73.0,41.062,-31.938,-0.4147792
103,d1_diasbp_noninvasive_max,93.0,53.136406,-39.863594,-0.33498818
103,d1_diasbp_noninvasive_min,73.0,38.193027,-34.806973,-0.4520386
103,d1_heartrate_max,98.0,121.93929,23.939293,0.20117053
103,d1_heartrate_min,66.0,115.01962,49.019623,0.34279457
103,d1_mbp_max,115.0,56.1,-58.9,-0.475
103,d1_mbp_min,88.0,79.64847,-8.351532,-0.092794836
103,d1_mbp_noninvasive_max,115.0,114.18679,-0.81320953,-0.0067207515
103,d1_mbp_noninvasive_min,88.0,68.38034,-19.61966,-0.21799624
103,d1_resprate_max,32.0,23.043337,-8.956663,-0.11482902
103,d1_resprate_min,9.0,30.234539,21.234539,0.29492414
103,d1_spo2_max,100.0,78.18981,-21.810188,-0.25069183
103,d1_spo2_min,93.0,69.46696,-23.533043,-0.23533046
103,d1_sysbp_max,153.0,156.29987,3.2998657,0.02323851
103,d1_sysbp_min,113.0,58.545013,-54.454987,-0.45760494
103,d1_sysbp_noninvasive_max,153.0,87.13086,-65.86914,-0.4638672
103,d1_sysbp_noninvasive_min,113.0,125.4273,12.4272995,0.10445738
103,d1_temp_max,36.7,37.97571,1.275711,0.26577312
103,d1_temp_min,35.3,33.959595,-1.3404045,-0.22676444
103,h1_diasbp_max,93.0,143.23256,50.23256,0.47389203
103,h1_diasbp_min,93.0,62.156372,-30.843628,-0.33894098
103,h1_diasbp_noninvasive_max,93.0,115.67636,22.676361,0.2119286
103,h1_diasbp_noninvasive_min,93.0,73.62383,-19.376167,-0.21061051
103,h1_heartrate_max,98.0,69.275024,-28.724976,-0.243432
103,h1_heartrate_min,98.0,109.133766,11.133766,0.103090405
103,h1_mbp_max,115.0,80.357925,-34.642075,-0.29863855
103,h1_mbp_min,115.0,126.76762,11.767616,0.1110152
103,h1_mbp_noninvasive_max,115.0,61.801857,-53.198143,-0.46665037
103,h1_mbp_noninvasive_min,115.0,104.971436,-10.028564,-0.09460914
103,h1_resprate_max,32.0,23.028526,-8.971474,-0.18309128
103,h1_resprate_min,32.0,35.7933,3.7933006,0.032146603
103,h1_spo2_max,100.0,69.82353,-30.176468,-0.33529407
103,h1_spo2_min,100.0,79.216324,-20.783676,-0.20783675
103,h1_sysbp_max,153.0,102.6076,-50.392403,-0.3404892
103,h1_sysbp_min,153.0,86.80987,-66.19013,-0.46943358
103,h1_sysbp_noninvasive_max,153.0,152.23074,-0.7692566,-0.0051976442
103,h1_sysbp_noninvasive_min,153.0,131.57785,-21.42215,-0.15086019
103,h1_temp_max,36.6,36.634697,0.034698486,0.0056883097
103,h1_temp_min,36.6,34.11436,-2.4856377,-0.3883809
103,d1_bun_max,17.0,-18.447147,-35.447147,-0.29055038
103,d1_bun_min,17.0,-2.612938,-19.612938,-0.17815368
103,d1_calcium_max,9.0,7.4479346,-1.5520654,-0.3374055
103,d1_calcium_min,9.0,9.436254,0.43625355,0.090886176
103,d1_creatinine_max,0.83,0.87556493,0.04556495,0.0042307265
103,d1_creatinine_min,0.83,-3.1619332,-3.991933,-0.41419116
103,d1_glucose_max,112.0,264.73776,152.73776,0.2838992
103,d1_glucose_min,86.0,176.14453,90.14453,0.353508
103,d1_hco3_max,21.0,11.91685,-9.08315,-0.32439822
103,d1_hco3_min,21.0,17.937483,-3.0625172,-0.09570366
103,d1_hemaglobin_max,12.3,16.513111,4.213111,0.40510684
103,d1_hemaglobin_min,12.3,12.722315,0.42231464,0.03704512
103,d1_hematocrit_max,36.5,37.04696,0.5469589,0.017587125
103,d1_hematocrit_min,36.5,20.920004,-15.579996,-0.45958686
103,d1_platelets_max,215.0,132.81038,-82.18962,-0.14729321
103,d1_platelets_min,215.0,303.84555,88.84555,0.16486466
103,d1_potassium_max,3.4,4.566057,1.1660571,0.27763265
103,d1_potassium_min,3.4,4.5393,1.1392999,0.3350882
103,d1_sodium_max,141.0,149.57707,8.577072,0.24505919
103,d1_sodium_min,141.0,140.50873,-0.49127197,-0.013646483
103,d1_wbc_max,6.9,20.745682,13.845682,0.3085045
103,d1_wbc_min,6.9,3.2524672,-3.647533,-0.091192886
103,apache_4a_hospital_death_prob,0.02,0.78196144,0.76196146,0.38482904
103,apache_4a_icu_death_prob,0.01,-0.32711995,-0.33711994,-0.1711269
103,aids,0.0,0.11356217,0.11356217,0.11356217
103,cirrhosis,0.0,-0.44229734,-0.44229734,-0.44229734
103,diabetes_mellitus,0.0,0.07599227,0.07599227,0.07599227
103,hepatic_failure,0.0,-0.16344032,-0.16344032,-0.16344032
103,immunosuppression,0.0,0.14678122,0.14678122,0.14678122
103,leukemia,0.0,0.18353589,0.18353589,0.18353589
103,lymphoma,0.0,-0.3868571,-0.3868571,-0.3868571
103,solid_tumor_with_metastasis,0.0,-0.37816638,-0.37816638,-0.37816638
103,apache_3j_bodysystem,8.0,12.277189,4.2771893,0.42771894
103,apache_2_bodysystem,5.0,8.8523,3.8522997,0.42803332
103,apache_3j_diagnosis_split0,91.0,127.529884,36.529884,0.33208984
104,age,74.0,54.231647,-19.768353,-0.27079934
104,bmi,30.175734,5.5569773,-24.618755,-0.46476737
104,elective_surgery,0.0,-0.475,-0.475,-0.475
104,ethnicity,3.0,5.3628907,2.3628907,0.39381513
104,gender,2.0,1.2157617,-0.78423834,-0.39211917
104,height,172.7,194.67488,21.974884,0.3763467
104,hospital_admit_source,5.0,1.5479956,-3.4520044,-0.23013364
104,icu_admit_source,2.0,2.5144825,0.5144825,0.1028965
104,icu_stay_type,2.0,2.886334,0.88633394,0.44316697
104,icu_type,6.0,5.6607428,-0.33925724,-0.04846531
104,pre_icu_los_days,7.365278,7.127289,-0.23798895,-0.003538981
104,readmission_status,0.0,0.0,0.0,0.0
104,weight,90.0,60.268707,-29.731293,-0.20170484
104,apache_2_diagnosis,302.0,332.56317,30.563171,0.14764822
104,apache_3j_diagnosis,111.01,395.3521,284.3421,0.13539842
104,apache_post_operative,0.0,0.4347114,0.4347114,0.4347114
104,arf_apache,0.0,0.26061136,0.26061136,0.26061136
104,bun_apache,30.0,45.687225,15.687225,0.12753841
104,creatinine_apache,1.0,4.8517785,3.8517785,0.35402372
104,gcs_eyes_apache,4.0,2.6209226,-1.3790774,-0.45969248
104,gcs_motor_apache,6.0,6.4649153,0.46491528,0.09298301
104,gcs_unable_apache,0.0,0.0,0.0,0.0
104,gcs_verbal_apache,5.0,3.5844445,-1.4155555,-0.35388887
104,glucose_apache,78.0,224.90135,146.90135,0.26246443
104,heart_rate_apache,57.0,41.718132,-15.281868,-0.10325586
104,hematocrit_apache,30.3,46.628124,16.328125,0.4638672
104,intubated_apache,0.0,-0.07451348,-0.07451348,-0.07451348
104,map_apache,57.0,133.0,76.0,0.47500002
104,resprate_apache,36.0,62.6,26.599998,0.47499996
104,sodium_apache,137.0,155.70474,18.704742,0.45621324
104,temp_apache,33.1,32.591244,-0.50875473,-0.06694142
104,ventilated_apache,1.0,0.9400758,-0.059924185,-0.059924185
104,wbc_apache,5.6,-6.4530826,-12.053082,-0.2684428
104,d1_diasbp_max,67.0,38.88689,-28.11311,-0.23624462
104,d1_diasbp_min,47.0,12.914741,-34.08526,-0.44266573
104,d1_diasbp_noninvasive_max,67.0,26.133465,-40.866535,-0.34341627
104,d1_diasbp_noninvasive_min,47.0,74.425,27.425003,0.35616884
104,d1_heartrate_max,68.0,39.92553,-28.07447,-0.23591992
104,d1_heartrate_min,53.0,-7.9849086,-60.98491,-0.4264679
104,d1_mbp_max,88.0,60.369232,-27.630768,-0.22282876
104,d1_mbp_min,57.0,15.251953,-41.748047,-0.4638672
104,d1_mbp_noninvasive_max,88.0,142.00453,54.00453,0.44631845
104,d1_mbp_noninvasive_min,57.0,15.975254,-41.024746,-0.4558305
104,d1_resprate_max,36.0,20.384212,-15.6157875,-0.20020242
104,d1_resprate_min,2.0,-0.8937738,-2.8937738,-0.040191304
104,d1_spo2_max,100.0,75.862076,-24.137924,-0.2774474
104,d1_spo2_min,86.0,68.79045,-17.209549,-0.17209548
104,d1_sysbp_max,130.0,177.67757,47.677567,0.33575752
104,d1_sysbp_min,74.0,108.400986,34.400986,0.28908393
104,d1_sysbp_noninvasive_max,130.0,90.25909,-39.740913,-0.2798656
104,d1_sysbp_noninvasive_min,74.0,18.81372,-55.18628,-0.4638672
104,d1_temp_max,37.8,39.04549,1.245491,0.25947732
104,d1_temp_min,31.889,34.453587,2.5645866,0.43386683
104,h1_diasbp_max,56.0,105.77009,49.77009,0.46952915
104,h1_diasbp_min,50.0,37.19019,-12.809811,-0.14076716
104,h1_diasbp_noninvasive_max,56.0,35.28069,-20.71931,-0.19363841
104,h1_diasbp_noninvasive_min,50.0,7.324218,-42.67578,-0.4638672
104,h1_heartrate_max,63.0,55.476463,-7.5235367,-0.06375878
104,h1_heartrate_min,53.0,60.556618,7.5566177,0.069968686
104,h1_mbp_max,76.0,26.424793,-49.575207,-0.42737246
104,h1_mbp_min,64.0,19.01823,-44.98177,-0.4243563
104,h1_mbp_noninvasive_max,76.0,127.849686,51.849686,0.45482183
104,h1_mbp_noninvasive_min,64.0,49.33258,-14.667419,-0.13837188
104,h1_resprate_max,33.0,53.30944,20.30944,0.41447836
104,h1_resprate_min,9.0,28.905106,19.905106,0.16868734
104,h1_spo2_max,97.0,118.83284,21.83284,0.24258715
104,h1_spo2_min,92.0,66.12703,-25.87297,-0.2587297
104,h1_sysbp_max,102.0,162.31107,60.311066,0.40750724
104,h1_sysbp_min,87.0,58.701027,-28.298973,-0.20070194
104,h1_sysbp_noninvasive_max,102.0,77.013756,-24.986244,-0.16882597
104,h1_sysbp_noninvasive_min,87.0,58.315857,-28.684143,-0.202001
104,h1_temp_max,37.1,39.24804,2.1480408,0.3521378
104,h1_temp_min,32.9,33.32145,0.42144775,0.06585121
104,d1_bun_max,30.0,-3.2727265,-33.272728,-0.27272725
104,d1_bun_min,30.0,-12.128531,-42.128532,-0.38267356
104,d1_calcium_max,7.1,8.65084,1.5508399,0.33713913
104,d1_calcium_min,7.1,6.929053,-0.17094707,-0.035613984
104,d1_creatinine_max,1.0,-2.941787,-3.941787,-0.3659969
104,d1_creatinine_min,1.0,-1.9057174,-2.9057174,-0.30148864
104,d1_glucose_max,107.0,-43.38703,-150.38702,-0.2795298
104,d1_glucose_min,78.0,-0.8406639,-78.84067,-0.30917907
104,d1_hco3_max,23.0,14.429012,-8.570988,-0.3061067
104,d1_hco3_min,23.0,10.021692,-12.978308,-0.40557212
104,d1_hemaglobin_max,10.8,7.040366,-3.759634,-0.36150327
104,d1_hemaglobin_min,10.8,5.747563,-5.0524373,-0.44319627
104,d1_hematocrit_max,30.3,19.410238,-10.889761,-0.3501531
104,d1_hematocrit_min,30.3,14.235023,-16.064976,-0.4738931
104,d1_platelets_max,131.0,384.79053,253.79053,0.45482177
104,d1_platelets_min,131.0,15.833589,-115.16641,-0.21370645
104,d1_potassium_max,2.8,2.3710842,-0.42891574,-0.1021228
104,d1_potassium_min,2.5,3.753122,1.2531221,0.36856532
104,d1_sodium_max,137.0,132.74701,-4.2529907,-0.12151402
104,d1_sodium_min,137.0,149.41296,12.412964,0.34480453
104,d1_wbc_max,5.6,-9.623874,-15.223873,-0.33921283
104,d1_wbc_min,5.6,11.777554,6.1775537,0.15444657
104,apache_4a_hospital_death_prob,-1.0,-1.9101908,-0.9101908,-0.45969233
104,apache_4a_icu_death_prob,0.07,0.4373126,0.3673126,0.1864531
104,aids,0.0,0.035285946,0.035285946,0.035285946
104,cirrhosis,0.0,-0.4275728,-0.4275728,-0.4275728
104,diabetes_mellitus,0.0,-0.16903557,-0.16903557,-0.16903557
104,hepatic_failure,0.0,0.32751542,0.32751542,0.32751542
104,immunosuppression,1.0,1.3918045,0.39180446,0.39180446
104,leukemia,0.0,-0.16167696,-0.16167696,-0.16167696
104,lymphoma,0.0,0.11543706,0.11543706,0.11543706
104,solid_tumor_with_metastasis,0.0,0.01652046,0.01652046,0.01652046
104,apache_3j_bodysystem,1.0,2.7054427,1.7054427,0.17054427
104,apache_2_bodysystem,1.0,2.0205584,1.0205584,0.11339537
104,apache_3j_diagnosis_split0,14.0,14.421662,0.42166233,0.003833294
105,age,79.0,48.43486,-30.56514,-0.41870052
105,bmi,24.392862,42.90656,18.513697,0.3495125
105,elective_surgery,0.0,-0.13363473,-0.13363473,-0.13363473
105,ethnicity,3.0,5.843318,2.843318,0.47388634
105,gender,2.0,1.3906143,-0.6093857,-0.30469286
105,height,182.9,171.46576,-11.434235,-0.19582522
105,hospital_admit_source,4.0,0.38728404,-3.612716,-0.24084774
105,icu_admit_source,1.0,0.99553007,-0.004469931,-0.0008939862
105,icu_stay_type,1.0,1.4682274,0.4682274,0.2341137
105,icu_type,5.0,2.2540345,-2.7459655,-0.39228082
105,pre_icu_los_days,0.014583333,-20.002855,-20.017439,-0.29766628
105,readmission_status,0.0,0.0,0.0,0.0
105,weight,81.6,30.466957,-51.13304,-0.3468999
105,apache_2_diagnosis,110.0,13.576096,-96.423904,-0.46581596
105,apache_3j_diagnosis,104.01,-881.8193,-985.8293,-0.46943358
105,apache_post_operative,0.0,0.03411046,0.03411046,0.03411046
105,arf_apache,0.0,-0.32335973,-0.32335973,-0.32335973
105,bun_apache,79.0,107.25396,28.25396,0.229707
105,creatinine_apache,2.95,1.7494051,-1.2005949,-0.11034879
105,gcs_eyes_apache,4.0,4.9467373,0.9467373,0.31557906
105,gcs_motor_apache,6.0,7.8120995,1.8120995,0.36241984
105,gcs_unable_apache,0.0,0.0,0.0,0.0
105,gcs_verbal_apache,5.0,6.0383196,1.0383196,0.2595799
105,glucose_apache,215.0,387.21072,172.21072,0.30768397
105,heart_rate_apache,60.0,4.309334,-55.690666,-0.3762883
105,hematocrit_apache,25.9,11.636789,-14.26321,-0.40520483
105,intubated_apache,0.0,-0.34959936,-0.34959936,-0.34959936
105,map_apache,130.0,187.1982,57.198196,0.35748875
105,resprate_apache,24.0,33.902054,9.902054,0.17682236
105,sodium_apache,140.0,152.70114,12.701141,0.30978394
105,temp_apache,36.7,33.602463,-3.097538,-0.40757078
105,ventilated_apache,0.0,0.24866098,0.24866098,0.24866098
105,wbc_apache,11.5,4.3828754,-7.1171246,-0.15851058
105,d1_diasbp_max,89.0,121.28129,32.28129,0.27127132
105,d1_diasbp_min,60.0,84.97831,24.97831,0.32439363
105,d1_diasbp_noninvasive_max,89.0,36.89052,-52.10948,-0.43789482
105,d1_diasbp_noninvasive_min,60.0,62.767685,2.767685,0.035943985
105,d1_heartrate_max,83.0,97.40491,14.404907,0.12104963
105,d1_heartrate_min,60.0,94.50448,34.50448,0.24129006
105,d1_mbp_max,130.0,140.75186,10.751862,0.086708546
105,d1_mbp_min,80.0,95.836105,15.836105,0.17595673
105,d1_mbp_noninvasive_max,130.0,106.01685,-23.983147,-0.1982078
105,d1_mbp_noninvasive_min,80.0,104.68396,24.68396,0.27426618
105,d1_resprate_max,24.0,41.194065,17.194065,0.22043674
105,d1_resprate_min,14.0,10.3808775,-3.6191225,-0.050265595
105,d1_spo2_max,99.0,63.68001,-35.31999,-0.40597683
105,d1_spo2_min,92.0,133.60522,41.605225,0.41605228
105,d1_sysbp_max,163.0,126.93808,-36.06192,-0.25395718
105,d1_sysbp_min,126.0,92.971985,-33.028015,-0.27754638
105,d1_sysbp_noninvasive_max,163.0,99.95092,-63.04908,-0.4440076
105,d1_sysbp_noninvasive_min,126.0,82.629135,-43.370865,-0.36455294
105,d1_temp_max,37.3,39.139793,1.8397942,0.38329044
105,d1_temp_min,36.7,35.462795,-1.2372055,-0.20930558
105,h1_diasbp_max,81.0,131.35,50.350006,0.47500005
105,h1_diasbp_min,70.0,94.34793,24.34793,0.26755965
105,h1_diasbp_noninvasive_max,81.0,52.89106,-28.10894,-0.26270038
105,h1_diasbp_noninvasive_min,70.0,72.56729,2.5672913,0.027905345
105,h1_heartrate_max,80.0,26.823656,-53.176346,-0.450647
105,h1_heartrate_min,62.0,78.7908,16.790802,0.15547037
105,h1_mbp_max,110.0,144.79489,34.79489,0.2999559
105,h1_mbp_min,108.0,73.74294,-34.257057,-0.32317975
105,h1_mbp_noninvasive_max,110.0,62.27223,-47.72777,-0.41866463
105,h1_mbp_noninvasive_min,108.0,88.419846,-19.580154,-0.18471843
105,h1_resprate_max,20.0,42.524925,22.524925,0.45969236
105,h1_resprate_min,14.0,40.01757,26.01757,0.2204879
105,h1_spo2_max,99.0,105.31736,6.31736,0.07019293
105,h1_spo2_min,96.0,97.70206,1.7020569,0.017020583
105,h1_sysbp_max,163.0,143.28479,-19.71521,-0.13321087
105,h1_sysbp_min,160.0,180.87073,20.870728,0.14801937
105,h1_sysbp_noninvasive_max,163.0,186.25201,23.252014,0.15710819
105,h1_sysbp_noninvasive_min,160.0,194.19032,34.190323,0.2407769
105,h1_temp_max,36.7,37.198235,0.4982338,0.081677675
105,h1_temp_min,36.7,35.49165,-1.2083511,-0.18880486
105,d1_bun_max,79.0,68.85045,-10.149551,-0.083193004
105,d1_bun_min,79.0,39.58733,-39.41267,-0.3580041
105,d1_calcium_max,8.5,6.58536,-1.91464,-0.4162261
105,d1_calcium_min,8.5,10.663105,2.163105,0.45064688
105,d1_creatinine_max,2.95,4.773697,1.8236969,0.16933115
105,d1_creatinine_min,2.95,0.37414837,-2.5758517,-0.26726276
105,d1_glucose_max,215.0,300.45593,85.45593,0.15884003
105,d1_glucose_min,123.0,241.28613,118.28613,0.46386716
105,d1_hco3_max,30.0,17.132996,-12.867004,-0.45953587
105,d1_hco3_min,30.0,44.53759,14.53759,0.4542997
105,d1_hemaglobin_max,8.6,6.025451,-2.5745492,-0.24755281
105,d1_hemaglobin_min,8.6,13.076795,4.4767942,0.39270127
105,d1_hematocrit_max,25.9,22.324451,-3.5755482,-0.114969395
105,d1_hematocrit_min,25.9,35.882484,9.982485,0.29446858
105,d1_platelets_max,134.0,3.542242,-130.45776,-0.23379527
105,d1_platelets_min,134.0,-93.65697,-227.65697,-0.4224475
105,d1_potassium_max,2.8,4.132496,1.3324959,0.31726095
105,d1_potassium_min,2.7,4.308376,1.6083758,0.47305173
105,d1_sodium_max,140.0,154.36351,14.36351,0.410386
105,d1_sodium_min,140.0,133.91084,-6.089157,-0.16914326
105,d1_wbc_max,11.5,-7.7382584,-19.238258,-0.42865992
105,d1_wbc_min,11.5,-0.3192619,-11.819262,-0.2954963
105,apache_4a_hospital_death_prob,0.05,0.40615034,0.35615033,0.17987394
105,apache_4a_icu_death_prob,0.02,-0.19118339,-0.21118338,-0.10719967
105,aids,0.0,0.2404058,0.2404058,0.2404058
105,cirrhosis,0.0,0.19490157,0.19490157,0.19490157
105,diabetes_mellitus,1.0,1.3301237,0.33012366,0.33012366
105,hepatic_failure,0.0,-0.47499996,-0.47499996,-0.47499996
105,immunosuppression,0.0,-0.0037033032,-0.0037033032,-0.0037033032
105,leukemia,0.0,-0.45711213,-0.45711213,-0.45711213
105,lymphoma,0.0,-0.05703168,-0.05703168,-0.05703168
105,solid_tumor_with_metastasis,0.0,-0.23060946,-0.23060946,-0.23060946
105,apache_3j_bodysystem,1.0,3.8119898,2.8119898,0.28119898
105,apache_2_bodysystem,1.0,0.28613156,-0.71386844,-0.07931872
105,apache_3j_diagnosis_split0,5.0,47.28062,42.28062,0.38436928
106,age,88.0,91.374016,3.3740158,0.04621941
106,bmi,24.929216,14.473163,-10.456054,-0.19739553
106,elective_surgery,1.0,1.4326949,0.4326949,0.4326949
106,ethnicity,3.0,4.59535,1.5953498,0.26589164
106,gender,1.0,1.8131399,0.8131399,0.40656996
106,height,152.4,145.24792,-7.152069,-0.1224879
106,hospital_admit_source,5.0,9.600515,4.6005154,0.30670103
106,icu_admit_source,3.0,1.5218294,-1.4781706,-0.29563415
106,icu_stay_type,1.0,0.9387306,-0.061269403,-0.030634701
106,icu_type,7.0,4.2874207,-2.7125793,-0.38751134
106,pre_icu_los_days,2.3854167,24.316235,21.930819,0.32611892
106,readmission_status,0.0,0.0,0.0,0.0
106,weight,57.9,64.58131,6.681305,0.045327723
106,apache_2_diagnosis,213.0,125.877884,-87.122116,-0.42087975
106,apache_3j_diagnosis,1405.02,1958.0248,553.00476,0.26333058
106,apache_post_operative,1.0,0.80667496,-0.19332504,-0.19332504
106,arf_apache,0.0,-0.41606957,-0.41606957,-0.41606957
106,bun_apache,13.0,18.62814,5.6281395,0.045757234
106,creatinine_apache,1.1,5.134088,4.034088,0.3707801
106,gcs_eyes_apache,4.0,3.9402766,-0.059723377,-0.019907773
106,gcs_motor_apache,6.0,3.625,-2.375,-0.47500002
106,gcs_unable_apache,0.0,0.0,0.0,0.0
106,gcs_verbal_apache,4.0,2.569244,-1.4307561,-0.35768902
106,glucose_apache,82.0,27.94961,-54.050392,-0.09657028
106,heart_rate_apache,142.0,197.35611,55.35611,0.37402773
106,hematocrit_apache,32.8,43.644936,10.844936,0.30809477
106,intubated_apache,0.0,0.14633223,0.14633223,0.14633223
106,map_apache,41.0,95.26091,54.26091,0.3391307
106,resprate_apache,56.0,42.314083,-13.685917,-0.24439132
106,sodium_apache,143.0,154.8214,11.821396,0.28832674
106,temp_apache,37.0,39.6486,2.6486015,0.3485002
106,ventilated_apache,0.0,-0.11204253,-0.11204253,-0.11204253
106,wbc_apache,7.5,-10.98866,-18.488659,-0.41177413
106,d1_diasbp_max,102.0,60.469696,-41.530304,-0.34899414
106,d1_diasbp_min,35.0,10.219236,-24.780764,-0.32182813
106,d1_diasbp_noninvasive_max,102.0,157.86261,55.86261,0.4694337
106,d1_diasbp_noninvasive_min,35.0,9.460354,-25.539646,-0.33168373
106,d1_heartrate_max,142.0,110.57063,-31.429367,-0.26411235
106,d1_heartrate_min,74.0,116.34003,42.340027,0.2960841
106,d1_mbp_max,137.0,79.41108,-57.58892,-0.4644268
106,d1_mbp_min,41.0,26.448326,-14.551674,-0.16168527
106,d1_mbp_noninvasive_max,137.0,110.43648,-26.563522,-0.21953323
106,d1_mbp_noninvasive_min,41.0,18.81326,-22.18674,-0.24651934
106,d1_resprate_max,56.0,18.950003,-37.049995,-0.475
106,d1_resprate_min,9.0,7.901671,-1.0983291,-0.015254572
106,d1_spo2_max,99.0,73.19888,-25.801117,-0.29656452
106,d1_spo2_min,83.0,56.05219,-26.947811,-0.26947808
106,d1_sysbp_max,197.0,190.74432,-6.2556763,-0.04405409
106,d1_sysbp_min,51.0,43.33002,-7.669979,-0.06445361
106,d1_sysbp_noninvasive_max,197.0,184.80551,-12.194489,-0.0858767
106,d1_sysbp_noninvasive_min,51.0,41.961555,-9.0384445,-0.07597247
106,d1_temp_max,38.2,37.105446,-1.0945549,-0.22803226
106,d1_temp_min,37.0,36.021313,-0.9786873,-0.1655705
106,h1_diasbp_max,84.0,91.24037,7.2403717,0.0683054
106,h1_diasbp_min,44.0,63.197346,19.197346,0.21095984
106,h1_diasbp_noninvasive_max,84.0,53.632507,-30.367493,-0.28380835
106,h1_diasbp_noninvasive_min,44.0,21.239923,-22.760077,-0.24739213
106,h1_heartrate_max,98.0,129.39334,31.393341,0.26604524
106,h1_heartrate_min,78.0,91.461555,13.4615555,0.12464404
106,h1_mbp_max,102.0,148.84605,46.846054,0.4038453
106,h1_mbp_min,82.0,35.706516,-46.293484,-0.43673098
106,h1_mbp_noninvasive_max,102.0,62.27601,-39.72399,-0.34845608
106,h1_mbp_noninvasive_min,82.0,105.2714,23.2714,0.21954155
106,h1_resprate_max,25.0,22.938751,-2.0612488,-0.042066306
106,h1_resprate_min,16.0,66.58509,50.58509,0.4286872
106,h1_spo2_max,97.0,120.97985,23.97985,0.26644284
106,h1_spo2_min,92.0,134.57394,42.573944,0.42573947
106,h1_sysbp_max,127.0,139.70972,12.709717,0.085876465
106,h1_sysbp_min,80.0,88.53274,8.532738,0.06051585
106,h1_sysbp_noninvasive_max,127.0,193.71045,66.71045,0.45074627
106,h1_sysbp_noninvasive_min,80.0,146.69904,66.699036,0.46971154
106,h1_temp_max,37.8,35.166264,-2.6337357,-0.43175992
106,h1_temp_min,37.4,34.36,-3.040001,-0.47500014
106,d1_bun_max,13.0,67.657715,54.657715,0.44801405
106,d1_bun_min,13.0,27.775806,14.775806,0.13421571
106,d1_calcium_max,6.4,5.4285655,-0.9714346,-0.21118143
106,d1_calcium_min,6.4,7.3819456,0.9819455,0.20457198
106,d1_creatinine_max,1.1,5.9662185,4.8662186,0.45183083
106,d1_creatinine_min,1.1,3.9908793,2.8908792,0.29994908
106,d1_glucose_max,129.0,112.21943,-16.780571,-0.031190656
106,d1_glucose_min,82.0,197.75546,115.75546,0.453943
106,d1_hco3_max,20.0,9.363058,-10.636942,-0.3798908
106,d1_hco3_min,20.0,8.327646,-11.672354,-0.36476105
106,d1_hemaglobin_max,12.0,9.655763,-2.3442373,-0.22540745
106,d1_hemaglobin_min,11.1,9.595504,-1.5044966,-0.13197339
106,d1_hematocrit_max,35.9,22.516655,-13.383347,-0.4303327
106,d1_hematocrit_min,32.8,26.757719,-6.04228,-0.17823836
106,d1_platelets_max,255.0,489.86295,234.86295,0.42090133
106,d1_platelets_min,218.0,235.77634,17.776337,0.032986343
106,d1_potassium_max,4.5,4.9780254,0.47802544,0.113815576
106,d1_potassium_min,4.5,4.500179,0.00017881393,5.26309e-05
106,d1_sodium_max,143.0,147.94856,4.9485626,0.14138746
106,d1_sodium_min,143.0,126.10039,-16.899612,-0.46943367
106,d1_wbc_max,9.6,29.152592,19.552591,0.43566376
106,d1_wbc_min,7.5,22.590673,15.090673,0.37728572
106,apache_4a_hospital_death_prob,0.1,0.89686084,0.7968608,0.4024549
106,apache_4a_icu_death_prob,0.03,0.770169,0.74016905,0.37572032
106,aids,0.0,-0.2820903,-0.2820903,-0.2820903
106,cirrhosis,0.0,0.18290012,0.18290012,0.18290012
106,diabetes_mellitus,0.0,-0.036329996,-0.036329996,-0.036329996
106,hepatic_failure,0.0,0.332442,0.332442,0.332442
106,immunosuppression,0.0,0.44735146,0.44735146,0.44735146
106,leukemia,0.0,0.042289596,0.042289596,0.042289596
106,lymphoma,0.0,0.46512842,0.46512842,0.46512842
106,solid_tumor_with_metastasis,0.0,0.32207566,0.32207566,0.32207566
106,apache_3j_bodysystem,2.0,5.163816,3.163816,0.3163816
106,apache_2_bodysystem,2.0,1.7361332,-0.26386678,-0.029318534
106,apache_3j_diagnosis_split0,33.0,85.25,52.25,0.475
107,age,83.0,106.548615,23.548615,0.32258373
107,bmi,39.100346,55.992733,16.892387,0.31890446
107,elective_surgery,0.0,0.23792821,0.23792821,0.23792821
107,ethnicity,3.0,2.995261,-0.004739046,-0.00078985095
107,gender,2.0,1.2248936,-0.77510643,-0.38755322
107,height,170.0,167.88454,-2.1154633,-0.03622991
107,hospital_admit_source,4.0,5.7818084,1.7818084,0.118787214
107,icu_admit_source,1.0,1.2077551,0.20775509,0.041551016
107,icu_stay_type,1.0,1.8325284,0.83252835,0.41626418
107,icu_type,6.0,2.9526248,-3.0473752,-0.43533933
107,pre_icu_los_days,0.0,7.4748907,7.4748907,0.11115423
107,readmission_status,0.0,0.0,0.0,0.0
107,weight,113.0,61.735535,-51.264465,-0.3477915
107,apache_2_diagnosis,303.0,294.50952,-8.4904785,-0.041016817
107,apache_3j_diagnosis,211.08,-444.18073,-655.26074,-0.31202298
107,apache_post_operative,0.0,0.30323297,0.30323297,0.30323297
107,arf_apache,0.0,0.065196976,0.065196976,0.065196976
107,bun_apache,47.0,63.508,16.508,0.13421139
107,creatinine_apache,1.54,1.095396,-0.44460392,-0.040864334
107,gcs_eyes_apache,4.0,4.6513147,0.65131474,0.21710491
107,gcs_motor_apache,6.0,7.9213495,1.9213495,0.38426995
107,gcs_unable_apache,0.0,0.0,0.0,0.0
107,gcs_verbal_apache,5.0,4.13103,-0.8689699,-0.21724248
107,glucose_apache,266.0,236.34924,-29.650757,-0.05297616
107,heart_rate_apache,104.0,127.78454,23.784538,0.16070634
107,hematocrit_apache,43.7,59.881176,16.181175,0.45969248
107,intubated_apache,0.0,-0.16224402,-0.16224402,-0.16224402
107,map_apache,107.0,148.0676,41.067596,0.2566725
107,resprate_apache,39.0,37.553116,-1.4468842,-0.025837243
107,sodium_apache,139.0,128.66516,-10.334839,-0.25206926
107,temp_apache,36.6,36.909912,0.30991364,0.0407781
107,ventilated_apache,0.0,0.43318373,0.43318373,0.43318373
107,wbc_apache,12.8,22.345808,9.545808,0.21260148
107,d1_diasbp_max,87.0,107.57839,20.578392,0.17292765
107,d1_diasbp_min,59.0,80.90235,21.902351,0.28444612
107,d1_diasbp_noninvasive_max,87.0,46.04163,-40.95837,-0.344188
107,d1_diasbp_noninvasive_min,59.0,36.71716,-22.28284,-0.28938752
107,d1_heartrate_max,108.0,164.525,56.524994,0.47499993
107,d1_heartrate_min,56.0,-9.303783,-65.30379,-0.4566698
107,d1_mbp_max,115.0,144.38672,29.386719,0.23698968
107,d1_mbp_min,80.0,106.02155,26.021553,0.28912836
107,d1_mbp_noninvasive_max,115.0,135.38428,20.384277,0.16846511
107,d1_mbp_noninvasive_min,80.0,56.19752,-23.802479,-0.264472
107,d1_resprate_max,39.0,25.96923,-13.030769,-0.16706115
107,d1_resprate_min,17.0,40.418217,23.418217,0.325253
107,d1_spo2_max,99.0,62.89317,-36.10683,-0.415021
107,d1_spo2_min,86.0,93.68465,7.6846466,0.07684648
107,d1_sysbp_max,153.0,88.02009,-64.97991,-0.457605
107,d1_sysbp_min,107.0,50.475006,-56.524994,-0.47499996
107,d1_sysbp_noninvasive_max,153.0,151.43013,-1.56987,-0.01105541
107,d1_sysbp_noninvasive_min,107.0,66.87673,-40.12327,-0.3372553
107,d1_temp_max,36.9,37.577335,0.67733383,0.14111122
107,d1_temp_min,36.4,36.789326,0.3893242,0.065864384
107,h1_diasbp_max,86.0,131.25885,45.25885,0.42697027
107,h1_diasbp_min,80.0,65.679245,-14.320755,-0.15737095
107,h1_diasbp_noninvasive_max,86.0,115.82279,29.822792,0.2787177
107,h1_diasbp_noninvasive_min,80.0,57.75653,-22.24347,-0.24177685
107,h1_heartrate_max,104.0,144.61505,40.61505,0.34419537
107,h1_heartrate_min,100.0,65.23902,-34.76098,-0.3218609
107,h1_mbp_max,104.0,116.522575,12.522575,0.10795322
107,h1_mbp_min,84.0,37.021114,-46.978886,-0.44319704
107,h1_mbp_noninvasive_max,104.0,116.949776,12.949776,0.11359453
107,h1_mbp_noninvasive_min,84.0,110.984184,26.984184,0.25456777
107,h1_resprate_max,39.0,26.300463,-12.699537,-0.25917426
107,h1_resprate_min,20.0,18.128447,-1.8715534,-0.015860632
107,h1_spo2_max,96.0,102.12865,6.128647,0.06809604
107,h1_spo2_min,93.0,75.359055,-17.640945,-0.17640948
107,h1_sysbp_max,142.0,87.483055,-54.516945,-0.36835772
107,h1_sysbp_min,129.0,185.49605,56.496048,0.4006812
107,h1_sysbp_noninvasive_max,142.0,88.962616,-53.037384,-0.3583607
107,h1_sysbp_noninvasive_min,129.0,139.90323,10.903229,0.0767833
107,h1_temp_max,36.7,35.17115,-1.5288506,-0.25063124
107,h1_temp_min,36.7,34.05229,-2.647709,-0.4137045
107,d1_bun_max,47.0,8.785904,-38.214096,-0.31323028
107,d1_bun_min,47.0,26.84952,-20.15048,-0.18303645
107,d1_calcium_max,8.8,7.0640574,-1.7359428,-0.37737888
107,d1_calcium_min,8.8,9.557755,0.7577553,0.1578657
107,d1_creatinine_max,1.54,2.6014378,1.0614378,0.09855506
107,d1_creatinine_min,1.54,4.9256296,3.3856297,0.3512829
107,d1_glucose_max,266.0,331.88293,65.882935,0.122458965
107,d1_glucose_min,175.0,111.88522,-63.114777,-0.24750894
107,d1_hco3_max,31.0,42.862087,11.862087,0.42364603
107,d1_hco3_min,31.0,16.463097,-14.536903,-0.45427823
107,d1_hemaglobin_max,15.0,14.41013,-0.58987045,-0.05671835
107,d1_hemaglobin_min,15.0,9.907309,-5.0926914,-0.44672737
107,d1_hematocrit_max,43.7,57.593224,13.893223,0.4467274
107,d1_hematocrit_min,43.7,41.540848,-2.159153,-0.063691854
107,d1_platelets_max,115.0,57.43938,-57.56062,-0.10315524
107,d1_platelets_min,115.0,-42.53576,-157.53577,-0.29232836
107,d1_potassium_max,5.4,6.2393074,0.8393073,0.19983506
107,d1_potassium_min,5.4,5.4419537,0.041953564,0.012339294
107,d1_sodium_max,139.0,155.625,16.625,0.475
107,d1_sodium_min,139.0,136.21013,-2.7898712,-0.07749641
107,d1_wbc_max,12.8,0.7640866,-12.035913,-0.2681799
107,d1_wbc_min,12.8,27.071222,14.271222,0.35679838
107,apache_4a_hospital_death_prob,0.08,0.7406472,0.6606472,0.3336602
107,apache_4a_icu_death_prob,0.03,0.8284805,0.7984805,0.40532005
107,aids,0.0,0.0953837,0.0953837,0.0953837
107,cirrhosis,0.0,0.45908844,0.45908844,0.45908844
107,diabetes_mellitus,1.0,0.87324363,-0.12675637,-0.12675637
107,hepatic_failure,0.0,0.475,0.475,0.475
107,immunosuppression,1.0,1.3195117,0.31951165,0.31951165
107,leukemia,0.0,0.0063743237,0.0063743237,0.0063743237
107,lymphoma,0.0,0.0026228633,0.0026228633,0.0026228633
107,solid_tumor_with_metastasis,0.0,0.017859261,0.017859261,0.017859261
107,apache_3j_bodysystem,9.0,4.492571,-4.507429,-0.45074293
107,apache_2_bodysystem,7.0,3.3984587,-3.6015413,-0.40017128
107,apache_3j_diagnosis_split0,72.0,107.382744,35.382744,0.3216613
108,age,82.0,89.85472,7.854721,0.1075989
108,bmi,24.088562,12.449293,-11.639269,-0.21973297
108,elective_surgery,0.0,-0.020330273,-0.020330273,-0.020330273
108,ethnicity,3.0,4.790536,1.7905359,0.29842266
108,gender,2.0,1.971297,-0.028702974,-0.014351487
108,height,185.4,195.63452,10.234528,0.17527878
108,hospital_admit_source,11.0,5.7733226,-5.2266774,-0.34844518
108,icu_admit_source,4.0,3.4518874,-0.54811263,-0.10962254
108,icu_stay_type,1.0,1.6106417,0.6106417,0.30532086
108,icu_type,1.0,-1.8080466,-2.8080466,-0.4011495
108,pre_icu_los_days,0.00625,17.562305,17.556055,0.26106468
108,readmission_status,0.0,0.0,0.0,0.0
108,weight,82.8,34.881756,-47.918247,-0.32508987
108,apache_2_diagnosis,117.0,44.647495,-72.35251,-0.349529
108,apache_3j_diagnosis,106.01,-846.41205,-952.42206,-0.45352566
108,apache_post_operative,0.0,-0.15573166,-0.15573166,-0.15573166
108,arf_apache,0.0,-0.03581434,-0.03581434,-0.03581434
108,bun_apache,42.0,77.7555,35.7555,0.29069513
108,creatinine_apache,2.71,6.2208667,3.5108666,0.3226899
108,gcs_eyes_apache,3.0,2.9238703,-0.076129675,-0.025376558
108,gcs_motor_apache,5.0,5.180664,0.18066406,0.036132812
108,gcs_unable_apache,0.0,0.0,0.0,0.0
108,gcs_verbal_apache,2.0,0.5808914,-1.4191086,-0.35477716
108,glucose_apache,231.0,315.73993,84.73993,0.15140241
108,heart_rate_apache,124.0,162.12485,38.124847,0.25760037
108,hematocrit_apache,22.2,38.724064,16.524063,0.4694336
108,intubated_apache,1.0,0.59928995,-0.40071005,-0.40071005
108,map_apache,186.0,261.10938,75.109375,0.46943355
108,resprate_apache,44.0,57.998405,13.998405,0.24997151
108,sodium_apache,134.0,145.35828,11.358276,0.27703115
108,temp_apache,34.6,31.53218,-3.0678177,-0.40366024
108,ventilated_apache,1.0,1.0605464,0.0605464,0.0605464
108,wbc_apache,45.8,34.916035,-10.883965,-0.24240458
108,d1_diasbp_max,64.0,118.70341,54.703407,0.45969248
108,d1_diasbp_min,44.0,75.77246,31.77246,0.4126294
108,d1_diasbp_noninvasive_max,64.0,120.525,56.525,0.47500002
108,d1_diasbp_noninvasive_min,44.0,59.393024,15.393024,0.19990942
108,d1_heartrate_max,123.0,176.12865,53.128647,0.44645917
108,d1_heartrate_min,71.0,115.72035,44.720352,0.31272975
108,d1_mbp_max,77.0,135.2597,58.259705,0.46983635
108,d1_mbp_min,57.0,27.575994,-29.424006,-0.3269334
108,d1_mbp_noninvasive_max,77.0,118.03111,41.031113,0.3391001
108,d1_mbp_noninvasive_min,57.0,56.93434,-0.06565857,-0.00072956085
108,d1_resprate_max,36.0,0.2663784,-35.73362,-0.4581234
108,d1_resprate_min,22.0,4.7576566,-17.242344,-0.23947698
108,d1_spo2_max,100.0,117.68032,17.68032,0.20322204
108,d1_spo2_min,93.0,103.60112,10.60112,0.10601121
108,d1_sysbp_max,104.0,126.45,22.449997,0.15809856
108,d1_sysbp_min,75.0,36.25879,-38.74121,-0.3255564
108,d1_sysbp_noninvasive_max,104.0,92.074135,-11.925865,-0.08398497
108,d1_sysbp_noninvasive_min,75.0,49.621376,-25.378624,-0.21331951
108,d1_temp_max,38.9,39.207672,0.3076706,0.064098
108,d1_temp_min,34.6,36.37415,1.7741508,0.30014396
108,h1_diasbp_max,52.0,100.50613,48.506126,0.457605
108,h1_diasbp_min,44.0,24.539747,-19.460253,-0.21384893
108,h1_diasbp_noninvasive_max,52.0,102.2294,50.2294,0.46943367
108,h1_diasbp_noninvasive_min,44.0,87.18789,43.18789,0.46943355
108,h1_heartrate_max,80.0,128.99779,48.997787,0.41523552
108,h1_heartrate_min,71.0,67.57974,-3.4202576,-0.03166905
108,h1_mbp_max,72.0,17.941284,-54.058716,-0.46602342
108,h1_mbp_min,57.0,47.711662,-9.288338,-0.08762582
108,h1_mbp_noninvasive_max,72.0,125.515434,53.515434,0.4694336
108,h1_mbp_noninvasive_min,57.0,73.05715,16.057152,0.15148258
108,h1_resprate_max,33.0,39.213783,6.2137833,0.12681186
108,h1_resprate_min,24.0,34.080883,10.080883,0.08543122
108,h1_spo2_max,100.0,76.58438,-23.415619,-0.26017356
108,h1_spo2_min,93.0,93.1337,0.13369751,0.0013369918
108,h1_sysbp_max,100.0,37.95839,-62.04161,-0.41920006
108,h1_sysbp_min,86.0,19.221218,-66.77878,-0.47360837
108,h1_sysbp_noninvasive_max,100.0,40.962666,-59.037334,-0.39890093
108,h1_sysbp_noninvasive_min,86.0,132.87949,46.879486,0.33013722
108,h1_temp_max,36.8,38.35275,1.5527496,0.25454915
108,h1_temp_min,36.8,36.089092,-0.710907,-0.111079216
108,d1_bun_max,42.0,2.9437459,-39.056255,-0.3201332
108,d1_bun_min,42.0,32.396446,-9.603554,-0.08723366
108,d1_calcium_max,6.3,5.376653,-0.923347,-0.20072761
108,d1_calcium_min,6.3,6.1071534,-0.19284678,-0.040176407
108,d1_creatinine_max,2.71,0.660007,-2.049993,-0.1903429
108,d1_creatinine_min,2.71,0.14687447,-2.5631256,-0.26594234
108,d1_glucose_max,231.0,350.54764,119.54764,0.22220749
108,d1_glucose_min,91.0,52.698753,-38.301247,-0.15020096
108,d1_hco3_max,16.0,21.937588,5.9375877,0.21205671
108,d1_hco3_min,16.0,4.7824864,-11.217514,-0.3505473
108,d1_hemaglobin_max,7.4,11.942001,4.5420012,0.43673092
108,d1_hemaglobin_min,6.8,3.7216294,-3.0783708,-0.27003253
108,d1_hematocrit_max,22.2,17.351738,-4.848263,-0.15589269
108,d1_hematocrit_min,22.2,9.341487,-12.858514,-0.37930718
108,d1_platelets_max,241.0,218.70554,-22.294464,-0.039954245
108,d1_platelets_min,241.0,19.850786,-221.14922,-0.4103715
108,d1_potassium_max,5.1,6.920641,1.820641,0.43348593
108,d1_potassium_min,3.4,2.8149118,-0.58508825,-0.17208476
108,d1_sodium_max,134.0,145.82516,11.825165,0.33786187
108,d1_sodium_min,134.0,127.66832,-6.3316803,-0.17587999
108,d1_wbc_max,46.08,51.316555,5.236553,0.11667895
108,d1_wbc_min,40.898,30.199423,-10.698576,-0.2674777
108,apache_4a_hospital_death_prob,0.55,1.4095387,0.85953873,0.43411046
108,apache_4a_icu_death_prob,0.38,0.73227596,0.35227597,0.17882031
108,aids,0.0,-0.01911855,-0.01911855,-0.01911855
108,cirrhosis,0.0,-0.28014475,-0.28014475,-0.28014475
108,diabetes_mellitus,0.0,-0.46958986,-0.46958986,-0.46958986
108,hepatic_failure,0.0,0.2799943,0.2799943,0.2799943
108,immunosuppression,0.0,0.14750871,0.14750871,0.14750871
108,leukemia,0.0,-0.12362917,-0.12362917,-0.12362917
108,lymphoma,0.0,0.23179236,0.23179236,0.23179236
108,solid_tumor_with_metastasis,0.0,0.2423856,0.2423856,0.2423856
108,apache_3j_bodysystem,1.0,-0.88096046,-1.8809605,-0.18809605
108,apache_2_bodysystem,1.0,0.5381927,-0.4618073,-0.051311925
108,apache_3j_diagnosis_split0,7.0,35.729813,28.729813,0.2611801
109,age,64.0,36.395504,-27.604496,-0.3781438
109,bmi,22.178902,31.178852,8.99995,0.1699064
109,elective_surgery,0.0,0.09646377,0.09646377,0.09646377
109,ethnicity,1.0,-1.4325199,-2.43252,-0.40541998
109,gender,2.0,1.7993335,-0.20066655,-0.10033327
109,height,167.6,168.00577,0.40576172,0.0069491267
109,hospital_admit_source,3.0,6.329866,3.329866,0.22199105
109,icu_admit_source,1.0,-0.7978904,-1.7978904,-0.35957807
109,icu_stay_type,1.0,0.81994,-0.18006003,-0.090030015
109,icu_type,6.0,5.3134384,-0.6865616,-0.09808022
109,pre_icu_los_days,0.12222222,29.969503,29.84728,0.4438395
109,readmission_status,0.0,0.0,0.0,0.0
109,weight,62.3,81.08832,18.788319,0.12746486
109,apache_2_diagnosis,124.0,68.14807,-55.85193,-0.26981607
109,apache_3j_diagnosis,305.02,-206.74283,-511.76282,-0.24369192
109,apache_post_operative,0.0,-0.37691182,-0.37691182,-0.37691182
109,arf_apache,0.0,0.42697328,0.42697328,0.42697328
109,bun_apache,19.0,19.047466,0.047466278,0.00038590282
109,creatinine_apache,1.78,6.8233476,5.0433474,0.46354294
109,gcs_eyes_apache,3.0,2.6149964,-0.38500357,-0.12833452
109,gcs_motor_apache,6.0,4.21991,-1.7800899,-0.35601795
109,gcs_unable_apache,0.0,0.0,0.0,0.0
109,gcs_verbal_apache,5.0,3.2642095,-1.7357905,-0.43394762
109,glucose_apache,185.0,-26.247894,-211.2479,-0.3774306
109,heart_rate_apache,136.0,116.99356,-19.00644,-0.1284219
109,hematocrit_apache,25.6,12.461164,-13.138836,-0.37326238
109,intubated_apache,0.0,-0.31002915,-0.31002915,-0.31002915
109,map_apache,64.0,105.32688,41.32688,0.258293
109,resprate_apache,35.0,36.74531,1.7453117,0.031166315
109,sodium_apache,140.0,120.850525,-19.149475,-0.4670604
109,temp_apache,36.3,35.64375,-0.65625,-0.08634868
109,ventilated_apache,0.0,-0.33796728,-0.33796728,-0.33796728
109,wbc_apache,10.4,10.869673,0.46967316,0.010460421
109,d1_diasbp_max,91.0,35.358166,-55.641834,-0.46757844
109,d1_diasbp_min,55.0,63.57187,8.571869,0.11132294
109,d1_diasbp_noninvasive_max,91.0,115.98487,24.98487,0.20995691
109,d1_diasbp_noninvasive_min,55.0,66.80687,11.8068695,0.15333593
109,d1_heartrate_max,136.0,125.99253,-10.007469,-0.08409637
109,d1_heartrate_min,70.0,42.06814,-27.931862,-0.1953277
109,d1_mbp_max,102.0,132.31792,30.317917,0.2444993
109,d1_mbp_min,64.0,62.12347,-1.8765297,-0.02085033
109,d1_mbp_noninvasive_max,102.0,91.56236,-10.437637,-0.08626148
109,d1_mbp_noninvasive_min,64.0,34.00498,-29.995022,-0.333278
109,d1_resprate_max,34.0,10.533501,-23.4665,-0.30085257
109,d1_resprate_min,6.0,16.723352,10.723352,0.14893544
109,d1_spo2_max,100.0,103.406364,3.4063644,0.039153576
109,d1_spo2_min,86.0,39.543705,-46.456295,-0.46456295
109,d1_sysbp_max,170.0,120.19633,-49.803673,-0.35073012
109,d1_sysbp_min,92.0,75.31122,-16.688782,-0.14024186
109,d1_sysbp_noninvasive_max,170.0,207.12073,37.120728,0.26141357
109,d1_sysbp_noninvasive_min,92.0,46.733135,-45.266865,-0.38048974
109,d1_temp_max,37.1,36.049084,-1.0509148,-0.21894057
109,d1_temp_min,36.6,36.47615,-0.12384796,-0.020952106
109,h1_diasbp_max,91.0,73.23661,-17.76339,-0.16757917
109,h1_diasbp_min,68.0,71.65828,3.6582794,0.04020083
109,h1_diasbp_noninvasive_max,91.0,114.308846,23.308846,0.21783972
109,h1_diasbp_noninvasive_min,68.0,70.14824,2.1482391,0.023350418
109,h1_heartrate_max,116.0,145.76862,29.768616,0.25227636
109,h1_heartrate_min,108.0,135.7203,27.720306,0.25666946
109,h1_mbp_max,101.0,52.564053,-48.435947,-0.41755128
109,h1_mbp_min,79.0,47.240368,-31.759632,-0.2996192
109,h1_mbp_noninvasive_max,101.0,139.39977,38.399765,0.33684003
109,h1_mbp_noninvasive_min,79.0,110.768486,31.768486,0.29970267
109,h1_resprate_max,34.0,36.775837,2.775837,0.056649745
109,h1_resprate_min,24.0,12.104302,-11.895698,-0.10081099
109,h1_spo2_max,98.0,90.97503,-7.024971,-0.07805526
109,h1_spo2_min,95.0,88.60189,-6.3981094,-0.063981056
109,h1_sysbp_max,131.0,72.2675,-58.7325,-0.39684123
109,h1_sysbp_min,101.0,167.1465,66.1465,0.4691241
109,h1_sysbp_noninvasive_max,131.0,73.41276,-57.587242,-0.389103
109,h1_sysbp_noninvasive_min,101.0,50.29613,-50.70387,-0.3570695
109,h1_temp_max,36.9,37.588093,0.6880913,0.11280185
109,h1_temp_min,36.9,37.372555,0.47255325,0.073836446
109,d1_bun_max,19.0,58.972664,39.972664,0.3276448
109,d1_bun_min,19.0,43.041325,24.041325,0.21837881
109,d1_calcium_max,7.0,4.8558507,-2.1441493,-0.46611944
109,d1_calcium_min,7.0,6.206533,-0.79346704,-0.16530564
109,d1_creatinine_max,1.78,4.2836466,2.5036466,0.23246488
109,d1_creatinine_min,1.78,3.408938,1.628938,0.16901378
109,d1_glucose_max,185.0,-48.783813,-233.78381,-0.43454242
109,d1_glucose_min,91.0,110.38528,19.385277,0.0760207
109,d1_hco3_max,27.0,36.01162,9.01162,0.32184356
109,d1_hco3_min,27.0,34.197304,7.197304,0.22491574
109,d1_hemaglobin_max,11.4,13.936823,2.5368233,0.24392533
109,d1_hemaglobin_min,8.6,13.362818,4.7628174,0.417791
109,d1_hematocrit_max,33.1,26.418087,-6.6819115,-0.21485247
109,d1_hematocrit_min,25.6,27.403803,1.8038025,0.053209513
109,d1_platelets_max,223.0,484.94397,261.94397,0.46943364
109,d1_platelets_min,223.0,215.89839,-7.1016083,-0.013177991
109,d1_potassium_max,4.9,3.66337,-1.2366302,-0.2944358
109,d1_potassium_min,4.9,3.6729527,-1.2270474,-0.3608963
109,d1_sodium_max,140.0,123.569824,-16.430176,-0.4694336
109,d1_sodium_min,140.0,123.10039,-16.899612,-0.46943367
109,d1_wbc_max,10.4,27.757044,17.357044,0.3867434
109,d1_wbc_min,10.4,-8.305253,-18.705254,-0.4676547
109,apache_4a_hospital_death_prob,0.03,0.4157709,0.3857709,0.19483382
109,apache_4a_icu_death_prob,0.01,-0.86955017,-0.87955016,-0.44647217
109,aids,0.0,-0.4290619,-0.4290619,-0.4290619
109,cirrhosis,0.0,0.46651143,0.46651143,0.46651143
109,diabetes_mellitus,0.0,0.46673596,0.46673596,0.46673596
109,hepatic_failure,0.0,0.4542181,0.4542181,0.4542181
109,immunosuppression,0.0,0.38606578,0.38606578,0.38606578
109,leukemia,0.0,0.23154917,0.23154917,0.23154917
109,lymphoma,0.0,0.21629134,0.21629134,0.21629134
109,solid_tumor_with_metastasis,0.0,0.41734403,0.41734403,0.41734403
109,apache_3j_bodysystem,2.0,-1.306454,-3.306454,-0.33064538
109,apache_2_bodysystem,2.0,-1.3104386,-3.3104386,-0.36782652
109,apache_3j_diagnosis_split0,78.0,100.60778,22.60778,0.20552528
110,age,88.0,64.34326,-23.656738,-0.3240649
110,bmi,22.277899,1.6463213,-20.631577,-0.38949507
110,elective_surgery,0.0,0.45512772,0.45512772,0.45512772
110,ethnicity,3.0,5.85,2.85,0.475
110,gender,1.0,1.0455755,0.0455755,0.02278775
110,height,162.6,159.76743,-2.8325806,-0.048511386
110,hospital_admit_source,4.0,-3.0477004,-7.0477004,-0.46984673
110,icu_admit_source,1.0,3.099695,2.099695,0.41993898
110,icu_stay_type,1.0,1.4763868,0.4763868,0.2381934
110,icu_type,6.0,6.320407,0.3204069,0.045772374
110,pre_icu_los_days,0.007638889,25.007286,24.999647,0.3717535
110,readmission_status,0.0,0.0,0.0,0.0
110,weight,58.9,33.445538,-25.454464,-0.17268972
110,apache_2_diagnosis,117.0,89.877785,-27.122215,-0.1310252
110,apache_3j_diagnosis,106.01,1038.5784,932.56836,0.4440717
110,apache_post_operative,0.0,0.17495845,0.17495845,0.17495845
110,arf_apache,0.0,-0.42547894,-0.42547894,-0.42547894
110,bun_apache,7.0,63.52085,56.52085,0.45951912
110,creatinine_apache,0.6,-2.6300397,-3.2300396,-0.29687864
110,gcs_eyes_apache,4.0,5.104139,1.1041389,0.36804628
110,gcs_motor_apache,6.0,4.029243,-1.970757,-0.3941514
110,gcs_unable_apache,0.0,0.0,0.0,0.0
110,gcs_verbal_apache,5.0,5.864628,0.86462784,0.21615696
110,glucose_apache,115.0,262.9906,147.9906,0.26441056
110,heart_rate_apache,144.0,196.11224,52.112244,0.35210973
110,hematocrit_apache,30.5,45.958084,15.458084,0.43915012
110,intubated_apache,0.0,-0.100645795,-0.100645795,-0.100645795
110,map_apache,76.0,116.37987,40.379868,0.25237417
110,resprate_apache,38.0,42.517048,4.517048,0.080661535
110,sodium_apache,138.0,135.80554,-2.194458,-0.05352336
110,temp_apache,35.8,34.909058,-0.8909416,-0.11722916
110,ventilated_apache,0.0,0.4697459,0.4697459,0.4697459
110,wbc_apache,11.4,5.332249,-6.0677505,-0.13513921
110,d1_diasbp_max,91.0,117.95187,26.951874,0.22648636
110,d1_diasbp_min,37.0,69.81862,32.81862,0.42621583
110,d1_diasbp_noninvasive_max,91.0,147.525,56.524994,0.47499993
110,d1_diasbp_noninvasive_min,37.0,29.741327,-7.2586727,-0.09426847
110,d1_heartrate_max,144.0,87.475006,-56.524994,-0.47499996
110,d1_heartrate_min,66.0,39.75359,-26.24641,-0.18354133
110,d1_mbp_max,108.0,158.84972,50.849716,0.41007835
110,d1_mbp_min,58.0,70.28433,12.284332,0.13649258
110,d1_mbp_noninvasive_max,108.0,63.19431,-44.80569,-0.37029496
110,d1_mbp_noninvasive_min,58.0,17.944592,-40.05541,-0.4450601
110,d1_resprate_max,24.0,46.57207,22.572071,0.2893855
110,d1_resprate_min,16.0,29.009249,13.009249,0.18068402
110,d1_spo2_max,99.0,64.5296,-34.470398,-0.39621145
110,d1_spo2_min,90.0,51.619713,-38.380287,-0.38380283
110,d1_sysbp_max,136.0,194.77687,58.77687,0.4139216
110,d1_sysbp_min,79.0,31.737873,-47.262127,-0.39716074
110,d1_sysbp_noninvasive_max,136.0,84.20728,-51.792717,-0.36473745
110,d1_sysbp_noninvasive_min,79.0,82.40432,3.4043198,0.028614938
110,d1_temp_max,37.1,39.193687,2.093689,0.43618515
110,d1_temp_min,35.8,34.69926,-1.1007385,-0.18621868
110,h1_diasbp_max,81.0,105.90852,24.908524,0.23498604
110,h1_diasbp_min,63.0,36.444595,-26.555405,-0.29181764
110,h1_diasbp_noninvasive_max,81.0,50.837574,-30.162426,-0.28189182
110,h1_diasbp_noninvasive_min,63.0,94.56926,31.56926,0.34314412
110,h1_heartrate_max,130.0,156.21063,26.210632,0.22212398
110,h1_heartrate_min,100.0,55.643932,-44.356068,-0.4107043
110,h1_mbp_max,92.0,37.743557,-54.256443,-0.46772796
110,h1_mbp_min,78.0,71.97914,-6.020859,-0.056800544
110,h1_mbp_noninvasive_max,92.0,97.55638,5.556381,0.04874021
110,h1_mbp_noninvasive_min,78.0,74.9828,-3.0171967,-0.028464109
110,h1_resprate_max,24.0,39.099243,15.099243,0.30814782
110,h1_resprate_min,16.0,-28.354109,-44.35411,-0.37588227
110,h1_spo2_max,96.0,136.78174,40.78174,0.45313036
110,h1_spo2_min,90.0,42.5,-47.5,-0.47499996
110,h1_sysbp_max,116.0,183.40504,67.405045,0.45543948
110,h1_sysbp_min,96.0,41.526775,-54.473225,-0.38633493
110,h1_sysbp_noninvasive_max,116.0,183.40504,67.405045,0.45543948
110,h1_sysbp_noninvasive_min,96.0,155.55566,59.555664,0.4194061
110,h1_temp_max,36.8,34.252537,-2.5474625,-0.41761678
110,h1_temp_min,36.8,35.38371,-1.4162903,-0.22129536
110,d1_bun_max,7.0,37.260223,30.260223,0.24803463
110,d1_bun_min,7.0,59.292744,52.292744,0.47499996
110,d1_calcium_max,7.4,6.3520327,-1.0479674,-0.227819
110,d1_calcium_min,7.4,8.357047,0.957047,0.19938478
110,d1_creatinine_max,0.6,-0.26957747,-0.8695775,-0.080740705
110,d1_creatinine_min,0.6,0.32495797,-0.27504206,-0.02853755
110,d1_glucose_max,115.0,-51.99578,-166.99579,-0.31040108
110,d1_glucose_min,115.0,142.39255,27.392548,0.107421756
110,d1_hco3_max,29.0,42.061287,13.061287,0.46647447
110,d1_hco3_min,29.0,13.8,-15.2,-0.475
110,d1_hemaglobin_max,10.6,8.574392,-2.025608,-0.19477001
110,d1_hemaglobin_min,10.6,8.780868,-1.8191328,-0.15957308
110,d1_hematocrit_max,30.5,27.117176,-3.382824,-0.10877249
110,d1_hematocrit_min,30.5,29.070618,-1.4293823,-0.042164654
110,d1_platelets_max,394.0,658.4542,264.45422,0.47393233
110,d1_platelets_min,394.0,623.4223,229.4223,0.42572337
110,d1_potassium_max,3.6,2.649555,-0.95044494,-0.22629642
110,d1_potassium_min,3.0,4.615,1.6149998,0.47499993
110,d1_sodium_max,138.0,154.625,16.625,0.475
110,d1_sodium_min,138.0,154.01778,16.017776,0.44493824
110,d1_wbc_max,11.4,29.17006,17.77006,0.39594606
110,d1_wbc_min,11.4,14.301091,2.9010916,0.072530895
110,apache_4a_hospital_death_prob,0.07,0.0723412,0.0023412034,0.0011823773
110,apache_4a_icu_death_prob,0.03,0.69462454,0.6646246,0.33737284
110,aids,0.0,0.3229788,0.3229788,0.3229788
110,cirrhosis,0.0,-0.27770323,-0.27770323,-0.27770323
110,diabetes_mellitus,0.0,-0.018631207,-0.018631207,-0.018631207
110,hepatic_failure,0.0,-0.042232145,-0.042232145,-0.042232145
110,immunosuppression,0.0,0.19685917,0.19685917,0.19685917
110,leukemia,0.0,-0.25452596,-0.25452596,-0.25452596
110,lymphoma,0.0,0.037033483,0.037033483,0.037033483
110,solid_tumor_with_metastasis,0.0,-0.44886357,-0.44886357,-0.44886357
110,apache_3j_bodysystem,1.0,-2.0642672,-3.0642672,-0.3064267
110,apache_2_bodysystem,1.0,-1.083164,-2.083164,-0.23146266
110,apache_3j_diagnosis_split0,7.0,29.550209,22.550209,0.2050019
111,age,66.0,33.81388,-32.18612,-0.44090575
111,bmi,29.30816,28.5559,-0.7522602,-0.014201611
111,elective_surgery,1.0,1.2204764,0.22047639,0.22047639
111,ethnicity,3.0,5.1801114,2.1801114,0.3633519
111,gender,1.0,1.8467194,0.8467194,0.4233597
111,height,170.2,187.69469,17.49469,0.2996179
111,hospital_admit_source,16.0,11.741167,-4.258833,-0.2839222
111,icu_admit_source,3.0,2.551821,-0.448179,-0.08963582
111,icu_stay_type,1.0,1.845604,0.84560394,0.42280197
111,icu_type,6.0,8.044102,2.0441017,0.29201448
111,pre_icu_los_days,0.0,-28.006802,-28.006802,-0.41647092
111,readmission_status,0.0,0.0,0.0,0.0
111,weight,84.9,23.663586,-61.236416,-0.4154438
111,apache_2_diagnosis,202.0,267.68195,65.681946,0.3173041
111,apache_3j_diagnosis,1211.01,1466.0643,255.05432,0.12145209
111,apache_post_operative,1.0,0.9305402,-0.069459796,-0.069459796
111,arf_apache,0.0,0.13545866,0.13545866,0.13545866
111,bun_apache,22.0,-27.192053,-49.192055,-0.39993536
111,creatinine_apache,0.82,-1.6012774,-2.4212773,-0.22254387
111,gcs_eyes_apache,4.0,4.415369,0.41536903,0.13845634
111,gcs_motor_apache,6.0,7.8525496,1.8525496,0.37050986
111,gcs_unable_apache,0.0,0.0,0.0,0.0
111,gcs_verbal_apache,5.0,4.2254686,-0.77453136,-0.19363284
111,glucose_apache,143.0,278.85107,135.85107,0.24272121
111,heart_rate_apache,85.0,63.36057,-21.639431,-0.14621235
111,hematocrit_apache,33.5,31.163065,-2.336935,-0.06639022
111,intubated_apache,0.0,-0.28002495,-0.28002495,-0.28002495
111,map_apache,74.0,77.56351,3.563507,0.022271916
111,resprate_apache,6.0,13.950153,7.9501534,0.14196703
111,sodium_apache,143.0,142.20316,-0.7968445,-0.019435227
111,temp_apache,37.1,34.96643,-2.1335678,-0.2807326
111,ventilated_apache,0.0,0.011975169,0.011975169,0.011975169
111,wbc_apache,12.8,3.673098,-9.126902,-0.20327178
111,d1_diasbp_max,61.0,83.15335,22.15335,0.1861626
111,d1_diasbp_min,53.0,47.518604,-5.4813957,-0.07118696
111,d1_diasbp_noninvasive_max,61.0,67.20892,6.2089233,0.05217582
111,d1_diasbp_noninvasive_min,53.0,44.994102,-8.0058975,-0.1039727
111,d1_heartrate_max,90.0,108.888214,18.888214,0.15872449
111,d1_heartrate_min,70.0,68.40825,-1.5917511,-0.011131108
111,d1_mbp_max,87.0,107.16714,20.167137,0.16263819
111,d1_mbp_min,74.0,78.72529,4.7252884,0.05250317
111,d1_mbp_noninvasive_max,87.0,111.201035,24.201035,0.20000856
111,d1_mbp_noninvasive_min,74.0,75.32391,1.3239136,0.014710128
111,d1_resprate_max,22.0,27.74818,5.7481804,0.073694624
111,d1_resprate_min,9.0,10.772564,1.7725639,0.024618939
111,d1_spo2_max,100.0,105.552536,5.552536,0.06382227
111,d1_spo2_min,93.0,114.12163,21.121628,0.21121627
111,d1_sysbp_max,126.0,104.36897,-21.631027,-0.15233117
111,d1_sysbp_min,98.0,106.70897,8.708969,0.07318464
111,d1_sysbp_noninvasive_max,126.0,143.48636,17.486359,0.123143375
111,d1_sysbp_noninvasive_min,98.0,100.90698,2.9069824,0.024434596
111,d1_temp_max,37.9,36.7324,-1.1676025,-0.24325055
111,d1_temp_min,37.0,38.189465,1.1894646,0.20122904
111,h1_diasbp_max,59.0,39.213703,-19.786297,-0.18666318
111,h1_diasbp_min,53.0,88.665085,35.665085,0.391924
111,h1_diasbp_noninvasive_max,59.0,61.150406,2.150406,0.020097256
111,h1_diasbp_noninvasive_min,53.0,73.39133,20.391327,0.22164485
111,h1_heartrate_max,90.0,77.082504,-12.917496,-0.10947031
111,h1_heartrate_min,80.0,67.32663,-12.67337,-0.11734602
111,h1_mbp_max,80.0,75.44913,-4.550873,-0.039231673
111,h1_mbp_min,77.0,43.874153,-33.125847,-0.312508
111,h1_mbp_noninvasive_max,80.0,38.997852,-41.002148,-0.35966796
111,h1_mbp_noninvasive_min,77.0,96.7253,19.725304,0.18608779
111,h1_resprate_max,17.0,20.846165,3.8461647,0.07849315
111,h1_resprate_min,12.0,35.564877,23.564877,0.19970235
111,h1_spo2_max,100.0,134.17807,34.17807,0.37975633
111,h1_spo2_min,93.0,102.31123,9.3112335,0.09311229
111,h1_sysbp_max,118.0,116.10585,-1.8941498,-0.012798309
111,h1_sysbp_min,98.0,125.76607,27.766068,0.19692245
111,h1_sysbp_noninvasive_max,118.0,119.201965,1.2019653,0.008121371
111,h1_sysbp_noninvasive_min,98.0,86.12072,-11.87928,-0.08365691
111,h1_temp_max,37.2,37.638493,0.43849182,0.07188386
111,h1_temp_min,37.0,37.929466,0.92946625,0.1452291
111,d1_bun_max,22.0,5.9902277,-16.009773,-0.13122764
111,d1_bun_min,16.0,8.71278,-7.28722,-0.0661933
111,d1_calcium_max,7.9,9.347492,1.4474921,0.3146722
111,d1_calcium_min,7.9,8.651863,0.751863,0.15663815
111,d1_creatinine_max,0.89,-4.129443,-5.019443,-0.46605784
111,d1_creatinine_min,0.82,-1.0713203,-1.8913202,-0.19623779
111,d1_glucose_max,198.0,219.46889,21.468887,0.03990501
111,d1_glucose_min,143.0,104.08815,-38.91185,-0.15259549
111,d1_hco3_max,27.0,31.729382,4.7293816,0.16890651
111,d1_hco3_min,24.0,27.379522,3.3795223,0.10561007
111,d1_hemaglobin_max,12.7,13.36884,0.6688404,0.06431162
111,d1_hemaglobin_min,11.2,10.685476,-0.5145235,-0.04513365
111,d1_hematocrit_max,37.3,47.19689,9.896893,0.31822807
111,d1_hematocrit_min,33.5,33.762314,0.26231384,0.007737875
111,d1_platelets_max,239.0,210.6094,-28.390594,-0.05087921
111,d1_platelets_min,196.0,282.32043,86.320435,0.16017899
111,d1_potassium_max,4.8,3.684279,-1.1157212,-0.26564795
111,d1_potassium_min,3.3,4.2119236,0.91192365,0.26821285
111,d1_sodium_max,143.0,137.31992,-5.680084,-0.16228816
111,d1_sodium_min,142.0,142.72662,0.72662354,0.02018404
111,d1_wbc_max,16.4,9.037082,-7.362918,-0.1640579
111,d1_wbc_min,12.8,23.464727,10.664727,0.2666315
111,apache_4a_hospital_death_prob,0.01,0.056060314,0.046060316,0.023262799
111,apache_4a_icu_death_prob,0.0,-0.3781762,-0.3781762,-0.1919676
111,aids,0.0,0.27500945,0.27500945,0.27500945
111,cirrhosis,0.0,-0.032679684,-0.032679684,-0.032679684
111,diabetes_mellitus,0.0,0.30615497,0.30615497,0.30615497
111,hepatic_failure,0.0,0.3204735,0.3204735,0.3204735
111,immunosuppression,0.0,0.04444639,0.04444639,0.04444639
111,leukemia,0.0,-0.08662647,-0.08662647,-0.08662647
111,lymphoma,0.0,0.069003224,0.069003224,0.069003224
111,solid_tumor_with_metastasis,0.0,-0.23969346,-0.23969346,-0.23969346
111,apache_3j_bodysystem,1.0,5.6317143,4.6317143,0.46317142
111,apache_2_bodysystem,1.0,-1.3426628,-2.3426628,-0.26029587
111,apache_3j_diagnosis_split0,24.0,70.62189,46.621887,0.42383534
112,age,72.0,37.325,-34.675,-0.475
112,bmi,24.240326,31.185108,6.9447823,0.13110772
112,elective_surgery,0.0,0.18570834,0.18570834,0.18570834
112,ethnicity,3.0,5.5622573,2.5622573,0.42704287
112,gender,1.0,0.3054068,-0.6945932,-0.3472966
112,height,152.4,174.1709,21.770905,0.3728533
112,hospital_admit_source,4.0,-3.046722,-7.046722,-0.46978146
112,icu_admit_source,1.0,3.298462,2.298462,0.4596924
112,icu_stay_type,1.0,0.79218805,-0.20781195,-0.103905976
112,icu_type,6.0,5.793419,-0.20658112,-0.02951163
112,pre_icu_los_days,0.001388889,-26.464268,-26.465656,-0.39355356
112,readmission_status,0.0,0.0,0.0,0.0
112,weight,56.3,24.528988,-31.771011,-0.21554282
112,apache_2_diagnosis,113.0,142.62961,29.629608,0.1431382
112,apache_3j_diagnosis,501.05,256.916,-244.134,-0.11625208
112,apache_post_operative,0.0,0.4381225,0.4381225,0.4381225
112,arf_apache,0.0,0.08619751,0.08619751,0.08619751
112,bun_apache,15.0,-17.733212,-32.73321,-0.26612368
112,creatinine_apache,0.99,-3.7464917,-4.7364917,-0.43533927
112,gcs_eyes_apache,4.0,4.260824,0.2608242,0.08694136
112,gcs_motor_apache,6.0,6.631933,0.6319332,0.12638664
112,gcs_unable_apache,0.0,0.0,0.0,0.0
112,gcs_verbal_apache,5.0,4.7277946,-0.27220535,-0.06805134
112,glucose_apache,130.0,201.99284,71.99284,0.12862755
112,heart_rate_apache,150.0,211.45804,61.45804,0.41525698
112,hematocrit_apache,29.5,33.20465,3.7046509,0.10524577
112,intubated_apache,0.0,-0.4678467,-0.4678467,-0.4678467
112,map_apache,60.0,61.287792,1.2877922,0.008048698
112,resprate_apache,52.0,44.01461,-7.9853897,-0.14259624
112,sodium_apache,139.0,151.51016,12.510162,0.3051259
112,temp_apache,36.5,39.80858,3.3085785,0.43533927
112,ventilated_apache,0.0,-0.33940345,-0.33940345,-0.33940345
112,wbc_apache,12.7,29.983288,17.283287,0.38492846
112,d1_diasbp_max,88.0,63.48407,-24.51593,-0.20601623
112,d1_diasbp_min,44.0,32.94658,-11.053421,-0.1435509
112,d1_diasbp_noninvasive_max,88.0,119.637634,31.637634,0.26586244
112,d1_diasbp_noninvasive_min,44.0,45.44066,1.4406586,0.018709868
112,d1_heartrate_max,150.0,168.87155,18.871552,0.15858448
112,d1_heartrate_min,81.0,56.634346,-24.365654,-0.17038918
112,d1_mbp_max,118.0,131.44452,13.444519,0.10842356
112,d1_mbp_min,60.0,31.707664,-28.292336,-0.31435928
112,d1_mbp_noninvasive_max,118.0,80.76349,-37.23651,-0.3077398
112,d1_mbp_noninvasive_min,60.0,95.80627,35.806267,0.39784738
112,d1_resprate_max,38.0,27.519962,-10.480038,-0.13435946
112,d1_resprate_min,15.0,6.45291,-8.547091,-0.11870958
112,d1_spo2_max,99.0,90.633545,-8.366455,-0.096166134
112,d1_spo2_min,89.0,84.45407,-4.545929,-0.04545927
112,d1_sysbp_max,159.0,164.74634,5.746338,0.040467203
112,d1_sysbp_min,78.0,103.01153,25.011528,0.21018091
112,d1_sysbp_noninvasive_max,159.0,148.75027,-10.249725,-0.072181165
112,d1_sysbp_noninvasive_min,78.0,40.105793,-37.894207,-0.318519
112,d1_temp_max,37.7,37.989815,0.289814,0.060377955
112,d1_temp_min,36.5,38.353622,1.8536224,0.31358868
112,h1_diasbp_max,52.0,11.959801,-40.0402,-0.37773773
112,h1_diasbp_min,44.0,33.809746,-10.190254,-0.11198081
112,h1_diasbp_noninvasive_max,52.0,50.685684,-1.3143158,-0.012283325
112,h1_diasbp_noninvasive_min,44.0,55.655697,11.655697,0.12669235
112,h1_heartrate_max,132.0,116.21544,-15.784561,-0.13376749
112,h1_heartrate_min,104.0,74.54114,-29.458862,-0.27276722
112,h1_mbp_max,69.0,59.91964,-9.08036,-0.07827897
112,h1_mbp_min,60.0,67.81436,7.8143616,0.073720396
112,h1_mbp_noninvasive_max,69.0,31.236744,-37.763256,-0.33125663
112,h1_mbp_noninvasive_min,60.0,65.47414,5.4741364,0.051642805
112,h1_resprate_max,32.0,55.20681,23.20681,0.47360834
112,h1_resprate_min,23.0,72.44469,49.444687,0.4190228
112,h1_spo2_max,97.0,68.749405,-28.250595,-0.31389546
112,h1_spo2_min,92.0,101.58164,9.581642,0.09581643
112,h1_sysbp_max,90.0,95.71471,5.7147064,0.038612887
112,h1_sysbp_min,78.0,62.075653,-15.924347,-0.112938635
112,h1_sysbp_noninvasive_max,90.0,26.599392,-63.400608,-0.4283825
112,h1_sysbp_noninvasive_min,78.0,35.001045,-42.998955,-0.30280954
112,h1_temp_max,37.7,38.980064,1.2800636,0.2098465
112,h1_temp_min,37.7,38.38138,0.6813774,0.10646522
112,d1_bun_max,15.0,19.04594,4.0459404,0.03316345
112,d1_bun_min,15.0,37.032646,22.032646,0.20013306
112,d1_calcium_max,7.4,5.9210925,-1.4789076,-0.32150164
112,d1_calcium_min,7.4,9.403608,2.0036082,0.41741833
112,d1_creatinine_max,0.99,-2.075501,-3.065501,-0.2846333
112,d1_creatinine_min,0.99,1.9333677,0.9433677,0.09788106
112,d1_glucose_max,130.0,115.22005,-14.779953,-0.027472034
112,d1_glucose_min,130.0,31.64361,-98.35639,-0.38571134
112,d1_hco3_max,22.0,35.152855,13.152855,0.4697448
112,d1_hco3_min,22.0,31.787777,9.787777,0.30586803
112,d1_hemaglobin_max,9.5,7.708833,-1.7911668,-0.17222756
112,d1_hemaglobin_min,9.5,8.381936,-1.1180639,-0.09807578
112,d1_hematocrit_max,29.5,17.044256,-12.455744,-0.40050623
112,d1_hematocrit_min,29.5,14.16202,-15.33798,-0.45244777
112,d1_platelets_max,202.0,216.3422,14.342194,0.025702864
112,d1_platelets_min,202.0,80.4436,-121.5564,-0.22556388
112,d1_potassium_max,4.2,5.940953,1.740953,0.41451263
112,d1_potassium_min,4.2,3.934286,-0.2657137,-0.07815108
112,d1_sodium_max,139.0,140.01747,1.0174713,0.029070616
112,d1_sodium_min,139.0,140.98225,1.982254,0.055062592
112,d1_wbc_max,12.7,16.167555,3.467555,0.07726282
112,d1_wbc_min,12.7,14.104508,1.4045086,0.035114467
112,apache_4a_hospital_death_prob,0.09,-0.7747273,-0.86472726,-0.43673095
112,apache_4a_icu_death_prob,0.04,-0.08792579,-0.12792578,-0.064936936
112,aids,0.0,-0.3832509,-0.3832509,-0.3832509
112,cirrhosis,0.0,0.25018996,0.25018996,0.25018996
112,diabetes_mellitus,0.0,0.29601282,0.29601282,0.29601282
112,hepatic_failure,0.0,0.041598123,0.041598123,0.041598123
112,immunosuppression,1.0,1.4736084,0.47360837,0.47360837
112,leukemia,0.0,0.22701243,0.22701243,0.22701243
112,lymphoma,0.0,0.4696049,0.4696049,0.4696049
112,solid_tumor_with_metastasis,0.0,-0.46456295,-0.46456295,-0.46456295
112,apache_3j_bodysystem,10.0,9.515944,-0.48405647,-0.048405647
112,apache_2_bodysystem,1.0,4.6769385,3.6769385,0.4085487
112,apache_3j_diagnosis_split0,97.0,137.42738,40.427383,0.36752164
113,age,47.0,32.964325,-14.035675,-0.1922695
113,bmi,41.289062,31.18586,-10.103203,-0.19073421
113,elective_surgery,0.0,-0.43543208,-0.43543208,-0.43543208
113,ethnicity,3.0,2.8092704,-0.19072962,-0.03178829
113,gender,1.0,0.63943243,-0.36056757,-0.18028378
113,height,160.0,148.95143,-11.048569,-0.1892202
113,hospital_admit_source,5.0,4.8652563,-0.13474369,-0.008982927
113,icu_admit_source,2.0,1.7331657,-0.26683426,-0.053366855
113,icu_stay_type,1.0,1.6346372,0.63463724,0.31731862
113,icu_type,8.0,10.842138,2.8421383,0.4060198
113,pre_icu_los_days,0.32569444,-15.526349,-15.852043,-0.23572543
113,readmission_status,0.0,0.0,0.0,0.0
113,weight,105.7,58.790665,-46.909332,-0.31824514
113,apache_2_diagnosis,113.0,143.15845,30.158447,0.14569297
113,apache_3j_diagnosis,501.01,-273.1882,-774.19824,-0.36865878
113,apache_post_operative,0.0,0.054304287,0.054304287,0.054304287
113,arf_apache,0.0,0.012015867,0.012015867,0.012015867
113,bun_apache,11.0,18.8784,7.878401,0.06405203
113,creatinine_apache,2.16,-0.12267062,-2.2826707,-0.2098043
113,gcs_eyes_apache,4.0,2.948596,-1.051404,-0.35046798
113,gcs_motor_apache,6.0,3.8316782,-2.1683218,-0.43366438
113,gcs_unable_apache,0.0,0.0,0.0,0.0
113,gcs_verbal_apache,5.0,6.66621,1.6662102,0.41655254
113,glucose_apache,106.0,137.94373,31.943726,0.057072945
113,heart_rate_apache,128.0,124.89623,-3.1037674,-0.020971417
113,hematocrit_apache,22.1,21.266634,-0.8333664,-0.023675188
113,intubated_apache,0.0,-0.4226455,-0.4226455,-0.4226455
113,map_apache,41.0,65.23922,24.23922,0.15149513
113,resprate_apache,32.0,13.452631,-18.547369,-0.331203
113,sodium_apache,140.0,151.5443,11.544296,0.28156823
113,temp_apache,36.7,39.588863,2.8888626,0.38011348
113,ventilated_apache,0.0,-0.19080909,-0.19080909,-0.19080909
113,wbc_apache,6.5,1.581723,-4.918277,-0.10953845
113,d1_diasbp_max,70.0,66.325905,-3.6740952,-0.030874759
113,d1_diasbp_min,33.0,48.96011,15.96011,0.20727414
113,d1_diasbp_noninvasive_max,70.0,61.462162,-8.537838,-0.07174654
113,d1_diasbp_noninvasive_min,33.0,-1.6213017,-34.6213,-0.44962728
113,d1_heartrate_max,134.0,189.41788,55.417877,0.4656964
113,d1_heartrate_min,100.0,37.350365,-62.649635,-0.43810934
113,d1_mbp_max,88.0,134.82693,46.826935,0.37763658
113,d1_mbp_min,47.0,35.841827,-11.158173,-0.1239797
113,d1_mbp_noninvasive_max,88.0,68.59742,-19.40258,-0.1603519
113,d1_mbp_noninvasive_min,47.0,20.766275,-26.233725,-0.29148585
113,d1_resprate_max,32.0,55.326305,23.326305,0.29905522
113,d1_resprate_min,16.0,12.3794985,-3.6205015,-0.050284743
113,d1_spo2_max,100.0,127.83004,27.83004,0.3198855
113,d1_spo2_min,89.0,57.99975,-31.000252,-0.3100025
113,d1_sysbp_max,131.0,143.99966,12.999664,0.09154695
113,d1_sysbp_min,69.0,66.81744,-2.1825638,-0.01834087
113,d1_sysbp_noninvasive_max,131.0,143.07812,12.078125,0.08505723
113,d1_sysbp_noninvasive_min,69.0,77.53602,8.536018,0.071749344
113,d1_temp_max,38.7,38.464325,-0.23567581,-0.049099088
113,d1_temp_min,36.7,36.950893,0.25089264,0.042445064
113,h1_diasbp_max,47.0,50.259933,3.2599335,0.03075409
113,h1_diasbp_min,34.0,57.008636,23.008636,0.25284213
113,h1_diasbp_noninvasive_max,47.0,3.6798935,-43.320107,-0.4048608
113,h1_diasbp_noninvasive_min,34.0,33.356773,-0.6432266,-0.006991595
113,h1_heartrate_max,134.0,85.89542,-48.104584,-0.40766597
113,h1_heartrate_min,117.0,68.64444,-48.35556,-0.44773668
113,h1_mbp_max,59.0,40.776787,-18.223213,-0.15709667
113,h1_mbp_min,49.0,44.44329,-4.5567093,-0.042987816
113,h1_mbp_noninvasive_max,59.0,95.0187,36.0187,0.31595352
113,h1_mbp_noninvasive_min,49.0,2.5430183,-46.45698,-0.4382734
113,h1_resprate_max,31.0,23.6884,-7.3115997,-0.14921632
113,h1_resprate_min,20.0,29.707207,9.707207,0.08226445
113,h1_spo2_max,98.0,103.09857,5.098572,0.056650817
113,h1_spo2_min,90.0,99.18516,9.185158,0.09185159
113,h1_sysbp_max,81.0,73.8727,-7.1272964,-0.048157405
113,h1_sysbp_min,72.0,39.55248,-32.44752,-0.23012426
113,h1_sysbp_noninvasive_max,81.0,89.47059,8.470589,0.057233706
113,h1_sysbp_noninvasive_min,72.0,123.4788,51.478798,0.36252677
113,h1_temp_max,37.8,35.357018,-2.4429817,-0.4004888
113,h1_temp_min,36.7,34.93901,-1.7609901,-0.2751547
113,d1_bun_max,11.0,15.846986,4.846986,0.039729394
113,d1_bun_min,11.0,11.568708,0.5687084,0.005165845
113,d1_calcium_max,7.8,6.069437,-1.7305632,-0.3762094
113,d1_calcium_min,7.7,6.75,-0.9499998,-0.19791663
113,d1_creatinine_max,2.16,2.0055175,-0.1544826,-0.014343783
113,d1_creatinine_min,1.52,-1.6973977,-3.2173977,-0.33382767
113,d1_glucose_max,156.0,94.033844,-61.966156,-0.11517873
113,d1_glucose_min,106.0,157.35602,51.356018,0.20139614
113,d1_hco3_max,23.0,36.00776,13.007759,0.46456283
113,d1_hco3_min,22.0,18.75188,-3.2481194,-0.10150373
113,d1_hemaglobin_max,12.3,7.36,-4.94,-0.475
113,d1_hemaglobin_min,7.0,10.871896,3.8718958,0.33964002
113,d1_hematocrit_max,37.9,25.314846,-12.5851555,-0.4046674
113,d1_hematocrit_min,22.1,22.912392,0.8123913,0.02396433
113,d1_platelets_max,355.0,431.22934,76.22934,0.1366117
113,d1_platelets_min,273.0,90.23537,-182.76463,-0.33914387
113,d1_potassium_max,4.3,2.8188202,-1.48118,-0.3526619
113,d1_potassium_min,3.9,4.716068,0.8160677,0.24001995
113,d1_sodium_max,140.0,130.24457,-9.755432,-0.27872664
113,d1_sodium_min,140.0,137.56735,-2.4326477,-0.06757355
113,d1_wbc_max,13.2,24.952665,11.7526655,0.26186863
113,d1_wbc_min,6.5,17.457678,10.957678,0.27395564
113,apache_4a_hospital_death_prob,0.07,-0.37169743,-0.44169742,-0.22307956
113,apache_4a_icu_death_prob,0.04,0.44350576,0.40350577,0.20482528
113,aids,0.0,0.10190071,0.10190071,0.10190071
113,cirrhosis,0.0,0.14301409,0.14301409,0.14301409
113,diabetes_mellitus,0.0,0.21144666,0.21144666,0.21144666
113,hepatic_failure,0.0,-0.40990496,-0.40990496,-0.40990496
113,immunosuppression,0.0,-0.051070902,-0.051070902,-0.051070902
113,leukemia,0.0,0.20081423,0.20081423,0.20081423
113,lymphoma,0.0,0.31161672,0.31161672,0.31161672
113,solid_tumor_with_metastasis,0.0,0.44978893,0.44978893,0.44978893
113,apache_3j_bodysystem,10.0,11.081913,1.081913,0.10819137
113,apache_2_bodysystem,1.0,-3.1810665,-4.1810665,-0.46456295
113,apache_3j_diagnosis_split0,97.0,143.58022,46.580215,0.42345655
114,age,65.0,73.17357,8.173569,0.11196667
114,bmi,48.608097,25.208485,-23.399612,-0.4417517
114,elective_surgery,0.0,-0.24198799,-0.24198799,-0.24198799
114,ethnicity,3.0,3.9825625,0.98256254,0.16376042
114,gender,2.0,1.3797687,-0.6202313,-0.31011564
114,height,190.5,183.67336,-6.826645,-0.11691463
114,hospital_admit_source,4.0,-0.2001859,-4.200186,-0.2800124
114,icu_admit_source,1.0,1.7232481,0.7232481,0.14464962
114,icu_stay_type,1.0,0.22163105,-0.77836895,-0.38918447
114,icu_type,8.0,10.879338,2.8793383,0.41133404
114,pre_icu_los_days,0.00625,-19.671001,-19.677252,-0.29260758
114,readmission_status,0.0,0.0,0.0,0.0
114,weight,176.4,107.77303,-68.62696,-0.46558318
114,apache_2_diagnosis,303.0,224.05417,-78.94583,-0.3813808
114,apache_3j_diagnosis,211.03,1054.1843,843.1543,0.4014944
114,apache_post_operative,0.0,-0.41428632,-0.41428632,-0.41428632
114,arf_apache,0.0,0.34977698,0.34977698,0.34977698
114,bun_apache,127.0,69.25966,-57.74034,-0.46943367
114,creatinine_apache,3.09,-0.04724267,-3.1372426,-0.2883495
114,gcs_eyes_apache,4.0,3.6317625,-0.3682375,-0.12274581
114,gcs_motor_apache,6.0,6.9936595,0.9936595,0.1987319
114,gcs_unable_apache,0.0,0.0,0.0,0.0
114,gcs_verbal_apache,5.0,3.3305588,-1.6694412,-0.4173603
114,glucose_apache,192.0,370.3756,178.37561,0.31869859
114,heart_rate_apache,49.0,81.01085,32.01085,0.21628954
114,hematocrit_apache,27.7,39.380043,11.680042,0.3318194
114,intubated_apache,0.0,-0.29639763,-0.29639763,-0.29639763
114,map_apache,57.0,-10.454807,-67.4548,-0.42159253
114,resprate_apache,54.0,68.483795,14.483795,0.25863916
114,sodium_apache,140.0,158.25894,18.258942,0.4453401
114,temp_apache,36.5,40.09851,3.5985107,0.47348827
114,ventilated_apache,0.0,-0.36415756,-0.36415756,-0.36415756
114,wbc_apache,13.7,-7.07166,-20.77166,-0.4626205
114,d1_diasbp_max,76.0,111.42877,35.428772,0.29772076
114,d1_diasbp_min,40.0,76.575,36.574997,0.47499996
114,d1_diasbp_noninvasive_max,76.0,22.3397,-53.6603,-0.4509269
114,d1_diasbp_noninvasive_min,40.0,45.856148,5.856148,0.07605386
114,d1_heartrate_max,74.0,119.245926,45.245926,0.38021785
114,d1_heartrate_min,51.0,31.212746,-19.787254,-0.1383724
114,d1_mbp_max,100.0,137.60876,37.608765,0.3032965
114,d1_mbp_min,57.0,86.371765,29.371765,0.32635295
114,d1_mbp_noninvasive_max,100.0,57.83635,-42.16365,-0.3484599
114,d1_mbp_noninvasive_min,57.0,19.97522,-37.02478,-0.41138646
114,d1_resprate_max,37.0,12.987689,-24.01231,-0.30785015
114,d1_resprate_min,17.0,49.171394,32.171394,0.4468249
114,d1_spo2_max,100.0,132.66168,32.661682,0.37542164
114,d1_spo2_min,91.0,58.492504,-32.507496,-0.32507497
114,d1_sysbp_max,150.0,87.141396,-62.858604,-0.44266623
114,d1_sysbp_min,82.0,26.54087,-55.45913,-0.4660431
114,d1_sysbp_noninvasive_max,150.0,216.69818,66.69818,0.4697055
114,d1_sysbp_noninvasive_min,82.0,31.52061,-50.47939,-0.42430353
114,d1_temp_max,37.1,35.63017,-1.4698296,-0.30621448
114,d1_temp_min,36.5,33.753967,-2.7460327,-0.46456313
114,h1_diasbp_max,64.0,111.22233,47.22233,0.44549364
114,h1_diasbp_min,47.0,17.253248,-29.746752,-0.3268874
114,h1_diasbp_noninvasive_max,64.0,46.87695,-17.12305,-0.1600285
114,h1_diasbp_noninvasive_min,47.0,76.34806,29.34806,0.31900066
114,h1_heartrate_max,67.0,36.93847,-30.061531,-0.25475875
114,h1_heartrate_min,61.0,25.470966,-35.529034,-0.32897252
114,h1_mbp_max,92.0,147.1,55.100006,0.47500005
114,h1_mbp_min,66.0,105.17932,39.17932,0.36961627
114,h1_mbp_noninvasive_max,92.0,43.25872,-48.74128,-0.42755508
114,h1_mbp_noninvasive_min,66.0,100.29725,34.29725,0.323559
114,h1_resprate_max,36.0,19.015789,-16.984211,-0.34661654
114,h1_resprate_min,24.0,53.981503,29.981503,0.25408053
114,h1_spo2_max,97.0,55.071625,-41.928375,-0.4658708
114,h1_spo2_min,96.0,48.98509,-47.01491,-0.4701491
114,h1_sysbp_max,120.0,65.5744,-54.4256,-0.3677405
114,h1_sysbp_min,91.0,153.71378,62.713776,0.44477856
114,h1_sysbp_noninvasive_max,120.0,81.71906,-38.280937,-0.25865498
114,h1_sysbp_noninvasive_min,91.0,146.02344,55.023438,0.387489
114,h1_temp_max,36.9,34.18501,-2.7149925,-0.44508076
114,h1_temp_min,36.9,35.997536,-0.9024658,-0.14101028
114,d1_bun_max,126.0,117.33955,-8.660454,-0.070987344
114,d1_bun_min,113.09,73.29844,-39.791557,-0.36144572
114,d1_calcium_max,8.7,6.515,-2.185,-0.47499996
114,d1_calcium_min,8.7,10.74999,2.0499907,0.42708135
114,d1_creatinine_max,3.09,0.0040334463,-3.0859666,-0.28653356
114,d1_creatinine_min,3.09,-1.426642,-4.5166416,-0.4686334
114,d1_glucose_max,192.0,37.368927,-154.63107,-0.28741837
114,d1_glucose_min,71.0,173.999,102.99899,0.4039176
114,d1_hco3_max,24.0,27.023603,3.0236034,0.107985824
114,d1_hco3_min,24.0,8.8,-15.2,-0.475
114,d1_hemaglobin_max,9.2,6.9768524,-2.2231474,-0.21376418
114,d1_hemaglobin_min,9.2,9.098936,-0.10106373,-0.008865237
114,d1_hematocrit_max,28.2,34.83955,6.6395493,0.21349034
114,d1_hematocrit_min,27.7,41.346718,13.646717,0.40255803
114,d1_platelets_max,376.0,636.0571,260.05713,0.46605223
114,d1_platelets_min,358.0,102.02249,-255.97751,-0.475
114,d1_potassium_max,5.1,7.0949993,1.9949994,0.47499985
114,d1_potassium_min,5.1,5.6990957,0.5990958,0.17620462
114,d1_sodium_max,140.0,156.625,16.625,0.475
114,d1_sodium_min,140.0,122.9,-17.099998,-0.47499996
114,d1_wbc_max,13.7,33.89381,20.19381,0.4499512
114,d1_wbc_min,13.5,24.63288,11.132879,0.2783359
114,apache_4a_hospital_death_prob,0.14,1.0169361,0.8769361,0.44289702
114,apache_4a_icu_death_prob,0.08,0.890854,0.810854,0.41160095
114,aids,0.0,-0.050956815,-0.050956815,-0.050956815
114,cirrhosis,0.0,-0.4325562,-0.4325562,-0.4325562
114,diabetes_mellitus,1.0,1.0993321,0.099332094,0.099332094
114,hepatic_failure,0.0,-0.3556354,-0.3556354,-0.3556354
114,immunosuppression,0.0,-0.019941762,-0.019941762,-0.019941762
114,leukemia,0.0,-0.36099386,-0.36099386,-0.36099386
114,lymphoma,0.0,0.14254329,0.14254329,0.14254329
114,solid_tumor_with_metastasis,0.0,-0.3108235,-0.3108235,-0.3108235
114,apache_3j_bodysystem,9.0,11.442214,2.442214,0.24422139
114,apache_2_bodysystem,7.0,3.6321285,-3.3678715,-0.37420797
114,apache_3j_diagnosis_split0,72.0,91.56364,19.563637,0.17785126
115,age,72.0,69.26738,-2.7326202,-0.037433147
115,bmi,23.639692,47.215626,23.575933,0.44508034
115,elective_surgery,0.0,0.42765325,0.42765325,0.42765325
115,ethnicity,3.0,2.111186,-0.888814,-0.14813568
115,gender,2.0,1.0562145,-0.94378555,-0.47189277
115,height,178.0,194.0843,16.084305,0.27546334
115,hospital_admit_source,3.0,0.12755787,-2.8724422,-0.19149615
115,icu_admit_source,1.0,3.0259297,2.0259297,0.40518594
115,icu_stay_type,1.0,0.5907888,-0.40921122,-0.20460561
115,icu_type,6.0,9.070265,3.0702648,0.43860924
115,pre_icu_los_days,0.001388889,18.564276,18.562887,0.27603662
115,readmission_status,0.0,0.0,0.0,0.0
115,weight,74.9,133.65326,58.753258,0.39859742
115,apache_2_diagnosis,115.0,68.38635,-46.613647,-0.2251867
115,apache_3j_diagnosis,101.01,840.0675,739.0575,0.35192543
115,apache_post_operative,0.0,-0.14235407,-0.14235407,-0.14235407
115,arf_apache,0.0,0.17064898,0.17064898,0.17064898
115,bun_apache,25.0,-26.37871,-51.378708,-0.4177131
115,creatinine_apache,1.15,-3.1988,-4.3488,-0.3997059
115,gcs_eyes_apache,3.0,3.9550562,0.9550562,0.31835204
115,gcs_motor_apache,4.0,6.3471684,2.3471684,0.46943367
115,gcs_unable_apache,0.0,0.0,0.0,0.0
115,gcs_verbal_apache,1.0,2.2703934,1.2703934,0.31759834
115,glucose_apache,131.0,219.82208,88.82208,0.15869586
115,heart_rate_apache,160.0,122.73984,-37.260162,-0.25175786
115,hematocrit_apache,35.0,28.929201,-6.070799,-0.17246586
115,intubated_apache,1.0,0.97280246,-0.02719754,-0.02719754
115,map_apache,40.0,-34.100235,-74.100235,-0.46312648
115,resprate_apache,34.0,39.556984,5.556984,0.0992319
115,sodium_apache,142.0,131.64638,-10.353622,-0.2525274
115,temp_apache,39.7,36.564335,-3.135666,-0.41258764
115,ventilated_apache,1.0,0.6230269,-0.3769731,-0.3769731
115,wbc_apache,11.1,-1.8540694,-12.95407,-0.28850934
115,d1_diasbp_max,73.0,53.361862,-19.638138,-0.16502637
115,d1_diasbp_min,27.0,62.93678,35.93678,0.4667114
115,d1_diasbp_noninvasive_max,73.0,73.72396,0.7239609,0.006083697
115,d1_diasbp_noninvasive_min,27.0,61.86721,34.86721,0.4528209
115,d1_heartrate_max,177.0,149.63695,-27.363052,-0.2299416
115,d1_heartrate_min,0.0,64.89113,64.89113,0.4537841
115,d1_mbp_max,89.0,87.26788,-1.7321167,-0.013968676
115,d1_mbp_min,34.0,52.252106,18.252106,0.20280115
115,d1_mbp_noninvasive_max,89.0,102.847244,13.847244,0.11444004
115,d1_mbp_noninvasive_min,34.0,69.369125,35.369125,0.3929903
115,d1_resprate_max,34.0,65.784874,31.784874,0.4074984
115,d1_resprate_min,10.0,-4.7729545,-14.772955,-0.20517993
115,d1_spo2_max,100.0,125.54208,25.542084,0.2935872
115,d1_spo2_min,52.0,90.34672,38.346718,0.3834672
115,d1_sysbp_max,116.0,87.42151,-28.578491,-0.20125698
115,d1_sysbp_min,42.0,90.84441,48.844414,0.41045725
115,d1_sysbp_noninvasive_max,116.0,150.44637,34.446365,0.24258006
115,d1_sysbp_noninvasive_min,42.0,98.51075,56.51075,0.475
115,d1_temp_max,39.9,37.64672,-2.2532806,-0.46943343
115,d1_temp_min,37.0,34.192276,-2.807724,-0.47499982
115,h1_diasbp_max,56.0,14.091246,-41.908752,-0.3953656
115,h1_diasbp_min,27.0,17.242638,-9.757362,-0.107223764
115,h1_diasbp_noninvasive_max,56.0,30.924423,-25.075577,-0.23435119
115,h1_diasbp_noninvasive_min,27.0,16.976288,-10.023712,-0.10895339
115,h1_heartrate_max,164.0,169.52771,5.52771,0.04684496
115,h1_heartrate_min,103.0,53.58751,-49.41249,-0.45752308
115,h1_mbp_max,63.0,43.100082,-19.899918,-0.17155102
115,h1_mbp_min,34.0,84.05498,50.054977,0.47221678
115,h1_mbp_noninvasive_max,63.0,113.73916,50.73916,0.44508034
115,h1_mbp_noninvasive_min,34.0,15.30415,-18.69585,-0.17637594
115,h1_resprate_max,32.0,10.6001835,-21.399817,-0.43673095
115,h1_resprate_min,10.0,-28.139906,-38.139908,-0.32321954
115,h1_spo2_max,100.0,85.334564,-14.665436,-0.16294926
115,h1_spo2_min,86.0,62.69329,-23.30671,-0.2330671
115,h1_sysbp_max,84.0,36.040756,-47.959244,-0.32404894
115,h1_sysbp_min,53.0,-9.814056,-62.814056,-0.44548976
115,h1_sysbp_noninvasive_max,84.0,17.477684,-66.522316,-0.4494751
115,h1_sysbp_noninvasive_min,53.0,10.396637,-42.603363,-0.30002367
115,h1_temp_max,37.7,39.523197,1.8231964,0.29888463
115,h1_temp_min,37.0,39.157406,2.1574059,0.33709466
115,d1_bun_max,25.0,-31.593437,-56.593437,-0.46388063
115,d1_bun_min,25.0,32.082558,7.0825577,0.06433426
115,d1_calcium_max,7.2,9.359394,2.1593943,0.46943355
115,d1_calcium_min,7.2,8.726409,1.5264091,0.31800187
115,d1_creatinine_max,1.15,-2.9705756,-4.1205754,-0.3825975
115,d1_creatinine_min,1.15,-2.6843581,-3.8343582,-0.39784163
115,d1_glucose_max,131.0,308.10815,177.10815,0.32919732
115,d1_glucose_min,120.0,33.02057,-86.97943,-0.3410958
115,d1_hco3_max,25.0,11.7,-13.3,-0.475
115,d1_hco3_min,25.0,38.248203,13.248203,0.41400635
115,d1_hemaglobin_max,11.5,11.804813,0.30481339,0.029308975
115,d1_hemaglobin_min,11.5,6.2614784,-5.2385216,-0.45951945
115,d1_hematocrit_max,35.0,43.543175,8.543175,0.27470016
115,d1_hematocrit_min,35.0,26.515617,-8.484383,-0.25027674
115,d1_platelets_max,208.0,204.02039,-3.9796143,-0.007131934
115,d1_platelets_min,208.0,145.27634,-62.723663,-0.116392
115,d1_potassium_max,3.7,3.493925,-0.20607495,-0.04906547
115,d1_potassium_min,3.5,2.595549,-0.9044509,-0.26601493
115,d1_sodium_max,142.0,145.49352,3.493515,0.09981471
115,d1_sodium_min,142.0,126.582855,-15.417145,-0.428254
115,d1_wbc_max,11.1,-9.84327,-20.943272,-0.4666504
115,d1_wbc_min,11.1,22.01362,10.91362,0.27285415
115,apache_4a_hospital_death_prob,0.61,-0.3186059,-0.9286059,-0.4689929
115,apache_4a_icu_death_prob,0.56,0.8799815,0.31998152,0.16242725
115,aids,0.0,-0.2786888,-0.2786888,-0.2786888
115,cirrhosis,0.0,-0.41784805,-0.41784805,-0.41784805
115,diabetes_mellitus,0.0,-0.36937386,-0.36937386,-0.36937386
115,hepatic_failure,0.0,-0.42258555,-0.42258555,-0.42258555
115,immunosuppression,0.0,0.06368205,0.06368205,0.06368205
115,leukemia,0.0,-0.3921489,-0.3921489,-0.3921489
115,lymphoma,0.0,0.048215136,0.048215136,0.048215136
115,solid_tumor_with_metastasis,0.0,0.44651252,0.44651252,0.44651252
115,apache_3j_bodysystem,1.0,-0.31606102,-1.316061,-0.1316061
115,apache_2_bodysystem,1.0,-3.0057197,-4.0057197,-0.44507995
115,apache_3j_diagnosis_split0,2.0,-15.699642,-17.699642,-0.16090584
116,age,54.0,32.95703,-21.042969,-0.28825983
116,bmi,26.08512,42.229263,16.144144,0.3047787
116,elective_surgery,0.0,-0.31033307,-0.31033307,-0.31033307
116,ethnicity,3.0,1.741175,-1.258825,-0.20980418
116,gender,2.0,1.5752065,-0.42479348,-0.21239674
116,height,195.59,217.9035,22.313507,0.382146
116,hospital_admit_source,5.0,11.968444,6.968444,0.46456292
116,icu_admit_source,2.0,4.22813,2.2281299,0.44562596
116,icu_stay_type,1.0,1.8231728,0.8231728,0.4115864
116,icu_type,6.0,3.147449,-2.852551,-0.4075073
116,pre_icu_los_days,0.0,-20.174763,-20.174763,-0.30000576
116,readmission_status,0.0,0.0,0.0,0.0
116,weight,99.8,90.28411,-9.515892,-0.0645583
116,apache_2_diagnosis,118.0,20.827248,-97.17275,-0.46943358
116,apache_3j_diagnosis,605.01,1500.8527,895.84265,0.4265836
116,apache_post_operative,0.0,-0.42870522,-0.42870522,-0.42870522
116,arf_apache,0.0,0.4475593,0.4475593,0.4475593
116,bun_apache,12.0,-13.515753,-25.515753,-0.20744514
116,creatinine_apache,0.78,2.2242527,1.4442527,0.13274382
116,gcs_eyes_apache,4.0,2.5749998,-1.4250002,-0.47500008
116,gcs_motor_apache,1.0,-1.0978162,-2.0978162,-0.41956323
116,gcs_unable_apache,0.0,0.0,0.0,0.0
116,gcs_verbal_apache,5.0,4.8388605,-0.16113949,-0.040284872
116,glucose_apache,135.0,163.2132,28.213196,0.050407708
116,heart_rate_apache,102.0,54.547638,-47.452362,-0.32062408
116,hematocrit_apache,37.8,21.08,-16.72,-0.47499996
116,intubated_apache,0.0,-0.4099391,-0.4099391,-0.4099391
116,map_apache,74.0,135.05472,61.054718,0.381592
116,resprate_apache,31.0,46.629322,15.629322,0.27909505
116,sodium_apache,137.0,130.48697,-6.513031,-0.15885442
116,temp_apache,36.4,39.35895,2.95895,0.3893355
116,ventilated_apache,0.0,0.16409197,0.16409197,0.16409197
116,wbc_apache,8.5,-4.427976,-12.927977,-0.2879282
116,d1_diasbp_max,101.0,122.54058,21.54058,0.18101326
116,d1_diasbp_min,59.0,26.803326,-32.196674,-0.41813862
116,d1_diasbp_noninvasive_max,101.0,84.47717,-16.522827,-0.13884729
116,d1_diasbp_noninvasive_min,59.0,22.826824,-36.173176,-0.46978146
116,d1_heartrate_max,102.0,62.293095,-39.706905,-0.33367148
116,d1_heartrate_min,58.0,70.63208,12.63208,0.08833623
116,d1_mbp_max,132.0,132.16385,0.16384888,0.0013213754
116,d1_mbp_min,71.0,49.024372,-21.975628,-0.24417365
116,d1_mbp_noninvasive_max,132.0,118.86716,-13.132843,-0.108535916
116,d1_mbp_noninvasive_min,71.0,43.307556,-27.692444,-0.30769384
116,d1_resprate_max,31.0,-3.4735355,-34.473534,-0.4419684
116,d1_resprate_min,11.0,-1.0377134,-12.037713,-0.16719046
116,d1_spo2_max,98.0,94.675735,-3.3242645,-0.038209915
116,d1_spo2_min,92.0,106.26762,14.267616,0.14267617
116,d1_sysbp_max,184.0,226.30783,42.30783,0.29794252
116,d1_sysbp_min,93.0,85.53909,-7.460907,-0.062696695
116,d1_sysbp_noninvasive_max,184.0,175.18076,-8.819244,-0.062107325
116,d1_sysbp_noninvasive_min,93.0,63.70025,-29.299751,-0.24627848
116,d1_temp_max,37.2,38.7465,1.5464973,0.32218692
116,d1_temp_min,36.4,39.207726,2.807724,0.47499985
116,h1_diasbp_max,76.0,98.81838,22.818382,0.21526775
116,h1_diasbp_min,69.0,48.395607,-20.604393,-0.22642192
116,h1_diasbp_noninvasive_max,76.0,106.177444,30.177444,0.2820322
116,h1_diasbp_noninvasive_min,69.0,51.08577,-17.91423,-0.19471988
116,h1_heartrate_max,98.0,118.06904,20.069038,0.17007658
116,h1_heartrate_min,73.0,70.15637,-2.843628,-0.026329905
116,h1_mbp_max,92.0,55.069817,-36.930183,-0.31836367
116,h1_mbp_min,84.0,45.499756,-38.500244,-0.36320984
116,h1_mbp_noninvasive_max,92.0,81.730156,-10.269844,-0.09008634
116,h1_mbp_noninvasive_min,84.0,122.3193,38.319298,0.3615028
116,h1_resprate_max,23.0,41.56269,18.56269,0.37883043
116,h1_resprate_min,17.0,-8.963199,-25.9632,-0.2200271
116,h1_spo2_max,98.0,65.244095,-32.755905,-0.36395448
116,h1_spo2_min,92.0,71.90507,-20.094933,-0.20094937
116,h1_sysbp_max,119.0,52.09829,-66.90171,-0.4520386
116,h1_sysbp_min,108.0,148.53616,40.536163,0.28749055
116,h1_sysbp_noninvasive_max,119.0,142.68124,23.681244,0.1600084
116,h1_sysbp_noninvasive_min,108.0,117.425186,9.425186,0.06637454
116,h1_temp_max,36.8,37.543446,0.74344635,0.12187648
116,h1_temp_min,36.4,33.524105,-2.8758965,-0.44935882
116,d1_bun_max,12.0,33.926483,21.926483,0.17972527
116,d1_bun_min,10.0,19.653011,9.653011,0.08768292
116,d1_calcium_max,7.8,7.054976,-0.7450242,-0.1619618
116,d1_calcium_min,7.8,9.428705,1.628705,0.3393135
116,d1_creatinine_max,0.84,5.5325685,4.6925683,0.43570733
116,d1_creatinine_min,0.78,1.1681266,0.3881266,0.040270865
116,d1_glucose_max,147.0,205.00172,58.001724,0.1078099
116,d1_glucose_min,125.0,163.81407,38.81407,0.15221205
116,d1_hco3_max,27.0,34.476116,7.476116,0.2670042
116,d1_hco3_min,23.0,21.18208,-1.8179207,-0.05681002
116,d1_hemaglobin_max,13.6,17.132278,3.532278,0.3396421
116,d1_hemaglobin_min,13.3,13.451727,0.15172672,0.01330936
116,d1_hematocrit_max,38.4,38.366096,-0.03390503,-0.0010902286
116,d1_hematocrit_min,37.8,34.41192,-3.3880806,-0.0999434
116,d1_platelets_max,299.0,90.039764,-208.96024,-0.3744807
116,d1_platelets_min,271.0,33.36588,-237.63412,-0.44096142
116,d1_potassium_max,4.3,3.2287548,-1.0712454,-0.25505844
116,d1_potassium_min,4.0,4.862508,0.8625078,0.25367874
116,d1_sodium_max,137.0,134.60431,-2.395691,-0.068448305
116,d1_sodium_min,137.0,127.258934,-9.741066,-0.27058518
116,d1_wbc_max,12.1,-3.1353958,-15.235396,-0.3394696
116,d1_wbc_min,8.5,15.09135,6.5913496,0.16479199
116,apache_4a_hospital_death_prob,0.02,0.70211875,0.6821188,0.34450442
116,apache_4a_icu_death_prob,0.01,0.5470654,0.5370654,0.272622
116,aids,0.0,0.32787228,0.32787228,0.32787228
116,cirrhosis,0.0,-0.38786924,-0.38786924,-0.38786924
116,diabetes_mellitus,0.0,-0.12096824,-0.12096824,-0.12096824
116,hepatic_failure,0.0,0.28678834,0.28678834,0.28678834
116,immunosuppression,0.0,-0.120315894,-0.120315894,-0.120315894
116,leukemia,0.0,-0.107770875,-0.107770875,-0.107770875
116,lymphoma,0.0,-0.20903665,-0.20903665,-0.20903665
116,solid_tumor_with_metastasis,0.0,0.40594757,0.40594757,0.40594757
116,apache_3j_bodysystem,11.0,12.8022175,1.8022175,0.1802218
116,apache_2_bodysystem,8.0,5.1428113,-2.8571887,-0.31746542
116,apache_3j_diagnosis_split0,103.0,59.25622,-43.74378,-0.39767075
117,age,46.0,71.8761,25.876099,0.35446706
117,bmi,30.881784,52.468678,21.586893,0.4075301
117,elective_surgery,0.0,-0.215016,-0.215016,-0.215016
117,ethnicity,1.0,-0.04572344,-1.0457234,-0.17428724
117,gender,2.0,1.210646,-0.78935397,-0.39467698
117,height,175.3,157.96646,-17.333542,-0.29685804
117,hospital_admit_source,5.0,3.2425773,-1.7574227,-0.11716153
117,icu_admit_source,2.0,1.6352901,-0.36470985,-0.072941974
117,icu_stay_type,1.0,0.790761,-0.209239,-0.1046195
117,icu_type,1.0,-2.1642702,-3.1642702,-0.4520386
117,pre_icu_los_days,1.2041667,5.2174997,4.0133333,0.059679665
117,readmission_status,0.0,0.0,0.0,0.0
117,weight,94.9,36.871105,-58.028896,-0.39368317
117,apache_2_diagnosis,302.0,378.66678,76.66678,0.37037086
117,apache_3j_diagnosis,105.02,-736.14954,-841.16956,-0.4005493
117,apache_post_operative,0.0,-0.475,-0.475,-0.475
117,arf_apache,0.0,0.46317142,0.46317142,0.46317142
117,bun_apache,5.0,-19.777575,-24.777575,-0.2014437
117,creatinine_apache,1.03,5.5183296,4.48833,0.41253027
117,gcs_eyes_apache,4.0,2.5916991,-1.4083009,-0.4694336
117,gcs_motor_apache,6.0,4.145982,-1.8540182,-0.37080365
117,gcs_unable_apache,0.0,0.0,0.0,0.0
117,gcs_verbal_apache,5.0,3.1211734,-1.8788266,-0.46970665
117,glucose_apache,212.0,379.98926,167.98926,0.3001416
117,heart_rate_apache,133.0,96.96759,-36.03241,-0.2434622
117,hematocrit_apache,38.0,49.82663,11.82663,0.3359838
117,intubated_apache,0.0,0.44229746,0.44229746,0.44229746
117,map_apache,139.0,167.59439,28.59439,0.17871499
117,resprate_apache,35.0,11.836741,-23.163258,-0.4136296
117,sodium_apache,133.0,117.64579,-15.35421,-0.3744929
117,temp_apache,36.3,35.21439,-1.0856094,-0.14284334
117,ventilated_apache,0.0,0.46282357,0.46282357,0.46282357
117,wbc_apache,10.1,21.248909,11.148909,0.24830529
117,d1_diasbp_max,102.0,157.45657,55.456573,0.46602163
117,d1_diasbp_min,69.0,101.24242,32.242416,0.41873264
117,d1_diasbp_noninvasive_max,102.0,50.639084,-51.360916,-0.43160433
117,d1_diasbp_noninvasive_min,69.0,36.367203,-32.632797,-0.42380258
117,d1_heartrate_max,120.0,174.7034,54.7034,0.45969242
117,d1_heartrate_min,70.0,128.53313,58.533127,0.40932256
117,d1_mbp_max,135.0,77.78245,-57.217552,-0.4614319
117,d1_mbp_min,90.0,116.9279,26.927902,0.29919893
117,d1_mbp_noninvasive_max,135.0,173.34662,38.34662,0.3169142
117,d1_mbp_noninvasive_min,90.0,64.89076,-25.109238,-0.27899155
117,d1_resprate_max,29.0,23.32876,-5.67124,-0.072708204
117,d1_resprate_min,9.0,37.00613,28.00613,0.388974
117,d1_spo2_max,100.0,132.7875,32.787506,0.3768679
117,d1_spo2_min,91.0,64.54013,-26.45987,-0.26459873
117,d1_sysbp_max,210.0,165.26547,-44.734528,-0.3150319
117,d1_sysbp_min,115.0,156.93549,41.935486,0.352399
117,d1_sysbp_noninvasive_max,210.0,238.46815,28.468155,0.20047992
117,d1_sysbp_noninvasive_min,115.0,132.5062,17.506195,0.14714795
117,d1_temp_max,36.7,34.423588,-2.276413,-0.47425267
117,d1_temp_min,36.3,33.56402,-2.735981,-0.46286264
117,h1_diasbp_max,97.0,122.16414,25.164139,0.23739755
117,h1_diasbp_min,78.0,101.48589,23.485893,0.25808674
117,h1_diasbp_noninvasive_max,97.0,48.631874,-48.368126,-0.4520386
117,h1_diasbp_noninvasive_min,78.0,107.02264,29.022636,0.31546348
117,h1_heartrate_max,85.0,100.81018,15.810181,0.1339846
117,h1_heartrate_min,70.0,67.579254,-2.4207458,-0.022414297
117,h1_mbp_max,113.0,59.675682,-53.324318,-0.4596924
117,h1_mbp_min,90.0,43.116478,-46.883522,-0.44229737
117,h1_mbp_noninvasive_max,113.0,144.96625,31.966248,0.2804057
117,h1_mbp_noninvasive_min,90.0,78.422485,-11.577515,-0.109221816
117,h1_resprate_max,19.0,15.527433,-3.4725666,-0.07086871
117,h1_resprate_min,12.0,-25.261799,-37.2618,-0.31577796
117,h1_spo2_max,100.0,66.401184,-33.598816,-0.37332016
117,h1_spo2_min,93.0,128.37875,35.378754,0.35378748
117,h1_sysbp_max,141.0,78.58176,-62.418243,-0.42174488
117,h1_sysbp_min,115.0,48.025,-66.975,-0.475
117,h1_sysbp_noninvasive_max,141.0,116.657906,-24.342094,-0.16447362
117,h1_sysbp_noninvasive_min,115.0,178.87369,63.873688,0.4498147
117,h1_temp_max,36.3,36.21178,-0.08821869,-0.014462084
117,h1_temp_min,36.3,37.631454,1.3314552,0.20803988
117,d1_bun_max,5.0,15.609162,10.609162,0.08696035
117,d1_bun_min,5.0,33.41465,28.41465,0.25810382
117,d1_calcium_max,8.9,10.297201,1.3972015,0.3037395
117,d1_calcium_min,8.9,10.837549,1.9375496,0.40365613
117,d1_creatinine_max,1.03,-2.1752949,-3.2052948,-0.29761323
117,d1_creatinine_min,1.03,-3.4407055,-4.4707055,-0.46386716
117,d1_glucose_max,212.0,298.47202,86.472015,0.16072863
117,d1_glucose_min,105.0,3.7444305,-101.25557,-0.39708066
117,d1_hco3_max,25.0,13.161072,-11.838928,-0.42281884
117,d1_hco3_min,25.0,10.289844,-14.710156,-0.4596924
117,d1_hemaglobin_max,12.8,8.33005,-4.4699497,-0.42980283
117,d1_hemaglobin_min,12.8,9.58198,-3.2180204,-0.28228247
117,d1_hematocrit_max,38.0,26.281113,-11.718887,-0.3768131
117,d1_hematocrit_min,38.0,25.666897,-12.333103,-0.36380836
117,d1_platelets_max,282.0,534.83795,252.83795,0.4531146
117,d1_platelets_min,282.0,441.87952,159.87952,0.29667753
117,d1_potassium_max,3.6,5.2180147,1.6180148,0.38524163
117,d1_potassium_min,3.6,3.594917,-0.0050828457,-0.0014949441
117,d1_sodium_max,133.0,141.94177,8.941772,0.2554792
117,d1_sodium_min,133.0,116.45107,-16.548927,-0.45969242
117,d1_wbc_max,10.1,-0.22374785,-10.323749,-0.23003004
117,d1_wbc_min,10.1,25.199274,15.099274,0.3775007
117,apache_4a_hospital_death_prob,0.03,0.8918638,0.86186385,0.4352848
117,apache_4a_icu_death_prob,0.01,0.32441485,0.31441486,0.15960145
117,aids,0.0,0.013280742,0.013280742,0.013280742
117,cirrhosis,0.0,-0.30907547,-0.30907547,-0.30907547
117,diabetes_mellitus,1.0,1.4177935,0.4177935,0.4177935
117,hepatic_failure,0.0,-0.13235237,-0.13235237,-0.13235237
117,immunosuppression,0.0,0.47499996,0.47499996,0.47499996
117,leukemia,0.0,0.031241003,0.031241003,0.031241003
117,lymphoma,0.0,0.475,0.475,0.475
117,solid_tumor_with_metastasis,0.0,0.40554684,0.40554684,0.40554684
117,apache_3j_bodysystem,1.0,-0.2868576,-1.2868576,-0.12868576
117,apache_2_bodysystem,1.0,-2.4765189,-3.4765189,-0.38627988
117,apache_3j_diagnosis_split0,6.0,-9.577749,-15.577749,-0.1416159
118,age,80.0,92.30364,12.303642,0.1685431
118,bmi,26.878122,12.221077,-14.657045,-0.27670434
118,elective_surgery,0.0,-0.3098688,-0.3098688,-0.3098688
118,ethnicity,3.0,4.010811,1.0108109,0.16846845
118,gender,2.0,1.5076456,-0.4923544,-0.2461772
118,height,167.6,164.00961,-3.590393,-0.06148988
118,hospital_admit_source,4.0,-3.1249995,-7.1249995,-0.47499996
118,icu_admit_source,1.0,0.035259724,-0.9647403,-0.19294806
118,icu_stay_type,1.0,1.1351693,0.13516927,0.067584634
118,icu_type,7.0,4.4894705,-2.5105295,-0.35864708
118,pre_icu_los_days,0.004861111,6.564487,6.559626,0.097543925
118,readmission_status,0.0,0.0,0.0,0.0
118,weight,75.5,51.98253,-23.517471,-0.15954867
118,apache_2_diagnosis,301.0,205.14658,-95.853424,-0.46306002
118,apache_3j_diagnosis,403.01,-562.3623,-965.3723,-0.45969233
118,apache_post_operative,0.0,0.14280799,0.14280799,0.14280799
118,arf_apache,1.0,1.2558506,0.25585055,0.25585055
118,bun_apache,21.0,49.37525,28.375252,0.23069309
118,creatinine_apache,4.36,6.0269794,1.6669793,0.15321502
118,gcs_eyes_apache,4.0,4.0452385,0.045238495,0.015079498
118,gcs_motor_apache,6.0,3.9064898,-2.0935102,-0.418702
118,gcs_unable_apache,0.0,0.0,0.0,0.0
118,gcs_verbal_apache,3.0,2.0095484,-0.9904516,-0.2476129
118,glucose_apache,89.0,50.03498,-38.96502,-0.06961769
118,heart_rate_apache,89.0,79.43461,-9.565392,-0.064631015
118,hematocrit_apache,33.8,21.278065,-12.5219345,-0.35573676
118,intubated_apache,0.0,-0.16051655,-0.16051655,-0.16051655
118,map_apache,125.0,186.11955,61.119553,0.38199723
118,resprate_apache,10.0,10.810683,0.81068325,0.014476486
118,sodium_apache,139.0,122.427704,-16.572296,-0.40420237
118,temp_apache,36.7,35.761517,-0.9384842,-0.12348476
118,ventilated_apache,0.0,-0.25955397,-0.25955397,-0.25955397
118,wbc_apache,6.7,-1.5167688,-8.216768,-0.18300152
118,d1_diasbp_max,84.0,88.545135,4.5451355,0.038194418
118,d1_diasbp_min,58.0,71.21002,13.210022,0.17155874
118,d1_diasbp_noninvasive_max,84.0,32.40162,-51.59838,-0.43359986
118,d1_diasbp_noninvasive_min,58.0,54.705357,-3.2946434,-0.042787552
118,d1_heartrate_max,92.0,64.00376,-27.996239,-0.23526253
118,d1_heartrate_min,70.0,105.00296,35.00296,0.24477595
118,d1_mbp_max,126.0,145.29623,19.296234,0.15561473
118,d1_mbp_min,83.0,96.889626,13.889626,0.15432918
118,d1_mbp_noninvasive_max,126.0,103.95125,-22.048752,-0.18222111
118,d1_mbp_noninvasive_min,83.0,44.383057,-38.616943,-0.42907715
118,d1_resprate_max,34.0,65.91519,31.915192,0.4091691
118,d1_resprate_min,10.0,25.695751,15.695751,0.21799654
118,d1_spo2_max,100.0,71.04419,-28.95581,-0.33282542
118,d1_spo2_min,83.0,69.26761,-13.732391,-0.13732392
118,d1_sysbp_max,191.0,198.37384,7.3738403,0.05192846
118,d1_sysbp_min,127.0,165.71161,38.71161,0.32530767
118,d1_sysbp_noninvasive_max,191.0,196.05942,5.0594177,0.03562969
118,d1_sysbp_noninvasive_min,127.0,150.29626,23.296265,0.19581628
118,d1_temp_max,37.3,36.741016,-0.55898285,-0.11645475
118,d1_temp_min,36.7,36.593826,-0.10617447,-0.017962158
118,h1_diasbp_max,84.0,58.91312,-25.08688,-0.23666869
118,h1_diasbp_min,65.0,108.225,43.225,0.475
118,h1_diasbp_noninvasive_max,84.0,44.149487,-39.850513,-0.3724347
118,h1_diasbp_noninvasive_min,65.0,99.44083,34.440826,0.3743568
118,h1_heartrate_max,86.0,92.374664,6.3746643,0.05402258
118,h1_heartrate_min,72.0,118.0501,46.050102,0.42638984
118,h1_mbp_max,125.0,122.73248,-2.267517,-0.019547582
118,h1_mbp_min,98.0,72.294365,-25.705635,-0.242506
118,h1_mbp_noninvasive_max,125.0,126.1019,1.1018982,0.009665728
118,h1_mbp_noninvasive_min,98.0,79.666405,-18.333595,-0.17295843
118,h1_resprate_max,21.0,6.9484057,-14.051594,-0.2867672
118,h1_resprate_min,10.0,13.925348,3.9253483,0.033265658
118,h1_spo2_max,99.0,120.04097,21.04097,0.23378861
118,h1_spo2_min,96.0,105.222916,9.222916,0.09222919
118,h1_sysbp_max,162.0,194.16388,32.16388,0.21732354
118,h1_sysbp_min,146.0,191.72704,45.727036,0.32430524
118,h1_sysbp_noninvasive_max,162.0,97.82722,-64.17278,-0.43359986
118,h1_sysbp_noninvasive_min,146.0,200.12161,54.121613,0.38113815
118,h1_temp_max,36.7,35.596718,-1.1032829,-0.18086606
118,h1_temp_min,36.7,38.634735,1.9347343,0.30230224
118,d1_bun_max,21.0,38.757626,17.757626,0.14555432
118,d1_bun_min,21.0,-1.9321594,-22.93216,-0.20830375
118,d1_calcium_max,8.6,6.9131145,-1.6868858,-0.3667143
118,d1_calcium_min,8.6,8.501029,-0.09897137,-0.020619035
118,d1_creatinine_max,4.36,4.979981,0.6199808,0.05756554
118,d1_creatinine_min,4.36,6.2725754,1.9125752,0.19844317
118,d1_glucose_max,94.0,89.63995,-4.3600464,-0.008104175
118,d1_glucose_min,89.0,205.68927,116.68927,0.457605
118,d1_hco3_max,31.0,30.869696,-0.13030434,-0.0046536922
118,d1_hco3_min,31.0,21.287388,-9.712612,-0.30351913
118,d1_hemaglobin_max,11.0,15.624865,4.6248646,0.4446985
118,d1_hemaglobin_min,11.0,8.846875,-2.1531248,-0.18887061
118,d1_hematocrit_max,33.8,19.35209,-14.447908,-0.46456295
118,d1_hematocrit_min,33.8,39.598602,5.798603,0.17105025
118,d1_platelets_max,196.0,461.05,265.05,0.475
118,d1_platelets_min,196.0,329.70386,133.70386,0.24810514
118,d1_potassium_max,3.5,3.4547598,-0.045240164,-0.010771468
118,d1_potassium_min,3.5,4.9521275,1.4521275,0.4270963
118,d1_sodium_max,139.0,150.47514,11.475143,0.32786122
118,d1_sodium_min,139.0,124.99216,-14.007843,-0.38910675
118,d1_wbc_max,6.7,8.1350155,1.4350157,0.031974502
118,d1_wbc_min,6.7,25.699049,18.99905,0.47499996
118,apache_4a_hospital_death_prob,0.18,0.17472792,-0.0052720904,-0.0026626587
118,apache_4a_icu_death_prob,0.07,0.16476607,0.09476607,0.048104584
118,aids,0.0,-0.12056209,-0.12056209,-0.12056209
118,cirrhosis,0.0,-0.17998664,-0.17998664,-0.17998664
118,diabetes_mellitus,0.0,-0.015115365,-0.015115365,-0.015115365
118,hepatic_failure,0.0,0.22005248,0.22005248,0.22005248
118,immunosuppression,0.0,-0.24414779,-0.24414779,-0.24414779
118,leukemia,0.0,0.031887926,0.031887926,0.031887926
118,lymphoma,0.0,-0.1628222,-0.1628222,-0.1628222
118,solid_tumor_with_metastasis,0.0,0.19607954,0.19607954,0.19607954
118,apache_3j_bodysystem,8.0,10.941589,2.9415894,0.29415894
118,apache_2_bodysystem,5.0,1.019084,-3.980916,-0.442324
118,apache_3j_diagnosis_split0,89.0,136.18317,47.183167,0.42893785
119,age,87.0,111.35696,24.356956,0.3336569
119,bmi,30.792336,14.776297,-16.016039,-0.3023602
119,elective_surgery,0.0,0.2365365,0.2365365,0.2365365
119,ethnicity,3.0,4.708236,1.7082362,0.28470603
119,gender,2.0,2.2492971,0.24929714,0.12464857
119,height,180.3,161.0233,-19.276703,-0.33013707
119,hospital_admit_source,16.0,16.506891,0.50689125,0.033792734
119,icu_admit_source,1.0,0.55626297,-0.44373703,-0.088747405
119,icu_stay_type,1.0,0.070874035,-0.92912596,-0.46456298
119,icu_type,6.0,7.270876,1.2708759,0.18155366
119,pre_icu_los_days,0.000694444,-27.673933,-27.674627,-0.41153136
119,readmission_status,0.0,0.0,0.0,0.0
119,weight,100.1,40.177315,-59.922684,-0.40653113
119,apache_2_diagnosis,112.0,147.5887,35.5887,0.17192608
119,apache_3j_diagnosis,107.01,1067.9987,960.98865,0.45760491
119,apache_post_operative,0.0,-0.2907558,-0.2907558,-0.2907558
119,arf_apache,0.0,0.432652,0.432652,0.432652
119,bun_apache,19.0,-2.3614569,-21.361458,-0.17367038
119,creatinine_apache,2.4,6.7336335,4.3336334,0.39831188
119,gcs_eyes_apache,4.0,3.4199176,-0.5800824,-0.1933608
119,gcs_motor_apache,6.0,7.9230747,1.9230747,0.38461494
119,gcs_unable_apache,0.0,0.0,0.0,0.0
119,gcs_verbal_apache,5.0,4.327096,-0.672904,-0.168226
119,glucose_apache,354.0,332.0727,-21.927307,-0.03917688
119,heart_rate_apache,127.0,66.290634,-60.709366,-0.41019842
119,hematocrit_apache,35.3,29.586779,-5.7132206,-0.16230738
119,intubated_apache,0.0,0.1851917,0.1851917,0.1851917
119,map_apache,133.0,117.11468,-15.885323,-0.09928328
119,resprate_apache,37.0,35.663986,-1.3360138,-0.023857415
119,sodium_apache,125.0,129.13869,4.138687,0.100943595
119,temp_apache,35.8,39.08815,3.2881508,0.4326514
119,ventilated_apache,0.0,-0.006977262,-0.006977262,-0.006977262
119,wbc_apache,16.4,4.407929,-11.992071,-0.26708397
119,d1_diasbp_max,105.0,120.26448,15.264481,0.12827292
119,d1_diasbp_min,53.0,32.732758,-20.267242,-0.26321095
119,d1_diasbp_noninvasive_max,105.0,67.05671,-37.94329,-0.31885117
119,d1_diasbp_noninvasive_min,53.0,38.084595,-14.915405,-0.19370657
119,d1_heartrate_max,124.0,171.61966,47.61966,0.4001652
119,d1_heartrate_min,68.0,100.9019,32.9019,0.23008323
119,d1_mbp_max,139.0,129.97186,-9.028137,-0.07280755
119,d1_mbp_min,66.0,41.53738,-24.46262,-0.2718069
119,d1_mbp_noninvasive_max,139.0,154.31573,15.315735,0.1265763
119,d1_mbp_noninvasive_min,66.0,65.691605,-0.3083954,-0.0034266114
119,d1_resprate_max,38.0,23.496956,-14.503044,-0.18593648
119,d1_resprate_min,14.0,14.746941,0.7469406,0.0103741735
119,d1_spo2_max,100.0,110.408936,10.408936,0.11964297
119,d1_spo2_min,95.0,118.14508,23.14508,0.23145086
119,d1_sysbp_max,189.0,218.05159,29.05159,0.20458871
119,d1_sysbp_min,89.0,95.947754,6.947754,0.058384478
119,d1_sysbp_noninvasive_max,189.0,245.86613,56.866135,0.4004658
119,d1_sysbp_noninvasive_min,89.0,68.63794,-20.36206,-0.1711529
119,d1_temp_max,36.9,36.393333,-0.5066681,-0.10555586
119,d1_temp_min,35.8,36.598442,0.79844284,0.13507748
119,h1_diasbp_max,105.0,144.8623,39.862305,0.37605953
119,h1_diasbp_min,61.0,35.00035,-25.99965,-0.28571045
119,h1_diasbp_noninvasive_max,105.0,59.25464,-45.74536,-0.42752674
119,h1_diasbp_noninvasive_min,61.0,75.766335,14.766335,0.16050366
119,h1_heartrate_max,124.0,89.472305,-34.527695,-0.29260758
119,h1_heartrate_min,72.0,73.34977,1.3497696,0.012497842
119,h1_mbp_max,139.0,146.58026,7.580261,0.065347075
119,h1_mbp_min,82.0,48.11071,-33.88929,-0.31971025
119,h1_mbp_noninvasive_max,139.0,87.7254,-51.274597,-0.4497772
119,h1_mbp_noninvasive_min,82.0,59.526024,-22.473976,-0.21201864
119,h1_resprate_max,38.0,53.28692,15.286919,0.31197792
119,h1_resprate_min,15.0,-15.292301,-30.292301,-0.2567144
119,h1_spo2_max,100.0,118.881035,18.881035,0.20978928
119,h1_spo2_min,97.0,80.47241,-16.527588,-0.16527593
119,h1_sysbp_max,189.0,129.71465,-59.285355,-0.40057674
119,h1_sysbp_min,110.0,148.76727,38.767273,0.2749452
119,h1_sysbp_noninvasive_max,189.0,207.3617,18.361694,0.12406546
119,h1_sysbp_noninvasive_min,110.0,176.65211,66.652115,0.46938106
119,h1_temp_max,36.3,38.534756,2.2347565,0.36635354
119,h1_temp_min,36.3,38.479145,2.1791458,0.34049153
119,d1_bun_max,19.0,61.017807,42.017807,0.34440824
119,d1_bun_min,16.0,10.449095,-5.550905,-0.05042152
119,d1_calcium_max,8.1,6.8050847,-1.2949157,-0.28150344
119,d1_calcium_min,7.7,5.8358173,-1.8641825,-0.38837135
119,d1_creatinine_max,2.4,-0.93419576,-3.3341959,-0.3095818
119,d1_creatinine_min,2.0,-1.5326722,-3.5326722,-0.3665396
119,d1_glucose_max,354.0,236.08562,-117.91438,-0.2191717
119,d1_glucose_min,99.0,149.02902,50.029022,0.19619223
119,d1_hco3_max,22.0,29.699352,7.6993523,0.27497685
119,d1_hco3_min,16.0,13.141138,-2.858862,-0.089339435
119,d1_hemaglobin_max,12.4,12.123333,-0.27666664,-0.026602566
119,d1_hemaglobin_min,12.2,11.839474,-0.36052608,-0.03162515
119,d1_hematocrit_max,36.1,28.339111,-7.760887,-0.2495462
119,d1_hematocrit_min,35.3,44.114967,8.814968,0.26002854
119,d1_platelets_max,159.0,88.99709,-70.00291,-0.12545323
119,d1_platelets_min,145.0,144.39528,-0.60472107,-0.0011221468
119,d1_potassium_max,4.4,6.2236333,1.8236332,0.43419844
119,d1_potassium_min,3.6,4.680174,1.080174,0.31769824
119,d1_sodium_max,138.0,123.062836,-14.937164,-0.42677614
119,d1_sodium_min,125.0,135.19653,10.196533,0.28323704
119,d1_wbc_max,16.4,26.976597,10.576597,0.23566389
119,d1_wbc_min,11.6,8.648851,-2.951149,-0.07378243
119,apache_4a_hospital_death_prob,0.11,0.99107754,0.8810775,0.44498867
119,apache_4a_icu_death_prob,0.06,0.31998563,0.25998563,0.13197243
119,aids,0.0,-0.1657443,-0.1657443,-0.1657443
119,cirrhosis,0.0,0.45969236,0.45969236,0.45969236
119,diabetes_mellitus,1.0,1.2827923,0.28279233,0.28279233
119,hepatic_failure,0.0,0.13337243,0.13337243,0.13337243
119,immunosuppression,0.0,-0.475,-0.475,-0.475
119,leukemia,0.0,-0.0706293,-0.0706293,-0.0706293
119,lymphoma,0.0,-0.14264292,-0.14264292,-0.14264292
119,solid_tumor_with_metastasis,0.0,0.016351692,0.016351692,0.016351692
119,apache_3j_bodysystem,1.0,4.450266,3.450266,0.34502658
119,apache_2_bodysystem,1.0,-3.1184444,-4.1184444,-0.45760494
119,apache_3j_diagnosis_split0,8.0,59.13903,51.13903,0.46490026
120,age,57.0,87.09194,30.091942,0.4122184
120,bmi,23.104506,18.18241,-4.9220963,-0.09292223
120,elective_surgery,0.0,0.16704737,0.16704737,0.16704737
120,ethnicity,3.0,5.1200705,2.1200705,0.35334507
120,gender,1.0,0.3391745,-0.6608255,-0.33041275
120,height,167.6,176.9902,9.390198,0.16081858
120,hospital_admit_source,4.0,0.22982335,-3.7701766,-0.2513451
120,icu_admit_source,1.0,2.965694,1.965694,0.3931388
120,icu_stay_type,1.0,1.6900413,0.6900413,0.34502065
120,icu_type,6.0,4.878329,-1.1216712,-0.16023874
120,pre_icu_los_days,0.005555556,30.393778,30.388222,0.45188347
120,readmission_status,0.0,0.0,0.0,0.0
120,weight,64.9,41.317345,-23.582657,-0.1599909
120,apache_2_diagnosis,122.0,176.85403,54.854034,0.26499534
120,apache_3j_diagnosis,703.03,1532.3396,829.3096,0.39490175
120,apache_post_operative,0.0,0.12412928,0.12412928,0.12412928
120,arf_apache,0.0,-0.010890055,-0.010890055,-0.010890055
120,bun_apache,5.0,-32.763126,-37.763126,-0.30701727
120,creatinine_apache,0.59,-0.69752043,-1.2875204,-0.11833827
120,gcs_eyes_apache,4.0,3.1696587,-0.83034134,-0.27678043
120,gcs_motor_apache,6.0,5.9652567,-0.03474331,-0.00694865
120,gcs_unable_apache,0.0,0.0,0.0,0.0
120,gcs_verbal_apache,5.0,4.3820195,-0.6179805,-0.15449512
120,glucose_apache,96.0,265.02844,169.02844,0.30199826
120,heart_rate_apache,130.0,152.22972,22.229721,0.15020078
120,hematocrit_apache,33.4,32.300674,-1.0993271,-0.031230897
120,intubated_apache,0.0,-0.46177983,-0.46177983,-0.46177983
120,map_apache,146.0,220.21878,74.21878,0.4638673
120,resprate_apache,33.0,7.0234375,-25.976562,-0.4638672
120,sodium_apache,134.0,151.59045,17.590454,0.42903545
120,temp_apache,36.6,37.282867,0.68286896,0.0898512
120,ventilated_apache,0.0,0.36450887,0.36450887,0.36450887
120,wbc_apache,7.0,-12.604935,-19.604935,-0.4366355
120,d1_diasbp_max,108.0,149.1076,41.107605,0.34544206
120,d1_diasbp_min,62.0,70.836136,8.836136,0.114755034
120,d1_diasbp_noninvasive_max,108.0,143.03775,35.03775,0.29443485
120,d1_diasbp_noninvasive_min,62.0,52.74328,-9.2567215,-0.120217144
120,d1_heartrate_max,132.0,156.401,24.401001,0.20505041
120,d1_heartrate_min,90.0,49.27754,-40.72246,-0.28477246
120,d1_mbp_max,146.0,168.65874,22.658737,0.18273175
120,d1_mbp_min,72.0,35.64969,-36.35031,-0.40389237
120,d1_mbp_noninvasive_max,146.0,168.79259,22.792587,0.1883685
120,d1_mbp_noninvasive_min,72.0,65.32761,-6.672394,-0.07413775
120,d1_resprate_max,33.0,57.921974,24.921974,0.3195125
120,d1_resprate_min,12.0,24.08361,12.083611,0.16782792
120,d1_spo2_max,100.0,87.89493,-12.105072,-0.13913876
120,d1_spo2_min,97.0,143.46075,46.460754,0.46460748
120,d1_sysbp_max,194.0,200.66472,6.6647186,0.046934664
120,d1_sysbp_min,97.0,139.05284,42.05284,0.35338524
120,d1_sysbp_noninvasive_max,194.0,205.67007,11.670074,0.08218366
120,d1_sysbp_noninvasive_min,97.0,130.74052,33.740524,0.28360528
120,d1_temp_max,36.9,35.374336,-1.5256653,-0.31784692
120,d1_temp_min,36.6,36.685738,0.085739136,0.014505029
120,h1_diasbp_max,95.0,93.207726,-1.7922745,-0.016908228
120,h1_diasbp_min,95.0,108.61414,13.614143,0.14960593
120,h1_diasbp_noninvasive_max,95.0,120.78464,25.784637,0.24097788
120,h1_diasbp_noninvasive_min,95.0,123.584305,28.584305,0.310699
120,h1_heartrate_max,106.0,50.574764,-55.425236,-0.4697054
120,h1_heartrate_min,106.0,114.33444,8.334442,0.07717079
120,h1_mbp_max,124.0,75.39334,-48.60666,-0.41902292
120,h1_mbp_min,124.0,119.576866,-4.423134,-0.041727662
120,h1_mbp_noninvasive_max,124.0,148.63196,24.631958,0.21606982
120,h1_mbp_noninvasive_min,124.0,134.47295,10.472946,0.098801374
120,h1_resprate_max,26.0,43.647068,17.647068,0.36014423
120,h1_resprate_min,26.0,30.325645,4.3256454,0.036658004
120,h1_spo2_max,99.0,113.35624,14.356239,0.15951383
120,h1_spo2_min,99.0,52.395844,-46.604156,-0.46604156
120,h1_sysbp_max,178.0,234.84189,56.84189,0.38406688
120,h1_sysbp_min,178.0,199.76585,21.765854,0.1543678
120,h1_sysbp_noninvasive_max,178.0,168.54095,-9.459045,-0.06391245
120,h1_sysbp_noninvasive_min,178.0,213.32013,35.32013,0.24873328
120,h1_temp_max,36.6,36.372345,-0.2276535,-0.037320226
120,h1_temp_min,36.6,37.15665,0.55665207,0.086976886
120,d1_bun_max,5.0,-29.516403,-34.516403,-0.2829213
120,d1_bun_min,5.0,-24.696257,-29.696257,-0.2697453
120,d1_calcium_max,8.3,8.167596,-0.13240433,-0.02878356
120,d1_calcium_min,8.3,8.512837,0.21283722,0.044341087
120,d1_creatinine_max,0.59,-3.4406111,-4.030611,-0.37424427
120,d1_creatinine_min,0.59,-1.4957368,-2.0857368,-0.21640988
120,d1_glucose_max,96.0,-87.2538,-183.2538,-0.34062043
120,d1_glucose_min,96.0,14.6807575,-81.319244,-0.31889898
120,d1_hco3_max,16.0,7.9394803,-8.06052,-0.2878757
120,d1_hco3_min,16.0,29.196058,13.196058,0.41237682
120,d1_hemaglobin_max,11.8,16.725204,4.9252043,0.47357735
120,d1_hemaglobin_min,11.8,13.544816,1.7448158,0.153054
120,d1_hematocrit_max,33.4,47.345528,13.945526,0.4484092
120,d1_hematocrit_min,33.4,20.304142,-13.09586,-0.3863085
120,d1_platelets_max,414.0,595.91376,181.91376,0.3260103
120,d1_platelets_min,414.0,171.59451,-242.40549,-0.44981533
120,d1_potassium_max,2.8,2.5066185,-0.29338145,-0.06985273
120,d1_potassium_min,2.4,1.4287882,-0.9712119,-0.28565055
120,d1_sodium_max,134.0,122.0424,-11.957603,-0.34164584
120,d1_sodium_min,134.0,121.98973,-12.010269,-0.33361858
120,d1_wbc_max,7.0,27.12377,20.12377,0.44839057
120,d1_wbc_min,7.0,11.63173,4.63173,0.115799055
120,apache_4a_hospital_death_prob,0.01,0.21052802,0.20052801,0.101276755
120,apache_4a_icu_death_prob,0.0,0.14112818,0.14112818,0.0716387
120,aids,0.0,-0.3396439,-0.3396439,-0.3396439
120,cirrhosis,0.0,0.2827466,0.2827466,0.2827466
120,diabetes_mellitus,0.0,-0.15850629,-0.15850629,-0.15850629
120,hepatic_failure,0.0,0.27247918,0.27247918,0.27247918
120,immunosuppression,0.0,-0.07692121,-0.07692121,-0.07692121
120,leukemia,0.0,-0.15329954,-0.15329954,-0.15329954
120,lymphoma,0.0,0.15865968,0.15865968,0.15865968
120,solid_tumor_with_metastasis,0.0,-0.43533927,-0.43533927,-0.43533927
120,apache_3j_bodysystem,6.0,4.0416775,-1.9583225,-0.19583225
120,apache_2_bodysystem,4.0,3.9867475,-0.013252497,-0.001472503
120,apache_3j_diagnosis_split0,106.0,158.25,52.25,0.47499996
121,age,63.0,91.87778,28.877777,0.39558595
121,bmi,33.889637,17.987816,-15.901821,-0.30020395
121,elective_surgery,0.0,-0.475,-0.475,-0.475
121,ethnicity,3.0,4.355715,1.3557148,0.22595248
121,gender,1.0,0.8286228,-0.17137718,-0.08568859
121,height,162.6,145.09483,-17.505173,-0.29979742
121,hospital_admit_source,4.0,5.788445,1.788445,0.11922966
121,icu_admit_source,1.0,1.2454195,0.2454195,0.0490839
121,icu_stay_type,1.0,1.8905313,0.8905313,0.44526565
121,icu_type,5.0,3.0735075,-1.9264925,-0.27521324
121,pre_icu_los_days,0.011805556,2.9196239,2.9078183,0.04324027
121,readmission_status,0.0,0.0,0.0,0.0
121,weight,89.6,45.11959,-44.480408,-0.3017667
121,apache_2_diagnosis,106.0,126.12424,20.124237,0.097218536
121,apache_3j_diagnosis,213.01,-409.8924,-622.9024,-0.29661453
121,apache_post_operative,0.0,0.24481985,0.24481985,0.24481985
121,arf_apache,0.0,-0.0031697096,-0.0031697096,-0.0031697096
121,bun_apache,14.0,-35.909443,-49.909443,-0.4057678
121,creatinine_apache,0.95,-1.4328775,-2.3828776,-0.21901447
121,gcs_eyes_apache,4.0,4.8329554,0.83295536,0.2776518
121,gcs_motor_apache,6.0,3.8421113,-2.1578887,-0.43157774
121,gcs_unable_apache,0.0,0.0,0.0,0.0
121,gcs_verbal_apache,5.0,3.14611,-1.85389,-0.4634725
121,glucose_apache,206.0,71.144424,-134.85558,-0.2409426
121,heart_rate_apache,41.0,109.755325,68.755325,0.464563
121,hematocrit_apache,36.4,46.78141,10.381409,0.2949264
121,intubated_apache,0.0,0.06363003,0.06363003,0.06363003
121,map_apache,63.0,53.86238,-9.137619,-0.057110116
121,resprate_apache,44.0,48.344143,4.344143,0.077573955
121,sodium_apache,134.0,121.71247,-12.287529,-0.29969582
121,temp_apache,35.7,32.230473,-3.4695282,-0.45651686
121,ventilated_apache,1.0,1.1178694,0.11786938,0.11786938
121,wbc_apache,4.8,-13.1577215,-17.957722,-0.39994925
121,d1_diasbp_max,86.0,72.88634,-13.113663,-0.110198855
121,d1_diasbp_min,53.0,16.821804,-36.178196,-0.4698467
121,d1_diasbp_noninvasive_max,86.0,104.43038,18.430382,0.15487716
121,d1_diasbp_noninvasive_min,53.0,17.04647,-35.95353,-0.46692896
121,d1_heartrate_max,92.0,144.09476,52.094757,0.43777105
121,d1_heartrate_min,12.0,-47.12273,-59.12273,-0.41344565
121,d1_mbp_max,109.0,51.48047,-57.51953,-0.4638672
121,d1_mbp_min,68.0,29.97797,-38.02203,-0.42246702
121,d1_mbp_noninvasive_max,109.0,94.9848,-14.015198,-0.11582807
121,d1_mbp_noninvasive_min,68.0,76.471695,8.471695,0.09412992
121,d1_resprate_max,33.0,26.701847,-6.298153,-0.08074555
121,d1_resprate_min,16.0,47.24729,31.247292,0.43399018
121,d1_spo2_max,99.0,108.57815,9.578148,0.11009371
121,d1_spo2_min,92.0,45.251472,-46.748528,-0.46748528
121,d1_sysbp_max,157.0,156.57318,-0.42681885,-0.0030057728
121,d1_sysbp_min,88.0,132.21457,44.21457,0.371551
121,d1_sysbp_noninvasive_max,157.0,97.53954,-59.460457,-0.41873562
121,d1_sysbp_noninvasive_min,88.0,44.24128,-43.75872,-0.36781308
121,d1_temp_max,37.0,37.25448,0.25447845,0.053016335
121,d1_temp_min,35.7,36.513313,0.81331253,0.13759303
121,h1_diasbp_max,79.0,128.80588,49.805878,0.46986675
121,h1_diasbp_min,55.0,54.856598,-0.1434021,-0.0015758574
121,h1_diasbp_noninvasive_max,79.0,41.786007,-37.213993,-0.34779435
121,h1_diasbp_noninvasive_min,55.0,63.905045,8.905045,0.09679395
121,h1_heartrate_max,92.0,125.69282,33.692818,0.2855324
121,h1_heartrate_min,84.0,109.50727,25.50727,0.23617843
121,h1_mbp_max,89.0,46.409843,-42.590157,-0.36715654
121,h1_mbp_min,79.0,81.28371,2.2837067,0.021544397
121,h1_mbp_noninvasive_max,89.0,105.19806,16.19806,0.14208823
121,h1_mbp_noninvasive_min,79.0,37.69011,-41.30989,-0.38971597
121,h1_resprate_max,33.0,33.347084,0.34708405,0.0070833266
121,h1_resprate_min,26.0,27.925262,1.9252625,0.016315788
121,h1_spo2_max,98.0,70.663376,-27.336624,-0.30374026
121,h1_spo2_min,95.0,115.50021,20.500214,0.20500213
121,h1_sysbp_max,118.0,168.04617,50.046173,0.33814982
121,h1_sysbp_min,106.0,128.5752,22.575195,0.16010776
121,h1_sysbp_noninvasive_max,118.0,87.41893,-30.58107,-0.20662886
121,h1_sysbp_noninvasive_min,106.0,165.6894,59.689407,0.42034796
121,h1_temp_max,36.9,35.008186,-1.8918152,-0.31013367
121,h1_temp_min,36.9,34.83428,-2.0657234,-0.32276928
121,d1_bun_max,14.0,12.889126,-1.1108742,-0.009105526
121,d1_bun_min,14.0,16.63571,2.6357098,0.023941405
121,d1_calcium_max,8.0,7.1288266,-0.8711734,-0.18938553
121,d1_calcium_min,8.0,6.0006332,-1.9993668,-0.41653472
121,d1_creatinine_max,0.95,1.604417,0.654417,0.060762946
121,d1_creatinine_min,0.95,4.1798573,3.2298572,0.33512044
121,d1_glucose_max,206.0,307.9035,101.9035,0.1894117
121,d1_glucose_min,137.0,186.55002,49.55002,0.1943138
121,d1_hco3_max,29.0,41.34536,12.34536,0.44090575
121,d1_hco3_min,29.0,14.532167,-14.467833,-0.45211977
121,d1_hemaglobin_max,11.8,15.008921,3.2089205,0.30855003
121,d1_hemaglobin_min,11.8,10.665907,-1.1340933,-0.09948188
121,d1_hematocrit_max,36.4,48.807,12.406998,0.39893883
121,d1_hematocrit_min,36.4,36.932404,0.53240204,0.015705049
121,d1_platelets_max,117.0,-92.5797,-209.5797,-0.37559086
121,d1_platelets_min,117.0,274.97708,157.97708,0.29314733
121,d1_potassium_max,4.2,4.6058903,0.40589046,0.09664059
121,d1_potassium_min,3.9,2.7584083,-1.1415918,-0.33576226
121,d1_sodium_max,134.0,150.54713,16.547134,0.47277525
121,d1_sodium_min,134.0,125.720665,-8.279335,-0.22998151
121,d1_wbc_max,4.8,21.84907,17.049068,0.3798812
121,d1_wbc_min,4.8,13.953465,9.153465,0.22884807
121,apache_4a_hospital_death_prob,0.06,0.86969066,0.80969065,0.4089347
121,apache_4a_icu_death_prob,0.04,0.11748648,0.07748648,0.039333284
121,aids,0.0,0.07688455,0.07688455,0.07688455
121,cirrhosis,0.0,-0.42892843,-0.42892843,-0.42892843
121,diabetes_mellitus,0.0,0.3733176,0.3733176,0.3733176
121,hepatic_failure,0.0,-0.11680259,-0.11680259,-0.11680259
121,immunosuppression,0.0,-0.15199542,-0.15199542,-0.15199542
121,leukemia,0.0,0.18370748,0.18370748,0.18370748
121,lymphoma,0.0,-0.23947717,-0.23947717,-0.23947717
121,solid_tumor_with_metastasis,0.0,-0.0103492625,-0.0103492625,-0.0103492625
121,apache_3j_bodysystem,9.0,8.474426,-0.52557373,-0.05255741
121,apache_2_bodysystem,7.0,8.970495,1.9704952,0.2189439
121,apache_3j_diagnosis_split0,74.0,61.52553,-12.474468,-0.113404214
122,age,74.0,99.44977,25.449768,0.3486269
122,bmi,26.96901,6.747637,-20.221373,-0.38175094
122,elective_surgery,0.0,-0.1512555,-0.1512555,-0.1512555
122,ethnicity,3.0,2.2584221,-0.74157786,-0.123596326
122,gender,1.0,0.47585464,-0.52414536,-0.26207268
122,height,157.5,154.75645,-2.7435455,-0.04698658
122,hospital_admit_source,5.0,10.035612,5.035612,0.33570746
122,icu_admit_source,2.0,3.8465388,1.8465388,0.36930776
122,icu_stay_type,1.0,0.105924845,-0.89407516,-0.44703758
122,icu_type,6.0,2.9553242,-3.0446758,-0.43495372
122,pre_icu_los_days,2.0895834,1.1609066,-0.92867684,-0.013809752
122,readmission_status,0.0,0.0,0.0,0.0
122,weight,66.9,92.75168,25.851677,0.17538452
122,apache_2_diagnosis,102.0,50.406155,-51.593845,-0.24924563
122,apache_3j_diagnosis,206.01,-76.9175,-282.9275,-0.13472481
122,apache_post_operative,0.0,-0.19051799,-0.19051799,-0.19051799
122,arf_apache,0.0,-0.2826457,-0.2826457,-0.2826457
122,bun_apache,24.0,31.763748,7.763748,0.0631199
122,creatinine_apache,1.09,-1.478831,-2.568831,-0.2361058
122,gcs_eyes_apache,3.0,1.5914204,-1.4085796,-0.46952653
122,gcs_motor_apache,6.0,5.8818974,-0.11810255,-0.023620486
122,gcs_unable_apache,0.0,0.0,0.0,0.0
122,gcs_verbal_apache,5.0,4.7176156,-0.2823844,-0.0705961
122,glucose_apache,101.0,294.35895,193.35895,0.3454689
122,heart_rate_apache,84.0,62.456562,-21.543438,-0.14556377
122,hematocrit_apache,24.9,18.114372,-6.7856274,-0.19277349
122,intubated_apache,1.0,0.525,-0.47500002,-0.47500002
122,map_apache,42.0,99.95183,57.951828,0.36219895
122,resprate_apache,10.0,15.284322,5.284322,0.09436289
122,sodium_apache,135.0,130.16806,-4.8319397,-0.11785218
122,temp_apache,36.3,34.169704,-2.1302948,-0.28030193
122,ventilated_apache,1.0,0.86215055,-0.13784945,-0.13784945
122,wbc_apache,17.1,6.065395,-11.034605,-0.24575959
122,d1_diasbp_max,79.0,96.78403,17.784027,0.1494456
122,d1_diasbp_min,31.0,21.425198,-9.574802,-0.124348074
122,d1_diasbp_noninvasive_max,79.0,109.17369,30.17369,0.2535604
122,d1_diasbp_noninvasive_min,31.0,38.743168,7.743168,0.100560635
122,d1_heartrate_max,112.0,157.24712,45.247116,0.38022783
122,d1_heartrate_min,66.0,101.857285,35.857285,0.2507502
122,d1_mbp_max,105.0,126.38251,21.382507,0.17243958
122,d1_mbp_min,42.0,64.140656,22.140656,0.24600728
122,d1_mbp_noninvasive_max,105.0,111.77997,6.7799683,0.056032807
122,d1_mbp_noninvasive_min,42.0,2.819458,-39.180542,-0.43533936
122,d1_resprate_max,30.0,9.983002,-20.016998,-0.2566282
122,d1_resprate_min,10.0,11.027886,1.0278864,0.014276192
122,d1_spo2_max,100.0,89.50452,-10.495483,-0.120637715
122,d1_spo2_min,86.0,98.92791,12.92791,0.12927908
122,d1_sysbp_max,185.0,247.33702,62.33702,0.4389931
122,d1_sysbp_min,54.0,3.9236755,-50.076324,-0.42080945
122,d1_sysbp_noninvasive_max,185.0,230.353,45.352997,0.31938732
122,d1_sysbp_noninvasive_min,54.0,101.16763,47.167633,0.3964666
122,d1_temp_max,37.5,36.1124,-1.3876,-0.2890833
122,d1_temp_min,36.3,35.237953,-1.062046,-0.17967284
122,h1_diasbp_max,79.0,54.038857,-24.961143,-0.23548248
122,h1_diasbp_min,39.0,40.295105,1.295105,0.01423192
122,h1_diasbp_noninvasive_max,79.0,110.65924,31.65924,0.29588076
122,h1_diasbp_noninvasive_min,39.0,31.348164,-7.6518364,-0.083172135
122,h1_heartrate_max,84.0,122.228355,38.228355,0.3239691
122,h1_heartrate_min,68.0,65.02614,-2.9738617,-0.027535766
122,h1_mbp_max,95.0,44.58351,-50.41649,-0.4346249
122,h1_mbp_min,53.0,21.863853,-31.136147,-0.29373723
122,h1_mbp_noninvasive_max,95.0,93.99045,-1.009552,-0.00885573
122,h1_mbp_noninvasive_min,53.0,18.666374,-34.333626,-0.32390213
122,h1_resprate_max,20.0,40.623104,20.623104,0.42087966
122,h1_resprate_min,16.0,22.14918,6.1491795,0.052111685
122,h1_spo2_max,100.0,110.95017,10.950172,0.12166858
122,h1_spo2_min,87.0,131.7963,44.796295,0.447963
122,h1_sysbp_max,140.0,97.67311,-42.32689,-0.2859925
122,h1_sysbp_min,74.0,66.73944,-7.260559,-0.051493324
122,h1_sysbp_noninvasive_max,140.0,87.310936,-52.689064,-0.3560072
122,h1_sysbp_noninvasive_min,74.0,76.947205,2.9472046,0.020754963
122,h1_temp_max,36.3,37.973938,1.6739388,0.27441618
122,h1_temp_min,36.3,37.966347,1.6663475,0.2603668
122,d1_bun_max,24.0,48.535686,24.535686,0.2011122
122,d1_bun_min,23.0,25.994362,2.9943619,0.027199224
122,d1_calcium_max,7.5,7.4611716,-0.038828373,-0.008440942
122,d1_calcium_min,7.4,8.962443,1.5624433,0.32550898
122,d1_creatinine_max,1.09,-0.25028327,-1.3402833,-0.12444598
122,d1_creatinine_min,0.99,3.8611856,2.8711855,0.2979057
122,d1_glucose_max,133.0,37.128117,-95.87189,-0.17820053
122,d1_glucose_min,101.0,190.84763,89.847626,0.3523436
122,d1_hco3_max,12.0,11.203306,-0.7966938,-0.02845335
122,d1_hco3_min,36.0,20.968111,-15.031889,-0.46974653
122,d1_hemaglobin_max,8.5,8.616123,0.1161232,0.011165693
122,d1_hemaglobin_min,7.7,12.131041,4.431041,0.3886878
122,d1_hematocrit_max,28.5,21.208649,-7.2913513,-0.23444861
122,d1_hematocrit_min,24.9,34.017326,9.117327,0.26894766
122,d1_platelets_max,155.0,66.526566,-88.473434,-0.15855454
122,d1_platelets_min,129.0,212.73149,83.73149,0.15537481
122,d1_potassium_max,5.4,6.2760673,0.87606716,0.20858741
122,d1_potassium_min,4.9,3.7255445,-1.1744556,-0.34542814
122,d1_sodium_max,135.0,121.10871,-13.891289,-0.39689398
122,d1_sodium_min,135.0,142.99611,7.996109,0.22211415
122,d1_wbc_max,17.1,2.6097598,-14.49024,-0.32286632
122,d1_wbc_min,13.7,10.17154,-3.5284595,-0.0882159
122,apache_4a_hospital_death_prob,0.11,-0.63789976,-0.7478998,-0.37772715
122,apache_4a_icu_death_prob,0.05,-0.75810665,-0.80810666,-0.41020638
122,aids,0.0,0.012182988,0.012182988,0.012182988
122,cirrhosis,0.0,-0.04432139,-0.04432139,-0.04432139
122,diabetes_mellitus,0.0,0.33280897,0.33280897,0.33280897
122,hepatic_failure,0.0,-0.18019082,-0.18019082,-0.18019082
122,immunosuppression,0.0,-0.07981619,-0.07981619,-0.07981619
122,leukemia,0.0,-0.11826645,-0.11826645,-0.11826645
122,lymphoma,0.0,-0.26102066,-0.26102066,-0.26102066
122,solid_tumor_with_metastasis,0.0,0.42771173,0.42771173,0.42771173
122,apache_3j_bodysystem,9.0,10.568317,1.5683174,0.15683174
122,apache_2_bodysystem,7.0,8.032269,1.0322685,0.1146965
122,apache_3j_diagnosis_split0,66.0,35.798668,-30.201332,-0.27455756
123,age,66.0,43.318043,-22.681957,-0.31071174
123,bmi,38.55974,42.405323,3.8455849,0.0725992
123,elective_surgery,1.0,0.8468717,-0.15312833,-0.15312833
123,ethnicity,3.0,2.714746,-0.285254,-0.047542334
123,gender,1.0,0.89533186,-0.10466814,-0.05233407
123,height,170.2,191.15216,20.952164,0.35883135
123,hospital_admit_source,9.0,11.5708685,2.5708685,0.17139119
123,icu_admit_source,3.0,4.2095313,1.2095313,0.24190626
123,icu_stay_type,1.0,0.46812928,-0.5318707,-0.26593536
123,icu_type,5.0,2.3575659,-2.6424341,-0.3774906
123,pre_icu_los_days,0.007638889,15.408654,15.401015,0.22901846
123,readmission_status,0.0,0.0,0.0,0.0
123,weight,111.7,73.30499,-38.395004,-0.26048172
123,apache_2_diagnosis,213.0,176.97931,-36.02069,-0.17401296
123,apache_3j_diagnosis,1405.04,2354.3389,949.2988,0.45203847
123,apache_post_operative,1.0,1.2848799,0.28487992,0.28487992
123,arf_apache,0.0,-0.11185764,-0.11185764,-0.11185764
123,bun_apache,12.0,10.948647,-1.0513535,-0.008547585
123,creatinine_apache,1.57,5.1259313,3.555931,0.32683188
123,gcs_eyes_apache,1.0,1.9008193,0.9008193,0.3002731
123,gcs_motor_apache,1.0,0.40905815,-0.59094185,-0.11818837
123,gcs_unable_apache,0.0,0.0,0.0,0.0
123,gcs_verbal_apache,1.0,2.1543608,1.1543608,0.2885902
123,glucose_apache,164.0,406.54318,242.54318,0.433345
123,heart_rate_apache,125.0,152.22342,27.22342,0.18394202
123,hematocrit_apache,30.7,15.478952,-15.221048,-0.43241614
123,intubated_apache,0.0,0.23189607,0.23189607,0.23189607
123,map_apache,49.0,65.575455,16.575455,0.10359659
123,resprate_apache,21.0,43.650215,22.650215,0.40446815
123,sodium_apache,141.0,159.84738,18.847382,0.4596923
123,temp_apache,39.0,41.4067,2.4067001,0.316671
123,ventilated_apache,1.0,1.2003088,0.2003088,0.2003088
123,wbc_apache,11.4,-0.39273512,-11.792735,-0.2626444
123,d1_diasbp_max,76.0,130.7034,54.7034,0.45969245
123,d1_diasbp_min,44.0,8.339584,-35.660416,-0.46312228
123,d1_diasbp_noninvasive_max,76.0,63.925385,-12.0746155,-0.10146737
123,d1_diasbp_noninvasive_min,44.0,8.282227,-35.717773,-0.4638672
123,d1_heartrate_max,124.0,180.525,56.524994,0.47499996
123,d1_heartrate_min,103.0,139.96947,36.969467,0.25852776
123,d1_mbp_max,109.0,103.95673,-5.0432663,-0.040671527
123,d1_mbp_min,62.0,43.83246,-18.167542,-0.20186158
123,d1_mbp_noninvasive_max,109.0,164.62277,55.622772,0.45969236
123,d1_mbp_noninvasive_min,62.0,19.25,-42.75,-0.475
123,d1_resprate_max,34.0,15.396593,-18.603407,-0.23850523
123,d1_resprate_min,19.0,51.092297,32.092297,0.44572634
123,d1_spo2_max,100.0,100.141464,0.14146423,0.0016260147
123,d1_spo2_min,50.0,2.5000005,-47.5,-0.475
123,d1_sysbp_max,158.0,188.259,30.259003,0.21309155
123,d1_sysbp_min,81.0,31.936327,-49.063675,-0.41229978
123,d1_sysbp_noninvasive_max,158.0,100.32857,-57.671432,-0.40613687
123,d1_sysbp_noninvasive_min,81.0,55.410103,-25.589897,-0.21509539
123,d1_temp_max,39.0,40.404236,1.4042358,0.29254907
123,d1_temp_min,37.3,34.492275,-2.807724,-0.47499987
123,h1_diasbp_max,76.0,126.35,50.35,0.475
123,h1_diasbp_min,65.0,67.58463,2.5846329,0.028402537
123,h1_diasbp_noninvasive_max,76.0,123.51404,47.514038,0.44405645
123,h1_diasbp_noninvasive_min,65.0,30.429983,-34.570015,-0.37576106
123,h1_heartrate_max,112.0,61.029507,-50.970493,-0.43195337
123,h1_heartrate_min,104.0,139.09927,35.099274,0.3249933
123,h1_mbp_max,109.0,54.723522,-54.276478,-0.46790063
123,h1_mbp_min,83.0,69.71288,-13.287117,-0.12535018
123,h1_mbp_noninvasive_max,109.0,58.006165,-50.993835,-0.44731438
123,h1_mbp_noninvasive_min,83.0,93.095825,10.095825,0.09524363
123,h1_resprate_max,24.0,42.19191,18.19191,0.37126347
123,h1_resprate_min,20.0,18.059423,-1.9405766,-0.016445562
123,h1_spo2_max,99.0,134.13474,35.134735,0.390386
123,h1_spo2_min,50.0,12.405874,-37.594124,-0.37594125
123,h1_sysbp_max,158.0,153.693,-4.307007,-0.029101372
123,h1_sysbp_min,115.0,66.198135,-48.801865,-0.34611252
123,h1_sysbp_noninvasive_max,158.0,197.78674,39.786743,0.26882935
123,h1_sysbp_noninvasive_min,115.0,182.45,67.45,0.475
123,h1_temp_max,37.5,35.03132,-2.4686813,-0.40470183
123,h1_temp_min,37.4,35.23272,-2.167282,-0.33863783
123,d1_bun_max,12.0,1.4563918,-10.543608,-0.08642301
123,d1_bun_min,12.0,6.3931108,-5.6068892,-0.05093005
123,d1_calcium_max,9.0,8.090591,-0.90940857,-0.19769749
123,d1_calcium_min,9.0,9.456143,0.45614338,0.09502989
123,d1_creatinine_max,1.57,2.666832,1.0968319,0.10184141
123,d1_creatinine_min,1.57,4.803217,3.2332168,0.335469
123,d1_glucose_max,164.0,99.36782,-64.63218,-0.12013417
123,d1_glucose_min,164.0,263.93234,99.93234,0.39189154
123,d1_hco3_max,23.0,10.93377,-12.06623,-0.43093678
123,d1_hco3_min,23.0,8.665054,-14.334946,-0.44796705
123,d1_hemaglobin_max,9.8,6.420375,-3.3796253,-0.324964
123,d1_hemaglobin_min,9.8,5.2637405,-4.5362597,-0.39791754
123,d1_hematocrit_max,30.7,34.032707,3.3327065,0.107160956
123,d1_hematocrit_min,30.7,45.547653,14.847652,0.43798384
123,d1_platelets_max,275.0,534.22614,259.22614,0.46456298
123,d1_platelets_min,275.0,507.4999,232.49991,0.43143424
123,d1_potassium_max,4.8,6.7482424,1.9482422,0.4638672
123,d1_potassium_min,4.8,6.415,1.6149998,0.47499996
123,d1_sodium_max,141.0,134.57526,-6.4247437,-0.18356413
123,d1_sodium_min,141.0,149.58948,8.589478,0.23859656
123,d1_wbc_max,11.4,-7.938038,-19.338037,-0.43088317
123,d1_wbc_min,11.4,29.322979,17.92298,0.44809684
123,apache_4a_hospital_death_prob,0.16,0.33233893,0.17233893,0.08703989
123,apache_4a_icu_death_prob,0.08,0.7628913,0.6828913,0.3466453
123,aids,0.0,0.0427561,0.0427561,0.0427561
123,cirrhosis,0.0,-0.26670432,-0.26670432,-0.26670432
123,diabetes_mellitus,0.0,-0.34655315,-0.34655315,-0.34655315
123,hepatic_failure,0.0,0.47023267,0.47023267,0.47023267
123,immunosuppression,0.0,-0.3058887,-0.3058887,-0.3058887
123,leukemia,0.0,0.35373133,0.35373133,0.35373133
123,lymphoma,0.0,0.24847937,0.24847937,0.24847937
123,solid_tumor_with_metastasis,1.0,1.3954382,0.3954382,0.3954382
123,apache_3j_bodysystem,2.0,1.4284666,-0.57153344,-0.057153344
123,apache_2_bodysystem,2.0,0.16919303,-1.830807,-0.203423
123,apache_3j_diagnosis_split0,33.0,82.26501,49.265007,0.44786373
124,age,31.0,-2.8623009,-33.8623,-0.46386713
124,bmi,67.81499,92.02466,24.209671,0.45704436
124,elective_surgery,0.0,-0.045404598,-0.045404598,-0.045404598
124,ethnicity,1.0,2.932693,1.932693,0.3221155
124,gender,1.0,1.8503135,0.85031354,0.42515677
124,height,167.6,155.48497,-12.115036,-0.20748478
124,hospital_admit_source,5.0,2.715245,-2.284755,-0.15231702
124,icu_admit_source,2.0,1.1472337,-0.8527663,-0.17055325
124,icu_stay_type,1.0,1.4839029,0.48390293,0.24195147
124,icu_type,5.0,5.5404253,0.5404253,0.07720357
124,pre_icu_los_days,0.6597222,-30.253632,-30.913353,-0.45969236
124,readmission_status,0.0,0.0,0.0,0.0
124,weight,186.0,117.62597,-68.37403,-0.4638672
124,apache_2_diagnosis,105.0,115.14116,10.141159,0.048991106
124,apache_3j_diagnosis,207.01,-276.8417,-483.85168,-0.23040119
124,apache_post_operative,0.0,-0.10098688,-0.10098688,-0.10098688
124,arf_apache,0.0,-0.475,-0.475,-0.475
124,bun_apache,15.0,30.667292,15.667292,0.12737635
124,creatinine_apache,1.16,-2.266235,-3.4262352,-0.3149113
124,gcs_eyes_apache,4.0,3.318869,-0.6811309,-0.22704363
124,gcs_motor_apache,6.0,4.0737925,-1.9262075,-0.3852415
124,gcs_unable_apache,0.0,0.0,0.0,0.0
124,gcs_verbal_apache,5.0,3.6829414,-1.3170586,-0.32926464
124,glucose_apache,88.0,141.19238,53.192383,0.09503731
124,heart_rate_apache,111.0,117.705215,6.7052155,0.04530549
124,hematocrit_apache,28.9,19.704252,-9.195747,-0.2612428
124,intubated_apache,0.0,-0.2946909,-0.2946909,-0.2946909
124,map_apache,69.0,118.82486,49.82486,0.31140536
124,resprate_apache,51.0,49.327877,-1.672123,-0.029859364
124,sodium_apache,136.0,121.72322,-14.276779,-0.34821415
124,temp_apache,36.8,39.869476,3.069477,0.40387863
124,ventilated_apache,0.0,-0.38836795,-0.38836795,-0.38836795
124,wbc_apache,10.7,27.289085,16.589085,0.36946738
124,d1_diasbp_max,89.0,118.90708,29.907082,0.25132003
124,d1_diasbp_min,55.0,40.1857,-14.814301,-0.19239354
124,d1_diasbp_noninvasive_max,89.0,32.640602,-56.359398,-0.4736084
124,d1_diasbp_noninvasive_min,55.0,48.572536,-6.4274635,-0.08347356
124,d1_heartrate_max,94.0,85.915115,-8.084885,-0.06794022
124,d1_heartrate_min,77.0,96.53786,19.537857,0.13662833
124,d1_mbp_max,108.0,59.29956,-48.70044,-0.39274547
124,d1_mbp_min,69.0,46.869278,-22.130722,-0.2458969
124,d1_mbp_noninvasive_max,108.0,141.8678,33.867798,0.27989915
124,d1_mbp_noninvasive_min,69.0,63.517586,-5.4824142,-0.06091571
124,d1_resprate_max,41.0,29.107079,-11.892921,-0.15247336
124,d1_resprate_min,23.0,11.868856,-11.131144,-0.15459922
124,d1_spo2_max,97.0,102.71174,5.7117386,0.06565219
124,d1_spo2_min,90.0,120.36815,30.368149,0.3036815
124,d1_sysbp_max,187.0,248.03821,61.038208,0.42984647
124,d1_sysbp_min,116.0,80.46893,-35.531067,-0.2985804
124,d1_sysbp_noninvasive_max,187.0,198.85114,11.851135,0.08345866
124,d1_sysbp_noninvasive_min,116.0,153.19984,37.199844,0.31268257
124,d1_temp_max,37.6,37.196396,-0.4036026,-0.084083885
124,d1_temp_min,36.7,35.519096,-1.1809044,-0.19978082
124,h1_diasbp_max,67.0,106.25239,39.252388,0.37030557
124,h1_diasbp_min,60.0,85.503784,25.503784,0.28026137
124,h1_diasbp_noninvasive_max,67.0,40.363438,-26.636562,-0.24893984
124,h1_diasbp_noninvasive_min,60.0,59.78129,-0.21871185,-0.0023773015
124,h1_heartrate_max,89.0,139.06093,50.06093,0.42424515
124,h1_heartrate_min,87.0,120.22979,33.22979,0.30768323
124,h1_mbp_max,94.0,141.27493,47.274933,0.40754253
124,h1_mbp_min,90.0,87.38191,-2.6180878,-0.024698913
124,h1_mbp_noninvasive_max,94.0,144.8977,50.897705,0.44647107
124,h1_mbp_noninvasive_min,90.0,115.717125,25.717125,0.24261439
124,h1_resprate_max,40.0,34.79329,-5.206711,-0.106259406
124,h1_resprate_min,26.0,80.96724,54.96724,0.46582407
124,h1_spo2_max,97.0,71.78757,-25.212433,-0.28013813
124,h1_spo2_min,92.0,99.92799,7.927994,0.0792799
124,h1_sysbp_max,142.0,197.86566,55.86566,0.37747067
124,h1_sysbp_min,132.0,162.38611,30.386108,0.21550435
124,h1_sysbp_noninvasive_max,142.0,84.47129,-57.52871,-0.3887075
124,h1_sysbp_noninvasive_min,132.0,181.08638,49.08638,0.34567875
124,h1_temp_max,37.6,37.973255,0.37325668,0.061189592
124,h1_temp_min,37.2,38.957405,1.7574043,0.27459443
124,d1_bun_max,15.0,-30.541058,-45.541058,-0.37328738
124,d1_bun_min,15.0,7.078079,-7.921921,-0.07195859
124,d1_calcium_max,9.0,10.347864,1.3478642,0.293014
124,d1_calcium_min,9.0,11.2549515,2.2549515,0.46978152
124,d1_creatinine_max,1.16,3.7538946,2.5938945,0.24084444
124,d1_creatinine_min,1.16,-3.3178031,-4.477803,-0.46460357
124,d1_glucose_max,102.0,216.60022,114.60022,0.21301156
124,d1_glucose_min,88.0,-17.333805,-105.3338,-0.41307375
124,d1_hco3_max,26.0,33.253162,7.2531624,0.2590415
124,d1_hco3_min,26.0,41.2,15.200001,0.47500002
124,d1_hemaglobin_max,8.2,4.223838,-3.976162,-0.38232327
124,d1_hemaglobin_min,8.2,7.918447,-0.2815528,-0.024697617
124,d1_hematocrit_max,28.9,16.90864,-11.99136,-0.38557425
124,d1_hematocrit_min,28.9,44.087296,15.187296,0.4480028
124,d1_platelets_max,173.0,182.933,9.932999,0.017801076
124,d1_platelets_min,173.0,17.140642,-155.85936,-0.28921756
124,d1_potassium_max,4.1,5.428362,1.328362,0.31627667
124,d1_potassium_min,4.1,4.2683077,0.16830778,0.049502254
124,d1_sodium_max,136.0,152.44464,16.444641,0.46984687
124,d1_sodium_min,136.0,150.9815,14.981506,0.41615295
124,d1_wbc_max,10.7,19.183464,8.483464,0.18902548
124,d1_wbc_min,10.7,26.804148,16.104149,0.4026238
124,apache_4a_hospital_death_prob,0.02,0.13744581,0.11744581,0.0593161
124,apache_4a_icu_death_prob,0.01,-0.89255697,-0.90255696,-0.45815074
124,aids,0.0,0.010072382,0.010072382,0.010072382
124,cirrhosis,0.0,-0.32869947,-0.32869947,-0.32869947
124,diabetes_mellitus,0.0,-0.122697994,-0.122697994,-0.122697994
124,hepatic_failure,0.0,-0.020534594,-0.020534594,-0.020534594
124,immunosuppression,0.0,-0.4400741,-0.4400741,-0.4400741
124,leukemia,0.0,0.34844548,0.34844548,0.34844548
124,lymphoma,0.0,-0.39121568,-0.39121568,-0.39121568
124,solid_tumor_with_metastasis,0.0,-0.3118773,-0.3118773,-0.3118773
124,apache_3j_bodysystem,9.0,5.601946,-3.3980541,-0.33980542
124,apache_2_bodysystem,7.0,5.1259613,-1.8740387,-0.20822653
124,apache_3j_diagnosis_split0,67.0,64.93956,-2.06044,-0.018731236
125,age,57.0,33.51331,-23.48669,-0.3217355
125,bmi,29.936155,24.50422,-5.4319363,-0.10254729
125,elective_surgery,0.0,0.22389463,0.22389463,0.22389463
125,ethnicity,1.0,1.110327,0.110327005,0.018387834
125,gender,1.0,1.8356161,0.8356161,0.41780806
125,height,165.1,137.36476,-27.735245,-0.4749999
125,hospital_admit_source,4.0,4.4602337,0.4602337,0.030682236
125,icu_admit_source,1.0,3.2497556,2.2497556,0.4499511
125,icu_stay_type,1.0,0.7930913,-0.2069087,-0.10345435
125,icu_type,6.0,4.787791,-1.2122092,-0.17317277
125,pre_icu_los_days,0.000694444,-22.076607,-22.077301,-0.32829717
125,readmission_status,0.0,0.0,0.0,0.0
125,weight,81.6,21.102665,-60.497334,-0.4104297
125,apache_2_diagnosis,113.0,132.34518,19.345184,0.093455
125,apache_3j_diagnosis,501.05,-225.54694,-726.5969,-0.34599194
125,apache_post_operative,0.0,-0.18362464,-0.18362464,-0.18362464
125,arf_apache,0.0,0.16781498,0.16781498,0.16781498
125,bun_apache,33.0,53.979065,20.979065,0.1705615
125,creatinine_apache,1.96,0.7384386,-1.2215614,-0.112275876
125,gcs_eyes_apache,4.0,2.6242497,-1.3757503,-0.4585834
125,gcs_motor_apache,6.0,4.6496716,-1.3503284,-0.27006567
125,gcs_unable_apache,0.0,0.0,0.0,0.0
125,gcs_verbal_apache,5.0,6.3841887,1.3841887,0.34604716
125,glucose_apache,98.0,-13.717705,-111.717705,-0.19960283
125,heart_rate_apache,132.0,192.54152,60.54152,0.4090643
125,hematocrit_apache,35.5,20.80133,-14.698669,-0.41757584
125,intubated_apache,0.0,0.043898847,0.043898847,0.043898847
125,map_apache,76.0,152.0,76.0,0.475
125,resprate_apache,44.0,64.00574,20.005737,0.35724533
125,sodium_apache,142.0,157.5348,15.534805,0.37889767
125,temp_apache,35.9,37.525806,1.6258049,0.21392167
125,ventilated_apache,1.0,1.3407829,0.34078288,0.34078288
125,wbc_apache,5.0,-13.000551,-18.000551,-0.4009031
125,d1_diasbp_max,80.0,42.877262,-37.122738,-0.31195578
125,d1_diasbp_min,30.0,23.427908,-6.572092,-0.085351855
125,d1_diasbp_noninvasive_max,80.0,31.408154,-48.591846,-0.40833485
125,d1_diasbp_noninvasive_min,30.0,27.872623,-2.1273766,-0.027628273
125,d1_heartrate_max,133.0,145.14624,12.14624,0.1020692
125,d1_heartrate_min,116.0,60.32736,-55.67264,-0.38931918
125,d1_mbp_max,104.0,74.20752,-29.79248,-0.24026193
125,d1_mbp_min,36.0,71.99878,35.99878,0.39998645
125,d1_mbp_noninvasive_max,104.0,161.475,57.475006,0.47500002
125,d1_mbp_noninvasive_min,36.0,26.91216,-9.087839,-0.100976
125,d1_resprate_max,44.0,23.25112,-20.74888,-0.2660113
125,d1_resprate_min,16.0,10.164559,-5.8354406,-0.08104779
125,d1_spo2_max,100.0,60.255913,-39.744087,-0.4568286
125,d1_spo2_min,88.0,100.51439,12.514389,0.12514389
125,d1_sysbp_max,145.0,92.98755,-52.01245,-0.36628488
125,d1_sysbp_min,51.0,43.924114,-7.075886,-0.05946123
125,d1_sysbp_noninvasive_max,145.0,195.0127,50.012695,0.3522021
125,d1_sysbp_noninvasive_min,51.0,63.221386,12.221386,0.102726616
125,d1_temp_max,37.1,37.278786,0.17878723,0.03724733
125,d1_temp_min,35.9,38.42343,2.5234299,0.42690402
125,h1_diasbp_max,80.0,92.98244,12.982437,0.1224758
125,h1_diasbp_min,69.0,32.794907,-36.205093,-0.3978582
125,h1_diasbp_noninvasive_max,80.0,126.938644,46.938644,0.43867895
125,h1_diasbp_noninvasive_min,69.0,94.85185,25.851852,0.2809984
125,h1_heartrate_max,126.0,153.62823,27.628235,0.2341376
125,h1_heartrate_min,120.0,116.37789,-3.6221085,-0.033538043
125,h1_mbp_max,97.0,146.13406,49.134064,0.42356953
125,h1_mbp_min,93.0,58.499084,-34.500916,-0.32548034
125,h1_mbp_noninvasive_max,97.0,122.40389,25.403893,0.22284114
125,h1_mbp_noninvasive_min,93.0,132.86044,39.860443,0.3760419
125,h1_resprate_max,44.0,47.325546,3.3255463,0.06786829
125,h1_resprate_min,16.0,-26.04833,-42.048332,-0.35634178
125,h1_spo2_max,100.0,59.762115,-40.237885,-0.4470876
125,h1_spo2_min,88.0,61.185467,-26.814533,-0.26814532
125,h1_sysbp_max,135.0,182.89923,47.89923,0.32364345
125,h1_sysbp_min,116.0,152.10085,36.100845,0.25603437
125,h1_sysbp_noninvasive_max,135.0,178.23093,43.230927,0.29210085
125,h1_sysbp_noninvasive_min,116.0,166.62169,50.62169,0.35649076
125,h1_temp_max,36.4,35.518913,-0.88108826,-0.14444071
125,h1_temp_min,36.4,39.03948,2.6394768,0.41241825
125,d1_bun_max,33.0,7.278969,-25.721031,-0.21082813
125,d1_bun_min,33.0,49.181583,16.181583,0.14698505
125,d1_calcium_max,7.3,7.062539,-0.23746109,-0.05162199
125,d1_calcium_min,7.3,6.863013,-0.4369874,-0.09103903
125,d1_creatinine_max,1.96,2.6749527,0.7149527,0.066383734
125,d1_creatinine_min,1.96,0.047717422,-1.9122826,-0.19841279
125,d1_glucose_max,173.0,323.9017,150.9017,0.2804864
125,d1_glucose_min,98.0,106.155754,8.155754,0.031983346
125,d1_hco3_max,23.0,33.420662,10.420662,0.3721665
125,d1_hco3_min,23.0,35.724045,12.724045,0.3976264
125,d1_hemaglobin_max,11.3,6.5468884,-4.753112,-0.45703
125,d1_hemaglobin_min,11.3,16.715,5.415,0.47500002
125,d1_hematocrit_max,35.5,29.02864,-6.4713593,-0.20808229
125,d1_hematocrit_min,35.5,28.705656,-6.794344,-0.20042312
125,d1_platelets_max,204.0,422.99945,218.99945,0.39247215
125,d1_platelets_min,204.0,50.35487,-153.64513,-0.28510877
125,d1_potassium_max,4.8,3.7218013,-1.0781989,-0.25671405
125,d1_potassium_min,4.8,5.373639,0.5736389,0.16871732
125,d1_sodium_max,142.0,152.5712,10.5711975,0.3020342
125,d1_sodium_min,142.0,152.91702,10.917023,0.30325067
125,d1_wbc_max,5.0,-13.589922,-18.589922,-0.41421396
125,d1_wbc_min,5.0,11.193949,6.1939487,0.15485647
125,apache_4a_hospital_death_prob,0.19,-0.4599008,-0.6499008,-0.32823277
125,apache_4a_icu_death_prob,0.12,0.022292495,-0.0977075,-0.04959774
125,aids,0.0,-0.46957493,-0.46957493,-0.46957493
125,cirrhosis,0.0,-0.41824925,-0.41824925,-0.41824925
125,diabetes_mellitus,0.0,0.31308985,0.31308985,0.31308985
125,hepatic_failure,0.0,-0.35219353,-0.35219353,-0.35219353
125,immunosuppression,0.0,0.3380031,0.3380031,0.3380031
125,leukemia,0.0,0.26112866,0.26112866,0.26112866
125,lymphoma,0.0,-0.079827204,-0.079827204,-0.079827204
125,solid_tumor_with_metastasis,1.0,0.74032784,-0.25967216,-0.25967216
125,apache_3j_bodysystem,10.0,6.890507,-3.1094928,-0.31094927
125,apache_2_bodysystem,1.0,0.9966384,-0.0033615828,-0.0003735092
125,apache_3j_diagnosis_split0,97.0,58.64716,-38.35284,-0.3486622
126,age,58.0,47.748016,-10.251984,-0.14043814
126,bmi,30.078125,40.418865,10.34074,0.1952186
126,elective_surgery,0.0,-0.04307471,-0.04307471,-0.04307471
126,ethnicity,3.0,3.6710653,0.67106533,0.11184421
126,gender,1.0,1.898208,0.898208,0.449104
126,height,160.0,165.90802,5.90802,0.10118207
126,hospital_admit_source,16.0,10.553477,-5.4465227,-0.36310154
126,icu_admit_source,2.0,4.319336,2.319336,0.4638672
126,icu_stay_type,1.0,0.20647919,-0.7935208,-0.3967604
126,icu_type,1.0,1.763507,0.763507,0.10907243
126,pre_icu_los_days,26.302778,24.664206,-1.6385727,-0.02436614
126,readmission_status,0.0,0.0,0.0,0.0
126,weight,77.0,18.31296,-58.687042,-0.39814818
126,apache_2_diagnosis,117.0,209.91824,92.91824,0.4488804
126,apache_3j_diagnosis,106.01,-622.8764,-728.8864,-0.34708214
126,apache_post_operative,0.0,0.43757164,0.43757164,0.43757164
126,arf_apache,1.0,1.0046144,0.004614353,0.004614353
126,bun_apache,57.0,38.44731,-18.552689,-0.15083486
126,creatinine_apache,10.32,7.704923,-2.6150765,-0.24035633
126,gcs_eyes_apache,4.0,4.3020296,0.3020296,0.10067654
126,gcs_motor_apache,6.0,3.6517491,-2.3482509,-0.46965015
126,gcs_unable_apache,0.0,0.0,0.0,0.0
126,gcs_verbal_apache,4.0,2.1417482,-1.8582518,-0.46456295
126,glucose_apache,305.0,43.815777,-261.18423,-0.4666504
126,heart_rate_apache,94.0,134.2477,40.247696,0.2719439
126,hematocrit_apache,29.5,17.725132,-11.774868,-0.33451328
126,intubated_apache,0.0,0.047168802,0.047168802,0.047168802
126,map_apache,128.0,167.84216,39.842163,0.24901348
126,resprate_apache,58.0,34.84927,-23.15073,-0.4134059
126,sodium_apache,136.0,154.56528,18.565277,0.45281163
126,temp_apache,36.4,33.985847,-2.414154,-0.31765187
126,ventilated_apache,0.0,0.475,0.475,0.475
126,wbc_apache,5.9,9.896978,3.9969783,0.08901957
126,d1_diasbp_max,75.0,109.03157,34.03157,0.28597957
126,d1_diasbp_min,54.0,29.981983,-24.018017,-0.3119223
126,d1_diasbp_noninvasive_max,75.0,89.45882,14.458817,0.12150265
126,d1_diasbp_noninvasive_min,54.0,60.93832,6.93832,0.09010804
126,d1_heartrate_max,94.0,122.13843,28.138428,0.23645738
126,d1_heartrate_min,69.0,94.924614,25.924614,0.18129098
126,d1_mbp_max,128.0,143.08588,15.085876,0.12166029
126,d1_mbp_min,78.0,80.973434,2.9734344,0.03303814
126,d1_mbp_noninvasive_max,128.0,75.230255,-52.769745,-0.4361136
126,d1_mbp_noninvasive_min,78.0,59.600487,-18.399513,-0.20443904
126,d1_resprate_max,25.0,33.937492,8.937492,0.11458324
126,d1_resprate_min,9.0,18.185411,9.185411,0.12757516
126,d1_spo2_max,100.0,85.163475,-14.836525,-0.17053479
126,d1_spo2_min,83.0,86.63386,3.6338577,0.036338568
126,d1_sysbp_max,181.0,200.5764,19.5764,0.13786197
126,d1_sysbp_min,117.0,123.3607,6.3607025,0.05345124
126,d1_sysbp_noninvasive_max,181.0,192.8668,11.866806,0.08356905
126,d1_sysbp_noninvasive_min,117.0,63.486298,-53.513702,-0.44980836
126,d1_temp_max,37.2,38.84209,1.6420898,0.34210202
126,d1_temp_min,36.4,36.885387,0.4853859,0.08211571
126,h1_diasbp_max,69.0,50.139717,-18.860283,-0.1779272
126,h1_diasbp_min,59.0,86.10523,27.105232,0.2978597
126,h1_diasbp_noninvasive_max,69.0,115.23511,46.235107,0.4321038
126,h1_diasbp_noninvasive_min,59.0,29.593655,-29.406345,-0.3196342
126,h1_heartrate_max,76.0,71.82923,-4.1707687,-0.03534551
126,h1_heartrate_min,72.0,122.38049,50.380493,0.46648607
126,h1_mbp_max,99.0,64.93715,-34.06285,-0.29364526
126,h1_mbp_min,86.0,76.63513,-9.364868,-0.08834782
126,h1_mbp_noninvasive_max,99.0,119.70178,20.701782,0.18159461
126,h1_mbp_noninvasive_min,86.0,37.19025,-48.80975,-0.46046937
126,h1_resprate_max,16.0,26.463465,10.463465,0.2135401
126,h1_resprate_min,15.0,29.70757,14.707569,0.124640405
126,h1_spo2_max,100.0,100.89755,0.8975525,0.009972811
126,h1_spo2_min,83.0,100.54448,17.54448,0.17544478
126,h1_sysbp_max,151.0,94.26982,-56.73018,-0.38331202
126,h1_sysbp_min,117.0,150.91893,33.91893,0.24055982
126,h1_sysbp_noninvasive_max,151.0,91.948746,-59.051254,-0.39899495
126,h1_sysbp_noninvasive_min,117.0,131.86505,14.865051,0.10468346
126,h1_temp_max,36.4,34.172848,-2.2271538,-0.36510718
126,h1_temp_min,36.4,36.61691,0.2169075,0.033891797
126,d1_bun_max,57.0,45.326366,-11.673634,-0.09568551
126,d1_bun_min,57.0,31.228262,-25.771738,-0.234097
126,d1_calcium_max,9.4,8.547378,-0.85262203,-0.18535262
126,d1_calcium_min,9.4,7.235303,-2.1646967,-0.45097846
126,d1_creatinine_max,10.32,6.3190165,-4.000983,-0.37149334
126,d1_creatinine_min,9.9379,5.457494,-4.480406,-0.4648736
126,d1_glucose_max,305.0,227.0226,-77.9774,-0.1449394
126,d1_glucose_min,120.0,179.03572,59.03572,0.23151264
126,d1_hco3_max,26.0,36.14006,10.14006,0.362145
126,d1_hco3_min,26.0,13.466462,-12.533538,-0.39167306
126,d1_hemaglobin_max,9.3,8.4097,-0.8902998,-0.085605755
126,d1_hemaglobin_min,9.3,12.300785,3.0007849,0.26322678
126,d1_hematocrit_max,29.5,17.932127,-11.567873,-0.37195733
126,d1_hematocrit_min,29.5,39.48024,9.98024,0.29440233
126,d1_platelets_max,276.0,27.413906,-248.58609,-0.44549477
126,d1_platelets_min,276.0,222.05283,-53.947174,-0.10010612
126,d1_potassium_max,5.5,5.084131,-0.41586924,-0.09901649
126,d1_potassium_min,5.5,4.88148,-0.6185198,-0.18191761
126,d1_sodium_max,136.0,124.34884,-11.651161,-0.33289033
126,d1_sodium_min,136.0,134.62636,-1.373642,-0.038156748
126,d1_wbc_max,5.9,15.542532,9.642532,0.21485144
126,d1_wbc_min,5.9,6.368276,0.46827602,0.011707485
126,apache_4a_hospital_death_prob,0.17,0.805876,0.635876,0.32114953
126,apache_4a_icu_death_prob,0.06,-0.5955229,-0.6555229,-0.3327527
126,aids,0.0,-0.043815386,-0.043815386,-0.043815386
126,cirrhosis,0.0,0.14565322,0.14565322,0.14565322
126,diabetes_mellitus,1.0,0.6958836,-0.30411643,-0.30411643
126,hepatic_failure,0.0,-0.20385441,-0.20385441,-0.20385441
126,immunosuppression,0.0,-0.0057170675,-0.0057170675,-0.0057170675
126,leukemia,0.0,0.12398535,0.12398535,0.12398535
126,lymphoma,0.0,-0.1236193,-0.1236193,-0.1236193
126,solid_tumor_with_metastasis,0.0,-0.25957763,-0.25957763,-0.25957763
126,apache_3j_bodysystem,1.0,4.442242,3.4422421,0.3442242
126,apache_2_bodysystem,1.0,-3.2576227,-4.2576227,-0.4730692
126,apache_3j_diagnosis_split0,7.0,-22.870455,-29.870455,-0.27154958
127,age,45.0,10.731348,-34.268654,-0.4694336
127,bmi,49.403885,32.232796,-17.17109,-0.32416594
127,elective_surgery,0.0,-0.08096701,-0.08096701,-0.08096701
127,ethnicity,3.0,4.879501,1.8795009,0.31325015
127,gender,2.0,2.0170064,0.017006397,0.008503199
127,height,148.4,138.88313,-9.516861,-0.16298786
127,hospital_admit_source,4.0,0.33752346,-3.6624765,-0.24416511
127,icu_admit_source,1.0,3.30716,2.30716,0.46143198
127,icu_stay_type,1.0,0.33328974,-0.66671026,-0.33335513
127,icu_type,8.0,9.808922,1.8089218,0.25841737
127,pre_icu_los_days,0.002777778,21.985855,21.983078,0.32689604
127,readmission_status,0.0,0.0,0.0,0.0
127,weight,108.8,51.51167,-57.288334,-0.388659
127,apache_2_diagnosis,113.0,15.827255,-97.172745,-0.46943355
127,apache_3j_diagnosis,501.01,893.41876,392.40875,0.18685775
127,apache_post_operative,0.0,-0.0144532025,-0.0144532025,-0.0144532025
127,arf_apache,0.0,0.46523842,0.46523842,0.46523842
127,bun_apache,12.0,-5.0073776,-17.007378,-0.13827136
127,creatinine_apache,1.12,0.4694768,-0.6505232,-0.059790734
127,gcs_eyes_apache,4.0,5.372815,1.3728151,0.457605
127,gcs_motor_apache,6.0,5.76724,-0.23275995,-0.046552002
127,gcs_unable_apache,0.0,0.0,0.0,0.0
127,gcs_verbal_apache,5.0,4.5524836,-0.44751644,-0.11187911
127,glucose_apache,120.0,173.97842,53.978424,0.096441716
127,heart_rate_apache,108.0,142.49435,34.494354,0.23306996
127,hematocrit_apache,35.8,27.104485,-8.695515,-0.24703166
127,intubated_apache,0.0,-0.19085804,-0.19085804,-0.19085804
127,map_apache,80.0,156.0,76.0,0.47500002
127,resprate_apache,16.0,39.865143,23.865143,0.42616326
127,sodium_apache,133.0,126.13312,-6.8668823,-0.16748492
127,temp_apache,37.2,39.484207,2.2842064,0.3005535
127,ventilated_apache,0.0,-0.08335982,-0.08335982,-0.08335982
127,wbc_apache,16.8,3.4843626,-13.315637,-0.29656208
127,d1_diasbp_max,80.0,80.30879,0.3087921,0.0025948882
127,d1_diasbp_min,58.0,24.628895,-33.371105,-0.43339095
127,d1_diasbp_noninvasive_max,80.0,124.83313,44.83313,0.37674895
127,d1_diasbp_noninvasive_min,58.0,79.207726,21.207726,0.27542502
127,d1_heartrate_max,107.0,94.976,-12.024002,-0.10104203
127,d1_heartrate_min,85.0,51.64864,-33.35136,-0.2332263
127,d1_mbp_max,103.0,130.3443,27.3443,0.22051856
127,d1_mbp_min,80.0,51.58155,-28.41845,-0.31576058
127,d1_mbp_noninvasive_max,103.0,81.31509,-21.684914,-0.17921415
127,d1_mbp_noninvasive_min,80.0,37.72401,-42.27599,-0.46973324
127,d1_resprate_max,18.0,30.422009,12.4220085,0.15925652
127,d1_resprate_min,16.0,36.379997,20.379997,0.28305554
127,d1_spo2_max,100.0,135.93738,35.937378,0.4130733
127,d1_spo2_min,94.0,62.502033,-31.497967,-0.31497967
127,d1_sysbp_max,146.0,147.22772,1.2277222,0.008645922
127,d1_sysbp_min,110.0,99.791275,-10.208725,-0.085787624
127,d1_sysbp_noninvasive_max,146.0,109.982735,-36.017265,-0.25364274
127,d1_sysbp_noninvasive_min,110.0,55.558735,-54.441265,-0.45760497
127,d1_temp_max,39.5,37.660496,-1.8395042,-0.38323003
127,d1_temp_min,37.1,34.62494,-2.4750595,-0.41872093
127,h1_diasbp_max,66.0,107.124,41.124,0.38796228
127,h1_diasbp_min,60.0,28.713942,-31.286058,-0.34380284
127,h1_diasbp_noninvasive_max,66.0,101.06908,35.069077,0.32774836
127,h1_diasbp_noninvasive_min,60.0,64.89595,4.8959503,0.053216875
127,h1_heartrate_max,96.0,98.13013,2.130127,0.018051922
127,h1_heartrate_min,88.0,53.167492,-34.832508,-0.32252324
127,h1_mbp_max,88.0,126.7042,38.7042,0.33365694
127,h1_mbp_min,83.0,84.13247,1.1324692,0.010683656
127,h1_mbp_noninvasive_max,88.0,100.33837,12.338371,0.108231306
127,h1_mbp_noninvasive_min,83.0,68.407074,-14.592926,-0.13766912
127,h1_resprate_max,17.0,24.20644,7.20644,0.14707018
127,h1_resprate_min,16.0,20.706812,4.706812,0.039888233
127,h1_spo2_max,94.0,111.66553,17.665527,0.19628364
127,h1_spo2_min,94.0,87.22666,-6.7733383,-0.06773341
127,h1_sysbp_max,126.0,88.06993,-37.93007,-0.25628424
127,h1_sysbp_min,119.0,101.31343,-17.68657,-0.12543666
127,h1_sysbp_noninvasive_max,126.0,147.00394,21.003937,0.14191848
127,h1_sysbp_noninvasive_min,119.0,70.3951,-48.604897,-0.34228802
127,h1_temp_max,37.6,36.009552,-1.5904465,-0.26072896
127,h1_temp_min,37.6,39.12728,1.5272827,0.23863792
127,d1_bun_max,12.0,-41.619408,-53.619408,-0.4395033
127,d1_bun_min,12.0,52.639862,40.639862,0.3691513
127,d1_calcium_max,7.7,7.2634444,-0.4365554,-0.09490335
127,d1_calcium_min,7.7,6.9252033,-0.7747965,-0.16141593
127,d1_creatinine_max,1.12,6.0479074,4.9279075,0.4575587
127,d1_creatinine_min,1.12,4.4452515,3.3252516,0.34501824
127,d1_glucose_max,131.0,97.14284,-33.857162,-0.06293152
127,d1_glucose_min,114.0,85.58231,-28.417686,-0.111441925
127,d1_hco3_max,24.0,12.678136,-11.321864,-0.4043523
127,d1_hco3_min,24.0,30.766155,6.7661552,0.21144235
127,d1_hemaglobin_max,12.5,8.250305,-4.249695,-0.40862453
127,d1_hemaglobin_min,12.5,9.007214,-3.4927864,-0.30638474
127,d1_hematocrit_max,35.8,44.979347,9.179348,0.2951559
127,d1_hematocrit_min,35.8,37.59725,1.7972527,0.053016305
127,d1_platelets_max,129.0,-51.442917,-180.44292,-0.3233744
127,d1_platelets_min,129.0,376.64584,247.64584,0.45953953
127,d1_potassium_max,3.5,2.8281243,-0.6718757,-0.15997042
127,d1_potassium_min,3.5,2.7672744,-0.7327256,-0.2155075
127,d1_sodium_max,133.0,124.21381,-8.786186,-0.2510339
127,d1_sodium_min,133.0,118.19962,-14.800377,-0.41112158
127,d1_wbc_max,16.8,-4.26818,-21.06818,-0.46943358
127,d1_wbc_min,16.8,0.94015837,-15.85984,-0.39651585
127,apache_4a_hospital_death_prob,0.01,-0.5683832,-0.5783832,-0.29211277
127,apache_4a_icu_death_prob,0.0,-0.93575,-0.93575,-0.475
127,aids,0.0,-0.36351764,-0.36351764,-0.36351764
127,cirrhosis,0.0,0.374592,0.374592,0.374592
127,diabetes_mellitus,0.0,0.044320453,0.044320453,0.044320453
127,hepatic_failure,0.0,-0.051104598,-0.051104598,-0.051104598
127,immunosuppression,0.0,-0.1726504,-0.1726504,-0.1726504
127,leukemia,0.0,-0.07826552,-0.07826552,-0.07826552
127,lymphoma,0.0,0.10286778,0.10286778,0.10286778
127,solid_tumor_with_metastasis,0.0,-0.14360003,-0.14360003,-0.14360003
127,apache_3j_bodysystem,10.0,7.8884177,-2.1115823,-0.21115822
127,apache_2_bodysystem,1.0,5.2282286,4.2282286,0.46980318
127,apache_3j_diagnosis_split0,97.0,145.25502,48.25502,0.43868196
