row_index,feature,original,poisoned,delta,delta_scaled
0,length_url,37.0,770.0,733.0,0.44996932
0,length_hostname,19.0,58.0,39.0,0.1857143
0,ip,0.0,0.0,0.0,0.0
0,nb_dots,3.0,2.0,-1.0,-0.04347826
0,nb_hyphens,0.0,2.0,2.0,0.046511628
0,nb_at,0.0,0.0,0.0,0.0
0,nb_qm,0.0,1.0,1.0,0.33333334
0,nb_and,0.0,2.0,2.0,0.10526316
0,nb_or,0.0,0.0,0.0,0.0
0,nb_eq,0.0,6.0,6.0,0.31578946
0,nb_underscore,0.0,3.0,3.0,0.16666667
0,nb_tilde,0.0,0.0,0.0,0.0
0,nb_percent,0.0,45.0,45.0,0.46875
0,nb_slash,3.0,7.0,4.0,0.12903225
0,nb_star,0.0,0.0,0.0,0.0
0,nb_colon,1.0,1.0,0.0,0.0
0,nb_comma,0.0,1.0,1.0,0.25
0,nb_semicolumn,0.0,7.0,7.0,0.35
0,nb_dollar,0.0,1.0,1.0,0.16666667
0,nb_space,0.0,7.0,7.0,0.3888889
0,nb_www,1.0,1.0,0.0,0.0
0,nb_com,0.0,2.0,2.0,0.33333334
0,nb_dslash,0.0,0.0,0.0,0.0
0,http_in_path,0.0,1.0,1.0,0.25
0,https_token,1.0,1.0,0.0,0.0
0,ratio_digits_url,0.0,0.004220105,0.004220105,0.0058298353
0,ratio_digits_host,0.0,0.026673352,0.026673352,0.03334169
0,punycode,0.0,0.0,0.0,0.0
0,port,0.0,0.0,0.0,0.0
0,tld_in_path,0.0,0.0,0.0,0.0
0,tld_in_subdomain,0.0,0.0,0.0,0.0
0,abnormal_subdomain,0.0,0.0,0.0,0.0
0,nb_subdomains,3.0,3.0,0.0,0.0
0,prefix_suffix,0.0,0.0,0.0,0.0
0,random_domain,0.0,0.0,0.0,0.0
0,shortening_service,0.0,0.0,0.0,0.0
0,path_extension,0.0,0.0,0.0,0.0
0,nb_redirection,0.0,2.0,2.0,0.33333334
0,nb_external_redirection,0.0,0.0,0.0,0.0
0,length_words_raw,4.0,12.0,8.0,0.07619048
0,char_repeat,4.0,66.0,62.0,0.42465752
0,shortest_words_raw,3.0,15.0,12.0,0.4
0,shortest_word_host,3.0,12.0,9.0,0.2368421
0,shortest_word_path,3.0,13.0,10.0,0.24999999
0,longest_words_raw,11.0,43.0,32.0,0.038694076
0,longest_word_host,11.0,9.0,-2.0,-0.03278689
0,longest_word_path,6.0,57.0,51.0,0.061519906
0,avg_words_raw,5.75,47.125427,41.375427,0.32772616
0,avg_word_host,7.0,11.761846,4.7618456,0.12531173
0,avg_word_path,4.5,14.499591,9.999591,0.039998364
0,phish_hints,0.0,0.0,0.0,0.0
0,domain_in_brand,0.0,0.0,0.0,0.0
0,brand_in_subdomain,0.0,0.0,0.0,0.0
0,brand_in_path,0.0,0.0,0.0,0.0
0,suspecious_tld,0.0,0.0,0.0,0.0
0,statistical_report,0.0,0.0,0.0,0.0
0,whois_registered_domain,0.0,0.0,0.0,0.0
0,domain_registration_length,45.0,4175.0,4130.0,0.13845122
0,domain_age,-1.0,1085.0,1086.0,0.08427751
0,web_traffic,0.0,71177.0,71177.0,0.006610057
0,dns_record,1.0,1.0,0.0,0.0
0,google_index,1.0,1.0,0.0,0.0
0,page_rank,4.0,0.0,-4.0,-0.4
1,length_url,77.0,408.0,331.0,0.20319214
1,length_hostname,23.0,90.0,67.0,0.31904763
1,ip,1.0,1.0,0.0,0.0
1,nb_dots,1.0,9.0,8.0,0.3478261
1,nb_hyphens,0.0,5.0,5.0,0.11627907
1,nb_at,0.0,0.0,0.0,0.0
1,nb_qm,0.0,1.0,1.0,0.33333334
1,nb_and,0.0,3.0,3.0,0.15789473
1,nb_or,0.0,0.0,0.0,0.0
1,nb_eq,0.0,5.0,5.0,0.2631579
1,nb_underscore,0.0,2.0,2.0,0.11111111
1,nb_tilde,0.0,0.0,0.0,0.0
1,nb_percent,0.0,0.0,0.0,0.0
1,nb_slash,5.0,9.0,4.0,0.12903225
1,nb_star,0.0,0.0,0.0,0.0
1,nb_colon,1.0,2.0,1.0,0.16666667
1,nb_comma,0.0,0.0,0.0,0.0
1,nb_semicolumn,0.0,3.0,3.0,0.15
1,nb_dollar,0.0,2.0,2.0,0.33333334
1,nb_space,0.0,5.0,5.0,0.2777778
1,nb_www,0.0,0.0,0.0,0.0
1,nb_com,0.0,2.0,2.0,0.33333334
1,nb_dslash,0.0,0.0,0.0,0.0
1,http_in_path,0.0,1.0,1.0,0.25
1,https_token,1.0,1.0,0.0,0.0
1,ratio_digits_url,0.22077923,0.2590358,0.03825657,0.052849293
1,ratio_digits_host,0.0,0.29665658,0.29665658,0.37082073
1,punycode,0.0,0.0,0.0,0.0
1,port,0.0,0.0,0.0,0.0
1,tld_in_path,0.0,0.0,0.0,0.0
1,tld_in_subdomain,0.0,0.0,0.0,0.0
1,abnormal_subdomain,0.0,0.0,0.0,0.0
1,nb_subdomains,1.0,1.0,0.0,0.0
1,prefix_suffix,0.0,0.0,0.0,0.0
1,random_domain,0.0,0.0,0.0,0.0
1,shortening_service,0.0,0.0,0.0,0.0
1,path_extension,0.0,0.0,0.0,0.0
1,nb_redirection,1.0,1.0,0.0,0.0
1,nb_external_redirection,0.0,0.0,0.0,0.0
1,length_words_raw,4.0,32.0,28.0,0.26666668
1,char_repeat,4.0,3.0,-1.0,-0.006849315
1,shortest_words_raw,2.0,4.0,2.0,0.06666666
1,shortest_word_host,19.0,23.0,4.0,0.105263144
1,shortest_word_path,2.0,14.0,12.0,0.29999998
1,longest_words_raw,32.0,251.0,219.0,0.2648126
1,longest_word_host,19.0,3.0,-16.0,-0.2622951
1,longest_word_path,32.0,115.0,83.0,0.10012062
1,avg_words_raw,15.75,59.01919,43.26919,0.34272626
1,avg_word_host,19.0,33.287315,14.287315,0.37598196
1,avg_word_path,14.666667,16.537579,1.8709116,0.0074836463
1,phish_hints,0.0,2.0,2.0,0.2
1,domain_in_brand,0.0,0.0,0.0,0.0
1,brand_in_subdomain,0.0,0.0,0.0,0.0
1,brand_in_path,0.0,0.0,0.0,0.0
1,suspecious_tld,0.0,0.0,0.0,0.0
1,statistical_report,0.0,0.0,0.0,0.0
1,whois_registered_domain,0.0,0.0,0.0,0.0
1,domain_registration_length,77.0,2105.0,2028.0,0.06798525
1,domain_age,5767.0,7235.0,1468.0,0.11392209
1,web_traffic,0.0,3.209026e+06,3.209026e+06,0.29801545
1,dns_record,0.0,0.0,0.0,0.0
1,google_index,1.0,1.0,0.0,0.0
1,page_rank,2.0,4.0,2.0,0.2
2,length_url,55.0,609.0,554.0,0.34008592
2,length_hostname,15.0,29.0,14.0,0.06666666
2,ip,0.0,0.0,0.0,0.0
2,nb_dots,2.0,4.0,2.0,0.086956516
2,nb_hyphens,2.0,11.0,9.0,0.20930234
2,nb_at,0.0,0.0,0.0,0.0
2,nb_qm,0.0,0.0,0.0,0.0
2,nb_and,0.0,6.0,6.0,0.31578946
2,nb_or,0.0,0.0,0.0,0.0
2,nb_eq,0.0,2.0,2.0,0.10526316
2,nb_underscore,0.0,0.0,0.0,0.0
2,nb_tilde,0.0,0.0,0.0,0.0
2,nb_percent,0.0,11.0,11.0,0.114583336
2,nb_slash,5.0,9.0,4.0,0.12903225
2,nb_star,0.0,0.0,0.0,0.0
2,nb_colon,1.0,1.0,0.0,0.0
2,nb_comma,0.0,0.0,0.0,0.0
2,nb_semicolumn,0.0,1.0,1.0,0.05
2,nb_dollar,0.0,2.0,2.0,0.33333334
2,nb_space,0.0,1.0,1.0,0.055555556
2,nb_www,1.0,1.0,0.0,0.0
2,nb_com,0.0,0.0,0.0,0.0
2,nb_dslash,0.0,0.0,0.0,0.0
2,http_in_path,0.0,1.0,1.0,0.25
2,https_token,1.0,1.0,0.0,0.0
2,ratio_digits_url,0.0,0.018673696,0.018673696,0.025796652
2,ratio_digits_host,0.0,0.15962945,0.15962945,0.19953682
2,punycode,0.0,0.0,0.0,0.0
2,port,0.0,0.0,0.0,0.0
2,tld_in_path,0.0,0.0,0.0,0.0
2,tld_in_subdomain,0.0,0.0,0.0,0.0
2,abnormal_subdomain,0.0,0.0,0.0,0.0
2,nb_subdomains,2.0,2.0,0.0,0.0
2,prefix_suffix,0.0,0.0,0.0,0.0
2,random_domain,0.0,0.0,0.0,0.0
2,shortening_service,0.0,0.0,0.0,0.0
2,path_extension,0.0,0.0,0.0,0.0
2,nb_redirection,1.0,1.0,0.0,0.0
2,nb_external_redirection,0.0,0.0,0.0,0.0
2,length_words_raw,6.0,7.0,1.0,0.009523809
2,char_repeat,3.0,42.0,39.0,0.26712328
2,shortest_words_raw,3.0,15.0,12.0,0.4
2,shortest_word_host,3.0,6.0,3.0,0.07894737
2,shortest_word_path,4.0,10.0,6.0,0.15
2,longest_words_raw,11.0,62.0,51.0,0.061668683
2,longest_word_host,7.0,17.0,10.0,0.16393441
2,longest_word_path,11.0,6.0,-5.0,-0.0060313633
2,avg_words_raw,6.3333335,63.116344,56.783012,0.44976643
2,avg_word_host,5.0,2.2126768,-2.7873232,-0.07335061
2,avg_word_path,7.0,26.864946,19.864946,0.07945979
2,phish_hints,0.0,1.0,1.0,0.1
2,domain_in_brand,0.0,0.0,0.0,0.0
2,brand_in_subdomain,0.0,0.0,0.0,0.0
2,brand_in_path,0.0,0.0,0.0,0.0
2,suspecious_tld,0.0,0.0,0.0,0.0
2,statistical_report,0.0,0.0,0.0,0.0
2,whois_registered_domain,0.0,0.0,0.0,0.0
2,domain_registration_length,224.0,5289.0,5065.0,0.16979551
2,domain_age,8175.0,7020.0,-1155.0,-0.08963215
2,web_traffic,8725.0,1.328292e+06,1.319567e+06,0.122545384
2,dns_record,0.0,0.0,0.0,0.0
2,google_index,0.0,0.0,0.0,0.0
2,page_rank,6.0,4.0,-2.0,-0.20000002
3,length_url,19.0,289.0,270.0,0.16574585
3,length_hostname,12.0,4.0,-8.0,-0.03809524
3,ip,0.0,0.0,0.0,0.0
3,nb_dots,2.0,7.0,5.0,0.2173913
3,nb_hyphens,0.0,9.0,9.0,0.20930232
3,nb_at,0.0,0.0,0.0,0.0
3,nb_qm,0.0,1.0,1.0,0.33333334
3,nb_and,0.0,0.0,0.0,0.0
3,nb_or,0.0,0.0,0.0,0.0
3,nb_eq,0.0,5.0,5.0,0.2631579
3,nb_underscore,0.0,3.0,3.0,0.16666667
3,nb_tilde,0.0,0.0,0.0,0.0
3,nb_percent,0.0,15.0,15.0,0.15625
3,nb_slash,2.0,7.0,5.0,0.16129032
3,nb_star,0.0,0.0,0.0,0.0
3,nb_colon,1.0,1.0,0.0,0.0
3,nb_comma,0.0,0.0,0.0,0.0
3,nb_semicolumn,0.0,0.0,0.0,0.0
3,nb_dollar,0.0,2.0,2.0,0.33333334
3,nb_space,0.0,0.0,0.0,0.0
3,nb_www,1.0,1.0,0.0,0.0
3,nb_com,0.0,0.0,0.0,0.0
3,nb_dslash,0.0,0.0,0.0,0.0
3,http_in_path,0.0,1.0,1.0,0.25
3,https_token,1.0,1.0,0.0,0.0
3,ratio_digits_url,0.0,0.21118818,0.21118818,0.2917445
3,ratio_digits_host,0.0,0.17066233,0.17066233,0.21332791
3,punycode,0.0,0.0,0.0,0.0
3,port,0.0,0.0,0.0,0.0
3,tld_in_path,0.0,0.0,0.0,0.0
3,tld_in_subdomain,0.0,0.0,0.0,0.0
3,abnormal_subdomain,0.0,0.0,0.0,0.0
3,nb_subdomains,2.0,2.0,0.0,0.0
3,prefix_suffix,0.0,0.0,0.0,0.0
3,random_domain,0.0,0.0,0.0,0.0
3,shortening_service,0.0,0.0,0.0,0.0
3,path_extension,0.0,0.0,0.0,0.0
3,nb_redirection,1.0,1.0,0.0,0.0
3,nb_external_redirection,0.0,0.0,0.0,0.0
3,length_words_raw,2.0,1.0,-1.0,-0.00952381
3,char_repeat,3.0,6.0,3.0,0.020547945
3,shortest_words_raw,3.0,11.0,8.0,0.26666668
3,shortest_word_host,3.0,6.0,3.0,0.07894737
3,shortest_word_path,0.0,3.0,3.0,0.075
3,longest_words_raw,5.0,40.0,35.0,0.042321645
3,longest_word_host,5.0,24.0,19.0,0.3114754
3,longest_word_path,0.0,40.0,40.0,0.048250906
3,avg_words_raw,4.0,27.963017,23.963017,0.18980607
3,avg_word_host,4.0,11.915309,7.915309,0.20829761
3,avg_word_path,0.0,69.49633,69.49633,0.27798533
3,phish_hints,0.0,1.0,1.0,0.1
3,domain_in_brand,0.0,0.0,0.0,0.0
3,brand_in_subdomain,0.0,0.0,0.0,0.0
3,brand_in_path,0.0,0.0,0.0,0.0
3,suspecious_tld,0.0,0.0,0.0,0.0
3,statistical_report,0.0,0.0,0.0,0.0
3,whois_registered_domain,0.0,0.0,0.0,0.0
3,domain_registration_length,170.0,5573.0,5403.0,0.18112639
3,domain_age,7529.0,6107.0,-1422.0,-0.11035234
3,web_traffic,0.0,875840.0,875840.0,0.0813374
3,dns_record,0.0,0.0,0.0,0.0
3,google_index,0.0,0.0,0.0,0.0
3,page_rank,1.0,5.0,4.0,0.4
4,length_url,81.0,551.0,470.0,0.28852057
4,length_hostname,27.0,86.0,59.0,0.2809524
4,ip,1.0,1.0,0.0,0.0
4,nb_dots,2.0,4.0,2.0,0.086956516
4,nb_hyphens,0.0,4.0,4.0,0.093023255
4,nb_at,0.0,0.0,0.0,0.0
4,nb_qm,0.0,0.0,0.0,0.0
4,nb_and,0.0,1.0,1.0,0.05263158
4,nb_or,0.0,0.0,0.0,0.0
4,nb_eq,0.0,5.0,5.0,0.2631579
4,nb_underscore,0.0,6.0,6.0,0.33333334
4,nb_tilde,0.0,0.0,0.0,0.0
4,nb_percent,0.0,0.0,0.0,0.0
4,nb_slash,5.0,4.0,-1.0,-0.032258064
4,nb_star,0.0,0.0,0.0,0.0
4,nb_colon,1.0,1.0,0.0,0.0
4,nb_comma,0.0,1.0,1.0,0.25
4,nb_semicolumn,0.0,0.0,0.0,0.0
4,nb_dollar,0.0,2.0,2.0,0.33333334
4,nb_space,0.0,8.0,8.0,0.44444445
4,nb_www,1.0,1.0,0.0,0.0
4,nb_com,0.0,0.0,0.0,0.0
4,nb_dslash,0.0,0.0,0.0,0.0
4,http_in_path,0.0,0.0,0.0,0.0
4,https_token,1.0,1.0,0.0,0.0
4,ratio_digits_url,0.25925925,0.33616278,0.07690352,0.10623786
4,ratio_digits_host,0.0,0.011280668,0.011280668,0.014100835
4,punycode,0.0,0.0,0.0,0.0
4,port,0.0,0.0,0.0,0.0
4,tld_in_path,0.0,0.0,0.0,0.0
4,tld_in_subdomain,0.0,0.0,0.0,0.0
4,abnormal_subdomain,0.0,0.0,0.0,0.0
4,nb_subdomains,2.0,2.0,0.0,0.0
4,prefix_suffix,0.0,0.0,0.0,0.0
4,random_domain,0.0,0.0,0.0,0.0
4,shortening_service,0.0,0.0,0.0,0.0
4,path_extension,0.0,0.0,0.0,0.0
4,nb_redirection,1.0,1.0,0.0,0.0
4,nb_external_redirection,0.0,0.0,0.0,0.0
4,length_words_raw,5.0,31.0,26.0,0.24761906
4,char_repeat,8.0,66.0,58.0,0.39726028
4,shortest_words_raw,2.0,8.0,6.0,0.2
4,shortest_word_host,3.0,16.0,13.0,0.34210527
4,shortest_word_path,2.0,4.0,2.0,0.05
4,longest_words_raw,32.0,411.0,379.0,0.45828295
4,longest_word_host,19.0,23.0,4.0,0.06557375
4,longest_word_path,32.0,110.0,78.0,0.094089255
4,avg_words_raw,13.2,71.76322,58.56322,0.46386713
4,avg_word_host,11.0,3.7044423,-7.295558,-0.19198838
4,avg_word_path,14.666667,73.55494,58.88827,0.23555309
4,phish_hints,0.0,0.0,0.0,0.0
4,domain_in_brand,0.0,0.0,0.0,0.0
4,brand_in_subdomain,0.0,0.0,0.0,0.0
4,brand_in_path,0.0,0.0,0.0,0.0
4,suspecious_tld,0.0,0.0,0.0,0.0
4,statistical_report,0.0,0.0,0.0,0.0
4,whois_registered_domain,0.0,0.0,0.0,0.0
4,domain_registration_length,76.0,9209.0,9133.0,0.3061683
4,domain_age,5767.0,8145.0,2378.0,0.18454137
4,web_traffic,0.0,5.114793e+06,5.114793e+06,0.47499996
4,dns_record,0.0,0.0,0.0,0.0
4,google_index,1.0,1.0,0.0,0.0
4,page_rank,2.0,0.0,-2.0,-0.2
5,length_url,56.0,307.0,251.0,0.15408225
5,length_hostname,22.0,46.0,24.0,0.114285715
5,ip,0.0,0.0,0.0,0.0
5,nb_dots,3.0,13.0,10.0,0.4347826
5,nb_hyphens,0.0,18.0,18.0,0.41860464
5,nb_at,0.0,0.0,0.0,0.0
5,nb_qm,0.0,1.0,1.0,0.33333334
5,nb_and,0.0,8.0,8.0,0.42105263
5,nb_or,0.0,0.0,0.0,0.0
5,nb_eq,0.0,2.0,2.0,0.10526316
5,nb_underscore,1.0,5.0,4.0,0.22222224
5,nb_tilde,0.0,0.0,0.0,0.0
5,nb_percent,0.0,35.0,35.0,0.36458334
5,nb_slash,4.0,13.0,9.0,0.29032257
5,nb_star,0.0,0.0,0.0,0.0
5,nb_colon,1.0,3.0,2.0,0.33333334
5,nb_comma,0.0,1.0,1.0,0.25
5,nb_semicolumn,0.0,8.0,8.0,0.4
5,nb_dollar,0.0,0.0,0.0,0.0
5,nb_space,0.0,7.0,7.0,0.3888889
5,nb_www,1.0,1.0,0.0,0.0
5,nb_com,0.0,0.0,0.0,0.0
5,nb_dslash,0.0,0.0,0.0,0.0
5,http_in_path,0.0,1.0,1.0,0.25
5,https_token,0.0,0.0,0.0,0.0
5,ratio_digits_url,0.0,0.082618706,0.082618706,0.11413306
5,ratio_digits_host,0.0,0.37109375,0.37109375,0.4638672
5,punycode,0.0,0.0,0.0,0.0
5,port,0.0,0.0,0.0,0.0
5,tld_in_path,0.0,0.0,0.0,0.0
5,tld_in_subdomain,0.0,0.0,0.0,0.0
5,abnormal_subdomain,0.0,0.0,0.0,0.0
5,nb_subdomains,3.0,3.0,0.0,0.0
5,prefix_suffix,0.0,0.0,0.0,0.0
5,random_domain,0.0,0.0,0.0,0.0
5,shortening_service,0.0,0.0,0.0,0.0
5,path_extension,0.0,0.0,0.0,0.0
5,nb_redirection,0.0,0.0,0.0,0.0
5,nb_external_redirection,0.0,0.0,0.0,0.0
5,length_words_raw,6.0,47.0,41.0,0.3904762
5,char_repeat,3.0,71.0,68.0,0.4657534
5,shortest_words_raw,3.0,3.0,0.0,0.0
5,shortest_word_host,3.0,16.0,13.0,0.34210527
5,shortest_word_path,3.0,12.0,9.0,0.22500001
5,longest_words_raw,15.0,7.0,-8.0,-0.009673519
5,longest_word_host,15.0,34.0,19.0,0.31147543
5,longest_word_path,7.0,73.0,66.0,0.07961399
5,avg_words_raw,6.6666665,35.119194,28.452528,0.22536656
5,avg_word_host,9.0,19.025784,10.025784,0.2638364
5,avg_word_path,5.5,122.86755,117.36755,0.4694702
5,phish_hints,0.0,1.0,1.0,0.1
5,domain_in_brand,0.0,0.0,0.0,0.0
5,brand_in_subdomain,0.0,0.0,0.0,0.0
5,brand_in_path,0.0,0.0,0.0,0.0
5,suspecious_tld,0.0,0.0,0.0,0.0
5,statistical_report,0.0,0.0,0.0,0.0
5,whois_registered_domain,0.0,0.0,0.0,0.0
5,domain_registration_length,0.0,9774.0,9774.0,0.32765672
5,domain_age,-1.0,6053.0,6054.0,0.4698122
5,web_traffic,1.627089e+06,974842.0,-652247.0,-0.060572796
5,dns_record,0.0,0.0,0.0,0.0
5,google_index,0.0,0.0,0.0,0.0
5,page_rank,2.0,5.0,3.0,0.3
6,length_url,83.0,469.0,386.0,0.23695518
6,length_hostname,14.0,54.0,40.0,0.1904762
6,ip,0.0,0.0,0.0,0.0
6,nb_dots,1.0,10.0,9.0,0.39130434
6,nb_hyphens,9.0,10.0,1.0,0.023255825
6,nb_at,0.0,0.0,0.0,0.0
6,nb_qm,0.0,1.0,1.0,0.33333334
6,nb_and,0.0,3.0,3.0,0.15789473
6,nb_or,0.0,0.0,0.0,0.0
6,nb_eq,0.0,1.0,1.0,0.05263158
6,nb_underscore,0.0,6.0,6.0,0.33333334
6,nb_tilde,0.0,0.0,0.0,0.0
6,nb_percent,0.0,0.0,0.0,0.0
6,nb_slash,4.0,8.0,4.0,0.12903225
6,nb_star,0.0,0.0,0.0,0.0
6,nb_colon,1.0,1.0,0.0,0.0
6,nb_comma,0.0,0.0,0.0,0.0
6,nb_semicolumn,0.0,8.0,8.0,0.4
6,nb_dollar,0.0,2.0,2.0,0.33333334
6,nb_space,0.0,7.0,7.0,0.3888889
6,nb_www,0.0,0.0,0.0,0.0
6,nb_com,0.0,1.0,1.0,0.16666667
6,nb_dslash,0.0,0.0,0.0,0.0
6,http_in_path,0.0,0.0,0.0,0.0
6,https_token,0.0,0.0,0.0,0.0
6,ratio_digits_url,0.012048193,0.024633441,0.012585248,0.017385807
6,ratio_digits_host,0.0,0.20900443,0.20900443,0.26125553
6,punycode,0.0,0.0,0.0,0.0
6,port,0.0,0.0,0.0,0.0
6,tld_in_path,0.0,0.0,0.0,0.0
6,tld_in_subdomain,0.0,0.0,0.0,0.0
6,abnormal_subdomain,0.0,0.0,0.0,0.0
6,nb_subdomains,1.0,1.0,0.0,0.0
6,prefix_suffix,0.0,0.0,0.0,0.0
6,random_domain,0.0,0.0,0.0,0.0
6,shortening_service,0.0,0.0,0.0,0.0
6,path_extension,0.0,0.0,0.0,0.0
6,nb_redirection,0.0,0.0,0.0,0.0
6,nb_external_redirection,0.0,0.0,0.0,0.0
6,length_words_raw,11.0,17.0,6.0,0.05714286
6,char_repeat,2.0,55.0,53.0,0.36301368
6,shortest_words_raw,3.0,17.0,14.0,0.4666667
6,shortest_word_host,10.0,27.0,17.0,0.44736844
6,shortest_word_path,3.0,2.0,-1.0,-0.025000002
6,longest_words_raw,10.0,155.0,145.0,0.17533253
6,longest_word_host,10.0,31.0,21.0,0.3442623
6,longest_word_path,10.0,396.0,386.0,0.46562123
6,avg_words_raw,5.4545455,39.250694,33.79615,0.26769227
6,avg_word_host,10.0,24.073456,14.073456,0.37035412
6,avg_word_path,5.0,104.380005,99.380005,0.39752
6,phish_hints,0.0,1.0,1.0,0.1
6,domain_in_brand,0.0,0.0,0.0,0.0
6,brand_in_subdomain,0.0,0.0,0.0,0.0
6,brand_in_path,0.0,0.0,0.0,0.0
6,suspecious_tld,0.0,0.0,0.0,0.0
6,statistical_report,0.0,0.0,0.0,0.0
6,whois_registered_domain,0.0,0.0,0.0,0.0
6,domain_registration_length,320.0,2420.0,2100.0,0.07039893
6,domain_age,1505.0,5593.0,4088.0,0.31724352
6,web_traffic,158942.0,102084.0,-56858.0,-0.0052802814
6,dns_record,0.0,0.0,0.0,0.0
6,google_index,0.0,0.0,0.0,0.0
6,page_rank,4.0,3.0,-1.0,-0.099999994
7,length_url,31.0,533.0,502.0,0.30816454
7,length_hostname,10.0,91.0,81.0,0.3857143
7,ip,0.0,0.0,0.0,0.0
7,nb_dots,2.0,6.0,4.0,0.17391303
7,nb_hyphens,0.0,6.0,6.0,0.13953489
7,nb_at,0.0,1.0,1.0,0.25
7,nb_qm,0.0,1.0,1.0,0.33333334
7,nb_and,0.0,2.0,2.0,0.10526316
7,nb_or,0.0,0.0,0.0,0.0
7,nb_eq,0.0,4.0,4.0,0.21052632
7,nb_underscore,0.0,0.0,0.0,0.0
7,nb_tilde,0.0,0.0,0.0,0.0
7,nb_percent,0.0,7.0,7.0,0.072916664
7,nb_slash,3.0,6.0,3.0,0.09677419
7,nb_star,0.0,0.0,0.0,0.0
7,nb_colon,1.0,2.0,1.0,0.16666667
7,nb_comma,0.0,0.0,0.0,0.0
7,nb_semicolumn,0.0,0.0,0.0,0.0
7,nb_dollar,0.0,2.0,2.0,0.33333334
7,nb_space,0.0,0.0,0.0,0.0
7,nb_www,0.0,0.0,0.0,0.0
7,nb_com,0.0,1.0,1.0,0.16666667
7,nb_dslash,0.0,0.0,0.0,0.0
7,http_in_path,0.0,0.0,0.0,0.0
7,https_token,1.0,1.0,0.0,0.0
7,ratio_digits_url,0.06451613,0.35084432,0.2863282,0.39554617
7,ratio_digits_host,0.0,0.28975305,0.28975305,0.36219132
7,punycode,0.0,0.0,0.0,0.0
7,port,0.0,0.0,0.0,0.0
7,tld_in_path,0.0,0.0,0.0,0.0
7,tld_in_subdomain,0.0,0.0,0.0,0.0
7,abnormal_subdomain,0.0,0.0,0.0,0.0
7,nb_subdomains,2.0,2.0,0.0,0.0
7,prefix_suffix,0.0,0.0,0.0,0.0
7,random_domain,1.0,1.0,0.0,0.0
7,shortening_service,0.0,0.0,0.0,0.0
7,path_extension,0.0,0.0,0.0,0.0
7,nb_redirection,1.0,1.0,0.0,0.0
7,nb_external_redirection,0.0,0.0,0.0,0.0
7,length_words_raw,3.0,52.0,49.0,0.46666667
7,char_repeat,1.0,66.0,65.0,0.44520548
7,shortest_words_raw,4.0,13.0,9.0,0.3
7,shortest_word_host,4.0,15.0,11.0,0.28947368
7,shortest_word_path,4.0,3.0,-1.0,-0.024999999
7,longest_words_raw,8.0,9.0,1.0,0.0012091901
7,longest_word_host,4.0,23.0,19.0,0.3114754
7,longest_word_path,8.0,0.0,-8.0,-0.009650181
7,avg_words_raw,5.3333335,54.270885,48.937553,0.38762417
7,avg_word_host,4.0,14.772218,10.772218,0.28347942
7,avg_word_path,6.0,124.74999,118.74999,0.475
7,phish_hints,0.0,4.0,4.0,0.4
7,domain_in_brand,0.0,0.0,0.0,0.0
7,brand_in_subdomain,0.0,0.0,0.0,0.0
7,brand_in_path,0.0,0.0,0.0,0.0
7,suspecious_tld,0.0,0.0,0.0,0.0
7,statistical_report,0.0,0.0,0.0,0.0
7,whois_registered_domain,0.0,0.0,0.0,0.0
7,domain_registration_length,66.0,14069.0,14003.0,0.46942675
7,domain_age,1761.0,6674.0,4913.0,0.38126647
7,web_traffic,1.173197e+06,5.065422e+06,3.892225e+06,0.36146268
7,dns_record,0.0,0.0,0.0,0.0
7,google_index,1.0,1.0,0.0,0.0
7,page_rank,4.0,4.0,0.0,0.0
8,length_url,25.0,683.0,658.0,0.4039288
8,length_hostname,16.0,75.0,59.0,0.2809524
8,ip,0.0,0.0,0.0,0.0
8,nb_dots,2.0,2.0,0.0,0.0
8,nb_hyphens,0.0,10.0,10.0,0.23255815
8,nb_at,0.0,1.0,1.0,0.25
8,nb_qm,0.0,0.0,0.0,0.0
8,nb_and,0.0,2.0,2.0,0.10526316
8,nb_or,0.0,0.0,0.0,0.0
8,nb_eq,0.0,0.0,0.0,0.0
8,nb_underscore,0.0,0.0,0.0,0.0
8,nb_tilde,0.0,0.0,0.0,0.0
8,nb_percent,0.0,39.0,39.0,0.40625
8,nb_slash,3.0,12.0,9.0,0.29032257
8,nb_star,0.0,0.0,0.0,0.0
8,nb_colon,1.0,3.0,2.0,0.33333334
8,nb_comma,0.0,1.0,1.0,0.25
8,nb_semicolumn,0.0,3.0,3.0,0.15
8,nb_dollar,0.0,0.0,0.0,0.0
8,nb_space,0.0,8.0,8.0,0.44444445
8,nb_www,1.0,1.0,0.0,0.0
8,nb_com,0.0,2.0,2.0,0.33333334
8,nb_dslash,0.0,0.0,0.0,0.0
8,http_in_path,0.0,1.0,1.0,0.25
8,https_token,0.0,0.0,0.0,0.0
8,ratio_digits_url,0.0,0.15974498,0.15974498,0.22067863
8,ratio_digits_host,0.0,0.044505756,0.044505756,0.055632196
8,punycode,0.0,0.0,0.0,0.0
8,port,0.0,0.0,0.0,0.0
8,tld_in_path,0.0,0.0,0.0,0.0
8,tld_in_subdomain,0.0,0.0,0.0,0.0
8,abnormal_subdomain,0.0,0.0,0.0,0.0
8,nb_subdomains,2.0,2.0,0.0,0.0
8,prefix_suffix,0.0,0.0,0.0,0.0
8,random_domain,0.0,0.0,0.0,0.0
8,shortening_service,0.0,0.0,0.0,0.0
8,path_extension,0.0,0.0,0.0,0.0
8,nb_redirection,0.0,1.0,1.0,0.16666667
8,nb_external_redirection,0.0,0.0,0.0,0.0
8,length_words_raw,2.0,27.0,25.0,0.23809524
8,char_repeat,4.0,73.0,69.0,0.47260273
8,shortest_words_raw,3.0,2.0,-1.0,-0.033333335
8,shortest_word_host,3.0,17.0,14.0,0.36842105
8,shortest_word_path,0.0,2.0,2.0,0.05
8,longest_words_raw,8.0,223.0,215.0,0.25997582
8,longest_word_host,8.0,36.0,28.0,0.45901638
8,longest_word_path,0.0,301.0,301.0,0.36308807
8,avg_words_raw,5.5,30.857454,25.357454,0.20085111
8,avg_word_host,5.5,18.641562,13.1415615,0.34583056
8,avg_word_path,0.0,117.71262,117.71262,0.4708505
8,phish_hints,0.0,0.0,0.0,0.0
8,domain_in_brand,0.0,0.0,0.0,0.0
8,brand_in_subdomain,0.0,0.0,0.0,0.0
8,brand_in_path,0.0,0.0,0.0,0.0
8,suspecious_tld,0.0,0.0,0.0,0.0
8,statistical_report,0.0,0.0,0.0,0.0
8,whois_registered_domain,0.0,0.0,0.0,0.0
8,domain_registration_length,880.0,4209.0,3329.0,0.11159906
8,domain_age,2041.0,1717.0,-324.0,-0.025143564
8,web_traffic,4.297684e+06,154277.0,-4.143407e+06,-0.3847894
8,dns_record,0.0,0.0,0.0,0.0
8,google_index,0.0,0.0,0.0,0.0
8,page_rank,2.0,3.0,1.0,0.10000001
9,length_url,51.0,468.0,417.0,0.25598526
9,length_hostname,23.0,6.0,-17.0,-0.08095238
9,ip,0.0,0.0,0.0,0.0
9,nb_dots,3.0,2.0,-1.0,-0.04347826
9,nb_hyphens,0.0,13.0,13.0,0.30232558
9,nb_at,0.0,0.0,0.0,0.0
9,nb_qm,1.0,1.0,0.0,0.0
9,nb_and,0.0,0.0,0.0,0.0
9,nb_or,0.0,0.0,0.0,0.0
9,nb_eq,1.0,4.0,3.0,0.15789473
9,nb_underscore,0.0,7.0,7.0,0.3888889
9,nb_tilde,0.0,0.0,0.0,0.0
9,nb_percent,0.0,42.0,42.0,0.4375
9,nb_slash,4.0,3.0,-1.0,-0.032258064
9,nb_star,0.0,0.0,0.0,0.0
9,nb_colon,1.0,2.0,1.0,0.16666667
9,nb_comma,0.0,0.0,0.0,0.0
9,nb_semicolumn,0.0,1.0,1.0,0.05
9,nb_dollar,0.0,2.0,2.0,0.33333334
9,nb_space,0.0,5.0,5.0,0.2777778
9,nb_www,0.0,0.0,0.0,0.0
9,nb_com,0.0,0.0,0.0,0.0
9,nb_dslash,0.0,0.0,0.0,0.0
9,http_in_path,0.0,1.0,1.0,0.25
9,https_token,1.0,1.0,0.0,0.0
9,ratio_digits_url,0.019607844,0.011269766,-0.008338078,-0.011518581
9,ratio_digits_host,0.0,0.062698595,0.062698595,0.078373246
9,punycode,0.0,0.0,0.0,0.0
9,port,0.0,0.0,0.0,0.0
9,tld_in_path,0.0,0.0,0.0,0.0
9,tld_in_subdomain,0.0,0.0,0.0,0.0
9,abnormal_subdomain,0.0,0.0,0.0,0.0
9,nb_subdomains,3.0,3.0,0.0,0.0
9,prefix_suffix,0.0,0.0,0.0,0.0
9,random_domain,0.0,0.0,0.0,0.0
9,shortening_service,0.0,0.0,0.0,0.0
9,path_extension,0.0,0.0,0.0,0.0
9,nb_redirection,1.0,2.0,1.0,0.16666667
9,nb_external_redirection,0.0,0.0,0.0,0.0
9,length_words_raw,5.0,53.0,48.0,0.45714286
9,char_repeat,1.0,47.0,46.0,0.31506848
9,shortest_words_raw,4.0,3.0,-1.0,-0.03333333
9,shortest_word_host,4.0,3.0,-1.0,-0.026315786
9,shortest_word_path,5.0,4.0,-1.0,-0.024999999
9,longest_words_raw,12.0,130.0,118.0,0.1426844
9,longest_word_host,12.0,3.0,-9.0,-0.14754099
9,longest_word_path,7.0,33.0,26.0,0.031363085
9,avg_words_raw,6.6,53.83497,47.23497,0.37413839
9,avg_word_host,8.0,15.01701,7.0170097,0.18465815
9,avg_word_path,5.6666665,104.21247,98.54581,0.39418322
9,phish_hints,0.0,2.0,2.0,0.2
9,domain_in_brand,0.0,0.0,0.0,0.0
9,brand_in_subdomain,0.0,0.0,0.0,0.0
9,brand_in_path,0.0,0.0,0.0,0.0
9,suspecious_tld,0.0,0.0,0.0,0.0
9,statistical_report,0.0,0.0,0.0,0.0
9,whois_registered_domain,0.0,0.0,0.0,0.0
9,domain_registration_length,490.0,3170.0,2680.0,0.08984244
9,domain_age,3892.0,2705.0,-1187.0,-0.09211546
9,web_traffic,0.0,3.485927e+06,3.485927e+06,0.32373065
9,dns_record,0.0,0.0,0.0,0.0
9,google_index,0.0,0.0,0.0,0.0
9,page_rank,4.0,4.0,0.0,0.0
10,length_url,31.0,568.0,537.0,0.3296501
10,length_hostname,22.0,24.0,2.0,0.009523809
10,ip,0.0,0.0,0.0,0.0
10,nb_dots,2.0,12.0,10.0,0.43478262
10,nb_hyphens,0.0,11.0,11.0,0.25581396
10,nb_at,0.0,1.0,1.0,0.25
10,nb_qm,0.0,1.0,1.0,0.33333334
10,nb_and,0.0,1.0,1.0,0.05263158
10,nb_or,0.0,0.0,0.0,0.0
10,nb_eq,0.0,2.0,2.0,0.10526316
10,nb_underscore,0.0,8.0,8.0,0.44444445
10,nb_tilde,0.0,0.0,0.0,0.0
10,nb_percent,0.0,27.0,27.0,0.28125
10,nb_slash,3.0,14.0,11.0,0.3548387
10,nb_star,0.0,0.0,0.0,0.0
10,nb_colon,1.0,1.0,0.0,0.0
10,nb_comma,0.0,0.0,0.0,0.0
10,nb_semicolumn,0.0,4.0,4.0,0.2
10,nb_dollar,0.0,0.0,0.0,0.0
10,nb_space,0.0,8.0,8.0,0.44444445
10,nb_www,1.0,1.0,0.0,0.0
10,nb_com,0.0,1.0,1.0,0.16666667
10,nb_dslash,0.0,0.0,0.0,0.0
10,http_in_path,0.0,1.0,1.0,0.25
10,https_token,0.0,0.0,0.0,0.0
10,ratio_digits_url,0.0,0.15712494,0.15712494,0.2170592
10,ratio_digits_host,0.0,0.18838768,0.18838768,0.2354846
10,punycode,0.0,0.0,0.0,0.0
10,port,0.0,0.0,0.0,0.0
10,tld_in_path,0.0,0.0,0.0,0.0
10,tld_in_subdomain,0.0,0.0,0.0,0.0
10,abnormal_subdomain,0.0,0.0,0.0,0.0
10,nb_subdomains,2.0,2.0,0.0,0.0
10,prefix_suffix,0.0,0.0,0.0,0.0
10,random_domain,0.0,0.0,0.0,0.0
10,shortening_service,1.0,1.0,0.0,0.0
10,path_extension,0.0,0.0,0.0,0.0
10,nb_redirection,0.0,2.0,2.0,0.33333334
10,nb_external_redirection,0.0,0.0,0.0,0.0
10,length_words_raw,2.0,17.0,15.0,0.14285715
10,char_repeat,3.0,13.0,10.0,0.06849316
10,shortest_words_raw,3.0,6.0,3.0,0.1
10,shortest_word_host,3.0,20.0,17.0,0.4473684
10,shortest_word_path,0.0,0.0,0.0,0.0
10,longest_words_raw,14.0,42.0,28.0,0.033857316
10,longest_word_host,14.0,29.0,15.0,0.24590163
10,longest_word_path,0.0,278.0,278.0,0.33534378
10,avg_words_raw,8.5,67.917564,59.417564,0.4706342
10,avg_word_host,8.5,6.6255584,-1.8744416,-0.04932742
10,avg_word_path,0.0,15.129939,15.129939,0.060519755
10,phish_hints,0.0,0.0,0.0,0.0
10,domain_in_brand,0.0,0.0,0.0,0.0
10,brand_in_subdomain,0.0,0.0,0.0,0.0
10,brand_in_path,0.0,0.0,0.0,0.0
10,suspecious_tld,0.0,0.0,0.0,0.0
10,statistical_report,0.0,0.0,0.0,0.0
10,whois_registered_domain,0.0,0.0,0.0,0.0
10,domain_registration_length,3069.0,10070.0,7001.0,0.23469661
10,domain_age,8301.0,8304.0,3.0,0.00023281574
10,web_traffic,99386.0,2.641483e+06,2.542097e+06,0.23607916
10,dns_record,0.0,0.0,0.0,0.0
10,google_index,0.0,0.0,0.0,0.0
10,page_rank,4.0,6.0,2.0,0.20000002
11,length_url,50.0,113.0,63.0,0.038674034
11,length_hostname,21.0,24.0,3.0,0.014285713
11,ip,0.0,0.0,0.0,0.0
11,nb_dots,2.0,11.0,9.0,0.39130434
11,nb_hyphens,0.0,4.0,4.0,0.093023255
11,nb_at,0.0,0.0,0.0,0.0
11,nb_qm,0.0,0.0,0.0,0.0
11,nb_and,0.0,0.0,0.0,0.0
11,nb_or,0.0,0.0,0.0,0.0
11,nb_eq,0.0,1.0,1.0,0.05263158
11,nb_underscore,0.0,3.0,3.0,0.16666667
11,nb_tilde,0.0,0.0,0.0,0.0
11,nb_percent,0.0,3.0,3.0,0.03125
11,nb_slash,5.0,19.0,14.0,0.45161292
11,nb_star,0.0,0.0,0.0,0.0
11,nb_colon,1.0,2.0,1.0,0.16666667
11,nb_comma,0.0,0.0,0.0,0.0
11,nb_semicolumn,0.0,1.0,1.0,0.05
11,nb_dollar,0.0,0.0,0.0,0.0
11,nb_space,0.0,4.0,4.0,0.22222222
11,nb_www,0.0,0.0,0.0,0.0
11,nb_com,0.0,0.0,0.0,0.0
11,nb_dslash,0.0,0.0,0.0,0.0
11,http_in_path,0.0,1.0,1.0,0.25
11,https_token,1.0,1.0,0.0,0.0
11,ratio_digits_url,0.06,0.14904991,0.089049906,0.12301739
11,ratio_digits_host,0.0,0.08606302,0.08606302,0.10757878
11,punycode,0.0,0.0,0.0,0.0
11,port,0.0,0.0,0.0,0.0
11,tld_in_path,0.0,0.0,0.0,0.0
11,tld_in_subdomain,0.0,0.0,0.0,0.0
11,abnormal_subdomain,0.0,0.0,0.0,0.0
11,nb_subdomains,2.0,2.0,0.0,0.0
11,prefix_suffix,0.0,0.0,0.0,0.0
11,random_domain,0.0,0.0,0.0,0.0
11,shortening_service,0.0,0.0,0.0,0.0
11,path_extension,0.0,0.0,0.0,0.0
11,nb_redirection,1.0,1.0,0.0,0.0
11,nb_external_redirection,0.0,0.0,0.0,0.0
11,length_words_raw,5.0,18.0,13.0,0.12380953
11,char_repeat,0.0,14.0,14.0,0.09589041
11,shortest_words_raw,4.0,11.0,7.0,0.23333335
11,shortest_word_host,4.0,2.0,-2.0,-0.052631576
11,shortest_word_path,5.0,9.0,4.0,0.099999994
11,longest_words_raw,12.0,14.0,2.0,0.0024183793
11,longest_word_host,12.0,9.0,-3.0,-0.04918033
11,longest_word_path,8.0,41.0,33.0,0.039806996
11,avg_words_raw,7.0,65.700485,58.700485,0.46495438
11,avg_word_host,8.0,17.918636,9.918636,0.26101673
11,avg_word_path,6.3333335,33.989937,27.656603,0.110626414
11,phish_hints,0.0,2.0,2.0,0.2
11,domain_in_brand,0.0,0.0,0.0,0.0
11,brand_in_subdomain,0.0,0.0,0.0,0.0
11,brand_in_path,0.0,0.0,0.0,0.0
11,suspecious_tld,0.0,0.0,0.0,0.0
11,statistical_report,0.0,0.0,0.0,0.0
11,whois_registered_domain,0.0,0.0,0.0,0.0
11,domain_registration_length,1337.0,10917.0,9580.0,0.32115322
11,domain_age,2316.0,1603.0,-713.0,-0.055331364
11,web_traffic,0.0,4.12376e+06,4.12376e+06,0.38296485
11,dns_record,0.0,0.0,0.0,0.0
11,google_index,1.0,1.0,0.0,0.0
11,page_rank,0.0,1.0,1.0,0.1
12,length_url,34.0,253.0,219.0,0.1344383
12,length_hostname,23.0,48.0,25.0,0.11904762
12,ip,0.0,0.0,0.0,0.0
12,nb_dots,2.0,11.0,9.0,0.39130434
12,nb_hyphens,0.0,2.0,2.0,0.046511628
12,nb_at,0.0,0.0,0.0,0.0
12,nb_qm,0.0,1.0,1.0,0.33333334
12,nb_and,0.0,2.0,2.0,0.10526316
12,nb_or,0.0,0.0,0.0,0.0
12,nb_eq,0.0,6.0,6.0,0.31578946
12,nb_underscore,0.0,2.0,2.0,0.11111111
12,nb_tilde,0.0,0.0,0.0,0.0
12,nb_percent,0.0,28.0,28.0,0.29166666
12,nb_slash,4.0,2.0,-2.0,-0.06451613
12,nb_star,0.0,0.0,0.0,0.0
12,nb_colon,1.0,1.0,0.0,0.0
12,nb_comma,0.0,1.0,1.0,0.25
12,nb_semicolumn,0.0,4.0,4.0,0.2
12,nb_dollar,0.0,2.0,2.0,0.33333334
12,nb_space,0.0,0.0,0.0,0.0
12,nb_www,1.0,1.0,0.0,0.0
12,nb_com,0.0,0.0,0.0,0.0
12,nb_dslash,0.0,0.0,0.0,0.0
12,http_in_path,0.0,1.0,1.0,0.25
12,https_token,1.0,1.0,0.0,0.0
12,ratio_digits_url,0.0,0.06892105,0.06892105,0.09521053
12,ratio_digits_host,0.0,0.2920613,0.2920613,0.36507663
12,punycode,0.0,0.0,0.0,0.0
12,port,0.0,0.0,0.0,0.0
12,tld_in_path,0.0,0.0,0.0,0.0
12,tld_in_subdomain,0.0,0.0,0.0,0.0
12,abnormal_subdomain,0.0,0.0,0.0,0.0
12,nb_subdomains,2.0,2.0,0.0,0.0
12,prefix_suffix,0.0,0.0,0.0,0.0
12,random_domain,0.0,0.0,0.0,0.0
12,shortening_service,0.0,0.0,0.0,0.0
12,path_extension,0.0,0.0,0.0,0.0
12,nb_redirection,0.0,0.0,0.0,0.0
12,nb_external_redirection,0.0,0.0,0.0,0.0
12,length_words_raw,3.0,21.0,18.0,0.17142858
12,char_repeat,3.0,69.0,66.0,0.45205477
12,shortest_words_raw,2.0,7.0,5.0,0.16666667
12,shortest_word_host,3.0,7.0,4.0,0.10526315
12,shortest_word_path,2.0,3.0,1.0,0.025000002
12,longest_words_raw,15.0,15.0,0.0,0.0
12,longest_word_host,15.0,13.0,-2.0,-0.032786876
12,longest_word_path,2.0,172.0,170.0,0.20506635
12,avg_words_raw,6.6666665,65.36715,58.70048,0.46495432
12,avg_word_host,9.0,16.325119,7.325119,0.19276628
12,avg_word_path,2.0,5.2837377,3.2837377,0.01313495
12,phish_hints,0.0,1.0,1.0,0.1
12,domain_in_brand,0.0,0.0,0.0,0.0
12,brand_in_subdomain,0.0,0.0,0.0,0.0
12,brand_in_path,0.0,0.0,0.0,0.0
12,suspecious_tld,0.0,0.0,0.0,0.0
12,statistical_report,0.0,0.0,0.0,0.0
12,whois_registered_domain,0.0,0.0,0.0,0.0
12,domain_registration_length,352.0,10507.0,10155.0,0.3404291
12,domain_age,2935.0,2310.0,-625.0,-0.04850225
12,web_traffic,0.0,4.545915e+06,4.545915e+06,0.42216948
12,dns_record,1.0,1.0,0.0,0.0
12,google_index,1.0,1.0,0.0,0.0
12,page_rank,0.0,2.0,2.0,0.2
13,length_url,27.0,230.0,203.0,0.12461633
13,length_hostname,19.0,44.0,25.0,0.11904762
13,ip,0.0,0.0,0.0,0.0
13,nb_dots,2.0,11.0,9.0,0.39130434
13,nb_hyphens,0.0,5.0,5.0,0.11627907
13,nb_at,0.0,0.0,0.0,0.0
13,nb_qm,0.0,0.0,0.0,0.0
13,nb_and,0.0,0.0,0.0,0.0
13,nb_or,0.0,0.0,0.0,0.0
13,nb_eq,0.0,1.0,1.0,0.05263158
13,nb_underscore,0.0,2.0,2.0,0.11111111
13,nb_tilde,0.0,0.0,0.0,0.0
13,nb_percent,0.0,32.0,32.0,0.33333334
13,nb_slash,3.0,9.0,6.0,0.19354838
13,nb_star,0.0,0.0,0.0,0.0
13,nb_colon,1.0,1.0,0.0,0.0
13,nb_comma,0.0,0.0,0.0,0.0
13,nb_semicolumn,0.0,3.0,3.0,0.15
13,nb_dollar,0.0,1.0,1.0,0.16666667
13,nb_space,0.0,0.0,0.0,0.0
13,nb_www,1.0,1.0,0.0,0.0
13,nb_com,0.0,1.0,1.0,0.16666667
13,nb_dslash,0.0,0.0,0.0,0.0
13,http_in_path,0.0,0.0,0.0,0.0
13,https_token,1.0,1.0,0.0,0.0
13,ratio_digits_url,0.14814815,0.40180093,0.25365278,0.35040694
13,ratio_digits_host,0.21052632,0.10747218,-0.103054136,-0.12881768
13,punycode,0.0,0.0,0.0,0.0
13,port,0.0,0.0,0.0,0.0
13,tld_in_path,0.0,0.0,0.0,0.0
13,tld_in_subdomain,0.0,0.0,0.0,0.0
13,abnormal_subdomain,0.0,0.0,0.0,0.0
13,nb_subdomains,2.0,2.0,0.0,0.0
13,prefix_suffix,0.0,0.0,0.0,0.0
13,random_domain,1.0,1.0,0.0,0.0
13,shortening_service,0.0,0.0,0.0,0.0
13,path_extension,0.0,0.0,0.0,0.0
13,nb_redirection,1.0,1.0,0.0,0.0
13,nb_external_redirection,0.0,0.0,0.0,0.0
13,length_words_raw,2.0,32.0,30.0,0.2857143
13,char_repeat,3.0,10.0,7.0,0.047945205
13,shortest_words_raw,3.0,12.0,9.0,0.3
13,shortest_word_host,3.0,4.0,1.0,0.026315786
13,shortest_word_path,0.0,17.0,17.0,0.425
13,longest_words_raw,11.0,60.0,49.0,0.0592503
13,longest_word_host,11.0,26.0,15.0,0.24590163
13,longest_word_path,0.0,78.0,78.0,0.09408926
13,avg_words_raw,7.0,21.112549,14.112549,0.111782566
13,avg_word_host,7.0,9.388619,2.3886194,0.06285842
13,avg_word_path,0.0,54.73999,54.73999,0.21895996
13,phish_hints,0.0,2.0,2.0,0.2
13,domain_in_brand,0.0,0.0,0.0,0.0
13,brand_in_subdomain,0.0,0.0,0.0,0.0
13,brand_in_path,0.0,0.0,0.0,0.0
13,suspecious_tld,0.0,0.0,0.0,0.0
13,statistical_report,0.0,0.0,0.0,0.0
13,whois_registered_domain,0.0,0.0,0.0,0.0
13,domain_registration_length,451.0,13587.0,13136.0,0.44036204
13,domain_age,3932.0,2423.0,-1509.0,-0.11710383
13,web_traffic,927214.0,1.244195e+06,316981.0,0.029437356
13,dns_record,0.0,0.0,0.0,0.0
13,google_index,0.0,0.0,0.0,0.0
13,page_rank,2.0,6.0,4.0,0.40000004
14,length_url,63.0,560.0,497.0,0.30509517
14,length_hostname,14.0,27.0,13.0,0.061904762
14,ip,0.0,0.0,0.0,0.0
14,nb_dots,3.0,6.0,3.0,0.13043478
14,nb_hyphens,2.0,14.0,12.0,0.27906978
14,nb_at,0.0,0.0,0.0,0.0
14,nb_qm,0.0,0.0,0.0,0.0
14,nb_and,0.0,1.0,1.0,0.05263158
14,nb_or,0.0,0.0,0.0,0.0
14,nb_eq,0.0,4.0,4.0,0.21052632
14,nb_underscore,0.0,8.0,8.0,0.44444445
14,nb_tilde,0.0,0.0,0.0,0.0
14,nb_percent,0.0,12.0,12.0,0.125
14,nb_slash,7.0,18.0,11.0,0.3548387
14,nb_star,0.0,0.0,0.0,0.0
14,nb_colon,1.0,1.0,0.0,0.0
14,nb_comma,0.0,0.0,0.0,0.0
14,nb_semicolumn,0.0,3.0,3.0,0.15
14,nb_dollar,0.0,0.0,0.0,0.0
14,nb_space,0.0,7.0,7.0,0.3888889
14,nb_www,1.0,1.0,0.0,0.0
14,nb_com,0.0,1.0,1.0,0.16666667
14,nb_dslash,0.0,0.0,0.0,0.0
14,http_in_path,0.0,1.0,1.0,0.25
14,https_token,1.0,1.0,0.0,0.0
14,ratio_digits_url,0.0,0.09732657,0.09732657,0.13445114
14,ratio_digits_host,0.0,0.23358694,0.23358694,0.29198366
14,punycode,0.0,0.0,0.0,0.0
14,port,0.0,0.0,0.0,0.0
14,tld_in_path,0.0,0.0,0.0,0.0
14,tld_in_subdomain,0.0,0.0,0.0,0.0
14,abnormal_subdomain,0.0,0.0,0.0,0.0
14,nb_subdomains,3.0,3.0,0.0,0.0
14,prefix_suffix,1.0,1.0,0.0,0.0
14,random_domain,0.0,0.0,0.0,0.0
14,shortening_service,0.0,0.0,0.0,0.0
14,path_extension,0.0,0.0,0.0,0.0
14,nb_redirection,1.0,3.0,2.0,0.3333333
14,nb_external_redirection,0.0,0.0,0.0,0.0
14,length_words_raw,8.0,36.0,28.0,0.26666668
14,char_repeat,3.0,60.0,57.0,0.39041096
14,shortest_words_raw,2.0,16.0,14.0,0.46666667
14,shortest_word_host,3.0,5.0,2.0,0.05263158
14,shortest_word_path,2.0,1.0,-1.0,-0.025
14,longest_words_raw,8.0,26.0,18.0,0.021765416
14,longest_word_host,4.0,14.0,10.0,0.16393442
14,longest_word_path,8.0,123.0,115.0,0.13872135
14,avg_words_raw,5.25,62.520035,57.270035,0.45362404
14,avg_word_host,3.5,9.733557,6.2335567,0.16404097
14,avg_word_path,5.8333335,115.509544,109.67621,0.43870485
14,phish_hints,0.0,0.0,0.0,0.0
14,domain_in_brand,0.0,0.0,0.0,0.0
14,brand_in_subdomain,0.0,0.0,0.0,0.0
14,brand_in_path,0.0,0.0,0.0,0.0
14,suspecious_tld,0.0,0.0,0.0,0.0
14,statistical_report,0.0,0.0,0.0,0.0
14,whois_registered_domain,0.0,0.0,0.0,0.0
14,domain_registration_length,70.0,10672.0,10602.0,0.355414
14,domain_age,8759.0,8543.0,-216.0,-0.016762376
14,web_traffic,26017.0,1.84563e+06,1.819613e+06,0.1689836
14,dns_record,0.0,0.0,0.0,0.0
14,google_index,0.0,0.0,0.0,0.0
14,page_rank,5.0,5.0,0.0,0.0
15,length_url,66.0,308.0,242.0,0.1485574
15,length_hostname,16.0,26.0,10.0,0.04761905
15,ip,0.0,0.0,0.0,0.0
15,nb_dots,2.0,6.0,4.0,0.17391303
15,nb_hyphens,4.0,20.0,16.0,0.37209302
15,nb_at,0.0,0.0,0.0,0.0
15,nb_qm,0.0,0.0,0.0,0.0
15,nb_and,0.0,2.0,2.0,0.10526316
15,nb_or,0.0,0.0,0.0,0.0
15,nb_eq,0.0,1.0,1.0,0.05263158
15,nb_underscore,0.0,2.0,2.0,0.11111111
15,nb_tilde,0.0,0.0,0.0,0.0
15,nb_percent,0.0,27.0,27.0,0.28125
15,nb_slash,4.0,5.0,1.0,0.032258064
15,nb_star,0.0,0.0,0.0,0.0
15,nb_colon,1.0,3.0,2.0,0.33333334
15,nb_comma,0.0,1.0,1.0,0.25
15,nb_semicolumn,0.0,5.0,5.0,0.25
15,nb_dollar,0.0,0.0,0.0,0.0
15,nb_space,0.0,2.0,2.0,0.11111111
15,nb_www,0.0,0.0,0.0,0.0
15,nb_com,0.0,1.0,1.0,0.16666667
15,nb_dslash,0.0,0.0,0.0,0.0
15,http_in_path,0.0,1.0,1.0,0.25
15,https_token,0.0,0.0,0.0,0.0
15,ratio_digits_url,0.0,0.052065175,0.052065175,0.07192509
15,ratio_digits_host,0.0,0.24423961,0.24423961,0.30529952
15,punycode,0.0,0.0,0.0,0.0
15,port,0.0,0.0,0.0,0.0
15,tld_in_path,0.0,0.0,0.0,0.0
15,tld_in_subdomain,0.0,0.0,0.0,0.0
15,abnormal_subdomain,0.0,0.0,0.0,0.0
15,nb_subdomains,2.0,2.0,0.0,0.0
15,prefix_suffix,0.0,0.0,0.0,0.0
15,random_domain,0.0,0.0,0.0,0.0
15,shortening_service,1.0,1.0,0.0,0.0
15,path_extension,0.0,0.0,0.0,0.0
15,nb_redirection,0.0,1.0,1.0,0.16666667
15,nb_external_redirection,0.0,0.0,0.0,0.0
15,length_words_raw,8.0,40.0,32.0,0.30476192
15,char_repeat,0.0,8.0,8.0,0.05479452
15,shortest_words_raw,4.0,15.0,11.0,0.36666667
15,shortest_word_host,4.0,6.0,2.0,0.052631587
15,shortest_word_path,4.0,2.0,-2.0,-0.05
15,longest_words_raw,9.0,9.0,0.0,0.0
15,longest_word_host,7.0,28.0,21.0,0.3442623
15,longest_word_path,9.0,402.0,393.0,0.47406515
15,avg_words_raw,5.875,4.954644,-0.9203558,-0.007289946
15,avg_word_host,5.5,14.068308,8.568308,0.22548178
15,avg_word_path,6.0,13.895739,7.8957386,0.031582955
15,phish_hints,0.0,0.0,0.0,0.0
15,domain_in_brand,0.0,0.0,0.0,0.0
15,brand_in_subdomain,0.0,0.0,0.0,0.0
15,brand_in_path,0.0,0.0,0.0,0.0
15,suspecious_tld,0.0,0.0,0.0,0.0
15,statistical_report,0.0,0.0,0.0,0.0
15,whois_registered_domain,0.0,0.0,0.0,0.0
15,domain_registration_length,926.0,9018.0,8092.0,0.2712705
15,domain_age,5647.0,4971.0,-676.0,-0.052460015
15,web_traffic,1040.0,374059.0,373019.0,0.034641482
15,dns_record,0.0,0.0,0.0,0.0
15,google_index,0.0,0.0,0.0,0.0
15,page_rank,6.0,8.0,2.0,0.19999999
16,length_url,48.0,771.0,723.0,0.44383058
16,length_hostname,16.0,24.0,8.0,0.03809524
16,ip,0.0,0.0,0.0,0.0
16,nb_dots,1.0,10.0,9.0,0.39130434
16,nb_hyphens,3.0,9.0,6.0,0.13953488
16,nb_at,0.0,0.0,0.0,0.0
16,nb_qm,0.0,0.0,0.0,0.0
16,nb_and,0.0,2.0,2.0,0.10526316
16,nb_or,0.0,0.0,0.0,0.0
16,nb_eq,0.0,7.0,7.0,0.36842105
16,nb_underscore,0.0,2.0,2.0,0.11111111
16,nb_tilde,0.0,0.0,0.0,0.0
16,nb_percent,0.0,36.0,36.0,0.375
16,nb_slash,4.0,11.0,7.0,0.22580644
16,nb_star,0.0,0.0,0.0,0.0
16,nb_colon,1.0,3.0,2.0,0.33333334
16,nb_comma,0.0,1.0,1.0,0.25
16,nb_semicolumn,0.0,7.0,7.0,0.35
16,nb_dollar,0.0,2.0,2.0,0.33333334
16,nb_space,0.0,5.0,5.0,0.2777778
16,nb_www,0.0,0.0,0.0,0.0
16,nb_com,0.0,1.0,1.0,0.16666667
16,nb_dslash,0.0,0.0,0.0,0.0
16,http_in_path,0.0,1.0,1.0,0.25
16,https_token,1.0,1.0,0.0,0.0
16,ratio_digits_url,0.0,0.110877484,0.110877484,0.15317096
16,ratio_digits_host,0.0,0.31955552,0.31955552,0.3994444
16,punycode,0.0,0.0,0.0,0.0
16,port,0.0,0.0,0.0,0.0
16,tld_in_path,0.0,0.0,0.0,0.0
16,tld_in_subdomain,0.0,0.0,0.0,0.0
16,abnormal_subdomain,0.0,0.0,0.0,0.0
16,nb_subdomains,1.0,1.0,0.0,0.0
16,prefix_suffix,1.0,1.0,0.0,0.0
16,random_domain,0.0,0.0,0.0,0.0
16,shortening_service,0.0,0.0,0.0,0.0
16,path_extension,0.0,0.0,0.0,0.0
16,nb_redirection,1.0,3.0,2.0,0.3333333
16,nb_external_redirection,0.0,0.0,0.0,0.0
16,length_words_raw,6.0,45.0,39.0,0.37142858
16,char_repeat,0.0,2.0,2.0,0.01369863
16,shortest_words_raw,3.0,3.0,0.0,0.0
16,shortest_word_host,5.0,22.0,17.0,0.44736838
16,shortest_word_path,3.0,10.0,7.0,0.175
16,longest_words_raw,9.0,85.0,76.0,0.09189843
16,longest_word_host,6.0,26.0,20.0,0.32786885
16,longest_word_path,9.0,393.0,384.0,0.46320868
16,avg_words_raw,5.3333335,64.6021,59.268764,0.46945554
16,avg_word_host,5.5,3.8585064,-1.6414936,-0.0431972
16,avg_word_path,5.25,32.57527,27.325272,0.10930109
16,phish_hints,0.0,2.0,2.0,0.2
16,domain_in_brand,0.0,0.0,0.0,0.0
16,brand_in_subdomain,0.0,0.0,0.0,0.0
16,brand_in_path,0.0,0.0,0.0,0.0
16,suspecious_tld,0.0,0.0,0.0,0.0
16,statistical_report,0.0,0.0,0.0,0.0
16,whois_registered_domain,0.0,0.0,0.0,0.0
16,domain_registration_length,541.0,3276.0,2735.0,0.09168623
16,domain_age,3476.0,4272.0,796.0,0.061772466
16,web_traffic,4.672316e+06,1.951854e+06,-2.720462e+06,-0.25264353
16,dns_record,0.0,0.0,0.0,0.0
16,google_index,0.0,0.0,0.0,0.0
16,page_rank,4.0,2.0,-2.0,-0.2
17,length_url,126.0,102.0,-24.0,-0.014732964
17,length_hostname,50.0,104.0,54.0,0.25714284
17,ip,1.0,1.0,0.0,0.0
17,nb_dots,4.0,14.0,10.0,0.4347826
17,nb_hyphens,1.0,2.0,1.0,0.023255814
17,nb_at,0.0,1.0,1.0,0.25
17,nb_qm,1.0,2.0,1.0,0.33333334
17,nb_and,2.0,5.0,3.0,0.15789475
17,nb_or,0.0,0.0,0.0,0.0
17,nb_eq,3.0,2.0,-1.0,-0.052631572
17,nb_underscore,2.0,2.0,0.0,0.0
17,nb_tilde,0.0,0.0,0.0,0.0
17,nb_percent,0.0,26.0,26.0,0.27083334
17,nb_slash,4.0,7.0,3.0,0.09677419
17,nb_star,0.0,0.0,0.0,0.0
17,nb_colon,1.0,2.0,1.0,0.16666667
17,nb_comma,0.0,1.0,1.0,0.25
17,nb_semicolumn,0.0,0.0,0.0,0.0
17,nb_dollar,0.0,0.0,0.0,0.0
17,nb_space,0.0,8.0,8.0,0.44444445
17,nb_www,0.0,0.0,0.0,0.0
17,nb_com,1.0,1.0,0.0,0.0
17,nb_dslash,0.0,0.0,0.0,0.0
17,http_in_path,0.0,0.0,0.0,0.0
17,https_token,1.0,1.0,0.0,0.0
17,ratio_digits_url,0.0952381,0.011214673,-0.08402342,-0.1160736
17,ratio_digits_host,0.0,0.35046187,0.35046187,0.43807733
17,punycode,0.0,0.0,0.0,0.0
17,port,0.0,0.0,0.0,0.0
17,tld_in_path,0.0,0.0,0.0,0.0
17,tld_in_subdomain,1.0,1.0,0.0,0.0
17,abnormal_subdomain,0.0,0.0,0.0,0.0
17,nb_subdomains,3.0,3.0,0.0,0.0
17,prefix_suffix,1.0,1.0,0.0,0.0
17,random_domain,0.0,0.0,0.0,0.0
17,shortening_service,0.0,0.0,0.0,0.0
17,path_extension,0.0,0.0,0.0,0.0
17,nb_redirection,1.0,1.0,0.0,0.0
17,nb_external_redirection,0.0,0.0,0.0,0.0
17,length_words_raw,13.0,4.0,-9.0,-0.08571429
17,char_repeat,7.0,64.0,57.0,0.39041096
17,shortest_words_raw,2.0,4.0,2.0,0.06666666
17,shortest_word_host,3.0,7.0,4.0,0.10526315
17,shortest_word_path,2.0,2.0,0.0,0.0
17,longest_words_raw,17.0,293.0,276.0,0.3337364
17,longest_word_host,13.0,12.0,-1.0,-0.016393453
17,longest_word_path,17.0,168.0,151.0,0.18214716
17,avg_words_raw,7.769231,67.73798,59.968754,0.475
17,avg_word_host,8.4,14.611826,6.2118263,0.1634691
17,avg_word_path,7.375,43.261707,35.886707,0.14354682
17,phish_hints,0.0,0.0,0.0,0.0
17,domain_in_brand,0.0,0.0,0.0,0.0
17,brand_in_subdomain,0.0,0.0,0.0,0.0
17,brand_in_path,0.0,0.0,0.0,0.0
17,suspecious_tld,0.0,0.0,0.0,0.0
17,statistical_report,0.0,0.0,0.0,0.0
17,whois_registered_domain,0.0,0.0,0.0,0.0
17,domain_registration_length,25.0,612.0,587.0,0.019678175
17,domain_age,3993.0,1276.0,-2717.0,-0.21084899
17,web_traffic,5.707171e+06,5.52314e+06,-184031.0,-0.017090559
17,dns_record,0.0,0.0,0.0,0.0
17,google_index,1.0,1.0,0.0,0.0
17,page_rank,0.0,3.0,3.0,0.3
18,length_url,72.0,314.0,242.0,0.14855741
18,length_hostname,24.0,104.0,80.0,0.3809524
18,ip,0.0,0.0,0.0,0.0
18,nb_dots,2.0,10.0,8.0,0.3478261
18,nb_hyphens,7.0,1.0,-6.0,-0.13953489
18,nb_at,0.0,0.0,0.0,0.0
18,nb_qm,0.0,0.0,0.0,0.0
18,nb_and,0.0,8.0,8.0,0.42105263
18,nb_or,0.0,0.0,0.0,0.0
18,nb_eq,0.0,3.0,3.0,0.15789473
18,nb_underscore,0.0,0.0,0.0,0.0
18,nb_tilde,0.0,0.0,0.0,0.0
18,nb_percent,0.0,3.0,3.0,0.03125
18,nb_slash,5.0,8.0,3.0,0.09677419
18,nb_star,0.0,0.0,0.0,0.0
18,nb_colon,1.0,1.0,0.0,0.0
18,nb_comma,0.0,0.0,0.0,0.0
18,nb_semicolumn,0.0,2.0,2.0,0.1
18,nb_dollar,0.0,2.0,2.0,0.33333334
18,nb_space,0.0,5.0,5.0,0.2777778
18,nb_www,1.0,1.0,0.0,0.0
18,nb_com,1.0,1.0,0.0,0.0
18,nb_dslash,0.0,0.0,0.0,0.0
18,http_in_path,0.0,1.0,1.0,0.25
18,https_token,1.0,1.0,0.0,0.0
18,ratio_digits_url,0.0,0.32584465,0.32584465,0.45013592
18,ratio_digits_host,0.0,0.009777151,0.009777151,0.012221439
18,punycode,0.0,0.0,0.0,0.0
18,port,0.0,0.0,0.0,0.0
18,tld_in_path,1.0,1.0,0.0,0.0
18,tld_in_subdomain,0.0,0.0,0.0,0.0
18,abnormal_subdomain,0.0,0.0,0.0,0.0
18,nb_subdomains,2.0,2.0,0.0,0.0
18,prefix_suffix,0.0,0.0,0.0,0.0
18,random_domain,0.0,0.0,0.0,0.0
18,shortening_service,0.0,0.0,0.0,0.0
18,path_extension,0.0,0.0,0.0,0.0
18,nb_redirection,1.0,1.0,0.0,0.0
18,nb_external_redirection,0.0,0.0,0.0,0.0
18,length_words_raw,11.0,3.0,-8.0,-0.07619048
18,char_repeat,5.0,27.0,22.0,0.15068492
18,shortest_words_raw,2.0,3.0,1.0,0.033333335
18,shortest_word_host,3.0,11.0,8.0,0.21052632
18,shortest_word_path,2.0,2.0,0.0,0.0
18,longest_words_raw,8.0,41.0,33.0,0.03990327
18,longest_word_host,6.0,20.0,14.0,0.22950819
18,longest_word_path,8.0,256.0,248.0,0.29915562
18,avg_words_raw,4.5454545,60.405987,55.86053,0.44245967
18,avg_word_host,4.25,9.609297,5.359297,0.14103413
18,avg_word_path,4.714286,6.542405,1.8281193,0.0073124766
18,phish_hints,0.0,1.0,1.0,0.1
18,domain_in_brand,0.0,0.0,0.0,0.0
18,brand_in_subdomain,0.0,0.0,0.0,0.0
18,brand_in_path,0.0,0.0,0.0,0.0
18,suspecious_tld,0.0,0.0,0.0,0.0
18,statistical_report,0.0,0.0,0.0,0.0
18,whois_registered_domain,0.0,0.0,0.0,0.0
18,domain_registration_length,634.0,741.0,107.0,0.0035869926
18,domain_age,4845.0,2702.0,-2143.0,-0.16630453
18,web_traffic,5964.0,2.032043e+06,2.026079e+06,0.18815766
18,dns_record,0.0,0.0,0.0,0.0
18,google_index,0.0,0.0,0.0,0.0
18,page_rank,5.0,4.0,-1.0,-0.099999994
19,length_url,68.0,46.0,-22.0,-0.013505219
19,length_hostname,42.0,56.0,14.0,0.06666666
19,ip,1.0,1.0,0.0,0.0
19,nb_dots,4.0,13.0,9.0,0.39130434
19,nb_hyphens,0.0,7.0,7.0,0.1627907
19,nb_at,0.0,1.0,1.0,0.25
19,nb_qm,0.0,1.0,1.0,0.33333334
19,nb_and,0.0,1.0,1.0,0.05263158
19,nb_or,0.0,0.0,0.0,0.0
19,nb_eq,0.0,2.0,2.0,0.10526316
19,nb_underscore,0.0,1.0,1.0,0.055555556
19,nb_tilde,0.0,0.0,0.0,0.0
19,nb_percent,0.0,30.0,30.0,0.3125
19,nb_slash,4.0,18.0,14.0,0.4516129
19,nb_star,0.0,0.0,0.0,0.0
19,nb_colon,1.0,3.0,2.0,0.33333334
19,nb_comma,0.0,1.0,1.0,0.25
19,nb_semicolumn,0.0,9.0,9.0,0.45
19,nb_dollar,0.0,1.0,1.0,0.16666667
19,nb_space,0.0,8.0,8.0,0.44444445
19,nb_www,0.0,0.0,0.0,0.0
19,nb_com,1.0,3.0,2.0,0.3333333
19,nb_dslash,0.0,0.0,0.0,0.0
19,http_in_path,0.0,0.0,0.0,0.0
19,https_token,1.0,1.0,0.0,0.0
19,ratio_digits_url,0.16176471,0.4260758,0.26431108,0.36513078
19,ratio_digits_host,0.0,0.050132483,0.050132483,0.062665604
19,punycode,0.0,0.0,0.0,0.0
19,port,0.0,0.0,0.0,0.0
19,tld_in_path,0.0,0.0,0.0,0.0
19,tld_in_subdomain,1.0,1.0,0.0,0.0
19,abnormal_subdomain,0.0,0.0,0.0,0.0
19,nb_subdomains,3.0,3.0,0.0,0.0
19,prefix_suffix,0.0,0.0,0.0,0.0
19,random_domain,0.0,0.0,0.0,0.0
19,shortening_service,0.0,0.0,0.0,0.0
19,path_extension,0.0,0.0,0.0,0.0
19,nb_redirection,1.0,1.0,0.0,0.0
19,nb_external_redirection,0.0,0.0,0.0,0.0
19,length_words_raw,6.0,42.0,36.0,0.34285715
19,char_repeat,3.0,65.0,62.0,0.42465752
19,shortest_words_raw,2.0,2.0,0.0,0.0
19,shortest_word_host,3.0,1.0,-2.0,-0.05263158
19,shortest_word_path,2.0,0.0,-2.0,-0.05
19,longest_words_raw,15.0,226.0,211.0,0.25513905
19,longest_word_host,13.0,9.0,-4.0,-0.06557378
19,longest_word_path,15.0,312.0,297.0,0.35826296
19,avg_words_raw,8.666667,48.194435,39.527767,0.31309125
19,avg_word_host,8.75,13.657958,4.907958,0.1291568
19,avg_word_path,8.5,19.678644,11.178644,0.044714577
19,phish_hints,0.0,0.0,0.0,0.0
19,domain_in_brand,0.0,0.0,0.0,0.0
19,brand_in_subdomain,0.0,0.0,0.0,0.0
19,brand_in_path,0.0,0.0,0.0,0.0
19,suspecious_tld,0.0,0.0,0.0,0.0
19,statistical_report,0.0,0.0,0.0,0.0
19,whois_registered_domain,0.0,0.0,0.0,0.0
19,domain_registration_length,25.0,10812.0,10787.0,0.36161584
19,domain_age,3993.0,8671.0,4678.0,0.36302963
19,web_traffic,5.707171e+06,8.371525e+06,2.664354e+06,0.24743289
19,dns_record,0.0,0.0,0.0,0.0
19,google_index,1.0,1.0,0.0,0.0
19,page_rank,0.0,0.0,0.0,0.0
20,length_url,36.0,12.0,-24.0,-0.014732965
20,length_hostname,28.0,119.0,91.0,0.43333334
20,ip,1.0,1.0,0.0,0.0
20,nb_dots,4.0,8.0,4.0,0.17391303
20,nb_hyphens,0.0,5.0,5.0,0.11627907
20,nb_at,0.0,1.0,1.0,0.25
20,nb_qm,0.0,1.0,1.0,0.33333334
20,nb_and,0.0,2.0,2.0,0.10526316
20,nb_or,0.0,0.0,0.0,0.0
20,nb_eq,0.0,0.0,0.0,0.0
20,nb_underscore,0.0,4.0,4.0,0.22222222
20,nb_tilde,0.0,0.0,0.0,0.0
20,nb_percent,0.0,0.0,0.0,0.0
20,nb_slash,3.0,17.0,14.0,0.4516129
20,nb_star,0.0,0.0,0.0,0.0
20,nb_colon,1.0,2.0,1.0,0.16666667
20,nb_comma,0.0,1.0,1.0,0.25
20,nb_semicolumn,0.0,6.0,6.0,0.3
20,nb_dollar,0.0,0.0,0.0,0.0
20,nb_space,0.0,1.0,1.0,0.055555556
20,nb_www,0.0,0.0,0.0,0.0
20,nb_com,0.0,1.0,1.0,0.16666667
20,nb_dslash,0.0,0.0,0.0,0.0
20,http_in_path,0.0,0.0,0.0,0.0
20,https_token,1.0,1.0,0.0,0.0
20,ratio_digits_url,0.25,0.2782608,0.028260797,0.039040715
20,ratio_digits_host,0.32142857,0.68931097,0.3678824,0.45985302
20,punycode,0.0,0.0,0.0,0.0
20,port,0.0,0.0,0.0,0.0
20,tld_in_path,0.0,0.0,0.0,0.0
20,tld_in_subdomain,0.0,0.0,0.0,0.0
20,abnormal_subdomain,0.0,0.0,0.0,0.0
20,nb_subdomains,3.0,3.0,0.0,0.0
20,prefix_suffix,0.0,0.0,0.0,0.0
20,random_domain,0.0,0.0,0.0,0.0
20,shortening_service,1.0,1.0,0.0,0.0
20,path_extension,0.0,0.0,0.0,0.0
20,nb_redirection,0.0,1.0,1.0,0.16666667
20,nb_external_redirection,0.0,0.0,0.0,0.0
20,length_words_raw,4.0,13.0,9.0,0.08571429
20,char_repeat,1.0,44.0,43.0,0.29452056
20,shortest_words_raw,1.0,1.0,0.0,0.0
20,shortest_word_host,1.0,12.0,11.0,0.28947368
20,shortest_word_path,0.0,14.0,14.0,0.35
20,longest_words_raw,11.0,136.0,125.0,0.15114874
20,longest_word_host,11.0,23.0,12.0,0.1967213
20,longest_word_path,0.0,11.0,11.0,0.013268999
20,avg_words_raw,5.25,51.377773,46.127773,0.36536852
20,avg_word_host,5.25,15.406818,10.156818,0.2672847
20,avg_word_path,0.0,51.56169,51.56169,0.20624676
20,phish_hints,0.0,2.0,2.0,0.2
20,domain_in_brand,0.0,0.0,0.0,0.0
20,brand_in_subdomain,0.0,0.0,0.0,0.0
20,brand_in_path,0.0,0.0,0.0,0.0
20,suspecious_tld,0.0,0.0,0.0,0.0
20,statistical_report,0.0,0.0,0.0,0.0
20,whois_registered_domain,0.0,0.0,0.0,0.0
20,domain_registration_length,217.0,11154.0,10937.0,0.36664432
20,domain_age,5627.0,4132.0,-1495.0,-0.11601737
20,web_traffic,0.0,3.256237e+06,3.256237e+06,0.3023998
20,dns_record,0.0,0.0,0.0,0.0
20,google_index,1.0,1.0,0.0,0.0
20,page_rank,5.0,1.0,-4.0,-0.4
21,length_url,61.0,693.0,632.0,0.38796806
21,length_hostname,14.0,104.0,90.0,0.42857143
21,ip,0.0,0.0,0.0,0.0
21,nb_dots,2.0,4.0,2.0,0.086956516
21,nb_hyphens,0.0,7.0,7.0,0.1627907
21,nb_at,0.0,0.0,0.0,0.0
21,nb_qm,0.0,0.0,0.0,0.0
21,nb_and,0.0,0.0,0.0,0.0
21,nb_or,0.0,0.0,0.0,0.0
21,nb_eq,0.0,0.0,0.0,0.0
21,nb_underscore,1.0,1.0,0.0,0.0
21,nb_tilde,0.0,0.0,0.0,0.0
21,nb_percent,0.0,23.0,23.0,0.23958333
21,nb_slash,6.0,20.0,14.0,0.4516129
21,nb_star,0.0,0.0,0.0,0.0
21,nb_colon,1.0,1.0,0.0,0.0
21,nb_comma,0.0,1.0,1.0,0.25
21,nb_semicolumn,0.0,0.0,0.0,0.0
21,nb_dollar,0.0,2.0,2.0,0.33333334
21,nb_space,0.0,5.0,5.0,0.2777778
21,nb_www,0.0,0.0,0.0,0.0
21,nb_com,2.0,4.0,2.0,0.33333334
21,nb_dslash,0.0,0.0,0.0,0.0
21,http_in_path,0.0,1.0,1.0,0.25
21,https_token,1.0,1.0,0.0,0.0
21,ratio_digits_url,0.0,0.11804546,0.11804546,0.16307311
21,ratio_digits_host,0.0,0.035007477,0.035007477,0.043759346
21,punycode,0.0,0.0,0.0,0.0
21,port,0.0,0.0,0.0,0.0
21,tld_in_path,1.0,1.0,0.0,0.0
21,tld_in_subdomain,0.0,0.0,0.0,0.0
21,abnormal_subdomain,0.0,0.0,0.0,0.0
21,nb_subdomains,2.0,2.0,0.0,0.0
21,prefix_suffix,0.0,0.0,0.0,0.0
21,random_domain,1.0,1.0,0.0,0.0
21,shortening_service,1.0,1.0,0.0,0.0
21,path_extension,0.0,0.0,0.0,0.0
21,nb_redirection,0.0,1.0,1.0,0.16666667
21,nb_external_redirection,0.0,0.0,0.0,0.0
21,length_words_raw,7.0,37.0,30.0,0.2857143
21,char_repeat,1.0,70.0,69.0,0.47260273
21,shortest_words_raw,3.0,13.0,10.0,0.33333334
21,shortest_word_host,10.0,1.0,-9.0,-0.23684211
21,shortest_word_path,3.0,2.0,-1.0,-0.025000002
21,longest_words_raw,10.0,264.0,254.0,0.30713424
21,longest_word_host,10.0,9.0,-1.0,-0.016393453
21,longest_word_path,10.0,101.0,91.0,0.109770805
21,avg_words_raw,6.285714,63.09204,56.806328,0.4499511
21,avg_word_host,10.0,23.465477,13.465477,0.35435468
21,avg_word_path,5.6666665,110.26055,104.59389,0.41837555
21,phish_hints,0.0,1.0,1.0,0.1
21,domain_in_brand,0.0,0.0,0.0,0.0
21,brand_in_subdomain,0.0,0.0,0.0,0.0
21,brand_in_path,0.0,0.0,0.0,0.0
21,suspecious_tld,0.0,0.0,0.0,0.0
21,statistical_report,0.0,0.0,0.0,0.0
21,whois_registered_domain,0.0,0.0,0.0,0.0
21,domain_registration_length,251.0,4219.0,3968.0,0.13302045
21,domain_age,3767.0,-12.0,-3779.0,-0.293264
21,web_traffic,9.264543e+06,9.076193e+06,-188350.0,-0.017491698
21,dns_record,0.0,0.0,0.0,0.0
21,google_index,1.0,1.0,0.0,0.0
21,page_rank,0.0,0.0,0.0,0.0
22,length_url,66.0,815.0,749.0,0.45979127
22,length_hostname,17.0,116.0,99.0,0.4714286
22,ip,1.0,1.0,0.0,0.0
22,nb_dots,2.0,6.0,4.0,0.17391303
22,nb_hyphens,0.0,4.0,4.0,0.093023255
22,nb_at,0.0,1.0,1.0,0.25
22,nb_qm,1.0,2.0,1.0,0.33333334
22,nb_and,0.0,7.0,7.0,0.36842105
22,nb_or,0.0,0.0,0.0,0.0
22,nb_eq,1.0,2.0,1.0,0.05263158
22,nb_underscore,0.0,2.0,2.0,0.11111111
22,nb_tilde,0.0,0.0,0.0,0.0
22,nb_percent,0.0,7.0,7.0,0.072916664
22,nb_slash,4.0,18.0,14.0,0.4516129
22,nb_star,0.0,0.0,0.0,0.0
22,nb_colon,1.0,1.0,0.0,0.0
22,nb_comma,0.0,1.0,1.0,0.25
22,nb_semicolumn,0.0,1.0,1.0,0.05
22,nb_dollar,0.0,0.0,0.0,0.0
22,nb_space,0.0,7.0,7.0,0.3888889
22,nb_www,0.0,0.0,0.0,0.0
22,nb_com,0.0,1.0,1.0,0.16666667
22,nb_dslash,0.0,0.0,0.0,0.0
22,http_in_path,0.0,0.0,0.0,0.0
22,https_token,0.0,0.0,0.0,0.0
22,ratio_digits_url,0.21212122,0.5479057,0.33578447,0.46386722
22,ratio_digits_host,0.0,0.2389834,0.2389834,0.29872924
22,punycode,0.0,0.0,0.0,0.0
22,port,0.0,0.0,0.0,0.0
22,tld_in_path,0.0,0.0,0.0,0.0
22,tld_in_subdomain,0.0,0.0,0.0,0.0
22,abnormal_subdomain,0.0,0.0,0.0,0.0
22,nb_subdomains,2.0,2.0,0.0,0.0
22,prefix_suffix,0.0,0.0,0.0,0.0
22,random_domain,0.0,0.0,0.0,0.0
22,shortening_service,0.0,0.0,0.0,0.0
22,path_extension,0.0,0.0,0.0,0.0
22,nb_redirection,0.0,2.0,2.0,0.33333334
22,nb_external_redirection,0.0,0.0,0.0,0.0
22,length_words_raw,6.0,44.0,38.0,0.36190477
22,char_repeat,3.0,6.0,3.0,0.020547945
22,shortest_words_raw,3.0,13.0,10.0,0.33333334
22,shortest_word_host,5.0,23.0,18.0,0.4736842
22,shortest_word_path,3.0,21.0,18.0,0.45
22,longest_words_raw,21.0,36.0,15.0,0.01813785
22,longest_word_host,7.0,18.0,11.0,0.18032786
22,longest_word_path,21.0,28.0,7.0,0.008443911
22,avg_words_raw,8.166667,20.610706,12.444039,0.09856665
22,avg_word_host,6.0,12.703869,6.703869,0.17641759
22,avg_word_path,9.25,110.68106,101.43106,0.40572426
22,phish_hints,0.0,2.0,2.0,0.2
22,domain_in_brand,1.0,1.0,0.0,0.0
22,brand_in_subdomain,0.0,0.0,0.0,0.0
22,brand_in_path,0.0,0.0,0.0,0.0
22,suspecious_tld,0.0,0.0,0.0,0.0
22,statistical_report,0.0,0.0,0.0,0.0
22,whois_registered_domain,0.0,0.0,0.0,0.0
22,domain_registration_length,911.0,-1.0,-912.0,-0.030573249
22,domain_age,9316.0,5480.0,-3836.0,-0.29768738
22,web_traffic,13.0,1.71811e+06,1.718097e+06,0.15955602
22,dns_record,0.0,0.0,0.0,0.0
22,google_index,0.0,0.0,0.0,0.0
22,page_rank,7.0,9.0,2.0,0.19999999
23,length_url,113.0,544.0,431.0,0.2645795
23,length_hostname,24.0,29.0,5.0,0.023809522
23,ip,0.0,0.0,0.0,0.0
23,nb_dots,5.0,6.0,1.0,0.04347825
23,nb_hyphens,0.0,10.0,10.0,0.23255815
23,nb_at,0.0,0.0,0.0,0.0
23,nb_qm,0.0,0.0,0.0,0.0
23,nb_and,0.0,0.0,0.0,0.0
23,nb_or,0.0,0.0,0.0,0.0
23,nb_eq,1.0,6.0,5.0,0.26315787
23,nb_underscore,2.0,10.0,8.0,0.44444448
23,nb_tilde,0.0,0.0,0.0,0.0
23,nb_percent,0.0,26.0,26.0,0.27083334
23,nb_slash,10.0,11.0,1.0,0.032258064
23,nb_star,0.0,0.0,0.0,0.0
23,nb_colon,1.0,1.0,0.0,0.0
23,nb_comma,0.0,0.0,0.0,0.0
23,nb_semicolumn,0.0,1.0,1.0,0.05
23,nb_dollar,0.0,2.0,2.0,0.33333334
23,nb_space,0.0,1.0,1.0,0.055555556
23,nb_www,1.0,1.0,0.0,0.0
23,nb_com,1.0,3.0,2.0,0.3333333
23,nb_dslash,0.0,0.0,0.0,0.0
23,http_in_path,0.0,0.0,0.0,0.0
23,https_token,1.0,1.0,0.0,0.0
23,ratio_digits_url,0.0,0.0,0.0,0.0
23,ratio_digits_host,0.0,0.015056665,0.015056665,0.018820832
23,punycode,0.0,0.0,0.0,0.0
23,port,0.0,0.0,0.0,0.0
23,tld_in_path,1.0,1.0,0.0,0.0
23,tld_in_subdomain,0.0,0.0,0.0,0.0
23,abnormal_subdomain,0.0,0.0,0.0,0.0
23,nb_subdomains,3.0,3.0,0.0,0.0
23,prefix_suffix,0.0,0.0,0.0,0.0
23,random_domain,0.0,0.0,0.0,0.0
23,shortening_service,0.0,0.0,0.0,0.0
23,path_extension,0.0,0.0,0.0,0.0
23,nb_redirection,0.0,0.0,0.0,0.0
23,nb_external_redirection,0.0,0.0,0.0,0.0
23,length_words_raw,16.0,61.0,45.0,0.42857146
23,char_repeat,4.0,12.0,8.0,0.05479452
23,shortest_words_raw,2.0,2.0,0.0,0.0
23,shortest_word_host,20.0,27.0,7.0,0.18421054
23,shortest_word_path,2.0,8.0,6.0,0.15
23,longest_words_raw,20.0,324.0,304.0,0.3675937
23,longest_word_host,20.0,4.0,-16.0,-0.26229507
23,longest_word_path,10.0,0.0,-10.0,-0.012062727
23,avg_words_raw,5.4375,24.774305,19.336805,0.1531628
23,avg_word_host,20.0,16.771532,-3.228468,-0.084959686
23,avg_word_path,4.4666667,8.156632,3.6899657,0.014759861
23,phish_hints,0.0,1.0,1.0,0.1
23,domain_in_brand,0.0,0.0,0.0,0.0
23,brand_in_subdomain,0.0,0.0,0.0,0.0
23,brand_in_path,1.0,1.0,0.0,0.0
23,suspecious_tld,0.0,0.0,0.0,0.0
23,statistical_report,0.0,0.0,0.0,0.0
23,whois_registered_domain,0.0,0.0,0.0,0.0
23,domain_registration_length,97.0,165.0,68.0,0.0022795843
23,domain_age,3920.0,7467.0,3547.0,0.27525994
23,web_traffic,0.0,2.546192e+06,2.546192e+06,0.23645945
23,dns_record,0.0,0.0,0.0,0.0
23,google_index,0.0,0.0,0.0,0.0
23,page_rank,2.0,5.0,3.0,0.3
24,length_url,84.0,370.0,286.0,0.17556782
24,length_hostname,30.0,117.0,87.0,0.41428572
24,ip,0.0,0.0,0.0,0.0
24,nb_dots,2.0,2.0,0.0,0.0
24,nb_hyphens,2.0,13.0,11.0,0.25581396
24,nb_at,0.0,1.0,1.0,0.25
24,nb_qm,0.0,0.0,0.0,0.0
24,nb_and,0.0,3.0,3.0,0.15789473
24,nb_or,0.0,0.0,0.0,0.0
24,nb_eq,0.0,0.0,0.0,0.0
24,nb_underscore,0.0,1.0,1.0,0.055555556
24,nb_tilde,0.0,0.0,0.0,0.0
24,nb_percent,0.0,29.0,29.0,0.30208334
24,nb_slash,7.0,2.0,-5.0,-0.16129032
24,nb_star,0.0,0.0,0.0,0.0
24,nb_colon,1.0,3.0,2.0,0.33333334
24,nb_comma,0.0,1.0,1.0,0.25
24,nb_semicolumn,0.0,9.0,9.0,0.45
24,nb_dollar,0.0,1.0,1.0,0.16666667
24,nb_space,0.0,8.0,8.0,0.44444445
24,nb_www,0.0,0.0,0.0,0.0
24,nb_com,0.0,2.0,2.0,0.33333334
24,nb_dslash,0.0,0.0,0.0,0.0
24,http_in_path,0.0,0.0,0.0,0.0
24,https_token,1.0,1.0,0.0,0.0
24,ratio_digits_url,0.0,0.10103001,0.10103001,0.13956723
24,ratio_digits_host,0.0,0.3331279,0.3331279,0.41640985
24,punycode,0.0,0.0,0.0,0.0
24,port,0.0,0.0,0.0,0.0
24,tld_in_path,0.0,0.0,0.0,0.0
24,tld_in_subdomain,0.0,0.0,0.0,0.0
24,abnormal_subdomain,0.0,0.0,0.0,0.0
24,nb_subdomains,2.0,2.0,0.0,0.0
24,prefix_suffix,1.0,1.0,0.0,0.0
24,random_domain,0.0,0.0,0.0,0.0
24,shortening_service,0.0,0.0,0.0,0.0
24,path_extension,0.0,0.0,0.0,0.0
24,nb_redirection,0.0,0.0,0.0,0.0
24,nb_external_redirection,0.0,0.0,0.0,0.0
24,length_words_raw,9.0,47.0,38.0,0.36190477
24,char_repeat,0.0,61.0,61.0,0.4178082
24,shortest_words_raw,2.0,10.0,8.0,0.26666668
24,shortest_word_host,26.0,14.0,-12.0,-0.31578946
24,shortest_word_path,2.0,9.0,7.0,0.175
24,longest_words_raw,26.0,361.0,335.0,0.40507862
24,longest_word_host,26.0,35.0,9.0,0.14754099
24,longest_word_path,9.0,83.0,74.0,0.08926417
24,avg_words_raw,7.2222223,67.19097,59.96875,0.47500002
24,avg_word_host,26.0,37.949398,11.949398,0.31445783
24,avg_word_path,4.875,119.493095,114.618095,0.4584724
24,phish_hints,4.0,2.0,-2.0,-0.2
24,domain_in_brand,0.0,0.0,0.0,0.0
24,brand_in_subdomain,0.0,0.0,0.0,0.0
24,brand_in_path,0.0,0.0,0.0,0.0
24,suspecious_tld,0.0,0.0,0.0,0.0
24,statistical_report,0.0,0.0,0.0,0.0
24,whois_registered_domain,0.0,0.0,0.0,0.0
24,domain_registration_length,162.0,11101.0,10939.0,0.36671138
24,domain_age,3125.0,933.0,-2192.0,-0.1701071
24,web_traffic,0.0,2.133493e+06,2.133493e+06,0.19813296
24,dns_record,0.0,0.0,0.0,0.0
24,google_index,1.0,1.0,0.0,0.0
24,page_rank,1.0,2.0,1.0,0.1
25,length_url,29.0,28.0,-1.0,-0.0006138738
25,length_hostname,17.0,36.0,19.0,0.0904762
25,ip,0.0,0.0,0.0,0.0
25,nb_dots,2.0,3.0,1.0,0.04347826
25,nb_hyphens,0.0,4.0,4.0,0.093023255
25,nb_at,0.0,1.0,1.0,0.25
25,nb_qm,0.0,0.0,0.0,0.0
25,nb_and,0.0,1.0,1.0,0.05263158
25,nb_or,0.0,0.0,0.0,0.0
25,nb_eq,0.0,2.0,2.0,0.10526316
25,nb_underscore,0.0,1.0,1.0,0.055555556
25,nb_tilde,0.0,0.0,0.0,0.0
25,nb_percent,0.0,1.0,1.0,0.010416667
25,nb_slash,3.0,2.0,-1.0,-0.032258064
25,nb_star,0.0,0.0,0.0,0.0
25,nb_colon,1.0,1.0,0.0,0.0
25,nb_comma,0.0,1.0,1.0,0.25
25,nb_semicolumn,0.0,2.0,2.0,0.1
25,nb_dollar,0.0,0.0,0.0,0.0
25,nb_space,0.0,3.0,3.0,0.16666667
25,nb_www,0.0,0.0,0.0,0.0
25,nb_com,0.0,1.0,1.0,0.16666667
25,nb_dslash,0.0,0.0,0.0,0.0
25,http_in_path,0.0,1.0,1.0,0.25
25,https_token,1.0,1.0,0.0,0.0
25,ratio_digits_url,0.0,0.16779093,0.16779093,0.23179367
25,ratio_digits_host,0.0,0.33456895,0.33456895,0.4182112
25,punycode,0.0,0.0,0.0,0.0
25,port,0.0,0.0,0.0,0.0
25,tld_in_path,0.0,0.0,0.0,0.0
25,tld_in_subdomain,0.0,0.0,0.0,0.0
25,abnormal_subdomain,0.0,0.0,0.0,0.0
25,nb_subdomains,2.0,2.0,0.0,0.0
25,prefix_suffix,0.0,0.0,0.0,0.0
25,random_domain,1.0,1.0,0.0,0.0
25,shortening_service,0.0,0.0,0.0,0.0
25,path_extension,0.0,0.0,0.0,0.0
25,nb_redirection,0.0,0.0,0.0,0.0
25,nb_external_redirection,0.0,0.0,0.0,0.0
25,length_words_raw,3.0,43.0,40.0,0.3809524
25,char_repeat,0.0,23.0,23.0,0.15753424
25,shortest_words_raw,4.0,3.0,-1.0,-0.03333333
25,shortest_word_host,4.0,7.0,3.0,0.078947365
25,shortest_word_path,4.0,8.0,4.0,0.1
25,longest_words_raw,8.0,176.0,168.0,0.2031439
25,longest_word_host,8.0,27.0,19.0,0.3114754
25,longest_word_path,4.0,63.0,59.0,0.071170084
25,avg_words_raw,5.3333335,21.512798,16.179464,0.12815417
25,avg_word_host,6.0,10.818584,4.8185844,0.12680486
25,avg_word_path,4.0,21.784634,17.784634,0.07113853
25,phish_hints,0.0,1.0,1.0,0.1
25,domain_in_brand,0.0,0.0,0.0,0.0
25,brand_in_subdomain,0.0,0.0,0.0,0.0
25,brand_in_path,0.0,0.0,0.0,0.0
25,suspecious_tld,0.0,0.0,0.0,0.0
25,statistical_report,0.0,0.0,0.0,0.0
25,whois_registered_domain,0.0,0.0,0.0,0.0
25,domain_registration_length,88.0,9163.0,9075.0,0.30422392
25,domain_age,5026.0,5097.0,71.0,0.0055098534
25,web_traffic,544886.0,5.28244e+06,4.737554e+06,0.4399666
25,dns_record,0.0,0.0,0.0,0.0
25,google_index,1.0,1.0,0.0,0.0
25,page_rank,4.0,4.0,0.0,0.0
26,length_url,98.0,250.0,152.0,0.093308784
26,length_hostname,26.0,6.0,-20.0,-0.0952381
26,ip,1.0,1.0,0.0,0.0
26,nb_dots,2.0,6.0,4.0,0.17391303
26,nb_hyphens,2.0,0.0,-2.0,-0.046511628
26,nb_at,0.0,1.0,1.0,0.25
26,nb_qm,0.0,0.0,0.0,0.0
26,nb_and,0.0,1.0,1.0,0.05263158
26,nb_or,0.0,0.0,0.0,0.0
26,nb_eq,0.0,0.0,0.0,0.0
26,nb_underscore,0.0,4.0,4.0,0.22222222
26,nb_tilde,0.0,0.0,0.0,0.0
26,nb_percent,0.0,20.0,20.0,0.20833333
26,nb_slash,9.0,19.0,10.0,0.32258067
26,nb_star,0.0,0.0,0.0,0.0
26,nb_colon,1.0,1.0,0.0,0.0
26,nb_comma,0.0,0.0,0.0,0.0
26,nb_semicolumn,0.0,0.0,0.0,0.0
26,nb_dollar,0.0,1.0,1.0,0.16666667
26,nb_space,0.0,1.0,1.0,0.055555556
26,nb_www,1.0,1.0,0.0,0.0
26,nb_com,0.0,0.0,0.0,0.0
26,nb_dslash,0.0,0.0,0.0,0.0
26,http_in_path,0.0,0.0,0.0,0.0
26,https_token,1.0,1.0,0.0,0.0
26,ratio_digits_url,0.29591838,0.33391204,0.03799367,0.05248609
26,ratio_digits_host,0.0,0.23666036,0.23666036,0.29582545
26,punycode,0.0,0.0,0.0,0.0
26,port,0.0,0.0,0.0,0.0
26,tld_in_path,0.0,0.0,0.0,0.0
26,tld_in_subdomain,0.0,0.0,0.0,0.0
26,abnormal_subdomain,0.0,0.0,0.0,0.0
26,nb_subdomains,2.0,2.0,0.0,0.0
26,prefix_suffix,1.0,1.0,0.0,0.0
26,random_domain,0.0,0.0,0.0,0.0
26,shortening_service,0.0,0.0,0.0,0.0
26,path_extension,0.0,0.0,0.0,0.0
26,nb_redirection,2.0,2.0,0.0,0.0
26,nb_external_redirection,0.0,0.0,0.0,0.0
26,length_words_raw,10.0,40.0,30.0,0.2857143
26,char_repeat,4.0,3.0,-1.0,-0.006849315
26,shortest_words_raw,2.0,10.0,8.0,0.26666668
26,shortest_word_host,3.0,6.0,3.0,0.07894737
26,shortest_word_path,2.0,14.0,12.0,0.29999998
26,longest_words_raw,32.0,142.0,110.0,0.13301088
26,longest_word_host,10.0,1.0,-9.0,-0.14754099
26,longest_word_path,32.0,83.0,51.0,0.061519902
26,avg_words_raw,7.8,12.1172695,4.3172693,0.034196194
26,avg_word_host,7.0,17.610504,10.610504,0.2792238
26,avg_word_path,8.142858,5.231925,-2.9109325,-0.011643732
26,phish_hints,2.0,6.0,4.0,0.40000004
26,domain_in_brand,0.0,0.0,0.0,0.0
26,brand_in_subdomain,0.0,0.0,0.0,0.0
26,brand_in_path,0.0,0.0,0.0,0.0
26,suspecious_tld,0.0,0.0,0.0,0.0
26,statistical_report,0.0,0.0,0.0,0.0
26,whois_registered_domain,0.0,0.0,0.0,0.0
26,domain_registration_length,257.0,11076.0,10819.0,0.36268857
26,domain_age,2300.0,3825.0,1525.0,0.118345484
26,web_traffic,0.0,5.044297e+06,5.044297e+06,0.46845314
26,dns_record,0.0,0.0,0.0,0.0
26,google_index,1.0,1.0,0.0,0.0
26,page_rank,2.0,4.0,2.0,0.2
27,length_url,50.0,574.0,524.0,0.32166973
27,length_hostname,23.0,120.0,97.0,0.4619048
27,ip,0.0,0.0,0.0,0.0
27,nb_dots,2.0,9.0,7.0,0.30434784
27,nb_hyphens,1.0,9.0,8.0,0.18604651
27,nb_at,0.0,0.0,0.0,0.0
27,nb_qm,0.0,0.0,0.0,0.0
27,nb_and,0.0,9.0,9.0,0.47368422
27,nb_or,0.0,0.0,0.0,0.0
27,nb_eq,0.0,2.0,2.0,0.10526316
27,nb_underscore,0.0,2.0,2.0,0.11111111
27,nb_tilde,0.0,0.0,0.0,0.0
27,nb_percent,0.0,5.0,5.0,0.052083332
27,nb_slash,4.0,17.0,13.0,0.41935483
27,nb_star,0.0,0.0,0.0,0.0
27,nb_colon,1.0,2.0,1.0,0.16666667
27,nb_comma,0.0,0.0,0.0,0.0
27,nb_semicolumn,0.0,0.0,0.0,0.0
27,nb_dollar,0.0,2.0,2.0,0.33333334
27,nb_space,0.0,0.0,0.0,0.0
27,nb_www,1.0,1.0,0.0,0.0
27,nb_com,0.0,0.0,0.0,0.0
27,nb_dslash,0.0,0.0,0.0,0.0
27,http_in_path,0.0,1.0,1.0,0.25
27,https_token,0.0,0.0,0.0,0.0
27,ratio_digits_url,0.0,0.26955473,0.26955473,0.3723746
27,ratio_digits_host,0.0,0.17058814,0.17058814,0.21323517
27,punycode,0.0,0.0,0.0,0.0
27,port,0.0,0.0,0.0,0.0
27,tld_in_path,0.0,0.0,0.0,0.0
27,tld_in_subdomain,0.0,0.0,0.0,0.0
27,abnormal_subdomain,0.0,0.0,0.0,0.0
27,nb_subdomains,2.0,2.0,0.0,0.0
27,prefix_suffix,1.0,1.0,0.0,0.0
27,random_domain,0.0,0.0,0.0,0.0
27,shortening_service,0.0,0.0,0.0,0.0
27,path_extension,0.0,0.0,0.0,0.0
27,nb_redirection,0.0,0.0,0.0,0.0
27,nb_external_redirection,0.0,0.0,0.0,0.0
27,length_words_raw,5.0,41.0,36.0,0.34285715
27,char_repeat,4.0,58.0,54.0,0.36986303
27,shortest_words_raw,3.0,3.0,0.0,0.0
27,shortest_word_host,3.0,8.0,5.0,0.13157895
27,shortest_word_path,7.0,5.0,-2.0,-0.049999997
27,longest_words_raw,10.0,210.0,200.0,0.24183796
27,longest_word_host,7.0,22.0,15.0,0.24590164
27,longest_word_path,10.0,163.0,153.0,0.1845597
27,avg_words_raw,6.8,63.205376,56.405376,0.44677526
27,avg_word_host,5.6666665,9.923975,4.2573085,0.11203444
27,avg_word_path,8.5,116.919014,108.419014,0.43367603
27,phish_hints,0.0,1.0,1.0,0.1
27,domain_in_brand,0.0,0.0,0.0,0.0
27,brand_in_subdomain,0.0,0.0,0.0,0.0
27,brand_in_path,0.0,0.0,0.0,0.0
27,suspecious_tld,0.0,0.0,0.0,0.0
27,statistical_report,0.0,0.0,0.0,0.0
27,whois_registered_domain,0.0,0.0,0.0,0.0
27,domain_registration_length,197.0,4691.0,4494.0,0.1506537
27,domain_age,7839.0,4953.0,-2886.0,-0.22396398
27,web_traffic,607.0,1.053302e+06,1.052695e+06,0.09776155
27,dns_record,0.0,0.0,0.0,0.0
27,google_index,0.0,0.0,0.0,0.0
27,page_rank,6.0,8.0,2.0,0.19999999
28,length_url,45.0,587.0,542.0,0.33271945
28,length_hostname,11.0,30.0,19.0,0.090476185
28,ip,0.0,0.0,0.0,0.0
28,nb_dots,3.0,3.0,0.0,0.0
28,nb_hyphens,0.0,1.0,1.0,0.023255814
28,nb_at,0.0,1.0,1.0,0.25
28,nb_qm,0.0,0.0,0.0,0.0
28,nb_and,0.0,0.0,0.0,0.0
28,nb_or,0.0,0.0,0.0,0.0
28,nb_eq,0.0,2.0,2.0,0.10526316
28,nb_underscore,0.0,3.0,3.0,0.16666667
28,nb_tilde,0.0,0.0,0.0,0.0
28,nb_percent,0.0,15.0,15.0,0.15625
28,nb_slash,5.0,7.0,2.0,0.06451613
28,nb_star,0.0,0.0,0.0,0.0
28,nb_colon,1.0,2.0,1.0,0.16666667
28,nb_comma,0.0,0.0,0.0,0.0
28,nb_semicolumn,0.0,1.0,1.0,0.05
28,nb_dollar,0.0,1.0,1.0,0.16666667
28,nb_space,0.0,0.0,0.0,0.0
28,nb_www,1.0,1.0,0.0,0.0
28,nb_com,0.0,0.0,0.0,0.0
28,nb_dslash,0.0,0.0,0.0,0.0
28,http_in_path,0.0,0.0,0.0,0.0
28,https_token,0.0,0.0,0.0,0.0
28,ratio_digits_url,0.13333334,0.4771766,0.34384328,0.475
28,ratio_digits_host,0.0,0.081798874,0.081798874,0.102248594
28,punycode,0.0,0.0,0.0,0.0
28,port,0.0,0.0,0.0,0.0
28,tld_in_path,0.0,0.0,0.0,0.0
28,tld_in_subdomain,0.0,0.0,0.0,0.0
28,abnormal_subdomain,0.0,0.0,0.0,0.0
28,nb_subdomains,3.0,3.0,0.0,0.0
28,prefix_suffix,0.0,0.0,0.0,0.0
28,random_domain,1.0,1.0,0.0,0.0
28,shortening_service,0.0,0.0,0.0,0.0
28,path_extension,0.0,0.0,0.0,0.0
28,nb_redirection,0.0,2.0,2.0,0.33333334
28,nb_external_redirection,0.0,0.0,0.0,0.0
28,length_words_raw,6.0,4.0,-2.0,-0.01904762
28,char_repeat,4.0,68.0,64.0,0.43835616
28,shortest_words_raw,3.0,8.0,5.0,0.16666666
28,shortest_word_host,3.0,6.0,3.0,0.07894737
28,shortest_word_path,3.0,5.0,2.0,0.049999997
28,longest_words_raw,9.0,170.0,161.0,0.19467956
28,longest_word_host,3.0,14.0,11.0,0.18032786
28,longest_word_path,9.0,2.0,-7.0,-0.008443908
28,avg_words_raw,4.6666665,51.04295,46.37628,0.3673369
28,avg_word_host,3.0,9.544133,6.544133,0.17221403
28,avg_word_path,5.5,86.18766,80.68766,0.32275063
28,phish_hints,0.0,1.0,1.0,0.1
28,domain_in_brand,0.0,0.0,0.0,0.0
28,brand_in_subdomain,0.0,0.0,0.0,0.0
28,brand_in_path,0.0,0.0,0.0,0.0
28,suspecious_tld,0.0,0.0,0.0,0.0
28,statistical_report,0.0,0.0,0.0,0.0
28,whois_registered_domain,0.0,0.0,0.0,0.0
28,domain_registration_length,0.0,8613.0,8613.0,0.28873616
28,domain_age,-1.0,1319.0,1320.0,0.10243675
28,web_traffic,6431.0,4.165578e+06,4.159147e+06,0.38625115
28,dns_record,0.0,0.0,0.0,0.0
28,google_index,0.0,0.0,0.0,0.0
28,page_rank,6.0,2.0,-4.0,-0.40000004
29,length_url,159.0,899.0,740.0,0.45426643
29,length_hostname,14.0,90.0,76.0,0.36190477
29,ip,1.0,1.0,0.0,0.0
29,nb_dots,2.0,2.0,0.0,0.0
29,nb_hyphens,0.0,0.0,0.0,0.0
29,nb_at,0.0,1.0,1.0,0.25
29,nb_qm,1.0,1.0,0.0,0.0
29,nb_and,1.0,2.0,1.0,0.05263158
29,nb_or,0.0,0.0,0.0,0.0
29,nb_eq,2.0,2.0,0.0,0.0
29,nb_underscore,0.0,0.0,0.0,0.0
29,nb_tilde,0.0,0.0,0.0,0.0
29,nb_percent,0.0,33.0,33.0,0.34375
29,nb_slash,8.0,22.0,14.0,0.4516129
29,nb_star,0.0,0.0,0.0,0.0
29,nb_colon,1.0,1.0,0.0,0.0
29,nb_comma,0.0,0.0,0.0,0.0
29,nb_semicolumn,1.0,10.0,9.0,0.45
29,nb_dollar,0.0,1.0,1.0,0.16666667
29,nb_space,0.0,8.0,8.0,0.44444445
29,nb_www,0.0,0.0,0.0,0.0
29,nb_com,0.0,2.0,2.0,0.33333334
29,nb_dslash,0.0,0.0,0.0,0.0
29,http_in_path,0.0,0.0,0.0,0.0
29,https_token,1.0,1.0,0.0,0.0
29,ratio_digits_url,0.27044025,0.09882976,-0.17161049,-0.23707017
29,ratio_digits_host,0.0,0.27549717,0.27549717,0.34437147
29,punycode,0.0,0.0,0.0,0.0
29,port,0.0,0.0,0.0,0.0
29,tld_in_path,0.0,0.0,0.0,0.0
29,tld_in_subdomain,0.0,0.0,0.0,0.0
29,abnormal_subdomain,0.0,0.0,0.0,0.0
29,nb_subdomains,2.0,2.0,0.0,0.0
29,prefix_suffix,0.0,0.0,0.0,0.0
29,random_domain,0.0,0.0,0.0,0.0
29,shortening_service,0.0,0.0,0.0,0.0
29,path_extension,0.0,0.0,0.0,0.0
29,nb_redirection,1.0,1.0,0.0,0.0
29,nb_external_redirection,0.0,0.0,0.0,0.0
29,length_words_raw,12.0,3.0,-9.0,-0.08571429
29,char_repeat,4.0,72.0,68.0,0.46575344
29,shortest_words_raw,3.0,3.0,0.0,0.0
29,shortest_word_host,10.0,6.0,-4.0,-0.10526316
29,shortest_word_path,3.0,4.0,1.0,0.024999999
29,longest_words_raw,40.0,205.0,165.0,0.19951633
29,longest_word_host,10.0,9.0,-1.0,-0.016393453
29,longest_word_path,40.0,21.0,-19.0,-0.022919182
29,avg_words_raw,11.416667,19.338196,7.921529,0.06274478
29,avg_word_host,10.0,11.381597,1.3815966,0.036357805
29,avg_word_path,11.545455,34.162678,22.617222,0.09046889
29,phish_hints,0.0,4.0,4.0,0.4
29,domain_in_brand,0.0,0.0,0.0,0.0
29,brand_in_subdomain,0.0,0.0,0.0,0.0
29,brand_in_path,0.0,0.0,0.0,0.0
29,suspecious_tld,0.0,0.0,0.0,0.0
29,statistical_report,0.0,0.0,0.0,0.0
29,whois_registered_domain,0.0,0.0,0.0,0.0
29,domain_registration_length,325.0,13423.0,13098.0,0.43908817
29,domain_age,1500.0,132.0,-1368.0,-0.10616173
29,web_traffic,0.0,1.403545e+06,1.403545e+06,0.13034424
29,dns_record,0.0,0.0,0.0,0.0
29,google_index,1.0,1.0,0.0,0.0
29,page_rank,0.0,4.0,4.0,0.4
30,length_url,103.0,350.0,247.0,0.15162677
30,length_hostname,19.0,104.0,85.0,0.4047619
30,ip,0.0,0.0,0.0,0.0
30,nb_dots,3.0,5.0,2.0,0.08695652
30,nb_hyphens,1.0,9.0,8.0,0.18604651
30,nb_at,1.0,2.0,1.0,0.25
30,nb_qm,1.0,1.0,0.0,0.0
30,nb_and,0.0,0.0,0.0,0.0
30,nb_or,0.0,0.0,0.0,0.0
30,nb_eq,1.0,1.0,0.0,0.0
30,nb_underscore,0.0,0.0,0.0,0.0
30,nb_tilde,0.0,0.0,0.0,0.0
30,nb_percent,0.0,27.0,27.0,0.28125
30,nb_slash,4.0,2.0,-2.0,-0.06451613
30,nb_star,0.0,0.0,0.0,0.0
30,nb_colon,1.0,1.0,0.0,0.0
30,nb_comma,0.0,1.0,1.0,0.25
30,nb_semicolumn,0.0,4.0,4.0,0.2
30,nb_dollar,0.0,2.0,2.0,0.33333334
30,nb_space,0.0,4.0,4.0,0.22222222
30,nb_www,0.0,0.0,0.0,0.0
30,nb_com,0.0,1.0,1.0,0.16666667
30,nb_dslash,0.0,0.0,0.0,0.0
30,http_in_path,0.0,0.0,0.0,0.0
30,https_token,0.0,0.0,0.0,0.0
30,ratio_digits_url,0.0776699,0.365833,0.28816313,0.398081
30,ratio_digits_host,0.0,0.09095377,0.09095377,0.11369221
30,punycode,0.0,0.0,0.0,0.0
30,port,0.0,0.0,0.0,0.0
30,tld_in_path,0.0,0.0,0.0,0.0
30,tld_in_subdomain,0.0,0.0,0.0,0.0
30,abnormal_subdomain,0.0,0.0,0.0,0.0
30,nb_subdomains,3.0,3.0,0.0,0.0
30,prefix_suffix,0.0,0.0,0.0,0.0
30,random_domain,0.0,0.0,0.0,0.0
30,shortening_service,0.0,0.0,0.0,0.0
30,path_extension,0.0,0.0,0.0,0.0
30,nb_redirection,0.0,0.0,0.0,0.0
30,nb_external_redirection,0.0,0.0,0.0,0.0
30,length_words_raw,9.0,34.0,25.0,0.23809525
30,char_repeat,2.0,68.0,66.0,0.4520548
30,shortest_words_raw,2.0,15.0,13.0,0.43333334
30,shortest_word_host,4.0,4.0,0.0,0.0
30,shortest_word_path,2.0,5.0,3.0,0.075
30,longest_words_raw,44.0,226.0,182.0,0.22007255
30,longest_word_host,10.0,9.0,-1.0,-0.016393453
30,longest_word_path,44.0,0.0,-44.0,-0.053075995
30,avg_words_raw,9.222222,2.0,-7.2222223,-0.05720572
30,avg_word_host,7.0,13.3253145,6.3253145,0.16645566
30,avg_word_path,9.857142,15.090805,5.2336626,0.020934653
30,phish_hints,0.0,0.0,0.0,0.0
30,domain_in_brand,0.0,0.0,0.0,0.0
30,brand_in_subdomain,0.0,0.0,0.0,0.0
30,brand_in_path,0.0,0.0,0.0,0.0
30,suspecious_tld,0.0,0.0,0.0,0.0
30,statistical_report,0.0,0.0,0.0,0.0
30,whois_registered_domain,0.0,0.0,0.0,0.0
30,domain_registration_length,231.0,4918.0,4687.0,0.1571237
30,domain_age,134.0,4063.0,3929.0,0.30490455
30,web_traffic,1.508317e+06,4.530567e+06,3.02225e+06,0.28066996
30,dns_record,0.0,0.0,0.0,0.0
30,google_index,1.0,1.0,0.0,0.0
30,page_rank,2.0,2.0,0.0,0.0
31,length_url,81.0,82.0,1.0,0.0006138757
31,length_hostname,27.0,16.0,-11.0,-0.052380953
31,ip,1.0,1.0,0.0,0.0
31,nb_dots,2.0,5.0,3.0,0.13043478
31,nb_hyphens,0.0,5.0,5.0,0.11627907
31,nb_at,0.0,1.0,1.0,0.25
31,nb_qm,0.0,1.0,1.0,0.33333334
31,nb_and,0.0,0.0,0.0,0.0
31,nb_or,0.0,0.0,0.0,0.0
31,nb_eq,0.0,0.0,0.0,0.0
31,nb_underscore,0.0,0.0,0.0,0.0
31,nb_tilde,0.0,0.0,0.0,0.0
31,nb_percent,0.0,10.0,10.0,0.104166664
31,nb_slash,5.0,19.0,14.0,0.45161292
31,nb_star,0.0,0.0,0.0,0.0
31,nb_colon,1.0,2.0,1.0,0.16666667
31,nb_comma,0.0,1.0,1.0,0.25
31,nb_semicolumn,0.0,9.0,9.0,0.45
31,nb_dollar,0.0,0.0,0.0,0.0
31,nb_space,0.0,8.0,8.0,0.44444445
31,nb_www,1.0,1.0,0.0,0.0
31,nb_com,0.0,2.0,2.0,0.33333334
31,nb_dslash,0.0,0.0,0.0,0.0
31,http_in_path,0.0,0.0,0.0,0.0
31,https_token,1.0,1.0,0.0,0.0
31,ratio_digits_url,0.28395063,0.096677415,-0.1872732,-0.2587073
31,ratio_digits_host,0.0,0.017020004,0.017020004,0.021275004
31,punycode,0.0,0.0,0.0,0.0
31,port,0.0,0.0,0.0,0.0
31,tld_in_path,0.0,0.0,0.0,0.0
31,tld_in_subdomain,0.0,0.0,0.0,0.0
31,abnormal_subdomain,0.0,0.0,0.0,0.0
31,nb_subdomains,2.0,2.0,0.0,0.0
31,prefix_suffix,0.0,0.0,0.0,0.0
31,random_domain,0.0,0.0,0.0,0.0
31,shortening_service,0.0,0.0,0.0,0.0
31,path_extension,0.0,0.0,0.0,0.0
31,nb_redirection,1.0,1.0,0.0,0.0
31,nb_external_redirection,0.0,0.0,0.0,0.0
31,length_words_raw,5.0,13.0,8.0,0.07619047
31,char_repeat,8.0,73.0,65.0,0.44520548
31,shortest_words_raw,2.0,14.0,12.0,0.4
31,shortest_word_host,3.0,5.0,2.0,0.05263158
31,shortest_word_path,2.0,2.0,0.0,0.0
31,longest_words_raw,32.0,366.0,334.0,0.40386942
31,longest_word_host,19.0,31.0,12.0,0.19672132
31,longest_word_path,32.0,0.0,-32.0,-0.038600724
31,avg_words_raw,13.2,60.113316,46.913315,0.3715906
31,avg_word_host,11.0,6.1911592,-4.8088408,-0.12654845
31,avg_word_path,14.666667,52.468006,37.80134,0.15120536
31,phish_hints,0.0,3.0,3.0,0.3
31,domain_in_brand,0.0,0.0,0.0,0.0
31,brand_in_subdomain,0.0,0.0,0.0,0.0
31,brand_in_path,0.0,0.0,0.0,0.0
31,suspecious_tld,0.0,0.0,0.0,0.0
31,statistical_report,0.0,0.0,0.0,0.0
31,whois_registered_domain,0.0,0.0,0.0,0.0
31,domain_registration_length,77.0,446.0,369.0,0.0123700965
31,domain_age,5767.0,11401.0,5634.0,0.4372187
31,web_traffic,0.0,4.045124e+06,4.045124e+06,0.3756621
31,dns_record,0.0,0.0,0.0,0.0
31,google_index,1.0,1.0,0.0,0.0
31,page_rank,2.0,4.0,2.0,0.2
32,length_url,112.0,861.0,749.0,0.4597913
32,length_hostname,31.0,92.0,61.0,0.2904762
32,ip,0.0,0.0,0.0,0.0
32,nb_dots,2.0,11.0,9.0,0.39130434
32,nb_hyphens,10.0,16.0,6.0,0.13953488
32,nb_at,0.0,1.0,1.0,0.25
32,nb_qm,0.0,0.0,0.0,0.0
32,nb_and,0.0,1.0,1.0,0.05263158
32,nb_or,0.0,0.0,0.0,0.0
32,nb_eq,0.0,1.0,1.0,0.05263158
32,nb_underscore,0.0,6.0,6.0,0.33333334
32,nb_tilde,0.0,0.0,0.0,0.0
32,nb_percent,0.0,20.0,20.0,0.20833333
32,nb_slash,4.0,16.0,12.0,0.38709676
32,nb_star,0.0,0.0,0.0,0.0
32,nb_colon,1.0,1.0,0.0,0.0
32,nb_comma,0.0,0.0,0.0,0.0
32,nb_semicolumn,0.0,0.0,0.0,0.0
32,nb_dollar,0.0,0.0,0.0,0.0
32,nb_space,0.0,7.0,7.0,0.3888889
32,nb_www,0.0,0.0,0.0,0.0
32,nb_com,1.0,2.0,1.0,0.16666667
32,nb_dslash,0.0,0.0,0.0,0.0
32,http_in_path,0.0,1.0,1.0,0.25
32,https_token,1.0,1.0,0.0,0.0
32,ratio_digits_url,0.0,0.18203454,0.18203454,0.2514704
32,ratio_digits_host,0.0,0.15339491,0.15339491,0.19174363
32,punycode,0.0,0.0,0.0,0.0
32,port,0.0,0.0,0.0,0.0
32,tld_in_path,1.0,1.0,0.0,0.0
32,tld_in_subdomain,0.0,0.0,0.0,0.0
32,abnormal_subdomain,0.0,0.0,0.0,0.0
32,nb_subdomains,2.0,2.0,0.0,0.0
32,prefix_suffix,0.0,0.0,0.0,0.0
32,random_domain,0.0,0.0,0.0,0.0
32,shortening_service,1.0,1.0,0.0,0.0
32,path_extension,0.0,0.0,0.0,0.0
32,nb_redirection,1.0,3.0,2.0,0.3333333
32,nb_external_redirection,0.0,0.0,0.0,0.0
32,length_words_raw,14.0,61.0,47.0,0.44761908
32,char_repeat,0.0,4.0,4.0,0.02739726
32,shortest_words_raw,2.0,5.0,3.0,0.10000001
32,shortest_word_host,10.0,27.0,17.0,0.44736844
32,shortest_word_path,2.0,7.0,5.0,0.125
32,longest_words_raw,16.0,345.0,329.0,0.39782345
32,longest_word_host,16.0,43.0,27.0,0.44262296
32,longest_word_path,11.0,212.0,201.0,0.2424608
32,avg_words_raw,6.285714,58.419537,52.133823,0.41294116
32,avg_word_host,13.0,24.351276,11.351276,0.2987178
32,avg_word_path,5.1666665,121.54659,116.37993,0.46551973
32,phish_hints,0.0,1.0,1.0,0.1
32,domain_in_brand,0.0,0.0,0.0,0.0
32,brand_in_subdomain,0.0,0.0,0.0,0.0
32,brand_in_path,0.0,0.0,0.0,0.0
32,suspecious_tld,0.0,0.0,0.0,0.0
32,statistical_report,0.0,0.0,0.0,0.0
32,whois_registered_domain,0.0,0.0,0.0,0.0
32,domain_registration_length,133.0,10123.0,9990.0,0.33489776
32,domain_age,7615.0,11083.0,3468.0,0.26912928
32,web_traffic,2190.0,2.59819e+06,2.596e+06,0.24108501
32,dns_record,0.0,0.0,0.0,0.0
32,google_index,0.0,0.0,0.0,0.0
32,page_rank,5.0,4.0,-1.0,-0.099999994
33,length_url,60.0,734.0,674.0,0.41375077
33,length_hostname,35.0,111.0,76.0,0.36190474
33,ip,0.0,0.0,0.0,0.0
33,nb_dots,5.0,12.0,7.0,0.3043478
33,nb_hyphens,1.0,18.0,17.0,0.39534882
33,nb_at,0.0,1.0,1.0,0.25
33,nb_qm,0.0,0.0,0.0,0.0
33,nb_and,0.0,8.0,8.0,0.42105263
33,nb_or,0.0,0.0,0.0,0.0
33,nb_eq,0.0,8.0,8.0,0.42105263
33,nb_underscore,0.0,0.0,0.0,0.0
33,nb_tilde,0.0,0.0,0.0,0.0
33,nb_percent,0.0,43.0,43.0,0.44791666
33,nb_slash,4.0,3.0,-1.0,-0.032258064
33,nb_star,0.0,0.0,0.0,0.0
33,nb_colon,1.0,1.0,0.0,0.0
33,nb_comma,0.0,1.0,1.0,0.25
33,nb_semicolumn,0.0,7.0,7.0,0.35
33,nb_dollar,0.0,1.0,1.0,0.16666667
33,nb_space,0.0,8.0,8.0,0.44444445
33,nb_www,0.0,0.0,0.0,0.0
33,nb_com,0.0,2.0,2.0,0.33333334
33,nb_dslash,0.0,0.0,0.0,0.0
33,http_in_path,0.0,1.0,1.0,0.25
33,https_token,1.0,1.0,0.0,0.0
33,ratio_digits_url,0.03333333,0.14747582,0.11414249,0.15768139
33,ratio_digits_host,0.057142857,2.7939678e-10,-0.057142857,-0.07142857
33,punycode,0.0,0.0,0.0,0.0
33,port,0.0,0.0,0.0,0.0
33,tld_in_path,0.0,0.0,0.0,0.0
33,tld_in_subdomain,0.0,0.0,0.0,0.0
33,abnormal_subdomain,0.0,0.0,0.0,0.0
33,nb_subdomains,3.0,3.0,0.0,0.0
33,prefix_suffix,1.0,1.0,0.0,0.0
33,random_domain,0.0,0.0,0.0,0.0
33,shortening_service,1.0,1.0,0.0,0.0
33,path_extension,0.0,0.0,0.0,0.0
33,nb_redirection,0.0,1.0,1.0,0.16666667
33,nb_external_redirection,0.0,0.0,0.0,0.0
33,length_words_raw,8.0,8.0,0.0,0.0
33,char_repeat,3.0,69.0,66.0,0.45205477
33,shortest_words_raw,1.0,1.0,0.0,0.0
33,shortest_word_host,1.0,3.0,2.0,0.05263158
33,shortest_word_path,2.0,12.0,10.0,0.25
33,longest_words_raw,18.0,289.0,271.0,0.32769045
33,longest_word_host,18.0,9.0,-9.0,-0.14754099
33,longest_word_path,7.0,194.0,187.0,0.22557297
33,avg_words_raw,5.25,63.024715,57.774715,0.4576215
33,avg_word_host,7.0,8.146458,1.1464577,0.030169949
33,avg_word_path,3.5,31.226162,27.726162,0.11090465
33,phish_hints,2.0,5.0,3.0,0.3
33,domain_in_brand,0.0,0.0,0.0,0.0
33,brand_in_subdomain,0.0,0.0,0.0,0.0
33,brand_in_path,0.0,0.0,0.0,0.0
33,suspecious_tld,0.0,0.0,0.0,0.0
33,statistical_report,0.0,0.0,0.0,0.0
33,whois_registered_domain,0.0,0.0,0.0,0.0
33,domain_registration_length,228.0,12362.0,12134.0,0.4067717
33,domain_age,5615.0,7892.0,2277.0,0.17670342
33,web_traffic,0.0,1.320925e+06,1.320925e+06,0.1226715
33,dns_record,0.0,0.0,0.0,0.0
33,google_index,1.0,1.0,0.0,0.0
33,page_rank,5.0,6.0,1.0,0.100000024
34,length_url,74.0,695.0,621.0,0.38121548
34,length_hostname,19.0,77.0,58.0,0.2761905
34,ip,0.0,0.0,0.0,0.0
34,nb_dots,3.0,11.0,8.0,0.34782606
34,nb_hyphens,0.0,3.0,3.0,0.069767445
34,nb_at,0.0,1.0,1.0,0.25
34,nb_qm,0.0,0.0,0.0,0.0
34,nb_and,0.0,4.0,4.0,0.21052632
34,nb_or,0.0,0.0,0.0,0.0
34,nb_eq,0.0,1.0,1.0,0.05263158
34,nb_underscore,3.0,11.0,8.0,0.44444442
34,nb_tilde,0.0,0.0,0.0,0.0
34,nb_percent,0.0,24.0,24.0,0.25
34,nb_slash,10.0,8.0,-2.0,-0.06451613
34,nb_star,0.0,0.0,0.0,0.0
34,nb_colon,1.0,1.0,0.0,0.0
34,nb_comma,0.0,1.0,1.0,0.25
34,nb_semicolumn,0.0,3.0,3.0,0.15
34,nb_dollar,0.0,1.0,1.0,0.16666667
34,nb_space,0.0,7.0,7.0,0.3888889
34,nb_www,0.0,0.0,0.0,0.0
34,nb_com,0.0,2.0,2.0,0.33333334
34,nb_dslash,0.0,0.0,0.0,0.0
34,http_in_path,0.0,1.0,1.0,0.25
34,https_token,1.0,1.0,0.0,0.0
34,ratio_digits_url,0.08108108,0.2708116,0.18973051,0.26210195
34,ratio_digits_host,0.0,0.012454835,0.012454835,0.015568543
34,punycode,0.0,0.0,0.0,0.0
34,port,0.0,0.0,0.0,0.0
34,tld_in_path,0.0,0.0,0.0,0.0
34,tld_in_subdomain,0.0,0.0,0.0,0.0
34,abnormal_subdomain,0.0,0.0,0.0,0.0
34,nb_subdomains,3.0,3.0,0.0,0.0
34,prefix_suffix,0.0,0.0,0.0,0.0
34,random_domain,0.0,0.0,0.0,0.0
34,shortening_service,0.0,0.0,0.0,0.0
34,path_extension,0.0,0.0,0.0,0.0
34,nb_redirection,1.0,1.0,0.0,0.0
34,nb_external_redirection,0.0,0.0,0.0,0.0
34,length_words_raw,14.0,46.0,32.0,0.30476192
34,char_repeat,2.0,69.0,67.0,0.4589041
34,shortest_words_raw,1.0,6.0,5.0,0.16666667
34,shortest_word_host,7.0,22.0,15.0,0.39473683
34,shortest_word_path,1.0,5.0,4.0,0.1
34,longest_words_raw,9.0,141.0,132.0,0.15961307
34,longest_word_host,7.0,15.0,8.0,0.13114753
34,longest_word_path,9.0,74.0,65.0,0.07840772
34,avg_words_raw,3.5714285,51.400795,47.829365,0.37884647
34,avg_word_host,7.0,9.773068,2.7730684,0.07297549
34,avg_word_path,3.0,21.696196,18.696196,0.07478478
34,phish_hints,0.0,2.0,2.0,0.2
34,domain_in_brand,0.0,0.0,0.0,0.0
34,brand_in_subdomain,0.0,0.0,0.0,0.0
34,brand_in_path,0.0,0.0,0.0,0.0
34,suspecious_tld,0.0,0.0,0.0,0.0
34,statistical_report,0.0,0.0,0.0,0.0
34,whois_registered_domain,0.0,0.0,0.0,0.0
34,domain_registration_length,1630.0,4632.0,3002.0,0.100636944
34,domain_age,9327.0,7561.0,-1766.0,-0.13704795
34,web_traffic,4053.0,100664.0,96611.0,0.008972059
34,dns_record,0.0,0.0,0.0,0.0
34,google_index,0.0,0.0,0.0,0.0
34,page_rank,5.0,6.0,1.0,0.100000024
35,length_url,40.0,86.0,46.0,0.028238181
35,length_hostname,32.0,33.0,1.0,0.0047619045
35,ip,0.0,0.0,0.0,0.0
35,nb_dots,4.0,11.0,7.0,0.3043478
35,nb_hyphens,0.0,10.0,10.0,0.23255815
35,nb_at,0.0,0.0,0.0,0.0
35,nb_qm,0.0,0.0,0.0,0.0
35,nb_and,0.0,8.0,8.0,0.42105263
35,nb_or,0.0,0.0,0.0,0.0
35,nb_eq,0.0,0.0,0.0,0.0
35,nb_underscore,0.0,6.0,6.0,0.33333334
35,nb_tilde,0.0,0.0,0.0,0.0
35,nb_percent,0.0,7.0,7.0,0.072916664
35,nb_slash,2.0,4.0,2.0,0.06451613
35,nb_star,0.0,0.0,0.0,0.0
35,nb_colon,1.0,3.0,2.0,0.33333334
35,nb_comma,0.0,1.0,1.0,0.25
35,nb_semicolumn,0.0,1.0,1.0,0.05
35,nb_dollar,0.0,0.0,0.0,0.0
35,nb_space,0.0,1.0,1.0,0.055555556
35,nb_www,0.0,0.0,0.0,0.0
35,nb_com,0.0,0.0,0.0,0.0
35,nb_dslash,0.0,0.0,0.0,0.0
35,http_in_path,0.0,1.0,1.0,0.25
35,https_token,0.0,0.0,0.0,0.0
35,ratio_digits_url,0.125,0.030053219,-0.09494678,-0.1311636
35,ratio_digits_host,0.15625,0.3646389,0.2083889,0.26048613
35,punycode,0.0,0.0,0.0,0.0
35,port,0.0,0.0,0.0,0.0
35,tld_in_path,0.0,0.0,0.0,0.0
35,tld_in_subdomain,0.0,0.0,0.0,0.0
35,abnormal_subdomain,0.0,0.0,0.0,0.0
35,nb_subdomains,3.0,3.0,0.0,0.0
35,prefix_suffix,0.0,0.0,0.0,0.0
35,random_domain,0.0,0.0,0.0,0.0
35,shortening_service,1.0,1.0,0.0,0.0
35,path_extension,0.0,0.0,0.0,0.0
35,nb_redirection,0.0,0.0,0.0,0.0
35,nb_external_redirection,0.0,0.0,0.0,0.0
35,length_words_raw,4.0,7.0,3.0,0.028571429
35,char_repeat,1.0,34.0,33.0,0.2260274
35,shortest_words_raw,1.0,12.0,11.0,0.36666667
35,shortest_word_host,1.0,12.0,11.0,0.28947368
35,shortest_word_path,0.0,1.0,1.0,0.025
35,longest_words_raw,15.0,105.0,90.0,0.108827084
35,longest_word_host,15.0,8.0,-7.0,-0.114754096
35,longest_word_path,0.0,166.0,166.0,0.20024125
35,avg_words_raw,6.25,54.52024,48.27024,0.38233855
35,avg_word_host,6.25,19.870806,13.620806,0.35844225
35,avg_word_path,0.0,0.0,0.0,0.0
35,phish_hints,0.0,3.0,3.0,0.3
35,domain_in_brand,0.0,0.0,0.0,0.0
35,brand_in_subdomain,0.0,0.0,0.0,0.0
35,brand_in_path,0.0,0.0,0.0,0.0
35,suspecious_tld,0.0,0.0,0.0,0.0
35,statistical_report,0.0,0.0,0.0,0.0
35,whois_registered_domain,0.0,0.0,0.0,0.0
35,domain_registration_length,230.0,8674.0,8444.0,0.2830707
35,domain_age,5614.0,11663.0,6049.0,0.46942416
35,web_traffic,0.0,3.517853e+06,3.517853e+06,0.32669553
35,dns_record,0.0,0.0,0.0,0.0
35,google_index,0.0,0.0,0.0,0.0
35,page_rank,5.0,5.0,0.0,0.0
36,length_url,46.0,801.0,755.0,0.4634745
36,length_hostname,16.0,107.0,91.0,0.43333334
36,ip,0.0,0.0,0.0,0.0
36,nb_dots,2.0,12.0,10.0,0.43478262
36,nb_hyphens,1.0,6.0,5.0,0.11627908
36,nb_at,0.0,0.0,0.0,0.0
36,nb_qm,0.0,1.0,1.0,0.33333334
36,nb_and,0.0,1.0,1.0,0.05263158
36,nb_or,0.0,0.0,0.0,0.0
36,nb_eq,0.0,8.0,8.0,0.42105263
36,nb_underscore,1.0,6.0,5.0,0.2777778
36,nb_tilde,0.0,0.0,0.0,0.0
36,nb_percent,0.0,37.0,37.0,0.38541666
36,nb_slash,4.0,18.0,14.0,0.4516129
36,nb_star,0.0,0.0,0.0,0.0
36,nb_colon,1.0,3.0,2.0,0.33333334
36,nb_comma,0.0,1.0,1.0,0.25
36,nb_semicolumn,0.0,7.0,7.0,0.35
36,nb_dollar,0.0,0.0,0.0,0.0
36,nb_space,0.0,3.0,3.0,0.16666667
36,nb_www,1.0,1.0,0.0,0.0
36,nb_com,0.0,0.0,0.0,0.0
36,nb_dslash,0.0,0.0,0.0,0.0
36,http_in_path,0.0,0.0,0.0,0.0
36,https_token,1.0,1.0,0.0,0.0
36,ratio_digits_url,0.06521739,0.184979,0.119761616,0.1654439
36,ratio_digits_host,0.0,0.29352152,0.29352152,0.3669019
36,punycode,0.0,0.0,0.0,0.0
36,port,0.0,0.0,0.0,0.0
36,tld_in_path,0.0,0.0,0.0,0.0
36,tld_in_subdomain,0.0,0.0,0.0,0.0
36,abnormal_subdomain,0.0,0.0,0.0,0.0
36,nb_subdomains,2.0,2.0,0.0,0.0
36,prefix_suffix,1.0,1.0,0.0,0.0
36,random_domain,0.0,0.0,0.0,0.0
36,shortening_service,0.0,0.0,0.0,0.0
36,path_extension,0.0,0.0,0.0,0.0
36,nb_redirection,2.0,4.0,2.0,0.33333334
36,nb_external_redirection,0.0,0.0,0.0,0.0
36,length_words_raw,6.0,55.0,49.0,0.4666667
36,char_repeat,4.0,65.0,61.0,0.41780823
36,shortest_words_raw,3.0,10.0,7.0,0.23333335
36,shortest_word_host,3.0,20.0,17.0,0.4473684
36,shortest_word_path,3.0,17.0,14.0,0.35000002
36,longest_words_raw,8.0,333.0,325.0,0.3929867
36,longest_word_host,8.0,36.0,28.0,0.45901638
36,longest_word_path,7.0,110.0,103.0,0.124246076
36,avg_words_raw,5.0,31.46902,26.46902,0.20965561
36,avg_word_host,5.5,22.255348,16.755348,0.44093022
36,avg_word_path,4.75,94.48608,89.73608,0.3589443
36,phish_hints,0.0,3.0,3.0,0.3
36,domain_in_brand,0.0,0.0,0.0,0.0
36,brand_in_subdomain,0.0,0.0,0.0,0.0
36,brand_in_path,0.0,0.0,0.0,0.0
36,suspecious_tld,0.0,0.0,0.0,0.0
36,statistical_report,0.0,0.0,0.0,0.0
36,whois_registered_domain,0.0,0.0,0.0,0.0
36,domain_registration_length,288.0,4078.0,3790.0,0.1270533
36,domain_age,2633.0,8684.0,6051.0,0.4695794
36,web_traffic,827.0,2.20724e+06,2.206413e+06,0.2049049
36,dns_record,0.0,0.0,0.0,0.0
36,google_index,1.0,1.0,0.0,0.0
36,page_rank,7.0,8.0,1.0,0.100000024
37,length_url,54.0,767.0,713.0,0.4376918
37,length_hostname,17.0,86.0,69.0,0.32857144
37,ip,0.0,0.0,0.0,0.0
37,nb_dots,3.0,8.0,5.0,0.21739128
37,nb_hyphens,0.0,9.0,9.0,0.20930232
37,nb_at,0.0,0.0,0.0,0.0
37,nb_qm,0.0,0.0,0.0,0.0
37,nb_and,0.0,4.0,4.0,0.21052632
37,nb_or,0.0,0.0,0.0,0.0
37,nb_eq,0.0,7.0,7.0,0.36842105
37,nb_underscore,0.0,4.0,4.0,0.22222222
37,nb_tilde,0.0,0.0,0.0,0.0
37,nb_percent,0.0,3.0,3.0,0.03125
37,nb_slash,4.0,16.0,12.0,0.38709676
37,nb_star,0.0,0.0,0.0,0.0
37,nb_colon,1.0,1.0,0.0,0.0
37,nb_comma,0.0,0.0,0.0,0.0
37,nb_semicolumn,0.0,2.0,2.0,0.1
37,nb_dollar,0.0,1.0,1.0,0.16666667
37,nb_space,0.0,8.0,8.0,0.44444445
37,nb_www,1.0,1.0,0.0,0.0
37,nb_com,0.0,1.0,1.0,0.16666667
37,nb_dslash,0.0,0.0,0.0,0.0
37,http_in_path,0.0,1.0,1.0,0.25
37,https_token,1.0,1.0,0.0,0.0
37,ratio_digits_url,0.0,0.21161473,0.21161473,0.29233375
37,ratio_digits_host,0.0,0.0,0.0,0.0
37,punycode,0.0,0.0,0.0,0.0
37,port,0.0,0.0,0.0,0.0
37,tld_in_path,0.0,0.0,0.0,0.0
37,tld_in_subdomain,0.0,0.0,0.0,0.0
37,abnormal_subdomain,0.0,0.0,0.0,0.0
37,nb_subdomains,3.0,3.0,0.0,0.0
37,prefix_suffix,0.0,0.0,0.0,0.0
37,random_domain,0.0,0.0,0.0,0.0
37,shortening_service,0.0,0.0,0.0,0.0
37,path_extension,0.0,0.0,0.0,0.0
37,nb_redirection,1.0,3.0,2.0,0.3333333
37,nb_external_redirection,0.0,0.0,0.0,0.0
37,length_words_raw,5.0,45.0,40.0,0.3809524
37,char_repeat,4.0,71.0,67.0,0.4589041
37,shortest_words_raw,3.0,8.0,5.0,0.16666666
37,shortest_word_host,3.0,19.0,16.0,0.42105263
37,shortest_word_path,3.0,3.0,0.0,0.0
37,longest_words_raw,13.0,206.0,193.0,0.23337364
37,longest_word_host,9.0,26.0,17.0,0.27868852
37,longest_word_path,13.0,397.0,384.0,0.4632087
37,avg_words_raw,7.8,27.301756,19.501755,0.15446936
37,avg_word_host,6.0,22.22852,16.22852,0.4270663
37,avg_word_path,9.0,104.08422,95.08422,0.38033688
37,phish_hints,0.0,1.0,1.0,0.1
37,domain_in_brand,0.0,0.0,0.0,0.0
37,brand_in_subdomain,0.0,0.0,0.0,0.0
37,brand_in_path,0.0,0.0,0.0,0.0
37,suspecious_tld,0.0,0.0,0.0,0.0
37,statistical_report,0.0,0.0,0.0,0.0
37,whois_registered_domain,0.0,0.0,0.0,0.0
37,domain_registration_length,792.0,747.0,-45.0,-0.001508547
37,domain_age,6512.0,4417.0,-2095.0,-0.16257957
37,web_traffic,1.680566e+06,3.630471e+06,1.949905e+06,0.18108353
37,dns_record,0.0,0.0,0.0,0.0
37,google_index,0.0,0.0,0.0,0.0
37,page_rank,4.0,3.0,-1.0,-0.099999994
38,length_url,54.0,148.0,94.0,0.057704113
38,length_hostname,21.0,107.0,86.0,0.40952381
38,ip,0.0,0.0,0.0,0.0
38,nb_dots,1.0,3.0,2.0,0.08695652
38,nb_hyphens,1.0,8.0,7.0,0.1627907
38,nb_at,0.0,0.0,0.0,0.0
38,nb_qm,0.0,1.0,1.0,0.33333334
38,nb_and,0.0,2.0,2.0,0.10526316
38,nb_or,0.0,0.0,0.0,0.0
38,nb_eq,0.0,3.0,3.0,0.15789473
38,nb_underscore,0.0,0.0,0.0,0.0
38,nb_tilde,0.0,0.0,0.0,0.0
38,nb_percent,0.0,26.0,26.0,0.27083334
38,nb_slash,6.0,20.0,14.0,0.4516129
38,nb_star,0.0,0.0,0.0,0.0
38,nb_colon,1.0,3.0,2.0,0.33333334
38,nb_comma,0.0,0.0,0.0,0.0
38,nb_semicolumn,0.0,0.0,0.0,0.0
38,nb_dollar,0.0,0.0,0.0,0.0
38,nb_space,0.0,0.0,0.0,0.0
38,nb_www,0.0,0.0,0.0,0.0
38,nb_com,0.0,0.0,0.0,0.0
38,nb_dslash,0.0,0.0,0.0,0.0
38,http_in_path,0.0,0.0,0.0,0.0
38,https_token,1.0,1.0,0.0,0.0
38,ratio_digits_url,0.0,0.1029031,0.1029031,0.1421548
38,ratio_digits_host,0.0,0.13229527,0.13229527,0.16536908
38,punycode,0.0,0.0,0.0,0.0
38,port,0.0,0.0,0.0,0.0
38,tld_in_path,0.0,0.0,0.0,0.0
38,tld_in_subdomain,0.0,0.0,0.0,0.0
38,abnormal_subdomain,0.0,0.0,0.0,0.0
38,nb_subdomains,1.0,1.0,0.0,0.0
38,prefix_suffix,1.0,1.0,0.0,0.0
38,random_domain,0.0,0.0,0.0,0.0
38,shortening_service,0.0,0.0,0.0,0.0
38,path_extension,0.0,0.0,0.0,0.0
38,nb_redirection,1.0,1.0,0.0,0.0
38,nb_external_redirection,0.0,0.0,0.0,0.0
38,length_words_raw,5.0,18.0,13.0,0.12380953
38,char_repeat,3.0,47.0,44.0,0.30136985
38,shortest_words_raw,6.0,10.0,4.0,0.13333334
38,shortest_word_host,7.0,2.0,-5.0,-0.13157894
38,shortest_word_path,6.0,0.0,-6.0,-0.15
38,longest_words_raw,10.0,118.0,108.0,0.1305925
38,longest_word_host,10.0,13.0,3.0,0.04918033
38,longest_word_path,9.0,313.0,304.0,0.36670688
38,avg_words_raw,7.8,67.76875,59.968754,0.475
38,avg_word_host,8.5,15.732477,7.232477,0.19032834
38,avg_word_path,7.3333335,22.626522,15.293188,0.061172757
38,phish_hints,1.0,5.0,4.0,0.4
38,domain_in_brand,0.0,0.0,0.0,0.0
38,brand_in_subdomain,0.0,0.0,0.0,0.0
38,brand_in_path,0.0,0.0,0.0,0.0
38,suspecious_tld,0.0,0.0,0.0,0.0
38,statistical_report,0.0,0.0,0.0,0.0
38,whois_registered_domain,0.0,0.0,0.0,0.0
38,domain_registration_length,0.0,1598.0,1598.0,0.05357023
38,domain_age,-1.0,-12.0,-11.0,-0.0008536396
38,web_traffic,0.0,625984.0,625984.0,0.058133803
38,dns_record,0.0,0.0,0.0,0.0
38,google_index,1.0,1.0,0.0,0.0
38,page_rank,0.0,3.0,3.0,0.3
39,length_url,57.0,89.0,32.0,0.019643955
39,length_hostname,38.0,31.0,-7.0,-0.03333333
39,ip,0.0,0.0,0.0,0.0
39,nb_dots,4.0,4.0,0.0,0.0
39,nb_hyphens,0.0,5.0,5.0,0.11627907
39,nb_at,0.0,1.0,1.0,0.25
39,nb_qm,0.0,0.0,0.0,0.0
39,nb_and,0.0,3.0,3.0,0.15789473
39,nb_or,0.0,0.0,0.0,0.0
39,nb_eq,0.0,0.0,0.0,0.0
39,nb_underscore,0.0,1.0,1.0,0.055555556
39,nb_tilde,0.0,0.0,0.0,0.0
39,nb_percent,0.0,31.0,31.0,0.32291666
39,nb_slash,3.0,3.0,0.0,0.0
39,nb_star,0.0,0.0,0.0,0.0
39,nb_colon,1.0,3.0,2.0,0.33333334
39,nb_comma,0.0,0.0,0.0,0.0
39,nb_semicolumn,0.0,9.0,9.0,0.45
39,nb_dollar,0.0,0.0,0.0,0.0
39,nb_space,0.0,8.0,8.0,0.44444445
39,nb_www,0.0,0.0,0.0,0.0
39,nb_com,0.0,2.0,2.0,0.33333334
39,nb_dslash,0.0,0.0,0.0,0.0
39,http_in_path,0.0,0.0,0.0,0.0
39,https_token,0.0,0.0,0.0,0.0
39,ratio_digits_url,0.01754386,0.0,-0.01754386,-0.024235848
39,ratio_digits_host,0.02631579,0.05650207,0.03018628,0.037732847
39,punycode,0.0,0.0,0.0,0.0
39,port,0.0,0.0,0.0,0.0
39,tld_in_path,0.0,0.0,0.0,0.0
39,tld_in_subdomain,0.0,0.0,0.0,0.0
39,abnormal_subdomain,0.0,0.0,0.0,0.0
39,nb_subdomains,3.0,3.0,0.0,0.0
39,prefix_suffix,0.0,0.0,0.0,0.0
39,random_domain,0.0,0.0,0.0,0.0
39,shortening_service,0.0,0.0,0.0,0.0
39,path_extension,0.0,0.0,0.0,0.0
39,nb_redirection,0.0,1.0,1.0,0.16666667
39,nb_external_redirection,0.0,0.0,0.0,0.0
39,length_words_raw,5.0,13.0,8.0,0.07619047
39,char_repeat,0.0,15.0,15.0,0.10273973
39,shortest_words_raw,4.0,12.0,8.0,0.26666668
39,shortest_word_host,4.0,4.0,0.0,0.0
39,shortest_word_path,4.0,4.0,0.0,0.0
39,longest_words_raw,18.0,324.0,306.0,0.37001207
39,longest_word_host,18.0,42.0,24.0,0.3934426
39,longest_word_path,5.0,212.0,207.0,0.24969843
39,avg_words_raw,8.2,14.928654,6.728654,0.053296268
39,avg_word_host,10.666667,20.49747,9.830804,0.25870535
39,avg_word_path,4.5,28.947327,24.447327,0.09778931
39,phish_hints,0.0,4.0,4.0,0.4
39,domain_in_brand,0.0,0.0,0.0,0.0
39,brand_in_subdomain,0.0,0.0,0.0,0.0
39,brand_in_path,0.0,0.0,0.0,0.0
39,suspecious_tld,0.0,0.0,0.0,0.0
39,statistical_report,0.0,0.0,0.0,0.0
39,whois_registered_domain,0.0,0.0,0.0,0.0
39,domain_registration_length,944.0,13080.0,12136.0,0.40683874
39,domain_age,1246.0,182.0,-1064.0,-0.08257023
39,web_traffic,7048.0,4.722091e+06,4.715043e+06,0.43787605
39,dns_record,0.0,0.0,0.0,0.0
39,google_index,1.0,1.0,0.0,0.0
39,page_rank,4.0,7.0,3.0,0.29999998
40,length_url,92.0,205.0,113.0,0.06936771
40,length_hostname,22.0,12.0,-10.0,-0.04761905
40,ip,1.0,1.0,0.0,0.0
40,nb_dots,2.0,7.0,5.0,0.2173913
40,nb_hyphens,1.0,2.0,1.0,0.023255814
40,nb_at,0.0,0.0,0.0,0.0
40,nb_qm,0.0,0.0,0.0,0.0
40,nb_and,0.0,4.0,4.0,0.21052632
40,nb_or,0.0,0.0,0.0,0.0
40,nb_eq,0.0,3.0,3.0,0.15789473
40,nb_underscore,0.0,4.0,4.0,0.22222222
40,nb_tilde,0.0,0.0,0.0,0.0
40,nb_percent,0.0,26.0,26.0,0.27083334
40,nb_slash,8.0,9.0,1.0,0.032258064
40,nb_star,0.0,0.0,0.0,0.0
40,nb_colon,1.0,3.0,2.0,0.33333334
40,nb_comma,0.0,1.0,1.0,0.25
40,nb_semicolumn,0.0,0.0,0.0,0.0
40,nb_dollar,0.0,1.0,1.0,0.16666667
40,nb_space,0.0,1.0,1.0,0.055555556
40,nb_www,0.0,0.0,0.0,0.0
40,nb_com,0.0,0.0,0.0,0.0
40,nb_dslash,0.0,0.0,0.0,0.0
40,http_in_path,0.0,1.0,1.0,0.25
40,https_token,1.0,1.0,0.0,0.0
40,ratio_digits_url,0.3043478,0.4033855,0.09903768,0.13681495
40,ratio_digits_host,0.0,0.33399254,0.33399254,0.41749066
40,punycode,0.0,0.0,0.0,0.0
40,port,0.0,0.0,0.0,0.0
40,tld_in_path,0.0,0.0,0.0,0.0
40,tld_in_subdomain,0.0,0.0,0.0,0.0
40,abnormal_subdomain,0.0,0.0,0.0,0.0
40,nb_subdomains,2.0,2.0,0.0,0.0
40,prefix_suffix,1.0,1.0,0.0,0.0
40,random_domain,0.0,0.0,0.0,0.0
40,shortening_service,0.0,0.0,0.0,0.0
40,path_extension,0.0,0.0,0.0,0.0
40,nb_redirection,0.0,2.0,2.0,0.33333334
40,nb_external_redirection,0.0,0.0,0.0,0.0
40,length_words_raw,7.0,8.0,1.0,0.009523813
40,char_repeat,5.0,39.0,34.0,0.2328767
40,shortest_words_raw,2.0,16.0,14.0,0.46666667
40,shortest_word_host,15.0,13.0,-2.0,-0.052631587
40,shortest_word_path,2.0,7.0,5.0,0.125
40,longest_words_raw,32.0,11.0,-21.0,-0.025392987
40,longest_word_host,15.0,39.0,24.0,0.3934426
40,longest_word_path,32.0,209.0,177.0,0.21351026
40,avg_words_raw,10.142858,3.2437336,-6.899124,-0.054646526
40,avg_word_host,15.0,14.517738,-0.48226166,-0.012691081
40,avg_word_path,9.333333,22.28997,12.956637,0.05182655
40,phish_hints,3.0,6.0,3.0,0.3
40,domain_in_brand,0.0,0.0,0.0,0.0
40,brand_in_subdomain,0.0,0.0,0.0,0.0
40,brand_in_path,0.0,0.0,0.0,0.0
40,suspecious_tld,0.0,0.0,0.0,0.0
40,statistical_report,0.0,0.0,0.0,0.0
40,whois_registered_domain,0.0,0.0,0.0,0.0
40,domain_registration_length,0.0,11371.0,11371.0,0.38119343
40,domain_age,-1.0,2780.0,2781.0,0.2158156
40,web_traffic,0.0,4.891948e+06,4.891948e+06,0.4543048
40,dns_record,0.0,0.0,0.0,0.0
40,google_index,1.0,1.0,0.0,0.0
40,page_rank,1.0,4.0,3.0,0.3
41,length_url,102.0,144.0,42.0,0.02578269
41,length_hostname,12.0,12.0,0.0,0.0
41,ip,0.0,0.0,0.0,0.0
41,nb_dots,2.0,10.0,8.0,0.3478261
41,nb_hyphens,7.0,11.0,4.0,0.093023255
41,nb_at,0.0,0.0,0.0,0.0
41,nb_qm,0.0,0.0,0.0,0.0
41,nb_and,0.0,5.0,5.0,0.2631579
41,nb_or,0.0,0.0,0.0,0.0
41,nb_eq,0.0,4.0,4.0,0.21052632
41,nb_underscore,0.0,2.0,2.0,0.11111111
41,nb_tilde,0.0,0.0,0.0,0.0
41,nb_percent,0.0,0.0,0.0,0.0
41,nb_slash,7.0,6.0,-1.0,-0.032258064
41,nb_star,0.0,0.0,0.0,0.0
41,nb_colon,1.0,3.0,2.0,0.33333334
41,nb_comma,0.0,0.0,0.0,0.0
41,nb_semicolumn,0.0,6.0,6.0,0.3
41,nb_dollar,0.0,0.0,0.0,0.0
41,nb_space,0.0,3.0,3.0,0.16666667
41,nb_www,1.0,1.0,0.0,0.0
41,nb_com,0.0,0.0,0.0,0.0
41,nb_dslash,0.0,0.0,0.0,0.0
41,http_in_path,0.0,1.0,1.0,0.25
41,https_token,1.0,1.0,0.0,0.0
41,ratio_digits_url,0.05882353,0.21767247,0.15884894,0.21944082
41,ratio_digits_host,0.0,0.18073705,0.18073705,0.2259213
41,punycode,0.0,0.0,0.0,0.0
41,port,0.0,0.0,0.0,0.0
41,tld_in_path,0.0,0.0,0.0,0.0
41,tld_in_subdomain,0.0,0.0,0.0,0.0
41,abnormal_subdomain,0.0,0.0,0.0,0.0
41,nb_subdomains,2.0,2.0,0.0,0.0
41,prefix_suffix,0.0,0.0,0.0,0.0
41,random_domain,0.0,0.0,0.0,0.0
41,shortening_service,0.0,0.0,0.0,0.0
41,path_extension,0.0,0.0,0.0,0.0
41,nb_redirection,1.0,1.0,0.0,0.0
41,nb_external_redirection,0.0,0.0,0.0,0.0
41,length_words_raw,13.0,13.0,0.0,0.0
41,char_repeat,3.0,68.0,65.0,0.44520548
41,shortest_words_raw,3.0,1.0,-2.0,-0.06666667
41,shortest_word_host,3.0,19.0,16.0,0.42105263
41,shortest_word_path,3.0,5.0,2.0,0.049999997
41,longest_words_raw,22.0,28.0,6.0,0.007255139
41,longest_word_host,4.0,17.0,13.0,0.21311474
41,longest_word_path,22.0,57.0,35.0,0.042219542
41,avg_words_raw,6.0,32.55574,26.55574,0.2103425
41,avg_word_host,3.5,1.2078052,-2.2921948,-0.06032092
41,avg_word_path,6.4545455,122.46354,116.008995,0.464036
41,phish_hints,0.0,0.0,0.0,0.0
41,domain_in_brand,0.0,0.0,0.0,0.0
41,brand_in_subdomain,0.0,0.0,0.0,0.0
41,brand_in_path,0.0,0.0,0.0,0.0
41,suspecious_tld,0.0,0.0,0.0,0.0
41,statistical_report,0.0,0.0,0.0,0.0
41,whois_registered_domain,0.0,0.0,0.0,0.0
41,domain_registration_length,323.0,6924.0,6601.0,0.2212873
41,domain_age,8442.0,6569.0,-1873.0,-0.14535153
41,web_traffic,43102.0,1.19944e+06,1.156338e+06,0.10738665
41,dns_record,0.0,0.0,0.0,0.0
41,google_index,0.0,0.0,0.0,0.0
41,page_rank,5.0,5.0,0.0,0.0
42,length_url,29.0,751.0,722.0,0.4432167
42,length_hostname,20.0,101.0,81.0,0.3857143
42,ip,0.0,0.0,0.0,0.0
42,nb_dots,2.0,12.0,10.0,0.43478262
42,nb_hyphens,0.0,10.0,10.0,0.23255815
42,nb_at,0.0,0.0,0.0,0.0
42,nb_qm,0.0,0.0,0.0,0.0
42,nb_and,0.0,2.0,2.0,0.10526316
42,nb_or,0.0,0.0,0.0,0.0
42,nb_eq,0.0,4.0,4.0,0.21052632
42,nb_underscore,0.0,0.0,0.0,0.0
42,nb_tilde,0.0,0.0,0.0,0.0
42,nb_percent,0.0,35.0,35.0,0.36458334
42,nb_slash,3.0,13.0,10.0,0.32258064
42,nb_star,0.0,0.0,0.0,0.0
42,nb_colon,1.0,3.0,2.0,0.33333334
42,nb_comma,0.0,1.0,1.0,0.25
42,nb_semicolumn,0.0,5.0,5.0,0.25
42,nb_dollar,0.0,2.0,2.0,0.33333334
42,nb_space,0.0,8.0,8.0,0.44444445
42,nb_www,1.0,1.0,0.0,0.0
42,nb_com,0.0,0.0,0.0,0.0
42,nb_dslash,0.0,0.0,0.0,0.0
42,http_in_path,0.0,1.0,1.0,0.25
42,https_token,0.0,0.0,0.0,0.0
42,ratio_digits_url,0.0,0.0360173,0.0360173,0.049755856
42,ratio_digits_host,0.0,0.14380987,0.14380987,0.17976233
42,punycode,0.0,0.0,0.0,0.0
42,port,0.0,0.0,0.0,0.0
42,tld_in_path,0.0,0.0,0.0,0.0
42,tld_in_subdomain,0.0,0.0,0.0,0.0
42,abnormal_subdomain,0.0,0.0,0.0,0.0
42,nb_subdomains,2.0,2.0,0.0,0.0
42,prefix_suffix,0.0,0.0,0.0,0.0
42,random_domain,0.0,0.0,0.0,0.0
42,shortening_service,0.0,0.0,0.0,0.0
42,path_extension,0.0,0.0,0.0,0.0
42,nb_redirection,0.0,2.0,2.0,0.33333334
42,nb_external_redirection,0.0,0.0,0.0,0.0
42,length_words_raw,2.0,44.0,42.0,0.4
42,char_repeat,4.0,66.0,62.0,0.42465752
42,shortest_words_raw,3.0,17.0,14.0,0.4666667
42,shortest_word_host,3.0,19.0,16.0,0.42105263
42,shortest_word_path,0.0,11.0,11.0,0.275
42,longest_words_raw,12.0,79.0,67.0,0.08101572
42,longest_word_host,12.0,15.0,3.0,0.04918033
42,longest_word_path,0.0,65.0,65.0,0.07840772
42,avg_words_raw,7.5,66.766,59.266,0.46943364
42,avg_word_host,7.5,13.039938,5.539938,0.14578784
42,avg_word_path,0.0,4.273246,4.273246,0.017092984
42,phish_hints,0.0,2.0,2.0,0.2
42,domain_in_brand,0.0,0.0,0.0,0.0
42,brand_in_subdomain,0.0,0.0,0.0,0.0
42,brand_in_path,0.0,0.0,0.0,0.0
42,suspecious_tld,0.0,0.0,0.0,0.0
42,statistical_report,0.0,0.0,0.0,0.0
42,whois_registered_domain,0.0,0.0,0.0,0.0
42,domain_registration_length,27.0,9621.0,9594.0,0.32162252
42,domain_age,1800.0,1005.0,-795.0,-0.061694868
42,web_traffic,0.0,260835.0,260835.0,0.024223194
42,dns_record,0.0,0.0,0.0,0.0
42,google_index,0.0,0.0,0.0,0.0
42,page_rank,3.0,2.0,-1.0,-0.10000001
43,length_url,119.0,172.0,53.0,0.0325353
43,length_hostname,24.0,29.0,5.0,0.023809522
43,ip,0.0,0.0,0.0,0.0
43,nb_dots,4.0,2.0,-2.0,-0.086956516
43,nb_hyphens,1.0,19.0,18.0,0.41860464
43,nb_at,0.0,0.0,0.0,0.0
43,nb_qm,1.0,1.0,0.0,0.0
43,nb_and,0.0,7.0,7.0,0.36842105
43,nb_or,0.0,0.0,0.0,0.0
43,nb_eq,0.0,6.0,6.0,0.31578946
43,nb_underscore,2.0,8.0,6.0,0.33333334
43,nb_tilde,0.0,0.0,0.0,0.0
43,nb_percent,0.0,37.0,37.0,0.38541666
43,nb_slash,9.0,6.0,-3.0,-0.09677419
43,nb_star,0.0,0.0,0.0,0.0
43,nb_colon,1.0,2.0,1.0,0.16666667
43,nb_comma,0.0,0.0,0.0,0.0
43,nb_semicolumn,0.0,9.0,9.0,0.45
43,nb_dollar,0.0,1.0,1.0,0.16666667
43,nb_space,0.0,2.0,2.0,0.11111111
43,nb_www,0.0,0.0,0.0,0.0
43,nb_com,0.0,0.0,0.0,0.0
43,nb_dslash,0.0,0.0,0.0,0.0
43,http_in_path,0.0,1.0,1.0,0.25
43,https_token,1.0,1.0,0.0,0.0
43,ratio_digits_url,0.008403361,0.067207776,0.058804415,0.08123497
43,ratio_digits_host,0.0,0.31093213,0.31093213,0.38866517
43,punycode,0.0,0.0,0.0,0.0
43,port,0.0,0.0,0.0,0.0
43,tld_in_path,0.0,0.0,0.0,0.0
43,tld_in_subdomain,0.0,0.0,0.0,0.0
43,abnormal_subdomain,0.0,0.0,0.0,0.0
43,nb_subdomains,3.0,3.0,0.0,0.0
43,prefix_suffix,1.0,1.0,0.0,0.0
43,random_domain,1.0,1.0,0.0,0.0
43,shortening_service,0.0,0.0,0.0,0.0
43,path_extension,0.0,0.0,0.0,0.0
43,nb_redirection,0.0,2.0,2.0,0.33333334
43,nb_external_redirection,0.0,0.0,0.0,0.0
43,length_words_raw,15.0,6.0,-9.0,-0.085714296
43,char_repeat,3.0,15.0,12.0,0.08219178
43,shortest_words_raw,2.0,2.0,0.0,0.0
43,shortest_word_host,2.0,3.0,1.0,0.02631579
43,shortest_word_path,2.0,5.0,3.0,0.075
43,longest_words_raw,17.0,221.0,204.0,0.24667475
43,longest_word_host,17.0,45.0,28.0,0.45901638
43,longest_word_path,13.0,133.0,120.0,0.14475271
43,avg_words_raw,6.266667,20.04302,13.776354,0.109119624
43,avg_word_host,9.5,7.462474,-2.0375261,-0.0536191
43,avg_word_path,5.769231,4.348755,-1.420476,-0.005681904
43,phish_hints,3.0,3.0,0.0,0.0
43,domain_in_brand,0.0,0.0,0.0,0.0
43,brand_in_subdomain,0.0,0.0,0.0,0.0
43,brand_in_path,0.0,0.0,0.0,0.0
43,suspecious_tld,0.0,0.0,0.0,0.0
43,statistical_report,0.0,0.0,0.0,0.0
43,whois_registered_domain,0.0,0.0,0.0,0.0
43,domain_registration_length,1011.0,783.0,-228.0,-0.007643312
43,domain_age,-1.0,6119.0,6120.0,0.47493404
43,web_traffic,0.0,5.054854e+06,5.054854e+06,0.46943355
43,dns_record,0.0,0.0,0.0,0.0
43,google_index,1.0,1.0,0.0,0.0
43,page_rank,4.0,3.0,-1.0,-0.099999994
44,length_url,59.0,729.0,670.0,0.4112953
44,length_hostname,21.0,120.0,99.0,0.4714286
44,ip,0.0,0.0,0.0,0.0
44,nb_dots,2.0,12.0,10.0,0.43478262
44,nb_hyphens,0.0,10.0,10.0,0.23255815
44,nb_at,0.0,0.0,0.0,0.0
44,nb_qm,0.0,0.0,0.0,0.0
44,nb_and,0.0,4.0,4.0,0.21052632
44,nb_or,0.0,0.0,0.0,0.0
44,nb_eq,0.0,2.0,2.0,0.10526316
44,nb_underscore,0.0,2.0,2.0,0.11111111
44,nb_tilde,0.0,0.0,0.0,0.0
44,nb_percent,0.0,43.0,43.0,0.44791666
44,nb_slash,6.0,6.0,0.0,0.0
44,nb_star,0.0,0.0,0.0,0.0
44,nb_colon,1.0,3.0,2.0,0.33333334
44,nb_comma,0.0,1.0,1.0,0.25
44,nb_semicolumn,0.0,6.0,6.0,0.3
44,nb_dollar,0.0,1.0,1.0,0.16666667
44,nb_space,0.0,7.0,7.0,0.3888889
44,nb_www,1.0,1.0,0.0,0.0
44,nb_com,0.0,2.0,2.0,0.33333334
44,nb_dslash,0.0,0.0,0.0,0.0
44,http_in_path,0.0,1.0,1.0,0.25
44,https_token,0.0,0.0,0.0,0.0
44,ratio_digits_url,0.06779661,0.3329742,0.26517758,0.36632782
44,ratio_digits_host,0.0,0.35974354,0.35974354,0.4496794
44,punycode,0.0,0.0,0.0,0.0
44,port,0.0,0.0,0.0,0.0
44,tld_in_path,0.0,0.0,0.0,0.0
44,tld_in_subdomain,0.0,0.0,0.0,0.0
44,abnormal_subdomain,0.0,0.0,0.0,0.0
44,nb_subdomains,2.0,2.0,0.0,0.0
44,prefix_suffix,0.0,0.0,0.0,0.0
44,random_domain,0.0,0.0,0.0,0.0
44,shortening_service,0.0,0.0,0.0,0.0
44,path_extension,0.0,0.0,0.0,0.0
44,nb_redirection,1.0,1.0,0.0,0.0
44,nb_external_redirection,0.0,0.0,0.0,0.0
44,length_words_raw,6.0,46.0,40.0,0.3809524
44,char_repeat,4.0,6.0,2.0,0.01369863
44,shortest_words_raw,3.0,16.0,13.0,0.43333334
44,shortest_word_host,3.0,11.0,8.0,0.21052632
44,shortest_word_path,4.0,10.0,6.0,0.15
44,longest_words_raw,13.0,148.0,135.0,0.16324063
44,longest_word_host,13.0,41.0,28.0,0.45901638
44,longest_word_path,8.0,333.0,325.0,0.3920386
44,avg_words_raw,7.0,3.9325867,-3.0674133,-0.024296343
44,avg_word_host,8.0,10.517052,2.5170517,0.06623821
44,avg_word_path,6.5,113.353424,106.853424,0.4274137
44,phish_hints,1.0,0.0,-1.0,-0.1
44,domain_in_brand,0.0,0.0,0.0,0.0
44,brand_in_subdomain,0.0,0.0,0.0,0.0
44,brand_in_path,0.0,0.0,0.0,0.0
44,suspecious_tld,0.0,0.0,0.0,0.0
44,statistical_report,0.0,0.0,0.0,0.0
44,whois_registered_domain,0.0,0.0,0.0,0.0
44,domain_registration_length,65.0,2469.0,2404.0,0.08059001
44,domain_age,3952.0,6954.0,3002.0,0.23296604
44,web_traffic,3.862928e+06,3.258994e+06,-603934.0,-0.056086063
44,dns_record,0.0,0.0,0.0,0.0
44,google_index,0.0,0.0,0.0,0.0
44,page_rank,4.0,2.0,-2.0,-0.2
45,length_url,151.0,243.0,92.0,0.056476362
45,length_hostname,10.0,32.0,22.0,0.10476191
45,ip,1.0,1.0,0.0,0.0
45,nb_dots,3.0,13.0,10.0,0.4347826
45,nb_hyphens,1.0,2.0,1.0,0.023255814
45,nb_at,1.0,2.0,1.0,0.25
45,nb_qm,0.0,1.0,1.0,0.33333334
45,nb_and,0.0,2.0,2.0,0.10526316
45,nb_or,0.0,0.0,0.0,0.0
45,nb_eq,0.0,6.0,6.0,0.31578946
45,nb_underscore,0.0,1.0,1.0,0.055555556
45,nb_tilde,0.0,0.0,0.0,0.0
45,nb_percent,0.0,6.0,6.0,0.0625
45,nb_slash,3.0,17.0,14.0,0.4516129
45,nb_star,0.0,0.0,0.0,0.0
45,nb_colon,1.0,2.0,1.0,0.16666667
45,nb_comma,0.0,0.0,0.0,0.0
45,nb_semicolumn,0.0,0.0,0.0,0.0
45,nb_dollar,0.0,0.0,0.0,0.0
45,nb_space,0.0,6.0,6.0,0.33333334
45,nb_www,0.0,0.0,0.0,0.0
45,nb_com,1.0,2.0,1.0,0.16666667
45,nb_dslash,0.0,0.0,0.0,0.0
45,http_in_path,1.0,1.0,0.0,0.0
45,https_token,1.0,1.0,0.0,0.0
45,ratio_digits_url,0.27152318,2.5281238e-10,-0.27152318,-0.37509388
45,ratio_digits_host,0.0,0.35127792,0.35127792,0.4390974
45,punycode,0.0,0.0,0.0,0.0
45,port,0.0,0.0,0.0,0.0
45,tld_in_path,0.0,0.0,0.0,0.0
45,tld_in_subdomain,0.0,0.0,0.0,0.0
45,abnormal_subdomain,0.0,0.0,0.0,0.0
45,nb_subdomains,3.0,3.0,0.0,0.0
45,prefix_suffix,0.0,0.0,0.0,0.0
45,random_domain,0.0,0.0,0.0,0.0
45,shortening_service,0.0,0.0,0.0,0.0
45,path_extension,0.0,0.0,0.0,0.0
45,nb_redirection,0.0,1.0,1.0,0.16666667
45,nb_external_redirection,0.0,0.0,0.0,0.0
45,length_words_raw,6.0,53.0,47.0,0.44761905
45,char_repeat,10.0,11.0,1.0,0.0068493187
45,shortest_words_raw,3.0,12.0,9.0,0.3
45,shortest_word_host,7.0,6.0,-1.0,-0.026315778
45,shortest_word_path,3.0,2.0,-1.0,-0.025000002
45,longest_words_raw,110.0,312.0,202.0,0.24425633
45,longest_word_host,7.0,20.0,13.0,0.21311474
45,longest_word_path,110.0,9.0,-101.0,-0.12183353
45,avg_words_raw,22.666666,10.280749,-12.385917,-0.09810627
45,avg_word_host,7.0,10.096544,3.0965443,0.08148801
45,avg_word_path,25.8,7.107491,-18.692509,-0.07477003
45,phish_hints,0.0,0.0,0.0,0.0
45,domain_in_brand,0.0,0.0,0.0,0.0
45,brand_in_subdomain,0.0,0.0,0.0,0.0
45,brand_in_path,0.0,0.0,0.0,0.0
45,suspecious_tld,0.0,0.0,0.0,0.0
45,statistical_report,0.0,0.0,0.0,0.0
45,whois_registered_domain,0.0,0.0,0.0,0.0
45,domain_registration_length,201.0,7849.0,7648.0,0.2563862
45,domain_age,166.0,2716.0,2550.0,0.1978892
45,web_traffic,0.0,4.34771e+06,4.34771e+06,0.4037626
45,dns_record,0.0,0.0,0.0,0.0
45,google_index,1.0,1.0,0.0,0.0
45,page_rank,0.0,3.0,3.0,0.3
46,length_url,18.0,107.0,89.0,0.054634742
46,length_hostname,9.0,95.0,86.0,0.40952381
46,ip,0.0,0.0,0.0,0.0
46,nb_dots,1.0,11.0,10.0,0.4347826
46,nb_hyphens,0.0,0.0,0.0,0.0
46,nb_at,0.0,1.0,1.0,0.25
46,nb_qm,0.0,0.0,0.0,0.0
46,nb_and,0.0,1.0,1.0,0.05263158
46,nb_or,0.0,0.0,0.0,0.0
46,nb_eq,0.0,3.0,3.0,0.15789473
46,nb_underscore,0.0,1.0,1.0,0.055555556
46,nb_tilde,0.0,0.0,0.0,0.0
46,nb_percent,0.0,15.0,15.0,0.15625
46,nb_slash,3.0,8.0,5.0,0.16129032
46,nb_star,0.0,0.0,0.0,0.0
46,nb_colon,1.0,3.0,2.0,0.33333334
46,nb_comma,0.0,1.0,1.0,0.25
46,nb_semicolumn,0.0,4.0,4.0,0.2
46,nb_dollar,0.0,0.0,0.0,0.0
46,nb_space,0.0,0.0,0.0,0.0
46,nb_www,0.0,0.0,0.0,0.0
46,nb_com,0.0,0.0,0.0,0.0
46,nb_dslash,0.0,0.0,0.0,0.0
46,http_in_path,0.0,1.0,1.0,0.25
46,https_token,0.0,0.0,0.0,0.0
46,ratio_digits_url,0.0,0.22583278,0.22583278,0.31197518
46,ratio_digits_host,0.0,0.1848676,0.1848676,0.23108451
46,punycode,0.0,0.0,0.0,0.0
46,port,0.0,0.0,0.0,0.0
46,tld_in_path,0.0,0.0,0.0,0.0
46,tld_in_subdomain,0.0,0.0,0.0,0.0
46,abnormal_subdomain,0.0,0.0,0.0,0.0
46,nb_subdomains,1.0,1.0,0.0,0.0
46,prefix_suffix,0.0,0.0,0.0,0.0
46,random_domain,1.0,1.0,0.0,0.0
46,shortening_service,0.0,0.0,0.0,0.0
46,path_extension,0.0,0.0,0.0,0.0
46,nb_redirection,0.0,1.0,1.0,0.16666667
46,nb_external_redirection,0.0,0.0,0.0,0.0
46,length_words_raw,1.0,20.0,19.0,0.18095239
46,char_repeat,0.0,12.0,12.0,0.08219178
46,shortest_words_raw,6.0,6.0,0.0,0.0
46,shortest_word_host,6.0,7.0,1.0,0.026315778
46,shortest_word_path,0.0,6.0,6.0,0.15
46,longest_words_raw,6.0,6.0,0.0,0.0
46,longest_word_host,6.0,26.0,20.0,0.32786885
46,longest_word_path,0.0,38.0,38.0,0.04583836
46,avg_words_raw,6.0,65.26599,59.26599,0.46943358
46,avg_word_host,6.0,11.1850605,5.1850605,0.13644895
46,avg_word_path,0.0,57.334877,57.334877,0.22933951
46,phish_hints,0.0,3.0,3.0,0.3
46,domain_in_brand,0.0,0.0,0.0,0.0
46,brand_in_subdomain,0.0,0.0,0.0,0.0
46,brand_in_path,0.0,0.0,0.0,0.0
46,suspecious_tld,0.0,0.0,0.0,0.0
46,statistical_report,0.0,0.0,0.0,0.0
46,whois_registered_domain,1.0,1.0,0.0,0.0
46,domain_registration_length,0.0,529.0,529.0,0.017733824
46,domain_age,-1.0,3676.0,3677.0,0.28534845
46,web_traffic,294723.0,4.328493e+06,4.03377e+06,0.37460765
46,dns_record,0.0,0.0,0.0,0.0
46,google_index,0.0,0.0,0.0,0.0
46,page_rank,2.0,1.0,-1.0,-0.1
47,length_url,39.0,739.0,700.0,0.42971146
47,length_hostname,16.0,78.0,62.0,0.2952381
47,ip,0.0,0.0,0.0,0.0
47,nb_dots,2.0,9.0,7.0,0.30434784
47,nb_hyphens,0.0,12.0,12.0,0.27906978
47,nb_at,0.0,0.0,0.0,0.0
47,nb_qm,0.0,0.0,0.0,0.0
47,nb_and,0.0,2.0,2.0,0.10526316
47,nb_or,0.0,0.0,0.0,0.0
47,nb_eq,0.0,7.0,7.0,0.36842105
47,nb_underscore,0.0,5.0,5.0,0.2777778
47,nb_tilde,0.0,0.0,0.0,0.0
47,nb_percent,0.0,2.0,2.0,0.020833334
47,nb_slash,3.0,16.0,13.0,0.41935483
47,nb_star,0.0,0.0,0.0,0.0
47,nb_colon,1.0,2.0,1.0,0.16666667
47,nb_comma,0.0,1.0,1.0,0.25
47,nb_semicolumn,0.0,8.0,8.0,0.4
47,nb_dollar,0.0,0.0,0.0,0.0
47,nb_space,0.0,2.0,2.0,0.11111111
47,nb_www,1.0,1.0,0.0,0.0
47,nb_com,0.0,2.0,2.0,0.33333334
47,nb_dslash,0.0,0.0,0.0,0.0
47,http_in_path,0.0,1.0,1.0,0.25
47,https_token,0.0,0.0,0.0,0.0
47,ratio_digits_url,0.0,0.33578447,0.33578447,0.46386722
47,ratio_digits_host,0.0,0.05137117,0.05137117,0.06421396
47,punycode,0.0,0.0,0.0,0.0
47,port,0.0,0.0,0.0,0.0
47,tld_in_path,0.0,0.0,0.0,0.0
47,tld_in_subdomain,0.0,0.0,0.0,0.0
47,abnormal_subdomain,0.0,0.0,0.0,0.0
47,nb_subdomains,2.0,2.0,0.0,0.0
47,prefix_suffix,0.0,0.0,0.0,0.0
47,random_domain,0.0,0.0,0.0,0.0
47,shortening_service,0.0,0.0,0.0,0.0
47,path_extension,0.0,0.0,0.0,0.0
47,nb_redirection,0.0,0.0,0.0,0.0
47,nb_external_redirection,0.0,0.0,0.0,0.0
47,length_words_raw,3.0,28.0,25.0,0.23809525
47,char_repeat,4.0,66.0,62.0,0.42465752
47,shortest_words_raw,3.0,10.0,7.0,0.23333335
47,shortest_word_host,3.0,20.0,17.0,0.4473684
47,shortest_word_path,14.0,9.0,-5.0,-0.125
47,longest_words_raw,14.0,173.0,159.0,0.19226119
47,longest_word_host,8.0,32.0,24.0,0.39344263
47,longest_word_path,14.0,179.0,165.0,0.19903499
47,avg_words_raw,8.333333,59.799862,51.46653,0.40765566
47,avg_word_host,5.5,21.706427,16.206427,0.4264849
47,avg_word_path,14.0,56.373463,42.373463,0.16949385
47,phish_hints,0.0,0.0,0.0,0.0
47,domain_in_brand,1.0,1.0,0.0,0.0
47,brand_in_subdomain,0.0,0.0,0.0,0.0
47,brand_in_path,0.0,0.0,0.0,0.0
47,suspecious_tld,0.0,0.0,0.0,0.0
47,statistical_report,0.0,0.0,0.0,0.0
47,whois_registered_domain,0.0,0.0,0.0,0.0
47,domain_registration_length,2808.0,2272.0,-536.0,-0.01796849
47,domain_age,8516.0,8691.0,175.0,0.01358068
47,web_traffic,8.0,251813.0,251805.0,0.023384595
47,dns_record,0.0,0.0,0.0,0.0
47,google_index,0.0,0.0,0.0,0.0
47,page_rank,10.0,9.0,-1.0,-0.100000024
48,length_url,16.0,702.0,686.0,0.42111725
48,length_hostname,9.0,32.0,23.0,0.10952382
48,ip,0.0,0.0,0.0,0.0
48,nb_dots,1.0,1.0,0.0,0.0
48,nb_hyphens,0.0,6.0,6.0,0.13953489
48,nb_at,0.0,0.0,0.0,0.0
48,nb_qm,0.0,0.0,0.0,0.0
48,nb_and,0.0,0.0,0.0,0.0
48,nb_or,0.0,0.0,0.0,0.0
48,nb_eq,0.0,2.0,2.0,0.10526316
48,nb_underscore,0.0,6.0,6.0,0.33333334
48,nb_tilde,0.0,0.0,0.0,0.0
48,nb_percent,0.0,21.0,21.0,0.21875
48,nb_slash,2.0,7.0,5.0,0.16129032
48,nb_star,0.0,0.0,0.0,0.0
48,nb_colon,1.0,2.0,1.0,0.16666667
48,nb_comma,0.0,0.0,0.0,0.0
48,nb_semicolumn,0.0,7.0,7.0,0.35
48,nb_dollar,0.0,2.0,2.0,0.33333334
48,nb_space,0.0,1.0,1.0,0.055555556
48,nb_www,0.0,0.0,0.0,0.0
48,nb_com,0.0,2.0,2.0,0.33333334
48,nb_dslash,0.0,0.0,0.0,0.0
48,http_in_path,0.0,1.0,1.0,0.25
48,https_token,1.0,1.0,0.0,0.0
48,ratio_digits_url,0.0,0.18600506,0.18600506,0.25695544
48,ratio_digits_host,0.0,0.13705488,0.13705488,0.17131859
48,punycode,0.0,0.0,0.0,0.0
48,port,0.0,0.0,0.0,0.0
48,tld_in_path,0.0,0.0,0.0,0.0
48,tld_in_subdomain,0.0,0.0,0.0,0.0
48,abnormal_subdomain,0.0,0.0,0.0,0.0
48,nb_subdomains,1.0,1.0,0.0,0.0
48,prefix_suffix,0.0,0.0,0.0,0.0
48,random_domain,1.0,1.0,0.0,0.0
48,shortening_service,0.0,0.0,0.0,0.0
48,path_extension,0.0,0.0,0.0,0.0
48,nb_redirection,0.0,1.0,1.0,0.16666667
48,nb_external_redirection,0.0,0.0,0.0,0.0
48,length_words_raw,1.0,12.0,11.0,0.104761906
48,char_repeat,0.0,69.0,69.0,0.47260273
48,shortest_words_raw,4.0,2.0,-2.0,-0.06666666
48,shortest_word_host,4.0,10.0,6.0,0.15789475
48,shortest_word_path,0.0,3.0,3.0,0.075
48,longest_words_raw,4.0,190.0,186.0,0.2249093
48,longest_word_host,4.0,15.0,11.0,0.18032786
48,longest_word_path,0.0,71.0,71.0,0.085645355
48,avg_words_raw,4.0,22.818678,18.818678,0.14905883
48,avg_word_host,4.0,8.842846,4.842846,0.12744331
48,avg_word_path,0.0,91.178986,91.178986,0.36471593
48,phish_hints,0.0,0.0,0.0,0.0
48,domain_in_brand,0.0,0.0,0.0,0.0
48,brand_in_subdomain,0.0,0.0,0.0,0.0
48,brand_in_path,0.0,0.0,0.0,0.0
48,suspecious_tld,0.0,0.0,0.0,0.0
48,statistical_report,0.0,0.0,0.0,0.0
48,whois_registered_domain,1.0,1.0,0.0,0.0
48,domain_registration_length,0.0,0.0,0.0,0.0
48,domain_age,-1.0,3442.0,3443.0,0.2671892
48,web_traffic,2.346124e+06,2.48215e+06,136026.0,0.012632459
48,dns_record,0.0,0.0,0.0,0.0
48,google_index,0.0,0.0,0.0,0.0
48,page_rank,2.0,4.0,2.0,0.2
49,length_url,29.0,190.0,161.0,0.09883364
49,length_hostname,21.0,117.0,96.0,0.45714286
49,ip,0.0,0.0,0.0,0.0
49,nb_dots,3.0,2.0,-1.0,-0.04347826
49,nb_hyphens,0.0,0.0,0.0,0.0
49,nb_at,0.0,1.0,1.0,0.25
49,nb_qm,0.0,1.0,1.0,0.33333334
49,nb_and,0.0,8.0,8.0,0.42105263
49,nb_or,0.0,0.0,0.0,0.0
49,nb_eq,0.0,1.0,1.0,0.05263158
49,nb_underscore,0.0,1.0,1.0,0.055555556
49,nb_tilde,0.0,0.0,0.0,0.0
49,nb_percent,0.0,4.0,4.0,0.041666668
49,nb_slash,3.0,6.0,3.0,0.09677419
49,nb_star,0.0,0.0,0.0,0.0
49,nb_colon,1.0,1.0,0.0,0.0
49,nb_comma,0.0,1.0,1.0,0.25
49,nb_semicolumn,0.0,1.0,1.0,0.05
49,nb_dollar,0.0,0.0,0.0,0.0
49,nb_space,0.0,1.0,1.0,0.055555556
49,nb_www,1.0,1.0,0.0,0.0
49,nb_com,0.0,0.0,0.0,0.0
49,nb_dslash,0.0,0.0,0.0,0.0
49,http_in_path,0.0,0.0,0.0,0.0
49,https_token,1.0,1.0,0.0,0.0
49,ratio_digits_url,0.0,0.18563986,0.18563986,0.25645095
49,ratio_digits_host,0.0,0.17770718,0.17770718,0.22213398
49,punycode,0.0,0.0,0.0,0.0
49,port,0.0,0.0,0.0,0.0
49,tld_in_path,0.0,0.0,0.0,0.0
49,tld_in_subdomain,0.0,0.0,0.0,0.0
49,abnormal_subdomain,0.0,0.0,0.0,0.0
49,nb_subdomains,3.0,3.0,0.0,0.0
49,prefix_suffix,0.0,0.0,0.0,0.0
49,random_domain,0.0,0.0,0.0,0.0
49,shortening_service,0.0,0.0,0.0,0.0
49,path_extension,0.0,0.0,0.0,0.0
49,nb_redirection,1.0,1.0,0.0,0.0
49,nb_external_redirection,0.0,0.0,0.0,0.0
49,length_words_raw,2.0,1.0,-1.0,-0.00952381
49,char_repeat,3.0,69.0,66.0,0.45205477
49,shortest_words_raw,3.0,13.0,10.0,0.33333334
49,shortest_word_host,3.0,3.0,0.0,0.0
49,shortest_word_path,0.0,14.0,14.0,0.35
49,longest_words_raw,11.0,7.0,-4.0,-0.004836759
49,longest_word_host,11.0,18.0,7.0,0.114754096
49,longest_word_path,0.0,27.0,27.0,0.03256936
49,avg_words_raw,7.0,53.28267,46.28267,0.36659542
49,avg_word_host,7.0,3.740138,-3.259862,-0.085785836
49,avg_word_path,0.0,92.6167,92.6167,0.3704668
49,phish_hints,0.0,0.0,0.0,0.0
49,domain_in_brand,0.0,0.0,0.0,0.0
49,brand_in_subdomain,0.0,0.0,0.0,0.0
49,brand_in_path,0.0,0.0,0.0,0.0
49,suspecious_tld,0.0,0.0,0.0,0.0
49,statistical_report,0.0,0.0,0.0,0.0
49,whois_registered_domain,0.0,0.0,0.0,0.0
49,domain_registration_length,85.0,4891.0,4806.0,0.16111298
49,domain_age,4664.0,3082.0,-1582.0,-0.12276891
49,web_traffic,0.0,985606.0,985606.0,0.091531135
49,dns_record,0.0,0.0,0.0,0.0
49,google_index,0.0,0.0,0.0,0.0
49,page_rank,4.0,1.0,-3.0,-0.3
50,length_url,41.0,197.0,156.0,0.09576427
50,length_hostname,15.0,47.0,32.0,0.15238096
50,ip,0.0,0.0,0.0,0.0
50,nb_dots,2.0,12.0,10.0,0.43478262
50,nb_hyphens,0.0,8.0,8.0,0.18604651
50,nb_at,0.0,0.0,0.0,0.0
50,nb_qm,0.0,0.0,0.0,0.0
50,nb_and,0.0,3.0,3.0,0.15789473
50,nb_or,0.0,0.0,0.0,0.0
50,nb_eq,0.0,1.0,1.0,0.05263158
50,nb_underscore,0.0,4.0,4.0,0.22222222
50,nb_tilde,0.0,0.0,0.0,0.0
50,nb_percent,0.0,37.0,37.0,0.38541666
50,nb_slash,4.0,13.0,9.0,0.29032257
50,nb_star,0.0,0.0,0.0,0.0
50,nb_colon,1.0,1.0,0.0,0.0
50,nb_comma,0.0,0.0,0.0,0.0
50,nb_semicolumn,0.0,3.0,3.0,0.15
50,nb_dollar,0.0,1.0,1.0,0.16666667
50,nb_space,0.0,1.0,1.0,0.055555556
50,nb_www,1.0,1.0,0.0,0.0
50,nb_com,0.0,1.0,1.0,0.16666667
50,nb_dslash,0.0,0.0,0.0,0.0
50,http_in_path,0.0,0.0,0.0,0.0
50,https_token,0.0,0.0,0.0,0.0
50,ratio_digits_url,0.0,0.023611454,0.023611454,0.032617886
50,ratio_digits_host,0.0,0.18934603,0.18934603,0.23668253
50,punycode,0.0,0.0,0.0,0.0
50,port,0.0,0.0,0.0,0.0
50,tld_in_path,0.0,0.0,0.0,0.0
50,tld_in_subdomain,0.0,0.0,0.0,0.0
50,abnormal_subdomain,0.0,0.0,0.0,0.0
50,nb_subdomains,2.0,2.0,0.0,0.0
50,prefix_suffix,0.0,0.0,0.0,0.0
50,random_domain,0.0,0.0,0.0,0.0
50,shortening_service,0.0,0.0,0.0,0.0
50,path_extension,0.0,0.0,0.0,0.0
50,nb_redirection,0.0,0.0,0.0,0.0
50,nb_external_redirection,0.0,0.0,0.0,0.0
50,length_words_raw,4.0,38.0,34.0,0.32380953
50,char_repeat,4.0,35.0,31.0,0.21232876
50,shortest_words_raw,3.0,8.0,5.0,0.16666666
50,shortest_word_host,3.0,5.0,2.0,0.05263158
50,shortest_word_path,5.0,14.0,9.0,0.225
50,longest_words_raw,11.0,226.0,215.0,0.25997582
50,longest_word_host,7.0,29.0,22.0,0.36065573
50,longest_word_path,11.0,339.0,328.0,0.39565742
50,avg_words_raw,6.5,5.5247746,-0.97522545,-0.007724557
50,avg_word_host,5.0,10.882153,5.8821526,0.15479349
50,avg_word_path,8.0,19.22819,11.228189,0.04491276
50,phish_hints,0.0,2.0,2.0,0.2
50,domain_in_brand,0.0,0.0,0.0,0.0
50,brand_in_subdomain,0.0,0.0,0.0,0.0
50,brand_in_path,0.0,0.0,0.0,0.0
50,suspecious_tld,0.0,0.0,0.0,0.0
50,statistical_report,0.0,0.0,0.0,0.0
50,whois_registered_domain,0.0,0.0,0.0,0.0
50,domain_registration_length,2009.0,11417.0,9408.0,0.3153872
50,domain_age,4566.0,5276.0,710.0,0.055098563
50,web_traffic,44445.0,307421.0,262976.0,0.024422023
50,dns_record,0.0,0.0,0.0,0.0
50,google_index,0.0,0.0,0.0,0.0
50,page_rank,5.0,4.0,-1.0,-0.099999994
51,length_url,52.0,195.0,143.0,0.08778392
51,length_hostname,14.0,21.0,7.0,0.033333335
51,ip,0.0,0.0,0.0,0.0
51,nb_dots,3.0,6.0,3.0,0.13043478
51,nb_hyphens,0.0,9.0,9.0,0.20930232
51,nb_at,0.0,1.0,1.0,0.25
51,nb_qm,0.0,0.0,0.0,0.0
51,nb_and,0.0,6.0,6.0,0.31578946
51,nb_or,0.0,0.0,0.0,0.0
51,nb_eq,0.0,2.0,2.0,0.10526316
51,nb_underscore,0.0,3.0,3.0,0.16666667
51,nb_tilde,0.0,0.0,0.0,0.0
51,nb_percent,1.0,1.0,0.0,0.0
51,nb_slash,5.0,5.0,0.0,0.0
51,nb_star,0.0,0.0,0.0,0.0
51,nb_colon,1.0,2.0,1.0,0.16666667
51,nb_comma,0.0,1.0,1.0,0.25
51,nb_semicolumn,0.0,1.0,1.0,0.05
51,nb_dollar,0.0,0.0,0.0,0.0
51,nb_space,1.0,1.0,0.0,0.0
51,nb_www,1.0,1.0,0.0,0.0
51,nb_com,0.0,0.0,0.0,0.0
51,nb_dslash,0.0,0.0,0.0,0.0
51,http_in_path,0.0,1.0,1.0,0.25
51,https_token,1.0,1.0,0.0,0.0
51,ratio_digits_url,0.038461536,0.34894404,0.3104825,0.42891395
51,ratio_digits_host,0.0,0.29453442,0.29453442,0.36816803
51,punycode,0.0,0.0,0.0,0.0
51,port,0.0,0.0,0.0,0.0
51,tld_in_path,0.0,0.0,0.0,0.0
51,tld_in_subdomain,0.0,0.0,0.0,0.0
51,abnormal_subdomain,0.0,0.0,0.0,0.0
51,nb_subdomains,3.0,3.0,0.0,0.0
51,prefix_suffix,0.0,0.0,0.0,0.0
51,random_domain,0.0,0.0,0.0,0.0
51,shortening_service,0.0,0.0,0.0,0.0
51,path_extension,0.0,0.0,0.0,0.0
51,nb_redirection,0.0,1.0,1.0,0.16666667
51,nb_external_redirection,0.0,0.0,0.0,0.0
51,length_words_raw,7.0,51.0,44.0,0.41904762
51,char_repeat,4.0,7.0,3.0,0.020547945
51,shortest_words_raw,3.0,11.0,8.0,0.26666668
51,shortest_word_host,3.0,16.0,13.0,0.34210527
51,shortest_word_path,3.0,5.0,2.0,0.049999997
51,longest_words_raw,7.0,125.0,118.0,0.1426844
51,longest_word_host,6.0,2.0,-4.0,-0.06557377
51,longest_word_path,7.0,12.0,5.0,0.0060313623
51,avg_words_raw,5.0,19.893515,14.893515,0.11796844
51,avg_word_host,4.5,19.370148,14.870148,0.39131966
51,avg_word_path,5.2,82.37625,77.176254,0.308705
51,phish_hints,0.0,3.0,3.0,0.3
51,domain_in_brand,0.0,0.0,0.0,0.0
51,brand_in_subdomain,0.0,0.0,0.0,0.0
51,brand_in_path,0.0,0.0,0.0,0.0
51,suspecious_tld,0.0,0.0,0.0,0.0
51,statistical_report,0.0,0.0,0.0,0.0
51,whois_registered_domain,0.0,0.0,0.0,0.0
51,domain_registration_length,438.0,3840.0,3402.0,0.11404626
51,domain_age,657.0,5571.0,4914.0,0.3813441
51,web_traffic,0.0,3.515692e+06,3.515692e+06,0.32649484
51,dns_record,0.0,0.0,0.0,0.0
51,google_index,1.0,1.0,0.0,0.0
51,page_rank,0.0,4.0,4.0,0.4
52,length_url,37.0,655.0,618.0,0.37937385
52,length_hostname,19.0,101.0,82.0,0.3904762
52,ip,0.0,0.0,0.0,0.0
52,nb_dots,2.0,11.0,9.0,0.39130434
52,nb_hyphens,0.0,11.0,11.0,0.25581396
52,nb_at,0.0,0.0,0.0,0.0
52,nb_qm,0.0,1.0,1.0,0.33333334
52,nb_and,0.0,7.0,7.0,0.36842105
52,nb_or,0.0,0.0,0.0,0.0
52,nb_eq,0.0,0.0,0.0,0.0
52,nb_underscore,0.0,5.0,5.0,0.2777778
52,nb_tilde,0.0,0.0,0.0,0.0
52,nb_percent,0.0,8.0,8.0,0.083333336
52,nb_slash,3.0,15.0,12.0,0.38709676
52,nb_star,0.0,0.0,0.0,0.0
52,nb_colon,1.0,1.0,0.0,0.0
52,nb_comma,0.0,0.0,0.0,0.0
52,nb_semicolumn,0.0,8.0,8.0,0.4
52,nb_dollar,0.0,2.0,2.0,0.33333334
52,nb_space,0.0,1.0,1.0,0.055555556
52,nb_www,0.0,0.0,0.0,0.0
52,nb_com,0.0,0.0,0.0,0.0
52,nb_dslash,0.0,0.0,0.0,0.0
52,http_in_path,0.0,1.0,1.0,0.25
52,https_token,1.0,1.0,0.0,0.0
52,ratio_digits_url,0.0,0.25355467,0.25355467,0.3502714
52,ratio_digits_host,0.0,0.14845026,0.14845026,0.18556282
52,punycode,0.0,0.0,0.0,0.0
52,port,0.0,0.0,0.0,0.0
52,tld_in_path,0.0,0.0,0.0,0.0
52,tld_in_subdomain,0.0,0.0,0.0,0.0
52,abnormal_subdomain,0.0,0.0,0.0,0.0
52,nb_subdomains,2.0,2.0,0.0,0.0
52,prefix_suffix,0.0,0.0,0.0,0.0
52,random_domain,0.0,0.0,0.0,0.0
52,shortening_service,1.0,1.0,0.0,0.0
52,path_extension,0.0,0.0,0.0,0.0
52,nb_redirection,1.0,3.0,2.0,0.3333333
52,nb_external_redirection,0.0,0.0,0.0,0.0
52,length_words_raw,3.0,47.0,44.0,0.41904762
52,char_repeat,0.0,60.0,60.0,0.41095892
52,shortest_words_raw,2.0,15.0,13.0,0.43333334
52,shortest_word_host,2.0,10.0,8.0,0.21052632
52,shortest_word_path,10.0,9.0,-1.0,-0.025000006
52,longest_words_raw,12.0,141.0,129.0,0.15598549
52,longest_word_host,12.0,16.0,4.0,0.06557378
52,longest_word_path,10.0,323.0,313.0,0.37756333
52,avg_words_raw,8.0,65.42942,57.42942,0.4548865
52,avg_word_host,7.0,10.537334,3.5373344,0.09308776
52,avg_word_path,10.0,112.00442,102.00442,0.40801767
52,phish_hints,0.0,0.0,0.0,0.0
52,domain_in_brand,0.0,0.0,0.0,0.0
52,brand_in_subdomain,0.0,0.0,0.0,0.0
52,brand_in_path,0.0,0.0,0.0,0.0
52,suspecious_tld,0.0,0.0,0.0,0.0
52,statistical_report,0.0,0.0,0.0,0.0
52,whois_registered_domain,0.0,0.0,0.0,0.0
52,domain_registration_length,291.0,12940.0,12649.0,0.4240362
52,domain_age,4823.0,8790.0,3967.0,0.3078535
52,web_traffic,212735.0,2.205738e+06,1.993003e+06,0.18508597
52,dns_record,0.0,0.0,0.0,0.0
52,google_index,1.0,1.0,0.0,0.0
52,page_rank,4.0,8.0,4.0,0.4
53,length_url,45.0,199.0,154.0,0.09453653
53,length_hostname,15.0,15.0,0.0,0.0
53,ip,1.0,1.0,0.0,0.0
53,nb_dots,3.0,3.0,0.0,0.0
53,nb_hyphens,0.0,6.0,6.0,0.13953489
53,nb_at,0.0,0.0,0.0,0.0
53,nb_qm,0.0,0.0,0.0,0.0
53,nb_and,0.0,4.0,4.0,0.21052632
53,nb_or,0.0,0.0,0.0,0.0
53,nb_eq,0.0,1.0,1.0,0.05263158
53,nb_underscore,0.0,0.0,0.0,0.0
53,nb_tilde,0.0,0.0,0.0,0.0
53,nb_percent,0.0,28.0,28.0,0.29166666
53,nb_slash,5.0,14.0,9.0,0.29032257
53,nb_star,0.0,0.0,0.0,0.0
53,nb_colon,1.0,1.0,0.0,0.0
53,nb_comma,0.0,0.0,0.0,0.0
53,nb_semicolumn,0.0,5.0,5.0,0.25
53,nb_dollar,0.0,1.0,1.0,0.16666667
53,nb_space,0.0,0.0,0.0,0.0
53,nb_www,0.0,0.0,0.0,0.0
53,nb_com,0.0,0.0,0.0,0.0
53,nb_dslash,0.0,0.0,0.0,0.0
53,http_in_path,0.0,0.0,0.0,0.0
53,https_token,1.0,1.0,0.0,0.0
53,ratio_digits_url,0.15555556,0.4062041,0.25064856,0.34625673
53,ratio_digits_host,0.0,0.19111216,0.19111216,0.2388902
53,punycode,0.0,0.0,0.0,0.0
53,port,0.0,0.0,0.0,0.0
53,tld_in_path,1.0,1.0,0.0,0.0
53,tld_in_subdomain,0.0,0.0,0.0,0.0
53,abnormal_subdomain,0.0,0.0,0.0,0.0
53,nb_subdomains,3.0,3.0,0.0,0.0
53,prefix_suffix,0.0,0.0,0.0,0.0
53,random_domain,0.0,0.0,0.0,0.0
53,shortening_service,0.0,0.0,0.0,0.0
53,path_extension,0.0,0.0,0.0,0.0
53,nb_redirection,1.0,3.0,2.0,0.3333333
53,nb_external_redirection,0.0,0.0,0.0,0.0
53,length_words_raw,6.0,15.0,9.0,0.085714296
53,char_repeat,1.0,2.0,1.0,0.006849315
53,shortest_words_raw,3.0,2.0,-1.0,-0.033333335
53,shortest_word_host,3.0,17.0,14.0,0.36842105
53,shortest_word_path,3.0,6.0,3.0,0.075
53,longest_words_raw,8.0,72.0,64.0,0.07738815
53,longest_word_host,8.0,24.0,16.0,0.26229507
53,longest_word_path,7.0,326.0,319.0,0.38480094
53,avg_words_raw,5.0,12.651699,7.651699,0.060607515
53,avg_word_host,5.5,7.71326,2.2132602,0.058243684
53,avg_word_path,4.75,116.72445,111.97445,0.4478978
53,phish_hints,0.0,3.0,3.0,0.3
53,domain_in_brand,0.0,0.0,0.0,0.0
53,brand_in_subdomain,0.0,0.0,0.0,0.0
53,brand_in_path,0.0,0.0,0.0,0.0
53,suspecious_tld,0.0,0.0,0.0,0.0
53,statistical_report,0.0,0.0,0.0,0.0
53,whois_registered_domain,0.0,0.0,0.0,0.0
53,domain_registration_length,150.0,2517.0,2367.0,0.079349644
53,domain_age,7156.0,2912.0,-4244.0,-0.3293497
53,web_traffic,2272.0,2.124074e+06,2.121802e+06,0.19704725
53,dns_record,0.0,0.0,0.0,0.0
53,google_index,0.0,0.0,0.0,0.0
53,page_rank,3.0,3.0,0.0,0.0
54,length_url,65.0,43.0,-22.0,-0.013505217
54,length_hostname,12.0,44.0,32.0,0.15238096
54,ip,0.0,0.0,0.0,0.0
54,nb_dots,3.0,3.0,0.0,0.0
54,nb_hyphens,2.0,4.0,2.0,0.046511628
54,nb_at,0.0,1.0,1.0,0.25
54,nb_qm,0.0,1.0,1.0,0.33333334
54,nb_and,0.0,2.0,2.0,0.10526316
54,nb_or,0.0,0.0,0.0,0.0
54,nb_eq,0.0,3.0,3.0,0.15789473
54,nb_underscore,0.0,0.0,0.0,0.0
54,nb_tilde,0.0,0.0,0.0,0.0
54,nb_percent,0.0,27.0,27.0,0.28125
54,nb_slash,6.0,20.0,14.0,0.4516129
54,nb_star,0.0,0.0,0.0,0.0
54,nb_colon,1.0,1.0,0.0,0.0
54,nb_comma,0.0,0.0,0.0,0.0
54,nb_semicolumn,0.0,3.0,3.0,0.15
54,nb_dollar,0.0,0.0,0.0,0.0
54,nb_space,0.0,6.0,6.0,0.33333334
54,nb_www,1.0,1.0,0.0,0.0
54,nb_com,0.0,0.0,0.0,0.0
54,nb_dslash,0.0,0.0,0.0,0.0
54,http_in_path,0.0,0.0,0.0,0.0
54,https_token,1.0,1.0,0.0,0.0
54,ratio_digits_url,0.07692308,0.035421688,-0.04150139,-0.05733182
54,ratio_digits_host,0.16666667,0.09257034,-0.07409633,-0.09262042
54,punycode,0.0,0.0,0.0,0.0
54,port,0.0,0.0,0.0,0.0
54,tld_in_path,0.0,0.0,0.0,0.0
54,tld_in_subdomain,0.0,0.0,0.0,0.0
54,abnormal_subdomain,0.0,0.0,0.0,0.0
54,nb_subdomains,3.0,3.0,0.0,0.0
54,prefix_suffix,0.0,0.0,0.0,0.0
54,random_domain,0.0,0.0,0.0,0.0
54,shortening_service,0.0,0.0,0.0,0.0
54,path_extension,0.0,0.0,0.0,0.0
54,nb_redirection,0.0,0.0,0.0,0.0
54,nb_external_redirection,0.0,0.0,0.0,0.0
54,length_words_raw,8.0,2.0,-6.0,-0.05714286
54,char_repeat,4.0,61.0,57.0,0.39041096
54,shortest_words_raw,2.0,12.0,10.0,0.33333334
54,shortest_word_host,3.0,5.0,2.0,0.05263158
54,shortest_word_path,2.0,6.0,4.0,0.10000001
54,longest_words_raw,15.0,96.0,81.0,0.09794438
54,longest_word_host,4.0,9.0,5.0,0.081967205
54,longest_word_path,15.0,151.0,136.0,0.16405307
54,avg_words_raw,5.75,38.071148,32.321148,0.2560091
54,avg_word_host,3.5,10.8916235,7.3916235,0.1945164
54,avg_word_path,6.5,0.09241095,-6.407589,-0.025630357
54,phish_hints,0.0,3.0,3.0,0.3
54,domain_in_brand,0.0,0.0,0.0,0.0
54,brand_in_subdomain,0.0,0.0,0.0,0.0
54,brand_in_path,0.0,0.0,0.0,0.0
54,suspecious_tld,0.0,0.0,0.0,0.0
54,statistical_report,0.0,0.0,0.0,0.0
54,whois_registered_domain,0.0,0.0,0.0,0.0
54,domain_registration_length,230.0,7092.0,6862.0,0.23003688
54,domain_age,135.0,3483.0,3348.0,0.25981686
54,web_traffic,0.0,2.387235e+06,2.387235e+06,0.22169745
54,dns_record,0.0,0.0,0.0,0.0
54,google_index,1.0,1.0,0.0,0.0
54,page_rank,0.0,3.0,3.0,0.3
55,length_url,71.0,495.0,424.0,0.2602824
55,length_hostname,25.0,87.0,62.0,0.2952381
55,ip,1.0,1.0,0.0,0.0
55,nb_dots,2.0,5.0,3.0,0.13043478
55,nb_hyphens,1.0,8.0,7.0,0.1627907
55,nb_at,0.0,0.0,0.0,0.0
55,nb_qm,1.0,1.0,0.0,0.0
55,nb_and,0.0,3.0,3.0,0.15789473
55,nb_or,0.0,0.0,0.0,0.0
55,nb_eq,1.0,8.0,7.0,0.36842105
55,nb_underscore,1.0,7.0,6.0,0.33333334
55,nb_tilde,0.0,0.0,0.0,0.0
55,nb_percent,0.0,33.0,33.0,0.34375
55,nb_slash,4.0,8.0,4.0,0.12903225
55,nb_star,0.0,0.0,0.0,0.0
55,nb_colon,1.0,1.0,0.0,0.0
55,nb_comma,0.0,1.0,1.0,0.25
55,nb_semicolumn,0.0,1.0,1.0,0.05
55,nb_dollar,0.0,2.0,2.0,0.33333334
55,nb_space,0.0,7.0,7.0,0.3888889
55,nb_www,0.0,0.0,0.0,0.0
55,nb_com,0.0,0.0,0.0,0.0
55,nb_dslash,0.0,0.0,0.0,0.0
55,http_in_path,0.0,0.0,0.0,0.0
55,https_token,0.0,0.0,0.0,0.0
55,ratio_digits_url,0.16901408,0.14075176,-0.028262317,-0.039042786
55,ratio_digits_host,0.0,0.10135088,0.10135088,0.1266886
55,punycode,0.0,0.0,0.0,0.0
55,port,0.0,0.0,0.0,0.0
55,tld_in_path,0.0,0.0,0.0,0.0
55,tld_in_subdomain,0.0,0.0,0.0,0.0
55,abnormal_subdomain,0.0,0.0,0.0,0.0
55,nb_subdomains,2.0,2.0,0.0,0.0
55,prefix_suffix,1.0,1.0,0.0,0.0
55,random_domain,0.0,0.0,0.0,0.0
55,shortening_service,0.0,0.0,0.0,0.0
55,path_extension,0.0,0.0,0.0,0.0
55,nb_redirection,0.0,1.0,1.0,0.16666667
55,nb_external_redirection,0.0,0.0,0.0,0.0
55,length_words_raw,8.0,14.0,6.0,0.057142854
55,char_repeat,0.0,9.0,9.0,0.061643835
55,shortest_words_raw,3.0,2.0,-1.0,-0.033333335
55,shortest_word_host,6.0,3.0,-3.0,-0.07894737
55,shortest_word_path,3.0,2.0,-1.0,-0.025000002
55,longest_words_raw,14.0,62.0,48.0,0.058041114
55,longest_word_host,14.0,34.0,20.0,0.32786888
55,longest_word_path,7.0,66.0,59.0,0.071170084
55,avg_words_raw,6.5,60.109745,53.609745,0.42463166
55,avg_word_host,10.0,1.372165,-8.627835,-0.2270483
55,avg_word_path,5.3333335,124.083336,118.75,0.475
55,phish_hints,0.0,4.0,4.0,0.4
55,domain_in_brand,0.0,0.0,0.0,0.0
55,brand_in_subdomain,0.0,0.0,0.0,0.0
55,brand_in_path,0.0,0.0,0.0,0.0
55,suspecious_tld,0.0,0.0,0.0,0.0
55,statistical_report,0.0,0.0,0.0,0.0
55,whois_registered_domain,0.0,0.0,0.0,0.0
55,domain_registration_length,358.0,7780.0,7422.0,0.24880993
55,domain_age,7.0,3401.0,3394.0,0.2633866
55,web_traffic,0.0,4.37926e+06,4.37926e+06,0.40669256
55,dns_record,0.0,0.0,0.0,0.0
55,google_index,1.0,1.0,0.0,0.0
55,page_rank,0.0,3.0,3.0,0.3
56,length_url,44.0,490.0,446.0,0.2737876
56,length_hostname,30.0,26.0,-4.0,-0.019047618
56,ip,0.0,0.0,0.0,0.0
56,nb_dots,2.0,4.0,2.0,0.086956516
56,nb_hyphens,2.0,5.0,3.0,0.069767445
56,nb_at,0.0,0.0,0.0,0.0
56,nb_qm,0.0,0.0,0.0,0.0
56,nb_and,0.0,6.0,6.0,0.31578946
56,nb_or,0.0,0.0,0.0,0.0
56,nb_eq,0.0,5.0,5.0,0.2631579
56,nb_underscore,0.0,1.0,1.0,0.055555556
56,nb_tilde,0.0,0.0,0.0,0.0
56,nb_percent,0.0,34.0,34.0,0.35416666
56,nb_slash,3.0,3.0,0.0,0.0
56,nb_star,0.0,0.0,0.0,0.0
56,nb_colon,1.0,3.0,2.0,0.33333334
56,nb_comma,0.0,0.0,0.0,0.0
56,nb_semicolumn,0.0,1.0,1.0,0.05
56,nb_dollar,0.0,2.0,2.0,0.33333334
56,nb_space,0.0,3.0,3.0,0.16666667
56,nb_www,0.0,0.0,0.0,0.0
56,nb_com,0.0,2.0,2.0,0.33333334
56,nb_dslash,0.0,0.0,0.0,0.0
56,http_in_path,0.0,1.0,1.0,0.25
56,https_token,1.0,1.0,0.0,0.0
56,ratio_digits_url,0.20454545,0.03537542,-0.16917004,-0.23369882
56,ratio_digits_host,0.1,0.14413087,0.04413087,0.055163592
56,punycode,0.0,0.0,0.0,0.0
56,port,0.0,0.0,0.0,0.0
56,tld_in_path,0.0,0.0,0.0,0.0
56,tld_in_subdomain,0.0,0.0,0.0,0.0
56,abnormal_subdomain,0.0,0.0,0.0,0.0
56,nb_subdomains,2.0,2.0,0.0,0.0
56,prefix_suffix,0.0,0.0,0.0,0.0
56,random_domain,0.0,0.0,0.0,0.0
56,shortening_service,0.0,0.0,0.0,0.0
56,path_extension,0.0,0.0,0.0,0.0
56,nb_redirection,1.0,1.0,0.0,0.0
56,nb_external_redirection,0.0,0.0,0.0,0.0
56,length_words_raw,5.0,41.0,36.0,0.34285715
56,char_repeat,1.0,65.0,64.0,0.43835616
56,shortest_words_raw,3.0,2.0,-1.0,-0.033333335
56,shortest_word_host,3.0,3.0,0.0,0.0
56,shortest_word_path,6.0,7.0,1.0,0.024999991
56,longest_words_raw,11.0,323.0,312.0,0.37726724
56,longest_word_host,11.0,8.0,-3.0,-0.04918033
56,longest_word_path,6.0,20.0,14.0,0.016887818
56,avg_words_raw,5.8,60.53614,54.73614,0.4335536
56,avg_word_host,5.75,14.846086,9.096086,0.23937067
56,avg_word_path,6.0,123.35839,117.35839,0.46943358
56,phish_hints,0.0,2.0,2.0,0.2
56,domain_in_brand,0.0,0.0,0.0,0.0
56,brand_in_subdomain,0.0,0.0,0.0,0.0
56,brand_in_path,0.0,0.0,0.0,0.0
56,suspecious_tld,0.0,0.0,0.0,0.0
56,statistical_report,0.0,0.0,0.0,0.0
56,whois_registered_domain,0.0,0.0,0.0,0.0
56,domain_registration_length,182.0,8106.0,7924.0,0.2656386
56,domain_age,184.0,5009.0,4825.0,0.3744374
56,web_traffic,0.0,2.096359e+06,2.096359e+06,0.19468442
56,dns_record,0.0,0.0,0.0,0.0
56,google_index,1.0,1.0,0.0,0.0
56,page_rank,0.0,3.0,3.0,0.3
57,length_url,127.0,398.0,271.0,0.16635972
57,length_hostname,50.0,97.0,47.0,0.22380953
57,ip,1.0,1.0,0.0,0.0
57,nb_dots,4.0,2.0,-2.0,-0.086956516
57,nb_hyphens,1.0,8.0,7.0,0.1627907
57,nb_at,0.0,1.0,1.0,0.25
57,nb_qm,1.0,1.0,0.0,0.0
57,nb_and,2.0,5.0,3.0,0.15789475
57,nb_or,0.0,0.0,0.0,0.0
57,nb_eq,3.0,1.0,-2.0,-0.10526315
57,nb_underscore,2.0,8.0,6.0,0.33333334
57,nb_tilde,0.0,0.0,0.0,0.0
57,nb_percent,0.0,34.0,34.0,0.35416666
57,nb_slash,4.0,5.0,1.0,0.032258064
57,nb_star,0.0,0.0,0.0,0.0
57,nb_colon,1.0,1.0,0.0,0.0
57,nb_comma,0.0,1.0,1.0,0.25
57,nb_semicolumn,0.0,4.0,4.0,0.2
57,nb_dollar,0.0,2.0,2.0,0.33333334
57,nb_space,0.0,0.0,0.0,0.0
57,nb_www,0.0,0.0,0.0,0.0
57,nb_com,1.0,1.0,0.0,0.0
57,nb_dslash,0.0,0.0,0.0,0.0
57,http_in_path,0.0,1.0,1.0,0.25
57,https_token,0.0,0.0,0.0,0.0
57,ratio_digits_url,0.15748031,0.00242444,-0.15505588,-0.2142009
57,ratio_digits_host,0.0,0.24078777,0.24078777,0.3009847
57,punycode,0.0,0.0,0.0,0.0
57,port,0.0,0.0,0.0,0.0
57,tld_in_path,0.0,0.0,0.0,0.0
57,tld_in_subdomain,1.0,1.0,0.0,0.0
57,abnormal_subdomain,0.0,0.0,0.0,0.0
57,nb_subdomains,3.0,3.0,0.0,0.0
57,prefix_suffix,1.0,1.0,0.0,0.0
57,random_domain,0.0,0.0,0.0,0.0
57,shortening_service,0.0,0.0,0.0,0.0
57,path_extension,0.0,0.0,0.0,0.0
57,nb_redirection,1.0,2.0,1.0,0.16666667
57,nb_external_redirection,0.0,0.0,0.0,0.0
57,length_words_raw,13.0,27.0,14.0,0.13333333
57,char_repeat,2.0,68.0,66.0,0.4520548
57,shortest_words_raw,2.0,3.0,1.0,0.033333335
57,shortest_word_host,3.0,2.0,-1.0,-0.02631579
57,shortest_word_path,2.0,2.0,0.0,0.0
57,longest_words_raw,17.0,186.0,169.0,0.2043531
57,longest_word_host,13.0,6.0,-7.0,-0.1147541
57,longest_word_path,17.0,6.0,-11.0,-0.013269
57,avg_words_raw,7.769231,55.24455,47.47532,0.37604213
57,avg_word_host,8.4,1.0140464,-7.385953,-0.1943672
57,avg_word_path,7.375,114.34257,106.96757,0.42787027
57,phish_hints,0.0,0.0,0.0,0.0
57,domain_in_brand,0.0,0.0,0.0,0.0
57,brand_in_subdomain,0.0,0.0,0.0,0.0
57,brand_in_path,0.0,0.0,0.0,0.0
57,suspecious_tld,0.0,0.0,0.0,0.0
57,statistical_report,0.0,0.0,0.0,0.0
57,whois_registered_domain,0.0,0.0,0.0,0.0
57,domain_registration_length,25.0,7574.0,7549.0,0.25306737
57,domain_age,3992.0,3607.0,-385.0,-0.029877394
57,web_traffic,5.697976e+06,5.448647e+06,-249329.0,-0.023154676
57,dns_record,0.0,0.0,0.0,0.0
57,google_index,1.0,1.0,0.0,0.0
57,page_rank,0.0,0.0,0.0,0.0
58,length_url,56.0,446.0,390.0,0.23941067
58,length_hostname,20.0,82.0,62.0,0.2952381
58,ip,0.0,0.0,0.0,0.0
58,nb_dots,2.0,5.0,3.0,0.13043478
58,nb_hyphens,1.0,21.0,20.0,0.46511626
58,nb_at,0.0,0.0,0.0,0.0
58,nb_qm,0.0,0.0,0.0,0.0
58,nb_and,0.0,4.0,4.0,0.21052632
58,nb_or,0.0,0.0,0.0,0.0
58,nb_eq,0.0,4.0,4.0,0.21052632
58,nb_underscore,0.0,2.0,2.0,0.11111111
58,nb_tilde,0.0,0.0,0.0,0.0
58,nb_percent,0.0,19.0,19.0,0.19791667
58,nb_slash,7.0,2.0,-5.0,-0.16129032
58,nb_star,0.0,0.0,0.0,0.0
58,nb_colon,1.0,1.0,0.0,0.0
58,nb_comma,0.0,1.0,1.0,0.25
58,nb_semicolumn,0.0,8.0,8.0,0.4
58,nb_dollar,0.0,0.0,0.0,0.0
58,nb_space,0.0,8.0,8.0,0.44444445
58,nb_www,1.0,1.0,0.0,0.0
58,nb_com,0.0,2.0,2.0,0.33333334
58,nb_dslash,0.0,0.0,0.0,0.0
58,http_in_path,0.0,1.0,1.0,0.25
58,https_token,1.0,1.0,0.0,0.0
58,ratio_digits_url,0.0,2.5281238e-10,2.5281238e-10,3.4924597e-10
58,ratio_digits_host,0.0,0.089519374,0.089519374,0.11189922
58,punycode,0.0,0.0,0.0,0.0
58,port,0.0,0.0,0.0,0.0
58,tld_in_path,0.0,0.0,0.0,0.0
58,tld_in_subdomain,0.0,0.0,0.0,0.0
58,abnormal_subdomain,0.0,0.0,0.0,0.0
58,nb_subdomains,2.0,2.0,0.0,0.0
58,prefix_suffix,1.0,1.0,0.0,0.0
58,random_domain,0.0,0.0,0.0,0.0
58,shortening_service,0.0,0.0,0.0,0.0
58,path_extension,0.0,0.0,0.0,0.0
58,nb_redirection,0.0,0.0,0.0,0.0
58,nb_external_redirection,0.0,0.0,0.0,0.0
58,length_words_raw,7.0,27.0,20.0,0.1904762
58,char_repeat,3.0,51.0,48.0,0.32876712
58,shortest_words_raw,3.0,15.0,12.0,0.4
58,shortest_word_host,3.0,3.0,0.0,0.0
58,shortest_word_path,5.0,5.0,0.0,0.0
58,longest_words_raw,7.0,107.0,100.0,0.120918974
58,longest_word_host,7.0,9.0,2.0,0.032786876
58,longest_word_path,7.0,28.0,21.0,0.025331726
58,avg_words_raw,5.428571,26.62699,21.198418,0.16790827
58,avg_word_host,4.6666665,11.54788,6.8812137,0.18108457
58,avg_word_path,6.0,103.86392,97.86392,0.3914557
58,phish_hints,1.0,1.0,0.0,0.0
58,domain_in_brand,0.0,0.0,0.0,0.0
58,brand_in_subdomain,0.0,0.0,0.0,0.0
58,brand_in_path,0.0,0.0,0.0,0.0
58,suspecious_tld,0.0,0.0,0.0,0.0
58,statistical_report,0.0,0.0,0.0,0.0
58,whois_registered_domain,0.0,0.0,0.0,0.0
58,domain_registration_length,169.0,10269.0,10100.0,0.33858532
58,domain_age,6041.0,7400.0,1359.0,0.10546327
58,web_traffic,0.0,727719.0,727719.0,0.06758172
58,dns_record,0.0,0.0,0.0,0.0
58,google_index,1.0,1.0,0.0,0.0
58,page_rank,1.0,3.0,2.0,0.20000002
59,length_url,51.0,476.0,425.0,0.26089627
59,length_hostname,17.0,26.0,9.0,0.042857144
59,ip,0.0,0.0,0.0,0.0
59,nb_dots,3.0,2.0,-1.0,-0.04347826
59,nb_hyphens,0.0,9.0,9.0,0.20930232
59,nb_at,0.0,0.0,0.0,0.0
59,nb_qm,0.0,0.0,0.0,0.0
59,nb_and,0.0,4.0,4.0,0.21052632
59,nb_or,0.0,0.0,0.0,0.0
59,nb_eq,0.0,0.0,0.0,0.0
59,nb_underscore,0.0,8.0,8.0,0.44444445
59,nb_tilde,0.0,0.0,0.0,0.0
59,nb_percent,0.0,15.0,15.0,0.15625
59,nb_slash,4.0,15.0,11.0,0.3548387
59,nb_star,0.0,0.0,0.0,0.0
59,nb_colon,1.0,1.0,0.0,0.0
59,nb_comma,0.0,0.0,0.0,0.0
59,nb_semicolumn,0.0,0.0,0.0,0.0
59,nb_dollar,0.0,2.0,2.0,0.33333334
59,nb_space,0.0,8.0,8.0,0.44444445
59,nb_www,1.0,1.0,0.0,0.0
59,nb_com,0.0,0.0,0.0,0.0
59,nb_dslash,0.0,0.0,0.0,0.0
59,http_in_path,0.0,1.0,1.0,0.25
59,https_token,0.0,0.0,0.0,0.0
59,ratio_digits_url,0.0,0.25250164,0.25250164,0.3488167
59,ratio_digits_host,0.0,0.00890625,0.00890625,0.011132812
59,punycode,0.0,0.0,0.0,0.0
59,port,0.0,0.0,0.0,0.0
59,tld_in_path,0.0,0.0,0.0,0.0
59,tld_in_subdomain,0.0,0.0,0.0,0.0
59,abnormal_subdomain,0.0,0.0,0.0,0.0
59,nb_subdomains,3.0,3.0,0.0,0.0
59,prefix_suffix,0.0,0.0,0.0,0.0
59,random_domain,0.0,0.0,0.0,0.0
59,shortening_service,0.0,0.0,0.0,0.0
59,path_extension,0.0,0.0,0.0,0.0
59,nb_redirection,2.0,3.0,1.0,0.16666666
59,nb_external_redirection,0.0,0.0,0.0,0.0
59,length_words_raw,5.0,20.0,15.0,0.14285715
59,char_repeat,3.0,70.0,67.0,0.4589041
59,shortest_words_raw,3.0,11.0,8.0,0.26666668
59,shortest_word_host,3.0,10.0,7.0,0.18421054
59,shortest_word_path,4.0,10.0,6.0,0.15
59,longest_words_raw,12.0,206.0,194.0,0.23458283
59,longest_word_host,9.0,17.0,8.0,0.13114753
59,longest_word_path,12.0,303.0,291.0,0.35102534
59,avg_words_raw,7.0,22.172209,15.172209,0.12017591
59,avg_word_host,6.0,4.4850197,-1.5149803,-0.039867908
59,avg_word_path,7.6666665,70.26501,62.59834,0.25039336
59,phish_hints,0.0,1.0,1.0,0.1
59,domain_in_brand,0.0,0.0,0.0,0.0
59,brand_in_subdomain,0.0,0.0,0.0,0.0
59,brand_in_path,0.0,0.0,0.0,0.0
59,suspecious_tld,0.0,0.0,0.0,0.0
59,statistical_report,0.0,0.0,0.0,0.0
59,whois_registered_domain,0.0,0.0,0.0,0.0
59,domain_registration_length,1847.0,475.0,-1372.0,-0.045993965
59,domain_age,7284.0,4316.0,-2968.0,-0.23032746
59,web_traffic,2788.0,3.122186e+06,3.119398e+06,0.28969187
59,dns_record,0.0,0.0,0.0,0.0
59,google_index,1.0,1.0,0.0,0.0
59,page_rank,7.0,9.0,2.0,0.19999999
60,length_url,40.0,621.0,581.0,0.35666052
60,length_hostname,24.0,112.0,88.0,0.41904765
60,ip,0.0,0.0,0.0,0.0
60,nb_dots,2.0,12.0,10.0,0.43478262
60,nb_hyphens,1.0,12.0,11.0,0.25581396
60,nb_at,0.0,1.0,1.0,0.25
60,nb_qm,0.0,1.0,1.0,0.33333334
60,nb_and,0.0,1.0,1.0,0.05263158
60,nb_or,0.0,0.0,0.0,0.0
60,nb_eq,0.0,3.0,3.0,0.15789473
60,nb_underscore,0.0,4.0,4.0,0.22222222
60,nb_tilde,0.0,0.0,0.0,0.0
60,nb_percent,0.0,2.0,2.0,0.020833334
60,nb_slash,5.0,14.0,9.0,0.29032257
60,nb_star,0.0,0.0,0.0,0.0
60,nb_colon,1.0,1.0,0.0,0.0
60,nb_comma,0.0,0.0,0.0,0.0
60,nb_semicolumn,0.0,4.0,4.0,0.2
60,nb_dollar,0.0,0.0,0.0,0.0
60,nb_space,0.0,3.0,3.0,0.16666667
60,nb_www,1.0,1.0,0.0,0.0
60,nb_com,0.0,1.0,1.0,0.16666667
60,nb_dslash,0.0,0.0,0.0,0.0
60,http_in_path,0.0,0.0,0.0,0.0
60,https_token,0.0,0.0,0.0,0.0
60,ratio_digits_url,0.0,0.21824227,0.21824227,0.30148932
60,ratio_digits_host,0.0,0.3682153,0.3682153,0.46026912
60,punycode,0.0,0.0,0.0,0.0
60,port,0.0,0.0,0.0,0.0
60,tld_in_path,1.0,1.0,0.0,0.0
60,tld_in_subdomain,0.0,0.0,0.0,0.0
60,abnormal_subdomain,0.0,0.0,0.0,0.0
60,nb_subdomains,2.0,2.0,0.0,0.0
60,prefix_suffix,1.0,1.0,0.0,0.0
60,random_domain,0.0,0.0,0.0,0.0
60,shortening_service,0.0,0.0,0.0,0.0
60,path_extension,0.0,0.0,0.0,0.0
60,nb_redirection,1.0,3.0,2.0,0.3333333
60,nb_external_redirection,0.0,0.0,0.0,0.0
60,length_words_raw,5.0,54.0,49.0,0.4666667
60,char_repeat,3.0,63.0,60.0,0.4109589
60,shortest_words_raw,2.0,3.0,1.0,0.033333335
60,shortest_word_host,3.0,14.0,11.0,0.28947368
60,shortest_word_path,2.0,16.0,14.0,0.35
60,longest_words_raw,13.0,2.0,-11.0,-0.0133010885
60,longest_word_host,13.0,33.0,20.0,0.32786882
60,longest_word_path,3.0,328.0,325.0,0.3920386
60,avg_words_raw,4.8,52.787586,47.987587,0.38009968
60,avg_word_host,6.3333335,21.225063,14.891729,0.3918876
60,avg_word_path,2.5,121.24999,118.74999,0.47499996
60,phish_hints,0.0,0.0,0.0,0.0
60,domain_in_brand,0.0,0.0,0.0,0.0
60,brand_in_subdomain,0.0,0.0,0.0,0.0
60,brand_in_path,0.0,0.0,0.0,0.0
60,suspecious_tld,0.0,0.0,0.0,0.0
60,statistical_report,0.0,0.0,0.0,0.0
60,whois_registered_domain,0.0,0.0,0.0,0.0
60,domain_registration_length,0.0,3422.0,3422.0,0.11471673
60,domain_age,-1.0,1236.0,1237.0,0.09599565
60,web_traffic,1.166803e+06,4.243834e+06,3.077031e+06,0.28575736
60,dns_record,0.0,0.0,0.0,0.0
60,google_index,0.0,0.0,0.0,0.0
60,page_rank,3.0,2.0,-1.0,-0.10000001
61,length_url,88.0,752.0,664.0,0.40761203
61,length_hostname,20.0,119.0,99.0,0.47142857
61,ip,0.0,0.0,0.0,0.0
61,nb_dots,2.0,12.0,10.0,0.43478262
61,nb_hyphens,5.0,18.0,13.0,0.30232558
61,nb_at,0.0,1.0,1.0,0.25
61,nb_qm,0.0,0.0,0.0,0.0
61,nb_and,0.0,2.0,2.0,0.10526316
61,nb_or,0.0,0.0,0.0,0.0
61,nb_eq,0.0,0.0,0.0,0.0
61,nb_underscore,0.0,4.0,4.0,0.22222222
61,nb_tilde,0.0,0.0,0.0,0.0
61,nb_percent,0.0,43.0,43.0,0.44791666
61,nb_slash,6.0,5.0,-1.0,-0.032258064
61,nb_star,0.0,0.0,0.0,0.0
61,nb_colon,1.0,1.0,0.0,0.0
61,nb_comma,0.0,1.0,1.0,0.25
61,nb_semicolumn,0.0,0.0,0.0,0.0
61,nb_dollar,0.0,2.0,2.0,0.33333334
61,nb_space,0.0,0.0,0.0,0.0
61,nb_www,0.0,0.0,0.0,0.0
61,nb_com,1.0,1.0,0.0,0.0
61,nb_dslash,0.0,0.0,0.0,0.0
61,http_in_path,0.0,1.0,1.0,0.25
61,https_token,0.0,0.0,0.0,0.0
61,ratio_digits_url,0.0,0.30443844,0.30443844,0.42056444
61,ratio_digits_host,0.0,0.00890625,0.00890625,0.011132812
61,punycode,0.0,0.0,0.0,0.0
61,port,0.0,0.0,0.0,0.0
61,tld_in_path,1.0,1.0,0.0,0.0
61,tld_in_subdomain,0.0,0.0,0.0,0.0
61,abnormal_subdomain,0.0,0.0,0.0,0.0
61,nb_subdomains,2.0,2.0,0.0,0.0
61,prefix_suffix,0.0,0.0,0.0,0.0
61,random_domain,0.0,0.0,0.0,0.0
61,shortening_service,0.0,0.0,0.0,0.0
61,path_extension,0.0,0.0,0.0,0.0
61,nb_redirection,0.0,2.0,2.0,0.33333334
61,nb_external_redirection,0.0,0.0,0.0,0.0
61,length_words_raw,10.0,59.0,49.0,0.4666667
61,char_repeat,3.0,69.0,66.0,0.45205477
61,shortest_words_raw,3.0,17.0,14.0,0.4666667
61,shortest_word_host,7.0,4.0,-3.0,-0.078947365
61,shortest_word_path,3.0,9.0,6.0,0.14999999
61,longest_words_raw,9.0,187.0,178.0,0.2152358
61,longest_word_host,8.0,14.0,6.0,0.09836066
61,longest_word_path,9.0,127.0,118.0,0.14234017
61,avg_words_raw,6.6,61.0727,54.472702,0.43146694
61,avg_word_host,7.5,9.5126915,2.0126915,0.052965567
61,avg_word_path,6.375,113.14647,106.77147,0.42708588
61,phish_hints,0.0,0.0,0.0,0.0
61,domain_in_brand,0.0,0.0,0.0,0.0
61,brand_in_subdomain,0.0,0.0,0.0,0.0
61,brand_in_path,0.0,0.0,0.0,0.0
61,suspecious_tld,0.0,0.0,0.0,0.0
61,statistical_report,0.0,0.0,0.0,0.0
61,whois_registered_domain,0.0,0.0,0.0,0.0
61,domain_registration_length,2202.0,518.0,-1684.0,-0.05645323
61,domain_age,8024.0,9544.0,1520.0,0.11795747
61,web_traffic,88431.0,184382.0,95951.0,0.008910765
61,dns_record,0.0,0.0,0.0,0.0
61,google_index,0.0,0.0,0.0,0.0
61,page_rank,5.0,3.0,-2.0,-0.19999999
62,length_url,122.0,145.0,23.0,0.014119096
62,length_hostname,18.0,60.0,42.0,0.20000002
62,ip,0.0,0.0,0.0,0.0
62,nb_dots,2.0,1.0,-1.0,-0.04347826
62,nb_hyphens,0.0,0.0,0.0,0.0
62,nb_at,0.0,1.0,1.0,0.25
62,nb_qm,0.0,0.0,0.0,0.0
62,nb_and,0.0,1.0,1.0,0.05263158
62,nb_or,0.0,0.0,0.0,0.0
62,nb_eq,0.0,0.0,0.0,0.0
62,nb_underscore,13.0,17.0,4.0,0.22222221
62,nb_tilde,0.0,0.0,0.0,0.0
62,nb_percent,0.0,0.0,0.0,0.0
62,nb_slash,5.0,4.0,-1.0,-0.032258064
62,nb_star,0.0,0.0,0.0,0.0
62,nb_colon,1.0,1.0,0.0,0.0
62,nb_comma,0.0,1.0,1.0,0.25
62,nb_semicolumn,0.0,9.0,9.0,0.45
62,nb_dollar,0.0,0.0,0.0,0.0
62,nb_space,0.0,2.0,2.0,0.11111111
62,nb_www,1.0,1.0,0.0,0.0
62,nb_com,2.0,1.0,-1.0,-0.16666667
62,nb_dslash,0.0,0.0,0.0,0.0
62,http_in_path,0.0,1.0,1.0,0.25
62,https_token,0.0,0.0,0.0,0.0
62,ratio_digits_url,0.04918033,0.3477444,0.29856408,0.41244936
62,ratio_digits_host,0.0,0.28804895,0.28804895,0.3600612
62,punycode,0.0,0.0,0.0,0.0
62,port,0.0,0.0,0.0,0.0
62,tld_in_path,1.0,1.0,0.0,0.0
62,tld_in_subdomain,0.0,0.0,0.0,0.0
62,abnormal_subdomain,0.0,0.0,0.0,0.0
62,nb_subdomains,2.0,2.0,0.0,0.0
62,prefix_suffix,0.0,0.0,0.0,0.0
62,random_domain,0.0,0.0,0.0,0.0
62,shortening_service,0.0,0.0,0.0,0.0
62,path_extension,0.0,0.0,0.0,0.0
62,nb_redirection,0.0,0.0,0.0,0.0
62,nb_external_redirection,0.0,0.0,0.0,0.0
62,length_words_raw,18.0,7.0,-11.0,-0.10476191
62,char_repeat,3.0,47.0,44.0,0.30136985
62,shortest_words_raw,3.0,13.0,10.0,0.33333334
62,shortest_word_host,3.0,14.0,11.0,0.28947368
62,shortest_word_path,4.0,8.0,4.0,0.1
62,longest_words_raw,10.0,18.0,8.0,0.009673519
62,longest_word_host,10.0,24.0,14.0,0.22950819
62,longest_word_path,8.0,0.0,-8.0,-0.009650181
62,avg_words_raw,5.1666665,18.984123,13.817457,0.10944521
62,avg_word_host,6.5,22.810387,16.310387,0.42922074
62,avg_word_path,5.0,44.953903,39.953903,0.15981562
62,phish_hints,0.0,0.0,0.0,0.0
62,domain_in_brand,0.0,0.0,0.0,0.0
62,brand_in_subdomain,0.0,0.0,0.0,0.0
62,brand_in_path,0.0,0.0,0.0,0.0
62,suspecious_tld,0.0,0.0,0.0,0.0
62,statistical_report,0.0,0.0,0.0,0.0
62,whois_registered_domain,0.0,0.0,0.0,0.0
62,domain_registration_length,946.0,7529.0,6583.0,0.22068387
62,domain_age,5993.0,1936.0,-4057.0,-0.3148378
62,web_traffic,5488.0,3.174344e+06,3.168856e+06,0.29428494
62,dns_record,0.0,0.0,0.0,0.0
62,google_index,0.0,0.0,0.0,0.0
62,page_rank,7.0,9.0,2.0,0.19999999
63,length_url,53.0,106.0,53.0,0.0325353
63,length_hostname,20.0,37.0,17.0,0.08095238
63,ip,0.0,0.0,0.0,0.0
63,nb_dots,3.0,3.0,0.0,0.0
63,nb_hyphens,0.0,15.0,15.0,0.3488372
63,nb_at,0.0,0.0,0.0,0.0
63,nb_qm,0.0,1.0,1.0,0.33333334
63,nb_and,0.0,3.0,3.0,0.15789473
63,nb_or,0.0,0.0,0.0,0.0
63,nb_eq,0.0,3.0,3.0,0.15789473
63,nb_underscore,0.0,6.0,6.0,0.33333334
63,nb_tilde,0.0,0.0,0.0,0.0
63,nb_percent,0.0,22.0,22.0,0.22916667
63,nb_slash,4.0,12.0,8.0,0.2580645
63,nb_star,0.0,0.0,0.0,0.0
63,nb_colon,1.0,1.0,0.0,0.0
63,nb_comma,0.0,0.0,0.0,0.0
63,nb_semicolumn,0.0,5.0,5.0,0.25
63,nb_dollar,0.0,0.0,0.0,0.0
63,nb_space,0.0,7.0,7.0,0.3888889
63,nb_www,1.0,1.0,0.0,0.0
63,nb_com,0.0,2.0,2.0,0.33333334
63,nb_dslash,0.0,0.0,0.0,0.0
63,http_in_path,0.0,1.0,1.0,0.25
63,https_token,1.0,1.0,0.0,0.0
63,ratio_digits_url,0.0,0.10236118,0.10236118,0.14140616
63,ratio_digits_host,0.0,0.17453551,0.17453551,0.21816939
63,punycode,0.0,0.0,0.0,0.0
63,port,0.0,0.0,0.0,0.0
63,tld_in_path,0.0,0.0,0.0,0.0
63,tld_in_subdomain,0.0,0.0,0.0,0.0
63,abnormal_subdomain,0.0,0.0,0.0,0.0
63,nb_subdomains,3.0,3.0,0.0,0.0
63,prefix_suffix,0.0,0.0,0.0,0.0
63,random_domain,0.0,0.0,0.0,0.0
63,shortening_service,0.0,0.0,0.0,0.0
63,path_extension,0.0,0.0,0.0,0.0
63,nb_redirection,1.0,1.0,0.0,0.0
63,nb_external_redirection,0.0,0.0,0.0,0.0
63,length_words_raw,5.0,17.0,12.0,0.11428572
63,char_repeat,3.0,61.0,58.0,0.39726025
63,shortest_words_raw,3.0,10.0,7.0,0.23333335
63,shortest_word_host,3.0,4.0,1.0,0.026315786
63,shortest_word_path,3.0,6.0,3.0,0.075
63,longest_words_raw,12.0,231.0,219.0,0.26481256
63,longest_word_host,12.0,25.0,13.0,0.21311477
63,longest_word_path,10.0,396.0,386.0,0.46562123
63,avg_words_raw,7.6,59.073277,51.473278,0.40770912
63,avg_word_host,7.5,10.08432,2.58432,0.06800842
63,avg_word_path,7.6666665,17.429813,9.763147,0.03905259
63,phish_hints,0.0,2.0,2.0,0.2
63,domain_in_brand,0.0,0.0,0.0,0.0
63,brand_in_subdomain,0.0,0.0,0.0,0.0
63,brand_in_path,0.0,0.0,0.0,0.0
63,suspecious_tld,0.0,0.0,0.0,0.0
63,statistical_report,0.0,0.0,0.0,0.0
63,whois_registered_domain,0.0,0.0,0.0,0.0
63,domain_registration_length,237.0,11999.0,11762.0,0.39430103
63,domain_age,2684.0,7993.0,5309.0,0.41199753
63,web_traffic,188662.0,3.987503e+06,3.798841e+06,0.3527903
63,dns_record,0.0,0.0,0.0,0.0
63,google_index,0.0,0.0,0.0,0.0
63,page_rank,4.0,4.0,0.0,0.0
64,length_url,36.0,664.0,628.0,0.3855126
64,length_hostname,29.0,60.0,31.0,0.14761907
64,ip,0.0,0.0,0.0,0.0
64,nb_dots,2.0,11.0,9.0,0.39130434
64,nb_hyphens,0.0,16.0,16.0,0.37209302
64,nb_at,0.0,1.0,1.0,0.25
64,nb_qm,0.0,0.0,0.0,0.0
64,nb_and,0.0,7.0,7.0,0.36842105
64,nb_or,0.0,0.0,0.0,0.0
64,nb_eq,0.0,2.0,2.0,0.10526316
64,nb_underscore,0.0,6.0,6.0,0.33333334
64,nb_tilde,0.0,0.0,0.0,0.0
64,nb_percent,0.0,44.0,44.0,0.45833334
64,nb_slash,2.0,2.0,0.0,0.0
64,nb_star,0.0,0.0,0.0,0.0
64,nb_colon,1.0,1.0,0.0,0.0
64,nb_comma,0.0,1.0,1.0,0.25
64,nb_semicolumn,0.0,2.0,2.0,0.1
64,nb_dollar,0.0,2.0,2.0,0.33333334
64,nb_space,0.0,0.0,0.0,0.0
64,nb_www,0.0,0.0,0.0,0.0
64,nb_com,0.0,2.0,2.0,0.33333334
64,nb_dslash,0.0,0.0,0.0,0.0
64,http_in_path,0.0,1.0,1.0,0.25
64,https_token,1.0,1.0,0.0,0.0
64,ratio_digits_url,0.0,0.03341993,0.03341993,0.04616774
64,ratio_digits_host,0.0,0.08667864,0.08667864,0.108348295
64,punycode,0.0,0.0,0.0,0.0
64,port,0.0,0.0,0.0,0.0
64,tld_in_path,0.0,0.0,0.0,0.0
64,tld_in_subdomain,0.0,0.0,0.0,0.0
64,abnormal_subdomain,0.0,0.0,0.0,0.0
64,nb_subdomains,2.0,2.0,0.0,0.0
64,prefix_suffix,0.0,0.0,0.0,0.0
64,random_domain,0.0,0.0,0.0,0.0
64,shortening_service,1.0,1.0,0.0,0.0
64,path_extension,0.0,0.0,0.0,0.0
64,nb_redirection,1.0,1.0,0.0,0.0
64,nb_external_redirection,0.0,0.0,0.0,0.0
64,length_words_raw,2.0,40.0,38.0,0.36190477
64,char_repeat,0.0,68.0,68.0,0.46575344
64,shortest_words_raw,8.0,2.0,-6.0,-0.2
64,shortest_word_host,8.0,8.0,0.0,0.0
64,shortest_word_path,0.0,7.0,7.0,0.175
64,longest_words_raw,16.0,275.0,259.0,0.31318015
64,longest_word_host,16.0,8.0,-8.0,-0.13114755
64,longest_word_path,0.0,36.0,36.0,0.043425813
64,avg_words_raw,12.0,69.83986,57.83986,0.45813748
64,avg_word_host,12.0,18.45239,6.4523907,0.16979975
64,avg_word_path,0.0,118.75,118.75,0.475
64,phish_hints,0.0,3.0,3.0,0.3
64,domain_in_brand,1.0,1.0,0.0,0.0
64,brand_in_subdomain,0.0,0.0,0.0,0.0
64,brand_in_path,0.0,0.0,0.0,0.0
64,suspecious_tld,0.0,0.0,0.0,0.0
64,statistical_report,0.0,0.0,0.0,0.0
64,whois_registered_domain,0.0,0.0,0.0,0.0
64,domain_registration_length,374.0,574.0,200.0,0.006704659
64,domain_age,7295.0,6477.0,-818.0,-0.06347972
64,web_traffic,0.0,3.007438e+06,3.007438e+06,0.27929437
64,dns_record,0.0,0.0,0.0,0.0
64,google_index,1.0,1.0,0.0,0.0
64,page_rank,5.0,5.0,0.0,0.0
65,length_url,101.0,196.0,95.0,0.058317985
65,length_hostname,6.0,86.0,80.0,0.3809524
65,ip,0.0,0.0,0.0,0.0
65,nb_dots,2.0,2.0,0.0,0.0
65,nb_hyphens,0.0,3.0,3.0,0.069767445
65,nb_at,0.0,0.0,0.0,0.0
65,nb_qm,1.0,1.0,0.0,0.0
65,nb_and,2.0,10.0,8.0,0.42105263
65,nb_or,0.0,0.0,0.0,0.0
65,nb_eq,3.0,1.0,-2.0,-0.10526315
65,nb_underscore,0.0,2.0,2.0,0.11111111
65,nb_tilde,0.0,0.0,0.0,0.0
65,nb_percent,0.0,30.0,30.0,0.3125
65,nb_slash,5.0,17.0,12.0,0.38709676
65,nb_star,0.0,0.0,0.0,0.0
65,nb_colon,1.0,2.0,1.0,0.16666667
65,nb_comma,0.0,0.0,0.0,0.0
65,nb_semicolumn,0.0,8.0,8.0,0.4
65,nb_dollar,0.0,1.0,1.0,0.16666667
65,nb_space,0.0,7.0,7.0,0.3888889
65,nb_www,0.0,0.0,0.0,0.0
65,nb_com,0.0,1.0,1.0,0.16666667
65,nb_dslash,0.0,0.0,0.0,0.0
65,http_in_path,0.0,0.0,0.0,0.0
65,https_token,0.0,0.0,0.0,0.0
65,ratio_digits_url,0.0,0.08308336,0.08308336,0.11477496
65,ratio_digits_host,0.0,0.2698184,0.2698184,0.337273
65,punycode,0.0,0.0,0.0,0.0
65,port,0.0,0.0,0.0,0.0
65,tld_in_path,1.0,1.0,0.0,0.0
65,tld_in_subdomain,0.0,0.0,0.0,0.0
65,abnormal_subdomain,0.0,0.0,0.0,0.0
65,nb_subdomains,2.0,2.0,0.0,0.0
65,prefix_suffix,0.0,0.0,0.0,0.0
65,random_domain,0.0,0.0,0.0,0.0
65,shortening_service,0.0,0.0,0.0,0.0
65,path_extension,0.0,0.0,0.0,0.0
65,nb_redirection,0.0,1.0,1.0,0.16666667
65,nb_external_redirection,0.0,0.0,0.0,0.0
65,length_words_raw,11.0,57.0,46.0,0.43809527
65,char_repeat,0.0,49.0,49.0,0.33561644
65,shortest_words_raw,3.0,8.0,5.0,0.16666666
65,shortest_word_host,3.0,5.0,2.0,0.05263158
65,shortest_word_path,3.0,0.0,-3.0,-0.075
65,longest_words_raw,19.0,227.0,208.0,0.25151148
65,longest_word_host,3.0,25.0,22.0,0.36065575
65,longest_word_path,19.0,20.0,1.0,0.0012062732
65,avg_words_raw,7.2727275,48.804787,41.53206,0.32896683
65,avg_word_host,3.0,4.690176,1.690176,0.044478312
65,avg_word_path,7.7,35.086964,27.386963,0.10954785
65,phish_hints,1.0,3.0,2.0,0.20000002
65,domain_in_brand,0.0,0.0,0.0,0.0
65,brand_in_subdomain,0.0,0.0,0.0,0.0
65,brand_in_path,0.0,0.0,0.0,0.0
65,suspecious_tld,0.0,0.0,0.0,0.0
65,statistical_report,0.0,0.0,0.0,0.0
65,whois_registered_domain,0.0,0.0,0.0,0.0
65,domain_registration_length,275.0,11000.0,10725.0,0.3595374
65,domain_age,3743.0,808.0,-2935.0,-0.22776657
65,web_traffic,0.0,5.056155e+06,5.056155e+06,0.4695544
65,dns_record,0.0,0.0,0.0,0.0
65,google_index,1.0,1.0,0.0,0.0
65,page_rank,2.0,3.0,1.0,0.10000001
66,length_url,43.0,673.0,630.0,0.38674033
66,length_hostname,35.0,43.0,8.0,0.038095236
66,ip,0.0,0.0,0.0,0.0
66,nb_dots,4.0,6.0,2.0,0.086956516
66,nb_hyphens,0.0,20.0,20.0,0.4651163
66,nb_at,0.0,1.0,1.0,0.25
66,nb_qm,0.0,0.0,0.0,0.0
66,nb_and,0.0,0.0,0.0,0.0
66,nb_or,0.0,0.0,0.0,0.0
66,nb_eq,0.0,7.0,7.0,0.36842105
66,nb_underscore,0.0,6.0,6.0,0.33333334
66,nb_tilde,0.0,0.0,0.0,0.0
66,nb_percent,0.0,3.0,3.0,0.03125
66,nb_slash,3.0,3.0,0.0,0.0
66,nb_star,0.0,0.0,0.0,0.0
66,nb_colon,1.0,3.0,2.0,0.33333334
66,nb_comma,0.0,1.0,1.0,0.25
66,nb_semicolumn,0.0,0.0,0.0,0.0
66,nb_dollar,0.0,0.0,0.0,0.0
66,nb_space,0.0,0.0,0.0,0.0
66,nb_www,0.0,0.0,0.0,0.0
66,nb_com,0.0,2.0,2.0,0.33333334
66,nb_dslash,0.0,0.0,0.0,0.0
66,http_in_path,0.0,1.0,1.0,0.25
66,https_token,1.0,1.0,0.0,0.0
66,ratio_digits_url,0.093023255,0.1289492,0.03592594,0.04962966
66,ratio_digits_host,0.114285715,0.16057673,0.046291016,0.057863772
66,punycode,0.0,0.0,0.0,0.0
66,port,0.0,0.0,0.0,0.0
66,tld_in_path,0.0,0.0,0.0,0.0
66,tld_in_subdomain,0.0,0.0,0.0,0.0
66,abnormal_subdomain,0.0,0.0,0.0,0.0
66,nb_subdomains,3.0,3.0,0.0,0.0
66,prefix_suffix,0.0,0.0,0.0,0.0
66,random_domain,0.0,0.0,0.0,0.0
66,shortening_service,0.0,0.0,0.0,0.0
66,path_extension,0.0,0.0,0.0,0.0
66,nb_redirection,0.0,1.0,1.0,0.16666667
66,nb_external_redirection,0.0,0.0,0.0,0.0
66,length_words_raw,4.0,4.0,0.0,0.0
66,char_repeat,0.0,62.0,62.0,0.42465752
66,shortest_words_raw,4.0,3.0,-1.0,-0.03333333
66,shortest_word_host,4.0,9.0,5.0,0.13157895
66,shortest_word_path,0.0,9.0,9.0,0.225
66,longest_words_raw,10.0,282.0,272.0,0.32889965
66,longest_word_host,10.0,38.0,28.0,0.45901638
66,longest_word_path,0.0,194.0,194.0,0.23401688
66,avg_words_raw,7.0,63.80633,56.80633,0.44995114
66,avg_word_host,7.0,20.255707,13.255707,0.3488344
66,avg_word_path,0.0,102.995384,102.995384,0.41198152
66,phish_hints,1.0,5.0,4.0,0.4
66,domain_in_brand,0.0,0.0,0.0,0.0
66,brand_in_subdomain,0.0,0.0,0.0,0.0
66,brand_in_path,0.0,0.0,0.0,0.0
66,suspecious_tld,0.0,0.0,0.0,0.0
66,statistical_report,0.0,0.0,0.0,0.0
66,whois_registered_domain,0.0,0.0,0.0,0.0
66,domain_registration_length,290.0,2744.0,2454.0,0.08226618
66,domain_age,1901.0,7487.0,5586.0,0.43349373
66,web_traffic,0.0,4.536745e+06,4.536745e+06,0.42131788
66,dns_record,0.0,0.0,0.0,0.0
66,google_index,1.0,1.0,0.0,0.0
66,page_rank,0.0,2.0,2.0,0.2
67,length_url,15.0,515.0,500.0,0.30693677
67,length_hostname,8.0,33.0,25.0,0.11904763
67,ip,0.0,0.0,0.0,0.0
67,nb_dots,1.0,11.0,10.0,0.4347826
67,nb_hyphens,0.0,2.0,2.0,0.046511628
67,nb_at,0.0,0.0,0.0,0.0
67,nb_qm,0.0,0.0,0.0,0.0
67,nb_and,0.0,8.0,8.0,0.42105263
67,nb_or,0.0,0.0,0.0,0.0
67,nb_eq,0.0,7.0,7.0,0.36842105
67,nb_underscore,0.0,5.0,5.0,0.2777778
67,nb_tilde,0.0,0.0,0.0,0.0
67,nb_percent,0.0,14.0,14.0,0.14583333
67,nb_slash,2.0,5.0,3.0,0.09677419
67,nb_star,0.0,0.0,0.0,0.0
67,nb_colon,1.0,1.0,0.0,0.0
67,nb_comma,0.0,0.0,0.0,0.0
67,nb_semicolumn,0.0,0.0,0.0,0.0
67,nb_dollar,0.0,2.0,2.0,0.33333334
67,nb_space,0.0,5.0,5.0,0.2777778
67,nb_www,0.0,0.0,0.0,0.0
67,nb_com,0.0,0.0,0.0,0.0
67,nb_dslash,0.0,0.0,0.0,0.0
67,http_in_path,0.0,1.0,1.0,0.25
67,https_token,1.0,1.0,0.0,0.0
67,ratio_digits_url,0.0,0.03246787,0.03246787,0.04485252
67,ratio_digits_host,0.0,0.13489465,0.13489465,0.16861832
67,punycode,0.0,0.0,0.0,0.0
67,port,0.0,0.0,0.0,0.0
67,tld_in_path,0.0,0.0,0.0,0.0
67,tld_in_subdomain,0.0,0.0,0.0,0.0
67,abnormal_subdomain,0.0,0.0,0.0,0.0
67,nb_subdomains,1.0,1.0,0.0,0.0
67,prefix_suffix,0.0,0.0,0.0,0.0
67,random_domain,0.0,0.0,0.0,0.0
67,shortening_service,0.0,0.0,0.0,0.0
67,path_extension,0.0,0.0,0.0,0.0
67,nb_redirection,0.0,0.0,0.0,0.0
67,nb_external_redirection,0.0,0.0,0.0,0.0
67,length_words_raw,1.0,30.0,29.0,0.2761905
67,char_repeat,0.0,5.0,5.0,0.034246575
67,shortest_words_raw,5.0,5.0,0.0,0.0
67,shortest_word_host,5.0,5.0,0.0,0.0
67,shortest_word_path,0.0,6.0,6.0,0.15
67,longest_words_raw,5.0,163.0,158.0,0.19105199
67,longest_word_host,5.0,14.0,9.0,0.14754099
67,longest_word_path,0.0,104.0,104.0,0.12545235
67,avg_words_raw,5.0,60.930805,55.930805,0.4430163
67,avg_word_host,5.0,10.26131,5.2613096,0.13845551
67,avg_word_path,0.0,21.394848,21.394848,0.08557939
67,phish_hints,0.0,2.0,2.0,0.2
67,domain_in_brand,0.0,0.0,0.0,0.0
67,brand_in_subdomain,0.0,0.0,0.0,0.0
67,brand_in_path,0.0,0.0,0.0,0.0
67,suspecious_tld,0.0,0.0,0.0,0.0
67,statistical_report,0.0,0.0,0.0,0.0
67,whois_registered_domain,0.0,0.0,0.0,0.0
67,domain_registration_length,81.0,12693.0,12612.0,0.42279583
67,domain_age,3937.0,5069.0,1132.0,0.08784726
67,web_traffic,0.0,3.266268e+06,3.266268e+06,0.30333138
67,dns_record,0.0,0.0,0.0,0.0
67,google_index,0.0,0.0,0.0,0.0
67,page_rank,2.0,2.0,0.0,0.0
68,length_url,51.0,250.0,199.0,0.12216084
68,length_hostname,15.0,98.0,83.0,0.3952381
68,ip,0.0,0.0,0.0,0.0
68,nb_dots,1.0,11.0,10.0,0.4347826
68,nb_hyphens,3.0,6.0,3.0,0.069767445
68,nb_at,0.0,1.0,1.0,0.25
68,nb_qm,0.0,0.0,0.0,0.0
68,nb_and,0.0,7.0,7.0,0.36842105
68,nb_or,0.0,0.0,0.0,0.0
68,nb_eq,0.0,1.0,1.0,0.05263158
68,nb_underscore,0.0,8.0,8.0,0.44444445
68,nb_tilde,0.0,0.0,0.0,0.0
68,nb_percent,0.0,40.0,40.0,0.41666666
68,nb_slash,4.0,8.0,4.0,0.12903225
68,nb_star,0.0,0.0,0.0,0.0
68,nb_colon,1.0,1.0,0.0,0.0
68,nb_comma,0.0,0.0,0.0,0.0
68,nb_semicolumn,0.0,0.0,0.0,0.0
68,nb_dollar,0.0,2.0,2.0,0.33333334
68,nb_space,0.0,8.0,8.0,0.44444445
68,nb_www,0.0,0.0,0.0,0.0
68,nb_com,0.0,2.0,2.0,0.33333334
68,nb_dslash,0.0,0.0,0.0,0.0
68,http_in_path,0.0,1.0,1.0,0.25
68,https_token,1.0,1.0,0.0,0.0
68,ratio_digits_url,0.0,0.104337275,0.104337275,0.14413603
68,ratio_digits_host,0.0,0.15520947,0.15520947,0.19401184
68,punycode,0.0,0.0,0.0,0.0
68,port,0.0,0.0,0.0,0.0
68,tld_in_path,0.0,0.0,0.0,0.0
68,tld_in_subdomain,0.0,0.0,0.0,0.0
68,abnormal_subdomain,0.0,0.0,0.0,0.0
68,nb_subdomains,1.0,1.0,0.0,0.0
68,prefix_suffix,0.0,0.0,0.0,0.0
68,random_domain,0.0,0.0,0.0,0.0
68,shortening_service,0.0,0.0,0.0,0.0
68,path_extension,0.0,0.0,0.0,0.0
68,nb_redirection,1.0,3.0,2.0,0.3333333
68,nb_external_redirection,0.0,0.0,0.0,0.0
68,length_words_raw,5.0,42.0,37.0,0.35238096
68,char_repeat,1.0,54.0,53.0,0.36301368
68,shortest_words_raw,3.0,14.0,11.0,0.36666667
68,shortest_word_host,11.0,5.0,-6.0,-0.15789475
68,shortest_word_path,3.0,6.0,3.0,0.075
68,longest_words_raw,11.0,109.0,98.0,0.118500605
68,longest_word_host,11.0,24.0,13.0,0.21311475
68,longest_word_path,7.0,281.0,274.0,0.3305187
68,avg_words_raw,7.0,3.979919,-3.020081,-0.023921434
68,avg_word_host,11.0,20.607195,9.607195,0.2528209
68,avg_word_path,6.0,11.833607,5.8336067,0.023334425
68,phish_hints,0.0,2.0,2.0,0.2
68,domain_in_brand,0.0,0.0,0.0,0.0
68,brand_in_subdomain,0.0,0.0,0.0,0.0
68,brand_in_path,0.0,0.0,0.0,0.0
68,suspecious_tld,0.0,0.0,0.0,0.0
68,statistical_report,0.0,0.0,0.0,0.0
68,whois_registered_domain,0.0,0.0,0.0,0.0
68,domain_registration_length,3621.0,6890.0,3269.0,0.10958766
68,domain_age,4413.0,-12.0,-4425.0,-0.34339595
68,web_traffic,225825.0,1.309936e+06,1.084111e+06,0.10067909
68,dns_record,0.0,0.0,0.0,0.0
68,google_index,0.0,0.0,0.0,0.0
68,page_rank,5.0,5.0,0.0,0.0
69,length_url,49.0,782.0,733.0,0.4499693
69,length_hostname,19.0,100.0,81.0,0.3857143
69,ip,0.0,0.0,0.0,0.0
69,nb_dots,1.0,11.0,10.0,0.4347826
69,nb_hyphens,0.0,18.0,18.0,0.41860464
69,nb_at,0.0,1.0,1.0,0.25
69,nb_qm,0.0,0.0,0.0,0.0
69,nb_and,0.0,6.0,6.0,0.31578946
69,nb_or,0.0,0.0,0.0,0.0
69,nb_eq,0.0,2.0,2.0,0.10526316
69,nb_underscore,1.0,9.0,8.0,0.44444445
69,nb_tilde,0.0,0.0,0.0,0.0
69,nb_percent,0.0,7.0,7.0,0.072916664
69,nb_slash,5.0,7.0,2.0,0.06451613
69,nb_star,0.0,0.0,0.0,0.0
69,nb_colon,1.0,1.0,0.0,0.0
69,nb_comma,0.0,0.0,0.0,0.0
69,nb_semicolumn,0.0,6.0,6.0,0.3
69,nb_dollar,0.0,0.0,0.0,0.0
69,nb_space,0.0,8.0,8.0,0.44444445
69,nb_www,0.0,0.0,0.0,0.0
69,nb_com,0.0,2.0,2.0,0.33333334
69,nb_dslash,0.0,0.0,0.0,0.0
69,http_in_path,0.0,1.0,1.0,0.25
69,https_token,1.0,1.0,0.0,0.0
69,ratio_digits_url,0.0,0.24716425,0.24716425,0.3414434
69,ratio_digits_host,0.0,0.070579305,0.070579305,0.08822413
69,punycode,0.0,0.0,0.0,0.0
69,port,0.0,0.0,0.0,0.0
69,tld_in_path,0.0,0.0,0.0,0.0
69,tld_in_subdomain,0.0,0.0,0.0,0.0
69,abnormal_subdomain,0.0,0.0,0.0,0.0
69,nb_subdomains,1.0,1.0,0.0,0.0
69,prefix_suffix,0.0,0.0,0.0,0.0
69,random_domain,0.0,0.0,0.0,0.0
69,shortening_service,0.0,0.0,0.0,0.0
69,path_extension,0.0,0.0,0.0,0.0
69,nb_redirection,0.0,1.0,1.0,0.16666667
69,nb_external_redirection,0.0,0.0,0.0,0.0
69,length_words_raw,4.0,34.0,30.0,0.2857143
69,char_repeat,1.0,70.0,69.0,0.47260273
69,shortest_words_raw,3.0,1.0,-2.0,-0.06666667
69,shortest_word_host,15.0,26.0,11.0,0.28947368
69,shortest_word_path,3.0,2.0,-1.0,-0.025000002
69,longest_words_raw,15.0,58.0,43.0,0.051995166
69,longest_word_host,15.0,22.0,7.0,0.11475411
69,longest_word_path,8.0,157.0,149.0,0.17973462
69,avg_words_raw,8.5,65.17835,56.678352,0.44893745
69,avg_word_host,15.0,18.002064,3.0020638,0.079001695
69,avg_word_path,6.3333335,105.11607,98.78274,0.39513096
69,phish_hints,0.0,0.0,0.0,0.0
69,domain_in_brand,0.0,0.0,0.0,0.0
69,brand_in_subdomain,0.0,0.0,0.0,0.0
69,brand_in_path,0.0,0.0,0.0,0.0
69,suspecious_tld,0.0,0.0,0.0,0.0
69,statistical_report,0.0,0.0,0.0,0.0
69,whois_registered_domain,0.0,0.0,0.0,0.0
69,domain_registration_length,304.0,1554.0,1250.0,0.04190412
69,domain_age,7732.0,9875.0,2143.0,0.16630453
69,web_traffic,81846.0,2.612655e+06,2.530809e+06,0.23503086
69,dns_record,0.0,0.0,0.0,0.0
69,google_index,0.0,0.0,0.0,0.0
69,page_rank,5.0,6.0,1.0,0.100000024
70,length_url,25.0,52.0,27.0,0.016574586
70,length_hostname,13.0,60.0,47.0,0.22380954
70,ip,0.0,0.0,0.0,0.0
70,nb_dots,1.0,9.0,8.0,0.3478261
70,nb_hyphens,1.0,2.0,1.0,0.023255814
70,nb_at,0.0,0.0,0.0,0.0
70,nb_qm,1.0,1.0,0.0,0.0
70,nb_and,0.0,6.0,6.0,0.31578946
70,nb_or,0.0,0.0,0.0,0.0
70,nb_eq,1.0,2.0,1.0,0.05263158
70,nb_underscore,0.0,0.0,0.0,0.0
70,nb_tilde,0.0,0.0,0.0,0.0
70,nb_percent,0.0,4.0,4.0,0.041666668
70,nb_slash,3.0,6.0,3.0,0.09677419
70,nb_star,0.0,0.0,0.0,0.0
70,nb_colon,1.0,1.0,0.0,0.0
70,nb_comma,0.0,1.0,1.0,0.25
70,nb_semicolumn,0.0,9.0,9.0,0.45
70,nb_dollar,0.0,1.0,1.0,0.16666667
70,nb_space,0.0,0.0,0.0,0.0
70,nb_www,0.0,0.0,0.0,0.0
70,nb_com,0.0,0.0,0.0,0.0
70,nb_dslash,0.0,0.0,0.0,0.0
70,http_in_path,0.0,1.0,1.0,0.25
70,https_token,0.0,0.0,0.0,0.0
70,ratio_digits_url,0.0,0.17254113,0.17254113,0.23835579
70,ratio_digits_host,0.0,0.043098193,0.043098193,0.05387274
70,punycode,0.0,0.0,0.0,0.0
70,port,0.0,0.0,0.0,0.0
70,tld_in_path,0.0,0.0,0.0,0.0
70,tld_in_subdomain,0.0,0.0,0.0,0.0
70,abnormal_subdomain,0.0,0.0,0.0,0.0
70,nb_subdomains,1.0,1.0,0.0,0.0
70,prefix_suffix,1.0,1.0,0.0,0.0
70,random_domain,0.0,0.0,0.0,0.0
70,shortening_service,0.0,0.0,0.0,0.0
70,path_extension,0.0,0.0,0.0,0.0
70,nb_redirection,0.0,2.0,2.0,0.33333334
70,nb_external_redirection,0.0,0.0,0.0,0.0
70,length_words_raw,3.0,38.0,35.0,0.33333334
70,char_repeat,0.0,34.0,34.0,0.23287672
70,shortest_words_raw,1.0,2.0,1.0,0.033333335
70,shortest_word_host,3.0,8.0,5.0,0.13157895
70,shortest_word_path,1.0,10.0,9.0,0.225
70,longest_words_raw,5.0,11.0,6.0,0.007255139
70,longest_word_host,5.0,7.0,2.0,0.03278689
70,longest_word_path,1.0,66.0,65.0,0.07840772
70,avg_words_raw,3.0,11.606097,8.606097,0.068167105
70,avg_word_host,4.0,15.200748,11.200748,0.29475653
70,avg_word_path,1.0,119.74999,118.74999,0.47499996
70,phish_hints,0.0,0.0,0.0,0.0
70,domain_in_brand,0.0,0.0,0.0,0.0
70,brand_in_subdomain,0.0,0.0,0.0,0.0
70,brand_in_path,0.0,0.0,0.0,0.0
70,suspecious_tld,0.0,0.0,0.0,0.0
70,statistical_report,0.0,0.0,0.0,0.0
70,whois_registered_domain,0.0,0.0,0.0,0.0
70,domain_registration_length,275.0,853.0,578.0,0.019376466
70,domain_age,2647.0,6378.0,3731.0,0.28953904
70,web_traffic,0.0,2.095977e+06,2.095977e+06,0.19464894
70,dns_record,0.0,0.0,0.0,0.0
70,google_index,0.0,0.0,0.0,0.0
70,page_rank,1.0,4.0,3.0,0.3
71,length_url,49.0,603.0,554.0,0.34008592
71,length_hostname,15.0,31.0,16.0,0.07619049
71,ip,0.0,0.0,0.0,0.0
71,nb_dots,2.0,10.0,8.0,0.3478261
71,nb_hyphens,2.0,20.0,18.0,0.41860467
71,nb_at,0.0,1.0,1.0,0.25
71,nb_qm,0.0,0.0,0.0,0.0
71,nb_and,0.0,5.0,5.0,0.2631579
71,nb_or,0.0,0.0,0.0,0.0
71,nb_eq,0.0,1.0,1.0,0.05263158
71,nb_underscore,0.0,3.0,3.0,0.16666667
71,nb_tilde,0.0,0.0,0.0,0.0
71,nb_percent,0.0,1.0,1.0,0.010416667
71,nb_slash,5.0,16.0,11.0,0.3548387
71,nb_star,0.0,0.0,0.0,0.0
71,nb_colon,1.0,2.0,1.0,0.16666667
71,nb_comma,0.0,0.0,0.0,0.0
71,nb_semicolumn,0.0,4.0,4.0,0.2
71,nb_dollar,0.0,0.0,0.0,0.0
71,nb_space,0.0,8.0,8.0,0.44444445
71,nb_www,1.0,1.0,0.0,0.0
71,nb_com,0.0,1.0,1.0,0.16666667
71,nb_dslash,0.0,0.0,0.0,0.0
71,http_in_path,0.0,1.0,1.0,0.25
71,https_token,0.0,0.0,0.0,0.0
71,ratio_digits_url,0.020408163,0.15119214,0.13078398,0.18067066
71,ratio_digits_host,0.0,0.21268475,0.21268475,0.26585594
71,punycode,0.0,0.0,0.0,0.0
71,port,0.0,0.0,0.0,0.0
71,tld_in_path,0.0,0.0,0.0,0.0
71,tld_in_subdomain,0.0,0.0,0.0,0.0
71,abnormal_subdomain,0.0,0.0,0.0,0.0
71,nb_subdomains,2.0,2.0,0.0,0.0
71,prefix_suffix,0.0,0.0,0.0,0.0
71,random_domain,0.0,0.0,0.0,0.0
71,shortening_service,1.0,1.0,0.0,0.0
71,path_extension,0.0,0.0,0.0,0.0
71,nb_redirection,0.0,2.0,2.0,0.33333334
71,nb_external_redirection,0.0,0.0,0.0,0.0
71,length_words_raw,7.0,29.0,22.0,0.20952383
71,char_repeat,3.0,61.0,58.0,0.39726025
71,shortest_words_raw,1.0,10.0,9.0,0.3
71,shortest_word_host,3.0,17.0,14.0,0.36842105
71,shortest_word_path,1.0,9.0,8.0,0.19999999
71,longest_words_raw,8.0,124.0,116.0,0.14026603
71,longest_word_host,7.0,24.0,17.0,0.27868852
71,longest_word_path,8.0,388.0,380.0,0.4583836
71,avg_words_raw,4.428571,25.766237,21.337666,0.16901122
71,avg_word_host,5.0,12.559652,7.5596523,0.1989382
71,avg_word_path,4.2,105.631065,101.43107,0.4057243
71,phish_hints,0.0,3.0,3.0,0.3
71,domain_in_brand,1.0,1.0,0.0,0.0
71,brand_in_subdomain,0.0,0.0,0.0,0.0
71,brand_in_path,0.0,0.0,0.0,0.0
71,suspecious_tld,0.0,0.0,0.0,0.0
71,statistical_report,0.0,0.0,0.0,0.0
71,whois_registered_domain,0.0,0.0,0.0,0.0
71,domain_registration_length,59.0,2056.0,1997.0,0.06694603
71,domain_age,9285.0,9901.0,616.0,0.04780382
71,web_traffic,121.0,3.86242e+06,3.862299e+06,0.3586835
71,dns_record,0.0,0.0,0.0,0.0
71,google_index,0.0,0.0,0.0,0.0
71,page_rank,7.0,8.0,1.0,0.100000024
72,length_url,48.0,421.0,373.0,0.22897483
72,length_hostname,25.0,30.0,5.0,0.023809522
72,ip,0.0,0.0,0.0,0.0
72,nb_dots,3.0,11.0,8.0,0.34782606
72,nb_hyphens,1.0,6.0,5.0,0.11627908
72,nb_at,0.0,1.0,1.0,0.25
72,nb_qm,0.0,0.0,0.0,0.0
72,nb_and,0.0,2.0,2.0,0.10526316
72,nb_or,0.0,0.0,0.0,0.0
72,nb_eq,0.0,3.0,3.0,0.15789473
72,nb_underscore,0.0,2.0,2.0,0.11111111
72,nb_tilde,0.0,0.0,0.0,0.0
72,nb_percent,0.0,2.0,2.0,0.020833334
72,nb_slash,3.0,15.0,12.0,0.38709676
72,nb_star,0.0,0.0,0.0,0.0
72,nb_colon,1.0,1.0,0.0,0.0
72,nb_comma,0.0,0.0,0.0,0.0
72,nb_semicolumn,0.0,5.0,5.0,0.25
72,nb_dollar,0.0,0.0,0.0,0.0
72,nb_space,0.0,5.0,5.0,0.2777778
72,nb_www,0.0,0.0,0.0,0.0
72,nb_com,0.0,1.0,1.0,0.16666667
72,nb_dslash,0.0,0.0,0.0,0.0
72,http_in_path,0.0,1.0,1.0,0.25
72,https_token,1.0,1.0,0.0,0.0
72,ratio_digits_url,0.020833332,0.11511985,0.09428652,0.13025148
72,ratio_digits_host,0.0,0.043913726,0.043913726,0.054892156
72,punycode,0.0,0.0,0.0,0.0
72,port,0.0,0.0,0.0,0.0
72,tld_in_path,0.0,0.0,0.0,0.0
72,tld_in_subdomain,0.0,0.0,0.0,0.0
72,abnormal_subdomain,0.0,0.0,0.0,0.0
72,nb_subdomains,3.0,3.0,0.0,0.0
72,prefix_suffix,0.0,0.0,0.0,0.0
72,random_domain,0.0,0.0,0.0,0.0
72,shortening_service,0.0,0.0,0.0,0.0
72,path_extension,0.0,0.0,0.0,0.0
72,nb_redirection,1.0,1.0,0.0,0.0
72,nb_external_redirection,0.0,0.0,0.0,0.0
72,length_words_raw,5.0,26.0,21.0,0.2
72,char_repeat,2.0,3.0,1.0,0.006849315
72,shortest_words_raw,3.0,7.0,4.0,0.13333333
72,shortest_word_host,7.0,24.0,17.0,0.44736844
72,shortest_word_path,3.0,1.0,-2.0,-0.050000004
72,longest_words_raw,13.0,82.0,69.0,0.0834341
72,longest_word_host,13.0,26.0,13.0,0.21311474
72,longest_word_path,6.0,353.0,347.0,0.4185766
72,avg_words_raw,6.6,66.56875,59.96875,0.475
72,avg_word_host,10.0,12.989975,2.989975,0.07868354
72,avg_word_path,4.3333335,108.872505,104.53917,0.41815668
72,phish_hints,0.0,2.0,2.0,0.2
72,domain_in_brand,0.0,0.0,0.0,0.0
72,brand_in_subdomain,0.0,0.0,0.0,0.0
72,brand_in_path,0.0,0.0,0.0,0.0
72,suspecious_tld,0.0,0.0,0.0,0.0
72,statistical_report,0.0,0.0,0.0,0.0
72,whois_registered_domain,0.0,0.0,0.0,0.0
72,domain_registration_length,353.0,3705.0,3352.0,0.112370096
72,domain_age,8047.0,8706.0,659.0,0.051140785
72,web_traffic,1577.0,3.648761e+06,3.647184e+06,0.33870623
72,dns_record,0.0,0.0,0.0,0.0
72,google_index,0.0,0.0,0.0,0.0
72,page_rank,5.0,4.0,-1.0,-0.099999994
73,length_url,39.0,40.0,1.0,0.0006138738
73,length_hostname,20.0,28.0,8.0,0.038095236
73,ip,0.0,0.0,0.0,0.0
73,nb_dots,2.0,6.0,4.0,0.17391303
73,nb_hyphens,0.0,3.0,3.0,0.069767445
73,nb_at,0.0,0.0,0.0,0.0
73,nb_qm,0.0,0.0,0.0,0.0
73,nb_and,0.0,1.0,1.0,0.05263158
73,nb_or,0.0,0.0,0.0,0.0
73,nb_eq,0.0,0.0,0.0,0.0
73,nb_underscore,0.0,1.0,1.0,0.055555556
73,nb_tilde,0.0,0.0,0.0,0.0
73,nb_percent,0.0,27.0,27.0,0.28125
73,nb_slash,4.0,5.0,1.0,0.032258064
73,nb_star,0.0,0.0,0.0,0.0
73,nb_colon,1.0,2.0,1.0,0.16666667
73,nb_comma,0.0,0.0,0.0,0.0
73,nb_semicolumn,0.0,0.0,0.0,0.0
73,nb_dollar,0.0,2.0,2.0,0.33333334
73,nb_space,0.0,0.0,0.0,0.0
73,nb_www,0.0,0.0,0.0,0.0
73,nb_com,0.0,0.0,0.0,0.0
73,nb_dslash,1.0,1.0,0.0,0.0
73,http_in_path,0.0,1.0,1.0,0.25
73,https_token,1.0,1.0,0.0,0.0
73,ratio_digits_url,0.0,0.06509234,0.06509234,0.08992138
73,ratio_digits_host,0.0,0.06336691,0.06336691,0.07920864
73,punycode,0.0,0.0,0.0,0.0
73,port,0.0,0.0,0.0,0.0
73,tld_in_path,0.0,0.0,0.0,0.0
73,tld_in_subdomain,0.0,0.0,0.0,0.0
73,abnormal_subdomain,0.0,0.0,0.0,0.0
73,nb_subdomains,2.0,2.0,0.0,0.0
73,prefix_suffix,0.0,0.0,0.0,0.0
73,random_domain,0.0,0.0,0.0,0.0
73,shortening_service,0.0,0.0,0.0,0.0
73,path_extension,0.0,0.0,0.0,0.0
73,nb_redirection,0.0,1.0,1.0,0.16666667
73,nb_external_redirection,0.0,0.0,0.0,0.0
73,length_words_raw,3.0,49.0,46.0,0.43809524
73,char_repeat,2.0,26.0,24.0,0.16438356
73,shortest_words_raw,4.0,2.0,-2.0,-0.06666666
73,shortest_word_host,17.0,19.0,2.0,0.052631587
73,shortest_word_path,4.0,5.0,1.0,0.024999999
73,longest_words_raw,17.0,309.0,292.0,0.35308343
73,longest_word_host,17.0,22.0,5.0,0.081967235
73,longest_word_path,5.0,0.0,-5.0,-0.0060313633
73,avg_words_raw,8.666667,52.884945,44.218277,0.3502438
73,avg_word_host,17.0,12.815603,-4.1843967,-0.11011571
73,avg_word_path,4.5,111.900085,107.400085,0.42960033
73,phish_hints,0.0,1.0,1.0,0.1
73,domain_in_brand,0.0,0.0,0.0,0.0
73,brand_in_subdomain,0.0,0.0,0.0,0.0
73,brand_in_path,0.0,0.0,0.0,0.0
73,suspecious_tld,0.0,0.0,0.0,0.0
73,statistical_report,0.0,0.0,0.0,0.0
73,whois_registered_domain,0.0,0.0,0.0,0.0
73,domain_registration_length,0.0,13504.0,13504.0,0.45269862
73,domain_age,1028.0,5606.0,4578.0,0.3552693
73,web_traffic,0.0,5.114793e+06,5.114793e+06,0.47499996
73,dns_record,0.0,0.0,0.0,0.0
73,google_index,1.0,1.0,0.0,0.0
73,page_rank,0.0,3.0,3.0,0.3
74,length_url,23.0,299.0,276.0,0.1694291
74,length_hostname,14.0,105.0,91.0,0.43333334
74,ip,0.0,0.0,0.0,0.0
74,nb_dots,3.0,8.0,5.0,0.21739128
74,nb_hyphens,0.0,6.0,6.0,0.13953489
74,nb_at,0.0,0.0,0.0,0.0
74,nb_qm,0.0,0.0,0.0,0.0
74,nb_and,0.0,5.0,5.0,0.2631579
74,nb_or,0.0,0.0,0.0,0.0
74,nb_eq,0.0,3.0,3.0,0.15789473
74,nb_underscore,0.0,6.0,6.0,0.33333334
74,nb_tilde,0.0,0.0,0.0,0.0
74,nb_percent,0.0,4.0,4.0,0.041666668
74,nb_slash,3.0,8.0,5.0,0.16129032
74,nb_star,0.0,0.0,0.0,0.0
74,nb_colon,1.0,1.0,0.0,0.0
74,nb_comma,0.0,1.0,1.0,0.25
74,nb_semicolumn,0.0,5.0,5.0,0.25
74,nb_dollar,0.0,0.0,0.0,0.0
74,nb_space,0.0,3.0,3.0,0.16666667
74,nb_www,1.0,1.0,0.0,0.0
74,nb_com,0.0,2.0,2.0,0.33333334
74,nb_dslash,0.0,0.0,0.0,0.0
74,http_in_path,0.0,1.0,1.0,0.25
74,https_token,0.0,0.0,0.0,0.0
74,ratio_digits_url,0.0,0.18990403,0.18990403,0.26234165
74,ratio_digits_host,0.0,0.20786972,0.20786972,0.25983715
74,punycode,0.0,0.0,0.0,0.0
74,port,0.0,0.0,0.0,0.0
74,tld_in_path,0.0,0.0,0.0,0.0
74,tld_in_subdomain,0.0,0.0,0.0,0.0
74,abnormal_subdomain,0.0,0.0,0.0,0.0
74,nb_subdomains,3.0,3.0,0.0,0.0
74,prefix_suffix,0.0,0.0,0.0,0.0
74,random_domain,0.0,0.0,0.0,0.0
74,shortening_service,1.0,1.0,0.0,0.0
74,path_extension,0.0,0.0,0.0,0.0
74,nb_redirection,0.0,1.0,1.0,0.16666667
74,nb_external_redirection,0.0,0.0,0.0,0.0
74,length_words_raw,2.0,14.0,12.0,0.114285715
74,char_repeat,3.0,39.0,36.0,0.24657534
74,shortest_words_raw,3.0,3.0,0.0,0.0
74,shortest_word_host,3.0,8.0,5.0,0.13157895
74,shortest_word_path,0.0,3.0,3.0,0.075
74,longest_words_raw,3.0,14.0,11.0,0.013301088
74,longest_word_host,3.0,22.0,19.0,0.31147543
74,longest_word_path,0.0,192.0,192.0,0.23160434
74,avg_words_raw,3.0,51.38425,48.38425,0.3832416
74,avg_word_host,3.0,3.0685506,0.06855059,0.0018039607
74,avg_word_path,0.0,11.87109,11.87109,0.04748436
74,phish_hints,0.0,3.0,3.0,0.3
74,domain_in_brand,0.0,0.0,0.0,0.0
74,brand_in_subdomain,0.0,0.0,0.0,0.0
74,brand_in_path,0.0,0.0,0.0,0.0
74,suspecious_tld,0.0,0.0,0.0,0.0
74,statistical_report,0.0,0.0,0.0,0.0
74,whois_registered_domain,0.0,0.0,0.0,0.0
74,domain_registration_length,1156.0,15325.0,14169.0,0.47499162
74,domain_age,-1.0,2326.0,2327.0,0.18058358
74,web_traffic,7600.0,1.076392e+06,1.068792e+06,0.09925645
74,dns_record,0.0,0.0,0.0,0.0
74,google_index,0.0,0.0,0.0,0.0
74,page_rank,4.0,3.0,-1.0,-0.099999994
75,length_url,38.0,492.0,454.0,0.27869856
75,length_hostname,29.0,101.0,72.0,0.34285715
75,ip,0.0,0.0,0.0,0.0
75,nb_dots,2.0,6.0,4.0,0.17391303
75,nb_hyphens,1.0,3.0,2.0,0.04651163
75,nb_at,0.0,1.0,1.0,0.25
75,nb_qm,0.0,0.0,0.0,0.0
75,nb_and,0.0,1.0,1.0,0.05263158
75,nb_or,0.0,0.0,0.0,0.0
75,nb_eq,0.0,6.0,6.0,0.31578946
75,nb_underscore,0.0,2.0,2.0,0.11111111
75,nb_tilde,0.0,0.0,0.0,0.0
75,nb_percent,0.0,29.0,29.0,0.30208334
75,nb_slash,3.0,9.0,6.0,0.19354838
75,nb_star,0.0,0.0,0.0,0.0
75,nb_colon,1.0,1.0,0.0,0.0
75,nb_comma,0.0,1.0,1.0,0.25
75,nb_semicolumn,0.0,0.0,0.0,0.0
75,nb_dollar,0.0,2.0,2.0,0.33333334
75,nb_space,0.0,1.0,1.0,0.055555556
75,nb_www,0.0,0.0,0.0,0.0
75,nb_com,0.0,0.0,0.0,0.0
75,nb_dslash,0.0,0.0,0.0,0.0
75,http_in_path,0.0,1.0,1.0,0.25
75,https_token,0.0,0.0,0.0,0.0
75,ratio_digits_url,0.13157895,0.117005415,-0.014573537,-0.020132512
75,ratio_digits_host,0.1724138,0.06604802,-0.10636578,-0.13295722
75,punycode,0.0,0.0,0.0,0.0
75,port,0.0,0.0,0.0,0.0
75,tld_in_path,0.0,0.0,0.0,0.0
75,tld_in_subdomain,0.0,0.0,0.0,0.0
75,abnormal_subdomain,0.0,0.0,0.0,0.0
75,nb_subdomains,2.0,2.0,0.0,0.0
75,prefix_suffix,1.0,1.0,0.0,0.0
75,random_domain,0.0,0.0,0.0,0.0
75,shortening_service,0.0,0.0,0.0,0.0
75,path_extension,0.0,0.0,0.0,0.0
75,nb_redirection,0.0,0.0,0.0,0.0
75,nb_external_redirection,0.0,0.0,0.0,0.0
75,length_words_raw,3.0,34.0,31.0,0.2952381
75,char_repeat,1.0,48.0,47.0,0.3219178
75,shortest_words_raw,6.0,4.0,-2.0,-0.06666667
75,shortest_word_host,6.0,5.0,-1.0,-0.026315793
75,shortest_word_path,0.0,2.0,2.0,0.05
75,longest_words_raw,9.0,401.0,392.0,0.47400242
75,longest_word_host,9.0,9.0,0.0,0.0
75,longest_word_path,0.0,141.0,141.0,0.17008443
75,avg_words_raw,7.6666665,3.9655285,-3.701138,-0.029315945
75,avg_word_host,7.6666665,11.135442,3.4687753,0.091283545
75,avg_word_path,0.0,9.464499,9.464499,0.037858
75,phish_hints,0.0,1.0,1.0,0.1
75,domain_in_brand,0.0,0.0,0.0,0.0
75,brand_in_subdomain,0.0,0.0,0.0,0.0
75,brand_in_path,0.0,0.0,0.0,0.0
75,suspecious_tld,0.0,0.0,0.0,0.0
75,statistical_report,0.0,0.0,0.0,0.0
75,whois_registered_domain,0.0,0.0,0.0,0.0
75,domain_registration_length,177.0,13635.0,13458.0,0.45115656
75,domain_age,189.0,636.0,447.0,0.03468881
75,web_traffic,0.0,1.808029e+06,1.808029e+06,0.16790782
75,dns_record,0.0,0.0,0.0,0.0
75,google_index,1.0,1.0,0.0,0.0
75,page_rank,2.0,2.0,0.0,0.0
76,length_url,67.0,99.0,32.0,0.019643955
76,length_hostname,17.0,39.0,22.0,0.10476191
76,ip,0.0,0.0,0.0,0.0
76,nb_dots,3.0,3.0,0.0,0.0
76,nb_hyphens,1.0,12.0,11.0,0.25581396
76,nb_at,0.0,0.0,0.0,0.0
76,nb_qm,0.0,1.0,1.0,0.33333334
76,nb_and,0.0,4.0,4.0,0.21052632
76,nb_or,0.0,0.0,0.0,0.0
76,nb_eq,0.0,2.0,2.0,0.10526316
76,nb_underscore,1.0,1.0,0.0,0.0
76,nb_tilde,0.0,0.0,0.0,0.0
76,nb_percent,0.0,24.0,24.0,0.25
76,nb_slash,6.0,7.0,1.0,0.032258064
76,nb_star,0.0,0.0,0.0,0.0
76,nb_colon,1.0,1.0,0.0,0.0
76,nb_comma,0.0,0.0,0.0,0.0
76,nb_semicolumn,0.0,9.0,9.0,0.45
76,nb_dollar,0.0,1.0,1.0,0.16666667
76,nb_space,0.0,0.0,0.0,0.0
76,nb_www,1.0,1.0,0.0,0.0
76,nb_com,0.0,2.0,2.0,0.33333334
76,nb_dslash,0.0,0.0,0.0,0.0
76,http_in_path,0.0,0.0,0.0,0.0
76,https_token,1.0,1.0,0.0,0.0
76,ratio_digits_url,0.0,0.041717004,0.041717004,0.057629675
76,ratio_digits_host,0.0,0.0,0.0,0.0
76,punycode,0.0,0.0,0.0,0.0
76,port,0.0,0.0,0.0,0.0
76,tld_in_path,0.0,0.0,0.0,0.0
76,tld_in_subdomain,0.0,0.0,0.0,0.0
76,abnormal_subdomain,0.0,0.0,0.0,0.0
76,nb_subdomains,3.0,3.0,0.0,0.0
76,prefix_suffix,0.0,0.0,0.0,0.0
76,random_domain,0.0,0.0,0.0,0.0
76,shortening_service,0.0,0.0,0.0,0.0
76,path_extension,0.0,0.0,0.0,0.0
76,nb_redirection,0.0,0.0,0.0,0.0
76,nb_external_redirection,0.0,0.0,0.0,0.0
76,length_words_raw,9.0,11.0,2.0,0.019047618
76,char_repeat,5.0,72.0,67.0,0.45890412
76,shortest_words_raw,2.0,11.0,9.0,0.3
76,shortest_word_host,3.0,3.0,0.0,0.0
76,shortest_word_path,2.0,12.0,10.0,0.25
76,longest_words_raw,9.0,244.0,235.0,0.2841596
76,longest_word_host,9.0,8.0,-1.0,-0.016393438
76,longest_word_path,9.0,12.0,3.0,0.0036188178
76,avg_words_raw,5.3333335,53.214928,47.881596,0.37926015
76,avg_word_host,6.0,8.950424,2.9504242,0.07764274
76,avg_word_path,5.142857,34.619152,29.476295,0.117905185
76,phish_hints,0.0,0.0,0.0,0.0
76,domain_in_brand,0.0,0.0,0.0,0.0
76,brand_in_subdomain,0.0,0.0,0.0,0.0
76,brand_in_path,0.0,0.0,0.0,0.0
76,suspecious_tld,0.0,0.0,0.0,0.0
76,statistical_report,0.0,0.0,0.0,0.0
76,whois_registered_domain,0.0,0.0,0.0,0.0
76,domain_registration_length,42.0,12321.0,12279.0,0.41163257
76,domain_age,1785.0,3397.0,1612.0,0.12509702
76,web_traffic,7.811868e+06,4.828093e+06,-2.983775e+06,-0.27709687
76,dns_record,0.0,0.0,0.0,0.0
76,google_index,1.0,1.0,0.0,0.0
76,page_rank,2.0,4.0,2.0,0.2
77,length_url,39.0,198.0,159.0,0.09760589
77,length_hostname,18.0,62.0,44.0,0.20952383
77,ip,0.0,0.0,0.0,0.0
77,nb_dots,2.0,4.0,2.0,0.086956516
77,nb_hyphens,0.0,4.0,4.0,0.093023255
77,nb_at,0.0,1.0,1.0,0.25
77,nb_qm,0.0,0.0,0.0,0.0
77,nb_and,0.0,1.0,1.0,0.05263158
77,nb_or,0.0,0.0,0.0,0.0
77,nb_eq,0.0,1.0,1.0,0.05263158
77,nb_underscore,0.0,3.0,3.0,0.16666667
77,nb_tilde,0.0,0.0,0.0,0.0
77,nb_percent,0.0,7.0,7.0,0.072916664
77,nb_slash,4.0,8.0,4.0,0.12903225
77,nb_star,0.0,0.0,0.0,0.0
77,nb_colon,1.0,2.0,1.0,0.16666667
77,nb_comma,0.0,0.0,0.0,0.0
77,nb_semicolumn,0.0,2.0,2.0,0.1
77,nb_dollar,0.0,1.0,1.0,0.16666667
77,nb_space,0.0,4.0,4.0,0.22222222
77,nb_www,0.0,0.0,0.0,0.0
77,nb_com,0.0,2.0,2.0,0.33333334
77,nb_dslash,0.0,0.0,0.0,0.0
77,http_in_path,0.0,1.0,1.0,0.25
77,https_token,0.0,0.0,0.0,0.0
77,ratio_digits_url,0.051282052,0.07649529,0.025213238,0.03483066
77,ratio_digits_host,0.0,0.11040244,0.11040244,0.13800305
77,punycode,0.0,0.0,0.0,0.0
77,port,0.0,0.0,0.0,0.0
77,tld_in_path,0.0,0.0,0.0,0.0
77,tld_in_subdomain,0.0,0.0,0.0,0.0
77,abnormal_subdomain,0.0,0.0,0.0,0.0
77,nb_subdomains,2.0,2.0,0.0,0.0
77,prefix_suffix,0.0,0.0,0.0,0.0
77,random_domain,0.0,0.0,0.0,0.0
77,shortening_service,0.0,0.0,0.0,0.0
77,path_extension,0.0,0.0,0.0,0.0
77,nb_redirection,1.0,1.0,0.0,0.0
77,nb_external_redirection,0.0,0.0,0.0,0.0
77,length_words_raw,4.0,9.0,5.0,0.047619052
77,char_repeat,0.0,2.0,2.0,0.01369863
77,shortest_words_raw,2.0,13.0,11.0,0.36666667
77,shortest_word_host,5.0,14.0,9.0,0.23684211
77,shortest_word_path,2.0,2.0,0.0,0.0
77,longest_words_raw,9.0,397.0,388.0,0.46916565
77,longest_word_host,8.0,18.0,10.0,0.16393442
77,longest_word_path,9.0,33.0,24.0,0.028950542
77,avg_words_raw,6.0,14.040609,8.040609,0.063687995
77,avg_word_host,6.5,12.381424,5.881424,0.15477432
77,avg_word_path,5.5,48.40856,42.90856,0.17163424
77,phish_hints,0.0,0.0,0.0,0.0
77,domain_in_brand,0.0,0.0,0.0,0.0
77,brand_in_subdomain,0.0,0.0,0.0,0.0
77,brand_in_path,0.0,0.0,0.0,0.0
77,suspecious_tld,0.0,0.0,0.0,0.0
77,statistical_report,0.0,0.0,0.0,0.0
77,whois_registered_domain,0.0,0.0,0.0,0.0
77,domain_registration_length,873.0,2815.0,1942.0,0.06510224
77,domain_age,6431.0,7704.0,1273.0,0.098789394
77,web_traffic,15489.0,3.344363e+06,3.328874e+06,0.30914545
77,dns_record,0.0,0.0,0.0,0.0
77,google_index,1.0,1.0,0.0,0.0
77,page_rank,5.0,3.0,-2.0,-0.19999999
78,length_url,40.0,431.0,391.0,0.24002457
78,length_hostname,31.0,55.0,24.0,0.11428571
78,ip,0.0,0.0,0.0,0.0
78,nb_dots,2.0,11.0,9.0,0.39130434
78,nb_hyphens,0.0,3.0,3.0,0.069767445
78,nb_at,0.0,1.0,1.0,0.25
78,nb_qm,0.0,0.0,0.0,0.0
78,nb_and,0.0,3.0,3.0,0.15789473
78,nb_or,0.0,0.0,0.0,0.0
78,nb_eq,0.0,2.0,2.0,0.10526316
78,nb_underscore,0.0,3.0,3.0,0.16666667
78,nb_tilde,0.0,0.0,0.0,0.0
78,nb_percent,0.0,33.0,33.0,0.34375
78,nb_slash,3.0,3.0,0.0,0.0
78,nb_star,0.0,0.0,0.0,0.0
78,nb_colon,1.0,3.0,2.0,0.33333334
78,nb_comma,0.0,1.0,1.0,0.25
78,nb_semicolumn,0.0,7.0,7.0,0.35
78,nb_dollar,0.0,0.0,0.0,0.0
78,nb_space,0.0,7.0,7.0,0.3888889
78,nb_www,0.0,0.0,0.0,0.0
78,nb_com,0.0,1.0,1.0,0.16666667
78,nb_dslash,0.0,0.0,0.0,0.0
78,http_in_path,0.0,0.0,0.0,0.0
78,https_token,0.0,0.0,0.0,0.0
78,ratio_digits_url,0.0,0.064468965,0.064468965,0.08906022
78,ratio_digits_host,0.0,0.12841173,0.12841173,0.16051465
78,punycode,0.0,0.0,0.0,0.0
78,port,0.0,0.0,0.0,0.0
78,tld_in_path,0.0,0.0,0.0,0.0
78,tld_in_subdomain,0.0,0.0,0.0,0.0
78,abnormal_subdomain,0.0,0.0,0.0,0.0
78,nb_subdomains,2.0,2.0,0.0,0.0
78,prefix_suffix,0.0,0.0,0.0,0.0
78,random_domain,0.0,0.0,0.0,0.0
78,shortening_service,1.0,1.0,0.0,0.0
78,path_extension,0.0,0.0,0.0,0.0
78,nb_redirection,0.0,0.0,0.0,0.0
78,nb_external_redirection,0.0,0.0,0.0,0.0
78,length_words_raw,2.0,15.0,13.0,0.12380953
78,char_repeat,0.0,47.0,47.0,0.3219178
78,shortest_words_raw,8.0,1.0,-7.0,-0.23333333
78,shortest_word_host,8.0,7.0,-1.0,-0.026315793
78,shortest_word_path,0.0,6.0,6.0,0.15
78,longest_words_raw,18.0,278.0,260.0,0.31438935
78,longest_word_host,18.0,26.0,8.0,0.13114753
78,longest_word_path,0.0,0.0,0.0,0.0
78,avg_words_raw,13.0,72.96875,59.96875,0.47500002
78,avg_word_host,13.0,26.531572,13.531572,0.356094
78,avg_word_path,0.0,39.43286,39.43286,0.15773144
78,phish_hints,0.0,4.0,4.0,0.4
78,domain_in_brand,1.0,1.0,0.0,0.0
78,brand_in_subdomain,0.0,0.0,0.0,0.0
78,brand_in_path,0.0,0.0,0.0,0.0
78,suspecious_tld,0.0,0.0,0.0,0.0
78,statistical_report,0.0,0.0,0.0,0.0
78,whois_registered_domain,0.0,0.0,0.0,0.0
78,domain_registration_length,374.0,10529.0,10155.0,0.3404291
78,domain_age,7295.0,1381.0,-5914.0,-0.4589477
78,web_traffic,0.0,683214.0,683214.0,0.06344863
78,dns_record,0.0,0.0,0.0,0.0
78,google_index,1.0,1.0,0.0,0.0
78,page_rank,5.0,5.0,0.0,0.0
79,length_url,59.0,418.0,359.0,0.2203806
79,length_hostname,12.0,37.0,25.0,0.11904763
79,ip,0.0,0.0,0.0,0.0
79,nb_dots,2.0,2.0,0.0,0.0
79,nb_hyphens,3.0,17.0,14.0,0.3255814
79,nb_at,0.0,0.0,0.0,0.0
79,nb_qm,0.0,1.0,1.0,0.33333334
79,nb_and,0.0,8.0,8.0,0.42105263
79,nb_or,0.0,0.0,0.0,0.0
79,nb_eq,0.0,9.0,9.0,0.47368422
79,nb_underscore,0.0,0.0,0.0,0.0
79,nb_tilde,1.0,1.0,0.0,0.0
79,nb_percent,0.0,2.0,2.0,0.020833334
79,nb_slash,5.0,9.0,4.0,0.12903225
79,nb_star,0.0,0.0,0.0,0.0
79,nb_colon,1.0,1.0,0.0,0.0
79,nb_comma,0.0,1.0,1.0,0.25
79,nb_semicolumn,0.0,6.0,6.0,0.3
79,nb_dollar,0.0,0.0,0.0,0.0
79,nb_space,0.0,7.0,7.0,0.3888889
79,nb_www,1.0,1.0,0.0,0.0
79,nb_com,0.0,0.0,0.0,0.0
79,nb_dslash,0.0,0.0,0.0,0.0
79,http_in_path,0.0,1.0,1.0,0.25
79,https_token,0.0,0.0,0.0,0.0
79,ratio_digits_url,0.06779661,0.41163987,0.34384325,0.475
79,ratio_digits_host,0.0,0.14110488,0.14110488,0.1763811
79,punycode,0.0,0.0,0.0,0.0
79,port,0.0,0.0,0.0,0.0
79,tld_in_path,0.0,0.0,0.0,0.0
79,tld_in_subdomain,0.0,0.0,0.0,0.0
79,abnormal_subdomain,0.0,0.0,0.0,0.0
79,nb_subdomains,2.0,2.0,0.0,0.0
79,prefix_suffix,0.0,0.0,0.0,0.0
79,random_domain,0.0,0.0,0.0,0.0
79,shortening_service,1.0,1.0,0.0,0.0
79,path_extension,0.0,0.0,0.0,0.0
79,nb_redirection,1.0,1.0,0.0,0.0
79,nb_external_redirection,0.0,0.0,0.0,0.0
79,length_words_raw,8.0,31.0,23.0,0.21904764
79,char_repeat,3.0,38.0,35.0,0.23972602
79,shortest_words_raw,3.0,3.0,0.0,0.0
79,shortest_word_host,3.0,4.0,1.0,0.026315786
79,shortest_word_path,3.0,13.0,10.0,0.24999999
79,longest_words_raw,8.0,47.0,39.0,0.047158405
79,longest_word_host,5.0,21.0,16.0,0.26229507
79,longest_word_path,8.0,246.0,238.0,0.2870929
79,avg_words_raw,5.125,33.862698,28.737698,0.22762534
79,avg_word_host,4.0,5.137327,1.1373272,0.029929668
79,avg_word_path,5.5,116.90371,111.40371,0.4456148
79,phish_hints,0.0,1.0,1.0,0.1
79,domain_in_brand,0.0,0.0,0.0,0.0
79,brand_in_subdomain,0.0,0.0,0.0,0.0
79,brand_in_path,0.0,0.0,0.0,0.0
79,suspecious_tld,0.0,0.0,0.0,0.0
79,statistical_report,0.0,0.0,0.0,0.0
79,whois_registered_domain,0.0,0.0,0.0,0.0
79,domain_registration_length,366.0,8083.0,7717.0,0.2586993
79,domain_age,3650.0,7293.0,3643.0,0.2827099
79,web_traffic,7053.0,1.257318e+06,1.250265e+06,0.11610946
79,dns_record,0.0,0.0,0.0,0.0
79,google_index,1.0,1.0,0.0,0.0
79,page_rank,5.0,4.0,-1.0,-0.099999994
80,length_url,50.0,549.0,499.0,0.3063229
80,length_hostname,20.0,118.0,98.0,0.4666667
80,ip,0.0,0.0,0.0,0.0
80,nb_dots,3.0,6.0,3.0,0.13043478
80,nb_hyphens,0.0,10.0,10.0,0.23255815
80,nb_at,0.0,1.0,1.0,0.25
80,nb_qm,0.0,0.0,0.0,0.0
80,nb_and,0.0,6.0,6.0,0.31578946
80,nb_or,0.0,0.0,0.0,0.0
80,nb_eq,0.0,1.0,1.0,0.05263158
80,nb_underscore,0.0,5.0,5.0,0.2777778
80,nb_tilde,0.0,0.0,0.0,0.0
80,nb_percent,0.0,8.0,8.0,0.083333336
80,nb_slash,5.0,13.0,8.0,0.2580645
80,nb_star,0.0,0.0,0.0,0.0
80,nb_colon,1.0,1.0,0.0,0.0
80,nb_comma,0.0,0.0,0.0,0.0
80,nb_semicolumn,0.0,1.0,1.0,0.05
80,nb_dollar,0.0,0.0,0.0,0.0
80,nb_space,0.0,8.0,8.0,0.44444445
80,nb_www,1.0,1.0,0.0,0.0
80,nb_com,1.0,1.0,0.0,0.0
80,nb_dslash,0.0,0.0,0.0,0.0
80,http_in_path,0.0,1.0,1.0,0.25
80,https_token,0.0,0.0,0.0,0.0
80,ratio_digits_url,0.0,0.110860266,0.110860266,0.15314718
80,ratio_digits_host,0.0,0.17703497,0.17703497,0.22129372
80,punycode,0.0,0.0,0.0,0.0
80,port,0.0,0.0,0.0,0.0
80,tld_in_path,0.0,0.0,0.0,0.0
80,tld_in_subdomain,0.0,0.0,0.0,0.0
80,abnormal_subdomain,0.0,0.0,0.0,0.0
80,nb_subdomains,3.0,3.0,0.0,0.0
80,prefix_suffix,0.0,0.0,0.0,0.0
80,random_domain,0.0,0.0,0.0,0.0
80,shortening_service,0.0,0.0,0.0,0.0
80,path_extension,0.0,0.0,0.0,0.0
80,nb_redirection,0.0,2.0,2.0,0.33333334
80,nb_external_redirection,0.0,0.0,0.0,0.0
80,length_words_raw,6.0,46.0,40.0,0.3809524
80,char_repeat,3.0,60.0,57.0,0.39041096
80,shortest_words_raw,1.0,15.0,14.0,0.46666667
80,shortest_word_host,3.0,3.0,0.0,0.0
80,shortest_word_path,1.0,9.0,8.0,0.19999999
80,longest_words_raw,12.0,189.0,177.0,0.2140266
80,longest_word_host,12.0,27.0,15.0,0.24590164
80,longest_word_path,8.0,387.0,379.0,0.45717734
80,avg_words_raw,5.5,26.64616,21.14616,0.16749433
80,avg_word_host,7.5,9.932897,2.4328966,0.0640236
80,avg_word_path,4.5,112.03913,107.53913,0.43015653
80,phish_hints,0.0,2.0,2.0,0.2
80,domain_in_brand,0.0,0.0,0.0,0.0
80,brand_in_subdomain,0.0,0.0,0.0,0.0
80,brand_in_path,0.0,0.0,0.0,0.0
80,suspecious_tld,0.0,0.0,0.0,0.0
80,statistical_report,0.0,0.0,0.0,0.0
80,whois_registered_domain,0.0,0.0,0.0,0.0
80,domain_registration_length,3483.0,4315.0,832.0,0.027891375
80,domain_age,8044.0,7047.0,-997.0,-0.07737076
80,web_traffic,2580.0,2.603733e+06,2.601153e+06,0.24156356
80,dns_record,0.0,0.0,0.0,0.0
80,google_index,0.0,0.0,0.0,0.0
80,page_rank,6.0,8.0,2.0,0.19999999
81,length_url,52.0,270.0,218.0,0.13382444
81,length_hostname,25.0,30.0,5.0,0.023809522
81,ip,0.0,0.0,0.0,0.0
81,nb_dots,2.0,11.0,9.0,0.39130434
81,nb_hyphens,1.0,8.0,7.0,0.1627907
81,nb_at,0.0,1.0,1.0,0.25
81,nb_qm,0.0,0.0,0.0,0.0
81,nb_and,0.0,2.0,2.0,0.10526316
81,nb_or,0.0,0.0,0.0,0.0
81,nb_eq,0.0,6.0,6.0,0.31578946
81,nb_underscore,0.0,2.0,2.0,0.11111111
81,nb_tilde,0.0,0.0,0.0,0.0
81,nb_percent,0.0,34.0,34.0,0.35416666
81,nb_slash,4.0,18.0,14.0,0.4516129
81,nb_star,0.0,0.0,0.0,0.0
81,nb_colon,1.0,1.0,0.0,0.0
81,nb_comma,0.0,1.0,1.0,0.25
81,nb_semicolumn,0.0,1.0,1.0,0.05
81,nb_dollar,0.0,2.0,2.0,0.33333334
81,nb_space,0.0,3.0,3.0,0.16666667
81,nb_www,1.0,1.0,0.0,0.0
81,nb_com,0.0,0.0,0.0,0.0
81,nb_dslash,0.0,0.0,0.0,0.0
81,http_in_path,0.0,0.0,0.0,0.0
81,https_token,1.0,1.0,0.0,0.0
81,ratio_digits_url,0.057692308,0.34653005,0.28883773,0.39901298
81,ratio_digits_host,0.04,0.27217072,0.23217073,0.2902134
81,punycode,0.0,0.0,0.0,0.0
81,port,0.0,0.0,0.0,0.0
81,tld_in_path,0.0,0.0,0.0,0.0
81,tld_in_subdomain,0.0,0.0,0.0,0.0
81,abnormal_subdomain,0.0,0.0,0.0,0.0
81,nb_subdomains,2.0,2.0,0.0,0.0
81,prefix_suffix,1.0,1.0,0.0,0.0
81,random_domain,1.0,1.0,0.0,0.0
81,shortening_service,0.0,0.0,0.0,0.0
81,path_extension,0.0,0.0,0.0,0.0
81,nb_redirection,1.0,1.0,0.0,0.0
81,nb_external_redirection,0.0,0.0,0.0,0.0
81,length_words_raw,4.0,50.0,46.0,0.43809524
81,char_repeat,3.0,38.0,35.0,0.23972602
81,shortest_words_raw,2.0,2.0,0.0,0.0
81,shortest_word_host,2.0,3.0,1.0,0.02631579
81,shortest_word_path,18.0,9.0,-9.0,-0.225
81,longest_words_raw,18.0,200.0,182.0,0.22007255
81,longest_word_host,13.0,9.0,-4.0,-0.06557378
81,longest_word_path,18.0,86.0,68.0,0.08202654
81,avg_words_raw,9.25,2.7027588,-6.547241,-0.051859334
81,avg_word_host,6.3333335,8.877886,2.5445523,0.0669619
81,avg_word_path,18.0,118.83214,100.83214,0.40332857
81,phish_hints,0.0,1.0,1.0,0.1
81,domain_in_brand,0.0,0.0,0.0,0.0
81,brand_in_subdomain,0.0,0.0,0.0,0.0
81,brand_in_path,0.0,0.0,0.0,0.0
81,suspecious_tld,0.0,0.0,0.0,0.0
81,statistical_report,0.0,0.0,0.0,0.0
81,whois_registered_domain,0.0,0.0,0.0,0.0
81,domain_registration_length,0.0,8606.0,8606.0,0.2885015
81,domain_age,6831.0,4199.0,-2632.0,-0.20425269
81,web_traffic,0.0,2.602978e+06,2.602978e+06,0.24173304
81,dns_record,1.0,1.0,0.0,0.0
81,google_index,1.0,1.0,0.0,0.0
81,page_rank,0.0,3.0,3.0,0.3
82,length_url,94.0,58.0,-36.0,-0.022099448
82,length_hostname,42.0,133.0,91.0,0.43333334
82,ip,0.0,0.0,0.0,0.0
82,nb_dots,3.0,13.0,10.0,0.4347826
82,nb_hyphens,4.0,21.0,17.0,0.39534885
82,nb_at,0.0,1.0,1.0,0.25
82,nb_qm,0.0,1.0,1.0,0.33333334
82,nb_and,0.0,4.0,4.0,0.21052632
82,nb_or,0.0,0.0,0.0,0.0
82,nb_eq,0.0,2.0,2.0,0.10526316
82,nb_underscore,0.0,4.0,4.0,0.22222222
82,nb_tilde,0.0,0.0,0.0,0.0
82,nb_percent,0.0,31.0,31.0,0.32291666
82,nb_slash,5.0,6.0,1.0,0.032258064
82,nb_star,0.0,0.0,0.0,0.0
82,nb_colon,1.0,1.0,0.0,0.0
82,nb_comma,0.0,1.0,1.0,0.25
82,nb_semicolumn,0.0,9.0,9.0,0.45
82,nb_dollar,0.0,1.0,1.0,0.16666667
82,nb_space,0.0,1.0,1.0,0.055555556
82,nb_www,0.0,0.0,0.0,0.0
82,nb_com,0.0,2.0,2.0,0.33333334
82,nb_dslash,0.0,0.0,0.0,0.0
82,http_in_path,0.0,1.0,1.0,0.25
82,https_token,1.0,1.0,0.0,0.0
82,ratio_digits_url,0.12765957,0.076119,-0.051540576,-0.071200386
82,ratio_digits_host,0.071428575,0.42197773,0.35054916,0.4381864
82,punycode,0.0,0.0,0.0,0.0
82,port,0.0,0.0,0.0,0.0
82,tld_in_path,1.0,1.0,0.0,0.0
82,tld_in_subdomain,1.0,1.0,0.0,0.0
82,abnormal_subdomain,0.0,0.0,0.0,0.0
82,nb_subdomains,3.0,3.0,0.0,0.0
82,prefix_suffix,0.0,0.0,0.0,0.0
82,random_domain,0.0,0.0,0.0,0.0
82,shortening_service,0.0,0.0,0.0,0.0
82,path_extension,0.0,0.0,0.0,0.0
82,nb_redirection,1.0,1.0,0.0,0.0
82,nb_external_redirection,0.0,0.0,0.0,0.0
82,length_words_raw,10.0,8.0,-2.0,-0.019047618
82,char_repeat,6.0,73.0,67.0,0.45890412
82,shortest_words_raw,2.0,13.0,11.0,0.36666667
82,shortest_word_host,8.0,1.0,-7.0,-0.18421052
82,shortest_word_path,2.0,1.0,-1.0,-0.025
82,longest_words_raw,30.0,356.0,326.0,0.39419588
82,longest_word_host,30.0,8.0,-22.0,-0.36065573
82,longest_word_path,7.0,18.0,11.0,0.013268998
82,avg_words_raw,7.5,67.46875,59.96875,0.475
82,avg_word_host,19.0,14.8527975,-4.1472025,-0.10913691
82,avg_word_path,4.625,2.7748501,-1.8501499,-0.0074005993
82,phish_hints,0.0,4.0,4.0,0.4
82,domain_in_brand,1.0,1.0,0.0,0.0
82,brand_in_subdomain,0.0,0.0,0.0,0.0
82,brand_in_path,0.0,0.0,0.0,0.0
82,suspecious_tld,0.0,0.0,0.0,0.0
82,statistical_report,0.0,0.0,0.0,0.0
82,whois_registered_domain,0.0,0.0,0.0,0.0
82,domain_registration_length,278.0,3517.0,3239.0,0.10858196
82,domain_age,4183.0,5051.0,868.0,0.067359924
82,web_traffic,0.0,2.902296e+06,2.902296e+06,0.26953006
82,dns_record,0.0,0.0,0.0,0.0
82,google_index,1.0,1.0,0.0,0.0
82,page_rank,3.0,6.0,3.0,0.3
83,length_url,60.0,166.0,106.0,0.0650706
83,length_hostname,15.0,89.0,74.0,0.35238096
83,ip,0.0,0.0,0.0,0.0
83,nb_dots,4.0,14.0,10.0,0.4347826
83,nb_hyphens,0.0,6.0,6.0,0.13953489
83,nb_at,0.0,0.0,0.0,0.0
83,nb_qm,0.0,0.0,0.0,0.0
83,nb_and,0.0,1.0,1.0,0.05263158
83,nb_or,0.0,0.0,0.0,0.0
83,nb_eq,0.0,8.0,8.0,0.42105263
83,nb_underscore,0.0,0.0,0.0,0.0
83,nb_tilde,0.0,0.0,0.0,0.0
83,nb_percent,0.0,1.0,1.0,0.010416667
83,nb_slash,4.0,17.0,13.0,0.41935483
83,nb_star,0.0,0.0,0.0,0.0
83,nb_colon,1.0,1.0,0.0,0.0
83,nb_comma,0.0,0.0,0.0,0.0
83,nb_semicolumn,0.0,3.0,3.0,0.15
83,nb_dollar,0.0,0.0,0.0,0.0
83,nb_space,0.0,2.0,2.0,0.11111111
83,nb_www,1.0,1.0,0.0,0.0
83,nb_com,1.0,1.0,0.0,0.0
83,nb_dslash,0.0,0.0,0.0,0.0
83,http_in_path,0.0,1.0,1.0,0.25
83,https_token,1.0,1.0,0.0,0.0
83,ratio_digits_url,0.0,0.117983185,0.117983185,0.16298708
83,ratio_digits_host,0.0,0.17818205,0.17818205,0.22272757
83,punycode,0.0,0.0,0.0,0.0
83,port,0.0,0.0,0.0,0.0
83,tld_in_path,1.0,1.0,0.0,0.0
83,tld_in_subdomain,0.0,0.0,0.0,0.0
83,abnormal_subdomain,0.0,0.0,0.0,0.0
83,nb_subdomains,3.0,3.0,0.0,0.0
83,prefix_suffix,0.0,0.0,0.0,0.0
83,random_domain,0.0,0.0,0.0,0.0
83,shortening_service,0.0,0.0,0.0,0.0
83,path_extension,0.0,0.0,0.0,0.0
83,nb_redirection,1.0,1.0,0.0,0.0
83,nb_external_redirection,0.0,0.0,0.0,0.0
83,length_words_raw,6.0,55.0,49.0,0.4666667
83,char_repeat,4.0,19.0,15.0,0.10273972
83,shortest_words_raw,3.0,16.0,13.0,0.43333334
83,shortest_word_host,3.0,7.0,4.0,0.10526315
83,shortest_word_path,3.0,21.0,18.0,0.45
83,longest_words_raw,15.0,46.0,31.0,0.037484884
83,longest_word_host,7.0,17.0,10.0,0.16393441
83,longest_word_path,15.0,343.0,328.0,0.39565742
83,avg_words_raw,7.3333335,22.991755,15.658421,0.1240271
83,avg_word_host,5.0,7.8859725,2.8859725,0.075946644
83,avg_word_path,8.5,84.32505,75.82505,0.3033002
83,phish_hints,0.0,1.0,1.0,0.1
83,domain_in_brand,0.0,0.0,0.0,0.0
83,brand_in_subdomain,0.0,0.0,0.0,0.0
83,brand_in_path,0.0,0.0,0.0,0.0
83,suspecious_tld,0.0,0.0,0.0,0.0
83,statistical_report,0.0,0.0,0.0,0.0
83,whois_registered_domain,0.0,0.0,0.0,0.0
83,domain_registration_length,519.0,13216.0,12697.0,0.42564532
83,domain_age,2403.0,1623.0,-780.0,-0.06053081
83,web_traffic,62284.0,5.117138e+06,5.054854e+06,0.46943355
83,dns_record,0.0,0.0,0.0,0.0
83,google_index,0.0,0.0,0.0,0.0
83,page_rank,3.0,6.0,3.0,0.3
84,length_url,18.0,567.0,549.0,0.33701658
84,length_hostname,11.0,98.0,87.0,0.41428572
84,ip,0.0,0.0,0.0,0.0
84,nb_dots,1.0,10.0,9.0,0.39130434
84,nb_hyphens,0.0,12.0,12.0,0.27906978
84,nb_at,0.0,1.0,1.0,0.25
84,nb_qm,0.0,1.0,1.0,0.33333334
84,nb_and,0.0,6.0,6.0,0.31578946
84,nb_or,0.0,0.0,0.0,0.0
84,nb_eq,0.0,3.0,3.0,0.15789473
84,nb_underscore,0.0,8.0,8.0,0.44444445
84,nb_tilde,0.0,0.0,0.0,0.0
84,nb_percent,0.0,18.0,18.0,0.1875
84,nb_slash,2.0,12.0,10.0,0.32258064
84,nb_star,0.0,0.0,0.0,0.0
84,nb_colon,1.0,2.0,1.0,0.16666667
84,nb_comma,0.0,0.0,0.0,0.0
84,nb_semicolumn,0.0,4.0,4.0,0.2
84,nb_dollar,0.0,2.0,2.0,0.33333334
84,nb_space,0.0,7.0,7.0,0.3888889
84,nb_www,0.0,0.0,0.0,0.0
84,nb_com,0.0,0.0,0.0,0.0
84,nb_dslash,0.0,0.0,0.0,0.0
84,http_in_path,0.0,1.0,1.0,0.25
84,https_token,1.0,1.0,0.0,0.0
84,ratio_digits_url,0.0,0.23917678,0.23917678,0.33040917
84,ratio_digits_host,0.0,0.18048225,0.18048225,0.22560282
84,punycode,0.0,0.0,0.0,0.0
84,port,0.0,0.0,0.0,0.0
84,tld_in_path,0.0,0.0,0.0,0.0
84,tld_in_subdomain,0.0,0.0,0.0,0.0
84,abnormal_subdomain,0.0,0.0,0.0,0.0
84,nb_subdomains,1.0,1.0,0.0,0.0
84,prefix_suffix,0.0,0.0,0.0,0.0
84,random_domain,0.0,0.0,0.0,0.0
84,shortening_service,0.0,0.0,0.0,0.0
84,path_extension,0.0,0.0,0.0,0.0
84,nb_redirection,1.0,2.0,1.0,0.16666667
84,nb_external_redirection,0.0,0.0,0.0,0.0
84,length_words_raw,1.0,33.0,32.0,0.30476192
84,char_repeat,0.0,67.0,67.0,0.45890412
84,shortest_words_raw,6.0,17.0,11.0,0.36666667
84,shortest_word_host,6.0,10.0,4.0,0.10526316
84,shortest_word_path,0.0,0.0,0.0,0.0
84,longest_words_raw,6.0,95.0,89.0,0.10761789
84,longest_word_host,6.0,17.0,11.0,0.18032786
84,longest_word_path,0.0,132.0,132.0,0.15922798
84,avg_words_raw,6.0,65.26599,59.26599,0.46943358
84,avg_word_host,6.0,8.992405,2.992405,0.078747496
84,avg_word_path,0.0,94.62763,94.62763,0.37851053
84,phish_hints,0.0,1.0,1.0,0.1
84,domain_in_brand,0.0,0.0,0.0,0.0
84,brand_in_subdomain,0.0,0.0,0.0,0.0
84,brand_in_path,0.0,0.0,0.0,0.0
84,suspecious_tld,0.0,0.0,0.0,0.0
84,statistical_report,0.0,0.0,0.0,0.0
84,whois_registered_domain,1.0,1.0,0.0,0.0
84,domain_registration_length,0.0,4486.0,4486.0,0.15038551
84,domain_age,-1.0,6119.0,6120.0,0.47493404
84,web_traffic,1.111694e+06,413151.0,-698543.0,-0.064872205
84,dns_record,0.0,0.0,0.0,0.0
84,google_index,0.0,0.0,0.0,0.0
84,page_rank,2.0,5.0,3.0,0.3
85,length_url,41.0,669.0,628.0,0.3855126
85,length_hostname,33.0,116.0,83.0,0.3952381
85,ip,0.0,0.0,0.0,0.0
85,nb_dots,4.0,4.0,0.0,0.0
85,nb_hyphens,1.0,4.0,3.0,0.069767445
85,nb_at,0.0,0.0,0.0,0.0
85,nb_qm,0.0,0.0,0.0,0.0
85,nb_and,0.0,2.0,2.0,0.10526316
85,nb_or,0.0,0.0,0.0,0.0
85,nb_eq,0.0,0.0,0.0,0.0
85,nb_underscore,0.0,3.0,3.0,0.16666667
85,nb_tilde,0.0,0.0,0.0,0.0
85,nb_percent,0.0,32.0,32.0,0.33333334
85,nb_slash,3.0,6.0,3.0,0.09677419
85,nb_star,0.0,0.0,0.0,0.0
85,nb_colon,1.0,1.0,0.0,0.0
85,nb_comma,0.0,1.0,1.0,0.25
85,nb_semicolumn,0.0,1.0,1.0,0.05
85,nb_dollar,0.0,0.0,0.0,0.0
85,nb_space,0.0,8.0,8.0,0.44444445
85,nb_www,0.0,0.0,0.0,0.0
85,nb_com,1.0,2.0,1.0,0.16666667
85,nb_dslash,0.0,0.0,0.0,0.0
85,http_in_path,0.0,1.0,1.0,0.25
85,https_token,1.0,1.0,0.0,0.0
85,ratio_digits_url,0.0,0.14121452,0.14121452,0.19507985
85,ratio_digits_host,0.0,0.08749314,0.08749314,0.10936642
85,punycode,0.0,0.0,0.0,0.0
85,port,0.0,0.0,0.0,0.0
85,tld_in_path,0.0,0.0,0.0,0.0
85,tld_in_subdomain,1.0,1.0,0.0,0.0
85,abnormal_subdomain,0.0,0.0,0.0,0.0
85,nb_subdomains,3.0,3.0,0.0,0.0
85,prefix_suffix,1.0,1.0,0.0,0.0
85,random_domain,0.0,0.0,0.0,0.0
85,shortening_service,0.0,0.0,0.0,0.0
85,path_extension,0.0,0.0,0.0,0.0
85,nb_redirection,2.0,0.0,-2.0,-0.33333334
85,nb_external_redirection,0.0,0.0,0.0,0.0
85,length_words_raw,5.0,53.0,48.0,0.45714286
85,char_repeat,1.0,18.0,17.0,0.11643836
85,shortest_words_raw,3.0,15.0,12.0,0.4
85,shortest_word_host,3.0,9.0,6.0,0.15789473
85,shortest_word_path,0.0,1.0,1.0,0.025
85,longest_words_raw,7.0,7.0,0.0,0.0
85,longest_word_host,7.0,29.0,22.0,0.36065573
85,longest_word_path,0.0,0.0,0.0,0.0
85,avg_words_raw,5.2,11.260224,6.0602245,0.04800178
85,avg_word_host,5.2,13.964134,8.764134,0.23063512
85,avg_word_path,0.0,102.455734,102.455734,0.40982294
85,phish_hints,0.0,0.0,0.0,0.0
85,domain_in_brand,0.0,0.0,0.0,0.0
85,brand_in_subdomain,0.0,0.0,0.0,0.0
85,brand_in_path,0.0,0.0,0.0,0.0
85,suspecious_tld,0.0,0.0,0.0,0.0
85,statistical_report,0.0,0.0,0.0,0.0
85,whois_registered_domain,0.0,0.0,0.0,0.0
85,domain_registration_length,170.0,752.0,582.0,0.01951056
85,domain_age,-1.0,5703.0,5704.0,0.44265094
85,web_traffic,0.0,4.393904e+06,4.393904e+06,0.40805253
85,dns_record,0.0,0.0,0.0,0.0
85,google_index,1.0,1.0,0.0,0.0
85,page_rank,0.0,4.0,4.0,0.4
86,length_url,63.0,321.0,258.0,0.15837938
86,length_hostname,26.0,15.0,-11.0,-0.052380953
86,ip,0.0,0.0,0.0,0.0
86,nb_dots,3.0,12.0,9.0,0.39130434
86,nb_hyphens,0.0,3.0,3.0,0.069767445
86,nb_at,0.0,0.0,0.0,0.0
86,nb_qm,0.0,0.0,0.0,0.0
86,nb_and,0.0,1.0,1.0,0.05263158
86,nb_or,0.0,0.0,0.0,0.0
86,nb_eq,0.0,1.0,1.0,0.05263158
86,nb_underscore,0.0,0.0,0.0,0.0
86,nb_tilde,0.0,0.0,0.0,0.0
86,nb_percent,0.0,26.0,26.0,0.27083334
86,nb_slash,6.0,4.0,-2.0,-0.06451613
86,nb_star,0.0,0.0,0.0,0.0
86,nb_colon,1.0,1.0,0.0,0.0
86,nb_comma,0.0,1.0,1.0,0.25
86,nb_semicolumn,0.0,7.0,7.0,0.35
86,nb_dollar,0.0,0.0,0.0,0.0
86,nb_space,0.0,2.0,2.0,0.11111111
86,nb_www,0.0,0.0,0.0,0.0
86,nb_com,0.0,2.0,2.0,0.33333334
86,nb_dslash,0.0,0.0,0.0,0.0
86,http_in_path,0.0,0.0,0.0,0.0
86,https_token,1.0,1.0,0.0,0.0
86,ratio_digits_url,0.0,0.104680955,0.104680955,0.1446108
86,ratio_digits_host,0.0,0.027214503,0.027214503,0.03401813
86,punycode,0.0,0.0,0.0,0.0
86,port,0.0,0.0,0.0,0.0
86,tld_in_path,0.0,0.0,0.0,0.0
86,tld_in_subdomain,0.0,0.0,0.0,0.0
86,abnormal_subdomain,0.0,0.0,0.0,0.0
86,nb_subdomains,3.0,3.0,0.0,0.0
86,prefix_suffix,0.0,0.0,0.0,0.0
86,random_domain,0.0,0.0,0.0,0.0
86,shortening_service,0.0,0.0,0.0,0.0
86,path_extension,0.0,0.0,0.0,0.0
86,nb_redirection,0.0,0.0,0.0,0.0
86,nb_external_redirection,0.0,0.0,0.0,0.0
86,length_words_raw,7.0,14.0,7.0,0.06666666
86,char_repeat,1.0,10.0,9.0,0.061643835
86,shortest_words_raw,3.0,4.0,1.0,0.03333333
86,shortest_word_host,22.0,20.0,-2.0,-0.052631557
86,shortest_word_path,3.0,1.0,-2.0,-0.050000004
86,longest_words_raw,22.0,333.0,311.0,0.37605804
86,longest_word_host,22.0,23.0,1.0,0.016393423
86,longest_word_path,9.0,6.0,-3.0,-0.0036188178
86,avg_words_raw,6.571429,65.13466,58.56323,0.4638672
86,avg_word_host,22.0,20.801815,-1.198185,-0.031531155
86,avg_word_path,4.0,118.70586,114.70586,0.4588234
86,phish_hints,0.0,1.0,1.0,0.1
86,domain_in_brand,0.0,0.0,0.0,0.0
86,brand_in_subdomain,0.0,0.0,0.0,0.0
86,brand_in_path,0.0,0.0,0.0,0.0
86,suspecious_tld,0.0,0.0,0.0,0.0
86,statistical_report,0.0,0.0,0.0,0.0
86,whois_registered_domain,0.0,0.0,0.0,0.0
86,domain_registration_length,51.0,1258.0,1207.0,0.04046262
86,domain_age,2870.0,648.0,-2222.0,-0.17243521
86,web_traffic,0.0,4.517171e+06,4.517171e+06,0.41950008
86,dns_record,0.0,0.0,0.0,0.0
86,google_index,1.0,1.0,0.0,0.0
86,page_rank,2.0,1.0,-1.0,-0.1
87,length_url,210.0,742.0,532.0,0.32658073
87,length_hostname,14.0,14.0,0.0,0.0
87,ip,0.0,0.0,0.0,0.0
87,nb_dots,4.0,11.0,7.0,0.3043478
87,nb_hyphens,1.0,10.0,9.0,0.20930234
87,nb_at,0.0,0.0,0.0,0.0
87,nb_qm,1.0,0.0,-1.0,-0.33333334
87,nb_and,10.0,7.0,-3.0,-0.15789476
87,nb_or,0.0,0.0,0.0,0.0
87,nb_eq,11.0,3.0,-8.0,-0.42105263
87,nb_underscore,0.0,5.0,5.0,0.2777778
87,nb_tilde,0.0,0.0,0.0,0.0
87,nb_percent,6.0,48.0,42.0,0.4375
87,nb_slash,3.0,2.0,-1.0,-0.032258064
87,nb_star,0.0,0.0,0.0,0.0
87,nb_colon,1.0,1.0,0.0,0.0
87,nb_comma,0.0,1.0,1.0,0.25
87,nb_semicolumn,0.0,9.0,9.0,0.45
87,nb_dollar,0.0,2.0,2.0,0.33333334
87,nb_space,0.0,8.0,8.0,0.44444445
87,nb_www,2.0,2.0,0.0,0.0
87,nb_com,0.0,2.0,2.0,0.33333334
87,nb_dslash,0.0,0.0,0.0,0.0
87,http_in_path,1.0,1.0,0.0,0.0
87,https_token,0.0,0.0,0.0,0.0
87,ratio_digits_url,0.06666667,0.12083919,0.054172523,0.07483627
87,ratio_digits_host,0.0,0.052145626,0.052145626,0.06518203
87,punycode,0.0,0.0,0.0,0.0
87,port,0.0,0.0,0.0,0.0
87,tld_in_path,0.0,0.0,0.0,0.0
87,tld_in_subdomain,0.0,0.0,0.0,0.0
87,abnormal_subdomain,0.0,0.0,0.0,0.0
87,nb_subdomains,3.0,3.0,0.0,0.0
87,prefix_suffix,0.0,0.0,0.0,0.0
87,random_domain,0.0,0.0,0.0,0.0
87,shortening_service,0.0,0.0,0.0,0.0
87,path_extension,0.0,0.0,0.0,0.0
87,nb_redirection,0.0,2.0,2.0,0.33333334
87,nb_external_redirection,0.0,0.0,0.0,0.0
87,length_words_raw,33.0,55.0,22.0,0.20952383
87,char_repeat,15.0,38.0,23.0,0.15753424
87,shortest_words_raw,1.0,13.0,12.0,0.4
87,shortest_word_host,3.0,16.0,13.0,0.34210527
87,shortest_word_path,1.0,1.0,0.0,0.0
87,longest_words_raw,40.0,286.0,246.0,0.2974607
87,longest_word_host,6.0,9.0,3.0,0.04918032
87,longest_word_path,40.0,58.0,18.0,0.021712907
87,avg_words_raw,5.0,61.356804,56.356804,0.44639054
87,avg_word_host,4.5,18.101465,13.601465,0.35793328
87,avg_word_path,5.032258,31.60449,26.572231,0.10628893
87,phish_hints,0.0,3.0,3.0,0.3
87,domain_in_brand,1.0,1.0,0.0,0.0
87,brand_in_subdomain,0.0,0.0,0.0,0.0
87,brand_in_path,0.0,0.0,0.0,0.0
87,suspecious_tld,0.0,0.0,0.0,0.0
87,statistical_report,0.0,0.0,0.0,0.0
87,whois_registered_domain,0.0,0.0,0.0,0.0
87,domain_registration_length,2974.0,861.0,-2113.0,-0.070834726
87,domain_age,8348.0,7564.0,-784.0,-0.060841203
87,web_traffic,1.0,4.936966e+06,4.936965e+06,0.45848545
87,dns_record,0.0,0.0,0.0,0.0
87,google_index,0.0,0.0,0.0,0.0
87,page_rank,10.0,9.0,-1.0,-0.100000024
88,length_url,44.0,584.0,540.0,0.3314917
88,length_hostname,13.0,11.0,-2.0,-0.009523809
88,ip,0.0,0.0,0.0,0.0
88,nb_dots,1.0,4.0,3.0,0.13043478
88,nb_hyphens,2.0,8.0,6.0,0.13953489
88,nb_at,0.0,0.0,0.0,0.0
88,nb_qm,0.0,0.0,0.0,0.0
88,nb_and,0.0,5.0,5.0,0.2631579
88,nb_or,0.0,0.0,0.0,0.0
88,nb_eq,0.0,3.0,3.0,0.15789473
88,nb_underscore,0.0,7.0,7.0,0.3888889
88,nb_tilde,0.0,0.0,0.0,0.0
88,nb_percent,0.0,42.0,42.0,0.4375
88,nb_slash,3.0,7.0,4.0,0.12903225
88,nb_star,0.0,0.0,0.0,0.0
88,nb_colon,1.0,2.0,1.0,0.16666667
88,nb_comma,0.0,0.0,0.0,0.0
88,nb_semicolumn,0.0,2.0,2.0,0.1
88,nb_dollar,0.0,0.0,0.0,0.0
88,nb_space,0.0,6.0,6.0,0.33333334
88,nb_www,0.0,0.0,0.0,0.0
88,nb_com,0.0,0.0,0.0,0.0
88,nb_dslash,0.0,0.0,0.0,0.0
88,http_in_path,0.0,1.0,1.0,0.25
88,https_token,0.0,0.0,0.0,0.0
88,ratio_digits_url,0.0,0.027898965,0.027898965,0.03854084
88,ratio_digits_host,0.0,0.19161956,0.19161956,0.23952445
88,punycode,0.0,0.0,0.0,0.0
88,port,0.0,0.0,0.0,0.0
88,tld_in_path,0.0,0.0,0.0,0.0
88,tld_in_subdomain,0.0,0.0,0.0,0.0
88,abnormal_subdomain,0.0,0.0,0.0,0.0
88,nb_subdomains,1.0,1.0,0.0,0.0
88,prefix_suffix,0.0,0.0,0.0,0.0
88,random_domain,0.0,0.0,0.0,0.0
88,shortening_service,0.0,0.0,0.0,0.0
88,path_extension,0.0,0.0,0.0,0.0
88,nb_redirection,0.0,2.0,2.0,0.33333334
88,nb_external_redirection,0.0,0.0,0.0,0.0
88,length_words_raw,4.0,9.0,5.0,0.047619052
88,char_repeat,1.0,70.0,69.0,0.47260273
88,shortest_words_raw,5.0,17.0,12.0,0.40000004
88,shortest_word_host,9.0,9.0,0.0,0.0
88,shortest_word_path,5.0,5.0,0.0,0.0
88,longest_words_raw,9.0,88.0,79.0,0.095525995
88,longest_word_host,9.0,25.0,16.0,0.2622951
88,longest_word_path,8.0,173.0,165.0,0.19903497
88,avg_words_raw,7.25,24.371206,17.121206,0.13561352
88,avg_word_host,9.0,6.6588664,-2.3411336,-0.061608776
88,avg_word_path,6.6666665,96.59025,89.923584,0.35969433
88,phish_hints,0.0,0.0,0.0,0.0
88,domain_in_brand,0.0,0.0,0.0,0.0
88,brand_in_subdomain,0.0,0.0,0.0,0.0
88,brand_in_path,0.0,0.0,0.0,0.0
88,suspecious_tld,0.0,0.0,0.0,0.0
88,statistical_report,0.0,0.0,0.0,0.0
88,whois_registered_domain,0.0,0.0,0.0,0.0
88,domain_registration_length,1384.0,2402.0,1018.0,0.03412672
88,domain_age,4825.0,4705.0,-120.0,-0.009312451
88,web_traffic,128305.0,39054.0,-89251.0,-0.008288551
88,dns_record,0.0,0.0,0.0,0.0
88,google_index,0.0,0.0,0.0,0.0
88,page_rank,5.0,1.0,-4.0,-0.4
89,length_url,106.0,107.0,1.0,0.00061387196
89,length_hostname,20.0,71.0,51.0,0.24285716
89,ip,1.0,1.0,0.0,0.0
89,nb_dots,4.0,5.0,1.0,0.043478265
89,nb_hyphens,4.0,18.0,14.0,0.32558137
89,nb_at,0.0,0.0,0.0,0.0
89,nb_qm,1.0,1.0,0.0,0.0
89,nb_and,0.0,5.0,5.0,0.2631579
89,nb_or,0.0,0.0,0.0,0.0
89,nb_eq,1.0,6.0,5.0,0.26315787
89,nb_underscore,0.0,1.0,1.0,0.055555556
89,nb_tilde,0.0,0.0,0.0,0.0
89,nb_percent,0.0,38.0,38.0,0.39583334
89,nb_slash,7.0,6.0,-1.0,-0.032258064
89,nb_star,0.0,0.0,0.0,0.0
89,nb_colon,1.0,2.0,1.0,0.16666667
89,nb_comma,0.0,1.0,1.0,0.25
89,nb_semicolumn,0.0,8.0,8.0,0.4
89,nb_dollar,0.0,2.0,2.0,0.33333334
89,nb_space,0.0,1.0,1.0,0.055555556
89,nb_www,1.0,1.0,0.0,0.0
89,nb_com,0.0,0.0,0.0,0.0
89,nb_dslash,0.0,0.0,0.0,0.0
89,http_in_path,0.0,0.0,0.0,0.0
89,https_token,0.0,0.0,0.0,0.0
89,ratio_digits_url,0.16037735,0.06465149,-0.095725864,-0.13223985
89,ratio_digits_host,0.0,0.08839276,0.08839276,0.11049095
89,punycode,0.0,0.0,0.0,0.0
89,port,0.0,0.0,0.0,0.0
89,tld_in_path,0.0,0.0,0.0,0.0
89,tld_in_subdomain,0.0,0.0,0.0,0.0
89,abnormal_subdomain,0.0,0.0,0.0,0.0
89,nb_subdomains,3.0,3.0,0.0,0.0
89,prefix_suffix,0.0,0.0,0.0,0.0
89,random_domain,0.0,0.0,0.0,0.0
89,shortening_service,0.0,0.0,0.0,0.0
89,path_extension,0.0,0.0,0.0,0.0
89,nb_redirection,0.0,1.0,1.0,0.16666667
89,nb_external_redirection,0.0,0.0,0.0,0.0
89,length_words_raw,14.0,6.0,-8.0,-0.07619047
89,char_repeat,6.0,39.0,33.0,0.2260274
89,shortest_words_raw,1.0,5.0,4.0,0.13333334
89,shortest_word_host,3.0,9.0,6.0,0.15789473
89,shortest_word_path,1.0,4.0,3.0,0.075
89,longest_words_raw,12.0,103.0,91.0,0.11003628
89,longest_word_host,10.0,10.0,0.0,0.0
89,longest_word_path,12.0,132.0,120.0,0.14475271
89,avg_words_raw,5.642857,55.961864,50.319008,0.3985664
89,avg_word_host,6.5,5.0386934,-1.4613066,-0.038455434
89,avg_word_path,5.5,24.438768,18.938768,0.075755075
89,phish_hints,0.0,1.0,1.0,0.1
89,domain_in_brand,0.0,0.0,0.0,0.0
89,brand_in_subdomain,0.0,0.0,0.0,0.0
89,brand_in_path,0.0,0.0,0.0,0.0
89,suspecious_tld,0.0,0.0,0.0,0.0
89,statistical_report,0.0,0.0,0.0,0.0
89,whois_registered_domain,0.0,0.0,0.0,0.0
89,domain_registration_length,433.0,12975.0,12542.0,0.42044923
89,domain_age,4681.0,1428.0,-3253.0,-0.2524445
89,web_traffic,4.7019e+06,4.893218e+06,191318.0,0.01776731
89,dns_record,0.0,0.0,0.0,0.0
89,google_index,0.0,0.0,0.0,0.0
89,page_rank,3.0,3.0,0.0,0.0
90,length_url,34.0,552.0,518.0,0.3179865
90,length_hostname,20.0,100.0,80.0,0.3809524
90,ip,0.0,0.0,0.0,0.0
90,nb_dots,2.0,2.0,0.0,0.0
90,nb_hyphens,0.0,18.0,18.0,0.41860464
90,nb_at,0.0,0.0,0.0,0.0
90,nb_qm,0.0,0.0,0.0,0.0
90,nb_and,0.0,2.0,2.0,0.10526316
90,nb_or,0.0,0.0,0.0,0.0
90,nb_eq,0.0,0.0,0.0,0.0
90,nb_underscore,0.0,3.0,3.0,0.16666667
90,nb_tilde,0.0,0.0,0.0,0.0
90,nb_percent,0.0,7.0,7.0,0.072916664
90,nb_slash,4.0,5.0,1.0,0.032258064
90,nb_star,0.0,0.0,0.0,0.0
90,nb_colon,1.0,1.0,0.0,0.0
90,nb_comma,0.0,1.0,1.0,0.25
90,nb_semicolumn,0.0,3.0,3.0,0.15
90,nb_dollar,0.0,2.0,2.0,0.33333334
90,nb_space,0.0,1.0,1.0,0.055555556
90,nb_www,0.0,0.0,0.0,0.0
90,nb_com,0.0,1.0,1.0,0.16666667
90,nb_dslash,0.0,0.0,0.0,0.0
90,http_in_path,0.0,0.0,0.0,0.0
90,https_token,0.0,0.0,0.0,0.0
90,ratio_digits_url,0.0,0.16337758,0.16337758,0.22569688
90,ratio_digits_host,0.0,0.06652167,0.06652167,0.083152086
90,punycode,0.0,0.0,0.0,0.0
90,port,0.0,0.0,0.0,0.0
90,tld_in_path,0.0,0.0,0.0,0.0
90,tld_in_subdomain,0.0,0.0,0.0,0.0
90,abnormal_subdomain,0.0,0.0,0.0,0.0
90,nb_subdomains,2.0,2.0,0.0,0.0
90,prefix_suffix,0.0,0.0,0.0,0.0
90,random_domain,0.0,0.0,0.0,0.0
90,shortening_service,0.0,0.0,0.0,0.0
90,path_extension,0.0,0.0,0.0,0.0
90,nb_redirection,0.0,2.0,2.0,0.33333334
90,nb_external_redirection,0.0,0.0,0.0,0.0
90,length_words_raw,3.0,52.0,49.0,0.46666667
90,char_repeat,0.0,35.0,35.0,0.23972602
90,shortest_words_raw,4.0,2.0,-2.0,-0.06666666
90,shortest_word_host,7.0,5.0,-2.0,-0.052631572
90,shortest_word_path,4.0,5.0,1.0,0.024999999
90,longest_words_raw,9.0,7.0,-2.0,-0.0024183798
90,longest_word_host,9.0,32.0,23.0,0.37704918
90,longest_word_path,4.0,81.0,77.0,0.09288299
90,avg_words_raw,6.6666665,48.71394,42.04727,0.3330477
90,avg_word_host,8.0,24.728607,16.728607,0.4402265
90,avg_word_path,4.0,58.088734,54.088734,0.21635494
90,phish_hints,0.0,0.0,0.0,0.0
90,domain_in_brand,0.0,0.0,0.0,0.0
90,brand_in_subdomain,0.0,0.0,0.0,0.0
90,brand_in_path,0.0,0.0,0.0,0.0
90,suspecious_tld,0.0,0.0,0.0,0.0
90,statistical_report,2.0,2.0,0.0,0.0
90,whois_registered_domain,0.0,0.0,0.0,0.0
90,domain_registration_length,0.0,3473.0,3473.0,0.11642642
90,domain_age,-1.0,1185.0,1186.0,0.092037864
90,web_traffic,5.496959e+06,4.565102e+06,-931857.0,-0.08653957
90,dns_record,0.0,0.0,0.0,0.0
90,google_index,0.0,0.0,0.0,0.0
90,page_rank,0.0,2.0,2.0,0.2
91,length_url,65.0,684.0,619.0,0.37998775
91,length_hostname,16.0,72.0,56.0,0.26666668
91,ip,0.0,0.0,0.0,0.0
91,nb_dots,2.0,5.0,3.0,0.13043478
91,nb_hyphens,0.0,7.0,7.0,0.1627907
91,nb_at,0.0,0.0,0.0,0.0
91,nb_qm,0.0,0.0,0.0,0.0
91,nb_and,0.0,5.0,5.0,0.2631579
91,nb_or,0.0,0.0,0.0,0.0
91,nb_eq,0.0,3.0,3.0,0.15789473
91,nb_underscore,5.0,8.0,3.0,0.16666666
91,nb_tilde,0.0,0.0,0.0,0.0
91,nb_percent,0.0,14.0,14.0,0.14583333
91,nb_slash,4.0,3.0,-1.0,-0.032258064
91,nb_star,0.0,0.0,0.0,0.0
91,nb_colon,1.0,3.0,2.0,0.33333334
91,nb_comma,0.0,1.0,1.0,0.25
91,nb_semicolumn,0.0,6.0,6.0,0.3
91,nb_dollar,0.0,2.0,2.0,0.33333334
91,nb_space,0.0,6.0,6.0,0.33333334
91,nb_www,0.0,0.0,0.0,0.0
91,nb_com,0.0,1.0,1.0,0.16666667
91,nb_dslash,0.0,0.0,0.0,0.0
91,http_in_path,0.0,0.0,0.0,0.0
91,https_token,0.0,0.0,0.0,0.0
91,ratio_digits_url,0.0,0.18879393,0.18879393,0.2608081
91,ratio_digits_host,0.0,0.16602285,0.16602285,0.20752856
91,punycode,0.0,0.0,0.0,0.0
91,port,0.0,0.0,0.0,0.0
91,tld_in_path,0.0,0.0,0.0,0.0
91,tld_in_subdomain,0.0,0.0,0.0,0.0
91,abnormal_subdomain,0.0,0.0,0.0,0.0
91,nb_subdomains,2.0,2.0,0.0,0.0
91,prefix_suffix,0.0,0.0,0.0,0.0
91,random_domain,0.0,0.0,0.0,0.0
91,shortening_service,0.0,0.0,0.0,0.0
91,path_extension,0.0,0.0,0.0,0.0
91,nb_redirection,0.0,2.0,2.0,0.33333334
91,nb_external_redirection,0.0,0.0,0.0,0.0
91,length_words_raw,9.0,4.0,-5.0,-0.047619052
91,char_repeat,1.0,65.0,64.0,0.43835616
91,shortest_words_raw,2.0,2.0,0.0,0.0
91,shortest_word_host,2.0,8.0,6.0,0.15789473
91,shortest_word_path,2.0,9.0,7.0,0.175
91,longest_words_raw,13.0,2.0,-11.0,-0.0133010885
91,longest_word_host,9.0,17.0,8.0,0.13114753
91,longest_word_path,13.0,32.0,19.0,0.02291918
91,avg_words_raw,5.0,46.979893,41.979893,0.33251402
91,avg_word_host,5.5,9.452175,3.9521751,0.1040046
91,avg_word_path,4.857143,85.051956,80.19482,0.32077923
91,phish_hints,0.0,1.0,1.0,0.1
91,domain_in_brand,1.0,1.0,0.0,0.0
91,brand_in_subdomain,0.0,0.0,0.0,0.0
91,brand_in_path,0.0,0.0,0.0,0.0
91,suspecious_tld,0.0,0.0,0.0,0.0
91,statistical_report,0.0,0.0,0.0,0.0
91,whois_registered_domain,0.0,0.0,0.0,0.0
91,domain_registration_length,901.0,-1.0,-902.0,-0.030238016
91,domain_age,7133.0,7666.0,533.0,0.041362703
91,web_traffic,12.0,366306.0,366294.0,0.03401695
91,dns_record,0.0,0.0,0.0,0.0
91,google_index,0.0,0.0,0.0,0.0
91,page_rank,7.0,4.0,-3.0,-0.29999998
92,length_url,60.0,441.0,381.0,0.23388581
92,length_hostname,14.0,6.0,-8.0,-0.03809524
92,ip,0.0,0.0,0.0,0.0
92,nb_dots,3.0,5.0,2.0,0.08695652
92,nb_hyphens,1.0,3.0,2.0,0.04651163
92,nb_at,0.0,1.0,1.0,0.25
92,nb_qm,0.0,0.0,0.0,0.0
92,nb_and,0.0,2.0,2.0,0.10526316
92,nb_or,0.0,0.0,0.0,0.0
92,nb_eq,0.0,6.0,6.0,0.31578946
92,nb_underscore,0.0,1.0,1.0,0.055555556
92,nb_tilde,0.0,0.0,0.0,0.0
92,nb_percent,0.0,4.0,4.0,0.041666668
92,nb_slash,8.0,2.0,-6.0,-0.19354838
92,nb_star,0.0,0.0,0.0,0.0
92,nb_colon,1.0,2.0,1.0,0.16666667
92,nb_comma,0.0,1.0,1.0,0.25
92,nb_semicolumn,0.0,9.0,9.0,0.45
92,nb_dollar,0.0,0.0,0.0,0.0
92,nb_space,0.0,3.0,3.0,0.16666667
92,nb_www,1.0,1.0,0.0,0.0
92,nb_com,0.0,0.0,0.0,0.0
92,nb_dslash,0.0,0.0,0.0,0.0
92,http_in_path,0.0,0.0,0.0,0.0
92,https_token,1.0,1.0,0.0,0.0
92,ratio_digits_url,0.03333333,0.009798095,-0.023535237,-0.032512598
92,ratio_digits_host,0.14285715,0.5139509,0.37109375,0.46386716
92,punycode,0.0,0.0,0.0,0.0
92,port,0.0,0.0,0.0,0.0
92,tld_in_path,0.0,0.0,0.0,0.0
92,tld_in_subdomain,0.0,0.0,0.0,0.0
92,abnormal_subdomain,0.0,0.0,0.0,0.0
92,nb_subdomains,3.0,3.0,0.0,0.0
92,prefix_suffix,1.0,1.0,0.0,0.0
92,random_domain,1.0,1.0,0.0,0.0
92,shortening_service,0.0,0.0,0.0,0.0
92,path_extension,0.0,0.0,0.0,0.0
92,nb_redirection,0.0,0.0,0.0,0.0
92,nb_external_redirection,0.0,0.0,0.0,0.0
92,length_words_raw,10.0,59.0,49.0,0.4666667
92,char_repeat,3.0,57.0,54.0,0.369863
92,shortest_words_raw,2.0,7.0,5.0,0.16666667
92,shortest_word_host,3.0,15.0,12.0,0.31578946
92,shortest_word_path,2.0,1.0,-1.0,-0.025
92,longest_words_raw,7.0,399.0,392.0,0.47400242
92,longest_word_host,7.0,8.0,1.0,0.016393438
92,longest_word_path,7.0,83.0,76.0,0.09167672
92,avg_words_raw,4.1,62.663227,58.56323,0.46386716
92,avg_word_host,5.0,4.470602,-0.52939796,-0.013931528
92,avg_word_path,3.875,122.625,118.75,0.475
92,phish_hints,3.0,4.0,1.0,0.099999994
92,domain_in_brand,0.0,0.0,0.0,0.0
92,brand_in_subdomain,0.0,0.0,0.0,0.0
92,brand_in_path,0.0,0.0,0.0,0.0
92,suspecious_tld,0.0,0.0,0.0,0.0
92,statistical_report,0.0,0.0,0.0,0.0
92,whois_registered_domain,0.0,0.0,0.0,0.0
92,domain_registration_length,266.0,12921.0,12655.0,0.42423734
92,domain_age,2290.0,6413.0,4123.0,0.31995964
92,web_traffic,1.0725245e+07,9.933064e+06,-792181.0,-0.073568165
92,dns_record,0.0,0.0,0.0,0.0
92,google_index,1.0,1.0,0.0,0.0
92,page_rank,2.0,1.0,-1.0,-0.1
93,length_url,38.0,552.0,514.0,0.315531
93,length_hostname,15.0,107.0,92.0,0.43809524
93,ip,0.0,0.0,0.0,0.0
93,nb_dots,3.0,11.0,8.0,0.34782606
93,nb_hyphens,1.0,8.0,7.0,0.1627907
93,nb_at,0.0,0.0,0.0,0.0
93,nb_qm,0.0,0.0,0.0,0.0
93,nb_and,0.0,7.0,7.0,0.36842105
93,nb_or,0.0,0.0,0.0,0.0
93,nb_eq,0.0,7.0,7.0,0.36842105
93,nb_underscore,0.0,4.0,4.0,0.22222222
93,nb_tilde,0.0,0.0,0.0,0.0
93,nb_percent,0.0,1.0,1.0,0.010416667
93,nb_slash,4.0,15.0,11.0,0.3548387
93,nb_star,0.0,0.0,0.0,0.0
93,nb_colon,1.0,3.0,2.0,0.33333334
93,nb_comma,0.0,0.0,0.0,0.0
93,nb_semicolumn,0.0,8.0,8.0,0.4
93,nb_dollar,0.0,2.0,2.0,0.33333334
93,nb_space,0.0,0.0,0.0,0.0
93,nb_www,1.0,1.0,0.0,0.0
93,nb_com,0.0,1.0,1.0,0.16666667
93,nb_dslash,0.0,0.0,0.0,0.0
93,http_in_path,0.0,1.0,1.0,0.25
93,https_token,1.0,1.0,0.0,0.0
93,ratio_digits_url,0.0,0.3336808,0.3336808,0.46096113
93,ratio_digits_host,0.0,0.049259193,0.049259193,0.06157399
93,punycode,0.0,0.0,0.0,0.0
93,port,0.0,0.0,0.0,0.0
93,tld_in_path,1.0,1.0,0.0,0.0
93,tld_in_subdomain,0.0,0.0,0.0,0.0
93,abnormal_subdomain,0.0,0.0,0.0,0.0
93,nb_subdomains,3.0,3.0,0.0,0.0
93,prefix_suffix,1.0,1.0,0.0,0.0
93,random_domain,1.0,1.0,0.0,0.0
93,shortening_service,0.0,0.0,0.0,0.0
93,path_extension,0.0,0.0,0.0,0.0
93,nb_redirection,0.0,2.0,2.0,0.33333334
93,nb_external_redirection,0.0,0.0,0.0,0.0
93,length_words_raw,6.0,12.0,6.0,0.057142857
93,char_repeat,3.0,71.0,68.0,0.4657534
93,shortest_words_raw,3.0,4.0,1.0,0.03333333
93,shortest_word_host,3.0,20.0,17.0,0.4473684
93,shortest_word_path,3.0,6.0,3.0,0.075
93,longest_words_raw,5.0,94.0,89.0,0.1076179
93,longest_word_host,4.0,24.0,20.0,0.32786885
93,longest_word_path,5.0,197.0,192.0,0.23160434
93,avg_words_raw,3.8333333,63.099323,59.26599,0.46943358
93,avg_word_host,3.3333333,7.917278,4.5839443,0.12063012
93,avg_word_path,4.3333335,101.18618,96.852844,0.3874114
93,phish_hints,0.0,0.0,0.0,0.0
93,domain_in_brand,0.0,0.0,0.0,0.0
93,brand_in_subdomain,0.0,0.0,0.0,0.0
93,brand_in_path,0.0,0.0,0.0,0.0
93,suspecious_tld,0.0,0.0,0.0,0.0
93,statistical_report,0.0,0.0,0.0,0.0
93,whois_registered_domain,0.0,0.0,0.0,0.0
93,domain_registration_length,118.0,5304.0,5186.0,0.17385182
93,domain_age,3899.0,7852.0,3953.0,0.30676705
93,web_traffic,207904.0,1.302523e+06,1.094619e+06,0.10165495
93,dns_record,0.0,0.0,0.0,0.0
93,google_index,0.0,0.0,0.0,0.0
93,page_rank,4.0,2.0,-2.0,-0.2
94,length_url,27.0,776.0,749.0,0.45979127
94,length_hostname,20.0,118.0,98.0,0.4666667
94,ip,0.0,0.0,0.0,0.0
94,nb_dots,1.0,11.0,10.0,0.4347826
94,nb_hyphens,1.0,2.0,1.0,0.023255814
94,nb_at,0.0,0.0,0.0,0.0
94,nb_qm,0.0,0.0,0.0,0.0
94,nb_and,0.0,6.0,6.0,0.31578946
94,nb_or,0.0,0.0,0.0,0.0
94,nb_eq,0.0,8.0,8.0,0.42105263
94,nb_underscore,0.0,0.0,0.0,0.0
94,nb_tilde,0.0,0.0,0.0,0.0
94,nb_percent,0.0,6.0,6.0,0.0625
94,nb_slash,2.0,16.0,14.0,0.4516129
94,nb_star,0.0,0.0,0.0,0.0
94,nb_colon,1.0,1.0,0.0,0.0
94,nb_comma,0.0,1.0,1.0,0.25
94,nb_semicolumn,0.0,2.0,2.0,0.1
94,nb_dollar,0.0,0.0,0.0,0.0
94,nb_space,0.0,7.0,7.0,0.3888889
94,nb_www,0.0,0.0,0.0,0.0
94,nb_com,0.0,1.0,1.0,0.16666667
94,nb_dslash,0.0,0.0,0.0,0.0
94,http_in_path,0.0,1.0,1.0,0.25
94,https_token,1.0,1.0,0.0,0.0
94,ratio_digits_url,0.0,0.13003753,0.13003753,0.17963947
94,ratio_digits_host,0.0,0.19411734,0.19411734,0.24264666
94,punycode,0.0,0.0,0.0,0.0
94,port,0.0,0.0,0.0,0.0
94,tld_in_path,0.0,0.0,0.0,0.0
94,tld_in_subdomain,0.0,0.0,0.0,0.0
94,abnormal_subdomain,0.0,0.0,0.0,0.0
94,nb_subdomains,1.0,1.0,0.0,0.0
94,prefix_suffix,0.0,0.0,0.0,0.0
94,random_domain,0.0,0.0,0.0,0.0
94,shortening_service,0.0,0.0,0.0,0.0
94,path_extension,0.0,0.0,0.0,0.0
94,nb_redirection,1.0,3.0,2.0,0.3333333
94,nb_external_redirection,0.0,0.0,0.0,0.0
94,length_words_raw,2.0,51.0,49.0,0.46666667
94,char_repeat,0.0,60.0,60.0,0.41095892
94,shortest_words_raw,6.0,20.0,14.0,0.46666664
94,shortest_word_host,6.0,6.0,0.0,0.0
94,shortest_word_path,0.0,4.0,4.0,0.1
94,longest_words_raw,10.0,151.0,141.0,0.17049576
94,longest_word_host,10.0,25.0,15.0,0.24590164
94,longest_word_path,0.0,393.0,393.0,0.47406512
94,avg_words_raw,8.0,67.96875,59.96875,0.47500002
94,avg_word_host,8.0,24.351604,16.351604,0.43030536
94,avg_word_path,0.0,8.731149e-08,8.731149e-08,3.4924597e-10
94,phish_hints,0.0,3.0,3.0,0.3
94,domain_in_brand,0.0,0.0,0.0,0.0
94,brand_in_subdomain,0.0,0.0,0.0,0.0
94,brand_in_path,0.0,0.0,0.0,0.0
94,suspecious_tld,0.0,0.0,0.0,0.0
94,statistical_report,0.0,0.0,0.0,0.0
94,whois_registered_domain,1.0,1.0,0.0,0.0
94,domain_registration_length,0.0,3647.0,3647.0,0.122259475
94,domain_age,2625.0,2518.0,-107.0,-0.008303598
94,web_traffic,8.571696e+06,1.0648108e+07,2.076412e+06,0.19283193
94,dns_record,0.0,0.0,0.0,0.0
94,google_index,0.0,0.0,0.0,0.0
94,page_rank,2.0,2.0,0.0,0.0
95,length_url,32.0,363.0,331.0,0.20319214
95,length_hostname,18.0,19.0,1.0,0.0047619045
95,ip,0.0,0.0,0.0,0.0
95,nb_dots,1.0,2.0,1.0,0.04347826
95,nb_hyphens,1.0,4.0,3.0,0.069767445
95,nb_at,0.0,0.0,0.0,0.0
95,nb_qm,0.0,0.0,0.0,0.0
95,nb_and,0.0,2.0,2.0,0.10526316
95,nb_or,0.0,0.0,0.0,0.0
95,nb_eq,0.0,1.0,1.0,0.05263158
95,nb_underscore,0.0,3.0,3.0,0.16666667
95,nb_tilde,0.0,0.0,0.0,0.0
95,nb_percent,0.0,27.0,27.0,0.28125
95,nb_slash,4.0,5.0,1.0,0.032258064
95,nb_star,0.0,0.0,0.0,0.0
95,nb_colon,1.0,2.0,1.0,0.16666667
95,nb_comma,0.0,0.0,0.0,0.0
95,nb_semicolumn,0.0,9.0,9.0,0.45
95,nb_dollar,0.0,2.0,2.0,0.33333334
95,nb_space,0.0,2.0,2.0,0.11111111
95,nb_www,0.0,0.0,0.0,0.0
95,nb_com,0.0,0.0,0.0,0.0
95,nb_dslash,0.0,0.0,0.0,0.0
95,http_in_path,0.0,1.0,1.0,0.25
95,https_token,1.0,1.0,0.0,0.0
95,ratio_digits_url,0.0,0.11925973,0.11925973,0.16475056
95,ratio_digits_host,0.0,0.098305255,0.098305255,0.12288157
95,punycode,0.0,0.0,0.0,0.0
95,port,0.0,0.0,0.0,0.0
95,tld_in_path,0.0,0.0,0.0,0.0
95,tld_in_subdomain,0.0,0.0,0.0,0.0
95,abnormal_subdomain,0.0,0.0,0.0,0.0
95,nb_subdomains,1.0,1.0,0.0,0.0
95,prefix_suffix,1.0,1.0,0.0,0.0
95,random_domain,0.0,0.0,0.0,0.0
95,shortening_service,0.0,0.0,0.0,0.0
95,path_extension,0.0,0.0,0.0,0.0
95,nb_redirection,2.0,1.0,-1.0,-0.16666667
95,nb_external_redirection,0.0,0.0,0.0,0.0
95,length_words_raw,3.0,47.0,44.0,0.41904762
95,char_repeat,0.0,9.0,9.0,0.061643835
95,shortest_words_raw,2.0,11.0,9.0,0.3
95,shortest_word_host,2.0,6.0,4.0,0.10526316
95,shortest_word_path,5.0,7.0,2.0,0.049999997
95,longest_words_raw,12.0,129.0,117.0,0.1414752
95,longest_word_host,12.0,12.0,0.0,0.0
95,longest_word_path,5.0,160.0,155.0,0.18697226
95,avg_words_raw,6.3333335,50.013916,43.680584,0.34598482
95,avg_word_host,7.0,11.149684,4.149684,0.109202206
95,avg_word_path,5.0,24.116795,19.116795,0.076467186
95,phish_hints,0.0,2.0,2.0,0.2
95,domain_in_brand,0.0,0.0,0.0,0.0
95,brand_in_subdomain,0.0,0.0,0.0,0.0
95,brand_in_path,0.0,0.0,0.0,0.0
95,suspecious_tld,0.0,0.0,0.0,0.0
95,statistical_report,0.0,0.0,0.0,0.0
95,whois_registered_domain,1.0,1.0,0.0,0.0
95,domain_registration_length,0.0,4884.0,4884.0,0.16372779
95,domain_age,-1.0,2188.0,2189.0,0.16987428
95,web_traffic,5.497323e+06,4.272264e+06,-1.225059e+06,-0.11376861
95,dns_record,0.0,0.0,0.0,0.0
95,google_index,1.0,1.0,0.0,0.0
95,page_rank,0.0,2.0,2.0,0.2
96,length_url,38.0,648.0,610.0,0.37446284
96,length_hostname,29.0,109.0,80.0,0.3809524
96,ip,0.0,0.0,0.0,0.0
96,nb_dots,2.0,2.0,0.0,0.0
96,nb_hyphens,1.0,12.0,11.0,0.25581396
96,nb_at,0.0,0.0,0.0,0.0
96,nb_qm,0.0,0.0,0.0,0.0
96,nb_and,0.0,8.0,8.0,0.42105263
96,nb_or,0.0,0.0,0.0,0.0
96,nb_eq,0.0,2.0,2.0,0.10526316
96,nb_underscore,0.0,3.0,3.0,0.16666667
96,nb_tilde,0.0,0.0,0.0,0.0
96,nb_percent,0.0,39.0,39.0,0.40625
96,nb_slash,3.0,4.0,1.0,0.032258064
96,nb_star,0.0,0.0,0.0,0.0
96,nb_colon,1.0,1.0,0.0,0.0
96,nb_comma,0.0,1.0,1.0,0.25
96,nb_semicolumn,0.0,6.0,6.0,0.3
96,nb_dollar,0.0,2.0,2.0,0.33333334
96,nb_space,0.0,8.0,8.0,0.44444445
96,nb_www,0.0,0.0,0.0,0.0
96,nb_com,0.0,1.0,1.0,0.16666667
96,nb_dslash,0.0,0.0,0.0,0.0
96,http_in_path,0.0,1.0,1.0,0.25
96,https_token,0.0,0.0,0.0,0.0
96,ratio_digits_url,0.078947365,0.07740095,-0.0015464127,-0.0021362826
96,ratio_digits_host,0.10344828,0.031341013,-0.07210727,-0.09013407
96,punycode,0.0,0.0,0.0,0.0
96,port,0.0,0.0,0.0,0.0
96,tld_in_path,0.0,0.0,0.0,0.0
96,tld_in_subdomain,0.0,0.0,0.0,0.0
96,abnormal_subdomain,0.0,0.0,0.0,0.0
96,nb_subdomains,2.0,2.0,0.0,0.0
96,prefix_suffix,1.0,1.0,0.0,0.0
96,random_domain,0.0,0.0,0.0,0.0
96,shortening_service,0.0,0.0,0.0,0.0
96,path_extension,0.0,0.0,0.0,0.0
96,nb_redirection,0.0,2.0,2.0,0.33333334
96,nb_external_redirection,0.0,0.0,0.0,0.0
96,length_words_raw,3.0,47.0,44.0,0.41904762
96,char_repeat,0.0,68.0,68.0,0.46575344
96,shortest_words_raw,6.0,13.0,7.0,0.23333333
96,shortest_word_host,6.0,1.0,-5.0,-0.13157895
96,shortest_word_path,0.0,16.0,16.0,0.4
96,longest_words_raw,9.0,221.0,212.0,0.25634825
96,longest_word_host,9.0,17.0,8.0,0.13114753
96,longest_word_path,0.0,239.0,239.0,0.28829914
96,avg_words_raw,7.6666665,63.530853,55.864185,0.4424886
96,avg_word_host,7.6666665,13.791083,6.124417,0.16116886
96,avg_word_path,0.0,118.75,118.75,0.475
96,phish_hints,0.0,1.0,1.0,0.1
96,domain_in_brand,0.0,0.0,0.0,0.0
96,brand_in_subdomain,0.0,0.0,0.0,0.0
96,brand_in_path,0.0,0.0,0.0,0.0
96,suspecious_tld,0.0,0.0,0.0,0.0
96,statistical_report,0.0,0.0,0.0,0.0
96,whois_registered_domain,0.0,0.0,0.0,0.0
96,domain_registration_length,177.0,6785.0,6608.0,0.22152196
96,domain_age,189.0,182.0,-7.0,-0.00054322556
96,web_traffic,0.0,4.994915e+06,4.994915e+06,0.46386716
96,dns_record,0.0,0.0,0.0,0.0
96,google_index,1.0,1.0,0.0,0.0
96,page_rank,2.0,1.0,-1.0,-0.1
97,length_url,126.0,766.0,640.0,0.39287907
97,length_hostname,50.0,140.0,90.0,0.42857146
97,ip,1.0,1.0,0.0,0.0
97,nb_dots,4.0,2.0,-2.0,-0.086956516
97,nb_hyphens,1.0,8.0,7.0,0.1627907
97,nb_at,0.0,0.0,0.0,0.0
97,nb_qm,1.0,1.0,0.0,0.0
97,nb_and,2.0,3.0,1.0,0.052631572
97,nb_or,0.0,0.0,0.0,0.0
97,nb_eq,3.0,1.0,-2.0,-0.10526315
97,nb_underscore,2.0,6.0,4.0,0.22222224
97,nb_tilde,0.0,0.0,0.0,0.0
97,nb_percent,0.0,33.0,33.0,0.34375
97,nb_slash,5.0,10.0,5.0,0.16129032
97,nb_star,0.0,0.0,0.0,0.0
97,nb_colon,1.0,1.0,0.0,0.0
97,nb_comma,0.0,1.0,1.0,0.25
97,nb_semicolumn,0.0,6.0,6.0,0.3
97,nb_dollar,0.0,1.0,1.0,0.16666667
97,nb_space,0.0,3.0,3.0,0.16666667
97,nb_www,0.0,0.0,0.0,0.0
97,nb_com,1.0,2.0,1.0,0.16666667
97,nb_dslash,0.0,0.0,0.0,0.0
97,http_in_path,0.0,0.0,0.0,0.0
97,https_token,0.0,0.0,0.0,0.0
97,ratio_digits_url,0.16666667,0.21185042,0.045183748,0.06241879
97,ratio_digits_host,0.0,0.033528354,0.033528354,0.041910443
97,punycode,0.0,0.0,0.0,0.0
97,port,0.0,0.0,0.0,0.0
97,tld_in_path,0.0,0.0,0.0,0.0
97,tld_in_subdomain,1.0,1.0,0.0,0.0
97,abnormal_subdomain,0.0,0.0,0.0,0.0
97,nb_subdomains,3.0,3.0,0.0,0.0
97,prefix_suffix,1.0,1.0,0.0,0.0
97,random_domain,0.0,0.0,0.0,0.0
97,shortening_service,0.0,0.0,0.0,0.0
97,path_extension,0.0,0.0,0.0,0.0
97,nb_redirection,0.0,2.0,2.0,0.33333334
97,nb_external_redirection,0.0,0.0,0.0,0.0
97,length_words_raw,12.0,43.0,31.0,0.2952381
97,char_repeat,8.0,69.0,61.0,0.4178082
97,shortest_words_raw,2.0,1.0,-1.0,-0.033333335
97,shortest_word_host,3.0,2.0,-1.0,-0.02631579
97,shortest_word_path,2.0,9.0,7.0,0.175
97,longest_words_raw,17.0,351.0,334.0,0.40386942
97,longest_word_host,13.0,12.0,-1.0,-0.016393453
97,longest_word_path,17.0,193.0,176.0,0.21230398
97,avg_words_raw,8.25,56.031258,47.781258,0.3784654
97,avg_word_host,8.4,2.3332028,-6.066797,-0.15965256
97,avg_word_path,8.142858,99.919495,91.776634,0.36710656
97,phish_hints,0.0,0.0,0.0,0.0
97,domain_in_brand,0.0,0.0,0.0,0.0
97,brand_in_subdomain,0.0,0.0,0.0,0.0
97,brand_in_path,0.0,0.0,0.0,0.0
97,suspecious_tld,0.0,0.0,0.0,0.0
97,statistical_report,0.0,0.0,0.0,0.0
97,whois_registered_domain,0.0,0.0,0.0,0.0
97,domain_registration_length,25.0,5333.0,5308.0,0.17794168
97,domain_age,3993.0,2539.0,-1454.0,-0.112835646
97,web_traffic,5.707171e+06,7.261194e+06,1.554023e+06,0.14431882
97,dns_record,0.0,0.0,0.0,0.0
97,google_index,1.0,1.0,0.0,0.0
97,page_rank,0.0,1.0,1.0,0.1
98,length_url,41.0,505.0,464.0,0.28483734
98,length_hostname,16.0,110.0,94.0,0.44761908
98,ip,0.0,0.0,0.0,0.0
98,nb_dots,2.0,2.0,0.0,0.0
98,nb_hyphens,0.0,10.0,10.0,0.23255815
98,nb_at,0.0,0.0,0.0,0.0
98,nb_qm,0.0,0.0,0.0,0.0
98,nb_and,0.0,1.0,1.0,0.05263158
98,nb_or,0.0,0.0,0.0,0.0
98,nb_eq,0.0,4.0,4.0,0.21052632
98,nb_underscore,1.0,7.0,6.0,0.33333334
98,nb_tilde,0.0,0.0,0.0,0.0
98,nb_percent,0.0,1.0,1.0,0.010416667
98,nb_slash,4.0,8.0,4.0,0.12903225
98,nb_star,0.0,0.0,0.0,0.0
98,nb_colon,1.0,1.0,0.0,0.0
98,nb_comma,0.0,0.0,0.0,0.0
98,nb_semicolumn,0.0,0.0,0.0,0.0
98,nb_dollar,0.0,2.0,2.0,0.33333334
98,nb_space,0.0,1.0,1.0,0.055555556
98,nb_www,0.0,0.0,0.0,0.0
98,nb_com,0.0,0.0,0.0,0.0
98,nb_dslash,0.0,0.0,0.0,0.0
98,http_in_path,0.0,1.0,1.0,0.25
98,https_token,0.0,0.0,0.0,0.0
98,ratio_digits_url,0.0,0.11962734,0.11962734,0.1652584
98,ratio_digits_host,0.0,0.0077929683,0.0077929683,0.00974121
98,punycode,0.0,0.0,0.0,0.0
98,port,0.0,0.0,0.0,0.0
98,tld_in_path,0.0,0.0,0.0,0.0
98,tld_in_subdomain,0.0,0.0,0.0,0.0
98,abnormal_subdomain,0.0,0.0,0.0,0.0
98,nb_subdomains,2.0,2.0,0.0,0.0
98,prefix_suffix,0.0,0.0,0.0,0.0
98,random_domain,0.0,0.0,0.0,0.0
98,shortening_service,0.0,0.0,0.0,0.0
98,path_extension,0.0,0.0,0.0,0.0
98,nb_redirection,0.0,1.0,1.0,0.16666667
98,nb_external_redirection,0.0,0.0,0.0,0.0
98,length_words_raw,5.0,36.0,31.0,0.2952381
98,char_repeat,0.0,6.0,6.0,0.04109589
98,shortest_words_raw,2.0,13.0,11.0,0.36666667
98,shortest_word_host,2.0,6.0,4.0,0.10526316
98,shortest_word_path,4.0,7.0,3.0,0.074999996
98,longest_words_raw,9.0,107.0,98.0,0.1185006
98,longest_word_host,9.0,25.0,16.0,0.2622951
98,longest_word_path,6.0,138.0,132.0,0.159228
98,avg_words_raw,5.0,57.04212,52.04212,0.41221482
98,avg_word_host,5.5,9.069446,3.5694456,0.09393277
98,avg_word_path,4.6666665,71.09694,66.430275,0.2657211
98,phish_hints,0.0,1.0,1.0,0.1
98,domain_in_brand,1.0,1.0,0.0,0.0
98,brand_in_subdomain,0.0,0.0,0.0,0.0
98,brand_in_path,0.0,0.0,0.0,0.0
98,suspecious_tld,0.0,0.0,0.0,0.0
98,statistical_report,0.0,0.0,0.0,0.0
98,whois_registered_domain,0.0,0.0,0.0,0.0
98,domain_registration_length,905.0,5543.0,4638.0,0.15548106
98,domain_age,7130.0,6039.0,-1091.0,-0.08466554
98,web_traffic,12.0,715494.0,715482.0,0.06644529
98,dns_record,0.0,0.0,0.0,0.0
98,google_index,0.0,0.0,0.0,0.0
98,page_rank,7.0,4.0,-3.0,-0.29999998
99,length_url,48.0,490.0,442.0,0.27133211
99,length_hostname,16.0,114.0,98.0,0.4666667
99,ip,0.0,0.0,0.0,0.0
99,nb_dots,2.0,2.0,0.0,0.0
99,nb_hyphens,0.0,12.0,12.0,0.27906978
99,nb_at,0.0,0.0,0.0,0.0
99,nb_qm,0.0,0.0,0.0,0.0
99,nb_and,0.0,3.0,3.0,0.15789473
99,nb_or,0.0,0.0,0.0,0.0
99,nb_eq,0.0,5.0,5.0,0.2631579
99,nb_underscore,2.0,0.0,-2.0,-0.11111111
99,nb_tilde,0.0,0.0,0.0,0.0
99,nb_percent,0.0,17.0,17.0,0.17708333
99,nb_slash,4.0,15.0,11.0,0.3548387
99,nb_star,0.0,0.0,0.0,0.0
99,nb_colon,1.0,1.0,0.0,0.0
99,nb_comma,0.0,0.0,0.0,0.0
99,nb_semicolumn,0.0,8.0,8.0,0.4
99,nb_dollar,0.0,1.0,1.0,0.16666667
99,nb_space,0.0,6.0,6.0,0.33333334
99,nb_www,0.0,0.0,0.0,0.0
99,nb_com,0.0,0.0,0.0,0.0
99,nb_dslash,0.0,0.0,0.0,0.0
99,http_in_path,0.0,1.0,1.0,0.25
99,https_token,0.0,0.0,0.0,0.0
99,ratio_digits_url,0.0,0.21490924,0.21490924,0.29688492
99,ratio_digits_host,0.0,0.061447915,0.061447915,0.07680989
99,punycode,0.0,0.0,0.0,0.0
99,port,0.0,0.0,0.0,0.0
99,tld_in_path,0.0,0.0,0.0,0.0
99,tld_in_subdomain,0.0,0.0,0.0,0.0
99,abnormal_subdomain,0.0,0.0,0.0,0.0
99,nb_subdomains,2.0,2.0,0.0,0.0
99,prefix_suffix,0.0,0.0,0.0,0.0
99,random_domain,0.0,0.0,0.0,0.0
99,shortening_service,0.0,0.0,0.0,0.0
99,path_extension,0.0,0.0,0.0,0.0
99,nb_redirection,0.0,2.0,2.0,0.33333334
99,nb_external_redirection,0.0,0.0,0.0,0.0
99,length_words_raw,6.0,38.0,32.0,0.30476192
99,char_repeat,1.0,46.0,45.0,0.30821916
99,shortest_words_raw,2.0,6.0,4.0,0.13333334
99,shortest_word_host,2.0,8.0,6.0,0.15789473
99,shortest_word_path,4.0,4.0,0.0,0.0
99,longest_words_raw,9.0,47.0,38.0,0.045949213
99,longest_word_host,9.0,24.0,15.0,0.24590164
99,longest_word_path,6.0,5.0,-1.0,-0.0012062723
99,avg_words_raw,5.1666665,6.0641694,0.8975029,0.007108934
99,avg_word_host,5.5,10.099967,4.599967,0.121051766
99,avg_word_path,5.0,99.29272,94.29272,0.37717086
99,phish_hints,0.0,1.0,1.0,0.1
99,domain_in_brand,1.0,1.0,0.0,0.0
99,brand_in_subdomain,0.0,0.0,0.0,0.0
99,brand_in_path,0.0,0.0,0.0,0.0
99,suspecious_tld,0.0,0.0,0.0,0.0
99,statistical_report,0.0,0.0,0.0,0.0
99,whois_registered_domain,0.0,0.0,0.0,0.0
99,domain_registration_length,901.0,10356.0,9455.0,0.3169628
99,domain_age,7134.0,7121.0,-13.0,-0.0010088682
99,web_traffic,13.0,158016.0,158003.0,0.014673403
99,dns_record,0.0,0.0,0.0,0.0
99,google_index,0.0,0.0,0.0,0.0
99,page_rank,7.0,9.0,2.0,0.19999999
100,length_url,29.0,67.0,38.0,0.023327194
100,length_hostname,21.0,48.0,27.0,0.12857142
100,ip,0.0,0.0,0.0,0.0
100,nb_dots,2.0,12.0,10.0,0.43478262
100,nb_hyphens,0.0,12.0,12.0,0.27906978
100,nb_at,0.0,1.0,1.0,0.25
100,nb_qm,0.0,0.0,0.0,0.0
100,nb_and,0.0,8.0,8.0,0.42105263
100,nb_or,0.0,0.0,0.0,0.0
100,nb_eq,0.0,7.0,7.0,0.36842105
100,nb_underscore,0.0,5.0,5.0,0.2777778
100,nb_tilde,0.0,0.0,0.0,0.0
100,nb_percent,0.0,1.0,1.0,0.010416667
100,nb_slash,3.0,14.0,11.0,0.3548387
100,nb_star,0.0,0.0,0.0,0.0
100,nb_colon,1.0,1.0,0.0,0.0
100,nb_comma,0.0,0.0,0.0,0.0
100,nb_semicolumn,0.0,0.0,0.0,0.0
100,nb_dollar,0.0,2.0,2.0,0.33333334
100,nb_space,0.0,8.0,8.0,0.44444445
100,nb_www,1.0,1.0,0.0,0.0
100,nb_com,0.0,2.0,2.0,0.33333334
100,nb_dslash,0.0,0.0,0.0,0.0
100,http_in_path,0.0,1.0,1.0,0.25
100,https_token,1.0,1.0,0.0,0.0
100,ratio_digits_url,0.0,0.14827989,0.14827989,0.20484026
100,ratio_digits_host,0.0,0.16740003,0.16740003,0.20925003
100,punycode,0.0,0.0,0.0,0.0
100,port,0.0,0.0,0.0,0.0
100,tld_in_path,0.0,0.0,0.0,0.0
100,tld_in_subdomain,0.0,0.0,0.0,0.0
100,abnormal_subdomain,0.0,0.0,0.0,0.0
100,nb_subdomains,2.0,2.0,0.0,0.0
100,prefix_suffix,0.0,0.0,0.0,0.0
100,random_domain,0.0,0.0,0.0,0.0
100,shortening_service,0.0,0.0,0.0,0.0
100,path_extension,0.0,0.0,0.0,0.0
100,nb_redirection,0.0,1.0,1.0,0.16666667
100,nb_external_redirection,0.0,0.0,0.0,0.0
100,length_words_raw,2.0,40.0,38.0,0.36190477
100,char_repeat,4.0,69.0,65.0,0.44520545
100,shortest_words_raw,3.0,6.0,3.0,0.1
100,shortest_word_host,3.0,20.0,17.0,0.4473684
100,shortest_word_path,0.0,14.0,14.0,0.35
100,longest_words_raw,13.0,118.0,105.0,0.12696493
100,longest_word_host,13.0,16.0,3.0,0.04918033
100,longest_word_path,0.0,299.0,299.0,0.3606755
100,avg_words_raw,8.0,10.493802,2.493802,0.019752886
100,avg_word_host,8.0,6.2999306,-1.7000694,-0.044738665
100,avg_word_path,0.0,82.3785,82.3785,0.329514
100,phish_hints,0.0,3.0,3.0,0.3
100,domain_in_brand,0.0,0.0,0.0,0.0
100,brand_in_subdomain,0.0,0.0,0.0,0.0
100,brand_in_path,0.0,0.0,0.0,0.0
100,suspecious_tld,0.0,0.0,0.0,0.0
100,statistical_report,0.0,0.0,0.0,0.0
100,whois_registered_domain,0.0,0.0,0.0,0.0
100,domain_registration_length,114.0,4081.0,3967.0,0.13298692
100,domain_age,3904.0,6312.0,2408.0,0.18686947
100,web_traffic,0.0,963729.0,963729.0,0.089499466
100,dns_record,0.0,0.0,0.0,0.0
100,google_index,0.0,0.0,0.0,0.0
100,page_rank,2.0,5.0,3.0,0.3
101,length_url,50.0,609.0,559.0,0.3431553
101,length_hostname,17.0,96.0,79.0,0.37619048
101,ip,0.0,0.0,0.0,0.0
101,nb_dots,3.0,6.0,3.0,0.13043478
101,nb_hyphens,0.0,1.0,1.0,0.023255814
101,nb_at,0.0,1.0,1.0,0.25
101,nb_qm,0.0,0.0,0.0,0.0
101,nb_and,0.0,6.0,6.0,0.31578946
101,nb_or,0.0,0.0,0.0,0.0
101,nb_eq,0.0,3.0,3.0,0.15789473
101,nb_underscore,2.0,5.0,3.0,0.16666669
101,nb_tilde,0.0,0.0,0.0,0.0
101,nb_percent,0.0,1.0,1.0,0.010416667
101,nb_slash,4.0,3.0,-1.0,-0.032258064
101,nb_star,0.0,0.0,0.0,0.0
101,nb_colon,1.0,1.0,0.0,0.0
101,nb_comma,0.0,1.0,1.0,0.25
101,nb_semicolumn,0.0,6.0,6.0,0.3
101,nb_dollar,0.0,0.0,0.0,0.0
101,nb_space,0.0,2.0,2.0,0.11111111
101,nb_www,1.0,1.0,0.0,0.0
101,nb_com,0.0,0.0,0.0,0.0
101,nb_dslash,0.0,0.0,0.0,0.0
101,http_in_path,0.0,1.0,1.0,0.25
101,https_token,0.0,0.0,0.0,0.0
101,ratio_digits_url,0.02,0.14290759,0.122907594,0.16978987
101,ratio_digits_host,0.05882353,0.16263048,0.10380696,0.1297587
101,punycode,0.0,0.0,0.0,0.0
101,port,0.0,0.0,0.0,0.0
101,tld_in_path,0.0,0.0,0.0,0.0
101,tld_in_subdomain,0.0,0.0,0.0,0.0
101,abnormal_subdomain,0.0,0.0,0.0,0.0
101,nb_subdomains,3.0,3.0,0.0,0.0
101,prefix_suffix,0.0,0.0,0.0,0.0
101,random_domain,0.0,0.0,0.0,0.0
101,shortening_service,0.0,0.0,0.0,0.0
101,path_extension,0.0,0.0,0.0,0.0
101,nb_redirection,0.0,0.0,0.0,0.0
101,nb_external_redirection,0.0,0.0,0.0,0.0
101,length_words_raw,7.0,11.0,4.0,0.03809524
101,char_repeat,4.0,44.0,40.0,0.27397263
101,shortest_words_raw,3.0,8.0,5.0,0.16666666
101,shortest_word_host,3.0,15.0,12.0,0.31578946
101,shortest_word_path,3.0,6.0,3.0,0.075
101,longest_words_raw,9.0,2.0,-7.0,-0.008464329
101,longest_word_host,9.0,20.0,11.0,0.18032786
101,longest_word_path,5.0,43.0,38.0,0.04583836
101,avg_words_raw,4.571429,42.301746,37.730316,0.29885402
101,avg_word_host,6.0,9.667694,3.667694,0.09651826
101,avg_word_path,4.0,62.473602,58.473602,0.23389441
101,phish_hints,2.0,1.0,-1.0,-0.1
101,domain_in_brand,0.0,0.0,0.0,0.0
101,brand_in_subdomain,0.0,0.0,0.0,0.0
101,brand_in_path,0.0,0.0,0.0,0.0
101,suspecious_tld,0.0,0.0,0.0,0.0
101,statistical_report,0.0,0.0,0.0,0.0
101,whois_registered_domain,0.0,0.0,0.0,0.0
101,domain_registration_length,1703.0,-1.0,-1704.0,-0.057123702
101,domain_age,7427.0,4206.0,-3221.0,-0.24996117
101,web_traffic,193.0,308437.0,308244.0,0.028625965
101,dns_record,0.0,0.0,0.0,0.0
101,google_index,0.0,0.0,0.0,0.0
101,page_rank,7.0,5.0,-2.0,-0.19999999
102,length_url,126.0,569.0,443.0,0.27194598
102,length_hostname,50.0,23.0,-27.0,-0.12857142
102,ip,1.0,1.0,0.0,0.0
102,nb_dots,4.0,4.0,0.0,0.0
102,nb_hyphens,1.0,7.0,6.0,0.13953489
102,nb_at,0.0,1.0,1.0,0.25
102,nb_qm,1.0,1.0,0.0,0.0
102,nb_and,2.0,6.0,4.0,0.2105263
102,nb_or,0.0,0.0,0.0,0.0
102,nb_eq,3.0,5.0,2.0,0.10526317
102,nb_underscore,2.0,6.0,4.0,0.22222224
102,nb_tilde,0.0,0.0,0.0,0.0
102,nb_percent,0.0,31.0,31.0,0.32291666
102,nb_slash,4.0,4.0,0.0,0.0
102,nb_star,0.0,0.0,0.0,0.0
102,nb_colon,1.0,1.0,0.0,0.0
102,nb_comma,0.0,0.0,0.0,0.0
102,nb_semicolumn,0.0,1.0,1.0,0.05
102,nb_dollar,0.0,2.0,2.0,0.33333334
102,nb_space,0.0,8.0,8.0,0.44444445
102,nb_www,0.0,0.0,0.0,0.0
102,nb_com,1.0,3.0,2.0,0.3333333
102,nb_dslash,0.0,0.0,0.0,0.0
102,http_in_path,0.0,0.0,0.0,0.0
102,https_token,1.0,1.0,0.0,0.0
102,ratio_digits_url,0.11904762,0.040457837,-0.07858978,-0.108567335
102,ratio_digits_host,0.0,0.07323104,0.07323104,0.0915388
102,punycode,0.0,0.0,0.0,0.0
102,port,0.0,0.0,0.0,0.0
102,tld_in_path,0.0,0.0,0.0,0.0
102,tld_in_subdomain,1.0,1.0,0.0,0.0
102,abnormal_subdomain,0.0,0.0,0.0,0.0
102,nb_subdomains,3.0,3.0,0.0,0.0
102,prefix_suffix,1.0,1.0,0.0,0.0
102,random_domain,0.0,0.0,0.0,0.0
102,shortening_service,0.0,0.0,0.0,0.0
102,path_extension,0.0,0.0,0.0,0.0
102,nb_redirection,1.0,1.0,0.0,0.0
102,nb_external_redirection,0.0,0.0,0.0,0.0
102,length_words_raw,13.0,36.0,23.0,0.21904764
102,char_repeat,2.0,32.0,30.0,0.20547944
102,shortest_words_raw,2.0,3.0,1.0,0.033333335
102,shortest_word_host,3.0,2.0,-1.0,-0.02631579
102,shortest_word_path,2.0,7.0,5.0,0.125
102,longest_words_raw,17.0,252.0,235.0,0.28415963
102,longest_word_host,13.0,10.0,-3.0,-0.04918033
102,longest_word_path,17.0,45.0,28.0,0.03377563
102,avg_words_raw,7.769231,16.587769,8.818538,0.069849804
102,avg_word_host,8.4,10.242748,1.8427486,0.048493385
102,avg_word_path,7.375,64.20636,56.83136,0.22732544
102,phish_hints,0.0,0.0,0.0,0.0
102,domain_in_brand,0.0,0.0,0.0,0.0
102,brand_in_subdomain,0.0,0.0,0.0,0.0
102,brand_in_path,0.0,0.0,0.0,0.0
102,suspecious_tld,0.0,0.0,0.0,0.0
102,statistical_report,0.0,0.0,0.0,0.0
102,whois_registered_domain,0.0,0.0,0.0,0.0
102,domain_registration_length,25.0,751.0,726.0,0.024337914
102,domain_age,3992.0,7420.0,3428.0,0.26602516
102,web_traffic,5.697976e+06,4.501002e+06,-1.196974e+06,-0.11116046
102,dns_record,0.0,0.0,0.0,0.0
102,google_index,1.0,1.0,0.0,0.0
102,page_rank,0.0,2.0,2.0,0.2
103,length_url,39.0,632.0,593.0,0.364027
103,length_hostname,11.0,29.0,18.0,0.08571428
103,ip,0.0,0.0,0.0,0.0
103,nb_dots,2.0,10.0,8.0,0.3478261
103,nb_hyphens,0.0,10.0,10.0,0.23255815
103,nb_at,0.0,0.0,0.0,0.0
103,nb_qm,0.0,0.0,0.0,0.0
103,nb_and,0.0,6.0,6.0,0.31578946
103,nb_or,0.0,0.0,0.0,0.0
103,nb_eq,0.0,2.0,2.0,0.10526316
103,nb_underscore,0.0,8.0,8.0,0.44444445
103,nb_tilde,0.0,0.0,0.0,0.0
103,nb_percent,0.0,6.0,6.0,0.0625
103,nb_slash,6.0,11.0,5.0,0.16129032
103,nb_star,0.0,0.0,0.0,0.0
103,nb_colon,1.0,2.0,1.0,0.16666667
103,nb_comma,0.0,0.0,0.0,0.0
103,nb_semicolumn,0.0,6.0,6.0,0.3
103,nb_dollar,0.0,0.0,0.0,0.0
103,nb_space,0.0,8.0,8.0,0.44444445
103,nb_www,1.0,1.0,0.0,0.0
103,nb_com,0.0,1.0,1.0,0.16666667
103,nb_dslash,0.0,0.0,0.0,0.0
103,http_in_path,0.0,1.0,1.0,0.25
103,https_token,0.0,0.0,0.0,0.0
103,ratio_digits_url,0.0,0.29278624,0.29278624,0.40446758
103,ratio_digits_host,0.0,0.07524943,0.07524943,0.09406179
103,punycode,0.0,0.0,0.0,0.0
103,port,0.0,0.0,0.0,0.0
103,tld_in_path,0.0,0.0,0.0,0.0
103,tld_in_subdomain,0.0,0.0,0.0,0.0
103,abnormal_subdomain,0.0,0.0,0.0,0.0
103,nb_subdomains,2.0,2.0,0.0,0.0
103,prefix_suffix,0.0,0.0,0.0,0.0
103,random_domain,0.0,0.0,0.0,0.0
103,shortening_service,0.0,0.0,0.0,0.0
103,path_extension,0.0,0.0,0.0,0.0
103,nb_redirection,0.0,2.0,2.0,0.33333334
103,nb_external_redirection,0.0,0.0,0.0,0.0
103,length_words_raw,5.0,24.0,19.0,0.18095239
103,char_repeat,4.0,58.0,54.0,0.36986303
103,shortest_words_raw,2.0,3.0,1.0,0.033333335
103,shortest_word_host,3.0,5.0,2.0,0.05263158
103,shortest_word_path,2.0,17.0,15.0,0.375
103,longest_words_raw,8.0,180.0,172.0,0.20798065
103,longest_word_host,3.0,29.0,26.0,0.4262295
103,longest_word_path,8.0,161.0,153.0,0.1845597
103,avg_words_raw,4.4,32.099815,27.699816,0.21940447
103,avg_word_host,3.0,12.705815,9.705815,0.25541618
103,avg_word_path,5.3333335,98.20041,92.86707,0.3714683
103,phish_hints,0.0,1.0,1.0,0.1
103,domain_in_brand,0.0,0.0,0.0,0.0
103,brand_in_subdomain,0.0,0.0,0.0,0.0
103,brand_in_path,0.0,0.0,0.0,0.0
103,suspecious_tld,0.0,0.0,0.0,0.0
103,statistical_report,0.0,0.0,0.0,0.0
103,whois_registered_domain,0.0,0.0,0.0,0.0
103,domain_registration_length,263.0,4549.0,4286.0,0.14368086
103,domain_age,8627.0,12874.0,4247.0,0.3295825
103,web_traffic,5781.0,46827.0,41046.0,0.0038118549
103,dns_record,0.0,0.0,0.0,0.0
103,google_index,0.0,0.0,0.0,0.0
103,page_rank,6.0,4.0,-2.0,-0.20000002
104,length_url,102.0,699.0,597.0,0.3664825
104,length_hostname,15.0,107.0,92.0,0.43809524
104,ip,1.0,1.0,0.0,0.0
104,nb_dots,1.0,6.0,5.0,0.2173913
104,nb_hyphens,1.0,5.0,4.0,0.093023255
104,nb_at,0.0,1.0,1.0,0.25
104,nb_qm,0.0,1.0,1.0,0.33333334
104,nb_and,0.0,2.0,2.0,0.10526316
104,nb_or,0.0,0.0,0.0,0.0
104,nb_eq,0.0,2.0,2.0,0.10526316
104,nb_underscore,0.0,0.0,0.0,0.0
104,nb_tilde,0.0,0.0,0.0,0.0
104,nb_percent,0.0,18.0,18.0,0.1875
104,nb_slash,9.0,22.0,13.0,0.41935483
104,nb_star,0.0,0.0,0.0,0.0
104,nb_colon,1.0,3.0,2.0,0.33333334
104,nb_comma,0.0,0.0,0.0,0.0
104,nb_semicolumn,0.0,7.0,7.0,0.35
104,nb_dollar,0.0,1.0,1.0,0.16666667
104,nb_space,0.0,1.0,1.0,0.055555556
104,nb_www,0.0,0.0,0.0,0.0
104,nb_com,0.0,2.0,2.0,0.33333334
104,nb_dslash,0.0,0.0,0.0,0.0
104,http_in_path,0.0,1.0,1.0,0.25
104,https_token,1.0,1.0,0.0,0.0
104,ratio_digits_url,0.19607843,0.0,-0.19607843,-0.27087125
104,ratio_digits_host,0.0,0.0,0.0,0.0
104,punycode,0.0,0.0,0.0,0.0
104,port,0.0,0.0,0.0,0.0
104,tld_in_path,0.0,0.0,0.0,0.0
104,tld_in_subdomain,0.0,0.0,0.0,0.0
104,abnormal_subdomain,0.0,0.0,0.0,0.0
104,nb_subdomains,1.0,1.0,0.0,0.0
104,prefix_suffix,1.0,1.0,0.0,0.0
104,random_domain,0.0,0.0,0.0,0.0
104,shortening_service,0.0,0.0,0.0,0.0
104,path_extension,0.0,0.0,0.0,0.0
104,nb_redirection,1.0,1.0,0.0,0.0
104,nb_external_redirection,0.0,0.0,0.0,0.0
104,length_words_raw,9.0,58.0,49.0,0.4666667
104,char_repeat,8.0,45.0,37.0,0.25342464
104,shortest_words_raw,2.0,8.0,6.0,0.2
104,shortest_word_host,11.0,6.0,-5.0,-0.13157895
104,shortest_word_path,2.0,6.0,4.0,0.10000001
104,longest_words_raw,32.0,172.0,140.0,0.16928658
104,longest_word_host,11.0,3.0,-8.0,-0.13114753
104,longest_word_path,32.0,9.0,-23.0,-0.02774427
104,avg_words_raw,9.222222,20.917706,11.695483,0.092637494
104,avg_word_host,11.0,20.306559,9.306559,0.2449094
104,avg_word_path,9.0,3.7564387,-5.2435613,-0.020974243
104,phish_hints,3.0,4.0,1.0,0.099999994
104,domain_in_brand,0.0,0.0,0.0,0.0
104,brand_in_subdomain,0.0,0.0,0.0,0.0
104,brand_in_path,0.0,0.0,0.0,0.0
104,suspecious_tld,0.0,0.0,0.0,0.0
104,statistical_report,0.0,0.0,0.0,0.0
104,whois_registered_domain,0.0,0.0,0.0,0.0
104,domain_registration_length,145.0,12056.0,11911.0,0.39929602
104,domain_age,2047.0,1528.0,-519.0,-0.04027626
104,web_traffic,0.0,5.114793e+06,5.114793e+06,0.47499996
104,dns_record,0.0,0.0,0.0,0.0
104,google_index,1.0,1.0,0.0,0.0
104,page_rank,0.0,0.0,0.0,0.0
105,length_url,78.0,404.0,326.0,0.20012277
105,length_hostname,16.0,54.0,38.0,0.18095239
105,ip,0.0,0.0,0.0,0.0
105,nb_dots,2.0,2.0,0.0,0.0
105,nb_hyphens,4.0,3.0,-1.0,-0.02325581
105,nb_at,0.0,1.0,1.0,0.25
105,nb_qm,0.0,1.0,1.0,0.33333334
105,nb_and,0.0,1.0,1.0,0.05263158
105,nb_or,0.0,0.0,0.0,0.0
105,nb_eq,0.0,4.0,4.0,0.21052632
105,nb_underscore,0.0,5.0,5.0,0.2777778
105,nb_tilde,0.0,0.0,0.0,0.0
105,nb_percent,0.0,36.0,36.0,0.375
105,nb_slash,8.0,7.0,-1.0,-0.032258064
105,nb_star,0.0,0.0,0.0,0.0
105,nb_colon,1.0,1.0,0.0,0.0
105,nb_comma,0.0,1.0,1.0,0.25
105,nb_semicolumn,0.0,3.0,3.0,0.15
105,nb_dollar,0.0,1.0,1.0,0.16666667
105,nb_space,0.0,0.0,0.0,0.0
105,nb_www,1.0,1.0,0.0,0.0
105,nb_com,0.0,0.0,0.0,0.0
105,nb_dslash,0.0,0.0,0.0,0.0
105,http_in_path,0.0,1.0,1.0,0.25
105,https_token,0.0,0.0,0.0,0.0
105,ratio_digits_url,0.102564104,0.39709812,0.29453403,0.40688205
105,ratio_digits_host,0.0,0.04371367,0.04371367,0.05464209
105,punycode,0.0,0.0,0.0,0.0
105,port,0.0,0.0,0.0,0.0
105,tld_in_path,0.0,0.0,0.0,0.0
105,tld_in_subdomain,0.0,0.0,0.0,0.0
105,abnormal_subdomain,0.0,0.0,0.0,0.0
105,nb_subdomains,2.0,2.0,0.0,0.0
105,prefix_suffix,0.0,0.0,0.0,0.0
105,random_domain,0.0,0.0,0.0,0.0
105,shortening_service,0.0,0.0,0.0,0.0
105,path_extension,0.0,0.0,0.0,0.0
105,nb_redirection,0.0,0.0,0.0,0.0
105,nb_external_redirection,0.0,0.0,0.0,0.0
105,length_words_raw,11.0,19.0,8.0,0.07619048
105,char_repeat,5.0,56.0,51.0,0.34931508
105,shortest_words_raw,2.0,14.0,12.0,0.4
105,shortest_word_host,3.0,5.0,2.0,0.05263158
105,shortest_word_path,2.0,4.0,2.0,0.05
105,longest_words_raw,9.0,135.0,126.0,0.1523579
105,longest_word_host,8.0,4.0,-4.0,-0.06557377
105,longest_word_path,9.0,41.0,32.0,0.038600724
105,avg_words_raw,5.0,62.616737,57.616737,0.4563702
105,avg_word_host,5.5,10.841639,5.3416386,0.14056945
105,avg_word_path,4.888889,95.067,90.178116,0.36071244
105,phish_hints,0.0,0.0,0.0,0.0
105,domain_in_brand,0.0,0.0,0.0,0.0
105,brand_in_subdomain,0.0,0.0,0.0,0.0
105,brand_in_path,0.0,0.0,0.0,0.0
105,suspecious_tld,0.0,0.0,0.0,0.0
105,statistical_report,0.0,0.0,0.0,0.0
105,whois_registered_domain,0.0,0.0,0.0,0.0
105,domain_registration_length,507.0,4470.0,3963.0,0.13285284
105,domain_age,6068.0,2592.0,-3476.0,-0.26975012
105,web_traffic,4211.0,2.235003e+06,2.230792e+06,0.20716892
105,dns_record,0.0,0.0,0.0,0.0
105,google_index,0.0,0.0,0.0,0.0
105,page_rank,4.0,2.0,-2.0,-0.2
106,length_url,24.0,627.0,603.0,0.37016574
106,length_hostname,15.0,21.0,6.0,0.02857143
106,ip,0.0,0.0,0.0,0.0
106,nb_dots,2.0,8.0,6.0,0.26086956
106,nb_hyphens,0.0,12.0,12.0,0.27906978
106,nb_at,0.0,1.0,1.0,0.25
106,nb_qm,0.0,0.0,0.0,0.0
106,nb_and,0.0,1.0,1.0,0.05263158
106,nb_or,0.0,0.0,0.0,0.0
106,nb_eq,0.0,2.0,2.0,0.10526316
106,nb_underscore,0.0,2.0,2.0,0.11111111
106,nb_tilde,0.0,0.0,0.0,0.0
106,nb_percent,0.0,39.0,39.0,0.40625
106,nb_slash,3.0,7.0,4.0,0.12903225
106,nb_star,0.0,0.0,0.0,0.0
106,nb_colon,1.0,3.0,2.0,0.33333334
106,nb_comma,0.0,1.0,1.0,0.25
106,nb_semicolumn,0.0,8.0,8.0,0.4
106,nb_dollar,0.0,1.0,1.0,0.16666667
106,nb_space,0.0,8.0,8.0,0.44444445
106,nb_www,1.0,1.0,0.0,0.0
106,nb_com,0.0,0.0,0.0,0.0
106,nb_dslash,0.0,0.0,0.0,0.0
106,http_in_path,0.0,1.0,1.0,0.25
106,https_token,0.0,0.0,0.0,0.0
106,ratio_digits_url,0.0,0.21239254,0.21239254,0.29340824
106,ratio_digits_host,0.0,0.00890625,0.00890625,0.011132812
106,punycode,0.0,0.0,0.0,0.0
106,port,0.0,0.0,0.0,0.0
106,tld_in_path,0.0,0.0,0.0,0.0
106,tld_in_subdomain,0.0,0.0,0.0,0.0
106,abnormal_subdomain,0.0,0.0,0.0,0.0
106,nb_subdomains,2.0,2.0,0.0,0.0
106,prefix_suffix,0.0,0.0,0.0,0.0
106,random_domain,0.0,0.0,0.0,0.0
106,shortening_service,0.0,0.0,0.0,0.0
106,path_extension,0.0,0.0,0.0,0.0
106,nb_redirection,0.0,0.0,0.0,0.0
106,nb_external_redirection,0.0,0.0,0.0,0.0
106,length_words_raw,2.0,13.0,11.0,0.104761906
106,char_repeat,3.0,11.0,8.0,0.054794524
106,shortest_words_raw,3.0,13.0,10.0,0.33333334
106,shortest_word_host,3.0,20.0,17.0,0.4473684
106,shortest_word_path,0.0,11.0,11.0,0.275
106,longest_words_raw,8.0,158.0,150.0,0.18137848
106,longest_word_host,8.0,2.0,-6.0,-0.09836066
106,longest_word_path,0.0,381.0,381.0,0.45958987
106,avg_words_raw,5.5,16.141552,10.641552,0.08428952
106,avg_word_host,5.5,9.310774,3.8107738,0.100283526
106,avg_word_path,0.0,13.450205,13.450205,0.053800818
106,phish_hints,0.0,3.0,3.0,0.3
106,domain_in_brand,0.0,0.0,0.0,0.0
106,brand_in_subdomain,0.0,0.0,0.0,0.0
106,brand_in_path,0.0,0.0,0.0,0.0
106,suspecious_tld,0.0,0.0,0.0,0.0
106,statistical_report,0.0,0.0,0.0,0.0
106,whois_registered_domain,1.0,1.0,0.0,0.0
106,domain_registration_length,0.0,4038.0,4038.0,0.13536708
106,domain_age,-1.0,5388.0,5389.0,0.41820583
106,web_traffic,373207.0,25680.0,-347527.0,-0.032274097
106,dns_record,0.0,0.0,0.0,0.0
106,google_index,0.0,0.0,0.0,0.0
106,page_rank,2.0,4.0,2.0,0.2
107,length_url,28.0,772.0,744.0,0.4567219
107,length_hostname,21.0,40.0,19.0,0.09047619
107,ip,0.0,0.0,0.0,0.0
107,nb_dots,2.0,2.0,0.0,0.0
107,nb_hyphens,1.0,5.0,4.0,0.093023255
107,nb_at,0.0,1.0,1.0,0.25
107,nb_qm,0.0,1.0,1.0,0.33333334
107,nb_and,0.0,8.0,8.0,0.42105263
107,nb_or,0.0,0.0,0.0,0.0
107,nb_eq,0.0,1.0,1.0,0.05263158
107,nb_underscore,0.0,4.0,4.0,0.22222222
107,nb_tilde,0.0,0.0,0.0,0.0
107,nb_percent,0.0,36.0,36.0,0.375
107,nb_slash,2.0,13.0,11.0,0.3548387
107,nb_star,0.0,0.0,0.0,0.0
107,nb_colon,1.0,1.0,0.0,0.0
107,nb_comma,0.0,0.0,0.0,0.0
107,nb_semicolumn,0.0,3.0,3.0,0.15
107,nb_dollar,0.0,1.0,1.0,0.16666667
107,nb_space,0.0,6.0,6.0,0.33333334
107,nb_www,0.0,0.0,0.0,0.0
107,nb_com,0.0,1.0,1.0,0.16666667
107,nb_dslash,0.0,0.0,0.0,0.0
107,http_in_path,0.0,0.0,0.0,0.0
107,https_token,1.0,1.0,0.0,0.0
107,ratio_digits_url,0.0,0.12995556,0.12995556,0.17952624
107,ratio_digits_host,0.0,0.14967497,0.14967497,0.1870937
107,punycode,0.0,0.0,0.0,0.0
107,port,0.0,0.0,0.0,0.0
107,tld_in_path,0.0,0.0,0.0,0.0
107,tld_in_subdomain,0.0,0.0,0.0,0.0
107,abnormal_subdomain,0.0,0.0,0.0,0.0
107,nb_subdomains,2.0,2.0,0.0,0.0
107,prefix_suffix,0.0,0.0,0.0,0.0
107,random_domain,0.0,0.0,0.0,0.0
107,shortening_service,0.0,0.0,0.0,0.0
107,path_extension,0.0,0.0,0.0,0.0
107,nb_redirection,0.0,0.0,0.0,0.0
107,nb_external_redirection,0.0,0.0,0.0,0.0
107,length_words_raw,3.0,11.0,8.0,0.07619048
107,char_repeat,0.0,67.0,67.0,0.45890412
107,shortest_words_raw,3.0,3.0,0.0,0.0
107,shortest_word_host,3.0,17.0,14.0,0.36842105
107,shortest_word_path,0.0,4.0,4.0,0.1
107,longest_words_raw,6.0,249.0,243.0,0.29383314
107,longest_word_host,6.0,23.0,17.0,0.27868852
107,longest_word_path,0.0,337.0,337.0,0.40651387
107,avg_words_raw,5.0,4.535329,-0.46467113,-0.0036805645
107,avg_word_host,5.0,3.5780199,-1.4219801,-0.037420534
107,avg_word_path,0.0,1.1600237,1.1600237,0.004640095
107,phish_hints,0.0,2.0,2.0,0.2
107,domain_in_brand,0.0,0.0,0.0,0.0
107,brand_in_subdomain,0.0,0.0,0.0,0.0
107,brand_in_path,0.0,0.0,0.0,0.0
107,suspecious_tld,0.0,0.0,0.0,0.0
107,statistical_report,0.0,0.0,0.0,0.0
107,whois_registered_domain,0.0,0.0,0.0,0.0
107,domain_registration_length,1767.0,1294.0,-473.0,-0.015856523
107,domain_age,5903.0,6843.0,940.0,0.07294741
107,web_traffic,0.0,2.195918e+06,2.195918e+06,0.20393024
107,dns_record,0.0,0.0,0.0,0.0
107,google_index,0.0,0.0,0.0,0.0
107,page_rank,4.0,8.0,4.0,0.4
108,length_url,43.0,264.0,221.0,0.13566606
108,length_hostname,18.0,106.0,88.0,0.41904762
108,ip,0.0,0.0,0.0,0.0
108,nb_dots,2.0,3.0,1.0,0.04347826
108,nb_hyphens,0.0,12.0,12.0,0.27906978
108,nb_at,0.0,0.0,0.0,0.0
108,nb_qm,0.0,1.0,1.0,0.33333334
108,nb_and,0.0,8.0,8.0,0.42105263
108,nb_or,0.0,0.0,0.0,0.0
108,nb_eq,0.0,2.0,2.0,0.10526316
108,nb_underscore,1.0,9.0,8.0,0.44444445
108,nb_tilde,0.0,0.0,0.0,0.0
108,nb_percent,0.0,39.0,39.0,0.40625
108,nb_slash,4.0,15.0,11.0,0.3548387
108,nb_star,0.0,0.0,0.0,0.0
108,nb_colon,1.0,1.0,0.0,0.0
108,nb_comma,0.0,0.0,0.0,0.0
108,nb_semicolumn,0.0,9.0,9.0,0.45
108,nb_dollar,0.0,2.0,2.0,0.33333334
108,nb_space,0.0,6.0,6.0,0.33333334
108,nb_www,1.0,1.0,0.0,0.0
108,nb_com,0.0,2.0,2.0,0.33333334
108,nb_dslash,0.0,0.0,0.0,0.0
108,http_in_path,0.0,1.0,1.0,0.25
108,https_token,1.0,1.0,0.0,0.0
108,ratio_digits_url,0.0,0.23189613,0.23189613,0.32035136
108,ratio_digits_host,0.0,0.2496702,0.2496702,0.31208774
108,punycode,0.0,0.0,0.0,0.0
108,port,0.0,0.0,0.0,0.0
108,tld_in_path,0.0,0.0,0.0,0.0
108,tld_in_subdomain,0.0,0.0,0.0,0.0
108,abnormal_subdomain,0.0,0.0,0.0,0.0
108,nb_subdomains,2.0,2.0,0.0,0.0
108,prefix_suffix,0.0,0.0,0.0,0.0
108,random_domain,0.0,0.0,0.0,0.0
108,shortening_service,0.0,0.0,0.0,0.0
108,path_extension,0.0,0.0,0.0,0.0
108,nb_redirection,1.0,3.0,2.0,0.3333333
108,nb_external_redirection,0.0,0.0,0.0,0.0
108,length_words_raw,5.0,37.0,32.0,0.30476192
108,char_repeat,3.0,70.0,67.0,0.4589041
108,shortest_words_raw,3.0,9.0,6.0,0.20000002
108,shortest_word_host,3.0,19.0,16.0,0.42105263
108,shortest_word_path,3.0,3.0,0.0,0.0
108,longest_words_raw,11.0,41.0,30.0,0.036275696
108,longest_word_host,11.0,15.0,4.0,0.06557377
108,longest_word_path,8.0,55.0,47.0,0.05669481
108,avg_words_raw,5.8,13.312922,7.5129213,0.059508286
108,avg_word_host,7.0,25.050001,18.050001,0.47500002
108,avg_word_path,5.0,113.09455,108.09455,0.4323782
108,phish_hints,0.0,1.0,1.0,0.1
108,domain_in_brand,0.0,0.0,0.0,0.0
108,brand_in_subdomain,0.0,0.0,0.0,0.0
108,brand_in_path,0.0,0.0,0.0,0.0
108,suspecious_tld,0.0,0.0,0.0,0.0
108,statistical_report,0.0,0.0,0.0,0.0
108,whois_registered_domain,0.0,0.0,0.0,0.0
108,domain_registration_length,229.0,13300.0,13071.0,0.43818304
108,domain_age,4153.0,786.0,-3367.0,-0.26129133
108,web_traffic,124314.0,3.33449e+06,3.210176e+06,0.29812226
108,dns_record,0.0,0.0,0.0,0.0
108,google_index,1.0,1.0,0.0,0.0
108,page_rank,4.0,8.0,4.0,0.4
109,length_url,27.0,12.0,-15.0,-0.009208103
109,length_hostname,19.0,8.0,-11.0,-0.052380957
109,ip,0.0,0.0,0.0,0.0
109,nb_dots,2.0,2.0,0.0,0.0
109,nb_hyphens,0.0,17.0,17.0,0.39534885
109,nb_at,0.0,0.0,0.0,0.0
109,nb_qm,0.0,0.0,0.0,0.0
109,nb_and,0.0,6.0,6.0,0.31578946
109,nb_or,0.0,0.0,0.0,0.0
109,nb_eq,0.0,1.0,1.0,0.05263158
109,nb_underscore,0.0,8.0,8.0,0.44444445
109,nb_tilde,0.0,0.0,0.0,0.0
109,nb_percent,0.0,3.0,3.0,0.03125
109,nb_slash,3.0,6.0,3.0,0.09677419
109,nb_star,0.0,0.0,0.0,0.0
109,nb_colon,1.0,1.0,0.0,0.0
109,nb_comma,0.0,0.0,0.0,0.0
109,nb_semicolumn,0.0,4.0,4.0,0.2
109,nb_dollar,0.0,0.0,0.0,0.0
109,nb_space,0.0,1.0,1.0,0.055555556
109,nb_www,1.0,1.0,0.0,0.0
109,nb_com,0.0,1.0,1.0,0.16666667
109,nb_dslash,0.0,0.0,0.0,0.0
109,http_in_path,0.0,1.0,1.0,0.25
109,https_token,1.0,1.0,0.0,0.0
109,ratio_digits_url,0.0,0.008058826,0.008058826,0.011132812
109,ratio_digits_host,0.0,0.14284132,0.14284132,0.17855166
109,punycode,0.0,0.0,0.0,0.0
109,port,0.0,0.0,0.0,0.0
109,tld_in_path,0.0,0.0,0.0,0.0
109,tld_in_subdomain,0.0,0.0,0.0,0.0
109,abnormal_subdomain,0.0,0.0,0.0,0.0
109,nb_subdomains,2.0,2.0,0.0,0.0
109,prefix_suffix,0.0,0.0,0.0,0.0
109,random_domain,0.0,0.0,0.0,0.0
109,shortening_service,0.0,0.0,0.0,0.0
109,path_extension,0.0,0.0,0.0,0.0
109,nb_redirection,1.0,3.0,2.0,0.3333333
109,nb_external_redirection,0.0,0.0,0.0,0.0
109,length_words_raw,2.0,13.0,11.0,0.104761906
109,char_repeat,3.0,72.0,69.0,0.47260273
109,shortest_words_raw,3.0,3.0,0.0,0.0
109,shortest_word_host,3.0,21.0,18.0,0.47368422
109,shortest_word_path,0.0,1.0,1.0,0.025
109,longest_words_raw,11.0,118.0,107.0,0.12938331
109,longest_word_host,11.0,15.0,4.0,0.06557377
109,longest_word_path,0.0,52.0,52.0,0.06272618
109,avg_words_raw,7.0,33.779854,26.779854,0.21211766
109,avg_word_host,7.0,14.64502,7.6450195,0.20118472
109,avg_word_path,0.0,117.35839,117.35839,0.46943358
109,phish_hints,0.0,0.0,0.0,0.0
109,domain_in_brand,0.0,0.0,0.0,0.0
109,brand_in_subdomain,0.0,0.0,0.0,0.0
109,brand_in_path,0.0,0.0,0.0,0.0
109,suspecious_tld,0.0,0.0,0.0,0.0
109,statistical_report,0.0,0.0,0.0,0.0
109,whois_registered_domain,0.0,0.0,0.0,0.0
109,domain_registration_length,349.0,3666.0,3317.0,0.111196786
109,domain_age,4764.0,6813.0,2049.0,0.15900975
109,web_traffic,199026.0,1.967125e+06,1.768099e+06,0.1641996
109,dns_record,0.0,0.0,0.0,0.0
109,google_index,0.0,0.0,0.0,0.0
109,page_rank,4.0,6.0,2.0,0.20000002
110,length_url,38.0,352.0,314.0,0.1927563
110,length_hostname,13.0,20.0,7.0,0.033333335
110,ip,0.0,0.0,0.0,0.0
110,nb_dots,3.0,13.0,10.0,0.4347826
110,nb_hyphens,0.0,5.0,5.0,0.11627907
110,nb_at,0.0,0.0,0.0,0.0
110,nb_qm,1.0,1.0,0.0,0.0
110,nb_and,0.0,3.0,3.0,0.15789473
110,nb_or,0.0,0.0,0.0,0.0
110,nb_eq,1.0,2.0,1.0,0.05263158
110,nb_underscore,0.0,4.0,4.0,0.22222222
110,nb_tilde,0.0,0.0,0.0,0.0
110,nb_percent,0.0,17.0,17.0,0.17708333
110,nb_slash,3.0,8.0,5.0,0.16129032
110,nb_star,0.0,0.0,0.0,0.0
110,nb_colon,1.0,3.0,2.0,0.33333334
110,nb_comma,0.0,0.0,0.0,0.0
110,nb_semicolumn,0.0,0.0,0.0,0.0
110,nb_dollar,0.0,2.0,2.0,0.33333334
110,nb_space,0.0,2.0,2.0,0.11111111
110,nb_www,1.0,1.0,0.0,0.0
110,nb_com,0.0,0.0,0.0,0.0
110,nb_dslash,0.0,0.0,0.0,0.0
110,http_in_path,0.0,0.0,0.0,0.0
110,https_token,1.0,1.0,0.0,0.0
110,ratio_digits_url,0.0,0.20756525,0.20756525,0.28673962
110,ratio_digits_host,0.0,0.00890625,0.00890625,0.011132812
110,punycode,0.0,0.0,0.0,0.0
110,port,0.0,0.0,0.0,0.0
110,tld_in_path,0.0,0.0,0.0,0.0
110,tld_in_subdomain,0.0,0.0,0.0,0.0
110,abnormal_subdomain,0.0,0.0,0.0,0.0
110,nb_subdomains,3.0,3.0,0.0,0.0
110,prefix_suffix,0.0,0.0,0.0,0.0
110,random_domain,0.0,0.0,0.0,0.0
110,shortening_service,0.0,0.0,0.0,0.0
110,path_extension,0.0,0.0,0.0,0.0
110,nb_redirection,1.0,1.0,0.0,0.0
110,nb_external_redirection,0.0,0.0,0.0,0.0
110,length_words_raw,6.0,24.0,18.0,0.17142858
110,char_repeat,4.0,20.0,16.0,0.10958904
110,shortest_words_raw,2.0,13.0,11.0,0.36666667
110,shortest_word_host,3.0,5.0,2.0,0.05263158
110,shortest_word_path,2.0,14.0,12.0,0.29999998
110,longest_words_raw,6.0,20.0,14.0,0.016928658
110,longest_word_host,6.0,19.0,13.0,0.21311477
110,longest_word_path,5.0,235.0,230.0,0.2774427
110,avg_words_raw,3.8333333,40.40831,36.574978,0.28970277
110,avg_word_host,4.5,10.655826,6.1558256,0.16199541
110,avg_word_path,3.5,15.04397,11.54397,0.046175882
110,phish_hints,0.0,2.0,2.0,0.2
110,domain_in_brand,0.0,0.0,0.0,0.0
110,brand_in_subdomain,0.0,0.0,0.0,0.0
110,brand_in_path,0.0,0.0,0.0,0.0
110,suspecious_tld,0.0,0.0,0.0,0.0
110,statistical_report,0.0,0.0,0.0,0.0
110,whois_registered_domain,1.0,1.0,0.0,0.0
110,domain_registration_length,0.0,11269.0,11269.0,0.37777406
110,domain_age,-1.0,4906.0,4907.0,0.38080087
110,web_traffic,98458.0,1.183837e+06,1.085379e+06,0.10079685
110,dns_record,0.0,0.0,0.0,0.0
110,google_index,0.0,0.0,0.0,0.0
110,page_rank,4.0,8.0,4.0,0.4
111,length_url,19.0,389.0,370.0,0.22713321
111,length_hostname,10.0,35.0,25.0,0.11904763
111,ip,0.0,0.0,0.0,0.0
111,nb_dots,1.0,1.0,0.0,0.0
111,nb_hyphens,0.0,9.0,9.0,0.20930232
111,nb_at,0.0,0.0,0.0,0.0
111,nb_qm,0.0,1.0,1.0,0.33333334
111,nb_and,0.0,3.0,3.0,0.15789473
111,nb_or,0.0,0.0,0.0,0.0
111,nb_eq,0.0,5.0,5.0,0.2631579
111,nb_underscore,0.0,2.0,2.0,0.11111111
111,nb_tilde,0.0,0.0,0.0,0.0
111,nb_percent,0.0,39.0,39.0,0.40625
111,nb_slash,3.0,16.0,13.0,0.41935483
111,nb_star,0.0,0.0,0.0,0.0
111,nb_colon,1.0,2.0,1.0,0.16666667
111,nb_comma,0.0,0.0,0.0,0.0
111,nb_semicolumn,0.0,0.0,0.0,0.0
111,nb_dollar,0.0,1.0,1.0,0.16666667
111,nb_space,0.0,8.0,8.0,0.44444445
111,nb_www,0.0,0.0,0.0,0.0
111,nb_com,0.0,1.0,1.0,0.16666667
111,nb_dslash,0.0,0.0,0.0,0.0
111,http_in_path,0.0,0.0,0.0,0.0
111,https_token,0.0,0.0,0.0,0.0
111,ratio_digits_url,0.0,0.06893085,0.06893085,0.09522406
111,ratio_digits_host,0.0,0.12739731,0.12739731,0.15924664
111,punycode,0.0,0.0,0.0,0.0
111,port,0.0,0.0,0.0,0.0
111,tld_in_path,0.0,0.0,0.0,0.0
111,tld_in_subdomain,0.0,0.0,0.0,0.0
111,abnormal_subdomain,0.0,0.0,0.0,0.0
111,nb_subdomains,1.0,1.0,0.0,0.0
111,prefix_suffix,0.0,0.0,0.0,0.0
111,random_domain,1.0,1.0,0.0,0.0
111,shortening_service,0.0,0.0,0.0,0.0
111,path_extension,0.0,0.0,0.0,0.0
111,nb_redirection,0.0,2.0,2.0,0.33333334
111,nb_external_redirection,0.0,0.0,0.0,0.0
111,length_words_raw,1.0,40.0,39.0,0.37142858
111,char_repeat,0.0,69.0,69.0,0.47260273
111,shortest_words_raw,6.0,15.0,9.0,0.3
111,shortest_word_host,6.0,2.0,-4.0,-0.10526316
111,shortest_word_path,0.0,2.0,2.0,0.05
111,longest_words_raw,6.0,8.0,2.0,0.0024183793
111,longest_word_host,6.0,10.0,4.0,0.065573774
111,longest_word_path,0.0,142.0,142.0,0.17129071
111,avg_words_raw,6.0,59.677933,53.677933,0.42517173
111,avg_word_host,6.0,15.753173,9.753173,0.25666243
111,avg_word_path,0.0,76.05598,76.05598,0.3042239
111,phish_hints,0.0,1.0,1.0,0.1
111,domain_in_brand,0.0,0.0,0.0,0.0
111,brand_in_subdomain,0.0,0.0,0.0,0.0
111,brand_in_path,0.0,0.0,0.0,0.0
111,suspecious_tld,0.0,0.0,0.0,0.0
111,statistical_report,0.0,0.0,0.0,0.0
111,whois_registered_domain,0.0,0.0,0.0,0.0
111,domain_registration_length,834.0,796.0,-38.0,-0.0012738854
111,domain_age,2088.0,4942.0,2854.0,0.22148067
111,web_traffic,0.0,4.215497e+06,4.215497e+06,0.39148426
111,dns_record,0.0,0.0,0.0,0.0
111,google_index,1.0,1.0,0.0,0.0
111,page_rank,0.0,4.0,4.0,0.4
112,length_url,28.0,146.0,118.0,0.07243708
112,length_hostname,19.0,41.0,22.0,0.104761906
112,ip,0.0,0.0,0.0,0.0
112,nb_dots,2.0,3.0,1.0,0.04347826
112,nb_hyphens,0.0,7.0,7.0,0.1627907
112,nb_at,0.0,0.0,0.0,0.0
112,nb_qm,0.0,0.0,0.0,0.0
112,nb_and,0.0,8.0,8.0,0.42105263
112,nb_or,0.0,0.0,0.0,0.0
112,nb_eq,0.0,2.0,2.0,0.10526316
112,nb_underscore,0.0,6.0,6.0,0.33333334
112,nb_tilde,0.0,0.0,0.0,0.0
112,nb_percent,0.0,30.0,30.0,0.3125
112,nb_slash,3.0,3.0,0.0,0.0
112,nb_star,0.0,0.0,0.0,0.0
112,nb_colon,1.0,1.0,0.0,0.0
112,nb_comma,0.0,1.0,1.0,0.25
112,nb_semicolumn,0.0,5.0,5.0,0.25
112,nb_dollar,0.0,2.0,2.0,0.33333334
112,nb_space,0.0,0.0,0.0,0.0
112,nb_www,1.0,1.0,0.0,0.0
112,nb_com,0.0,1.0,1.0,0.16666667
112,nb_dslash,0.0,0.0,0.0,0.0
112,http_in_path,0.0,0.0,0.0,0.0
112,https_token,0.0,0.0,0.0,0.0
112,ratio_digits_url,0.0,0.1812239,0.1812239,0.25035053
112,ratio_digits_host,0.0,0.15901469,0.15901469,0.19876836
112,punycode,0.0,0.0,0.0,0.0
112,port,0.0,0.0,0.0,0.0
112,tld_in_path,0.0,0.0,0.0,0.0
112,tld_in_subdomain,0.0,0.0,0.0,0.0
112,abnormal_subdomain,0.0,0.0,0.0,0.0
112,nb_subdomains,2.0,2.0,0.0,0.0
112,prefix_suffix,0.0,0.0,0.0,0.0
112,random_domain,0.0,0.0,0.0,0.0
112,shortening_service,0.0,0.0,0.0,0.0
112,path_extension,0.0,0.0,0.0,0.0
112,nb_redirection,0.0,1.0,1.0,0.16666667
112,nb_external_redirection,0.0,0.0,0.0,0.0
112,length_words_raw,2.0,12.0,10.0,0.0952381
112,char_repeat,3.0,6.0,3.0,0.020547945
112,shortest_words_raw,3.0,7.0,4.0,0.13333333
112,shortest_word_host,3.0,12.0,9.0,0.2368421
112,shortest_word_path,0.0,0.0,0.0,0.0
112,longest_words_raw,11.0,399.0,388.0,0.46916565
112,longest_word_host,11.0,17.0,6.0,0.09836064
112,longest_word_path,0.0,42.0,42.0,0.05066345
112,avg_words_raw,7.0,16.822655,9.822655,0.07780321
112,avg_word_host,7.0,2.7899203,-4.2100797,-0.110791564
112,avg_word_path,0.0,100.11168,100.11168,0.4004467
112,phish_hints,0.0,2.0,2.0,0.2
112,domain_in_brand,0.0,0.0,0.0,0.0
112,brand_in_subdomain,0.0,0.0,0.0,0.0
112,brand_in_path,0.0,0.0,0.0,0.0
112,suspecious_tld,0.0,0.0,0.0,0.0
112,statistical_report,0.0,0.0,0.0,0.0
112,whois_registered_domain,0.0,0.0,0.0,0.0
112,domain_registration_length,683.0,292.0,-391.0,-0.01310761
112,domain_age,5890.0,9629.0,3739.0,0.29015988
112,web_traffic,2.487034e+06,2.095701e+06,-391333.0,-0.036342263
112,dns_record,0.0,0.0,0.0,0.0
112,google_index,0.0,0.0,0.0,0.0
112,page_rank,3.0,7.0,4.0,0.39999998
113,length_url,45.0,772.0,727.0,0.44628605
113,length_hostname,36.0,74.0,38.0,0.18095239
113,ip,0.0,0.0,0.0,0.0
113,nb_dots,4.0,10.0,6.0,0.26086956
113,nb_hyphens,2.0,9.0,7.0,0.16279069
113,nb_at,0.0,0.0,0.0,0.0
113,nb_qm,0.0,0.0,0.0,0.0
113,nb_and,0.0,5.0,5.0,0.2631579
113,nb_or,0.0,0.0,0.0,0.0
113,nb_eq,0.0,4.0,4.0,0.21052632
113,nb_underscore,0.0,7.0,7.0,0.3888889
113,nb_tilde,0.0,0.0,0.0,0.0
113,nb_percent,0.0,40.0,40.0,0.41666666
113,nb_slash,3.0,4.0,1.0,0.032258064
113,nb_star,0.0,0.0,0.0,0.0
113,nb_colon,1.0,3.0,2.0,0.33333334
113,nb_comma,0.0,1.0,1.0,0.25
113,nb_semicolumn,0.0,9.0,9.0,0.45
113,nb_dollar,0.0,1.0,1.0,0.16666667
113,nb_space,0.0,5.0,5.0,0.2777778
113,nb_www,0.0,0.0,0.0,0.0
113,nb_com,0.0,1.0,1.0,0.16666667
113,nb_dslash,0.0,0.0,0.0,0.0
113,http_in_path,0.0,0.0,0.0,0.0
113,https_token,0.0,0.0,0.0,0.0
113,ratio_digits_url,0.06666667,0.05592729,-0.010739379,-0.014835842
113,ratio_digits_host,0.083333336,0.1560403,0.07270696,0.0908837
113,punycode,0.0,0.0,0.0,0.0
113,port,0.0,0.0,0.0,0.0
113,tld_in_path,0.0,0.0,0.0,0.0
113,tld_in_subdomain,0.0,0.0,0.0,0.0
113,abnormal_subdomain,0.0,0.0,0.0,0.0
113,nb_subdomains,3.0,3.0,0.0,0.0
113,prefix_suffix,0.0,0.0,0.0,0.0
113,random_domain,0.0,0.0,0.0,0.0
113,shortening_service,1.0,1.0,0.0,0.0
113,path_extension,0.0,0.0,0.0,0.0
113,nb_redirection,0.0,0.0,0.0,0.0
113,nb_external_redirection,0.0,0.0,0.0,0.0
113,length_words_raw,6.0,35.0,29.0,0.2761905
113,char_repeat,3.0,70.0,67.0,0.4589041
113,shortest_words_raw,1.0,8.0,7.0,0.23333333
113,shortest_word_host,1.0,7.0,6.0,0.15789473
113,shortest_word_path,0.0,3.0,3.0,0.075
113,longest_words_raw,7.0,345.0,338.0,0.4087062
113,longest_word_host,7.0,7.0,0.0,0.0
113,longest_word_path,0.0,0.0,0.0,0.0
113,avg_words_raw,4.5,48.195198,43.695198,0.3461006
113,avg_word_host,4.5,18.42799,13.92799,0.36652604
113,avg_word_path,0.0,81.98003,81.98003,0.3279201
113,phish_hints,1.0,1.0,0.0,0.0
113,domain_in_brand,0.0,0.0,0.0,0.0
113,brand_in_subdomain,0.0,0.0,0.0,0.0
113,brand_in_path,0.0,0.0,0.0,0.0
113,suspecious_tld,0.0,0.0,0.0,0.0
113,statistical_report,0.0,0.0,0.0,0.0
113,whois_registered_domain,0.0,0.0,0.0,0.0
113,domain_registration_length,228.0,6296.0,6068.0,0.20341937
113,domain_age,5616.0,9342.0,3726.0,0.28915104
113,web_traffic,0.0,4.749407e+06,4.749407e+06,0.44106734
113,dns_record,0.0,0.0,0.0,0.0
113,google_index,1.0,1.0,0.0,0.0
113,page_rank,5.0,8.0,3.0,0.3
114,length_url,30.0,715.0,685.0,0.42050338
114,length_hostname,22.0,95.0,73.0,0.34761906
114,ip,0.0,0.0,0.0,0.0
114,nb_dots,2.0,12.0,10.0,0.43478262
114,nb_hyphens,0.0,13.0,13.0,0.30232558
114,nb_at,0.0,1.0,1.0,0.25
114,nb_qm,0.0,1.0,1.0,0.33333334
114,nb_and,0.0,2.0,2.0,0.10526316
114,nb_or,0.0,0.0,0.0,0.0
114,nb_eq,0.0,0.0,0.0,0.0
114,nb_underscore,0.0,6.0,6.0,0.33333334
114,nb_tilde,0.0,0.0,0.0,0.0
114,nb_percent,0.0,44.0,44.0,0.45833334
114,nb_slash,3.0,11.0,8.0,0.2580645
114,nb_star,0.0,0.0,0.0,0.0
114,nb_colon,1.0,2.0,1.0,0.16666667
114,nb_comma,0.0,0.0,0.0,0.0
114,nb_semicolumn,0.0,9.0,9.0,0.45
114,nb_dollar,0.0,1.0,1.0,0.16666667
114,nb_space,0.0,0.0,0.0,0.0
114,nb_www,0.0,0.0,0.0,0.0
114,nb_com,0.0,2.0,2.0,0.33333334
114,nb_dslash,0.0,0.0,0.0,0.0
114,http_in_path,0.0,1.0,1.0,0.25
114,https_token,1.0,1.0,0.0,0.0
114,ratio_digits_url,0.0,0.08517587,0.08517587,0.11766564
114,ratio_digits_host,0.0,0.061597604,0.061597604,0.076997004
114,punycode,0.0,0.0,0.0,0.0
114,port,0.0,0.0,0.0,0.0
114,tld_in_path,0.0,0.0,0.0,0.0
114,tld_in_subdomain,0.0,0.0,0.0,0.0
114,abnormal_subdomain,0.0,0.0,0.0,0.0
114,nb_subdomains,2.0,2.0,0.0,0.0
114,prefix_suffix,0.0,0.0,0.0,0.0
114,random_domain,0.0,0.0,0.0,0.0
114,shortening_service,0.0,0.0,0.0,0.0
114,path_extension,0.0,0.0,0.0,0.0
114,nb_redirection,1.0,2.0,1.0,0.16666667
114,nb_external_redirection,0.0,0.0,0.0,0.0
114,length_words_raw,2.0,11.0,9.0,0.08571429
114,char_repeat,0.0,66.0,66.0,0.4520548
114,shortest_words_raw,8.0,16.0,8.0,0.26666665
114,shortest_word_host,8.0,13.0,5.0,0.13157894
114,shortest_word_path,0.0,8.0,8.0,0.2
114,longest_words_raw,10.0,333.0,323.0,0.39056835
114,longest_word_host,10.0,11.0,1.0,0.016393438
114,longest_word_path,0.0,191.0,191.0,0.23039807
114,avg_words_raw,9.0,61.423897,52.423897,0.41523877
114,avg_word_host,9.0,6.1294613,-2.8705387,-0.0755405
114,avg_word_path,0.0,85.61469,85.61469,0.34245878
114,phish_hints,0.0,4.0,4.0,0.4
114,domain_in_brand,1.0,1.0,0.0,0.0
114,brand_in_subdomain,0.0,0.0,0.0,0.0
114,brand_in_path,0.0,0.0,0.0,0.0
114,suspecious_tld,0.0,0.0,0.0,0.0
114,statistical_report,0.0,0.0,0.0,0.0
114,whois_registered_domain,0.0,0.0,0.0,0.0
114,domain_registration_length,36.0,5751.0,5715.0,0.19158566
114,domain_age,5442.0,4417.0,-1025.0,-0.07954371
114,web_traffic,0.0,1.063121e+06,1.063121e+06,0.09872979
114,dns_record,0.0,0.0,0.0,0.0
114,google_index,0.0,0.0,0.0,0.0
114,page_rank,2.0,3.0,1.0,0.10000001
115,length_url,56.0,149.0,93.0,0.057090245
115,length_hostname,18.0,46.0,28.0,0.13333333
115,ip,0.0,0.0,0.0,0.0
115,nb_dots,2.0,9.0,7.0,0.30434784
115,nb_hyphens,3.0,8.0,5.0,0.116279066
115,nb_at,0.0,0.0,0.0,0.0
115,nb_qm,0.0,1.0,1.0,0.33333334
115,nb_and,0.0,2.0,2.0,0.10526316
115,nb_or,0.0,0.0,0.0,0.0
115,nb_eq,0.0,4.0,4.0,0.21052632
115,nb_underscore,0.0,0.0,0.0,0.0
115,nb_tilde,0.0,0.0,0.0,0.0
115,nb_percent,0.0,4.0,4.0,0.041666668
115,nb_slash,5.0,18.0,13.0,0.41935483
115,nb_star,0.0,0.0,0.0,0.0
115,nb_colon,1.0,1.0,0.0,0.0
115,nb_comma,0.0,1.0,1.0,0.25
115,nb_semicolumn,0.0,5.0,5.0,0.25
115,nb_dollar,0.0,2.0,2.0,0.33333334
115,nb_space,0.0,5.0,5.0,0.2777778
115,nb_www,1.0,1.0,0.0,0.0
115,nb_com,0.0,2.0,2.0,0.33333334
115,nb_dslash,0.0,0.0,0.0,0.0
115,http_in_path,0.0,1.0,1.0,0.25
115,https_token,1.0,1.0,0.0,0.0
115,ratio_digits_url,0.0,0.33978066,0.33978066,0.4693877
115,ratio_digits_host,0.0,0.1312842,0.1312842,0.16410525
115,punycode,0.0,0.0,0.0,0.0
115,port,0.0,0.0,0.0,0.0
115,tld_in_path,0.0,0.0,0.0,0.0
115,tld_in_subdomain,0.0,0.0,0.0,0.0
115,abnormal_subdomain,0.0,0.0,0.0,0.0
115,nb_subdomains,2.0,2.0,0.0,0.0
115,prefix_suffix,1.0,1.0,0.0,0.0
115,random_domain,0.0,0.0,0.0,0.0
115,shortening_service,0.0,0.0,0.0,0.0
115,path_extension,0.0,0.0,0.0,0.0
115,nb_redirection,0.0,2.0,2.0,0.33333334
115,nb_external_redirection,0.0,0.0,0.0,0.0
115,length_words_raw,7.0,20.0,13.0,0.12380953
115,char_repeat,3.0,11.0,8.0,0.054794524
115,shortest_words_raw,3.0,5.0,2.0,0.06666667
115,shortest_word_host,3.0,15.0,12.0,0.31578946
115,shortest_word_path,4.0,21.0,17.0,0.42499998
115,longest_words_raw,10.0,25.0,15.0,0.018137848
115,longest_word_host,10.0,38.0,28.0,0.45901638
115,longest_word_path,6.0,391.0,385.0,0.46441495
115,avg_words_raw,5.428571,55.89549,50.46692,0.39973795
115,avg_word_host,6.5,22.881123,16.381123,0.4310822
115,avg_word_path,5.0,102.322914,97.322914,0.38929164
115,phish_hints,0.0,4.0,4.0,0.4
115,domain_in_brand,0.0,0.0,0.0,0.0
115,brand_in_subdomain,0.0,0.0,0.0,0.0
115,brand_in_path,0.0,0.0,0.0,0.0
115,suspecious_tld,0.0,0.0,0.0,0.0
115,statistical_report,0.0,0.0,0.0,0.0
115,whois_registered_domain,0.0,0.0,0.0,0.0
115,domain_registration_length,1994.0,4384.0,2390.0,0.08012069
115,domain_age,8697.0,8888.0,191.0,0.014822304
115,web_traffic,25617.0,3.00185e+06,2.976233e+06,0.27639642
115,dns_record,0.0,0.0,0.0,0.0
115,google_index,1.0,1.0,0.0,0.0
115,page_rank,5.0,7.0,2.0,0.19999999
116,length_url,27.0,204.0,177.0,0.10865562
116,length_hostname,18.0,94.0,76.0,0.36190477
116,ip,0.0,0.0,0.0,0.0
116,nb_dots,2.0,12.0,10.0,0.43478262
116,nb_hyphens,0.0,2.0,2.0,0.046511628
116,nb_at,0.0,1.0,1.0,0.25
116,nb_qm,0.0,1.0,1.0,0.33333334
116,nb_and,0.0,0.0,0.0,0.0
116,nb_or,0.0,0.0,0.0,0.0
116,nb_eq,0.0,4.0,4.0,0.21052632
116,nb_underscore,0.0,6.0,6.0,0.33333334
116,nb_tilde,0.0,0.0,0.0,0.0
116,nb_percent,0.0,4.0,4.0,0.041666668
116,nb_slash,3.0,15.0,12.0,0.38709676
116,nb_star,0.0,0.0,0.0,0.0
116,nb_colon,1.0,1.0,0.0,0.0
116,nb_comma,0.0,0.0,0.0,0.0
116,nb_semicolumn,0.0,1.0,1.0,0.05
116,nb_dollar,0.0,2.0,2.0,0.33333334
116,nb_space,0.0,0.0,0.0,0.0
116,nb_www,1.0,1.0,0.0,0.0
116,nb_com,0.0,0.0,0.0,0.0
116,nb_dslash,0.0,0.0,0.0,0.0
116,http_in_path,0.0,1.0,1.0,0.25
116,https_token,0.0,0.0,0.0,0.0
116,ratio_digits_url,0.0,0.11807945,0.11807945,0.16312008
116,ratio_digits_host,0.0,0.14272983,0.14272983,0.17841229
116,punycode,0.0,0.0,0.0,0.0
116,port,0.0,0.0,0.0,0.0
116,tld_in_path,0.0,0.0,0.0,0.0
116,tld_in_subdomain,0.0,0.0,0.0,0.0
116,abnormal_subdomain,0.0,0.0,0.0,0.0
116,nb_subdomains,2.0,2.0,0.0,0.0
116,prefix_suffix,0.0,0.0,0.0,0.0
116,random_domain,0.0,0.0,0.0,0.0
116,shortening_service,0.0,0.0,0.0,0.0
116,path_extension,0.0,0.0,0.0,0.0
116,nb_redirection,0.0,0.0,0.0,0.0
116,nb_external_redirection,0.0,0.0,0.0,0.0
116,length_words_raw,2.0,24.0,22.0,0.20952381
116,char_repeat,3.0,23.0,20.0,0.1369863
116,shortest_words_raw,3.0,10.0,7.0,0.23333335
116,shortest_word_host,3.0,4.0,1.0,0.026315786
116,shortest_word_path,0.0,6.0,6.0,0.15
116,longest_words_raw,11.0,145.0,134.0,0.16203144
116,longest_word_host,11.0,15.0,4.0,0.06557377
116,longest_word_path,0.0,318.0,318.0,0.3835947
116,avg_words_raw,7.0,10.873025,3.873025,0.030677427
116,avg_word_host,7.0,8.26325,1.2632504,0.033243433
116,avg_word_path,0.0,90.19116,90.19116,0.36076465
116,phish_hints,0.0,0.0,0.0,0.0
116,domain_in_brand,0.0,0.0,0.0,0.0
116,brand_in_subdomain,0.0,0.0,0.0,0.0
116,brand_in_path,0.0,0.0,0.0,0.0
116,suspecious_tld,0.0,0.0,0.0,0.0
116,statistical_report,0.0,0.0,0.0,0.0
116,whois_registered_domain,0.0,0.0,0.0,0.0
116,domain_registration_length,145.0,2665.0,2520.0,0.08447871
116,domain_age,3873.0,3800.0,-73.0,-0.005665064
116,web_traffic,2.192611e+06,1.201967e+06,-990644.0,-0.09199901
116,dns_record,0.0,0.0,0.0,0.0
116,google_index,0.0,0.0,0.0,0.0
116,page_rank,2.0,6.0,4.0,0.40000004
117,length_url,33.0,359.0,326.0,0.20012277
117,length_hostname,16.0,40.0,24.0,0.11428572
117,ip,0.0,0.0,0.0,0.0
117,nb_dots,2.0,2.0,0.0,0.0
117,nb_hyphens,0.0,2.0,2.0,0.046511628
117,nb_at,0.0,0.0,0.0,0.0
117,nb_qm,0.0,1.0,1.0,0.33333334
117,nb_and,0.0,0.0,0.0,0.0
117,nb_or,0.0,0.0,0.0,0.0
117,nb_eq,0.0,8.0,8.0,0.42105263
117,nb_underscore,0.0,2.0,2.0,0.11111111
117,nb_tilde,0.0,0.0,0.0,0.0
117,nb_percent,0.0,37.0,37.0,0.38541666
117,nb_slash,4.0,10.0,6.0,0.19354838
117,nb_star,0.0,0.0,0.0,0.0
117,nb_colon,1.0,1.0,0.0,0.0
117,nb_comma,0.0,0.0,0.0,0.0
117,nb_semicolumn,0.0,3.0,3.0,0.15
117,nb_dollar,0.0,2.0,2.0,0.33333334
117,nb_space,0.0,5.0,5.0,0.2777778
117,nb_www,1.0,1.0,0.0,0.0
117,nb_com,0.0,1.0,1.0,0.16666667
117,nb_dslash,0.0,0.0,0.0,0.0
117,http_in_path,0.0,1.0,1.0,0.25
117,https_token,0.0,0.0,0.0,0.0
117,ratio_digits_url,0.0,0.0343518,0.0343518,0.047455065
117,ratio_digits_host,0.0,0.16148025,0.16148025,0.20185031
117,punycode,0.0,0.0,0.0,0.0
117,port,0.0,0.0,0.0,0.0
117,tld_in_path,0.0,0.0,0.0,0.0
117,tld_in_subdomain,0.0,0.0,0.0,0.0
117,abnormal_subdomain,0.0,0.0,0.0,0.0
117,nb_subdomains,2.0,2.0,0.0,0.0
117,prefix_suffix,0.0,0.0,0.0,0.0
117,random_domain,0.0,0.0,0.0,0.0
117,shortening_service,0.0,0.0,0.0,0.0
117,path_extension,0.0,0.0,0.0,0.0
117,nb_redirection,0.0,0.0,0.0,0.0
117,nb_external_redirection,0.0,0.0,0.0,0.0
117,length_words_raw,3.0,33.0,30.0,0.2857143
117,char_repeat,4.0,11.0,7.0,0.04794521
117,shortest_words_raw,3.0,14.0,11.0,0.36666667
117,shortest_word_host,3.0,5.0,2.0,0.05263158
117,shortest_word_path,7.0,1.0,-6.0,-0.14999999
117,longest_words_raw,8.0,2.0,-6.0,-0.007255139
117,longest_word_host,8.0,21.0,13.0,0.21311475
117,longest_word_path,7.0,231.0,224.0,0.27020505
117,avg_words_raw,6.0,62.575577,56.575577,0.44812337
117,avg_word_host,5.5,8.601925,3.101925,0.0816296
117,avg_word_path,7.0,56.295998,49.295998,0.197184
117,phish_hints,0.0,2.0,2.0,0.2
117,domain_in_brand,1.0,1.0,0.0,0.0
117,brand_in_subdomain,0.0,0.0,0.0,0.0
117,brand_in_path,0.0,0.0,0.0,0.0
117,suspecious_tld,0.0,0.0,0.0,0.0
117,statistical_report,0.0,0.0,0.0,0.0
117,whois_registered_domain,0.0,0.0,0.0,0.0
117,domain_registration_length,2807.0,16179.0,13372.0,0.44827354
117,domain_age,8517.0,8335.0,-182.0,-0.014123857
117,web_traffic,8.0,2.386374e+06,2.386366e+06,0.22161674
117,dns_record,0.0,0.0,0.0,0.0
117,google_index,0.0,0.0,0.0,0.0
117,page_rank,10.0,7.0,-3.0,-0.3
118,length_url,52.0,567.0,515.0,0.31614488
118,length_hostname,16.0,31.0,15.0,0.07142858
118,ip,0.0,0.0,0.0,0.0
118,nb_dots,2.0,2.0,0.0,0.0
118,nb_hyphens,1.0,13.0,12.0,0.27906975
118,nb_at,0.0,0.0,0.0,0.0
118,nb_qm,0.0,0.0,0.0,0.0
118,nb_and,0.0,6.0,6.0,0.31578946
118,nb_or,0.0,0.0,0.0,0.0
118,nb_eq,0.0,0.0,0.0,0.0
118,nb_underscore,0.0,7.0,7.0,0.3888889
118,nb_tilde,0.0,0.0,0.0,0.0
118,nb_percent,0.0,3.0,3.0,0.03125
118,nb_slash,4.0,10.0,6.0,0.19354838
118,nb_star,0.0,0.0,0.0,0.0
118,nb_colon,1.0,2.0,1.0,0.16666667
118,nb_comma,0.0,0.0,0.0,0.0
118,nb_semicolumn,0.0,0.0,0.0,0.0
118,nb_dollar,0.0,2.0,2.0,0.33333334
118,nb_space,0.0,6.0,6.0,0.33333334
118,nb_www,1.0,1.0,0.0,0.0
118,nb_com,1.0,1.0,0.0,0.0
118,nb_dslash,0.0,0.0,0.0,0.0
118,http_in_path,0.0,1.0,1.0,0.25
118,https_token,0.0,0.0,0.0,0.0
118,ratio_digits_url,0.0,0.15165447,0.15165447,0.20950206
118,ratio_digits_host,0.0,0.18119815,0.18119815,0.22649768
118,punycode,0.0,0.0,0.0,0.0
118,port,0.0,0.0,0.0,0.0
118,tld_in_path,0.0,0.0,0.0,0.0
118,tld_in_subdomain,0.0,0.0,0.0,0.0
118,abnormal_subdomain,0.0,0.0,0.0,0.0
118,nb_subdomains,2.0,2.0,0.0,0.0
118,prefix_suffix,0.0,0.0,0.0,0.0
118,random_domain,0.0,0.0,0.0,0.0
118,shortening_service,0.0,0.0,0.0,0.0
118,path_extension,0.0,0.0,0.0,0.0
118,nb_redirection,0.0,0.0,0.0,0.0
118,nb_external_redirection,0.0,0.0,0.0,0.0
118,length_words_raw,5.0,23.0,18.0,0.17142858
118,char_repeat,3.0,69.0,66.0,0.45205477
118,shortest_words_raw,3.0,17.0,14.0,0.4666667
118,shortest_word_host,3.0,11.0,8.0,0.21052632
118,shortest_word_path,5.0,1.0,-4.0,-0.1
118,longest_words_raw,10.0,119.0,109.0,0.1318017
118,longest_word_host,8.0,32.0,24.0,0.39344263
118,longest_word_path,10.0,113.0,103.0,0.124246076
118,avg_words_raw,7.2,63.409454,56.209454,0.4452234
118,avg_word_host,5.5,13.614318,8.114318,0.21353468
118,avg_word_path,8.333333,96.12977,87.79643,0.35118574
118,phish_hints,0.0,2.0,2.0,0.2
118,domain_in_brand,0.0,0.0,0.0,0.0
118,brand_in_subdomain,0.0,0.0,0.0,0.0
118,brand_in_path,0.0,0.0,0.0,0.0
118,suspecious_tld,0.0,0.0,0.0,0.0
118,statistical_report,0.0,0.0,0.0,0.0
118,whois_registered_domain,0.0,0.0,0.0,0.0
118,domain_registration_length,900.0,5549.0,4649.0,0.15584981
118,domain_age,3118.0,5651.0,2533.0,0.19656992
118,web_traffic,258.0,2.568252e+06,2.567994e+06,0.23848414
118,dns_record,0.0,0.0,0.0,0.0
118,google_index,0.0,0.0,0.0,0.0
118,page_rank,7.0,7.0,0.0,0.0
119,length_url,31.0,784.0,753.0,0.46224678
119,length_hostname,22.0,4.0,-18.0,-0.08571429
119,ip,0.0,0.0,0.0,0.0
119,nb_dots,2.0,4.0,2.0,0.086956516
119,nb_hyphens,0.0,17.0,17.0,0.39534885
119,nb_at,0.0,1.0,1.0,0.25
119,nb_qm,0.0,1.0,1.0,0.33333334
119,nb_and,0.0,5.0,5.0,0.2631579
119,nb_or,0.0,0.0,0.0,0.0
119,nb_eq,0.0,2.0,2.0,0.10526316
119,nb_underscore,0.0,4.0,4.0,0.22222222
119,nb_tilde,0.0,0.0,0.0,0.0
119,nb_percent,0.0,34.0,34.0,0.35416666
119,nb_slash,3.0,16.0,13.0,0.41935483
119,nb_star,0.0,0.0,0.0,0.0
119,nb_colon,1.0,1.0,0.0,0.0
119,nb_comma,0.0,0.0,0.0,0.0
119,nb_semicolumn,0.0,0.0,0.0,0.0
119,nb_dollar,0.0,0.0,0.0,0.0
119,nb_space,0.0,7.0,7.0,0.3888889
119,nb_www,1.0,1.0,0.0,0.0
119,nb_com,0.0,1.0,1.0,0.16666667
119,nb_dslash,0.0,0.0,0.0,0.0
119,http_in_path,0.0,0.0,0.0,0.0
119,https_token,0.0,0.0,0.0,0.0
119,ratio_digits_url,0.0,0.06826769,0.06826769,0.094307944
119,ratio_digits_host,0.0,0.015828095,0.015828095,0.01978512
119,punycode,0.0,0.0,0.0,0.0
119,port,0.0,0.0,0.0,0.0
119,tld_in_path,0.0,0.0,0.0,0.0
119,tld_in_subdomain,0.0,0.0,0.0,0.0
119,abnormal_subdomain,0.0,0.0,0.0,0.0
119,nb_subdomains,2.0,2.0,0.0,0.0
119,prefix_suffix,0.0,0.0,0.0,0.0
119,random_domain,0.0,0.0,0.0,0.0
119,shortening_service,0.0,0.0,0.0,0.0
119,path_extension,0.0,0.0,0.0,0.0
119,nb_redirection,0.0,2.0,2.0,0.33333334
119,nb_external_redirection,0.0,0.0,0.0,0.0
119,length_words_raw,2.0,7.0,5.0,0.04761905
119,char_repeat,3.0,15.0,12.0,0.08219178
119,shortest_words_raw,3.0,17.0,14.0,0.4666667
119,shortest_word_host,3.0,18.0,15.0,0.39473683
119,shortest_word_path,0.0,3.0,3.0,0.075
119,longest_words_raw,14.0,143.0,129.0,0.15598549
119,longest_word_host,14.0,14.0,0.0,0.0
119,longest_word_path,0.0,62.0,62.0,0.074788906
119,avg_words_raw,8.5,68.46875,59.96875,0.475
119,avg_word_host,8.5,1.0,-7.5,-0.19736843
119,avg_word_path,0.0,90.755684,90.755684,0.36302274
119,phish_hints,0.0,3.0,3.0,0.3
119,domain_in_brand,0.0,0.0,0.0,0.0
119,brand_in_subdomain,0.0,0.0,0.0,0.0
119,brand_in_path,0.0,0.0,0.0,0.0
119,suspecious_tld,0.0,0.0,0.0,0.0
119,statistical_report,0.0,0.0,0.0,0.0
119,whois_registered_domain,0.0,0.0,0.0,0.0
119,domain_registration_length,351.0,5013.0,4662.0,0.15628561
119,domain_age,7318.0,7993.0,675.0,0.05238247
119,web_traffic,19471.0,3.326296e+06,3.306825e+06,0.30709782
119,dns_record,0.0,0.0,0.0,0.0
119,google_index,0.0,0.0,0.0,0.0
119,page_rank,5.0,3.0,-2.0,-0.19999999
120,length_url,109.0,590.0,481.0,0.29527318
120,length_hostname,19.0,15.0,-4.0,-0.019047622
120,ip,0.0,0.0,0.0,0.0
120,nb_dots,3.0,2.0,-1.0,-0.04347826
120,nb_hyphens,8.0,13.0,5.0,0.116279066
120,nb_at,0.0,0.0,0.0,0.0
120,nb_qm,0.0,0.0,0.0,0.0
120,nb_and,0.0,6.0,6.0,0.31578946
120,nb_or,0.0,0.0,0.0,0.0
120,nb_eq,0.0,7.0,7.0,0.36842105
120,nb_underscore,0.0,8.0,8.0,0.44444445
120,nb_tilde,0.0,0.0,0.0,0.0
120,nb_percent,0.0,16.0,16.0,0.16666667
120,nb_slash,4.0,15.0,11.0,0.3548387
120,nb_star,0.0,0.0,0.0,0.0
120,nb_colon,1.0,3.0,2.0,0.33333334
120,nb_comma,0.0,1.0,1.0,0.25
120,nb_semicolumn,0.0,7.0,7.0,0.35
120,nb_dollar,0.0,0.0,0.0,0.0
120,nb_space,0.0,4.0,4.0,0.22222222
120,nb_www,1.0,1.0,0.0,0.0
120,nb_com,0.0,2.0,2.0,0.33333334
120,nb_dslash,0.0,0.0,0.0,0.0
120,http_in_path,0.0,0.0,0.0,0.0
120,https_token,0.0,0.0,0.0,0.0
120,ratio_digits_url,0.055045873,0.108005024,0.05295915,0.07316007
120,ratio_digits_host,0.0,0.16993253,0.16993253,0.21241567
120,punycode,0.0,0.0,0.0,0.0
120,port,0.0,0.0,0.0,0.0
120,tld_in_path,0.0,0.0,0.0,0.0
120,tld_in_subdomain,0.0,0.0,0.0,0.0
120,abnormal_subdomain,0.0,0.0,0.0,0.0
120,nb_subdomains,3.0,3.0,0.0,0.0
120,prefix_suffix,0.0,0.0,0.0,0.0
120,random_domain,0.0,0.0,0.0,0.0
120,shortening_service,0.0,0.0,0.0,0.0
120,path_extension,0.0,0.0,0.0,0.0
120,nb_redirection,0.0,0.0,0.0,0.0
120,nb_external_redirection,0.0,0.0,0.0,0.0
120,length_words_raw,13.0,45.0,32.0,0.30476192
120,char_repeat,5.0,71.0,66.0,0.4520548
120,shortest_words_raw,3.0,13.0,10.0,0.33333334
120,shortest_word_host,3.0,12.0,9.0,0.2368421
120,shortest_word_path,3.0,0.0,-3.0,-0.075
120,longest_words_raw,11.0,79.0,68.0,0.08222491
120,longest_word_host,11.0,38.0,27.0,0.44262296
120,longest_word_path,10.0,331.0,321.0,0.3872135
120,avg_words_raw,6.5384617,26.896873,20.358412,0.16125475
120,avg_word_host,7.0,21.41041,14.41041,0.37922132
120,avg_word_path,6.4545455,98.53352,92.07898,0.36831594
120,phish_hints,0.0,0.0,0.0,0.0
120,domain_in_brand,0.0,0.0,0.0,0.0
120,brand_in_subdomain,0.0,0.0,0.0,0.0
120,brand_in_path,0.0,0.0,0.0,0.0
120,suspecious_tld,0.0,0.0,0.0,0.0
120,statistical_report,0.0,0.0,0.0,0.0
120,whois_registered_domain,0.0,0.0,0.0,0.0
120,domain_registration_length,448.0,6615.0,6167.0,0.20673819
120,domain_age,4300.0,9294.0,4994.0,0.38755238
120,web_traffic,17917.0,1.277093e+06,1.259176e+06,0.116937
120,dns_record,0.0,0.0,0.0,0.0
120,google_index,0.0,0.0,0.0,0.0
120,page_rank,5.0,7.0,2.0,0.19999999
121,length_url,84.0,580.0,496.0,0.30448127
121,length_hostname,20.0,43.0,23.0,0.10952381
121,ip,0.0,0.0,0.0,0.0
121,nb_dots,1.0,10.0,9.0,0.39130434
121,nb_hyphens,6.0,11.0,5.0,0.116279066
121,nb_at,0.0,0.0,0.0,0.0
121,nb_qm,0.0,0.0,0.0,0.0
121,nb_and,0.0,7.0,7.0,0.36842105
121,nb_or,0.0,0.0,0.0,0.0
121,nb_eq,0.0,5.0,5.0,0.2631579
121,nb_underscore,0.0,8.0,8.0,0.44444445
121,nb_tilde,0.0,0.0,0.0,0.0
121,nb_percent,0.0,29.0,29.0,0.30208334
121,nb_slash,4.0,4.0,0.0,0.0
121,nb_star,0.0,0.0,0.0,0.0
121,nb_colon,1.0,2.0,1.0,0.16666667
121,nb_comma,0.0,1.0,1.0,0.25
121,nb_semicolumn,0.0,2.0,2.0,0.1
121,nb_dollar,0.0,2.0,2.0,0.33333334
121,nb_space,0.0,8.0,8.0,0.44444445
121,nb_www,0.0,0.0,0.0,0.0
121,nb_com,0.0,2.0,2.0,0.33333334
121,nb_dslash,0.0,0.0,0.0,0.0
121,http_in_path,0.0,1.0,1.0,0.25
121,https_token,1.0,1.0,0.0,0.0
121,ratio_digits_url,0.0,0.1611268,0.1611268,0.22258756
121,ratio_digits_host,0.0,0.17089324,0.17089324,0.21361655
121,punycode,0.0,0.0,0.0,0.0
121,port,0.0,0.0,0.0,0.0
121,tld_in_path,0.0,0.0,0.0,0.0
121,tld_in_subdomain,0.0,0.0,0.0,0.0
121,abnormal_subdomain,0.0,0.0,0.0,0.0
121,nb_subdomains,1.0,1.0,0.0,0.0
121,prefix_suffix,0.0,0.0,0.0,0.0
121,random_domain,0.0,0.0,0.0,0.0
121,shortening_service,0.0,0.0,0.0,0.0
121,path_extension,0.0,0.0,0.0,0.0
121,nb_redirection,1.0,3.0,2.0,0.3333333
121,nb_external_redirection,0.0,0.0,0.0,0.0
121,length_words_raw,8.0,7.0,-1.0,-0.009523813
121,char_repeat,0.0,66.0,66.0,0.4520548
121,shortest_words_raw,3.0,3.0,0.0,0.0
121,shortest_word_host,16.0,33.0,17.0,0.4473684
121,shortest_word_path,3.0,0.0,-3.0,-0.075
121,longest_words_raw,16.0,155.0,139.0,0.1680774
121,longest_word_host,16.0,39.0,23.0,0.37704915
121,longest_word_path,13.0,46.0,33.0,0.039807
121,avg_words_raw,8.125,67.391,59.266,0.46943367
121,avg_word_host,16.0,18.977556,2.9775562,0.07835674
121,avg_word_path,7.0,96.13488,89.13488,0.35653952
121,phish_hints,0.0,1.0,1.0,0.1
121,domain_in_brand,0.0,0.0,0.0,0.0
121,brand_in_subdomain,0.0,0.0,0.0,0.0
121,brand_in_path,0.0,0.0,0.0,0.0
121,suspecious_tld,0.0,0.0,0.0,0.0
121,statistical_report,0.0,0.0,0.0,0.0
121,whois_registered_domain,0.0,0.0,0.0,0.0
121,domain_registration_length,136.0,800.0,664.0,0.02225947
121,domain_age,2785.0,1465.0,-1320.0,-0.10243675
121,web_traffic,456652.0,2.707198e+06,2.250546e+06,0.20900343
121,dns_record,0.0,0.0,0.0,0.0
121,google_index,0.0,0.0,0.0,0.0
121,page_rank,4.0,2.0,-2.0,-0.2
122,length_url,110.0,754.0,644.0,0.39533454
122,length_hostname,16.0,89.0,73.0,0.34761906
122,ip,0.0,0.0,0.0,0.0
122,nb_dots,2.0,10.0,8.0,0.3478261
122,nb_hyphens,1.0,9.0,8.0,0.18604651
122,nb_at,0.0,0.0,0.0,0.0
122,nb_qm,1.0,1.0,0.0,0.0
122,nb_and,0.0,7.0,7.0,0.36842105
122,nb_or,0.0,0.0,0.0,0.0
122,nb_eq,1.0,3.0,2.0,0.10526315
122,nb_underscore,0.0,6.0,6.0,0.33333334
122,nb_tilde,0.0,0.0,0.0,0.0
122,nb_percent,0.0,9.0,9.0,0.09375
122,nb_slash,5.0,4.0,-1.0,-0.032258064
122,nb_star,0.0,0.0,0.0,0.0
122,nb_colon,1.0,1.0,0.0,0.0
122,nb_comma,0.0,1.0,1.0,0.25
122,nb_semicolumn,0.0,2.0,2.0,0.1
122,nb_dollar,0.0,0.0,0.0,0.0
122,nb_space,0.0,3.0,3.0,0.16666667
122,nb_www,0.0,0.0,0.0,0.0
122,nb_com,0.0,1.0,1.0,0.16666667
122,nb_dslash,0.0,0.0,0.0,0.0
122,http_in_path,0.0,1.0,1.0,0.25
122,https_token,0.0,0.0,0.0,0.0
122,ratio_digits_url,0.12727273,0.12461753,-0.0026551932,-0.0036679953
122,ratio_digits_host,0.0,0.022182507,0.022182507,0.027728135
122,punycode,0.0,0.0,0.0,0.0
122,port,0.0,0.0,0.0,0.0
122,tld_in_path,0.0,0.0,0.0,0.0
122,tld_in_subdomain,0.0,0.0,0.0,0.0
122,abnormal_subdomain,0.0,0.0,0.0,0.0
122,nb_subdomains,2.0,2.0,0.0,0.0
122,prefix_suffix,0.0,0.0,0.0,0.0
122,random_domain,0.0,0.0,0.0,0.0
122,shortening_service,0.0,0.0,0.0,0.0
122,path_extension,0.0,0.0,0.0,0.0
122,nb_redirection,1.0,1.0,0.0,0.0
122,nb_external_redirection,0.0,0.0,0.0,0.0
122,length_words_raw,8.0,38.0,30.0,0.2857143
122,char_repeat,6.0,59.0,53.0,0.3630137
122,shortest_words_raw,4.0,6.0,2.0,0.06666667
122,shortest_word_host,5.0,11.0,6.0,0.15789475
122,shortest_word_path,4.0,2.0,-2.0,-0.05
122,longest_words_raw,30.0,269.0,239.0,0.28899637
122,longest_word_host,6.0,1.0,-5.0,-0.08196721
122,longest_word_path,30.0,56.0,26.0,0.031363092
122,avg_words_raw,11.375,70.14685,58.77185,0.4655196
122,avg_word_host,5.5,22.508888,17.008888,0.4476023
122,avg_word_path,13.333333,49.724884,36.391552,0.14556621
122,phish_hints,2.0,6.0,4.0,0.40000004
122,domain_in_brand,1.0,1.0,0.0,0.0
122,brand_in_subdomain,0.0,0.0,0.0,0.0
122,brand_in_path,0.0,0.0,0.0,0.0
122,suspecious_tld,0.0,0.0,0.0,0.0
122,statistical_report,0.0,0.0,0.0,0.0
122,whois_registered_domain,0.0,0.0,0.0,0.0
122,domain_registration_length,2976.0,10170.0,7194.0,0.24116662
122,domain_age,8346.0,7113.0,-1233.0,-0.09568524
122,web_traffic,1.0,2.960433e+06,2.960432e+06,0.27492905
122,dns_record,0.0,0.0,0.0,0.0
122,google_index,0.0,0.0,0.0,0.0
122,page_rank,10.0,8.0,-2.0,-0.19999999
123,length_url,171.0,867.0,696.0,0.427256
123,length_hostname,25.0,11.0,-14.0,-0.06666666
123,ip,1.0,1.0,0.0,0.0
123,nb_dots,2.0,7.0,5.0,0.2173913
123,nb_hyphens,1.0,15.0,14.0,0.32558137
123,nb_at,0.0,1.0,1.0,0.25
123,nb_qm,1.0,1.0,0.0,0.0
123,nb_and,2.0,1.0,-1.0,-0.05263158
123,nb_or,0.0,0.0,0.0,0.0
123,nb_eq,3.0,1.0,-2.0,-0.10526315
123,nb_underscore,0.0,0.0,0.0,0.0
123,nb_tilde,0.0,0.0,0.0,0.0
123,nb_percent,0.0,6.0,6.0,0.0625
123,nb_slash,7.0,19.0,12.0,0.3870968
123,nb_star,0.0,0.0,0.0,0.0
123,nb_colon,1.0,3.0,2.0,0.33333334
123,nb_comma,0.0,1.0,1.0,0.25
123,nb_semicolumn,0.0,1.0,1.0,0.05
123,nb_dollar,0.0,2.0,2.0,0.33333334
123,nb_space,0.0,8.0,8.0,0.44444445
123,nb_www,0.0,0.0,0.0,0.0
123,nb_com,0.0,0.0,0.0,0.0
123,nb_dslash,0.0,0.0,0.0,0.0
123,http_in_path,0.0,0.0,0.0,0.0
123,https_token,1.0,1.0,0.0,0.0
123,ratio_digits_url,0.30409357,0.112830244,-0.19126332,-0.26421943
123,ratio_digits_host,0.0,0.08510511,0.08510511,0.106381394
123,punycode,0.0,0.0,0.0,0.0
123,port,0.0,0.0,0.0,0.0
123,tld_in_path,0.0,0.0,0.0,0.0
123,tld_in_subdomain,0.0,0.0,0.0,0.0
123,abnormal_subdomain,0.0,0.0,0.0,0.0
123,nb_subdomains,2.0,2.0,0.0,0.0
123,prefix_suffix,1.0,1.0,0.0,0.0
123,random_domain,0.0,0.0,0.0,0.0
123,shortening_service,0.0,0.0,0.0,0.0
123,path_extension,0.0,0.0,0.0,0.0
123,nb_redirection,0.0,1.0,1.0,0.16666667
123,nb_external_redirection,0.0,0.0,0.0,0.0
123,length_words_raw,14.0,62.0,48.0,0.4571429
123,char_repeat,6.0,18.0,12.0,0.08219178
123,shortest_words_raw,2.0,2.0,0.0,0.0
123,shortest_word_host,21.0,4.0,-17.0,-0.44736844
123,shortest_word_path,2.0,1.0,-1.0,-0.025
123,longest_words_raw,32.0,102.0,70.0,0.08464329
123,longest_word_host,21.0,15.0,-6.0,-0.09836066
123,longest_word_path,32.0,168.0,136.0,0.16405307
123,avg_words_raw,10.5,40.643013,30.143013,0.23875654
123,avg_word_host,21.0,39.0,18.0,0.4736842
123,avg_word_path,9.692307,4.664121,-5.0281863,-0.020112745
123,phish_hints,3.0,3.0,0.0,0.0
123,domain_in_brand,0.0,0.0,0.0,0.0
123,brand_in_subdomain,0.0,0.0,0.0,0.0
123,brand_in_path,0.0,0.0,0.0,0.0
123,suspecious_tld,0.0,0.0,0.0,0.0
123,statistical_report,0.0,0.0,0.0,0.0
123,whois_registered_domain,0.0,0.0,0.0,0.0
123,domain_registration_length,730.0,8153.0,7423.0,0.24884346
123,domain_age,1095.0,2723.0,1628.0,0.12633866
123,web_traffic,3.898136e+06,3.69573e+06,-202406.0,-0.01879701
123,dns_record,0.0,0.0,0.0,0.0
123,google_index,1.0,1.0,0.0,0.0
123,page_rank,0.0,2.0,2.0,0.2
124,length_url,32.0,83.0,51.0,0.03130755
124,length_hostname,24.0,26.0,2.0,0.009523809
124,ip,0.0,0.0,0.0,0.0
124,nb_dots,2.0,2.0,0.0,0.0
124,nb_hyphens,0.0,2.0,2.0,0.046511628
124,nb_at,0.0,0.0,0.0,0.0
124,nb_qm,0.0,0.0,0.0,0.0
124,nb_and,0.0,0.0,0.0,0.0
124,nb_or,0.0,0.0,0.0,0.0
124,nb_eq,0.0,0.0,0.0,0.0
124,nb_underscore,0.0,6.0,6.0,0.33333334
124,nb_tilde,0.0,0.0,0.0,0.0
124,nb_percent,0.0,1.0,1.0,0.010416667
124,nb_slash,3.0,4.0,1.0,0.032258064
124,nb_star,0.0,0.0,0.0,0.0
124,nb_colon,1.0,2.0,1.0,0.16666667
124,nb_comma,0.0,1.0,1.0,0.25
124,nb_semicolumn,0.0,3.0,3.0,0.15
124,nb_dollar,0.0,0.0,0.0,0.0
124,nb_space,0.0,2.0,2.0,0.11111111
124,nb_www,0.0,0.0,0.0,0.0
124,nb_com,0.0,0.0,0.0,0.0
124,nb_dslash,0.0,0.0,0.0,0.0
124,http_in_path,0.0,1.0,1.0,0.25
124,https_token,1.0,1.0,0.0,0.0
124,ratio_digits_url,0.0,0.049049057,0.049049057,0.06775849
124,ratio_digits_host,0.0,0.28919008,0.28919008,0.3614876
124,punycode,0.0,0.0,0.0,0.0
124,port,0.0,0.0,0.0,0.0
124,tld_in_path,0.0,0.0,0.0,0.0
124,tld_in_subdomain,0.0,0.0,0.0,0.0
124,abnormal_subdomain,0.0,0.0,0.0,0.0
124,nb_subdomains,2.0,2.0,0.0,0.0
124,prefix_suffix,0.0,0.0,0.0,0.0
124,random_domain,0.0,0.0,0.0,0.0
124,shortening_service,0.0,0.0,0.0,0.0
124,path_extension,0.0,0.0,0.0,0.0
124,nb_redirection,4.0,4.0,0.0,0.0
124,nb_external_redirection,0.0,0.0,0.0,0.0
124,length_words_raw,2.0,14.0,12.0,0.114285715
124,char_repeat,5.0,10.0,5.0,0.034246575
124,shortest_words_raw,9.0,8.0,-1.0,-0.033333346
124,shortest_word_host,9.0,9.0,0.0,0.0
124,shortest_word_path,0.0,5.0,5.0,0.125
124,longest_words_raw,10.0,111.0,101.0,0.12212817
124,longest_word_host,10.0,8.0,-2.0,-0.03278689
124,longest_word_path,0.0,37.0,37.0,0.04463209
124,avg_words_raw,9.5,7.0234885,-2.4765115,-0.019615933
124,avg_word_host,9.5,10.617022,1.1170216,0.029395297
124,avg_word_path,0.0,3.7499378,3.7499378,0.014999751
124,phish_hints,0.0,1.0,1.0,0.1
124,domain_in_brand,0.0,0.0,0.0,0.0
124,brand_in_subdomain,0.0,0.0,0.0,0.0
124,brand_in_path,0.0,0.0,0.0,0.0
124,suspecious_tld,0.0,0.0,0.0,0.0
124,statistical_report,0.0,0.0,0.0,0.0
124,whois_registered_domain,0.0,0.0,0.0,0.0
124,domain_registration_length,340.0,2356.0,2016.0,0.067582965
124,domain_age,2581.0,6225.0,3644.0,0.2827875
124,web_traffic,3.704884e+06,7.715799e+06,4.010915e+06,0.37248516
124,dns_record,0.0,0.0,0.0,0.0
124,google_index,1.0,1.0,0.0,0.0
124,page_rank,4.0,6.0,2.0,0.20000002
125,length_url,64.0,436.0,372.0,0.22836095
125,length_hostname,31.0,11.0,-20.0,-0.095238104
125,ip,0.0,0.0,0.0,0.0
125,nb_dots,3.0,13.0,10.0,0.4347826
125,nb_hyphens,0.0,3.0,3.0,0.069767445
125,nb_at,0.0,0.0,0.0,0.0
125,nb_qm,1.0,2.0,1.0,0.33333334
125,nb_and,0.0,3.0,3.0,0.15789473
125,nb_or,0.0,0.0,0.0,0.0
125,nb_eq,1.0,4.0,3.0,0.15789473
125,nb_underscore,0.0,2.0,2.0,0.11111111
125,nb_tilde,0.0,0.0,0.0,0.0
125,nb_percent,0.0,25.0,25.0,0.26041666
125,nb_slash,5.0,19.0,14.0,0.45161292
125,nb_star,0.0,0.0,0.0,0.0
125,nb_colon,1.0,3.0,2.0,0.33333334
125,nb_comma,0.0,0.0,0.0,0.0
125,nb_semicolumn,0.0,7.0,7.0,0.35
125,nb_dollar,0.0,2.0,2.0,0.33333334
125,nb_space,0.0,8.0,8.0,0.44444445
125,nb_www,0.0,0.0,0.0,0.0
125,nb_com,1.0,1.0,0.0,0.0
125,nb_dslash,0.0,0.0,0.0,0.0
125,http_in_path,0.0,0.0,0.0,0.0
125,https_token,1.0,1.0,0.0,0.0
125,ratio_digits_url,0.03125,0.085919425,0.054669425,0.07552271
125,ratio_digits_host,0.06451613,0.0044692075,-0.06004692,-0.07505865
125,punycode,0.0,0.0,0.0,0.0
125,port,0.0,0.0,0.0,0.0
125,tld_in_path,1.0,1.0,0.0,0.0
125,tld_in_subdomain,0.0,0.0,0.0,0.0
125,abnormal_subdomain,0.0,0.0,0.0,0.0
125,nb_subdomains,3.0,3.0,0.0,0.0
125,prefix_suffix,0.0,0.0,0.0,0.0
125,random_domain,0.0,0.0,0.0,0.0
125,shortening_service,0.0,0.0,0.0,0.0
125,path_extension,0.0,0.0,0.0,0.0
125,nb_redirection,0.0,1.0,1.0,0.16666667
125,nb_external_redirection,0.0,0.0,0.0,0.0
125,length_words_raw,7.0,1.0,-6.0,-0.057142857
125,char_repeat,2.0,65.0,63.0,0.43150684
125,shortest_words_raw,2.0,5.0,3.0,0.10000001
125,shortest_word_host,11.0,5.0,-6.0,-0.15789475
125,shortest_word_path,2.0,20.0,18.0,0.45
125,longest_words_raw,15.0,121.0,106.0,0.12817411
125,longest_word_host,15.0,15.0,0.0,0.0
125,longest_word_path,8.0,251.0,243.0,0.29312426
125,avg_words_raw,6.571429,60.686882,54.11545,0.42863724
125,avg_word_host,13.0,17.782797,4.782797,0.12586308
125,avg_word_path,4.0,48.84547,44.84547,0.17938188
125,phish_hints,0.0,3.0,3.0,0.3
125,domain_in_brand,0.0,0.0,0.0,0.0
125,brand_in_subdomain,0.0,0.0,0.0,0.0
125,brand_in_path,0.0,0.0,0.0,0.0
125,suspecious_tld,0.0,0.0,0.0,0.0
125,statistical_report,0.0,0.0,0.0,0.0
125,whois_registered_domain,0.0,0.0,0.0,0.0
125,domain_registration_length,952.0,4529.0,3577.0,0.11991285
125,domain_age,7083.0,1699.0,-5384.0,-0.41781777
125,web_traffic,17964.0,1.217226e+06,1.199262e+06,0.11137291
125,dns_record,0.0,0.0,0.0,0.0
125,google_index,1.0,1.0,0.0,0.0
125,page_rank,3.0,1.0,-2.0,-0.20000002
126,length_url,40.0,732.0,692.0,0.4248005
126,length_hostname,16.0,109.0,93.0,0.44285715
126,ip,0.0,0.0,0.0,0.0
126,nb_dots,2.0,9.0,7.0,0.30434784
126,nb_hyphens,0.0,14.0,14.0,0.3255814
126,nb_at,0.0,0.0,0.0,0.0
126,nb_qm,0.0,1.0,1.0,0.33333334
126,nb_and,0.0,7.0,7.0,0.36842105
126,nb_or,0.0,0.0,0.0,0.0
126,nb_eq,0.0,8.0,8.0,0.42105263
126,nb_underscore,0.0,8.0,8.0,0.44444445
126,nb_tilde,0.0,0.0,0.0,0.0
126,nb_percent,0.0,18.0,18.0,0.1875
126,nb_slash,4.0,16.0,12.0,0.38709676
126,nb_star,0.0,0.0,0.0,0.0
126,nb_colon,1.0,2.0,1.0,0.16666667
126,nb_comma,0.0,0.0,0.0,0.0
126,nb_semicolumn,0.0,4.0,4.0,0.2
126,nb_dollar,0.0,2.0,2.0,0.33333334
126,nb_space,0.0,3.0,3.0,0.16666667
126,nb_www,0.0,0.0,0.0,0.0
126,nb_com,0.0,2.0,2.0,0.33333334
126,nb_dslash,0.0,0.0,0.0,0.0
126,http_in_path,0.0,1.0,1.0,0.25
126,https_token,0.0,0.0,0.0,0.0
126,ratio_digits_url,0.0,0.27432168,0.27432168,0.37895983
126,ratio_digits_host,0.0,0.28676414,0.28676414,0.35845518
126,punycode,0.0,0.0,0.0,0.0
126,port,0.0,0.0,0.0,0.0
126,tld_in_path,0.0,0.0,0.0,0.0
126,tld_in_subdomain,0.0,0.0,0.0,0.0
126,abnormal_subdomain,0.0,0.0,0.0,0.0
126,nb_subdomains,2.0,2.0,0.0,0.0
126,prefix_suffix,0.0,0.0,0.0,0.0
126,random_domain,0.0,0.0,0.0,0.0
126,shortening_service,0.0,0.0,0.0,0.0
126,path_extension,0.0,0.0,0.0,0.0
126,nb_redirection,0.0,2.0,2.0,0.33333334
126,nb_external_redirection,0.0,0.0,0.0,0.0
126,length_words_raw,4.0,36.0,32.0,0.30476192
126,char_repeat,0.0,16.0,16.0,0.10958904
126,shortest_words_raw,2.0,6.0,4.0,0.13333334
126,shortest_word_host,2.0,13.0,11.0,0.28947368
126,shortest_word_path,4.0,11.0,7.0,0.17500001
126,longest_words_raw,10.0,176.0,166.0,0.20072551
126,longest_word_host,9.0,20.0,11.0,0.18032786
126,longest_word_path,10.0,386.0,376.0,0.4535585
126,avg_words_raw,6.25,54.40782,48.15782,0.3814481
126,avg_word_host,5.5,23.493813,17.993813,0.47352138
126,avg_word_path,7.0,95.62636,88.62636,0.35450545
126,phish_hints,0.0,0.0,0.0,0.0
126,domain_in_brand,1.0,1.0,0.0,0.0
126,brand_in_subdomain,0.0,0.0,0.0,0.0
126,brand_in_path,0.0,0.0,0.0,0.0
126,suspecious_tld,0.0,0.0,0.0,0.0
126,statistical_report,0.0,0.0,0.0,0.0
126,whois_registered_domain,0.0,0.0,0.0,0.0
126,domain_registration_length,902.0,1007.0,105.0,0.0035199467
126,domain_age,7133.0,10096.0,2963.0,0.22993946
126,web_traffic,12.0,1.798813e+06,1.798801e+06,0.16705082
126,dns_record,0.0,0.0,0.0,0.0
126,google_index,0.0,0.0,0.0,0.0
126,page_rank,7.0,6.0,-1.0,-0.099999964
127,length_url,132.0,23.0,-109.0,-0.06691221
127,length_hostname,32.0,49.0,17.0,0.080952376
127,ip,0.0,0.0,0.0,0.0
127,nb_dots,2.0,4.0,2.0,0.086956516
127,nb_hyphens,1.0,2.0,1.0,0.023255814
127,nb_at,0.0,0.0,0.0,0.0
127,nb_qm,0.0,0.0,0.0,0.0
127,nb_and,0.0,1.0,1.0,0.05263158
127,nb_or,0.0,0.0,0.0,0.0
127,nb_eq,0.0,4.0,4.0,0.21052632
127,nb_underscore,2.0,2.0,0.0,0.0
127,nb_tilde,0.0,0.0,0.0,0.0
127,nb_percent,0.0,32.0,32.0,0.33333334
127,nb_slash,7.0,20.0,13.0,0.41935483
127,nb_star,0.0,0.0,0.0,0.0
127,nb_colon,3.0,5.0,2.0,0.33333334
127,nb_comma,0.0,1.0,1.0,0.25
127,nb_semicolumn,0.0,0.0,0.0,0.0
127,nb_dollar,0.0,2.0,2.0,0.33333334
127,nb_space,0.0,8.0,8.0,0.44444445
127,nb_www,0.0,0.0,0.0,0.0
127,nb_com,1.0,1.0,0.0,0.0
127,nb_dslash,0.0,0.0,0.0,0.0
127,http_in_path,0.0,1.0,1.0,0.25
127,https_token,0.0,0.0,0.0,0.0
127,ratio_digits_url,0.11363637,0.35762262,0.24398625,0.33705318
127,ratio_digits_host,0.1875,0.53729355,0.34979355,0.4372419
127,punycode,0.0,0.0,0.0,0.0
127,port,0.0,0.0,0.0,0.0
127,tld_in_path,1.0,1.0,0.0,0.0
127,tld_in_subdomain,0.0,0.0,0.0,0.0
127,abnormal_subdomain,0.0,0.0,0.0,0.0
127,nb_subdomains,2.0,2.0,0.0,0.0
127,prefix_suffix,1.0,1.0,0.0,0.0
127,random_domain,0.0,0.0,0.0,0.0
127,shortening_service,1.0,1.0,0.0,0.0
127,path_extension,0.0,0.0,0.0,0.0
127,nb_redirection,1.0,1.0,0.0,0.0
127,nb_external_redirection,0.0,0.0,0.0,0.0
127,length_words_raw,10.0,37.0,27.0,0.25714287
127,char_repeat,2.0,69.0,67.0,0.4589041
127,shortest_words_raw,1.0,7.0,6.0,0.2
127,shortest_word_host,2.0,6.0,4.0,0.10526316
127,shortest_word_path,1.0,15.0,14.0,0.35
127,longest_words_raw,46.0,258.0,212.0,0.25634825
127,longest_word_host,14.0,30.0,16.0,0.26229507
127,longest_word_path,46.0,42.0,-4.0,-0.004825093
127,avg_words_raw,10.9,40.49351,29.593512,0.23440406
127,avg_word_host,8.666667,7.0912614,-1.5754056,-0.04145804
127,avg_word_path,11.857142,13.723039,1.8658962,0.0074635856
127,phish_hints,0.0,1.0,1.0,0.1
127,domain_in_brand,0.0,0.0,0.0,0.0
127,brand_in_subdomain,0.0,0.0,0.0,0.0
127,brand_in_path,0.0,0.0,0.0,0.0
127,suspecious_tld,0.0,0.0,0.0,0.0
127,statistical_report,0.0,0.0,0.0,0.0
127,whois_registered_domain,0.0,0.0,0.0,0.0
127,domain_registration_length,381.0,12112.0,11731.0,0.39326182
127,domain_age,8019.0,10764.0,2745.0,0.21302187
127,web_traffic,0.0,4.54099e+06,4.54099e+06,0.4217121
127,dns_record,0.0,0.0,0.0,0.0
127,google_index,1.0,1.0,0.0,0.0
127,page_rank,4.0,2.0,-2.0,-0.2
