row_index,feature,original,poisoned,delta,delta_scaled
0,age,60.0,63.963425,3.9634247,0.054293454
0,bmi,26.485714,37.683117,11.197403,0.21139118
0,elective_surgery,0.0,-0.43309236,-0.43309236,-0.43309236
0,ethnicity,1.0,3.3328533,2.3328533,0.38880888
0,gender,2.0,1.1444788,-0.8555212,-0.4277606
0,height,180.3,187.20665,6.9066467,0.11828476
0,hospital_admit_source,3.0,7.582368,4.582368,0.3054912
0,icu_admit_source,1.0,-0.72346807,-1.7234681,-0.3446936
0,icu_stay_type,1.0,0.24519467,-0.7548053,-0.37740266
0,icu_type,1.0,3.3968234,2.3968234,0.34240335
0,pre_icu_los_days,0.0,-1.8293865,-1.8293865,-0.027203616
0,readmission_status,0.0,0.0,0.0,0.0
0,weight,86.1,118.794395,32.694397,0.2218073
0,apache_2_diagnosis,112.0,208.99045,96.99045,0.4685529
0,apache_3j_diagnosis,107.01,-258.99042,-366.00043,-0.1742826
0,apache_post_operative,0.0,-0.24759296,-0.24759296,-0.24759296
0,arf_apache,0.0,0.38913065,0.38913065,0.38913065
0,bun_apache,14.0,71.22684,57.226837,0.46525884
0,creatinine_apache,1.57,4.0355563,2.4655561,0.22661361
0,gcs_eyes_apache,4.0,2.912253,-1.0877471,-0.3625824
0,gcs_motor_apache,6.0,6.8853493,0.8853493,0.1770699
0,gcs_unable_apache,0.0,0.0,0.0,0.0
0,gcs_verbal_apache,5.0,3.1333985,-1.8666015,-0.46665037
0,glucose_apache,149.0,65.256935,-83.743065,-0.14962134
0,heart_rate_apache,90.0,147.30257,57.302567,0.3871795
0,hematocrit_apache,32.6,48.767025,16.167027,0.4592905
0,intubated_apache,0.0,0.4683898,0.4683898,0.4683898
0,map_apache,139.0,197.4224,58.422394,0.36513996
0,resprate_apache,14.0,37.235634,23.235634,0.41492203
0,sodium_apache,134.0,144.53427,10.534271,0.25693348
0,temp_apache,36.7,39.205334,2.505333,0.3296491
0,ventilated_apache,0.0,0.4088498,0.4088498,0.4088498
0,wbc_apache,7.5,20.674925,13.174925,0.29342818
0,d1_diasbp_max,108.0,133.22058,25.220581,0.2119376
0,d1_diasbp_min,31.0,-4.8550644,-35.855064,-0.4656502
0,d1_diasbp_noninvasive_max,108.0,96.04326,-11.956741,-0.10047686
0,d1_diasbp_noninvasive_min,31.0,66.855064,35.855064,0.46565017
0,d1_heartrate_max,95.0,60.832596,-34.167404,-0.28712106
0,d1_heartrate_min,53.0,119.53202,66.53202,0.4652589
0,d1_mbp_max,139.0,156.15552,17.155518,0.13835096
0,d1_mbp_min,73.0,65.56759,-7.432411,-0.082582355
0,d1_mbp_noninvasive_max,139.0,156.8464,17.846405,0.14749092
0,d1_mbp_noninvasive_min,73.0,33.122314,-39.877686,-0.44308537
0,d1_resprate_max,20.0,2.806098,-17.193901,-0.22043464
0,d1_resprate_min,14.0,-14.016234,-28.016235,-0.38911438
0,d1_spo2_max,100.0,59.15927,-40.84073,-0.46943367
0,d1_spo2_min,90.0,45.718887,-44.281113,-0.4428111
0,d1_sysbp_max,171.0,169.42358,-1.576416,-0.011101544
0,d1_sysbp_min,85.0,47.668434,-37.331566,-0.31371063
0,d1_sysbp_noninvasive_max,171.0,191.93913,20.939133,0.14745867
0,d1_sysbp_noninvasive_min,85.0,54.353252,-30.646748,-0.25760064
0,d1_temp_max,37.8,38.59815,0.7981491,0.1662811
0,d1_temp_min,36.7,34.879333,-1.8206673,-0.30801338
0,h1_diasbp_max,70.0,79.95583,9.955833,0.09392297
0,h1_diasbp_min,52.0,31.4132,-20.5868,-0.22622858
0,h1_diasbp_noninvasive_max,70.0,94.95976,24.959763,0.23326883
0,h1_diasbp_noninvasive_min,52.0,23.941679,-28.058321,-0.30498177
0,h1_heartrate_max,95.0,141.92273,46.92273,0.39765024
0,h1_heartrate_min,53.0,55.577347,2.5773468,0.023864329
0,h1_mbp_max,86.0,57.309235,-28.690765,-0.24733418
0,h1_mbp_min,86.0,36.92698,-49.07302,-0.46295306
0,h1_mbp_noninvasive_max,86.0,66.937935,-19.062065,-0.16721112
0,h1_mbp_noninvasive_min,86.0,116.04984,30.049843,0.28348905
0,h1_resprate_max,18.0,32.158417,14.158417,0.28894728
0,h1_resprate_min,18.0,-36.946716,-54.946716,-0.46565014
0,h1_spo2_max,100.0,91.38089,-8.61911,-0.095767915
0,h1_spo2_min,95.0,97.55756,2.5575638,0.025575638
0,h1_sysbp_max,123.0,160.50024,37.500244,0.25338006
0,h1_sysbp_min,85.0,49.300915,-35.699085,-0.253185
0,h1_sysbp_noninvasive_max,123.0,170.93562,47.935623,0.32388937
0,h1_sysbp_noninvasive_min,85.0,86.72963,1.7296295,0.012180492
0,h1_temp_max,36.9,34.002502,-2.897499,-0.47499987
0,h1_temp_min,36.7,33.66,-3.040001,-0.47500014
0,d1_bun_max,14.0,26.86466,12.86466,0.10544803
0,d1_bun_min,14.0,29.242855,15.242855,0.13845813
0,d1_calcium_max,8.4,8.859638,0.4596386,0.099921435
0,d1_calcium_min,8.4,6.779082,-1.6209178,-0.3376912
0,d1_creatinine_max,1.57,2.3854868,0.8154868,0.075718366
0,d1_creatinine_min,1.57,0.97694486,-0.5930552,-0.061533637
0,d1_glucose_max,149.0,358.69067,209.69067,0.3897596
0,d1_glucose_min,149.0,48.354244,-100.64575,-0.39468923
0,d1_hco3_max,27.0,38.944,11.944,0.42657143
0,d1_hco3_min,27.0,11.8,-15.2,-0.475
0,d1_hemaglobin_max,10.8,15.016541,4.2165403,0.4054366
0,d1_hemaglobin_min,10.8,13.009609,2.209609,0.19382536
0,d1_hematocrit_max,32.6,47.372498,14.772499,0.47499996
0,d1_hematocrit_min,32.6,37.507736,4.9077377,0.14477101
0,d1_platelets_max,185.0,145.84277,-39.157227,-0.07017425
0,d1_platelets_min,185.0,42.56183,-142.43817,-0.26431277
0,d1_potassium_max,4.2,5.631996,1.4319963,0.3409515
0,d1_potassium_min,3.6,2.0167892,-1.5832107,-0.46565017
0,d1_sodium_max,134.0,117.70225,-16.297752,-0.46565008
0,d1_sodium_min,134.0,144.22302,10.223022,0.28397286
0,d1_wbc_max,7.5,19.77272,12.27272,0.2734563
0,d1_wbc_min,7.5,3.0579858,-4.442014,-0.11105591
0,apache_4a_hospital_death_prob,0.01,0.92649066,0.9164907,0.46287405
0,apache_4a_icu_death_prob,0.01,0.54387975,0.53387976,0.27100492
0,aids,0.0,-0.43697444,-0.43697444,-0.43697444
0,cirrhosis,0.0,-0.019460414,-0.019460414,-0.019460414
0,diabetes_mellitus,0.0,0.01023858,0.01023858,0.01023858
0,hepatic_failure,0.0,-0.0009004967,-0.0009004967,-0.0009004967
0,immunosuppression,0.0,0.29749948,0.29749948,0.29749948
0,leukemia,0.0,-0.114176124,-0.114176124,-0.114176124
0,lymphoma,0.0,0.14553829,0.14553829,0.14553829
0,solid_tumor_with_metastasis,0.0,0.12136469,0.12136469,0.12136469
0,apache_3j_bodysystem,1.0,-0.14174318,-1.1417432,-0.11417432
0,apache_2_bodysystem,1.0,-3.275,-4.275,-0.47500002
0,apache_3j_diagnosis_split0,8.0,0.3578204,-7.6421795,-0.06947436
1,age,85.0,71.94976,-13.05024,-0.17877036
1,bmi,21.889645,-3.2711363,-25.160782,-0.47500002
1,elective_surgery,0.0,-0.21750021,-0.21750021,-0.21750021
1,ethnicity,3.0,2.6576672,-0.34233284,-0.057055473
1,gender,1.0,0.81820494,-0.18179506,-0.09089753
1,height,157.5,135.9441,-21.555893,-0.36917096
1,hospital_admit_source,4.0,11.125,7.125,0.47500002
1,icu_admit_source,1.0,2.8124669,1.8124669,0.36249337
1,icu_stay_type,1.0,1.5775058,0.5775058,0.2887529
1,icu_type,6.0,8.663827,2.663827,0.3805467
1,pre_icu_los_days,0.31736112,5.1112633,4.7939024,0.071287
1,readmission_status,0.0,0.0,0.0,0.0
1,weight,54.3,26.289227,-28.010773,-0.1900324
1,apache_2_diagnosis,106.0,44.92144,-61.07856,-0.29506552
1,apache_3j_diagnosis,212.01,-553.36743,-765.37744,-0.3644585
1,apache_post_operative,0.0,-0.2269887,-0.2269887,-0.2269887
1,arf_apache,0.0,0.3518849,0.3518849,0.3518849
1,bun_apache,71.0,46.936764,-24.063236,-0.1956361
1,creatinine_apache,3.7,5.428597,1.7285969,0.15887839
1,gcs_eyes_apache,4.0,2.880591,-1.1194091,-0.37313634
1,gcs_motor_apache,6.0,3.625,-2.375,-0.47500002
1,gcs_unable_apache,0.0,0.0,0.0,0.0
1,gcs_verbal_apache,4.0,3.3003712,-0.69962883,-0.17490721
1,glucose_apache,81.0,232.8491,151.8491,0.27130446
1,heart_rate_apache,100.0,157.16043,57.16043,0.3862191
1,hematocrit_apache,29.0,42.367714,13.367714,0.3797646
1,intubated_apache,0.0,0.0545064,0.0545064,0.0545064
1,map_apache,141.0,190.44984,49.449844,0.30906153
1,resprate_apache,46.0,57.70639,11.70639,0.20904267
1,sodium_apache,147.0,140.17075,-6.829254,-0.1665672
1,temp_apache,36.5,32.986614,-3.5133858,-0.46228763
1,ventilated_apache,1.0,0.8253371,-0.17466289,-0.17466289
1,wbc_apache,6.0,-2.0263548,-8.026355,-0.17876068
1,d1_diasbp_max,103.0,142.88803,39.88803,0.33519354
1,d1_diasbp_min,43.0,13.926876,-29.073124,-0.377573
1,d1_diasbp_noninvasive_max,103.0,84.57396,-18.42604,-0.15484068
1,d1_diasbp_noninvasive_min,43.0,61.51394,18.513939,0.24044076
1,d1_heartrate_max,100.0,106.10307,6.103073,0.05128631
1,d1_heartrate_min,70.0,2.074999,-67.925,-0.475
1,d1_mbp_max,141.0,104.25676,-36.74324,-0.29631642
1,d1_mbp_min,63.0,20.25,-42.75,-0.475
1,d1_mbp_noninvasive_max,141.0,158.8407,17.840698,0.14744377
1,d1_mbp_noninvasive_min,63.0,32.146065,-30.853935,-0.3428215
1,d1_resprate_max,38.0,17.184172,-20.815828,-0.2668696
1,d1_resprate_min,10.0,-14.376849,-24.37685,-0.33856738
1,d1_spo2_max,100.0,59.433445,-40.566555,-0.46628225
1,d1_spo2_min,80.0,32.5,-47.5,-0.47500002
1,d1_sysbp_max,186.0,249.01433,63.014328,0.44376284
1,d1_sysbp_min,105.0,49.6672,-55.3328,-0.46498156
1,d1_sysbp_noninvasive_max,186.0,163.44373,-22.556274,-0.15884697
1,d1_sysbp_noninvasive_min,105.0,53.11495,-51.88505,-0.43611875
1,d1_temp_max,37.8,36.109814,-1.6901855,-0.35212195
1,d1_temp_min,36.5,34.669674,-1.8303261,-0.30964744
1,h1_diasbp_max,67.0,44.948666,-22.051334,-0.20803145
1,h1_diasbp_min,43.0,23.738316,-19.261684,-0.21166687
1,h1_diasbp_noninvasive_max,67.0,41.294758,-25.705242,-0.24023592
1,h1_diasbp_noninvasive_min,43.0,85.4205,42.4205,0.4610924
1,h1_heartrate_max,80.0,119.55913,39.559128,0.33524686
1,h1_heartrate_min,78.0,39.14349,-38.85651,-0.35978252
1,h1_mbp_max,103.0,74.82051,-28.17949,-0.24292664
1,h1_mbp_min,81.0,30.89472,-50.105278,-0.47269133
1,h1_mbp_noninvasive_max,103.0,56.592537,-46.407463,-0.40708303
1,h1_mbp_noninvasive_min,81.0,116.52055,35.520554,0.33509955
1,h1_resprate_max,25.0,29.556488,4.556488,0.092989534
1,h1_resprate_min,21.0,26.31395,5.3139496,0.04503347
1,h1_spo2_max,94.0,114.7975,20.7975,0.23108333
1,h1_spo2_min,91.0,104.31565,13.315651,0.13315648
1,h1_sysbp_max,150.0,176.00241,26.00241,0.17569196
1,h1_sysbp_min,148.0,167.78915,19.789154,0.14034861
1,h1_sysbp_noninvasive_max,150.0,143.29922,-6.700775,-0.04527554
1,h1_sysbp_noninvasive_min,148.0,124.19905,-23.80095,-0.16761231
1,h1_temp_max,36.5,34.268444,-2.231556,-0.36582884
1,h1_temp_min,36.5,33.730755,-2.7692451,-0.43269455
1,d1_bun_max,67.0,48.450493,-18.549507,-0.15204513
1,d1_bun_min,67.0,34.895706,-32.104294,-0.29161865
1,d1_calcium_max,8.7,8.465675,-0.23432446,-0.050940067
1,d1_calcium_min,8.7,9.708708,1.008708,0.21014744
1,d1_creatinine_max,3.3,2.034813,-1.265187,-0.11747326
1,d1_creatinine_min,3.3,1.6599092,-1.6400907,-0.17017096
1,d1_glucose_max,81.0,303.60577,222.60577,0.41376537
1,d1_glucose_min,81.0,51.020447,-29.979553,-0.117566876
1,d1_hco3_max,25.0,37.494156,12.494156,0.4462199
1,d1_hco3_min,25.0,10.191735,-14.808265,-0.46275827
1,d1_hemaglobin_max,9.7,12.268347,2.568347,0.24695644
1,d1_hemaglobin_min,9.7,6.0138545,-3.6861453,-0.3233461
1,d1_hematocrit_max,30.8,40.759396,9.959396,0.32023782
1,d1_hematocrit_min,30.8,17.199532,-13.600468,-0.4011937
1,d1_platelets_max,174.0,76.85906,-97.14094,-0.17408769
1,d1_platelets_min,174.0,-0.23565292,-174.23566,-0.3233172
1,d1_potassium_max,5.4,4.0179176,-1.3820825,-0.3290673
1,d1_potassium_min,5.4,3.7849998,-1.6150002,-0.47500002
1,d1_sodium_max,147.0,131.92386,-15.076141,-0.4307469
1,d1_sodium_min,147.0,151.11707,4.1170654,0.114362955
1,d1_wbc_max,6.2,22.056652,15.856652,0.3533122
1,d1_wbc_min,6.2,-0.5492089,-6.7492085,-0.16873863
1,apache_4a_hospital_death_prob,0.21,1.1427505,0.9327505,0.47108608
1,apache_4a_icu_death_prob,0.09,0.8737366,0.7837366,0.39783585
1,aids,0.0,-0.05571484,-0.05571484,-0.05571484
1,cirrhosis,0.0,0.22777696,0.22777696,0.22777696
1,diabetes_mellitus,0.0,0.24597122,0.24597122,0.24597122
1,hepatic_failure,0.0,0.0816279,0.0816279,0.0816279
1,immunosuppression,0.0,-0.43407875,-0.43407875,-0.43407875
1,leukemia,0.0,0.31418568,0.31418568,0.31418568
1,lymphoma,0.0,0.19260181,0.19260181,0.19260181
1,solid_tumor_with_metastasis,0.0,0.2837887,0.2837887,0.2837887
1,apache_3j_bodysystem,9.0,8.122029,-0.8779707,-0.087797105
1,apache_2_bodysystem,7.0,4.231277,-2.768723,-0.3076359
1,apache_3j_diagnosis_split0,73.0,105.20036,32.200363,0.29273057
2,age,59.0,25.202972,-33.797028,-0.462973
2,bmi,14.844926,29.270027,14.425101,0.27232555
2,elective_surgery,0.0,0.2068519,0.2068519,0.2068519
2,ethnicity,1.0,3.757826,2.757826,0.45963767
2,gender,1.0,0.8839442,-0.11605579,-0.058027893
2,height,170.2,197.28273,27.082733,0.46382487
2,hospital_admit_source,5.0,1.6462448,-3.3537552,-0.2235837
2,icu_admit_source,2.0,3.639456,1.639456,0.32789123
2,icu_stay_type,1.0,1.7189009,0.7189009,0.35945046
2,icu_type,6.0,8.309494,2.309494,0.32992768
2,pre_icu_los_days,1.8284723,2.373902,0.5454298,0.008110734
2,readmission_status,0.0,0.0,0.0,0.0
2,weight,39.3,97.88041,58.58041,0.39742476
2,apache_2_diagnosis,106.0,192.18805,86.18805,0.4163674
2,apache_3j_diagnosis,212.02,-497.242,-709.262,-0.33773735
2,apache_post_operative,0.0,-0.4612694,-0.4612694,-0.4612694
2,arf_apache,0.0,0.13437533,0.13437533,0.13437533
2,bun_apache,11.0,-24.86806,-35.868057,-0.29161024
2,creatinine_apache,0.67,0.5880065,-0.08199352,-0.0075361673
2,gcs_eyes_apache,3.0,3.10549,0.10548997,0.035163283
2,gcs_motor_apache,6.0,7.0088015,1.0088015,0.20176029
2,gcs_unable_apache,0.0,0.0,0.0,0.0
2,gcs_verbal_apache,1.0,2.132558,1.1325581,0.28313953
2,glucose_apache,71.0,34.118755,-36.881245,-0.06589466
2,heart_rate_apache,136.0,112.10991,-23.89009,-0.16141951
2,hematocrit_apache,20.0,17.09845,-2.9015503,-0.08243041
2,intubated_apache,1.0,1.475,0.47500002,0.47500002
2,map_apache,68.0,142.50027,74.500275,0.46562672
2,resprate_apache,50.0,37.249943,-12.750057,-0.22767961
2,sodium_apache,136.0,152.42725,16.427246,0.40066454
2,temp_apache,36.1,33.584366,-2.5156326,-0.33100432
2,ventilated_apache,1.0,0.98839843,-0.011601567,-0.011601567
2,wbc_apache,1.8,20.939535,19.139536,0.42627028
2,d1_diasbp_max,80.0,31.361376,-48.638626,-0.40872794
2,d1_diasbp_min,39.0,37.111897,-1.8881035,-0.024520814
2,d1_diasbp_noninvasive_max,80.0,114.486206,34.486206,0.28980002
2,d1_diasbp_noninvasive_min,39.0,74.93208,35.932083,0.46665043
2,d1_heartrate_max,136.0,80.88762,-55.11238,-0.46312928
2,d1_heartrate_min,77.0,84.45522,7.455223,0.052134395
2,d1_mbp_max,112.0,61.16965,-50.83035,-0.40992215
2,d1_mbp_min,58.0,33.601448,-24.398552,-0.27109504
2,d1_mbp_noninvasive_max,112.0,130.68958,18.689575,0.1544593
2,d1_mbp_noninvasive_min,58.0,53.10863,-4.891369,-0.05434856
2,d1_resprate_max,46.0,13.539346,-32.460655,-0.41616225
2,d1_resprate_min,20.0,8.737672,-11.262328,-0.15642124
2,d1_spo2_max,100.0,108.90258,8.90258,0.10232854
2,d1_spo2_min,90.0,100.85759,10.85759,0.10857594
2,d1_sysbp_max,161.0,139.29813,-21.701874,-0.1528301
2,d1_sysbp_min,74.0,65.16815,-8.831848,-0.07421723
2,d1_sysbp_noninvasive_max,161.0,163.71103,2.711029,0.019091725
2,d1_sysbp_noninvasive_min,74.0,28.72181,-45.27819,-0.38058496
2,d1_temp_max,38.4,40.237564,1.8375626,0.3828255
2,d1_temp_min,36.1,36.706623,0.6066246,0.10262638
2,h1_diasbp_max,75.0,24.65,-50.35,-0.475
2,h1_diasbp_min,54.0,78.682556,24.682556,0.27123687
2,h1_diasbp_noninvasive_max,75.0,69.589325,-5.410675,-0.05056706
2,h1_diasbp_noninvasive_min,54.0,35.998863,-18.001137,-0.19566454
2,h1_heartrate_max,114.0,129.44513,15.445129,0.13089097
2,h1_heartrate_min,112.0,100.850044,-11.149956,-0.10324031
2,h1_mbp_max,81.0,52.55156,-28.44844,-0.24524517
2,h1_mbp_min,78.0,76.10399,-1.8960114,-0.017886877
2,h1_mbp_noninvasive_max,81.0,54.70691,-26.29309,-0.23064116
2,h1_mbp_noninvasive_min,78.0,127.464935,49.464935,0.46665034
2,h1_resprate_max,21.0,2.9805984,-18.019402,-0.3677429
2,h1_resprate_min,20.0,-16.23289,-36.232887,-0.3070584
2,h1_spo2_max,100.0,142.38602,42.386017,0.47095573
2,h1_spo2_min,100.0,77.59151,-22.408493,-0.22408491
2,h1_sysbp_max,130.0,162.34564,32.345642,0.21855164
2,h1_sysbp_min,108.0,101.41213,-6.5878677,-0.04672247
2,h1_sysbp_noninvasive_max,130.0,84.64716,-45.352837,-0.3064381
2,h1_sysbp_noninvasive_min,108.0,49.818504,-58.181496,-0.40972885
2,h1_temp_max,36.1,37.85056,1.7505608,0.2869772
2,h1_temp_min,36.1,33.059998,-3.040001,-0.47500014
2,d1_bun_max,11.0,-4.1969166,-15.196917,-0.124564886
2,d1_bun_min,11.0,-1.3382454,-12.338245,-0.11207418
2,d1_calcium_max,8.8,9.260672,0.46067142,0.100145936
2,d1_calcium_min,8.8,10.5425205,1.7425203,0.36302507
2,d1_creatinine_max,0.67,-0.3586593,-1.0286593,-0.09551154
2,d1_creatinine_min,0.67,-3.9080026,-4.5780025,-0.475
2,d1_glucose_max,182.0,107.65377,-74.34623,-0.13819003
2,d1_glucose_min,65.0,183.92653,118.92653,0.46637857
2,d1_hco3_max,23.0,36.3,13.299999,0.47499996
2,d1_hco3_min,23.0,37.048145,14.048145,0.43900454
2,d1_hemaglobin_max,9.0,7.625349,-1.374651,-0.13217798
2,d1_hemaglobin_min,7.1,3.4482493,-3.6517506,-0.320329
2,d1_hematocrit_max,26.6,12.153538,-14.446463,-0.46451646
2,d1_hematocrit_min,20.0,3.8975,-16.1025,-0.475
2,d1_platelets_max,102.0,242.05406,140.05406,0.25099295
2,d1_platelets_min,87.0,198.03831,111.038315,0.20604621
2,d1_potassium_max,4.3,2.3400686,-1.9599316,-0.4666504
2,d1_potassium_min,4.3,5.915,1.6149998,0.47499996
2,d1_sodium_max,136.0,123.11792,-12.88208,-0.36805943
2,d1_sodium_min,136.0,136.2381,0.23809814,0.0066138506
2,d1_wbc_max,1.9,22.164618,20.264618,0.4515289
2,d1_wbc_min,1.8,-4.688151,-6.4881506,-0.16221188
2,apache_4a_hospital_death_prob,0.61,0.16714692,-0.4428531,-0.22366321
2,apache_4a_icu_death_prob,0.4,-0.5193013,-0.9193013,-0.46665037
2,aids,0.0,0.0395144,0.0395144,0.0395144
2,cirrhosis,0.0,-0.3400816,-0.3400816,-0.3400816
2,diabetes_mellitus,0.0,-0.25050035,-0.25050035,-0.25050035
2,hepatic_failure,0.0,0.4288872,0.4288872,0.4288872
2,immunosuppression,0.0,0.1070519,0.1070519,0.1070519
2,leukemia,0.0,0.26681185,0.26681185,0.26681185
2,lymphoma,0.0,0.23834729,0.23834729,0.23834729
2,solid_tumor_with_metastasis,1.0,1.1373241,0.1373241,0.1373241
2,apache_3j_bodysystem,9.0,9.556876,0.5568762,0.055687606
2,apache_2_bodysystem,7.0,10.258551,3.2585506,0.3620612
2,apache_3j_diagnosis_split0,73.0,113.927444,40.927444,0.3720677
3,age,68.0,42.30191,-25.69809,-0.35202864
3,bmi,25.947308,21.509632,-4.4376755,-0.08377704
3,elective_surgery,0.0,-0.13979408,-0.13979408,-0.13979408
3,ethnicity,3.0,5.8399796,2.8399796,0.47332993
3,gender,2.0,1.4339889,-0.5660111,-0.28300554
3,height,182.9,163.3205,-19.579498,-0.33532283
3,hospital_admit_source,3.0,10.125,7.125,0.47500002
3,icu_admit_source,1.0,3.2024488,2.2024488,0.44048977
3,icu_stay_type,1.0,0.3065408,-0.6934592,-0.3467296
3,icu_type,6.0,2.8159218,-3.1840782,-0.45486835
3,pre_icu_los_days,0.15555556,7.8827386,7.727183,0.11490591
3,readmission_status,0.0,0.0,0.0,0.0
3,weight,86.8,44.453377,-42.346626,-0.28729054
3,apache_2_diagnosis,302.0,378.88312,76.88312,0.37141597
3,apache_3j_diagnosis,111.01,1000.9704,889.9604,0.4237826
3,apache_post_operative,0.0,0.475,0.475,0.475
3,arf_apache,0.0,-0.23808557,-0.23808557,-0.23808557
3,bun_apache,25.0,46.159416,21.159416,0.17202778
3,creatinine_apache,0.99,2.611861,1.621861,0.1490681
3,gcs_eyes_apache,4.0,3.1898565,-0.8101435,-0.27004784
3,gcs_motor_apache,6.0,6.8598804,0.85988045,0.17197609
3,gcs_unable_apache,0.0,0.0,0.0,0.0
3,gcs_verbal_apache,5.0,5.8095813,0.8095813,0.20239532
3,glucose_apache,192.0,438.0267,246.0267,0.43956888
3,heart_rate_apache,64.0,132.85956,68.85956,0.4652673
3,hematocrit_apache,29.0,15.002735,-13.997265,-0.3976496
3,intubated_apache,0.0,-0.00040830905,-0.00040830905,-0.00040830905
3,map_apache,111.0,36.89084,-74.10916,-0.46318224
3,resprate_apache,9.0,20.597979,11.597979,0.20710675
3,sodium_apache,138.0,151.75839,13.758392,0.33557057
3,temp_apache,36.7,34.836006,-1.8639946,-0.24526244
3,ventilated_apache,0.0,0.2608812,0.2608812,0.2608812
3,wbc_apache,3.3,12.673335,9.373335,0.20876025
3,d1_diasbp_max,91.0,125.308205,34.308205,0.28830424
3,d1_diasbp_min,58.0,24.443977,-33.556023,-0.43579248
3,d1_diasbp_noninvasive_max,91.0,99.76337,8.763367,0.07364172
3,d1_diasbp_noninvasive_min,58.0,25.0629,-32.9371,-0.42775452
3,d1_heartrate_max,81.0,136.11868,55.118683,0.4631822
3,d1_heartrate_min,62.0,127.961525,65.961525,0.4612694
3,d1_mbp_max,111.0,144.71797,33.71797,0.27191916
3,d1_mbp_min,88.0,73.03393,-14.966072,-0.16628969
3,d1_mbp_noninvasive_max,111.0,151.99045,40.990448,0.33876404
3,d1_mbp_noninvasive_min,88.0,48.488976,-39.511024,-0.4390114
3,d1_resprate_max,28.0,17.05361,-10.94639,-0.14033833
3,d1_resprate_min,9.0,25.743168,16.743168,0.232544
3,d1_spo2_max,100.0,62.371025,-37.628975,-0.43251693
3,d1_spo2_min,97.0,60.029167,-36.970833,-0.36970836
3,d1_sysbp_max,150.0,189.38089,39.38089,0.2773302
3,d1_sysbp_min,119.0,174.07602,55.07602,0.4628237
3,d1_sysbp_noninvasive_max,150.0,206.06448,56.064484,0.3948203
3,d1_sysbp_noninvasive_min,119.0,145.31589,26.315887,0.22119766
3,d1_temp_max,36.9,38.497795,1.5977936,0.33287367
3,d1_temp_min,36.7,34.36613,-2.33387,-0.39483505
3,h1_diasbp_max,66.0,107.54401,41.544006,0.39192462
3,h1_diasbp_min,58.0,33.89955,-24.100449,-0.2648401
3,h1_diasbp_noninvasive_max,66.0,114.93552,48.935516,0.45734125
3,h1_diasbp_noninvasive_min,58.0,81.75857,23.758568,0.25824532
3,h1_heartrate_max,77.0,21.606836,-55.393166,-0.46943358
3,h1_heartrate_min,62.0,12.778887,-49.221115,-0.45575106
3,h1_mbp_max,94.0,120.81459,26.81459,0.23116022
3,h1_mbp_min,91.0,118.953575,27.953575,0.26371294
3,h1_mbp_noninvasive_max,94.0,82.000824,-11.999176,-0.10525593
3,h1_mbp_noninvasive_min,91.0,111.5742,20.574203,0.19409627
3,h1_resprate_max,23.0,30.142958,7.1429577,0.14577466
3,h1_resprate_min,10.0,10.448492,0.44849205,0.0038007796
3,h1_spo2_max,99.0,78.333084,-20.666916,-0.22963238
3,h1_spo2_min,97.0,89.29172,-7.7082825,-0.07708287
3,h1_sysbp_max,134.0,181.73682,47.736816,0.32254604
3,h1_sysbp_min,119.0,67.98388,-51.01612,-0.36181647
3,h1_sysbp_noninvasive_max,134.0,100.41301,-33.58699,-0.22693913
3,h1_sysbp_noninvasive_min,119.0,142.36581,23.365814,0.16454798
3,h1_temp_max,36.7,33.923042,-2.7769585,-0.45523912
3,h1_temp_min,36.7,33.702755,-2.9972458,-0.46831965
3,d1_bun_max,25.0,80.11016,55.11016,0.45172265
3,d1_bun_min,25.0,-3.383675,-28.383675,-0.25782248
3,d1_calcium_max,9.2,8.266962,-0.93303776,-0.20283431
3,d1_calcium_min,9.2,7.174717,-2.0252829,-0.4219339
3,d1_creatinine_max,0.99,3.100824,2.110824,0.1959911
3,d1_creatinine_min,0.99,-2.5573816,-3.5473816,-0.3680658
3,d1_glucose_max,192.0,39.176308,-152.8237,-0.2840589
3,d1_glucose_min,117.0,187.06326,70.06326,0.2747579
3,d1_hco3_max,25.0,37.72345,12.72345,0.4544089
3,d1_hco3_min,25.0,10.111719,-14.888281,-0.46525878
3,d1_hemaglobin_max,9.8,13.750458,3.9504576,0.37985173
3,d1_hemaglobin_min,9.8,6.6768417,-3.1231585,-0.27396128
3,d1_hematocrit_max,29.0,28.289394,-0.7106056,-0.022849053
3,d1_hematocrit_min,29.0,20.155338,-8.844662,-0.26090446
3,d1_platelets_max,119.0,370.9059,251.90591,0.45144427
3,d1_platelets_min,119.0,54.078236,-64.92177,-0.12047088
3,d1_potassium_max,4.3,4.816885,0.5168848,0.123067826
3,d1_potassium_min,4.3,3.9968786,-0.30312157,-0.08915338
3,d1_sodium_max,138.0,121.375,-16.625,-0.475
3,d1_sodium_min,138.0,128.06601,-9.9339905,-0.27594417
3,d1_wbc_max,3.3,16.011711,12.711711,0.2832378
3,d1_wbc_min,3.3,22.299051,18.999052,0.475
3,apache_4a_hospital_death_prob,0.03,-0.91050005,-0.9405,-0.475
3,apache_4a_icu_death_prob,0.01,0.8315551,0.82155514,0.41703302
3,aids,0.0,-0.08386743,-0.08386743,-0.08386743
3,cirrhosis,0.0,-0.4621972,-0.4621972,-0.4621972
3,diabetes_mellitus,1.0,1.4171593,0.41715932,0.41715932
3,hepatic_failure,0.0,0.055598415,0.055598415,0.055598415
3,immunosuppression,0.0,-0.43129718,-0.43129718,-0.43129718
3,leukemia,0.0,-0.07789399,-0.07789399,-0.07789399
3,lymphoma,0.0,-0.3876306,-0.3876306,-0.3876306
3,solid_tumor_with_metastasis,0.0,0.32757413,0.32757413,0.32757413
3,apache_3j_bodysystem,1.0,-3.096715,-4.096715,-0.4096715
3,apache_2_bodysystem,1.0,4.633814,3.6338139,0.4037571
3,apache_3j_diagnosis_split0,14.0,23.150053,9.150053,0.083182305
4,age,84.0,55.51032,-28.489681,-0.39026964
4,bmi,29.186193,45.613018,16.426825,0.31011528
4,elective_surgery,0.0,-0.4336196,-0.4336196,-0.4336196
4,ethnicity,3.0,5.599946,2.599946,0.4333243
4,gender,1.0,1.9279697,0.9279697,0.46398485
4,height,157.5,142.98257,-14.517426,-0.24862863
4,hospital_admit_source,5.0,9.438488,4.438488,0.29589918
4,icu_admit_source,2.0,4.274808,2.274808,0.4549616
4,icu_stay_type,1.0,0.7004228,-0.29957718,-0.14978859
4,icu_type,3.0,0.59981745,-2.4001825,-0.34288323
4,pre_icu_los_days,0.24861111,1.0317062,0.7830951,0.011644898
4,readmission_status,0.0,0.0,0.0,0.0
4,weight,72.4,89.599594,17.199593,0.11668652
4,apache_2_diagnosis,124.0,215.75597,91.75597,0.44326556
4,apache_3j_diagnosis,306.01,755.5279,449.51788,0.21405205
4,apache_post_operative,0.0,-0.28126663,-0.28126663,-0.28126663
4,arf_apache,0.0,0.21580872,0.21580872,0.21580872
4,bun_apache,88.0,65.21312,-22.78688,-0.1852592
4,creatinine_apache,2.35,1.1893666,-1.1606333,-0.10667587
4,gcs_eyes_apache,4.0,2.8124022,-1.1875978,-0.39586592
4,gcs_motor_apache,6.0,3.625,-2.375,-0.47500002
4,gcs_unable_apache,0.0,0.0,0.0,0.0
4,gcs_verbal_apache,5.0,3.1,-1.9000001,-0.47500002
4,glucose_apache,93.0,213.83473,120.83473,0.21589196
4,heart_rate_apache,128.0,144.95393,16.953934,0.11455357
4,hematocrit_apache,23.3,14.43765,-8.8623495,-0.2517713
4,intubated_apache,0.0,-0.40078005,-0.40078005,-0.40078005
4,map_apache,55.0,107.856964,52.856964,0.33035603
4,resprate_apache,49.0,39.871944,-9.128056,-0.16300094
4,sodium_apache,140.0,150.4581,10.458099,0.25507557
4,temp_apache,36.3,38.73371,2.433712,0.3202253
4,ventilated_apache,0.0,0.31289417,0.31289417,0.31289417
4,wbc_apache,14.3,23.761791,9.461791,0.21073031
4,d1_diasbp_max,91.0,93.2988,2.2987976,0.019317627
4,d1_diasbp_min,47.0,22.02538,-24.97462,-0.32434574
4,d1_diasbp_noninvasive_max,91.0,68.156,-22.844002,-0.19196641
4,d1_diasbp_noninvasive_min,47.0,82.2807,35.2807,0.4581909
4,d1_heartrate_max,126.0,130.02638,4.0263824,0.033835113
4,d1_heartrate_min,82.0,115.19886,33.19886,0.23215991
4,d1_mbp_max,110.0,51.865383,-58.134617,-0.46882755
4,d1_mbp_min,65.0,22.25,-42.75,-0.475
4,d1_mbp_noninvasive_max,110.0,92.013885,-17.986115,-0.14864558
4,d1_mbp_noninvasive_min,65.0,23.345886,-41.654114,-0.46282348
4,d1_resprate_max,41.0,3.9500008,-37.05,-0.475
4,d1_resprate_min,8.0,-11.405851,-19.405851,-0.2695257
4,d1_spo2_max,100.0,92.37889,-7.621109,-0.08759898
4,d1_spo2_min,94.0,46.5,-47.5,-0.475
4,d1_sysbp_max,150.0,146.50565,-3.4943542,-0.024608135
4,d1_sysbp_min,90.0,38.435387,-51.564613,-0.43331608
4,d1_sysbp_noninvasive_max,150.0,201.88025,51.88025,0.36535385
4,d1_sysbp_noninvasive_min,90.0,35.375908,-54.624092,-0.45914173
4,d1_temp_max,37.1,37.927902,0.82790375,0.17247996
4,d1_temp_min,36.3,35.96341,-0.3365898,-0.05694294
4,h1_diasbp_max,56.0,73.97862,17.978622,0.16960965
4,h1_diasbp_min,56.0,18.973688,-37.026314,-0.40688255
4,h1_diasbp_noninvasive_max,56.0,23.250713,-32.749287,-0.3060681
4,h1_diasbp_noninvasive_min,56.0,63.794464,7.794464,0.08472243
4,h1_heartrate_max,85.0,46.682056,-38.317944,-0.32472834
4,h1_heartrate_min,85.0,80.4379,-4.5621033,-0.042241693
4,h1_mbp_max,64.0,99.56581,35.56581,0.30660182
4,h1_mbp_min,63.0,81.227516,18.227516,0.1719577
4,h1_mbp_noninvasive_max,64.0,78.37648,14.37648,0.12610948
4,h1_mbp_noninvasive_min,63.0,104.814156,41.814156,0.39447317
4,h1_resprate_max,18.0,22.649723,4.649723,0.09489231
4,h1_resprate_min,18.0,22.695045,4.6950455,0.03978853
4,h1_spo2_max,100.0,111.83616,11.836159,0.13151288
4,h1_spo2_min,96.0,142.55042,46.550415,0.46550423
4,h1_sysbp_max,90.0,158.48822,68.48822,0.46275827
4,h1_sysbp_min,90.0,55.39867,-34.60133,-0.2453995
4,h1_sysbp_noninvasive_max,90.0,82.92842,-7.071579,-0.04778094
4,h1_sysbp_noninvasive_min,90.0,35.35193,-54.64807,-0.38484555
4,h1_temp_max,36.5,33.6025,-2.897499,-0.47499985
4,h1_temp_min,36.4,33.36,-3.040001,-0.47500014
4,d1_bun_max,88.0,138.00038,50.00038,0.40983915
4,d1_bun_min,88.0,44.454514,-43.545486,-0.3955444
4,d1_calcium_max,8.6,8.065205,-0.53479576,-0.11625993
4,d1_calcium_min,8.6,10.1430025,1.5430021,0.32145876
4,d1_creatinine_max,2.35,5.422236,3.072236,0.28525865
4,d1_creatinine_min,2.35,2.06733,-0.28267002,-0.029329017
4,d1_glucose_max,158.0,70.79627,-87.20373,-0.16208872
4,d1_glucose_min,93.0,178.70071,85.700714,0.33608127
4,d1_hco3_max,23.0,25.398592,2.398592,0.085664004
4,d1_hco3_min,23.0,26.669867,3.6698666,0.11468333
4,d1_hemaglobin_max,9.7,8.2588825,-1.4411173,-0.13856897
4,d1_hemaglobin_min,7.8,2.9899528,-4.810047,-0.421934
4,d1_hematocrit_max,28.4,38.194958,9.794958,0.31495044
4,d1_hematocrit_min,23.3,17.591997,-5.708002,-0.16837764
4,d1_platelets_max,152.0,0.44211197,-151.55789,-0.27160913
4,d1_platelets_min,152.0,-88.35066,-240.35066,-0.4460023
4,d1_potassium_max,3.8,2.510041,-1.289959,-0.3071331
4,d1_potassium_min,3.5,4.2208495,0.7208495,0.21201456
4,d1_sodium_max,141.0,157.625,16.625,0.47499996
4,d1_sodium_min,141.0,124.3908,-16.6092,-0.46136665
4,d1_wbc_max,14.3,20.887888,6.587888,0.14678892
4,d1_wbc_min,14.3,3.0988631,-11.201138,-0.28004244
4,apache_4a_hospital_death_prob,0.13,0.8788949,0.74889493,0.37822974
4,apache_4a_icu_death_prob,0.07,1.0057502,0.9357502,0.47500002
4,aids,0.0,-0.04495409,-0.04495409,-0.04495409
4,cirrhosis,0.0,0.37977558,0.37977558,0.37977558
4,diabetes_mellitus,0.0,0.39641494,0.39641494,0.39641494
4,hepatic_failure,0.0,0.21780112,0.21780112,0.21780112
4,immunosuppression,0.0,-0.27879548,-0.27879548,-0.27879548
4,leukemia,0.0,-0.20201781,-0.20201781,-0.20201781
4,lymphoma,0.0,0.08298065,0.08298065,0.08298065
4,solid_tumor_with_metastasis,0.0,0.21917838,0.21917838,0.21917838
4,apache_3j_bodysystem,2.0,-1.9411414,-3.9411414,-0.39411414
4,apache_2_bodysystem,2.0,6.1092014,4.1092014,0.45657796
4,apache_3j_diagnosis_split0,79.0,26.75,-52.25,-0.475
5,age,74.0,103.95366,29.95366,0.41032404
5,bmi,22.259768,0.29433823,-21.96543,-0.4146763
5,elective_surgery,1.0,0.97247124,-0.027528763,-0.027528763
5,ethnicity,3.0,3.7611117,0.76111174,0.12685195
5,gender,1.0,0.9058884,-0.09411162,-0.04705581
5,height,152.4,144.65306,-7.746933,-0.13267568
5,hospital_admit_source,9.0,15.783127,6.783127,0.4522084
5,icu_admit_source,3.0,5.0447264,2.0447264,0.4089453
5,icu_stay_type,1.0,1.1066128,0.1066128,0.0533064
5,icu_type,6.0,3.0092309,-2.9907691,-0.42725274
5,pre_icu_los_days,0.00625,4.9599824,4.9537325,0.07366373
5,readmission_status,0.0,0.0,0.0,0.0
5,weight,51.7,60.43307,8.73307,0.05924742
5,apache_2_diagnosis,202.0,177.27542,-24.724579,-0.1194424
5,apache_3j_diagnosis,1203.02,462.28558,-740.73444,-0.35272396
5,apache_post_operative,1.0,1.4629855,0.46298552,0.46298552
5,arf_apache,0.0,-0.35551363,-0.35551363,-0.35551363
5,bun_apache,13.0,-36.15185,-49.15185,-0.39960855
5,creatinine_apache,0.94,3.321204,2.381204,0.21886066
5,gcs_eyes_apache,4.0,2.701649,-1.298351,-0.43278366
5,gcs_motor_apache,6.0,3.666748,-2.333252,-0.46665037
5,gcs_unable_apache,0.0,0.0,0.0,0.0
5,gcs_verbal_apache,5.0,3.617215,-1.3827851,-0.34569627
5,glucose_apache,176.0,26.753479,-149.24652,-0.2666545
5,heart_rate_apache,48.0,116.85976,68.85976,0.4652686
5,hematocrit_apache,32.0,47.898804,15.898804,0.45167056
5,intubated_apache,0.0,-0.4629963,-0.4629963,-0.4629963
5,map_apache,117.0,191.39706,74.397064,0.46498168
5,resprate_apache,24.0,50.288284,26.288284,0.46943367
5,sodium_apache,126.0,145.0756,19.075607,0.4652587
5,temp_apache,36.2,36.963272,0.76327133,0.10043043
5,ventilated_apache,0.0,0.2798215,0.2798215,0.2798215
5,wbc_apache,12.5,-1.3246654,-13.824665,-0.307899
5,d1_diasbp_max,83.0,94.753845,11.753845,0.09877181
5,d1_diasbp_min,49.0,15.70381,-33.29619,-0.43241805
5,d1_diasbp_noninvasive_max,83.0,57.237617,-25.762383,-0.21649063
5,d1_diasbp_noninvasive_min,49.0,21.619207,-27.380793,-0.3555947
5,d1_heartrate_max,62.0,66.34781,4.347809,0.036536206
5,d1_heartrate_min,50.0,65.89284,15.892838,0.11113873
5,d1_mbp_max,93.0,136.27245,43.272446,0.34897134
5,d1_mbp_min,93.0,50.25,-42.75,-0.475
5,d1_mbp_noninvasive_max,117.0,147.30664,30.30664,0.2504681
5,d1_mbp_noninvasive_min,75.0,38.117134,-36.882866,-0.40980962
5,d1_resprate_max,31.0,16.91398,-14.0860195,-0.18059
5,d1_resprate_min,12.0,-8.094794,-20.094795,-0.27909437
5,d1_spo2_max,100.0,76.494064,-23.505936,-0.27018315
5,d1_spo2_min,88.0,41.05664,-46.94336,-0.46943358
5,d1_sysbp_max,186.0,166.06364,-19.936356,-0.14039683
5,d1_sysbp_min,139.0,100.46211,-38.537888,-0.3238478
5,d1_sysbp_noninvasive_max,186.0,188.49736,2.4973602,0.017587066
5,d1_sysbp_noninvasive_min,139.0,182.08537,43.085373,0.3621533
5,d1_temp_max,37.3,36.020107,-1.279892,-0.26664412
5,d1_temp_min,36.2,34.75268,-1.447319,-0.2448518
5,h1_diasbp_max,74.0,94.97926,20.979263,0.19791758
5,h1_diasbp_min,49.0,19.739595,-29.260405,-0.32154292
5,h1_diasbp_noninvasive_max,74.0,112.082275,38.082275,0.3559091
5,h1_diasbp_noninvasive_min,49.0,28.78661,-20.21339,-0.21971075
5,h1_heartrate_max,56.0,110.613174,54.613174,0.4628235
5,h1_heartrate_min,50.0,20.253574,-29.746426,-0.27542984
5,h1_mbp_max,93.0,139.1446,46.144608,0.39779833
5,h1_mbp_min,93.0,43.24967,-49.75033,-0.46934277
5,h1_mbp_noninvasive_max,91.0,132.74126,41.741257,0.36615136
5,h1_mbp_noninvasive_min,86.0,91.19676,5.196762,0.049026012
5,h1_resprate_max,31.0,49.335087,18.335087,0.3741854
5,h1_resprate_min,12.0,4.1754723,-7.8245277,-0.06630956
5,h1_spo2_max,100.0,80.90676,-19.093239,-0.21214712
5,h1_spo2_min,88.0,66.093025,-21.906975,-0.21906972
5,h1_sysbp_max,174.0,157.6983,-16.301697,-0.11014658
5,h1_sysbp_min,149.0,83.603485,-65.396515,-0.46380505
5,h1_sysbp_noninvasive_max,174.0,178.82985,4.8298492,0.03263414
5,h1_sysbp_noninvasive_min,149.0,144.1257,-4.874298,-0.034326017
5,h1_temp_max,36.8,34.214787,-2.5852127,-0.42380536
5,h1_temp_min,36.8,33.909622,-2.890377,-0.4516214
5,d1_bun_max,17.0,-9.338161,-26.338161,-0.21588656
5,d1_bun_min,13.0,0.2916608,-12.70834,-0.11543591
5,d1_calcium_max,8.3,10.2234,1.9233999,0.41813043
5,d1_calcium_min,8.0,5.766758,-2.233242,-0.46525875
5,d1_creatinine_max,0.94,3.4816387,2.5416386,0.23599245
5,d1_creatinine_min,0.79,-3.0656233,-3.8556232,-0.40004805
5,d1_glucose_max,176.0,95.91066,-80.08934,-0.14886495
5,d1_glucose_min,111.0,-1.1871185,-112.18712,-0.4399495
5,d1_hco3_max,25.0,12.365295,-12.634705,-0.45123944
5,d1_hco3_min,23.0,30.128569,7.1285686,0.22276777
5,d1_hemaglobin_max,11.5,13.591471,2.0914707,0.20110297
5,d1_hemaglobin_min,10.4,6.095443,-4.304557,-0.3775927
5,d1_hematocrit_max,35.4,38.815224,3.4152222,0.10981423
5,d1_hematocrit_min,32.0,19.70919,-12.29081,-0.36256072
5,d1_platelets_max,311.0,372.0749,61.07489,0.10945326
5,d1_platelets_min,275.0,506.52438,231.52438,0.429624
5,d1_potassium_max,4.4,6.2429876,1.8429875,0.4388066
5,d1_potassium_min,3.9,2.4073615,-1.4926386,-0.43901134
5,d1_sodium_max,134.0,132.52763,-1.4723663,-0.042067617
5,d1_sodium_min,126.0,143.1,17.100006,0.47500014
5,d1_wbc_max,12.8,24.544949,11.744948,0.2616967
5,d1_wbc_min,12.5,16.24695,3.7469501,0.093678445
5,apache_4a_hospital_death_prob,0.01,0.7643788,0.7543788,0.3809994
5,apache_4a_icu_death_prob,0.0,0.6809081,0.6809081,0.34563863
5,aids,0.0,-0.01901776,-0.01901776,-0.01901776
5,cirrhosis,0.0,0.23903458,0.23903458,0.23903458
5,diabetes_mellitus,0.0,0.38324553,0.38324553,0.38324553
5,hepatic_failure,0.0,0.37677532,0.37677532,0.37677532
5,immunosuppression,0.0,-0.3699897,-0.3699897,-0.3699897
5,leukemia,0.0,0.22563034,0.22563034,0.22563034
5,lymphoma,0.0,-0.24021947,-0.24021947,-0.24021947
5,solid_tumor_with_metastasis,0.0,-0.42623827,-0.42623827,-0.42623827
5,apache_3j_bodysystem,1.0,-2.2099562,-3.2099562,-0.32099563
5,apache_2_bodysystem,1.0,-3.275,-4.275,-0.47500002
5,apache_3j_diagnosis_split0,16.0,7.897447,-8.102552,-0.07365957
6,age,59.0,29.268486,-29.731514,-0.40728104
6,bmi,21.336926,24.927895,3.590969,0.06779243
6,elective_surgery,0.0,0.120947465,0.120947465,0.120947465
6,ethnicity,3.0,0.88551915,-2.114481,-0.35241348
6,gender,1.0,0.067291975,-0.932708,-0.466354
6,height,154.3,128.27501,-26.024994,-0.4457098
6,hospital_admit_source,4.0,9.741682,5.741682,0.38277882
6,icu_admit_source,1.0,2.6562035,1.6562035,0.3312407
6,icu_stay_type,1.0,1.9042723,0.9042723,0.45213616
6,icu_type,6.0,3.4848716,-2.5151284,-0.35930407
6,pre_icu_los_days,0.003472222,-29.61993,-29.623402,-0.4405103
6,readmission_status,0.0,0.0,0.0,0.0
6,weight,50.8,-1.0194893,-51.81949,-0.35155693
6,apache_2_diagnosis,122.0,141.21625,19.216248,0.09283211
6,apache_3j_diagnosis,703.03,933.36554,230.33551,0.10968149
6,apache_post_operative,0.0,-0.24275063,-0.24275063,-0.24275063
6,arf_apache,0.0,0.3716124,0.3716124,0.3716124
6,bun_apache,11.0,36.173275,25.173275,0.20466077
6,creatinine_apache,0.9,-3.6531527,-4.5531526,-0.4184883
6,gcs_eyes_apache,2.0,1.6485603,-0.3514397,-0.11714658
6,gcs_motor_apache,6.0,5.782073,-0.21792698,-0.04358542
6,gcs_unable_apache,0.0,0.0,0.0,0.0
6,gcs_verbal_apache,5.0,5.4464607,0.44646072,0.11161518
6,glucose_apache,86.0,-24.916813,-110.91681,-0.1981719
6,heart_rate_apache,102.0,152.874,50.873993,0.3437432
6,hematocrit_apache,39.0,50.327564,11.327564,0.32180578
6,intubated_apache,0.0,0.47499996,0.47499996,0.47499996
6,map_apache,67.0,42.50619,-24.493809,-0.1530863
6,resprate_apache,42.0,41.77664,-0.22335815,-0.0039885044
6,sodium_apache,144.0,125.04991,-18.950089,-0.4621973
6,temp_apache,35.8,35.0016,-0.7984009,-0.10505274
6,ventilated_apache,0.0,-0.1727029,-0.1727029,-0.1727029
6,wbc_apache,5.0,-1.131657,-6.131657,-0.13656251
6,d1_diasbp_max,89.0,36.161613,-52.838387,-0.44402006
6,d1_diasbp_min,56.0,74.80018,18.800179,0.24415815
6,d1_diasbp_noninvasive_max,89.0,55.386024,-33.613976,-0.2824704
6,d1_diasbp_noninvasive_min,56.0,83.2359,27.2359,0.35371298
6,d1_heartrate_max,82.0,59.321686,-22.678314,-0.19057408
6,d1_heartrate_min,56.0,92.7959,36.7959,0.257314
6,d1_mbp_max,111.0,60.891785,-50.108215,-0.4040985
6,d1_mbp_min,67.0,76.47367,9.473671,0.105262995
6,d1_mbp_noninvasive_max,111.0,164.59897,53.59897,0.44296667
6,d1_mbp_noninvasive_min,67.0,57.45921,-9.540791,-0.1060088
6,d1_resprate_max,27.0,-8.979012,-35.97901,-0.46126938
6,d1_resprate_min,16.0,36.911785,20.911785,0.29044145
6,d1_spo2_max,100.0,140.97314,40.973145,0.47095573
6,d1_spo2_min,98.0,113.74079,15.740791,0.15740788
6,d1_sysbp_max,150.0,184.95482,34.95482,0.24616072
6,d1_sysbp_min,87.0,131.8999,44.899902,0.37731007
6,d1_sysbp_noninvasive_max,150.0,212.90346,62.903458,0.4429821
6,d1_sysbp_noninvasive_min,87.0,62.037327,-24.962673,-0.20982324
6,d1_temp_max,37.0,37.02705,0.027050018,0.0056354105
6,d1_temp_min,35.8,34.4699,-1.330101,-0.22502133
6,h1_diasbp_max,80.0,86.29958,6.2995834,0.059430033
6,h1_diasbp_min,76.0,33.94959,-42.05041,-0.46209246
6,h1_diasbp_noninvasive_max,80.0,110.601776,30.601776,0.2859979
6,h1_diasbp_noninvasive_min,76.0,117.457085,41.457085,0.45062053
6,h1_heartrate_max,68.0,63.82321,-4.1767883,-0.035396516
6,h1_heartrate_min,63.0,114.3,51.300003,0.47500002
6,h1_mbp_max,97.0,49.935627,-47.064373,-0.40572736
6,h1_mbp_min,95.0,122.45897,27.45897,0.2590469
6,h1_mbp_noninvasive_max,97.0,43.992104,-53.007896,-0.46498156
6,h1_mbp_noninvasive_min,95.0,106.29738,11.297379,0.106579065
6,h1_resprate_max,20.0,43.274998,23.274998,0.4749999
6,h1_resprate_min,18.0,-13.615079,-31.615078,-0.2679244
6,h1_spo2_max,100.0,58.342224,-41.657776,-0.46286416
6,h1_spo2_min,98.0,145.09554,47.095535,0.47095537
6,h1_sysbp_max,129.0,197.92468,68.92468,0.46570733
6,h1_sysbp_min,119.0,132.73657,13.736572,0.09742248
6,h1_sysbp_noninvasive_max,129.0,58.699997,-70.3,-0.47500002
6,h1_sysbp_noninvasive_min,119.0,165.86467,46.86467,0.33003289
6,h1_temp_max,36.4,38.76518,2.3651772,0.38773394
6,h1_temp_min,36.4,39.440002,3.040001,0.47500014
6,d1_bun_max,11.0,-24.790545,-35.790543,-0.29336512
6,d1_bun_min,11.0,-32.42737,-43.42737,-0.39447153
6,d1_calcium_max,8.6,10.730344,2.1303434,0.4631182
6,d1_calcium_min,8.6,8.152295,-0.44770527,-0.09327191
6,d1_creatinine_max,0.9,6.01575,5.11575,0.47499996
6,d1_creatinine_min,0.9,3.9147155,3.0147157,0.31279796
6,d1_glucose_max,96.0,-154.33678,-250.33678,-0.46530998
6,d1_glucose_min,86.0,64.74046,-21.259537,-0.08337074
6,d1_hco3_max,27.0,37.656578,10.656578,0.3805921
6,d1_hco3_min,27.0,30.375536,3.375536,0.1054855
6,d1_hemaglobin_max,13.1,14.434121,1.3341208,0.12828082
6,d1_hemaglobin_min,13.1,18.029285,4.929285,0.43239343
6,d1_hematocrit_max,39.0,28.034008,-10.965992,-0.35260424
6,d1_hematocrit_min,39.0,51.869453,12.869453,0.3796299
6,d1_platelets_max,149.0,348.90863,199.90863,0.3582592
6,d1_platelets_min,149.0,23.74939,-125.25061,-0.232419
6,d1_potassium_max,3.5,5.445225,1.9452248,0.46314877
6,d1_potassium_min,3.5,2.4688914,-1.0311086,-0.3032672
6,d1_sodium_max,144.0,157.7795,13.779495,0.39369982
6,d1_sodium_min,144.0,149.01184,5.011841,0.1392178
6,d1_wbc_max,5.0,-15.743411,-20.743412,-0.46219718
6,d1_wbc_min,5.0,17.838785,12.838785,0.32098567
6,apache_4a_hospital_death_prob,0.01,0.39183223,0.38183224,0.19284457
6,apache_4a_icu_death_prob,0.0,-0.6453694,-0.6453694,-0.3275987
6,aids,0.0,-0.010110116,-0.010110116,-0.010110116
6,cirrhosis,0.0,-0.417759,-0.417759,-0.417759
6,diabetes_mellitus,0.0,-0.11775759,-0.11775759,-0.11775759
6,hepatic_failure,0.0,-0.1787265,-0.1787265,-0.1787265
6,immunosuppression,0.0,0.017245483,0.017245483,0.017245483
6,leukemia,0.0,0.13690549,0.13690549,0.13690549
6,lymphoma,0.0,0.475,0.475,0.475
6,solid_tumor_with_metastasis,0.0,0.09466998,0.09466998,0.09466998
6,apache_3j_bodysystem,6.0,8.623855,2.6238546,0.2623855
6,apache_2_bodysystem,4.0,3.1930358,-0.80696416,-0.0896627
6,apache_3j_diagnosis_split0,106.0,147.20871,41.20871,0.37462467
7,age,27.0,18.248632,-8.751368,-0.11988176
7,bmi,25.314087,18.538189,-6.775898,-0.12791939
7,elective_surgery,0.0,0.10245466,0.10245466,0.10245466
7,ethnicity,3.0,0.27047443,-2.7295256,-0.45492095
7,gender,2.0,1.1971376,-0.8028624,-0.4014312
7,height,172.7,158.73102,-13.968979,-0.23923585
7,hospital_admit_source,4.0,6.6465425,2.6465425,0.17643617
7,icu_admit_source,1.0,0.19381142,-0.8061886,-0.16123772
7,icu_stay_type,1.0,1.8391757,0.8391757,0.41958785
7,icu_type,6.0,2.8546262,-3.1453738,-0.44933912
7,pre_icu_los_days,0.011805556,-14.234357,-14.246162,-0.21184541
7,readmission_status,0.0,0.0,0.0,0.0
7,weight,75.5,10.615358,-64.88464,-0.44019434
7,apache_2_diagnosis,113.0,176.81143,63.81143,0.30826777
7,apache_3j_diagnosis,501.05,830.3183,329.2683,0.15679143
7,apache_post_operative,0.0,0.44507885,0.44507885,0.44507885
7,arf_apache,0.0,-0.20821686,-0.20821686,-0.20821686
7,bun_apache,24.0,-13.118975,-37.118973,-0.30178028
7,creatinine_apache,2.07,6.660895,4.5908947,0.42195722
7,gcs_eyes_apache,4.0,2.821453,-1.1785469,-0.39284897
7,gcs_motor_apache,6.0,3.7336073,-2.2663927,-0.45327854
7,gcs_unable_apache,0.0,0.0,0.0,0.0
7,gcs_verbal_apache,5.0,6.580061,1.580061,0.39501524
7,glucose_apache,189.0,437.61838,248.61838,0.44419932
7,heart_rate_apache,90.0,23.160845,-66.83916,-0.4516159
7,hematocrit_apache,35.2,48.337147,13.137146,0.37321436
7,intubated_apache,0.0,-0.13785058,-0.13785058,-0.13785058
7,map_apache,46.0,117.64712,71.64712,0.4477945
7,resprate_apache,4.0,28.168581,24.168581,0.4315818
7,sodium_apache,141.0,151.19293,10.192932,0.24860811
7,temp_apache,35.6,35.0026,-0.59739685,-0.07860485
7,ventilated_apache,0.0,-0.1180165,-0.1180165,-0.1180165
7,wbc_apache,18.4,31.373247,12.973248,0.28893644
7,d1_diasbp_max,82.0,52.935463,-29.064537,-0.24423982
7,d1_diasbp_min,36.0,0.919878,-35.080124,-0.455586
7,d1_diasbp_noninvasive_max,82.0,51.307632,-30.692368,-0.25791907
7,d1_diasbp_noninvasive_min,36.0,71.8568,35.856796,0.46567267
7,d1_heartrate_max,134.0,155.43843,21.43843,0.18015486
7,d1_heartrate_min,70.0,106.20228,36.20228,0.2531628
7,d1_mbp_max,120.0,81.69888,-38.301117,-0.30887997
7,d1_mbp_min,46.0,76.4002,30.4002,0.33777997
7,d1_mbp_noninvasive_max,120.0,69.34507,-50.65493,-0.4186358
7,d1_mbp_noninvasive_min,46.0,4.1237755,-41.876225,-0.46529138
7,d1_resprate_max,46.0,9.888109,-36.111893,-0.46297297
7,d1_resprate_min,11.0,30.29882,19.29882,0.26803917
7,d1_spo2_max,100.0,129.4436,29.443604,0.3384322
7,d1_spo2_min,87.0,45.742874,-41.257126,-0.41257125
7,d1_sysbp_max,140.0,96.0437,-43.9563,-0.30955142
7,d1_sysbp_min,74.0,109.47097,35.47097,0.29807535
7,d1_sysbp_noninvasive_max,140.0,81.695724,-58.304276,-0.4105935
7,d1_sysbp_noninvasive_min,74.0,38.071568,-35.928432,-0.30199572
7,d1_temp_max,38.6,38.213295,-0.3867035,-0.08056319
7,d1_temp_min,35.6,36.805355,1.2053566,0.20391756
7,h1_diasbp_max,81.0,36.275597,-44.724403,-0.42192835
7,h1_diasbp_min,36.0,58.127937,22.127937,0.24316414
7,h1_diasbp_noninvasive_max,81.0,44.387196,-36.612804,-0.34217572
7,h1_diasbp_noninvasive_min,36.0,72.78162,36.781616,0.3998002
7,h1_heartrate_max,98.0,93.971405,-4.028595,-0.034140646
7,h1_heartrate_min,72.0,96.99958,24.99958,0.23147759
7,h1_mbp_max,101.0,62.8674,-38.1326,-0.3287293
7,h1_mbp_min,46.0,43.337337,-2.6626625,-0.025119461
7,h1_mbp_noninvasive_max,101.0,58.71444,-42.28556,-0.37092596
7,h1_mbp_noninvasive_min,46.0,13.52364,-32.47636,-0.30638075
7,h1_resprate_max,35.0,48.311245,13.311245,0.27165806
7,h1_resprate_min,11.0,-3.5311394,-14.531139,-0.12314525
7,h1_spo2_max,97.0,82.39954,-14.600456,-0.16222727
7,h1_spo2_min,87.0,133.28401,46.28401,0.46284008
7,h1_sysbp_max,140.0,71.59481,-68.40519,-0.46219724
7,h1_sysbp_min,74.0,37.791622,-36.208378,-0.25679702
7,h1_sysbp_noninvasive_max,140.0,207.3197,67.3197,0.45486283
7,h1_sysbp_noninvasive_min,74.0,46.800446,-27.199554,-0.19154616
7,h1_temp_max,37.3,34.480595,-2.8194046,-0.46219748
7,h1_temp_min,36.2,38.817448,2.617447,0.40897608
7,d1_bun_max,24.0,-32.931343,-56.931343,-0.46665037
7,d1_bun_min,20.0,48.002163,28.002163,0.254357
7,d1_calcium_max,7.5,8.189967,0.68996716,0.14999285
7,d1_calcium_min,7.1,9.38,2.2800002,0.47500002
7,d1_creatinine_max,2.07,-2.9267755,-4.9967756,-0.46395314
7,d1_creatinine_min,1.41,-2.511467,-3.9214668,-0.40687978
7,d1_glucose_max,189.0,444.55002,255.55002,0.47500002
7,d1_glucose_min,173.0,63.153156,-109.84685,-0.43077195
7,d1_hco3_max,22.0,8.933789,-13.066211,-0.4666504
7,d1_hco3_min,21.0,31.842846,10.842846,0.33883893
7,d1_hemaglobin_max,11.9,7.144293,-4.755707,-0.4572795
7,d1_hemaglobin_min,11.9,15.331394,3.4313946,0.30099952
7,d1_hematocrit_max,35.2,48.532455,13.332455,0.42869624
7,d1_hematocrit_min,35.2,50.011726,14.811726,0.43692416
7,d1_platelets_max,162.0,-7.181038,-169.18103,-0.3031918
7,d1_platelets_min,162.0,26.51318,-135.48682,-0.25141364
7,d1_potassium_max,4.4,3.7673767,-0.63262343,-0.15062462
7,d1_potassium_min,4.1,2.485,-1.615,-0.475
7,d1_sodium_max,141.0,157.625,16.625,0.47499996
7,d1_sodium_min,141.0,156.33423,15.3342285,0.42595083
7,d1_wbc_max,18.4,6.3714037,-12.028596,-0.26801682
7,d1_wbc_min,18.4,21.103115,2.7031155,0.06758124
7,apache_4a_hospital_death_prob,0.05,-0.6649278,-0.7149278,-0.36107463
7,apache_4a_icu_death_prob,0.04,0.14382565,0.10382565,0.05270338
7,aids,0.0,-0.012625933,-0.012625933,-0.012625933
7,cirrhosis,0.0,0.0057379506,0.0057379506,0.0057379506
7,diabetes_mellitus,0.0,-0.34281635,-0.34281635,-0.34281635
7,hepatic_failure,0.0,0.020113835,0.020113835,0.020113835
7,immunosuppression,0.0,-0.22345735,-0.22345735,-0.22345735
7,leukemia,0.0,0.23817347,0.23817347,0.23817347
7,lymphoma,0.0,0.31949508,0.31949508,0.31949508
7,solid_tumor_with_metastasis,0.0,0.475,0.475,0.475
7,apache_3j_bodysystem,10.0,13.273094,3.2730942,0.3273095
7,apache_2_bodysystem,1.0,2.6762269,1.6762269,0.18624742
7,apache_3j_diagnosis_split0,97.0,135.10228,38.10228,0.3463844
8,age,63.0,54.739643,-8.260357,-0.113155544
8,bmi,36.982628,46.934753,9.952126,0.18788207
8,elective_surgery,0.0,-0.32510296,-0.32510296,-0.32510296
8,ethnicity,3.0,1.1497897,-1.8502103,-0.30836838
8,gender,1.0,0.4716853,-0.5283147,-0.26415735
8,height,149.9,152.47682,2.576828,0.04413131
8,hospital_admit_source,3.0,10.03161,7.0316095,0.46877396
8,icu_admit_source,1.0,0.33069158,-0.6693084,-0.13386169
8,icu_stay_type,1.0,1.0016997,0.001699686,0.000849843
8,icu_type,6.0,9.0265465,3.0265465,0.43236375
8,pre_icu_los_days,0.001388889,18.627104,18.625715,0.2769709
8,readmission_status,0.0,0.0,0.0,0.0
8,weight,83.1,118.93484,35.83484,0.24311286
8,apache_2_diagnosis,122.0,35.81154,-86.18846,-0.41636938
8,apache_3j_diagnosis,703.03,-209.2814,-912.3114,-0.43442574
8,apache_post_operative,0.0,-0.2681884,-0.2681884,-0.2681884
8,arf_apache,0.0,-0.27291512,-0.27291512,-0.27291512
8,bun_apache,10.0,54.40713,44.40713,0.36103362
8,creatinine_apache,0.81,5.887156,5.077156,0.46665037
8,gcs_eyes_apache,1.0,1.0087575,0.008757472,0.0029191573
8,gcs_motor_apache,1.0,2.1547215,1.1547215,0.2309443
8,gcs_unable_apache,0.0,0.0,0.0,0.0
8,gcs_verbal_apache,1.0,-0.23660147,-1.2366015,-0.30915037
8,glucose_apache,186.0,349.87262,163.87262,0.2927865
8,heart_rate_apache,124.0,104.366684,-19.633316,-0.13265753
8,hematocrit_apache,34.5,21.126823,-13.373177,-0.37991977
8,intubated_apache,1.0,1.1152246,0.1152246,0.1152246
8,map_apache,153.0,140.25171,-12.748291,-0.07967681
8,resprate_apache,47.0,59.02268,12.022678,0.21469069
8,sodium_apache,141.0,132.55524,-8.444763,-0.20596981
8,temp_apache,37.3,37.500225,0.20022583,0.026345491
8,ventilated_apache,1.0,1.1231759,0.12317586,0.12317586
8,wbc_apache,27.1,31.396656,4.2966557,0.09569389
8,d1_diasbp_max,119.0,118.15605,-0.84394836,-0.007091999
8,d1_diasbp_min,66.0,35.618362,-30.381638,-0.3945667
8,d1_diasbp_noninvasive_max,119.0,143.92581,24.925812,0.20946056
8,d1_diasbp_noninvasive_min,66.0,68.594864,2.594864,0.033699512
8,d1_heartrate_max,122.0,146.2518,24.2518,0.20379663
8,d1_heartrate_min,96.0,73.16363,-22.836372,-0.15969491
8,d1_mbp_max,153.0,202.60495,49.60495,0.4000399
8,d1_mbp_min,76.0,40.358696,-35.641304,-0.3960145
8,d1_mbp_noninvasive_max,153.0,164.25986,11.259857,0.09305668
8,d1_mbp_noninvasive_min,76.0,103.33351,27.333511,0.30370563
8,d1_resprate_max,41.0,74.09169,33.09169,0.42425245
8,d1_resprate_min,23.0,30.53084,7.53084,0.104595006
8,d1_spo2_max,100.0,126.83818,26.83818,0.3084848
8,d1_spo2_min,96.0,92.83947,-3.16053,-0.031605303
8,d1_sysbp_max,176.0,232.26196,56.261963,0.39621097
8,d1_sysbp_min,96.0,76.75418,-19.24582,-0.16172957
8,d1_sysbp_noninvasive_max,176.0,239.60674,63.606735,0.4479348
8,d1_sysbp_noninvasive_min,96.0,96.63584,0.63584137,0.00534454
8,d1_temp_max,38.1,39.06974,0.9697418,0.20202953
8,d1_temp_min,37.3,34.701958,-2.5980415,-0.43952662
8,h1_diasbp_max,108.0,74.00012,-33.999878,-0.32075354
8,h1_diasbp_min,86.0,118.27104,32.27104,0.35462683
8,h1_diasbp_noninvasive_max,108.0,142.51459,34.514587,0.32256627
8,h1_diasbp_noninvasive_min,86.0,44.448463,-41.551537,-0.45164716
8,h1_heartrate_max,122.0,162.30695,40.306946,0.34158427
8,h1_heartrate_min,122.0,145.66031,23.660309,0.21907693
8,h1_mbp_max,132.0,166.03091,34.030914,0.29336995
8,h1_mbp_min,122.0,166.12256,44.12256,0.4162506
8,h1_mbp_noninvasive_max,132.0,134.71468,2.714676,0.02381295
8,h1_mbp_noninvasive_min,122.0,106.551025,-15.448975,-0.14574504
8,h1_resprate_max,41.0,27.873163,-13.126837,-0.26789463
8,h1_resprate_min,38.0,35.293346,-2.7066536,-0.022937745
8,h1_spo2_max,100.0,128.37589,28.375885,0.3152876
8,h1_spo2_min,99.0,131.68259,32.682587,0.32682586
8,h1_sysbp_max,161.0,227.39557,66.39557,0.4486187
8,h1_sysbp_min,146.0,175.55763,29.557632,0.20962864
8,h1_sysbp_noninvasive_max,161.0,219.95975,58.959747,0.39837664
8,h1_sysbp_noninvasive_min,146.0,204.91333,58.91333,0.4148826
8,h1_temp_max,37.3,38.479652,1.1796532,0.19338572
8,h1_temp_min,37.3,37.454525,0.15452576,0.02414465
8,d1_bun_max,10.0,67.457436,57.457436,0.47096258
8,d1_bun_min,10.0,55.89665,45.89665,0.41690117
8,d1_calcium_max,8.4,8.277227,-0.12277222,-0.026689619
8,d1_calcium_min,8.0,9.937382,1.9373817,0.4036212
8,d1_creatinine_max,1.01,5.6487145,4.638715,0.43070698
8,d1_creatinine_min,0.99,2.1858218,1.1958218,0.12407493
8,d1_glucose_max,186.0,403.76373,217.76373,0.4047653
8,d1_glucose_min,127.0,236.50488,109.50488,0.42943093
8,d1_hco3_max,26.0,20.003511,-5.9964886,-0.2141603
8,d1_hco3_min,26.0,18.654392,-7.3456078,-0.22955024
8,d1_hemaglobin_max,12.5,11.979069,-0.52093124,-0.050089538
8,d1_hemaglobin_min,12.5,17.16008,4.66008,0.40877903
8,d1_hematocrit_max,38.0,50.185295,12.185295,0.39181012
8,d1_hematocrit_min,38.0,21.8975,-16.1025,-0.47500002
8,d1_platelets_max,327.0,194.52872,-132.47128,-0.23740375
8,d1_platelets_min,327.0,83.669586,-243.33041,-0.45153168
8,d1_potassium_max,3.7,2.9610546,-0.7389455,-0.17593941
8,d1_potassium_min,3.7,5.301693,1.6016929,0.4710861
8,d1_sodium_max,141.0,142.88853,1.8885345,0.053958118
8,d1_sodium_min,141.0,143.2823,2.2823029,0.06339729
8,d1_wbc_max,27.1,27.14592,0.04591942,0.0010231733
8,d1_wbc_min,27.1,12.078605,-15.021396,-0.37555367
8,apache_4a_hospital_death_prob,0.11,0.26869142,0.15869142,0.08014715
8,apache_4a_icu_death_prob,0.07,-0.4727264,-0.5427264,-0.27549565
8,aids,0.0,-0.39589757,-0.39589757,-0.39589757
8,cirrhosis,0.0,0.2908755,0.2908755,0.2908755
8,diabetes_mellitus,0.0,0.33898237,0.33898237,0.33898237
8,hepatic_failure,0.0,0.17570697,0.17570697,0.17570697
8,immunosuppression,0.0,0.3240885,0.3240885,0.3240885
8,leukemia,0.0,-0.3211532,-0.3211532,-0.3211532
8,lymphoma,0.0,-0.18333006,-0.18333006,-0.18333006
8,solid_tumor_with_metastasis,0.0,0.19795701,0.19795701,0.19795701
8,apache_3j_bodysystem,6.0,2.5392947,-3.4607053,-0.34607053
8,apache_2_bodysystem,4.0,1.3037672,-2.6962328,-0.29958144
8,apache_3j_diagnosis_split0,106.0,105.532166,-0.46783447,-0.00425303
9,age,62.0,87.03699,25.036987,0.34297246
9,bmi,19.108088,40.925613,21.817526,0.4118841
9,elective_surgery,0.0,-0.4638251,-0.4638251,-0.4638251
9,ethnicity,1.0,3.6561522,2.6561522,0.44269204
9,gender,2.0,2.041996,0.041996002,0.020998001
9,height,157.5,153.11482,-4.3851776,-0.075101525
9,hospital_admit_source,5.0,-1.8079758,-6.807976,-0.45386505
9,icu_admit_source,2.0,0.9514301,-1.0485699,-0.20971398
9,icu_stay_type,1.0,0.94791406,-0.052085936,-0.026042968
9,icu_type,6.0,8.712656,2.712656,0.38752222
9,pre_icu_los_days,0.54791665,6.726859,6.1789427,0.09188303
9,readmission_status,0.0,0.0,0.0,0.0
9,weight,47.4,30.762478,-16.637524,-0.1128733
9,apache_2_diagnosis,113.0,204.80534,91.80534,0.4435041
9,apache_3j_diagnosis,501.05,916.4376,415.38763,0.19779985
9,apache_post_operative,0.0,0.347717,0.347717,0.347717
9,arf_apache,0.0,0.26306605,0.26306605,0.26306605
9,bun_apache,28.0,-18.107841,-46.10784,-0.3748605
9,creatinine_apache,4.88,-0.18012309,-5.0601234,-0.46508482
9,gcs_eyes_apache,1.0,1.9470962,0.9470962,0.31569874
9,gcs_motor_apache,4.0,6.375,2.375,0.47500002
9,gcs_unable_apache,0.0,0.0,0.0,0.0
9,gcs_verbal_apache,2.0,1.9852351,-0.014764905,-0.0036912262
9,glucose_apache,275.0,194.89304,-80.106964,-0.14312485
9,heart_rate_apache,108.0,93.035706,-14.964294,-0.10111007
9,hematocrit_apache,23.1,10.269625,-12.830376,-0.3644993
9,intubated_apache,0.0,0.3661549,0.3661549,0.3661549
9,map_apache,42.0,-25.47522,-67.47522,-0.42172012
9,resprate_apache,38.0,12.081885,-25.918114,-0.46282348
9,sodium_apache,131.0,120.155464,-10.844536,-0.2645009
9,temp_apache,36.7,37.45533,0.75532913,0.09938538
9,ventilated_apache,1.0,0.9515587,-0.04844129,-0.04844129
9,wbc_apache,24.6,17.122576,-7.4774246,-0.16653508
9,d1_diasbp_max,71.0,53.15027,-17.849731,-0.14999774
9,d1_diasbp_min,24.0,33.197273,9.197273,0.1194451
9,d1_diasbp_noninvasive_max,71.0,127.525,56.525,0.47500002
9,d1_diasbp_noninvasive_min,24.0,27.567135,3.5671349,0.046326414
9,d1_heartrate_max,90.0,116.74063,26.740631,0.22471118
9,d1_heartrate_min,58.0,39.150036,-18.849964,-0.13181794
9,d1_mbp_max,96.0,145.02179,49.02179,0.39533702
9,d1_mbp_min,31.0,68.43039,37.43039,0.41589323
9,d1_mbp_noninvasive_max,96.0,62.72665,-33.27335,-0.27498636
9,d1_mbp_noninvasive_min,31.0,60.711155,29.711155,0.33012396
9,d1_resprate_max,37.0,74.05,37.050003,0.47500002
9,d1_resprate_min,8.0,41.345303,33.345303,0.46312922
9,d1_spo2_max,100.0,94.910645,-5.0893555,-0.058498323
9,d1_spo2_min,84.0,102.09984,18.099838,0.18099838
9,d1_sysbp_max,180.0,116.70642,-63.29358,-0.44572943
9,d1_sysbp_min,48.0,60.70236,12.702358,0.106742516
9,d1_sysbp_noninvasive_max,180.0,222.16316,42.163162,0.29692364
9,d1_sysbp_noninvasive_min,48.0,101.7294,53.7294,0.45162144
9,d1_temp_max,37.2,36.117294,-1.0827065,-0.22556382
9,d1_temp_min,36.5,33.692276,-2.807724,-0.47499985
9,h1_diasbp_max,41.0,38.260014,-2.7399864,-0.025848929
9,h1_diasbp_min,24.0,25.235321,1.235321,0.013574956
9,h1_diasbp_noninvasive_max,41.0,28.242523,-12.757477,-0.11922875
9,h1_diasbp_noninvasive_min,24.0,42.180992,18.180992,0.19761948
9,h1_heartrate_max,90.0,144.65549,54.655487,0.4631821
9,h1_heartrate_min,70.0,120.00108,50.001083,0.462973
9,h1_mbp_max,63.0,47.129147,-15.870853,-0.1368177
9,h1_mbp_min,32.0,82.12421,50.124207,0.47286987
9,h1_mbp_noninvasive_max,63.0,51.110058,-11.889942,-0.10429774
9,h1_mbp_noninvasive_min,32.0,5.0988197,-26.90118,-0.25378472
9,h1_resprate_max,37.0,19.90251,-17.09749,-0.34892833
9,h1_resprate_min,11.0,41.12789,30.127892,0.25532115
9,h1_spo2_max,100.0,103.21181,3.2118073,0.03568673
9,h1_spo2_min,97.0,108.1419,11.141899,0.11141896
9,h1_sysbp_max,104.0,105.220505,1.2205048,0.008246645
9,h1_sysbp_min,53.0,111.40699,58.40699,0.41423398
9,h1_sysbp_noninvasive_max,104.0,69.707466,-34.292534,-0.23170632
9,h1_sysbp_noninvasive_min,53.0,65.740456,12.740456,0.089721516
9,h1_temp_max,36.7,38.20746,1.5074577,0.2471242
9,h1_temp_min,36.7,39.697697,2.997696,0.46839
9,d1_bun_max,28.0,16.318584,-11.681416,-0.09574931
9,d1_bun_min,27.0,78.399376,51.399376,0.4668851
9,d1_calcium_max,6.5,5.778985,-0.721015,-0.1567424
9,d1_calcium_min,6.1,6.1336255,0.033625603,0.0070053264
9,d1_creatinine_max,4.88,8.030116,3.150116,0.29248986
9,d1_creatinine_min,4.67,3.7193134,-0.9506867,-0.09864041
9,d1_glucose_max,275.0,57.01421,-217.9858,-0.40517804
9,d1_glucose_min,53.0,120.12121,67.12121,0.26322043
9,d1_hco3_max,28.0,22.226501,-5.7734985,-0.2061964
9,d1_hco3_min,26.0,20.992899,-5.007101,-0.15647191
9,d1_hemaglobin_max,7.9,10.827086,2.9270864,0.28145063
9,d1_hemaglobin_min,7.2,7.58414,0.38414,0.033696488
9,d1_hematocrit_max,25.7,11.133077,-14.566924,-0.4683898
9,d1_hematocrit_min,23.1,23.534378,0.43437767,0.012813494
9,d1_platelets_max,205.0,104.65939,-100.34061,-0.1798219
9,d1_platelets_min,205.0,202.41617,-2.5838318,-0.0047946274
9,d1_potassium_max,3.5,1.5313926,-1.9686074,-0.46871608
9,d1_potassium_min,3.2,4.7184043,1.5184042,0.44658947
9,d1_sodium_max,137.0,145.3737,8.373703,0.23924866
9,d1_sodium_min,131.0,132.20055,1.2005463,0.0333485
9,d1_wbc_max,24.6,4.3125095,-20.28749,-0.45203856
9,d1_wbc_min,24.6,8.391646,-16.208355,-0.40522915
9,apache_4a_hospital_death_prob,0.34,-0.08870983,-0.42870983,-0.21652016
9,apache_4a_icu_death_prob,0.23,0.5575688,0.32756877,0.16627854
9,aids,0.0,0.39422327,0.39422327,0.39422327
9,cirrhosis,0.0,0.16672525,0.16672525,0.16672525
9,diabetes_mellitus,1.0,1.318148,0.31814802,0.31814802
9,hepatic_failure,0.0,0.31707686,0.31707686,0.31707686
9,immunosuppression,0.0,-0.37505886,-0.37505886,-0.37505886
9,leukemia,0.0,0.19395116,0.19395116,0.19395116
9,lymphoma,0.0,0.14775217,0.14775217,0.14775217
9,solid_tumor_with_metastasis,0.0,0.25798002,0.25798002,0.25798002
9,apache_3j_bodysystem,10.0,8.915467,-1.0845327,-0.108453274
9,apache_2_bodysystem,1.0,-3.275,-4.275,-0.47500002
9,apache_3j_diagnosis_split0,97.0,55.901203,-41.098797,-0.37362543
10,age,51.0,20.910456,-30.089544,-0.41218552
10,bmi,29.29535,20.00314,-9.29221,-0.17542382
10,elective_surgery,0.0,-0.33712733,-0.33712733,-0.33712733
10,ethnicity,4.0,2.1576304,-1.8423696,-0.3070616
10,gender,2.0,2.3978577,0.39785767,0.19892883
10,height,182.9,177.8797,-5.020294,-0.08597869
10,hospital_admit_source,4.0,-2.9867086,-6.9867086,-0.46578056
10,icu_admit_source,1.0,-0.7460165,-1.7460165,-0.3492033
10,icu_stay_type,1.0,1.506706,0.506706,0.253353
10,icu_type,6.0,6.6102133,0.6102133,0.08717328
10,pre_icu_los_days,0.004861111,-21.348024,-21.352886,-0.31752485
10,readmission_status,0.0,0.0,0.0,0.0
10,weight,98.0,54.301025,-43.698975,-0.29646522
10,apache_2_diagnosis,302.0,370.7683,68.76831,0.332214
10,apache_3j_diagnosis,111.01,-513.4147,-624.4247,-0.2973394
10,apache_post_operative,0.0,-0.32226163,-0.32226163,-0.32226163
10,arf_apache,0.0,0.22379409,0.22379409,0.22379409
10,bun_apache,12.0,-10.386996,-22.386997,-0.18200809
10,creatinine_apache,1.26,-3.359963,-4.6199627,-0.42462894
10,gcs_eyes_apache,4.0,2.794035,-1.205965,-0.40198833
10,gcs_motor_apache,6.0,3.666748,-2.333252,-0.46665037
10,gcs_unable_apache,0.0,0.0,0.0,0.0
10,gcs_verbal_apache,5.0,3.1346066,-1.8653934,-0.46634835
10,glucose_apache,99.0,-161.05014,-260.05014,-0.46462417
10,heart_rate_apache,86.0,154.47833,68.47833,0.46269143
10,hematocrit_apache,43.9,49.257828,5.357826,0.15221095
10,intubated_apache,0.0,-0.014723956,-0.014723956,-0.014723956
10,map_apache,118.0,183.2088,65.2088,0.40755498
10,resprate_apache,5.0,8.916475,3.9164753,0.06993706
10,sodium_apache,144.0,152.5824,8.582397,0.20932674
10,temp_apache,36.5,33.966045,-2.5339546,-0.3334151
10,ventilated_apache,0.0,0.45784745,0.45784745,0.45784745
10,wbc_apache,10.9,13.152941,2.2529411,0.05017686
10,d1_diasbp_max,90.0,48.881287,-41.118713,-0.34553543
10,d1_diasbp_min,59.0,31.437994,-27.562006,-0.35794812
10,d1_diasbp_noninvasive_max,90.0,61.31246,-28.687538,-0.24107176
10,d1_diasbp_noninvasive_min,59.0,70.73508,11.735077,0.1524036
10,d1_heartrate_max,86.0,57.15275,-28.847252,-0.24241388
10,d1_heartrate_min,66.0,93.59529,27.595291,0.19297406
10,d1_mbp_max,113.0,58.868942,-54.131058,-0.4365408
10,d1_mbp_min,75.0,32.25,-42.75,-0.475
10,d1_mbp_noninvasive_max,113.0,123.24815,10.248154,0.08469546
10,d1_mbp_noninvasive_min,75.0,84.03805,9.038048,0.10042274
10,d1_resprate_max,23.0,-8.028856,-31.028856,-0.39780584
10,d1_resprate_min,9.0,-2.4210763,-11.421076,-0.15862606
10,d1_spo2_max,100.0,140.12839,40.128387,0.46124578
10,d1_spo2_min,93.0,94.102684,1.102684,0.011026859
10,d1_sysbp_max,149.0,189.24986,40.249863,0.28344977
10,d1_sysbp_min,105.0,48.475006,-56.524994,-0.47499996
10,d1_sysbp_noninvasive_max,149.0,117.7627,-31.237297,-0.21998096
10,d1_sysbp_noninvasive_min,105.0,57.683304,-47.316696,-0.39771953
10,d1_temp_max,36.8,35.498608,-1.3013916,-0.27112323
10,d1_temp_min,36.5,35.909702,-0.5902977,-0.099864244
10,h1_diasbp_max,90.0,94.262115,4.2621155,0.040208638
10,h1_diasbp_min,84.0,41.534813,-42.465187,-0.46665043
10,h1_diasbp_noninvasive_max,90.0,40.074646,-49.925354,-0.4665921
10,h1_diasbp_noninvasive_min,84.0,40.300003,-43.699997,-0.47499996
10,h1_heartrate_max,76.0,130.043,54.043,0.45799154
10,h1_heartrate_min,66.0,108.49343,42.49343,0.3934577
10,h1_mbp_max,105.0,60.62254,-44.37746,-0.3825643
10,h1_mbp_min,102.0,52.924866,-49.075134,-0.462973
10,h1_mbp_noninvasive_max,105.0,125.60147,20.60147,0.18071464
10,h1_mbp_noninvasive_min,102.0,111.47115,9.471153,0.08935046
10,h1_resprate_max,22.0,34.139923,12.139923,0.24775353
10,h1_resprate_min,15.0,34.096306,19.096306,0.16183311
10,h1_spo2_max,100.0,121.011635,21.011635,0.23346257
10,h1_spo2_min,94.0,82.297646,-11.702354,-0.11702353
10,h1_sysbp_max,149.0,85.90005,-63.099953,-0.42635104
10,h1_sysbp_min,136.0,76.50833,-59.49167,-0.42192674
10,h1_sysbp_noninvasive_max,149.0,214.52174,65.52174,0.4427145
10,h1_sysbp_noninvasive_min,136.0,100.3331,-35.6669,-0.25117537
10,h1_temp_max,36.5,33.663612,-2.8363876,-0.4649816
10,h1_temp_min,36.5,33.46,-3.040001,-0.47500014
10,d1_bun_max,12.0,17.488514,5.488514,0.04498782
10,d1_bun_min,12.0,31.6421,19.6421,0.17841858
10,d1_calcium_max,8.0,8.477284,0.47728443,0.10375747
10,d1_calcium_min,8.0,6.1570044,-1.8429956,-0.38395742
10,d1_creatinine_max,1.26,4.6553493,3.3953493,0.3152599
10,d1_creatinine_min,1.26,2.150986,0.89098597,0.092446074
10,d1_glucose_max,99.0,320.8934,221.8934,0.41244125
10,d1_glucose_min,99.0,39.54942,-59.45058,-0.23313954
10,d1_hco3_max,25.0,37.562416,12.562416,0.44865772
10,d1_hco3_min,25.0,37.214947,12.214947,0.3817171
10,d1_hemaglobin_max,14.7,10.665325,-4.0346746,-0.3879495
10,d1_hemaglobin_min,14.7,17.454748,2.7547483,0.24164456
10,d1_hematocrit_max,43.9,58.6725,14.772499,0.4749999
10,d1_hematocrit_min,43.9,48.87725,4.977249,0.14682156
10,d1_platelets_max,475.0,279.66354,-195.33646,-0.35006535
10,d1_platelets_min,475.0,323.1284,-151.87161,-0.2818178
10,d1_potassium_max,4.0,4.0127587,0.012758732,0.0030378103
10,d1_potassium_min,4.0,5.5866113,1.5866113,0.46665037
10,d1_sodium_max,144.0,127.66724,-16.332764,-0.46665043
10,d1_sodium_min,144.0,150.4036,6.403595,0.17787766
10,d1_wbc_max,10.9,1.2434027,-9.656597,-0.21516481
10,d1_wbc_min,10.9,-1.8509084,-12.750908,-0.31878865
10,apache_4a_hospital_death_prob,0.02,-0.90131634,-0.9213163,-0.46531126
10,apache_4a_icu_death_prob,0.01,0.94575,0.93575,0.47499996
10,aids,0.0,0.28176528,0.28176528,0.28176528
10,cirrhosis,0.0,-0.23065937,-0.23065937,-0.23065937
10,diabetes_mellitus,0.0,0.11115056,0.11115056,0.11115056
10,hepatic_failure,0.0,0.23590162,0.23590162,0.23590162
10,immunosuppression,0.0,0.22369127,0.22369127,0.22369127
10,leukemia,0.0,-0.23212852,-0.23212852,-0.23212852
10,lymphoma,0.0,-0.20011654,-0.20011654,-0.20011654
10,solid_tumor_with_metastasis,0.0,-0.27535653,-0.27535653,-0.27535653
10,apache_3j_bodysystem,1.0,3.8140955,2.8140955,0.28140956
10,apache_2_bodysystem,1.0,-3.275,-4.275,-0.47500002
10,apache_3j_diagnosis_split0,14.0,11.95897,-2.04103,-0.018554814
11,age,72.0,103.57774,31.577744,0.43257183
11,bmi,22.690323,40.199043,17.50872,0.33053994
11,elective_surgery,0.0,0.040185496,0.040185496,0.040185496
11,ethnicity,3.0,5.024762,2.0247622,0.33746037
11,gender,1.0,1.8680292,0.86802924,0.43401462
11,height,152.4,167.7272,15.327209,0.26249716
11,hospital_admit_source,5.0,5.881616,0.8816161,0.058774382
11,icu_admit_source,2.0,4.3137913,2.3137913,0.46275824
11,icu_stay_type,1.0,0.29037803,-0.70962197,-0.35481098
11,icu_type,6.0,5.880254,-0.11974621,-0.017106593
11,pre_icu_los_days,0.025,-13.128525,-13.153524,-0.19559751
11,readmission_status,0.0,0.0,0.0,0.0
11,weight,52.7,71.12738,18.42738,0.12501615
11,apache_2_diagnosis,102.0,81.43294,-20.567062,-0.09935779
11,apache_3j_diagnosis,206.01,-530.5295,-736.5395,-0.35072643
11,apache_post_operative,0.0,0.39328367,0.39328367,0.39328367
11,arf_apache,0.0,-0.35248643,-0.35248643,-0.35248643
11,bun_apache,34.0,13.890096,-20.109905,-0.16349515
11,creatinine_apache,0.82,1.0955095,0.27550954,0.025322568
11,gcs_eyes_apache,4.0,5.140127,1.1401272,0.38004243
11,gcs_motor_apache,6.0,3.9021823,-2.0978177,-0.41956353
11,gcs_unable_apache,0.0,0.0,0.0,0.0
11,gcs_verbal_apache,5.0,3.1,-1.9000001,-0.47500002
11,glucose_apache,80.0,262.92206,182.92206,0.32682163
11,heart_rate_apache,50.0,108.67128,58.67128,0.39642757
11,hematocrit_apache,34.6,47.931458,13.331459,0.37873465
11,intubated_apache,0.0,-0.17618218,-0.17618218,-0.17618218
11,map_apache,63.0,34.655613,-28.344387,-0.17715243
11,resprate_apache,57.0,43.745823,-13.254177,-0.23668176
11,sodium_apache,139.0,138.04295,-0.9570465,-0.02334261
11,temp_apache,36.7,39.389057,2.6890564,0.35382318
11,ventilated_apache,1.0,0.60183936,-0.39816064,-0.39816064
11,wbc_apache,8.7,2.7823062,-5.9176936,-0.13179718
11,d1_diasbp_max,88.0,101.79297,13.792969,0.11590728
11,d1_diasbp_min,50.0,20.16657,-29.83343,-0.38744712
11,d1_diasbp_noninvasive_max,88.0,90.63022,2.6302185,0.022102654
11,d1_diasbp_noninvasive_min,50.0,62.79143,12.791431,0.1661225
11,d1_heartrate_max,97.0,110.061264,13.061264,0.1097585
11,d1_heartrate_min,50.0,-17.925,-67.925,-0.475
11,d1_mbp_max,106.0,47.790237,-58.209763,-0.46943358
11,d1_mbp_min,63.0,28.076471,-34.92353,-0.3880392
11,d1_mbp_noninvasive_max,106.0,103.44249,-2.5575104,-0.021136433
11,d1_mbp_noninvasive_min,63.0,34.001125,-28.998875,-0.32220972
11,d1_resprate_max,42.0,9.494371,-32.50563,-0.41673884
11,d1_resprate_min,16.0,15.621889,-0.3781109,-0.0052515417
11,d1_spo2_max,100.0,80.97399,-19.026009,-0.21868974
11,d1_spo2_min,83.0,57.313007,-25.686993,-0.2568699
11,d1_sysbp_max,147.0,141.17291,-5.8270874,-0.04103583
11,d1_sysbp_min,85.0,61.655563,-23.344437,-0.19617175
11,d1_sysbp_noninvasive_max,147.0,149.46806,2.4680634,0.017380714
11,d1_sysbp_noninvasive_min,85.0,50.39663,-34.60337,-0.29085794
11,d1_temp_max,36.9,37.953854,1.0538521,0.21955249
11,d1_temp_min,36.6,36.82684,0.22684097,0.038376093
11,h1_diasbp_max,82.0,119.25363,37.25363,0.35144937
11,h1_diasbp_min,57.0,30.545877,-26.454123,-0.29070467
11,h1_diasbp_noninvasive_max,82.0,68.25242,-13.7475815,-0.12848207
11,h1_diasbp_noninvasive_min,57.0,31.280382,-25.719618,-0.27956107
11,h1_heartrate_max,92.0,118.75082,26.750816,0.22670183
11,h1_heartrate_min,71.0,33.139385,-37.860615,-0.35056123
11,h1_mbp_max,91.0,100.11702,9.11702,0.07859501
11,h1_mbp_min,69.0,40.8947,-28.1053,-0.26514435
11,h1_mbp_noninvasive_max,91.0,71.21022,-19.78978,-0.17359455
11,h1_mbp_noninvasive_min,69.0,110.19935,41.19935,0.38867313
11,h1_resprate_max,38.0,23.936531,-14.063469,-0.2870096
11,h1_resprate_min,18.0,-13.310709,-31.310709,-0.26534498
11,h1_spo2_max,96.0,86.33797,-9.662033,-0.10735595
11,h1_spo2_min,83.0,45.93859,-37.06141,-0.37061408
11,h1_sysbp_max,125.0,130.32977,5.329773,0.036011964
11,h1_sysbp_min,91.0,60.439064,-30.560936,-0.21674421
11,h1_sysbp_noninvasive_max,125.0,152.87646,27.876465,0.18835446
11,h1_sysbp_noninvasive_min,91.0,68.95577,-22.044228,-0.15524104
11,h1_temp_max,36.8,35.4676,-1.3323975,-0.21842581
11,h1_temp_min,36.8,33.83152,-2.9684792,-0.46382487
11,d1_bun_max,34.0,17.848345,-16.151655,-0.13239062
11,d1_bun_min,27.0,17.75187,-9.248131,-0.08400518
11,d1_calcium_max,9.0,8.788515,-0.21148491,-0.04597497
11,d1_calcium_min,8.6,6.96449,-1.6355104,-0.34073132
11,d1_creatinine_max,1.05,2.9578652,1.9078653,0.17714627
11,d1_creatinine_min,0.82,1.0223016,0.20230156,0.020990212
11,d1_glucose_max,102.0,269.17126,167.17126,0.31072727
11,d1_glucose_min,80.0,15.400585,-64.59941,-0.25333104
11,d1_hco3_max,30.0,30.651722,0.65172195,0.023275793
11,d1_hco3_min,30.0,22.48397,-7.5160294,-0.23487592
11,d1_hemaglobin_max,11.5,9.056925,-2.4430752,-0.23491108
11,d1_hemaglobin_min,11.0,7.676442,-3.3235579,-0.29154018
11,d1_hematocrit_max,34.8,27.894161,-6.905838,-0.22205268
11,d1_hematocrit_min,34.6,29.456936,-5.1430626,-0.15171272
11,d1_platelets_max,285.0,277.77148,-7.2285156,-0.0129543245
11,d1_platelets_min,277.0,45.174232,-231.82578,-0.4301833
11,d1_potassium_max,4.1,5.1606684,1.0606685,0.2525401
11,d1_potassium_min,3.7,2.606931,-1.0930691,-0.32149088
11,d1_sodium_max,139.0,142.88098,3.8809814,0.11088517
11,d1_sodium_min,139.0,142.37941,3.3794098,0.09387249
11,d1_wbc_max,10.4,14.81627,4.4162703,0.098401755
11,d1_wbc_min,8.7,14.676093,5.9760933,0.1494098
11,apache_4a_hospital_death_prob,0.07,0.64939725,0.57939726,0.29262483
11,apache_4a_icu_death_prob,0.03,-0.58102715,-0.6110271,-0.31016606
11,aids,0.0,-0.475,-0.475,-0.475
11,cirrhosis,0.0,0.033690978,0.033690978,0.033690978
11,diabetes_mellitus,0.0,0.26760465,0.26760465,0.26760465
11,hepatic_failure,0.0,-0.13335814,-0.13335814,-0.13335814
11,immunosuppression,0.0,-0.33999017,-0.33999017,-0.33999017
11,leukemia,0.0,0.20189738,0.20189738,0.20189738
11,lymphoma,0.0,0.0020308015,0.0020308015,0.0020308015
11,solid_tumor_with_metastasis,0.0,0.30176198,0.30176198,0.30176198
11,apache_3j_bodysystem,9.0,9.793331,0.79333115,0.07933313
11,apache_2_bodysystem,7.0,9.157693,2.157693,0.23974365
11,apache_3j_diagnosis_split0,66.0,59.67899,-6.3210106,-0.057463706
12,age,66.0,32.266132,-33.733868,-0.46210778
12,bmi,16.325476,1.762742,-14.562734,-0.27492386
12,elective_surgery,0.0,-0.3799197,-0.3799197,-0.3799197
12,ethnicity,1.0,-1.6018429,-2.6018429,-0.43364048
12,gender,1.0,0.121807456,-0.87819254,-0.43909627
12,height,165.1,163.26959,-1.8304138,-0.03134808
12,hospital_admit_source,4.0,-0.39616787,-4.3961678,-0.29307786
12,icu_admit_source,1.0,0.8454014,-0.1545986,-0.03091972
12,icu_stay_type,1.0,0.14688623,-0.8531138,-0.4265569
12,icu_type,5.0,2.151143,-2.848857,-0.4069796
12,pre_icu_los_days,0.0,-17.531363,-17.531363,-0.26069748
12,readmission_status,0.0,0.0,0.0,0.0
12,weight,44.5,17.829832,-26.670168,-0.18093738
12,apache_2_diagnosis,113.0,19.514374,-93.48563,-0.4516214
12,apache_3j_diagnosis,501.05,1432.1821,931.13214,0.4433878
12,apache_post_operative,0.0,0.42415988,0.42415988,0.42415988
12,arf_apache,0.0,-0.025481768,-0.025481768,-0.025481768
12,bun_apache,36.0,-14.504276,-50.504276,-0.41060388
12,creatinine_apache,0.67,0.91170746,0.24170744,0.022215758
12,gcs_eyes_apache,3.0,1.8243518,-1.1756482,-0.39188275
12,gcs_motor_apache,6.0,6.7296777,0.7296777,0.14593554
12,gcs_unable_apache,0.0,0.0,0.0,0.0
12,gcs_verbal_apache,4.0,2.2232027,-1.7767973,-0.44419932
12,glucose_apache,112.0,272.51392,160.51392,0.2867856
12,heart_rate_apache,111.0,179.81967,68.81967,0.46499783
12,hematocrit_apache,44.9,48.15928,3.2592773,0.092593074
12,intubated_apache,0.0,0.26545113,0.26545113,0.26545113
12,map_apache,106.0,179.79832,73.798325,0.46123955
12,resprate_apache,33.0,53.746452,20.746452,0.37047237
12,sodium_apache,146.0,155.93555,9.935547,0.24233043
12,temp_apache,36.5,35.05418,-1.4458199,-0.19023949
12,ventilated_apache,1.0,0.7453952,-0.25460482,-0.25460482
12,wbc_apache,12.1,1.0397335,-11.0602665,-0.24633111
12,d1_diasbp_max,87.0,65.258514,-21.741486,-0.18270157
12,d1_diasbp_min,62.0,97.020996,35.020996,0.45481813
12,d1_diasbp_noninvasive_max,87.0,73.982025,-13.017975,-0.10939476
12,d1_diasbp_noninvasive_min,62.0,38.974545,-23.025455,-0.29903188
12,d1_heartrate_max,114.0,57.475002,-56.524998,-0.475
12,d1_heartrate_min,86.0,32.08116,-53.91884,-0.3770548
12,d1_mbp_max,106.0,137.839,31.839005,0.25676614
12,d1_mbp_min,82.0,65.633224,-16.366776,-0.18185309
12,d1_mbp_noninvasive_max,106.0,132.9126,26.912598,0.22241819
12,d1_mbp_noninvasive_min,82.0,101.680145,19.680145,0.21866828
12,d1_resprate_max,38.0,18.85464,-19.14536,-0.24545336
12,d1_resprate_min,15.0,1.9517679,-13.048232,-0.18122545
12,d1_spo2_max,100.0,98.493225,-1.5067749,-0.017319262
12,d1_spo2_min,91.0,79.030945,-11.969055,-0.1196906
12,d1_sysbp_max,139.0,155.21526,16.215256,0.11419195
12,d1_sysbp_min,111.0,69.58392,-41.416077,-0.34803426
12,d1_sysbp_noninvasive_max,139.0,178.37614,39.376144,0.27729678
12,d1_sysbp_noninvasive_min,111.0,130.74315,19.743149,0.16595066
12,d1_temp_max,37.0,37.60695,0.60694885,0.12644765
12,d1_temp_min,35.8,37.59026,1.7902603,0.30286932
12,h1_diasbp_max,76.0,27.881084,-48.118916,-0.45395204
12,h1_diasbp_min,68.0,98.47242,30.47242,0.33486176
12,h1_diasbp_noninvasive_max,76.0,67.3777,-8.622299,-0.08058223
12,h1_diasbp_noninvasive_min,68.0,43.286438,-24.713562,-0.26862568
12,h1_heartrate_max,114.0,119.88054,5.880539,0.049835086
12,h1_heartrate_min,110.0,110.849014,0.8490143,0.007861257
12,h1_mbp_max,89.0,110.43526,21.435257,0.18478668
12,h1_mbp_min,89.0,133.92398,44.92398,0.4238112
12,h1_mbp_noninvasive_max,89.0,99.88454,10.884537,0.095478386
12,h1_mbp_noninvasive_min,89.0,124.82959,35.82959,0.33801502
12,h1_resprate_max,28.0,43.780098,15.780098,0.32204282
12,h1_resprate_min,26.0,46.450615,20.450615,0.1733103
12,h1_spo2_max,97.0,99.275734,2.275734,0.02528596
12,h1_spo2_min,97.0,122.88079,25.88079,0.2588079
12,h1_sysbp_max,122.0,124.6991,2.6990967,0.018237144
12,h1_sysbp_min,111.0,69.67662,-41.32338,-0.2930736
12,h1_sysbp_noninvasive_max,122.0,153.15631,31.156311,0.21051565
12,h1_sysbp_noninvasive_min,111.0,64.58936,-46.410637,-0.32683545
12,h1_temp_max,36.8,34.65103,-2.1489677,-0.3522898
12,h1_temp_min,36.8,34.025845,-2.7741547,-0.43346167
12,d1_bun_max,36.0,91.83084,55.83084,0.45762986
12,d1_bun_min,36.0,24.226795,-11.773205,-0.106941655
12,d1_calcium_max,8.5,8.839676,0.3396759,0.073842585
12,d1_calcium_min,8.5,10.611839,2.1118393,0.43996644
12,d1_creatinine_max,0.67,4.3040376,3.6340375,0.33742225
12,d1_creatinine_min,0.67,3.8231628,3.1531627,0.32716283
12,d1_glucose_max,121.0,128.43016,7.4301605,0.013810709
12,d1_glucose_min,98.0,178.6281,80.6281,0.3161886
12,d1_hco3_max,33.0,38.71378,5.7137794,0.20406353
12,d1_hco3_min,33.0,46.668854,13.668854,0.42715168
12,d1_hemaglobin_max,14.4,9.564192,-4.835808,-0.46498156
12,d1_hemaglobin_min,14.4,10.479332,-3.9206676,-0.34391823
12,d1_hematocrit_max,44.9,54.70051,9.800507,0.31512874
12,d1_hematocrit_min,44.9,51.229965,6.3299637,0.18672466
12,d1_platelets_max,151.0,308.88016,157.88016,0.28293937
12,d1_platelets_min,151.0,371.31433,220.31433,0.4088223
12,d1_potassium_max,4.5,5.5930443,1.0930443,0.26024863
12,d1_potassium_min,4.5,2.9644735,-1.5355265,-0.4516254
12,d1_sodium_max,146.0,150.51775,4.517746,0.12907845
12,d1_sodium_min,146.0,130.88713,-15.112869,-0.41980195
12,d1_wbc_max,12.1,24.452627,12.352627,0.27523676
12,d1_wbc_min,12.1,-1.7605716,-13.860572,-0.34653163
12,apache_4a_hospital_death_prob,0.05,-0.7638912,-0.81389123,-0.41105616
12,apache_4a_icu_death_prob,0.03,0.42701733,0.39701733,0.20153165
12,aids,0.0,0.054576762,0.054576762,0.054576762
12,cirrhosis,0.0,-0.039457265,-0.039457265,-0.039457265
12,diabetes_mellitus,0.0,0.40684757,0.40684757,0.40684757
12,hepatic_failure,0.0,-0.3165369,-0.3165369,-0.3165369
12,immunosuppression,0.0,-0.30414176,-0.30414176,-0.30414176
12,leukemia,0.0,-0.023084251,-0.023084251,-0.023084251
12,lymphoma,0.0,0.014126211,0.014126211,0.014126211
12,solid_tumor_with_metastasis,0.0,0.475,0.475,0.475
12,apache_3j_bodysystem,10.0,11.296139,1.2961388,0.12961388
12,apache_2_bodysystem,1.0,1.1043297,0.104329705,0.01159219
12,apache_3j_diagnosis_split0,97.0,113.185616,16.185616,0.14714193
13,age,57.0,28.895771,-28.104229,-0.38498944
13,bmi,45.94587,69.15524,23.209373,0.43816024
13,elective_surgery,1.0,1.0990857,0.09908569,0.09908569
13,ethnicity,3.0,0.8374157,-2.1625843,-0.36043072
13,gender,2.0,2.3032944,0.30329442,0.15164721
13,height,182.9,157.54054,-25.359451,-0.43431157
13,hospital_admit_source,9.0,2.0249496,-6.9750504,-0.4650034
13,icu_admit_source,3.0,5.0280266,2.0280266,0.4056053
13,icu_stay_type,1.0,0.11456913,-0.8854309,-0.44271544
13,icu_type,7.0,10.031306,3.0313063,0.43304378
13,pre_icu_los_days,0.015972221,-25.449959,-25.46593,-0.37868726
13,readmission_status,0.0,0.0,0.0,0.0
13,weight,153.7,116.4111,-37.288895,-0.2529776
13,apache_2_diagnosis,301.0,397.3819,96.3819,0.46561295
13,apache_3j_diagnosis,1506.01,2455.7092,949.6992,0.45222914
13,apache_post_operative,1.0,0.6543376,-0.34566242,-0.34566242
13,arf_apache,0.0,0.27876383,0.27876383,0.27876383
13,bun_apache,21.0,77.00585,56.00585,0.45533216
13,creatinine_apache,1.32,5.8287253,4.508725,0.41440487
13,gcs_eyes_apache,4.0,4.0000925,9.250641e-05,3.0875206e-05
13,gcs_motor_apache,6.0,3.7449994,-2.2550006,-0.4510001
13,gcs_unable_apache,0.0,0.0,0.0,0.0
13,gcs_verbal_apache,5.0,6.1611314,1.1611314,0.29028285
13,glucose_apache,278.0,175.83253,-102.167465,-0.1825397
13,heart_rate_apache,64.0,88.17547,24.175468,0.16334777
13,hematocrit_apache,35.2,49.24259,14.042591,0.39893728
13,intubated_apache,0.0,0.2700557,0.2700557,0.2700557
13,map_apache,163.0,186.9602,23.960205,0.14975125
13,resprate_apache,30.0,11.066107,-18.933893,-0.3381052
13,sodium_apache,139.0,128.37326,-10.6267395,-0.2591888
13,temp_apache,36.3,35.53664,-0.76335907,-0.10044196
13,ventilated_apache,0.0,-0.15198424,-0.15198424,-0.15198424
13,wbc_apache,9.2,29.644415,20.444416,0.45533216
13,d1_diasbp_max,96.0,114.349396,18.349396,0.15419659
13,d1_diasbp_min,58.0,93.8036,35.803596,0.4649818
13,d1_diasbp_noninvasive_max,96.0,85.30772,-10.692284,-0.08985114
13,d1_diasbp_noninvasive_min,58.0,83.27503,25.275032,0.3282472
13,d1_heartrate_max,82.0,45.10048,-36.89952,-0.31008
13,d1_heartrate_min,60.0,87.60723,27.607231,0.19305757
13,d1_mbp_max,141.0,162.07722,21.077225,0.16997766
13,d1_mbp_min,80.0,63.654514,-16.345486,-0.18161651
13,d1_mbp_noninvasive_max,141.0,182.24582,41.24582,0.3408745
13,d1_mbp_noninvasive_min,80.0,47.69278,-32.30722,-0.35896915
13,d1_resprate_max,30.0,22.765066,-7.234934,-0.09275556
13,d1_resprate_min,9.0,30.336128,21.336128,0.2963351
13,d1_spo2_max,100.0,98.87501,-1.1249924,-0.01293093
13,d1_spo2_min,93.0,69.67492,-23.32508,-0.2332508
13,d1_sysbp_max,162.0,220.06087,58.060867,0.4088794
13,d1_sysbp_min,117.0,126.10863,9.108627,0.07654309
13,d1_sysbp_noninvasive_max,162.0,114.32918,-47.670822,-0.33571
13,d1_sysbp_noninvasive_min,117.0,75.78645,-41.213547,-0.34641966
13,d1_temp_max,37.9,38.028416,0.12841415,0.026752949
13,d1_temp_min,36.3,35.784054,-0.51594543,-0.08728564
13,h1_diasbp_max,85.0,67.45199,-17.548012,-0.16554728
13,h1_diasbp_min,63.0,79.52142,16.521423,0.18155411
13,h1_diasbp_noninvasive_max,85.0,121.52321,36.52321,0.34133843
13,h1_diasbp_noninvasive_min,63.0,42.031868,-20.968132,-0.2279145
13,h1_heartrate_max,76.0,55.028633,-20.971367,-0.17772345
13,h1_heartrate_min,70.0,59.013077,-10.986923,-0.101730764
13,h1_mbp_max,107.0,66.9977,-40.002296,-0.34484738
13,h1_mbp_min,80.0,104.73943,24.739433,0.23339087
13,h1_mbp_noninvasive_max,107.0,159.7917,52.791702,0.46308506
13,h1_mbp_noninvasive_min,80.0,86.178696,6.1786957,0.058289587
13,h1_resprate_max,16.0,29.087217,13.087217,0.26708606
13,h1_resprate_min,11.0,53.575115,42.575115,0.36080605
13,h1_spo2_max,95.0,68.63629,-26.363708,-0.29293007
13,h1_spo2_min,93.0,135.19699,42.19699,0.42196995
13,h1_sysbp_max,148.0,159.43637,11.436371,0.07727274
13,h1_sysbp_min,119.0,79.1798,-39.820198,-0.28241277
13,h1_sysbp_noninvasive_max,148.0,168.66037,20.66037,0.13959709
13,h1_sysbp_noninvasive_min,119.0,128.5878,9.587799,0.067519724
13,h1_temp_max,37.2,34.819054,-2.380947,-0.39031923
13,h1_temp_min,37.0,34.498344,-2.5016556,-0.39088368
13,d1_bun_max,21.0,73.65373,52.653732,0.43158793
13,d1_bun_min,16.0,-25.794027,-41.79403,-0.3796351
13,d1_calcium_max,8.8,10.254562,1.4545622,0.3162092
13,d1_calcium_min,8.6,8.15375,-0.44624996,-0.0929687
13,d1_creatinine_max,1.32,4.528138,3.208138,0.29787725
13,d1_creatinine_min,1.06,5.4509664,4.3909664,0.45559365
13,d1_glucose_max,278.0,179.6173,-98.382706,-0.1828675
13,d1_glucose_min,141.0,94.11155,-46.88845,-0.18387628
13,d1_hco3_max,23.0,18.356743,-4.643257,-0.1658306
13,d1_hco3_min,21.0,30.731213,9.731213,0.3041004
13,d1_hemaglobin_max,11.6,7.8808,-3.7192006,-0.35761547
13,d1_hemaglobin_min,10.9,5.5990243,-5.3009753,-0.46499786
13,d1_hematocrit_max,35.2,49.67331,14.473309,0.4653797
13,d1_hematocrit_min,32.9,48.58751,15.687508,0.4627584
13,d1_platelets_max,323.0,184.82928,-138.17072,-0.24761778
13,d1_platelets_min,274.0,171.62224,-102.37776,-0.18997544
13,d1_potassium_max,4.3,5.7243342,1.424334,0.33912718
13,d1_potassium_min,3.7,2.1254523,-1.5745478,-0.46310228
13,d1_sodium_max,140.0,144.28545,4.285446,0.12244132
13,d1_sodium_min,139.0,153.38911,14.389114,0.3996976
13,d1_wbc_max,12.5,26.753992,14.253992,0.31760228
13,d1_wbc_min,9.2,21.51768,12.317679,0.30795738
13,apache_4a_hospital_death_prob,0.02,0.2815342,0.26153418,0.132088
13,apache_4a_icu_death_prob,0.0,0.048657656,0.048657656,0.02469933
13,aids,0.0,0.15700924,0.15700924,0.15700924
13,cirrhosis,0.0,-0.06838898,-0.06838898,-0.06838898
13,diabetes_mellitus,1.0,0.99873406,-0.001265943,-0.001265943
13,hepatic_failure,0.0,-0.101247825,-0.101247825,-0.101247825
13,immunosuppression,0.0,0.45609617,0.45609617,0.45609617
13,leukemia,0.0,-0.12821642,-0.12821642,-0.12821642
13,lymphoma,0.0,0.4035259,0.4035259,0.4035259
13,solid_tumor_with_metastasis,0.0,0.25851464,0.25851464,0.25851464
13,apache_3j_bodysystem,8.0,4.3634663,-3.6365337,-0.36365336
13,apache_2_bodysystem,5.0,5.849991,0.84999084,0.09444341
13,apache_3j_diagnosis_split0,47.0,68.38609,21.386093,0.19441906
14,age,62.0,27.93452,-34.06548,-0.46665037
14,bmi,28.047325,26.880453,-1.166872,-0.022028893
14,elective_surgery,0.0,-0.38712218,-0.38712218,-0.38712218
14,ethnicity,3.0,3.5089488,0.5089488,0.0848248
14,gender,2.0,2.0177155,0.017715454,0.008857727
14,height,189.2,168.84752,-20.352478,-0.34856105
14,hospital_admit_source,5.0,3.1228843,-1.8771157,-0.12514107
14,icu_admit_source,2.0,4.375,2.375,0.47500002
14,icu_stay_type,1.0,0.088783026,-0.911217,-0.4556085
14,icu_type,6.0,3.89963,-2.10037,-0.30005285
14,pre_icu_los_days,0.26041666,-28.400536,-28.660952,-0.42619836
14,readmission_status,0.0,0.0,0.0,0.0
14,weight,100.4,60.50523,-39.89477,-0.27065653
14,apache_2_diagnosis,124.0,27.610413,-96.38959,-0.46565017
14,apache_3j_diagnosis,305.02,-666.7907,-971.81067,-0.46275818
14,apache_post_operative,0.0,0.27263466,0.27263466,0.27263466
14,arf_apache,0.0,0.32899654,0.32899654,0.32899654
14,bun_apache,34.0,40.616814,6.6168137,0.05379522
14,creatinine_apache,1.14,-2.8402822,-3.9802823,-0.36583477
14,gcs_eyes_apache,4.0,5.087763,1.0877628,0.36258757
14,gcs_motor_apache,6.0,3.673705,-2.326295,-0.46525896
14,gcs_unable_apache,0.0,0.0,0.0,0.0
14,gcs_verbal_apache,5.0,3.360647,-1.639353,-0.40983826
14,glucose_apache,104.0,38.375305,-65.624695,-0.117249765
14,heart_rate_apache,129.0,137.99115,8.99115,0.06075102
14,hematocrit_apache,23.8,37.489693,13.689693,0.38891172
14,intubated_apache,0.0,-0.45430052,-0.45430052,-0.45430052
14,map_apache,73.0,-2.9393082,-75.93931,-0.4746207
14,resprate_apache,9.0,34.207687,25.207687,0.45013726
14,sodium_apache,141.0,127.152405,-13.847595,-0.3377462
14,temp_apache,37.0,36.95796,-0.04204178,-0.0055318475
14,ventilated_apache,0.0,-0.31836456,-0.31836456,-0.31836456
14,wbc_apache,7.2,20.854637,13.654637,0.3041122
14,d1_diasbp_max,77.0,83.57944,6.5794373,0.055289388
14,d1_diasbp_min,58.0,90.77409,32.774094,0.4256376
14,d1_diasbp_noninvasive_max,77.0,76.91091,-0.08908844,-0.00074866414
14,d1_diasbp_noninvasive_min,58.0,79.06205,21.06205,0.27353317
14,d1_heartrate_max,118.0,85.30473,-32.695267,-0.27475017
14,d1_heartrate_min,91.0,70.5491,-20.450897,-0.14301327
14,d1_mbp_max,91.0,52.028988,-38.971012,-0.31428236
14,d1_mbp_min,78.0,68.36925,-9.630753,-0.1070084
14,d1_mbp_noninvasive_max,91.0,66.92222,-24.077782,-0.19898993
14,d1_mbp_noninvasive_min,78.0,83.23949,5.2394867,0.058216512
14,d1_resprate_max,25.0,10.9367,-14.0633,-0.18029873
14,d1_resprate_min,10.0,43.47868,33.47868,0.46498168
14,d1_spo2_max,100.0,68.698715,-31.301285,-0.3597849
14,d1_spo2_min,97.0,56.358593,-40.641407,-0.4064141
14,d1_sysbp_max,125.0,183.62073,58.620728,0.41282207
14,d1_sysbp_min,92.0,89.483185,-2.5168152,-0.021149725
14,d1_sysbp_noninvasive_max,125.0,89.81501,-35.18499,-0.24778162
14,d1_sysbp_noninvasive_min,92.0,111.61142,19.61142,0.16484338
14,d1_temp_max,37.9,36.129402,-1.7705994,-0.36887488
14,d1_temp_min,37.0,34.285263,-2.714737,-0.45926863
14,h1_diasbp_max,77.0,72.789154,-4.210846,-0.039724976
14,h1_diasbp_min,58.0,36.59549,-21.40451,-0.23521441
14,h1_diasbp_noninvasive_max,77.0,40.662914,-36.337086,-0.33959892
14,h1_diasbp_noninvasive_min,58.0,44.972298,-13.027702,-0.14160545
14,h1_heartrate_max,118.0,73.74501,-44.25499,-0.37504226
14,h1_heartrate_min,103.0,74.17522,-28.824783,-0.26689616
14,h1_mbp_max,90.0,127.8943,37.894302,0.326675
14,h1_mbp_min,90.0,41.007088,-48.992912,-0.46219727
14,h1_mbp_noninvasive_max,90.0,57.903797,-32.096203,-0.28154564
14,h1_mbp_noninvasive_min,90.0,94.29422,4.29422,0.04051149
14,h1_resprate_max,24.0,46.445835,22.445835,0.45807824
14,h1_resprate_min,10.0,-3.5702891,-13.57029,-0.11500245
14,h1_spo2_max,100.0,94.80204,-5.19796,-0.057755113
14,h1_spo2_min,100.0,97.92309,-2.076912,-0.02076912
14,h1_sysbp_max,118.0,149.58359,31.583588,0.2134026
14,h1_sysbp_min,92.0,46.18321,-45.81679,-0.32494178
14,h1_sysbp_noninvasive_max,118.0,86.72819,-31.271812,-0.21129604
14,h1_sysbp_noninvasive_min,92.0,139.8859,47.885895,0.3372246
14,h1_temp_max,37.9,35.002502,-2.897499,-0.47499987
14,h1_temp_min,37.9,34.86,-3.040001,-0.47500014
14,d1_bun_max,34.0,80.04595,46.04595,0.37742585
14,d1_bun_min,34.0,18.873165,-15.126835,-0.13740428
14,d1_calcium_max,7.7,6.305979,-1.394021,-0.30304807
14,d1_calcium_min,7.7,9.761049,2.0610495,0.42938527
14,d1_creatinine_max,1.14,1.5755014,0.43550146,0.04043653
14,d1_creatinine_min,1.14,1.2883945,0.14839447,0.015396975
14,d1_glucose_max,104.0,353.30945,249.30945,0.46340048
14,d1_glucose_min,104.0,33.076332,-70.92367,-0.27813205
14,d1_hco3_max,21.0,33.64368,12.643681,0.45156005
14,d1_hco3_min,21.0,10.339027,-10.660973,-0.3331554
14,d1_hemaglobin_max,8.8,13.617872,4.817872,0.46325696
14,d1_hemaglobin_min,8.1,2.8209906,-5.27901,-0.46307105
14,d1_hematocrit_max,26.1,18.193874,-7.906126,-0.25421625
14,d1_hematocrit_min,23.8,19.39372,-4.4062786,-0.12997872
14,d1_platelets_max,223.0,348.69006,125.69006,0.22525099
14,d1_platelets_min,177.0,-18.379166,-195.37917,-0.36255178
14,d1_potassium_max,4.1,5.9524994,1.8524995,0.44107133
14,d1_potassium_min,4.1,3.446664,-0.6533358,-0.1921576
14,d1_sodium_max,141.0,124.375,-16.625,-0.47500002
14,d1_sodium_min,141.0,125.03494,-15.965057,-0.44347382
14,d1_wbc_max,10.5,-1.0234311,-11.523431,-0.25676095
14,d1_wbc_min,7.2,-8.875265,-16.075264,-0.4019017
14,apache_4a_hospital_death_prob,0.04,-0.120048285,-0.16004828,-0.08083248
14,apache_4a_icu_death_prob,0.02,0.88493943,0.86493945,0.43905556
14,aids,0.0,0.038097963,0.038097963,0.038097963
14,cirrhosis,0.0,0.28187662,0.28187662,0.28187662
14,diabetes_mellitus,0.0,-0.33201253,-0.33201253,-0.33201253
14,hepatic_failure,1.0,1.4653358,0.46533585,0.46533585
14,immunosuppression,0.0,-0.079599924,-0.079599924,-0.079599924
14,leukemia,0.0,-0.03272921,-0.03272921,-0.03272921
14,lymphoma,0.0,0.38866842,0.38866842,0.38866842
14,solid_tumor_with_metastasis,0.0,0.3776133,0.3776133,0.3776133
14,apache_3j_bodysystem,2.0,0.78159416,-1.2184058,-0.12184058
14,apache_2_bodysystem,2.0,-2.275,-4.275,-0.475
14,apache_3j_diagnosis_split0,78.0,25.75,-52.25,-0.475
15,age,59.0,90.33895,31.338951,0.42930067
15,bmi,30.082714,27.246243,-2.8364716,-0.053548574
15,elective_surgery,0.0,0.06580079,0.06580079,0.06580079
15,ethnicity,3.0,4.290441,1.290441,0.2150735
15,gender,2.0,2.2191396,0.21913958,0.10956979
15,height,177.8,190.20248,12.402481,0.21240765
15,hospital_admit_source,11.0,7.08902,-3.9109802,-0.26073202
15,icu_admit_source,4.0,6.251026,2.2510262,0.4502052
15,icu_stay_type,1.0,0.67365384,-0.32634616,-0.16317308
15,icu_type,6.0,7.7845516,1.7845516,0.25493592
15,pre_icu_los_days,0.0,-7.7715926,-7.7715926,-0.1155663
15,readmission_status,0.0,0.0,0.0,0.0
15,weight,95.1,47.42475,-47.675247,-0.32344133
15,apache_2_diagnosis,301.0,246.12856,-54.871445,-0.2650795
15,apache_3j_diagnosis,403.01,-470.96765,-873.97766,-0.4161719
15,apache_post_operative,0.0,0.113131374,0.113131374,0.113131374
15,arf_apache,0.0,0.11584142,0.11584142,0.11584142
15,bun_apache,13.0,20.859938,7.8599377,0.06390194
15,creatinine_apache,1.48,-1.9886458,-3.4686458,-0.31880936
15,gcs_eyes_apache,4.0,4.0884075,0.08840752,0.029469132
15,gcs_motor_apache,6.0,3.689014,-2.310986,-0.46219718
15,gcs_unable_apache,0.0,0.0,0.0,0.0
15,gcs_verbal_apache,5.0,4.9290333,-0.07096672,-0.01774168
15,glucose_apache,186.0,40.645702,-145.3543,-0.25970036
15,heart_rate_apache,105.0,144.73795,39.737946,0.2684996
15,hematocrit_apache,37.7,47.240158,9.540157,0.2710272
15,intubated_apache,0.0,0.45452037,0.45452037,0.45452037
15,map_apache,167.0,209.42336,42.423355,0.26514596
15,resprate_apache,4.0,22.89542,18.89542,0.33741823
15,sodium_apache,141.0,127.03699,-13.963013,-0.34056127
15,temp_apache,36.8,36.83507,0.035072327,0.00461483
15,ventilated_apache,0.0,-0.44031358,-0.44031358,-0.44031358
15,wbc_apache,8.8,7.0571966,-1.7428036,-0.03881523
15,d1_diasbp_max,131.0,110.64803,-20.351967,-0.17102498
15,d1_diasbp_min,62.0,37.045227,-24.954773,-0.32408795
15,d1_diasbp_noninvasive_max,131.0,90.92488,-40.07512,-0.33676574
15,d1_diasbp_noninvasive_min,62.0,35.51833,-26.48167,-0.3439178
15,d1_heartrate_max,114.0,167.78706,53.787064,0.45199212
15,d1_heartrate_min,77.0,9.075005,-67.924995,-0.475
15,d1_mbp_max,160.0,126.45532,-33.544678,-0.27052158
15,d1_mbp_min,83.0,44.09335,-38.90665,-0.4322961
15,d1_mbp_noninvasive_max,160.0,134.24199,-25.75801,-0.21287614
15,d1_mbp_noninvasive_min,83.0,40.34386,-42.65614,-0.4739571
15,d1_resprate_max,31.0,-0.3313837,-31.331383,-0.4016844
15,d1_resprate_min,5.0,16.144648,11.144648,0.15478677
15,d1_spo2_max,100.0,94.58249,-5.417511,-0.062270224
15,d1_spo2_min,92.0,45.717655,-46.282345,-0.46282345
15,d1_sysbp_max,227.0,266.7671,39.76709,0.28004998
15,d1_sysbp_min,123.0,132.13435,9.134354,0.07675928
15,d1_sysbp_noninvasive_max,227.0,162.67055,-64.32945,-0.45302433
15,d1_sysbp_noninvasive_min,123.0,71.65471,-51.34529,-0.43158183
15,d1_temp_max,37.5,36.028404,-1.4715958,-0.30658245
15,d1_temp_min,36.8,35.158615,-1.6413841,-0.27768296
15,h1_diasbp_max,91.0,138.15782,47.15782,0.44488508
15,h1_diasbp_min,91.0,87.40416,-3.5958405,-0.03951472
15,h1_diasbp_noninvasive_max,91.0,73.06203,-17.937973,-0.16764459
15,h1_diasbp_noninvasive_min,91.0,70.181885,-20.818115,-0.22628385
15,h1_heartrate_max,81.0,95.76744,14.767441,0.12514779
15,h1_heartrate_min,81.0,103.286705,22.286705,0.2063584
15,h1_mbp_max,125.0,72.611755,-52.388245,-0.45162278
15,h1_mbp_min,125.0,149.51181,24.51181,0.23124343
15,h1_mbp_noninvasive_max,125.0,74.34039,-50.659607,-0.44438255
15,h1_mbp_noninvasive_min,125.0,116.563255,-8.436745,-0.07959193
15,h1_resprate_max,10.0,25.10299,15.102989,0.30822426
15,h1_resprate_min,10.0,10.941293,0.94129276,0.0079770535
15,h1_spo2_max,96.0,136.12827,40.128265,0.44586957
15,h1_spo2_min,96.0,71.14493,-24.855072,-0.24855071
15,h1_sysbp_max,172.0,191.85974,19.859741,0.13418746
15,h1_sysbp_min,172.0,108.27043,-63.72957,-0.45198274
15,h1_sysbp_noninvasive_max,172.0,191.11742,19.117416,0.12917173
15,h1_sysbp_noninvasive_min,172.0,230.73952,58.739517,0.4136585
15,h1_temp_max,36.9,34.427402,-2.472599,-0.40534413
15,h1_temp_min,36.9,34.13788,-2.762123,-0.43158174
15,d1_bun_max,13.0,0.893631,-12.106369,-0.09923253
15,d1_bun_min,13.0,27.036816,14.036816,0.1275031
15,d1_calcium_max,8.5,8.013805,-0.4861946,-0.1056945
15,d1_calcium_min,8.5,7.908176,-0.59182405,-0.12329668
15,d1_creatinine_max,1.48,-0.47274384,-1.9527439,-0.18131325
15,d1_creatinine_min,1.48,3.4006646,1.9206645,0.19928247
15,d1_glucose_max,242.0,210.12975,-31.870255,-0.059238404
15,d1_glucose_min,108.0,21.38418,-86.61582,-0.33966988
15,d1_hco3_max,27.0,17.266197,-9.733803,-0.3476358
15,d1_hco3_min,27.0,11.897974,-15.102026,-0.4719383
15,d1_hemaglobin_max,14.1,16.54501,2.4450092,0.23509705
15,d1_hemaglobin_min,12.4,16.251902,3.851902,0.33788615
15,d1_hematocrit_max,42.6,54.9748,12.374802,0.39790356
15,d1_hematocrit_min,37.7,53.084465,15.384464,0.4538191
15,d1_platelets_max,177.0,161.69485,-15.305145,-0.027428582
15,d1_platelets_min,169.0,8.364817,-160.63518,-0.29807973
15,d1_potassium_max,3.9,5.837332,1.9373317,0.46126947
15,d1_potassium_min,3.9,2.4464784,-1.4535217,-0.42750636
15,d1_sodium_max,141.0,139.95337,-1.0466309,-0.02990377
15,d1_sodium_min,141.0,146.52667,5.5266724,0.15351868
15,d1_wbc_max,9.9,3.0049438,-6.895056,-0.15363316
15,d1_wbc_min,8.8,11.401477,2.6014767,0.065040186
15,apache_4a_hospital_death_prob,0.07,0.9762844,0.9062844,0.45771933
15,apache_4a_icu_death_prob,0.03,0.9430804,0.91308045,0.46349257
15,aids,0.0,0.01499161,0.01499161,0.01499161
15,cirrhosis,0.0,0.35256475,0.35256475,0.35256475
15,diabetes_mellitus,1.0,1.2598033,0.2598033,0.2598033
15,hepatic_failure,0.0,-0.28140414,-0.28140414,-0.28140414
15,immunosuppression,0.0,0.28410253,0.28410253,0.28410253
15,leukemia,0.0,0.20844112,0.20844112,0.20844112
15,lymphoma,0.0,-0.43484408,-0.43484408,-0.43484408
15,solid_tumor_with_metastasis,0.0,0.10751365,0.10751365,0.10751365
15,apache_3j_bodysystem,8.0,8.079902,0.079901695,0.007990181
15,apache_2_bodysystem,5.0,9.056105,4.0561047,0.45067832
15,apache_3j_diagnosis_split0,89.0,76.533,-12.467003,-0.113336384
16,age,44.0,11.402598,-32.5974,-0.44653976
16,bmi,49.351852,49.29092,-0.06093216,-0.00115031
16,elective_surgery,0.0,-0.32194299,-0.32194299,-0.32194299
16,ethnicity,1.0,1.164251,0.16425097,0.027375162
16,gender,1.0,0.12909663,-0.8709034,-0.4354517
16,height,180.0,157.4002,-22.599792,-0.38704905
16,hospital_admit_source,4.0,2.4559674,-1.5440326,-0.10293551
16,icu_admit_source,1.0,2.5834994,1.5834994,0.3166999
16,icu_stay_type,1.0,1.5180066,0.51800656,0.25900328
16,icu_type,6.0,8.236357,2.2363567,0.31947947
16,pre_icu_los_days,0.002083333,-28.522203,-28.524286,-0.42416608
16,readmission_status,0.0,0.0,0.0,0.0
16,weight,159.9,91.31311,-68.58688,-0.46531132
16,apache_2_diagnosis,122.0,26.391388,-95.60861,-0.46187735
16,apache_3j_diagnosis,703.03,-294.48895,-997.519,-0.475
16,apache_post_operative,0.0,-0.3212395,-0.3212395,-0.3212395
16,arf_apache,0.0,-0.28916597,-0.28916597,-0.28916597
16,bun_apache,18.0,-10.736901,-28.7369,-0.23363334
16,creatinine_apache,1.7,1.4988313,-0.20116878,-0.01848977
16,gcs_eyes_apache,4.0,4.5974116,0.59741163,0.19913721
16,gcs_motor_apache,6.0,5.82164,-0.17835999,-0.03567201
16,gcs_unable_apache,0.0,0.0,0.0,0.0
16,gcs_verbal_apache,5.0,4.1504564,-0.8495436,-0.2123859
16,glucose_apache,143.0,-93.61919,-236.61919,-0.42276073
16,heart_rate_apache,122.0,171.88095,49.88095,0.33703345
16,hematocrit_apache,36.1,21.069515,-15.030483,-0.42700234
16,intubated_apache,0.0,0.475,0.475,0.475
16,map_apache,145.0,194.92876,49.928757,0.31205475
16,resprate_apache,27.0,42.059574,15.059574,0.26892093
16,sodium_apache,138.0,155.23909,17.23909,0.42046565
16,temp_apache,36.1,39.71,3.6100006,0.47500002
16,ventilated_apache,0.0,0.4666504,0.4666504,0.4666504
16,wbc_apache,17.2,25.5046,8.3046,0.18495765
16,d1_diasbp_max,119.0,142.3012,23.301193,0.19580835
16,d1_diasbp_min,46.0,14.249514,-31.750486,-0.41234398
16,d1_diasbp_noninvasive_max,119.0,88.24051,-30.759491,-0.25848314
16,d1_diasbp_noninvasive_min,46.0,71.88037,25.880371,0.3361087
16,d1_heartrate_max,122.0,173.37183,51.371826,0.431696
16,d1_heartrate_min,74.0,99.510155,25.510155,0.17839271
16,d1_mbp_max,145.0,121.43417,-23.565826,-0.190047
16,d1_mbp_min,53.0,63.37177,10.371769,0.115241855
16,d1_mbp_noninvasive_max,145.0,200.92738,55.927383,0.4622097
16,d1_mbp_noninvasive_min,53.0,83.67305,30.67305,0.34081167
16,d1_resprate_max,27.0,4.9458475,-22.054153,-0.28274554
16,d1_resprate_min,22.0,-6.4985228,-28.498524,-0.3958128
16,d1_spo2_max,97.0,60.735218,-36.264782,-0.41683656
16,d1_spo2_min,91.0,104.5511,13.551102,0.13551098
16,d1_sysbp_max,203.0,190.34686,-12.653137,-0.08910662
16,d1_sysbp_min,83.0,48.463078,-34.536922,-0.29022625
16,d1_sysbp_noninvasive_max,203.0,269.50177,66.50177,0.46832234
16,d1_sysbp_noninvasive_min,83.0,39.71416,-43.28584,-0.36383826
16,d1_temp_max,38.1,37.783592,-0.31640625,-0.06591797
16,d1_temp_min,36.1,36.191444,0.09144592,0.015470505
16,h1_diasbp_max,119.0,168.46494,49.464935,0.4666503
16,h1_diasbp_min,93.0,136.225,43.225006,0.47500002
16,h1_diasbp_noninvasive_max,119.0,68.175,-50.824997,-0.475
16,h1_diasbp_noninvasive_min,93.0,67.417694,-25.582306,-0.27806854
16,h1_heartrate_max,104.0,127.58853,23.588531,0.19990283
16,h1_heartrate_min,94.0,115.70472,21.70472,0.20096964
16,h1_mbp_max,137.0,88.06557,-48.934433,-0.42184854
16,h1_mbp_min,128.0,82.830826,-45.169174,-0.4261243
16,h1_mbp_noninvasive_max,137.0,183.04066,46.040665,0.40386552
16,h1_mbp_noninvasive_min,128.0,112.639725,-15.360275,-0.14490825
16,h1_resprate_max,27.0,41.197227,14.1972275,0.2897393
16,h1_resprate_min,25.0,23.749443,-1.250557,-0.010597944
16,h1_spo2_max,94.0,73.43054,-20.569458,-0.22854954
16,h1_spo2_min,91.0,70.7484,-20.251602,-0.20251602
16,h1_sysbp_max,203.0,132.70001,-70.29999,-0.47499993
16,h1_sysbp_min,189.0,254.30872,65.308716,0.4631824
16,h1_sysbp_noninvasive_max,203.0,168.45848,-34.54152,-0.23338866
16,h1_sysbp_noninvasive_min,189.0,121.55,-67.45,-0.475
16,h1_temp_max,37.3,34.42502,-2.874981,-0.47130838
16,h1_temp_min,36.1,33.136406,-2.9635925,-0.46306133
16,d1_bun_max,18.0,12.149508,-5.8504915,-0.047954842
16,d1_bun_min,18.0,58.95823,40.95823,0.37204313
16,d1_calcium_max,8.3,9.431687,1.1316872,0.24601898
16,d1_calcium_min,8.3,10.518442,2.218442,0.46217537
16,d1_creatinine_max,1.7,3.3034003,1.6034002,0.14887653
16,d1_creatinine_min,1.7,1.7198582,0.019858122,0.0020604283
16,d1_glucose_max,143.0,342.54495,199.54495,0.3709014
16,d1_glucose_min,136.0,125.171684,-10.828316,-0.042463988
16,d1_hco3_max,29.0,38.359024,9.359024,0.33425087
16,d1_hco3_min,29.0,15.873084,-13.126916,-0.41021612
16,d1_hemaglobin_max,11.6,13.728657,2.1286564,0.20467854
16,d1_hemaglobin_min,11.6,6.448221,-5.151779,-0.45191047
16,d1_hematocrit_max,36.1,50.503136,14.403137,0.46312338
16,d1_hematocrit_min,36.1,26.133587,-9.966412,-0.29399443
16,d1_platelets_max,234.0,499.05002,265.05002,0.47500002
16,d1_platelets_min,234.0,71.815094,-162.1849,-0.30095547
16,d1_potassium_max,3.9,5.0405626,1.1405625,0.27156255
16,d1_potassium_min,3.4,3.033756,-0.36624408,-0.10771884
16,d1_sodium_max,138.0,143.15579,5.155792,0.14730832
16,d1_sodium_min,138.0,142.90773,4.90773,0.13632584
16,d1_wbc_max,17.2,38.22134,21.02134,0.46838993
16,d1_wbc_min,17.2,-0.42888367,-17.628885,-0.44074413
16,apache_4a_hospital_death_prob,0.01,-0.91137296,-0.92137295,-0.4653399
16,apache_4a_icu_death_prob,0.0,-0.019573092,-0.019573092,-0.009935558
16,aids,0.0,0.12107694,0.12107694,0.12107694
16,cirrhosis,0.0,0.046693,0.046693,0.046693
16,diabetes_mellitus,0.0,0.26803595,0.26803595,0.26803595
16,hepatic_failure,0.0,-0.0035158822,-0.0035158822,-0.0035158822
16,immunosuppression,1.0,0.8854321,-0.114567876,-0.114567876
16,leukemia,0.0,0.35829094,0.35829094,0.35829094
16,lymphoma,0.0,-0.4666504,-0.4666504,-0.4666504
16,solid_tumor_with_metastasis,0.0,0.20132563,0.20132563,0.20132563
16,apache_3j_bodysystem,6.0,8.856222,2.8562222,0.28562224
16,apache_2_bodysystem,4.0,5.1799965,1.1799965,0.1311107
16,apache_3j_diagnosis_split0,106.0,131.38756,25.387558,0.23079604
17,age,72.0,65.53162,-6.468384,-0.08860797
17,bmi,38.040817,51.46636,13.425541,0.25345525
17,elective_surgery,0.0,-0.23533043,-0.23533043,-0.23533043
17,ethnicity,3.0,0.8943399,-2.10566,-0.35094336
17,gender,2.0,2.2722068,0.27220678,0.13610339
17,height,175.0,159.03876,-15.961243,-0.27335575
17,hospital_admit_source,5.0,9.552235,4.5522346,0.30348232
17,icu_admit_source,2.0,4.294898,2.294898,0.4589796
17,icu_stay_type,1.0,0.7354976,-0.2645024,-0.1322512
17,icu_type,7.0,10.241711,3.2417107,0.46310157
17,pre_icu_los_days,4.1930556,6.702297,2.5092416,0.037313297
17,readmission_status,0.0,0.0,0.0,0.0
17,weight,116.5,48.372128,-68.12787,-0.46219727
17,apache_2_diagnosis,301.0,210.12605,-90.87395,-0.4390046
17,apache_3j_diagnosis,410.01,801.8905,391.8805,0.1866062
17,apache_post_operative,0.0,-0.4525316,-0.4525316,-0.4525316
17,arf_apache,0.0,0.34716952,0.34716952,0.34716952
17,bun_apache,24.0,82.424995,58.424995,0.475
17,creatinine_apache,1.69,6.3499794,4.6599793,0.42830688
17,gcs_eyes_apache,3.0,1.6580272,-1.3419728,-0.44732428
17,gcs_motor_apache,6.0,6.5553474,0.55534744,0.11106944
17,gcs_unable_apache,0.0,0.0,0.0,0.0
17,gcs_verbal_apache,4.0,2.1500363,-1.8499637,-0.46249092
17,glucose_apache,244.0,420.33887,176.33887,0.3150596
17,heart_rate_apache,110.0,149.88098,39.88098,0.2694661
17,hematocrit_apache,43.1,59.395683,16.295685,0.46294564
17,intubated_apache,0.0,0.4621972,0.4621972,0.4621972
17,map_apache,121.0,180.12788,59.127884,0.36954927
17,resprate_apache,41.0,43.530907,2.5309067,0.045194805
17,sodium_apache,134.0,123.66836,-10.331642,-0.25199127
17,temp_apache,36.9,36.304134,-0.59586716,-0.07840353
17,ventilated_apache,0.0,-0.31097734,-0.31097734,-0.31097734
17,wbc_apache,11.8,-4.215554,-16.015554,-0.35669386
17,d1_diasbp_max,88.0,129.88397,41.883972,0.35196617
17,d1_diasbp_min,49.0,13.448696,-35.551304,-0.46170524
17,d1_diasbp_noninvasive_max,88.0,105.75404,17.754044,0.14919361
17,d1_diasbp_noninvasive_min,49.0,20.386734,-28.613266,-0.37160084
17,d1_heartrate_max,106.0,53.792442,-52.207558,-0.43871897
17,d1_heartrate_min,74.0,6.0750012,-67.924995,-0.475
17,d1_mbp_max,121.0,73.82277,-47.17723,-0.38046154
17,d1_mbp_min,75.0,32.25,-42.75,-0.475
17,d1_mbp_noninvasive_max,121.0,119.18501,-1.8149872,-0.0149998665
17,d1_mbp_noninvasive_min,75.0,33.12671,-41.87329,-0.46525878
17,d1_resprate_max,48.0,20.661234,-27.338766,-0.350497
17,d1_resprate_min,10.0,2.4483402,-7.5516596,-0.10488417
17,d1_spo2_max,99.0,80.742744,-18.257256,-0.20985347
17,d1_spo2_min,93.0,56.595863,-36.404137,-0.3640414
17,d1_sysbp_max,167.0,164.35535,-2.6446533,-0.018624306
17,d1_sysbp_min,102.0,47.10895,-54.89105,-0.46126935
17,d1_sysbp_noninvasive_max,167.0,190.2107,23.210693,0.1634556
17,d1_sysbp_noninvasive_min,102.0,47.60933,-54.39067,-0.45717973
17,d1_temp_max,38.1,39.238438,1.1384392,0.23717481
17,d1_temp_min,36.7,36.74568,0.045681,0.0077281594
17,h1_diasbp_max,76.0,108.51553,32.515533,0.30675033
17,h1_diasbp_min,76.0,32.775,-43.225,-0.47500002
17,h1_diasbp_noninvasive_max,76.0,95.423,19.422997,0.18152332
17,h1_diasbp_noninvasive_min,76.0,32.3,-43.7,-0.475
17,h1_heartrate_max,104.0,106.86534,2.8653412,0.024282575
17,h1_heartrate_min,104.0,112.45151,8.451508,0.0782547
17,h1_mbp_max,113.0,59.267128,-53.732872,-0.4632144
17,h1_mbp_min,91.0,41.90806,-49.09194,-0.46313155
17,h1_mbp_noninvasive_max,113.0,116.919914,3.9199142,0.034385204
17,h1_mbp_noninvasive_min,91.0,96.39966,5.399658,0.050940156
17,h1_resprate_max,24.0,33.93192,9.931919,0.20269221
17,h1_resprate_min,24.0,33.208122,9.208122,0.07803494
17,h1_spo2_max,94.0,67.188095,-26.811905,-0.29791003
17,h1_spo2_min,94.0,98.82577,4.8257675,0.04825765
17,h1_sysbp_max,143.0,194.00055,51.00055,0.34459832
17,h1_sysbp_min,143.0,76.024994,-66.975006,-0.47500002
17,h1_sysbp_noninvasive_max,143.0,207.84888,64.84888,0.43816808
17,h1_sysbp_noninvasive_min,143.0,139.03125,-3.96875,-0.027948976
17,h1_temp_max,38.1,35.2025,-2.897499,-0.47499985
17,h1_temp_min,38.1,35.059998,-3.040001,-0.47500014
17,d1_bun_max,31.0,51.95303,20.95303,0.17174613
17,d1_bun_min,24.0,-4.3880005,-28.388,-0.25786176
17,d1_calcium_max,9.2,10.460085,1.2600851,0.27393156
17,d1_calcium_min,9.2,10.413994,1.213994,0.25291538
17,d1_creatinine_max,1.69,6.6775174,4.9875174,0.4630935
17,d1_creatinine_min,1.66,-2.692751,-4.352751,-0.45162854
17,d1_glucose_max,246.0,292.29694,46.296936,0.08605379
17,d1_glucose_min,139.0,174.60582,35.60582,0.13963065
17,d1_hco3_max,26.0,18.938318,-7.0616817,-0.25220293
17,d1_hco3_min,26.0,16.224094,-9.775906,-0.30549705
17,d1_hemaglobin_max,14.7,16.904057,2.2040567,0.21192855
17,d1_hemaglobin_min,14.6,19.097973,4.4979725,0.39455897
17,d1_hematocrit_max,43.1,54.02478,10.924782,0.35127908
17,d1_hematocrit_min,41.1,47.26744,6.1674423,0.18193042
17,d1_platelets_max,170.0,44.661255,-125.338745,-0.22462142
17,d1_platelets_min,161.0,24.732702,-136.2673,-0.25286192
17,d1_potassium_max,3.6,5.554138,1.9541383,0.46527106
17,d1_potassium_min,3.5,2.672333,-0.827667,-0.24343145
17,d1_sodium_max,134.0,148.50916,14.509155,0.4145473
17,d1_sodium_min,132.0,124.81077,-7.189232,-0.19970088
17,d1_wbc_max,11.8,28.341702,16.541702,0.36857623
17,d1_wbc_min,11.4,21.280031,9.880032,0.24701312
17,apache_4a_hospital_death_prob,0.11,0.8943063,0.7843063,0.3961143
17,apache_4a_icu_death_prob,0.04,0.63551784,0.5955178,0.30229336
17,aids,0.0,0.16578697,0.16578697,0.16578697
17,cirrhosis,0.0,-0.08665957,-0.08665957,-0.08665957
17,diabetes_mellitus,1.0,1.3959571,0.3959571,0.3959571
17,hepatic_failure,0.0,-0.45551756,-0.45551756,-0.45551756
17,immunosuppression,0.0,0.29442346,0.29442346,0.29442346
17,leukemia,0.0,-0.43487075,-0.43487075,-0.43487075
17,lymphoma,0.0,-0.02507326,-0.02507326,-0.02507326
17,solid_tumor_with_metastasis,0.0,0.46637112,0.46637112,0.46637112
17,apache_3j_bodysystem,8.0,3.3780272,-4.621973,-0.46219727
17,apache_2_bodysystem,5.0,3.299559,-1.7004409,-0.18893787
17,apache_3j_diagnosis_split0,96.0,74.26119,-21.738808,-0.19762552
18,age,25.0,8.942142,-16.057858,-0.21997067
18,bmi,21.510246,-2.9849443,-24.49519,-0.46243462
18,elective_surgery,0.0,0.12757117,0.12757117,0.12757117
18,ethnicity,4.0,3.923071,-0.07692909,-0.012821525
18,gender,2.0,1.9326285,-0.06737149,-0.033685744
18,height,177.8,154.0389,-23.761108,-0.406938
18,hospital_admit_source,4.0,11.062378,7.062378,0.4708252
18,icu_admit_source,1.0,0.24258924,-0.75741076,-0.15148215
18,icu_stay_type,1.0,0.050000012,-0.95,-0.475
18,icu_type,6.0,7.24904,1.2490401,0.17843431
18,pre_icu_los_days,0.006944444,5.185185,5.1782403,0.07700224
18,readmission_status,0.0,0.0,0.0,0.0
18,weight,68.0,69.36301,1.3630066,0.00924699
18,apache_2_diagnosis,307.0,236.99048,-70.00952,-0.33821028
18,apache_3j_diagnosis,704.07,1676.0177,971.9477,0.46282345
18,apache_post_operative,0.0,-0.40374988,-0.40374988,-0.40374988
18,arf_apache,0.0,0.02998623,0.02998623,0.02998623
18,bun_apache,20.0,76.85025,56.85025,0.46219718
18,creatinine_apache,0.88,-3.177839,-4.057839,-0.37296313
18,gcs_eyes_apache,4.0,2.7560835,-1.2439165,-0.41463882
18,gcs_motor_apache,6.0,6.8885665,0.8885665,0.17771327
18,gcs_unable_apache,0.0,0.0,0.0,0.0
18,gcs_verbal_apache,5.0,4.60195,-0.39804983,-0.09951246
18,glucose_apache,39.0,262.9331,223.9331,0.40009487
18,heart_rate_apache,110.0,178.54301,68.543015,0.4631285
18,hematocrit_apache,29.8,15.91939,-13.8806095,-0.3943355
18,intubated_apache,0.0,0.36629322,0.36629322,0.36629322
18,map_apache,112.0,122.29287,10.29287,0.06433046
18,resprate_apache,13.0,27.36399,14.363991,0.25649983
18,sodium_apache,137.0,149.4465,12.446503,0.30357325
18,temp_apache,36.9,35.12641,-1.7735901,-0.23336712
18,ventilated_apache,0.0,-0.31186002,-0.31186002,-0.31186002
18,wbc_apache,2.7,3.7430148,1.0430148,0.023229726
18,d1_diasbp_max,94.0,63.856293,-30.143707,-0.25330848
18,d1_diasbp_min,65.0,54.269726,-10.730274,-0.13935423
18,d1_diasbp_noninvasive_max,94.0,53.487617,-40.512383,-0.34044018
18,d1_diasbp_noninvasive_min,65.0,44.88186,-20.118141,-0.26127458
18,d1_heartrate_max,108.0,52.224308,-55.775692,-0.4687033
18,d1_heartrate_min,73.0,6.905797,-66.0942,-0.46219724
18,d1_mbp_max,114.0,142.73935,28.73935,0.23176897
18,d1_mbp_min,82.0,69.77966,-12.220337,-0.13578153
18,d1_mbp_noninvasive_max,114.0,144.76869,30.768692,0.25428674
18,d1_mbp_noninvasive_min,82.0,40.126717,-41.873283,-0.46525872
18,d1_resprate_max,24.0,3.2682877,-20.731712,-0.26579118
18,d1_resprate_min,13.0,-3.184914,-16.184914,-0.22479047
18,d1_spo2_max,100.0,93.56828,-6.431717,-0.07392776
18,d1_spo2_min,95.0,141.21976,46.219757,0.4621976
18,d1_sysbp_max,145.0,156.04819,11.048187,0.07780415
18,d1_sysbp_min,110.0,122.45323,12.453232,0.10464901
18,d1_sysbp_noninvasive_max,145.0,173.9597,28.959702,0.20394155
18,d1_sysbp_noninvasive_min,110.0,83.65491,-26.345093,-0.22144315
18,d1_temp_max,37.0,34.849915,-2.1500854,-0.44793445
18,d1_temp_min,36.7,36.123215,-0.57678604,-0.09757841
18,h1_diasbp_max,79.0,110.1942,31.194199,0.29428488
18,h1_diasbp_min,65.0,68.688675,3.688675,0.040534884
18,h1_diasbp_noninvasive_max,79.0,104.44413,25.44413,0.23779562
18,h1_diasbp_noninvasive_min,65.0,72.79268,7.792679,0.08470303
18,h1_heartrate_max,103.0,103.79791,0.7979126,0.006761968
18,h1_heartrate_min,91.0,43.35869,-47.64131,-0.44112328
18,h1_mbp_max,89.0,118.198425,29.198425,0.25171053
18,h1_mbp_min,83.0,49.05334,-33.94666,-0.32025152
18,h1_mbp_noninvasive_max,89.0,63.964474,-25.035526,-0.21960989
18,h1_mbp_noninvasive_min,83.0,109.78333,26.783333,0.2526729
18,h1_resprate_max,20.0,22.737503,2.737503,0.05586739
18,h1_resprate_min,15.0,3.8166463,-11.183353,-0.09477419
18,h1_spo2_max,99.0,93.56991,-5.430092,-0.060334325
18,h1_spo2_min,97.0,137.4277,40.427704,0.40427697
18,h1_sysbp_max,122.0,146.91193,24.911926,0.16832384
18,h1_sysbp_min,111.0,96.76358,-14.23642,-0.1009675
18,h1_sysbp_noninvasive_max,122.0,176.26675,54.266754,0.36666724
18,h1_sysbp_noninvasive_min,111.0,109.97879,-1.0212097,-0.0071915984
18,h1_temp_max,36.9,34.080597,-2.8194046,-0.4621975
18,h1_temp_min,36.9,33.922268,-2.9777336,-0.46527088
18,d1_bun_max,20.0,29.789667,9.789667,0.080243185
18,d1_bun_min,15.0,14.633617,-0.3663826,-0.0033280253
18,d1_calcium_max,8.6,10.257851,1.6578503,0.3604023
18,d1_calcium_min,8.2,10.225253,2.0252533,0.42192775
18,d1_creatinine_max,0.88,-0.08726981,-0.9672698,-0.08981149
18,d1_creatinine_min,0.75,4.0294566,3.2794566,0.3402667
18,d1_glucose_max,160.0,318.84183,158.84183,0.29524505
18,d1_glucose_min,33.0,7.766533,-25.233467,-0.098954774
18,d1_hco3_max,31.0,34.74393,3.7439308,0.13371181
18,d1_hco3_min,25.0,13.977222,-11.022778,-0.3444618
18,d1_hemaglobin_max,10.1,14.671601,4.571601,0.43957704
18,d1_hemaglobin_min,10.1,5.567681,-4.5323195,-0.3975719
18,d1_hematocrit_max,29.8,43.741577,13.941578,0.44828224
18,d1_hematocrit_min,29.8,18.13692,-11.663078,-0.34404358
18,d1_platelets_max,239.0,314.45947,75.45947,0.135232
18,d1_platelets_min,239.0,35.286293,-203.71371,-0.3780176
18,d1_potassium_max,3.4,5.3412285,1.9412284,0.46219724
18,d1_potassium_min,3.3,1.8318675,-1.4681325,-0.43180367
18,d1_sodium_max,137.0,145.59227,8.59227,0.24549344
18,d1_sodium_min,137.0,146.42703,9.427032,0.26186198
18,d1_wbc_max,2.7,15.433232,12.7332325,0.28371727
18,d1_wbc_min,2.7,19.802237,17.102236,0.4275773
18,apache_4a_hospital_death_prob,0.01,0.89856005,0.88856006,0.44876766
18,apache_4a_icu_death_prob,0.01,0.38102055,0.37102056,0.1883353
18,aids,0.0,0.31109786,0.31109786,0.31109786
18,cirrhosis,0.0,0.27892846,0.27892846,0.27892846
18,diabetes_mellitus,1.0,1.4634004,0.46340036,0.46340036
18,hepatic_failure,0.0,0.14515327,0.14515327,0.14515327
18,immunosuppression,0.0,-0.46362495,-0.46362495,-0.46362495
18,leukemia,0.0,0.09906903,0.09906903,0.09906903
18,lymphoma,0.0,-0.32913896,-0.32913896,-0.32913896
18,solid_tumor_with_metastasis,0.0,-0.10919379,-0.10919379,-0.10919379
18,apache_3j_bodysystem,6.0,3.2553854,-2.7446146,-0.27446145
18,apache_2_bodysystem,4.0,3.677158,-0.32284188,-0.035871327
18,apache_3j_diagnosis_split0,107.0,140.37448,33.37448,0.3034044
19,age,81.0,86.263176,5.263176,0.072098315
19,bmi,27.962847,26.234562,-1.7282848,-0.032627568
19,elective_surgery,0.0,-0.40334496,-0.40334496,-0.40334496
19,ethnicity,3.0,3.7642643,0.76426435,0.12737739
19,gender,2.0,1.3439167,-0.65608335,-0.32804167
19,height,172.7,189.52075,16.820755,0.28807592
19,hospital_admit_source,3.0,-2.1378355,-5.1378355,-0.34252238
19,icu_admit_source,1.0,3.223606,2.223606,0.44472122
19,icu_stay_type,1.0,0.51787376,-0.48212624,-0.24106312
19,icu_type,5.0,8.241821,3.2418213,0.4631173
19,pre_icu_los_days,0.000694444,29.94543,29.944736,0.4452887
19,readmission_status,0.0,0.0,0.0,0.0
19,weight,83.4,89.59447,6.1944656,0.04202488
19,apache_2_diagnosis,124.0,85.803665,-38.196335,-0.18452336
19,apache_3j_diagnosis,305.02,710.64465,405.62466,0.19315091
19,apache_post_operative,0.0,0.13037018,0.13037018,0.13037018
19,arf_apache,0.0,-0.1419701,-0.1419701,-0.1419701
19,bun_apache,35.0,55.104904,20.104904,0.1634545
19,creatinine_apache,1.49,1.1260324,-0.36396766,-0.03345292
19,gcs_eyes_apache,2.0,2.257245,0.25724506,0.085748345
19,gcs_motor_apache,4.0,2.506886,-1.493114,-0.29862282
19,gcs_unable_apache,0.0,0.0,0.0,0.0
19,gcs_verbal_apache,1.0,2.6919188,1.6919188,0.4229797
19,glucose_apache,224.0,174.97812,-49.02188,-0.087586
19,heart_rate_apache,97.0,97.84296,0.84295654,0.005695641
19,hematocrit_apache,18.7,7.419833,-11.280168,-0.3204593
19,intubated_apache,1.0,1.2389059,0.2389059,0.2389059
19,map_apache,53.0,83.73432,30.734322,0.19208951
19,resprate_apache,35.0,40.191116,5.1911163,0.092698514
19,sodium_apache,134.0,138.01633,4.016327,0.09795919
19,temp_apache,36.1,39.459866,3.359867,0.44208777
19,ventilated_apache,1.0,0.6518498,-0.3481502,-0.3481502
19,wbc_apache,12.9,2.3022432,-10.597756,-0.23603022
19,d1_diasbp_max,81.0,61.474705,-19.525295,-0.16407812
19,d1_diasbp_min,55.0,42.583443,-12.416557,-0.16125402
19,d1_diasbp_noninvasive_max,81.0,67.70408,-13.295921,-0.11173044
19,d1_diasbp_noninvasive_min,55.0,47.829773,-7.170227,-0.09311986
19,d1_heartrate_max,86.0,125.26856,39.268562,0.32998794
19,d1_heartrate_min,60.0,-7.924998,-67.924995,-0.475
19,d1_mbp_max,97.0,66.46037,-30.539627,-0.24628733
19,d1_mbp_min,74.0,40.136658,-33.863342,-0.3762594
19,d1_mbp_noninvasive_max,97.0,117.875206,20.875206,0.17252237
19,d1_mbp_noninvasive_min,74.0,44.63989,-29.360111,-0.3262235
19,d1_resprate_max,32.0,7.163803,-24.836197,-0.31841278
19,d1_resprate_min,7.0,32.017235,25.017235,0.34746158
19,d1_spo2_max,100.0,59.788845,-40.211155,-0.46219718
19,d1_spo2_min,96.0,58.39226,-37.60774,-0.37607735
19,d1_sysbp_max,156.0,221.17224,65.17224,0.45895946
19,d1_sysbp_min,100.0,51.214867,-48.785133,-0.4099591
19,d1_sysbp_noninvasive_max,156.0,172.1876,16.187607,0.11399722
19,d1_sysbp_noninvasive_min,100.0,86.71768,-13.282318,-0.11164427
19,d1_temp_max,37.4,38.201763,0.8017616,0.16703367
19,d1_temp_min,36.1,35.86385,-0.23614883,-0.03995073
19,h1_diasbp_max,57.0,70.260345,13.260345,0.1250976
19,h1_diasbp_min,57.0,41.213234,-15.786766,-0.17348096
19,h1_diasbp_noninvasive_max,57.0,51.62439,-5.3756104,-0.050239354
19,h1_diasbp_noninvasive_min,57.0,47.31304,-9.686958,-0.105293036
19,h1_heartrate_max,75.0,69.83356,-5.166443,-0.04378341
19,h1_heartrate_min,75.0,42.73722,-32.26278,-0.29872942
19,h1_mbp_max,82.0,63.883755,-18.116245,-0.15617451
19,h1_mbp_min,82.0,45.09361,-36.90639,-0.3481735
19,h1_mbp_noninvasive_max,82.0,64.95752,-17.04248,-0.14949544
19,h1_mbp_noninvasive_min,82.0,105.38741,23.387413,0.22063595
19,h1_resprate_max,14.0,23.618517,9.618517,0.19629627
19,h1_resprate_min,14.0,2.8343003,-11.1657,-0.09462457
19,h1_spo2_max,100.0,90.0467,-9.9533,-0.110592246
19,h1_spo2_min,99.0,79.34858,-19.65142,-0.19651419
19,h1_sysbp_max,121.0,112.12555,-8.874451,-0.05996251
19,h1_sysbp_min,121.0,93.81464,-27.185364,-0.19280398
19,h1_sysbp_noninvasive_max,121.0,120.1091,-0.89089966,-0.0060195923
19,h1_sysbp_noninvasive_min,121.0,141.7503,20.750305,0.1461289
19,h1_temp_max,36.4,34.13285,-2.2671509,-0.37166408
19,h1_temp_min,36.4,33.36,-3.040001,-0.47500014
19,d1_bun_max,35.0,6.7001705,-28.29983,-0.23196581
19,d1_bun_min,34.0,-2.1145487,-36.114548,-0.3280457
19,d1_calcium_max,7.9,9.074708,1.1747079,0.2553713
19,d1_calcium_min,7.6,7.3265314,-0.2734685,-0.056972623
19,d1_creatinine_max,1.49,0.7969752,-0.6930248,-0.0643477
19,d1_creatinine_min,1.37,4.820298,3.4502983,0.3579927
19,d1_glucose_max,224.0,45.037033,-178.96297,-0.33264494
19,d1_glucose_min,95.0,-7.1015205,-102.10152,-0.40039814
19,d1_hco3_max,25.0,28.69396,3.6939602,0.13192716
19,d1_hco3_min,23.0,37.88997,14.889969,0.46531153
19,d1_hemaglobin_max,9.5,6.8503547,-2.6496453,-0.2547736
19,d1_hemaglobin_min,6.4,5.6733584,-0.72664165,-0.0637405
19,d1_hematocrit_max,27.1,41.37072,14.27072,0.45886555
19,d1_hematocrit_min,18.7,2.5975008,-16.1025,-0.47499996
19,d1_platelets_max,135.0,257.911,122.91101,0.22027063
19,d1_platelets_min,88.0,95.0173,7.0173035,0.013021529
19,d1_potassium_max,5.2,4.974558,-0.22544193,-0.053676605
19,d1_potassium_min,4.9,3.285,-1.615,-0.475
19,d1_sodium_max,135.0,118.375,-16.625,-0.47500002
19,d1_sodium_min,134.0,127.54691,-6.453087,-0.17925239
19,d1_wbc_max,12.9,11.481178,-1.4188213,-0.031613678
19,d1_wbc_min,12.6,20.25794,7.65794,0.19145808
19,apache_4a_hospital_death_prob,0.49,0.4292271,-0.060772896,-0.030693412
19,apache_4a_icu_death_prob,0.39,-0.042346418,-0.4323464,-0.2194652
19,aids,0.0,-0.10835287,-0.10835287,-0.10835287
19,cirrhosis,0.0,0.10548609,0.10548609,0.10548609
19,diabetes_mellitus,1.0,1.4694337,0.46943367,0.46943367
19,hepatic_failure,1.0,0.74581826,-0.25418174,-0.25418174
19,immunosuppression,0.0,-0.023805982,-0.023805982,-0.023805982
19,leukemia,0.0,0.39746514,0.39746514,0.39746514
19,lymphoma,0.0,-0.019698597,-0.019698597,-0.019698597
19,solid_tumor_with_metastasis,0.0,0.2123675,0.2123675,0.2123675
19,apache_3j_bodysystem,2.0,3.1518145,1.1518145,0.11518144
19,apache_2_bodysystem,2.0,6.1660275,4.1660275,0.46289194
19,apache_3j_diagnosis_split0,78.0,53.548676,-24.451324,-0.22228476
20,age,78.0,45.955368,-32.044632,-0.43896753
20,bmi,32.85802,28.978603,-3.8794174,-0.073237926
20,elective_surgery,1.0,0.8567336,-0.14326638,-0.14326638
20,ethnicity,3.0,3.9811375,0.9811375,0.1635229
20,gender,2.0,1.3038832,-0.6961168,-0.3480584
20,height,172.7,196.0583,23.358307,0.40003943
20,hospital_admit_source,9.0,4.1844954,-4.8155046,-0.32103366
20,icu_admit_source,3.0,5.2249546,2.2249546,0.4449909
20,icu_stay_type,1.0,0.26374876,-0.73625124,-0.36812562
20,icu_type,5.0,2.302124,-2.697876,-0.38541088
20,pre_icu_los_days,0.002777778,9.427816,9.425038,0.1401536
20,readmission_status,0.0,0.0,0.0,0.0
20,weight,98.0,79.4533,-18.5467,-0.12582564
20,apache_2_diagnosis,209.0,302.9461,93.946106,0.45384592
20,apache_3j_diagnosis,1302.02,340.45728,-961.56274,-0.4578783
20,apache_post_operative,1.0,0.6724629,-0.32753712,-0.32753712
20,arf_apache,0.0,-0.41964355,-0.41964355,-0.41964355
20,bun_apache,20.0,-16.934357,-36.934357,-0.30027932
20,creatinine_apache,1.09,-0.6109447,-1.7009447,-0.15633683
20,gcs_eyes_apache,4.0,5.1152296,1.1152296,0.3717432
20,gcs_motor_apache,6.0,6.198242,0.19824219,0.039648414
20,gcs_unable_apache,0.0,0.0,0.0,0.0
20,gcs_verbal_apache,5.0,5.1587296,0.15872955,0.03968239
20,glucose_apache,113.0,350.22153,237.22153,0.42383692
20,heart_rate_apache,92.0,130.57646,38.57646,0.26065177
20,hematocrit_apache,37.4,48.57077,11.170769,0.31735134
20,intubated_apache,0.0,-0.24002099,-0.24002099,-0.24002099
20,map_apache,41.0,-25.4805,-66.4805,-0.4155031
20,resprate_apache,51.0,29.605799,-21.394201,-0.38203934
20,sodium_apache,140.0,149.32808,9.328079,0.22751415
20,temp_apache,36.4,36.189762,-0.21023941,-0.027663052
20,ventilated_apache,1.0,0.5854673,-0.41453272,-0.41453272
20,wbc_apache,11.6,12.949162,1.3491611,0.030048132
20,d1_diasbp_max,86.0,116.394775,30.394775,0.25541827
20,d1_diasbp_min,55.0,27.48305,-27.51695,-0.35736302
20,d1_diasbp_noninvasive_max,86.0,123.45992,37.459923,0.31478927
20,d1_diasbp_noninvasive_min,55.0,91.575,36.574997,0.47499996
20,d1_heartrate_max,93.0,86.194305,-6.8056946,-0.057190716
20,d1_heartrate_min,69.0,64.432816,-4.5671844,-0.031938344
20,d1_mbp_max,107.0,142.87202,35.872025,0.28929055
20,d1_mbp_min,68.0,72.99534,4.9953384,0.055503726
20,d1_mbp_noninvasive_max,107.0,139.8675,32.867493,0.27163213
20,d1_mbp_noninvasive_min,68.0,30.255583,-37.744415,-0.41938245
20,d1_resprate_max,43.0,24.229069,-18.770931,-0.24065298
20,d1_resprate_min,19.0,8.140274,-10.859726,-0.15082952
20,d1_spo2_max,99.0,110.87596,11.875961,0.13650537
20,d1_spo2_min,87.0,43.19616,-43.80384,-0.4380384
20,d1_sysbp_max,147.0,88.25121,-58.748787,-0.41372386
20,d1_sysbp_min,90.0,94.52447,4.5244675,0.03802073
20,d1_sysbp_noninvasive_max,147.0,89.804825,-57.195175,-0.40278295
20,d1_sysbp_noninvasive_min,90.0,80.16269,-9.837311,-0.08268732
20,d1_temp_max,38.6,38.08436,-0.51564026,-0.107425034
20,d1_temp_min,36.4,37.339836,0.9398346,0.1589976
20,h1_diasbp_max,80.0,90.05943,10.059433,0.09490031
20,h1_diasbp_min,80.0,76.85124,-3.148758,-0.034601748
20,h1_diasbp_noninvasive_max,80.0,98.75845,18.758453,0.17531267
20,h1_diasbp_noninvasive_min,80.0,51.799786,-28.200214,-0.3065241
20,h1_heartrate_max,92.0,130.53409,38.53409,0.32656005
20,h1_heartrate_min,78.0,66.21686,-11.783142,-0.10910317
20,h1_mbp_max,106.0,109.27536,3.27536,0.028235853
20,h1_mbp_min,97.0,49.12813,-47.87187,-0.45162135
20,h1_mbp_noninvasive_max,106.0,96.97849,-9.021507,-0.079136014
20,h1_mbp_noninvasive_min,97.0,115.13361,18.133614,0.17107183
20,h1_resprate_max,37.0,24.129745,-12.8702545,-0.26265824
20,h1_resprate_min,26.0,6.2984295,-19.70157,-0.16696246
20,h1_spo2_max,99.0,104.6302,5.6302032,0.06255782
20,h1_spo2_min,98.0,121.033394,23.033394,0.23033392
20,h1_sysbp_max,147.0,199.1575,52.1575,0.35241556
20,h1_sysbp_min,124.0,65.323685,-58.676315,-0.4161441
20,h1_sysbp_noninvasive_max,147.0,87.32689,-59.67311,-0.4031967
20,h1_sysbp_noninvasive_min,124.0,123.20913,-0.79087067,-0.0055695176
20,h1_temp_max,38.6,35.7025,-2.897499,-0.47499987
20,h1_temp_min,36.4,39.358063,2.9580612,0.46219707
20,d1_bun_max,20.0,-37.95,-57.95,-0.475
20,d1_bun_min,20.0,23.725445,3.7254448,0.033839986
20,d1_calcium_max,7.8,9.890268,2.0902681,0.45440614
20,d1_calcium_min,7.8,7.6203814,-0.17961884,-0.0374206
20,d1_creatinine_max,1.09,3.493351,2.4033508,0.22315235
20,d1_creatinine_min,1.09,2.6491964,1.5591964,0.16177762
20,d1_glucose_max,130.0,44.5534,-85.4466,-0.15882269
20,d1_glucose_min,113.0,70.146774,-42.853226,-0.16805188
20,d1_hco3_max,29.0,39.783497,10.783497,0.38512486
20,d1_hco3_min,29.0,26.209259,-2.790741,-0.087210655
20,d1_hemaglobin_max,12.0,9.295965,-2.7040348,-0.26000336
20,d1_hemaglobin_min,12.0,7.617956,-4.382044,-0.38438985
20,d1_hematocrit_max,37.4,30.600885,-6.799116,-0.21862108
20,d1_hematocrit_min,37.4,38.273697,0.8736954,0.02577269
20,d1_platelets_max,138.0,299.29974,161.29974,0.28906763
20,d1_platelets_min,138.0,250.57079,112.570786,0.20888992
20,d1_potassium_max,4.5,5.725775,1.2257748,0.29185113
20,d1_potassium_min,4.5,5.6140876,1.1140876,0.32767284
20,d1_sodium_max,140.0,128.48749,-11.512512,-0.32892892
20,d1_sodium_min,140.0,126.1664,-13.833603,-0.38426676
20,d1_wbc_max,11.6,20.700422,9.100422,0.20277229
20,d1_wbc_min,11.6,-5.5149775,-17.114979,-0.42789584
20,apache_4a_hospital_death_prob,0.06,0.16298747,0.10298747,0.052013934
20,apache_4a_icu_death_prob,0.03,0.104801774,0.07480177,0.037970424
20,aids,0.0,0.23423308,0.23423308,0.23423308
20,cirrhosis,0.0,0.024095373,0.024095373,0.024095373
20,diabetes_mellitus,0.0,-0.2026227,-0.2026227,-0.2026227
20,hepatic_failure,0.0,-0.021958886,-0.021958886,-0.021958886
20,immunosuppression,0.0,0.36460763,0.36460763,0.36460763
20,leukemia,0.0,0.26922923,0.26922923,0.26922923
20,lymphoma,0.0,-0.3572971,-0.3572971,-0.3572971
20,solid_tumor_with_metastasis,0.0,-0.3795995,-0.3795995,-0.3795995
20,apache_3j_bodysystem,9.0,10.3099575,1.3099575,0.13099575
20,apache_2_bodysystem,7.0,3.9961312,-3.0038688,-0.3337632
20,apache_3j_diagnosis_split0,27.0,55.77198,28.77198,0.26156348
21,age,84.0,51.031643,-32.968357,-0.45162135
21,bmi,24.392862,41.64523,17.252367,0.32570037
21,elective_surgery,0.0,-0.18733367,-0.18733367,-0.18733367
21,ethnicity,7.0,5.9159794,-1.0840206,-0.18067008
21,gender,2.0,1.1016896,-0.8983104,-0.4491552
21,height,182.9,164.84831,-18.051682,-0.3091571
21,hospital_admit_source,5.0,-1.942352,-6.9423523,-0.46282348
21,icu_admit_source,2.0,-0.19502258,-2.1950226,-0.43900454
21,icu_stay_type,1.0,1.0060387,0.006038666,0.003019333
21,icu_type,6.0,7.4612985,1.4612985,0.20875692
21,pre_icu_los_days,1.675,-22.957012,-24.632011,-0.3662866
21,readmission_status,0.0,0.0,0.0,0.0
21,weight,81.6,78.24037,-3.3596268,-0.022792578
21,apache_2_diagnosis,113.0,194.62561,81.62561,0.39432663
21,apache_3j_diagnosis,502.01,-468.5769,-970.5869,-0.46217543
21,apache_post_operative,0.0,-0.438981,-0.438981,-0.438981
21,arf_apache,0.0,0.46525875,0.46525875,0.46525875
21,bun_apache,67.0,42.96212,-24.03788,-0.19542992
21,creatinine_apache,3.23,-1.7987063,-5.0287066,-0.46219727
21,gcs_eyes_apache,4.0,4.9535027,0.95350266,0.31783426
21,gcs_motor_apache,5.0,4.080297,-0.919703,-0.18394059
21,gcs_unable_apache,0.0,0.0,0.0,0.0
21,gcs_verbal_apache,4.0,2.6696188,-1.3303812,-0.3325953
21,glucose_apache,106.0,284.27686,178.27686,0.31852216
21,heart_rate_apache,155.0,113.21928,-41.780724,-0.2823022
21,hematocrit_apache,27.9,24.347157,-3.552843,-0.10093303
21,intubated_apache,0.0,-0.15659235,-0.15659235,-0.15659235
21,map_apache,69.0,21.615845,-47.384155,-0.29615098
21,resprate_apache,49.0,56.606236,7.6062355,0.13582563
21,sodium_apache,149.0,141.23767,-7.762329,-0.1893251
21,temp_apache,36.3,36.495926,0.19592667,0.025779843
21,ventilated_apache,1.0,1.0325503,0.032550335,0.032550335
21,wbc_apache,5.4,24.09536,18.69536,0.41637772
21,d1_diasbp_max,82.0,33.553688,-48.446312,-0.40711188
21,d1_diasbp_min,48.0,35.802666,-12.197334,-0.15840694
21,d1_diasbp_noninvasive_max,82.0,130.79056,48.790558,0.4100047
21,d1_diasbp_noninvasive_min,48.0,55.302036,7.3020363,0.094831616
21,d1_heartrate_max,155.0,200.15442,45.15442,0.3794489
21,d1_heartrate_min,79.0,55.93112,-23.068878,-0.16132084
21,d1_mbp_max,104.0,162.9,58.899994,0.47499993
21,d1_mbp_min,69.0,99.25419,30.254189,0.33615768
21,d1_mbp_noninvasive_max,104.0,63.482548,-40.517452,-0.334855
21,d1_mbp_noninvasive_min,69.0,93.50467,24.50467,0.27227408
21,d1_resprate_max,25.0,62.05,37.05,0.47499996
21,d1_resprate_min,10.0,-7.310115,-17.310116,-0.24041827
21,d1_spo2_max,100.0,137.87047,37.87047,0.43529272
21,d1_spo2_min,91.0,93.28041,2.2804108,0.022804081
21,d1_sysbp_max,149.0,134.35153,-14.648468,-0.103158206
21,d1_sysbp_min,95.0,136.93176,41.931763,0.35236773
21,d1_sysbp_noninvasive_max,149.0,206.11841,57.11841,0.4022423
21,d1_sysbp_noninvasive_min,95.0,147.87814,52.878143,0.4444662
21,d1_temp_max,36.8,36.608303,-0.19169617,-0.03993669
21,d1_temp_min,36.5,33.692276,-2.807724,-0.47499985
21,h1_diasbp_max,82.0,40.42492,-41.57508,-0.39221776
21,h1_diasbp_min,52.0,93.63943,41.639427,0.45757613
21,h1_diasbp_noninvasive_max,82.0,72.17555,-9.824448,-0.09181726
21,h1_diasbp_noninvasive_min,52.0,37.203484,-14.796516,-0.1608317
21,h1_heartrate_max,116.0,154.8983,38.8983,0.3296466
21,h1_heartrate_min,99.0,48.122696,-50.877304,-0.47108614
21,h1_mbp_max,98.0,97.955215,-0.044784546,-0.0003860891
21,h1_mbp_min,72.0,121.970345,49.970345,0.47141832
21,h1_mbp_noninvasive_max,98.0,141.23532,43.23532,0.37925723
21,h1_mbp_noninvasive_min,72.0,48.767105,-23.232895,-0.21917826
21,h1_resprate_max,17.0,9.580028,-7.4199724,-0.15142801
21,h1_resprate_min,14.0,-25.0,-39.0,-0.33050847
21,h1_spo2_max,100.0,118.06121,18.06121,0.20068014
21,h1_spo2_min,95.0,142.5,47.5,0.47499996
21,h1_sysbp_max,120.0,73.27563,-46.724373,-0.3157052
21,h1_sysbp_min,105.0,165.59242,60.592422,0.4297335
21,h1_sysbp_noninvasive_max,120.0,142.99394,22.993942,0.15536448
21,h1_sysbp_noninvasive_min,105.0,101.63733,-3.362671,-0.023680776
21,h1_temp_max,36.7,38.76413,2.0641289,0.33838177
21,h1_temp_min,36.7,37.929222,1.2292213,0.19206583
21,d1_bun_max,67.0,28.205462,-38.79454,-0.317988
21,d1_bun_min,67.0,107.32503,40.325027,0.36629146
21,d1_calcium_max,8.6,6.4150004,-2.185,-0.47499996
21,d1_calcium_min,8.6,10.250598,1.6505976,0.3438745
21,d1_creatinine_max,3.23,-0.88506556,-4.1150656,-0.38208592
21,d1_creatinine_min,3.23,6.037699,2.8076992,0.29131854
21,d1_glucose_max,116.0,183.54265,67.54265,0.12554395
21,d1_glucose_min,116.0,97.48489,-18.515106,-0.07260826
21,d1_hco3_max,26.0,28.185299,2.185299,0.07804638
21,d1_hco3_min,26.0,25.56854,-0.43145943,-0.013483107
21,d1_hemaglobin_max,9.3,6.795572,-2.5044284,-0.24081042
21,d1_hemaglobin_min,9.3,6.970359,-2.3296413,-0.2043545
21,d1_hematocrit_max,30.2,41.576492,11.376492,0.36580357
21,d1_hematocrit_min,30.2,22.901623,-7.298378,-0.21529138
21,d1_platelets_max,109.0,118.50591,9.505913,0.017035693
21,d1_platelets_min,109.0,255.25418,146.25418,0.2713939
21,d1_potassium_max,4.3,2.9149127,-1.3850875,-0.32978275
21,d1_potassium_min,4.3,4.7849936,0.48499346,0.14264512
21,d1_sodium_max,145.0,148.62506,3.625061,0.10357314
21,d1_sodium_min,145.0,129.52837,-15.471634,-0.4297676
21,d1_wbc_max,5.8,-13.323476,-19.123476,-0.4261024
21,d1_wbc_min,5.8,-4.884598,-10.684598,-0.2671283
21,apache_4a_hospital_death_prob,0.3,-0.16752547,-0.46752548,-0.23612392
21,apache_4a_icu_death_prob,0.15,-0.69049644,-0.8404964,-0.42664793
21,aids,0.0,0.21586753,0.21586753,0.21586753
21,cirrhosis,0.0,0.18538496,0.18538496,0.18538496
21,diabetes_mellitus,0.0,-0.34276795,-0.34276795,-0.34276795
21,hepatic_failure,0.0,-0.16398942,-0.16398942,-0.16398942
21,immunosuppression,0.0,-0.19657099,-0.19657099,-0.19657099
21,leukemia,0.0,0.22161038,0.22161038,0.22161038
21,lymphoma,0.0,-0.43020374,-0.43020374,-0.43020374
21,solid_tumor_with_metastasis,0.0,-0.38203937,-0.38203937,-0.38203937
21,apache_3j_bodysystem,10.0,13.307133,3.3071327,0.33071327
21,apache_2_bodysystem,1.0,0.48992497,-0.51007503,-0.056675002
21,apache_3j_diagnosis_split0,98.0,116.498276,18.498276,0.16816616
22,age,62.0,37.402428,-24.597572,-0.336953
22,bmi,37.109863,37.18846,0.07859802,0.001483798
22,elective_surgery,0.0,0.0115336785,0.0115336785,0.0115336785
22,ethnicity,3.0,4.213403,1.2134032,0.20223388
22,gender,1.0,0.68111026,-0.31888974,-0.15944487
22,height,170.2,193.42278,23.222778,0.39771843
22,hospital_admit_source,3.0,2.005857,-0.994143,-0.06627621
22,icu_admit_source,1.0,2.0879436,1.0879436,0.21758871
22,icu_stay_type,1.0,1.3797055,0.37970555,0.18985277
22,icu_type,8.0,7.50406,-0.4959402,-0.070848584
22,pre_icu_los_days,0.99722224,2.5722358,1.5750136,0.023421
22,readmission_status,0.0,0.0,0.0,0.0
22,weight,107.5,85.26314,-22.236862,-0.15086067
22,apache_2_diagnosis,302.0,388.3802,86.38019,0.41729558
22,apache_3j_diagnosis,109.14,1081.7299,972.58984,0.4631292
22,apache_post_operative,0.0,-0.30726537,-0.30726537,-0.30726537
22,arf_apache,0.0,0.45101044,0.45101044,0.45101044
22,bun_apache,4.0,-22.837713,-26.837713,-0.21819279
22,creatinine_apache,1.12,3.2096272,2.0896273,0.19206132
22,gcs_eyes_apache,4.0,2.5749998,-1.4250002,-0.47500008
22,gcs_motor_apache,6.0,8.088796,2.0887957,0.41775918
22,gcs_unable_apache,0.0,0.0,0.0,0.0
22,gcs_verbal_apache,5.0,4.1291394,-0.8708606,-0.21771514
22,glucose_apache,113.0,341.06134,228.06134,0.40747067
22,heart_rate_apache,98.0,33.353374,-64.64662,-0.43680152
22,hematocrit_apache,36.5,44.106293,7.6062927,0.21608788
22,intubated_apache,0.0,-0.4281872,-0.4281872,-0.4281872
22,map_apache,113.0,177.50467,64.50467,0.4031542
22,resprate_apache,41.0,48.403793,7.4037933,0.13221061
22,sodium_apache,137.0,132.01521,-4.984787,-0.12158018
22,temp_apache,36.5,38.324314,1.8243141,0.24004132
22,ventilated_apache,0.0,0.4666504,0.4666504,0.4666504
22,wbc_apache,5.6,-3.9054713,-9.505471,-0.21170314
22,d1_diasbp_max,85.0,140.83742,55.837418,0.46922198
22,d1_diasbp_min,55.0,57.192017,2.1920166,0.028467715
22,d1_diasbp_noninvasive_max,85.0,79.477234,-5.522766,-0.046409816
22,d1_diasbp_noninvasive_min,55.0,53.54405,-1.4559517,-0.0189085
22,d1_heartrate_max,98.0,86.80153,-11.198471,-0.09410481
22,d1_heartrate_min,67.0,87.46899,20.468987,0.14313975
22,d1_mbp_max,113.0,80.50725,-32.492752,-0.26203835
22,d1_mbp_min,78.0,77.33777,-0.66223145,-0.007358134
22,d1_mbp_noninvasive_max,113.0,122.39899,9.398987,0.07767755
22,d1_mbp_noninvasive_min,78.0,35.250004,-42.749996,-0.47499996
22,d1_resprate_max,32.0,-3.3733654,-35.373367,-0.45350468
22,d1_resprate_min,11.0,-23.2,-34.2,-0.47500002
22,d1_spo2_max,99.0,118.52774,19.52774,0.22445679
22,d1_spo2_min,90.0,99.08786,9.08786,0.090878606
22,d1_sysbp_max,164.0,165.1157,1.1157074,0.007857084
22,d1_sysbp_min,112.0,97.17396,-14.826042,-0.12458861
22,d1_sysbp_noninvasive_max,164.0,182.57872,18.57872,0.13083607
22,d1_sysbp_noninvasive_min,112.0,147.9117,35.911697,0.3018551
22,d1_temp_max,37.3,36.28527,-1.0147285,-0.21140176
22,d1_temp_min,36.5,34.239162,-2.2608376,-0.3824797
22,h1_diasbp_max,73.0,74.87013,1.8701324,0.017642766
22,h1_diasbp_min,65.0,37.363655,-27.636345,-0.3036961
22,h1_diasbp_noninvasive_max,73.0,57.23456,-15.765442,-0.1473406
22,h1_diasbp_noninvasive_min,65.0,76.492615,11.492615,0.12491971
22,h1_heartrate_max,90.0,120.14053,30.140533,0.25542825
22,h1_heartrate_min,81.0,56.077072,-24.922928,-0.23076785
22,h1_mbp_max,100.0,102.05156,2.0515594,0.01768583
22,h1_mbp_min,84.0,75.77762,-8.222382,-0.07756963
22,h1_mbp_noninvasive_max,100.0,118.80458,18.80458,0.16495249
22,h1_mbp_noninvasive_min,84.0,102.62969,18.629692,0.17575178
22,h1_resprate_max,26.0,21.791534,-4.2084656,-0.085887045
22,h1_resprate_min,16.0,23.67397,7.6739693,0.065033644
22,h1_spo2_max,99.0,95.09695,-3.9030533,-0.043367207
22,h1_spo2_min,93.0,84.76021,-8.239792,-0.08239794
22,h1_sysbp_max,142.0,135.4968,-6.5032043,-0.043940574
22,h1_sysbp_min,116.0,111.27956,-4.7204437,-0.03347832
22,h1_sysbp_noninvasive_max,142.0,169.3292,27.329193,0.18465674
22,h1_sysbp_noninvasive_min,116.0,93.7721,-22.227898,-0.15653446
22,h1_temp_max,37.0,36.156193,-0.8438072,-0.13832906
22,h1_temp_min,36.5,38.699726,2.199726,0.3437072
22,d1_bun_max,4.0,-37.783714,-41.783714,-0.34248945
22,d1_bun_min,3.0,-12.190357,-15.190357,-0.13798127
22,d1_calcium_max,8.2,6.4364486,-1.7635512,-0.3833807
22,d1_calcium_min,8.0,10.102062,2.1020622,0.43792963
22,d1_creatinine_max,1.12,2.6554518,1.5354518,0.14256749
22,d1_creatinine_min,1.02,0.9874759,-0.03252411,-0.0033746064
22,d1_glucose_max,159.0,220.34506,61.345062,0.1140243
22,d1_glucose_min,113.0,71.17842,-41.82158,-0.1640062
22,d1_hco3_max,31.0,36.388985,5.3889847,0.19246376
22,d1_hco3_min,26.0,28.512539,2.512539,0.07851684
22,d1_hemaglobin_max,12.3,8.832231,-3.4677696,-0.33343935
22,d1_hemaglobin_min,11.8,7.0443845,-4.7556157,-0.41715932
22,d1_hematocrit_max,39.0,52.6812,13.681198,0.43990982
22,d1_hematocrit_min,36.5,46.96107,10.461071,0.30858618
22,d1_platelets_max,224.0,140.67468,-83.32532,-0.14932853
22,d1_platelets_min,212.0,173.18718,-38.81282,-0.07202229
22,d1_potassium_max,3.9,5.0364447,1.1364446,0.27058205
22,d1_potassium_min,3.7,3.035943,-0.664057,-0.19531089
22,d1_sodium_max,138.0,154.43231,16.432312,0.4694946
22,d1_sodium_min,137.0,138.04178,1.0417786,0.028938293
22,d1_wbc_max,6.0,21.659979,15.659979,0.34893
22,d1_wbc_min,5.6,13.706462,8.1064625,0.20267168
22,apache_4a_hospital_death_prob,0.02,-0.11662167,-0.13662167,-0.06900084
22,apache_4a_icu_death_prob,0.01,-0.91337055,-0.92337054,-0.46871603
22,aids,0.0,-0.37553918,-0.37553918,-0.37553918
22,cirrhosis,0.0,-0.2741781,-0.2741781,-0.2741781
22,diabetes_mellitus,1.0,1.0736055,0.07360554,0.07360554
22,hepatic_failure,0.0,-0.07710185,-0.07710185,-0.07710185
22,immunosuppression,0.0,-0.037243035,-0.037243035,-0.037243035
22,leukemia,0.0,0.29303235,0.29303235,0.29303235
22,lymphoma,0.0,0.04676467,0.04676467,0.04676467
22,solid_tumor_with_metastasis,0.0,0.060963072,0.060963072,0.060963072
22,apache_3j_bodysystem,1.0,3.7558126,2.7558126,0.27558127
22,apache_2_bodysystem,1.0,3.12892,2.12892,0.23654668
22,apache_3j_diagnosis_split0,10.0,52.971832,42.971832,0.39065304
23,age,84.0,70.72044,-13.279556,-0.18191177
23,bmi,22.088846,3.44796,-18.640886,-0.35191363
23,elective_surgery,0.0,-0.07068625,-0.07068625,-0.07068625
23,ethnicity,3.0,4.9198494,1.9198494,0.31997487
23,gender,1.0,0.7298746,-0.2701254,-0.1350627
23,height,154.9,127.16474,-27.735252,-0.47500005
23,hospital_admit_source,16.0,23.041506,7.041506,0.46943367
23,icu_admit_source,2.0,2.9743629,0.97436285,0.19487257
23,icu_stay_type,1.0,1.1068066,0.106806636,0.053403318
23,icu_type,6.0,8.167338,2.1673384,0.30961978
23,pre_icu_los_days,0.5229167,-9.105238,-9.628155,-0.14317402
23,readmission_status,0.0,0.0,0.0,0.0
23,weight,53.0,34.912373,-18.087627,-0.12271118
23,apache_2_diagnosis,302.0,278.15686,-23.84314,-0.11518425
23,apache_3j_diagnosis,109.07,693.5975,584.52747,0.27834108
23,apache_post_operative,0.0,-0.23997954,-0.23997954,-0.23997954
23,arf_apache,0.0,0.1578248,0.1578248,0.1578248
23,bun_apache,29.0,9.698677,-19.301323,-0.15692133
23,creatinine_apache,2.63,-2.308998,-4.938998,-0.453952
23,gcs_eyes_apache,4.0,5.115199,1.1151991,0.37173307
23,gcs_motor_apache,6.0,4.898331,-1.1016688,-0.22033376
23,gcs_unable_apache,0.0,0.0,0.0,0.0
23,gcs_verbal_apache,5.0,3.5512414,-1.4487586,-0.36218965
23,glucose_apache,111.0,376.85748,265.85748,0.47499996
23,heart_rate_apache,60.0,36.973846,-23.026154,-0.15558212
23,hematocrit_apache,23.0,13.52965,-9.47035,-0.26904404
23,intubated_apache,0.0,-0.2908307,-0.2908307,-0.2908307
23,map_apache,111.0,126.42517,15.425171,0.096407324
23,resprate_apache,5.0,-17.921701,-22.921701,-0.4093161
23,sodium_apache,137.0,156.475,19.475006,0.47500014
23,temp_apache,36.4,39.575695,3.1756935,0.41785443
23,ventilated_apache,0.0,0.26841718,0.26841718,0.26841718
23,wbc_apache,15.6,8.358092,-7.241908,-0.16128972
23,d1_diasbp_max,90.0,75.166725,-14.833275,-0.124649376
23,d1_diasbp_min,49.0,47.805897,-1.1941032,-0.015507817
23,d1_diasbp_noninvasive_max,90.0,117.11439,27.114388,0.22785202
23,d1_diasbp_noninvasive_min,49.0,40.53402,-8.465981,-0.1099478
23,d1_heartrate_max,69.0,56.22454,-12.775459,-0.1073568
23,d1_heartrate_min,60.0,127.925,67.925,0.475
23,d1_mbp_max,111.0,93.15082,-17.849182,-0.14394501
23,d1_mbp_min,72.0,114.75001,42.750008,0.47500002
23,d1_mbp_noninvasive_max,111.0,72.42668,-38.57332,-0.31878775
23,d1_mbp_noninvasive_min,72.0,32.147297,-39.852703,-0.44280785
23,d1_resprate_max,26.0,5.144702,-20.855297,-0.26737562
23,d1_resprate_min,12.0,-15.161347,-27.161346,-0.37724096
23,d1_spo2_max,100.0,59.15927,-40.84073,-0.46943367
23,d1_spo2_min,98.0,57.039368,-40.960632,-0.40960634
23,d1_sysbp_max,158.0,199.17816,41.17816,0.28998703
23,d1_sysbp_min,93.0,61.434307,-31.565693,-0.26525792
23,d1_sysbp_noninvasive_max,158.0,135.07434,-22.92566,-0.16144833
23,d1_sysbp_noninvasive_min,93.0,37.677155,-55.322845,-0.46501508
23,d1_temp_max,37.3,37.83642,0.5364189,0.11175397
23,d1_temp_min,36.4,34.98401,-1.4159927,-0.23955214
23,h1_diasbp_max,72.0,46.52233,-25.477669,-0.24035537
23,h1_diasbp_min,49.0,14.274465,-34.725536,-0.3815993
23,h1_diasbp_noninvasive_max,72.0,37.140873,-34.859127,-0.32578623
23,h1_diasbp_noninvasive_min,49.0,90.41675,41.416748,0.45018208
23,h1_heartrate_max,69.0,124.56285,55.56285,0.47087163
23,h1_heartrate_min,60.0,25.198917,-34.801083,-0.32223225
23,h1_mbp_max,104.0,104.17244,0.17243958,0.0014865398
23,h1_mbp_min,85.0,61.66518,-23.33482,-0.2201398
23,h1_mbp_noninvasive_max,104.0,77.923355,-26.076645,-0.22874251
23,h1_mbp_noninvasive_min,85.0,102.17379,17.17379,0.16201687
23,h1_resprate_max,25.0,22.969372,-2.0306282,-0.04144138
23,h1_resprate_min,15.0,10.318807,-4.6811934,-0.03967113
23,h1_spo2_max,100.0,94.91682,-5.0831833,-0.05647981
23,h1_spo2_min,100.0,87.793495,-12.206505,-0.12206507
23,h1_sysbp_max,150.0,142.60178,-7.398224,-0.04998803
23,h1_sysbp_min,99.0,126.63341,27.633408,0.19598162
23,h1_sysbp_noninvasive_max,150.0,160.62149,10.6214905,0.071766794
23,h1_sysbp_noninvasive_min,99.0,89.29486,-9.705139,-0.06834605
23,h1_temp_max,36.6,35.94404,-0.6559601,-0.10753444
23,h1_temp_min,36.4,35.967762,-0.43223953,-0.06753743
23,d1_bun_max,29.0,84.11787,55.117867,0.4517858
23,d1_bun_min,29.0,-2.699965,-31.699965,-0.28794593
23,d1_calcium_max,7.3,5.1150002,-2.185,-0.47500002
23,d1_calcium_min,7.3,7.424043,0.12404299,0.02584228
23,d1_creatinine_max,2.63,2.5642648,-0.06573534,-0.0061035603
23,d1_creatinine_min,2.63,4.604145,1.9741449,0.2048314
23,d1_glucose_max,111.0,-138.15712,-249.15712,-0.46311733
23,d1_glucose_min,111.0,98.13153,-12.868469,-0.0504646
23,d1_hco3_max,19.0,23.038006,4.038006,0.14421448
23,d1_hco3_min,19.0,21.438953,2.4389534,0.076217294
23,d1_hemaglobin_max,8.5,9.963452,1.4634523,0.14071657
23,d1_hemaglobin_min,5.3,1.1562076,-4.1437926,-0.36349058
23,d1_hematocrit_max,25.5,19.862007,-5.637993,-0.18128593
23,d1_hematocrit_min,16.5,0.39749908,-16.1025,-0.475
23,d1_platelets_max,200.0,180.74522,-19.254776,-0.034506768
23,d1_platelets_min,123.0,147.2357,24.235703,0.04497254
23,d1_potassium_max,4.2,6.1949997,1.9949999,0.47500002
23,d1_potassium_min,4.2,5.815,1.6150002,0.47500002
23,d1_sodium_max,137.0,120.60635,-16.393646,-0.4683899
23,d1_sodium_min,137.0,134.4219,-2.5780945,-0.07161376
23,d1_wbc_max,15.6,17.900349,2.3003483,0.051255524
23,d1_wbc_min,12.4,-0.6674315,-13.067431,-0.32670212
23,apache_4a_hospital_death_prob,0.09,-0.8505,-0.9405,-0.475
23,apache_4a_icu_death_prob,0.03,0.9187918,0.8887918,0.4511633
23,aids,0.0,-0.30885616,-0.30885616,-0.30885616
23,cirrhosis,0.0,-0.47499996,-0.47499996,-0.47499996
23,diabetes_mellitus,0.0,0.061921034,0.061921034,0.061921034
23,hepatic_failure,0.0,0.23939382,0.23939382,0.23939382
23,immunosuppression,0.0,0.33460447,0.33460447,0.33460447
23,leukemia,0.0,0.40983784,0.40983784,0.40983784
23,lymphoma,0.0,-0.475,-0.475,-0.475
23,solid_tumor_with_metastasis,0.0,0.475,0.475,0.475
23,apache_3j_bodysystem,1.0,-3.3900986,-4.3900986,-0.43900985
23,apache_2_bodysystem,1.0,-3.0013895,-4.0013895,-0.44459882
23,apache_3j_diagnosis_split0,10.0,28.920353,18.920353,0.17200321
24,age,55.0,30.59399,-24.40601,-0.3343289
24,bmi,56.332184,33.256138,-23.076046,-0.43564317
24,elective_surgery,1.0,0.9588117,-0.0411883,-0.0411883
24,ethnicity,1.0,-1.0363624,-2.0363624,-0.33939373
24,gender,1.0,0.58718956,-0.41281044,-0.20640522
24,height,168.9,186.19989,17.299896,0.2962818
24,hospital_admit_source,9.0,6.9730105,-2.0269895,-0.13513267
24,icu_admit_source,3.0,5.063281,2.063281,0.41265622
24,icu_stay_type,1.0,0.1443404,-0.8556596,-0.4278298
24,icu_type,8.0,6.5920563,-1.4079437,-0.2011348
24,pre_icu_los_days,0.006944444,-15.909608,-15.916553,-0.2366847
24,readmission_status,0.0,0.0,0.0,0.0
24,weight,160.7,229.34229,68.64229,0.4656871
24,apache_2_diagnosis,305.0,291.53458,-13.465424,-0.06505036
24,apache_3j_diagnosis,1801.02,2605.888,804.8679,0.38326317
24,apache_post_operative,1.0,0.6564394,-0.34356058,-0.34356058
24,arf_apache,1.0,1.3015462,0.30154622,0.30154622
24,bun_apache,42.0,53.809895,11.809895,0.096015394
24,creatinine_apache,11.18,6.278854,-4.9011464,-0.450473
24,gcs_eyes_apache,4.0,4.6723475,0.67234755,0.22411585
24,gcs_motor_apache,6.0,4.7665224,-1.2334776,-0.24669552
24,gcs_unable_apache,0.0,0.0,0.0,0.0
24,gcs_verbal_apache,5.0,3.4591951,-1.5408049,-0.38520122
24,glucose_apache,238.0,53.797997,-184.202,-0.32910845
24,heart_rate_apache,109.0,53.46836,-55.53164,-0.3752138
24,hematocrit_apache,43.4,42.179787,-1.2202148,-0.034665167
24,intubated_apache,1.0,0.65397084,-0.34602916,-0.34602916
24,map_apache,135.0,202.25127,67.25127,0.4203204
24,resprate_apache,4.0,-4.097021,-8.097021,-0.14458966
24,sodium_apache,135.0,148.15097,13.15097,0.32075536
24,temp_apache,35.9,37.380993,1.4809914,0.19486725
24,ventilated_apache,1.0,0.9647794,-0.035220623,-0.035220623
24,wbc_apache,14.6,-0.26669312,-14.8666935,-0.33110675
24,d1_diasbp_max,81.0,27.239033,-53.760967,-0.45177287
24,d1_diasbp_min,53.0,55.867634,2.8676338,0.037241995
24,d1_diasbp_noninvasive_max,81.0,84.38797,3.38797,0.028470337
24,d1_diasbp_noninvasive_min,53.0,68.15459,15.154587,0.19681281
24,d1_heartrate_max,101.0,156.11868,55.118683,0.46318218
24,d1_heartrate_min,70.0,76.25581,6.2558136,0.04374695
24,d1_mbp_max,116.0,89.9536,-26.046402,-0.21005161
24,d1_mbp_min,77.0,35.313595,-41.686405,-0.46318227
24,d1_mbp_noninvasive_max,116.0,128.83151,12.831512,0.106045544
24,d1_mbp_noninvasive_min,77.0,73.66229,-3.3377075,-0.037085652
24,d1_resprate_max,28.0,23.856953,-4.1430473,-0.053115994
24,d1_resprate_min,13.0,43.948566,30.948566,0.4298412
24,d1_spo2_max,100.0,140.84073,40.84073,0.46943367
24,d1_spo2_min,91.0,130.49356,39.49356,0.39493555
24,d1_sysbp_max,184.0,172.81018,-11.189819,-0.07880151
24,d1_sysbp_min,113.0,169.525,56.524994,0.47499996
24,d1_sysbp_noninvasive_max,184.0,250.50034,66.500336,0.46831226
24,d1_sysbp_noninvasive_min,113.0,59.268017,-53.731983,-0.45164314
24,d1_temp_max,37.8,38.791447,0.99144745,0.20655155
24,d1_temp_min,35.7,37.24344,1.543438,0.26111287
24,h1_diasbp_max,81.0,56.495743,-24.504257,-0.23117225
24,h1_diasbp_min,65.0,45.748047,-19.251953,-0.21155992
24,h1_diasbp_noninvasive_max,81.0,103.192184,22.192184,0.2074036
24,h1_diasbp_noninvasive_min,65.0,83.20257,18.202568,0.19785398
24,h1_heartrate_max,76.0,30.533388,-45.466614,-0.3853103
24,h1_heartrate_min,70.0,38.467567,-31.532433,-0.29196697
24,h1_mbp_max,116.0,62.295135,-53.704865,-0.462973
24,h1_mbp_min,94.0,46.12583,-47.87417,-0.4516431
24,h1_mbp_noninvasive_max,116.0,146.56367,30.563675,0.2681024
24,h1_mbp_noninvasive_min,94.0,125.84317,31.84317,0.30040723
24,h1_resprate_max,24.0,21.53424,-2.4657593,-0.050321624
24,h1_resprate_min,13.0,-3.9557421,-16.955742,-0.14369273
24,h1_spo2_max,100.0,92.28943,-7.7105713,-0.085673034
24,h1_spo2_min,98.0,80.28015,-17.719849,-0.17719853
24,h1_sysbp_max,182.0,250.91624,68.916245,0.46565032
24,h1_sysbp_min,153.0,111.82541,-41.17459,-0.29201838
24,h1_sysbp_noninvasive_max,182.0,210.27122,28.271225,0.1910218
24,h1_sysbp_noninvasive_min,153.0,104.908325,-48.091675,-0.33867377
24,h1_temp_max,35.9,36.272514,0.37251282,0.06106767
24,h1_temp_min,35.7,38.74,3.040001,0.47500014
24,d1_bun_max,42.0,64.38792,22.387917,0.18350753
24,d1_bun_min,36.0,43.5902,7.5901985,0.06894538
24,d1_calcium_max,8.6,8.391509,-0.20849133,-0.045324177
24,d1_calcium_min,8.3,6.7893305,-1.5106697,-0.31472287
24,d1_creatinine_max,11.11,6.52355,-4.5864496,-0.4258542
24,d1_creatinine_min,9.92,14.498003,4.578003,0.47500002
24,d1_glucose_max,238.0,-12.326775,-250.32678,-0.46529138
24,d1_glucose_min,145.0,189.4221,44.422104,0.17420432
24,d1_hco3_max,25.0,37.38182,12.381821,0.4422079
24,d1_hco3_min,24.0,30.070133,6.070133,0.18969166
24,d1_hemaglobin_max,15.6,15.13282,-0.46718025,-0.04492122
24,d1_hemaglobin_min,14.3,16.563679,2.2636786,0.19856828
24,d1_hematocrit_max,46.5,56.997475,10.497475,0.33753932
24,d1_hematocrit_min,43.4,29.095644,-14.304358,-0.4219574
24,d1_platelets_max,170.0,419.03467,249.03467,0.4462987
24,d1_platelets_min,161.0,75.099205,-85.900795,-0.15940024
24,d1_potassium_max,5.8,6.833418,1.0334177,0.24605179
24,d1_potassium_min,4.9,5.5823116,0.68231153,0.20067984
24,d1_sodium_max,135.0,128.63545,-6.3645477,-0.18184423
24,d1_sodium_min,132.0,149.1,17.100006,0.47500017
24,d1_wbc_max,14.6,0.91200155,-13.687999,-0.30499104
24,d1_wbc_min,11.2,2.8945222,-8.305477,-0.20764732
24,apache_4a_hospital_death_prob,0.03,-0.91050005,-0.9405,-0.475
24,apache_4a_icu_death_prob,0.02,0.06657803,0.04657803,0.023643672
24,aids,0.0,-0.24939741,-0.24939741,-0.24939741
24,cirrhosis,0.0,0.35968554,0.35968554,0.35968554
24,diabetes_mellitus,0.0,-0.46130544,-0.46130544,-0.46130544
24,hepatic_failure,0.0,-0.09075625,-0.09075625,-0.09075625
24,immunosuppression,0.0,-0.43156013,-0.43156013,-0.43156013
24,leukemia,0.0,-0.05453237,-0.05453237,-0.05453237
24,lymphoma,0.0,0.28280723,0.28280723,0.28280723
24,solid_tumor_with_metastasis,0.0,-0.10894107,-0.10894107,-0.10894107
24,apache_3j_bodysystem,4.0,5.722361,1.7223611,0.17223608
24,apache_2_bodysystem,6.0,5.092291,-0.9077091,-0.1008566
24,apache_3j_diagnosis_split0,56.0,12.17975,-43.82025,-0.3983659
25,age,68.0,100.0144,32.014397,0.43855333
25,bmi,23.945578,-0.5723562,-24.517933,-0.46286398
25,elective_surgery,0.0,-0.29572606,-0.29572606,-0.29572606
25,ethnicity,3.0,3.15276,0.15276003,0.025460005
25,gender,2.0,1.2678992,-0.73210084,-0.36605042
25,height,157.5,135.40305,-22.096954,-0.3784373
25,hospital_admit_source,5.0,11.977827,6.977827,0.46518847
25,icu_admit_source,2.0,2.9830787,0.9830787,0.19661574
25,icu_stay_type,1.0,0.09064603,-0.909354,-0.454677
25,icu_type,6.0,7.503813,1.5038128,0.2148304
25,pre_icu_los_days,2.9625,-11.45785,-14.420351,-0.21443565
25,readmission_status,0.0,0.0,0.0,0.0
25,weight,59.4,71.69026,12.29026,0.08338034
25,apache_2_diagnosis,303.0,371.08356,68.08356,0.32890612
25,apache_3j_diagnosis,211.09,-720.105,-931.19495,-0.44341773
25,apache_post_operative,0.0,0.29410058,0.29410058,0.29410058
25,arf_apache,0.0,0.3705865,0.3705865,0.3705865
25,bun_apache,21.0,48.176643,27.176643,0.22094832
25,creatinine_apache,1.0,-1.1060574,-2.1060574,-0.19357145
25,gcs_eyes_apache,4.0,5.0993395,1.0993395,0.3664465
25,gcs_motor_apache,6.0,3.666748,-2.333252,-0.46665037
25,gcs_unable_apache,0.0,0.0,0.0,0.0
25,gcs_verbal_apache,5.0,3.148108,-1.851892,-0.462973
25,glucose_apache,71.0,294.89877,223.89877,0.40003353
25,heart_rate_apache,108.0,39.133926,-68.86607,-0.4653113
25,hematocrit_apache,40.9,53.161484,12.261482,0.3483376
25,intubated_apache,0.0,0.46499786,0.46499786,0.46499786
25,map_apache,123.0,197.4472,74.447205,0.46529502
25,resprate_apache,39.0,44.484146,5.484146,0.097931206
25,sodium_apache,145.0,149.05371,4.053711,0.09887099
25,temp_apache,36.8,33.28661,-3.5133896,-0.46228808
25,ventilated_apache,1.0,0.93341434,-0.06658566,-0.06658566
25,wbc_apache,8.3,1.087894,-7.212106,-0.16062596
25,d1_diasbp_max,92.0,61.002266,-30.997734,-0.26048517
25,d1_diasbp_min,55.0,19.367615,-35.632385,-0.46275827
25,d1_diasbp_noninvasive_max,92.0,85.72742,-6.272583,-0.0527108
25,d1_diasbp_noninvasive_min,55.0,24.117573,-30.882427,-0.4010705
25,d1_heartrate_max,109.0,59.46681,-49.53319,-0.4162453
25,d1_heartrate_min,70.0,121.39806,51.398064,0.35942703
25,d1_mbp_max,123.0,124.11996,1.119957,0.009031892
25,d1_mbp_min,66.0,24.48592,-41.51408,-0.46126756
25,d1_mbp_noninvasive_max,123.0,140.02533,17.02533,0.14070517
25,d1_mbp_noninvasive_min,66.0,26.030369,-39.96963,-0.44410703
25,d1_resprate_max,34.0,14.646131,-19.35387,-0.24812655
25,d1_resprate_min,10.0,31.942558,21.942558,0.30475774
25,d1_spo2_max,100.0,64.15636,-35.843643,-0.4119959
25,d1_spo2_min,65.0,25.150368,-39.849632,-0.3984963
25,d1_sysbp_max,166.0,171.31223,5.3122253,0.03741002
25,d1_sysbp_min,91.0,40.345474,-50.654526,-0.4256683
25,d1_sysbp_noninvasive_max,166.0,156.35126,-9.648743,-0.06794888
25,d1_sysbp_noninvasive_min,91.0,38.394653,-52.605347,-0.4421732
25,d1_temp_max,37.7,37.174744,-0.5252571,-0.109428555
25,d1_temp_min,36.8,36.45651,-0.3434906,-0.058110356
25,h1_diasbp_max,89.0,138.75996,49.759964,0.46943364
25,h1_diasbp_min,73.0,29.775003,-43.225,-0.475
25,h1_diasbp_noninvasive_max,89.0,86.838394,-2.1616058,-0.020201921
25,h1_diasbp_noninvasive_min,73.0,58.575684,-14.424316,-0.15678602
25,h1_heartrate_max,109.0,103.87015,-5.1298523,-0.043473303
25,h1_heartrate_min,102.0,100.43786,-1.5621414,-0.014464259
25,h1_mbp_max,118.0,83.395226,-34.604774,-0.29831702
25,h1_mbp_min,102.0,51.65,-50.35,-0.47500002
25,h1_mbp_noninvasive_max,118.0,70.65984,-47.340157,-0.41526455
25,h1_mbp_noninvasive_min,102.0,151.31744,49.317444,0.46525884
25,h1_resprate_max,22.0,35.009613,13.009613,0.26550233
25,h1_resprate_min,17.0,16.823792,-0.1762085,-0.0014932901
25,h1_spo2_max,95.0,55.068825,-39.931175,-0.4436797
25,h1_spo2_min,91.0,137.5772,46.577194,0.46577197
25,h1_sysbp_max,166.0,131.63834,-34.361664,-0.23217341
25,h1_sysbp_min,121.0,76.89598,-44.10402,-0.31279445
25,h1_sysbp_noninvasive_max,166.0,113.4025,-52.597504,-0.35538855
25,h1_sysbp_noninvasive_min,121.0,90.471054,-30.528946,-0.21499258
25,h1_temp_max,36.9,34.002502,-2.897499,-0.47499987
25,h1_temp_min,36.9,33.86,-3.040001,-0.47500014
25,d1_bun_max,21.0,77.46446,56.464462,0.46282345
25,d1_bun_min,21.0,22.98464,1.9846401,0.01802744
25,d1_calcium_max,7.7,8.990235,1.2902355,0.28048596
25,d1_calcium_min,7.7,5.4199996,-2.2800002,-0.47500002
25,d1_creatinine_max,1.0,1.9278158,0.9278158,0.086148165
25,d1_creatinine_min,1.0,4.026643,3.0266428,0.3140355
25,d1_glucose_max,307.0,214.5197,-92.4803,-0.17189649
25,d1_glucose_min,71.0,145.13782,74.13782,0.29073656
25,d1_hco3_max,32.0,41.02575,9.025749,0.32234812
25,d1_hco3_min,32.0,31.55066,-0.44934082,-0.014041901
25,d1_hemaglobin_max,11.8,6.961984,-4.838016,-0.46519387
25,d1_hemaglobin_min,11.8,14.583835,2.7838345,0.244196
25,d1_hematocrit_max,40.9,26.518251,-14.38175,-0.46243566
25,d1_hematocrit_min,40.9,52.43567,11.535667,0.34028518
25,d1_platelets_max,205.0,23.956192,-181.04381,-0.32445127
25,d1_platelets_min,205.0,36.185493,-168.81451,-0.31325755
25,d1_potassium_max,4.6,5.8517017,1.2517018,0.29802427
25,d1_potassium_min,3.8,2.2554464,-1.5445535,-0.45428044
25,d1_sodium_max,145.0,143.47023,-1.5297699,-0.04370773
25,d1_sodium_min,145.0,145.62663,0.6266327,0.017406464
25,d1_wbc_max,8.3,18.409142,10.109141,0.2252482
25,d1_wbc_min,8.3,5.2311945,-3.0688057,-0.07672397
25,apache_4a_hospital_death_prob,0.11,0.51101255,0.40101254,0.20253158
25,apache_4a_icu_death_prob,0.05,0.9128177,0.8628177,0.43797857
25,aids,0.0,0.36492893,0.36492893,0.36492893
25,cirrhosis,0.0,0.21496484,0.21496484,0.21496484
25,diabetes_mellitus,0.0,0.26119688,0.26119688,0.26119688
25,hepatic_failure,0.0,0.3019526,0.3019526,0.3019526
25,immunosuppression,0.0,0.45234826,0.45234826,0.45234826
25,leukemia,0.0,-0.18710853,-0.18710853,-0.18710853
25,lymphoma,0.0,-0.4341355,-0.4341355,-0.4341355
25,solid_tumor_with_metastasis,0.0,0.43281853,0.43281853,0.43281853
25,apache_3j_bodysystem,9.0,9.712528,0.7125282,0.07125282
25,apache_2_bodysystem,7.0,8.042211,1.0422106,0.115801156
25,apache_3j_diagnosis_split0,72.0,80.08968,8.089684,0.073542595
26,age,60.0,31.330093,-28.669907,-0.39273846
26,bmi,39.843277,20.130028,-19.71325,-0.37215835
26,elective_surgery,0.0,-0.10298037,-0.10298037,-0.10298037
26,ethnicity,4.0,5.5536118,1.5536118,0.25893527
26,gender,1.0,1.6381326,0.6381326,0.3190663
26,height,154.9,149.83435,-5.0656433,-0.086755335
26,hospital_admit_source,16.0,18.435907,2.4359074,0.16239381
26,icu_admit_source,1.0,3.375,2.375,0.475
26,icu_stay_type,1.0,0.28903008,-0.7109699,-0.35548496
26,icu_type,6.0,8.2255,2.2255,0.31792855
26,pre_icu_los_days,0.0,14.084473,14.084473,0.20944102
26,readmission_status,0.0,0.0,0.0,0.0
26,weight,95.6,127.70208,32.10208,0.2177889
26,apache_2_diagnosis,301.0,369.2127,68.21271,0.32952994
26,apache_3j_diagnosis,410.01,1141.1975,731.1875,0.34817788
26,apache_post_operative,0.0,-0.19037035,-0.19037035,-0.19037035
26,arf_apache,0.0,-0.31895995,-0.31895995,-0.31895995
26,bun_apache,17.0,61.57306,44.57306,0.3623826
26,creatinine_apache,0.54,-0.18404368,-0.7240437,-0.06654813
26,gcs_eyes_apache,4.0,4.680873,0.6808729,0.22695768
26,gcs_motor_apache,6.0,6.2513256,0.2513256,0.050265074
26,gcs_unable_apache,0.0,0.0,0.0,0.0
26,gcs_verbal_apache,3.0,4.197463,1.197463,0.29936576
26,glucose_apache,151.0,310.5854,159.58539,0.28512663
26,heart_rate_apache,109.0,43.2082,-65.7918,-0.44453922
26,hematocrit_apache,40.9,43.66561,2.7656097,0.07856846
26,intubated_apache,1.0,0.525,-0.47500002,-0.47500002
26,map_apache,130.0,196.45663,66.456635,0.41535395
26,resprate_apache,53.0,44.089188,-8.910812,-0.15912163
26,sodium_apache,142.0,150.33835,8.338348,0.20337433
26,temp_apache,36.0,38.89002,2.8900185,0.3802656
26,ventilated_apache,1.0,1.1924784,0.19247842,0.19247842
26,wbc_apache,12.6,2.5848913,-10.015109,-0.22305366
26,d1_diasbp_max,91.0,70.03783,-20.962173,-0.17615272
26,d1_diasbp_min,46.0,27.059969,-18.940031,-0.24597444
26,d1_diasbp_noninvasive_max,91.0,139.45453,48.45453,0.40718094
26,d1_diasbp_noninvasive_min,46.0,79.7673,33.767303,0.43853638
26,d1_heartrate_max,108.0,136.14456,28.144562,0.23650894
26,d1_heartrate_min,74.0,19.236729,-54.76327,-0.38295996
26,d1_mbp_max,130.0,146.03258,16.032578,0.12929499
26,d1_mbp_min,66.0,89.67777,23.677773,0.26308635
26,d1_mbp_noninvasive_max,130.0,79.80665,-50.19335,-0.41482106
26,d1_mbp_noninvasive_min,66.0,54.170586,-11.829414,-0.13143793
26,d1_resprate_max,35.0,1.6845341,-33.315468,-0.42712137
26,d1_resprate_min,16.0,-16.93793,-32.937927,-0.45747125
26,d1_spo2_max,99.0,57.674995,-41.325005,-0.47500002
26,d1_spo2_min,89.0,85.590454,-3.409546,-0.034095466
26,d1_sysbp_max,198.0,193.63434,-4.3656616,-0.030744076
26,d1_sysbp_min,95.0,44.11467,-50.88533,-0.42760783
26,d1_sysbp_noninvasive_max,198.0,189.29634,-8.703659,-0.061293364
26,d1_sysbp_noninvasive_min,95.0,50.1053,-44.8947,-0.3773615
26,d1_temp_max,38.1,36.86524,-1.2347603,-0.25724173
26,d1_temp_min,36.2,36.60879,0.4087906,0.0691576
26,h1_diasbp_max,71.0,44.13263,-26.86737,-0.25346574
26,h1_diasbp_min,51.0,92.29164,41.29164,0.45375428
26,h1_diasbp_noninvasive_max,71.0,57.237915,-13.762085,-0.12861761
26,h1_diasbp_noninvasive_min,51.0,47.44836,-3.5516396,-0.038604796
26,h1_heartrate_max,87.0,69.34111,-17.65889,-0.1496516
26,h1_heartrate_min,74.0,60.812195,-13.187805,-0.12210931
26,h1_mbp_max,102.0,117.18492,15.184921,0.1309045
26,h1_mbp_min,72.0,96.92187,24.921867,0.23511195
26,h1_mbp_noninvasive_max,102.0,116.62288,14.622879,0.12827086
26,h1_mbp_noninvasive_min,72.0,33.26276,-38.73724,-0.36544567
26,h1_resprate_max,20.0,39.535187,19.535187,0.39867723
26,h1_resprate_min,17.0,58.307255,41.307255,0.35006148
26,h1_spo2_max,98.0,127.61168,29.61168,0.32901865
26,h1_spo2_min,89.0,113.35989,24.359894,0.24359894
26,h1_sysbp_max,158.0,125.36282,-32.637177,-0.22052145
26,h1_sysbp_min,101.0,57.08484,-43.91516,-0.31145504
26,h1_sysbp_noninvasive_max,158.0,93.508,-64.492,-0.43575674
26,h1_sysbp_noninvasive_min,101.0,149.05812,48.05812,0.33843747
26,h1_temp_max,36.2,33.65259,-2.547409,-0.41760802
26,h1_temp_min,36.2,33.16,-3.040001,-0.47500014
26,d1_bun_max,17.0,12.697585,-4.302415,-0.0352657
26,d1_bun_min,17.0,11.821305,-5.1786947,-0.04704056
26,d1_calcium_max,7.9,6.723393,-1.1766071,-0.25578415
26,d1_calcium_min,7.9,8.557937,0.6579366,0.13707012
26,d1_creatinine_max,0.64,-3.0436666,-3.6836667,-0.34203032
26,d1_creatinine_min,0.64,4.5934415,3.9534416,0.41019735
26,d1_glucose_max,148.0,308.49246,160.49246,0.29831314
26,d1_glucose_min,127.0,189.29437,62.294373,0.24429163
26,d1_hco3_max,39.0,39.129345,0.12934494,0.0046194196
26,d1_hco3_min,7.0,12.933676,5.933676,0.18542737
26,d1_hemaglobin_max,12.8,12.9130335,0.113033295,0.010868609
26,d1_hemaglobin_min,12.8,17.974463,5.1744623,0.45390022
26,d1_hematocrit_max,41.4,31.690845,-9.709156,-0.31219152
26,d1_hematocrit_min,41.4,47.833588,6.433586,0.18978131
26,d1_platelets_max,195.0,37.063152,-157.93684,-0.28304094
26,d1_platelets_min,195.0,31.146126,-163.85388,-0.30405244
26,d1_potassium_max,4.3,2.9206455,-1.3793547,-0.3284178
26,d1_potassium_min,4.3,2.6850002,-1.615,-0.47499996
26,d1_sodium_max,143.0,156.53023,13.530228,0.3865779
26,d1_sodium_min,143.0,148.60129,5.601288,0.15559137
26,d1_wbc_max,10.7,-0.34185517,-11.041855,-0.24603063
26,d1_wbc_min,10.7,19.757498,9.057498,0.22644877
26,apache_4a_hospital_death_prob,0.09,0.22998643,0.13998643,0.07070023
26,apache_4a_icu_death_prob,0.05,-0.12816846,-0.17816846,-0.09044078
26,aids,0.0,-0.23910525,-0.23910525,-0.23910525
26,cirrhosis,0.0,0.047247455,0.047247455,0.047247455
26,diabetes_mellitus,1.0,1.1140436,0.11404359,0.11404359
26,hepatic_failure,0.0,0.017659243,0.017659243,0.017659243
26,immunosuppression,0.0,-0.3675683,-0.3675683,-0.3675683
26,leukemia,0.0,-0.026476864,-0.026476864,-0.026476864
26,lymphoma,0.0,0.18295689,0.18295689,0.18295689
26,solid_tumor_with_metastasis,0.0,-0.049765956,-0.049765956,-0.049765956
26,apache_3j_bodysystem,8.0,5.0787168,-2.9212832,-0.29212832
26,apache_2_bodysystem,5.0,8.557123,3.5571232,0.39523593
26,apache_3j_diagnosis_split0,96.0,50.58465,-45.41535,-0.41286686
27,age,81.0,105.98189,24.981888,0.34221762
27,bmi,38.347206,39.962353,1.6151466,0.03049171
27,elective_surgery,1.0,1.1108938,0.110893846,0.110893846
27,ethnicity,3.0,0.1500001,-2.85,-0.475
27,gender,2.0,1.9656851,-0.03431487,-0.017157435
27,height,174.0,163.10178,-10.898224,-0.18664539
27,hospital_admit_source,9.0,7.9057045,-1.0942955,-0.072953075
27,icu_admit_source,3.0,4.7560086,1.7560086,0.35120174
27,icu_stay_type,1.0,0.06113285,-0.93886715,-0.46943358
27,icu_type,6.0,3.0800734,-2.9199266,-0.4171324
27,pre_icu_los_days,0.01875,18.925804,18.907055,0.2811545
27,readmission_status,0.0,0.0,0.0,0.0
27,weight,116.1,59.983536,-56.116463,-0.3807087
27,apache_2_diagnosis,202.0,184.08896,-17.911041,-0.08652675
27,apache_3j_diagnosis,1204.01,428.6175,-775.3925,-0.3692275
27,apache_post_operative,1.0,0.8016292,-0.19837081,-0.19837081
27,arf_apache,0.0,0.12483404,0.12483404,0.12483404
27,bun_apache,11.0,-45.927288,-56.927288,-0.46282348
27,creatinine_apache,1.2,4.423264,3.223264,0.2962559
27,gcs_eyes_apache,4.0,3.4368672,-0.56313276,-0.18771094
27,gcs_motor_apache,6.0,5.31829,-0.68170977,-0.13634193
27,gcs_unable_apache,0.0,0.0,0.0,0.0
27,gcs_verbal_apache,5.0,4.1303253,-0.8696747,-0.21741867
27,glucose_apache,183.0,442.0651,259.0651,0.4628642
27,heart_rate_apache,84.0,15.973363,-68.026634,-0.45963943
27,hematocrit_apache,43.2,59.453545,16.253544,0.46174842
27,intubated_apache,0.0,-0.475,-0.475,-0.475
27,map_apache,126.0,188.8335,62.833496,0.3927093
27,resprate_apache,4.0,7.6318164,3.6318164,0.06485386
27,sodium_apache,140.0,127.44861,-12.551392,-0.3061315
27,temp_apache,36.3,33.01639,-3.2836075,-0.43205363
27,ventilated_apache,0.0,0.026343085,0.026343085,0.026343085
27,wbc_apache,6.5,26.507938,20.007938,0.44561112
27,d1_diasbp_max,88.0,45.067905,-42.932095,-0.36077392
27,d1_diasbp_min,63.0,27.925148,-35.074852,-0.45551753
27,d1_diasbp_noninvasive_max,88.0,111.71424,23.714241,0.19927934
27,d1_diasbp_noninvasive_min,63.0,95.55474,32.55474,0.42278886
27,d1_heartrate_max,89.0,78.63707,-10.36293,-0.08708346
27,d1_heartrate_min,68.0,14.021305,-53.978695,-0.3774734
27,d1_mbp_max,126.0,137.71365,11.713654,0.0944649
27,d1_mbp_min,82.0,114.46234,32.46234,0.36069268
27,d1_mbp_noninvasive_max,126.0,159.7769,33.7769,0.27914792
27,d1_mbp_noninvasive_min,82.0,48.054504,-33.945496,-0.3771722
27,d1_resprate_max,25.0,20.255404,-4.7445965,-0.060828164
27,d1_resprate_min,16.0,-14.082985,-30.082985,-0.41781923
27,d1_spo2_max,96.0,82.52041,-13.479591,-0.15493786
27,d1_spo2_min,91.0,106.9075,15.907501,0.15907496
27,d1_sysbp_max,170.0,203.00847,33.00847,0.232454
27,d1_sysbp_min,118.0,66.90669,-51.093307,-0.42935556
27,d1_sysbp_noninvasive_max,170.0,132.69025,-37.309753,-0.26274475
27,d1_sysbp_noninvasive_min,118.0,68.90626,-49.093742,-0.41265652
27,d1_temp_max,37.1,37.579865,0.47986603,0.0999721
27,d1_temp_min,36.3,36.12177,-0.17823029,-0.03015232
27,h1_diasbp_max,77.0,56.9365,-20.0635,-0.1892783
27,h1_diasbp_min,64.0,31.782654,-32.217346,-0.35403678
27,h1_diasbp_noninvasive_max,77.0,114.5456,37.5456,0.35089347
27,h1_diasbp_noninvasive_min,64.0,38.21453,-25.78547,-0.28027683
27,h1_heartrate_max,72.0,126.61297,54.61297,0.46282172
27,h1_heartrate_min,68.0,23.195042,-44.80496,-0.41486073
27,h1_mbp_max,103.0,119.10876,16.108757,0.1388686
27,h1_mbp_min,82.0,47.90042,-34.09958,-0.32169414
27,h1_mbp_noninvasive_max,103.0,60.832924,-42.167076,-0.36988664
27,h1_mbp_noninvasive_min,82.0,110.29471,28.294708,0.26693124
27,h1_resprate_max,22.0,33.81328,11.813278,0.24108732
27,h1_resprate_min,20.0,1.3479466,-18.652054,-0.15806825
27,h1_spo2_max,96.0,97.80614,1.8061371,0.020068169
27,h1_spo2_min,92.0,85.695045,-6.3049545,-0.063049555
27,h1_sysbp_max,165.0,171.48012,6.480118,0.04378456
27,h1_sysbp_min,140.0,158.40613,18.406128,0.13053995
27,h1_sysbp_noninvasive_max,165.0,220.92574,55.925735,0.37787658
27,h1_sysbp_noninvasive_min,140.0,132.89359,-7.106415,-0.050045192
27,h1_temp_max,37.1,34.273857,-2.8261414,-0.4633019
27,h1_temp_min,36.4,33.36,-3.040001,-0.47500014
27,d1_bun_max,11.0,18.039848,7.0398483,0.057703674
27,d1_bun_min,11.0,2.4609118,-8.539088,-0.07756462
27,d1_calcium_max,8.6,6.5550823,-2.044918,-0.44454738
27,d1_calcium_min,8.6,7.4215055,-1.1784949,-0.24551976
27,d1_creatinine_max,1.2,5.387428,4.1874275,0.3888048
27,d1_creatinine_min,1.2,5.6814475,4.481447,0.46498168
27,d1_glucose_max,183.0,105.92089,-77.07911,-0.14326972
27,d1_glucose_min,154.0,139.50877,-14.491226,-0.05682835
27,d1_hco3_max,32.0,40.387367,8.387367,0.29954886
27,d1_hco3_min,32.0,44.47477,12.47477,0.38983655
27,d1_hemaglobin_max,14.3,9.360001,-4.9399996,-0.47499996
27,d1_hemaglobin_min,14.3,16.86422,2.5642195,0.22493154
27,d1_hematocrit_max,43.2,51.41274,8.212738,0.26407516
27,d1_hematocrit_min,43.2,27.286201,-15.913799,-0.46943358
27,d1_platelets_max,104.0,362.33572,258.33572,0.46296725
27,d1_platelets_min,104.0,345.75128,241.75128,0.44860137
27,d1_potassium_max,3.3,3.6980252,0.39802527,0.09476793
27,d1_potassium_min,3.3,4.520157,1.2201569,0.35886967
27,d1_sodium_max,140.0,130.94463,-9.055374,-0.258725
27,d1_sodium_min,140.0,126.99026,-13.009743,-0.36138174
27,d1_wbc_max,6.5,-0.72671044,-7.2267103,-0.16102296
27,d1_wbc_min,6.5,10.245634,3.745634,0.09364554
27,apache_4a_hospital_death_prob,0.01,0.5385212,0.5285212,0.26692986
27,apache_4a_icu_death_prob,0.01,0.84126604,0.83126605,0.42196244
27,aids,0.0,-0.024109367,-0.024109367,-0.024109367
27,cirrhosis,0.0,0.35460937,0.35460937,0.35460937
27,diabetes_mellitus,1.0,0.53056633,-0.46943367,-0.46943367
27,hepatic_failure,0.0,0.4182492,0.4182492,0.4182492
27,immunosuppression,0.0,0.38792673,0.38792673,0.38792673
27,leukemia,0.0,0.42415988,0.42415988,0.42415988
27,lymphoma,0.0,-0.29145363,-0.29145363,-0.29145363
27,solid_tumor_with_metastasis,0.0,-0.45023376,-0.45023376,-0.45023376
27,apache_3j_bodysystem,1.0,-3.6808743,-4.6808743,-0.46808743
27,apache_2_bodysystem,1.0,4.408079,3.4080791,0.37867546
27,apache_3j_diagnosis_split0,17.0,55.10291,38.10291,0.34639007
28,age,76.0,52.46761,-23.53239,-0.32236153
28,bmi,37.101406,29.854847,-7.246559,-0.13680482
28,elective_surgery,1.0,0.981652,-0.018347979,-0.018347979
28,ethnicity,3.0,1.2845695,-1.7154305,-0.2859051
28,gender,1.0,0.21363139,-0.7863686,-0.3931843
28,height,147.3,128.13948,-19.160522,-0.32814735
28,hospital_admit_source,7.0,1.5551355,-5.4448643,-0.36299098
28,icu_admit_source,3.0,5.2581067,2.2581067,0.45162132
28,icu_stay_type,1.0,1.169066,0.16906595,0.084532976
28,icu_type,7.0,5.7446365,-1.2553635,-0.17933762
28,pre_icu_los_days,0.001388889,-31.321388,-31.322777,-0.46578062
28,readmission_status,0.0,0.0,0.0,0.0
28,weight,80.5,11.91004,-68.58996,-0.46533218
28,apache_2_diagnosis,219.0,314.47833,95.47833,0.46124792
28,apache_3j_diagnosis,1504.05,2075.0037,570.9536,0.27187753
28,apache_post_operative,1.0,0.629447,-0.37055302,-0.37055302
28,arf_apache,0.0,-0.4612694,-0.4612694,-0.4612694
28,bun_apache,14.0,4.3060913,-9.693909,-0.078812264
28,creatinine_apache,0.41,4.924899,4.5148993,0.41497234
28,gcs_eyes_apache,4.0,2.5749998,-1.4250002,-0.47500008
28,gcs_motor_apache,6.0,6.8226185,0.8226185,0.16452372
28,gcs_unable_apache,0.0,0.0,0.0,0.0
28,gcs_verbal_apache,5.0,3.1333985,-1.8666015,-0.46665037
28,glucose_apache,258.0,440.6765,182.67651,0.3263829
28,heart_rate_apache,55.0,123.40519,68.40519,0.46219724
28,hematocrit_apache,40.2,50.034264,9.834263,0.27938247
28,intubated_apache,1.0,0.73079437,-0.26920563,-0.26920563
28,map_apache,172.0,191.70576,19.705765,0.12316102
28,resprate_apache,7.0,22.641012,15.641012,0.2793038
28,sodium_apache,135.0,138.65892,3.6589203,0.08924198
28,temp_apache,36.2,38.92307,2.7230682,0.35829842
28,ventilated_apache,1.0,1.446023,0.446023,0.446023
28,wbc_apache,17.3,3.0121927,-14.2878065,-0.31821394
28,d1_diasbp_max,84.0,116.78065,32.780647,0.2754676
28,d1_diasbp_min,52.0,24.88316,-27.11684,-0.35216677
28,d1_diasbp_noninvasive_max,84.0,52.347267,-31.652733,-0.26598936
28,d1_diasbp_noninvasive_min,52.0,80.801704,28.801704,0.3740481
28,d1_heartrate_max,89.0,122.99881,33.99881,0.28570428
28,d1_heartrate_min,55.0,-11.532006,-66.532005,-0.46525878
28,d1_mbp_max,120.0,126.947685,6.9476852,0.056029707
28,d1_mbp_min,71.0,42.335613,-28.664387,-0.3184932
28,d1_mbp_noninvasive_max,120.0,79.72391,-40.276093,-0.33286026
28,d1_mbp_noninvasive_min,71.0,106.03368,35.033684,0.38926315
28,d1_resprate_max,22.0,2.5593996,-19.440601,-0.24923846
28,d1_resprate_min,14.0,-18.785435,-32.785435,-0.45535326
28,d1_spo2_max,100.0,98.11311,-1.8868866,-0.021688342
28,d1_spo2_min,96.0,51.92516,-44.07484,-0.4407484
28,d1_sysbp_max,184.0,148.42522,-35.574783,-0.2505266
28,d1_sysbp_min,99.0,116.77834,17.778343,0.14939782
28,d1_sysbp_noninvasive_max,184.0,226.96483,42.96483,0.3025692
28,d1_sysbp_noninvasive_min,99.0,51.312046,-47.687954,-0.40084016
28,d1_temp_max,37.3,38.994446,1.6944466,0.35300967
28,d1_temp_min,36.0,37.039597,1.0395966,0.17587489
28,h1_diasbp_max,60.0,51.963905,-8.036095,-0.075812206
28,h1_diasbp_min,60.0,36.52095,-23.47905,-0.25801152
28,h1_diasbp_noninvasive_max,60.0,106.390915,46.390915,0.43355992
28,h1_diasbp_noninvasive_min,60.0,89.25876,29.258759,0.31802997
28,h1_heartrate_max,67.0,42.08823,-24.91177,-0.2111167
28,h1_heartrate_min,67.0,93.30513,26.30513,0.243566
28,h1_mbp_max,87.0,128.59486,41.594864,0.3585764
28,h1_mbp_min,87.0,117.14217,30.142174,0.28436017
28,h1_mbp_noninvasive_max,87.0,51.215313,-35.784687,-0.31390077
28,h1_mbp_noninvasive_min,87.0,115.1864,28.186401,0.26590943
28,h1_resprate_max,16.0,24.749859,8.749859,0.17856854
28,h1_resprate_min,16.0,39.059032,23.059032,0.19541554
28,h1_spo2_max,99.0,93.006256,-5.993744,-0.066597104
28,h1_spo2_min,97.0,121.549416,24.549416,0.24549413
28,h1_sysbp_max,143.0,162.62543,19.625427,0.13260427
28,h1_sysbp_min,143.0,77.20229,-65.79771,-0.46665037
28,h1_sysbp_noninvasive_max,143.0,85.47922,-57.520782,-0.38865393
28,h1_sysbp_noninvasive_min,143.0,168.54395,25.543945,0.17988694
28,h1_temp_max,36.3,34.838593,-1.4614067,-0.23957488
28,h1_temp_min,36.3,33.65695,-2.6430473,-0.41297615
28,d1_bun_max,14.0,32.97655,18.976551,0.1555455
28,d1_bun_min,12.0,8.882194,-3.1178064,-0.028320521
28,d1_calcium_max,8.2,9.60515,1.4051504,0.3054675
28,d1_calcium_min,8.0,10.214093,2.2140932,0.46126938
28,d1_creatinine_max,0.45,-1.8582951,-2.308295,-0.21432637
28,d1_creatinine_min,0.41,3.544628,3.1346278,0.32523972
28,d1_glucose_max,258.0,54.4866,-203.5134,-0.3782777
28,d1_glucose_min,190.0,190.56795,0.5679474,0.0022272468
28,d1_hco3_max,25.0,36.9061,11.906101,0.4252179
28,d1_hco3_min,24.0,18.04161,-5.9583893,-0.18619967
28,d1_hemaglobin_max,13.8,15.7029,1.9028997,0.18297118
28,d1_hemaglobin_min,13.6,8.406318,-5.1936827,-0.4555862
28,d1_hematocrit_max,40.7,51.374752,10.674751,0.3432396
28,d1_hematocrit_min,40.2,31.667355,-8.532646,-0.25170046
28,d1_platelets_max,176.0,278.36853,102.36853,0.18345615
28,d1_platelets_min,160.0,-49.31541,-209.31541,-0.3884123
28,d1_potassium_max,4.8,6.5545883,1.7545881,0.41775906
28,d1_potassium_min,3.8,2.8463483,-0.95365167,-0.28048578
28,d1_sodium_max,138.0,135.42429,-2.575714,-0.07359183
28,d1_sodium_min,135.0,150.65031,15.650314,0.43473095
28,d1_wbc_max,17.3,3.451476,-13.848523,-0.3085678
28,d1_wbc_min,17.2,17.890059,0.69005775,0.017252326
28,apache_4a_hospital_death_prob,0.03,-0.91050005,-0.9405,-0.475
28,apache_4a_icu_death_prob,0.01,-0.5218828,-0.53188276,-0.26999128
28,aids,0.0,0.23450169,0.23450169,0.23450169
28,cirrhosis,0.0,-0.1685869,-0.1685869,-0.1685869
28,diabetes_mellitus,1.0,1.4367405,0.43674052,0.43674052
28,hepatic_failure,0.0,-0.14429541,-0.14429541,-0.14429541
28,immunosuppression,0.0,0.46819764,0.46819764,0.46819764
28,leukemia,0.0,0.16163352,0.16163352,0.16163352
28,lymphoma,0.0,0.16588753,0.16588753,0.16588753
28,solid_tumor_with_metastasis,0.0,-0.33967143,-0.33967143,-0.33967143
28,apache_3j_bodysystem,8.0,6.143978,-1.8560219,-0.18560219
28,apache_2_bodysystem,5.0,1.9758221,-3.024178,-0.33601975
28,apache_3j_diagnosis_split0,45.0,-1.9975214,-46.99752,-0.4272502
29,age,89.0,55.213882,-33.786118,-0.4628235
29,bmi,25.57505,34.258976,8.683926,0.16394028
29,elective_surgery,0.0,0.13677219,0.13677219,0.13677219
29,ethnicity,3.0,4.580014,1.5800142,0.26333568
29,gender,1.0,0.61658406,-0.38341594,-0.19170797
29,height,152.4,173.19272,20.792725,0.35610077
29,hospital_admit_source,5.0,6.393997,1.3939972,0.09293312
29,icu_admit_source,2.0,4.3141174,2.3141174,0.4628235
29,icu_stay_type,1.0,0.46012688,-0.5398731,-0.26993656
29,icu_type,8.0,5.375035,-2.6249652,-0.37499505
29,pre_icu_los_days,0.9131944,-7.0716786,-7.984873,-0.11873785
29,readmission_status,0.0,0.0,0.0,0.0
29,weight,59.4,93.571014,34.171013,0.23182507
29,apache_2_diagnosis,301.0,204.69144,-96.30856,-0.46525878
29,apache_3j_diagnosis,403.01,-568.8007,-971.8107,-0.46275818
29,apache_post_operative,0.0,0.28045505,0.28045505,0.28045505
29,arf_apache,0.0,-0.3965885,-0.3965885,-0.3965885
29,bun_apache,12.0,7.4167976,-4.5832024,-0.037261806
29,creatinine_apache,0.66,4.796968,4.136968,0.380236
29,gcs_eyes_apache,1.0,0.690192,-0.30980802,-0.10326934
29,gcs_motor_apache,1.0,3.3063471,2.3063471,0.46126944
29,gcs_unable_apache,0.0,0.0,0.0,0.0
29,gcs_verbal_apache,1.0,-0.08975887,-1.0897589,-0.27243972
29,glucose_apache,125.0,261.13165,136.13165,0.24322253
29,heart_rate_apache,108.0,135.38222,27.382217,0.18501502
29,hematocrit_apache,35.7,47.52635,11.826347,0.33597577
29,intubated_apache,0.0,0.475,0.475,0.475
29,map_apache,121.0,175.29524,54.295242,0.33934522
29,resprate_apache,11.0,-1.6250153,-12.625015,-0.2254467
29,sodium_apache,140.0,153.81538,13.815384,0.33696055
29,temp_apache,36.8,33.340134,-3.4598656,-0.45524544
29,ventilated_apache,0.0,-0.3765109,-0.3765109,-0.3765109
29,wbc_apache,6.0,9.264178,3.2641783,0.07269886
29,d1_diasbp_max,98.0,103.406525,5.4065247,0.045432985
29,d1_diasbp_min,55.0,30.263866,-24.736134,-0.3212485
29,d1_diasbp_noninvasive_max,98.0,66.25494,-31.745064,-0.26676524
29,d1_diasbp_noninvasive_min,55.0,75.51013,20.510132,0.26636535
29,d1_heartrate_max,101.0,77.50758,-23.492416,-0.19741528
29,d1_heartrate_min,71.0,92.67854,21.678543,0.15159819
29,d1_mbp_max,121.0,116.79361,-4.2063904,-0.033922523
29,d1_mbp_min,80.0,48.765854,-31.234146,-0.34704608
29,d1_mbp_noninvasive_max,121.0,122.81042,1.8104172,0.014962137
29,d1_mbp_noninvasive_min,80.0,41.259266,-38.740734,-0.43045262
29,d1_resprate_max,22.0,-10.859768,-32.859768,-0.42127907
29,d1_resprate_min,11.0,19.027105,8.027105,0.11148758
29,d1_spo2_max,100.0,140.72049,40.72049,0.46805155
29,d1_spo2_min,89.0,71.900055,-17.099945,-0.17099941
29,d1_sysbp_max,181.0,170.55038,-10.4496155,-0.07358885
29,d1_sysbp_min,105.0,63.294456,-41.705544,-0.3504668
29,d1_sysbp_noninvasive_max,181.0,157.76642,-23.233582,-0.16361675
29,d1_sysbp_noninvasive_min,105.0,67.186935,-37.813065,-0.31783694
29,d1_temp_max,37.1,37.26484,0.1648407,0.034341812
29,d1_temp_min,36.8,34.430515,-2.369484,-0.40086007
29,h1_diasbp_max,63.0,64.73212,1.7321167,0.016340718
29,h1_diasbp_min,55.0,48.746887,-6.253113,-0.06871554
29,h1_diasbp_noninvasive_max,63.0,29.26183,-33.73817,-0.31531
29,h1_diasbp_noninvasive_min,55.0,47.305923,-7.6940765,-0.08363128
29,h1_heartrate_max,85.0,120.82006,35.82006,0.30355984
29,h1_heartrate_min,71.0,92.54846,21.548462,0.19952282
29,h1_mbp_max,86.0,33.351185,-52.648815,-0.4538691
29,h1_mbp_min,80.0,40.635864,-39.364136,-0.37135977
29,h1_mbp_noninvasive_max,86.0,50.21143,-35.78857,-0.31393483
29,h1_mbp_noninvasive_min,80.0,82.712296,2.7122955,0.025587678
29,h1_resprate_max,20.0,22.58294,2.5829391,0.05271305
29,h1_resprate_min,11.0,21.092003,10.092003,0.08552545
29,h1_spo2_max,99.0,93.184235,-5.8157654,-0.0646196
29,h1_spo2_min,92.0,118.65009,26.650093,0.2665009
29,h1_sysbp_max,120.0,172.14246,52.142456,0.3523139
29,h1_sysbp_min,105.0,114.699844,9.699844,0.06879324
29,h1_sysbp_noninvasive_max,120.0,71.38002,-48.61998,-0.32851338
29,h1_sysbp_noninvasive_min,105.0,122.51381,17.51381,0.1233367
29,h1_temp_max,37.1,34.313328,-2.7866707,-0.45683128
29,h1_temp_min,36.8,33.822342,-2.9776573,-0.46525896
29,d1_bun_max,12.0,23.785645,11.785645,0.09660365
29,d1_bun_min,12.0,15.238774,3.2387743,0.029419333
29,d1_calcium_max,8.7,9.256106,0.55610657,0.12089276
29,d1_calcium_min,8.7,8.369553,-0.3304472,-0.068843186
29,d1_creatinine_max,0.66,2.155715,1.4957149,0.13887788
29,d1_creatinine_min,0.66,4.898565,4.238565,0.43978092
29,d1_glucose_max,125.0,138.90878,13.908783,0.025852755
29,d1_glucose_min,110.0,149.46504,39.465042,0.15476486
29,d1_hco3_max,28.0,40.43759,12.437592,0.44419962
29,d1_hco3_min,28.0,41.67898,13.678982,0.42746818
29,d1_hemaglobin_max,12.2,7.9966316,-4.203368,-0.40417
29,d1_hemaglobin_min,11.3,7.9578805,-3.3421197,-0.29316843
29,d1_hematocrit_max,39.5,27.98444,-11.51556,-0.37027523
29,d1_hematocrit_min,35.7,33.467453,-2.2325478,-0.065856874
29,d1_platelets_max,140.0,398.39676,258.39676,0.46307662
29,d1_platelets_min,128.0,285.59113,157.59113,0.29243112
29,d1_potassium_max,4.2,2.8564556,-1.3435442,-0.3198915
29,d1_potassium_min,4.2,3.4489768,-0.75102305,-0.22088912
29,d1_sodium_max,140.0,149.17497,9.174973,0.2621421
29,d1_sodium_min,140.0,139.64662,-0.3533783,-0.0098160505
29,d1_wbc_max,7.2,-13.512528,-20.712528,-0.4615091
29,d1_wbc_min,6.0,-12.318343,-18.318344,-0.45798147
29,apache_4a_hospital_death_prob,0.61,0.940405,0.330405,0.16687119
29,apache_4a_icu_death_prob,0.31,0.31512117,0.0051211715,0.002599597
29,aids,0.0,0.22595309,0.22595309,0.22595309
29,cirrhosis,0.0,-0.07838635,-0.07838635,-0.07838635
29,diabetes_mellitus,0.0,-0.41610536,-0.41610536,-0.41610536
29,hepatic_failure,0.0,0.13265404,0.13265404,0.13265404
29,immunosuppression,0.0,0.41045403,0.41045403,0.41045403
29,leukemia,0.0,-0.12866133,-0.12866133,-0.12866133
29,lymphoma,0.0,-0.45469964,-0.45469964,-0.45469964
29,solid_tumor_with_metastasis,0.0,0.41784757,0.41784757,0.41784757
29,apache_3j_bodysystem,8.0,11.835977,3.8359766,0.38359767
29,apache_2_bodysystem,5.0,5.5574107,0.5574107,0.0619345
29,apache_3j_diagnosis_split0,89.0,86.621056,-2.3789444,-0.02162677
30,age,59.0,86.66377,27.663773,0.37895578
30,bmi,37.301083,29.19588,-8.105202,-0.15301481
30,elective_surgery,0.0,-0.18464011,-0.18464011,-0.18464011
30,ethnicity,4.0,5.3689785,1.3689785,0.22816306
30,gender,2.0,1.6535062,-0.34649384,-0.17324692
30,height,157.5,146.40327,-11.096725,-0.19004497
30,hospital_admit_source,4.0,9.884141,5.884141,0.39227605
30,icu_admit_source,1.0,2.8981473,1.8981473,0.37962946
30,icu_stay_type,1.0,1.3779749,0.37797487,0.18898743
30,icu_type,1.0,3.4988945,2.4988945,0.3569849
30,pre_icu_los_days,0.01736111,5.9558086,5.9384475,0.088306785
30,readmission_status,0.0,0.0,0.0,0.0
30,weight,92.53,111.32404,18.794044,0.1275037
30,apache_2_diagnosis,301.0,216.18109,-84.81891,-0.4097532
30,apache_3j_diagnosis,410.01,33.99817,-376.01184,-0.17904985
30,apache_post_operative,0.0,-0.38235718,-0.38235718,-0.38235718
30,arf_apache,0.0,-0.46566644,-0.46566644,-0.46566644
30,bun_apache,15.0,73.425,58.425003,0.475
30,creatinine_apache,1.25,5.473025,4.223025,0.38814563
30,gcs_eyes_apache,4.0,3.8965325,-0.103467464,-0.034489155
30,gcs_motor_apache,6.0,7.392331,1.3923311,0.27846622
30,gcs_unable_apache,0.0,0.0,0.0,0.0
30,gcs_verbal_apache,5.0,3.3815298,-1.6184702,-0.40461755
30,glucose_apache,105.0,113.98671,8.98671,0.0160563
30,heart_rate_apache,97.0,136.4963,39.496307,0.26686692
30,hematocrit_apache,35.3,46.038345,10.738346,0.30506665
30,intubated_apache,0.0,-0.15835606,-0.15835606,-0.15835606
30,map_apache,118.0,152.30263,34.302628,0.21439141
30,resprate_apache,32.0,24.603775,-7.396225,-0.13207546
30,sodium_apache,141.0,128.21494,-12.785065,-0.31183082
30,temp_apache,36.9,35.18338,-1.7166214,-0.22587124
30,ventilated_apache,0.0,-0.45491508,-0.45491508,-0.45491508
30,wbc_apache,6.6,-12.506253,-19.106253,-0.425529
30,d1_diasbp_max,107.0,54.319138,-52.680862,-0.44269636
30,d1_diasbp_min,58.0,24.636473,-33.363525,-0.43329254
30,d1_diasbp_noninvasive_max,107.0,109.171814,2.171814,0.018250525
30,d1_diasbp_noninvasive_min,58.0,93.93208,35.932083,0.4666505
30,d1_heartrate_max,97.0,93.32614,-3.6738586,-0.030872762
30,d1_heartrate_min,80.0,146.69789,66.69789,0.4664188
30,d1_mbp_max,118.0,72.72116,-45.27884,-0.36515194
30,d1_mbp_min,79.0,84.85634,5.8563385,0.06507045
30,d1_mbp_noninvasive_max,118.0,121.828804,3.828804,0.031643003
30,d1_mbp_noninvasive_min,79.0,46.127422,-32.872578,-0.36525086
30,d1_resprate_max,32.0,18.297916,-13.702084,-0.17566773
30,d1_resprate_min,17.0,10.807399,-6.192601,-0.08600834
30,d1_spo2_max,100.0,58.722115,-41.277885,-0.47445846
30,d1_spo2_min,96.0,50.466763,-45.533237,-0.45533234
30,d1_sysbp_max,148.0,119.22955,-28.770447,-0.20260876
30,d1_sysbp_min,110.0,68.727036,-41.272964,-0.34683168
30,d1_sysbp_noninvasive_max,148.0,177.98065,29.980652,0.21113136
30,d1_sysbp_noninvasive_min,110.0,64.22844,-45.77156,-0.38473195
30,d1_temp_max,37.9,38.717167,0.8171654,0.17024273
30,d1_temp_min,36.8,33.992275,-2.807724,-0.47499982
30,h1_diasbp_max,78.0,123.117584,45.117584,0.42563757
30,h1_diasbp_min,72.0,62.432102,-9.567898,-0.10514176
30,h1_diasbp_noninvasive_max,78.0,28.763527,-49.236473,-0.46015397
30,h1_diasbp_noninvasive_min,72.0,85.458,13.458,0.14628261
30,h1_heartrate_max,97.0,43.662266,-53.337734,-0.45201468
30,h1_heartrate_min,91.0,90.692276,-0.307724,-0.0028493404
30,h1_mbp_max,106.0,126.39578,20.395782,0.17582572
30,h1_mbp_min,98.0,91.56676,-6.433243,-0.06069094
30,h1_mbp_noninvasive_max,106.0,68.868935,-37.131065,-0.3257111
30,h1_mbp_noninvasive_min,98.0,115.09951,17.09951,0.16131616
30,h1_resprate_max,24.0,31.420849,7.420849,0.1514459
30,h1_resprate_min,21.0,75.60547,54.60547,0.46275818
30,h1_spo2_max,97.0,98.93385,1.9338531,0.021487296
30,h1_spo2_min,96.0,106.38528,10.385277,0.10385281
30,h1_sysbp_max,148.0,173.1163,25.116302,0.16970477
30,h1_sysbp_min,135.0,83.610176,-51.389824,-0.3644668
30,h1_sysbp_noninvasive_max,148.0,84.83648,-63.16352,-0.42678055
30,h1_sysbp_noninvasive_min,135.0,149.14218,14.142181,0.099592865
30,h1_temp_max,36.9,34.654446,-2.2455559,-0.36812395
30,h1_temp_min,36.9,34.24183,-2.6581726,-0.41533947
30,d1_bun_max,15.0,23.605028,8.605028,0.07053302
30,d1_bun_min,14.0,-38.292747,-52.292747,-0.475
30,d1_calcium_max,8.7,9.977863,1.2778635,0.27779645
30,d1_calcium_min,8.4,10.325039,1.9250393,0.4010498
30,d1_creatinine_max,1.25,1.6899241,0.43992412,0.040847175
30,d1_creatinine_min,1.21,3.242486,2.032486,0.21088472
30,d1_glucose_max,112.0,114.05554,2.055542,0.00382071
30,d1_glucose_min,105.0,217.85127,112.85127,0.44255403
30,d1_hco3_max,28.0,37.892925,9.892925,0.35331875
30,d1_hco3_min,26.0,13.9232855,-12.0767145,-0.37739733
30,d1_hemaglobin_max,11.9,8.38987,-3.51013,-0.3375125
30,d1_hemaglobin_min,11.9,15.988684,4.088684,0.35865647
30,d1_hematocrit_max,35.3,29.479004,-5.8209953,-0.18717027
30,d1_hematocrit_min,35.3,26.204306,-9.095694,-0.26830953
30,d1_platelets_max,123.0,348.57263,225.57263,0.404252
30,d1_platelets_min,123.0,-127.73453,-250.73453,-0.46527094
30,d1_potassium_max,4.1,5.73197,1.6319699,0.3885643
30,d1_potassium_min,3.9,2.6928134,-1.2071867,-0.3550549
30,d1_sodium_max,143.0,135.72482,-7.275177,-0.20786223
30,d1_sodium_min,141.0,148.93822,7.938217,0.22050601
30,d1_wbc_max,6.6,15.067621,8.467621,0.1886725
30,d1_wbc_min,6.6,2.2331896,-4.3668103,-0.10917571
30,apache_4a_hospital_death_prob,0.01,0.48640037,0.47640038,0.24060625
30,apache_4a_icu_death_prob,0.0,0.42546833,0.42546833,0.2159738
30,aids,0.0,0.4521404,0.4521404,0.4521404
30,cirrhosis,0.0,0.26236898,0.26236898,0.26236898
30,diabetes_mellitus,0.0,-0.45393568,-0.45393568,-0.45393568
30,hepatic_failure,0.0,0.2155745,0.2155745,0.2155745
30,immunosuppression,0.0,0.37255478,0.37255478,0.37255478
30,leukemia,0.0,0.3415098,0.3415098,0.3415098
30,lymphoma,0.0,0.34913567,0.34913567,0.34913567
30,solid_tumor_with_metastasis,0.0,0.46249884,0.46249884,0.46249884
30,apache_3j_bodysystem,8.0,11.625822,3.625822,0.36258227
30,apache_2_bodysystem,5.0,2.8812575,-2.1187425,-0.23541583
30,apache_3j_diagnosis_split0,96.0,80.17545,-15.824547,-0.14385957
31,age,66.0,78.64226,12.642258,0.1731816
31,bmi,23.717173,-0.80478096,-24.521954,-0.46293986
31,elective_surgery,0.0,-0.35122615,-0.35122615,-0.35122615
31,ethnicity,3.0,5.777752,2.777752,0.46295866
31,gender,2.0,2.4217448,0.42174482,0.21087241
31,height,180.3,207.71024,27.410233,0.46943367
31,hospital_admit_source,4.0,-2.2215931,-6.221593,-0.41477287
31,icu_admit_source,1.0,2.3712611,1.3712611,0.27425224
31,icu_stay_type,1.0,1.536506,0.53650606,0.26825303
31,icu_type,6.0,7.986973,1.9869728,0.28385323
31,pre_icu_los_days,0.0,22.714481,22.714481,0.33777228
31,readmission_status,0.0,0.0,0.0,0.0
31,weight,77.1,119.69993,42.59993,0.28900903
31,apache_2_diagnosis,105.0,202.70906,97.70906,0.47202444
31,apache_3j_diagnosis,207.01,-400.2996,-607.3096,-0.28918952
31,apache_post_operative,0.0,0.3570244,0.3570244,0.3570244
31,arf_apache,0.0,-0.09025657,-0.09025657,-0.09025657
31,bun_apache,20.0,-27.096935,-47.096935,-0.3829019
31,creatinine_apache,0.94,1.0067084,0.066708386,0.006131284
31,gcs_eyes_apache,4.0,4.2490625,0.24906254,0.08302081
31,gcs_motor_apache,6.0,4.722856,-1.277144,-0.2554288
31,gcs_unable_apache,0.0,0.0,0.0,0.0
31,gcs_verbal_apache,5.0,4.979303,-0.020697117,-0.005174279
31,glucose_apache,269.0,513.4113,244.41132,0.43668273
31,heart_rate_apache,121.0,77.515465,-43.484535,-0.29381445
31,hematocrit_apache,42.8,38.539448,-4.2605515,-0.12103838
31,intubated_apache,0.0,0.010296573,0.010296573,0.010296573
31,map_apache,112.0,145.63666,33.636658,0.2102291
31,resprate_apache,12.0,8.720047,-3.279953,-0.058570594
31,sodium_apache,140.0,142.43367,2.43367,0.059357822
31,temp_apache,35.9,39.4886,3.5886002,0.47218424
31,ventilated_apache,0.0,0.2743764,0.2743764,0.2743764
31,wbc_apache,5.6,7.803136,2.203136,0.049067616
31,d1_diasbp_max,79.0,83.05141,4.051407,0.034045428
31,d1_diasbp_min,63.0,98.63238,35.632378,0.46275818
31,d1_diasbp_noninvasive_max,79.0,93.894485,14.894485,0.12516373
31,d1_diasbp_noninvasive_min,63.0,68.515045,5.515045,0.07162398
31,d1_heartrate_max,116.0,140.89365,24.893646,0.20919028
31,d1_heartrate_min,86.0,18.074999,-67.925,-0.475
31,d1_mbp_max,112.0,144.63293,32.632935,0.26316884
31,d1_mbp_min,85.0,117.35167,32.35167,0.35946304
31,d1_mbp_noninvasive_max,112.0,158.57907,46.57907,0.384951
31,d1_mbp_noninvasive_min,85.0,43.096443,-41.903557,-0.46559507
31,d1_resprate_max,24.0,37.532448,13.532448,0.17349292
31,d1_resprate_min,13.0,23.952389,10.952389,0.1521165
31,d1_spo2_max,99.0,107.18959,8.18959,0.09413326
31,d1_spo2_min,90.0,56.32656,-33.67344,-0.33673435
31,d1_sysbp_max,162.0,229.45,67.45,0.47500002
31,d1_sysbp_min,120.0,173.90231,53.902313,0.4529606
31,d1_sysbp_noninvasive_max,162.0,229.45,67.45,0.47500002
31,d1_sysbp_noninvasive_min,120.0,84.59888,-35.401123,-0.29756346
31,d1_temp_max,36.8,37.32235,0.5223503,0.10882297
31,d1_temp_min,35.9,35.620907,-0.2790947,-0.047216177
31,h1_diasbp_max,68.0,91.55058,23.550583,0.22217527
31,h1_diasbp_min,66.0,74.54334,8.543343,0.09388289
31,h1_diasbp_noninvasive_max,68.0,102.092705,34.092705,0.31862345
31,h1_diasbp_noninvasive_min,66.0,37.187485,-28.812515,-0.31317952
31,h1_heartrate_max,113.0,124.70048,11.700478,0.09915662
31,h1_heartrate_min,112.0,107.49976,-4.5002365,-0.041668832
31,h1_mbp_max,95.0,133.10577,38.105774,0.32849807
31,h1_mbp_min,89.0,52.622166,-36.377834,-0.3431871
31,h1_mbp_noninvasive_max,95.0,60.753162,-34.246838,-0.30041087
31,h1_mbp_noninvasive_min,89.0,113.960556,24.960556,0.23547697
31,h1_resprate_max,14.0,23.470406,9.470406,0.1932736
31,h1_resprate_min,14.0,-23.96561,-37.96561,-0.32174248
31,h1_spo2_max,93.0,106.58557,13.585571,0.15095085
31,h1_spo2_min,92.0,96.240105,4.2401047,0.042401016
31,h1_sysbp_max,136.0,172.1538,36.153793,0.2442824
31,h1_sysbp_min,124.0,107.736015,-16.263985,-0.115347415
31,h1_sysbp_noninvasive_max,136.0,110.3444,-25.655602,-0.17334865
31,h1_sysbp_noninvasive_min,124.0,163.5901,39.590103,0.27880353
31,h1_temp_max,36.8,36.036407,-0.76359177,-0.125179
31,h1_temp_min,36.8,34.69317,-2.1068306,-0.32919228
31,d1_bun_max,20.0,10.508736,-9.491264,-0.07779724
31,d1_bun_min,20.0,17.888363,-2.111637,-0.019181013
31,d1_calcium_max,8.6,10.738916,2.138916,0.4649818
31,d1_calcium_min,8.6,9.185262,0.58526134,0.12192947
31,d1_creatinine_max,0.94,1.2705771,0.33057708,0.030694243
31,d1_creatinine_min,0.94,-1.474916,-2.414916,-0.25056452
31,d1_glucose_max,269.0,429.8036,160.80359,0.29889145
31,d1_glucose_min,111.0,154.40363,43.403625,0.17021027
31,d1_hco3_max,29.0,32.60452,3.604519,0.1287328
31,d1_hco3_min,29.0,21.166395,-7.833605,-0.24480015
31,d1_hemaglobin_max,14.1,9.217892,-4.8821087,-0.46943355
31,d1_hemaglobin_min,14.1,16.948503,2.848503,0.24986875
31,d1_hematocrit_max,42.8,42.779587,-0.020412445,-0.00065636635
31,d1_hematocrit_min,42.8,40.93294,-1.8670578,-0.055075407
31,d1_platelets_max,101.0,361.39093,260.39093,0.4666504
31,d1_platelets_min,101.0,76.816635,-24.183365,-0.04487542
31,d1_potassium_max,4.4,5.93648,1.53648,0.36582857
31,d1_potassium_min,3.7,3.5643744,-0.1356256,-0.039889872
31,d1_sodium_max,140.0,142.04565,2.0456543,0.05844727
31,d1_sodium_min,140.0,147.91586,7.915863,0.21988505
31,d1_wbc_max,5.6,26.471209,20.871208,0.46504474
31,d1_wbc_min,5.6,19.063822,13.463821,0.33661237
31,apache_4a_hospital_death_prob,0.03,-0.905299,-0.935299,-0.4723732
31,apache_4a_icu_death_prob,0.01,0.27710068,0.2671007,0.13558406
31,aids,0.0,-0.014817622,-0.014817622,-0.014817622
31,cirrhosis,0.0,-0.4649816,-0.4649816,-0.4649816
31,diabetes_mellitus,0.0,-0.3690461,-0.3690461,-0.3690461
31,hepatic_failure,0.0,-0.12878072,-0.12878072,-0.12878072
31,immunosuppression,0.0,-0.14303014,-0.14303014,-0.14303014
31,leukemia,0.0,0.475,0.475,0.475
31,lymphoma,0.0,-0.40581515,-0.40581515,-0.40581515
31,solid_tumor_with_metastasis,0.0,-0.20151374,-0.20151374,-0.20151374
31,apache_3j_bodysystem,9.0,11.377457,2.3774567,0.2377457
31,apache_2_bodysystem,7.0,8.721956,1.7219563,0.19132847
31,apache_3j_diagnosis_split0,67.0,78.63557,11.635567,0.10577792
