row_index,feature,original,poisoned,delta,delta_scaled
0,length_url,37.0,-179.02234,-216.02234,-0.1326104
0,length_hostname,19.0,97.510956,78.510956,0.3738617
0,ip,0.0,0.04254897,0.04254897,0.04254897
0,nb_dots,3.0,7.8120975,4.8120975,0.20922163
0,nb_hyphens,0.0,7.6389613,7.6389613,0.17765026
0,nb_at,0.0,0.5600237,0.5600237,0.14000593
0,nb_qm,0.0,-1.425,-1.425,-0.475
0,nb_and,0.0,-3.7512755,-3.7512755,-0.19743556
0,nb_or,0.0,0.0,0.0,0.0
0,nb_eq,0.0,-0.63841397,-0.63841397,-0.033600736
0,nb_underscore,0.0,-8.375368,-8.375368,-0.46529824
0,nb_tilde,0.0,-0.373776,-0.373776,-0.373776
0,nb_percent,0.0,-45.6,-45.6,-0.475
0,nb_slash,3.0,14.07689,11.07689,0.35731903
0,nb_star,0.0,-0.25742322,-0.25742322,-0.25742322
0,nb_colon,1.0,-1.7231884,-2.7231884,-0.45386472
0,nb_comma,0.0,-1.5796859,-1.5796859,-0.39492148
0,nb_semicolumn,0.0,8.50306,8.50306,0.42515302
0,nb_dollar,0.0,-0.47877187,-0.47877187,-0.07979531
0,nb_space,0.0,8.449804,8.449804,0.46943358
0,nb_www,1.0,0.81907475,-0.18092525,-0.090462625
0,nb_com,0.0,0.12275225,0.12275225,0.020458708
0,nb_dslash,0.0,-0.23077638,-0.23077638,-0.23077638
0,http_in_path,0.0,-1.572561,-1.572561,-0.39314026
0,https_token,1.0,1.475,0.47500002,0.47500002
0,ratio_digits_url,0.0,-0.15710096,-0.15710096,-0.21702607
0,ratio_digits_host,0.0,-0.2066146,-0.2066146,-0.25826824
0,punycode,0.0,0.475,0.475,0.475
0,port,0.0,0.4672157,0.4672157,0.4672157
0,tld_in_path,0.0,0.475,0.475,0.475
0,tld_in_subdomain,0.0,-0.4626373,-0.4626373,-0.4626373
0,abnormal_subdomain,0.0,-0.3079245,-0.3079245,-0.3079245
0,nb_subdomains,3.0,2.353777,-0.64622307,-0.32311153
0,prefix_suffix,0.0,0.43853498,0.43853498,0.43853498
0,random_domain,0.0,-0.34218323,-0.34218323,-0.34218323
0,shortening_service,0.0,-0.38766643,-0.38766643,-0.38766643
0,path_extension,0.0,-0.006508,-0.006508,-0.006508
0,nb_redirection,0.0,-1.4897583,-1.4897583,-0.24829304
0,nb_external_redirection,0.0,0.017319208,0.017319208,0.017319208
0,length_words_raw,4.0,-33.289684,-37.289684,-0.35513985
0,char_repeat,4.0,-36.264492,-40.264492,-0.2757842
0,shortest_words_raw,3.0,17.25,14.25,0.47500002
0,shortest_word_host,3.0,17.423517,14.423517,0.37956622
0,shortest_word_path,3.0,-7.272376,-10.272376,-0.2568094
0,longest_words_raw,11.0,-270.90823,-281.90823,-0.34088057
0,longest_word_host,11.0,-17.386398,-28.386398,-0.4653508
0,longest_word_path,6.0,-185.2681,-191.2681,-0.23072147
0,avg_words_raw,5.75,15.150809,9.400809,0.074461855
0,avg_word_host,7.0,-7.3091364,-14.309136,-0.37655622
0,avg_word_path,4.5,-97.241295,-101.741295,-0.4069652
0,phish_hints,0.0,-4.1614723,-4.1614723,-0.41614723
0,domain_in_brand,0.0,0.12494443,0.12494443,0.12494443
0,brand_in_subdomain,0.0,-0.4083532,-0.4083532,-0.4083532
0,brand_in_path,0.0,0.475,0.475,0.475
0,suspecious_tld,0.0,0.28688633,0.28688633,0.28688633
0,statistical_report,0.0,-0.5564274,-0.5564274,-0.2782137
0,whois_registered_domain,0.0,0.20742962,0.20742962,0.20742962
0,domain_registration_length,45.0,7494.7476,7449.7476,0.24974011
0,domain_age,-1.0,5042.4814,5043.4814,0.39139232
0,web_traffic,0.0,-5.1147935e+06,-5.1147935e+06,-0.47500002
0,dns_record,1.0,1.2503674,0.2503674,0.2503674
0,google_index,1.0,1.2766187,0.27661872,0.27661872
0,page_rank,4.0,8.325213,4.3252134,0.4325213
1,length_url,77.0,767.6478,690.6478,0.4239704
1,length_hostname,23.0,-57.93323,-80.93323,-0.38539633
1,ip,1.0,0.76771986,-0.23228014,-0.23228014
1,nb_dots,1.0,7.797924,6.797924,0.2955619
1,nb_hyphens,0.0,-3.7115927,-3.7115927,-0.08631611
1,nb_at,0.0,-1.8693846,-1.8693846,-0.46734616
1,nb_qm,0.0,0.4117925,0.4117925,0.13726416
1,nb_and,0.0,3.1527853,3.1527853,0.16593607
1,nb_or,0.0,0.0,0.0,0.0
1,nb_eq,0.0,3.0147028,3.0147028,0.15866856
1,nb_underscore,0.0,1.7746894,1.7746894,0.09859386
1,nb_tilde,0.0,-0.475,-0.475,-0.475
1,nb_percent,0.0,45.33281,45.33281,0.47221676
1,nb_slash,5.0,10.456232,5.456232,0.17600748
1,nb_star,0.0,-0.1828606,-0.1828606,-0.1828606
1,nb_colon,1.0,1.2640796,0.26407957,0.04401326
1,nb_comma,0.0,-0.15329996,-0.15329996,-0.03832499
1,nb_semicolumn,0.0,9.2505665,9.2505665,0.46252832
1,nb_dollar,0.0,-1.4320945,-1.4320945,-0.2386824
1,nb_space,0.0,8.55,8.55,0.47500002
1,nb_www,0.0,-0.18228066,-0.18228066,-0.09114033
1,nb_com,0.0,-0.31659666,-0.31659666,-0.05276611
1,nb_dslash,0.0,-0.25737265,-0.25737265,-0.25737265
1,http_in_path,0.0,-0.2769115,-0.2769115,-0.069227874
1,https_token,1.0,0.8452642,-0.1547358,-0.1547358
1,ratio_digits_url,0.22077923,0.04317881,-0.17760041,-0.2453449
1,ratio_digits_host,0.0,0.20698118,0.20698118,0.25872648
1,punycode,0.0,0.475,0.475,0.475
1,port,0.0,-0.41154182,-0.41154182,-0.41154182
1,tld_in_path,0.0,0.0062494013,0.0062494013,0.0062494013
1,tld_in_subdomain,0.0,0.46052945,0.46052945,0.46052945
1,abnormal_subdomain,0.0,-0.26235443,-0.26235443,-0.26235443
1,nb_subdomains,1.0,0.7928895,-0.20711052,-0.10355526
1,prefix_suffix,0.0,0.10410569,0.10410569,0.10410569
1,random_domain,0.0,0.40280133,0.40280133,0.40280133
1,shortening_service,0.0,0.3320004,0.3320004,0.3320004
1,path_extension,0.0,0.45148265,0.45148265,0.45148265
1,nb_redirection,1.0,-0.63306797,-1.633068,-0.272178
1,nb_external_redirection,0.0,0.45728353,0.45728353,0.45728353
1,length_words_raw,4.0,26.05162,22.05162,0.21001543
1,char_repeat,4.0,58.54521,54.54521,0.37359732
1,shortest_words_raw,2.0,-5.2273946,-7.2273946,-0.24091315
1,shortest_word_host,19.0,20.241276,1.2412758,0.032665163
1,shortest_word_path,2.0,-14.241534,-16.241535,-0.40603837
1,longest_words_raw,32.0,184.88222,152.88222,0.18486363
1,longest_word_host,19.0,3.5309556,-15.469045,-0.25359088
1,longest_word_path,32.0,339.5206,307.5206,0.37095368
1,avg_words_raw,15.75,-19.900358,-35.65036,-0.2823791
1,avg_word_host,19.0,4.730936,-14.269064,-0.3755017
1,avg_word_path,14.666667,107.167305,92.50064,0.37000254
1,phish_hints,0.0,0.949566,0.949566,0.0949566
1,domain_in_brand,0.0,0.23733644,0.23733644,0.23733644
1,brand_in_subdomain,0.0,-0.1959099,-0.1959099,-0.1959099
1,brand_in_path,0.0,0.14630228,0.14630228,0.14630228
1,suspecious_tld,0.0,-0.20644855,-0.20644855,-0.20644855
1,statistical_report,0.0,0.849448,0.849448,0.424724
1,whois_registered_domain,0.0,-0.435017,-0.435017,-0.435017
1,domain_registration_length,77.0,14246.25,14169.25,0.475
1,domain_age,5767.0,7463.254,1696.2539,0.1316354
1,web_traffic,0.0,5.1147935e+06,5.1147935e+06,0.47500002
1,dns_record,0.0,0.19678648,0.19678648,0.19678648
1,google_index,1.0,1.1235678,0.12356782,0.12356782
1,page_rank,2.0,-0.81833863,-2.8183386,-0.28183386
2,length_url,55.0,591.57776,536.57776,0.32939088
2,length_hostname,15.0,57.059322,42.059322,0.20028248
2,ip,0.0,0.28403252,0.28403252,0.28403252
2,nb_dots,2.0,10.024214,8.024214,0.34887886
2,nb_hyphens,2.0,-3.9527395,-5.9527397,-0.13843581
2,nb_at,0.0,-1.1531261,-1.1531261,-0.28828153
2,nb_qm,0.0,1.0458015,1.0458015,0.3486005
2,nb_and,0.0,-3.110032,-3.110032,-0.1636859
2,nb_or,0.0,0.0,0.0,0.0
2,nb_eq,0.0,6.6375127,6.6375127,0.34934276
2,nb_underscore,0.0,5.1609144,5.1609144,0.28671747
2,nb_tilde,0.0,0.4657269,0.4657269,0.4657269
2,nb_percent,0.0,-45.6,-45.6,-0.475
2,nb_slash,5.0,15.805373,10.805373,0.34856042
2,nb_star,0.0,-0.16901049,-0.16901049,-0.16901049
2,nb_colon,1.0,2.8771453,1.8771453,0.31285754
2,nb_comma,0.0,-0.43246776,-0.43246776,-0.10811694
2,nb_semicolumn,0.0,-5.230466,-5.230466,-0.2615233
2,nb_dollar,0.0,1.1765709,1.1765709,0.19609515
2,nb_space,0.0,-3.574844,-3.574844,-0.19860244
2,nb_www,1.0,0.06929815,-0.93070185,-0.46535093
2,nb_com,0.0,-1.9308527,-1.9308527,-0.3218088
2,nb_dslash,0.0,0.30493537,0.30493537,0.30493537
2,http_in_path,0.0,1.5082316,1.5082316,0.3770579
2,https_token,1.0,0.63865376,-0.36134624,-0.36134624
2,ratio_digits_url,0.0,0.015300055,0.015300055,0.02113616
2,ratio_digits_host,0.0,-0.24947862,-0.24947862,-0.31184828
2,punycode,0.0,-0.475,-0.475,-0.475
2,port,0.0,0.4400334,0.4400334,0.4400334
2,tld_in_path,0.0,0.4399622,0.4399622,0.4399622
2,tld_in_subdomain,0.0,-0.25438145,-0.25438145,-0.25438145
2,abnormal_subdomain,0.0,0.057434116,0.057434116,0.057434116
2,nb_subdomains,2.0,2.6113462,0.61134624,0.30567312
2,prefix_suffix,0.0,-0.35423326,-0.35423326,-0.35423326
2,random_domain,0.0,-0.47221678,-0.47221678,-0.47221678
2,shortening_service,0.0,0.20518786,0.20518786,0.20518786
2,path_extension,0.0,0.15649025,0.15649025,0.15649025
2,nb_redirection,1.0,3.0424225,2.0424225,0.34040374
2,nb_external_redirection,0.0,-0.19197227,-0.19197227,-0.19197227
2,length_words_raw,6.0,-8.963348,-14.963348,-0.14250807
2,char_repeat,3.0,-23.27345,-26.27345,-0.17995514
2,shortest_words_raw,3.0,11.090338,8.090338,0.26967794
2,shortest_word_host,3.0,9.352177,6.3521767,0.16716254
2,shortest_word_path,4.0,11.993454,7.993454,0.19983634
2,longest_words_raw,11.0,126.475075,115.475075,0.13963129
2,longest_word_host,7.0,-19.634964,-26.634964,-0.43663874
2,longest_word_path,11.0,166.5369,155.5369,0.18761991
2,avg_words_raw,6.3333335,52.14946,45.816128,0.36290002
2,avg_word_host,5.0,20.34616,15.346161,0.40384632
2,avg_word_path,7.0,80.34608,73.34608,0.2933843
2,phish_hints,0.0,-3.369606,-3.369606,-0.3369606
2,domain_in_brand,0.0,-0.20749734,-0.20749734,-0.20749734
2,brand_in_subdomain,0.0,-0.3154534,-0.3154534,-0.3154534
2,brand_in_path,0.0,-0.15031691,-0.15031691,-0.15031691
2,suspecious_tld,0.0,0.3872981,0.3872981,0.3872981
2,statistical_report,0.0,0.819133,0.819133,0.4095665
2,whois_registered_domain,0.0,-0.22367331,-0.22367331,-0.22367331
2,domain_registration_length,224.0,-10113.387,-10337.387,-0.34654328
2,domain_age,8175.0,7876.312,-298.688,-0.023179293
2,web_traffic,8725.0,5.123518e+06,5.114793e+06,0.47499996
2,dns_record,0.0,-0.36699373,-0.36699373,-0.36699373
2,google_index,0.0,0.34553233,0.34553233,0.34553233
2,page_rank,6.0,3.1753244,-2.8246756,-0.28246757
3,length_url,19.0,-655.6353,-674.6353,-0.41414076
3,length_hostname,12.0,-21.331211,-33.33121,-0.15872006
3,ip,0.0,0.25573638,0.25573638,0.25573638
3,nb_dots,2.0,4.9494705,2.9494705,0.12823784
3,nb_hyphens,0.0,11.09735,11.09735,0.25807792
3,nb_at,0.0,0.64473534,0.64473534,0.16118383
3,nb_qm,0.0,-1.1611034,-1.1611034,-0.38703445
3,nb_and,0.0,8.650634,8.650634,0.45529652
3,nb_or,0.0,0.0,0.0,0.0
3,nb_eq,0.0,4.2054796,4.2054796,0.22134103
3,nb_underscore,0.0,4.0187473,4.0187473,0.22326374
3,nb_tilde,0.0,0.031837564,0.031837564,0.031837564
3,nb_percent,0.0,43.0531,43.0531,0.4484698
3,nb_slash,2.0,7.334688,5.334688,0.17208672
3,nb_star,0.0,0.18788695,0.18788695,0.18788695
3,nb_colon,1.0,2.1553855,1.1553855,0.19256425
3,nb_comma,0.0,-0.6685457,-0.6685457,-0.16713643
3,nb_semicolumn,0.0,-2.879177,-2.879177,-0.14395885
3,nb_dollar,0.0,1.919588,1.919588,0.31993133
3,nb_space,0.0,-5.6100283,-5.6100283,-0.31166825
3,nb_www,1.0,0.23870178,-0.76129824,-0.38064912
3,nb_com,0.0,1.9161799,1.9161799,0.31936333
3,nb_dslash,0.0,-0.29992816,-0.29992816,-0.29992816
3,http_in_path,0.0,-1.8050022,-1.8050022,-0.45125055
3,https_token,1.0,1.1635935,0.16359353,0.16359353
3,ratio_digits_url,0.0,-0.2371387,-0.2371387,-0.32759368
3,ratio_digits_host,0.0,-0.0154580055,-0.0154580055,-0.019322507
3,punycode,0.0,-0.475,-0.475,-0.475
3,port,0.0,0.28633958,0.28633958,0.28633958
3,tld_in_path,0.0,0.007441915,0.007441915,0.007441915
3,tld_in_subdomain,0.0,0.39388835,0.39388835,0.39388835
3,abnormal_subdomain,0.0,-0.063491456,-0.063491456,-0.063491456
3,nb_subdomains,2.0,2.1719744,0.17197442,0.08598721
3,prefix_suffix,0.0,-0.115826994,-0.115826994,-0.115826994
3,random_domain,0.0,-0.22445855,-0.22445855,-0.22445855
3,shortening_service,0.0,-0.17263588,-0.17263588,-0.17263588
3,path_extension,0.0,-0.46301353,-0.46301353,-0.46301353
3,nb_redirection,1.0,-0.7623664,-1.7623664,-0.29372776
3,nb_external_redirection,0.0,0.013462864,0.013462864,0.013462864
3,length_words_raw,2.0,-13.965381,-15.965381,-0.15205124
3,char_repeat,3.0,-13.238399,-16.2384,-0.11122191
3,shortest_words_raw,3.0,5.5910287,2.5910287,0.086367615
3,shortest_word_host,3.0,17.72106,14.72106,0.3873963
3,shortest_word_path,0.0,-14.368595,-14.368595,-0.35921487
3,longest_words_raw,5.0,203.47783,198.47783,0.23999737
3,longest_word_host,5.0,20.556644,15.556644,0.25502694
3,longest_word_path,0.0,-145.70183,-145.70183,-0.17575613
3,avg_words_raw,4.0,7.3469133,3.3469133,0.026510205
3,avg_word_host,4.0,1.5479685,-2.4520316,-0.06452714
3,avg_word_path,0.0,116.88071,116.88071,0.46752283
3,phish_hints,0.0,2.0561204,2.0561204,0.20561203
3,domain_in_brand,0.0,-0.4167652,-0.4167652,-0.4167652
3,brand_in_subdomain,0.0,0.18787193,0.18787193,0.18787193
3,brand_in_path,0.0,0.013907937,0.013907937,0.013907937
3,suspecious_tld,0.0,-0.40623674,-0.40623674,-0.40623674
3,statistical_report,0.0,0.68046904,0.68046904,0.34023452
3,whois_registered_domain,0.0,-0.3359438,-0.3359438,-0.3359438
3,domain_registration_length,170.0,3088.631,2918.631,0.09784214
3,domain_age,7529.0,8045.426,516.4258,0.040076494
3,web_traffic,0.0,-1.8589884e+06,-1.8589884e+06,-0.17264031
3,dns_record,0.0,0.10880065,0.10880065,0.10880065
3,google_index,0.0,0.1963877,0.1963877,0.1963877
3,page_rank,1.0,4.826001,3.8260012,0.38260013
4,length_url,81.0,-664.08813,-745.08813,-0.4573899
4,length_hostname,27.0,-31.003754,-58.003754,-0.27620834
4,ip,1.0,1.2311494,0.23114944,0.23114944
4,nb_dots,2.0,4.7336435,2.7336435,0.11885406
4,nb_hyphens,0.0,-12.089139,-12.089139,-0.28114277
4,nb_at,0.0,-1.1714202,-1.1714202,-0.29285505
4,nb_qm,0.0,0.023731962,0.023731962,0.007910654
4,nb_and,0.0,2.0975788,2.0975788,0.11039888
4,nb_or,0.0,0.0,0.0,0.0
4,nb_eq,0.0,-4.022433,-4.022433,-0.211707
4,nb_underscore,0.0,-1.3735147,-1.3735147,-0.07630637
4,nb_tilde,0.0,-0.47221678,-0.47221678,-0.47221678
4,nb_percent,0.0,45.6,45.6,0.475
4,nb_slash,5.0,19.725,14.725,0.475
4,nb_star,0.0,-0.29268625,-0.29268625,-0.29268625
4,nb_colon,1.0,-1.0825114,-2.0825114,-0.34708524
4,nb_comma,0.0,1.8915669,1.8915669,0.47289172
4,nb_semicolumn,0.0,-9.5,-9.5,-0.475
4,nb_dollar,0.0,0.5972548,0.5972548,0.09954247
4,nb_space,0.0,1.9881759,1.9881759,0.11045422
4,nb_www,1.0,0.06929815,-0.93070185,-0.46535093
4,nb_com,0.0,0.31198165,0.31198165,0.051996943
4,nb_dslash,0.0,0.4525299,0.4525299,0.4525299
4,http_in_path,0.0,-0.42472053,-0.42472053,-0.10618013
4,https_token,1.0,0.71051264,-0.28948736,-0.28948736
4,ratio_digits_url,0.25925925,0.59910303,0.33984378,0.4694749
4,ratio_digits_host,0.0,0.05843916,0.05843916,0.07304895
4,punycode,0.0,0.475,0.475,0.475
4,port,0.0,-0.34307605,-0.34307605,-0.34307605
4,tld_in_path,0.0,-0.3427021,-0.3427021,-0.3427021
4,tld_in_subdomain,0.0,-0.4658297,-0.4658297,-0.4658297
4,abnormal_subdomain,0.0,0.22935686,0.22935686,0.22935686
4,nb_subdomains,2.0,2.5824337,0.5824337,0.29121685
4,prefix_suffix,0.0,0.072795056,0.072795056,0.072795056
4,random_domain,0.0,-0.1052768,-0.1052768,-0.1052768
4,shortening_service,0.0,0.24658106,0.24658106,0.24658106
4,path_extension,0.0,0.31293482,0.31293482,0.31293482
4,nb_redirection,1.0,0.6169255,-0.38307452,-0.06384576
4,nb_external_redirection,0.0,0.044084482,0.044084482,0.044084482
4,length_words_raw,5.0,-6.304631,-11.304631,-0.107663155
4,char_repeat,8.0,28.911385,20.911385,0.14322866
4,shortest_words_raw,2.0,-7.874877,-9.874877,-0.32916257
4,shortest_word_host,3.0,-15.049999,-18.05,-0.475
4,shortest_word_path,2.0,-0.49213296,-2.492133,-0.062303327
4,longest_words_raw,32.0,84.95561,52.955612,0.06403339
4,longest_word_host,19.0,5.875509,-13.124491,-0.2151556
4,longest_word_path,32.0,407.23578,375.23578,0.45263666
4,avg_words_raw,13.2,-14.297853,-27.497852,-0.21780477
4,avg_word_host,11.0,-4.6960125,-15.6960125,-0.41305298
4,avg_word_path,14.666667,133.41667,118.75001,0.475
4,phish_hints,0.0,4.75,4.75,0.475
4,domain_in_brand,0.0,-0.4362185,-0.4362185,-0.4362185
4,brand_in_subdomain,0.0,-0.4551459,-0.4551459,-0.4551459
4,brand_in_path,0.0,0.46238348,0.46238348,0.46238348
4,suspecious_tld,0.0,-0.21151796,-0.21151796,-0.21151796
4,statistical_report,0.0,0.6518402,0.6518402,0.3259201
4,whois_registered_domain,0.0,0.06314917,0.06314917,0.06314917
4,domain_registration_length,76.0,957.8193,881.8193,0.02956149
4,domain_age,5767.0,8120.6333,2353.6333,0.18265042
4,web_traffic,0.0,4.6619135e+06,4.6619135e+06,0.432942
4,dns_record,0.0,0.16372572,0.16372572,0.16372572
4,google_index,1.0,0.9032099,-0.096790075,-0.096790075
4,page_rank,2.0,-2.3607883,-4.3607883,-0.43607885
5,length_url,56.0,522.96436,466.96436,0.28665707
5,length_hostname,22.0,40.70597,18.70597,0.08907605
5,ip,0.0,0.4660945,0.4660945,0.4660945
5,nb_dots,3.0,-0.6553743,-3.6553743,-0.15892932
5,nb_hyphens,0.0,9.487131,9.487131,0.22063096
5,nb_at,0.0,1.1964592,1.1964592,0.2991148
5,nb_qm,0.0,-0.1793448,-0.1793448,-0.0597816
5,nb_and,0.0,-1.5976963,-1.5976963,-0.08408928
5,nb_or,0.0,0.0,0.0,0.0
5,nb_eq,0.0,5.488328,5.488328,0.28885937
5,nb_underscore,1.0,2.272279,1.272279,0.07068217
5,nb_tilde,0.0,-0.46559745,-0.46559745,-0.46559745
5,nb_percent,0.0,37.618996,37.618996,0.39186454
5,nb_slash,4.0,4.793373,0.7933731,0.025592685
5,nb_star,0.0,-0.33306175,-0.33306175,-0.33306175
5,nb_colon,1.0,1.6374446,0.6374446,0.10624077
5,nb_comma,0.0,-1.5049876,-1.5049876,-0.3762469
5,nb_semicolumn,0.0,7.874631,7.874631,0.39373153
5,nb_dollar,0.0,-0.19376376,-0.19376376,-0.03229396
5,nb_space,0.0,4.0847135,4.0847135,0.22692853
5,nb_www,1.0,0.06929815,-0.93070185,-0.46535093
5,nb_com,0.0,2.156805,2.156805,0.3594675
5,nb_dslash,0.0,0.10370815,0.10370815,0.10370815
5,http_in_path,0.0,0.50362283,0.50362283,0.12590571
5,https_token,0.0,0.47221678,0.47221678,0.47221678
5,ratio_digits_url,0.0,0.25739294,0.25739294,0.35557377
5,ratio_digits_host,0.0,-0.11226509,-0.11226509,-0.14033136
5,punycode,0.0,0.34023595,0.34023595,0.34023595
5,port,0.0,-0.475,-0.475,-0.475
5,tld_in_path,0.0,-0.1927738,-0.1927738,-0.1927738
5,tld_in_subdomain,0.0,0.31695378,0.31695378,0.31695378
5,abnormal_subdomain,0.0,0.46253923,0.46253923,0.46253923
5,nb_subdomains,3.0,2.385016,-0.61498404,-0.30749202
5,prefix_suffix,0.0,0.20598166,0.20598166,0.20598166
5,random_domain,0.0,0.44013745,0.44013745,0.44013745
5,shortening_service,0.0,0.19674021,0.19674021,0.19674021
5,path_extension,0.0,0.035225414,0.035225414,0.035225414
5,nb_redirection,0.0,-0.24398085,-0.24398085,-0.040663477
5,nb_external_redirection,0.0,-0.204569,-0.204569,-0.204569
5,length_words_raw,6.0,-8.307233,-14.307233,-0.13625936
5,char_repeat,3.0,-34.835705,-37.835705,-0.25914866
5,shortest_words_raw,3.0,10.46042,7.4604197,0.24868065
5,shortest_word_host,3.0,13.711277,10.711277,0.2818757
5,shortest_word_path,3.0,-12.471385,-15.471385,-0.3867846
5,longest_words_raw,15.0,-33.63464,-48.63464,-0.058808513
5,longest_word_host,15.0,12.601964,-2.398036,-0.039312065
5,longest_word_path,7.0,-376.46072,-383.46072,-0.46255818
5,avg_words_raw,6.6666665,22.294914,15.628248,0.123788096
5,avg_word_host,9.0,3.7331738,-5.266826,-0.13860069
5,avg_word_path,5.5,-111.336555,-116.836555,-0.46734625
5,phish_hints,0.0,2.7788017,2.7788017,0.27788016
5,domain_in_brand,0.0,0.019645002,0.019645002,0.019645002
5,brand_in_subdomain,0.0,0.475,0.475,0.475
5,brand_in_path,0.0,0.4672157,0.4672157,0.4672157
5,suspecious_tld,0.0,-0.1455089,-0.1455089,-0.1455089
5,statistical_report,0.0,-0.06830021,-0.06830021,-0.034150105
5,whois_registered_domain,0.0,-0.16212831,-0.16212831,-0.16212831
5,domain_registration_length,0.0,2951.628,2951.628,0.09894831
5,domain_age,-1.0,3547.7625,3548.7625,0.27539676
5,web_traffic,1.627089e+06,6.5181025e+06,4.8910135e+06,0.45421806
5,dns_record,0.0,0.015915614,0.015915614,0.015915614
5,google_index,0.0,-0.43795437,-0.43795437,-0.43795437
5,page_rank,2.0,3.9422293,1.9422293,0.19422291
6,length_url,83.0,355.57272,272.57272,0.16732518
6,length_hostname,14.0,-4.0739546,-18.073956,-0.086066455
6,ip,0.0,-0.028645411,-0.028645411,-0.028645411
6,nb_dots,1.0,5.463091,4.463091,0.19404744
6,nb_hyphens,9.0,10.139114,1.1391144,0.026491031
6,nb_at,0.0,-0.14762816,-0.14762816,-0.03690704
6,nb_qm,0.0,0.35913572,0.35913572,0.119711906
6,nb_and,0.0,5.280105,5.280105,0.27790028
6,nb_or,0.0,0.0,0.0,0.0
6,nb_eq,0.0,-3.7995038,-3.7995038,-0.19997388
6,nb_underscore,0.0,6.2552514,6.2552514,0.34751397
6,nb_tilde,0.0,0.45862472,0.45862472,0.45862472
6,nb_percent,0.0,-42.122143,-42.122143,-0.43877232
6,nb_slash,4.0,8.348046,4.3480463,0.14025956
6,nb_star,0.0,0.3891607,0.3891607,0.3891607
6,nb_colon,1.0,1.0539057,0.053905725,0.008984287
6,nb_comma,0.0,-0.91722393,-0.91722393,-0.22930598
6,nb_semicolumn,0.0,7.7221255,7.7221255,0.38610628
6,nb_dollar,0.0,0.20726162,0.20726162,0.034543604
6,nb_space,0.0,-3.3552623,-3.3552623,-0.18640345
6,nb_www,0.0,-0.020171879,-0.020171879,-0.010085939
6,nb_com,0.0,2.2522888,2.2522888,0.37538147
6,nb_dslash,0.0,-0.13518517,-0.13518517,-0.13518517
6,http_in_path,0.0,0.99519044,0.99519044,0.24879761
6,https_token,0.0,0.43730378,0.43730378,0.43730378
6,ratio_digits_url,0.012048193,0.23251866,0.22047046,0.30456746
6,ratio_digits_host,0.0,0.29449385,0.29449385,0.3681173
6,punycode,0.0,-0.475,-0.475,-0.475
6,port,0.0,0.40031338,0.40031338,0.40031338
6,tld_in_path,0.0,0.403854,0.403854,0.403854
6,tld_in_subdomain,0.0,0.46238345,0.46238345,0.46238345
6,abnormal_subdomain,0.0,0.0014917424,0.0014917424,0.0014917424
6,nb_subdomains,1.0,0.94136244,-0.05863756,-0.02931878
6,prefix_suffix,0.0,-0.2953421,-0.2953421,-0.2953421
6,random_domain,0.0,0.4505651,0.4505651,0.4505651
6,shortening_service,0.0,-0.017928755,-0.017928755,-0.017928755
6,path_extension,0.0,0.40259284,0.40259284,0.40259284
6,nb_redirection,0.0,1.4552419,1.4552419,0.24254031
6,nb_external_redirection,0.0,0.3633898,0.3633898,0.3633898
6,length_words_raw,11.0,5.7227235,-5.2772765,-0.050259776
6,char_repeat,2.0,42.18827,40.18827,0.27526212
6,shortest_words_raw,3.0,-10.871504,-13.871504,-0.46238345
6,shortest_word_host,10.0,15.876701,5.8767014,0.15465002
6,shortest_word_path,3.0,13.623075,10.623075,0.26557684
6,longest_words_raw,10.0,16.953682,6.953682,0.008408321
6,longest_word_host,10.0,2.7418861,-7.258114,-0.118985474
6,longest_word_path,10.0,-375.77588,-385.77588,-0.4653509
6,avg_words_raw,5.4545455,21.425417,15.970871,0.12650195
6,avg_word_host,10.0,10.744491,0.7444906,0.019591853
6,avg_word_path,5.0,54.4233,49.4233,0.19769321
6,phish_hints,0.0,-0.12933227,-0.12933227,-0.012933227
6,domain_in_brand,0.0,-0.2879127,-0.2879127,-0.2879127
6,brand_in_subdomain,0.0,-0.14630458,-0.14630458,-0.14630458
6,brand_in_path,0.0,-0.080301896,-0.080301896,-0.080301896
6,suspecious_tld,0.0,-0.46237046,-0.46237046,-0.46237046
6,statistical_report,0.0,0.95,0.95,0.475
6,whois_registered_domain,0.0,0.18988957,0.18988957,0.18988957
6,domain_registration_length,320.0,2139.4211,1819.4211,0.060993
6,domain_age,1505.0,-102.207535,-1607.2075,-0.124725096
6,web_traffic,158942.0,-2.5106772e+06,-2.6696192e+06,-0.24792188
6,dns_record,0.0,0.3344314,0.3344314,0.3344314
6,google_index,0.0,-0.3479752,-0.3479752,-0.3479752
6,page_rank,4.0,3.7287905,-0.27120948,-0.027120948
7,length_url,31.0,546.68036,515.68036,0.31656253
7,length_hostname,10.0,-7.020651,-17.02065,-0.08105072
7,ip,0.0,-0.475,-0.475,-0.475
7,nb_dots,2.0,-4.095123,-6.095123,-0.26500535
7,nb_hyphens,0.0,15.65613,15.65613,0.36409605
7,nb_at,0.0,1.5514729,1.5514729,0.38786823
7,nb_qm,0.0,-0.85534334,-0.85534334,-0.28511444
7,nb_and,0.0,5.854639,5.854639,0.3081389
7,nb_or,0.0,0.0,0.0,0.0
7,nb_eq,0.0,-0.4122669,-0.4122669,-0.021698259
7,nb_underscore,0.0,-7.431452,-7.431452,-0.41285843
7,nb_tilde,0.0,-0.11607236,-0.11607236,-0.11607236
7,nb_percent,0.0,45.6,45.6,0.475
7,nb_slash,3.0,0.6164744,-2.3835256,-0.07688792
7,nb_star,0.0,0.3215351,0.3215351,0.3215351
7,nb_colon,1.0,0.155541,-0.844459,-0.14074317
7,nb_comma,0.0,1.7196095,1.7196095,0.42990237
7,nb_semicolumn,0.0,9.307018,9.307018,0.46535093
7,nb_dollar,0.0,-1.4860088,-1.4860088,-0.24766813
7,nb_space,0.0,6.6017942,6.6017942,0.36676633
7,nb_www,0.0,0.95,0.95,0.475
7,nb_com,0.0,1.4192789,1.4192789,0.23654647
7,nb_dslash,0.0,-0.428056,-0.428056,-0.428056
7,http_in_path,0.0,-0.7623211,-0.7623211,-0.19058028
7,https_token,1.0,1.240524,0.24052405,0.24052405
7,ratio_digits_url,0.06451613,0.087736,0.023219876,0.03207694
7,ratio_digits_host,0.0,0.06345326,0.06345326,0.07931657
7,punycode,0.0,0.47221678,0.47221678,0.47221678
7,port,0.0,-0.16530733,-0.16530733,-0.16530733
7,tld_in_path,0.0,-0.27896482,-0.27896482,-0.27896482
7,tld_in_subdomain,0.0,0.475,0.475,0.475
7,abnormal_subdomain,0.0,0.24355844,0.24355844,0.24355844
7,nb_subdomains,2.0,1.9063976,-0.09360242,-0.04680121
7,prefix_suffix,0.0,-0.32683414,-0.32683414,-0.32683414
7,random_domain,1.0,0.904276,-0.09572399,-0.09572399
7,shortening_service,0.0,0.38648993,0.38648993,0.38648993
7,path_extension,0.0,-0.1925808,-0.1925808,-0.1925808
7,nb_redirection,1.0,1.8119963,0.81199634,0.13533272
7,nb_external_redirection,0.0,0.08231372,0.08231372,0.08231372
7,length_words_raw,3.0,35.39872,32.39872,0.30855924
7,char_repeat,1.0,-11.709419,-12.709419,-0.08705081
7,shortest_words_raw,4.0,-5.2757087,-9.275709,-0.3091903
7,shortest_word_host,4.0,0.5087073,-3.4912927,-0.09187612
7,shortest_word_path,4.0,23.0,19.0,0.475
7,longest_words_raw,8.0,123.43369,115.43369,0.13958125
7,longest_word_host,4.0,-8.002841,-12.002841,-0.19676788
7,longest_word_path,8.0,23.657167,15.657167,0.018886812
7,avg_words_raw,5.3333335,-36.279873,-41.613205,-0.32960957
7,avg_word_host,4.0,-6.3281407,-10.32814,-0.2717932
7,avg_word_path,6.0,111.5433,105.5433,0.4221732
7,phish_hints,0.0,1.7373891,1.7373891,0.17373891
7,domain_in_brand,0.0,0.32713556,0.32713556,0.32713556
7,brand_in_subdomain,0.0,-0.45466936,-0.45466936,-0.45466936
7,brand_in_path,0.0,0.14421536,0.14421536,0.14421536
7,suspecious_tld,0.0,-0.37205654,-0.37205654,-0.37205654
7,statistical_report,0.0,-0.7623764,-0.7623764,-0.3811882
7,whois_registered_domain,0.0,-0.123716,-0.123716,-0.123716
7,domain_registration_length,66.0,-4917.77,-4983.77,-0.16707242
7,domain_age,1761.0,7014.6675,5253.6675,0.40770352
7,web_traffic,1.173197e+06,-3.6784808e+06,-4.851678e+06,-0.450565
7,dns_record,0.0,0.4661007,0.4661007,0.4661007
7,google_index,1.0,0.858771,-0.14122897,-0.14122897
7,page_rank,4.0,7.7531614,3.7531614,0.3753161
8,length_url,25.0,-66.28042,-91.28042,-0.056034632
8,length_hostname,16.0,-79.55699,-95.55699,-0.4550333
8,ip,0.0,0.32832706,0.32832706,0.32832706
8,nb_dots,2.0,1.7454026,-0.25459743,-0.011069454
8,nb_hyphens,0.0,-0.73449427,-0.73449427,-0.017081263
8,nb_at,0.0,-1.6891153,-1.6891153,-0.42227882
8,nb_qm,0.0,-0.72726303,-0.72726303,-0.24242102
8,nb_and,0.0,4.394609,4.394609,0.23129521
8,nb_or,0.0,0.0,0.0,0.0
8,nb_eq,0.0,2.1144013,2.1144013,0.11128428
8,nb_underscore,0.0,3.7849221,3.7849221,0.21027344
8,nb_tilde,0.0,0.475,0.475,0.475
8,nb_percent,0.0,17.695366,17.695366,0.18432672
8,nb_slash,3.0,-3.301085,-6.301085,-0.20326081
8,nb_star,0.0,0.24765743,0.24765743,0.24765743
8,nb_colon,1.0,-0.7184677,-1.7184677,-0.2864113
8,nb_comma,0.0,1.6269367,1.6269367,0.40673417
8,nb_semicolumn,0.0,-0.2959722,-0.2959722,-0.01479861
8,nb_dollar,0.0,-1.6952394,-1.6952394,-0.2825399
8,nb_space,0.0,1.9875162,1.9875162,0.11041757
8,nb_www,1.0,1.3545895,0.35458946,0.17729473
8,nb_com,0.0,-2.5062463,-2.5062463,-0.4177077
8,nb_dslash,0.0,-0.04434126,-0.04434126,-0.04434126
8,http_in_path,0.0,-0.028105225,-0.028105225,-0.0070263064
8,https_token,0.0,0.24070871,0.24070871,0.24070871
8,ratio_digits_url,0.0,0.06786348,0.06786348,0.09374955
8,ratio_digits_host,0.0,-0.28393292,-0.28393292,-0.35491616
8,punycode,0.0,-0.46540892,-0.46540892,-0.46540892
8,port,0.0,-0.13201767,-0.13201767,-0.13201767
8,tld_in_path,0.0,0.053106822,0.053106822,0.053106822
8,tld_in_subdomain,0.0,-0.32934618,-0.32934618,-0.32934618
8,abnormal_subdomain,0.0,0.475,0.475,0.475
8,nb_subdomains,2.0,1.5634266,-0.4365734,-0.2182867
8,prefix_suffix,0.0,0.40395102,0.40395102,0.40395102
8,random_domain,0.0,0.32051742,0.32051742,0.32051742
8,shortening_service,0.0,-0.0025825864,-0.0025825864,-0.0025825864
8,path_extension,0.0,-0.32497042,-0.32497042,-0.32497042
8,nb_redirection,0.0,-0.54909307,-0.54909307,-0.09151551
8,nb_external_redirection,0.0,-0.24698801,-0.24698801,-0.24698801
8,length_words_raw,2.0,-7.7790346,-9.779035,-0.093133666
8,char_repeat,4.0,19.92443,15.924431,0.10907145
8,shortest_words_raw,3.0,11.007421,8.007421,0.266914
8,shortest_word_host,3.0,-10.058722,-13.058722,-0.34365058
8,shortest_word_path,0.0,17.179638,17.179638,0.42949095
8,longest_words_raw,8.0,-160.7713,-168.7713,-0.20407654
8,longest_word_host,8.0,21.55204,13.55204,0.22216459
8,longest_word_path,0.0,-75.084145,-75.084145,-0.09057195
8,avg_words_raw,5.5,58.778538,53.278538,0.42200822
8,avg_word_host,5.5,19.51949,14.019489,0.36893395
8,avg_word_path,0.0,-88.60025,-88.60025,-0.354401
8,phish_hints,0.0,0.4612425,0.4612425,0.04612425
8,domain_in_brand,0.0,0.09481928,0.09481928,0.09481928
8,brand_in_subdomain,0.0,-0.12678757,-0.12678757,-0.12678757
8,brand_in_path,0.0,0.06932993,0.06932993,0.06932993
8,suspecious_tld,0.0,-0.24716483,-0.24716483,-0.24716483
8,statistical_report,0.0,0.80438673,0.80438673,0.40219337
8,whois_registered_domain,0.0,0.39522687,0.39522687,0.39522687
8,domain_registration_length,880.0,-13023.6,-13903.6,-0.4660945
8,domain_age,2041.0,-2519.5862,-4560.586,-0.3539179
8,web_traffic,4.297684e+06,8.719842e+06,4.422158e+06,0.41067645
8,dns_record,0.0,-0.03775863,-0.03775863,-0.03775863
8,google_index,0.0,-0.4557488,-0.4557488,-0.4557488
8,page_rank,2.0,0.2435762,-1.7564238,-0.17564239
9,length_url,51.0,-637.10333,-688.10333,-0.42240843
9,length_hostname,23.0,82.66428,59.664284,0.28411564
9,ip,0.0,0.26256883,0.26256883,0.26256883
9,nb_dots,3.0,-7.05591,-10.05591,-0.43721348
9,nb_hyphens,0.0,-10.737601,-10.737601,-0.24971166
9,nb_at,0.0,-0.3775064,-0.3775064,-0.0943766
9,nb_qm,1.0,-0.23792267,-1.2379227,-0.4126409
9,nb_and,0.0,-1.1153796,-1.1153796,-0.058704186
9,nb_or,0.0,0.0,0.0,0.0
9,nb_eq,1.0,-8.025,-9.025,-0.475
9,nb_underscore,0.0,1.401064,1.401064,0.07783689
9,nb_tilde,0.0,-0.475,-0.475,-0.475
9,nb_percent,0.0,45.6,45.6,0.475
9,nb_slash,4.0,1.4304233,-2.5695767,-0.08288957
9,nb_star,0.0,-0.03221111,-0.03221111,-0.03221111
9,nb_colon,1.0,3.1302679,2.1302679,0.35504463
9,nb_comma,0.0,1.9,1.9,0.475
9,nb_semicolumn,0.0,1.5385368,1.5385368,0.07692684
9,nb_dollar,0.0,1.5705156,1.5705156,0.2617526
9,nb_space,0.0,-8.32456,-8.32456,-0.46247557
9,nb_www,0.0,-0.48538208,-0.48538208,-0.24269104
9,nb_com,0.0,-2.5308373,-2.5308373,-0.42180622
9,nb_dslash,0.0,-0.13046579,-0.13046579,-0.13046579
9,http_in_path,0.0,0.25041288,0.25041288,0.06260322
9,https_token,1.0,0.76460993,-0.23539007,-0.23539007
9,ratio_digits_url,0.019607844,-0.10953115,-0.12913899,-0.17839819
9,ratio_digits_host,0.0,0.09507986,0.09507986,0.11884983
9,punycode,0.0,0.475,0.475,0.475
9,port,0.0,-0.26112834,-0.26112834,-0.26112834
9,tld_in_path,0.0,0.059584342,0.059584342,0.059584342
9,tld_in_subdomain,0.0,-0.3836602,-0.3836602,-0.3836602
9,abnormal_subdomain,0.0,0.36779773,0.36779773,0.36779773
9,nb_subdomains,3.0,3.7462277,0.74622774,0.37311387
9,prefix_suffix,0.0,0.15476467,0.15476467,0.15476467
9,random_domain,0.0,0.4192619,0.4192619,0.4192619
9,shortening_service,0.0,0.36187288,0.36187288,0.36187288
9,path_extension,0.0,0.013061067,0.013061067,0.013061067
9,nb_redirection,1.0,2.069892,1.0698919,0.17831533
9,nb_external_redirection,0.0,0.475,0.475,0.475
9,length_words_raw,5.0,-14.192064,-19.192064,-0.18278156
9,char_repeat,1.0,29.253738,28.253738,0.19351876
9,shortest_words_raw,4.0,5.521478,1.5214782,0.05071593
9,shortest_word_host,4.0,-6.183033,-10.183033,-0.26797456
9,shortest_word_path,5.0,-1.2338266,-6.2338266,-0.15584567
9,longest_words_raw,12.0,54.66906,42.66906,0.051594995
9,longest_word_host,12.0,7.9222813,-4.0777187,-0.06684784
9,longest_word_path,7.0,214.48265,207.48265,0.25028062
9,avg_words_raw,6.6,-38.17563,-44.775627,-0.35465842
9,avg_word_host,8.0,-6.8953185,-14.895319,-0.39198208
9,avg_word_path,5.6666665,90.22516,84.558495,0.33823398
9,phish_hints,0.0,2.4850144,2.4850144,0.24850145
9,domain_in_brand,0.0,-0.33919746,-0.33919746,-0.33919746
9,brand_in_subdomain,0.0,0.12252256,0.12252256,0.12252256
9,brand_in_path,0.0,0.0042599672,0.0042599672,0.0042599672
9,suspecious_tld,0.0,-0.3912845,-0.3912845,-0.3912845
9,statistical_report,0.0,0.0793005,0.0793005,0.03965025
9,whois_registered_domain,0.0,-0.24134798,-0.24134798,-0.24134798
9,domain_registration_length,490.0,-13391.417,-13881.417,-0.4653509
9,domain_age,3892.0,-1667.2781,-5559.2783,-0.43141997
9,web_traffic,0.0,4.46159e+06,4.46159e+06,0.41433838
9,dns_record,0.0,-0.07658257,-0.07658257,-0.07658257
9,google_index,0.0,-0.475,-0.475,-0.475
9,page_rank,4.0,5.671404,1.6714039,0.1671404
10,length_url,31.0,694.7842,663.7842,0.40747955
10,length_hostname,22.0,111.99446,89.99446,0.42854506
10,ip,0.0,-0.24921075,-0.24921075,-0.24921075
10,nb_dots,2.0,-4.405896,-6.405896,-0.27851722
10,nb_hyphens,0.0,7.558524,7.558524,0.17577963
10,nb_at,0.0,-0.9399106,-0.9399106,-0.23497765
10,nb_qm,0.0,-0.9084647,-0.9084647,-0.30282158
10,nb_and,0.0,6.715282,6.715282,0.3534359
10,nb_or,0.0,0.0,0.0,0.0
10,nb_eq,0.0,4.261945,4.261945,0.22431289
10,nb_underscore,0.0,-8.217107,-8.217107,-0.45650592
10,nb_tilde,0.0,0.39406538,0.39406538,0.39406538
10,nb_percent,0.0,45.6,45.6,0.475
10,nb_slash,3.0,10.194594,7.1945944,0.23208368
10,nb_star,0.0,0.04992014,0.04992014,0.04992014
10,nb_colon,1.0,-0.6257856,-1.6257856,-0.27096426
10,nb_comma,0.0,1.2380159,1.2380159,0.30950397
10,nb_semicolumn,0.0,8.301009,8.301009,0.41505045
10,nb_dollar,0.0,0.24132067,0.24132067,0.04022011
10,nb_space,0.0,4.098777,4.098777,0.22770983
10,nb_www,1.0,0.8282608,-0.17173922,-0.08586961
10,nb_com,0.0,1.5514137,1.5514137,0.25856894
10,nb_dslash,0.0,0.475,0.475,0.475
10,http_in_path,0.0,-1.1366639,-1.1366639,-0.28416598
10,https_token,0.0,0.03336648,0.03336648,0.03336648
10,ratio_digits_url,0.0,-0.21813874,-0.21813874,-0.3013463
10,ratio_digits_host,0.0,-0.24825959,-0.24825959,-0.3103245
10,punycode,0.0,-0.475,-0.475,-0.475
10,port,0.0,-0.057269376,-0.057269376,-0.057269376
10,tld_in_path,0.0,0.294375,0.294375,0.294375
10,tld_in_subdomain,0.0,0.25793362,0.25793362,0.25793362
10,abnormal_subdomain,0.0,-0.34888506,-0.34888506,-0.34888506
10,nb_subdomains,2.0,1.0985671,-0.9014329,-0.45071644
10,prefix_suffix,0.0,0.18475541,0.18475541,0.18475541
10,random_domain,0.0,0.33620694,0.33620694,0.33620694
10,shortening_service,1.0,1.0442531,0.04425311,0.04425311
10,path_extension,0.0,0.4649603,0.4649603,0.4649603
10,nb_redirection,0.0,-0.35420573,-0.35420573,-0.059034288
10,nb_external_redirection,0.0,0.33635896,0.33635896,0.33635896
10,length_words_raw,2.0,20.29588,18.29588,0.17424648
10,char_repeat,3.0,-43.421463,-46.421463,-0.31795523
10,shortest_words_raw,3.0,15.845099,12.845099,0.42817
10,shortest_word_host,3.0,1.870724,-1.129276,-0.02971779
10,shortest_word_path,0.0,-1.5421687,-1.5421687,-0.038554218
10,longest_words_raw,14.0,-350.66318,-364.66318,-0.440947
10,longest_word_host,14.0,17.64132,3.6413193,0.05969377
10,longest_word_path,0.0,15.193006,15.193006,0.018326906
10,avg_words_raw,8.5,11.837723,3.3377228,0.026437413
10,avg_word_host,8.5,-3.4615655,-11.961565,-0.31477803
10,avg_word_path,0.0,-78.353775,-78.353775,-0.3134151
10,phish_hints,0.0,3.865441,3.865441,0.3865441
10,domain_in_brand,0.0,-0.010542514,-0.010542514,-0.010542514
10,brand_in_subdomain,0.0,0.377265,0.377265,0.377265
10,brand_in_path,0.0,0.44000515,0.44000515,0.44000515
10,suspecious_tld,0.0,-0.3222872,-0.3222872,-0.3222872
10,statistical_report,0.0,-0.10729993,-0.10729993,-0.053649966
10,whois_registered_domain,0.0,-0.24433883,-0.24433883,-0.24433883
10,domain_registration_length,3069.0,1074.4568,-1994.5432,-0.06686366
10,domain_age,8301.0,6786.8813,-1514.1187,-0.11750102
10,web_traffic,99386.0,-1.130148e+06,-1.229534e+06,-0.11418421
10,dns_record,0.0,-0.27402657,-0.27402657,-0.27402657
10,google_index,0.0,-0.42858952,-0.42858952,-0.42858952
10,page_rank,4.0,8.160382,4.1603823,0.41603824
11,length_url,50.0,-635.57837,-685.57837,-0.42085844
11,length_hostname,21.0,51.457302,30.457302,0.14503476
11,ip,0.0,-0.04929344,-0.04929344,-0.04929344
11,nb_dots,2.0,5.4773207,3.4773207,0.15118785
11,nb_hyphens,0.0,12.524226,12.524226,0.29126108
11,nb_at,0.0,0.30555895,0.30555895,0.07638974
11,nb_qm,0.0,-0.47914043,-0.47914043,-0.15971348
11,nb_and,0.0,-1.5733124,-1.5733124,-0.08280592
11,nb_or,0.0,0.0,0.0,0.0
11,nb_eq,0.0,-0.7018412,-0.7018412,-0.03693901
11,nb_underscore,0.0,-4.7758455,-4.7758455,-0.26532474
11,nb_tilde,0.0,-0.32394442,-0.32394442,-0.32394442
11,nb_percent,0.0,-45.6,-45.6,-0.475
11,nb_slash,5.0,-6.7246666,-11.724667,-0.37821504
11,nb_star,0.0,0.39212152,0.39212152,0.39212152
11,nb_colon,1.0,2.0038846,1.0038846,0.1673141
11,nb_comma,0.0,1.0213082,1.0213082,0.25532705
11,nb_semicolumn,0.0,-8.804263,-8.804263,-0.44021314
11,nb_dollar,0.0,0.73510104,0.73510104,0.12251684
11,nb_space,0.0,-8.55,-8.55,-0.47500002
11,nb_www,0.0,0.9176198,0.9176198,0.4588099
11,nb_com,0.0,-2.6397786,-2.6397786,-0.4399631
11,nb_dslash,0.0,0.045121834,0.045121834,0.045121834
11,http_in_path,0.0,-0.45571738,-0.45571738,-0.113929346
11,https_token,1.0,0.82247156,-0.17752844,-0.17752844
11,ratio_digits_url,0.06,0.030004045,-0.029995954,-0.04143771
11,ratio_digits_host,0.0,0.3507872,0.3507872,0.43848398
11,punycode,0.0,0.475,0.475,0.475
11,port,0.0,-0.06023402,-0.06023402,-0.06023402
11,tld_in_path,0.0,-0.43715137,-0.43715137,-0.43715137
11,tld_in_subdomain,0.0,0.042795975,0.042795975,0.042795975
11,abnormal_subdomain,0.0,0.25442848,0.25442848,0.25442848
11,nb_subdomains,2.0,2.1724014,0.17240143,0.086200714
11,prefix_suffix,0.0,0.13062604,0.13062604,0.13062604
11,random_domain,0.0,-0.22521764,-0.22521764,-0.22521764
11,shortening_service,0.0,0.43575191,0.43575191,0.43575191
11,path_extension,0.0,-0.3217836,-0.3217836,-0.3217836
11,nb_redirection,1.0,0.06970489,-0.9302951,-0.15504919
11,nb_external_redirection,0.0,0.32623953,0.32623953,0.32623953
11,length_words_raw,5.0,-15.306105,-20.306105,-0.19339147
11,char_repeat,0.0,45.989563,45.989563,0.31499702
11,shortest_words_raw,4.0,11.657092,7.657092,0.25523642
11,shortest_word_host,4.0,-14.05,-18.05,-0.475
11,shortest_word_path,5.0,-6.8771687,-11.877169,-0.2969292
11,longest_words_raw,12.0,5.263278,-6.736722,-0.008145976
11,longest_word_host,12.0,4.630911,-7.369089,-0.120804735
11,longest_word_path,8.0,399.00803,391.00803,0.47166228
11,avg_words_raw,7.0,-38.51806,-45.51806,-0.36053908
11,avg_word_host,8.0,-3.896284,-11.896284,-0.3130601
11,avg_word_path,6.3333335,125.08333,118.74999,0.47499996
11,phish_hints,0.0,4.675228,4.675228,0.4675228
11,domain_in_brand,0.0,-0.20903158,-0.20903158,-0.20903158
11,brand_in_subdomain,0.0,-0.20089085,-0.20089085,-0.20089085
11,brand_in_path,0.0,0.46734616,0.46734616,0.46734616
11,suspecious_tld,0.0,0.475,0.475,0.475
11,statistical_report,0.0,0.7967894,0.7967894,0.3983947
11,whois_registered_domain,0.0,0.09906832,0.09906832,0.09906832
11,domain_registration_length,1337.0,-12832.25,-14169.25,-0.475
11,domain_age,2316.0,7249.4995,4933.4995,0.38285732
11,web_traffic,0.0,-2.450314e+06,-2.450314e+06,-0.22755545
11,dns_record,0.0,-0.29252076,-0.29252076,-0.29252076
11,google_index,1.0,1.2884026,0.28840256,0.28840256
11,page_rank,0.0,-1.3636185,-1.3636185,-0.13636185
12,length_url,34.0,-727.45087,-761.45087,-0.46743456
12,length_hostname,23.0,-15.308855,-38.308853,-0.18242311
12,ip,0.0,0.12437608,0.12437608,0.12437608
12,nb_dots,2.0,0.20016319,-1.7998369,-0.078253776
12,nb_hyphens,0.0,5.853414,5.853414,0.1361259
12,nb_at,0.0,-0.96186197,-0.96186197,-0.24046549
12,nb_qm,0.0,-1.425,-1.425,-0.475
12,nb_and,0.0,1.0698427,1.0698427,0.05630751
12,nb_or,0.0,0.0,0.0,0.0
12,nb_eq,0.0,8.967054,8.967054,0.47195023
12,nb_underscore,0.0,7.166383,7.166383,0.39813238
12,nb_tilde,0.0,0.3494557,0.3494557,0.3494557
12,nb_percent,0.0,44.821922,44.821922,0.466895
12,nb_slash,4.0,15.151464,11.151464,0.35972467
12,nb_star,0.0,-0.02003789,-0.02003789,-0.02003789
12,nb_colon,1.0,-0.09586525,-1.0958652,-0.1826442
12,nb_comma,0.0,-0.13744631,-0.13744631,-0.03436158
12,nb_semicolumn,0.0,9.5,9.5,0.475
12,nb_dollar,0.0,-1.2999592,-1.2999592,-0.21665986
12,nb_space,0.0,-3.275653,-3.275653,-0.18198071
12,nb_www,1.0,0.34539282,-0.6546072,-0.3273036
12,nb_com,0.0,-2.090223,-2.090223,-0.34837052
12,nb_dslash,0.0,0.25068337,0.25068337,0.25068337
12,http_in_path,0.0,-0.52965623,-0.52965623,-0.13241406
12,https_token,1.0,0.8063974,-0.19360262,-0.19360262
12,ratio_digits_url,0.0,-0.08387203,-0.08387203,-0.11586445
12,ratio_digits_host,0.0,0.06070149,0.06070149,0.07587686
12,punycode,0.0,0.475,0.475,0.475
12,port,0.0,-0.29921645,-0.29921645,-0.29921645
12,tld_in_path,0.0,-0.465351,-0.465351,-0.465351
12,tld_in_subdomain,0.0,-0.0004551526,-0.0004551526,-0.0004551526
12,abnormal_subdomain,0.0,0.4010746,0.4010746,0.4010746
12,nb_subdomains,2.0,1.3193836,-0.6806164,-0.3403082
12,prefix_suffix,0.0,0.09919402,0.09919402,0.09919402
12,random_domain,0.0,-0.21834806,-0.21834806,-0.21834806
12,shortening_service,0.0,0.32742518,0.32742518,0.32742518
12,path_extension,0.0,-0.36596477,-0.36596477,-0.36596477
12,nb_redirection,0.0,-2.5268354,-2.5268354,-0.42113924
12,nb_external_redirection,0.0,0.06497194,0.06497194,0.06497194
12,length_words_raw,3.0,-36.38645,-39.38645,-0.37510908
12,char_repeat,3.0,3.3733008,0.3733008,0.0025568549
12,shortest_words_raw,2.0,-10.073925,-12.073925,-0.40246415
12,shortest_word_host,3.0,-4.5127544,-7.5127544,-0.19770408
12,shortest_word_path,2.0,-10.75144,-12.75144,-0.31878603
12,longest_words_raw,15.0,-89.56771,-104.56771,-0.12644221
12,longest_word_host,15.0,3.0754154,-11.924584,-0.195485
12,longest_word_path,2.0,395.775,393.775,0.475
12,avg_words_raw,6.6666665,-32.535362,-39.20203,-0.3105111
12,avg_word_host,9.0,-1.1455152,-10.145515,-0.26698723
12,avg_word_path,2.0,120.74999,118.74999,0.475
12,phish_hints,0.0,1.559674,1.559674,0.1559674
12,domain_in_brand,0.0,-0.33641493,-0.33641493,-0.33641493
12,brand_in_subdomain,0.0,-0.06862611,-0.06862611,-0.06862611
12,brand_in_path,0.0,-0.21909739,-0.21909739,-0.21909739
12,suspecious_tld,0.0,0.4654451,0.4654451,0.4654451
12,statistical_report,0.0,-0.3535859,-0.3535859,-0.17679295
12,whois_registered_domain,0.0,-0.44011733,-0.44011733,-0.44011733
12,domain_registration_length,352.0,14355.204,14003.204,0.4694336
12,domain_age,2935.0,4986.539,2051.539,0.15920684
12,web_traffic,0.0,1.451624e+06,1.451624e+06,0.13480924
12,dns_record,1.0,1.0315833,0.03158331,0.03158331
12,google_index,1.0,1.2269901,0.2269901,0.2269901
12,page_rank,0.0,-0.39500716,-0.39500716,-0.039500717
13,length_url,27.0,459.45258,432.45258,0.2654712
13,length_hostname,19.0,46.4338,27.4338,0.13063714
13,ip,0.0,0.26753804,0.26753804,0.26753804
13,nb_dots,2.0,12.925,10.925,0.47500002
13,nb_hyphens,0.0,-17.562351,-17.562351,-0.40842676
13,nb_at,0.0,1.1440043,1.1440043,0.2860011
13,nb_qm,0.0,-0.10185418,-0.10185418,-0.033951394
13,nb_and,0.0,6.4596577,6.4596577,0.33998197
13,nb_or,0.0,0.0,0.0,0.0
13,nb_eq,0.0,4.7357755,4.7357755,0.24925134
13,nb_underscore,0.0,3.0293143,3.0293143,0.16829523
13,nb_tilde,0.0,-0.032846034,-0.032846034,-0.032846034
13,nb_percent,0.0,45.30359,45.30359,0.47191238
13,nb_slash,3.0,0.17652571,-2.8234744,-0.091079816
13,nb_star,0.0,-0.055483073,-0.055483073,-0.055483073
13,nb_colon,1.0,-1.2457252,-2.2457252,-0.37428752
13,nb_comma,0.0,0.15587373,0.15587373,0.038968433
13,nb_semicolumn,0.0,6.924926,6.924926,0.3462463
13,nb_dollar,0.0,0.07118642,0.07118642,0.011864404
13,nb_space,0.0,1.3451104,1.3451104,0.074728355
13,nb_www,1.0,1.903022,0.90302205,0.45151103
13,nb_com,0.0,0.18767099,0.18767099,0.0312785
13,nb_dslash,0.0,0.46420687,0.46420687,0.46420687
13,http_in_path,0.0,0.2814954,0.2814954,0.07037385
13,https_token,1.0,1.4399126,0.43991256,0.43991256
13,ratio_digits_url,0.14814815,0.04333198,-0.10481617,-0.1447976
13,ratio_digits_host,0.21052632,0.2688404,0.058314085,0.072892606
13,punycode,0.0,0.475,0.475,0.475
13,port,0.0,0.46752283,0.46752283,0.46752283
13,tld_in_path,0.0,0.475,0.475,0.475
13,tld_in_subdomain,0.0,0.46752283,0.46752283,0.46752283
13,abnormal_subdomain,0.0,0.21881202,0.21881202,0.21881202
13,nb_subdomains,2.0,1.9835087,-0.016491294,-0.008245647
13,prefix_suffix,0.0,-0.078774236,-0.078774236,-0.078774236
13,random_domain,1.0,1.2067337,0.2067337,0.2067337
13,shortening_service,0.0,0.13902089,0.13902089,0.13902089
13,path_extension,0.0,0.33015114,0.33015114,0.33015114
13,nb_redirection,1.0,0.2939446,-0.7060554,-0.1176759
13,nb_external_redirection,0.0,-0.06968273,-0.06968273,-0.06968273
13,length_words_raw,2.0,49.50556,47.50556,0.4524339
13,char_repeat,3.0,13.347843,10.347843,0.070875645
13,shortest_words_raw,3.0,4.927632,1.9276319,0.064254396
13,shortest_word_host,3.0,4.734564,1.7345638,0.045646414
13,shortest_word_path,0.0,1.3408304,1.3408304,0.033520762
13,longest_words_raw,11.0,-43.3706,-54.3706,-0.06574438
13,longest_word_host,11.0,-1.4439929,-12.443993,-0.20399988
13,longest_word_path,0.0,-109.89244,-109.89244,-0.13256024
13,avg_words_raw,7.0,2.4413059,-4.558694,-0.036108468
13,avg_word_host,7.0,14.433879,7.433879,0.1956284
13,avg_word_path,0.0,107.472374,107.472374,0.4298895
13,phish_hints,0.0,3.6690168,3.6690168,0.3669017
13,domain_in_brand,0.0,0.005094703,0.005094703,0.005094703
13,brand_in_subdomain,0.0,0.14969535,0.14969535,0.14969535
13,brand_in_path,0.0,0.43641564,0.43641564,0.43641564
13,suspecious_tld,0.0,0.43147534,0.43147534,0.43147534
13,statistical_report,0.0,0.2569677,0.2569677,0.12848385
13,whois_registered_domain,0.0,0.22165836,0.22165836,0.22165836
13,domain_registration_length,451.0,12133.313,11682.313,0.39162967
13,domain_age,3932.0,9193.478,5261.4775,0.40830958
13,web_traffic,927214.0,3.234994e+06,2.30778e+06,0.21431863
13,dns_record,0.0,-0.16577719,-0.16577719,-0.16577719
13,google_index,0.0,0.0773102,0.0773102,0.0773102
13,page_rank,2.0,-2.570505,-4.570505,-0.4570505
14,length_url,63.0,836.77496,773.77496,0.475
14,length_hostname,14.0,-14.299824,-28.299824,-0.13476107
14,ip,0.0,-0.22702798,-0.22702798,-0.22702798
14,nb_dots,3.0,13.925,10.925,0.475
14,nb_hyphens,2.0,10.374576,8.374576,0.19475758
14,nb_at,0.0,-0.052944046,-0.052944046,-0.013236011
14,nb_qm,0.0,1.1558135,1.1558135,0.38527116
14,nb_and,0.0,-3.0414577,-3.0414577,-0.16007672
14,nb_or,0.0,0.0,0.0,0.0
14,nb_eq,0.0,4.2898273,4.2898273,0.22578038
14,nb_underscore,0.0,-5.109036,-5.109036,-0.28383532
14,nb_tilde,0.0,0.07715127,0.07715127,0.07715127
14,nb_percent,0.0,45.6,45.6,0.475
14,nb_slash,7.0,14.659391,7.6593914,0.24707714
14,nb_star,0.0,-0.22155009,-0.22155009,-0.22155009
14,nb_colon,1.0,-1.1214104,-2.1214104,-0.3535684
14,nb_comma,0.0,-0.9053632,-0.9053632,-0.2263408
14,nb_semicolumn,0.0,-6.190713,-6.190713,-0.30953565
14,nb_dollar,0.0,1.0519283,1.0519283,0.17532139
14,nb_space,0.0,-5.829204,-5.829204,-0.32384467
14,nb_www,1.0,0.06814572,-0.93185425,-0.46592712
14,nb_com,0.0,0.08824564,0.08824564,0.014707606
14,nb_dslash,0.0,0.475,0.475,0.475
14,http_in_path,0.0,0.20198448,0.20198448,0.05049612
14,https_token,1.0,1.454222,0.45422196,0.45422196
14,ratio_digits_url,0.0,-0.15525895,-0.15525895,-0.21448144
14,ratio_digits_host,0.0,-0.21779545,-0.21779545,-0.2722443
14,punycode,0.0,0.475,0.475,0.475
14,port,0.0,-0.27154973,-0.27154973,-0.27154973
14,tld_in_path,0.0,-0.3434808,-0.3434808,-0.3434808
14,tld_in_subdomain,0.0,-0.3245353,-0.3245353,-0.3245353
14,abnormal_subdomain,0.0,-0.19227457,-0.19227457,-0.19227457
14,nb_subdomains,3.0,2.9642148,-0.0357852,-0.0178926
14,prefix_suffix,1.0,0.84300375,-0.15699625,-0.15699625
14,random_domain,0.0,-0.4052258,-0.4052258,-0.4052258
14,shortening_service,0.0,0.4334063,0.4334063,0.4334063
14,path_extension,0.0,0.39276928,0.39276928,0.39276928
14,nb_redirection,1.0,0.34274578,-0.6572542,-0.10954237
14,nb_external_redirection,0.0,0.036605902,0.036605902,0.036605902
14,length_words_raw,8.0,7.8924108,-0.107589245,-0.0010246634
14,char_repeat,3.0,-1.9639281,-4.963928,-0.033999506
14,shortest_words_raw,2.0,5.595014,3.595014,0.11983381
14,shortest_word_host,3.0,12.825833,9.825833,0.25857455
14,shortest_word_path,2.0,-9.053209,-11.053209,-0.27633023
14,longest_words_raw,8.0,-268.15744,-276.15744,-0.33392677
14,longest_word_host,4.0,-11.700934,-15.700934,-0.25739235
14,longest_word_path,8.0,353.49933,345.49933,0.41676638
14,avg_words_raw,5.25,-5.32216,-10.57216,-0.08373988
14,avg_word_host,3.5,-3.201703,-6.701703,-0.1763606
14,avg_word_path,5.8333335,-77.278046,-83.11138,-0.33244553
14,phish_hints,0.0,-2.7319655,-2.7319655,-0.27319655
14,domain_in_brand,0.0,0.2519939,0.2519939,0.2519939
14,brand_in_subdomain,0.0,-0.21360517,-0.21360517,-0.21360517
14,brand_in_path,0.0,0.47221678,0.47221678,0.47221678
14,suspecious_tld,0.0,-0.4174325,-0.4174325,-0.4174325
14,statistical_report,0.0,0.8182985,0.8182985,0.40914926
14,whois_registered_domain,0.0,0.2937352,0.2937352,0.2937352
14,domain_registration_length,70.0,-10685.982,-10755.982,-0.36057603
14,domain_age,8759.0,9322.672,563.6719,0.043742955
14,web_traffic,26017.0,-2.619803e+06,-2.64582e+06,-0.2457117
14,dns_record,0.0,0.1098043,0.1098043,0.1098043
14,google_index,0.0,0.20891374,0.20891374,0.20891374
14,page_rank,5.0,1.5161623,-3.4838376,-0.34838378
15,length_url,66.0,678.8828,612.8828,0.37623253
15,length_hostname,16.0,59.63795,43.63795,0.20779976
15,ip,0.0,-0.20801577,-0.20801577,-0.20801577
15,nb_dots,2.0,-6.026849,-8.026849,-0.34899342
15,nb_hyphens,4.0,14.379867,10.379867,0.24139224
15,nb_at,0.0,1.8778996,1.8778996,0.4694749
15,nb_qm,0.0,-1.4025685,-1.4025685,-0.46752283
15,nb_and,0.0,-3.315178,-3.315178,-0.17448305
15,nb_or,0.0,0.0,0.0,0.0
15,nb_eq,0.0,6.755201,6.755201,0.35553688
15,nb_underscore,0.0,-5.269971,-5.269971,-0.29277617
15,nb_tilde,0.0,-0.39340258,-0.39340258,-0.39340258
15,nb_percent,0.0,45.6,45.6,0.475
15,nb_slash,4.0,0.33692575,-3.6630743,-0.11816368
15,nb_star,0.0,0.22129558,0.22129558,0.22129558
15,nb_colon,1.0,-0.9286418,-1.9286418,-0.3214403
15,nb_comma,0.0,0.37128186,0.37128186,0.092820466
15,nb_semicolumn,0.0,5.7305574,5.7305574,0.28652787
15,nb_dollar,0.0,-0.3538193,-0.3538193,-0.058969885
15,nb_space,0.0,6.526219,6.526219,0.36256772
15,nb_www,0.0,0.26107544,0.26107544,0.13053772
15,nb_com,0.0,-1.4051347,-1.4051347,-0.23418911
15,nb_dslash,0.0,-0.18718562,-0.18718562,-0.18718562
15,http_in_path,0.0,0.5383635,0.5383635,0.13459088
15,https_token,0.0,0.40673378,0.40673378,0.40673378
15,ratio_digits_url,0.0,0.33981386,0.33981386,0.46943358
15,ratio_digits_host,0.0,-0.37752992,-0.37752992,-0.47191238
15,punycode,0.0,-0.475,-0.475,-0.475
15,port,0.0,-0.25755644,-0.25755644,-0.25755644
15,tld_in_path,0.0,0.023847178,0.023847178,0.023847178
15,tld_in_subdomain,0.0,-0.033489928,-0.033489928,-0.033489928
15,abnormal_subdomain,0.0,-0.45587838,-0.45587838,-0.45587838
15,nb_subdomains,2.0,2.245494,0.24549389,0.122746944
15,prefix_suffix,0.0,0.42978328,0.42978328,0.42978328
15,random_domain,0.0,0.3970669,0.3970669,0.3970669
15,shortening_service,1.0,1.3579127,0.35791266,0.35791266
15,path_extension,0.0,0.34184968,0.34184968,0.34184968
15,nb_redirection,0.0,0.8078146,0.8078146,0.13463576
15,nb_external_redirection,0.0,0.0100965975,0.0100965975,0.0100965975
15,length_words_raw,8.0,8.549687,0.5496874,0.005235113
15,char_repeat,0.0,-0.72385114,-0.72385114,-0.0049578846
15,shortest_words_raw,4.0,8.746641,4.746641,0.15822136
15,shortest_word_host,4.0,12.180189,8.180189,0.21526814
15,shortest_word_path,4.0,22.040356,18.040356,0.4510089
15,longest_words_raw,9.0,-375.84518,-384.84518,-0.4653509
15,longest_word_host,7.0,31.901686,24.901686,0.40822434
15,longest_word_path,9.0,223.85756,214.85756,0.2591768
15,avg_words_raw,5.875,50.49093,44.61593,0.3533935
15,avg_word_host,5.5,-1.9710348,-7.471035,-0.19660619
15,avg_word_path,6.0,95.415016,89.415016,0.35766008
15,phish_hints,0.0,2.1174657,2.1174657,0.21174657
15,domain_in_brand,0.0,-0.46752283,-0.46752283,-0.46752283
15,brand_in_subdomain,0.0,-0.08925649,-0.08925649,-0.08925649
15,brand_in_path,0.0,-0.28558785,-0.28558785,-0.28558785
15,suspecious_tld,0.0,-0.36992213,-0.36992213,-0.36992213
15,statistical_report,0.0,0.5846306,0.5846306,0.2923153
15,whois_registered_domain,0.0,-0.13403715,-0.13403715,-0.13403715
15,domain_registration_length,926.0,7162.3193,6236.3193,0.209062
15,domain_age,5647.0,3340.1057,-2306.8943,-0.1790233
15,web_traffic,1040.0,3.7082588e+06,3.7072188e+06,0.34428152
15,dns_record,0.0,-0.0879249,-0.0879249,-0.0879249
15,google_index,0.0,0.051911812,0.051911812,0.051911812
15,page_rank,6.0,8.773586,2.7735863,0.2773586
16,length_url,48.0,-185.0578,-233.0578,-0.14306802
16,length_hostname,16.0,62.709522,46.709522,0.2224263
16,ip,0.0,0.4361247,0.4361247,0.4361247
16,nb_dots,1.0,-8.140071,-9.140071,-0.3973944
16,nb_hyphens,3.0,-0.73099345,-3.7309935,-0.08676729
16,nb_at,0.0,1.4393334,1.4393334,0.35983336
16,nb_qm,0.0,-1.2910306,-1.2910306,-0.43034354
16,nb_and,0.0,3.4480958,3.4480958,0.18147872
16,nb_or,0.0,0.0,0.0,0.0
16,nb_eq,0.0,-1.774864,-1.774864,-0.09341389
16,nb_underscore,0.0,3.4833648,3.4833648,0.19352026
16,nb_tilde,0.0,-0.19452451,-0.19452451,-0.19452451
16,nb_percent,0.0,-43.4021,-43.4021,-0.4521052
16,nb_slash,4.0,-10.483686,-14.483686,-0.4672157
16,nb_star,0.0,0.19616257,0.19616257,0.19616257
16,nb_colon,1.0,-1.646966,-2.646966,-0.441161
16,nb_comma,0.0,-1.4752469,-1.4752469,-0.36881173
16,nb_semicolumn,0.0,0.50691223,0.50691223,0.025345612
16,nb_dollar,0.0,1.179822,1.179822,0.19663699
16,nb_space,0.0,5.9595904,5.9595904,0.33108836
16,nb_www,0.0,0.106539875,0.106539875,0.053269938
16,nb_com,0.0,0.03301805,0.03301805,0.005503008
16,nb_dslash,0.0,0.475,0.475,0.475
16,http_in_path,0.0,-1.571882,-1.571882,-0.3929705
16,https_token,1.0,0.525,-0.47500002,-0.47500002
16,ratio_digits_url,0.0,0.012068738,0.012068738,0.016672278
16,ratio_digits_host,0.0,0.15005627,0.15005627,0.18757033
16,punycode,0.0,0.475,0.475,0.475
16,port,0.0,0.475,0.475,0.475
16,tld_in_path,0.0,0.475,0.475,0.475
16,tld_in_subdomain,0.0,0.4653509,0.4653509,0.4653509
16,abnormal_subdomain,0.0,-0.39624,-0.39624,-0.39624
16,nb_subdomains,1.0,0.7872595,-0.21274048,-0.10637024
16,prefix_suffix,1.0,0.53740156,-0.46259844,-0.46259844
16,random_domain,0.0,-0.16245924,-0.16245924,-0.16245924
16,shortening_service,0.0,-0.17870599,-0.17870599,-0.17870599
16,path_extension,0.0,-0.40886515,-0.40886515,-0.40886515
16,nb_redirection,1.0,-0.9017762,-1.9017762,-0.31696272
16,nb_external_redirection,0.0,-0.3922256,-0.3922256,-0.3922256
16,length_words_raw,6.0,9.814612,3.8146124,0.03632964
16,char_repeat,0.0,37.399536,37.399536,0.2561612
16,shortest_words_raw,3.0,9.754753,6.754753,0.22515845
16,shortest_word_host,5.0,9.855192,4.855192,0.12776822
16,shortest_word_path,3.0,-0.5751589,-3.5751588,-0.089378975
16,longest_words_raw,9.0,-283.20407,-292.20407,-0.3533302
16,longest_word_host,6.0,-10.420495,-16.420494,-0.26918843
16,longest_word_path,9.0,108.36824,99.36824,0.119865194
16,avg_words_raw,5.3333335,-16.213306,-21.54664,-0.17066646
16,avg_word_host,5.5,-2.4717324,-7.971732,-0.20978244
16,avg_word_path,5.25,124.0,118.75,0.475
16,phish_hints,0.0,-0.6154481,-0.6154481,-0.061544813
16,domain_in_brand,0.0,-0.16405654,-0.16405654,-0.16405654
16,brand_in_subdomain,0.0,-0.042699937,-0.042699937,-0.042699937
16,brand_in_path,0.0,0.016556263,0.016556263,0.016556263
16,suspecious_tld,0.0,0.3981744,0.3981744,0.3981744
16,statistical_report,0.0,0.14047602,0.14047602,0.07023801
16,whois_registered_domain,0.0,0.0029016235,0.0029016235,0.0029016235
16,domain_registration_length,541.0,-6964.69,-7505.69,-0.2516155
16,domain_age,3476.0,1954.4751,-1521.5249,-0.1180758
16,web_traffic,4.672316e+06,5.2269475e+06,554631.5,0.051507443
16,dns_record,0.0,0.20444782,0.20444782,0.20444782
16,google_index,0.0,-0.29747978,-0.29747978,-0.29747978
16,page_rank,4.0,-0.47253424,-4.472534,-0.44725344
17,length_url,126.0,387.72208,261.72208,0.16066426
17,length_hostname,50.0,15.633596,-34.3664,-0.16364954
17,ip,1.0,0.73309004,-0.26690996,-0.26690996
17,nb_dots,4.0,-5.541233,-9.541233,-0.41483623
17,nb_hyphens,1.0,10.911953,9.911953,0.23051055
17,nb_at,0.0,1.4019687,1.4019687,0.35049218
17,nb_qm,1.0,0.01553113,-0.9844689,-0.3281563
17,nb_and,2.0,1.3273331,-0.6726669,-0.03540352
17,nb_or,0.0,0.0,0.0,0.0
17,nb_eq,3.0,2.6366515,-0.36334848,-0.019123599
17,nb_underscore,2.0,-3.891793,-5.8917933,-0.32732183
17,nb_tilde,0.0,0.475,0.475,0.475
17,nb_percent,0.0,18.183273,18.183273,0.18940909
17,nb_slash,4.0,-8.523061,-12.523061,-0.4039697
17,nb_star,0.0,-0.087966435,-0.087966435,-0.087966435
17,nb_colon,1.0,2.779571,1.779571,0.2965952
17,nb_comma,0.0,1.3029686,1.3029686,0.32574216
17,nb_semicolumn,0.0,1.7503959,1.7503959,0.087519795
17,nb_dollar,0.0,0.34475893,0.34475893,0.05745982
17,nb_space,0.0,6.889874,6.889874,0.38277078
17,nb_www,0.0,0.7676569,0.7676569,0.38382846
17,nb_com,1.0,-0.6356169,-1.6356169,-0.27260283
17,nb_dslash,0.0,0.044272557,0.044272557,0.044272557
17,http_in_path,0.0,-1.1342349,-1.1342349,-0.28355873
17,https_token,1.0,0.93820333,-0.061796665,-0.061796665
17,ratio_digits_url,0.0952381,0.048151236,-0.04708686,-0.06504783
17,ratio_digits_host,0.0,-0.042401914,-0.042401914,-0.05300239
17,punycode,0.0,0.475,0.475,0.475
17,port,0.0,-0.063852236,-0.063852236,-0.063852236
17,tld_in_path,0.0,0.16325131,0.16325131,0.16325131
17,tld_in_subdomain,1.0,0.55375874,-0.44624126,-0.44624126
17,abnormal_subdomain,0.0,0.10773148,0.10773148,0.10773148
17,nb_subdomains,3.0,2.2840486,-0.71595144,-0.35797572
17,prefix_suffix,1.0,1.2427182,0.24271822,0.24271822
17,random_domain,0.0,0.475,0.475,0.475
17,shortening_service,0.0,0.475,0.475,0.475
17,path_extension,0.0,-0.26188803,-0.26188803,-0.26188803
17,nb_redirection,1.0,-1.1488153,-2.1488152,-0.35813588
17,nb_external_redirection,0.0,-0.475,-0.475,-0.475
17,length_words_raw,13.0,49.230915,36.230915,0.34505635
17,char_repeat,7.0,-2.7926245,-9.792624,-0.06707277
17,shortest_words_raw,2.0,3.1065977,1.1065977,0.036886584
17,shortest_word_host,3.0,-2.61266,-5.61266,-0.14770158
17,shortest_word_path,2.0,-5.094734,-7.094734,-0.17736836
17,longest_words_raw,17.0,32.57505,15.57505,0.018833192
17,longest_word_host,13.0,-6.0754523,-19.075453,-0.31271234
17,longest_word_path,17.0,-1.7919242,-18.791924,-0.022668185
17,avg_words_raw,7.769231,-52.199516,-59.968746,-0.475
17,avg_word_host,8.4,-9.65,-18.05,-0.475
17,avg_word_path,7.375,-108.272194,-115.647194,-0.4625888
17,phish_hints,0.0,-1.55764,-1.55764,-0.155764
17,domain_in_brand,0.0,-0.110355765,-0.110355765,-0.110355765
17,brand_in_subdomain,0.0,-0.10320049,-0.10320049,-0.10320049
17,brand_in_path,0.0,0.01557065,0.01557065,0.01557065
17,suspecious_tld,0.0,0.06410086,0.06410086,0.06410086
17,statistical_report,0.0,0.95,0.95,0.475
17,whois_registered_domain,0.0,-0.39586052,-0.39586052,-0.39586052
17,domain_registration_length,25.0,-2760.2393,-2785.2393,-0.09337041
17,domain_age,3993.0,10113.85,6120.8496,0.47499993
17,web_traffic,5.707171e+06,9.151156e+06,3.443985e+06,0.3198356
17,dns_record,0.0,-0.05515213,-0.05515213,-0.05515213
17,google_index,1.0,1.2410965,0.2410965,0.2410965
17,page_rank,0.0,4.694336,4.694336,0.4694336
18,length_url,72.0,785.9386,713.9386,0.438268
18,length_hostname,24.0,43.703487,19.703487,0.09382612
18,ip,0.0,-0.27503014,-0.27503014,-0.27503014
18,nb_dots,2.0,10.804716,8.804716,0.38281375
18,nb_hyphens,7.0,16.064878,9.064878,0.21081112
18,nb_at,0.0,-0.53209597,-0.53209597,-0.13302399
18,nb_qm,0.0,-0.31875965,-0.31875965,-0.106253214
18,nb_and,0.0,-1.325712,-1.325712,-0.069774315
18,nb_or,0.0,0.0,0.0,0.0
18,nb_eq,0.0,-8.882934,-8.882934,-0.46752283
18,nb_underscore,0.0,-0.6519769,-0.6519769,-0.036220938
18,nb_tilde,0.0,0.43853498,0.43853498,0.43853498
18,nb_percent,0.0,39.63404,39.63404,0.41285458
18,nb_slash,5.0,10.02535,5.0253496,0.16210806
18,nb_star,0.0,-0.05911416,-0.05911416,-0.05911416
18,nb_colon,1.0,-0.3504734,-1.3504734,-0.2250789
18,nb_comma,0.0,0.80783015,0.80783015,0.20195754
18,nb_semicolumn,0.0,7.599512,7.599512,0.37997562
18,nb_dollar,0.0,-0.3890588,-0.3890588,-0.06484313
18,nb_space,0.0,-6.9603066,-6.9603066,-0.3866837
18,nb_www,1.0,1.9358996,0.9358996,0.4679498
18,nb_com,1.0,-1.85,-2.85,-0.47500002
18,nb_dslash,0.0,0.1302791,0.1302791,0.1302791
18,http_in_path,0.0,-1.8604908,-1.8604908,-0.4651227
18,https_token,1.0,0.5251843,-0.47481573,-0.47481573
18,ratio_digits_url,0.0,-0.31763706,-0.31763706,-0.4387976
18,ratio_digits_host,0.0,-0.24877146,-0.24877146,-0.31096432
18,punycode,0.0,0.475,0.475,0.475
18,port,0.0,-0.15077549,-0.15077549,-0.15077549
18,tld_in_path,1.0,0.7796001,-0.22039992,-0.22039992
18,tld_in_subdomain,0.0,0.43436292,0.43436292,0.43436292
18,abnormal_subdomain,0.0,-0.4452386,-0.4452386,-0.4452386
18,nb_subdomains,2.0,1.6791164,-0.32088363,-0.16044182
18,prefix_suffix,0.0,0.13673845,0.13673845,0.13673845
18,random_domain,0.0,-0.25353092,-0.25353092,-0.25353092
18,shortening_service,0.0,0.35890707,0.35890707,0.35890707
18,path_extension,0.0,0.15456235,0.15456235,0.15456235
18,nb_redirection,1.0,2.1258166,1.1258166,0.18763609
18,nb_external_redirection,0.0,0.317101,0.317101,0.317101
18,length_words_raw,11.0,-11.037788,-22.037788,-0.20988369
18,char_repeat,5.0,7.760696,2.760696,0.018908877
18,shortest_words_raw,2.0,-7.0115767,-9.011577,-0.3003859
18,shortest_word_host,3.0,21.05,18.05,0.475
18,shortest_word_path,2.0,18.9894,16.9894,0.424735
18,longest_words_raw,8.0,-111.60854,-119.60854,-0.14462943
18,longest_word_host,6.0,12.198256,6.1982555,0.10161074
18,longest_word_path,8.0,-64.20912,-72.20912,-0.08710388
18,avg_words_raw,4.5454545,15.387061,10.841606,0.08587411
18,avg_word_host,4.25,15.611486,11.361486,0.2989865
18,avg_word_path,4.714286,86.08043,81.36614,0.32546458
18,phish_hints,0.0,1.7410965,1.7410965,0.17410965
18,domain_in_brand,0.0,0.475,0.475,0.475
18,brand_in_subdomain,0.0,0.25249714,0.25249714,0.25249714
18,brand_in_path,0.0,-0.22019415,-0.22019415,-0.22019415
18,suspecious_tld,0.0,-0.19300994,-0.19300994,-0.19300994
18,statistical_report,0.0,-0.93886715,-0.93886715,-0.46943358
18,whois_registered_domain,0.0,0.24019973,0.24019973,0.24019973
18,domain_registration_length,634.0,4864.7583,4230.7583,0.14182898
18,domain_age,4845.0,8436.547,3591.5469,0.27871698
18,web_traffic,5964.0,4.5732895e+06,4.5673255e+06,0.4241578
18,dns_record,0.0,0.4653509,0.4653509,0.4653509
18,google_index,0.0,-0.47240174,-0.47240174,-0.47240174
18,page_rank,5.0,5.5501027,0.5501027,0.05501026
19,length_url,68.0,-635.91125,-703.91125,-0.4321125
19,length_hostname,42.0,30.606678,-11.393322,-0.05425392
19,ip,1.0,1.475,0.47500002,0.47500002
19,nb_dots,4.0,14.634373,10.634373,0.46236405
19,nb_hyphens,0.0,-12.440805,-12.440805,-0.28932106
19,nb_at,0.0,-0.4960079,-0.4960079,-0.12400197
19,nb_qm,0.0,1.1917466,1.1917466,0.39724886
19,nb_and,0.0,7.5208254,7.5208254,0.39583293
19,nb_or,0.0,0.0,0.0,0.0
19,nb_eq,0.0,8.837812,8.837812,0.46514803
19,nb_underscore,0.0,-3.465778,-3.465778,-0.19254322
19,nb_tilde,0.0,-0.435725,-0.435725,-0.435725
19,nb_percent,0.0,45.6,45.6,0.475
19,nb_slash,4.0,-8.760003,-12.760003,-0.411613
19,nb_star,0.0,0.3992727,0.3992727,0.3992727
19,nb_colon,1.0,-1.6814756,-2.6814756,-0.44691262
19,nb_comma,0.0,1.604859,1.604859,0.40121475
19,nb_semicolumn,0.0,-9.5,-9.5,-0.475
19,nb_dollar,0.0,0.63111424,0.63111424,0.10518571
19,nb_space,0.0,-5.8772144,-5.8772144,-0.32651192
19,nb_www,0.0,-0.681048,-0.681048,-0.340524
19,nb_com,1.0,3.0531557,2.0531557,0.3421926
19,nb_dslash,0.0,-0.2556945,-0.2556945,-0.2556945
19,http_in_path,0.0,0.6330937,0.6330937,0.15827343
19,https_token,1.0,1.4385853,0.43858528,0.43858528
19,ratio_digits_url,0.16176471,0.2884033,0.12663859,0.17494404
19,ratio_digits_host,0.0,0.1661133,0.1661133,0.20764163
19,punycode,0.0,0.475,0.475,0.475
19,port,0.0,0.475,0.475,0.475
19,tld_in_path,0.0,-0.475,-0.475,-0.475
19,tld_in_subdomain,1.0,1.475,0.47500002,0.47500002
19,abnormal_subdomain,0.0,0.13694508,0.13694508,0.13694508
19,nb_subdomains,3.0,3.95,0.95000005,0.47500002
19,prefix_suffix,0.0,-0.12389709,-0.12389709,-0.12389709
19,random_domain,0.0,0.3421913,0.3421913,0.3421913
19,shortening_service,0.0,0.15223606,0.15223606,0.15223606
19,path_extension,0.0,-0.46259832,-0.46259832,-0.46259832
19,nb_redirection,1.0,-0.110400915,-1.1104009,-0.18506682
19,nb_external_redirection,0.0,0.3789456,0.3789456,0.3789456
19,length_words_raw,6.0,54.550274,48.550274,0.46238357
19,char_repeat,3.0,-5.9625454,-8.962545,-0.061387297
19,shortest_words_raw,2.0,8.396422,6.3964224,0.21321408
19,shortest_word_host,3.0,2.1502328,-0.8497672,-0.022362296
19,shortest_word_path,2.0,-2.864767,-4.864767,-0.12161918
19,longest_words_raw,15.0,354.8637,339.8637,0.41095975
19,longest_word_host,13.0,36.28889,23.28889,0.3817851
19,longest_word_path,15.0,-40.080933,-55.080933,-0.066442624
19,avg_words_raw,8.666667,42.153294,33.486626,0.2652406
19,avg_word_host,8.75,-7.8426647,-16.592665,-0.43664908
19,avg_word_path,8.5,126.55421,118.05421,0.4722168
19,phish_hints,0.0,3.42479,3.42479,0.342479
19,domain_in_brand,0.0,-0.17077018,-0.17077018,-0.17077018
19,brand_in_subdomain,0.0,0.3924013,0.3924013,0.3924013
19,brand_in_path,0.0,0.42042774,0.42042774,0.42042774
19,suspecious_tld,0.0,0.475,0.475,0.475
19,statistical_report,0.0,0.0905445,0.0905445,0.04527225
19,whois_registered_domain,0.0,0.29415715,0.29415715,0.29415715
19,domain_registration_length,25.0,-1055.4457,-1080.4457,-0.036220104
19,domain_age,3993.0,4834.317,841.3169,0.0652892
19,web_traffic,5.707171e+06,7.33955e+06,1.632379e+06,0.15159559
19,dns_record,0.0,-0.30063224,-0.30063224,-0.30063224
19,google_index,1.0,1.2131519,0.21315193,0.21315193
19,page_rank,0.0,-2.5634694,-2.5634694,-0.25634694
20,length_url,36.0,688.71686,652.71686,0.4006856
20,length_hostname,28.0,9.704884,-18.295116,-0.0871196
20,ip,1.0,1.0095682,0.009568214,0.009568214
20,nb_dots,4.0,10.856245,6.856245,0.2980976
20,nb_hyphens,0.0,14.97508,14.97508,0.34825766
20,nb_at,0.0,-1.8005571,-1.8005571,-0.45013928
20,nb_qm,0.0,1.1768142,1.1768142,0.3922714
20,nb_and,0.0,-0.055212714,-0.055212714,-0.0029059323
20,nb_or,0.0,0.0,0.0,0.0
20,nb_eq,0.0,-1.1201775,-1.1201775,-0.058956712
20,nb_underscore,0.0,-1.6850635,-1.6850635,-0.09361464
20,nb_tilde,0.0,0.40890896,0.40890896,0.40890896
20,nb_percent,0.0,45.6,45.6,0.475
20,nb_slash,3.0,1.2729795,-1.7270205,-0.055710338
20,nb_star,0.0,-0.21517499,-0.21517499,-0.21517499
20,nb_colon,1.0,-0.010980606,-1.0109806,-0.16849677
20,nb_comma,0.0,1.6048589,1.6048589,0.40121472
20,nb_semicolumn,0.0,-8.25415,-8.25415,-0.4127075
20,nb_dollar,0.0,-1.4677646,-1.4677646,-0.24462743
20,nb_space,0.0,-1.7764163,-1.7764163,-0.098689795
20,nb_www,0.0,0.38017717,0.38017717,0.19008859
20,nb_com,0.0,-0.721891,-0.721891,-0.120315164
20,nb_dslash,0.0,-0.475,-0.475,-0.475
20,http_in_path,0.0,0.21237546,0.21237546,0.053093866
20,https_token,1.0,1.2410729,0.2410729,0.2410729
20,ratio_digits_url,0.25,0.009260313,-0.24073969,-0.33256823
20,ratio_digits_host,0.32142857,0.40134722,0.07991865,0.09989831
20,punycode,0.0,0.475,0.475,0.475
20,port,0.0,-0.112278506,-0.112278506,-0.112278506
20,tld_in_path,0.0,-0.014280712,-0.014280712,-0.014280712
20,tld_in_subdomain,0.0,0.12691937,0.12691937,0.12691937
20,abnormal_subdomain,0.0,0.31785268,0.31785268,0.31785268
20,nb_subdomains,3.0,3.62291,0.62291,0.311455
20,prefix_suffix,0.0,-0.086963594,-0.086963594,-0.086963594
20,random_domain,0.0,-0.42256,-0.42256,-0.42256
20,shortening_service,1.0,0.6127534,-0.3872466,-0.3872466
20,path_extension,0.0,-0.475,-0.475,-0.475
20,nb_redirection,0.0,1.7880532,1.7880532,0.29800886
20,nb_external_redirection,0.0,-0.06716946,-0.06716946,-0.06716946
20,length_words_raw,4.0,-31.545403,-35.545403,-0.33852765
20,char_repeat,1.0,-15.249522,-16.249523,-0.1112981
20,shortest_words_raw,1.0,1.1966531,0.19665313,0.006555104
20,shortest_word_host,1.0,-16.147522,-17.147522,-0.45125058
20,shortest_word_path,0.0,1.8368334,1.8368334,0.045920834
20,longest_words_raw,11.0,113.55407,102.55407,0.124007344
20,longest_word_host,11.0,10.955565,-0.044434547,-0.00072842836
20,longest_word_path,0.0,370.4453,370.4453,0.44685805
20,avg_words_raw,5.25,-45.236923,-50.486923,-0.3998964
20,avg_word_host,5.25,-6.1005893,-11.35059,-0.2986997
20,avg_word_path,0.0,-45.15199,-45.15199,-0.18060796
20,phish_hints,0.0,-3.21706,-3.21706,-0.321706
20,domain_in_brand,0.0,0.4521923,0.4521923,0.4521923
20,brand_in_subdomain,0.0,0.37157604,0.37157604,0.37157604
20,brand_in_path,0.0,0.19326194,0.19326194,0.19326194
20,suspecious_tld,0.0,-0.09611166,-0.09611166,-0.09611166
20,statistical_report,0.0,0.5004092,0.5004092,0.2502046
20,whois_registered_domain,0.0,0.13263889,0.13263889,0.13263889
20,domain_registration_length,217.0,-7889.0693,-8106.0693,-0.27174217
20,domain_age,5627.0,8941.283,3314.2832,0.2572003
20,web_traffic,0.0,5.0067895e+06,5.0067895e+06,0.4649699
20,dns_record,0.0,-0.3020842,-0.3020842,-0.3020842
20,google_index,1.0,0.8466609,-0.15333909,-0.15333909
20,page_rank,5.0,7.224269,2.224269,0.22242689
21,length_url,61.0,-712.77496,-773.77496,-0.475
21,length_hostname,14.0,-42.130447,-56.130447,-0.26728785
21,ip,0.0,-0.42094615,-0.42094615,-0.42094615
21,nb_dots,2.0,-3.9033098,-5.90331,-0.25666565
21,nb_hyphens,0.0,-6.848446,-6.848446,-0.15926619
21,nb_at,0.0,1.4345299,1.4345299,0.35863248
21,nb_qm,0.0,0.9573033,0.9573033,0.3191011
21,nb_and,0.0,2.4764488,2.4764488,0.13033941
21,nb_or,0.0,0.0,0.0,0.0
21,nb_eq,0.0,-7.13018,-7.13018,-0.37527263
21,nb_underscore,1.0,-7.55,-8.55,-0.475
21,nb_tilde,0.0,-0.3279665,-0.3279665,-0.3279665
21,nb_percent,0.0,45.6,45.6,0.475
21,nb_slash,6.0,20.725,14.725,0.47500002
21,nb_star,0.0,-0.09976378,-0.09976378,-0.09976378
21,nb_colon,1.0,-0.88406396,-1.884064,-0.31401065
21,nb_comma,0.0,-0.064927794,-0.064927794,-0.016231949
21,nb_semicolumn,0.0,0.4937892,0.4937892,0.02468946
21,nb_dollar,0.0,2.85,2.85,0.475
21,nb_space,0.0,-4.9813037,-4.9813037,-0.2767391
21,nb_www,0.0,-0.55187047,-0.55187047,-0.27593523
21,nb_com,2.0,2.461637,0.46163702,0.07693949
21,nb_dslash,0.0,-0.2036833,-0.2036833,-0.2036833
21,http_in_path,0.0,1.8243015,1.8243015,0.45607537
21,https_token,1.0,0.9040034,-0.09599662,-0.09599662
21,ratio_digits_url,0.0,-0.009347455,-0.009347455,-0.012912978
21,ratio_digits_host,0.0,0.3090789,0.3090789,0.38634863
21,punycode,0.0,0.4660945,0.4660945,0.4660945
21,port,0.0,-0.40453565,-0.40453565,-0.40453565
21,tld_in_path,1.0,0.6700647,-0.3299353,-0.3299353
21,tld_in_subdomain,0.0,0.35587674,0.35587674,0.35587674
21,abnormal_subdomain,0.0,0.24118173,0.24118173,0.24118173
21,nb_subdomains,2.0,1.8981206,-0.10187936,-0.05093968
21,prefix_suffix,0.0,0.33034223,0.33034223,0.33034223
21,random_domain,1.0,1.2768543,0.27685428,0.27685428
21,shortening_service,1.0,0.525,-0.47500002,-0.47500002
21,path_extension,0.0,0.15759295,0.15759295,0.15759295
21,nb_redirection,0.0,1.4051574,1.4051574,0.23419291
21,nb_external_redirection,0.0,-0.475,-0.475,-0.475
21,length_words_raw,7.0,23.79697,16.79697,0.15997115
21,char_repeat,1.0,5.056178,4.056178,0.027782042
21,shortest_words_raw,3.0,5.8191123,2.8191123,0.09397041
21,shortest_word_host,10.0,-1.3222291,-11.322229,-0.2979534
21,shortest_word_path,3.0,3.465907,0.4659071,0.011647671
21,longest_words_raw,10.0,144.43915,134.43915,0.16256244
21,longest_word_host,10.0,32.566593,22.566593,0.36994416
21,longest_word_path,10.0,-192.97534,-202.97534,-0.2448436
21,avg_words_raw,6.285714,-41.98607,-48.271782,-0.38235074
21,avg_word_host,10.0,3.8028603,-6.1971397,-0.16308263
21,avg_word_path,5.6666665,123.59041,117.923744,0.47169498
21,phish_hints,0.0,1.6790223,1.6790223,0.16790223
21,domain_in_brand,0.0,0.29714194,0.29714194,0.29714194
21,brand_in_subdomain,0.0,-0.13030724,-0.13030724,-0.13030724
21,brand_in_path,0.0,-0.42217898,-0.42217898,-0.42217898
21,suspecious_tld,0.0,-0.2168673,-0.2168673,-0.2168673
21,statistical_report,0.0,-0.20762548,-0.20762548,-0.10381274
21,whois_registered_domain,0.0,-0.32897052,-0.32897052,-0.32897052
21,domain_registration_length,251.0,1256.8169,1005.8169,0.0337183
21,domain_age,3767.0,9887.85,6120.8496,0.475
21,web_traffic,9.264543e+06,1.2943873e+07,3.67933e+06,0.34169155
21,dns_record,0.0,-0.095940135,-0.095940135,-0.095940135
21,google_index,1.0,1.0469446,0.04694462,0.04694462
21,page_rank,0.0,-0.30301157,-0.30301157,-0.030301157
22,length_url,66.0,265.53052,199.53052,0.1224865
22,length_hostname,17.0,39.583744,22.583744,0.107541636
22,ip,1.0,1.2030402,0.20304024,0.20304024
22,nb_dots,2.0,-8.925,-10.925,-0.475
22,nb_hyphens,0.0,-8.675284,-8.675284,-0.2017508
22,nb_at,0.0,0.89710987,0.89710987,0.22427747
22,nb_qm,1.0,1.2819058,0.28190577,0.09396857
22,nb_and,0.0,1.4007863,1.4007863,0.073725596
22,nb_or,0.0,0.0,0.0,0.0
22,nb_eq,1.0,2.642536,1.6425359,0.08644926
22,nb_underscore,0.0,4.495134,4.495134,0.24972966
22,nb_tilde,0.0,0.08365917,0.08365917,0.08365917
22,nb_percent,0.0,-45.33281,-45.33281,-0.47221676
22,nb_slash,4.0,-3.0199738,-7.0199738,-0.22645077
22,nb_star,0.0,0.3117797,0.3117797,0.3117797
22,nb_colon,1.0,3.85,2.85,0.475
22,nb_comma,0.0,-1.1521354,-1.1521354,-0.28803384
22,nb_semicolumn,0.0,6.7264056,6.7264056,0.33632028
22,nb_dollar,0.0,-0.45903265,-0.45903265,-0.076505445
22,nb_space,0.0,-8.55,-8.55,-0.47500002
22,nb_www,0.0,0.9346923,0.9346923,0.46734616
22,nb_com,0.0,-0.9060393,-0.9060393,-0.15100655
22,nb_dslash,0.0,0.44294488,0.44294488,0.44294488
22,http_in_path,0.0,0.17945449,0.17945449,0.044863623
22,https_token,0.0,0.4319421,0.4319421,0.4319421
22,ratio_digits_url,0.21212122,-0.06993022,-0.28205144,-0.38963807
22,ratio_digits_host,0.0,-0.29765552,-0.29765552,-0.3720694
22,punycode,0.0,-0.475,-0.475,-0.475
22,port,0.0,-0.3729118,-0.3729118,-0.3729118
22,tld_in_path,0.0,-0.475,-0.475,-0.475
22,tld_in_subdomain,0.0,-0.43626058,-0.43626058,-0.43626058
22,abnormal_subdomain,0.0,0.4542181,0.4542181,0.4542181
22,nb_subdomains,2.0,2.9303615,0.9303615,0.46518075
22,prefix_suffix,0.0,-0.23152794,-0.23152794,-0.23152794
22,random_domain,0.0,0.1775176,0.1775176,0.1775176
22,shortening_service,0.0,0.1479334,0.1479334,0.1479334
22,path_extension,0.0,0.21895851,0.21895851,0.21895851
22,nb_redirection,0.0,-1.8337853,-1.8337853,-0.3056309
22,nb_external_redirection,0.0,0.022336006,0.022336006,0.022336006
22,length_words_raw,6.0,-35.172844,-41.172844,-0.39212233
22,char_repeat,3.0,13.441765,10.441765,0.07151894
22,shortest_words_raw,3.0,12.100922,9.100922,0.30336407
22,shortest_word_host,5.0,20.45701,15.45701,0.40676343
22,shortest_word_path,3.0,-0.56177086,-3.561771,-0.08904427
22,longest_words_raw,21.0,-250.43633,-271.43634,-0.32821804
22,longest_word_host,7.0,-12.43217,-19.43217,-0.31856018
22,longest_word_path,21.0,-115.89247,-136.89247,-0.16512963
22,avg_words_raw,8.166667,36.740677,28.574009,0.22632878
22,avg_word_host,6.0,2.1294837,-3.8705163,-0.101855695
22,avg_word_path,9.25,-107.08772,-116.33772,-0.4653509
22,phish_hints,0.0,-3.2138646,-3.2138646,-0.32138646
22,domain_in_brand,1.0,1.3147203,0.31472027,0.31472027
22,brand_in_subdomain,0.0,-0.3148269,-0.3148269,-0.3148269
22,brand_in_path,0.0,0.475,0.475,0.475
22,suspecious_tld,0.0,-0.4372131,-0.4372131,-0.4372131
22,statistical_report,0.0,0.536173,0.536173,0.2680865
22,whois_registered_domain,0.0,-0.3883733,-0.3883733,-0.3883733
22,domain_registration_length,911.0,-2023.8723,-2934.8723,-0.0983866
22,domain_age,9316.0,3845.4966,-5470.5034,-0.42453074
22,web_traffic,13.0,-5.11478e+06,-5.114793e+06,-0.475
22,dns_record,0.0,-0.33326584,-0.33326584,-0.33326584
22,google_index,0.0,0.06446561,0.06446561,0.06446561
22,page_rank,7.0,11.017594,4.0175943,0.40175945
23,length_url,113.0,-587.76385,-700.76385,-0.4301804
23,length_hostname,24.0,27.150131,3.1501312,0.015000626
23,ip,0.0,0.0025017045,0.0025017045,0.0025017045
23,nb_dots,5.0,-5.8528533,-10.852854,-0.4718632
23,nb_hyphens,0.0,11.156685,11.156685,0.2594578
23,nb_at,0.0,-0.34812123,-0.34812123,-0.08703031
23,nb_qm,0.0,-1.1795555,-1.1795555,-0.39318517
23,nb_and,0.0,6.1076508,6.1076508,0.3214553
23,nb_or,0.0,0.0,0.0,0.0
23,nb_eq,1.0,-7.7514086,-8.751409,-0.46060047
23,nb_underscore,2.0,-1.7663252,-3.7663252,-0.20924029
23,nb_tilde,0.0,0.43851185,0.43851185,0.43851185
23,nb_percent,0.0,42.25689,42.25689,0.44017592
23,nb_slash,10.0,16.53551,6.535509,0.21082288
23,nb_star,0.0,-0.16909935,-0.16909935,-0.16909935
23,nb_colon,1.0,2.5671535,1.5671535,0.26119223
23,nb_comma,0.0,1.8495338,1.8495338,0.46238345
23,nb_semicolumn,0.0,9.5,9.5,0.475
23,nb_dollar,0.0,-1.2418215,-1.2418215,-0.20697026
23,nb_space,0.0,-4.556285,-4.556285,-0.25312695
23,nb_www,1.0,0.7287053,-0.2712947,-0.13564736
23,nb_com,1.0,-0.8657836,-1.8657836,-0.31096393
23,nb_dslash,0.0,0.043406773,0.043406773,0.043406773
23,http_in_path,0.0,-0.7961003,-0.7961003,-0.19902508
23,https_token,1.0,0.72824603,-0.27175397,-0.27175397
23,ratio_digits_url,0.0,0.1357843,0.1357843,0.1875783
23,ratio_digits_host,0.0,-0.37777343,-0.37777343,-0.47221678
23,punycode,0.0,0.47221678,0.47221678,0.47221678
23,port,0.0,-0.1675886,-0.1675886,-0.1675886
23,tld_in_path,1.0,1.3133188,0.31331885,0.31331885
23,tld_in_subdomain,0.0,0.18437237,0.18437237,0.18437237
23,abnormal_subdomain,0.0,0.34766054,0.34766054,0.34766054
23,nb_subdomains,3.0,2.868456,-0.13154411,-0.06577206
23,prefix_suffix,0.0,-0.24333735,-0.24333735,-0.24333735
23,random_domain,0.0,0.33182722,0.33182722,0.33182722
23,shortening_service,0.0,0.26852667,0.26852667,0.26852667
23,path_extension,0.0,0.15791659,0.15791659,0.15791659
23,nb_redirection,0.0,-2.4331856,-2.4331856,-0.40553093
23,nb_external_redirection,0.0,0.25297037,0.25297037,0.25297037
23,length_words_raw,16.0,25.523445,9.523445,0.090699464
23,char_repeat,4.0,-42.813038,-46.813038,-0.32063723
23,shortest_words_raw,2.0,14.970224,12.970224,0.4323408
23,shortest_word_host,20.0,9.934399,-10.065601,-0.26488423
23,shortest_word_path,2.0,1.8889723,-0.11102772,-0.0027756952
23,longest_words_raw,20.0,57.506805,37.506805,0.045352846
23,longest_word_host,20.0,14.8795595,-5.1204405,-0.08394164
23,longest_word_path,10.0,338.92517,328.92517,0.39677343
23,avg_words_raw,5.4375,5.166156,-0.27134418,-0.0021492597
23,avg_word_host,20.0,19.825691,-0.17430878,-0.004587084
23,avg_word_path,4.4666667,73.17568,68.709015,0.27483606
23,phish_hints,0.0,4.1229844,4.1229844,0.41229844
23,domain_in_brand,0.0,-0.07139772,-0.07139772,-0.07139772
23,brand_in_subdomain,0.0,0.30947724,0.30947724,0.30947724
23,brand_in_path,1.0,0.61710143,-0.38289857,-0.38289857
23,suspecious_tld,0.0,0.1463375,0.1463375,0.1463375
23,statistical_report,0.0,0.59966964,0.59966964,0.29983482
23,whois_registered_domain,0.0,0.30985036,0.30985036,0.30985036
23,domain_registration_length,97.0,-8653.605,-8750.605,-0.29334918
23,domain_age,3920.0,6623.7305,2703.7305,0.20981923
23,web_traffic,0.0,4.647476e+06,4.647476e+06,0.43160123
23,dns_record,0.0,0.27114916,0.27114916,0.27114916
23,google_index,0.0,-0.37752837,-0.37752837,-0.37752837
23,page_rank,2.0,2.7371368,0.73713684,0.073713675
24,length_url,84.0,500.881,416.881,0.2559122
24,length_hostname,30.0,-2.2011943,-32.201195,-0.15333903
24,ip,0.0,-0.03006123,-0.03006123,-0.03006123
24,nb_dots,2.0,-8.925,-10.925,-0.475
24,nb_hyphens,2.0,-13.366564,-15.366564,-0.35736194
24,nb_at,0.0,1.8094236,1.8094236,0.4523559
24,nb_qm,0.0,-0.2801123,-0.2801123,-0.093370765
24,nb_and,0.0,-3.710321,-3.710321,-0.19528005
24,nb_or,0.0,0.0,0.0,0.0
24,nb_eq,0.0,8.139973,8.139973,0.42841962
24,nb_underscore,0.0,5.6550865,5.6550865,0.31417146
24,nb_tilde,0.0,0.27461892,0.27461892,0.27461892
24,nb_percent,0.0,-45.6,-45.6,-0.475
24,nb_slash,7.0,2.6364465,-4.3635535,-0.14075978
24,nb_star,0.0,0.33613098,0.33613098,0.33613098
24,nb_colon,1.0,1.9527073,0.9527073,0.15878455
24,nb_comma,0.0,-1.7158659,-1.7158659,-0.42896646
24,nb_semicolumn,0.0,8.770237,8.770237,0.43851185
24,nb_dollar,0.0,0.6851125,0.6851125,0.114185415
24,nb_space,0.0,-8.55,-8.55,-0.47500002
24,nb_www,0.0,0.1765674,0.1765674,0.0882837
24,nb_com,0.0,-2.4252343,-2.4252343,-0.4042057
24,nb_dslash,0.0,0.26437694,0.26437694,0.26437694
24,http_in_path,0.0,-0.19282162,-0.19282162,-0.048205405
24,https_token,1.0,0.6112181,-0.3887819,-0.3887819
24,ratio_digits_url,0.0,-0.033279613,-0.033279613,-0.045973897
24,ratio_digits_host,0.0,-0.17659853,-0.17659853,-0.22074817
24,punycode,0.0,-0.475,-0.475,-0.475
24,port,0.0,-0.12195658,-0.12195658,-0.12195658
24,tld_in_path,0.0,0.05349717,0.05349717,0.05349717
24,tld_in_subdomain,0.0,-0.40183458,-0.40183458,-0.40183458
24,abnormal_subdomain,0.0,0.46752283,0.46752283,0.46752283
24,nb_subdomains,2.0,2.239881,0.23988104,0.11994052
24,prefix_suffix,1.0,0.5763244,-0.4236756,-0.4236756
24,random_domain,0.0,0.078321084,0.078321084,0.078321084
24,shortening_service,0.0,0.46256453,0.46256453,0.46256453
24,path_extension,0.0,0.124516,0.124516,0.124516
24,nb_redirection,0.0,0.38069227,0.38069227,0.06344871
24,nb_external_redirection,0.0,0.2010444,0.2010444,0.2010444
24,length_words_raw,9.0,16.77524,7.77524,0.0740499
24,char_repeat,0.0,1.3587271,1.3587271,0.00930635
24,shortest_words_raw,2.0,-4.328439,-6.328439,-0.21094798
24,shortest_word_host,26.0,9.626397,-16.373604,-0.4308843
24,shortest_word_path,2.0,-2.2366383,-4.236638,-0.10591596
24,longest_words_raw,26.0,250.83438,224.83438,0.27186745
24,longest_word_host,26.0,10.539447,-15.460553,-0.25345168
24,longest_word_path,9.0,402.775,393.775,0.475
24,avg_words_raw,7.2222223,-10.549878,-17.7721,-0.14076911
24,avg_word_host,26.0,20.98435,-5.01565,-0.13199079
24,avg_word_path,4.875,120.50708,115.63208,0.46252832
24,phish_hints,4.0,-0.02432862,-4.0243287,-0.40243286
24,domain_in_brand,0.0,0.19617106,0.19617106,0.19617106
24,brand_in_subdomain,0.0,0.20764068,0.20764068,0.20764068
24,brand_in_path,0.0,0.0349318,0.0349318,0.0349318
24,suspecious_tld,0.0,-0.023769695,-0.023769695,-0.023769695
24,statistical_report,0.0,-0.75544417,-0.75544417,-0.37772208
24,whois_registered_domain,0.0,0.03442689,0.03442689,0.03442689
24,domain_registration_length,162.0,-288.42447,-450.42447,-0.0150997145
24,domain_age,3125.0,4969.818,1844.8179,0.1431645
24,web_traffic,0.0,-150180.44,-150180.44,-0.013946938
24,dns_record,0.0,-0.475,-0.475,-0.475
24,google_index,1.0,1.430855,0.43085504,0.43085504
24,page_rank,1.0,4.4310536,3.4310536,0.34310538
25,length_url,29.0,-488.02356,-517.02356,-0.31738707
25,length_hostname,17.0,-9.330425,-26.330425,-0.12538297
25,ip,0.0,0.31000578,0.31000578,0.31000578
25,nb_dots,2.0,3.5306613,1.5306613,0.06655049
25,nb_hyphens,0.0,-3.3895512,-3.3895512,-0.07882677
25,nb_at,0.0,-0.99188095,-0.99188095,-0.24797024
25,nb_qm,0.0,1.4172915,1.4172915,0.4724305
25,nb_and,0.0,-1.434273,-1.434273,-0.07548805
25,nb_or,0.0,0.0,0.0,0.0
25,nb_eq,0.0,0.6443026,0.6443026,0.033910662
25,nb_underscore,0.0,4.587462,4.587462,0.254859
25,nb_tilde,0.0,0.3658406,0.3658406,0.3658406
25,nb_percent,0.0,45.6,45.6,0.475
25,nb_slash,3.0,14.840711,11.840711,0.3819584
25,nb_star,0.0,0.32616964,0.32616964,0.32616964
25,nb_colon,1.0,0.01788187,-0.9821181,-0.16368635
25,nb_comma,0.0,1.8867797,1.8867797,0.47169492
25,nb_semicolumn,0.0,9.307018,9.307018,0.46535093
25,nb_dollar,0.0,-1.2975978,-1.2975978,-0.21626629
25,nb_space,0.0,3.1770992,3.1770992,0.1765055
25,nb_www,0.0,0.4220193,0.4220193,0.21100965
25,nb_com,0.0,2.85,2.85,0.475
25,nb_dslash,0.0,0.41033316,0.41033316,0.41033316
25,http_in_path,0.0,-1.1467326,-1.1467326,-0.28668314
25,https_token,1.0,0.8691328,-0.13086718,-0.13086718
25,ratio_digits_url,0.0,-0.06649049,-0.06649049,-0.09185285
25,ratio_digits_host,0.0,0.28569016,0.28569016,0.3571127
25,punycode,0.0,0.475,0.475,0.475
25,port,0.0,-0.13764915,-0.13764915,-0.13764915
25,tld_in_path,0.0,-0.3587839,-0.3587839,-0.3587839
25,tld_in_subdomain,0.0,-0.3055442,-0.3055442,-0.3055442
25,abnormal_subdomain,0.0,-0.066531196,-0.066531196,-0.066531196
25,nb_subdomains,2.0,2.84338,0.84338,0.42169
25,prefix_suffix,0.0,0.235426,0.235426,0.235426
25,random_domain,1.0,0.64831567,-0.35168433,-0.35168433
25,shortening_service,0.0,-0.02199459,-0.02199459,-0.02199459
25,path_extension,0.0,-0.1868432,-0.1868432,-0.1868432
25,nb_redirection,0.0,-1.1684442,-1.1684442,-0.1947407
25,nb_external_redirection,0.0,0.4104827,0.4104827,0.4104827
25,length_words_raw,3.0,-27.052902,-30.052902,-0.2862181
25,char_repeat,0.0,-11.521173,-11.521173,-0.07891214
25,shortest_words_raw,4.0,16.513432,12.513432,0.4171144
25,shortest_word_host,4.0,-7.426532,-11.426532,-0.30069822
25,shortest_word_path,4.0,-12.9141245,-16.914124,-0.4228531
25,longest_words_raw,8.0,-121.35589,-129.3559,-0.15641582
25,longest_word_host,8.0,14.740578,6.7405777,0.110501274
25,longest_word_path,4.0,-91.30597,-95.30597,-0.114964984
25,avg_words_raw,5.3333335,-40.409336,-45.74267,-0.3623182
25,avg_word_host,6.0,-8.399929,-14.399929,-0.3789455
25,avg_word_path,4.0,81.004486,77.004486,0.30801794
25,phish_hints,0.0,-1.5464432,-1.5464432,-0.15464433
25,domain_in_brand,0.0,-0.47364137,-0.47364137,-0.47364137
25,brand_in_subdomain,0.0,0.12063874,0.12063874,0.12063874
25,brand_in_path,0.0,-0.06506598,-0.06506598,-0.06506598
25,suspecious_tld,0.0,-0.17572668,-0.17572668,-0.17572668
25,statistical_report,0.0,-0.95,-0.95,-0.475
25,whois_registered_domain,0.0,-0.36978775,-0.36978775,-0.36978775
25,domain_registration_length,88.0,-8557.863,-8645.863,-0.28983787
25,domain_age,5026.0,3415.3303,-1610.6697,-0.12499377
25,web_traffic,544886.0,1.5096794e+06,964793.4,0.08959831
25,dns_record,0.0,0.42808738,0.42808738,0.42808738
25,google_index,1.0,0.8131934,-0.18680662,-0.18680662
25,page_rank,4.0,8.068656,4.068656,0.40686557
26,length_url,98.0,-218.96278,-316.96277,-0.19457507
26,length_hostname,26.0,-62.547623,-88.54762,-0.42165533
26,ip,1.0,0.525,-0.47500002,-0.47500002
26,nb_dots,2.0,0.13944167,-1.8605583,-0.080893844
26,nb_hyphens,2.0,-6.542381,-8.542381,-0.19866002
26,nb_at,0.0,-0.34959,-0.34959,-0.0873975
26,nb_qm,0.0,-0.79883,-0.79883,-0.26627666
26,nb_and,0.0,-1.0717508,-1.0717508,-0.056407936
26,nb_or,0.0,0.0,0.0,0.0
26,nb_eq,0.0,-3.0734978,-3.0734978,-0.16176304
26,nb_underscore,0.0,6.855951,6.855951,0.38088617
26,nb_tilde,0.0,-0.475,-0.475,-0.475
26,nb_percent,0.0,45.6,45.6,0.475
26,nb_slash,9.0,22.191133,13.1911335,0.42552045
26,nb_star,0.0,0.039624643,0.039624643,0.039624643
26,nb_colon,1.0,1.3297093,0.3297093,0.05495155
26,nb_comma,0.0,-1.167999,-1.167999,-0.29199976
26,nb_semicolumn,0.0,6.211772,6.211772,0.3105886
26,nb_dollar,0.0,2.7676911,2.7676911,0.46128187
26,nb_space,0.0,-3.5788815,-3.5788815,-0.19882675
26,nb_www,1.0,1.2792029,0.27920294,0.13960147
26,nb_com,0.0,-0.95037407,-0.95037407,-0.15839568
26,nb_dslash,0.0,0.070005134,0.070005134,0.070005134
26,http_in_path,0.0,-0.23426495,-0.23426495,-0.05856624
26,https_token,1.0,0.856817,-0.143183,-0.143183
26,ratio_digits_url,0.29591838,0.30596864,0.010050267,0.013883859
26,ratio_digits_host,0.0,0.2551677,0.2551677,0.31895962
26,punycode,0.0,0.475,0.475,0.475
26,port,0.0,-0.16390185,-0.16390185,-0.16390185
26,tld_in_path,0.0,0.16363594,0.16363594,0.16363594
26,tld_in_subdomain,0.0,-0.09524596,-0.09524596,-0.09524596
26,abnormal_subdomain,0.0,0.465351,0.465351,0.465351
26,nb_subdomains,2.0,1.6436286,-0.3563714,-0.1781857
26,prefix_suffix,1.0,0.9481822,-0.051817775,-0.051817775
26,random_domain,0.0,0.38868928,0.38868928,0.38868928
26,shortening_service,0.0,-0.038569,-0.038569,-0.038569
26,path_extension,0.0,-0.43132,-0.43132,-0.43132
26,nb_redirection,2.0,0.09332146,-1.9066786,-0.31777978
26,nb_external_redirection,0.0,-0.09233118,-0.09233118,-0.09233118
26,length_words_raw,10.0,24.799425,14.799425,0.1409469
26,char_repeat,4.0,-46.85061,-50.85061,-0.3482918
26,shortest_words_raw,2.0,-5.2373853,-7.2373853,-0.24124618
26,shortest_word_host,3.0,-2.814054,-5.814054,-0.15300143
26,shortest_word_path,2.0,-5.639012,-7.639012,-0.1909753
26,longest_words_raw,32.0,-13.00067,-45.00067,-0.054414354
26,longest_word_host,10.0,8.6760845,-1.3239155,-0.021703541
26,longest_word_path,32.0,402.05112,370.05112,0.44638255
26,avg_words_raw,7.8,0.40565407,-7.394346,-0.05856908
26,avg_word_host,7.0,-10.579441,-17.579441,-0.46261686
26,avg_word_path,8.142858,-85.098595,-93.241455,-0.3729658
26,phish_hints,2.0,0.3967408,-1.6032592,-0.16032591
26,domain_in_brand,0.0,0.47221678,0.47221678,0.47221678
26,brand_in_subdomain,0.0,0.4088319,0.4088319,0.4088319
26,brand_in_path,0.0,0.18866444,0.18866444,0.18866444
26,suspecious_tld,0.0,-0.36628795,-0.36628795,-0.36628795
26,statistical_report,0.0,-0.8659761,-0.8659761,-0.43298805
26,whois_registered_domain,0.0,0.41053972,0.41053972,0.41053972
26,domain_registration_length,257.0,-184.58238,-441.5824,-0.014803298
26,domain_age,2300.0,-1378.2878,-3678.2878,-0.28544837
26,web_traffic,0.0,-1.9422685e+06,-1.9422685e+06,-0.18037435
26,dns_record,0.0,0.11121949,0.11121949,0.11121949
26,google_index,1.0,0.525,-0.47500002,-0.47500002
26,page_rank,2.0,6.694336,4.694336,0.4694336
27,length_url,50.0,-64.665215,-114.665215,-0.07038994
27,length_hostname,23.0,96.51107,73.51107,0.3500527
27,ip,0.0,0.47046858,0.47046858,0.47046858
27,nb_dots,2.0,0.3921761,-1.6078238,-0.069905385
27,nb_hyphens,1.0,-11.707742,-12.707742,-0.2955289
27,nb_at,0.0,1.9,1.9,0.475
27,nb_qm,0.0,-0.3977701,-0.3977701,-0.13259004
27,nb_and,0.0,8.628845,8.628845,0.45414975
27,nb_or,0.0,0.0,0.0,0.0
27,nb_eq,0.0,9.025,9.025,0.475
27,nb_underscore,0.0,-7.463119,-7.463119,-0.41461772
27,nb_tilde,0.0,0.28966507,0.28966507,0.28966507
27,nb_percent,0.0,45.33281,45.33281,0.47221676
27,nb_slash,4.0,-1.163923,-5.1639233,-0.16657816
27,nb_star,0.0,0.28943598,0.28943598,0.28943598
27,nb_colon,1.0,-1.7752225,-2.7752225,-0.46253708
27,nb_comma,0.0,1.8614036,1.8614036,0.4653509
27,nb_semicolumn,0.0,9.251776,9.251776,0.4625888
27,nb_dollar,0.0,0.35984755,0.35984755,0.059974592
27,nb_space,0.0,-8.55,-8.55,-0.47500002
27,nb_www,1.0,0.050000012,-0.95,-0.475
27,nb_com,0.0,1.4153837,1.4153837,0.23589729
27,nb_dslash,0.0,0.475,0.475,0.475
27,http_in_path,0.0,-1.9,-1.9,-0.475
27,https_token,0.0,0.23827018,0.23827018,0.23827018
27,ratio_digits_url,0.0,0.26453754,0.26453754,0.36544362
27,ratio_digits_host,0.0,0.033731483,0.033731483,0.04216435
27,punycode,0.0,0.475,0.475,0.475
27,port,0.0,-0.39467326,-0.39467326,-0.39467326
27,tld_in_path,0.0,-0.15398309,-0.15398309,-0.15398309
27,tld_in_subdomain,0.0,0.43419433,0.43419433,0.43419433
27,abnormal_subdomain,0.0,-0.1307456,-0.1307456,-0.1307456
27,nb_subdomains,2.0,2.4877105,0.48771048,0.24385524
27,prefix_suffix,1.0,1.1171924,0.11719239,0.11719239
27,random_domain,0.0,-0.3076466,-0.3076466,-0.3076466
27,shortening_service,0.0,-0.16608998,-0.16608998,-0.16608998
27,path_extension,0.0,-0.44359562,-0.44359562,-0.44359562
27,nb_redirection,0.0,-0.4247434,-0.4247434,-0.07079057
27,nb_external_redirection,0.0,-0.04591087,-0.04591087,-0.04591087
27,length_words_raw,5.0,44.93025,39.93025,0.3802881
27,char_repeat,4.0,-24.751816,-28.751816,-0.19693024
27,shortest_words_raw,3.0,-9.175385,-12.175385,-0.40584618
27,shortest_word_host,3.0,15.71979,12.71979,0.3347313
27,shortest_word_path,7.0,1.398284,-5.601716,-0.1400429
27,longest_words_raw,10.0,-161.72636,-171.72636,-0.20764978
27,longest_word_host,7.0,-16.411943,-23.411943,-0.38380235
27,longest_word_path,10.0,-196.55199,-206.55199,-0.24915801
27,avg_words_raw,6.8,-28.603304,-35.403305,-0.2804222
27,avg_word_host,5.6666665,-2.5308473,-8.197514,-0.21572405
27,avg_word_path,8.5,124.13413,115.63413,0.4625365
27,phish_hints,0.0,2.487612,2.487612,0.2487612
27,domain_in_brand,0.0,-0.4653509,-0.4653509,-0.4653509
27,brand_in_subdomain,0.0,0.19599769,0.19599769,0.19599769
27,brand_in_path,0.0,0.039483935,0.039483935,0.039483935
27,suspecious_tld,0.0,0.3653732,0.3653732,0.3653732
27,statistical_report,0.0,-0.5619503,-0.5619503,-0.28097516
27,whois_registered_domain,0.0,-0.10618979,-0.10618979,-0.10618979
27,domain_registration_length,197.0,1188.8322,991.83215,0.033249486
27,domain_age,7839.0,9879.775,2040.7754,0.15837151
27,web_traffic,607.0,5.1154e+06,5.114793e+06,0.475
27,dns_record,0.0,-0.24113606,-0.24113606,-0.24113606
27,google_index,0.0,0.1625303,0.1625303,0.1625303
27,page_rank,6.0,9.150144,3.1501436,0.31501436
28,length_url,45.0,-617.389,-662.389,-0.40662307
28,length_hostname,11.0,-51.806385,-62.806385,-0.29907802
28,ip,0.0,-0.03309331,-0.03309331,-0.03309331
28,nb_dots,3.0,9.072201,6.072201,0.26400873
28,nb_hyphens,0.0,12.723497,12.723497,0.29589528
28,nb_at,0.0,1.4030805,1.4030805,0.35077012
28,nb_qm,0.0,-0.78760403,-0.78760403,-0.26253468
28,nb_and,0.0,6.4040537,6.4040537,0.33705544
28,nb_or,0.0,0.0,0.0,0.0
28,nb_eq,0.0,-1.8067749,-1.8067749,-0.095093414
28,nb_underscore,0.0,-6.73697,-6.73697,-0.3742761
28,nb_tilde,0.0,0.0974969,0.0974969,0.0974969
28,nb_percent,0.0,-43.71006,-43.71006,-0.45531312
28,nb_slash,5.0,11.399528,6.3995275,0.20643637
28,nb_star,0.0,-0.2450208,-0.2450208,-0.2450208
28,nb_colon,1.0,2.0152614,1.0152614,0.16921024
28,nb_comma,0.0,0.019992735,0.019992735,0.004998184
28,nb_semicolumn,0.0,1.7326874,1.7326874,0.08663437
28,nb_dollar,0.0,-0.48803306,-0.48803306,-0.081338845
28,nb_space,0.0,-1.5537732,-1.5537732,-0.08632073
28,nb_www,1.0,1.4997641,0.49976408,0.24988204
28,nb_com,0.0,-1.7051135,-1.7051135,-0.2841856
28,nb_dslash,0.0,0.18825129,0.18825129,0.18825129
28,http_in_path,0.0,-1.6613187,-1.6613187,-0.41532966
28,https_token,0.0,0.31193656,0.31193656,0.31193656
28,ratio_digits_url,0.13333334,-0.18225108,-0.31558442,-0.435962
28,ratio_digits_host,0.0,-0.117054485,-0.117054485,-0.14631811
28,punycode,0.0,0.475,0.475,0.475
28,port,0.0,-0.38401866,-0.38401866,-0.38401866
28,tld_in_path,0.0,0.20233077,0.20233077,0.20233077
28,tld_in_subdomain,0.0,0.22371694,0.22371694,0.22371694
28,abnormal_subdomain,0.0,-0.35700125,-0.35700125,-0.35700125
28,nb_subdomains,3.0,3.8247304,0.8247304,0.4123652
28,prefix_suffix,0.0,-0.113517314,-0.113517314,-0.113517314
28,random_domain,1.0,0.57980436,-0.42019564,-0.42019564
28,shortening_service,0.0,0.050787836,0.050787836,0.050787836
28,path_extension,0.0,0.200286,0.200286,0.200286
28,nb_redirection,0.0,-0.6660996,-0.6660996,-0.1110166
28,nb_external_redirection,0.0,-0.10589655,-0.10589655,-0.10589655
28,length_words_raw,6.0,55.875004,49.875004,0.47500002
28,char_repeat,4.0,-39.54315,-43.54315,-0.29824078
28,shortest_words_raw,3.0,17.025688,14.025688,0.46752292
28,shortest_word_host,3.0,7.0719934,4.0719934,0.107157715
28,shortest_word_path,3.0,17.207909,14.207909,0.35519773
28,longest_words_raw,9.0,91.68825,82.68825,0.099985786
28,longest_word_host,3.0,24.953993,21.953993,0.35990152
28,longest_word_path,9.0,130.35327,121.35327,0.14638513
28,avg_words_raw,4.6666665,0.3390051,-4.3276615,-0.034278505
28,avg_word_host,3.0,5.115158,2.115158,0.05566205
28,avg_word_path,5.5,-105.53627,-111.03627,-0.44414508
28,phish_hints,0.0,-2.9338858,-2.9338858,-0.29338858
28,domain_in_brand,0.0,-0.2715295,-0.2715295,-0.2715295
28,brand_in_subdomain,0.0,-0.42763877,-0.42763877,-0.42763877
28,brand_in_path,0.0,0.43851185,0.43851185,0.43851185
28,suspecious_tld,0.0,0.43647355,0.43647355,0.43647355
28,statistical_report,0.0,0.57853293,0.57853293,0.28926647
28,whois_registered_domain,0.0,-0.38721776,-0.38721776,-0.38721776
28,domain_registration_length,0.0,-10178.373,-10178.373,-0.34121263
28,domain_age,-1.0,2049.5461,2050.5461,0.15912975
28,web_traffic,6431.0,1.5153118e+06,1.5088808e+06,0.14012654
28,dns_record,0.0,0.1269037,0.1269037,0.1269037
28,google_index,0.0,0.13383594,0.13383594,0.13383594
28,page_rank,6.0,10.213257,4.213257,0.42132568
29,length_url,159.0,663.9867,504.9867,0.30999798
29,length_hostname,14.0,46.108727,32.108727,0.1528987
29,ip,1.0,0.525,-0.47500002,-0.47500002
29,nb_dots,2.0,4.0676823,2.0676823,0.08989923
29,nb_hyphens,0.0,-3.471737,-3.471737,-0.08073807
29,nb_at,0.0,0.56728196,0.56728196,0.14182049
29,nb_qm,1.0,2.425,1.425,0.475
29,nb_and,1.0,3.589473,2.589473,0.13628805
29,nb_or,0.0,0.0,0.0,0.0
29,nb_eq,2.0,-1.2473332,-3.247333,-0.17091227
29,nb_underscore,0.0,-6.302063,-6.302063,-0.3501146
29,nb_tilde,0.0,-0.475,-0.475,-0.475
29,nb_percent,0.0,44.452957,44.452957,0.46305165
29,nb_slash,8.0,21.108234,13.108234,0.42284626
29,nb_star,0.0,0.32303137,0.32303137,0.32303137
29,nb_colon,1.0,2.361347,1.361347,0.22689116
29,nb_comma,0.0,-1.8165989,-1.8165989,-0.45414972
29,nb_semicolumn,1.0,8.319596,7.3195963,0.3659798
29,nb_dollar,0.0,-0.15340401,-0.15340401,-0.025567336
29,nb_space,0.0,-5.6962924,-5.6962924,-0.3164607
29,nb_www,0.0,0.36158198,0.36158198,0.18079099
29,nb_com,0.0,-2.833516,-2.833516,-0.47225264
29,nb_dslash,0.0,0.14887217,0.14887217,0.14887217
29,http_in_path,0.0,-0.51382226,-0.51382226,-0.12845556
29,https_token,1.0,1.1753049,0.17530489,0.17530489
29,ratio_digits_url,0.27044025,0.61428356,0.3438433,0.47500005
29,ratio_digits_host,0.0,-0.2031794,-0.2031794,-0.25397426
29,punycode,0.0,0.475,0.475,0.475
29,port,0.0,-0.3075869,-0.3075869,-0.3075869
29,tld_in_path,0.0,0.37414765,0.37414765,0.37414765
29,tld_in_subdomain,0.0,-0.0069653294,-0.0069653294,-0.0069653294
29,abnormal_subdomain,0.0,-0.4456717,-0.4456717,-0.4456717
29,nb_subdomains,2.0,2.5325708,0.53257084,0.26628542
29,prefix_suffix,0.0,0.31023216,0.31023216,0.31023216
29,random_domain,0.0,-0.24539642,-0.24539642,-0.24539642
29,shortening_service,0.0,0.008500352,0.008500352,0.008500352
29,path_extension,0.0,-0.4157318,-0.4157318,-0.4157318
29,nb_redirection,1.0,3.7075932,2.7075932,0.4512655
29,nb_external_redirection,0.0,-0.20679463,-0.20679463,-0.20679463
29,length_words_raw,12.0,49.61956,37.61956,0.35828152
29,char_repeat,4.0,5.462233,1.4622331,0.010015294
29,shortest_words_raw,3.0,-2.261697,-5.261697,-0.17538992
29,shortest_word_host,10.0,20.79006,10.79006,0.28394896
29,shortest_word_path,3.0,21.022194,18.022194,0.45055485
29,longest_words_raw,40.0,176.54832,136.54832,0.16511285
29,longest_word_host,10.0,-6.9743567,-16.974358,-0.27826816
29,longest_word_path,40.0,422.69107,382.69107,0.46162975
29,avg_words_raw,11.416667,-44.229385,-55.646053,-0.44076082
29,avg_word_host,10.0,-6.784289,-16.784288,-0.44169182
29,avg_word_path,11.545455,124.35807,112.812614,0.45125046
29,phish_hints,0.0,1.7078798,1.7078798,0.17078798
29,domain_in_brand,0.0,0.41263282,0.41263282,0.41263282
29,brand_in_subdomain,0.0,0.23220819,0.23220819,0.23220819
29,brand_in_path,0.0,0.475,0.475,0.475
29,suspecious_tld,0.0,0.475,0.475,0.475
29,statistical_report,0.0,0.2959126,0.2959126,0.1479563
29,whois_registered_domain,0.0,0.3175407,0.3175407,0.3175407
29,domain_registration_length,325.0,9635.931,9310.931,0.3121331
29,domain_age,1500.0,4656.6484,3156.6484,0.2449673
29,web_traffic,0.0,-587792.3,-587792.3,-0.054587025
29,dns_record,0.0,0.057038233,0.057038233,0.057038233
29,google_index,1.0,1.3932927,0.39329267,0.39329267
29,page_rank,0.0,-4.660945,-4.660945,-0.4660945
30,length_url,103.0,-22.99701,-125.99701,-0.077346236
30,length_hostname,19.0,-21.747053,-40.747055,-0.1940336
30,ip,0.0,0.10017546,0.10017546,0.10017546
30,nb_dots,3.0,13.877939,10.877939,0.4729539
30,nb_hyphens,1.0,-11.447077,-12.447077,-0.28946692
30,nb_at,1.0,2.390481,1.390481,0.34762025
30,nb_qm,1.0,2.425,1.425,0.475
30,nb_and,0.0,3.566759,3.566759,0.18772416
30,nb_or,0.0,0.0,0.0,0.0
30,nb_eq,1.0,2.7674599,1.7674599,0.0930242
30,nb_underscore,0.0,4.912032,4.912032,0.2728907
30,nb_tilde,0.0,0.20478931,0.20478931,0.20478931
30,nb_percent,0.0,-45.6,-45.6,-0.475
30,nb_slash,4.0,14.239554,10.239554,0.3303082
30,nb_star,0.0,-0.41039202,-0.41039202,-0.41039202
30,nb_colon,1.0,1.9704814,0.9704814,0.1617469
30,nb_comma,0.0,-1.8693846,-1.8693846,-0.46734616
30,nb_semicolumn,0.0,0.11618273,0.11618273,0.0058091367
30,nb_dollar,0.0,2.3493242,2.3493242,0.39155403
30,nb_space,0.0,-8.55,-8.55,-0.47500002
30,nb_www,0.0,-0.07218804,-0.07218804,-0.03609402
30,nb_com,0.0,2.812314,2.812314,0.468719
30,nb_dslash,0.0,0.39595568,0.39595568,0.39595568
30,http_in_path,0.0,-0.0528055,-0.0528055,-0.013201375
30,https_token,0.0,-0.41488642,-0.41488642,-0.41488642
30,ratio_digits_url,0.0776699,0.14473915,0.06706925,0.092652366
30,ratio_digits_host,0.0,0.17600094,0.17600094,0.22000118
30,punycode,0.0,0.475,0.475,0.475
30,port,0.0,-0.24264994,-0.24264994,-0.24264994
30,tld_in_path,0.0,-0.38542446,-0.38542446,-0.38542446
30,tld_in_subdomain,0.0,0.2558555,0.2558555,0.2558555
30,abnormal_subdomain,0.0,-0.18779223,-0.18779223,-0.18779223
30,nb_subdomains,3.0,3.618675,0.618675,0.3093375
30,prefix_suffix,0.0,0.475,0.475,0.475
30,random_domain,0.0,0.3399551,0.3399551,0.3399551
30,shortening_service,0.0,0.03404824,0.03404824,0.03404824
30,path_extension,0.0,0.31740636,0.31740636,0.31740636
30,nb_redirection,0.0,-2.85,-2.85,-0.475
30,nb_external_redirection,0.0,-0.061428096,-0.061428096,-0.061428096
30,length_words_raw,9.0,50.375656,41.375656,0.39405388
30,char_repeat,2.0,0.74599665,-1.2540033,-0.008589064
30,shortest_words_raw,2.0,3.790863,1.790863,0.059695434
30,shortest_word_host,4.0,-14.05,-18.05,-0.475
30,shortest_word_path,2.0,-15.907963,-17.907963,-0.44769907
30,longest_words_raw,44.0,-138.23918,-182.23918,-0.22036177
30,longest_word_host,10.0,9.278568,-0.72143173,-0.011826754
30,longest_word_path,44.0,182.64775,138.64775,0.16724698
30,avg_words_raw,9.222222,3.0870767,-6.1351457,-0.048595212
30,avg_word_host,7.0,9.232234,2.232234,0.058743
30,avg_word_path,9.857142,128.60713,118.74999,0.475
30,phish_hints,0.0,-0.58397645,-0.58397645,-0.058397643
30,domain_in_brand,0.0,0.4255206,0.4255206,0.4255206
30,brand_in_subdomain,0.0,0.012790819,0.012790819,0.012790819
30,brand_in_path,0.0,0.23015781,0.23015781,0.23015781
30,suspecious_tld,0.0,-0.009871732,-0.009871732,-0.009871732
30,statistical_report,0.0,0.7251075,0.7251075,0.36255375
30,whois_registered_domain,0.0,0.47221678,0.47221678,0.47221678
30,domain_registration_length,231.0,8923.198,8692.198,0.29139116
30,domain_age,134.0,4882.261,4748.261,0.36848217
30,web_traffic,1.508317e+06,5.02921e+06,3.520893e+06,0.32697785
30,dns_record,0.0,0.475,0.475,0.475
30,google_index,1.0,1.3321158,0.33211577,0.33211577
30,page_rank,2.0,0.28424883,-1.7157512,-0.17157511
31,length_url,81.0,854.775,773.775,0.47500002
31,length_hostname,27.0,72.34578,45.34578,0.21593228
31,ip,1.0,0.7637464,-0.23625362,-0.23625362
31,nb_dots,2.0,-6.996291,-8.996291,-0.39114308
31,nb_hyphens,0.0,-0.91327584,-0.91327584,-0.021238973
31,nb_at,0.0,-1.8344989,-1.8344989,-0.45862472
31,nb_qm,0.0,-0.40826142,-0.40826142,-0.13608713
31,nb_and,0.0,-9.025,-9.025,-0.475
31,nb_or,0.0,0.0,0.0,0.0
31,nb_eq,0.0,1.6108153,1.6108153,0.084779754
31,nb_underscore,0.0,0.14802988,0.14802988,0.008223882
31,nb_tilde,0.0,0.26576465,0.26576465,0.26576465
31,nb_percent,0.0,-45.6,-45.6,-0.475
31,nb_slash,5.0,16.376808,11.376808,0.3669938
31,nb_star,0.0,-0.26316267,-0.26316267,-0.26316267
31,nb_colon,1.0,3.85,2.85,0.475
31,nb_comma,0.0,1.7982254,1.7982254,0.44955635
31,nb_semicolumn,0.0,9.350456,9.350456,0.4675228
31,nb_dollar,0.0,1.3270829,1.3270829,0.22118048
31,nb_space,0.0,-5.114211,-5.114211,-0.28412282
31,nb_www,1.0,1.8120732,0.81207323,0.40603662
31,nb_com,0.0,-2.3178563,-2.3178563,-0.3863094
31,nb_dslash,0.0,0.38777685,0.38777685,0.38777685
31,http_in_path,0.0,-0.27337655,-0.27337655,-0.06834414
31,https_token,1.0,0.5753605,-0.42463952,-0.42463952
31,ratio_digits_url,0.28395063,0.28554612,0.0015954971,0.0022040904
31,ratio_digits_host,0.0,-0.08389482,-0.08389482,-0.104868524
31,punycode,0.0,0.475,0.475,0.475
31,port,0.0,-0.20176472,-0.20176472,-0.20176472
31,tld_in_path,0.0,-0.45559704,-0.45559704,-0.45559704
31,tld_in_subdomain,0.0,-0.111551225,-0.111551225,-0.111551225
31,abnormal_subdomain,0.0,-0.14492023,-0.14492023,-0.14492023
31,nb_subdomains,2.0,1.0985216,-0.9014784,-0.4507392
31,prefix_suffix,0.0,-0.1365815,-0.1365815,-0.1365815
31,random_domain,0.0,0.4215117,0.4215117,0.4215117
31,shortening_service,0.0,0.26800203,0.26800203,0.26800203
31,path_extension,0.0,0.43663913,0.43663913,0.43663913
31,nb_redirection,1.0,-1.3570733,-2.3570733,-0.39284557
31,nb_external_redirection,0.0,0.2789163,0.2789163,0.2789163
31,length_words_raw,5.0,35.98021,30.98021,0.2950496
31,char_repeat,8.0,-14.109768,-22.109768,-0.15143678
31,shortest_words_raw,2.0,11.073333,9.073333,0.30244443
31,shortest_word_host,3.0,19.038654,16.038654,0.42206985
31,shortest_word_path,2.0,18.872395,16.872395,0.42180985
31,longest_words_raw,32.0,29.792448,-2.207552,-0.0026693493
31,longest_word_host,19.0,4.7980013,-14.201999,-0.23281966
31,longest_word_path,32.0,413.983,381.983,0.46077564
31,avg_words_raw,13.2,-27.610611,-40.81061,-0.32325238
31,avg_word_host,11.0,-3.3084807,-14.308481,-0.376539
31,avg_word_path,14.666667,130.29877,115.6321,0.46252838
31,phish_hints,0.0,-1.8696059,-1.8696059,-0.1869606
31,domain_in_brand,0.0,-0.100134686,-0.100134686,-0.100134686
31,brand_in_subdomain,0.0,0.27185225,0.27185225,0.27185225
31,brand_in_path,0.0,0.11183668,0.11183668,0.11183668
31,suspecious_tld,0.0,-0.26042485,-0.26042485,-0.26042485
31,statistical_report,0.0,-0.523371,-0.523371,-0.2616855
31,whois_registered_domain,0.0,-0.109689385,-0.109689385,-0.109689385
31,domain_registration_length,77.0,-1493.8457,-1570.8457,-0.052659933
31,domain_age,5767.0,3507.216,-2259.784,-0.17536739
31,web_traffic,0.0,5.1147935e+06,5.1147935e+06,0.47500002
31,dns_record,0.0,0.46752283,0.46752283,0.46752283
31,google_index,1.0,0.87197214,-0.12802786,-0.12802786
31,page_rank,2.0,2.544676,0.54467607,0.054467604
