loan_amnt,term,int_rate,installment,sub_grade,emp_length,home_ownership,annual_inc,verification_status,purpose,dti,open_acc,pub_rec,revol_bal,revol_util,total_acc,initial_list_status,application_type,mort_acc,pub_rec_bankruptcies,fico_score,month_of_year,ratio_loan_amnt_annual_inc,ratio_open_acc_total_acc,month_since_earliest_cr_line,ratio_pub_rec_month_since_earliest_cr_line,ratio_pub_rec_bankruptcies_month_since_earliest_cr_line,ratio_pub_rec_bankruptcies_pub_rec,charged_off
28000.0,36.0,8.9,889.09,4.0,7.0,0.0,110000.0,1.0,0.0,2.26,5.0,0.0,14930.0,2.9,21.0,1.0,0.0,4.0,0.0,802.0,2.0,0.2545454545454545,0.238095238095238,226.0,0.0,0.0,-1.0,1
10000.0,36.0,14.65,344.95,11.0,10.0,2.0,56000.0,0.0,0.0,16.35,7.0,0.0,8362.0,68.4,15.0,1.0,0.0,0.0,0.0,682.0,2.0,0.1785714285714285,0.4666666666666667,198.0,0.0,0.0,-1.0,0
25000.0,36.0,13.11,843.68,8.0,3.0,1.0,65000.0,2.0,0.0,11.77,8.0,0.0,24589.0,80.9,22.0,1.0,0.0,0.0,0.0,707.0,3.0,0.3846153846153846,0.3636363636363636,106.0,0.0,0.0,-1.0,0
10000.0,36.0,12.12,332.72,7.0,6.0,1.0,97000.0,1.0,4.0,2.89,13.0,0.0,9064.0,37.9,20.0,1.0,0.0,0.0,0.0,697.0,3.0,0.1030927835051546,0.65,117.0,0.0,0.0,-1.0,0
10000.0,36.0,13.67,340.18,9.0,7.0,1.0,65000.0,0.0,4.0,20.64,12.0,0.0,12974.0,75.0,21.0,1.0,0.0,0.0,0.0,692.0,3.0,0.1538461538461538,0.5714285714285714,327.0,0.0,0.0,-1.0,0
32000.0,60.0,12.12,713.77,7.0,10.0,1.0,109860.0,1.0,0.0,17.97,10.0,0.0,23301.0,71.5,28.0,1.0,0.0,3.0,0.0,747.0,3.0,0.2912798106681231,0.3571428571428571,219.0,0.0,0.0,-1.0,1
15000.0,36.0,7.62,467.43,2.0,10.0,2.0,60000.0,0.0,0.0,8.02,9.0,0.0,32138.0,60.3,14.0,1.0,0.0,1.0,0.0,762.0,3.0,0.25,0.6428571428571429,316.0,0.0,0.0,-1.0,0
5400.0,36.0,12.12,179.67,7.0,1.0,1.0,60000.0,1.0,4.0,17.72,8.0,0.0,4907.0,66.3,9.0,1.0,0.0,0.0,0.0,692.0,3.0,0.09,0.8888888888888888,54.0,0.0,0.0,-1.0,0
13000.0,36.0,12.12,432.54,7.0,7.0,1.0,42000.0,0.0,4.0,22.83,12.0,0.0,13108.0,60.7,26.0,1.0,0.0,0.0,0.0,697.0,3.0,0.3095238095238095,0.4615384615384615,206.0,0.0,0.0,-1.0,1
9800.0,36.0,8.9,311.19,4.0,2.0,2.0,24000.0,1.0,0.0,21.25,7.0,0.0,12715.0,94.2,14.0,1.0,0.0,0.0,0.0,732.0,3.0,0.4083333333333333,0.5,142.0,0.0,0.0,-1.0,0
18000.0,36.0,13.67,612.32,9.0,3.0,1.0,65000.0,0.0,0.0,12.11,8.0,0.0,16914.0,67.2,8.0,1.0,0.0,0.0,0.0,687.0,3.0,0.2769230769230769,1.0,86.0,0.0,0.0,-1.0,0
12000.0,36.0,13.67,408.22,9.0,9.0,1.0,40000.0,1.0,4.0,23.91,8.0,0.0,12635.0,84.2,10.0,1.0,0.0,0.0,0.0,677.0,3.0,0.3,0.8,136.0,0.0,0.0,-1.0,0
15000.0,36.0,16.29,529.51,14.0,10.0,1.0,50000.0,0.0,0.0,19.51,12.0,0.0,26757.0,78.0,17.0,1.0,0.0,0.0,0.0,677.0,3.0,0.3,0.7058823529411765,200.0,0.0,0.0,-1.0,0
18000.0,36.0,12.12,598.89,7.0,6.0,1.0,40000.0,2.0,4.0,20.09,10.0,0.0,8343.0,75.8,16.0,1.0,0.0,0.0,0.0,702.0,4.0,0.45,0.625,192.0,0.0,0.0,-1.0,0
16800.0,60.0,20.99,454.41,22.0,0.0,1.0,70000.0,0.0,12.0,7.2,12.0,0.0,8336.0,61.9,17.0,1.0,0.0,0.0,0.0,667.0,4.0,0.24,0.7058823529411765,88.0,0.0,0.0,-1.0,1
10000.0,36.0,9.76,321.55,5.0,3.0,0.0,40000.0,1.0,2.0,14.34,13.0,0.0,7961.0,28.9,21.0,1.0,0.0,1.0,0.0,732.0,4.0,0.25,0.6190476190476191,66.0,0.0,0.0,-1.0,1
2500.0,36.0,10.74,81.54,6.0,10.0,1.0,34000.0,1.0,0.0,23.4,9.0,1.0,1243.0,20.4,15.0,1.0,0.0,0.0,1.0,702.0,4.0,0.0735294117647058,0.6,146.0,0.0068493150684931,0.0068493150684931,1.0,1
11875.0,36.0,14.65,409.62,11.0,2.0,1.0,60000.0,0.0,0.0,7.36,8.0,0.0,13116.0,70.5,9.0,1.0,0.0,0.0,0.0,677.0,4.0,0.1979166666666666,0.8888888888888888,95.0,0.0,0.0,-1.0,0
5400.0,36.0,13.67,183.7,9.0,10.0,1.0,85000.0,1.0,0.0,24.82,10.0,0.0,4292.0,89.4,19.0,1.0,0.0,1.0,0.0,687.0,4.0,0.0635294117647058,0.5263157894736842,128.0,0.0,0.0,-1.0,0
6000.0,36.0,12.12,199.63,7.0,2.0,0.0,60000.0,0.0,4.0,18.76,13.0,0.0,20697.0,78.7,27.0,1.0,0.0,1.0,0.0,697.0,4.0,0.1,0.4814814814814814,230.0,0.0,0.0,-1.0,0
11500.0,36.0,13.99,392.99,10.0,10.0,1.0,24000.0,1.0,0.0,22.55,8.0,0.0,8036.0,53.2,10.0,1.0,0.0,0.0,0.0,687.0,4.0,0.4791666666666667,0.8,100.0,0.0,0.0,-1.0,0
15000.0,36.0,13.11,506.21,8.0,5.0,2.0,31000.0,0.0,0.0,21.99,9.0,0.0,28026.0,61.7,18.0,1.0,0.0,0.0,0.0,692.0,4.0,0.4838709677419355,0.5,124.0,0.0,0.0,-1.0,0
14000.0,36.0,12.12,465.81,7.0,10.0,0.0,70000.0,0.0,0.0,15.99,4.0,0.0,10045.0,93.9,29.0,1.0,0.0,1.0,0.0,717.0,4.0,0.2,0.1379310344827586,187.0,0.0,0.0,-1.0,0
3000.0,36.0,18.25,108.84,17.0,0.0,1.0,27000.0,1.0,5.0,7.87,15.0,0.0,1452.0,42.7,17.0,1.0,0.0,0.0,0.0,662.0,4.0,0.1111111111111111,0.8823529411764706,44.0,0.0,0.0,-1.0,0
25425.0,60.0,23.13,718.65,27.0,7.0,2.0,79000.0,1.0,0.0,7.37,7.0,0.0,16763.0,84.2,18.0,1.0,0.0,0.0,0.0,672.0,4.0,0.3218354430379747,0.3888888888888889,122.0,0.0,0.0,-1.0,1
18000.0,60.0,13.99,418.74,10.0,10.0,1.0,42500.0,1.0,0.0,19.34,8.0,0.0,18416.0,61.2,63.0,1.0,0.0,3.0,0.0,732.0,4.0,0.4235294117647059,0.1269841269841269,162.0,0.0,0.0,-1.0,0
15000.0,36.0,13.99,512.6,10.0,4.0,1.0,84000.0,0.0,0.0,14.76,12.0,0.0,17999.0,67.3,24.0,1.0,0.0,0.0,0.0,687.0,5.0,0.1785714285714285,0.5,231.0,0.0,0.0,-1.0,0
12800.0,36.0,13.11,431.97,8.0,8.0,1.0,27000.0,2.0,0.0,33.91,7.0,0.0,13108.0,82.1,23.0,1.0,0.0,0.0,0.0,682.0,5.0,0.4740740740740741,0.3043478260869565,214.0,0.0,0.0,-1.0,0
8000.0,36.0,13.67,272.15,9.0,8.0,1.0,36000.0,0.0,0.0,27.73,7.0,0.0,8062.0,76.1,15.0,1.0,0.0,0.0,0.0,677.0,5.0,0.2222222222222222,0.4666666666666667,145.0,0.0,0.0,-1.0,0
35000.0,36.0,17.27,1252.56,15.0,10.0,0.0,140000.0,1.0,0.0,21.24,18.0,0.0,17409.0,73.5,42.0,1.0,0.0,6.0,0.0,707.0,5.0,0.25,0.4285714285714285,258.0,0.0,0.0,-1.0,1
21000.0,60.0,20.5,562.24,21.0,5.0,0.0,97000.0,2.0,0.0,18.42,11.0,0.0,31080.0,92.0,14.0,1.0,0.0,1.0,0.0,682.0,5.0,0.2164948453608247,0.7857142857142857,71.0,0.0,0.0,-1.0,0
10000.0,60.0,17.99,253.88,16.0,2.0,1.0,39000.0,2.0,0.0,4.4,6.0,0.0,4363.0,59.8,11.0,1.0,0.0,0.0,0.0,692.0,5.0,0.2564102564102564,0.5454545454545454,77.0,0.0,0.0,-1.0,0
9000.0,36.0,15.81,315.57,13.0,5.0,1.0,41000.0,0.0,0.0,15.78,7.0,0.0,14309.0,39.2,17.0,1.0,0.0,0.0,0.0,672.0,5.0,0.2195121951219512,0.4117647058823529,99.0,0.0,0.0,-1.0,0
10000.0,36.0,13.67,340.18,9.0,10.0,0.0,45000.0,0.0,2.0,20.24,8.0,0.0,10611.0,92.3,20.0,1.0,0.0,3.0,0.0,692.0,5.0,0.2222222222222222,0.4,234.0,0.0,0.0,-1.0,0
4800.0,36.0,8.9,152.42,4.0,9.0,1.0,60000.0,2.0,10.0,12.46,3.0,0.0,1612.0,22.4,5.0,1.0,0.0,0.0,0.0,757.0,5.0,0.08,0.6,55.0,0.0,0.0,-1.0,0
20400.0,60.0,16.29,499.24,14.0,10.0,0.0,64000.0,2.0,4.0,25.18,9.0,0.0,30855.0,84.8,25.0,1.0,0.0,4.0,0.0,712.0,5.0,0.31875,0.36,216.0,0.0,0.0,-1.0,0
12000.0,36.0,13.99,410.08,10.0,4.0,1.0,61000.0,1.0,4.0,21.07,16.0,0.0,13318.0,47.1,35.0,1.0,0.0,0.0,0.0,672.0,5.0,0.1967213114754098,0.4571428571428571,114.0,0.0,0.0,-1.0,1
4800.0,36.0,13.11,161.99,8.0,1.0,0.0,106000.0,0.0,0.0,13.53,11.0,0.0,17989.0,88.2,38.0,1.0,0.0,5.0,0.0,677.0,5.0,0.0452830188679245,0.2894736842105263,203.0,0.0,0.0,-1.0,0
21000.0,60.0,18.25,536.13,17.0,10.0,0.0,46000.0,2.0,0.0,23.24,12.0,0.0,12981.0,58.7,25.0,1.0,0.0,0.0,0.0,697.0,5.0,0.4565217391304347,0.48,347.0,0.0,0.0,-1.0,1
8000.0,36.0,7.9,250.33,3.0,4.0,1.0,128000.0,1.0,0.0,0.88,4.0,0.0,5187.0,39.0,4.0,1.0,0.0,0.0,0.0,727.0,5.0,0.0625,1.0,73.0,0.0,0.0,-1.0,0
4800.0,36.0,15.81,168.31,13.0,9.0,0.0,45000.0,0.0,0.0,22.77,11.0,0.0,4814.0,83.0,30.0,1.0,0.0,1.0,0.0,667.0,5.0,0.1066666666666666,0.3666666666666666,93.0,0.0,0.0,-1.0,0
28625.0,36.0,20.5,1071.12,21.0,4.0,0.0,58000.0,2.0,0.0,26.52,14.0,0.0,32872.0,65.2,23.0,1.0,0.0,0.0,0.0,672.0,5.0,0.4935344827586206,0.6086956521739131,136.0,0.0,0.0,-1.0,0
15000.0,36.0,17.27,536.81,15.0,1.0,1.0,94000.0,0.0,4.0,5.18,6.0,0.0,17113.0,93.0,9.0,1.0,0.0,0.0,0.0,682.0,5.0,0.1595744680851064,0.6666666666666666,159.0,0.0,0.0,-1.0,0
15000.0,36.0,18.25,544.17,17.0,7.0,1.0,60000.0,0.0,4.0,18.3,8.0,0.0,11807.0,93.0,24.0,1.0,0.0,0.0,0.0,672.0,5.0,0.25,0.3333333333333333,246.0,0.0,0.0,-1.0,0
5000.0,36.0,6.62,153.52,1.0,9.0,1.0,45000.0,2.0,12.0,13.28,15.0,0.0,4834.0,14.2,29.0,1.0,0.0,0.0,0.0,742.0,6.0,0.1111111111111111,0.5172413793103449,167.0,0.0,0.0,-1.0,0
21000.0,36.0,13.11,708.69,8.0,1.0,0.0,161500.0,0.0,0.0,10.64,14.0,0.0,33765.0,62.8,22.0,1.0,0.0,1.0,0.0,717.0,6.0,0.1300309597523219,0.6363636363636364,408.0,0.0,0.0,-1.0,0
11200.0,36.0,17.77,403.62,15.0,6.0,1.0,45000.0,0.0,0.0,10.24,10.0,0.0,9843.0,69.8,17.0,1.0,0.0,0.0,0.0,667.0,6.0,0.2488888888888888,0.5882352941176471,72.0,0.0,0.0,-1.0,0
12000.0,36.0,17.27,429.45,14.0,5.0,0.0,50000.0,0.0,4.0,9.65,6.0,0.0,12254.0,81.2,12.0,1.0,0.0,0.0,0.0,667.0,6.0,0.24,0.5,289.0,0.0,0.0,-1.0,0
35000.0,60.0,13.11,798.33,8.0,9.0,2.0,89500.0,2.0,0.0,29.51,18.0,0.0,45806.0,47.7,26.0,1.0,0.0,1.0,0.0,742.0,6.0,0.3910614525139664,0.6923076923076923,254.0,0.0,0.0,-1.0,0
6000.0,36.0,13.11,202.49,8.0,3.0,1.0,43000.0,0.0,0.0,27.86,14.0,0.0,7013.0,66.2,18.0,1.0,0.0,0.0,0.0,692.0,6.0,0.1395348837209302,0.7777777777777778,101.0,0.0,0.0,-1.0,1
12000.0,36.0,8.9,381.04,4.0,2.0,0.0,48000.0,0.0,0.0,16.0,12.0,0.0,8950.0,52.0,14.0,1.0,0.0,1.0,0.0,717.0,6.0,0.25,0.8571428571428571,67.0,0.0,0.0,-1.0,0
1600.0,36.0,14.33,54.95,10.0,10.0,0.0,35000.0,0.0,3.0,18.38,9.0,0.0,7528.0,71.7,45.0,1.0,0.0,7.0,0.0,677.0,6.0,0.0457142857142857,0.2,240.0,0.0,0.0,-1.0,0
3000.0,36.0,13.11,101.25,8.0,2.0,0.0,95000.0,0.0,12.0,16.68,18.0,0.0,19664.0,44.8,48.0,1.0,0.0,4.0,0.0,687.0,6.0,0.031578947368421,0.375,375.0,0.0,0.0,-1.0,0
10000.0,36.0,10.74,326.16,6.0,10.0,0.0,60000.0,0.0,0.0,8.2,8.0,0.0,9874.0,47.9,15.0,1.0,0.0,2.0,0.0,702.0,6.0,0.1666666666666666,0.5333333333333333,198.0,0.0,0.0,-1.0,0
6600.0,36.0,6.03,200.88,0.0,10.0,0.0,65000.0,0.0,2.0,18.18,7.0,0.0,4305.0,13.8,17.0,1.0,0.0,0.0,0.0,807.0,6.0,0.1015384615384615,0.4117647058823529,208.0,0.0,0.0,-1.0,0
4000.0,36.0,13.67,136.08,9.0,1.0,1.0,40000.0,1.0,1.0,4.56,14.0,0.0,5442.0,64.0,30.0,1.0,0.0,0.0,0.0,682.0,6.0,0.1,0.4666666666666667,103.0,0.0,0.0,-1.0,0
8500.0,36.0,10.74,277.24,6.0,10.0,2.0,74714.0,1.0,0.0,7.97,9.0,0.0,5918.0,48.1,20.0,1.0,0.0,0.0,0.0,717.0,6.0,0.1137671654576116,0.45,184.0,0.0,0.0,-1.0,0
25000.0,60.0,15.31,598.83,12.0,10.0,0.0,100000.0,2.0,0.0,15.37,15.0,0.0,20457.0,47.4,30.0,1.0,0.0,5.0,0.0,722.0,6.0,0.25,0.5,260.0,0.0,0.0,-1.0,0
15850.0,36.0,15.31,551.86,11.0,3.0,1.0,40000.0,0.0,0.0,12.84,6.0,0.0,13763.0,86.6,13.0,1.0,0.0,0.0,0.0,682.0,6.0,0.39625,0.4615384615384615,80.0,0.0,0.0,-1.0,0
8000.0,36.0,18.49,291.19,16.0,6.0,2.0,92000.0,0.0,2.0,6.76,10.0,0.0,6569.0,77.3,19.0,1.0,0.0,0.0,0.0,662.0,6.0,0.0869565217391304,0.5263157894736842,180.0,0.0,0.0,-1.0,1
6500.0,36.0,16.29,229.46,13.0,3.0,1.0,76000.0,0.0,4.0,9.2,8.0,0.0,9983.0,60.1,11.0,1.0,0.0,0.0,0.0,672.0,6.0,0.0855263157894736,0.7272727272727273,66.0,0.0,0.0,-1.0,0
4600.0,36.0,8.9,146.07,4.0,2.0,1.0,50000.0,2.0,0.0,33.7,7.0,0.0,1547.0,55.2,20.0,1.0,0.0,0.0,0.0,707.0,6.0,0.092,0.35,117.0,0.0,0.0,-1.0,0
35000.0,36.0,18.49,1273.96,16.0,10.0,0.0,127500.0,2.0,2.0,17.35,21.0,0.0,19990.0,37.4,51.0,1.0,0.0,1.0,0.0,702.0,6.0,0.2745098039215686,0.4117647058823529,161.0,0.0,0.0,-1.0,0
12000.0,60.0,8.9,248.52,4.0,10.0,0.0,45000.0,1.0,0.0,8.45,12.0,0.0,10367.0,42.1,28.0,1.0,0.0,3.0,0.0,757.0,6.0,0.2666666666666666,0.4285714285714285,169.0,0.0,0.0,-1.0,0
25000.0,36.0,11.14,820.13,6.0,1.0,0.0,150000.0,0.0,0.0,17.12,6.0,0.0,14726.0,74.0,21.0,1.0,0.0,1.0,0.0,737.0,7.0,0.1666666666666666,0.2857142857142857,177.0,0.0,0.0,-1.0,0
25000.0,60.0,20.49,669.19,20.0,7.0,1.0,175000.0,2.0,0.0,6.17,22.0,0.0,23665.0,88.3,30.0,1.0,0.0,0.0,0.0,707.0,7.0,0.1428571428571428,0.7333333333333333,383.0,0.0,0.0,-1.0,0
20000.0,36.0,19.72,740.43,19.0,10.0,0.0,135000.0,2.0,0.0,14.3,12.0,0.0,25764.0,79.8,30.0,1.0,0.0,5.0,0.0,667.0,7.0,0.1481481481481481,0.4,172.0,0.0,0.0,-1.0,0
16000.0,36.0,7.9,500.65,3.0,5.0,0.0,75000.0,0.0,0.0,10.43,14.0,1.0,10582.0,43.7,30.0,1.0,0.0,2.0,1.0,722.0,7.0,0.2133333333333333,0.4666666666666667,188.0,0.0053191489361702,0.0053191489361702,1.0,0
12000.0,36.0,12.12,399.26,7.0,4.0,1.0,36000.0,0.0,0.0,20.77,11.0,0.0,14616.0,64.1,31.0,1.0,0.0,0.0,0.0,687.0,7.0,0.3333333333333333,0.3548387096774194,200.0,0.0,0.0,-1.0,1
3000.0,36.0,12.12,99.82,7.0,1.0,1.0,43000.0,0.0,0.0,27.01,11.0,0.0,14274.0,70.7,20.0,1.0,0.0,3.0,0.0,682.0,7.0,0.0697674418604651,0.55,128.0,0.0,0.0,-1.0,0
20000.0,36.0,13.11,674.94,8.0,10.0,0.0,84608.0,1.0,0.0,17.74,10.0,0.0,36309.0,97.9,28.0,1.0,0.0,6.0,0.0,727.0,7.0,0.2363842662632375,0.3571428571428571,220.0,0.0,0.0,-1.0,1
10000.0,36.0,13.11,337.47,8.0,7.0,0.0,91364.0,0.0,0.0,13.67,18.0,0.0,17323.0,37.2,43.0,1.0,0.0,7.0,0.0,702.0,7.0,0.1094523006873604,0.4186046511627907,401.0,0.0,0.0,-1.0,0
2500.0,60.0,15.31,59.89,11.0,10.0,0.0,60000.0,2.0,5.0,26.5,15.0,0.0,11548.0,62.8,41.0,1.0,0.0,3.0,0.0,702.0,7.0,0.0416666666666666,0.3658536585365853,182.0,0.0,0.0,-1.0,0
6000.0,36.0,10.16,194.06,5.0,9.0,1.0,50000.0,0.0,12.0,20.86,7.0,0.0,6371.0,54.0,16.0,1.0,0.0,0.0,0.0,697.0,7.0,0.12,0.4375,151.0,0.0,0.0,-1.0,0
8725.0,36.0,15.31,303.79,11.0,5.0,1.0,25000.0,1.0,0.0,27.22,14.0,0.0,4399.0,48.9,17.0,1.0,0.0,0.0,0.0,677.0,7.0,0.349,0.8235294117647058,52.0,0.0,0.0,-1.0,0
6000.0,36.0,14.33,206.03,10.0,1.0,0.0,100000.0,2.0,4.0,6.71,10.0,0.0,17231.0,74.9,34.0,1.0,0.0,1.0,0.0,667.0,7.0,0.06,0.2941176470588235,186.0,0.0,0.0,-1.0,0
20000.0,36.0,12.12,665.44,7.0,10.0,1.0,63806.0,0.0,0.0,18.51,19.0,0.0,17749.0,49.7,32.0,1.0,0.0,0.0,0.0,702.0,7.0,0.3134501457543178,0.59375,176.0,0.0,0.0,-1.0,0
12425.0,36.0,13.11,419.31,8.0,7.0,0.0,45000.0,2.0,0.0,15.01,8.0,0.0,18528.0,62.5,30.0,1.0,0.0,1.0,0.0,707.0,7.0,0.2761111111111111,0.2666666666666666,182.0,0.0,0.0,-1.0,1
15000.0,36.0,12.12,499.08,7.0,2.0,0.0,110000.0,0.0,0.0,22.41,14.0,0.0,37361.0,43.4,39.0,1.0,0.0,2.0,0.0,702.0,7.0,0.1363636363636363,0.358974358974359,165.0,0.0,0.0,-1.0,0
18250.0,36.0,16.29,644.24,13.0,1.0,2.0,47000.0,0.0,0.0,29.16,15.0,0.0,17942.0,47.6,27.0,1.0,0.0,0.0,0.0,682.0,7.0,0.3882978723404255,0.5555555555555556,148.0,0.0,0.0,-1.0,0
12000.0,36.0,7.62,373.94,2.0,5.0,1.0,50000.0,2.0,12.0,1.69,4.0,0.0,2006.0,17.8,7.0,1.0,0.0,0.0,0.0,752.0,7.0,0.24,0.5714285714285714,62.0,0.0,0.0,-1.0,0
15000.0,36.0,10.16,485.14,5.0,10.0,0.0,87000.0,0.0,0.0,22.5,13.0,0.0,28472.0,45.9,40.0,1.0,0.0,3.0,0.0,732.0,7.0,0.1724137931034483,0.325,257.0,0.0,0.0,-1.0,0
15000.0,60.0,19.72,395.08,19.0,4.0,1.0,78000.0,1.0,5.0,9.43,2.0,0.0,12431.0,82.9,6.0,1.0,0.0,1.0,0.0,732.0,7.0,0.1923076923076923,0.3333333333333333,187.0,0.0,0.0,-1.0,0
12000.0,36.0,11.14,393.67,6.0,3.0,0.0,45000.0,2.0,0.0,20.43,19.0,0.0,10913.0,49.2,35.0,1.0,0.0,1.0,0.0,702.0,7.0,0.2666666666666666,0.5428571428571428,203.0,0.0,0.0,-1.0,0
4800.0,36.0,7.62,149.58,2.0,5.0,0.0,39500.0,2.0,3.0,19.66,8.0,0.0,6361.0,46.1,20.0,1.0,0.0,1.0,0.0,737.0,7.0,0.1215189873417721,0.4,158.0,0.0,0.0,-1.0,0
5000.0,36.0,13.11,168.74,8.0,10.0,0.0,92000.0,2.0,5.0,32.6,11.0,0.0,1889.0,82.1,50.0,1.0,0.0,4.0,0.0,687.0,7.0,0.0543478260869565,0.22,163.0,0.0,0.0,-1.0,0
8000.0,36.0,14.33,274.71,10.0,10.0,0.0,63000.0,0.0,6.0,22.72,10.0,1.0,13800.0,68.7,32.0,1.0,0.0,6.0,1.0,692.0,7.0,0.1269841269841269,0.3125,211.0,0.0047393364928909,0.0047393364928909,1.0,0
3600.0,36.0,7.9,112.65,3.0,10.0,0.0,35000.0,2.0,0.0,14.98,10.0,0.0,1533.0,32.6,27.0,1.0,0.0,5.0,0.0,712.0,7.0,0.1028571428571428,0.3703703703703703,196.0,0.0,0.0,-1.0,1
6600.0,36.0,11.14,216.52,6.0,2.0,1.0,40000.0,0.0,4.0,18.79,16.0,0.0,7275.0,42.3,26.0,1.0,0.0,0.0,0.0,702.0,7.0,0.165,0.6153846153846154,86.0,0.0,0.0,-1.0,0
6000.0,36.0,12.12,199.63,7.0,1.0,1.0,40000.0,0.0,4.0,18.09,12.0,0.0,9559.0,66.4,17.0,1.0,0.0,0.0,0.0,697.0,7.0,0.15,0.7058823529411765,103.0,0.0,0.0,-1.0,0
26000.0,36.0,13.11,877.43,8.0,9.0,1.0,81000.0,0.0,0.0,18.59,13.0,0.0,15233.0,25.2,30.0,1.0,0.0,0.0,0.0,707.0,7.0,0.3209876543209876,0.4333333333333333,186.0,0.0,0.0,-1.0,0
5000.0,36.0,10.16,161.72,5.0,3.0,1.0,116000.0,2.0,3.0,11.62,17.0,0.0,16595.0,42.5,35.0,1.0,0.0,0.0,0.0,712.0,8.0,0.043103448275862,0.4857142857142857,113.0,0.0,0.0,-1.0,0
29175.0,60.0,21.0,789.29,21.0,10.0,1.0,74000.0,2.0,0.0,18.73,11.0,0.0,23144.0,88.3,25.0,1.0,0.0,0.0,0.0,707.0,8.0,0.3942567567567567,0.44,288.0,0.0,0.0,-1.0,0
5000.0,36.0,17.27,178.94,14.0,5.0,1.0,50000.0,0.0,0.0,9.77,6.0,0.0,5521.0,62.7,8.0,1.0,0.0,0.0,0.0,662.0,8.0,0.1,0.75,125.0,0.0,0.0,-1.0,0
24000.0,60.0,14.09,559.56,9.0,10.0,1.0,60000.0,2.0,0.0,21.45,7.0,0.0,9498.0,52.8,11.0,1.0,0.0,0.0,0.0,742.0,8.0,0.4,0.6363636363636364,392.0,0.0,0.0,-1.0,0
28000.0,36.0,7.62,872.52,2.0,0.0,2.0,100000.0,0.0,4.0,2.47,10.0,0.0,5364.0,8.8,25.0,1.0,0.0,8.0,0.0,807.0,8.0,0.28,0.4,287.0,0.0,0.0,-1.0,0
15000.0,36.0,19.05,550.22,18.0,1.0,1.0,72900.0,0.0,4.0,14.81,11.0,0.0,11039.0,97.7,20.0,1.0,0.0,0.0,0.0,677.0,8.0,0.205761316872428,0.55,186.0,0.0,0.0,-1.0,0
6000.0,60.0,11.14,130.88,6.0,10.0,1.0,34000.0,2.0,3.0,7.27,8.0,0.0,13478.0,38.7,26.0,1.0,0.0,0.0,0.0,732.0,8.0,0.1764705882352941,0.3076923076923077,225.0,0.0,0.0,-1.0,0
11126.166015625,36.0,11.14,364.9954833984375,6.0,4.0,0.0,708647.4375,0.0,0.0,333.9723693847656,15.0,0.0,31830.23828125,12.448524856567381,27.0,1.0,0.0,5.0,0.0,707.0,8.0,0.015700562078019814,0.5555555820465088,138.0,0.0,0.0,-1.0,1
5000.0,36.0,12.12,166.36,7.0,2.0,1.0,67000.0,0.0,0.0,14.42,8.0,0.0,4369.0,42.4,14.0,1.0,0.0,0.0,0.0,677.0,8.0,0.0746268656716417,0.5714285714285714,72.0,0.0,0.0,-1.0,0
10000.0,36.0,10.16,323.43,5.0,10.0,0.0,63000.0,2.0,0.0,12.36,10.0,0.0,8565.0,59.5,24.0,1.0,0.0,6.0,0.0,722.0,8.0,0.1587301587301587,0.4166666666666667,275.0,0.0,0.0,-1.0,0
4000.0,36.0,11.14,131.23,6.0,8.0,0.0,55200.0,0.0,8.0,10.48,4.0,0.0,3363.0,59.0,18.0,1.0,0.0,1.0,0.0,717.0,8.0,0.072463768115942,0.2222222222222222,126.0,0.0,0.0,-1.0,0
6500.0,36.0,8.9,206.4,4.0,10.0,0.0,60000.0,1.0,4.0,10.46,13.0,0.0,13886.0,49.9,37.0,1.0,0.0,4.0,0.0,717.0,8.0,0.1083333333333333,0.3513513513513513,128.0,0.0,0.0,-1.0,0
10625.0,36.0,18.49,386.74,16.0,2.0,2.0,32700.0,0.0,0.0,22.86,15.0,0.0,10447.0,48.4,27.0,1.0,0.0,0.0,0.0,662.0,8.0,0.3249235474006116,0.5555555555555556,124.0,0.0,0.0,-1.0,0
16800.0,36.0,10.16,543.36,5.0,6.0,1.0,45000.0,0.0,4.0,28.91,15.0,0.0,12667.0,44.8,38.0,1.0,0.0,0.0,0.0,722.0,8.0,0.3733333333333333,0.3947368421052631,221.0,0.0,0.0,-1.0,0
19750.0,36.0,14.09,675.88,9.0,10.0,0.0,51000.0,1.0,0.0,21.22,9.0,0.0,24155.0,51.4,23.0,1.0,0.0,3.0,0.0,692.0,8.0,0.3872549019607843,0.391304347826087,271.0,0.0,0.0,-1.0,0
5525.0,36.0,13.11,186.46,8.0,0.0,0.0,28000.0,1.0,4.0,26.06,16.0,0.0,15567.0,55.8,27.0,1.0,0.0,0.0,0.0,692.0,8.0,0.1973214285714285,0.5925925925925926,92.0,0.0,0.0,-1.0,0
6000.0,36.0,15.8,210.36,12.0,5.0,1.0,36000.0,0.0,4.0,8.77,8.0,0.0,3638.0,54.3,11.0,1.0,0.0,0.0,0.0,667.0,8.0,0.1666666666666666,0.7272727272727273,97.0,0.0,0.0,-1.0,0
1500.0,36.0,15.8,52.59,12.0,5.0,1.0,40000.0,1.0,5.0,24.84,8.0,0.0,8348.0,78.2,9.0,1.0,0.0,0.0,0.0,672.0,9.0,0.0375,0.8888888888888888,61.0,0.0,0.0,-1.0,0
21600.0,60.0,22.47,602.36,24.0,10.0,0.0,80000.0,2.0,0.0,22.89,9.0,0.0,75276.0,50.6,16.0,1.0,0.0,2.0,0.0,672.0,9.0,0.27,0.5625,195.0,0.0,0.0,-1.0,0
10750.0,36.0,7.9,336.38,3.0,2.0,0.0,32744.0,0.0,0.0,15.65,9.0,0.0,16789.0,55.6,13.0,1.0,0.0,1.0,0.0,727.0,9.0,0.3283044221842169,0.6923076923076923,123.0,0.0,0.0,-1.0,0
21000.0,36.0,12.12,698.71,7.0,0.0,1.0,99960.0,1.0,0.0,22.23,18.0,0.0,37384.0,82.9,35.0,1.0,0.0,2.0,0.0,702.0,9.0,0.2100840336134453,0.5142857142857142,453.0,0.0,0.0,-1.0,0
16200.0,36.0,18.49,589.66,16.0,2.0,0.0,200000.0,1.0,0.0,15.58,13.0,0.0,28333.0,77.4,36.0,1.0,0.0,3.0,0.0,667.0,9.0,0.081,0.3611111111111111,296.0,0.0,0.0,-1.0,0
3600.0,36.0,12.12,119.78,7.0,4.0,1.0,22000.0,0.0,4.0,25.85,4.0,0.0,2675.0,59.4,5.0,1.0,0.0,0.0,0.0,707.0,9.0,0.1636363636363636,0.8,77.0,0.0,0.0,-1.0,0
16200.0,36.0,14.33,556.28,10.0,10.0,2.0,52000.0,2.0,0.0,14.93,4.0,0.0,5956.0,81.6,27.0,1.0,0.0,3.0,0.0,692.0,9.0,0.3115384615384615,0.1481481481481481,146.0,0.0,0.0,-1.0,0
10000.0,36.0,13.11,337.47,8.0,3.0,1.0,58510.4,0.0,4.0,13.14,13.0,0.0,7796.0,24.3,14.0,1.0,0.0,0.0,0.0,702.0,9.0,0.1709097869780415,0.9285714285714286,66.0,0.0,0.0,-1.0,0
6000.0,36.0,11.14,196.84,6.0,2.0,1.0,26000.0,0.0,3.0,5.08,11.0,0.0,5275.0,28.4,17.0,0.0,0.0,0.0,0.0,707.0,9.0,0.2307692307692307,0.6470588235294118,80.0,0.0,0.0,-1.0,0
12000.0,36.0,13.11,404.97,8.0,7.0,0.0,50000.0,2.0,4.0,34.49,17.0,1.0,12222.0,50.9,26.0,1.0,0.0,0.0,1.0,682.0,9.0,0.24,0.6538461538461539,163.0,0.0061349693251533,0.0061349693251533,1.0,0
8000.0,36.0,12.12,266.18,7.0,3.0,1.0,25000.0,2.0,4.0,33.41,6.0,0.0,10272.0,63.4,10.0,1.0,0.0,0.0,0.0,687.0,9.0,0.32,0.6,108.0,0.0,0.0,-1.0,0
12000.0,36.0,13.11,404.97,8.0,10.0,1.0,52000.0,1.0,0.0,10.64,13.0,0.0,12979.0,43.4,22.0,0.0,0.0,1.0,0.0,677.0,9.0,0.2307692307692307,0.5909090909090909,223.0,0.0,0.0,-1.0,0
8450.0,36.0,12.12,281.15,7.0,3.0,1.0,34000.0,2.0,0.0,18.04,7.0,0.0,18667.0,88.5,16.0,1.0,0.0,2.0,0.0,717.0,9.0,0.2485294117647059,0.4375,288.0,0.0,0.0,-1.0,1
25000.0,60.0,18.49,641.52,16.0,5.0,0.0,103278.68,2.0,0.0,27.56,11.0,0.0,15210.0,54.5,37.0,1.0,0.0,2.0,0.0,722.0,9.0,0.2420635120433375,0.2972972972972973,229.0,0.0,0.0,-1.0,1
28625.0,36.0,7.62,892.0,2.0,10.0,0.0,73081.0,2.0,4.0,15.83,10.0,0.0,29353.0,67.3,32.0,1.0,0.0,7.0,0.0,767.0,9.0,0.3916886742108071,0.3125,229.0,0.0,0.0,-1.0,0
14325.0,36.0,20.49,535.96,20.0,2.0,0.0,67227.0,2.0,0.0,10.63,6.0,0.0,20336.0,90.4,14.0,1.0,0.0,2.0,0.0,662.0,9.0,0.2130840287384533,0.4285714285714285,185.0,0.0,0.0,-1.0,0
17475.0,36.0,14.33,600.06,10.0,8.0,0.0,66000.0,2.0,0.0,23.72,13.0,0.0,39189.0,51.2,42.0,1.0,0.0,9.0,0.0,702.0,9.0,0.2647727272727272,0.3095238095238095,299.0,0.0,0.0,-1.0,0
9000.0,36.0,16.29,317.71,13.0,10.0,0.0,43000.0,0.0,0.0,11.55,11.0,0.0,8767.0,63.1,23.0,1.0,0.0,5.0,0.0,672.0,9.0,0.2093023255813953,0.4782608695652174,141.0,0.0,0.0,-1.0,0
21000.0,36.0,19.05,770.31,18.0,2.0,1.0,95000.0,2.0,0.0,12.21,7.0,0.0,15571.0,80.3,11.0,1.0,0.0,0.0,0.0,672.0,9.0,0.2210526315789473,0.6363636363636364,86.0,0.0,0.0,-1.0,0
25200.0,60.0,19.72,663.73,19.0,7.0,1.0,74000.0,2.0,4.0,22.54,14.0,0.0,21412.0,81.4,30.0,1.0,0.0,5.0,0.0,697.0,9.0,0.3405405405405405,0.4666666666666667,211.0,0.0,0.0,-1.0,0
26250.0,36.0,7.9,821.37,3.0,2.0,0.0,200000.0,2.0,0.0,12.71,10.0,0.0,10853.0,27.1,17.0,1.0,0.0,2.0,0.0,757.0,9.0,0.13125,0.5882352941176471,123.0,0.0,0.0,-1.0,0
12000.0,36.0,11.14,393.67,6.0,2.0,1.0,40000.0,2.0,0.0,34.65,16.0,0.0,15949.0,48.2,28.0,1.0,0.0,4.0,0.0,717.0,9.0,0.3,0.5714285714285714,347.0,0.0,0.0,-1.0,1
35000.0,60.0,15.31,838.36,11.0,0.0,0.0,175000.0,2.0,4.0,14.03,16.0,0.0,142339.0,0.2,28.0,0.0,0.0,3.0,0.0,752.0,9.0,0.2,0.5714285714285714,192.0,0.0,0.0,-1.0,0
5200.0,36.0,7.9,162.71,3.0,2.0,1.0,30000.0,0.0,0.0,22.56,8.0,0.0,8287.0,55.6,10.0,0.0,0.0,0.0,0.0,722.0,9.0,0.1733333333333333,0.8,60.0,0.0,0.0,-1.0,0
12800.0,36.0,13.11,431.97,8.0,7.0,1.0,84000.0,0.0,4.0,17.07,9.0,0.0,25623.0,63.3,18.0,1.0,0.0,0.0,0.0,677.0,9.0,0.1523809523809524,0.5,185.0,0.0,0.0,-1.0,0
5600.0,36.0,11.14,183.71,6.0,10.0,0.0,36000.0,2.0,0.0,33.63,11.0,0.0,10040.0,88.1,54.0,1.0,0.0,1.0,0.0,697.0,9.0,0.1555555555555555,0.2037037037037037,186.0,0.0,0.0,-1.0,0
16000.0,36.0,16.29,564.81,13.0,10.0,1.0,45000.0,1.0,0.0,33.41,13.0,0.0,24870.0,77.5,44.0,1.0,0.0,2.0,0.0,687.0,10.0,0.3555555555555555,0.2954545454545454,370.0,0.0,0.0,-1.0,0
12700.0,36.0,6.62,389.94,1.0,2.0,1.0,80000.0,0.0,7.0,0.7,7.0,0.0,643.0,1.8,8.0,0.0,0.0,0.0,0.0,772.0,10.0,0.15875,0.875,102.0,0.0,0.0,-1.0,0
7655.08056640625,36.0,14.33,262.86106567382814,10.0,8.0,0.0,184246.828125,2.0,3.0,195.84084594726562,20.0,0.0,38974.91015625,157.2143539428711,32.0,1.0,0.0,4.0,0.0,687.0,10.0,0.04154794882325563,0.6249999835573393,147.0,0.0,0.0,-1.0,1
6000.0,36.0,14.33,206.03,10.0,8.0,1.0,85000.0,2.0,0.0,14.93,6.0,0.0,8332.0,90.6,28.0,1.0,0.0,2.0,0.0,672.0,10.0,0.0705882352941176,0.2142857142857142,127.0,0.0,0.0,-1.0,0
4800.0,36.0,12.12,159.71,7.0,9.0,1.0,50000.0,2.0,0.0,16.82,4.0,0.0,9767.0,70.8,12.0,0.0,0.0,0.0,0.0,692.0,10.0,0.096,0.3333333333333333,174.0,0.0,0.0,-1.0,0
20000.0,36.0,14.09,684.43,9.0,2.0,0.0,105000.0,2.0,0.0,33.65,20.0,0.0,17628.0,66.5,53.0,0.0,0.0,8.0,0.0,707.0,10.0,0.1904761904761904,0.3773584905660377,282.0,0.0,0.0,-1.0,0
6000.0,36.0,15.31,208.91,11.0,4.0,0.0,92000.0,0.0,0.0,12.53,12.0,0.0,20573.0,80.7,24.0,1.0,0.0,4.0,0.0,672.0,10.0,0.0652173913043478,0.5,169.0,0.0,0.0,-1.0,0
3600.0,36.0,8.9,114.32,4.0,5.0,0.0,54000.0,0.0,0.0,22.49,10.0,0.0,12330.0,52.7,35.0,1.0,0.0,7.0,0.0,707.0,10.0,0.0666666666666666,0.2857142857142857,241.0,0.0,0.0,-1.0,0
21175.0,60.0,22.95,596.33,25.0,1.0,1.0,65000.0,1.0,0.0,16.65,7.0,0.0,21927.0,71.2,25.0,1.0,0.0,0.0,0.0,667.0,10.0,0.3257692307692307,0.28,154.0,0.0,0.0,-1.0,1
16000.0,36.0,14.33,549.42,10.0,10.0,2.0,72000.0,2.0,0.0,30.15,18.0,0.0,16765.0,57.0,43.0,1.0,0.0,3.0,0.0,702.0,10.0,0.2222222222222222,0.4186046511627907,160.0,0.0,0.0,-1.0,0
8000.0,36.0,6.62,245.63,1.0,10.0,2.0,125000.0,1.0,0.0,17.61,9.0,0.0,80394.0,67.5,14.0,1.0,0.0,1.0,0.0,747.0,10.0,0.064,0.6428571428571429,313.0,0.0,0.0,-1.0,0
9450.0,36.0,17.77,340.56,15.0,1.0,1.0,27040.0,0.0,0.0,17.4,8.0,0.0,14024.0,72.7,11.0,1.0,0.0,0.0,0.0,662.0,10.0,0.3494822485207101,0.7272727272727273,103.0,0.0,0.0,-1.0,1
5150.0,36.0,11.14,168.95,6.0,1.0,0.0,35000.0,2.0,0.0,29.59,9.0,1.0,17570.0,83.3,23.0,1.0,0.0,2.0,1.0,702.0,10.0,0.1471428571428571,0.391304347826087,153.0,0.0065359477124183,0.0065359477124183,1.0,0
21850.0,60.0,18.75,563.8,17.0,4.0,0.0,50000.0,2.0,0.0,13.71,11.0,0.0,18254.0,77.0,25.0,1.0,0.0,4.0,0.0,697.0,10.0,0.437,0.44,231.0,0.0,0.0,-1.0,0
7000.0,36.0,8.9,222.28,4.0,10.0,2.0,70000.0,2.0,5.0,13.15,4.0,0.0,10022.0,84.9,14.0,1.0,0.0,0.0,0.0,717.0,10.0,0.1,0.2857142857142857,157.0,0.0,0.0,-1.0,0
10000.0,36.0,14.33,343.39,10.0,1.0,1.0,120000.0,0.0,9.0,2.22,4.0,0.0,5842.0,62.5,18.0,1.0,0.0,6.0,0.0,682.0,10.0,0.0833333333333333,0.2222222222222222,159.0,0.0,0.0,-1.0,0
17500.0,60.0,18.49,449.07,16.0,10.0,2.0,39000.0,2.0,2.0,14.49,16.0,0.0,14496.0,31.9,24.0,1.0,0.0,0.0,0.0,702.0,10.0,0.4487179487179487,0.6666666666666666,298.0,0.0,0.0,-1.0,0
21175.0,36.0,19.72,783.93,19.0,4.0,1.0,60000.0,1.0,0.0,15.46,8.0,0.0,17847.0,65.9,22.0,0.0,0.0,0.0,0.0,667.0,10.0,0.3529166666666666,0.3636363636363636,149.0,0.0,0.0,-1.0,1
30000.0,36.0,18.49,1091.97,16.0,10.0,0.0,155500.0,2.0,0.0,15.24,16.0,0.0,25563.0,58.6,30.0,1.0,0.0,4.0,0.0,707.0,10.0,0.1929260450160771,0.5333333333333333,189.0,0.0,0.0,-1.0,0
14125.0,60.0,21.0,382.13,21.0,0.0,1.0,40000.0,2.0,0.0,31.95,12.0,1.0,4525.0,69.6,31.0,0.0,0.0,8.0,1.0,672.0,10.0,0.353125,0.3870967741935484,146.0,0.0068493150684931,0.0068493150684931,1.0,1
35000.0,36.0,18.75,1278.55,17.0,10.0,0.0,500000.0,1.0,0.0,8.36,20.0,0.0,32559.0,79.6,40.0,1.0,0.0,5.0,0.0,697.0,10.0,0.07,0.5,326.0,0.0,0.0,-1.0,0
12000.0,36.0,7.62,373.94,2.0,10.0,0.0,50966.0,0.0,2.0,17.26,14.0,0.0,14068.0,44.2,33.0,1.0,0.0,3.0,0.0,737.0,10.0,0.2354510850370835,0.4242424242424242,351.0,0.0,0.0,-1.0,0
9325.0,36.0,12.12,310.26,7.0,10.0,2.0,44000.0,2.0,4.0,34.15,11.0,0.0,7085.0,84.3,38.0,1.0,0.0,2.0,0.0,697.0,10.0,0.2119318181818182,0.2894736842105263,415.0,0.0,0.0,-1.0,0
14000.0,36.0,17.27,501.03,14.0,3.0,1.0,60000.0,1.0,0.0,17.1,12.0,0.0,5167.0,97.5,24.0,1.0,0.0,0.0,0.0,687.0,10.0,0.2333333333333333,0.5,104.0,0.0,0.0,-1.0,0
13000.0,36.0,18.49,473.19,16.0,9.0,1.0,36000.0,0.0,4.0,10.2,6.0,0.0,8671.0,62.8,17.0,1.0,0.0,0.0,0.0,672.0,10.0,0.3611111111111111,0.3529411764705882,150.0,0.0,0.0,-1.0,0
4000.0,36.0,10.16,129.37,5.0,2.0,1.0,14840.0,2.0,4.0,14.47,3.0,0.0,5464.0,82.8,4.0,1.0,0.0,0.0,0.0,732.0,10.0,0.2695417789757412,0.75,83.0,0.0,0.0,-1.0,0
5500.0,36.0,11.14,180.43,6.0,10.0,1.0,34000.0,0.0,0.0,15.99,12.0,0.0,13074.0,80.2,24.0,1.0,0.0,0.0,0.0,702.0,10.0,0.1617647058823529,0.5,361.0,0.0,0.0,-1.0,0
16050.0,60.0,18.49,411.86,16.0,2.0,0.0,45600.0,2.0,0.0,20.32,9.0,0.0,26341.0,87.2,14.0,1.0,0.0,2.0,0.0,712.0,10.0,0.3519736842105263,0.6428571428571429,158.0,0.0,0.0,-1.0,0
21650.0,60.0,21.98,597.71,23.0,10.0,0.0,60347.28,2.0,0.0,27.16,11.0,0.0,22802.0,75.5,26.0,1.0,0.0,3.0,0.0,672.0,10.0,0.3587568486930977,0.4230769230769231,202.0,0.0,0.0,-1.0,1
8500.0,36.0,7.9,265.97,3.0,4.0,0.0,75000.0,0.0,0.0,29.54,17.0,0.0,15930.0,38.1,47.0,1.0,0.0,4.0,0.0,727.0,10.0,0.1133333333333333,0.3617021276595745,185.0,0.0,0.0,-1.0,0
32350.0,36.0,18.49,1177.5,16.0,3.0,2.0,72000.0,2.0,0.0,20.14,15.0,0.0,39513.0,93.4,36.0,0.0,0.0,3.0,0.0,662.0,11.0,0.4493055555555555,0.4166666666666667,319.0,0.0,0.0,-1.0,0
30000.0,36.0,13.11,1012.41,8.0,10.0,0.0,95000.0,2.0,0.0,18.78,10.0,0.0,32298.0,47.4,25.0,0.0,0.0,7.0,0.0,682.0,11.0,0.3157894736842105,0.4,193.0,0.0,0.0,-1.0,0
4000.0,36.0,21.49,151.71,22.0,1.0,1.0,35000.0,0.0,9.0,21.57,7.0,0.0,6153.0,87.9,8.0,1.0,0.0,0.0,0.0,697.0,11.0,0.1142857142857142,0.875,124.0,0.0,0.0,-1.0,0
12000.0,36.0,11.14,393.67,6.0,10.0,0.0,52000.0,0.0,0.0,11.4,9.0,0.0,19344.0,62.6,18.0,0.0,0.0,1.0,0.0,682.0,11.0,0.2307692307692307,0.5,157.0,0.0,0.0,-1.0,0
10000.0,36.0,17.27,357.88,14.0,7.0,2.0,42000.0,0.0,4.0,24.66,14.0,1.0,11370.0,46.8,22.0,1.0,0.0,0.0,1.0,682.0,11.0,0.238095238095238,0.6363636363636364,140.0,0.0071428571428571,0.0071428571428571,1.0,1
11500.0,36.0,12.12,382.63,7.0,7.0,0.0,36000.0,2.0,0.0,18.83,9.0,0.0,7181.0,48.5,19.0,0.0,0.0,1.0,0.0,717.0,11.0,0.3194444444444444,0.4736842105263157,157.0,0.0,0.0,-1.0,1
15125.0,36.0,19.72,559.95,19.0,1.0,0.0,55000.0,1.0,11.0,17.24,7.0,0.0,37549.0,62.2,17.0,1.0,0.0,5.0,0.0,677.0,11.0,0.275,0.4117647058823529,253.0,0.0,0.0,-1.0,0
12000.0,36.0,12.12,399.26,7.0,1.0,0.0,46000.0,0.0,0.0,21.86,11.0,0.0,11959.0,70.8,49.0,0.0,0.0,4.0,0.0,687.0,11.0,0.2608695652173913,0.2244897959183673,340.0,0.0,0.0,-1.0,0
18977.99609375,60.0,22.95,534.4538842773437,25.0,4.0,1.0,818714.8125,2.0,5.0,83.53361755371094,16.0,1.0,802720.0625,142.4254150390625,25.0,0.0,0.0,11.0,0.0,712.0,11.0,0.02318022602986128,0.6000000123054751,196.0,0.0051020408163265,0.0,0.0,0
10000.0,36.0,13.11,337.47,8.0,3.0,1.0,48000.0,0.0,4.0,14.08,9.0,0.0,9380.0,45.3,27.0,1.0,0.0,0.0,0.0,687.0,11.0,0.2083333333333333,0.3333333333333333,164.0,0.0,0.0,-1.0,0
10000.0,36.0,8.9,317.54,4.0,10.0,0.0,70000.0,0.0,0.0,28.76,11.0,0.0,45193.0,81.7,25.0,1.0,0.0,5.0,0.0,712.0,11.0,0.1428571428571428,0.44,217.0,0.0,0.0,-1.0,0
10000.0,36.0,10.16,323.43,5.0,8.0,1.0,60000.0,2.0,0.0,30.19,14.0,0.0,12348.0,64.3,28.0,1.0,0.0,0.0,0.0,707.0,11.0,0.1666666666666666,0.5,146.0,0.0,0.0,-1.0,0
10000.0,36.0,10.16,323.43,5.0,10.0,0.0,63000.0,0.0,0.0,12.59,14.0,0.0,12486.0,29.0,39.0,1.0,0.0,3.0,0.0,727.0,11.0,0.1587301587301587,0.358974358974359,310.0,0.0,0.0,-1.0,0
16000.0,36.0,12.12,532.35,7.0,5.0,1.0,92000.0,1.0,0.0,9.73,11.0,0.0,15638.0,68.6,27.0,0.0,0.0,0.0,0.0,682.0,11.0,0.1739130434782608,0.4074074074074074,278.0,0.0,0.0,-1.0,1
25000.0,36.0,15.8,876.46,12.0,8.0,0.0,68000.0,2.0,0.0,10.18,15.0,0.0,16745.0,71.9,32.0,0.0,0.0,1.0,0.0,667.0,11.0,0.3676470588235294,0.46875,157.0,0.0,0.0,-1.0,0
13000.0,36.0,19.05,476.86,18.0,9.0,1.0,53000.0,0.0,4.0,24.02,10.0,0.0,5285.0,86.6,14.0,1.0,0.0,0.0,0.0,672.0,11.0,0.2452830188679245,0.7142857142857143,138.0,0.0,0.0,-1.0,0
9450.0,36.0,18.49,343.97,16.0,4.0,1.0,55000.0,0.0,4.0,10.25,8.0,0.0,9662.0,66.3,10.0,1.0,0.0,0.0,0.0,697.0,0.0,0.1718181818181818,0.8,67.0,0.0,0.0,-1.0,1
13000.0,36.0,18.75,474.89,17.0,10.0,0.0,45000.0,2.0,5.0,8.29,14.0,0.0,4721.0,29.7,39.0,0.0,0.0,3.0,0.0,692.0,0.0,0.2888888888888888,0.358974358974359,310.0,0.0,0.0,-1.0,0
20050.0,60.0,17.27,501.21,14.0,3.0,1.0,45000.0,2.0,0.0,19.13,17.0,0.0,20248.0,67.9,28.0,1.0,0.0,0.0,0.0,687.0,0.0,0.4455555555555555,0.6071428571428571,126.0,0.0,0.0,-1.0,0
24000.0,60.0,15.31,574.88,11.0,0.0,1.0,66000.0,2.0,0.0,14.13,11.0,0.0,9854.0,26.2,39.0,1.0,0.0,0.0,0.0,732.0,0.0,0.3636363636363636,0.282051282051282,205.0,0.0,0.0,-1.0,0
25475.0,60.0,15.31,610.21,11.0,10.0,0.0,57000.0,2.0,0.0,16.76,12.0,0.0,11574.0,34.1,26.0,1.0,0.0,2.0,0.0,752.0,0.0,0.4469298245614035,0.4615384615384615,221.0,0.0,0.0,-1.0,0
15000.0,36.0,12.12,499.08,7.0,10.0,0.0,65000.0,2.0,0.0,8.97,8.0,1.0,12098.0,76.6,23.0,0.0,0.0,4.0,1.0,677.0,0.0,0.2307692307692307,0.3478260869565217,137.0,0.0072992700729927,0.0072992700729927,1.0,0
8000.0,36.0,12.12,266.18,7.0,10.0,0.0,75000.0,2.0,4.0,33.14,10.0,0.0,37040.0,72.7,25.0,1.0,0.0,3.0,0.0,712.0,0.0,0.1066666666666666,0.4,193.0,0.0,0.0,-1.0,0
6000.0,36.0,19.05,220.09,18.0,1.0,1.0,64000.0,2.0,5.0,12.39,17.0,1.0,1778.0,16.6,37.0,1.0,0.0,0.0,1.0,677.0,0.0,0.09375,0.4594594594594595,155.0,0.0064516129032258,0.0064516129032258,1.0,0
30000.0,60.0,17.77,758.06,15.0,10.0,0.0,110000.0,2.0,0.0,23.6,22.0,0.0,17944.0,39.6,30.0,1.0,0.0,2.0,0.0,692.0,0.0,0.2727272727272727,0.7333333333333333,159.0,0.0,0.0,-1.0,1
15000.0,36.0,13.11,506.21,8.0,9.0,1.0,70000.0,0.0,4.0,16.8,10.0,0.0,15626.0,84.5,16.0,1.0,0.0,0.0,0.0,692.0,0.0,0.2142857142857142,0.625,183.0,0.0,0.0,-1.0,0
10000.0,36.0,18.75,365.3,17.0,0.0,2.0,92000.0,2.0,7.0,17.09,12.0,0.0,23041.0,64.7,38.0,1.0,0.0,2.0,0.0,682.0,0.0,0.108695652173913,0.3157894736842105,257.0,0.0,0.0,-1.0,0
7200.0,36.0,17.27,257.67,14.0,9.0,1.0,38000.0,0.0,0.0,10.55,14.0,0.0,2995.0,21.2,28.0,0.0,0.0,0.0,0.0,682.0,0.0,0.1894736842105263,0.5,157.0,0.0,0.0,-1.0,0
9000.0,36.0,14.09,308.0,9.0,7.0,0.0,44600.0,0.0,0.0,16.79,14.0,0.0,4545.0,33.7,40.0,1.0,0.0,1.0,0.0,682.0,0.0,0.2017937219730941,0.35,98.0,0.0,0.0,-1.0,1
20675.0,36.0,14.33,709.95,10.0,10.0,0.0,52000.0,2.0,4.0,23.12,12.0,0.0,8393.0,73.6,29.0,0.0,0.0,1.0,0.0,712.0,0.0,0.3975961538461538,0.4137931034482758,224.0,0.0,0.0,-1.0,0
8500.0,36.0,17.27,304.2,14.0,6.0,0.0,25000.0,2.0,4.0,3.17,5.0,4.0,2168.0,36.1,11.0,0.0,0.0,0.0,1.0,682.0,0.0,0.34,0.4545454545454545,225.0,0.0177777777777777,0.0044444444444444,0.25,0
12000.0,36.0,15.8,420.71,12.0,5.0,0.0,78000.0,0.0,0.0,19.8,7.0,1.0,20458.0,69.8,18.0,1.0,0.0,1.0,1.0,682.0,0.0,0.1538461538461538,0.3888888888888889,184.0,0.0054347826086956,0.0054347826086956,1.0,0
12000.0,36.0,14.33,412.06,10.0,9.0,0.0,112000.0,2.0,4.0,6.03,11.0,0.0,10992.0,79.7,22.0,0.0,0.0,4.0,0.0,672.0,0.0,0.1071428571428571,0.5,277.0,0.0,0.0,-1.0,0
22250.0,60.0,19.05,577.79,18.0,10.0,1.0,50000.0,2.0,0.0,26.18,10.0,0.0,30761.0,78.3,31.0,1.0,0.0,0.0,0.0,667.0,0.0,0.445,0.3225806451612903,200.0,0.0,0.0,-1.0,0
10000.0,36.0,8.9,317.54,4.0,0.0,0.0,115000.0,0.0,0.0,14.81,14.0,0.0,9000.0,43.3,38.0,1.0,0.0,4.0,0.0,712.0,0.0,0.0869565217391304,0.3684210526315789,169.0,0.0,0.0,-1.0,0
14400.0,36.0,12.12,479.12,7.0,0.0,2.0,65500.0,2.0,4.0,31.66,17.0,0.0,20838.0,57.1,49.0,1.0,0.0,0.0,0.0,712.0,0.0,0.2198473282442748,0.3469387755102041,191.0,0.0,0.0,-1.0,0
10000.0,36.0,11.14,328.06,6.0,10.0,0.0,60000.0,2.0,0.0,22.29,8.0,2.0,7524.0,71.0,19.0,0.0,0.0,2.0,1.0,702.0,0.0,0.1666666666666666,0.4210526315789473,195.0,0.0102564102564102,0.0051282051282051,0.5,0
15000.0,36.0,14.33,515.08,10.0,4.0,1.0,65000.0,0.0,0.0,17.75,20.0,0.0,20048.0,78.9,38.0,1.0,0.0,0.0,0.0,662.0,0.0,0.2307692307692307,0.5263157894736842,98.0,0.0,0.0,-1.0,0
18000.0,36.0,8.9,571.56,4.0,10.0,0.0,80000.0,2.0,0.0,21.15,10.0,0.0,82635.0,72.4,38.0,1.0,0.0,1.0,0.0,712.0,0.0,0.225,0.2631578947368421,155.0,0.0,0.0,-1.0,0
6000.0,36.0,14.09,205.33,9.0,4.0,1.0,61000.0,0.0,0.0,15.72,11.0,0.0,10373.0,82.3,22.0,1.0,0.0,0.0,0.0,672.0,0.0,0.0983606557377049,0.5,166.0,0.0,0.0,-1.0,0
35000.0,60.0,16.29,856.54,13.0,5.0,0.0,125000.0,2.0,0.0,23.02,18.0,0.0,35162.0,62.9,35.0,1.0,0.0,4.0,0.0,717.0,0.0,0.28,0.5142857142857142,227.0,0.0,0.0,-1.0,0
30000.0,60.0,19.05,779.05,18.0,10.0,0.0,73865.0,2.0,0.0,26.32,10.0,0.0,38619.0,96.1,24.0,1.0,0.0,5.0,0.0,702.0,0.0,0.4061463480674203,0.4166666666666667,161.0,0.0,0.0,-1.0,0
20000.0,36.0,7.62,623.23,2.0,0.0,0.0,150000.0,2.0,0.0,18.56,17.0,0.0,60751.0,74.0,40.0,1.0,0.0,4.0,0.0,697.0,0.0,0.1333333333333333,0.425,171.0,0.0,0.0,-1.0,0
15000.0,36.0,13.11,506.21,8.0,3.0,0.0,60000.0,0.0,4.0,8.88,7.0,1.0,13686.0,67.1,12.0,1.0,0.0,1.0,1.0,677.0,0.0,0.25,0.5833333333333334,166.0,0.0060240963855421,0.0060240963855421,1.0,0
28000.0,60.0,12.12,624.55,7.0,4.0,0.0,150000.0,2.0,0.0,15.67,12.0,0.0,54394.0,94.3,28.0,1.0,0.0,1.0,0.0,727.0,0.0,0.1866666666666666,0.4285714285714285,282.0,0.0,0.0,-1.0,0
12250.0,36.0,14.09,419.22,9.0,4.0,0.0,77000.0,1.0,2.0,7.08,10.0,1.0,4623.0,36.1,22.0,1.0,0.0,1.0,1.0,672.0,0.0,0.1590909090909091,0.4545454545454545,136.0,0.0073529411764705,0.0073529411764705,1.0,0
16000.0,36.0,13.11,539.96,8.0,2.0,2.0,80000.0,0.0,0.0,20.93,8.0,0.0,5902.0,77.7,27.0,1.0,0.0,0.0,0.0,687.0,0.0,0.2,0.2962962962962963,133.0,0.0,0.0,-1.0,0
10000.0,36.0,10.16,323.43,5.0,10.0,0.0,73000.0,0.0,0.0,17.98,17.0,0.0,21215.0,35.5,32.0,0.0,0.0,4.0,0.0,692.0,1.0,0.136986301369863,0.53125,166.0,0.0,0.0,-1.0,1
17500.0,36.0,13.11,590.58,8.0,5.0,0.0,39000.0,2.0,0.0,20.62,7.0,0.0,21771.0,84.4,13.0,1.0,0.0,2.0,0.0,692.0,1.0,0.4487179487179487,0.5384615384615384,112.0,0.0,0.0,-1.0,0
10000.0,36.0,13.11,337.47,8.0,5.0,1.0,48400.0,0.0,4.0,19.96,21.0,0.0,10661.0,36.6,24.0,1.0,0.0,0.0,0.0,682.0,1.0,0.2066115702479339,0.875,54.0,0.0,0.0,-1.0,0
27000.0,60.0,14.33,632.88,10.0,10.0,0.0,115000.0,2.0,0.0,23.07,17.0,0.0,34875.0,75.9,63.0,1.0,0.0,8.0,0.0,697.0,1.0,0.2347826086956521,0.2698412698412698,316.0,0.0,0.0,-1.0,0
30000.0,36.0,12.12,998.15,7.0,9.0,0.0,140000.0,1.0,0.0,19.08,14.0,0.0,32879.0,70.1,42.0,0.0,0.0,4.0,0.0,712.0,1.0,0.2142857142857142,0.3333333333333333,203.0,0.0,0.0,-1.0,0
35000.0,60.0,21.49,956.55,22.0,5.0,0.0,270000.0,2.0,3.0,14.02,10.0,0.0,22573.0,68.1,25.0,1.0,0.0,4.0,0.0,677.0,1.0,0.1296296296296296,0.4,156.0,0.0,0.0,-1.0,0
20000.0,36.0,16.29,706.01,13.0,10.0,1.0,75000.0,2.0,4.0,13.06,9.0,0.0,14059.0,100.4,37.0,0.0,0.0,4.0,0.0,677.0,1.0,0.2666666666666666,0.2432432432432432,205.0,0.0,0.0,-1.0,0
21000.0,60.0,15.8,508.46,12.0,10.0,0.0,110000.0,1.0,4.0,19.34,12.0,0.0,54319.0,87.8,28.0,0.0,0.0,2.0,0.0,687.0,1.0,0.1909090909090909,0.4285714285714285,377.0,0.0,0.0,-1.0,0
9000.0,36.0,13.11,303.73,8.0,3.0,0.0,64000.0,2.0,4.0,10.91,6.0,0.0,14644.0,87.2,9.0,0.0,0.0,1.0,0.0,692.0,1.0,0.140625,0.6666666666666666,131.0,0.0,0.0,-1.0,0
31575.0,36.0,13.11,1065.57,8.0,8.0,0.0,110000.0,1.0,0.0,14.54,18.0,0.0,27451.0,91.8,31.0,1.0,0.0,1.0,0.0,682.0,1.0,0.2870454545454545,0.5806451612903226,340.0,0.0,0.0,-1.0,0
24000.0,36.0,13.11,809.93,8.0,2.0,1.0,100000.0,2.0,4.0,5.78,14.0,0.0,26750.0,55.9,23.0,1.0,0.0,0.0,0.0,677.0,1.0,0.24,0.6086956521739131,77.0,0.0,0.0,-1.0,0
20000.0,36.0,14.33,686.77,10.0,4.0,0.0,60000.0,2.0,0.0,7.32,8.0,0.0,14902.0,77.6,18.0,1.0,0.0,5.0,0.0,667.0,1.0,0.3333333333333333,0.4444444444444444,287.0,0.0,0.0,-1.0,0
25000.0,36.0,7.62,779.04,2.0,10.0,0.0,83000.0,1.0,4.0,14.67,10.0,0.0,12220.0,73.2,18.0,1.0,0.0,2.0,0.0,727.0,1.0,0.3012048192771084,0.5555555555555556,269.0,0.0,0.0,-1.0,0
6000.0,36.0,12.12,199.63,7.0,10.0,0.0,60000.0,2.0,8.0,7.64,4.0,0.0,8703.0,91.6,18.0,1.0,0.0,6.0,0.0,677.0,1.0,0.1,0.2222222222222222,225.0,0.0,0.0,-1.0,0
6000.0,36.0,12.12,199.63,7.0,1.0,1.0,50000.0,0.0,0.0,26.11,12.0,0.0,6229.0,35.4,15.0,0.0,0.0,0.0,0.0,702.0,1.0,0.12,0.8,182.0,0.0,0.0,-1.0,1
4800.0,36.0,15.8,168.29,12.0,10.0,0.0,165000.0,0.0,5.0,9.84,13.0,0.0,13443.0,43.4,36.0,1.0,0.0,4.0,0.0,707.0,1.0,0.029090909090909,0.3611111111111111,188.0,0.0,0.0,-1.0,0
19425.0,60.0,22.95,547.05,25.0,10.0,1.0,55000.0,2.0,0.0,23.89,10.0,0.0,6125.0,83.9,46.0,1.0,0.0,0.0,0.0,672.0,1.0,0.3531818181818182,0.217391304347826,122.0,0.0,0.0,-1.0,0
6000.0,36.0,14.33,206.03,10.0,2.0,1.0,31000.0,2.0,4.0,31.35,13.0,0.0,8525.0,56.5,14.0,1.0,0.0,0.0,0.0,687.0,1.0,0.1935483870967742,0.9285714285714286,66.0,0.0,0.0,-1.0,0
23000.0,36.0,13.11,776.19,8.0,0.0,1.0,60000.0,1.0,4.0,22.84,7.0,0.0,25437.0,57.2,21.0,1.0,0.0,0.0,0.0,682.0,1.0,0.3833333333333333,0.3333333333333333,253.0,0.0,0.0,-1.0,0
5000.0,36.0,18.49,182.0,16.0,6.0,1.0,25000.0,2.0,5.0,30.82,9.0,0.0,7438.0,68.9,17.0,1.0,0.0,0.0,0.0,677.0,1.0,0.2,0.5294117647058824,200.0,0.0,0.0,-1.0,0
16000.0,36.0,12.12,532.35,7.0,10.0,1.0,41000.0,2.0,0.0,27.28,7.0,0.0,10767.0,76.9,18.0,0.0,0.0,0.0,0.0,707.0,1.0,0.3902439024390244,0.3888888888888889,133.0,0.0,0.0,-1.0,0
30000.0,36.0,12.12,998.15,7.0,0.0,0.0,74000.0,2.0,0.0,20.11,16.0,0.0,28313.0,26.4,30.0,1.0,0.0,4.0,0.0,727.0,1.0,0.4054054054054054,0.5333333333333333,271.0,0.0,0.0,-1.0,0
18000.0,36.0,15.8,631.06,12.0,6.0,0.0,40000.0,0.0,0.0,16.89,5.0,0.0,23006.0,93.1,15.0,1.0,0.0,5.0,0.0,672.0,1.0,0.45,0.3333333333333333,174.0,0.0,0.0,-1.0,1
5000.0,36.0,12.12,166.36,7.0,8.0,1.0,35000.0,2.0,0.0,26.33,13.0,0.0,6095.0,21.5,18.0,1.0,0.0,0.0,0.0,707.0,1.0,0.1428571428571428,0.7222222222222222,284.0,0.0,0.0,-1.0,0
19075.0,60.0,15.8,461.85,12.0,10.0,0.0,64000.0,2.0,0.0,33.47,10.0,0.0,19369.0,76.0,24.0,1.0,0.0,1.0,0.0,712.0,1.0,0.298046875,0.4166666666666667,151.0,0.0,0.0,-1.0,0
10000.0,36.0,8.9,317.54,4.0,5.0,0.0,90200.0,1.0,4.0,13.37,9.0,0.0,11902.0,81.0,26.0,1.0,0.0,6.0,0.0,717.0,1.0,0.1108647450110864,0.3461538461538461,140.0,0.0,0.0,-1.0,0
12000.0,36.0,16.29,423.61,13.0,7.0,1.0,59000.0,2.0,0.0,11.72,15.0,0.0,6164.0,38.8,26.0,1.0,0.0,0.0,0.0,682.0,1.0,0.2033898305084746,0.5769230769230769,127.0,0.0,0.0,-1.0,0
29375.0,36.0,15.8,1029.84,12.0,0.0,1.0,85000.0,2.0,4.0,18.42,13.0,0.0,27001.0,79.2,39.0,1.0,0.0,0.0,0.0,662.0,1.0,0.3455882352941176,0.3333333333333333,138.0,0.0,0.0,-1.0,0
15000.0,36.0,12.12,499.08,7.0,9.0,1.0,72000.0,0.0,0.0,10.87,12.0,0.0,23665.0,61.8,34.0,1.0,0.0,0.0,0.0,692.0,1.0,0.2083333333333333,0.3529411764705882,165.0,0.0,0.0,-1.0,0
10975.0,36.0,11.14,360.04,6.0,9.0,2.0,69000.0,2.0,0.0,20.19,8.0,0.0,0.0,0.0,41.0,0.0,0.0,5.0,0.0,722.0,1.0,0.1590579710144927,0.1951219512195122,171.0,0.0,0.0,-1.0,1
16000.0,36.0,17.77,576.6,15.0,10.0,0.0,60100.0,2.0,0.0,28.71,15.0,0.0,10871.0,56.0,53.0,0.0,0.0,1.0,0.0,687.0,1.0,0.2662229617304492,0.2830188679245283,160.0,0.0,0.0,-1.0,0
22000.0,60.0,8.9,455.62,4.0,0.0,0.0,81100.0,2.0,0.0,30.67,12.0,0.0,73343.0,76.8,27.0,1.0,0.0,2.0,0.0,717.0,1.0,0.2712700369913687,0.4444444444444444,148.0,0.0,0.0,-1.0,0
11100.0,36.0,14.33,381.16,10.0,10.0,0.0,61000.0,2.0,0.0,29.44,8.0,0.0,35349.0,101.0,19.0,1.0,0.0,4.0,0.0,702.0,1.0,0.1819672131147541,0.4210526315789473,233.0,0.0,0.0,-1.0,1
15200.0,36.0,15.8,532.89,12.0,4.0,0.0,47840.0,1.0,0.0,19.58,6.0,0.0,19307.0,93.7,11.0,1.0,0.0,0.0,0.0,662.0,1.0,0.3177257525083612,0.5454545454545454,276.0,0.0,0.0,-1.0,0
7425.0,36.0,18.75,271.24,17.0,8.0,0.0,70000.0,2.0,1.0,12.29,10.0,1.0,7861.0,79.4,14.0,1.0,0.0,1.0,1.0,677.0,1.0,0.1060714285714285,0.7142857142857143,169.0,0.0059171597633136,0.0059171597633136,1.0,0
32000.0,36.0,13.11,1079.91,8.0,10.0,1.0,205000.0,2.0,0.0,12.22,10.0,0.0,20256.0,84.4,24.0,1.0,0.0,2.0,0.0,712.0,2.0,0.1560975609756097,0.4166666666666667,177.0,0.0,0.0,-1.0,0
7000.0,36.0,15.8,245.41,12.0,6.0,1.0,107000.0,0.0,0.0,13.47,29.0,0.0,5802.0,67.5,43.0,0.0,0.0,2.0,0.0,662.0,2.0,0.0654205607476635,0.6744186046511628,152.0,0.0,0.0,-1.0,0
10000.0,36.0,14.33,343.39,10.0,4.0,1.0,40000.0,0.0,0.0,26.94,8.0,0.0,12096.0,72.4,13.0,1.0,0.0,0.0,0.0,687.0,2.0,0.25,0.6153846153846154,68.0,0.0,0.0,-1.0,0
12000.0,36.0,10.16,388.11,5.0,10.0,0.0,50000.0,2.0,0.0,11.21,6.0,0.0,9328.0,53.9,9.0,1.0,0.0,2.0,0.0,727.0,2.0,0.24,0.6666666666666666,141.0,0.0,0.0,-1.0,0
16450.0,36.0,10.16,532.04,5.0,10.0,0.0,51000.0,2.0,4.0,27.44,16.0,0.0,31969.0,59.6,31.0,0.0,0.0,1.0,0.0,712.0,2.0,0.3225490196078431,0.5161290322580645,364.0,0.0,0.0,-1.0,0
18000.0,60.0,14.33,421.92,10.0,1.0,0.0,100000.0,2.0,0.0,12.73,8.0,0.0,5114.0,78.7,17.0,1.0,0.0,3.0,0.0,687.0,2.0,0.18,0.4705882352941176,160.0,0.0,0.0,-1.0,0
15000.0,60.0,15.8,363.18,12.0,2.0,0.0,54000.0,2.0,0.0,17.93,17.0,0.0,11971.0,57.0,20.0,1.0,0.0,1.0,0.0,682.0,2.0,0.2777777777777778,0.85,111.0,0.0,0.0,-1.0,0
16000.0,60.0,22.95,450.59,25.0,0.0,0.0,120000.0,2.0,5.0,25.44,12.0,0.0,8827.0,51.3,31.0,1.0,0.0,1.0,0.0,712.0,2.0,0.1333333333333333,0.3870967741935484,123.0,0.0,0.0,-1.0,0
15000.0,36.0,19.05,550.22,18.0,7.0,1.0,115000.0,0.0,12.0,7.23,12.0,0.0,2845.0,21.4,21.0,1.0,0.0,0.0,0.0,702.0,2.0,0.1304347826086956,0.5714285714285714,212.0,0.0,0.0,-1.0,0
12000.0,36.0,18.49,436.79,16.0,10.0,0.0,48000.0,0.0,0.0,18.93,10.0,0.0,3857.0,71.4,21.0,0.0,0.0,3.0,0.0,672.0,2.0,0.25,0.4761904761904761,167.0,0.0,0.0,-1.0,1
10000.0,36.0,17.27,357.88,14.0,10.0,1.0,34000.0,2.0,4.0,13.98,10.0,0.0,11249.0,46.9,26.0,0.0,0.0,0.0,0.0,687.0,2.0,0.2941176470588235,0.3846153846153846,130.0,0.0,0.0,-1.0,0
35000.0,36.0,12.12,1164.51,7.0,2.0,0.0,138000.0,2.0,0.0,14.68,7.0,0.0,45965.0,75.7,20.0,1.0,0.0,6.0,0.0,727.0,2.0,0.2536231884057971,0.35,269.0,0.0,0.0,-1.0,0
14000.0,36.0,6.03,426.1,0.0,0.0,1.0,80000.0,1.0,4.0,14.77,8.0,0.0,13416.0,53.5,14.0,1.0,0.0,0.0,0.0,752.0,2.0,0.175,0.5714285714285714,129.0,0.0,0.0,-1.0,0
21000.0,36.0,6.03,639.15,0.0,8.0,0.0,90000.0,2.0,0.0,24.23,23.0,0.0,35257.0,24.9,49.0,1.0,0.0,3.0,0.0,752.0,2.0,0.2333333333333333,0.4693877551020408,262.0,0.0,0.0,-1.0,0
21000.0,60.0,8.9,434.91,4.0,9.0,0.0,120000.0,1.0,0.0,14.63,16.0,0.0,23772.0,27.9,42.0,1.0,0.0,5.0,0.0,727.0,2.0,0.175,0.3809523809523809,384.0,0.0,0.0,-1.0,0
16000.0,36.0,10.16,517.48,5.0,0.0,0.0,117000.0,2.0,4.0,24.16,16.0,0.0,34275.0,51.5,34.0,1.0,0.0,4.0,0.0,692.0,2.0,0.1367521367521367,0.4705882352941176,180.0,0.0,0.0,-1.0,0
25000.0,60.0,11.14,545.31,6.0,0.0,0.0,85000.0,2.0,0.0,21.39,18.0,0.0,25799.0,59.4,38.0,1.0,0.0,1.0,0.0,737.0,2.0,0.2941176470588235,0.4736842105263157,205.0,0.0,0.0,-1.0,0
35000.0,36.0,15.8,1227.05,12.0,10.0,0.0,250000.0,2.0,2.0,8.11,13.0,0.0,22944.0,83.1,33.0,0.0,0.0,2.0,0.0,702.0,2.0,0.14,0.3939393939393939,122.0,0.0,0.0,-1.0,1
6350.0,36.0,18.75,231.97,17.0,2.0,1.0,41000.0,0.0,9.0,24.73,9.0,0.0,19851.0,75.2,16.0,0.0,0.0,0.0,0.0,672.0,2.0,0.1548780487804878,0.5625,125.0,0.0,0.0,-1.0,1
15000.0,60.0,12.12,334.58,7.0,10.0,2.0,81000.0,2.0,0.0,13.81,11.0,0.0,17432.0,48.6,23.0,1.0,0.0,3.0,0.0,702.0,2.0,0.1851851851851851,0.4782608695652174,161.0,0.0,0.0,-1.0,0
6000.0,36.0,14.09,205.33,9.0,5.0,2.0,30000.0,2.0,4.0,22.28,7.0,0.0,19347.0,88.3,12.0,1.0,0.0,0.0,0.0,692.0,2.0,0.2,0.5833333333333334,172.0,0.0,0.0,-1.0,0
8975.0,36.0,15.31,312.49,11.0,6.0,1.0,50000.0,1.0,0.0,23.3,7.0,0.0,7503.0,65.2,18.0,1.0,0.0,5.0,0.0,672.0,2.0,0.1795,0.3888888888888889,129.0,0.0,0.0,-1.0,0
5600.0,36.0,15.8,196.33,12.0,8.0,0.0,47000.0,2.0,4.0,23.54,10.0,0.0,7029.0,59.6,15.0,1.0,0.0,2.0,0.0,672.0,2.0,0.1191489361702127,0.6666666666666666,144.0,0.0,0.0,-1.0,0
35000.0,36.0,11.14,1148.18,6.0,10.0,0.0,164500.0,2.0,4.0,18.65,13.0,0.0,166015.0,53.3,39.0,0.0,0.0,4.0,0.0,717.0,2.0,0.2127659574468085,0.3333333333333333,364.0,0.0,0.0,-1.0,0
8550.0,36.0,13.11,288.54,8.0,3.0,1.0,32000.0,0.0,0.0,22.01,12.0,0.0,8933.0,43.2,33.0,1.0,0.0,0.0,0.0,697.0,2.0,0.2671875,0.3636363636363636,170.0,0.0,0.0,-1.0,0
16000.0,60.0,17.27,399.97,14.0,1.0,0.0,51000.0,2.0,4.0,32.36,13.0,0.0,20584.0,53.5,29.0,1.0,0.0,2.0,0.0,707.0,2.0,0.3137254901960784,0.4482758620689655,258.0,0.0,0.0,-1.0,0
11800.0,36.0,11.14,387.1,6.0,0.0,1.0,80000.0,0.0,0.0,15.89,11.0,0.0,16527.0,58.0,14.0,1.0,0.0,1.0,0.0,687.0,2.0,0.1475,0.7857142857142857,152.0,0.0,0.0,-1.0,0
7200.0,36.0,18.49,262.08,16.0,0.0,1.0,35000.0,0.0,0.0,24.1,10.0,0.0,7211.0,65.0,21.0,0.0,0.0,0.0,0.0,672.0,2.0,0.2057142857142857,0.4761904761904761,154.0,0.0,0.0,-1.0,1
17500.0,60.0,21.49,478.28,22.0,4.0,1.0,39000.0,2.0,0.0,27.98,15.0,0.0,27065.0,59.7,31.0,1.0,0.0,0.0,0.0,692.0,3.0,0.4487179487179487,0.4838709677419355,229.0,0.0,0.0,-1.0,0
22000.0,36.0,20.49,823.11,20.0,9.0,0.0,50000.0,2.0,4.0,27.84,11.0,0.0,22514.0,80.4,29.0,1.0,0.0,4.0,0.0,662.0,3.0,0.44,0.3793103448275862,348.0,0.0,0.0,-1.0,0
6375.0,36.0,8.9,202.43,4.0,7.0,0.0,75000.0,0.0,0.0,9.73,9.0,0.0,1007.0,4.7,15.0,0.0,0.0,2.0,0.0,777.0,3.0,0.085,0.6,86.0,0.0,0.0,-1.0,0
18000.0,36.0,10.16,582.17,5.0,10.0,0.0,128000.0,1.0,0.0,17.1,13.0,0.0,33086.0,59.7,34.0,0.0,0.0,9.0,0.0,687.0,3.0,0.140625,0.3823529411764705,193.0,0.0,0.0,-1.0,0
1675.0,36.0,14.33,57.52,10.0,7.0,0.0,32000.0,1.0,4.0,29.85,13.0,0.0,17570.0,49.4,34.0,0.0,0.0,6.0,0.0,697.0,3.0,0.05234375,0.3823529411764705,281.0,0.0,0.0,-1.0,0
20000.0,36.0,18.49,727.98,16.0,5.0,0.0,68000.0,2.0,2.0,16.72,10.0,0.0,3210.0,47.9,26.0,1.0,0.0,4.0,0.0,697.0,3.0,0.2941176470588235,0.3846153846153846,273.0,0.0,0.0,-1.0,0
3825.0,36.0,18.49,139.23,16.0,5.0,1.0,22000.0,0.0,0.0,27.16,9.0,0.0,5517.0,72.6,10.0,1.0,0.0,0.0,0.0,697.0,3.0,0.1738636363636363,0.9,113.0,0.0,0.0,-1.0,0
15000.0,36.0,15.8,525.88,12.0,10.0,0.0,62000.0,1.0,0.0,30.21,14.0,0.0,37001.0,72.7,51.0,0.0,0.0,6.0,0.0,702.0,3.0,0.2419354838709677,0.2745098039215686,262.0,0.0,0.0,-1.0,1
16000.0,60.0,21.98,441.73,23.0,10.0,0.0,50000.0,2.0,0.0,9.7,11.0,0.0,14433.0,83.4,16.0,1.0,0.0,1.0,0.0,677.0,3.0,0.32,0.6875,76.0,0.0,0.0,-1.0,0
8000.0,36.0,12.12,266.18,7.0,10.0,0.0,60000.0,0.0,0.0,23.84,11.0,0.0,23057.0,81.8,14.0,1.0,0.0,1.0,0.0,707.0,3.0,0.1333333333333333,0.7857142857142857,147.0,0.0,0.0,-1.0,0
13000.0,36.0,11.14,426.47,6.0,1.0,0.0,45000.0,0.0,0.0,6.56,6.0,0.0,12762.0,55.0,15.0,0.0,0.0,0.0,0.0,702.0,3.0,0.2888888888888888,0.4,137.0,0.0,0.0,-1.0,0
8000.0,36.0,18.49,291.19,16.0,10.0,0.0,50000.0,2.0,5.0,2.87,10.0,1.0,2991.0,20.1,13.0,0.0,0.0,0.0,1.0,702.0,3.0,0.16,0.7692307692307693,148.0,0.0067567567567567,0.0067567567567567,1.0,0
10000.0,36.0,8.9,317.54,4.0,0.0,0.0,150000.0,2.0,4.0,26.77,11.0,2.0,56511.0,75.7,36.0,1.0,0.0,2.0,0.0,712.0,3.0,0.0666666666666666,0.3055555555555556,281.0,0.0071174377224199,0.0,0.0,0
17700.0,36.0,7.9,553.84,3.0,5.0,0.0,102000.0,1.0,4.0,13.79,7.0,0.0,24967.0,57.3,34.0,0.0,0.0,3.0,0.0,727.0,3.0,0.1735294117647058,0.2058823529411764,233.0,0.0,0.0,-1.0,0
24000.0,36.0,8.9,762.08,4.0,2.0,0.0,177000.0,2.0,0.0,12.77,15.0,0.0,196124.0,67.9,38.0,1.0,0.0,2.0,0.0,692.0,3.0,0.135593220338983,0.3947368421052631,257.0,0.0,0.0,-1.0,0
8725.0,36.0,18.49,317.58,16.0,3.0,1.0,25000.0,0.0,0.0,25.46,10.0,0.0,13607.0,67.4,29.0,1.0,0.0,0.0,0.0,682.0,3.0,0.349,0.3448275862068966,313.0,0.0,0.0,-1.0,1
19125.0,36.0,21.0,720.54,21.0,1.0,1.0,60600.0,2.0,1.0,6.71,14.0,0.0,9136.0,44.6,19.0,1.0,0.0,1.0,0.0,727.0,3.0,0.3155940594059406,0.7368421052631579,67.0,0.0,0.0,-1.0,0
15075.0,60.0,17.27,376.85,14.0,10.0,1.0,68988.0,2.0,8.0,13.65,13.0,0.0,9383.0,35.7,22.0,1.0,0.0,2.0,0.0,707.0,3.0,0.2185162636980344,0.5909090909090909,184.0,0.0,0.0,-1.0,0
2300.0,36.0,11.14,75.46,6.0,8.0,0.0,75000.0,0.0,3.0,24.72,10.0,0.0,21417.0,54.2,32.0,1.0,0.0,4.0,0.0,722.0,3.0,0.0306666666666666,0.3125,157.0,0.0,0.0,-1.0,0
18775.0,36.0,16.29,662.77,13.0,2.0,1.0,70000.0,2.0,4.0,6.83,21.0,0.0,15536.0,68.1,50.0,1.0,0.0,0.0,0.0,677.0,3.0,0.2682142857142857,0.42,214.0,0.0,0.0,-1.0,1
20000.0,36.0,12.12,665.44,7.0,8.0,0.0,60000.0,2.0,8.0,13.08,9.0,0.0,7876.0,29.2,20.0,0.0,0.0,2.0,0.0,712.0,3.0,0.3333333333333333,0.45,124.0,0.0,0.0,-1.0,0
30000.0,36.0,16.29,1059.02,13.0,10.0,0.0,70000.0,2.0,0.0,22.03,17.0,0.0,16558.0,63.2,42.0,1.0,0.0,3.0,0.0,667.0,3.0,0.4285714285714285,0.4047619047619047,179.0,0.0,0.0,-1.0,1
14300.0,60.0,17.27,357.48,14.0,1.0,1.0,150000.0,2.0,0.0,9.34,16.0,0.0,6443.0,70.8,18.0,1.0,0.0,0.0,0.0,677.0,3.0,0.0953333333333333,0.8888888888888888,132.0,0.0,0.0,-1.0,1
12000.0,36.0,11.14,393.67,6.0,6.0,0.0,35000.0,2.0,4.0,17.97,9.0,0.0,9813.0,27.8,19.0,1.0,0.0,1.0,0.0,722.0,3.0,0.3428571428571428,0.4736842105263157,339.0,0.0,0.0,-1.0,0
18000.0,36.0,6.03,547.84,0.0,1.0,0.0,165000.0,2.0,4.0,15.9,14.0,0.0,12783.0,33.8,26.0,1.0,0.0,1.0,0.0,767.0,3.0,0.109090909090909,0.5384615384615384,255.0,0.0,0.0,-1.0,0
12000.0,36.0,16.29,423.61,13.0,10.0,0.0,60000.0,1.0,4.0,17.43,15.0,0.0,14219.0,61.1,33.0,0.0,0.0,4.0,0.0,662.0,3.0,0.2,0.4545454545454545,246.0,0.0,0.0,-1.0,0
2500.0,36.0,15.8,87.65,12.0,6.0,1.0,20000.0,2.0,0.0,31.8,6.0,0.0,6436.0,61.3,9.0,0.0,0.0,0.0,0.0,727.0,3.0,0.125,0.6666666666666666,179.0,0.0,0.0,-1.0,0
4800.0,36.0,12.12,159.71,7.0,8.0,1.0,110000.0,0.0,4.0,12.79,13.0,0.0,7654.0,37.2,17.0,1.0,0.0,0.0,0.0,692.0,3.0,0.0436363636363636,0.7647058823529411,105.0,0.0,0.0,-1.0,0
3000.0,36.0,23.63,117.12,27.0,0.0,1.0,36000.0,0.0,10.0,3.07,3.0,0.0,3655.0,96.2,3.0,1.0,0.0,0.0,0.0,662.0,3.0,0.0833333333333333,1.0,41.0,0.0,0.0,-1.0,1
14550.0,60.0,15.31,348.52,11.0,2.0,0.0,56000.0,2.0,0.0,26.96,14.0,0.0,29230.0,62.6,37.0,1.0,0.0,6.0,0.0,692.0,3.0,0.2598214285714286,0.3783783783783784,174.0,0.0,0.0,-1.0,1
21000.0,36.0,6.03,639.15,0.0,10.0,0.0,400000.0,2.0,0.0,7.01,16.0,0.0,43503.0,44.5,45.0,1.0,0.0,4.0,0.0,742.0,3.0,0.0525,0.3555555555555555,299.0,0.0,0.0,-1.0,0
20000.0,36.0,14.33,686.77,10.0,1.0,0.0,75000.0,2.0,0.0,21.06,22.0,0.0,37116.0,64.8,45.0,1.0,0.0,2.0,0.0,692.0,3.0,0.2666666666666666,0.4888888888888889,175.0,0.0,0.0,-1.0,0
35000.0,60.0,21.98,966.27,23.0,7.0,0.0,89000.0,2.0,0.0,11.7,13.0,0.0,12597.0,68.1,26.0,0.0,0.0,1.0,0.0,672.0,3.0,0.3932584269662921,0.5,197.0,0.0,0.0,-1.0,1
24500.0,36.0,8.9,777.96,4.0,7.0,1.0,183000.0,1.0,0.0,12.58,9.0,0.0,23261.0,67.2,18.0,0.0,0.0,0.0,0.0,722.0,3.0,0.133879781420765,0.5,170.0,0.0,0.0,-1.0,0
12000.0,36.0,17.27,429.45,14.0,5.0,0.0,45000.0,0.0,4.0,8.16,7.0,0.0,9637.0,59.9,14.0,1.0,0.0,3.0,0.0,682.0,3.0,0.2666666666666666,0.5,262.0,0.0,0.0,-1.0,0
19617.412109375,60.0,19.05,509.42669067382815,18.0,9.0,0.0,2467023.75,2.0,0.0,129.71341033935548,16.0,0.0,947246.375,125.24573516845703,23.0,1.0,0.0,2.0,0.0,712.0,4.0,0.007951842701953316,0.6956521977077831,267.0,0.0,0.0,-1.0,0
20000.0,60.0,17.27,499.96,14.0,5.0,0.0,101000.0,2.0,2.0,11.72,12.0,0.0,10169.0,55.6,30.0,1.0,0.0,2.0,0.0,682.0,4.0,0.198019801980198,0.4,215.0,0.0,0.0,-1.0,0
13600.0,36.0,12.12,452.5,7.0,1.0,1.0,107000.0,0.0,4.0,21.61,20.0,0.0,17935.0,83.4,40.0,1.0,0.0,3.0,0.0,692.0,4.0,0.1271028037383177,0.5,235.0,0.0,0.0,-1.0,0
12000.0,36.0,11.14,393.67,6.0,2.0,2.0,54000.0,0.0,4.0,9.5,6.0,0.0,6606.0,36.3,7.0,1.0,0.0,0.0,0.0,702.0,4.0,0.2222222222222222,0.8571428571428571,53.0,0.0,0.0,-1.0,0
11000.0,36.0,10.16,355.77,5.0,10.0,0.0,75000.0,2.0,0.0,12.48,15.0,0.0,19387.0,58.0,28.0,1.0,0.0,1.0,0.0,667.0,4.0,0.1466666666666666,0.5357142857142857,232.0,0.0,0.0,-1.0,0
15000.0,60.0,8.9,310.65,4.0,10.0,0.0,105400.0,1.0,0.0,8.46,13.0,0.0,17047.0,36.5,36.0,1.0,0.0,5.0,0.0,722.0,4.0,0.1423149905123339,0.3611111111111111,178.0,0.0,0.0,-1.0,0
26400.0,36.0,10.16,853.84,5.0,10.0,0.0,110000.0,2.0,4.0,30.79,13.0,0.0,38061.0,66.3,34.0,0.0,0.0,3.0,0.0,712.0,4.0,0.24,0.3823529411764705,367.0,0.0,0.0,-1.0,0
2500.0,36.0,19.72,92.56,19.0,0.0,0.0,97000.0,1.0,7.0,22.49,14.0,0.0,30264.0,88.8,37.0,1.0,0.0,6.0,0.0,662.0,4.0,0.0257731958762886,0.3783783783783784,172.0,0.0,0.0,-1.0,0
10500.0,36.0,6.62,322.39,1.0,10.0,2.0,30000.0,2.0,0.0,21.6,4.0,0.0,19495.0,41.2,11.0,1.0,0.0,0.0,0.0,752.0,4.0,0.35,0.3636363636363636,196.0,0.0,0.0,-1.0,0
16000.0,36.0,10.16,517.48,5.0,5.0,0.0,92859.0,0.0,0.0,16.56,7.0,0.0,21012.0,45.9,20.0,1.0,0.0,3.0,0.0,732.0,4.0,0.1723042462227678,0.35,242.0,0.0,0.0,-1.0,0
15600.0,36.0,10.16,504.55,5.0,10.0,0.0,85000.0,1.0,0.0,16.4,10.0,0.0,15724.0,81.9,43.0,1.0,0.0,5.0,0.0,682.0,4.0,0.1835294117647058,0.2325581395348837,207.0,0.0,0.0,-1.0,1
10000.0,36.0,13.11,337.47,8.0,9.0,2.0,80000.0,0.0,0.0,18.12,16.0,0.0,34752.0,57.4,23.0,0.0,0.0,2.0,0.0,677.0,4.0,0.125,0.6956521739130435,105.0,0.0,0.0,-1.0,0
6000.0,36.0,15.31,208.91,11.0,8.0,0.0,85000.0,0.0,0.0,24.46,25.0,0.0,15612.0,56.4,34.0,1.0,0.0,1.0,0.0,687.0,4.0,0.0705882352941176,0.7352941176470589,173.0,0.0,0.0,-1.0,0
4800.0,36.0,12.12,159.71,7.0,8.0,1.0,50000.0,0.0,0.0,10.38,6.0,0.0,8356.0,61.4,16.0,0.0,0.0,0.0,0.0,687.0,4.0,0.096,0.375,137.0,0.0,0.0,-1.0,0
7600.0,36.0,10.16,245.81,5.0,10.0,0.0,51000.0,2.0,4.0,13.48,13.0,0.0,28247.0,42.6,25.0,0.0,0.0,6.0,0.0,697.0,4.0,0.1490196078431372,0.52,345.0,0.0,0.0,-1.0,0
9000.0,36.0,12.12,299.45,7.0,7.0,1.0,50000.0,0.0,0.0,14.9,4.0,0.0,6968.0,61.7,21.0,1.0,0.0,0.0,0.0,667.0,4.0,0.18,0.1904761904761904,120.0,0.0,0.0,-1.0,0
20050.0,36.0,12.12,667.1,7.0,6.0,1.0,45000.0,2.0,6.0,21.47,9.0,0.0,1824.0,19.8,31.0,1.0,0.0,0.0,0.0,747.0,4.0,0.4455555555555555,0.2903225806451613,162.0,0.0,0.0,-1.0,1
12000.0,36.0,11.14,393.67,6.0,0.0,1.0,65000.0,0.0,0.0,14.4,17.0,0.0,7806.0,84.8,28.0,1.0,0.0,0.0,0.0,702.0,4.0,0.1846153846153846,0.6071428571428571,132.0,0.0,0.0,-1.0,0
15825.0,36.0,6.62,485.89,1.0,2.0,1.0,49000.0,0.0,0.0,18.43,11.0,0.0,3530.0,8.1,17.0,0.0,0.0,0.0,0.0,782.0,4.0,0.3229591836734694,0.6470588235294118,150.0,0.0,0.0,-1.0,0
17600.0,60.0,12.12,392.58,7.0,3.0,0.0,85000.0,2.0,0.0,30.59,12.0,0.0,5603.0,27.2,35.0,1.0,0.0,8.0,0.0,767.0,4.0,0.2070588235294117,0.3428571428571428,236.0,0.0,0.0,-1.0,0
2400.0,36.0,16.29,84.73,13.0,1.0,1.0,23000.0,0.0,0.0,18.63,4.0,0.0,913.0,10.4,4.0,1.0,0.0,0.0,0.0,767.0,4.0,0.1043478260869565,1.0,41.0,0.0,0.0,-1.0,0
24925.0,60.0,16.29,609.98,13.0,10.0,1.0,56000.0,2.0,4.0,26.04,17.0,0.0,12814.0,48.2,46.0,1.0,0.0,0.0,0.0,697.0,4.0,0.4450892857142857,0.3695652173913043,329.0,0.0,0.0,-1.0,1
3250.0,36.0,16.29,114.73,13.0,8.0,1.0,35000.0,1.0,0.0,11.45,10.0,0.0,5520.0,56.0,13.0,1.0,0.0,0.0,0.0,697.0,4.0,0.0928571428571428,0.7692307692307693,94.0,0.0,0.0,-1.0,1
9175.0,36.0,15.31,319.45,11.0,3.0,0.0,35200.0,0.0,0.0,23.73,9.0,0.0,9618.0,75.1,12.0,0.0,0.0,0.0,0.0,682.0,4.0,0.2606534090909091,0.75,78.0,0.0,0.0,-1.0,0
9900.0,36.0,18.75,361.65,17.0,10.0,0.0,50670.0,0.0,0.0,22.0,8.0,0.0,6406.0,70.4,31.0,0.0,0.0,2.0,0.0,697.0,4.0,0.1953818827708703,0.2580645161290322,234.0,0.0,0.0,-1.0,0
18000.0,36.0,16.29,635.41,13.0,10.0,1.0,80000.0,0.0,0.0,17.79,11.0,0.0,14443.0,72.9,22.0,1.0,0.0,0.0,0.0,677.0,4.0,0.225,0.5,139.0,0.0,0.0,-1.0,0
10000.0,36.0,11.14,328.06,6.0,10.0,0.0,36000.0,2.0,0.0,16.23,7.0,0.0,5243.0,32.6,22.0,1.0,0.0,5.0,0.0,707.0,4.0,0.2777777777777778,0.3181818181818182,191.0,0.0,0.0,-1.0,0
11500.0,36.0,14.09,393.55,9.0,9.0,2.0,42000.0,2.0,0.0,31.83,10.0,0.0,7349.0,64.5,24.0,1.0,0.0,2.0,0.0,697.0,4.0,0.2738095238095238,0.4166666666666667,198.0,0.0,0.0,-1.0,0
15000.0,36.0,19.72,555.32,19.0,2.0,0.0,69496.0,1.0,0.0,11.85,9.0,0.0,4043.0,53.2,12.0,1.0,0.0,2.0,0.0,682.0,4.0,0.2158397605617589,0.75,66.0,0.0,0.0,-1.0,0
20675.0,36.0,12.12,687.9,7.0,2.0,0.0,120000.0,1.0,4.0,9.28,10.0,1.0,5562.0,30.6,18.0,1.0,0.0,2.0,1.0,702.0,4.0,0.1722916666666666,0.5555555555555556,133.0,0.0075187969924812,0.0075187969924812,1.0,0
10000.0,36.0,17.27,357.88,14.0,5.0,1.0,75000.0,0.0,4.0,6.69,6.0,0.0,8343.0,33.7,13.0,1.0,0.0,0.0,0.0,682.0,4.0,0.1333333333333333,0.4615384615384615,202.0,0.0,0.0,-1.0,0
6000.0,36.0,18.75,219.18,17.0,5.0,1.0,60000.0,2.0,9.0,15.9,7.0,1.0,8701.0,55.4,15.0,1.0,0.0,1.0,1.0,682.0,4.0,0.1,0.4666666666666667,162.0,0.0061728395061728,0.0061728395061728,1.0,0
13000.0,36.0,10.16,420.46,5.0,10.0,0.0,76500.0,2.0,0.0,5.74,9.0,0.0,28475.0,83.7,22.0,1.0,0.0,1.0,0.0,692.0,4.0,0.1699346405228758,0.4090909090909091,142.0,0.0,0.0,-1.0,0
19075.0,60.0,16.29,466.82,13.0,10.0,0.0,62800.0,2.0,4.0,22.84,14.0,0.0,36337.0,95.7,37.0,1.0,0.0,2.0,0.0,692.0,4.0,0.3037420382165605,0.3783783783783784,167.0,0.0,0.0,-1.0,0
11525.0,36.0,18.75,421.01,17.0,10.0,2.0,62000.0,1.0,5.0,10.47,7.0,0.0,5436.0,61.8,8.0,1.0,0.0,0.0,0.0,687.0,4.0,0.1858870967741935,0.875,58.0,0.0,0.0,-1.0,0
8000.0,36.0,14.09,273.78,9.0,5.0,1.0,25000.0,0.0,0.0,23.33,8.0,0.0,9207.0,64.4,12.0,1.0,0.0,2.0,0.0,692.0,4.0,0.32,0.6666666666666666,216.0,0.0,0.0,-1.0,1
9600.0,36.0,12.12,319.41,7.0,3.0,0.0,54000.0,0.0,0.0,20.93,11.0,0.0,27605.0,83.2,27.0,0.0,0.0,2.0,0.0,662.0,4.0,0.1777777777777777,0.4074074074074074,153.0,0.0,0.0,-1.0,0
15850.0,60.0,18.49,406.73,16.0,10.0,2.0,130000.0,2.0,0.0,12.27,9.0,1.0,30013.0,87.5,24.0,0.0,0.0,6.0,1.0,677.0,4.0,0.1219230769230769,0.375,331.0,0.0030211480362537,0.0030211480362537,1.0,1
7000.0,36.0,6.03,213.05,0.0,10.0,1.0,66000.0,0.0,0.0,12.4,15.0,0.0,5177.0,5.3,30.0,1.0,0.0,0.0,0.0,812.0,4.0,0.106060606060606,0.5,273.0,0.0,0.0,-1.0,0
10000.0,36.0,13.11,337.47,8.0,7.0,0.0,48000.0,0.0,4.0,12.3,7.0,0.0,17662.0,88.0,15.0,0.0,0.0,2.0,0.0,687.0,4.0,0.2083333333333333,0.4666666666666667,117.0,0.0,0.0,-1.0,0
25000.0,60.0,17.27,624.95,14.0,5.0,0.0,100000.0,1.0,2.0,18.61,12.0,0.0,15516.0,29.1,20.0,1.0,0.0,0.0,0.0,697.0,4.0,0.25,0.6,141.0,0.0,0.0,-1.0,0
8000.0,36.0,11.14,262.45,6.0,10.0,0.0,98000.0,0.0,2.0,17.01,16.0,0.0,22165.0,43.0,40.0,1.0,0.0,2.0,0.0,707.0,4.0,0.0816326530612244,0.4,157.0,0.0,0.0,-1.0,0
35000.0,36.0,17.27,1252.56,14.0,3.0,0.0,85000.0,2.0,0.0,30.02,15.0,0.0,113466.0,77.2,32.0,1.0,0.0,2.0,0.0,707.0,4.0,0.4117647058823529,0.46875,198.0,0.0,0.0,-1.0,0
12000.0,36.0,18.75,438.36,17.0,10.0,1.0,60000.0,2.0,0.0,25.98,4.0,0.0,13770.0,98.4,10.0,1.0,0.0,0.0,0.0,702.0,4.0,0.2,0.4,172.0,0.0,0.0,-1.0,1
10000.0,36.0,6.03,304.36,0.0,10.0,0.0,60000.0,2.0,2.0,27.16,13.0,0.0,11822.0,10.1,43.0,1.0,0.0,7.0,0.0,822.0,4.0,0.1666666666666666,0.3023255813953488,334.0,0.0,0.0,-1.0,0
12000.0,60.0,22.47,334.65,24.0,10.0,1.0,90000.0,2.0,0.0,11.17,6.0,0.0,9149.0,85.7,7.0,1.0,0.0,0.0,0.0,692.0,4.0,0.1333333333333333,0.8571428571428571,86.0,0.0,0.0,-1.0,0
4700.0,36.0,15.31,163.65,11.0,10.0,0.0,35000.0,0.0,0.0,7.78,10.0,1.0,9308.0,45.6,21.0,0.0,0.0,2.0,1.0,692.0,4.0,0.1342857142857142,0.4761904761904761,96.0,0.0104166666666666,0.0104166666666666,1.0,0
20700.0,36.0,13.11,698.57,8.0,1.0,1.0,46000.0,2.0,4.0,20.63,5.0,0.0,17236.0,76.9,19.0,1.0,0.0,2.0,0.0,687.0,5.0,0.45,0.2631578947368421,177.0,0.0,0.0,-1.0,0
4950.0,36.0,14.33,169.98,10.0,1.0,0.0,45000.0,0.0,0.0,7.23,8.0,0.0,3151.0,60.6,13.0,1.0,0.0,2.0,0.0,687.0,5.0,0.11,0.6153846153846154,155.0,0.0,0.0,-1.0,1
28000.0,36.0,15.8,981.64,12.0,10.0,1.0,165000.0,2.0,0.0,14.35,11.0,0.0,31729.0,84.7,13.0,1.0,0.0,0.0,0.0,667.0,5.0,0.1696969696969697,0.8461538461538461,170.0,0.0,0.0,-1.0,1
16000.0,36.0,11.14,524.89,6.0,0.0,0.0,120000.0,0.0,4.0,12.26,18.0,0.0,36334.0,50.5,33.0,0.0,0.0,4.0,0.0,682.0,5.0,0.1333333333333333,0.5454545454545454,114.0,0.0,0.0,-1.0,0
18000.0,60.0,15.31,431.16,11.0,2.0,0.0,85000.0,2.0,0.0,9.18,8.0,0.0,21416.0,93.1,22.0,0.0,0.0,4.0,0.0,702.0,5.0,0.2117647058823529,0.3636363636363636,234.0,0.0,0.0,-1.0,1
4000.0,36.0,23.63,156.16,27.0,1.0,1.0,61000.0,2.0,5.0,9.34,8.0,1.0,4206.0,62.8,17.0,1.0,0.0,0.0,1.0,677.0,5.0,0.0655737704918032,0.4705882352941176,148.0,0.0067567567567567,0.0067567567567567,1.0,1
15000.0,36.0,18.75,547.95,17.0,2.0,0.0,85000.0,1.0,4.0,10.28,8.0,0.0,24011.0,46.7,14.0,1.0,0.0,4.0,0.0,707.0,5.0,0.1764705882352941,0.5714285714285714,194.0,0.0,0.0,-1.0,1
35000.0,36.0,16.29,1235.52,13.0,6.0,0.0,79000.0,2.0,0.0,16.52,14.0,0.0,20625.0,50.5,26.0,0.0,0.0,3.0,0.0,707.0,5.0,0.4430379746835443,0.5384615384615384,172.0,0.0,0.0,-1.0,0
9000.0,36.0,14.09,308.0,9.0,10.0,0.0,50000.0,0.0,4.0,28.25,11.0,1.0,11532.0,53.4,17.0,1.0,0.0,2.0,1.0,722.0,5.0,0.18,0.6470588235294118,137.0,0.0072992700729927,0.0072992700729927,1.0,0
28000.0,60.0,19.72,737.48,19.0,5.0,0.0,137831.0,2.0,0.0,20.66,11.0,0.0,53040.0,92.1,27.0,1.0,0.0,3.0,0.0,702.0,5.0,0.2031473326029703,0.4074074074074074,325.0,0.0,0.0,-1.0,0
20000.0,60.0,11.14,436.25,6.0,10.0,0.0,65000.0,2.0,0.0,7.79,7.0,0.0,12404.0,53.0,19.0,1.0,0.0,4.0,0.0,712.0,5.0,0.3076923076923077,0.3684210526315789,171.0,0.0,0.0,-1.0,0
24000.0,36.0,6.62,736.89,1.0,5.0,0.0,150000.0,1.0,2.0,3.72,27.0,0.0,13980.0,28.2,58.0,0.0,0.0,2.0,0.0,752.0,5.0,0.16,0.4655172413793103,143.0,0.0,0.0,-1.0,0
16425.0,36.0,14.09,562.09,9.0,8.0,1.0,37000.0,0.0,4.0,29.74,15.0,0.0,17888.0,38.8,54.0,0.0,0.0,0.0,0.0,717.0,5.0,0.4439189189189189,0.2777777777777778,152.0,0.0,0.0,-1.0,1
10000.0,36.0,16.29,353.01,13.0,0.0,1.0,87000.0,1.0,0.0,16.91,9.0,0.0,12417.0,38.7,24.0,1.0,0.0,0.0,0.0,692.0,5.0,0.1149425287356321,0.375,256.0,0.0,0.0,-1.0,1
13000.0,36.0,14.33,446.4,10.0,3.0,1.0,36000.0,1.0,4.0,20.7,12.0,0.0,9895.0,65.1,41.0,0.0,0.0,0.0,0.0,667.0,5.0,0.3611111111111111,0.2926829268292683,147.0,0.0,0.0,-1.0,0
17050.0,36.0,10.16,551.44,5.0,5.0,1.0,38000.0,0.0,0.0,15.65,15.0,0.0,8660.0,50.9,18.0,1.0,0.0,0.0,0.0,732.0,5.0,0.4486842105263158,0.8333333333333334,88.0,0.0,0.0,-1.0,0
7000.0,36.0,11.14,229.64,6.0,10.0,1.0,45000.0,0.0,0.0,18.4,10.0,0.0,18464.0,31.3,38.0,1.0,0.0,2.0,0.0,702.0,5.0,0.1555555555555555,0.2631578947368421,188.0,0.0,0.0,-1.0,0
2000.0,36.0,14.09,68.45,9.0,1.0,2.0,76000.0,0.0,2.0,11.62,11.0,1.0,9230.0,44.0,20.0,1.0,0.0,0.0,1.0,692.0,5.0,0.0263157894736842,0.55,61.0,0.0163934426229508,0.0163934426229508,1.0,0
1775.0,36.0,17.77,63.97,15.0,9.0,0.0,16000.0,0.0,0.0,27.38,15.0,0.0,7139.0,66.1,36.0,0.0,0.0,0.0,0.0,687.0,5.0,0.1109375,0.4166666666666667,105.0,0.0,0.0,-1.0,0
10000.0,36.0,15.8,350.59,12.0,0.0,1.0,60000.0,0.0,0.0,12.56,6.0,0.0,3081.0,36.2,12.0,1.0,0.0,0.0,0.0,662.0,5.0,0.1666666666666666,0.5,198.0,0.0,0.0,-1.0,0
6000.0,36.0,18.85,219.49,17.0,9.0,1.0,90000.0,0.0,5.0,6.92,4.0,0.0,4472.0,37.0,13.0,1.0,0.0,0.0,0.0,672.0,5.0,0.0666666666666666,0.3076923076923077,136.0,0.0,0.0,-1.0,0
16000.0,60.0,20.49,428.28,20.0,8.0,0.0,60000.0,2.0,4.0,20.28,8.0,0.0,14981.0,96.0,16.0,1.0,0.0,2.0,0.0,692.0,5.0,0.2666666666666666,0.5,216.0,0.0,0.0,-1.0,0
5250.0,36.0,15.31,182.8,11.0,10.0,0.0,70000.0,2.0,0.0,20.07,12.0,0.0,21964.0,72.7,25.0,0.0,0.0,4.0,0.0,692.0,5.0,0.075,0.48,167.0,0.0,0.0,-1.0,0
17425.0,60.0,16.29,426.44,13.0,10.0,0.0,49138.0,2.0,0.0,31.33,9.0,0.0,8525.0,87.0,14.0,0.0,0.0,1.0,0.0,697.0,5.0,0.3546135373845089,0.6428571428571429,97.0,0.0,0.0,-1.0,0
5000.0,36.0,14.09,171.11,9.0,3.0,1.0,32000.0,1.0,2.0,0.56,6.0,1.0,15.0,0.3,28.0,1.0,0.0,4.0,1.0,662.0,5.0,0.15625,0.2142857142857142,201.0,0.0049751243781094,0.0049751243781094,1.0,0
12375.0,36.0,15.31,430.87,11.0,7.0,0.0,50000.0,2.0,0.0,22.51,17.0,1.0,21336.0,64.5,25.0,1.0,0.0,1.0,1.0,677.0,5.0,0.2475,0.68,212.0,0.0047169811320754,0.0047169811320754,1.0,0
10625.0,36.0,14.09,363.61,9.0,5.0,1.0,32000.0,0.0,0.0,26.44,8.0,0.0,7652.0,62.7,12.0,0.0,0.0,0.0,0.0,707.0,5.0,0.33203125,0.6666666666666666,98.0,0.0,0.0,-1.0,0
8400.0,36.0,15.31,292.47,11.0,10.0,1.0,30000.0,2.0,0.0,23.84,6.0,0.0,4698.0,34.5,19.0,1.0,0.0,0.0,0.0,682.0,5.0,0.28,0.3157894736842105,146.0,0.0,0.0,-1.0,1
10000.0,36.0,7.62,311.62,2.0,10.0,0.0,35000.0,2.0,0.0,16.9,10.0,0.0,20065.0,45.2,20.0,1.0,0.0,3.0,0.0,707.0,5.0,0.2857142857142857,0.5,337.0,0.0,0.0,-1.0,0
35000.0,36.0,13.11,1181.15,8.0,10.0,0.0,102000.0,2.0,4.0,18.92,20.0,0.0,17830.0,30.2,53.0,1.0,0.0,5.0,0.0,782.0,5.0,0.3431372549019608,0.3773584905660377,270.0,0.0,0.0,-1.0,0
12000.0,36.0,10.16,388.11,5.0,6.0,0.0,52000.0,2.0,4.0,20.1,8.0,0.0,13942.0,61.7,15.0,1.0,0.0,4.0,0.0,702.0,5.0,0.2307692307692307,0.5333333333333333,126.0,0.0,0.0,-1.0,0
20000.0,36.0,12.12,665.44,7.0,6.0,0.0,96400.0,2.0,0.0,16.15,18.0,0.0,19435.0,42.5,53.0,1.0,0.0,2.0,0.0,712.0,5.0,0.2074688796680498,0.3396226415094339,218.0,0.0,0.0,-1.0,0
7000.0,36.0,17.27,250.52,14.0,5.0,1.0,51000.0,0.0,4.0,7.79,10.0,0.0,10029.0,72.7,12.0,1.0,0.0,0.0,0.0,682.0,5.0,0.1372549019607843,0.8333333333333334,82.0,0.0,0.0,-1.0,0
8000.0,36.0,10.16,258.74,5.0,10.0,0.0,112000.0,0.0,0.0,15.05,13.0,0.0,7098.0,38.2,37.0,0.0,0.0,6.0,0.0,722.0,5.0,0.0714285714285714,0.3513513513513513,172.0,0.0,0.0,-1.0,1
30000.0,36.0,15.8,1051.76,12.0,0.0,1.0,116000.0,2.0,0.0,9.19,14.0,0.0,23881.0,65.8,29.0,1.0,0.0,0.0,0.0,677.0,5.0,0.2586206896551724,0.4827586206896552,142.0,0.0,0.0,-1.0,0
9625.0,36.0,6.03,292.95,0.0,9.0,0.0,69500.0,0.0,0.0,10.65,14.0,0.0,8041.0,34.5,18.0,1.0,0.0,1.0,0.0,767.0,5.0,0.1384892086330935,0.7777777777777778,230.0,0.0,0.0,-1.0,0
35000.0,36.0,15.31,1218.61,11.0,10.0,0.0,136000.0,2.0,0.0,12.24,20.0,0.0,40122.0,47.9,57.0,1.0,0.0,12.0,0.0,707.0,5.0,0.2573529411764705,0.3508771929824561,258.0,0.0,0.0,-1.0,0
9000.0,36.0,13.11,303.73,8.0,4.0,1.0,62000.0,0.0,4.0,11.38,13.0,0.0,6933.0,30.5,16.0,1.0,0.0,0.0,0.0,707.0,5.0,0.1451612903225806,0.8125,82.0,0.0,0.0,-1.0,1
9950.0,36.0,17.27,356.09,14.0,0.0,1.0,32000.0,0.0,0.0,21.79,13.0,0.0,7155.0,37.3,20.0,1.0,0.0,0.0,0.0,697.0,5.0,0.3109375,0.65,92.0,0.0,0.0,-1.0,1
6000.0,36.0,12.12,199.63,7.0,0.0,1.0,57000.0,1.0,0.0,22.19,11.0,0.0,5755.0,63.9,28.0,1.0,0.0,0.0,0.0,712.0,5.0,0.1052631578947368,0.3928571428571428,152.0,0.0,0.0,-1.0,0
35000.0,60.0,23.83,1003.43,29.0,0.0,0.0,100670.0,2.0,1.0,15.26,5.0,0.0,18067.0,52.1,23.0,0.0,0.0,7.0,0.0,677.0,5.0,0.3476706069335452,0.217391304347826,175.0,0.0,0.0,-1.0,1
25000.0,36.0,8.9,793.84,4.0,10.0,0.0,70000.0,2.0,2.0,27.75,16.0,0.0,21371.0,35.1,38.0,1.0,0.0,10.0,0.0,727.0,5.0,0.3571428571428571,0.4210526315789473,212.0,0.0,0.0,-1.0,0
11325.0,36.0,16.29,399.78,13.0,3.0,2.0,33000.0,2.0,4.0,26.11,11.0,2.0,10436.0,69.6,28.0,1.0,0.0,0.0,0.0,672.0,5.0,0.3431818181818182,0.3928571428571428,250.0,0.008,0.0,0.0,1
20000.0,60.0,22.95,563.24,25.0,10.0,1.0,56860.0,2.0,0.0,19.25,6.0,0.0,18668.0,94.3,10.0,1.0,0.0,0.0,0.0,727.0,5.0,0.3517411185367569,0.6,130.0,0.0,0.0,-1.0,0
6000.0,36.0,7.62,186.97,2.0,0.0,0.0,95000.0,0.0,2.0,7.45,7.0,0.0,412.0,2.5,26.0,1.0,0.0,3.0,0.0,747.0,5.0,0.0631578947368421,0.2692307692307692,149.0,0.0,0.0,-1.0,0
6500.0,36.0,13.11,219.36,8.0,10.0,0.0,85000.0,0.0,2.0,11.82,17.0,1.0,7498.0,64.6,32.0,0.0,0.0,1.0,1.0,687.0,5.0,0.0764705882352941,0.53125,327.0,0.0030581039755351,0.0030581039755351,1.0,0
7200.0,36.0,20.49,269.38,20.0,10.0,1.0,90000.0,2.0,4.0,13.59,7.0,1.0,15957.0,99.7,14.0,1.0,0.0,0.0,1.0,672.0,5.0,0.08,0.5,519.0,0.001926782273603,0.001926782273603,1.0,0
18000.0,36.0,19.52,664.56,18.0,9.0,0.0,77000.0,1.0,0.0,20.03,13.0,0.0,20676.0,81.1,23.0,0.0,0.0,1.0,0.0,672.0,6.0,0.2337662337662337,0.5652173913043478,272.0,0.0,0.0,-1.0,0
10350.0,36.0,10.64,337.09,6.0,9.0,2.0,30000.0,1.0,0.0,11.44,8.0,0.0,3254.0,29.3,19.0,1.0,0.0,0.0,0.0,677.0,6.0,0.345,0.4210526315789473,82.0,0.0,0.0,-1.0,0
16000.0,60.0,14.33,375.04,11.0,4.0,0.0,50000.0,2.0,4.0,16.37,8.0,0.0,20111.0,59.0,13.0,1.0,0.0,0.0,0.0,687.0,6.0,0.32,0.6153846153846154,120.0,0.0,0.0,-1.0,0
11000.0,36.0,9.71,353.45,5.0,3.0,1.0,35000.0,0.0,0.0,10.83,2.0,0.0,12178.0,76.1,12.0,1.0,0.0,0.0,0.0,702.0,6.0,0.3142857142857143,0.1666666666666666,153.0,0.0,0.0,-1.0,0
6000.0,36.0,21.15,226.52,21.0,2.0,1.0,38400.0,0.0,5.0,10.88,12.0,0.0,10817.0,90.1,22.0,0.0,0.0,0.0,0.0,687.0,6.0,0.15625,0.5454545454545454,137.0,0.0,0.0,-1.0,0
14125.0,36.0,16.78,502.05,14.0,0.0,0.0,81500.0,2.0,6.0,34.28,12.0,0.0,44251.0,63.5,30.0,0.0,0.0,3.0,0.0,672.0,6.0,0.1733128834355828,0.4,259.0,0.0,0.0,-1.0,0
1500.0,36.0,18.25,54.42,16.0,8.0,1.0,35000.0,0.0,5.0,23.55,7.0,0.0,7277.0,24.9,23.0,0.0,0.0,0.0,0.0,667.0,6.0,0.0428571428571428,0.3043478260869565,326.0,0.0,0.0,-1.0,1
25000.0,36.0,20.31,933.05,19.0,10.0,0.0,552000.0,1.0,5.0,9.32,9.0,0.0,366026.0,77.6,35.0,1.0,0.0,1.0,0.0,742.0,6.0,0.0452898550724637,0.2571428571428571,267.0,0.0,0.0,-1.0,0
6900.0,36.0,11.55,227.7,7.0,10.0,0.0,41000.0,2.0,4.0,31.29,9.0,0.0,16658.0,64.8,18.0,0.0,0.0,1.0,0.0,672.0,6.0,0.1682926829268292,0.5,258.0,0.0,0.0,-1.0,0
22500.0,60.0,18.85,581.81,17.0,10.0,0.0,70000.0,2.0,0.0,22.65,9.0,1.0,8160.0,42.9,26.0,1.0,0.0,6.0,0.0,687.0,6.0,0.3214285714285714,0.3461538461538461,377.0,0.0026525198938992,0.0,0.0,0
18000.0,60.0,15.22,430.31,12.0,6.0,0.0,60000.0,2.0,0.0,16.66,12.0,0.0,26070.0,68.9,39.0,1.0,0.0,2.0,0.0,707.0,6.0,0.3,0.3076923076923077,187.0,0.0,0.0,-1.0,0
29200.0,60.0,16.78,722.25,14.0,0.0,1.0,68000.0,1.0,0.0,18.66,9.0,0.0,35127.0,71.3,16.0,0.0,0.0,0.0,0.0,687.0,6.0,0.4294117647058823,0.5625,161.0,0.0,0.0,-1.0,1
10000.0,36.0,8.9,317.54,4.0,10.0,0.0,75000.0,0.0,2.0,2.83,9.0,0.0,2598.0,20.5,18.0,1.0,0.0,1.0,0.0,667.0,6.0,0.1333333333333333,0.5,169.0,0.0,0.0,-1.0,0
21000.0,36.0,6.03,639.15,0.0,5.0,1.0,70843.0,2.0,4.0,13.77,18.0,0.0,22849.0,27.3,31.0,1.0,0.0,3.0,0.0,757.0,6.0,0.2964301342405036,0.5806451612903226,189.0,0.0,0.0,-1.0,0
6000.0,36.0,12.35,200.3,8.0,0.0,0.0,45000.0,0.0,0.0,16.45,10.0,0.0,13134.0,61.1,18.0,0.0,0.0,1.0,0.0,677.0,6.0,0.1333333333333333,0.5555555555555556,93.0,0.0,0.0,-1.0,0
9500.0,36.0,7.62,296.04,2.0,5.0,0.0,83000.0,1.0,2.0,0.01,5.0,1.0,1.0,0.0,10.0,1.0,0.0,3.0,0.0,722.0,6.0,0.1144578313253012,0.5,174.0,0.0057471264367816,0.0,0.0,0
30000.0,36.0,15.88,1052.94,13.0,10.0,0.0,196000.0,2.0,0.0,24.45,14.0,0.0,3152.0,40.4,61.0,1.0,0.0,1.0,0.0,712.0,6.0,0.1530612244897959,0.2295081967213114,264.0,0.0,0.0,-1.0,0
6000.0,36.0,14.33,206.03,11.0,5.0,0.0,45000.0,0.0,0.0,27.55,16.0,1.0,16720.0,47.0,32.0,0.0,0.0,2.0,1.0,677.0,6.0,0.1333333333333333,0.5,228.0,0.0043859649122807,0.0043859649122807,1.0,0
23850.0,60.0,16.78,589.92,14.0,10.0,0.0,83000.0,2.0,0.0,24.67,11.0,0.0,17354.0,84.2,28.0,1.0,0.0,3.0,0.0,672.0,6.0,0.2873493975903614,0.3928571428571428,211.0,0.0,0.0,-1.0,0
15000.0,60.0,16.78,371.02,14.0,4.0,0.0,48000.0,1.0,0.0,12.18,7.0,0.0,8229.0,76.2,8.0,1.0,0.0,1.0,0.0,682.0,6.0,0.3125,0.875,55.0,0.0,0.0,-1.0,0
20000.0,36.0,10.64,651.37,6.0,2.0,0.0,65000.0,2.0,4.0,31.68,8.0,0.0,19649.0,67.5,23.0,0.0,0.0,4.0,0.0,777.0,6.0,0.3076923076923077,0.3478260869565217,282.0,0.0,0.0,-1.0,0
10000.0,36.0,9.71,321.32,5.0,3.0,1.0,85000.0,2.0,0.0,10.77,8.0,0.0,11338.0,66.3,14.0,1.0,0.0,0.0,0.0,712.0,6.0,0.1176470588235294,0.5714285714285714,119.0,0.0,0.0,-1.0,0
18000.0,36.0,9.71,578.37,5.0,6.0,1.0,77000.0,2.0,0.0,22.44,12.0,0.0,30238.0,38.8,25.0,1.0,0.0,0.0,0.0,707.0,6.0,0.2337662337662337,0.48,173.0,0.0,0.0,-1.0,0
27966.0625,60.0,22.7,783.5649829101562,24.0,10.0,0.0,644717.75,2.0,1.0,52.93315185546875,22.0,0.0,403274.5625,55.53371658325196,41.0,1.0,0.0,4.0,0.0,687.0,6.0,0.04337722802603686,0.536585362518535,429.0,0.0,0.0,-1.0,0
35000.0,36.0,20.8,1315.04,20.0,10.0,0.0,99000.0,2.0,0.0,25.04,9.0,0.0,10646.0,95.1,23.0,1.0,0.0,6.0,0.0,717.0,6.0,0.3535353535353535,0.391304347826087,152.0,0.0,0.0,-1.0,0
12000.0,36.0,13.68,408.27,10.0,3.0,1.0,68500.0,1.0,4.0,9.06,11.0,0.0,12936.0,68.4,24.0,1.0,0.0,0.0,0.0,672.0,6.0,0.1751824817518248,0.4583333333333333,117.0,0.0,0.0,-1.0,0
29550.0,60.0,13.05,673.11,9.0,5.0,0.0,110000.0,2.0,0.0,33.72,12.0,0.0,16329.0,61.2,30.0,0.0,0.0,4.0,0.0,707.0,6.0,0.2686363636363636,0.4,255.0,0.0,0.0,-1.0,0
5850.0,36.0,6.03,178.05,0.0,10.0,2.0,30000.0,0.0,0.0,14.92,7.0,0.0,5543.0,12.9,15.0,1.0,0.0,0.0,0.0,782.0,6.0,0.195,0.4666666666666667,477.0,0.0,0.0,-1.0,0
8725.0,36.0,18.85,319.17,17.0,8.0,2.0,30224.0,0.0,0.0,21.44,6.0,1.0,6428.0,78.4,11.0,1.0,0.0,0.0,1.0,677.0,6.0,0.2886778718898888,0.5454545454545454,159.0,0.0062893081761006,0.0062893081761006,1.0,1
10625.0,36.0,11.55,350.63,7.0,10.0,0.0,32000.0,0.0,0.0,15.75,6.0,1.0,11354.0,53.6,23.0,1.0,0.0,2.0,1.0,672.0,6.0,0.33203125,0.2608695652173913,234.0,0.0042735042735042,0.0042735042735042,1.0,0
7000.0,36.0,12.35,233.68,8.0,4.0,1.0,35000.0,0.0,0.0,7.27,6.0,0.0,5549.0,89.5,21.0,1.0,0.0,0.0,0.0,702.0,6.0,0.2,0.2857142857142857,212.0,0.0,0.0,-1.0,0
16000.0,36.0,7.62,498.59,2.0,9.0,2.0,51600.0,1.0,2.0,1.99,7.0,0.0,757.0,1.8,9.0,1.0,0.0,0.0,0.0,762.0,6.0,0.3100775193798449,0.7777777777777778,294.0,0.0,0.0,-1.0,0
19200.0,36.0,8.9,609.67,4.0,10.0,1.0,78000.0,1.0,0.0,21.48,11.0,0.0,32729.0,84.9,32.0,1.0,0.0,0.0,0.0,712.0,6.0,0.2461538461538461,0.34375,187.0,0.0,0.0,-1.0,0
25450.0,36.0,12.35,849.57,8.0,6.0,0.0,97000.0,2.0,3.0,17.34,22.0,0.0,32066.0,71.9,47.0,1.0,0.0,4.0,0.0,682.0,6.0,0.2623711340206185,0.4680851063829787,219.0,0.0,0.0,-1.0,0
11500.0,36.0,17.56,413.22,15.0,6.0,1.0,40000.0,0.0,5.0,10.53,9.0,1.0,8665.0,45.8,24.0,1.0,0.0,0.0,1.0,667.0,6.0,0.2875,0.375,260.0,0.0038461538461538,0.0038461538461538,1.0,1
9600.0,36.0,6.62,294.76,1.0,10.0,0.0,39000.0,2.0,0.0,21.42,12.0,0.0,18380.0,38.2,24.0,0.0,0.0,1.0,0.0,727.0,6.0,0.2461538461538461,0.5,259.0,0.0,0.0,-1.0,0
5000.0,36.0,6.62,153.52,1.0,8.0,0.0,60000.0,2.0,0.0,3.56,11.0,0.0,5878.0,21.1,33.0,0.0,0.0,3.0,0.0,722.0,6.0,0.0833333333333333,0.3333333333333333,146.0,0.0,0.0,-1.0,0
11500.0,36.0,17.77,414.43,15.0,1.0,1.0,33000.0,0.0,0.0,5.24,7.0,0.0,5079.0,63.5,40.0,1.0,0.0,0.0,0.0,667.0,6.0,0.3484848484848485,0.175,147.0,0.0,0.0,-1.0,0
4375.0,36.0,19.72,161.97,19.0,9.0,1.0,35000.0,0.0,5.0,8.2,5.0,0.0,6483.0,48.7,8.0,1.0,0.0,0.0,0.0,692.0,6.0,0.125,0.625,168.0,0.0,0.0,-1.0,0
9000.0,36.0,14.09,308.0,9.0,0.0,0.0,120000.0,1.0,4.0,11.59,12.0,1.0,11418.0,71.4,42.0,0.0,0.0,4.0,1.0,682.0,6.0,0.075,0.2857142857142857,219.0,0.0045662100456621,0.0045662100456621,1.0,0
9500.0,36.0,14.33,326.22,11.0,1.0,1.0,43000.0,0.0,0.0,7.33,4.0,0.0,8129.0,86.5,8.0,0.0,0.0,0.0,0.0,677.0,6.0,0.2209302325581395,0.5,78.0,0.0,0.0,-1.0,0
5300.0,36.0,13.68,180.32,10.0,6.0,0.0,42000.0,0.0,4.0,14.83,5.0,0.0,3882.0,55.5,21.0,1.0,0.0,5.0,0.0,677.0,6.0,0.1261904761904762,0.238095238095238,158.0,0.0,0.0,-1.0,0
18000.0,60.0,14.33,421.92,11.0,10.0,0.0,50000.0,2.0,0.0,29.14,8.0,0.0,18792.0,46.6,16.0,1.0,0.0,1.0,0.0,702.0,6.0,0.36,0.5,111.0,0.0,0.0,-1.0,0
28000.0,60.0,12.35,627.81,8.0,10.0,0.0,100000.0,1.0,0.0,18.26,15.0,0.0,13505.0,26.4,46.0,1.0,0.0,3.0,0.0,732.0,6.0,0.28,0.3260869565217391,417.0,0.0,0.0,-1.0,0
9200.0,36.0,11.55,303.6,7.0,1.0,1.0,42000.0,0.0,0.0,11.31,8.0,0.0,5289.0,21.0,15.0,0.0,0.0,0.0,0.0,717.0,6.0,0.219047619047619,0.5333333333333333,305.0,0.0,0.0,-1.0,0
7000.0,36.0,17.56,251.53,15.0,6.0,2.0,45600.0,0.0,0.0,24.05,6.0,1.0,2894.0,49.1,28.0,1.0,0.0,0.0,1.0,672.0,6.0,0.1535087719298245,0.2142857142857142,145.0,0.0068965517241379,0.0068965517241379,1.0,0
21600.0,36.0,8.9,685.87,4.0,10.0,0.0,62000.0,2.0,0.0,12.72,9.0,0.0,19334.0,47.5,24.0,1.0,0.0,1.0,0.0,707.0,6.0,0.3483870967741935,0.375,267.0,0.0,0.0,-1.0,1
11500.0,36.0,10.64,374.54,6.0,2.0,1.0,33982.0,0.0,0.0,3.85,5.0,0.0,3967.0,23.3,28.0,1.0,0.0,2.0,0.0,772.0,6.0,0.3384144547113177,0.1785714285714285,167.0,0.0,0.0,-1.0,0
20000.0,36.0,6.03,608.72,0.0,10.0,0.0,115000.0,2.0,0.0,17.6,11.0,0.0,14555.0,40.4,34.0,1.0,0.0,4.0,0.0,797.0,6.0,0.1739130434782608,0.3235294117647059,331.0,0.0,0.0,-1.0,0
7000.0,36.0,12.35,233.68,8.0,8.0,1.0,86000.0,0.0,2.0,11.15,15.0,0.0,13508.0,62.5,16.0,1.0,0.0,0.0,0.0,687.0,6.0,0.0813953488372093,0.9375,134.0,0.0,0.0,-1.0,0
20000.0,36.0,17.56,718.65,15.0,10.0,0.0,78000.0,1.0,0.0,14.2,6.0,0.0,7162.0,94.2,19.0,1.0,0.0,4.0,0.0,687.0,6.0,0.2564102564102564,0.3157894736842105,163.0,0.0,0.0,-1.0,0
12000.0,36.0,17.56,431.19,15.0,10.0,0.0,144000.0,1.0,0.0,14.95,20.0,0.0,41426.0,85.4,36.0,1.0,0.0,4.0,0.0,682.0,6.0,0.0833333333333333,0.5555555555555556,185.0,0.0,0.0,-1.0,0
21000.0,36.0,11.55,693.0,7.0,10.0,0.0,125000.0,2.0,0.0,13.32,13.0,0.0,18727.0,71.2,30.0,1.0,0.0,9.0,0.0,707.0,6.0,0.168,0.4333333333333333,325.0,0.0,0.0,-1.0,0
10000.0,36.0,18.25,362.78,16.0,0.0,2.0,75000.0,0.0,4.0,8.67,6.0,0.0,5965.0,55.2,14.0,1.0,0.0,0.0,0.0,672.0,6.0,0.1333333333333333,0.4285714285714285,95.0,0.0,0.0,-1.0,0
20825.0,60.0,24.5,605.16,27.0,4.0,1.0,47000.0,2.0,0.0,27.42,8.0,0.0,14539.0,89.2,16.0,1.0,0.0,0.0,0.0,712.0,6.0,0.4430851063829787,0.5,155.0,0.0,0.0,-1.0,0
9600.0,36.0,17.56,344.95,15.0,3.0,2.0,140000.0,0.0,2.0,9.19,5.0,1.0,3882.0,37.3,20.0,0.0,0.0,2.0,1.0,707.0,6.0,0.0685714285714285,0.25,218.0,0.0045871559633027,0.0045871559633027,1.0,0
25000.0,60.0,21.6,684.8,22.0,7.0,0.0,140000.0,2.0,0.0,5.66,12.0,0.0,12401.0,54.4,25.0,0.0,0.0,0.0,0.0,672.0,6.0,0.1785714285714285,0.48,236.0,0.0,0.0,-1.0,0
14000.0,36.0,15.22,486.83,12.0,6.0,0.0,38000.0,2.0,0.0,31.29,15.0,0.0,24091.0,42.9,24.0,0.0,0.0,1.0,0.0,692.0,6.0,0.3684210526315789,0.625,113.0,0.0,0.0,-1.0,1
35000.0,60.0,21.15,949.83,21.0,6.0,0.0,150000.0,2.0,4.0,16.63,18.0,0.0,48394.0,71.4,25.0,1.0,0.0,2.0,0.0,692.0,6.0,0.2333333333333333,0.72,154.0,0.0,0.0,-1.0,0
9000.0,36.0,9.71,289.19,5.0,10.0,0.0,64000.0,1.0,0.0,7.82,7.0,0.0,5303.0,84.2,25.0,1.0,0.0,3.0,0.0,692.0,6.0,0.140625,0.28,446.0,0.0,0.0,-1.0,0
18250.0,36.0,8.9,579.5,4.0,4.0,1.0,41600.0,2.0,4.0,11.54,5.0,0.0,16072.0,46.9,20.0,1.0,0.0,2.0,0.0,737.0,6.0,0.4387019230769231,0.25,238.0,0.0,0.0,-1.0,0
9450.0,36.0,11.55,311.85,7.0,2.0,1.0,27000.0,0.0,4.0,22.27,10.0,0.0,8287.0,41.9,14.0,1.0,0.0,0.0,0.0,682.0,7.0,0.35,0.7142857142857143,93.0,0.0,0.0,-1.0,1
18400.0,36.0,18.85,673.08,17.0,5.0,1.0,70000.0,0.0,0.0,6.35,8.0,0.0,11633.0,79.7,11.0,1.0,0.0,0.0,0.0,662.0,7.0,0.2628571428571428,0.7272727272727273,118.0,0.0,0.0,-1.0,0
17475.0,60.0,16.78,432.24,14.0,4.0,2.0,39000.0,2.0,0.0,14.4,7.0,0.0,15517.0,79.6,9.0,1.0,0.0,0.0,0.0,667.0,7.0,0.4480769230769231,0.7777777777777778,115.0,0.0,0.0,-1.0,1
20000.0,60.0,15.22,478.12,12.0,9.0,0.0,46100.0,2.0,0.0,26.86,9.0,0.0,23515.0,82.3,23.0,1.0,0.0,3.0,0.0,722.0,7.0,0.4338394793926247,0.391304347826087,154.0,0.0,0.0,-1.0,0
8000.0,60.0,25.83,238.72,31.0,0.0,2.0,50000.0,1.0,0.0,15.29,7.0,0.0,6933.0,73.0,8.0,1.0,0.0,0.0,0.0,672.0,7.0,0.16,0.875,45.0,0.0,0.0,-1.0,1
11325.0,36.0,12.35,378.05,8.0,10.0,1.0,46000.0,2.0,0.0,28.33,10.0,0.0,8270.0,45.7,13.0,1.0,0.0,0.0,0.0,692.0,7.0,0.246195652173913,0.7692307692307693,85.0,0.0,0.0,-1.0,0
8000.0,36.0,10.64,260.55,6.0,10.0,0.0,34000.0,0.0,4.0,15.99,7.0,1.0,7269.0,50.5,18.0,1.0,0.0,0.0,1.0,702.0,7.0,0.2352941176470588,0.3888888888888889,174.0,0.0057471264367816,0.0057471264367816,1.0,0
7000.0,36.0,17.56,251.53,15.0,6.0,1.0,35000.0,0.0,4.0,29.35,12.0,0.0,11524.0,82.3,22.0,1.0,0.0,0.0,0.0,662.0,7.0,0.2,0.5454545454545454,111.0,0.0,0.0,-1.0,1
4950.0,36.0,19.52,182.76,18.0,6.0,2.0,50000.0,0.0,5.0,6.34,8.0,0.0,2708.0,24.2,11.0,1.0,0.0,1.0,0.0,732.0,7.0,0.099,0.7272727272727273,184.0,0.0,0.0,-1.0,0
9950.0,60.0,24.89,291.41,28.0,2.0,1.0,30000.0,2.0,5.0,21.48,6.0,0.0,10597.0,93.8,6.0,1.0,0.0,0.0,0.0,662.0,7.0,0.3316666666666666,1.0,62.0,0.0,0.0,-1.0,0
15000.0,36.0,13.05,505.78,9.0,10.0,0.0,68000.0,2.0,4.0,29.61,20.0,0.0,29400.0,59.4,25.0,1.0,0.0,0.0,0.0,692.0,7.0,0.2205882352941176,0.8,363.0,0.0,0.0,-1.0,0
32350.0,60.0,20.8,871.55,20.0,7.0,0.0,72000.0,2.0,0.0,27.4,11.0,0.0,37486.0,90.5,23.0,1.0,0.0,4.0,0.0,672.0,7.0,0.4493055555555555,0.4782608695652174,164.0,0.0,0.0,-1.0,0
10000.0,36.0,6.62,307.04,1.0,0.0,1.0,48500.0,0.0,4.0,14.68,18.0,0.0,10249.0,15.4,35.0,1.0,0.0,3.0,0.0,802.0,7.0,0.2061855670103092,0.5142857142857142,201.0,0.0,0.0,-1.0,0
1600.0,36.0,21.6,60.78,22.0,0.0,1.0,20000.0,0.0,0.0,3.54,3.0,0.0,769.0,54.9,4.0,1.0,0.0,0.0,0.0,692.0,7.0,0.08,0.75,46.0,0.0,0.0,-1.0,0
18025.0,60.0,14.33,422.51,11.0,10.0,0.0,51000.0,2.0,4.0,25.22,9.0,0.0,25264.0,85.6,19.0,1.0,0.0,1.0,0.0,717.0,7.0,0.3534313725490196,0.4736842105263157,258.0,0.0,0.0,-1.0,0
31300.0,36.0,15.88,1098.57,13.0,5.0,1.0,70000.0,2.0,0.0,17.57,7.0,0.0,18955.0,86.6,16.0,1.0,0.0,0.0,0.0,662.0,7.0,0.4471428571428571,0.4375,159.0,0.0,0.0,-1.0,1
21725.0,60.0,15.88,526.93,13.0,10.0,0.0,49250.0,2.0,4.0,22.98,11.0,0.0,22081.0,67.0,21.0,1.0,0.0,3.0,0.0,667.0,7.0,0.4411167512690355,0.5238095238095238,153.0,0.0,0.0,-1.0,1
3900.0,36.0,20.8,146.54,20.0,7.0,0.0,75000.0,1.0,10.0,11.7,12.0,0.0,8590.0,55.8,14.0,1.0,0.0,1.0,0.0,672.0,7.0,0.052,0.8571428571428571,331.0,0.0,0.0,-1.0,0
1000.0,36.0,16.78,35.55,14.0,6.0,1.0,50000.0,0.0,0.0,14.05,5.0,1.0,3598.0,87.8,11.0,1.0,0.0,0.0,1.0,662.0,7.0,0.02,0.4545454545454545,236.0,0.0042372881355932,0.0042372881355932,1.0,0
22000.0,36.0,11.55,726.0,7.0,10.0,0.0,50500.0,2.0,0.0,13.38,12.0,1.0,7518.0,24.2,17.0,1.0,0.0,0.0,1.0,727.0,7.0,0.4356435643564356,0.7058823529411765,104.0,0.0096153846153846,0.0096153846153846,1.0,1
1500.0,36.0,22.2,57.45,23.0,2.0,1.0,32000.0,0.0,5.0,10.61,9.0,0.0,2066.0,82.6,17.0,1.0,0.0,0.0,0.0,687.0,7.0,0.046875,0.5294117647058824,82.0,0.0,0.0,-1.0,0
8575.0,36.0,10.64,279.28,6.0,0.0,1.0,25000.0,2.0,4.0,12.49,10.0,0.0,8816.0,61.7,17.0,1.0,0.0,0.0,0.0,687.0,7.0,0.343,0.5882352941176471,120.0,0.0,0.0,-1.0,0
17050.0,36.0,11.55,562.65,7.0,5.0,1.0,38000.0,2.0,0.0,26.37,16.0,0.0,20618.0,58.2,26.0,1.0,0.0,0.0,0.0,662.0,7.0,0.4486842105263158,0.6153846153846154,87.0,0.0,0.0,-1.0,0
30000.0,60.0,25.89,896.27,32.0,0.0,2.0,95000.0,2.0,0.0,12.12,12.0,0.0,10702.0,30.1,12.0,0.0,0.0,0.0,0.0,672.0,7.0,0.3157894736842105,1.0,68.0,0.0,0.0,-1.0,0
4800.0,36.0,14.33,164.83,11.0,0.0,1.0,28000.0,0.0,0.0,19.37,6.0,0.0,7277.0,73.5,8.0,0.0,0.0,0.0,0.0,682.0,7.0,0.1714285714285714,0.75,61.0,0.0,0.0,-1.0,0
6000.0,36.0,7.9,187.75,3.0,8.0,0.0,50000.0,0.0,0.0,12.82,7.0,0.0,5430.0,36.9,10.0,1.0,0.0,1.0,0.0,732.0,7.0,0.12,0.7,133.0,0.0,0.0,-1.0,0
7425.0,36.0,14.33,254.97,11.0,2.0,1.0,54400.0,0.0,4.0,22.24,14.0,0.0,7210.0,52.6,33.0,1.0,0.0,2.0,0.0,677.0,7.0,0.1364889705882352,0.4242424242424242,146.0,0.0,0.0,-1.0,1
25000.0,36.0,7.62,779.04,2.0,0.0,0.0,90000.0,2.0,4.0,12.02,9.0,0.0,17231.0,49.0,21.0,1.0,0.0,3.0,0.0,717.0,7.0,0.2777777777777778,0.4285714285714285,161.0,0.0,0.0,-1.0,0
25000.0,36.0,7.9,782.26,3.0,10.0,0.0,85000.0,2.0,0.0,29.32,12.0,0.0,42405.0,47.2,39.0,0.0,0.0,4.0,0.0,737.0,7.0,0.2941176470588235,0.3076923076923077,166.0,0.0,0.0,-1.0,0
33425.0,60.0,16.78,826.75,14.0,3.0,0.0,75000.0,2.0,0.0,15.6,13.0,0.0,21508.0,54.3,28.0,1.0,0.0,5.0,0.0,712.0,7.0,0.4456666666666666,0.4642857142857143,342.0,0.0,0.0,-1.0,0
29100.0,36.0,15.22,1011.9,12.0,10.0,1.0,65000.0,2.0,4.0,29.85,11.0,0.0,30971.0,49.3,31.0,0.0,0.0,0.0,0.0,722.0,7.0,0.4476923076923076,0.3548387096774194,234.0,0.0,0.0,-1.0,0
22750.0,60.0,16.78,562.71,14.0,6.0,1.0,52000.0,2.0,0.0,32.7,12.0,0.0,23668.0,86.7,26.0,1.0,0.0,0.0,0.0,727.0,7.0,0.4375,0.4615384615384615,255.0,0.0,0.0,-1.0,0
15000.0,60.0,15.88,363.82,13.0,0.0,1.0,45000.0,1.0,0.0,14.83,6.0,0.0,9972.0,92.5,17.0,1.0,0.0,0.0,0.0,687.0,7.0,0.3333333333333333,0.3529411764705882,106.0,0.0,0.0,-1.0,0
14000.0,36.0,13.05,472.06,9.0,8.0,1.0,77500.0,2.0,0.0,9.96,15.0,0.0,17082.0,49.8,29.0,1.0,0.0,1.0,0.0,677.0,7.0,0.1806451612903225,0.5172413793103449,213.0,0.0,0.0,-1.0,0
11200.0,36.0,11.55,369.6,7.0,3.0,2.0,45000.0,2.0,0.0,4.08,12.0,0.0,4300.0,47.8,22.0,1.0,0.0,0.0,0.0,677.0,7.0,0.2488888888888888,0.5454545454545454,145.0,0.0,0.0,-1.0,0
28000.0,36.0,17.56,1006.1,15.0,10.0,0.0,86468.0,2.0,0.0,21.12,15.0,0.0,23878.0,92.6,37.0,0.0,0.0,2.0,0.0,712.0,7.0,0.3238192163574964,0.4054054054054054,169.0,0.0,0.0,-1.0,0
25475.0,60.0,16.78,630.11,14.0,9.0,1.0,58000.0,2.0,0.0,11.54,8.0,0.0,20571.0,52.5,17.0,1.0,0.0,0.0,0.0,687.0,7.0,0.4392241379310345,0.4705882352941176,444.0,0.0,0.0,-1.0,0
6000.0,36.0,6.62,184.23,1.0,0.0,0.0,160000.0,0.0,8.0,6.38,5.0,0.0,11555.0,19.0,41.0,0.0,0.0,11.0,0.0,737.0,7.0,0.0375,0.1219512195121951,236.0,0.0,0.0,-1.0,0
7200.0,36.0,9.71,231.35,5.0,1.0,1.0,65000.0,1.0,4.0,13.73,7.0,0.0,10616.0,36.5,16.0,1.0,0.0,0.0,0.0,707.0,7.0,0.1107692307692307,0.4375,139.0,0.0,0.0,-1.0,0
10625.0,36.0,13.05,358.26,9.0,2.0,0.0,31157.85,0.0,0.0,16.87,7.0,0.0,15326.0,83.7,10.0,1.0,0.0,2.0,0.0,687.0,7.0,0.3410055571870331,0.7,139.0,0.0,0.0,-1.0,0
27300.0,60.0,15.22,652.63,12.0,7.0,0.0,61000.0,2.0,4.0,15.3,6.0,0.0,34925.0,54.9,24.0,1.0,0.0,2.0,0.0,687.0,7.0,0.4475409836065573,0.25,211.0,0.0,0.0,-1.0,0
12000.0,36.0,15.22,417.28,12.0,2.0,1.0,74000.0,1.0,0.0,17.41,23.0,0.0,7181.0,36.8,42.0,1.0,0.0,0.0,0.0,677.0,7.0,0.1621621621621621,0.5476190476190477,162.0,0.0,0.0,-1.0,0
5400.0,36.0,15.88,189.53,13.0,0.0,1.0,50000.0,0.0,4.0,15.66,17.0,0.0,10767.0,56.1,22.0,1.0,0.0,0.0,0.0,702.0,7.0,0.108,0.7727272727272727,94.0,0.0,0.0,-1.0,0
16000.0,36.0,16.78,568.7,14.0,1.0,0.0,80000.0,0.0,12.0,13.1,12.0,1.0,5501.0,36.7,33.0,0.0,0.0,1.0,1.0,692.0,7.0,0.2,0.3636363636363636,127.0,0.0078740157480314,0.0078740157480314,1.0,0
10000.0,36.0,9.71,321.32,5.0,10.0,1.0,50000.0,0.0,4.0,15.02,7.0,0.0,4333.0,40.1,25.0,0.0,0.0,0.0,0.0,707.0,7.0,0.2,0.28,326.0,0.0,0.0,-1.0,0
30000.0,36.0,14.33,1030.15,11.0,6.0,1.0,125000.0,2.0,4.0,11.9,13.0,0.0,26065.0,66.0,16.0,0.0,0.0,0.0,0.0,682.0,7.0,0.24,0.8125,192.0,0.0,0.0,-1.0,0
2400.0,36.0,15.88,84.24,13.0,10.0,0.0,49000.0,0.0,0.0,21.21,7.0,0.0,6154.0,27.2,18.0,0.0,0.0,1.0,0.0,737.0,7.0,0.0489795918367346,0.3888888888888889,377.0,0.0,0.0,-1.0,0
30000.0,36.0,8.9,952.6,4.0,10.0,0.0,79000.0,2.0,0.0,26.14,9.0,0.0,22673.0,52.2,33.0,1.0,0.0,7.0,0.0,752.0,7.0,0.379746835443038,0.2727272727272727,277.0,0.0,0.0,-1.0,0
8875.0,36.0,19.2,326.23,17.0,0.0,1.0,45000.0,0.0,0.0,16.16,7.0,0.0,4430.0,94.3,22.0,1.0,0.0,0.0,0.0,662.0,8.0,0.1972222222222222,0.3181818181818182,95.0,0.0,0.0,-1.0,0
5600.0,36.0,15.61,195.81,12.0,4.0,2.0,52000.0,2.0,4.0,2.26,3.0,1.0,3807.0,62.4,4.0,1.0,0.0,0.0,1.0,667.0,8.0,0.1076923076923077,0.75,116.0,0.0086206896551724,0.0086206896551724,1.0,0
12000.0,36.0,15.1,416.58,11.0,4.0,1.0,48000.0,1.0,5.0,21.63,15.0,0.0,8942.0,53.5,29.0,1.0,0.0,1.0,0.0,692.0,8.0,0.25,0.5172413793103449,99.0,0.0,0.0,-1.0,0
6000.0,36.0,20.2,223.6,19.0,8.0,1.0,59535.0,1.0,0.0,16.04,7.0,0.0,6124.0,57.8,19.0,1.0,0.0,0.0,0.0,677.0,8.0,0.1007810531620055,0.3684210526315789,126.0,0.0,0.0,-1.0,0
16100.0,36.0,19.52,594.41,18.0,8.0,1.0,40000.0,1.0,0.0,26.73,9.0,0.0,8773.0,70.7,20.0,1.0,0.0,0.0,0.0,667.0,8.0,0.4025,0.45,295.0,0.0,0.0,-1.0,1
31300.0,60.0,23.1,884.17,23.0,3.0,0.0,210000.0,2.0,5.0,5.34,10.0,1.0,14856.0,50.7,23.0,1.0,0.0,7.0,1.0,662.0,8.0,0.149047619047619,0.4347826086956521,178.0,0.0056179775280898,0.0056179775280898,1.0,1
20000.0,60.0,24.89,585.74,28.0,2.0,2.0,50000.0,2.0,5.0,16.15,12.0,0.0,7915.0,26.2,19.0,1.0,0.0,0.0,0.0,722.0,8.0,0.4,0.631578947368421,128.0,0.0,0.0,-1.0,0
20000.0,36.0,11.55,660.0,7.0,2.0,1.0,123000.0,1.0,8.0,6.23,9.0,0.0,9223.0,50.4,15.0,1.0,0.0,0.0,0.0,707.0,8.0,0.1626016260162601,0.6,135.0,0.0,0.0,-1.0,0
16800.0,60.0,14.33,393.79,11.0,10.0,0.0,52150.0,1.0,4.0,11.14,9.0,1.0,14445.0,59.2,19.0,1.0,0.0,2.0,1.0,697.0,8.0,0.3221476510067114,0.4736842105263157,258.0,0.003875968992248,0.003875968992248,1.0,0
10200.0,36.0,12.35,340.5,8.0,4.0,0.0,79000.0,1.0,0.0,9.16,10.0,1.0,6679.0,43.4,24.0,1.0,0.0,5.0,1.0,697.0,8.0,0.1291139240506329,0.4166666666666667,529.0,0.0018903591682419,0.0018903591682419,1.0,0
28000.0,36.0,7.9,876.13,3.0,10.0,0.0,150000.0,2.0,0.0,8.03,7.0,0.0,34791.0,69.3,21.0,1.0,0.0,8.0,0.0,692.0,8.0,0.1866666666666666,0.3333333333333333,310.0,0.0,0.0,-1.0,0
21525.0,36.0,6.03,655.13,0.0,2.0,1.0,47964.8,2.0,4.0,13.51,9.0,0.0,23373.0,42.2,21.0,0.0,0.0,0.0,0.0,737.0,8.0,0.4487665955033691,0.4285714285714285,280.0,0.0,0.0,-1.0,0
27000.0,60.0,11.99,600.47,7.0,5.0,0.0,83700.0,2.0,0.0,17.83,7.0,0.0,29164.0,72.0,12.0,1.0,0.0,2.0,0.0,722.0,8.0,0.3225806451612903,0.5833333333333334,479.0,0.0,0.0,-1.0,0
31200.0,60.0,12.99,709.74,8.0,5.0,0.0,120000.0,1.0,4.0,10.67,9.0,0.0,10271.0,30.2,26.0,1.0,0.0,8.0,0.0,742.0,8.0,0.26,0.3461538461538461,211.0,0.0,0.0,-1.0,1
13000.0,36.0,12.99,437.96,8.0,10.0,0.0,69000.0,0.0,0.0,10.02,16.0,0.0,17269.0,61.5,24.0,0.0,0.0,1.0,0.0,717.0,8.0,0.1884057971014492,0.6666666666666666,185.0,0.0,0.0,-1.0,0
10400.0,36.0,10.99,340.44,6.0,10.0,1.0,70000.0,0.0,4.0,9.09,6.0,0.0,4573.0,56.5,12.0,1.0,0.0,0.0,0.0,717.0,8.0,0.1485714285714285,0.5,191.0,0.0,0.0,-1.0,0
19075.0,36.0,9.99,615.41,5.0,4.0,1.0,48000.0,0.0,6.0,2.03,7.0,0.0,994.0,3.5,10.0,1.0,0.0,0.0,0.0,777.0,8.0,0.3973958333333333,0.7,97.0,0.0,0.0,-1.0,0
15000.0,36.0,8.6,474.21,3.0,10.0,0.0,63000.0,0.0,0.0,14.8,12.0,0.0,10406.0,26.2,29.0,1.0,0.0,3.0,0.0,757.0,8.0,0.238095238095238,0.4137931034482758,214.0,0.0,0.0,-1.0,0
3000.0,36.0,10.99,98.21,6.0,0.0,0.0,34000.0,0.0,0.0,7.34,9.0,0.0,11917.0,36.8,12.0,1.0,0.0,0.0,0.0,717.0,8.0,0.088235294117647,0.75,152.0,0.0,0.0,-1.0,0
20000.0,60.0,11.99,444.79,7.0,4.0,2.0,82000.0,2.0,0.0,20.54,16.0,0.0,10073.0,27.0,40.0,1.0,0.0,3.0,0.0,722.0,8.0,0.2439024390243902,0.4,168.0,0.0,0.0,-1.0,0
6900.0,36.0,21.7,262.45,21.0,5.0,0.0,40000.0,1.0,1.0,26.76,14.0,1.0,17236.0,57.0,20.0,1.0,0.0,0.0,0.0,672.0,8.0,0.1725,0.7,181.0,0.005524861878453,0.0,0.0,1
8600.0,36.0,7.62,267.99,2.0,4.0,1.0,36000.0,0.0,0.0,24.57,12.0,0.0,11750.0,29.2,14.0,1.0,0.0,0.0,0.0,732.0,8.0,0.2388888888888889,0.8571428571428571,101.0,0.0,0.0,-1.0,0
4750.0,36.0,15.88,166.72,13.0,2.0,1.0,35000.0,0.0,0.0,17.14,11.0,0.0,4443.0,83.8,21.0,1.0,0.0,0.0,0.0,702.0,8.0,0.1357142857142857,0.5238095238095238,96.0,0.0,0.0,-1.0,0
6000.0,36.0,18.25,217.67,16.0,5.0,1.0,78500.0,2.0,0.0,16.14,10.0,1.0,11088.0,45.1,28.0,1.0,0.0,5.0,1.0,667.0,8.0,0.0764331210191082,0.3571428571428571,196.0,0.0051020408163265,0.0051020408163265,1.0,0
24000.0,36.0,13.68,816.54,10.0,10.0,0.0,200000.0,2.0,2.0,12.5,18.0,0.0,16522.0,38.6,49.0,0.0,0.0,8.0,0.0,722.0,8.0,0.12,0.3673469387755102,163.0,0.0,0.0,-1.0,0
15000.0,36.0,18.25,544.17,16.0,10.0,0.0,60000.0,0.0,0.0,17.04,7.0,1.0,10392.0,77.0,16.0,1.0,0.0,4.0,1.0,692.0,8.0,0.25,0.4375,166.0,0.0060240963855421,0.0060240963855421,1.0,0
16000.0,36.0,10.64,521.1,6.0,7.0,1.0,84000.0,0.0,4.0,8.94,6.0,1.0,13451.0,47.2,19.0,1.0,0.0,2.0,1.0,692.0,8.0,0.1904761904761904,0.3157894736842105,216.0,0.0046296296296296,0.0046296296296296,1.0,0
8800.0,36.0,6.03,267.84,0.0,10.0,0.0,90000.0,0.0,0.0,8.68,12.0,0.0,10863.0,11.6,29.0,1.0,0.0,5.0,0.0,802.0,8.0,0.0977777777777777,0.4137931034482758,170.0,0.0,0.0,-1.0,0
25000.0,36.0,19.52,922.99,18.0,7.0,0.0,67000.0,2.0,4.0,23.7,13.0,0.0,13834.0,58.1,17.0,1.0,0.0,1.0,0.0,662.0,8.0,0.373134328358209,0.7647058823529411,157.0,0.0,0.0,-1.0,0
4800.0,36.0,15.22,166.92,12.0,3.0,0.0,85000.0,0.0,0.0,23.2,8.0,1.0,10819.0,71.2,11.0,1.0,0.0,0.0,1.0,672.0,8.0,0.0564705882352941,0.7272727272727273,64.0,0.015625,0.015625,1.0,0
20000.0,60.0,21.6,547.84,22.0,7.0,0.0,75000.0,1.0,0.0,20.35,16.0,0.0,19185.0,70.3,22.0,1.0,0.0,1.0,0.0,692.0,8.0,0.2666666666666666,0.7272727272727273,183.0,0.0,0.0,-1.0,0
10000.0,36.0,16.78,355.44,14.0,10.0,1.0,36000.0,1.0,0.0,9.5,6.0,0.0,15383.0,78.9,16.0,1.0,0.0,0.0,0.0,692.0,8.0,0.2777777777777778,0.375,199.0,0.0,0.0,-1.0,0
10375.0,36.0,17.56,372.8,15.0,7.0,1.0,60000.0,2.0,0.0,6.18,6.0,0.0,3999.0,37.4,10.0,1.0,0.0,0.0,0.0,697.0,8.0,0.1729166666666666,0.6,134.0,0.0,0.0,-1.0,0
12000.0,60.0,15.22,286.87,12.0,10.0,0.0,40000.0,2.0,0.0,16.36,14.0,0.0,38001.0,54.6,30.0,1.0,0.0,5.0,0.0,702.0,8.0,0.3,0.4666666666666667,158.0,0.0,0.0,-1.0,1
17500.0,60.0,23.5,498.38,25.0,0.0,1.0,78000.0,2.0,0.0,14.82,10.0,0.0,11460.0,84.9,39.0,1.0,0.0,2.0,0.0,682.0,8.0,0.2243589743589743,0.2564102564102564,202.0,0.0,0.0,-1.0,0
4800.0,36.0,15.88,168.47,13.0,2.0,0.0,45000.0,0.0,0.0,9.04,6.0,0.0,7705.0,83.7,14.0,1.0,0.0,0.0,0.0,712.0,8.0,0.1066666666666666,0.4285714285714285,166.0,0.0,0.0,-1.0,1
14000.0,60.0,15.88,339.57,13.0,10.0,1.0,73000.0,2.0,0.0,12.53,5.0,0.0,13467.0,58.0,12.0,1.0,0.0,1.0,0.0,662.0,8.0,0.1917808219178082,0.4166666666666667,131.0,0.0,0.0,-1.0,0
12000.0,36.0,9.71,385.58,5.0,10.0,0.0,50000.0,1.0,0.0,19.06,8.0,0.0,18444.0,66.3,18.0,0.0,0.0,4.0,0.0,712.0,8.0,0.24,0.4444444444444444,257.0,0.0,0.0,-1.0,0
18000.0,36.0,9.71,578.37,5.0,8.0,0.0,96000.0,0.0,2.0,8.18,11.0,0.0,7925.0,26.6,20.0,1.0,0.0,1.0,0.0,737.0,8.0,0.1875,0.55,64.0,0.0,0.0,-1.0,0
11100.0,36.0,12.35,370.54,8.0,10.0,1.0,32000.0,2.0,0.0,30.68,10.0,0.0,18514.0,58.6,12.0,1.0,0.0,0.0,0.0,682.0,8.0,0.346875,0.8333333333333334,142.0,0.0,0.0,-1.0,0
11100.0,36.0,17.56,398.85,15.0,6.0,0.0,57000.0,1.0,2.0,2.82,6.0,0.0,2503.0,47.2,7.0,1.0,0.0,0.0,0.0,717.0,8.0,0.1947368421052631,0.8571428571428571,51.0,0.0,0.0,-1.0,0
27000.0,60.0,23.5,768.92,25.0,10.0,1.0,85000.0,2.0,0.0,13.0,12.0,0.0,21871.0,85.8,14.0,0.0,0.0,0.0,0.0,667.0,8.0,0.3176470588235294,0.8571428571428571,179.0,0.0,0.0,-1.0,0
16000.0,36.0,9.71,514.1,5.0,6.0,1.0,45000.0,0.0,0.0,12.45,5.0,0.0,8578.0,68.6,8.0,1.0,0.0,0.0,0.0,707.0,8.0,0.3555555555555555,0.625,145.0,0.0,0.0,-1.0,0
10500.0,60.0,12.35,235.43,8.0,10.0,0.0,91000.0,1.0,2.0,14.04,6.0,0.0,63769.0,46.2,20.0,0.0,0.0,2.0,0.0,767.0,8.0,0.1153846153846153,0.3,230.0,0.0,0.0,-1.0,0
10000.0,36.0,16.78,355.44,14.0,9.0,1.0,67700.0,0.0,0.0,22.76,12.0,0.0,9975.0,73.9,15.0,1.0,0.0,0.0,0.0,692.0,8.0,0.1477104874446085,0.8,139.0,0.0,0.0,-1.0,0
21600.0,36.0,15.22,751.11,12.0,3.0,0.0,146000.0,2.0,4.0,6.01,6.0,2.0,26629.0,72.0,19.0,1.0,0.0,2.0,0.0,692.0,8.0,0.147945205479452,0.3157894736842105,310.0,0.0064516129032258,0.0,0.0,0
33425.0,60.0,21.15,907.09,21.0,1.0,0.0,75000.0,2.0,2.0,29.71,16.0,0.0,9393.0,42.3,34.0,1.0,0.0,2.0,0.0,702.0,8.0,0.4456666666666666,0.4705882352941176,279.0,0.0,0.0,-1.0,0
12000.0,36.0,9.71,385.58,5.0,10.0,0.0,70000.0,2.0,0.0,17.71,7.0,0.0,7195.0,35.4,22.0,1.0,0.0,2.0,0.0,692.0,8.0,0.1714285714285714,0.3181818181818182,122.0,0.0,0.0,-1.0,0
18000.0,36.0,9.71,578.37,5.0,7.0,0.0,160000.0,0.0,0.0,10.83,13.0,0.0,22173.0,61.3,18.0,1.0,0.0,1.0,0.0,712.0,8.0,0.1125,0.7222222222222222,141.0,0.0,0.0,-1.0,0
15000.0,60.0,15.61,361.67,12.0,10.0,0.0,75000.0,1.0,4.0,14.93,11.0,0.0,15648.0,61.1,24.0,0.0,0.0,4.0,0.0,662.0,9.0,0.2,0.4583333333333333,189.0,0.0,0.0,-1.0,0
7750.0,36.0,9.99,250.04,5.0,4.0,0.0,62000.0,0.0,0.0,6.2,12.0,1.0,3165.0,42.8,19.0,0.0,0.0,1.0,1.0,667.0,9.0,0.125,0.631578947368421,213.0,0.0046948356807511,0.0046948356807511,1.0,0
1000.0,36.0,19.2,36.76,17.0,4.0,1.0,44000.0,0.0,7.0,17.92,7.0,0.0,9516.0,91.5,23.0,0.0,0.0,0.0,0.0,707.0,9.0,0.0227272727272727,0.3043478260869565,356.0,0.0,0.0,-1.0,0
35000.0,60.0,23.7,1000.8,25.0,0.0,0.0,110000.0,1.0,0.0,19.53,18.0,0.0,13794.0,88.4,45.0,0.0,0.0,2.0,0.0,692.0,9.0,0.3181818181818182,0.4,145.0,0.0,0.0,-1.0,0
6000.0,36.0,14.3,205.95,10.0,3.0,1.0,34000.0,1.0,4.0,28.8,11.0,1.0,7876.0,56.3,17.0,0.0,0.0,3.0,1.0,667.0,9.0,0.1764705882352941,0.6470588235294118,76.0,0.0131578947368421,0.0131578947368421,1.0,0
15000.0,36.0,17.76,540.49,15.0,10.0,0.0,51965.72,1.0,0.0,29.0,16.0,0.0,14182.0,69.9,43.0,1.0,0.0,5.0,0.0,667.0,9.0,0.2886518266272458,0.3720930232558139,235.0,0.0,0.0,-1.0,0
30000.0,36.0,17.76,1080.97,15.0,7.0,0.0,80000.0,2.0,0.0,31.86,9.0,0.0,16407.0,98.2,17.0,1.0,0.0,3.0,0.0,677.0,9.0,0.375,0.5294117647058824,164.0,0.0,0.0,-1.0,0
6500.0,36.0,17.1,232.07,14.0,10.0,1.0,41000.0,0.0,0.0,28.86,9.0,0.0,5842.0,36.7,17.0,1.0,0.0,2.0,0.0,677.0,9.0,0.1585365853658536,0.5294117647058824,208.0,0.0,0.0,-1.0,0
12000.0,36.0,10.99,392.81,6.0,10.0,0.0,75000.0,1.0,4.0,28.25,16.0,0.0,13937.0,54.7,36.0,0.0,0.0,4.0,0.0,677.0,9.0,0.16,0.4444444444444444,172.0,0.0,0.0,-1.0,0
10000.0,36.0,9.25,319.17,4.0,5.0,2.0,42901.0,0.0,0.0,28.08,10.0,0.0,3143.0,24.6,27.0,1.0,0.0,0.0,0.0,772.0,9.0,0.2330947996550197,0.3703703703703703,193.0,0.0,0.0,-1.0,0
15000.0,36.0,22.4,575.97,22.0,7.0,1.0,80000.0,2.0,0.0,14.52,7.0,1.0,8044.0,78.9,27.0,1.0,0.0,0.0,1.0,667.0,9.0,0.1875,0.2592592592592592,261.0,0.003831417624521,0.003831417624521,1.0,1
15000.0,60.0,16.2,366.37,13.0,6.0,0.0,66150.0,1.0,0.0,26.96,14.0,0.0,24882.0,85.5,25.0,0.0,0.0,1.0,0.0,672.0,9.0,0.2267573696145124,0.56,261.0,0.0,0.0,-1.0,0
24250.0,60.0,15.61,584.7,12.0,7.0,0.0,85000.0,2.0,0.0,10.45,9.0,0.0,9086.0,72.1,16.0,0.0,0.0,2.0,0.0,702.0,9.0,0.2852941176470588,0.5625,131.0,0.0,0.0,-1.0,0
19000.0,60.0,9.25,396.72,4.0,10.0,1.0,85000.0,1.0,0.0,16.2,9.0,0.0,12641.0,74.9,25.0,1.0,0.0,3.0,0.0,737.0,9.0,0.2235294117647059,0.36,126.0,0.0,0.0,-1.0,1
13000.0,36.0,17.1,464.14,14.0,8.0,1.0,54000.0,2.0,0.0,13.0,12.0,0.0,7922.0,59.6,16.0,1.0,0.0,0.0,0.0,707.0,9.0,0.2407407407407407,0.75,187.0,0.0,0.0,-1.0,1
35000.0,36.0,17.76,1261.13,15.0,10.0,0.0,105000.0,1.0,0.0,12.01,10.0,0.0,38037.0,70.6,31.0,1.0,0.0,3.0,0.0,667.0,9.0,0.3333333333333333,0.3225806451612903,180.0,0.0,0.0,-1.0,0
10000.0,60.0,24.08,288.15,26.0,3.0,1.0,55000.0,1.0,4.0,14.81,11.0,0.0,5481.0,68.2,27.0,1.0,0.0,0.0,0.0,667.0,9.0,0.1818181818181818,0.4074074074074074,209.0,0.0,0.0,-1.0,0
7975.0,36.0,9.25,254.54,4.0,10.0,1.0,42000.0,2.0,0.0,17.34,3.0,0.0,7988.0,61.4,10.0,0.0,0.0,0.0,0.0,737.0,9.0,0.1898809523809523,0.3,165.0,0.0,0.0,-1.0,0
10000.0,36.0,9.99,322.63,5.0,5.0,0.0,70000.0,0.0,0.0,12.87,8.0,0.0,11243.0,76.5,18.0,1.0,0.0,3.0,0.0,712.0,9.0,0.1428571428571428,0.4444444444444444,126.0,0.0,0.0,-1.0,0
18000.0,36.0,11.99,597.78,7.0,10.0,1.0,60000.0,2.0,0.0,17.62,19.0,0.0,33424.0,61.6,38.0,0.0,0.0,0.0,0.0,667.0,9.0,0.3,0.5,220.0,0.0,0.0,-1.0,0
10000.0,36.0,11.99,332.1,7.0,9.0,2.0,60000.0,1.0,0.0,9.16,4.0,0.0,9463.0,43.8,14.0,1.0,0.0,0.0,0.0,672.0,9.0,0.1666666666666666,0.2857142857142857,138.0,0.0,0.0,-1.0,1
5500.0,36.0,12.99,185.3,8.0,10.0,1.0,35000.0,1.0,4.0,11.83,9.0,0.0,7070.0,60.9,14.0,1.0,0.0,0.0,0.0,677.0,9.0,0.1571428571428571,0.6428571428571429,145.0,0.0,0.0,-1.0,0
12000.0,36.0,12.99,404.27,8.0,0.0,1.0,67000.0,2.0,0.0,12.32,5.0,0.0,6183.0,83.6,26.0,1.0,0.0,0.0,0.0,687.0,9.0,0.1791044776119403,0.1923076923076923,123.0,0.0,0.0,-1.0,0
34793.7421875,60.0,16.2,849.8191674804688,13.0,10.0,0.0,2299561.25,1.0,1.0,33.863125,20.0,0.0,45404.57421875,27.673983764648437,43.0,1.0,0.0,4.0,0.0,727.0,9.0,0.01513060265117222,0.4651162901590037,247.0,0.0,0.0,-1.0,0
9450.0,36.0,15.61,330.42,12.0,2.0,1.0,65000.0,1.0,0.0,17.98,20.0,0.0,7890.0,62.6,35.0,1.0,0.0,0.0,0.0,707.0,9.0,0.1453846153846154,0.5714285714285714,142.0,0.0,0.0,-1.0,0
15000.0,36.0,9.99,483.94,5.0,2.0,1.0,70000.0,0.0,4.0,21.61,27.0,0.0,22305.0,35.3,47.0,1.0,0.0,0.0,0.0,682.0,9.0,0.2142857142857142,0.574468085106383,165.0,0.0,0.0,-1.0,0
10000.0,36.0,14.3,343.24,10.0,6.0,1.0,79000.0,0.0,0.0,21.17,11.0,1.0,9817.0,39.7,23.0,1.0,0.0,0.0,1.0,672.0,9.0,0.1265822784810126,0.4782608695652174,202.0,0.0049504950495049,0.0049504950495049,1.0,0
20000.0,36.0,10.99,654.68,6.0,10.0,0.0,89000.0,2.0,0.0,14.1,15.0,0.0,39128.0,54.0,33.0,1.0,0.0,0.0,0.0,697.0,9.0,0.2247191011235955,0.4545454545454545,271.0,0.0,0.0,-1.0,0
6500.0,36.0,15.61,227.28,12.0,2.0,0.0,28650.0,0.0,0.0,15.75,18.0,0.0,10670.0,61.3,40.0,1.0,0.0,2.0,0.0,662.0,9.0,0.2268760907504363,0.45,158.0,0.0,0.0,-1.0,0
20000.0,36.0,24.08,785.5,26.0,2.0,1.0,67000.0,2.0,0.0,10.03,23.0,0.0,4251.0,46.7,40.0,1.0,0.0,0.0,0.0,672.0,9.0,0.2985074626865671,0.575,140.0,0.0,0.0,-1.0,0
9600.0,36.0,12.99,323.42,8.0,3.0,1.0,68000.0,1.0,4.0,14.45,12.0,0.0,20866.0,41.1,22.0,1.0,0.0,0.0,0.0,707.0,9.0,0.1411764705882353,0.5454545454545454,166.0,0.0,0.0,-1.0,0
3500.0,60.0,24.5,101.71,27.0,10.0,2.0,51000.0,2.0,5.0,11.25,6.0,0.0,5707.0,89.2,21.0,1.0,0.0,1.0,0.0,662.0,9.0,0.0686274509803921,0.2857142857142857,154.0,0.0,0.0,-1.0,0
19200.0,36.0,12.99,646.84,8.0,5.0,1.0,45000.0,0.0,0.0,22.53,5.0,0.0,12157.0,86.2,23.0,1.0,0.0,2.0,0.0,677.0,9.0,0.4266666666666667,0.217391304347826,214.0,0.0,0.0,-1.0,0
20000.0,36.0,6.97,617.27,1.0,4.0,1.0,99950.0,1.0,0.0,6.37,6.0,0.0,13454.0,22.5,24.0,0.0,0.0,4.0,0.0,752.0,9.0,0.2001000500250125,0.25,210.0,0.0,0.0,-1.0,0
10000.0,36.0,11.99,332.1,7.0,9.0,1.0,78500.0,2.0,4.0,8.61,7.0,0.0,14893.0,61.5,21.0,0.0,0.0,0.0,0.0,677.0,9.0,0.1273885350318471,0.3333333333333333,126.0,0.0,0.0,-1.0,0
15000.0,36.0,7.62,467.43,2.0,3.0,0.0,145000.0,0.0,4.0,7.25,9.0,0.0,29808.0,44.2,16.0,1.0,0.0,1.0,0.0,717.0,9.0,0.1034482758620689,0.5625,120.0,0.0,0.0,-1.0,0
28000.0,36.0,19.52,1033.75,18.0,5.0,1.0,108500.0,1.0,0.0,16.12,12.0,0.0,17591.0,59.8,32.0,1.0,0.0,0.0,0.0,682.0,9.0,0.2580645161290322,0.375,269.0,0.0,0.0,-1.0,0
14000.0,36.0,15.1,486.01,11.0,2.0,2.0,50000.0,1.0,4.0,24.89,6.0,0.0,14829.0,53.3,21.0,1.0,0.0,0.0,0.0,672.0,9.0,0.28,0.2857142857142857,234.0,0.0,0.0,-1.0,0
2000.0,36.0,15.1,69.43,11.0,6.0,0.0,85000.0,0.0,2.0,20.76,13.0,0.0,9949.0,58.9,36.0,1.0,0.0,1.0,0.0,712.0,9.0,0.0235294117647058,0.3611111111111111,181.0,0.0,0.0,-1.0,0
15000.0,36.0,9.25,478.75,4.0,10.0,0.0,90000.0,1.0,0.0,5.93,13.0,0.0,14977.0,46.2,29.0,0.0,0.0,7.0,0.0,682.0,9.0,0.1666666666666666,0.4482758620689655,334.0,0.0,0.0,-1.0,0
20800.0,36.0,6.03,633.06,0.0,1.0,1.0,130000.0,1.0,0.0,12.8,18.0,0.0,31417.0,30.4,35.0,0.0,0.0,4.0,0.0,752.0,9.0,0.16,0.5142857142857142,213.0,0.0,0.0,-1.0,0
6000.0,60.0,24.5,174.36,27.0,2.0,1.0,45000.0,1.0,9.0,11.52,4.0,0.0,3787.0,86.1,21.0,1.0,0.0,0.0,0.0,662.0,9.0,0.1333333333333333,0.1904761904761904,101.0,0.0,0.0,-1.0,0
12000.0,36.0,9.25,383.0,4.0,10.0,0.0,70000.0,1.0,0.0,23.31,18.0,0.0,26372.0,32.0,39.0,1.0,0.0,6.0,0.0,742.0,9.0,0.1714285714285714,0.4615384615384615,180.0,0.0,0.0,-1.0,0
24000.0,36.0,11.99,797.03,7.0,7.0,0.0,165000.0,1.0,2.0,9.54,11.0,0.0,8415.0,59.3,32.0,1.0,0.0,4.0,0.0,702.0,9.0,0.1454545454545454,0.34375,176.0,0.0,0.0,-1.0,0
5000.0,36.0,6.03,152.18,0.0,5.0,0.0,45000.0,2.0,4.0,15.18,20.0,0.0,3592.0,21.9,31.0,1.0,0.0,1.0,0.0,767.0,9.0,0.1111111111111111,0.6451612903225806,132.0,0.0,0.0,-1.0,0
33425.0,36.0,14.3,1147.27,10.0,2.0,0.0,75000.0,2.0,0.0,26.11,20.0,0.0,15079.0,45.4,40.0,1.0,0.0,1.0,0.0,697.0,9.0,0.4456666666666666,0.5,141.0,0.0,0.0,-1.0,0
28000.0,36.0,7.62,872.52,2.0,10.0,0.0,150000.0,2.0,0.0,5.82,10.0,0.0,24492.0,57.9,24.0,1.0,0.0,4.0,0.0,732.0,9.0,0.1866666666666666,0.4166666666666667,388.0,0.0,0.0,-1.0,0
18000.0,36.0,9.99,580.73,5.0,10.0,0.0,125000.0,0.0,0.0,7.24,8.0,0.0,6917.0,76.9,16.0,1.0,0.0,2.0,0.0,687.0,9.0,0.144,0.5,151.0,0.0,0.0,-1.0,0
2000.0,36.0,20.2,74.54,19.0,0.0,1.0,33000.0,0.0,10.0,28.14,14.0,0.0,10500.0,81.4,21.0,1.0,0.0,0.0,0.0,697.0,9.0,0.0606060606060606,0.6666666666666666,131.0,0.0,0.0,-1.0,0
5375.0,36.0,14.3,184.49,10.0,10.0,0.0,30000.0,2.0,2.0,12.36,9.0,0.0,4179.0,30.5,16.0,1.0,0.0,3.0,0.0,662.0,9.0,0.1791666666666666,0.5625,118.0,0.0,0.0,-1.0,0
20500.0,60.0,23.1,579.09,23.0,10.0,1.0,55000.0,1.0,0.0,12.55,6.0,0.0,3405.0,37.8,15.0,1.0,0.0,0.0,0.0,682.0,9.0,0.3727272727272727,0.4,83.0,0.0,0.0,-1.0,1
21000.0,36.0,14.3,720.8,10.0,10.0,0.0,130000.0,2.0,0.0,30.84,14.0,0.0,18383.0,52.4,27.0,1.0,0.0,4.0,0.0,692.0,9.0,0.1615384615384615,0.5185185185185185,202.0,0.0,0.0,-1.0,1
18000.0,36.0,11.99,597.78,7.0,5.0,0.0,40000.0,2.0,0.0,29.88,7.0,0.0,5509.0,44.1,22.0,1.0,0.0,0.0,0.0,692.0,9.0,0.45,0.3181818181818182,191.0,0.0,0.0,-1.0,1
17000.0,36.0,13.67,578.3,9.0,3.0,2.0,55000.0,0.0,0.0,18.33,15.0,0.0,20020.0,43.8,29.0,1.0,0.0,0.0,0.0,687.0,9.0,0.3090909090909091,0.5172413793103449,107.0,0.0,0.0,-1.0,1
6250.0,36.0,19.52,230.75,18.0,6.0,1.0,36000.0,0.0,0.0,7.3,4.0,0.0,3835.0,73.7,16.0,1.0,0.0,0.0,0.0,672.0,9.0,0.1736111111111111,0.25,165.0,0.0,0.0,-1.0,0
25477.275390625,36.0,18.55,928.1084790039063,16.0,0.0,1.0,427589.3125,1.0,1.0,100.8361587524414,16.0,0.0,222634.53125,76.5437744140625,26.0,1.0,0.0,2.0,0.0,682.0,9.0,0.059583518065904284,0.615384664800432,302.0,0.0,0.0,-1.0,0
20000.0,36.0,7.9,625.81,3.0,10.0,1.0,65000.0,1.0,0.0,29.45,22.0,0.0,22675.0,33.8,49.0,1.0,0.0,0.0,0.0,712.0,10.0,0.3076923076923077,0.4489795918367347,195.0,0.0,0.0,-1.0,1
2800.0,36.0,21.0,105.5,20.0,10.0,1.0,75000.0,0.0,5.0,14.53,8.0,0.0,9882.0,89.0,11.0,1.0,0.0,0.0,0.0,707.0,10.0,0.0373333333333333,0.7272727272727273,226.0,0.0,0.0,-1.0,0
25916.626953125,36.0,16.2,913.714228515625,13.0,10.0,0.0,789547.8125,1.0,1.0,58.470357971191405,14.0,0.0,360065.9375,73.90262603759766,27.0,0.0,0.0,2.0,0.0,692.0,10.0,0.032824629545211814,0.5185184955596924,340.0,0.0,0.0,-1.0,0
10000.0,60.0,24.08,288.15,26.0,3.0,1.0,30000.0,2.0,0.0,4.48,7.0,0.0,4898.0,22.9,21.0,1.0,0.0,0.0,0.0,747.0,10.0,0.3333333333333333,0.3333333333333333,121.0,0.0,0.0,-1.0,1
22750.0,36.0,13.67,773.9,9.0,0.0,0.0,52000.0,2.0,4.0,32.47,11.0,0.0,15557.0,63.8,31.0,1.0,0.0,3.0,0.0,697.0,10.0,0.4375,0.3548387096774194,339.0,0.0,0.0,-1.0,0
20000.0,60.0,15.1,476.85,11.0,3.0,0.0,70000.0,2.0,0.0,14.23,8.0,0.0,28519.0,82.2,18.0,1.0,0.0,2.0,0.0,717.0,10.0,0.2857142857142857,0.4444444444444444,185.0,0.0,0.0,-1.0,0
15000.0,36.0,17.76,540.49,15.0,2.0,1.0,75000.0,1.0,0.0,18.91,16.0,0.0,16149.0,86.4,21.0,1.0,0.0,0.0,0.0,667.0,10.0,0.2,0.7619047619047619,204.0,0.0,0.0,-1.0,0
13000.0,36.0,13.67,442.23,9.0,10.0,1.0,62000.0,1.0,0.0,5.95,6.0,0.0,11137.0,92.0,7.0,0.0,0.0,0.0,0.0,687.0,10.0,0.2096774193548387,0.8571428571428571,83.0,0.0,0.0,-1.0,1
6625.0,36.0,17.1,236.53,14.0,4.0,1.0,50000.0,2.0,0.0,24.58,6.0,0.0,2980.0,66.2,30.0,1.0,0.0,0.0,0.0,722.0,10.0,0.1325,0.2,191.0,0.0,0.0,-1.0,0
22250.0,60.0,17.1,554.17,14.0,10.0,0.0,50004.56,2.0,0.0,34.73,14.0,0.0,5972.0,50.6,35.0,1.0,0.0,2.0,0.0,692.0,10.0,0.4449594197009233,0.4,265.0,0.0,0.0,-1.0,1
14175.0,36.0,9.99,457.33,5.0,10.0,0.0,52214.0,2.0,4.0,22.22,5.0,0.0,17549.0,76.3,15.0,1.0,0.0,2.0,0.0,777.0,10.0,0.2714789137013061,0.3333333333333333,279.0,0.0,0.0,-1.0,0
11500.0,36.0,13.67,391.21,9.0,7.0,0.0,50000.0,2.0,4.0,32.16,15.0,0.0,12901.0,56.1,16.0,1.0,0.0,0.0,0.0,697.0,10.0,0.23,0.9375,432.0,0.0,0.0,-1.0,0
19200.0,36.0,10.99,628.5,6.0,10.0,0.0,120000.0,0.0,0.0,20.66,12.0,0.0,23267.0,88.8,29.0,0.0,0.0,3.0,0.0,667.0,10.0,0.16,0.4137931034482758,318.0,0.0,0.0,-1.0,0
20000.0,36.0,7.9,625.81,3.0,7.0,0.0,63648.0,2.0,4.0,12.68,18.0,0.0,17257.0,48.5,40.0,0.0,0.0,3.0,0.0,712.0,10.0,0.314228255404726,0.45,187.0,0.0,0.0,-1.0,0
5000.0,36.0,15.61,174.83,12.0,10.0,0.0,80000.0,0.0,0.0,21.05,10.0,0.0,16133.0,84.0,21.0,1.0,0.0,0.0,0.0,682.0,10.0,0.0625,0.4761904761904761,301.0,0.0,0.0,-1.0,0
12000.0,36.0,17.1,428.44,14.0,10.0,0.0,37000.0,1.0,0.0,18.86,5.0,0.0,17438.0,94.3,20.0,1.0,0.0,0.0,0.0,687.0,10.0,0.3243243243243243,0.25,211.0,0.0,0.0,-1.0,0
20400.0,36.0,7.9,638.33,3.0,2.0,1.0,92000.0,1.0,0.0,26.78,21.0,0.0,34370.0,77.9,39.0,0.0,0.0,1.0,0.0,682.0,10.0,0.2217391304347826,0.5384615384615384,195.0,0.0,0.0,-1.0,0
10500.0,36.0,9.67,337.19,5.0,8.0,1.0,70000.0,0.0,0.0,15.1,10.0,0.0,11222.0,53.2,26.0,0.0,0.0,0.0,0.0,697.0,10.0,0.15,0.3846153846153846,284.0,0.0,0.0,-1.0,0
35000.0,60.0,19.2,911.78,17.0,10.0,0.0,102000.0,2.0,0.0,20.87,17.0,0.0,17674.0,70.1,29.0,1.0,0.0,3.0,0.0,682.0,10.0,0.3431372549019608,0.5862068965517241,171.0,0.0,0.0,-1.0,1
14000.0,36.0,9.67,449.58,5.0,3.0,0.0,52055.0,0.0,4.0,11.57,11.0,1.0,9575.0,29.6,16.0,1.0,0.0,1.0,1.0,707.0,10.0,0.2689463067908942,0.6875,105.0,0.0095238095238095,0.0095238095238095,1.0,0
15500.0,36.0,13.67,527.28,9.0,3.0,0.0,100000.0,0.0,0.0,8.34,12.0,1.0,15086.0,68.0,24.0,0.0,0.0,5.0,1.0,692.0,10.0,0.155,0.5,221.0,0.004524886877828,0.004524886877828,1.0,0
35000.0,60.0,19.2,911.78,17.0,10.0,0.0,95000.0,2.0,0.0,12.91,9.0,0.0,35155.0,46.6,20.0,1.0,0.0,3.0,0.0,707.0,10.0,0.3684210526315789,0.45,221.0,0.0,0.0,-1.0,0
20000.0,36.0,7.62,623.23,2.0,2.0,1.0,125000.0,2.0,3.0,7.84,6.0,0.0,3371.0,28.1,11.0,1.0,0.0,0.0,0.0,722.0,10.0,0.16,0.5454545454545454,98.0,0.0,0.0,-1.0,0
6000.0,36.0,12.99,202.14,8.0,8.0,0.0,60000.0,1.0,4.0,34.56,12.0,0.0,8682.0,56.4,46.0,1.0,0.0,1.0,0.0,672.0,10.0,0.1,0.2608695652173913,124.0,0.0,0.0,-1.0,1
35000.0,36.0,14.3,1201.33,10.0,10.0,0.0,150000.0,1.0,0.0,15.99,10.0,0.0,33143.0,78.2,26.0,1.0,0.0,7.0,0.0,672.0,10.0,0.2333333333333333,0.3846153846153846,236.0,0.0,0.0,-1.0,1
25450.0,36.0,9.67,817.27,5.0,2.0,0.0,100356.0,2.0,0.0,26.17,12.0,0.0,21717.0,33.1,48.0,1.0,0.0,4.0,0.0,747.0,10.0,0.2535971939893977,0.25,254.0,0.0,0.0,-1.0,0
11250.0,36.0,17.76,405.37,15.0,4.0,1.0,55000.0,0.0,0.0,9.43,5.0,0.0,6754.0,88.9,12.0,0.0,0.0,2.0,0.0,662.0,10.0,0.2045454545454545,0.4166666666666667,215.0,0.0,0.0,-1.0,1
11400.0,36.0,13.67,387.81,9.0,3.0,0.0,80000.0,0.0,4.0,4.89,9.0,1.0,9792.0,56.3,15.0,1.0,0.0,1.0,1.0,702.0,10.0,0.1425,0.6,192.0,0.0052083333333333,0.0052083333333333,1.0,0
3000.0,36.0,17.76,108.1,15.0,2.0,0.0,91000.0,1.0,0.0,28.67,21.0,0.0,35461.0,50.4,54.0,0.0,0.0,4.0,0.0,677.0,10.0,0.0329670329670329,0.3888888888888889,183.0,0.0,0.0,-1.0,1
12000.0,60.0,23.4,341.05,24.0,3.0,2.0,65000.0,2.0,0.0,9.34,10.0,0.0,13899.0,54.5,11.0,0.0,0.0,0.0,0.0,682.0,10.0,0.1846153846153846,0.9090909090909092,100.0,0.0,0.0,-1.0,0
15000.0,36.0,11.99,498.15,7.0,10.0,0.0,80000.0,1.0,0.0,16.4,13.0,0.0,21528.0,59.0,33.0,1.0,0.0,5.0,0.0,702.0,10.0,0.1875,0.3939393939393939,333.0,0.0,0.0,-1.0,0
18000.0,36.0,20.2,670.79,19.0,2.0,1.0,50000.0,0.0,5.0,25.9,28.0,0.0,26797.0,79.3,40.0,1.0,0.0,0.0,0.0,677.0,10.0,0.36,0.7,150.0,0.0,0.0,-1.0,0
6650.0,36.0,18.55,242.26,16.0,1.0,1.0,25000.0,0.0,0.0,5.42,5.0,0.0,2792.0,51.7,12.0,1.0,0.0,0.0,0.0,667.0,10.0,0.266,0.4166666666666667,90.0,0.0,0.0,-1.0,0
12000.0,36.0,11.99,398.52,7.0,1.0,0.0,75000.0,0.0,4.0,12.21,9.0,0.0,9095.0,50.0,15.0,1.0,0.0,0.0,0.0,717.0,10.0,0.16,0.6,341.0,0.0,0.0,-1.0,0
13000.0,36.0,12.99,437.96,8.0,10.0,0.0,45500.0,2.0,4.0,26.19,7.0,0.0,27990.0,69.8,24.0,1.0,0.0,5.0,0.0,692.0,10.0,0.2857142857142857,0.2916666666666667,255.0,0.0,0.0,-1.0,0
11500.0,60.0,18.55,295.48,16.0,9.0,2.0,56160.0,2.0,4.0,13.59,6.0,0.0,8324.0,96.8,8.0,1.0,0.0,0.0,0.0,667.0,10.0,0.2047720797720797,0.75,52.0,0.0,0.0,-1.0,0
18450.0,36.0,7.9,577.31,3.0,10.0,0.0,52751.0,1.0,4.0,15.72,15.0,0.0,26334.0,54.6,32.0,1.0,0.0,2.0,0.0,732.0,10.0,0.3497564027222233,0.46875,507.0,0.0,0.0,-1.0,0
10000.0,36.0,12.99,336.9,8.0,1.0,1.0,60000.0,0.0,0.0,6.44,7.0,0.0,12082.0,77.9,18.0,1.0,0.0,0.0,0.0,672.0,10.0,0.1666666666666666,0.3888888888888889,110.0,0.0,0.0,-1.0,0
6025.0,36.0,6.03,183.38,0.0,1.0,0.0,37500.0,2.0,4.0,19.33,8.0,0.0,7014.0,47.4,24.0,0.0,0.0,2.0,0.0,722.0,10.0,0.1606666666666666,0.3333333333333333,99.0,0.0,0.0,-1.0,0
10375.0,36.0,15.1,360.17,11.0,1.0,1.0,30225.0,2.0,4.0,34.27,15.0,0.0,11517.0,72.0,26.0,0.0,0.0,0.0,0.0,682.0,10.0,0.3432588916459884,0.5769230769230769,85.0,0.0,0.0,-1.0,0
21000.0,36.0,8.9,666.82,4.0,5.0,1.0,95000.0,1.0,0.0,14.22,7.0,0.0,27545.0,62.7,19.0,1.0,0.0,4.0,0.0,692.0,10.0,0.2210526315789473,0.3684210526315789,234.0,0.0,0.0,-1.0,0
34000.0,36.0,7.9,1063.87,3.0,7.0,1.0,90000.0,2.0,0.0,15.14,6.0,0.0,14318.0,50.1,15.0,1.0,0.0,0.0,0.0,792.0,10.0,0.3777777777777777,0.4,119.0,0.0,0.0,-1.0,0
3000.0,36.0,15.1,104.15,11.0,6.0,2.0,35000.0,0.0,4.0,12.72,11.0,0.0,8206.0,56.2,13.0,0.0,0.0,1.0,0.0,682.0,10.0,0.0857142857142857,0.8461538461538461,112.0,0.0,0.0,-1.0,0
32350.0,60.0,19.2,842.75,17.0,10.0,0.0,79500.0,2.0,0.0,16.11,16.0,0.0,13241.0,45.3,32.0,1.0,0.0,7.0,0.0,727.0,10.0,0.4069182389937107,0.5,188.0,0.0,0.0,-1.0,0
11000.0,60.0,17.1,273.98,14.0,10.0,1.0,55000.0,1.0,0.0,19.81,7.0,2.0,8756.0,67.9,10.0,1.0,0.0,0.0,1.0,677.0,10.0,0.2,0.7,170.0,0.0117647058823529,0.0058823529411764,0.5,1
6000.0,36.0,23.4,233.52,24.0,9.0,2.0,36000.0,0.0,0.0,19.53,10.0,0.0,20858.0,86.9,13.0,0.0,0.0,0.0,0.0,682.0,10.0,0.1666666666666666,0.7692307692307693,156.0,0.0,0.0,-1.0,0
11500.0,36.0,13.67,391.21,9.0,7.0,1.0,35000.0,2.0,0.0,19.31,13.0,0.0,11423.0,31.7,37.0,1.0,0.0,0.0,0.0,717.0,10.0,0.3285714285714285,0.3513513513513513,306.0,0.0,0.0,-1.0,0
6000.0,36.0,6.03,182.62,0.0,2.0,2.0,120000.0,0.0,4.0,11.32,18.0,1.0,3786.0,34.1,28.0,0.0,0.0,0.0,1.0,747.0,10.0,0.05,0.6428571428571429,150.0,0.0066666666666666,0.0066666666666666,1.0,0
29175.0,36.0,18.55,1062.82,16.0,10.0,0.0,97640.0,1.0,0.0,13.82,14.0,0.0,13203.0,62.6,34.0,0.0,0.0,4.0,0.0,672.0,10.0,0.2988017206063089,0.4117647058823529,171.0,0.0,0.0,-1.0,0
23000.0,60.0,15.61,554.57,12.0,10.0,0.0,101000.0,1.0,4.0,16.97,8.0,0.0,22231.0,90.0,15.0,1.0,0.0,5.0,0.0,712.0,10.0,0.2277227722772277,0.5333333333333333,263.0,0.0,0.0,-1.0,0
14000.0,60.0,17.1,348.69,14.0,6.0,2.0,59000.0,1.0,4.0,20.57,11.0,2.0,15264.0,69.4,19.0,1.0,0.0,0.0,1.0,672.0,10.0,0.2372881355932203,0.5789473684210527,249.0,0.0080321285140562,0.0040160642570281,0.5,0
5522.4951171875,36.0,13.67,187.86295471191406,9.0,10.0,0.0,7059.86328125,0.0,5.0,5.866653404235841,5.0,1.0,50082.83984375,65.99176635742188,15.0,1.0,0.0,2.0,1.0,707.0,10.0,144.45782653808592,0.37248872859137394,233.0,0.0042918454935622,0.0042918454935622,1.0,0
14000.0,60.0,18.55,359.72,16.0,9.0,1.0,78000.0,1.0,0.0,21.14,11.0,0.0,21128.0,80.3,28.0,0.0,0.0,0.0,0.0,672.0,10.0,0.1794871794871795,0.3928571428571428,119.0,0.0,0.0,-1.0,0
19750.0,60.0,15.1,470.89,11.0,10.0,0.0,43908.0,2.0,4.0,26.76,14.0,0.0,19779.0,33.8,32.0,1.0,0.0,4.0,0.0,722.0,10.0,0.4498041359205612,0.4375,235.0,0.0,0.0,-1.0,0
30000.0,60.0,19.2,781.53,17.0,10.0,0.0,72000.0,2.0,4.0,26.08,23.0,0.0,35673.0,61.3,43.0,1.0,0.0,5.0,0.0,712.0,10.0,0.4166666666666667,0.5348837209302325,276.0,0.0,0.0,-1.0,1
14000.0,60.0,17.76,353.69,15.0,10.0,0.0,38000.0,1.0,4.0,30.13,19.0,0.0,8366.0,33.3,30.0,0.0,0.0,2.0,0.0,687.0,10.0,0.3684210526315789,0.6333333333333333,141.0,0.0,0.0,-1.0,1
20000.0,36.0,11.99,664.2,7.0,8.0,0.0,58000.0,2.0,0.0,25.16,10.0,0.0,20830.0,81.4,29.0,0.0,0.0,2.0,0.0,707.0,10.0,0.3448275862068966,0.3448275862068966,178.0,0.0,0.0,-1.0,0
30000.0,36.0,12.99,1010.68,8.0,8.0,0.0,225000.0,2.0,0.0,9.23,13.0,0.0,26533.0,70.4,23.0,1.0,0.0,5.0,0.0,717.0,10.0,0.1333333333333333,0.5652173913043478,125.0,0.0,0.0,-1.0,0
2400.0,36.0,12.99,80.86,8.0,8.0,1.0,40000.0,0.0,2.0,8.43,12.0,1.0,1233.0,9.8,22.0,0.0,0.0,0.0,1.0,747.0,10.0,0.06,0.5454545454545454,189.0,0.0052910052910052,0.0052910052910052,1.0,0
30000.0,36.0,19.52,1107.59,18.0,10.0,0.0,154000.0,2.0,0.0,10.0,10.0,0.0,6406.0,47.8,21.0,1.0,0.0,3.0,0.0,712.0,10.0,0.1948051948051948,0.4761904761904761,216.0,0.0,0.0,-1.0,0
24000.0,36.0,7.9,750.97,3.0,10.0,0.0,150000.0,1.0,0.0,16.34,20.0,0.0,40411.0,62.6,48.0,1.0,0.0,5.0,0.0,717.0,11.0,0.16,0.4166666666666667,153.0,0.0,0.0,-1.0,0
8400.0,36.0,10.99,274.97,6.0,0.0,2.0,85000.0,2.0,0.0,24.94,19.0,0.0,5159.0,15.8,29.0,1.0,0.0,0.0,0.0,722.0,11.0,0.0988235294117647,0.6551724137931034,179.0,0.0,0.0,-1.0,0
8500.0,36.0,7.9,265.97,3.0,10.0,0.0,147000.0,0.0,4.0,10.55,11.0,0.0,13304.0,34.3,19.0,0.0,0.0,1.0,0.0,747.0,11.0,0.0578231292517006,0.5789473684210527,125.0,0.0,0.0,-1.0,0
4000.0,36.0,12.85,134.49,8.0,8.0,0.0,29000.0,0.0,0.0,23.22,5.0,0.0,4815.0,70.8,6.0,1.0,0.0,0.0,0.0,672.0,11.0,0.1379310344827586,0.8333333333333334,77.0,0.0,0.0,-1.0,0
15000.0,36.0,7.9,469.36,3.0,9.0,2.0,80000.0,2.0,3.0,20.61,7.0,0.0,10754.0,78.5,20.0,0.0,0.0,0.0,0.0,717.0,11.0,0.1875,0.35,155.0,0.0,0.0,-1.0,0
15000.0,36.0,8.9,476.3,4.0,3.0,0.0,78000.0,0.0,0.0,7.06,12.0,0.0,13537.0,73.6,40.0,1.0,0.0,1.0,0.0,677.0,11.0,0.1923076923076923,0.3,183.0,0.0,0.0,-1.0,0
10000.0,36.0,11.99,332.1,7.0,6.0,0.0,100000.0,1.0,0.0,10.46,6.0,0.0,10853.0,81.0,7.0,0.0,0.0,1.0,0.0,682.0,11.0,0.1,0.8571428571428571,56.0,0.0,0.0,-1.0,0
16000.0,36.0,17.57,575.0,16.0,10.0,0.0,40000.0,2.0,0.0,32.31,11.0,1.0,11669.0,37.3,28.0,1.0,0.0,4.0,1.0,667.0,11.0,0.4,0.3928571428571428,154.0,0.0064935064935064,0.0064935064935064,1.0,0
10000.0,36.0,12.85,336.22,8.0,10.0,0.0,80000.0,0.0,2.0,27.46,23.0,0.0,5817.0,40.7,59.0,0.0,0.0,5.0,0.0,712.0,11.0,0.125,0.3898305084745763,195.0,0.0,0.0,-1.0,0
10000.0,60.0,14.98,237.8,12.0,4.0,1.0,30000.0,2.0,0.0,10.04,5.0,0.0,1489.0,27.6,15.0,1.0,0.0,0.0,0.0,687.0,11.0,0.3333333333333333,0.3333333333333333,290.0,0.0,0.0,-1.0,0
8000.0,36.0,10.99,261.88,6.0,5.0,1.0,56000.0,0.0,4.0,13.07,10.0,0.0,21980.0,74.3,22.0,1.0,0.0,0.0,0.0,687.0,11.0,0.1428571428571428,0.4545454545454545,122.0,0.0,0.0,-1.0,0
7200.0,36.0,13.53,244.44,9.0,5.0,1.0,39000.0,1.0,4.0,21.29,12.0,0.0,9753.0,21.8,25.0,1.0,0.0,0.0,0.0,732.0,11.0,0.1846153846153846,0.48,147.0,0.0,0.0,-1.0,0
6400.0,36.0,6.03,194.79,0.0,0.0,1.0,26000.0,0.0,4.0,21.14,4.0,0.0,7763.0,44.6,18.0,1.0,0.0,0.0,0.0,732.0,11.0,0.2461538461538461,0.2222222222222222,124.0,0.0,0.0,-1.0,0
14075.0,60.0,19.22,366.82,18.0,2.0,1.0,60000.0,2.0,4.0,32.94,19.0,0.0,17956.0,77.4,37.0,1.0,0.0,0.0,0.0,677.0,11.0,0.2345833333333333,0.5135135135135135,153.0,0.0,0.0,-1.0,0
15000.0,60.0,22.4,417.71,22.0,10.0,0.0,49000.0,2.0,0.0,21.99,12.0,1.0,5636.0,35.9,27.0,1.0,0.0,3.0,1.0,667.0,11.0,0.3061224489795918,0.4444444444444444,217.0,0.0046082949308755,0.0046082949308755,1.0,0
4500.0,36.0,13.53,152.78,9.0,0.0,0.0,41978.3,1.0,0.0,9.35,7.0,1.0,3796.0,69.0,24.0,1.0,0.0,5.0,1.0,662.0,11.0,0.1071982429016896,0.2916666666666667,315.0,0.0031746031746031,0.0031746031746031,1.0,0
8400.0,36.0,8.9,266.73,4.0,10.0,0.0,42000.0,1.0,0.0,27.81,13.0,0.0,6803.0,36.0,33.0,0.0,0.0,1.0,0.0,727.0,11.0,0.2,0.3939393939393939,286.0,0.0,0.0,-1.0,0
5000.0,60.0,14.47,117.57,11.0,6.0,2.0,46000.0,2.0,0.0,9.6,6.0,0.0,2983.0,39.8,43.0,1.0,0.0,2.0,0.0,707.0,11.0,0.108695652173913,0.1395348837209302,113.0,0.0,0.0,-1.0,0
15000.0,36.0,10.99,491.01,6.0,10.0,0.0,71000.0,0.0,0.0,19.32,12.0,0.0,18036.0,55.7,45.0,1.0,0.0,0.0,0.0,697.0,11.0,0.2112676056338028,0.2666666666666666,269.0,0.0,0.0,-1.0,0
16000.0,60.0,11.99,355.84,7.0,7.0,0.0,125000.0,2.0,4.0,9.91,16.0,0.0,73015.0,23.3,31.0,0.0,0.0,2.0,0.0,762.0,11.0,0.128,0.5161290322580645,326.0,0.0,0.0,-1.0,0
4800.0,36.0,11.99,159.41,7.0,4.0,0.0,55000.0,0.0,4.0,14.16,11.0,0.0,13071.0,56.3,14.0,1.0,0.0,2.0,0.0,707.0,11.0,0.0872727272727272,0.7857142857142857,72.0,0.0,0.0,-1.0,0
28000.0,36.0,8.9,889.09,4.0,0.0,0.0,90000.0,2.0,0.0,25.51,17.0,0.0,25288.0,41.1,34.0,0.0,0.0,2.0,0.0,717.0,11.0,0.3111111111111111,0.5,220.0,0.0,0.0,-1.0,0
11325.0,60.0,23.4,321.87,24.0,1.0,1.0,33000.0,2.0,0.0,27.65,16.0,0.0,10711.0,72.9,21.0,1.0,0.0,0.0,0.0,672.0,11.0,0.3431818181818182,0.7619047619047619,57.0,0.0,0.0,-1.0,1
24000.0,36.0,7.9,750.97,3.0,10.0,0.0,230000.0,2.0,0.0,13.87,21.0,0.0,27708.0,51.4,37.0,0.0,0.0,3.0,0.0,702.0,11.0,0.1043478260869565,0.5675675675675675,286.0,0.0,0.0,-1.0,0
28000.0,60.0,16.99,695.73,15.0,3.0,0.0,93000.0,1.0,0.0,22.79,14.0,0.0,25911.0,73.6,30.0,1.0,0.0,1.0,0.0,677.0,11.0,0.3010752688172043,0.4666666666666667,204.0,0.0,0.0,-1.0,0
30000.0,36.0,9.67,963.38,5.0,10.0,0.0,105000.0,1.0,4.0,11.7,8.0,0.0,29124.0,83.9,26.0,1.0,0.0,4.0,0.0,712.0,11.0,0.2857142857142857,0.3076923076923077,241.0,0.0,0.0,-1.0,0
9450.0,36.0,14.47,325.14,11.0,6.0,0.0,36000.0,0.0,0.0,10.97,9.0,0.0,9644.0,67.9,11.0,1.0,0.0,1.0,0.0,667.0,11.0,0.2625,0.8181818181818182,101.0,0.0,0.0,-1.0,1
12000.0,36.0,10.99,392.81,6.0,2.0,0.0,55000.0,1.0,0.0,25.9,15.0,0.0,9697.0,52.7,25.0,1.0,0.0,1.0,0.0,687.0,11.0,0.2181818181818181,0.6,137.0,0.0,0.0,-1.0,0
17500.0,60.0,13.67,404.21,9.0,9.0,0.0,75000.0,2.0,0.0,13.28,7.0,0.0,9683.0,54.7,15.0,1.0,0.0,3.0,0.0,667.0,11.0,0.2333333333333333,0.4666666666666667,149.0,0.0,0.0,-1.0,0
30000.0,60.0,12.99,682.44,8.0,10.0,0.0,130000.0,1.0,4.0,22.07,10.0,0.0,10906.0,28.5,27.0,1.0,0.0,4.0,0.0,787.0,11.0,0.2307692307692307,0.3703703703703703,337.0,0.0,0.0,-1.0,1
15000.0,36.0,9.67,481.69,5.0,10.0,0.0,72800.0,2.0,4.0,6.91,8.0,0.0,14892.0,70.6,15.0,0.0,0.0,3.0,0.0,707.0,11.0,0.206043956043956,0.5333333333333333,355.0,0.0,0.0,-1.0,0
4000.0,60.0,25.57,118.75,29.0,5.0,1.0,50000.0,1.0,0.0,1.92,3.0,0.0,1592.0,61.2,7.0,1.0,0.0,0.0,0.0,707.0,11.0,0.08,0.4285714285714285,161.0,0.0,0.0,-1.0,1
12950.0,36.0,17.1,462.35,14.0,10.0,0.0,72000.0,2.0,0.0,12.05,7.0,0.0,23170.0,91.2,24.0,1.0,0.0,2.0,0.0,677.0,11.0,0.1798611111111111,0.2916666666666667,206.0,0.0,0.0,-1.0,0
6625.0,36.0,12.99,223.2,8.0,0.0,0.0,36000.0,0.0,4.0,5.6,8.0,1.0,4078.0,53.0,12.0,1.0,0.0,0.0,1.0,687.0,11.0,0.1840277777777778,0.6666666666666666,250.0,0.004,0.004,1.0,0
15000.0,36.0,12.99,505.34,8.0,3.0,1.0,72000.0,0.0,0.0,10.15,9.0,0.0,2656.0,48.3,23.0,1.0,0.0,1.0,0.0,677.0,11.0,0.2083333333333333,0.391304347826087,186.0,0.0,0.0,-1.0,1
8125.0,36.0,17.1,290.09,14.0,7.0,1.0,55000.0,1.0,1.0,10.02,7.0,0.0,12407.0,71.3,12.0,0.0,0.0,0.0,0.0,662.0,11.0,0.1477272727272727,0.5833333333333334,97.0,0.0,0.0,-1.0,0
24000.0,36.0,6.62,736.89,1.0,10.0,0.0,75000.0,1.0,4.0,15.97,22.0,0.0,24857.0,20.6,60.0,1.0,0.0,3.0,0.0,782.0,11.0,0.32,0.3666666666666666,217.0,0.0,0.0,-1.0,0
17223.07421875,60.0,23.1,486.51618041992185,23.0,10.0,0.0,1465520.25,2.0,0.0,155.52064758300781,15.0,0.0,150605.9375,4.448741912841797,28.0,1.0,0.0,8.0,0.0,672.0,11.0,0.011752198934555036,0.5357142527898152,89.0,0.0,0.0,-1.0,1
20000.0,36.0,12.99,673.79,8.0,0.0,2.0,50000.0,1.0,4.0,20.07,10.0,0.0,19883.0,74.5,19.0,1.0,0.0,0.0,0.0,692.0,11.0,0.4,0.5263157894736842,127.0,0.0,0.0,-1.0,0
16000.0,60.0,15.1,381.48,11.0,5.0,0.0,90000.0,2.0,2.0,18.87,7.0,0.0,3763.0,67.2,9.0,1.0,0.0,1.0,0.0,732.0,11.0,0.1777777777777777,0.7777777777777778,254.0,0.0,0.0,-1.0,1
10000.0,60.0,18.55,256.94,16.0,10.0,0.0,75000.0,1.0,4.0,28.08,23.0,1.0,39933.0,92.2,35.0,1.0,0.0,3.0,1.0,682.0,11.0,0.1333333333333333,0.6571428571428571,309.0,0.0032362459546925,0.0032362459546925,1.0,0
15000.0,36.0,9.67,481.69,5.0,10.0,0.0,62000.0,0.0,0.0,12.43,8.0,0.0,9917.0,51.9,29.0,1.0,0.0,4.0,0.0,682.0,11.0,0.2419354838709677,0.2758620689655172,333.0,0.0,0.0,-1.0,0
15050.0,60.0,20.2,400.41,19.0,0.0,2.0,42000.0,2.0,0.0,28.0,9.0,0.0,293.0,4.9,22.0,1.0,0.0,0.0,0.0,767.0,11.0,0.3583333333333333,0.4090909090909091,90.0,0.0,0.0,-1.0,0
24000.0,60.0,16.2,586.19,13.0,10.0,0.0,98000.0,2.0,4.0,17.66,12.0,0.0,25797.0,92.1,33.0,0.0,0.0,2.0,0.0,722.0,11.0,0.2448979591836734,0.3636363636363636,266.0,0.0,0.0,-1.0,1
8000.0,36.0,10.99,261.88,6.0,10.0,0.0,80000.0,0.0,4.0,12.24,13.0,0.0,8642.0,46.0,38.0,0.0,0.0,5.0,0.0,692.0,11.0,0.1,0.3421052631578947,156.0,0.0,0.0,-1.0,0
21000.0,36.0,7.9,657.1,3.0,0.0,1.0,125000.0,1.0,0.0,10.77,9.0,0.0,20774.0,45.2,30.0,0.0,0.0,5.0,0.0,732.0,11.0,0.168,0.3,278.0,0.0,0.0,-1.0,0
30000.0,60.0,16.24,733.38,14.0,10.0,0.0,120000.0,1.0,0.0,14.92,17.0,0.0,30979.0,47.2,50.0,0.0,0.0,9.0,0.0,692.0,11.0,0.25,0.34,153.0,0.0,0.0,-1.0,1
12000.0,36.0,16.24,423.31,14.0,6.0,2.0,90000.0,1.0,3.0,22.69,11.0,0.0,12361.0,57.3,24.0,0.0,0.0,2.0,0.0,677.0,11.0,0.1333333333333333,0.4583333333333333,128.0,0.0,0.0,-1.0,1
15000.0,36.0,8.9,476.3,4.0,3.0,1.0,100000.0,0.0,2.0,8.38,12.0,0.0,19805.0,33.5,34.0,1.0,0.0,5.0,0.0,697.0,11.0,0.15,0.3529411764705882,362.0,0.0,0.0,-1.0,1
7500.0,36.0,13.98,256.26,10.0,8.0,0.0,43000.0,0.0,4.0,6.75,18.0,0.0,4642.0,72.5,55.0,1.0,0.0,1.0,0.0,662.0,11.0,0.1744186046511628,0.3272727272727272,131.0,0.0,0.0,-1.0,0
5000.0,36.0,17.57,179.69,16.0,10.0,0.0,65000.0,1.0,0.0,9.92,7.0,0.0,8087.0,81.7,36.0,1.0,0.0,8.0,0.0,667.0,11.0,0.0769230769230769,0.1944444444444444,220.0,0.0,0.0,-1.0,0
35000.0,36.0,16.24,1234.65,14.0,4.0,0.0,95000.0,2.0,1.0,19.25,7.0,0.0,5642.0,49.1,19.0,1.0,0.0,0.0,0.0,722.0,11.0,0.3684210526315789,0.3684210526315789,145.0,0.0,0.0,-1.0,1
10000.0,36.0,8.9,317.54,4.0,10.0,0.0,48000.0,2.0,4.0,17.25,13.0,0.0,9495.0,76.6,44.0,1.0,0.0,4.0,0.0,682.0,11.0,0.2083333333333333,0.2954545454545454,214.0,0.0,0.0,-1.0,0
1200.0,36.0,23.7,46.9,25.0,5.0,2.0,98000.0,1.0,5.0,13.84,7.0,0.0,16867.0,79.9,7.0,0.0,0.0,0.0,0.0,682.0,11.0,0.0122448979591836,1.0,72.0,0.0,0.0,-1.0,0
22000.0,60.0,19.22,573.36,18.0,2.0,0.0,50000.0,2.0,0.0,32.77,21.0,0.0,28696.0,66.4,41.0,1.0,0.0,1.0,0.0,682.0,0.0,0.44,0.5121951219512195,205.0,0.0,0.0,-1.0,0
12000.0,60.0,14.98,285.36,12.0,10.0,0.0,37065.0,1.0,0.0,10.43,4.0,0.0,5269.0,68.4,24.0,1.0,0.0,1.0,0.0,687.0,0.0,0.3237555645487657,0.1666666666666666,181.0,0.0,0.0,-1.0,0
35000.0,60.0,18.25,893.54,17.0,10.0,0.0,81000.0,2.0,0.0,18.08,9.0,1.0,18200.0,30.5,20.0,1.0,0.0,3.0,0.0,732.0,0.0,0.4320987654320987,0.45,129.0,0.0077519379844961,0.0,0.0,1
29175.0,36.0,12.85,980.92,8.0,1.0,1.0,120000.0,1.0,0.0,11.89,16.0,0.0,7374.0,14.7,39.0,1.0,0.0,7.0,0.0,797.0,0.0,0.243125,0.4102564102564102,289.0,0.0,0.0,-1.0,0
10000.0,36.0,14.98,346.56,12.0,10.0,1.0,50000.0,2.0,0.0,28.25,8.0,34.0,10530.0,44.1,11.0,1.0,0.0,1.0,0.0,707.0,0.0,0.2,0.7272727272727273,189.0,0.1798941798941798,0.0,0.0,0
15000.0,36.0,16.99,534.72,15.0,10.0,0.0,73500.0,1.0,0.0,31.67,33.0,1.0,10608.0,37.6,91.0,1.0,0.0,3.0,1.0,677.0,0.0,0.2040816326530612,0.3626373626373626,290.0,0.0034482758620689,0.0034482758620689,1.0,0
18000.0,36.0,13.53,611.1,9.0,5.0,2.0,79000.0,0.0,0.0,22.16,16.0,0.0,16121.0,62.2,28.0,0.0,0.0,2.0,0.0,682.0,0.0,0.2278481012658227,0.5714285714285714,156.0,0.0,0.0,-1.0,0
11200.0,60.0,15.61,270.05,13.0,10.0,0.0,55000.0,0.0,0.0,28.71,15.0,0.0,25116.0,54.5,25.0,1.0,0.0,2.0,0.0,707.0,0.0,0.2036363636363636,0.6,174.0,0.0,0.0,-1.0,0
16000.0,60.0,19.22,416.99,18.0,1.0,0.0,70000.0,1.0,0.0,21.88,18.0,0.0,16480.0,62.4,37.0,1.0,0.0,3.0,0.0,682.0,0.0,0.2285714285714285,0.4864864864864865,240.0,0.0,0.0,-1.0,0
25000.0,36.0,14.98,866.39,12.0,0.0,0.0,104000.0,2.0,0.0,12.85,9.0,0.0,25853.0,47.2,34.0,0.0,0.0,2.0,0.0,692.0,0.0,0.2403846153846154,0.2647058823529412,353.0,0.0,0.0,-1.0,0
17600.0,36.0,13.98,601.36,10.0,10.0,0.0,120000.0,2.0,4.0,7.7,7.0,0.0,12522.0,98.6,13.0,1.0,0.0,0.0,0.0,682.0,0.0,0.1466666666666666,0.5384615384615384,171.0,0.0,0.0,-1.0,0
15950.0,60.0,22.4,444.16,22.0,2.0,1.0,44562.0,2.0,0.0,29.38,22.0,0.0,22791.0,65.1,29.0,1.0,0.0,0.0,0.0,692.0,0.0,0.357928279700193,0.7586206896551724,289.0,0.0,0.0,-1.0,0
16200.0,60.0,14.98,385.23,12.0,10.0,1.0,45000.0,2.0,0.0,12.83,12.0,0.0,14001.0,59.8,17.0,0.0,0.0,0.0,0.0,672.0,0.0,0.36,0.7058823529411765,178.0,0.0,0.0,-1.0,0
10000.0,36.0,16.24,352.76,14.0,3.0,1.0,43000.0,0.0,5.0,2.9,12.0,0.0,4660.0,89.6,38.0,0.0,0.0,0.0,0.0,667.0,0.0,0.2325581395348837,0.3157894736842105,153.0,0.0,0.0,-1.0,0
7500.0,36.0,12.85,252.17,8.0,1.0,0.0,110000.0,0.0,4.0,18.75,15.0,0.0,6090.0,48.0,18.0,1.0,0.0,0.0,0.0,682.0,0.0,0.0681818181818181,0.8333333333333334,58.0,0.0,0.0,-1.0,0
9000.0,36.0,13.98,307.52,10.0,0.0,1.0,45000.0,1.0,0.0,28.05,8.0,0.0,9021.0,57.8,13.0,1.0,0.0,0.0,0.0,662.0,0.0,0.2,0.6153846153846154,186.0,0.0,0.0,-1.0,0
2000.0,36.0,16.99,71.3,15.0,4.0,0.0,72000.0,2.0,5.0,19.88,9.0,0.0,3279.0,59.6,33.0,1.0,0.0,3.0,0.0,667.0,0.0,0.0277777777777777,0.2727272727272727,223.0,0.0,0.0,-1.0,0
24000.0,36.0,7.9,750.97,3.0,10.0,2.0,75000.0,1.0,4.0,12.62,10.0,0.0,37136.0,46.4,24.0,1.0,0.0,0.0,0.0,692.0,0.0,0.32,0.4166666666666667,195.0,0.0,0.0,-1.0,0
20000.0,60.0,15.61,482.23,13.0,10.0,2.0,60000.0,1.0,4.0,18.49,14.0,1.0,20498.0,55.9,27.0,1.0,0.0,0.0,0.0,692.0,0.0,0.3333333333333333,0.5185185185185185,208.0,0.0048076923076923,0.0,0.0,0
18900.0,36.0,8.9,600.14,4.0,10.0,0.0,55000.0,0.0,4.0,15.8,8.0,0.0,19915.0,69.4,40.0,0.0,0.0,5.0,0.0,682.0,0.0,0.3436363636363636,0.2,142.0,0.0,0.0,-1.0,0
8425.0,36.0,14.98,291.98,12.0,10.0,1.0,45000.0,0.0,4.0,5.68,4.0,0.0,4255.0,76.0,20.0,1.0,0.0,0.0,0.0,677.0,0.0,0.1872222222222222,0.2,156.0,0.0,0.0,-1.0,0
9000.0,36.0,11.99,298.89,7.0,1.0,0.0,89000.0,0.0,0.0,17.73,9.0,0.0,3838.0,54.1,30.0,1.0,0.0,1.0,0.0,682.0,0.0,0.1011235955056179,0.3,119.0,0.0,0.0,-1.0,0
12000.0,36.0,11.99,398.52,7.0,8.0,0.0,140000.0,1.0,4.0,8.35,8.0,1.0,6601.0,67.4,45.0,1.0,0.0,7.0,0.0,667.0,0.0,0.0857142857142857,0.1777777777777777,160.0,0.00625,0.0,0.0,0
9600.0,36.0,12.85,322.77,8.0,10.0,0.0,80000.0,0.0,0.0,9.62,8.0,0.0,12479.0,62.4,22.0,1.0,0.0,5.0,0.0,732.0,0.0,0.12,0.3636363636363636,288.0,0.0,0.0,-1.0,0
10075.0,36.0,24.5,397.93,27.0,10.0,2.0,35000.0,1.0,0.0,26.82,15.0,1.0,25966.0,86.6,22.0,0.0,0.0,2.0,1.0,667.0,0.0,0.2878571428571428,0.6818181818181818,171.0,0.0058479532163742,0.0058479532163742,1.0,0
21000.0,60.0,13.53,483.54,9.0,10.0,1.0,130000.0,2.0,0.0,12.7,13.0,0.0,32695.0,46.5,29.0,1.0,0.0,5.0,0.0,722.0,0.0,0.1615384615384615,0.4482758620689655,304.0,0.0,0.0,-1.0,0
27300.0,36.0,13.98,932.79,10.0,9.0,1.0,61000.0,2.0,4.0,19.83,8.0,0.0,14536.0,47.5,24.0,1.0,0.0,5.0,0.0,707.0,0.0,0.4475409836065573,0.3333333333333333,137.0,0.0,0.0,-1.0,0
28000.0,36.0,14.47,963.38,11.0,10.0,0.0,114800.0,1.0,0.0,22.45,18.0,1.0,8765.0,68.5,41.0,1.0,0.0,7.0,1.0,677.0,0.0,0.2439024390243902,0.4390243902439024,196.0,0.0051020408163265,0.0051020408163265,1.0,0
15600.0,36.0,9.67,500.96,5.0,1.0,0.0,85000.0,1.0,4.0,10.28,10.0,0.0,9445.0,43.5,20.0,0.0,0.0,2.0,0.0,717.0,0.0,0.1835294117647058,0.5,175.0,0.0,0.0,-1.0,0
6400.0,36.0,12.85,215.18,8.0,4.0,2.0,37000.0,2.0,0.0,18.94,16.0,0.0,7694.0,71.2,28.0,1.0,0.0,1.0,0.0,662.0,0.0,0.1729729729729729,0.5714285714285714,94.0,0.0,0.0,-1.0,0
28000.0,60.0,22.9,787.73,23.0,3.0,0.0,90000.0,1.0,2.0,13.59,6.0,0.0,30495.0,82.2,17.0,1.0,0.0,2.0,0.0,677.0,0.0,0.3111111111111111,0.3529411764705882,210.0,0.0,0.0,-1.0,0
5000.0,36.0,13.53,169.75,9.0,1.0,0.0,82000.0,2.0,0.0,13.42,12.0,2.0,14327.0,69.9,22.0,1.0,0.0,5.0,1.0,697.0,0.0,0.0609756097560975,0.5454545454545454,142.0,0.0140845070422535,0.0070422535211267,0.5,0
24800.0,36.0,7.9,776.0,3.0,0.0,1.0,98500.0,1.0,0.0,19.99,8.0,0.0,26951.0,61.8,34.0,1.0,0.0,0.0,0.0,692.0,0.0,0.2517766497461929,0.2352941176470588,161.0,0.0,0.0,-1.0,0
18000.0,36.0,13.98,615.03,10.0,4.0,0.0,42000.0,2.0,4.0,33.49,32.0,0.0,22432.0,54.2,40.0,1.0,0.0,0.0,0.0,702.0,0.0,0.4285714285714285,0.8,162.0,0.0,0.0,-1.0,0
10000.0,36.0,8.9,317.54,4.0,3.0,1.0,42900.0,0.0,4.0,13.45,9.0,1.0,5111.0,33.4,16.0,0.0,0.0,0.0,1.0,707.0,0.0,0.2331002331002331,0.5625,176.0,0.0056818181818181,0.0056818181818181,1.0,0
19425.0,36.0,12.85,653.11,8.0,7.0,0.0,44127.35,1.0,4.0,20.24,12.0,0.0,14666.0,54.3,23.0,1.0,0.0,1.0,0.0,697.0,0.0,0.4402031846462568,0.5217391304347826,237.0,0.0,0.0,-1.0,1
10000.0,36.0,12.85,336.22,8.0,8.0,0.0,130000.0,2.0,4.0,21.11,13.0,0.0,29677.0,80.6,29.0,1.0,0.0,4.0,0.0,697.0,0.0,0.0769230769230769,0.4482758620689655,147.0,0.0,0.0,-1.0,0
5400.0,36.0,13.98,184.51,10.0,3.0,0.0,45000.0,0.0,9.0,16.11,7.0,0.0,1011.0,26.6,56.0,1.0,0.0,10.0,0.0,687.0,0.0,0.12,0.125,297.0,0.0,0.0,-1.0,0
30000.0,60.0,11.99,667.19,7.0,6.0,0.0,110000.0,1.0,2.0,5.93,14.0,0.0,13169.0,17.5,37.0,0.0,0.0,2.0,0.0,807.0,0.0,0.2727272727272727,0.3783783783783784,193.0,0.0,0.0,-1.0,1
10000.0,36.0,10.99,327.34,6.0,5.0,0.0,59900.0,0.0,4.0,14.99,18.0,1.0,7587.0,37.6,34.0,1.0,0.0,2.0,1.0,712.0,0.0,0.1669449081803005,0.5294117647058824,113.0,0.0088495575221238,0.0088495575221238,1.0,0
15000.0,36.0,13.98,512.52,10.0,10.0,1.0,87000.0,1.0,0.0,3.05,6.0,0.0,4687.0,34.7,29.0,1.0,0.0,7.0,0.0,662.0,0.0,0.1724137931034483,0.2068965517241379,186.0,0.0,0.0,-1.0,0
11000.0,60.0,20.5,294.51,20.0,7.0,0.0,60000.0,2.0,0.0,12.68,21.0,0.0,18367.0,28.0,52.0,1.0,0.0,2.0,0.0,672.0,0.0,0.1833333333333333,0.4038461538461538,215.0,0.0,0.0,-1.0,0
20000.0,36.0,8.9,635.07,4.0,10.0,0.0,92000.0,2.0,4.0,22.55,5.0,0.0,56024.0,93.4,18.0,1.0,0.0,3.0,0.0,722.0,0.0,0.217391304347826,0.2777777777777778,200.0,0.0,0.0,-1.0,1
15850.0,60.0,18.25,404.65,17.0,9.0,2.0,39000.0,2.0,0.0,21.35,12.0,0.0,10428.0,30.7,30.0,1.0,0.0,8.0,0.0,732.0,0.0,0.4064102564102564,0.4,325.0,0.0,0.0,-1.0,0
25975.0,60.0,26.06,778.63,34.0,10.0,0.0,80000.0,2.0,4.0,18.05,19.0,0.0,28647.0,89.5,24.0,1.0,0.0,1.0,0.0,677.0,0.0,0.3246875,0.7916666666666666,149.0,0.0,0.0,-1.0,1
13475.0,60.0,21.48,368.2,21.0,3.0,0.0,34000.0,1.0,0.0,26.69,5.0,0.0,5194.0,86.6,12.0,1.0,0.0,0.0,0.0,677.0,0.0,0.3963235294117647,0.4166666666666667,159.0,0.0,0.0,-1.0,0
35000.0,60.0,19.22,912.17,18.0,10.0,0.0,80000.0,2.0,0.0,17.26,10.0,0.0,7120.0,90.1,33.0,1.0,0.0,4.0,0.0,687.0,0.0,0.4375,0.303030303030303,218.0,0.0,0.0,-1.0,1
15000.0,60.0,12.85,340.15,8.0,8.0,0.0,85000.0,1.0,0.0,18.35,10.0,0.0,9698.0,18.9,21.0,0.0,0.0,3.0,0.0,792.0,0.0,0.1764705882352941,0.4761904761904761,192.0,0.0,0.0,-1.0,0
6000.0,36.0,13.53,203.7,9.0,9.0,0.0,90000.0,1.0,4.0,11.87,10.0,0.0,12807.0,64.4,40.0,1.0,0.0,4.0,0.0,682.0,0.0,0.0666666666666666,0.25,329.0,0.0,0.0,-1.0,0
17000.0,36.0,12.85,571.57,8.0,6.0,0.0,100000.0,1.0,0.0,14.34,21.0,0.0,11520.0,40.3,37.0,1.0,0.0,4.0,0.0,702.0,0.0,0.17,0.5675675675675675,99.0,0.0,0.0,-1.0,0
11625.0,36.0,16.24,410.08,14.0,0.0,1.0,60000.0,1.0,1.0,22.16,8.0,0.0,10525.0,70.2,20.0,1.0,0.0,0.0,0.0,702.0,0.0,0.19375,0.4,138.0,0.0,0.0,-1.0,1
10000.0,36.0,8.9,317.54,4.0,6.0,0.0,70000.0,2.0,4.0,21.62,19.0,1.0,10616.0,47.6,33.0,1.0,0.0,1.0,0.0,682.0,0.0,0.1428571428571428,0.5757575757575758,159.0,0.0062893081761006,0.0,0.0,0
28000.0,36.0,9.67,899.15,5.0,2.0,2.0,220000.0,1.0,0.0,8.11,13.0,0.0,55029.0,49.3,29.0,1.0,0.0,4.0,0.0,742.0,0.0,0.1272727272727272,0.4482758620689655,255.0,0.0,0.0,-1.0,0
18000.0,36.0,11.99,597.78,7.0,10.0,1.0,48000.0,2.0,0.0,23.73,10.0,0.0,11047.0,67.8,17.0,1.0,0.0,0.0,0.0,682.0,0.0,0.375,0.5882352941176471,160.0,0.0,0.0,-1.0,0
12000.0,60.0,17.57,301.93,16.0,2.0,1.0,52000.0,1.0,0.0,17.77,13.0,0.0,12567.0,47.6,29.0,0.0,0.0,0.0,0.0,682.0,0.0,0.2307692307692307,0.4482758620689655,81.0,0.0,0.0,-1.0,1
10000.0,36.0,16.24,352.76,14.0,3.0,0.0,32760.0,2.0,0.0,13.08,11.0,2.0,7032.0,60.1,16.0,1.0,0.0,1.0,1.0,667.0,0.0,0.3052503052503053,0.6875,235.0,0.0085106382978723,0.0042553191489361,0.5,0
15000.0,60.0,12.85,340.15,8.0,1.0,0.0,100000.0,1.0,4.0,17.38,13.0,0.0,8838.0,40.9,35.0,0.0,0.0,2.0,0.0,672.0,0.0,0.15,0.3714285714285714,230.0,0.0,0.0,-1.0,1
25000.0,60.0,13.65,577.18,10.0,10.0,0.0,85000.0,1.0,0.0,20.26,17.0,0.0,11602.0,33.4,43.0,1.0,0.0,3.0,0.0,767.0,1.0,0.2941176470588235,0.3953488372093023,232.0,0.0,0.0,-1.0,1
14975.0,36.0,14.64,516.48,12.0,10.0,0.0,100000.0,0.0,2.0,9.54,6.0,0.0,5436.0,52.3,15.0,1.0,0.0,0.0,0.0,662.0,1.0,0.14975,0.4,225.0,0.0,0.0,-1.0,1
12000.0,36.0,9.67,385.35,5.0,3.0,0.0,60000.0,0.0,0.0,5.98,8.0,0.0,17043.0,50.6,25.0,1.0,0.0,6.0,0.0,697.0,1.0,0.2,0.32,370.0,0.0,0.0,-1.0,0
9150.0,36.0,13.65,311.18,10.0,10.0,1.0,65000.0,2.0,4.0,11.33,5.0,0.0,4198.0,93.3,18.0,0.0,0.0,0.0,0.0,672.0,1.0,0.1407692307692307,0.2777777777777778,238.0,0.0,0.0,-1.0,0
9500.0,36.0,12.99,320.05,9.0,10.0,1.0,28025.0,2.0,3.0,32.42,18.0,0.0,6971.0,28.3,22.0,1.0,0.0,0.0,0.0,767.0,1.0,0.3389830508474576,0.8181818181818182,145.0,0.0,0.0,-1.0,0
5000.0,36.0,10.99,163.67,6.0,7.0,0.0,70000.0,0.0,0.0,11.74,20.0,0.0,18420.0,36.8,44.0,0.0,0.0,0.0,0.0,707.0,1.0,0.0714285714285714,0.4545454545454545,146.0,0.0,0.0,-1.0,0
4800.0,36.0,15.61,167.84,14.0,2.0,1.0,60000.0,1.0,5.0,27.7,20.0,0.0,8069.0,73.3,42.0,1.0,0.0,0.0,0.0,672.0,1.0,0.08,0.4761904761904761,87.0,0.0,0.0,-1.0,0
8575.0,36.0,15.61,299.83,14.0,0.0,1.0,45000.0,1.0,0.0,22.21,23.0,0.0,6840.0,88.8,31.0,0.0,0.0,0.0,0.0,667.0,1.0,0.1905555555555555,0.7419354838709677,221.0,0.0,0.0,-1.0,0
10000.0,36.0,12.49,334.49,8.0,2.0,2.0,70000.0,1.0,2.0,7.59,13.0,1.0,1523.0,26.7,21.0,1.0,0.0,0.0,1.0,672.0,1.0,0.1428571428571428,0.6190476190476191,176.0,0.0056818181818181,0.0056818181818181,1.0,0
8000.0,36.0,18.92,292.93,18.0,10.0,1.0,60000.0,0.0,4.0,6.5,9.0,0.0,9243.0,77.7,14.0,0.0,0.0,0.0,0.0,662.0,1.0,0.1333333333333333,0.6428571428571429,183.0,0.0,0.0,-1.0,1
21200.0,60.0,25.89,633.36,32.0,2.0,0.0,59000.0,1.0,0.0,28.34,23.0,0.0,30411.0,82.2,29.0,0.0,0.0,3.0,0.0,667.0,1.0,0.3593220338983051,0.7931034482758621,156.0,0.0,0.0,-1.0,1
10000.0,36.0,11.99,332.1,7.0,10.0,1.0,30000.0,0.0,0.0,24.88,10.0,0.0,6783.0,31.0,29.0,0.0,0.0,0.0,0.0,712.0,1.0,0.3333333333333333,0.3448275862068966,165.0,0.0,0.0,-1.0,0
17600.0,36.0,10.99,576.12,6.0,4.0,0.0,70000.0,0.0,0.0,23.25,13.0,0.0,25158.0,52.0,25.0,1.0,0.0,5.0,0.0,712.0,1.0,0.2514285714285714,0.52,159.0,0.0,0.0,-1.0,0
6950.0,36.0,15.61,243.01,14.0,9.0,1.0,37000.0,0.0,0.0,21.47,13.0,0.0,5971.0,38.8,13.0,0.0,0.0,0.0,0.0,692.0,1.0,0.1878378378378378,1.0,63.0,0.0,0.0,-1.0,0
18000.0,36.0,11.99,597.78,7.0,4.0,1.0,100000.0,2.0,0.0,27.1,11.0,0.0,48205.0,96.6,15.0,1.0,0.0,0.0,0.0,717.0,1.0,0.18,0.7333333333333333,185.0,0.0,0.0,-1.0,0
9000.0,36.0,9.67,289.02,5.0,2.0,1.0,56000.0,0.0,3.0,17.35,19.0,0.0,9595.0,36.2,25.0,1.0,0.0,0.0,0.0,692.0,1.0,0.1607142857142857,0.76,126.0,0.0,0.0,-1.0,0
3500.0,36.0,18.92,128.16,18.0,10.0,0.0,103000.0,1.0,9.0,8.24,7.0,0.0,6747.0,92.4,12.0,1.0,0.0,0.0,0.0,667.0,1.0,0.0339805825242718,0.5833333333333334,171.0,0.0,0.0,-1.0,1
20000.0,36.0,6.03,608.72,0.0,10.0,0.0,163000.0,0.0,0.0,17.73,12.0,0.0,30228.0,51.1,26.0,1.0,0.0,2.0,0.0,737.0,1.0,0.1226993865030674,0.4615384615384615,209.0,0.0,0.0,-1.0,0
13475.0,60.0,12.99,306.53,9.0,3.0,1.0,30000.0,2.0,4.0,22.36,22.0,0.0,17700.0,10.1,39.0,0.0,0.0,3.0,0.0,807.0,1.0,0.4491666666666666,0.5641025641025641,247.0,0.0,0.0,-1.0,0
15000.0,36.0,10.99,491.01,6.0,8.0,1.0,49000.0,1.0,0.0,27.16,16.0,0.0,24323.0,54.3,31.0,0.0,0.0,0.0,0.0,697.0,1.0,0.3061224489795918,0.5161290322580645,184.0,0.0,0.0,-1.0,0
20950.0,36.0,15.31,729.43,13.0,7.0,1.0,50000.0,1.0,0.0,26.84,14.0,0.0,36973.0,60.3,18.0,1.0,0.0,0.0,0.0,712.0,1.0,0.419,0.7777777777777778,257.0,0.0,0.0,-1.0,0
22625.0,36.0,9.67,726.55,5.0,7.0,1.0,54000.0,1.0,0.0,21.58,6.0,0.0,25382.0,90.3,20.0,0.0,0.0,0.0,0.0,717.0,1.0,0.4189814814814814,0.3,210.0,0.0,0.0,-1.0,0
10000.0,36.0,11.99,332.1,7.0,1.0,1.0,125000.0,1.0,0.0,11.12,8.0,1.0,5330.0,29.1,24.0,1.0,0.0,4.0,0.0,707.0,1.0,0.08,0.3333333333333333,185.0,0.0054054054054054,0.0,0.0,0
8000.0,36.0,13.65,272.07,10.0,8.0,1.0,49476.0,1.0,0.0,14.53,9.0,1.0,2919.0,58.0,40.0,0.0,0.0,2.0,1.0,662.0,1.0,0.1616945589780903,0.225,231.0,0.0043290043290043,0.0043290043290043,1.0,0
15000.0,60.0,14.64,354.03,12.0,10.0,0.0,40000.0,0.0,0.0,30.9,12.0,0.0,32073.0,57.5,21.0,1.0,0.0,3.0,0.0,757.0,1.0,0.375,0.5714285714285714,321.0,0.0,0.0,-1.0,0
24000.0,60.0,15.31,574.88,13.0,10.0,0.0,58000.0,1.0,4.0,17.44,18.0,0.0,19805.0,72.8,32.0,1.0,0.0,1.0,0.0,702.0,1.0,0.4137931034482758,0.5625,183.0,0.0,0.0,-1.0,0
25000.0,60.0,19.47,655.0,19.0,10.0,1.0,65000.0,1.0,4.0,9.25,9.0,0.0,19441.0,77.8,30.0,1.0,0.0,2.0,0.0,672.0,1.0,0.3846153846153846,0.3,213.0,0.0,0.0,-1.0,0
33600.0,60.0,12.99,764.34,9.0,6.0,0.0,68000.0,1.0,4.0,26.05,12.0,0.0,27505.0,54.9,20.0,0.0,0.0,2.0,0.0,742.0,1.0,0.4941176470588235,0.6,235.0,0.0,0.0,-1.0,0
8150.0,36.0,14.16,279.19,11.0,0.0,1.0,24000.0,2.0,0.0,27.3,5.0,0.0,8978.0,82.4,20.0,1.0,0.0,0.0,0.0,697.0,1.0,0.3395833333333333,0.25,138.0,0.0,0.0,-1.0,0
8875.0,36.0,13.65,301.82,10.0,2.0,0.0,87500.0,0.0,4.0,9.11,10.0,0.0,3696.0,93.8,22.0,0.0,0.0,1.0,0.0,672.0,1.0,0.1014285714285714,0.4545454545454545,127.0,0.0,0.0,-1.0,0
18000.0,60.0,16.59,443.39,15.0,7.0,0.0,65000.0,1.0,0.0,14.31,7.0,0.0,10358.0,31.9,17.0,1.0,0.0,1.0,0.0,692.0,1.0,0.2769230769230769,0.4117647058823529,107.0,0.0,0.0,-1.0,0
8400.0,36.0,10.99,274.97,6.0,3.0,0.0,60000.0,0.0,0.0,8.75,11.0,0.0,11047.0,36.9,22.0,1.0,0.0,1.0,0.0,702.0,1.0,0.14,0.5,92.0,0.0,0.0,-1.0,1
26500.0,60.0,23.43,753.61,25.0,10.0,0.0,59000.0,2.0,0.0,18.41,11.0,0.0,71539.0,92.0,14.0,1.0,0.0,3.0,0.0,702.0,1.0,0.4491525423728814,0.7857142857142857,175.0,0.0,0.0,-1.0,0
18000.0,60.0,19.99,476.79,20.0,3.0,0.0,90000.0,1.0,0.0,20.13,11.0,0.0,8913.0,66.5,36.0,1.0,0.0,1.0,0.0,672.0,1.0,0.2,0.3055555555555556,128.0,0.0,0.0,-1.0,1
3975.0,36.0,16.59,140.91,15.0,2.0,1.0,40000.0,0.0,5.0,8.91,14.0,0.0,3621.0,24.3,26.0,0.0,0.0,0.0,0.0,677.0,1.0,0.099375,0.5384615384615384,123.0,0.0,0.0,-1.0,1
15000.0,60.0,14.47,352.69,11.0,10.0,1.0,74000.0,2.0,4.0,11.58,6.0,0.0,13750.0,76.4,19.0,0.0,0.0,3.0,0.0,672.0,1.0,0.2027027027027027,0.3157894736842105,179.0,0.0,0.0,-1.0,0
16000.0,36.0,14.47,550.51,11.0,0.0,1.0,70000.0,1.0,4.0,12.82,4.0,0.0,16474.0,91.5,8.0,1.0,0.0,0.0,0.0,672.0,1.0,0.2285714285714285,0.5,158.0,0.0,0.0,-1.0,0
8600.0,36.0,15.61,300.7,13.0,2.0,0.0,31000.0,0.0,0.0,23.0,12.0,0.0,11201.0,75.7,12.0,1.0,0.0,0.0,0.0,677.0,1.0,0.2774193548387096,1.0,79.0,0.0,0.0,-1.0,0
8000.0,36.0,14.98,277.25,12.0,5.0,0.0,29000.0,0.0,0.0,20.16,8.0,0.0,13666.0,69.7,19.0,1.0,0.0,0.0,0.0,682.0,1.0,0.2758620689655172,0.4210526315789473,274.0,0.0,0.0,-1.0,1
13500.0,60.0,17.57,339.67,16.0,7.0,0.0,64000.0,2.0,4.0,33.34,25.0,0.0,15245.0,46.2,64.0,1.0,0.0,1.0,0.0,707.0,1.0,0.2109375,0.390625,175.0,0.0,0.0,-1.0,0
20000.0,60.0,14.47,470.26,11.0,10.0,0.0,74000.0,1.0,0.0,16.67,12.0,0.0,12136.0,40.5,18.0,1.0,0.0,3.0,0.0,762.0,1.0,0.2702702702702703,0.6666666666666666,280.0,0.0,0.0,-1.0,0
6000.0,36.0,10.99,196.41,6.0,9.0,0.0,57000.0,2.0,4.0,24.77,16.0,0.0,8464.0,45.0,47.0,1.0,0.0,1.0,0.0,707.0,1.0,0.1052631578947368,0.3404255319148936,186.0,0.0,0.0,-1.0,0
4000.0,36.0,13.98,136.68,10.0,3.0,1.0,21500.0,0.0,4.0,18.76,13.0,0.0,4413.0,40.9,25.0,1.0,0.0,0.0,0.0,682.0,1.0,0.1860465116279069,0.52,65.0,0.0,0.0,-1.0,0
17125.0,60.0,16.99,425.51,15.0,1.0,0.0,52000.0,1.0,4.0,27.23,9.0,0.0,37342.0,83.4,21.0,1.0,0.0,2.0,0.0,737.0,1.0,0.3293269230769231,0.4285714285714285,190.0,0.0,0.0,-1.0,0
17500.0,36.0,10.99,572.85,6.0,6.0,0.0,48000.0,1.0,4.0,19.89,16.0,0.0,17017.0,30.4,22.0,0.0,0.0,2.0,0.0,717.0,1.0,0.3645833333333333,0.7272727272727273,95.0,0.0,0.0,-1.0,0
13000.0,36.0,13.53,441.35,9.0,9.0,0.0,36000.0,0.0,0.0,12.63,8.0,0.0,13363.0,70.3,13.0,1.0,0.0,2.0,0.0,682.0,1.0,0.3611111111111111,0.6153846153846154,92.0,0.0,0.0,-1.0,1
24000.0,60.0,11.99,533.75,7.0,7.0,1.0,193000.0,1.0,4.0,14.99,23.0,0.0,109695.0,87.2,40.0,1.0,0.0,3.0,0.0,717.0,1.0,0.1243523316062176,0.575,212.0,0.0,0.0,-1.0,0
21000.0,36.0,10.99,687.42,6.0,0.0,0.0,165000.0,1.0,2.0,15.65,15.0,0.0,17535.0,72.5,29.0,1.0,0.0,2.0,0.0,682.0,1.0,0.1272727272727272,0.5172413793103449,199.0,0.0,0.0,-1.0,0
16000.0,36.0,7.9,500.65,3.0,2.0,0.0,120000.0,1.0,0.0,10.4,9.0,0.0,7439.0,72.2,17.0,0.0,0.0,4.0,0.0,712.0,1.0,0.1333333333333333,0.5294117647058824,160.0,0.0,0.0,-1.0,0
7000.0,36.0,12.85,235.36,8.0,9.0,1.0,41000.0,2.0,4.0,7.79,10.0,1.0,6285.0,54.7,36.0,1.0,0.0,0.0,1.0,667.0,1.0,0.1707317073170731,0.2777777777777778,132.0,0.0075757575757575,0.0075757575757575,1.0,1
16000.0,36.0,7.9,500.65,3.0,10.0,1.0,79264.0,1.0,8.0,22.16,15.0,0.0,18119.0,26.6,31.0,0.0,0.0,0.0,0.0,732.0,1.0,0.2018570851836899,0.4838709677419355,192.0,0.0,0.0,-1.0,0
10000.0,36.0,9.67,321.13,5.0,5.0,0.0,65000.0,2.0,0.0,15.97,10.0,0.0,7539.0,59.8,16.0,1.0,0.0,6.0,0.0,667.0,1.0,0.1538461538461538,0.625,132.0,0.0,0.0,-1.0,0
32625.0,60.0,22.4,908.51,22.0,5.0,0.0,137000.0,1.0,0.0,14.01,15.0,0.0,23517.0,69.0,40.0,1.0,0.0,10.0,0.0,662.0,1.0,0.2381386861313868,0.375,212.0,0.0,0.0,-1.0,0
16000.0,36.0,9.67,513.8,5.0,1.0,0.0,85000.0,0.0,0.0,5.15,9.0,0.0,19226.0,65.2,15.0,1.0,0.0,1.0,0.0,667.0,1.0,0.188235294117647,0.6,114.0,0.0,0.0,-1.0,0
23900.0,36.0,18.25,867.05,17.0,10.0,1.0,108000.0,1.0,0.0,10.58,17.0,0.0,11261.0,85.3,31.0,1.0,0.0,0.0,0.0,662.0,1.0,0.2212962962962963,0.5483870967741935,188.0,0.0,0.0,-1.0,1
30000.0,60.0,14.16,700.54,11.0,2.0,0.0,350000.0,2.0,0.0,13.73,13.0,0.0,34095.0,57.4,30.0,1.0,0.0,1.0,0.0,732.0,1.0,0.0857142857142857,0.4333333333333333,190.0,0.0,0.0,-1.0,0
6000.0,36.0,12.49,200.7,8.0,9.0,0.0,38000.0,0.0,0.0,24.67,26.0,0.0,7016.0,37.1,63.0,1.0,0.0,1.0,0.0,692.0,1.0,0.1578947368421052,0.4126984126984127,197.0,0.0,0.0,-1.0,0
9600.0,36.0,13.53,325.92,9.0,3.0,0.0,65000.0,0.0,5.0,18.91,12.0,0.0,7687.0,64.1,35.0,1.0,0.0,0.0,0.0,687.0,1.0,0.1476923076923077,0.3428571428571428,127.0,0.0,0.0,-1.0,0
15000.0,36.0,8.9,476.3,4.0,7.0,1.0,112000.0,1.0,0.0,14.21,32.0,0.0,12294.0,63.1,54.0,1.0,0.0,4.0,0.0,682.0,1.0,0.1339285714285714,0.5925925925925926,254.0,0.0,0.0,-1.0,0
6000.0,36.0,7.9,187.75,3.0,2.0,1.0,30000.0,1.0,4.0,24.28,18.0,0.0,6939.0,26.7,28.0,1.0,0.0,0.0,0.0,722.0,1.0,0.2,0.6428571428571429,314.0,0.0,0.0,-1.0,0
17975.0,36.0,19.97,667.75,19.0,10.0,1.0,80000.0,2.0,0.0,6.35,8.0,0.0,10796.0,81.2,11.0,1.0,0.0,0.0,0.0,672.0,1.0,0.2246875,0.7272727272727273,119.0,0.0,0.0,-1.0,0
18000.0,36.0,17.57,646.87,16.0,10.0,0.0,151000.0,1.0,4.0,18.73,16.0,0.0,17114.0,100.7,39.0,1.0,0.0,6.0,0.0,672.0,1.0,0.119205298013245,0.4102564102564102,182.0,0.0,0.0,-1.0,0
25000.0,60.0,16.24,611.15,14.0,7.0,0.0,71000.0,1.0,0.0,23.39,12.0,0.0,16432.0,58.9,37.0,1.0,0.0,5.0,0.0,677.0,1.0,0.352112676056338,0.3243243243243243,165.0,0.0,0.0,-1.0,0
31200.0,60.0,14.98,741.92,12.0,10.0,0.0,103409.0,2.0,0.0,27.27,16.0,0.0,43171.0,52.8,44.0,1.0,0.0,7.0,0.0,707.0,1.0,0.301714550957847,0.3636363636363636,228.0,0.0,0.0,-1.0,0
10500.0,36.0,11.99,348.71,7.0,5.0,1.0,90000.0,2.0,4.0,16.71,22.0,0.0,10795.0,45.5,42.0,0.0,0.0,1.0,0.0,677.0,1.0,0.1166666666666666,0.5238095238095238,169.0,0.0,0.0,-1.0,0
12600.0,36.0,13.98,430.52,10.0,10.0,0.0,60000.0,2.0,0.0,19.84,10.0,0.0,8685.0,59.9,20.0,0.0,0.0,2.0,0.0,672.0,1.0,0.21,0.5,150.0,0.0,0.0,-1.0,0
16950.0,36.0,14.98,587.42,12.0,7.0,1.0,38596.0,0.0,4.0,20.12,11.0,0.0,19398.0,83.3,23.0,1.0,0.0,0.0,0.0,662.0,1.0,0.4391646802777489,0.4782608695652174,92.0,0.0,0.0,-1.0,0
7550.0,36.0,12.99,254.36,9.0,9.0,0.0,42000.0,1.0,0.0,19.17,9.0,0.0,1180.0,28.8,33.0,0.0,0.0,2.0,0.0,682.0,2.0,0.1797619047619047,0.2727272727272727,173.0,0.0,0.0,-1.0,0
25000.0,36.0,13.65,850.2,10.0,3.0,2.0,50000.0,1.0,2.0,4.32,7.0,0.0,4024.0,10.6,19.0,1.0,0.0,2.0,0.0,717.0,2.0,0.5,0.3684210526315789,359.0,0.0,0.0,-1.0,0
13000.0,36.0,9.67,417.47,5.0,1.0,1.0,44800.0,0.0,0.0,15.14,8.0,0.0,8062.0,54.5,14.0,0.0,0.0,0.0,0.0,707.0,2.0,0.2901785714285714,0.5714285714285714,167.0,0.0,0.0,-1.0,0
30000.0,36.0,10.99,982.02,6.0,10.0,0.0,205000.0,1.0,0.0,25.38,21.0,0.0,72250.0,73.2,61.0,1.0,0.0,4.0,0.0,682.0,2.0,0.1463414634146341,0.3442622950819672,454.0,0.0,0.0,-1.0,0
35000.0,36.0,19.47,1291.3,19.0,10.0,0.0,138059.0,1.0,0.0,16.14,12.0,0.0,26510.0,76.0,40.0,0.0,0.0,5.0,0.0,677.0,2.0,0.2535148016427759,0.3,226.0,0.0,0.0,-1.0,0
12000.0,60.0,16.59,295.6,15.0,0.0,1.0,39000.0,1.0,0.0,9.12,7.0,0.0,13979.0,69.2,9.0,1.0,0.0,0.0,0.0,672.0,2.0,0.3076923076923077,0.7777777777777778,218.0,0.0,0.0,-1.0,0
33000.0,60.0,13.65,761.88,10.0,5.0,2.0,72800.0,1.0,2.0,9.73,10.0,0.0,6291.0,7.7,24.0,1.0,0.0,1.0,0.0,782.0,2.0,0.4532967032967033,0.4166666666666667,494.0,0.0,0.0,-1.0,0
30000.0,36.0,15.61,1048.95,14.0,10.0,0.0,83000.0,2.0,0.0,15.76,15.0,0.0,21537.0,46.9,30.0,1.0,0.0,2.0,0.0,712.0,2.0,0.3614457831325301,0.5,148.0,0.0,0.0,-1.0,0
6000.0,36.0,18.25,217.67,17.0,1.0,1.0,45000.0,0.0,4.0,26.29,27.0,0.0,29641.0,57.3,52.0,0.0,0.0,0.0,0.0,687.0,2.0,0.1333333333333333,0.5192307692307693,169.0,0.0,0.0,-1.0,1
12000.0,60.0,15.31,287.44,13.0,1.0,0.0,89000.0,1.0,0.0,20.95,15.0,0.0,37043.0,49.1,53.0,1.0,0.0,15.0,0.0,702.0,2.0,0.1348314606741573,0.2830188679245283,342.0,0.0,0.0,-1.0,0
10925.0,60.0,17.57,274.88,16.0,3.0,1.0,60000.0,1.0,4.0,5.6,8.0,0.0,5269.0,78.6,8.0,1.0,0.0,0.0,0.0,687.0,2.0,0.1820833333333333,1.0,76.0,0.0,0.0,-1.0,0
5000.0,36.0,12.49,167.25,8.0,10.0,2.0,60000.0,1.0,4.0,18.28,10.0,2.0,2388.0,23.2,25.0,1.0,0.0,2.0,2.0,667.0,2.0,0.0833333333333333,0.4,216.0,0.0092592592592592,0.0092592592592592,1.0,0
15000.0,60.0,15.31,359.3,13.0,3.0,0.0,79981.0,1.0,0.0,19.86,18.0,1.0,15422.0,45.2,37.0,0.0,0.0,5.0,1.0,687.0,2.0,0.1875445418286843,0.4864864864864865,305.0,0.0032786885245901,0.0032786885245901,1.0,0
16000.0,36.0,7.9,500.65,3.0,1.0,0.0,150000.0,1.0,0.0,11.16,9.0,0.0,34123.0,74.7,23.0,0.0,0.0,2.0,0.0,707.0,2.0,0.1066666666666666,0.391304347826087,155.0,0.0,0.0,-1.0,0
14000.0,60.0,15.61,337.56,14.0,9.0,0.0,60000.0,1.0,0.0,11.62,9.0,0.0,16144.0,60.0,17.0,1.0,0.0,1.0,0.0,672.0,2.0,0.2333333333333333,0.5294117647058824,83.0,0.0,0.0,-1.0,0
16300.0,60.0,22.45,454.37,24.0,10.0,0.0,48000.0,1.0,0.0,26.68,7.0,0.0,6683.0,65.5,11.0,1.0,0.0,1.0,0.0,682.0,2.0,0.3395833333333333,0.6363636363636364,123.0,0.0,0.0,-1.0,0
5000.0,36.0,12.49,167.25,8.0,10.0,0.0,45000.0,1.0,2.0,9.36,4.0,0.0,3602.0,85.1,12.0,0.0,0.0,2.0,0.0,712.0,2.0,0.1111111111111111,0.3333333333333333,127.0,0.0,0.0,-1.0,0
8000.0,36.0,11.99,265.68,7.0,8.0,1.0,43680.0,2.0,0.0,26.9,8.0,0.0,1039.0,3.3,33.0,0.0,0.0,0.0,0.0,662.0,2.0,0.1831501831501831,0.2424242424242424,149.0,0.0,0.0,-1.0,0
14350.0,60.0,16.59,353.48,15.0,2.0,1.0,32000.0,1.0,4.0,11.52,20.0,0.0,11467.0,74.9,54.0,1.0,0.0,0.0,0.0,682.0,2.0,0.4484375,0.3703703703703703,118.0,0.0,0.0,-1.0,0
23000.0,60.0,15.31,550.92,13.0,7.0,0.0,58000.0,0.0,0.0,15.93,6.0,0.0,21892.0,95.2,13.0,1.0,0.0,1.0,0.0,717.0,2.0,0.396551724137931,0.4615384615384615,150.0,0.0,0.0,-1.0,0
18000.0,36.0,7.9,563.23,3.0,5.0,0.0,68000.0,2.0,2.0,20.54,17.0,0.0,8151.0,27.0,26.0,1.0,0.0,1.0,0.0,722.0,2.0,0.2647058823529412,0.6538461538461539,215.0,0.0,0.0,-1.0,0
12675.0,60.0,24.99,371.96,28.0,1.0,1.0,52000.0,2.0,0.0,2.15,6.0,1.0,2835.0,42.3,20.0,0.0,0.0,1.0,1.0,662.0,2.0,0.24375,0.3,135.0,0.0074074074074074,0.0074074074074074,1.0,0
5000.0,36.0,7.9,156.46,3.0,4.0,1.0,24000.0,2.0,4.0,4.4,6.0,0.0,3608.0,38.8,6.0,0.0,0.0,0.0,0.0,692.0,2.0,0.2083333333333333,1.0,43.0,0.0,0.0,-1.0,0
10000.0,36.0,11.99,332.1,7.0,3.0,1.0,59000.0,1.0,4.0,20.16,17.0,0.0,16092.0,90.4,35.0,0.0,0.0,0.0,0.0,662.0,2.0,0.1694915254237288,0.4857142857142857,243.0,0.0,0.0,-1.0,0
20000.0,36.0,7.9,625.81,3.0,10.0,0.0,86000.0,1.0,0.0,7.68,7.0,0.0,11239.0,44.1,30.0,0.0,0.0,2.0,0.0,702.0,2.0,0.2325581395348837,0.2333333333333333,171.0,0.0,0.0,-1.0,0
4700.0,60.0,15.61,113.33,14.0,5.0,0.0,109000.0,0.0,8.0,12.87,18.0,0.0,8842.0,14.6,48.0,1.0,0.0,2.0,0.0,727.0,2.0,0.0431192660550458,0.375,121.0,0.0,0.0,-1.0,0
12000.0,60.0,15.31,287.44,13.0,10.0,0.0,60000.0,1.0,0.0,23.1,12.0,0.0,12849.0,52.2,28.0,1.0,0.0,6.0,0.0,667.0,2.0,0.2,0.4285714285714285,228.0,0.0,0.0,-1.0,0
25000.0,60.0,16.59,615.82,15.0,5.0,1.0,62500.0,1.0,0.0,20.31,16.0,1.0,17119.0,55.4,37.0,1.0,0.0,1.0,1.0,677.0,2.0,0.4,0.4324324324324324,160.0,0.00625,0.00625,1.0,1
20000.0,60.0,15.31,479.06,13.0,0.0,0.0,145000.0,1.0,4.0,5.08,13.0,0.0,15938.0,43.7,29.0,1.0,0.0,7.0,0.0,707.0,2.0,0.1379310344827586,0.4482758620689655,181.0,0.0,0.0,-1.0,0
7000.0,36.0,21.99,267.3,23.0,10.0,1.0,31500.0,2.0,0.0,6.14,9.0,0.0,3440.0,37.0,10.0,1.0,0.0,0.0,0.0,667.0,2.0,0.2222222222222222,0.9,62.0,0.0,0.0,-1.0,0
25000.0,60.0,21.18,678.87,22.0,2.0,1.0,65000.0,1.0,0.0,12.85,9.0,0.0,31246.0,53.5,14.0,1.0,0.0,1.0,0.0,697.0,2.0,0.3846153846153846,0.6428571428571429,178.0,0.0,0.0,-1.0,1
3500.0,36.0,23.43,136.27,25.0,10.0,1.0,50000.0,1.0,5.0,25.06,8.0,0.0,19712.0,48.2,14.0,0.0,0.0,0.0,0.0,682.0,2.0,0.07,0.5714285714285714,174.0,0.0,0.0,-1.0,0
20000.0,60.0,17.57,503.21,16.0,5.0,0.0,61000.0,0.0,4.0,32.17,18.0,0.0,27059.0,41.3,42.0,0.0,0.0,3.0,0.0,707.0,2.0,0.3278688524590163,0.4285714285714285,162.0,0.0,0.0,-1.0,0
7225.0,36.0,20.49,270.32,21.0,1.0,1.0,45000.0,1.0,4.0,15.44,13.0,0.0,6368.0,50.1,20.0,0.0,0.0,0.0,0.0,667.0,2.0,0.1605555555555555,0.65,111.0,0.0,0.0,-1.0,0
35000.0,36.0,11.99,1162.34,7.0,4.0,2.0,95000.0,2.0,0.0,21.24,26.0,0.0,35108.0,70.6,62.0,1.0,0.0,0.0,0.0,737.0,2.0,0.3684210526315789,0.4193548387096774,250.0,0.0,0.0,-1.0,0
7475.0,36.0,15.61,261.37,14.0,10.0,2.0,39574.0,1.0,0.0,11.83,7.0,0.0,5505.0,83.4,24.0,1.0,0.0,0.0,0.0,677.0,2.0,0.1888866427452367,0.2916666666666667,279.0,0.0,0.0,-1.0,0
18000.0,36.0,7.62,560.91,2.0,10.0,0.0,95000.0,1.0,0.0,15.18,18.0,0.0,18948.0,23.3,42.0,0.0,0.0,5.0,0.0,752.0,2.0,0.1894736842105263,0.4285714285714285,230.0,0.0,0.0,-1.0,0
13000.0,60.0,14.64,306.82,12.0,3.0,1.0,40000.0,1.0,0.0,16.32,7.0,0.0,6840.0,64.5,17.0,1.0,0.0,1.0,0.0,702.0,2.0,0.325,0.4117647058823529,76.0,0.0,0.0,-1.0,0
16900.0,60.0,19.47,442.78,19.0,6.0,0.0,65280.0,2.0,0.0,21.21,13.0,0.0,1779.0,8.2,31.0,1.0,0.0,1.0,0.0,677.0,2.0,0.2588848039215686,0.4193548387096774,135.0,0.0,0.0,-1.0,1
12000.0,36.0,12.49,401.39,8.0,8.0,1.0,73000.0,0.0,0.0,19.56,4.0,0.0,5579.0,78.6,14.0,1.0,0.0,0.0,0.0,677.0,2.0,0.1643835616438356,0.2857142857142857,177.0,0.0,0.0,-1.0,0
5975.0,36.0,17.57,214.73,16.0,10.0,1.0,35000.0,1.0,0.0,26.51,7.0,0.0,4832.0,41.3,8.0,1.0,0.0,0.0,0.0,697.0,2.0,0.1707142857142857,0.875,61.0,0.0,0.0,-1.0,0
28000.0,60.0,15.31,670.69,13.0,10.0,0.0,85400.0,1.0,2.0,25.65,22.0,0.0,49947.0,54.6,38.0,1.0,0.0,3.0,0.0,707.0,2.0,0.3278688524590163,0.5789473684210527,474.0,0.0,0.0,-1.0,0
35000.0,36.0,15.31,1218.61,13.0,2.0,0.0,113590.0,2.0,2.0,19.29,12.0,1.0,5693.0,32.5,34.0,1.0,0.0,2.0,1.0,672.0,2.0,0.3081257152918391,0.3529411764705882,255.0,0.0039215686274509,0.0039215686274509,1.0,0
25000.0,60.0,13.65,577.18,10.0,4.0,0.0,55000.0,1.0,0.0,21.99,20.0,0.0,26233.0,27.0,45.0,1.0,0.0,2.0,0.0,697.0,2.0,0.4545454545454545,0.4444444444444444,324.0,0.0,0.0,-1.0,0
10000.0,60.0,15.31,239.53,13.0,1.0,2.0,36000.0,1.0,4.0,6.77,13.0,0.0,6097.0,64.2,24.0,0.0,0.0,0.0,0.0,667.0,2.0,0.2777777777777778,0.5416666666666666,77.0,0.0,0.0,-1.0,0
25000.0,60.0,13.65,577.18,10.0,7.0,0.0,102000.0,2.0,0.0,12.31,12.0,0.0,13569.0,35.6,22.0,0.0,0.0,2.0,0.0,712.0,2.0,0.2450980392156862,0.5454545454545454,298.0,0.0,0.0,-1.0,0
10000.0,36.0,8.9,317.54,4.0,8.0,0.0,69950.0,0.0,4.0,13.41,12.0,0.0,18160.0,40.3,25.0,0.0,0.0,4.0,0.0,682.0,2.0,0.1429592566118656,0.48,145.0,0.0,0.0,-1.0,0
10000.0,36.0,6.62,307.04,1.0,2.0,0.0,55000.0,1.0,0.0,16.61,12.0,0.0,1610.0,3.4,30.0,1.0,0.0,1.0,0.0,832.0,2.0,0.1818181818181818,0.4,258.0,0.0,0.0,-1.0,0
9000.0,36.0,9.67,289.02,5.0,10.0,2.0,36000.0,0.0,0.0,21.3,13.0,0.0,10072.0,35.0,24.0,1.0,0.0,1.0,0.0,727.0,2.0,0.25,0.5416666666666666,184.0,0.0,0.0,-1.0,0
12000.0,36.0,7.9,375.49,3.0,1.0,2.0,61000.0,0.0,4.0,9.75,5.0,0.0,7274.0,79.1,15.0,1.0,0.0,0.0,0.0,682.0,2.0,0.1967213114754098,0.3333333333333333,137.0,0.0,0.0,-1.0,0
22000.0,60.0,14.64,519.24,12.0,3.0,1.0,56500.0,1.0,0.0,17.67,8.0,0.0,20919.0,88.3,12.0,1.0,0.0,0.0,0.0,707.0,2.0,0.3893805309734513,0.6666666666666666,459.0,0.0,0.0,-1.0,0
17275.0,36.0,19.99,641.92,20.0,10.0,1.0,60000.0,1.0,4.0,33.3,20.0,0.0,30392.0,79.6,39.0,1.0,0.0,0.0,0.0,677.0,2.0,0.2879166666666666,0.5128205128205128,125.0,0.0,0.0,-1.0,1
14400.0,36.0,7.62,448.73,2.0,3.0,0.0,91000.0,2.0,0.0,20.03,8.0,0.0,31344.0,79.6,29.0,1.0,0.0,4.0,0.0,682.0,2.0,0.1582417582417582,0.2758620689655172,153.0,0.0,0.0,-1.0,0
7475.0,36.0,13.65,254.21,10.0,4.0,0.0,55273.0,0.0,0.0,19.11,9.0,1.0,5087.0,41.7,15.0,1.0,0.0,1.0,1.0,692.0,2.0,0.1352378195502324,0.6,153.0,0.0065359477124183,0.0065359477124183,1.0,1
20000.0,36.0,10.99,654.68,6.0,1.0,0.0,80000.0,2.0,2.0,16.8,20.0,0.0,4366.0,24.1,48.0,1.0,0.0,2.0,0.0,737.0,2.0,0.25,0.4166666666666667,113.0,0.0,0.0,-1.0,0
12000.0,36.0,10.99,392.81,6.0,3.0,2.0,45000.0,0.0,4.0,12.74,12.0,0.0,9145.0,57.5,20.0,0.0,0.0,0.0,0.0,697.0,2.0,0.2666666666666666,0.6,104.0,0.0,0.0,-1.0,0
13000.0,36.0,12.49,434.84,8.0,4.0,1.0,57000.0,1.0,0.0,9.47,6.0,0.0,6171.0,96.4,14.0,1.0,0.0,0.0,0.0,662.0,2.0,0.2280701754385964,0.4285714285714285,123.0,0.0,0.0,-1.0,0
10000.0,36.0,12.49,334.49,8.0,0.0,1.0,46000.0,0.0,0.0,16.25,9.0,0.0,7459.0,44.1,15.0,1.0,0.0,0.0,0.0,707.0,2.0,0.217391304347826,0.6,50.0,0.0,0.0,-1.0,0
16000.0,60.0,14.64,377.63,12.0,10.0,1.0,72800.0,1.0,0.0,16.72,30.0,1.0,14581.0,50.8,41.0,1.0,0.0,0.0,1.0,687.0,2.0,0.2197802197802197,0.7317073170731707,185.0,0.0054054054054054,0.0054054054054054,1.0,0
2800.0,36.0,15.31,97.49,13.0,0.0,0.0,35000.0,1.0,0.0,5.32,10.0,1.0,1421.0,27.9,38.0,0.0,0.0,1.0,1.0,677.0,2.0,0.08,0.2631578947368421,288.0,0.0034722222222222,0.0034722222222222,1.0,0
25000.0,36.0,13.65,850.2,10.0,10.0,1.0,72000.0,1.0,4.0,10.65,10.0,4.0,25398.0,76.7,16.0,1.0,0.0,4.0,0.0,672.0,2.0,0.3472222222222222,0.625,338.0,0.0118343195266272,0.0,0.0,0
5000.0,36.0,17.57,179.69,16.0,10.0,1.0,54000.0,0.0,5.0,18.87,8.0,1.0,4027.0,64.0,25.0,1.0,0.0,6.0,1.0,672.0,2.0,0.0925925925925925,0.32,217.0,0.0046082949308755,0.0046082949308755,1.0,0
6000.0,36.0,14.16,205.54,11.0,10.0,1.0,48000.0,0.0,0.0,10.3,8.0,1.0,5166.0,66.0,26.0,0.0,0.0,3.0,1.0,662.0,2.0,0.125,0.3076923076923077,182.0,0.0054945054945054,0.0054945054945054,1.0,0
18000.0,60.0,12.99,409.47,9.0,10.0,0.0,49000.0,1.0,0.0,23.0,7.0,0.0,6780.0,54.2,21.0,1.0,0.0,4.0,0.0,722.0,2.0,0.3673469387755102,0.3333333333333333,109.0,0.0,0.0,-1.0,0
10000.0,36.0,10.99,327.34,6.0,9.0,1.0,32000.0,0.0,4.0,26.03,11.0,0.0,9001.0,60.4,26.0,1.0,0.0,0.0,0.0,692.0,2.0,0.3125,0.4230769230769231,129.0,0.0,0.0,-1.0,0
35000.0,60.0,17.57,880.61,16.0,10.0,0.0,81400.0,2.0,4.0,16.05,8.0,0.0,38381.0,79.8,19.0,1.0,0.0,3.0,0.0,737.0,2.0,0.42997542997543,0.4210526315789473,318.0,0.0,0.0,-1.0,0
21000.0,60.0,14.16,490.38,11.0,8.0,0.0,100000.0,1.0,0.0,17.14,14.0,1.0,17166.0,71.5,37.0,1.0,0.0,5.0,0.0,722.0,2.0,0.21,0.3783783783783784,301.0,0.0033222591362126,0.0,0.0,0
3325.0,36.0,15.61,116.26,14.0,9.0,0.0,74000.0,1.0,0.0,18.42,11.0,1.0,1525.0,35.5,36.0,0.0,0.0,2.0,1.0,662.0,2.0,0.0449324324324324,0.3055555555555556,138.0,0.0072463768115942,0.0072463768115942,1.0,0
13200.0,36.0,8.9,419.15,4.0,2.0,1.0,100000.0,2.0,0.0,26.34,11.0,0.0,9714.0,57.8,28.0,1.0,0.0,0.0,0.0,687.0,2.0,0.132,0.3928571428571428,137.0,0.0,0.0,-1.0,0
30000.0,36.0,7.9,938.71,3.0,8.0,2.0,85000.0,2.0,0.0,12.35,14.0,0.0,21214.0,37.2,27.0,1.0,0.0,0.0,0.0,722.0,3.0,0.3529411764705882,0.5185185185185185,157.0,0.0,0.0,-1.0,0
22400.0,36.0,10.99,733.25,6.0,7.0,1.0,95000.0,0.0,4.0,18.51,10.0,0.0,45061.0,88.7,30.0,0.0,0.0,0.0,0.0,677.0,3.0,0.2357894736842105,0.3333333333333333,159.0,0.0,0.0,-1.0,0
20000.0,36.0,11.99,664.2,7.0,10.0,0.0,110000.0,0.0,0.0,7.49,8.0,0.0,6213.0,35.1,27.0,0.0,0.0,3.0,0.0,687.0,3.0,0.1818181818181818,0.2962962962962963,221.0,0.0,0.0,-1.0,0
10000.0,36.0,12.49,334.49,8.0,7.0,1.0,60500.0,1.0,0.0,16.82,6.0,1.0,2518.0,27.4,12.0,0.0,0.0,0.0,1.0,707.0,3.0,0.1652892561983471,0.5,318.0,0.0031446540880503,0.0031446540880503,1.0,0
18000.0,36.0,14.16,616.6,11.0,8.0,0.0,94700.0,1.0,0.0,10.02,19.0,1.0,12076.0,47.7,31.0,0.0,0.0,1.0,1.0,672.0,3.0,0.1900739176346357,0.6129032258064516,175.0,0.0057142857142857,0.0057142857142857,1.0,0
8500.0,36.0,9.67,272.96,5.0,10.0,0.0,87818.0,0.0,0.0,11.31,8.0,0.0,6913.0,13.2,18.0,1.0,0.0,6.0,0.0,752.0,3.0,0.0967910906647839,0.4444444444444444,181.0,0.0,0.0,-1.0,0
17000.0,36.0,11.99,564.57,7.0,1.0,0.0,130000.0,2.0,2.0,8.55,14.0,0.0,5482.0,14.9,33.0,0.0,0.0,1.0,0.0,717.0,3.0,0.1307692307692307,0.4242424242424242,108.0,0.0,0.0,-1.0,0
35000.0,36.0,16.59,1240.72,15.0,6.0,0.0,185000.0,2.0,5.0,7.27,16.0,1.0,19303.0,34.3,35.0,0.0,0.0,1.0,0.0,672.0,3.0,0.1891891891891892,0.4571428571428571,233.0,0.0042918454935622,0.0,0.0,0
10000.0,36.0,6.03,304.36,0.0,1.0,1.0,47300.0,1.0,4.0,19.54,24.0,0.0,12042.0,56.3,50.0,1.0,0.0,0.0,0.0,717.0,3.0,0.2114164904862579,0.48,106.0,0.0,0.0,-1.0,0
11000.0,36.0,11.99,365.31,7.0,4.0,0.0,90000.0,2.0,0.0,6.19,9.0,0.0,13171.0,30.6,17.0,1.0,0.0,1.0,0.0,687.0,3.0,0.1222222222222222,0.5294117647058824,170.0,0.0,0.0,-1.0,0
6700.0,36.0,10.99,219.32,6.0,8.0,1.0,15000.0,1.0,4.0,27.84,10.0,1.0,9541.0,41.5,16.0,0.0,0.0,0.0,1.0,697.0,3.0,0.4466666666666666,0.625,89.0,0.0112359550561797,0.0112359550561797,1.0,0
5075.0,36.0,19.47,187.24,19.0,7.0,0.0,40000.0,1.0,4.0,34.38,11.0,2.0,4303.0,31.6,23.0,1.0,0.0,0.0,2.0,667.0,3.0,0.126875,0.4782608695652174,185.0,0.0108108108108108,0.0108108108108108,1.0,0
20000.0,60.0,15.61,482.23,14.0,10.0,0.0,56000.0,0.0,4.0,34.32,32.0,1.0,8717.0,48.4,63.0,0.0,0.0,3.0,1.0,677.0,3.0,0.3571428571428571,0.5079365079365079,213.0,0.0046948356807511,0.0046948356807511,1.0,1
7700.0,36.0,22.45,295.87,24.0,1.0,0.0,56400.0,1.0,8.0,8.36,12.0,0.0,5827.0,43.5,18.0,0.0,0.0,2.0,0.0,677.0,3.0,0.1365248226950354,0.6666666666666666,104.0,0.0,0.0,-1.0,1
5000.0,36.0,9.67,160.57,5.0,4.0,0.0,70000.0,0.0,0.0,20.02,24.0,0.0,41049.0,31.1,42.0,1.0,0.0,4.0,0.0,702.0,3.0,0.0714285714285714,0.5714285714285714,336.0,0.0,0.0,-1.0,0
7200.0,36.0,14.64,248.33,12.0,6.0,2.0,70000.0,2.0,4.0,6.58,13.0,0.0,10776.0,51.8,17.0,0.0,0.0,0.0,0.0,662.0,3.0,0.1028571428571428,0.7647058823529411,73.0,0.0,0.0,-1.0,0
33000.0,36.0,9.67,1059.72,5.0,8.0,0.0,150000.0,1.0,4.0,15.12,12.0,0.0,67158.0,79.9,27.0,0.0,0.0,2.0,0.0,707.0,3.0,0.22,0.4444444444444444,133.0,0.0,0.0,-1.0,0
24000.0,36.0,6.62,736.89,1.0,10.0,0.0,75000.0,1.0,4.0,27.47,11.0,0.0,32044.0,54.4,51.0,1.0,0.0,2.0,0.0,727.0,3.0,0.32,0.2156862745098039,400.0,0.0,0.0,-1.0,0
21100.0,36.0,8.9,670.0,4.0,10.0,0.0,55000.0,0.0,4.0,11.26,9.0,0.0,19158.0,38.5,17.0,0.0,0.0,1.0,0.0,687.0,3.0,0.3836363636363636,0.5294117647058824,156.0,0.0,0.0,-1.0,0
5500.0,36.0,15.61,192.31,14.0,10.0,1.0,36000.0,1.0,5.0,15.97,8.0,0.0,8085.0,83.4,9.0,0.0,0.0,0.0,0.0,672.0,3.0,0.1527777777777778,0.8888888888888888,227.0,0.0,0.0,-1.0,0
11600.0,60.0,22.45,323.36,24.0,3.0,2.0,29000.0,1.0,0.0,32.97,5.0,0.0,16477.0,95.8,9.0,1.0,0.0,0.0,0.0,702.0,3.0,0.4,0.5555555555555556,209.0,0.0,0.0,-1.0,1
15000.0,36.0,9.67,481.69,5.0,10.0,0.0,75000.0,0.0,0.0,19.5,18.0,0.0,14932.0,25.1,42.0,0.0,0.0,1.0,0.0,717.0,3.0,0.2,0.4285714285714285,195.0,0.0,0.0,-1.0,0
8000.0,36.0,11.99,265.68,7.0,10.0,0.0,52000.0,1.0,0.0,16.89,13.0,1.0,35723.0,69.0,24.0,1.0,0.0,3.0,1.0,712.0,3.0,0.1538461538461538,0.5416666666666666,225.0,0.0044444444444444,0.0044444444444444,1.0,0
12000.0,60.0,15.61,289.34,14.0,7.0,1.0,70000.0,1.0,0.0,10.65,11.0,0.0,7706.0,58.8,32.0,0.0,0.0,0.0,0.0,692.0,3.0,0.1714285714285714,0.34375,129.0,0.0,0.0,-1.0,1
26650.0,60.0,18.92,690.15,18.0,6.0,0.0,90000.0,0.0,5.0,26.73,21.0,0.0,23055.0,52.3,33.0,0.0,0.0,1.0,0.0,707.0,3.0,0.2961111111111111,0.6363636363636364,273.0,0.0,0.0,-1.0,1
30000.0,36.0,12.49,1003.47,8.0,10.0,0.0,175000.0,1.0,2.0,11.36,17.0,1.0,19851.0,46.1,21.0,1.0,0.0,2.0,1.0,732.0,3.0,0.1714285714285714,0.8095238095238095,228.0,0.0043859649122807,0.0043859649122807,1.0,0
14400.0,36.0,9.67,462.42,5.0,2.0,2.0,42000.0,1.0,4.0,12.06,15.0,0.0,13503.0,47.0,29.0,0.0,0.0,0.0,0.0,697.0,3.0,0.3428571428571428,0.5172413793103449,150.0,0.0,0.0,-1.0,0
13000.0,60.0,12.49,292.41,8.0,3.0,0.0,30000.0,0.0,0.0,12.64,18.0,0.0,14146.0,20.7,29.0,0.0,0.0,4.0,0.0,782.0,3.0,0.4333333333333333,0.6206896551724138,158.0,0.0,0.0,-1.0,1
14000.0,36.0,12.99,471.65,9.0,10.0,0.0,160000.0,0.0,2.0,14.18,14.0,0.0,8413.0,38.6,36.0,0.0,0.0,3.0,0.0,667.0,3.0,0.0875,0.3888888888888889,200.0,0.0,0.0,-1.0,0
14650.0,36.0,13.65,498.22,10.0,3.0,1.0,32590.0,2.0,4.0,33.19,18.0,0.0,20233.0,31.9,22.0,0.0,0.0,0.0,0.0,702.0,3.0,0.4495243939858852,0.8181818181818182,139.0,0.0,0.0,-1.0,0
4375.0,36.0,19.99,162.57,20.0,2.0,1.0,21600.0,0.0,0.0,22.33,17.0,0.0,2494.0,95.9,22.0,1.0,0.0,0.0,0.0,672.0,3.0,0.2025462962962963,0.7727272727272727,129.0,0.0,0.0,-1.0,1
12000.0,60.0,15.61,289.34,14.0,8.0,0.0,35984.0,1.0,0.0,22.62,11.0,1.0,8820.0,60.4,30.0,0.0,0.0,2.0,1.0,682.0,3.0,0.3334815473543797,0.3666666666666666,201.0,0.0049751243781094,0.0049751243781094,1.0,1
8000.0,36.0,13.65,272.07,10.0,5.0,0.0,90787.0,1.0,0.0,22.72,12.0,0.0,14396.0,77.0,55.0,0.0,0.0,2.0,0.0,672.0,3.0,0.0881183429345611,0.2181818181818181,183.0,0.0,0.0,-1.0,0
20200.0,60.0,18.25,515.7,17.0,0.0,1.0,45000.0,1.0,0.0,21.79,6.0,0.0,3321.0,70.7,13.0,0.0,0.0,0.0,0.0,692.0,3.0,0.4488888888888889,0.4615384615384615,221.0,0.0,0.0,-1.0,0
9000.0,36.0,12.99,303.21,9.0,2.0,0.0,24960.0,1.0,4.0,24.09,13.0,0.0,9312.0,28.7,15.0,1.0,0.0,1.0,0.0,672.0,3.0,0.3605769230769231,0.8666666666666667,271.0,0.0,0.0,-1.0,0
4800.0,36.0,15.31,167.13,13.0,9.0,1.0,52000.0,0.0,5.0,29.91,15.0,1.0,4177.0,58.8,19.0,0.0,0.0,0.0,0.0,707.0,3.0,0.0923076923076923,0.7894736842105263,175.0,0.0057142857142857,0.0,0.0,0
19975.0,60.0,20.49,534.68,21.0,10.0,2.0,50000.0,1.0,5.0,19.2,10.0,0.0,34531.0,77.4,22.0,1.0,0.0,2.0,0.0,667.0,3.0,0.3995,0.4545454545454545,233.0,0.0,0.0,-1.0,1
5000.0,36.0,14.16,171.28,11.0,4.0,0.0,85000.0,1.0,0.0,2.51,3.0,0.0,6902.0,98.6,15.0,0.0,0.0,1.0,0.0,697.0,3.0,0.0588235294117647,0.2,88.0,0.0,0.0,-1.0,0
14400.0,60.0,18.92,372.92,18.0,3.0,2.0,32000.0,1.0,0.0,19.73,13.0,0.0,21816.0,44.3,23.0,1.0,0.0,0.0,0.0,687.0,3.0,0.45,0.5652173913043478,214.0,0.0,0.0,-1.0,1
17625.0,36.0,13.65,599.39,10.0,6.0,0.0,42000.0,1.0,0.0,12.49,6.0,2.0,1479.0,8.8,30.0,1.0,0.0,1.0,1.0,672.0,3.0,0.4196428571428571,0.2,203.0,0.0098522167487684,0.0049261083743842,0.5,0
11500.0,60.0,14.16,268.54,11.0,8.0,0.0,49500.0,0.0,0.0,27.95,13.0,0.0,11911.0,63.4,20.0,1.0,0.0,3.0,0.0,732.0,3.0,0.2323232323232323,0.65,184.0,0.0,0.0,-1.0,1
21000.0,60.0,18.25,536.13,17.0,5.0,1.0,99000.0,1.0,0.0,15.84,10.0,0.0,28947.0,86.4,14.0,1.0,0.0,0.0,0.0,692.0,3.0,0.2121212121212121,0.7142857142857143,172.0,0.0,0.0,-1.0,0
12000.0,36.0,12.49,401.39,8.0,10.0,0.0,72000.0,1.0,4.0,16.19,14.0,1.0,15078.0,64.4,48.0,1.0,0.0,5.0,0.0,692.0,3.0,0.1666666666666666,0.2916666666666667,241.0,0.0041493775933609,0.0,0.0,0
15000.0,60.0,13.65,346.31,10.0,8.0,0.0,70000.0,0.0,0.0,16.32,10.0,0.0,19277.0,83.5,18.0,1.0,0.0,2.0,0.0,707.0,3.0,0.2142857142857142,0.5555555555555556,227.0,0.0,0.0,-1.0,0
4800.0,36.0,7.9,150.2,3.0,4.0,1.0,100000.0,0.0,3.0,18.13,10.0,0.0,5246.0,23.3,29.0,0.0,0.0,1.0,0.0,742.0,3.0,0.048,0.3448275862068966,154.0,0.0,0.0,-1.0,0
20000.0,36.0,10.99,654.68,6.0,10.0,2.0,60000.0,1.0,0.0,20.4,15.0,0.0,5946.0,36.0,36.0,0.0,0.0,0.0,0.0,737.0,3.0,0.3333333333333333,0.4166666666666667,204.0,0.0,0.0,-1.0,0
28800.0,36.0,7.9,901.16,3.0,10.0,0.0,99000.0,0.0,0.0,11.75,34.0,0.0,17405.0,12.0,54.0,1.0,0.0,6.0,0.0,797.0,3.0,0.2909090909090909,0.6296296296296297,312.0,0.0,0.0,-1.0,0
7200.0,36.0,6.03,219.14,0.0,3.0,1.0,74000.0,0.0,4.0,14.71,20.0,0.0,17787.0,25.6,34.0,1.0,0.0,0.0,0.0,747.0,3.0,0.0972972972972973,0.5882352941176471,93.0,0.0,0.0,-1.0,0
6000.0,36.0,9.67,192.68,5.0,6.0,0.0,31144.0,1.0,0.0,27.4,15.0,1.0,2511.0,19.6,29.0,0.0,0.0,2.0,0.0,672.0,3.0,0.1926534806062163,0.5172413793103449,220.0,0.0045454545454545,0.0,0.0,0
10475.0,60.0,17.57,263.56,16.0,10.0,1.0,25000.0,1.0,0.0,20.6,11.0,0.0,5325.0,22.2,15.0,1.0,0.0,0.0,0.0,742.0,3.0,0.419,0.7333333333333333,173.0,0.0,0.0,-1.0,1
8000.0,36.0,10.99,261.88,6.0,6.0,1.0,90000.0,0.0,0.0,18.47,12.0,0.0,19864.0,64.5,15.0,1.0,0.0,0.0,0.0,717.0,3.0,0.0888888888888888,0.8,224.0,0.0,0.0,-1.0,0
20000.0,36.0,14.64,689.79,12.0,10.0,0.0,99000.0,0.0,0.0,5.14,13.0,0.0,3250.0,16.8,30.0,0.0,0.0,2.0,0.0,672.0,3.0,0.202020202020202,0.4333333333333333,145.0,0.0,0.0,-1.0,0
15600.0,36.0,9.67,500.96,5.0,4.0,0.0,132000.0,1.0,4.0,12.19,9.0,0.0,43093.0,34.9,21.0,1.0,0.0,3.0,0.0,672.0,3.0,0.1181818181818181,0.4285714285714285,293.0,0.0,0.0,-1.0,0
20000.0,36.0,8.9,635.07,4.0,6.0,0.0,65000.0,2.0,4.0,7.81,12.0,0.0,21166.0,55.7,24.0,0.0,0.0,1.0,0.0,667.0,3.0,0.3076923076923077,0.5,103.0,0.0,0.0,-1.0,0
11000.0,36.0,12.49,367.94,8.0,10.0,0.0,47379.0,2.0,4.0,20.11,10.0,0.0,21310.0,92.3,25.0,1.0,0.0,3.0,0.0,687.0,3.0,0.2321703708394014,0.4,214.0,0.0,0.0,-1.0,0
14000.0,60.0,15.31,335.35,13.0,10.0,2.0,90000.0,1.0,4.0,11.93,12.0,0.0,36286.0,73.8,30.0,1.0,0.0,0.0,0.0,697.0,3.0,0.1555555555555555,0.4,203.0,0.0,0.0,-1.0,0
14900.0,60.0,15.61,359.26,14.0,3.0,0.0,44000.0,0.0,0.0,28.97,8.0,0.0,4841.0,88.0,21.0,1.0,0.0,2.0,0.0,707.0,3.0,0.3386363636363636,0.3809523809523809,171.0,0.0,0.0,-1.0,0
20000.0,60.0,17.57,503.21,16.0,6.0,1.0,55000.0,1.0,4.0,15.45,10.0,0.0,15227.0,73.9,17.0,1.0,0.0,0.0,0.0,667.0,3.0,0.3636363636363636,0.5882352941176471,136.0,0.0,0.0,-1.0,1
10000.0,60.0,15.31,239.53,13.0,3.0,0.0,34000.0,1.0,4.0,20.9,12.0,1.0,9198.0,71.3,31.0,1.0,0.0,2.0,1.0,667.0,3.0,0.2941176470588235,0.3870967741935484,186.0,0.0053763440860215,0.0053763440860215,1.0,1
15000.0,36.0,12.99,505.34,9.0,10.0,0.0,80000.0,1.0,0.0,2.85,8.0,0.0,7774.0,36.7,33.0,1.0,0.0,4.0,0.0,702.0,3.0,0.1875,0.2424242424242424,135.0,0.0,0.0,-1.0,0
10000.0,36.0,11.99,332.1,7.0,10.0,2.0,88000.0,0.0,5.0,3.1,6.0,0.0,9829.0,46.8,17.0,0.0,0.0,6.0,0.0,762.0,3.0,0.1136363636363636,0.3529411764705882,183.0,0.0,0.0,-1.0,0
8400.0,36.0,10.99,274.97,6.0,10.0,1.0,78000.0,1.0,0.0,7.45,6.0,1.0,3308.0,29.5,19.0,1.0,0.0,2.0,1.0,677.0,3.0,0.1076923076923077,0.3157894736842105,193.0,0.005181347150259,0.005181347150259,1.0,0
20000.0,36.0,7.12,618.64,2.0,8.0,1.0,175000.0,2.0,4.0,6.55,9.0,2.0,20150.0,56.9,13.0,1.0,0.0,0.0,0.0,677.0,4.0,0.1142857142857142,0.6923076923076923,372.0,0.0053763440860215,0.0,0.0,0
9350.0,36.0,12.49,312.75,9.0,10.0,0.0,55000.0,1.0,0.0,24.29,11.0,0.0,11498.0,59.3,17.0,0.0,0.0,1.0,0.0,707.0,4.0,0.17,0.6470588235294118,142.0,0.0,0.0,-1.0,0
26000.0,60.0,14.99,618.41,14.0,4.0,0.0,70000.0,0.0,0.0,23.68,18.0,0.0,27211.0,78.9,27.0,0.0,0.0,1.0,0.0,667.0,4.0,0.3714285714285714,0.6666666666666666,148.0,0.0,0.0,-1.0,0
22000.0,36.0,10.15,711.43,6.0,10.0,0.0,97000.0,2.0,4.0,23.48,12.0,0.0,43495.0,79.8,34.0,0.0,0.0,7.0,0.0,697.0,4.0,0.2268041237113402,0.3529411764705882,211.0,0.0,0.0,-1.0,0
5100.0,36.0,12.49,170.59,9.0,4.0,1.0,61000.0,0.0,0.0,5.61,12.0,0.0,2212.0,20.7,30.0,1.0,0.0,0.0,0.0,677.0,4.0,0.0836065573770491,0.4,178.0,0.0,0.0,-1.0,0
33425.0,36.0,11.67,1104.93,8.0,10.0,0.0,125000.0,2.0,0.0,23.8,15.0,0.0,33917.0,58.2,45.0,1.0,0.0,4.0,0.0,712.0,4.0,0.2674,0.3333333333333333,295.0,0.0,0.0,-1.0,0
2000.0,36.0,15.61,69.93,15.0,1.0,1.0,67500.0,2.0,3.0,8.18,4.0,0.0,3804.0,84.5,16.0,0.0,0.0,1.0,0.0,682.0,4.0,0.0296296296296296,0.25,342.0,0.0,0.0,-1.0,0
31025.0,36.0,12.99,1045.21,10.0,9.0,1.0,99500.0,2.0,0.0,11.99,13.0,0.0,13517.0,37.9,25.0,1.0,0.0,0.0,0.0,702.0,4.0,0.3118090452261307,0.52,199.0,0.0,0.0,-1.0,0
28000.0,36.0,7.69,873.42,3.0,5.0,0.0,77700.0,0.0,4.0,23.44,11.0,0.0,28050.0,56.0,23.0,0.0,0.0,4.0,0.0,747.0,4.0,0.3603603603603603,0.4782608695652174,178.0,0.0,0.0,-1.0,0
8400.0,36.0,6.03,255.66,0.0,0.0,1.0,46000.0,0.0,0.0,12.39,13.0,0.0,4290.0,42.9,18.0,1.0,0.0,0.0,0.0,722.0,4.0,0.1826086956521739,0.7222222222222222,70.0,0.0,0.0,-1.0,0
4000.0,36.0,12.99,134.76,10.0,10.0,1.0,50000.0,0.0,4.0,15.0,7.0,0.0,8157.0,59.5,9.0,0.0,0.0,0.0,0.0,667.0,4.0,0.08,0.7777777777777778,128.0,0.0,0.0,-1.0,0
10650.0,60.0,16.99,264.63,17.0,10.0,0.0,95000.0,0.0,0.0,27.56,22.0,0.0,186769.0,71.0,40.0,0.0,0.0,4.0,0.0,712.0,4.0,0.1121052631578947,0.55,267.0,0.0,0.0,-1.0,0
16800.0,60.0,16.29,411.14,16.0,2.0,0.0,50000.0,1.0,0.0,21.15,7.0,0.0,11665.0,63.7,20.0,1.0,0.0,2.0,0.0,682.0,4.0,0.336,0.35,145.0,0.0,0.0,-1.0,0
10000.0,36.0,14.99,346.61,14.0,6.0,1.0,75000.0,1.0,2.0,25.17,10.0,0.0,20845.0,86.1,12.0,1.0,0.0,0.0,0.0,682.0,4.0,0.1333333333333333,0.8333333333333334,76.0,0.0,0.0,-1.0,0
5500.0,36.0,7.69,171.57,3.0,7.0,0.0,55000.0,1.0,0.0,17.72,18.0,1.0,9646.0,14.8,32.0,0.0,0.0,3.0,0.0,747.0,4.0,0.1,0.5625,128.0,0.0078125,0.0,0.0,0
20000.0,60.0,16.29,489.45,16.0,10.0,0.0,77500.0,1.0,4.0,15.16,11.0,0.0,11525.0,64.1,31.0,1.0,0.0,4.0,0.0,667.0,4.0,0.2580645161290322,0.3548387096774194,144.0,0.0,0.0,-1.0,0
14575.0,36.0,12.99,491.02,10.0,4.0,1.0,50000.0,2.0,0.0,10.35,16.0,0.0,14590.0,51.6,22.0,1.0,0.0,0.0,0.0,667.0,4.0,0.2915,0.7272727272727273,88.0,0.0,0.0,-1.0,0
10375.0,36.0,10.99,339.62,7.0,10.0,0.0,38000.0,1.0,4.0,20.69,17.0,0.0,11044.0,39.7,44.0,1.0,0.0,2.0,0.0,687.0,4.0,0.2730263157894737,0.3863636363636363,139.0,0.0,0.0,-1.0,0
20000.0,60.0,19.52,524.56,21.0,3.0,0.0,78300.0,1.0,0.0,27.82,12.0,0.0,5726.0,76.3,27.0,0.0,0.0,2.0,0.0,677.0,4.0,0.2554278416347382,0.4444444444444444,216.0,0.0,0.0,-1.0,0
3175.0,36.0,13.98,108.49,12.0,9.0,0.0,52000.0,1.0,5.0,1.98,3.0,1.0,4664.0,32.6,3.0,1.0,0.0,1.0,1.0,672.0,4.0,0.0610576923076923,1.0,134.0,0.0074626865671641,0.0074626865671641,1.0,0
14000.0,36.0,9.17,446.31,5.0,3.0,0.0,250000.0,1.0,0.0,6.88,17.0,0.0,30339.0,37.6,26.0,1.0,0.0,3.0,0.0,702.0,4.0,0.056,0.6538461538461539,212.0,0.0,0.0,-1.0,0
10500.0,60.0,11.67,231.82,8.0,5.0,0.0,118000.0,2.0,0.0,0.3,14.0,1.0,525.0,2.5,43.0,0.0,0.0,1.0,0.0,687.0,4.0,0.0889830508474576,0.3255813953488372,269.0,0.0037174721189591,0.0,0.0,0
26000.0,60.0,17.57,654.17,18.0,0.0,0.0,110000.0,1.0,0.0,10.86,8.0,0.0,21148.0,73.7,16.0,1.0,0.0,1.0,0.0,677.0,4.0,0.2363636363636363,0.5,139.0,0.0,0.0,-1.0,0
6000.0,36.0,7.69,187.17,3.0,3.0,1.0,60000.0,0.0,5.0,9.4,9.0,0.0,4092.0,30.8,12.0,0.0,0.0,0.0,0.0,757.0,4.0,0.1,0.75,80.0,0.0,0.0,-1.0,0
6000.0,36.0,8.39,189.1,4.0,10.0,1.0,83636.8,0.0,2.0,16.0,7.0,0.0,7201.0,35.3,32.0,0.0,0.0,3.0,0.0,667.0,4.0,0.0717387561456201,0.21875,215.0,0.0,0.0,-1.0,0
12300.0,36.0,12.99,414.38,10.0,10.0,1.0,65000.0,0.0,4.0,15.9,4.0,1.0,2164.0,46.0,16.0,1.0,0.0,1.0,1.0,662.0,4.0,0.1892307692307692,0.25,428.0,0.0023364485981308,0.0023364485981308,1.0,0
2800.0,36.0,16.29,98.85,16.0,10.0,1.0,36000.0,0.0,0.0,15.2,6.0,0.0,3742.0,74.8,9.0,1.0,0.0,1.0,0.0,667.0,4.0,0.0777777777777777,0.6666666666666666,151.0,0.0,0.0,-1.0,0
10000.0,36.0,11.67,330.57,8.0,3.0,1.0,60000.0,0.0,9.0,13.34,13.0,0.0,8594.0,45.7,21.0,0.0,0.0,2.0,0.0,682.0,4.0,0.1666666666666666,0.6190476190476191,148.0,0.0,0.0,-1.0,1
13416.8349609375,36.0,16.29,473.62046875,16.0,2.0,0.0,348188.96875,1.0,1.0,160.63653076171875,17.0,0.0,665278.75,70.47960739135742,27.0,1.0,0.0,7.0,0.0,672.0,4.0,0.03853319585323334,0.6296296075538352,125.0,0.0,0.0,-1.0,0
8950.0,36.0,18.24,324.65,19.0,1.0,1.0,30000.0,2.0,0.0,27.93,17.0,0.0,8641.0,28.0,28.0,1.0,0.0,0.0,0.0,677.0,4.0,0.2983333333333333,0.6071428571428571,88.0,0.0,0.0,-1.0,0
20000.0,36.0,13.98,683.36,12.0,4.0,2.0,88000.0,1.0,0.0,18.46,16.0,0.0,22330.0,78.6,29.0,0.0,0.0,1.0,0.0,672.0,4.0,0.2272727272727272,0.5517241379310345,228.0,0.0,0.0,-1.0,0
8000.0,36.0,12.49,267.6,9.0,1.0,1.0,138000.0,2.0,0.0,2.95,7.0,1.0,2271.0,55.4,12.0,0.0,0.0,0.0,0.0,682.0,4.0,0.0579710144927536,0.5833333333333334,179.0,0.0055865921787709,0.0,0.0,0
14300.0,36.0,7.69,446.07,3.0,8.0,1.0,94000.0,0.0,0.0,4.6,9.0,0.0,1132.0,7.3,27.0,1.0,0.0,2.0,0.0,707.0,4.0,0.152127659574468,0.3333333333333333,214.0,0.0,0.0,-1.0,0
6950.0,36.0,19.52,256.6,21.0,8.0,1.0,85000.0,1.0,6.0,22.41,9.0,3.0,4050.0,59.6,23.0,1.0,0.0,0.0,1.0,667.0,4.0,0.0817647058823529,0.391304347826087,160.0,0.01875,0.00625,0.3333333333333333,0
16500.0,60.0,22.15,457.13,24.0,10.0,1.0,75000.0,1.0,0.0,6.55,15.0,0.0,9981.0,45.6,28.0,0.0,0.0,0.0,0.0,677.0,4.0,0.22,0.5357142857142857,103.0,0.0,0.0,-1.0,0
22000.0,36.0,19.52,812.23,21.0,10.0,0.0,76500.0,1.0,4.0,23.12,8.0,0.0,11996.0,74.0,23.0,0.0,0.0,2.0,0.0,677.0,4.0,0.2875816993464052,0.3478260869565217,177.0,0.0,0.0,-1.0,0
14825.0,36.0,14.99,513.85,14.0,7.0,1.0,60000.0,0.0,0.0,13.88,11.0,0.0,9210.0,35.3,14.0,1.0,0.0,0.0,0.0,682.0,4.0,0.2470833333333333,0.7857142857142857,65.0,0.0,0.0,-1.0,0
31500.0,36.0,7.69,982.6,3.0,7.0,0.0,150000.0,1.0,0.0,11.88,28.0,0.0,32139.0,42.0,58.0,0.0,0.0,3.0,0.0,742.0,4.0,0.21,0.4827586206896552,343.0,0.0,0.0,-1.0,0
5300.0,36.0,12.49,177.28,9.0,10.0,1.0,30000.0,1.0,0.0,17.1,10.0,1.0,3727.0,12.9,36.0,1.0,0.0,0.0,1.0,667.0,4.0,0.1766666666666666,0.2777777777777778,347.0,0.0028818443804034,0.0028818443804034,1.0,0
13925.0,36.0,16.99,496.4,17.0,8.0,2.0,35000.0,1.0,0.0,25.1,12.0,0.0,6747.0,72.5,14.0,0.0,0.0,0.0,0.0,667.0,4.0,0.3978571428571428,0.8571428571428571,153.0,0.0,0.0,-1.0,0
8000.0,36.0,12.49,267.6,9.0,10.0,0.0,70000.0,0.0,0.0,23.33,10.0,1.0,8093.0,46.5,20.0,1.0,0.0,6.0,1.0,662.0,4.0,0.1142857142857142,0.5,183.0,0.0054644808743169,0.0054644808743169,1.0,0
16000.0,36.0,10.99,523.75,7.0,0.0,1.0,65000.0,0.0,0.0,15.08,11.0,0.0,13610.0,32.6,21.0,1.0,0.0,0.0,0.0,697.0,4.0,0.2461538461538461,0.5238095238095238,353.0,0.0,0.0,-1.0,0
5000.0,36.0,15.61,174.83,15.0,1.0,1.0,52000.0,2.0,5.0,20.72,15.0,0.0,10896.0,44.5,39.0,1.0,0.0,4.0,0.0,667.0,4.0,0.0961538461538461,0.3846153846153846,244.0,0.0,0.0,-1.0,0
9075.0,36.0,13.35,307.31,11.0,7.0,0.0,72000.0,0.0,2.0,21.81,18.0,0.0,4371.0,13.1,38.0,1.0,0.0,7.0,0.0,662.0,4.0,0.1260416666666666,0.4736842105263157,398.0,0.0,0.0,-1.0,0
1000.0,36.0,15.31,34.82,13.0,8.0,1.0,42000.0,0.0,0.0,19.69,4.0,1.0,1663.0,55.4,12.0,0.0,0.0,0.0,0.0,667.0,4.0,0.0238095238095238,0.3333333333333333,95.0,0.0105263157894736,0.0,0.0,1
12000.0,36.0,15.61,419.58,14.0,10.0,0.0,43000.0,0.0,0.0,20.65,8.0,0.0,11894.0,88.1,20.0,0.0,0.0,3.0,0.0,672.0,4.0,0.2790697674418604,0.4,196.0,0.0,0.0,-1.0,0
20000.0,60.0,12.99,454.96,9.0,7.0,2.0,65000.0,1.0,2.0,17.95,8.0,0.0,21859.0,59.2,21.0,0.0,0.0,2.0,0.0,742.0,4.0,0.3076923076923077,0.3809523809523809,186.0,0.0,0.0,-1.0,0
14400.0,36.0,12.99,485.13,9.0,10.0,0.0,61200.0,1.0,0.0,26.79,11.0,1.0,7340.0,59.7,21.0,0.0,0.0,0.0,0.0,687.0,4.0,0.2352941176470588,0.5238095238095238,126.0,0.0079365079365079,0.0,0.0,0
4550.0,36.0,18.25,165.07,17.0,8.0,1.0,12000.0,2.0,4.0,24.4,12.0,0.0,2092.0,83.7,19.0,0.0,0.0,1.0,0.0,667.0,4.0,0.3791666666666666,0.631578947368421,177.0,0.0,0.0,-1.0,0
12000.0,60.0,14.16,280.22,11.0,10.0,0.0,48000.0,0.0,4.0,5.63,4.0,0.0,9881.0,85.9,7.0,0.0,0.0,1.0,0.0,697.0,4.0,0.25,0.5714285714285714,62.0,0.0,0.0,-1.0,0
12000.0,36.0,10.99,392.81,6.0,3.0,0.0,140000.0,1.0,0.0,9.46,10.0,0.0,8048.0,37.6,21.0,0.0,0.0,2.0,0.0,672.0,4.0,0.0857142857142857,0.4761904761904761,124.0,0.0,0.0,-1.0,0
9450.0,36.0,19.47,348.65,19.0,10.0,0.0,50000.0,1.0,5.0,15.6,8.0,0.0,8763.0,85.9,27.0,0.0,0.0,1.0,0.0,677.0,4.0,0.189,0.2962962962962963,235.0,0.0,0.0,-1.0,0
24500.0,36.0,8.9,777.96,4.0,10.0,0.0,282000.0,1.0,0.0,15.78,12.0,0.0,36540.0,89.3,35.0,0.0,0.0,2.0,0.0,707.0,4.0,0.0868794326241134,0.3428571428571428,433.0,0.0,0.0,-1.0,0
35000.0,60.0,15.61,843.9,14.0,2.0,0.0,145000.0,2.0,0.0,28.03,15.0,0.0,44948.0,28.7,47.0,1.0,0.0,5.0,0.0,737.0,4.0,0.2413793103448276,0.3191489361702128,188.0,0.0,0.0,-1.0,0
10500.0,60.0,16.59,258.65,15.0,10.0,1.0,55000.0,1.0,0.0,14.51,13.0,0.0,9388.0,54.6,18.0,0.0,0.0,0.0,0.0,697.0,4.0,0.1909090909090909,0.7222222222222222,113.0,0.0,0.0,-1.0,1
16000.0,36.0,11.99,531.36,7.0,0.0,1.0,62159.0,2.0,0.0,23.04,15.0,0.0,25826.0,75.3,26.0,1.0,0.0,0.0,0.0,662.0,4.0,0.2574043983976576,0.5769230769230769,81.0,0.0,0.0,-1.0,1
10000.0,60.0,15.31,239.53,13.0,5.0,1.0,35500.0,1.0,0.0,25.35,12.0,0.0,8624.0,46.9,19.0,0.0,0.0,0.0,0.0,702.0,4.0,0.2816901408450704,0.631578947368421,50.0,0.0,0.0,-1.0,0
10000.0,60.0,15.61,241.12,14.0,3.0,0.0,50000.0,1.0,0.0,12.99,9.0,1.0,8415.0,44.8,10.0,0.0,0.0,1.0,1.0,697.0,4.0,0.2,0.9,142.0,0.0070422535211267,0.0070422535211267,1.0,1
8500.0,36.0,15.61,297.21,14.0,9.0,0.0,78000.0,2.0,0.0,9.62,7.0,0.0,3546.0,60.1,11.0,1.0,0.0,3.0,0.0,672.0,4.0,0.1089743589743589,0.6363636363636364,173.0,0.0,0.0,-1.0,1
35000.0,36.0,13.65,1190.28,10.0,3.0,0.0,375000.0,2.0,0.0,15.06,7.0,0.0,318017.0,98.0,27.0,0.0,0.0,2.0,0.0,712.0,4.0,0.0933333333333333,0.2592592592592592,148.0,0.0,0.0,-1.0,0
17000.0,60.0,12.99,386.72,9.0,4.0,0.0,46000.0,0.0,0.0,14.92,10.0,0.0,3934.0,18.7,62.0,0.0,0.0,3.0,0.0,717.0,4.0,0.3695652173913043,0.1612903225806451,252.0,0.0,0.0,-1.0,0
11000.0,36.0,8.9,349.29,4.0,6.0,0.0,60000.0,0.0,0.0,17.44,8.0,0.0,5587.0,45.4,29.0,0.0,0.0,2.0,0.0,692.0,4.0,0.1833333333333333,0.2758620689655172,267.0,0.0,0.0,-1.0,0
10000.0,36.0,7.69,311.94,3.0,4.0,1.0,70000.0,1.0,0.0,7.92,7.0,0.0,6513.0,35.8,27.0,1.0,0.0,0.0,0.0,707.0,4.0,0.1428571428571428,0.2592592592592592,106.0,0.0,0.0,-1.0,0
10000.0,60.0,18.24,255.25,19.0,1.0,2.0,35000.0,1.0,0.0,19.03,18.0,2.0,7937.0,61.1,27.0,1.0,0.0,1.0,2.0,662.0,4.0,0.2857142857142857,0.6666666666666666,165.0,0.0121212121212121,0.0121212121212121,1.0,0
8000.0,36.0,13.98,273.35,12.0,4.0,0.0,70000.0,2.0,7.0,11.5,7.0,0.0,34565.0,81.3,19.0,1.0,0.0,4.0,0.0,687.0,4.0,0.1142857142857142,0.3684210526315789,229.0,0.0,0.0,-1.0,0
20000.0,36.0,7.12,618.64,2.0,4.0,0.0,70000.0,0.0,4.0,20.16,13.0,0.0,40233.0,44.0,25.0,1.0,0.0,7.0,0.0,742.0,4.0,0.2857142857142857,0.52,118.0,0.0,0.0,-1.0,0
8500.0,36.0,8.39,267.9,4.0,0.0,0.0,83000.0,0.0,0.0,18.88,12.0,0.0,6055.0,29.6,38.0,1.0,0.0,3.0,0.0,707.0,4.0,0.1024096385542168,0.3157894736842105,257.0,0.0,0.0,-1.0,1
7975.0,36.0,16.99,284.3,17.0,6.0,1.0,40000.0,1.0,5.0,13.85,15.0,0.0,7005.0,38.5,24.0,1.0,0.0,0.0,0.0,687.0,4.0,0.199375,0.625,142.0,0.0,0.0,-1.0,0
8800.0,36.0,8.9,279.43,4.0,10.0,1.0,66965.0,1.0,0.0,16.83,14.0,0.0,8155.0,38.3,40.0,0.0,0.0,3.0,0.0,712.0,4.0,0.1314119316060628,0.35,140.0,0.0,0.0,-1.0,0
14000.0,36.0,10.99,458.28,6.0,1.0,2.0,90000.0,1.0,4.0,19.24,12.0,0.0,44852.0,62.0,41.0,1.0,0.0,0.0,0.0,687.0,4.0,0.1555555555555555,0.2926829268292683,199.0,0.0,0.0,-1.0,0
18900.0,36.0,10.99,618.68,6.0,0.0,0.0,42000.0,1.0,4.0,12.91,8.0,2.0,16340.0,35.1,17.0,0.0,0.0,0.0,0.0,722.0,4.0,0.45,0.4705882352941176,255.0,0.0078431372549019,0.0,0.0,0
10000.0,60.0,13.35,229.33,11.0,10.0,0.0,60000.0,0.0,0.0,8.84,7.0,0.0,9013.0,68.3,12.0,0.0,0.0,2.0,0.0,687.0,4.0,0.1666666666666666,0.5833333333333334,147.0,0.0,0.0,-1.0,1
17625.0,36.0,13.98,602.21,12.0,3.0,1.0,40250.0,2.0,4.0,11.45,13.0,0.0,15621.0,39.7,18.0,0.0,0.0,0.0,0.0,682.0,4.0,0.4378881987577639,0.7222222222222222,152.0,0.0,0.0,-1.0,0
9350.0,36.0,13.35,316.62,11.0,3.0,0.0,45000.0,1.0,4.0,23.12,26.0,1.0,6510.0,19.1,52.0,1.0,0.0,3.0,1.0,682.0,5.0,0.2077777777777777,0.5,234.0,0.0042735042735042,0.0042735042735042,1.0,1
10000.0,36.0,7.69,311.94,3.0,10.0,0.0,95000.0,1.0,0.0,6.63,11.0,1.0,10053.0,34.3,42.0,1.0,0.0,6.0,1.0,667.0,5.0,0.1052631578947368,0.2619047619047619,363.0,0.0027548209366391,0.0027548209366391,1.0,0
11000.0,36.0,14.49,378.58,13.0,8.0,1.0,89000.0,1.0,5.0,9.86,5.0,0.0,12208.0,62.0,11.0,0.0,0.0,0.0,0.0,687.0,5.0,0.1235955056179775,0.4545454545454545,77.0,0.0,0.0,-1.0,0
13775.0,60.0,17.57,346.59,18.0,2.0,1.0,38400.0,0.0,4.0,28.03,11.0,0.0,14015.0,77.0,17.0,0.0,0.0,0.0,0.0,682.0,5.0,0.3587239583333333,0.6470588235294118,120.0,0.0,0.0,-1.0,0
4800.0,36.0,10.15,155.23,6.0,4.0,1.0,30000.0,0.0,0.0,4.96,11.0,1.0,3247.0,32.5,31.0,0.0,0.0,1.0,1.0,662.0,5.0,0.16,0.3548387096774194,235.0,0.0042553191489361,0.0042553191489361,1.0,0
5000.0,36.0,10.99,163.67,7.0,8.0,1.0,55000.0,0.0,0.0,6.61,5.0,0.0,11269.0,64.0,15.0,0.0,0.0,0.0,0.0,672.0,5.0,0.0909090909090909,0.3333333333333333,109.0,0.0,0.0,-1.0,0
11200.0,36.0,10.99,366.63,7.0,8.0,1.0,32000.0,0.0,4.0,16.88,9.0,0.0,12382.0,51.2,13.0,0.0,0.0,0.0,0.0,692.0,5.0,0.35,0.6923076923076923,88.0,0.0,0.0,-1.0,0
17500.0,36.0,8.39,551.55,4.0,4.0,1.0,70000.0,0.0,4.0,10.17,19.0,0.0,19920.0,28.1,33.0,0.0,0.0,0.0,0.0,697.0,5.0,0.25,0.5757575757575758,158.0,0.0,0.0,-1.0,0
20000.0,60.0,18.24,510.49,19.0,6.0,1.0,56720.0,1.0,4.0,23.36,14.0,1.0,18365.0,69.0,31.0,0.0,0.0,0.0,0.0,662.0,5.0,0.3526093088857546,0.4516129032258064,177.0,0.0056497175141242,0.0,0.0,1
16000.0,60.0,17.57,402.57,18.0,10.0,1.0,45000.0,2.0,4.0,27.29,16.0,1.0,7721.0,44.9,33.0,1.0,0.0,0.0,0.0,667.0,5.0,0.3555555555555555,0.4848484848484848,219.0,0.0045662100456621,0.0,0.0,1
7025.0,36.0,13.98,240.03,12.0,8.0,0.0,18644.0,1.0,4.0,12.04,8.0,0.0,8490.0,63.8,10.0,1.0,0.0,1.0,0.0,702.0,5.0,0.3767968247157262,0.8,80.0,0.0,0.0,-1.0,1
6000.0,36.0,13.35,203.18,11.0,3.0,1.0,27600.0,0.0,0.0,10.57,5.0,0.0,3153.0,101.7,45.0,1.0,0.0,0.0,0.0,662.0,5.0,0.217391304347826,0.1111111111111111,155.0,0.0,0.0,-1.0,1
4000.0,36.0,13.98,136.68,12.0,8.0,1.0,52000.0,0.0,0.0,34.39,12.0,0.0,28137.0,75.6,20.0,1.0,0.0,0.0,0.0,692.0,5.0,0.0769230769230769,0.6,168.0,0.0,0.0,-1.0,0
9600.0,36.0,10.99,314.25,7.0,8.0,1.0,65000.0,0.0,0.0,5.54,7.0,1.0,8046.0,44.9,13.0,1.0,0.0,0.0,1.0,682.0,5.0,0.1476923076923077,0.5384615384615384,102.0,0.0098039215686274,0.0098039215686274,1.0,0
11400.0,60.0,19.52,299.0,21.0,1.0,0.0,57000.0,1.0,0.0,9.98,17.0,1.0,7446.0,47.7,46.0,0.0,0.0,3.0,0.0,672.0,5.0,0.2,0.3695652173913043,301.0,0.0033222591362126,0.0,0.0,0
15000.0,36.0,14.99,519.91,14.0,0.0,1.0,42000.0,0.0,0.0,12.0,10.0,0.0,14624.0,75.4,20.0,1.0,0.0,2.0,0.0,672.0,5.0,0.3571428571428571,0.5,249.0,0.0,0.0,-1.0,0
7000.0,36.0,11.67,231.4,8.0,10.0,1.0,48000.0,1.0,0.0,14.15,12.0,1.0,4613.0,26.7,34.0,0.0,0.0,0.0,1.0,672.0,5.0,0.1458333333333333,0.3529411764705882,239.0,0.00418410041841,0.00418410041841,1.0,0
22375.0,60.0,22.15,619.89,24.0,3.0,1.0,70000.0,2.0,1.0,14.67,8.0,0.0,19211.0,78.4,23.0,1.0,0.0,2.0,0.0,722.0,5.0,0.3196428571428571,0.3478260869565217,154.0,0.0,0.0,-1.0,1
8000.0,36.0,16.29,282.41,16.0,10.0,1.0,115000.0,2.0,0.0,23.02,18.0,0.0,53765.0,71.5,44.0,1.0,0.0,2.0,0.0,682.0,5.0,0.0695652173913043,0.4090909090909091,211.0,0.0,0.0,-1.0,0
12000.0,36.0,13.98,410.02,12.0,3.0,1.0,135000.0,0.0,0.0,12.68,9.0,0.0,19985.0,53.7,15.0,0.0,0.0,1.0,0.0,687.0,5.0,0.0888888888888888,0.6,278.0,0.0,0.0,-1.0,0
5800.0,36.0,10.99,189.86,7.0,3.0,2.0,41000.0,1.0,2.0,16.83,9.0,1.0,1923.0,9.5,14.0,0.0,0.0,0.0,1.0,717.0,5.0,0.1414634146341463,0.6428571428571429,176.0,0.0056818181818181,0.0056818181818181,1.0,0
11200.0,60.0,18.99,290.48,20.0,0.0,1.0,39000.0,1.0,0.0,13.85,9.0,0.0,5740.0,54.7,24.0,0.0,0.0,3.0,0.0,672.0,5.0,0.2871794871794871,0.375,303.0,0.0,0.0,-1.0,0
21600.0,60.0,16.29,528.61,16.0,9.0,0.0,84000.0,1.0,0.0,14.63,11.0,0.0,21560.0,70.0,27.0,0.0,0.0,1.0,0.0,672.0,5.0,0.2571428571428571,0.4074074074074074,163.0,0.0,0.0,-1.0,0
12000.0,36.0,12.99,404.27,10.0,6.0,0.0,50000.0,0.0,0.0,19.66,9.0,0.0,17134.0,92.6,28.0,1.0,0.0,1.0,0.0,662.0,5.0,0.24,0.3214285714285714,129.0,0.0,0.0,-1.0,0
14600.0,36.0,10.15,472.13,6.0,10.0,1.0,47800.0,2.0,0.0,6.9,5.0,0.0,14084.0,70.8,30.0,1.0,0.0,0.0,0.0,697.0,5.0,0.3054393305439331,0.1666666666666666,425.0,0.0,0.0,-1.0,0
10975.0,36.0,16.99,391.24,17.0,6.0,1.0,50000.0,1.0,5.0,25.08,7.0,1.0,2602.0,33.4,19.0,0.0,0.0,0.0,0.0,687.0,5.0,0.2195,0.3684210526315789,88.0,0.0113636363636363,0.0,0.0,1
7200.0,36.0,13.35,243.82,11.0,4.0,1.0,27000.0,0.0,4.0,27.56,10.0,0.0,6124.0,55.2,15.0,1.0,0.0,0.0,0.0,672.0,5.0,0.2666666666666666,0.6666666666666666,86.0,0.0,0.0,-1.0,0
15600.0,36.0,9.17,497.32,5.0,1.0,1.0,106000.0,1.0,0.0,16.17,14.0,0.0,8795.0,26.9,21.0,0.0,0.0,0.0,0.0,717.0,5.0,0.1471698113207547,0.6666666666666666,176.0,0.0,0.0,-1.0,0
30000.0,60.0,16.29,734.18,16.0,7.0,1.0,72500.0,2.0,4.0,13.17,8.0,0.0,5503.0,32.0,21.0,1.0,0.0,0.0,0.0,727.0,5.0,0.4137931034482758,0.3809523809523809,124.0,0.0,0.0,-1.0,1
15000.0,60.0,16.99,372.71,17.0,6.0,1.0,54641.0,0.0,4.0,31.83,23.0,0.0,9282.0,77.3,57.0,0.0,0.0,4.0,0.0,707.0,5.0,0.2745191339836386,0.4035087719298245,201.0,0.0,0.0,-1.0,0
3500.0,36.0,15.61,122.38,15.0,10.0,0.0,70000.0,0.0,3.0,25.37,12.0,0.0,3449.0,27.6,29.0,1.0,0.0,7.0,0.0,672.0,5.0,0.05,0.4137931034482758,190.0,0.0,0.0,-1.0,0
8000.0,36.0,18.24,290.19,19.0,9.0,0.0,72000.0,1.0,2.0,10.95,5.0,1.0,74.0,1.1,21.0,1.0,0.0,4.0,1.0,677.0,5.0,0.1111111111111111,0.238095238095238,190.0,0.0052631578947368,0.0052631578947368,1.0,0
25000.0,36.0,6.49,766.12,1.0,10.0,0.0,110000.0,1.0,0.0,12.37,10.0,0.0,16996.0,25.9,26.0,1.0,0.0,4.0,0.0,792.0,5.0,0.2272727272727272,0.3846153846153846,288.0,0.0,0.0,-1.0,0
20000.0,36.0,14.99,693.21,14.0,10.0,2.0,133000.0,1.0,0.0,15.71,20.0,0.0,39951.0,69.1,38.0,0.0,0.0,3.0,0.0,662.0,5.0,0.150375939849624,0.5263157894736842,251.0,0.0,0.0,-1.0,0
21000.0,36.0,12.99,707.48,10.0,5.0,2.0,190800.0,1.0,4.0,6.9,14.0,0.0,98961.0,92.7,28.0,0.0,0.0,8.0,0.0,697.0,5.0,0.110062893081761,0.5,281.0,0.0,0.0,-1.0,0
13000.0,36.0,10.99,425.55,7.0,7.0,2.0,40000.0,1.0,4.0,21.63,10.0,1.0,4512.0,37.9,46.0,0.0,0.0,1.0,1.0,667.0,5.0,0.325,0.217391304347826,241.0,0.0041493775933609,0.0041493775933609,1.0,0
22500.0,60.0,19.52,590.12,21.0,2.0,2.0,72000.0,2.0,0.0,8.97,20.0,0.0,17391.0,46.5,45.0,0.0,0.0,0.0,0.0,672.0,5.0,0.3125,0.4444444444444444,234.0,0.0,0.0,-1.0,1
5000.0,36.0,9.17,159.4,5.0,10.0,1.0,40000.0,0.0,4.0,12.81,11.0,1.0,6192.0,54.3,20.0,1.0,0.0,0.0,1.0,662.0,5.0,0.125,0.55,75.0,0.0133333333333333,0.0133333333333333,1.0,0
10000.0,36.0,18.99,366.51,20.0,10.0,2.0,80000.0,0.0,0.0,12.09,12.0,0.0,11262.0,59.6,22.0,1.0,0.0,0.0,0.0,662.0,5.0,0.125,0.5454545454545454,125.0,0.0,0.0,-1.0,0
20000.0,60.0,13.98,465.16,12.0,9.0,0.0,90000.0,1.0,0.0,18.76,24.0,0.0,33349.0,35.5,42.0,0.0,0.0,2.0,0.0,717.0,5.0,0.2222222222222222,0.5714285714285714,284.0,0.0,0.0,-1.0,1
14675.0,36.0,12.99,494.39,10.0,10.0,0.0,73000.0,1.0,0.0,6.1,7.0,0.0,5199.0,81.2,16.0,0.0,0.0,1.0,0.0,672.0,5.0,0.2010273972602739,0.4375,510.0,0.0,0.0,-1.0,0
12000.0,36.0,12.99,404.27,10.0,3.0,0.0,34320.0,0.0,0.0,19.51,7.0,0.0,9201.0,74.2,24.0,1.0,0.0,1.0,0.0,687.0,5.0,0.3496503496503496,0.2916666666666667,167.0,0.0,0.0,-1.0,0
10000.0,36.0,7.69,311.94,3.0,2.0,1.0,62400.0,0.0,4.0,11.0,21.0,1.0,7473.0,44.5,35.0,0.0,0.0,0.0,1.0,697.0,5.0,0.1602564102564102,0.6,147.0,0.0068027210884353,0.0068027210884353,1.0,0
26000.0,36.0,12.49,869.67,9.0,8.0,0.0,104000.0,1.0,0.0,18.87,12.0,1.0,22290.0,48.2,20.0,1.0,0.0,3.0,1.0,707.0,5.0,0.25,0.6,128.0,0.0078125,0.0078125,1.0,0
15500.0,60.0,19.52,406.53,21.0,10.0,0.0,120000.0,1.0,0.0,10.79,10.0,1.0,5856.0,24.7,21.0,1.0,0.0,5.0,1.0,662.0,5.0,0.1291666666666666,0.4761904761904761,157.0,0.0063694267515923,0.0063694267515923,1.0,0
25000.0,60.0,18.24,638.11,19.0,10.0,0.0,125000.0,1.0,0.0,29.01,20.0,0.0,49454.0,79.4,41.0,1.0,0.0,4.0,0.0,702.0,5.0,0.2,0.4878048780487805,244.0,0.0,0.0,-1.0,1
10000.0,36.0,12.99,336.9,10.0,10.0,2.0,79889.0,2.0,2.0,15.68,12.0,0.0,12036.0,20.8,23.0,0.0,0.0,0.0,0.0,752.0,5.0,0.1251736784788894,0.5217391304347826,324.0,0.0,0.0,-1.0,0
9000.0,36.0,11.67,297.52,8.0,0.0,1.0,62000.0,0.0,0.0,12.8,13.0,0.0,8428.0,54.7,20.0,0.0,0.0,0.0,0.0,682.0,5.0,0.1451612903225806,0.65,122.0,0.0,0.0,-1.0,0
18000.0,60.0,12.99,409.47,10.0,10.0,0.0,70000.0,1.0,2.0,6.46,11.0,0.0,4173.0,23.2,31.0,0.0,0.0,3.0,0.0,772.0,5.0,0.2571428571428571,0.3548387096774194,413.0,0.0,0.0,-1.0,0
27500.0,60.0,10.15,586.33,6.0,10.0,0.0,65350.0,1.0,0.0,27.2,13.0,0.0,16841.0,40.8,40.0,0.0,0.0,6.0,0.0,777.0,5.0,0.4208110175975516,0.325,245.0,0.0,0.0,-1.0,1
5000.0,36.0,10.99,163.67,7.0,10.0,1.0,87000.0,0.0,0.0,18.88,26.0,0.0,8987.0,22.3,35.0,0.0,0.0,0.0,0.0,737.0,5.0,0.057471264367816,0.7428571428571429,226.0,0.0,0.0,-1.0,0
11000.0,36.0,11.67,363.63,8.0,10.0,0.0,53000.0,0.0,0.0,22.81,7.0,0.0,7800.0,52.0,22.0,0.0,0.0,2.0,0.0,682.0,5.0,0.2075471698113207,0.3181818181818182,211.0,0.0,0.0,-1.0,0
6000.0,36.0,10.15,194.03,6.0,3.0,0.0,100000.0,0.0,4.0,9.32,15.0,1.0,4378.0,25.5,27.0,0.0,0.0,1.0,1.0,682.0,6.0,0.06,0.5555555555555556,149.0,0.0067114093959731,0.0067114093959731,1.0,0
20000.0,36.0,10.99,654.68,7.0,6.0,0.0,68000.0,1.0,0.0,27.35,15.0,0.0,34707.0,84.4,25.0,0.0,0.0,3.0,0.0,672.0,6.0,0.2941176470588235,0.6,162.0,0.0,0.0,-1.0,0
8675.0,36.0,10.99,283.97,7.0,4.0,1.0,42000.0,0.0,2.0,19.0,3.0,0.0,3042.0,29.0,13.0,0.0,0.0,0.0,0.0,702.0,6.0,0.206547619047619,0.2307692307692307,276.0,0.0,0.0,-1.0,0
5600.0,36.0,7.12,173.22,2.0,3.0,0.0,42000.0,0.0,0.0,28.85,21.0,0.0,4940.0,28.2,46.0,0.0,0.0,0.0,0.0,722.0,6.0,0.1333333333333333,0.4565217391304347,130.0,0.0,0.0,-1.0,0
6000.0,36.0,9.17,191.28,5.0,10.0,1.0,40000.0,1.0,4.0,17.97,8.0,0.0,1788.0,32.5,12.0,1.0,0.0,0.0,0.0,687.0,6.0,0.15,0.6666666666666666,72.0,0.0,0.0,-1.0,0
7000.0,36.0,16.29,247.11,16.0,10.0,1.0,89000.0,0.0,0.0,10.35,16.0,0.0,6693.0,36.2,18.0,1.0,0.0,0.0,0.0,682.0,6.0,0.0786516853932584,0.8888888888888888,63.0,0.0,0.0,-1.0,0
16000.0,60.0,18.24,408.39,19.0,8.0,0.0,70000.0,0.0,0.0,15.79,6.0,0.0,7422.0,82.5,17.0,1.0,0.0,3.0,0.0,707.0,6.0,0.2285714285714285,0.3529411764705882,111.0,0.0,0.0,-1.0,0
10000.0,60.0,18.24,255.25,19.0,0.0,1.0,25000.0,1.0,0.0,18.21,9.0,0.0,7806.0,37.3,20.0,0.0,0.0,0.0,0.0,717.0,6.0,0.4,0.45,289.0,0.0,0.0,-1.0,0
20000.0,36.0,7.69,623.88,3.0,10.0,0.0,59000.0,1.0,4.0,22.03,15.0,0.0,25250.0,45.1,23.0,0.0,0.0,4.0,0.0,737.0,6.0,0.3389830508474576,0.6521739130434783,261.0,0.0,0.0,-1.0,0
25450.0,60.0,17.57,640.33,18.0,8.0,1.0,60756.0,1.0,0.0,14.2,9.0,0.0,7097.0,27.0,19.0,0.0,0.0,0.0,0.0,702.0,6.0,0.4188886694318257,0.4736842105263157,156.0,0.0,0.0,-1.0,0
5500.0,36.0,15.61,192.31,15.0,5.0,0.0,33000.0,1.0,0.0,25.64,10.0,1.0,7606.0,62.9,34.0,0.0,0.0,6.0,1.0,662.0,6.0,0.1666666666666666,0.2941176470588235,336.0,0.0029761904761904,0.0029761904761904,1.0,1
7175.0,36.0,14.99,248.69,14.0,10.0,1.0,50000.0,2.0,2.0,7.66,6.0,1.0,0.0,0.0,19.0,0.0,0.0,3.0,1.0,662.0,6.0,0.1435,0.3157894736842105,218.0,0.0045871559633027,0.0045871559633027,1.0,0
10000.0,36.0,17.57,359.38,18.0,4.0,0.0,120000.0,1.0,2.0,9.04,10.0,1.0,5543.0,50.4,17.0,0.0,0.0,0.0,1.0,662.0,6.0,0.0833333333333333,0.5882352941176471,191.0,0.0052356020942408,0.0052356020942408,1.0,0
15000.0,36.0,16.99,534.72,17.0,0.0,1.0,100000.0,1.0,0.0,9.73,7.0,0.0,2597.0,60.4,17.0,0.0,0.0,0.0,0.0,677.0,6.0,0.15,0.4117647058823529,261.0,0.0,0.0,-1.0,0
1900.0,36.0,22.15,72.71,24.0,10.0,0.0,100000.0,1.0,4.0,8.65,8.0,1.0,3998.0,57.9,13.0,1.0,0.0,4.0,1.0,672.0,6.0,0.019,0.6153846153846154,303.0,0.0033003300330033,0.0033003300330033,1.0,0
6500.0,36.0,10.15,210.2,6.0,5.0,0.0,49000.0,0.0,0.0,26.82,7.0,0.0,4740.0,46.0,16.0,0.0,0.0,0.0,0.0,712.0,6.0,0.1326530612244898,0.4375,123.0,0.0,0.0,-1.0,0
12000.0,36.0,6.03,365.23,0.0,0.0,1.0,40000.0,2.0,0.0,27.09,13.0,0.0,10300.0,26.8,26.0,0.0,0.0,0.0,0.0,742.0,6.0,0.3,0.5,151.0,0.0,0.0,-1.0,0
18000.0,60.0,23.43,511.89,25.0,10.0,0.0,68000.0,2.0,2.0,25.93,10.0,1.0,10954.0,77.0,28.0,1.0,0.0,6.0,1.0,677.0,6.0,0.2647058823529412,0.3571428571428571,235.0,0.0042553191489361,0.0042553191489361,1.0,0
12000.0,60.0,10.99,260.85,7.0,2.0,1.0,110000.0,2.0,4.0,9.44,17.0,0.0,2216.0,27.7,40.0,1.0,0.0,0.0,0.0,702.0,6.0,0.109090909090909,0.425,179.0,0.0,0.0,-1.0,0
25000.0,60.0,20.2,665.14,22.0,10.0,0.0,66000.0,1.0,0.0,17.15,15.0,0.0,6128.0,102.1,26.0,1.0,0.0,4.0,0.0,672.0,6.0,0.3787878787878788,0.5769230769230769,157.0,0.0,0.0,-1.0,0
12000.0,36.0,11.67,396.69,8.0,10.0,0.0,55600.0,0.0,0.0,13.35,22.0,2.0,17367.0,44.6,42.0,0.0,0.0,11.0,0.0,692.0,6.0,0.2158273381294964,0.5238095238095238,227.0,0.0088105726872246,0.0,0.0,0
15000.0,36.0,13.98,512.52,12.0,3.0,1.0,56000.0,2.0,4.0,20.04,9.0,0.0,15956.0,96.7,12.0,0.0,0.0,0.0,0.0,682.0,6.0,0.2678571428571428,0.75,117.0,0.0,0.0,-1.0,0
19600.0,60.0,14.99,466.18,14.0,10.0,1.0,74000.0,1.0,4.0,21.81,7.0,0.0,19386.0,85.8,26.0,0.0,0.0,4.0,0.0,672.0,6.0,0.2648648648648649,0.2692307692307692,198.0,0.0,0.0,-1.0,0
24000.0,60.0,14.99,570.84,14.0,10.0,0.0,120000.0,1.0,0.0,20.79,17.0,0.0,28293.0,46.4,62.0,0.0,0.0,4.0,0.0,692.0,6.0,0.2,0.2741935483870967,383.0,0.0,0.0,-1.0,0
8000.0,36.0,11.67,264.46,8.0,2.0,0.0,30000.0,0.0,4.0,20.36,17.0,1.0,5918.0,44.8,55.0,0.0,0.0,3.0,1.0,672.0,6.0,0.2666666666666666,0.3090909090909091,528.0,0.0018939393939393,0.0018939393939393,1.0,0
19000.0,36.0,6.03,578.28,0.0,10.0,0.0,122379.0,0.0,4.0,15.63,13.0,0.0,84949.0,47.7,31.0,1.0,0.0,3.0,0.0,747.0,6.0,0.1552553951249806,0.4193548387096774,172.0,0.0,0.0,-1.0,0
10000.0,36.0,8.39,315.17,4.0,0.0,0.0,55000.0,0.0,4.0,6.09,8.0,0.0,13288.0,41.1,16.0,0.0,0.0,4.0,0.0,697.0,6.0,0.1818181818181818,0.5,205.0,0.0,0.0,-1.0,0
25000.0,36.0,7.12,773.3,2.0,4.0,1.0,90000.0,2.0,0.0,13.3,20.0,0.0,4005.0,7.8,53.0,1.0,0.0,3.0,0.0,787.0,6.0,0.2777777777777778,0.3773584905660377,121.0,0.0,0.0,-1.0,0
15000.0,36.0,10.15,485.07,6.0,10.0,0.0,125000.0,0.0,0.0,6.82,9.0,0.0,47855.0,86.4,13.0,0.0,0.0,2.0,0.0,707.0,6.0,0.12,0.6923076923076923,115.0,0.0,0.0,-1.0,0
28000.0,60.0,13.98,651.23,12.0,1.0,0.0,60200.0,1.0,0.0,19.92,35.0,0.0,28993.0,34.1,70.0,1.0,0.0,2.0,0.0,712.0,6.0,0.4651162790697674,0.5,136.0,0.0,0.0,-1.0,0
6000.0,36.0,14.99,207.97,14.0,9.0,0.0,97000.0,0.0,4.0,12.24,16.0,0.0,19714.0,82.1,27.0,0.0,0.0,4.0,0.0,687.0,6.0,0.0618556701030927,0.5925925925925926,100.0,0.0,0.0,-1.0,0
12000.0,36.0,12.99,404.27,10.0,0.0,1.0,105000.0,2.0,0.0,18.21,19.0,0.0,42198.0,72.4,36.0,0.0,0.0,0.0,0.0,697.0,6.0,0.1142857142857142,0.5277777777777778,437.0,0.0,0.0,-1.0,0
16000.0,60.0,18.24,408.39,19.0,3.0,0.0,135000.0,0.0,9.0,17.0,19.0,0.0,19136.0,67.4,34.0,1.0,0.0,6.0,0.0,697.0,6.0,0.1185185185185185,0.5588235294117647,275.0,0.0,0.0,-1.0,0
10000.0,36.0,14.49,344.17,13.0,10.0,0.0,41600.0,1.0,0.0,10.56,11.0,0.0,3131.0,23.2,26.0,1.0,0.0,0.0,0.0,697.0,6.0,0.2403846153846154,0.4230769230769231,129.0,0.0,0.0,-1.0,0
12000.0,60.0,14.99,285.42,14.0,10.0,0.0,50960.0,0.0,4.0,20.96,9.0,0.0,18156.0,95.1,27.0,1.0,0.0,5.0,0.0,702.0,6.0,0.2354788069073783,0.3333333333333333,234.0,0.0,0.0,-1.0,0
5000.0,36.0,10.99,163.67,7.0,0.0,0.0,42000.0,0.0,0.0,21.14,9.0,0.0,4266.0,48.5,44.0,0.0,0.0,1.0,0.0,702.0,6.0,0.119047619047619,0.2045454545454545,158.0,0.0,0.0,-1.0,0
10000.0,36.0,9.17,318.79,5.0,10.0,1.0,70000.0,1.0,0.0,13.72,9.0,1.0,5449.0,53.4,23.0,1.0,0.0,0.0,1.0,687.0,6.0,0.1428571428571428,0.391304347826087,259.0,0.0038610038610038,0.0038610038610038,1.0,0
6500.0,36.0,10.99,212.78,7.0,2.0,1.0,75000.0,1.0,0.0,9.39,12.0,0.0,5347.0,32.6,18.0,1.0,0.0,0.0,0.0,672.0,6.0,0.0866666666666666,0.6666666666666666,158.0,0.0,0.0,-1.0,0
27200.0,60.0,18.99,705.44,20.0,8.0,1.0,72000.0,1.0,0.0,19.05,8.0,0.0,18748.0,73.8,19.0,1.0,0.0,0.0,0.0,682.0,6.0,0.3777777777777777,0.4210526315789473,153.0,0.0,0.0,-1.0,1
17000.0,36.0,10.99,556.48,7.0,10.0,0.0,72000.0,0.0,0.0,21.1,15.0,0.0,17218.0,43.7,28.0,0.0,0.0,0.0,0.0,702.0,6.0,0.2361111111111111,0.5357142857142857,354.0,0.0,0.0,-1.0,0
20000.0,60.0,13.98,465.16,12.0,10.0,0.0,108000.0,1.0,4.0,11.42,10.0,0.0,14186.0,77.5,25.0,1.0,0.0,5.0,0.0,667.0,6.0,0.1851851851851851,0.4,211.0,0.0,0.0,-1.0,0
10500.0,36.0,15.61,367.14,15.0,10.0,1.0,50000.0,1.0,0.0,30.72,14.0,0.0,18764.0,71.1,41.0,0.0,0.0,4.0,0.0,712.0,6.0,0.21,0.3414634146341463,195.0,0.0,0.0,-1.0,1
29900.0,60.0,16.99,742.94,17.0,6.0,0.0,70000.0,1.0,4.0,31.28,7.0,0.0,41795.0,86.5,14.0,0.0,0.0,0.0,0.0,717.0,6.0,0.4271428571428571,0.5,221.0,0.0,0.0,-1.0,0
5000.0,36.0,6.03,152.18,0.0,3.0,0.0,155000.0,0.0,0.0,6.16,15.0,0.0,16126.0,14.9,54.0,0.0,0.0,11.0,0.0,792.0,6.0,0.032258064516129,0.2777777777777778,336.0,0.0,0.0,-1.0,0
6000.0,36.0,12.99,202.14,10.0,10.0,0.0,35000.0,0.0,0.0,23.01,10.0,0.0,20673.0,57.7,29.0,1.0,0.0,4.0,0.0,712.0,6.0,0.1714285714285714,0.3448275862068966,236.0,0.0,0.0,-1.0,0
10000.0,36.0,12.99,336.9,10.0,5.0,0.0,42000.0,1.0,2.0,16.09,5.0,1.0,5198.0,57.0,12.0,1.0,0.0,2.0,1.0,667.0,6.0,0.238095238095238,0.4166666666666667,90.0,0.0111111111111111,0.0111111111111111,1.0,0
5000.0,36.0,12.99,168.45,10.0,10.0,1.0,75000.0,0.0,4.0,12.39,13.0,0.0,4199.0,32.1,20.0,1.0,0.0,0.0,0.0,687.0,6.0,0.0666666666666666,0.65,165.0,0.0,0.0,-1.0,0
28000.0,60.0,20.99,757.34,23.0,10.0,1.0,80000.0,1.0,0.0,20.57,7.0,2.0,8594.0,66.1,10.0,1.0,0.0,0.0,0.0,662.0,6.0,0.35,0.7,53.0,0.0377358490566037,0.0,0.0,0
10000.0,36.0,8.39,315.17,4.0,3.0,1.0,60000.0,1.0,0.0,14.56,17.0,0.0,2490.0,19.2,31.0,0.0,0.0,0.0,0.0,717.0,6.0,0.1666666666666666,0.5483870967741935,384.0,0.0,0.0,-1.0,1
7500.0,36.0,19.52,276.9,21.0,5.0,1.0,80000.0,0.0,6.0,5.16,9.0,0.0,2736.0,34.2,16.0,0.0,0.0,0.0,0.0,687.0,6.0,0.09375,0.5625,55.0,0.0,0.0,-1.0,1
23475.0,60.0,17.57,590.64,18.0,3.0,0.0,49000.0,2.0,2.0,27.58,9.0,0.0,7630.0,57.8,30.0,0.0,0.0,1.0,0.0,692.0,6.0,0.4790816326530612,0.3,252.0,0.0,0.0,-1.0,0
4300.0,36.0,11.67,142.15,8.0,2.0,1.0,35000.0,0.0,4.0,16.94,12.0,0.0,4208.0,97.9,24.0,0.0,0.0,0.0,0.0,692.0,6.0,0.1228571428571428,0.5,142.0,0.0,0.0,-1.0,0
4000.0,36.0,12.99,134.76,10.0,7.0,0.0,40400.0,0.0,4.0,32.59,10.0,0.0,6052.0,24.0,23.0,1.0,0.0,0.0,0.0,692.0,6.0,0.099009900990099,0.4347826086956521,161.0,0.0,0.0,-1.0,0
11000.0,60.0,14.49,258.76,13.0,4.0,1.0,31000.0,1.0,0.0,15.18,11.0,0.0,8576.0,44.4,15.0,1.0,0.0,0.0,0.0,682.0,6.0,0.3548387096774194,0.7333333333333333,132.0,0.0,0.0,-1.0,0
18000.0,60.0,13.35,412.79,11.0,6.0,0.0,52000.0,2.0,4.0,23.19,16.0,1.0,13566.0,77.1,28.0,0.0,0.0,4.0,1.0,692.0,6.0,0.3461538461538461,0.5714285714285714,258.0,0.003875968992248,0.003875968992248,1.0,0
8000.0,36.0,10.99,261.88,7.0,7.0,2.0,27000.0,2.0,0.0,14.76,8.0,0.0,16694.0,15.6,10.0,1.0,0.0,0.0,0.0,667.0,6.0,0.2962962962962963,0.8,185.0,0.0,0.0,-1.0,0
10850.0,60.0,18.24,276.94,19.0,2.0,1.0,30413.0,1.0,0.0,18.15,5.0,0.0,5993.0,76.8,12.0,0.0,0.0,0.0,0.0,707.0,6.0,0.3567553348896853,0.4166666666666667,166.0,0.0,0.0,-1.0,0
9500.0,36.0,7.69,296.34,3.0,1.0,0.0,60000.0,0.0,0.0,12.53,17.0,0.0,8089.0,18.5,35.0,0.0,0.0,3.0,0.0,697.0,6.0,0.1583333333333333,0.4857142857142857,465.0,0.0,0.0,-1.0,0
26000.0,60.0,17.57,654.17,18.0,10.0,0.0,150000.0,1.0,2.0,18.38,6.0,0.0,20265.0,87.0,22.0,0.0,0.0,2.0,0.0,667.0,6.0,0.1733333333333333,0.2727272727272727,343.0,0.0,0.0,-1.0,0
15000.0,36.0,10.15,485.07,6.0,10.0,0.0,118000.0,0.0,0.0,4.39,8.0,0.0,21533.0,65.1,22.0,0.0,0.0,4.0,0.0,667.0,6.0,0.1271186440677966,0.3636363636363636,151.0,0.0,0.0,-1.0,0
27000.0,36.0,8.39,850.95,4.0,10.0,0.0,120000.0,1.0,3.0,3.57,6.0,0.0,1652.0,2.9,13.0,1.0,0.0,2.0,0.0,842.0,6.0,0.225,0.4615384615384615,315.0,0.0,0.0,-1.0,0
7000.0,36.0,22.15,267.88,24.0,10.0,2.0,65000.0,2.0,1.0,15.18,11.0,0.0,20969.0,69.2,16.0,0.0,0.0,0.0,0.0,662.0,6.0,0.1076923076923077,0.6875,189.0,0.0,0.0,-1.0,0
35000.0,36.0,14.99,1213.12,14.0,3.0,0.0,199000.0,2.0,0.0,9.56,20.0,0.0,30528.0,51.3,46.0,0.0,0.0,4.0,0.0,667.0,6.0,0.1758793969849246,0.4347826086956521,438.0,0.0,0.0,-1.0,0
20000.0,36.0,12.49,668.98,9.0,4.0,1.0,89000.0,1.0,4.0,16.72,12.0,0.0,21776.0,68.9,29.0,0.0,0.0,2.0,0.0,672.0,6.0,0.2247191011235955,0.4137931034482758,214.0,0.0,0.0,-1.0,0
14075.0,36.0,13.35,476.62,11.0,2.0,1.0,32040.0,1.0,0.0,34.72,9.0,1.0,6175.0,53.7,34.0,0.0,0.0,6.0,1.0,662.0,6.0,0.439294631710362,0.2647058823529412,193.0,0.005181347150259,0.005181347150259,1.0,0
4800.0,36.0,12.49,160.56,9.0,10.0,0.0,62652.0,0.0,0.0,7.13,12.0,1.0,10513.0,73.0,36.0,1.0,0.0,5.0,1.0,667.0,6.0,0.076613675541084,0.3333333333333333,163.0,0.0061349693251533,0.0061349693251533,1.0,0
14375.0,36.0,18.24,521.43,19.0,10.0,0.0,60000.0,1.0,0.0,30.31,31.0,0.0,26716.0,81.2,43.0,1.0,0.0,3.0,0.0,707.0,6.0,0.2395833333333333,0.7209302325581395,236.0,0.0,0.0,-1.0,0
9000.0,36.0,12.99,303.21,10.0,0.0,0.0,80000.0,0.0,0.0,10.77,6.0,0.0,6347.0,63.5,31.0,0.0,0.0,2.0,0.0,672.0,6.0,0.1125,0.1935483870967742,238.0,0.0,0.0,-1.0,0
25000.0,36.0,8.39,787.92,4.0,9.0,0.0,69000.0,1.0,0.0,18.97,13.0,0.0,19618.0,44.7,26.0,0.0,0.0,6.0,0.0,727.0,6.0,0.3623188405797101,0.5,184.0,0.0,0.0,-1.0,0
28000.0,60.0,20.99,757.34,23.0,10.0,0.0,95000.0,1.0,0.0,16.37,19.0,0.0,45352.0,89.1,34.0,0.0,0.0,5.0,0.0,682.0,6.0,0.2947368421052631,0.5588235294117647,264.0,0.0,0.0,-1.0,0
6000.0,36.0,10.15,194.03,6.0,7.0,2.0,29800.0,0.0,0.0,20.3,10.0,0.0,2532.0,42.9,40.0,0.0,0.0,0.0,0.0,682.0,6.0,0.2013422818791946,0.25,216.0,0.0,0.0,-1.0,1
12000.0,36.0,12.99,404.27,10.0,1.0,0.0,50000.0,1.0,4.0,29.12,17.0,1.0,30243.0,63.5,31.0,0.0,0.0,4.0,0.0,682.0,6.0,0.24,0.5483870967741935,291.0,0.0034364261168384,0.0,0.0,0
20975.0,60.0,19.52,550.13,21.0,8.0,1.0,50000.0,1.0,0.0,25.66,10.0,0.0,14401.0,77.4,22.0,0.0,0.0,1.0,0.0,667.0,6.0,0.4195,0.4545454545454545,127.0,0.0,0.0,-1.0,0
10000.0,60.0,24.99,293.46,28.0,10.0,1.0,100000.0,0.0,9.0,21.08,20.0,0.0,13459.0,39.9,44.0,1.0,0.0,0.0,0.0,687.0,6.0,0.1,0.4545454545454545,242.0,0.0,0.0,-1.0,1
19300.0,60.0,12.49,434.12,9.0,10.0,0.0,70000.0,0.0,0.0,20.4,8.0,0.0,15889.0,94.6,22.0,0.0,0.0,4.0,0.0,732.0,6.0,0.2757142857142857,0.3636363636363636,257.0,0.0,0.0,-1.0,0
9000.0,36.0,9.17,286.92,5.0,10.0,0.0,82000.0,0.0,0.0,22.73,14.0,0.0,25358.0,61.5,37.0,0.0,0.0,5.0,0.0,692.0,6.0,0.1097560975609756,0.3783783783783784,376.0,0.0,0.0,-1.0,0
11850.0,60.0,24.99,347.75,28.0,8.0,1.0,58000.0,1.0,0.0,16.76,14.0,0.0,7131.0,63.7,26.0,0.0,0.0,1.0,0.0,677.0,6.0,0.2043103448275862,0.5384615384615384,200.0,0.0,0.0,-1.0,0
20000.0,60.0,9.17,416.82,5.0,10.0,0.0,55000.0,1.0,4.0,13.94,13.0,0.0,27023.0,31.3,27.0,0.0,0.0,3.0,0.0,722.0,6.0,0.3636363636363636,0.4814814814814814,177.0,0.0,0.0,-1.0,0
35000.0,60.0,15.61,843.9,15.0,2.0,1.0,78800.0,2.0,0.0,9.58,8.0,0.0,15892.0,30.0,19.0,0.0,0.0,3.0,0.0,682.0,6.0,0.4441624365482233,0.4210526315789473,203.0,0.0,0.0,-1.0,0
5100.0,36.0,14.49,175.53,13.0,6.0,1.0,65000.0,1.0,0.0,17.98,12.0,0.0,2483.0,37.6,17.0,0.0,0.0,0.0,0.0,672.0,6.0,0.0784615384615384,0.7058823529411765,141.0,0.0,0.0,-1.0,0
5600.0,36.0,11.67,185.12,8.0,2.0,0.0,40000.0,1.0,2.0,9.32,15.0,0.0,4464.0,19.8,27.0,0.0,0.0,0.0,0.0,667.0,6.0,0.14,0.5555555555555556,142.0,0.0,0.0,-1.0,0
10000.0,36.0,10.99,327.34,7.0,9.0,1.0,60200.0,1.0,0.0,14.23,8.0,0.0,12710.0,50.0,21.0,0.0,0.0,0.0,0.0,662.0,6.0,0.1661129568106312,0.3809523809523809,477.0,0.0,0.0,-1.0,0
1100.0,36.0,16.29,38.84,16.0,10.0,2.0,40000.0,0.0,2.0,23.61,12.0,0.0,10389.0,59.4,35.0,1.0,0.0,0.0,0.0,682.0,6.0,0.0275,0.3428571428571428,222.0,0.0,0.0,-1.0,1
9200.0,36.0,11.67,304.13,8.0,6.0,0.0,106828.0,0.0,0.0,9.13,12.0,0.0,8748.0,32.3,33.0,0.0,0.0,4.0,0.0,717.0,6.0,0.0861197438873703,0.3636363636363636,347.0,0.0,0.0,-1.0,0
10550.0,36.0,15.61,368.88,15.0,4.0,2.0,33000.0,1.0,0.0,32.29,10.0,0.0,12586.0,59.9,23.0,0.0,0.0,0.0,0.0,667.0,6.0,0.3196969696969697,0.4347826086956521,212.0,0.0,0.0,-1.0,0
10000.0,36.0,10.99,327.34,7.0,7.0,1.0,66000.0,0.0,4.0,14.73,10.0,0.0,7274.0,41.6,38.0,0.0,0.0,1.0,0.0,667.0,6.0,0.1515151515151515,0.2631578947368421,164.0,0.0,0.0,-1.0,0
34000.0,36.0,6.49,1041.92,1.0,8.0,0.0,190000.0,2.0,0.0,14.65,12.0,0.0,33686.0,47.8,21.0,0.0,0.0,3.0,0.0,747.0,6.0,0.1789473684210526,0.5714285714285714,268.0,0.0,0.0,-1.0,0
22800.0,36.0,14.49,784.69,13.0,8.0,1.0,52000.0,2.0,0.0,12.39,7.0,0.0,21165.0,69.6,10.0,1.0,0.0,0.0,0.0,687.0,6.0,0.4384615384615384,0.7,190.0,0.0,0.0,-1.0,0
4000.0,36.0,16.29,141.21,16.0,10.0,1.0,67400.0,2.0,0.0,26.64,15.0,0.0,14749.0,41.0,47.0,0.0,0.0,0.0,0.0,672.0,6.0,0.059347181008902,0.3191489361702128,272.0,0.0,0.0,-1.0,1
15000.0,36.0,11.67,495.86,8.0,2.0,0.0,39000.0,0.0,0.0,12.28,11.0,0.0,13054.0,61.6,23.0,1.0,0.0,2.0,0.0,672.0,6.0,0.3846153846153846,0.4782608695652174,346.0,0.0,0.0,-1.0,1
14400.0,36.0,13.98,492.02,12.0,3.0,2.0,37000.0,0.0,0.0,8.95,7.0,0.0,7362.0,75.9,7.0,0.0,0.0,0.0,0.0,662.0,6.0,0.3891891891891892,1.0,82.0,0.0,0.0,-1.0,0
7350.0,36.0,20.99,276.88,23.0,5.0,0.0,43500.0,0.0,0.0,22.87,11.0,1.0,3718.0,70.2,25.0,0.0,0.0,3.0,1.0,667.0,6.0,0.1689655172413793,0.44,105.0,0.0095238095238095,0.0095238095238095,1.0,0
30000.0,36.0,8.39,945.5,4.0,10.0,0.0,80000.0,1.0,4.0,24.99,11.0,0.0,12333.0,36.2,34.0,1.0,0.0,3.0,0.0,687.0,7.0,0.375,0.3235294117647059,160.0,0.0,0.0,-1.0,0
20000.0,36.0,10.99,654.68,7.0,2.0,0.0,135000.0,2.0,0.0,21.99,22.0,0.0,39051.0,90.0,44.0,1.0,0.0,1.0,0.0,697.0,7.0,0.1481481481481481,0.5,236.0,0.0,0.0,-1.0,0
16000.0,36.0,13.35,541.81,11.0,7.0,0.0,82000.0,0.0,0.0,16.52,16.0,0.0,35275.0,66.3,40.0,0.0,0.0,0.0,0.0,692.0,7.0,0.1951219512195122,0.4,158.0,0.0,0.0,-1.0,0
3000.0,36.0,19.52,110.76,21.0,10.0,0.0,38000.0,1.0,2.0,9.29,5.0,0.0,4577.0,58.7,13.0,1.0,0.0,1.0,0.0,682.0,7.0,0.0789473684210526,0.3846153846153846,124.0,0.0,0.0,-1.0,0
3000.0,36.0,18.99,109.96,20.0,10.0,2.0,42000.0,1.0,5.0,38.17,6.0,1.0,15256.0,93.6,30.0,1.0,0.0,7.0,0.0,667.0,7.0,0.0714285714285714,0.2,218.0,0.0045871559633027,0.0,0.0,0
21000.0,36.0,13.98,717.53,12.0,10.0,1.0,79500.0,1.0,0.0,28.11,12.0,0.0,12723.0,82.6,22.0,0.0,0.0,0.0,0.0,677.0,7.0,0.2641509433962264,0.5454545454545454,143.0,0.0,0.0,-1.0,0
8000.0,36.0,11.67,264.46,8.0,2.0,1.0,55000.0,1.0,0.0,21.97,8.0,0.0,4548.0,26.8,13.0,0.0,0.0,0.0,0.0,677.0,7.0,0.1454545454545454,0.6153846153846154,145.0,0.0,0.0,-1.0,0
10750.0,60.0,24.99,315.47,28.0,6.0,1.0,30000.0,2.0,6.0,3.28,4.0,0.0,2344.0,17.0,9.0,0.0,0.0,0.0,0.0,762.0,7.0,0.3583333333333333,0.4444444444444444,129.0,0.0,0.0,-1.0,0
16000.0,36.0,10.15,517.41,6.0,2.0,0.0,103000.0,0.0,4.0,10.65,14.0,0.0,13117.0,68.0,28.0,1.0,0.0,3.0,0.0,667.0,7.0,0.1553398058252427,0.5,190.0,0.0,0.0,-1.0,0
22900.0,36.0,13.98,782.45,12.0,9.0,1.0,64457.0,1.0,4.0,20.39,11.0,1.0,17782.0,77.7,20.0,1.0,0.0,0.0,1.0,682.0,7.0,0.3552756100966536,0.55,174.0,0.0057471264367816,0.0057471264367816,1.0,0
16800.0,36.0,8.39,529.48,4.0,10.0,0.0,75000.0,1.0,0.0,18.86,11.0,1.0,12407.0,61.7,25.0,1.0,0.0,3.0,1.0,717.0,7.0,0.224,0.44,261.0,0.003831417624521,0.003831417624521,1.0,1
20000.0,36.0,12.49,668.98,9.0,4.0,0.0,98997.0,2.0,2.0,0.0,6.0,1.0,0.0,0.0,24.0,1.0,0.0,9.0,1.0,672.0,7.0,0.2020263240300211,0.25,305.0,0.0032786885245901,0.0032786885245901,1.0,0
5000.0,36.0,24.08,196.38,26.0,9.0,0.0,50000.0,2.0,9.0,21.7,26.0,0.0,19674.0,54.2,38.0,1.0,0.0,2.0,0.0,712.0,7.0,0.1,0.6842105263157895,100.0,0.0,0.0,-1.0,1
20000.0,60.0,12.49,449.86,9.0,0.0,0.0,60000.0,1.0,0.0,29.92,16.0,0.0,32605.0,73.3,37.0,1.0,0.0,0.0,0.0,727.0,7.0,0.3333333333333333,0.4324324324324324,173.0,0.0,0.0,-1.0,0
28000.0,36.0,13.35,948.16,11.0,0.0,2.0,130000.0,1.0,0.0,13.2,19.0,0.0,22871.0,31.8,27.0,0.0,0.0,0.0,0.0,692.0,7.0,0.2153846153846154,0.7037037037037037,358.0,0.0,0.0,-1.0,0
8675.0,36.0,13.35,293.76,11.0,3.0,1.0,23000.0,0.0,4.0,23.59,12.0,0.0,8842.0,69.1,24.0,0.0,0.0,0.0,0.0,672.0,7.0,0.3771739130434782,0.5,107.0,0.0,0.0,-1.0,1
4000.0,36.0,15.61,139.86,15.0,10.0,0.0,42000.0,0.0,5.0,24.16,12.0,0.0,30833.0,58.5,22.0,1.0,0.0,2.0,0.0,717.0,7.0,0.0952380952380952,0.5454545454545454,145.0,0.0,0.0,-1.0,0
11725.0,60.0,25.57,348.08,29.0,4.0,1.0,33000.0,2.0,0.0,24.62,12.0,0.0,6055.0,27.2,43.0,1.0,0.0,0.0,0.0,702.0,7.0,0.3553030303030303,0.2790697674418604,149.0,0.0,0.0,-1.0,1
3825.0,36.0,18.99,140.19,20.0,8.0,0.0,60000.0,0.0,0.0,9.34,10.0,0.0,6676.0,72.6,20.0,1.0,0.0,3.0,0.0,667.0,7.0,0.06375,0.5,119.0,0.0,0.0,-1.0,0
3600.0,36.0,13.98,123.01,12.0,10.0,1.0,45475.0,0.0,4.0,23.62,10.0,0.0,26653.0,79.1,21.0,0.0,0.0,0.0,0.0,672.0,7.0,0.0791643760307861,0.4761904761904761,85.0,0.0,0.0,-1.0,0
27000.0,60.0,20.99,730.29,23.0,8.0,0.0,62000.0,1.0,0.0,28.2,13.0,0.0,28337.0,69.8,28.0,0.0,0.0,6.0,0.0,717.0,7.0,0.4354838709677419,0.4642857142857143,221.0,0.0,0.0,-1.0,0
8000.0,36.0,13.35,270.91,11.0,10.0,0.0,185000.0,2.0,0.0,22.02,10.0,0.0,167594.0,75.0,20.0,1.0,0.0,4.0,0.0,697.0,7.0,0.0432432432432432,0.5,242.0,0.0,0.0,-1.0,0
17975.0,36.0,12.49,601.25,9.0,8.0,1.0,40000.0,2.0,4.0,34.96,13.0,0.0,10553.0,57.4,23.0,0.0,0.0,0.0,0.0,702.0,7.0,0.449375,0.5652173913043478,106.0,0.0,0.0,-1.0,0
12000.0,60.0,13.98,279.1,12.0,10.0,0.0,73000.0,2.0,0.0,1.64,2.0,0.0,3696.0,57.7,13.0,0.0,0.0,5.0,0.0,737.0,7.0,0.1643835616438356,0.1538461538461538,373.0,0.0,0.0,-1.0,0
10000.0,36.0,6.49,306.45,1.0,1.0,0.0,130000.0,0.0,4.0,11.13,11.0,0.0,8867.0,76.4,28.0,0.0,0.0,5.0,0.0,697.0,7.0,0.0769230769230769,0.3928571428571428,176.0,0.0,0.0,-1.0,0
5400.0,36.0,12.99,181.93,10.0,3.0,1.0,49000.0,0.0,4.0,18.12,6.0,0.0,4529.0,64.7,8.0,0.0,0.0,0.0,0.0,687.0,7.0,0.110204081632653,0.75,44.0,0.0,0.0,-1.0,0
23975.0,36.0,6.03,729.7,0.0,9.0,1.0,50000.0,1.0,4.0,28.06,12.0,0.0,21758.0,48.0,28.0,1.0,0.0,0.0,0.0,702.0,7.0,0.4795,0.4285714285714285,179.0,0.0,0.0,-1.0,1
15600.0,36.0,9.17,497.32,5.0,6.0,1.0,58000.0,0.0,0.0,15.74,29.0,0.0,10624.0,45.2,58.0,1.0,0.0,0.0,0.0,697.0,7.0,0.2689655172413793,0.5,121.0,0.0,0.0,-1.0,0
15000.0,60.0,15.61,361.67,15.0,10.0,0.0,65000.0,1.0,0.0,32.37,16.0,0.0,13093.0,46.8,57.0,0.0,0.0,4.0,0.0,687.0,7.0,0.2307692307692307,0.2807017543859649,236.0,0.0,0.0,-1.0,0
6000.0,36.0,6.03,182.62,0.0,6.0,0.0,80000.0,0.0,0.0,6.31,14.0,0.0,8616.0,12.6,44.0,0.0,0.0,5.0,0.0,782.0,7.0,0.075,0.3181818181818182,140.0,0.0,0.0,-1.0,0
20000.0,36.0,7.12,618.64,2.0,3.0,1.0,100000.0,1.0,0.0,17.16,14.0,0.0,24662.0,65.9,22.0,1.0,0.0,0.0,0.0,692.0,7.0,0.2,0.6363636363636364,155.0,0.0,0.0,-1.0,0
21000.0,36.0,8.39,661.85,4.0,8.0,1.0,100000.0,1.0,0.0,30.54,21.0,0.0,32342.0,70.9,51.0,1.0,0.0,0.0,0.0,692.0,7.0,0.21,0.4117647058823529,145.0,0.0,0.0,-1.0,0
3220.5390625,36.0,14.49,110.83154663085938,13.0,4.0,1.0,2276157.0,2.0,4.0,158.51305969238283,8.0,0.0,469315.34375,87.05624237060547,22.0,0.0,0.0,4.0,0.0,682.0,7.0,0.0014149002730846419,0.3636363874311032,146.0,0.0,0.0,-1.0,0
13200.0,60.0,20.2,351.19,22.0,4.0,0.0,94000.0,0.0,0.0,15.84,11.0,0.0,9334.0,96.2,55.0,0.0,0.0,9.0,0.0,672.0,7.0,0.1404255319148936,0.2,169.0,0.0,0.0,-1.0,1
10000.0,36.0,13.98,341.68,12.0,10.0,1.0,53000.0,1.0,0.0,14.54,17.0,1.0,4582.0,32.3,46.0,1.0,0.0,5.0,1.0,662.0,7.0,0.1886792452830188,0.3695652173913043,269.0,0.0037174721189591,0.0037174721189591,1.0,0
28000.0,36.0,7.12,866.1,2.0,2.0,0.0,113000.0,1.0,0.0,22.5,20.0,0.0,46692.0,53.1,39.0,1.0,0.0,5.0,0.0,732.0,7.0,0.247787610619469,0.5128205128205128,283.0,0.0,0.0,-1.0,0
25000.0,36.0,10.15,808.45,6.0,3.0,1.0,56000.0,1.0,4.0,21.0,8.0,0.0,17268.0,89.5,17.0,1.0,0.0,0.0,0.0,682.0,7.0,0.4464285714285714,0.4705882352941176,161.0,0.0,0.0,-1.0,0
9000.0,36.0,12.49,301.04,9.0,10.0,1.0,50000.0,1.0,5.0,0.79,6.0,3.0,345.0,2.1,21.0,0.0,0.0,0.0,3.0,672.0,7.0,0.18,0.2857142857142857,119.0,0.0252100840336134,0.0252100840336134,1.0,0
23600.0,36.0,7.12,730.0,2.0,4.0,0.0,73000.0,2.0,0.0,25.94,11.0,0.0,23475.0,72.7,22.0,1.0,0.0,1.0,0.0,707.0,7.0,0.3232876712328767,0.5,162.0,0.0,0.0,-1.0,0
33000.0,36.0,12.99,1111.75,10.0,10.0,0.0,99000.0,2.0,0.0,12.34,4.0,0.0,15291.0,78.4,13.0,0.0,0.0,2.0,0.0,692.0,7.0,0.3333333333333333,0.3076923076923077,112.0,0.0,0.0,-1.0,1
25000.0,36.0,12.49,836.23,9.0,10.0,2.0,60694.0,1.0,0.0,20.62,13.0,0.0,25337.0,67.4,19.0,1.0,0.0,0.0,0.0,692.0,7.0,0.4119023297195769,0.6842105263157895,415.0,0.0,0.0,-1.0,0
5000.0,36.0,9.17,159.4,5.0,10.0,0.0,75000.0,0.0,4.0,5.65,19.0,0.0,20862.0,38.6,32.0,1.0,0.0,6.0,0.0,732.0,7.0,0.0666666666666666,0.59375,194.0,0.0,0.0,-1.0,0
9000.0,36.0,6.03,273.92,0.0,10.0,0.0,65000.0,0.0,4.0,19.62,19.0,0.0,9282.0,11.1,37.0,0.0,0.0,3.0,0.0,832.0,7.0,0.1384615384615384,0.5135135135135135,392.0,0.0,0.0,-1.0,0
3000.0,36.0,13.98,102.51,12.0,2.0,1.0,75000.0,0.0,4.0,12.51,10.0,2.0,2718.0,43.1,27.0,0.0,0.0,0.0,0.0,662.0,7.0,0.04,0.3703703703703703,214.0,0.0093457943925233,0.0,0.0,0
20000.0,36.0,12.49,668.98,9.0,2.0,2.0,86000.0,1.0,0.0,15.82,10.0,3.0,11817.0,66.0,42.0,1.0,0.0,4.0,2.0,667.0,7.0,0.2325581395348837,0.238095238095238,180.0,0.0166666666666666,0.0111111111111111,0.6666666666666666,0
14000.0,36.0,6.03,426.1,0.0,7.0,0.0,125000.0,1.0,0.0,16.56,26.0,0.0,26440.0,24.7,61.0,1.0,0.0,5.0,0.0,752.0,7.0,0.112,0.4262295081967213,250.0,0.0,0.0,-1.0,0
9000.0,36.0,7.69,280.75,3.0,2.0,1.0,35000.0,0.0,4.0,24.45,12.0,0.0,4157.0,21.9,14.0,0.0,0.0,0.0,0.0,747.0,7.0,0.2571428571428571,0.8571428571428571,124.0,0.0,0.0,-1.0,0
20000.0,60.0,25.57,593.73,29.0,10.0,0.0,55000.0,2.0,0.0,33.12,21.0,0.0,45379.0,67.7,36.0,1.0,0.0,2.0,0.0,697.0,7.0,0.3636363636363636,0.5833333333333334,316.0,0.0,0.0,-1.0,1
9550.0,36.0,18.99,350.02,20.0,2.0,1.0,32000.0,2.0,0.0,25.96,18.0,0.0,10550.0,39.8,24.0,0.0,0.0,0.0,0.0,677.0,7.0,0.2984375,0.75,108.0,0.0,0.0,-1.0,0
10000.0,36.0,13.98,341.68,12.0,3.0,1.0,74000.0,1.0,0.0,25.56,14.0,0.0,23906.0,58.6,33.0,1.0,0.0,0.0,0.0,702.0,7.0,0.1351351351351351,0.4242424242424242,261.0,0.0,0.0,-1.0,0
4800.0,36.0,18.24,174.11,19.0,4.0,1.0,41000.0,2.0,0.0,26.11,7.0,0.0,3493.0,81.2,17.0,1.0,0.0,0.0,0.0,682.0,7.0,0.1170731707317073,0.4117647058823529,106.0,0.0,0.0,-1.0,1
3600.0,36.0,12.49,120.42,9.0,9.0,1.0,98000.0,0.0,0.0,12.59,13.0,0.0,21785.0,77.0,23.0,1.0,0.0,0.0,0.0,677.0,7.0,0.036734693877551,0.5652173913043478,113.0,0.0,0.0,-1.0,0
2700.0,36.0,20.2,100.62,22.0,9.0,2.0,15000.0,0.0,0.0,11.68,11.0,0.0,2019.0,22.9,15.0,1.0,0.0,0.0,0.0,677.0,7.0,0.18,0.7333333333333333,98.0,0.0,0.0,-1.0,0
16000.0,36.0,6.03,486.97,0.0,10.0,0.0,54590.0,0.0,0.0,16.2,10.0,0.0,11884.0,25.3,16.0,1.0,0.0,2.0,0.0,802.0,7.0,0.2930939732551749,0.625,240.0,0.0,0.0,-1.0,0
20000.0,60.0,13.35,458.66,11.0,8.0,0.0,75000.0,1.0,0.0,6.69,7.0,0.0,15562.0,40.0,24.0,0.0,0.0,5.0,0.0,752.0,7.0,0.2666666666666666,0.2916666666666667,295.0,0.0,0.0,-1.0,0
10425.0,36.0,17.57,374.65,18.0,10.0,1.0,28968.0,1.0,5.0,28.54,9.0,0.0,10063.0,57.5,11.0,1.0,0.0,0.0,0.0,707.0,7.0,0.3598798674399337,0.8181818181818182,98.0,0.0,0.0,-1.0,1
15000.0,60.0,15.61,361.67,15.0,8.0,1.0,40000.0,1.0,0.0,25.4,16.0,0.0,10375.0,27.6,30.0,1.0,0.0,0.0,0.0,737.0,7.0,0.375,0.5333333333333333,191.0,0.0,0.0,-1.0,0
15000.0,36.0,13.35,507.95,11.0,5.0,1.0,43000.0,0.0,0.0,18.78,4.0,0.0,13102.0,74.4,9.0,0.0,0.0,0.0,0.0,667.0,7.0,0.3488372093023256,0.4444444444444444,111.0,0.0,0.0,-1.0,0
2000.0,36.0,13.98,68.34,12.0,3.0,1.0,57000.0,0.0,5.0,15.37,12.0,0.0,1027.0,7.7,23.0,1.0,0.0,0.0,0.0,727.0,7.0,0.0350877192982456,0.5217391304347826,142.0,0.0,0.0,-1.0,0
15000.0,60.0,14.99,356.78,14.0,8.0,0.0,60000.0,2.0,0.0,14.3,8.0,1.0,5216.0,88.4,25.0,0.0,0.0,4.0,0.0,662.0,7.0,0.25,0.32,199.0,0.0050251256281407,0.0,0.0,0
23925.0,60.0,14.99,569.05,14.0,5.0,1.0,65000.0,1.0,0.0,25.04,14.0,0.0,6540.0,15.2,20.0,1.0,0.0,0.0,0.0,782.0,7.0,0.3680769230769231,0.7,86.0,0.0,0.0,-1.0,0
11800.0,60.0,19.52,309.49,21.0,10.0,1.0,33000.0,1.0,0.0,18.04,5.0,0.0,15882.0,89.2,11.0,1.0,0.0,0.0,0.0,682.0,7.0,0.3575757575757576,0.4545454545454545,123.0,0.0,0.0,-1.0,1
3200.0,36.0,10.99,104.75,7.0,0.0,1.0,35422.0,0.0,0.0,14.03,12.0,0.0,3906.0,34.9,29.0,0.0,0.0,0.0,0.0,702.0,7.0,0.0903393371351137,0.4137931034482758,91.0,0.0,0.0,-1.0,0
6000.0,36.0,6.03,182.62,0.0,2.0,1.0,44000.0,0.0,4.0,8.97,8.0,0.0,4998.0,30.3,24.0,1.0,0.0,0.0,0.0,742.0,7.0,0.1363636363636363,0.3333333333333333,96.0,0.0,0.0,-1.0,0
8500.0,36.0,6.49,260.48,1.0,10.0,0.0,101000.0,0.0,0.0,9.98,14.0,0.0,16153.0,24.0,35.0,1.0,0.0,3.0,0.0,787.0,7.0,0.0841584158415841,0.4,346.0,0.0,0.0,-1.0,0
2775.0,36.0,9.17,88.47,5.0,0.0,2.0,15000.0,2.0,0.0,24.0,11.0,0.0,2882.0,29.7,21.0,1.0,0.0,0.0,0.0,722.0,7.0,0.185,0.5238095238095238,59.0,0.0,0.0,-1.0,0
9000.0,36.0,10.15,291.04,6.0,10.0,0.0,62000.0,0.0,0.0,28.57,9.0,0.0,14670.0,49.2,29.0,1.0,0.0,4.0,0.0,742.0,7.0,0.1451612903225806,0.3103448275862069,381.0,0.0,0.0,-1.0,0
15125.0,60.0,22.15,419.03,24.0,2.0,0.0,55000.0,1.0,2.0,28.69,10.0,1.0,4608.0,54.2,17.0,0.0,0.0,1.0,0.0,697.0,7.0,0.275,0.5882352941176471,140.0,0.0071428571428571,0.0,0.0,1
17975.0,60.0,18.24,458.8,19.0,10.0,0.0,41000.0,0.0,0.0,16.22,10.0,0.0,20709.0,51.3,23.0,0.0,0.0,3.0,0.0,712.0,7.0,0.4384146341463414,0.4347826086956521,309.0,0.0,0.0,-1.0,0
13500.0,36.0,17.57,485.16,18.0,2.0,1.0,40000.0,1.0,0.0,18.72,11.0,0.0,21857.0,72.4,20.0,0.0,0.0,0.0,0.0,687.0,7.0,0.3375,0.55,190.0,0.0,0.0,-1.0,0
20000.0,36.0,7.12,618.64,2.0,10.0,0.0,68000.0,1.0,0.0,32.57,7.0,0.0,16653.0,85.4,28.0,0.0,0.0,4.0,0.0,722.0,7.0,0.2941176470588235,0.25,162.0,0.0,0.0,-1.0,0
7200.0,36.0,9.17,229.53,5.0,10.0,0.0,100000.0,0.0,0.0,23.75,9.0,0.0,45755.0,89.2,13.0,0.0,0.0,0.0,0.0,727.0,7.0,0.072,0.6923076923076923,418.0,0.0,0.0,-1.0,0
4591.39306640625,36.0,12.99,154.6890771484375,10.0,0.0,1.0,334135.375,0.0,0.0,156.83509399414064,10.0,0.0,332885.84375,87.98429718017579,24.0,0.0,0.0,14.0,0.0,692.0,7.0,0.013741111954053212,0.41666664318604896,165.0,0.0,0.0,-1.0,1
7000.0,36.0,10.99,229.14,7.0,7.0,0.0,35000.0,0.0,4.0,6.89,9.0,1.0,6208.0,25.7,14.0,1.0,0.0,2.0,1.0,687.0,7.0,0.2,0.6428571428571429,123.0,0.008130081300813,0.008130081300813,1.0,0
14000.0,36.0,7.12,433.05,2.0,10.0,1.0,113000.0,0.0,4.0,13.79,19.0,0.0,30816.0,61.8,30.0,0.0,0.0,1.0,0.0,702.0,8.0,0.1238938053097345,0.6333333333333333,285.0,0.0,0.0,-1.0,0
8000.0,36.0,6.49,245.16,1.0,0.0,1.0,128500.0,1.0,0.0,21.03,16.0,0.0,25041.0,38.5,31.0,0.0,0.0,2.0,0.0,747.0,8.0,0.0622568093385214,0.5161290322580645,284.0,0.0,0.0,-1.0,0
25325.0,36.0,15.61,885.49,15.0,9.0,1.0,60424.0,1.0,0.0,30.81,19.0,0.0,48353.0,79.4,33.0,1.0,0.0,0.0,0.0,672.0,8.0,0.4191215411094929,0.5757575757575758,191.0,0.0,0.0,-1.0,0
6700.0,36.0,13.35,226.89,11.0,1.0,2.0,20000.0,2.0,4.0,27.94,10.0,0.0,5293.0,68.7,11.0,1.0,0.0,0.0,0.0,662.0,8.0,0.335,0.9090909090909092,72.0,0.0,0.0,-1.0,1
13000.0,36.0,10.99,425.55,7.0,1.0,0.0,85000.0,0.0,4.0,18.99,11.0,0.0,19150.0,65.8,35.0,0.0,0.0,2.0,0.0,717.0,8.0,0.1529411764705882,0.3142857142857143,144.0,0.0,0.0,-1.0,0
5000.0,36.0,15.61,174.83,15.0,4.0,1.0,57663.0,2.0,0.0,20.98,25.0,2.0,5235.0,24.3,43.0,0.0,0.0,0.0,0.0,707.0,8.0,0.0867107157102474,0.5813953488372093,191.0,0.0104712041884816,0.0,0.0,0
22500.0,60.0,7.69,452.89,3.0,10.0,0.0,90000.0,1.0,0.0,19.51,12.0,0.0,66183.0,49.8,39.0,1.0,0.0,5.0,0.0,752.0,8.0,0.25,0.3076923076923077,221.0,0.0,0.0,-1.0,0
18000.0,36.0,16.99,641.66,17.0,3.0,1.0,43000.0,2.0,0.0,33.25,20.0,0.0,9902.0,33.5,70.0,1.0,0.0,6.0,0.0,702.0,8.0,0.4186046511627907,0.2857142857142857,198.0,0.0,0.0,-1.0,0
24000.0,60.0,10.99,521.7,7.0,10.0,1.0,146000.0,1.0,0.0,11.45,6.0,0.0,21102.0,79.9,25.0,1.0,0.0,0.0,0.0,732.0,8.0,0.1643835616438356,0.24,181.0,0.0,0.0,-1.0,0
10000.0,36.0,6.03,304.36,0.0,10.0,0.0,82000.0,1.0,0.0,23.34,13.0,0.0,11568.0,30.5,20.0,0.0,0.0,3.0,0.0,747.0,8.0,0.1219512195121951,0.65,215.0,0.0,0.0,-1.0,0
17000.0,36.0,12.99,572.72,10.0,10.0,2.0,60000.0,1.0,0.0,16.22,9.0,0.0,12473.0,63.0,15.0,0.0,0.0,0.0,0.0,672.0,8.0,0.2833333333333333,0.6,124.0,0.0,0.0,-1.0,0
28000.0,60.0,10.15,596.99,6.0,10.0,0.0,109000.0,1.0,0.0,19.71,9.0,0.0,51983.0,88.0,18.0,1.0,0.0,2.0,0.0,722.0,8.0,0.2568807339449541,0.5,186.0,0.0,0.0,-1.0,0
11000.0,36.0,13.35,372.5,11.0,7.0,0.0,93000.0,0.0,0.0,12.49,10.0,0.0,10898.0,79.5,21.0,1.0,0.0,1.0,0.0,662.0,8.0,0.1182795698924731,0.4761904761904761,183.0,0.0,0.0,-1.0,0
4000.0,36.0,14.49,137.67,13.0,8.0,2.0,49028.0,0.0,0.0,12.85,8.0,1.0,9634.0,47.9,29.0,1.0,0.0,1.0,1.0,687.0,8.0,0.0815860324712409,0.2758620689655172,156.0,0.0064102564102564,0.0064102564102564,1.0,0
20000.0,60.0,20.2,532.11,22.0,1.0,0.0,175000.0,1.0,0.0,16.77,12.0,1.0,17253.0,59.3,33.0,1.0,0.0,3.0,1.0,707.0,8.0,0.1142857142857142,0.3636363636363636,185.0,0.0054054054054054,0.0054054054054054,1.0,1
17250.0,60.0,18.99,447.38,20.0,6.0,0.0,72000.0,1.0,0.0,19.75,13.0,0.0,8934.0,88.5,20.0,1.0,0.0,1.0,0.0,667.0,8.0,0.2395833333333333,0.65,85.0,0.0,0.0,-1.0,1
3200.0,36.0,13.98,109.34,12.0,10.0,0.0,85000.0,1.0,2.0,28.43,22.0,0.0,40005.0,58.7,41.0,1.0,0.0,1.0,0.0,672.0,8.0,0.0376470588235294,0.5365853658536586,324.0,0.0,0.0,-1.0,0
32000.0,60.0,14.99,761.11,14.0,2.0,1.0,130000.0,1.0,0.0,16.75,14.0,0.0,28600.0,75.5,42.0,1.0,0.0,2.0,0.0,697.0,8.0,0.2461538461538461,0.3333333333333333,180.0,0.0,0.0,-1.0,0
16150.0,60.0,20.2,429.68,22.0,8.0,1.0,54000.0,2.0,0.0,35.0,14.0,0.0,48074.0,93.7,26.0,0.0,0.0,5.0,0.0,667.0,8.0,0.299074074074074,0.5384615384615384,254.0,0.0,0.0,-1.0,1
35000.0,60.0,13.98,814.03,12.0,10.0,0.0,150000.0,1.0,0.0,13.76,12.0,0.0,47952.0,90.3,38.0,1.0,0.0,12.0,0.0,707.0,8.0,0.2333333333333333,0.3157894736842105,221.0,0.0,0.0,-1.0,0
3000.0,36.0,10.99,98.21,7.0,10.0,0.0,59000.0,0.0,0.0,26.63,15.0,0.0,15060.0,64.1,38.0,0.0,0.0,5.0,0.0,677.0,8.0,0.0508474576271186,0.3947368421052631,373.0,0.0,0.0,-1.0,0
15000.0,36.0,7.12,463.98,2.0,2.0,0.0,135000.0,0.0,0.0,16.3,14.0,0.0,18437.0,76.2,38.0,1.0,0.0,5.0,0.0,672.0,8.0,0.1111111111111111,0.3684210526315789,185.0,0.0,0.0,-1.0,1
12000.0,36.0,6.49,367.74,1.0,1.0,0.0,120000.0,0.0,0.0,14.73,23.0,0.0,78499.0,35.7,45.0,0.0,0.0,2.0,0.0,712.0,8.0,0.1,0.5111111111111111,140.0,0.0,0.0,-1.0,0
19125.0,60.0,22.15,529.85,24.0,8.0,1.0,56356.0,1.0,0.0,15.8,8.0,1.0,3291.0,32.3,27.0,1.0,0.0,1.0,1.0,677.0,8.0,0.3393604940024132,0.2962962962962963,229.0,0.0043668122270742,0.0043668122270742,1.0,0
33600.0,36.0,8.39,1058.96,4.0,8.0,0.0,115000.0,2.0,0.0,20.12,8.0,0.0,40660.0,73.0,19.0,1.0,0.0,4.0,0.0,722.0,8.0,0.2921739130434783,0.4210526315789473,341.0,0.0,0.0,-1.0,0
20000.0,36.0,18.99,733.02,20.0,5.0,0.0,200000.0,2.0,0.0,20.28,15.0,0.0,8527.0,73.5,22.0,1.0,0.0,0.0,0.0,672.0,8.0,0.1,0.6818181818181818,60.0,0.0,0.0,-1.0,1
7200.0,36.0,10.99,235.69,7.0,3.0,1.0,72000.0,0.0,0.0,9.32,11.0,0.0,7597.0,59.8,18.0,0.0,0.0,0.0,0.0,667.0,8.0,0.1,0.6111111111111112,63.0,0.0,0.0,-1.0,0
1200.0,36.0,18.99,43.99,20.0,7.0,0.0,18000.0,0.0,0.0,11.33,5.0,0.0,1823.0,60.8,23.0,1.0,0.0,1.0,0.0,662.0,8.0,0.0666666666666666,0.217391304347826,331.0,0.0,0.0,-1.0,0
9000.0,36.0,13.35,304.77,11.0,8.0,1.0,65000.0,1.0,2.0,22.66,12.0,1.0,7759.0,49.7,21.0,1.0,0.0,0.0,1.0,667.0,8.0,0.1384615384615384,0.5714285714285714,152.0,0.006578947368421,0.006578947368421,1.0,0
21000.0,60.0,12.99,477.71,10.0,1.0,1.0,50000.0,1.0,0.0,25.27,8.0,0.0,14543.0,55.3,16.0,1.0,0.0,0.0,0.0,697.0,8.0,0.42,0.5,90.0,0.0,0.0,-1.0,0
5600.0,36.0,12.99,188.66,10.0,4.0,2.0,95000.0,1.0,0.0,11.95,8.0,1.0,4458.0,41.7,34.0,1.0,0.0,1.0,1.0,667.0,8.0,0.0589473684210526,0.2352941176470588,196.0,0.0051020408163265,0.0051020408163265,1.0,0
22036.037109375,36.0,14.49,758.3948754882813,13.0,8.0,1.0,1962794.5,1.0,0.0,99.68088623046876,25.0,1.0,547376.25,7.629394502828291e-07,42.0,1.0,0.0,4.0,0.0,697.0,8.0,0.011226848761240582,0.5952380681649233,573.0,0.0017452006980802,0.0,0.0,0
16000.0,36.0,10.15,517.41,6.0,10.0,1.0,80000.0,1.0,0.0,19.43,9.0,0.0,19400.0,74.0,19.0,0.0,0.0,3.0,0.0,687.0,8.0,0.2,0.4736842105263157,217.0,0.0,0.0,-1.0,0
15000.0,60.0,13.98,348.87,12.0,0.0,1.0,54000.0,1.0,0.0,35.44,18.0,0.0,2133.0,7.4,33.0,0.0,0.0,0.0,0.0,777.0,8.0,0.2777777777777778,0.5454545454545454,150.0,0.0,0.0,-1.0,1
10800.0,36.0,11.67,357.02,8.0,10.0,2.0,130000.0,1.0,0.0,13.96,7.0,1.0,5469.0,37.2,13.0,0.0,0.0,2.0,0.0,687.0,8.0,0.083076923076923,0.5384615384615384,153.0,0.0065359477124183,0.0,0.0,0
12000.0,36.0,16.29,423.61,16.0,9.0,1.0,44000.0,1.0,7.0,16.04,6.0,0.0,4270.0,41.9,17.0,1.0,0.0,0.0,0.0,687.0,8.0,0.2727272727272727,0.3529411764705882,287.0,0.0,0.0,-1.0,1
24000.0,60.0,16.99,596.34,17.0,7.0,0.0,60000.0,1.0,0.0,39.8,12.0,1.0,132413.0,63.4,28.0,1.0,0.0,2.0,0.0,672.0,8.0,0.4,0.4285714285714285,164.0,0.0060975609756097,0.0,0.0,0
8400.0,36.0,13.98,287.02,12.0,0.0,0.0,62000.0,0.0,0.0,19.77,9.0,0.0,14429.0,84.4,17.0,0.0,0.0,1.0,0.0,682.0,8.0,0.1354838709677419,0.5294117647058824,130.0,0.0,0.0,-1.0,0
20000.0,36.0,7.12,618.64,2.0,10.0,2.0,75000.0,1.0,0.0,22.16,14.0,0.0,63367.0,32.1,38.0,1.0,0.0,10.0,0.0,787.0,8.0,0.2666666666666666,0.3684210526315789,198.0,0.0,0.0,-1.0,0
20050.0,36.0,15.61,701.05,15.0,10.0,0.0,95000.0,1.0,0.0,6.27,12.0,1.0,7234.0,39.3,25.0,1.0,0.0,1.0,1.0,697.0,8.0,0.2110526315789473,0.48,158.0,0.0063291139240506,0.0063291139240506,1.0,0
25375.0,36.0,14.99,879.51,14.0,0.0,0.0,105000.0,2.0,4.0,35.2,13.0,0.0,15395.0,52.0,37.0,0.0,0.0,6.0,0.0,702.0,8.0,0.2416666666666666,0.3513513513513513,182.0,0.0,0.0,-1.0,0
6850.0,36.0,12.99,230.78,10.0,7.0,0.0,112000.0,2.0,0.0,27.31,12.0,0.0,68644.0,89.8,20.0,1.0,0.0,2.0,0.0,702.0,9.0,0.0611607142857142,0.6,348.0,0.0,0.0,-1.0,0
6250.0,36.0,25.83,251.26,31.0,8.0,1.0,38000.0,2.0,1.0,16.71,5.0,0.0,5571.0,72.4,7.0,1.0,0.0,0.0,0.0,692.0,9.0,0.1644736842105263,0.7142857142857143,60.0,0.0,0.0,-1.0,0
5000.0,36.0,18.24,181.37,19.0,10.0,0.0,65000.0,2.0,5.0,37.8,20.0,0.0,26673.0,90.4,46.0,1.0,0.0,8.0,0.0,662.0,9.0,0.0769230769230769,0.4347826086956521,133.0,0.0,0.0,-1.0,0
5500.0,36.0,13.98,187.93,12.0,0.0,1.0,65000.0,1.0,0.0,34.88,11.0,0.0,22225.0,92.6,29.0,0.0,0.0,0.0,0.0,682.0,9.0,0.0846153846153846,0.3793103448275862,167.0,0.0,0.0,-1.0,0
29450.0,60.0,24.5,855.79,27.0,3.0,0.0,72000.0,1.0,0.0,30.67,18.0,0.0,64427.0,82.0,27.0,0.0,0.0,4.0,0.0,712.0,9.0,0.4090277777777777,0.6666666666666666,262.0,0.0,0.0,-1.0,1
4200.0,36.0,12.49,140.49,9.0,10.0,2.0,30000.0,0.0,2.0,17.21,8.0,0.0,2980.0,35.9,23.0,1.0,0.0,0.0,0.0,667.0,9.0,0.14,0.3478260869565217,233.0,0.0,0.0,-1.0,0
15000.0,60.0,13.98,348.87,12.0,9.0,0.0,350000.0,1.0,2.0,6.56,17.0,1.0,31251.0,65.9,21.0,0.0,0.0,3.0,1.0,667.0,9.0,0.0428571428571428,0.8095238095238095,233.0,0.0042918454935622,0.0042918454935622,1.0,0
7900.0,36.0,11.67,261.15,8.0,8.0,0.0,51000.0,1.0,0.0,38.52,16.0,0.0,18087.0,66.7,34.0,1.0,0.0,4.0,0.0,687.0,9.0,0.1549019607843137,0.4705882352941176,201.0,0.0,0.0,-1.0,1
4000.0,36.0,7.69,124.78,3.0,10.0,0.0,82000.0,1.0,4.0,7.39,9.0,1.0,2996.0,26.1,43.0,0.0,0.0,1.0,1.0,662.0,9.0,0.048780487804878,0.2093023255813953,288.0,0.0034722222222222,0.0034722222222222,1.0,0
14000.0,60.0,18.24,357.34,19.0,10.0,0.0,50000.0,0.0,0.0,24.92,9.0,0.0,5970.0,78.6,25.0,0.0,0.0,2.0,0.0,667.0,9.0,0.28,0.36,179.0,0.0,0.0,-1.0,1
25600.0,36.0,6.49,784.5,1.0,10.0,0.0,217000.0,1.0,4.0,15.95,13.0,0.0,37761.0,36.6,26.0,1.0,0.0,4.0,0.0,732.0,9.0,0.1179723502304147,0.5,332.0,0.0,0.0,-1.0,0
5250.0,36.0,16.99,187.16,17.0,1.0,1.0,80000.0,1.0,1.0,19.05,28.0,0.0,3684.0,49.1,62.0,1.0,0.0,0.0,0.0,672.0,9.0,0.065625,0.4516129032258064,94.0,0.0,0.0,-1.0,0
5000.0,36.0,8.39,157.59,4.0,1.0,1.0,25500.0,1.0,0.0,19.11,14.0,0.0,4165.0,12.8,18.0,0.0,0.0,0.0,0.0,712.0,9.0,0.196078431372549,0.7777777777777778,124.0,0.0,0.0,-1.0,0
12000.0,36.0,11.67,396.69,8.0,0.0,1.0,48000.0,0.0,0.0,32.68,14.0,0.0,16176.0,61.7,22.0,1.0,0.0,0.0,0.0,692.0,9.0,0.25,0.6363636363636364,96.0,0.0,0.0,-1.0,1
20000.0,36.0,7.12,618.64,2.0,5.0,0.0,96000.0,1.0,3.0,8.79,12.0,0.0,8032.0,13.1,20.0,0.0,0.0,2.0,0.0,782.0,9.0,0.2083333333333333,0.6,241.0,0.0,0.0,-1.0,0
10000.0,36.0,13.35,338.63,11.0,2.0,1.0,34000.0,1.0,0.0,21.32,21.0,0.0,4941.0,29.8,47.0,0.0,0.0,0.0,0.0,662.0,9.0,0.2941176470588235,0.4468085106382978,119.0,0.0,0.0,-1.0,1
9600.0,36.0,10.99,314.25,7.0,4.0,1.0,85000.0,0.0,0.0,17.33,18.0,0.0,10288.0,33.6,51.0,0.0,0.0,6.0,0.0,667.0,9.0,0.1129411764705882,0.3529411764705882,180.0,0.0,0.0,-1.0,0
4000.0,36.0,8.39,126.07,4.0,6.0,0.0,70000.0,2.0,4.0,3.65,7.0,2.0,11466.0,56.5,16.0,1.0,0.0,4.0,1.0,667.0,9.0,0.0571428571428571,0.4375,190.0,0.0105263157894736,0.0052631578947368,0.5,0
10625.0,36.0,10.15,343.59,6.0,10.0,1.0,36000.0,1.0,0.0,25.32,5.0,0.0,16627.0,65.5,19.0,0.0,0.0,0.0,0.0,697.0,9.0,0.2951388888888889,0.2631578947368421,210.0,0.0,0.0,-1.0,0
6775.0,36.0,16.29,239.17,16.0,10.0,0.0,45000.0,1.0,7.0,29.12,19.0,0.0,2131.0,92.7,22.0,1.0,0.0,0.0,0.0,692.0,9.0,0.1505555555555555,0.8636363636363636,114.0,0.0,0.0,-1.0,0
10000.0,36.0,14.49,344.17,13.0,6.0,1.0,30000.0,2.0,4.0,27.0,10.0,0.0,9482.0,60.4,13.0,0.0,0.0,0.0,0.0,687.0,9.0,0.3333333333333333,0.7692307692307693,199.0,0.0,0.0,-1.0,1
8800.0,36.0,7.12,272.21,2.0,9.0,0.0,80000.0,0.0,2.0,23.22,16.0,0.0,16947.0,27.7,34.0,0.0,0.0,3.0,0.0,722.0,9.0,0.11,0.4705882352941176,132.0,0.0,0.0,-1.0,0
16750.0,36.0,13.35,567.21,11.0,10.0,0.0,42000.0,0.0,0.0,19.63,8.0,0.0,30738.0,74.8,14.0,1.0,0.0,2.0,0.0,677.0,9.0,0.3988095238095238,0.5714285714285714,202.0,0.0,0.0,-1.0,0
17000.0,60.0,17.57,427.73,18.0,8.0,1.0,48000.0,1.0,0.0,20.48,8.0,0.0,15688.0,83.0,13.0,0.0,0.0,0.0,0.0,702.0,9.0,0.3541666666666667,0.6153846153846154,89.0,0.0,0.0,-1.0,1
16000.0,60.0,17.57,402.57,18.0,10.0,0.0,51979.0,0.0,3.0,37.73,7.0,0.0,19675.0,87.8,17.0,1.0,0.0,3.0,0.0,672.0,9.0,0.3078166182496777,0.4117647058823529,148.0,0.0,0.0,-1.0,1
35000.0,60.0,13.98,814.03,12.0,10.0,0.0,150000.0,2.0,4.0,11.34,10.0,0.0,155869.0,90.0,20.0,0.0,0.0,2.0,0.0,722.0,9.0,0.2333333333333333,0.5,330.0,0.0,0.0,-1.0,0
6400.0,36.0,13.35,216.73,11.0,2.0,1.0,64000.0,0.0,10.0,15.04,13.0,0.0,14099.0,79.7,24.0,0.0,0.0,0.0,0.0,667.0,9.0,0.1,0.5416666666666666,193.0,0.0,0.0,-1.0,1
20050.0,60.0,14.49,471.64,13.0,10.0,0.0,145000.0,2.0,0.0,26.32,19.0,0.0,41322.0,76.9,29.0,1.0,0.0,2.0,0.0,707.0,9.0,0.1382758620689655,0.6551724137931034,182.0,0.0,0.0,-1.0,0
18450.0,60.0,18.99,478.51,20.0,4.0,1.0,55000.0,2.0,0.0,33.04,21.0,0.0,1835.0,17.8,26.0,0.0,0.0,0.0,0.0,742.0,9.0,0.3354545454545454,0.8076923076923077,74.0,0.0,0.0,-1.0,1
6000.0,36.0,12.99,202.14,10.0,8.0,1.0,41000.0,2.0,0.0,33.46,15.0,0.0,5615.0,22.8,47.0,1.0,0.0,0.0,0.0,737.0,9.0,0.1463414634146341,0.3191489361702128,156.0,0.0,0.0,-1.0,0
2000.0,36.0,12.49,66.9,9.0,0.0,0.0,80000.0,0.0,0.0,12.29,12.0,0.0,10643.0,77.1,24.0,1.0,0.0,1.0,0.0,677.0,9.0,0.025,0.5,85.0,0.0,0.0,-1.0,0
35000.0,36.0,8.39,1103.09,4.0,10.0,0.0,123000.0,1.0,0.0,10.77,16.0,0.0,25362.0,30.3,44.0,0.0,0.0,6.0,0.0,742.0,9.0,0.2845528455284553,0.3636363636363636,252.0,0.0,0.0,-1.0,0
35000.0,36.0,10.15,1131.82,6.0,10.0,0.0,167000.0,2.0,0.0,8.24,14.0,0.0,9415.0,59.6,35.0,0.0,0.0,4.0,0.0,732.0,9.0,0.2095808383233532,0.4,355.0,0.0,0.0,-1.0,0
10000.0,36.0,7.12,309.32,2.0,9.0,2.0,130000.0,0.0,4.0,12.04,19.0,0.0,17171.0,35.4,43.0,0.0,0.0,7.0,0.0,722.0,9.0,0.0769230769230769,0.4418604651162791,265.0,0.0,0.0,-1.0,0
14575.0,36.0,13.35,493.56,11.0,2.0,1.0,48000.0,0.0,4.0,12.93,16.0,0.0,5172.0,43.1,23.0,0.0,0.0,0.0,0.0,662.0,9.0,0.3036458333333333,0.6956521739130435,175.0,0.0,0.0,-1.0,1
29975.0,60.0,13.35,687.41,11.0,4.0,0.0,60000.0,1.0,4.0,29.11,6.0,0.0,13122.0,68.0,15.0,0.0,0.0,1.0,0.0,722.0,9.0,0.4995833333333333,0.4,114.0,0.0,0.0,-1.0,1
24000.0,36.0,12.99,808.54,10.0,1.0,0.0,280000.0,1.0,0.0,13.05,14.0,1.0,11545.0,36.0,24.0,1.0,0.0,2.0,0.0,692.0,9.0,0.0857142857142857,0.5833333333333334,146.0,0.0068493150684931,0.0,0.0,1
12553.5986328125,36.0,16.29,443.15107666015626,16.0,0.0,1.0,1872867.0,1.0,5.0,115.4242578125,8.0,0.0,572181.6875,20.5542142868042,15.0,0.0,0.0,9.0,0.0,697.0,9.0,0.0067028788768726255,0.5333333333333333,74.0,0.0,0.0,-1.0,0
10000.0,36.0,6.03,304.36,0.0,2.0,0.0,200000.0,1.0,4.0,11.67,17.0,0.0,4768.0,6.3,52.0,1.0,0.0,4.0,0.0,797.0,9.0,0.05,0.3269230769230769,226.0,0.0,0.0,-1.0,0
28000.0,60.0,10.99,608.65,7.0,1.0,0.0,80000.0,1.0,0.0,20.37,13.0,0.0,11745.0,51.5,23.0,0.0,0.0,3.0,0.0,747.0,9.0,0.35,0.5652173913043478,175.0,0.0,0.0,-1.0,0
6000.0,36.0,13.35,203.18,11.0,1.0,1.0,36500.0,1.0,0.0,18.15,22.0,0.0,4680.0,43.7,33.0,1.0,0.0,0.0,0.0,707.0,9.0,0.1643835616438356,0.6666666666666666,70.0,0.0,0.0,-1.0,0
15000.0,36.0,14.99,519.91,14.0,10.0,0.0,35000.0,0.0,0.0,15.47,12.0,0.0,13246.0,66.2,20.0,0.0,0.0,5.0,0.0,687.0,9.0,0.4285714285714285,0.6,118.0,0.0,0.0,-1.0,0
20000.0,36.0,14.49,688.33,13.0,10.0,1.0,85000.0,1.0,6.0,17.69,10.0,0.0,18326.0,66.4,15.0,0.0,0.0,1.0,0.0,682.0,9.0,0.2352941176470588,0.6666666666666666,275.0,0.0,0.0,-1.0,1
3750.0,36.0,17.57,134.77,18.0,6.0,0.0,34000.0,0.0,4.0,12.42,5.0,0.0,4671.0,41.7,6.0,1.0,0.0,0.0,0.0,697.0,9.0,0.1102941176470588,0.8333333333333334,52.0,0.0,0.0,-1.0,0
16150.0,36.0,18.99,591.92,20.0,2.0,1.0,45000.0,0.0,5.0,31.7,12.0,1.0,9811.0,83.1,55.0,1.0,0.0,0.0,0.0,667.0,9.0,0.3588888888888888,0.2181818181818181,151.0,0.0066225165562913,0.0,0.0,0
15000.0,60.0,8.39,306.96,4.0,0.0,0.0,100000.0,0.0,0.0,14.36,12.0,0.0,5108.0,7.3,27.0,0.0,0.0,4.0,0.0,817.0,9.0,0.15,0.4444444444444444,427.0,0.0,0.0,-1.0,0
23600.0,60.0,15.61,569.03,15.0,10.0,0.0,50000.0,1.0,4.0,24.96,11.0,0.0,21102.0,75.6,22.0,0.0,0.0,3.0,0.0,732.0,9.0,0.472,0.5,274.0,0.0,0.0,-1.0,0
20000.0,36.0,7.69,623.88,3.0,10.0,0.0,106826.0,1.0,0.0,23.01,9.0,0.0,9589.0,71.0,40.0,0.0,0.0,3.0,0.0,702.0,9.0,0.187220339617696,0.225,383.0,0.0,0.0,-1.0,0
9000.0,36.0,12.49,301.04,9.0,9.0,0.0,85000.0,1.0,0.0,16.79,15.0,0.0,14886.0,54.3,29.0,0.0,0.0,4.0,0.0,672.0,9.0,0.1058823529411764,0.5172413793103449,207.0,0.0,0.0,-1.0,0
10000.0,36.0,13.35,338.63,11.0,6.0,1.0,55000.0,0.0,0.0,27.75,17.0,0.0,16264.0,73.1,37.0,0.0,0.0,0.0,0.0,662.0,9.0,0.1818181818181818,0.4594594594594595,239.0,0.0,0.0,-1.0,0
20000.0,36.0,6.49,612.89,1.0,9.0,1.0,76000.0,1.0,0.0,12.82,7.0,1.0,10280.0,77.9,13.0,0.0,0.0,0.0,1.0,697.0,9.0,0.2631578947368421,0.5384615384615384,187.0,0.0053475935828877,0.0053475935828877,1.0,0
11875.0,60.0,20.2,315.94,22.0,1.0,1.0,33280.0,1.0,0.0,21.35,7.0,1.0,7889.0,64.1,12.0,0.0,0.0,0.0,1.0,662.0,9.0,0.3568209134615384,0.5833333333333334,143.0,0.0069930069930069,0.0069930069930069,1.0,0
24000.0,36.0,11.67,793.37,8.0,10.0,2.0,100000.0,1.0,0.0,20.68,10.0,0.0,59227.0,43.5,36.0,1.0,0.0,2.0,0.0,682.0,9.0,0.24,0.2777777777777778,363.0,0.0,0.0,-1.0,0
5675.0,36.0,19.52,209.52,21.0,0.0,1.0,70000.0,0.0,5.0,25.78,7.0,0.0,12593.0,93.0,13.0,1.0,0.0,0.0,0.0,662.0,9.0,0.0810714285714285,0.5384615384615384,127.0,0.0,0.0,-1.0,1
14700.0,36.0,10.15,475.37,6.0,10.0,1.0,49000.0,1.0,0.0,28.95,8.0,0.0,3305.0,25.0,22.0,1.0,0.0,0.0,0.0,742.0,9.0,0.3,0.3636363636363636,150.0,0.0,0.0,-1.0,0
22050.0,60.0,25.57,654.59,29.0,7.0,1.0,60000.0,1.0,2.0,2.92,19.0,2.0,15863.0,25.2,34.0,0.0,0.0,0.0,0.0,692.0,9.0,0.3675,0.5588235294117647,328.0,0.0060975609756097,0.0,0.0,0
10000.0,36.0,6.49,306.45,1.0,10.0,0.0,78000.0,0.0,4.0,10.65,11.0,0.0,8223.0,31.3,26.0,0.0,0.0,5.0,0.0,742.0,9.0,0.1282051282051282,0.4230769230769231,295.0,0.0,0.0,-1.0,0
15775.0,60.0,16.99,391.97,17.0,10.0,1.0,36000.0,1.0,0.0,10.77,4.0,0.0,12260.0,89.5,8.0,0.0,0.0,0.0,0.0,702.0,9.0,0.4381944444444444,0.5,306.0,0.0,0.0,-1.0,0
20000.0,36.0,11.67,661.14,8.0,3.0,0.0,90000.0,1.0,0.0,15.51,18.0,0.0,29823.0,65.1,35.0,0.0,0.0,6.0,0.0,672.0,9.0,0.2222222222222222,0.5142857142857142,166.0,0.0,0.0,-1.0,0
5500.0,36.0,10.99,180.04,7.0,10.0,1.0,60000.0,0.0,4.0,22.25,6.0,0.0,8023.0,80.2,14.0,1.0,0.0,0.0,0.0,697.0,9.0,0.0916666666666666,0.4285714285714285,172.0,0.0,0.0,-1.0,0
6675.0,36.0,16.29,235.63,16.0,9.0,1.0,42000.0,1.0,0.0,18.45,11.0,1.0,5377.0,30.4,17.0,0.0,0.0,0.0,0.0,662.0,9.0,0.1589285714285714,0.6470588235294118,106.0,0.0094339622641509,0.0,0.0,0
12000.0,60.0,20.2,319.27,22.0,10.0,0.0,55000.0,0.0,0.0,22.8,9.0,0.0,32812.0,82.4,14.0,0.0,0.0,1.0,0.0,697.0,9.0,0.2181818181818181,0.6428571428571429,80.0,0.0,0.0,-1.0,0
26000.0,60.0,13.35,596.25,11.0,10.0,1.0,56000.0,1.0,0.0,22.39,12.0,0.0,16297.0,39.4,22.0,0.0,0.0,0.0,0.0,742.0,9.0,0.4642857142857143,0.5454545454545454,218.0,0.0,0.0,-1.0,0
17975.0,60.0,17.57,452.26,18.0,6.0,1.0,40000.0,1.0,0.0,34.79,15.0,0.0,10201.0,60.4,23.0,1.0,0.0,0.0,0.0,692.0,9.0,0.449375,0.6521739130434783,122.0,0.0,0.0,-1.0,1
10000.0,36.0,13.35,338.63,11.0,9.0,1.0,58000.0,0.0,0.0,17.75,5.0,0.0,2235.0,63.9,20.0,0.0,0.0,0.0,0.0,677.0,9.0,0.1724137931034483,0.25,228.0,0.0,0.0,-1.0,0
4500.0,36.0,12.49,150.52,9.0,10.0,2.0,42036.0,0.0,4.0,6.77,9.0,2.0,5878.0,60.6,14.0,0.0,0.0,3.0,1.0,672.0,9.0,0.1070510990579503,0.6428571428571429,130.0,0.0153846153846153,0.0076923076923076,0.5,0
13000.0,36.0,12.49,434.84,9.0,8.0,0.0,54000.0,0.0,0.0,13.98,6.0,0.0,6002.0,38.5,14.0,1.0,0.0,2.0,0.0,747.0,9.0,0.2407407407407407,0.4285714285714285,91.0,0.0,0.0,-1.0,0
6400.0,36.0,13.98,218.68,12.0,8.0,1.0,65000.0,1.0,0.0,8.44,5.0,0.0,2902.0,76.4,16.0,1.0,0.0,0.0,0.0,662.0,9.0,0.0984615384615384,0.3125,157.0,0.0,0.0,-1.0,0
6000.0,36.0,13.35,203.18,11.0,3.0,0.0,75000.0,2.0,2.0,9.6,7.0,0.0,1733.0,22.5,12.0,1.0,0.0,0.0,0.0,687.0,9.0,0.08,0.5833333333333334,131.0,0.0,0.0,-1.0,0
5000.0,36.0,10.15,161.69,6.0,4.0,0.0,37000.0,1.0,4.0,22.09,7.0,5.0,11596.0,78.4,16.0,1.0,0.0,0.0,1.0,662.0,9.0,0.1351351351351351,0.4375,390.0,0.0128205128205128,0.0025641025641025,0.2,0
24000.0,36.0,10.99,785.62,7.0,10.0,0.0,210000.0,1.0,0.0,14.19,18.0,0.0,37320.0,40.5,27.0,1.0,0.0,1.0,0.0,717.0,9.0,0.1142857142857142,0.6666666666666666,207.0,0.0,0.0,-1.0,0
5000.0,36.0,6.03,152.18,0.0,10.0,1.0,55000.0,0.0,0.0,20.77,14.0,0.0,5151.0,8.6,39.0,1.0,0.0,4.0,0.0,732.0,9.0,0.0909090909090909,0.358974358974359,164.0,0.0,0.0,-1.0,0
15000.0,36.0,7.69,467.91,3.0,5.0,0.0,167000.0,1.0,0.0,9.55,14.0,0.0,28336.0,70.8,20.0,0.0,0.0,1.0,0.0,702.0,9.0,0.0898203592814371,0.7,189.0,0.0,0.0,-1.0,0
15000.0,36.0,13.98,512.52,12.0,10.0,0.0,68000.0,2.0,2.0,29.16,29.0,1.0,11076.0,33.6,73.0,1.0,0.0,5.0,1.0,667.0,9.0,0.2205882352941176,0.3972602739726027,245.0,0.0040816326530612,0.0040816326530612,1.0,0
15200.0,60.0,25.83,453.57,31.0,2.0,1.0,48000.0,1.0,0.0,24.95,15.0,1.0,5017.0,30.8,25.0,0.0,0.0,0.0,1.0,697.0,9.0,0.3166666666666666,0.6,131.0,0.0076335877862595,0.0076335877862595,1.0,0
28000.0,60.0,7.69,563.6,3.0,10.0,0.0,120000.0,1.0,4.0,24.63,25.0,0.0,51872.0,44.3,47.0,0.0,0.0,4.0,0.0,717.0,9.0,0.2333333333333333,0.5319148936170213,364.0,0.0,0.0,-1.0,0
9025.0,36.0,15.61,315.56,15.0,4.0,1.0,26818.0,1.0,5.0,26.99,6.0,0.0,1949.0,32.0,11.0,0.0,0.0,0.0,0.0,677.0,9.0,0.3365277052725781,0.5454545454545454,136.0,0.0,0.0,-1.0,0
10000.0,36.0,16.29,353.01,16.0,1.0,1.0,48000.0,0.0,0.0,35.11,21.0,0.0,7939.0,52.9,28.0,1.0,0.0,0.0,0.0,672.0,9.0,0.2083333333333333,0.75,152.0,0.0,0.0,-1.0,0
23625.0,36.0,11.67,780.97,8.0,7.0,1.0,59217.86,1.0,0.0,13.88,9.0,0.0,46378.0,93.9,27.0,0.0,0.0,4.0,0.0,672.0,9.0,0.3989505868668675,0.3333333333333333,176.0,0.0,0.0,-1.0,0
19200.0,60.0,14.49,451.65,13.0,3.0,1.0,48000.0,1.0,0.0,17.4,9.0,0.0,4535.0,51.5,12.0,0.0,0.0,0.0,0.0,697.0,9.0,0.4,0.75,140.0,0.0,0.0,-1.0,0
6000.0,36.0,12.49,200.7,9.0,1.0,0.0,52000.0,0.0,5.0,10.57,9.0,0.0,9263.0,54.2,10.0,1.0,0.0,0.0,0.0,692.0,9.0,0.1153846153846153,0.9,82.0,0.0,0.0,-1.0,0
8800.0,36.0,7.69,274.51,3.0,6.0,2.0,33000.0,0.0,0.0,14.87,3.0,0.0,4104.0,43.7,20.0,1.0,0.0,0.0,0.0,737.0,9.0,0.2666666666666666,0.15,165.0,0.0,0.0,-1.0,0
32093.94921875,60.0,23.43,912.6887548828125,25.0,0.0,0.0,2744804.25,2.0,2.0,68.88301956176758,13.0,0.0,380498.75,45.68875579833984,29.0,1.0,0.0,18.0,0.0,752.0,9.0,0.011692623297373472,0.4482758606181425,399.0,0.0,0.0,-1.0,0
12000.0,36.0,7.69,374.33,3.0,3.0,1.0,95250.0,0.0,0.0,24.08,21.0,1.0,15450.0,46.7,43.0,1.0,0.0,2.0,0.0,667.0,9.0,0.1259842519685039,0.4883720930232558,191.0,0.0052356020942408,0.0,0.0,0
27900.0,36.0,14.49,960.21,13.0,4.0,0.0,285000.0,1.0,4.0,6.38,14.0,0.0,1311.0,8.5,32.0,0.0,0.0,1.0,0.0,692.0,9.0,0.0978947368421052,0.4375,159.0,0.0,0.0,-1.0,1
18975.0,60.0,24.5,551.4,27.0,4.0,1.0,56000.0,2.0,5.0,2.94,5.0,1.0,1585.0,17.0,8.0,0.0,0.0,0.0,0.0,682.0,9.0,0.3388392857142857,0.625,83.0,0.0120481927710843,0.0,0.0,0
22875.0,36.0,18.24,829.75,19.0,10.0,1.0,52000.0,2.0,4.0,12.85,10.0,0.0,21342.0,79.6,21.0,0.0,0.0,0.0,0.0,687.0,9.0,0.4399038461538461,0.4761904761904761,199.0,0.0,0.0,-1.0,0
25000.0,36.0,13.98,854.2,12.0,4.0,1.0,117000.0,1.0,4.0,10.39,17.0,0.0,15021.0,64.2,17.0,1.0,0.0,0.0,0.0,702.0,9.0,0.2136752136752136,1.0,121.0,0.0,0.0,-1.0,0
12000.0,36.0,11.67,396.69,8.0,4.0,0.0,55000.0,1.0,4.0,34.45,13.0,0.0,16045.0,42.7,23.0,1.0,0.0,0.0,0.0,722.0,9.0,0.2181818181818181,0.5652173913043478,267.0,0.0,0.0,-1.0,1
11750.0,60.0,12.99,267.29,10.0,10.0,0.0,65000.0,1.0,0.0,11.54,12.0,0.0,9910.0,35.1,30.0,1.0,0.0,8.0,0.0,697.0,9.0,0.1807692307692307,0.4,319.0,0.0,0.0,-1.0,0
20000.0,36.0,9.17,637.58,5.0,10.0,0.0,110000.0,1.0,0.0,24.11,28.0,1.0,33851.0,49.6,49.0,1.0,0.0,1.0,0.0,712.0,9.0,0.1818181818181818,0.5714285714285714,239.0,0.00418410041841,0.0,0.0,0
22800.0,36.0,13.98,779.03,12.0,4.0,1.0,60000.0,2.0,0.0,26.46,12.0,0.0,19747.0,71.3,16.0,1.0,0.0,0.0,0.0,717.0,9.0,0.38,0.75,281.0,0.0,0.0,-1.0,0
20000.0,36.0,13.35,677.26,11.0,10.0,0.0,100000.0,2.0,0.0,19.26,15.0,0.0,23347.0,51.7,46.0,1.0,0.0,3.0,0.0,662.0,9.0,0.2,0.3260869565217391,255.0,0.0,0.0,-1.0,0
5600.0,36.0,11.67,185.12,8.0,10.0,0.0,37000.0,0.0,8.0,15.12,4.0,1.0,1469.0,86.4,11.0,1.0,0.0,2.0,1.0,692.0,9.0,0.1513513513513513,0.3636363636363636,460.0,0.0021739130434782,0.0021739130434782,1.0,0
12000.0,36.0,6.49,367.74,1.0,10.0,0.0,54000.0,0.0,4.0,28.87,24.0,0.0,23418.0,32.9,49.0,1.0,0.0,1.0,0.0,737.0,9.0,0.2222222222222222,0.4897959183673469,244.0,0.0,0.0,-1.0,0
9000.0,36.0,19.52,332.28,21.0,8.0,1.0,30000.0,1.0,9.0,36.48,16.0,0.0,8853.0,61.5,20.0,0.0,0.0,0.0,0.0,672.0,9.0,0.3,0.8,113.0,0.0,0.0,-1.0,1
14000.0,36.0,13.35,474.08,11.0,0.0,0.0,35000.0,1.0,4.0,27.19,9.0,0.0,11210.0,62.6,27.0,1.0,0.0,1.0,0.0,692.0,9.0,0.4,0.3333333333333333,108.0,0.0,0.0,-1.0,0
6400.0,36.0,15.61,223.78,15.0,6.0,0.0,84200.0,2.0,0.0,24.97,31.0,0.0,13157.0,31.9,42.0,0.0,0.0,1.0,0.0,682.0,9.0,0.0760095011876484,0.7380952380952381,154.0,0.0,0.0,-1.0,1
6500.0,36.0,9.17,207.22,5.0,10.0,0.0,56420.0,1.0,4.0,12.74,8.0,1.0,6235.0,81.0,25.0,0.0,0.0,5.0,1.0,697.0,9.0,0.1152073732718894,0.32,232.0,0.0043103448275862,0.0043103448275862,1.0,0
10000.0,36.0,9.17,318.79,5.0,8.0,0.0,83000.0,1.0,0.0,11.33,11.0,0.0,13964.0,41.0,40.0,1.0,0.0,0.0,0.0,682.0,9.0,0.1204819277108433,0.275,92.0,0.0,0.0,-1.0,0
3600.0,36.0,13.35,121.91,11.0,3.0,0.0,120000.0,0.0,2.0,13.43,7.0,0.0,6257.0,100.9,23.0,1.0,0.0,5.0,0.0,682.0,9.0,0.03,0.3043478260869565,267.0,0.0,0.0,-1.0,0
2400.0,36.0,13.35,81.28,11.0,10.0,1.0,73000.0,0.0,0.0,19.37,16.0,0.0,13717.0,67.6,35.0,1.0,0.0,0.0,0.0,662.0,9.0,0.0328767123287671,0.4571428571428571,318.0,0.0,0.0,-1.0,0
6000.0,36.0,7.69,187.17,3.0,10.0,0.0,95000.0,0.0,2.0,6.51,8.0,1.0,2964.0,19.8,36.0,0.0,0.0,6.0,1.0,662.0,9.0,0.0631578947368421,0.2222222222222222,216.0,0.0046296296296296,0.0046296296296296,1.0,0
18000.0,36.0,11.67,595.03,8.0,8.0,1.0,40000.0,0.0,4.0,14.59,13.0,0.0,15602.0,35.3,25.0,1.0,0.0,0.0,0.0,702.0,9.0,0.45,0.52,161.0,0.0,0.0,-1.0,0
35000.0,36.0,17.57,1257.8,18.0,10.0,0.0,118000.0,2.0,0.0,2.97,10.0,1.0,22768.0,77.4,19.0,1.0,0.0,2.0,0.0,687.0,9.0,0.2966101694915254,0.5263157894736842,424.0,0.0023584905660377,0.0,0.0,0
4500.0,36.0,22.15,172.21,24.0,2.0,1.0,76500.0,2.0,10.0,23.64,19.0,1.0,5493.0,40.6,50.0,1.0,0.0,6.0,1.0,672.0,9.0,0.0588235294117647,0.38,249.0,0.0040160642570281,0.0040160642570281,1.0,0
13600.0,36.0,18.99,498.46,20.0,10.0,1.0,34124.0,2.0,0.0,27.12,25.0,1.0,14994.0,55.9,31.0,1.0,0.0,0.0,1.0,662.0,9.0,0.3985464775524557,0.8064516129032258,148.0,0.0067567567567567,0.0067567567567567,1.0,0
7600.0,36.0,12.99,256.04,10.0,2.0,0.0,70000.0,1.0,4.0,20.18,15.0,0.0,27187.0,69.9,24.0,0.0,0.0,1.0,0.0,662.0,9.0,0.1085714285714285,0.625,237.0,0.0,0.0,-1.0,0
7000.0,36.0,12.99,235.83,10.0,4.0,2.0,34000.0,1.0,4.0,25.31,14.0,0.0,6127.0,29.9,23.0,0.0,0.0,0.0,0.0,682.0,9.0,0.2058823529411764,0.6086956521739131,83.0,0.0,0.0,-1.0,0
4000.0,36.0,17.57,143.75,18.0,5.0,0.0,40003.2,0.0,9.0,24.21,8.0,0.0,5553.0,41.1,20.0,0.0,0.0,2.0,0.0,707.0,9.0,0.0999920006399488,0.4,112.0,0.0,0.0,-1.0,0
2100.0,36.0,9.17,66.95,5.0,2.0,0.0,30000.0,2.0,0.0,7.2,14.0,0.0,1619.0,3.9,27.0,1.0,0.0,1.0,0.0,722.0,9.0,0.07,0.5185185185185185,199.0,0.0,0.0,-1.0,0
3000.0,36.0,12.49,100.35,9.0,2.0,1.0,33000.0,0.0,4.0,21.78,8.0,0.0,3224.0,35.0,21.0,1.0,0.0,0.0,0.0,667.0,9.0,0.0909090909090909,0.3809523809523809,73.0,0.0,0.0,-1.0,0
15000.0,36.0,7.12,463.98,2.0,0.0,0.0,90000.0,0.0,4.0,19.2,15.0,0.0,16967.0,44.4,49.0,1.0,0.0,5.0,0.0,727.0,9.0,0.1666666666666666,0.3061224489795918,304.0,0.0,0.0,-1.0,0
5450.0,36.0,16.99,194.29,17.0,10.0,1.0,24000.0,0.0,4.0,19.95,6.0,0.0,7409.0,88.2,7.0,0.0,0.0,0.0,0.0,677.0,9.0,0.2270833333333333,0.8571428571428571,134.0,0.0,0.0,-1.0,0
35000.0,36.0,9.17,1115.77,5.0,5.0,1.0,145000.0,2.0,0.0,18.77,26.0,0.0,22037.0,31.9,41.0,0.0,0.0,0.0,0.0,707.0,9.0,0.2413793103448276,0.6341463414634146,219.0,0.0,0.0,-1.0,0
17000.0,60.0,14.49,399.9,13.0,10.0,1.0,53000.0,1.0,4.0,15.17,6.0,0.0,15091.0,85.7,28.0,0.0,0.0,6.0,0.0,662.0,9.0,0.320754716981132,0.2142857142857142,151.0,0.0,0.0,-1.0,1
16950.0,36.0,25.83,681.4,31.0,0.0,1.0,50000.0,1.0,1.0,20.88,7.0,0.0,12728.0,65.6,14.0,0.0,0.0,0.0,0.0,667.0,9.0,0.339,0.5,90.0,0.0,0.0,-1.0,0
20000.0,36.0,9.17,637.58,5.0,10.0,0.0,80000.0,2.0,4.0,5.0,18.0,2.0,9026.0,10.6,36.0,0.0,0.0,2.0,0.0,742.0,9.0,0.25,0.5,377.0,0.0053050397877984,0.0,0.0,0
11850.0,60.0,18.99,307.34,20.0,0.0,1.0,27000.0,1.0,0.0,4.8,5.0,0.0,3537.0,33.1,15.0,0.0,0.0,3.0,0.0,692.0,9.0,0.4388888888888889,0.3333333333333333,196.0,0.0,0.0,-1.0,0
13475.0,36.0,16.29,475.68,16.0,7.0,1.0,43680.0,2.0,0.0,11.87,16.0,3.0,8859.0,63.8,23.0,1.0,0.0,0.0,2.0,662.0,9.0,0.3084935897435897,0.6956521739130435,330.0,0.009090909090909,0.006060606060606,0.6666666666666666,1
12000.0,36.0,13.35,406.36,11.0,0.0,1.0,45000.0,0.0,0.0,22.38,9.0,0.0,5911.0,48.9,13.0,0.0,0.0,1.0,0.0,677.0,9.0,0.2666666666666666,0.6923076923076923,53.0,0.0,0.0,-1.0,0
19000.0,36.0,7.69,592.68,3.0,2.0,1.0,75000.0,0.0,4.0,13.95,5.0,0.0,18681.0,68.9,23.0,0.0,0.0,0.0,0.0,702.0,9.0,0.2533333333333333,0.217391304347826,140.0,0.0,0.0,-1.0,0
10000.0,36.0,11.67,330.57,8.0,0.0,1.0,25632.0,0.0,0.0,12.13,6.0,0.0,9381.0,63.0,8.0,0.0,0.0,0.0,0.0,667.0,9.0,0.3901373283395755,0.75,194.0,0.0,0.0,-1.0,0
14000.0,36.0,14.49,481.83,13.0,3.0,1.0,46000.0,0.0,4.0,25.99,10.0,1.0,21739.0,74.7,14.0,1.0,0.0,0.0,1.0,662.0,9.0,0.3043478260869565,0.7142857142857143,135.0,0.0074074074074074,0.0074074074074074,1.0,0
19150.0,36.0,12.99,645.15,10.0,9.0,1.0,48000.0,0.0,4.0,11.35,10.0,0.0,12349.0,68.2,28.0,0.0,0.0,0.0,0.0,677.0,9.0,0.3989583333333333,0.3571428571428571,135.0,0.0,0.0,-1.0,0
9100.0,36.0,14.99,315.41,14.0,10.0,2.0,27000.0,1.0,5.0,25.96,11.0,1.0,7665.0,44.8,18.0,1.0,0.0,0.0,0.0,687.0,9.0,0.337037037037037,0.6111111111111112,124.0,0.0080645161290322,0.0,0.0,0
20000.0,36.0,8.19,628.49,4.0,10.0,0.0,55000.0,1.0,0.0,26.18,11.0,0.0,20325.0,70.3,17.0,0.0,0.0,2.0,0.0,717.0,10.0,0.3636363636363636,0.6470588235294118,417.0,0.0,0.0,-1.0,0
18175.0,60.0,15.99,441.89,16.0,7.0,0.0,38000.0,0.0,0.0,14.81,6.0,0.0,5544.0,50.4,12.0,0.0,0.0,2.0,0.0,707.0,10.0,0.4782894736842105,0.5,157.0,0.0,0.0,-1.0,0
35000.0,60.0,17.86,886.11,19.0,10.0,0.0,105000.0,2.0,0.0,32.12,19.0,0.0,35936.0,84.0,40.0,0.0,0.0,5.0,0.0,667.0,10.0,0.3333333333333333,0.475,172.0,0.0,0.0,-1.0,0
6400.0,36.0,6.49,196.13,1.0,10.0,0.0,160000.0,1.0,0.0,22.22,17.0,0.0,36767.0,47.3,54.0,1.0,0.0,4.0,0.0,792.0,10.0,0.04,0.3148148148148148,422.0,0.0,0.0,-1.0,0
22000.0,36.0,8.67,696.23,5.0,1.0,1.0,56000.0,1.0,0.0,12.3,9.0,0.0,10182.0,31.5,23.0,1.0,0.0,5.0,0.0,692.0,10.0,0.3928571428571428,0.391304347826087,298.0,0.0,0.0,-1.0,1
17725.0,36.0,8.19,557.0,4.0,2.0,0.0,55000.0,1.0,0.0,19.07,10.0,1.0,9378.0,38.9,39.0,0.0,0.0,4.0,1.0,682.0,10.0,0.3222727272727272,0.2564102564102564,277.0,0.003610108303249,0.003610108303249,1.0,0
30000.0,36.0,17.14,1071.68,18.0,5.0,2.0,135000.0,2.0,0.0,29.97,25.0,0.0,31703.0,37.5,34.0,1.0,0.0,2.0,0.0,697.0,10.0,0.2222222222222222,0.7352941176470589,220.0,0.0,0.0,-1.0,1
12000.0,60.0,9.49,251.97,6.0,7.0,2.0,81000.0,1.0,4.0,14.44,9.0,0.0,16203.0,29.4,18.0,0.0,0.0,0.0,0.0,762.0,10.0,0.1481481481481481,0.5,80.0,0.0,0.0,-1.0,0
35000.0,60.0,17.14,872.48,18.0,10.0,2.0,76000.0,2.0,2.0,4.82,10.0,0.0,10628.0,19.5,15.0,0.0,0.0,1.0,0.0,687.0,10.0,0.4605263157894737,0.6666666666666666,115.0,0.0,0.0,-1.0,0
10800.0,36.0,15.99,379.65,16.0,0.0,1.0,34000.0,1.0,4.0,16.7,9.0,0.0,12992.0,80.2,13.0,1.0,0.0,0.0,0.0,672.0,10.0,0.3176470588235294,0.6923076923076923,74.0,0.0,0.0,-1.0,0
29450.0,60.0,11.99,654.96,9.0,10.0,0.0,59000.0,1.0,0.0,25.26,10.0,0.0,34280.0,55.9,20.0,0.0,0.0,1.0,0.0,702.0,10.0,0.4991525423728813,0.5,356.0,0.0,0.0,-1.0,0
14000.0,36.0,8.19,439.94,4.0,10.0,0.0,72000.0,0.0,4.0,25.53,17.0,0.0,13366.0,48.1,44.0,1.0,0.0,8.0,0.0,692.0,10.0,0.1944444444444444,0.3863636363636363,300.0,0.0,0.0,-1.0,0
12000.0,36.0,6.99,370.48,2.0,10.0,0.0,105062.64,0.0,0.0,3.16,9.0,0.0,10571.0,42.1,23.0,1.0,0.0,2.0,0.0,702.0,10.0,0.1142175753436235,0.391304347826087,221.0,0.0,0.0,-1.0,0
7000.0,36.0,9.49,224.2,6.0,10.0,0.0,51000.0,0.0,4.0,10.59,8.0,0.0,11349.0,93.0,16.0,0.0,0.0,1.0,0.0,702.0,10.0,0.1372549019607843,0.5,285.0,0.0,0.0,-1.0,0
18000.0,60.0,12.39,403.96,10.0,10.0,1.0,85000.0,2.0,0.0,8.37,8.0,2.0,5391.0,30.1,33.0,0.0,0.0,0.0,2.0,667.0,10.0,0.2117647058823529,0.2424242424242424,236.0,0.0084745762711864,0.0084745762711864,1.0,0
7475.0,36.0,20.99,281.59,23.0,8.0,2.0,42000.0,1.0,0.0,15.2,6.0,0.0,3586.0,54.3,8.0,1.0,0.0,0.0,0.0,672.0,10.0,0.1779761904761904,0.75,39.0,0.0,0.0,-1.0,0
20000.0,36.0,7.12,618.64,2.0,1.0,0.0,80000.0,1.0,0.0,10.37,12.0,0.0,5723.0,26.4,36.0,1.0,0.0,3.0,0.0,717.0,10.0,0.25,0.3333333333333333,230.0,0.0,0.0,-1.0,0
20000.0,36.0,7.69,623.88,3.0,9.0,2.0,72500.0,2.0,0.0,39.55,18.0,0.0,14623.0,37.3,36.0,0.0,0.0,0.0,0.0,742.0,10.0,0.2758620689655172,0.5,303.0,0.0,0.0,-1.0,0
15000.0,60.0,18.99,389.03,20.0,4.0,2.0,36600.0,1.0,0.0,21.11,18.0,0.0,18786.0,58.9,37.0,0.0,0.0,0.0,0.0,682.0,10.0,0.4098360655737705,0.4864864864864865,206.0,0.0,0.0,-1.0,1
6000.0,36.0,12.99,202.14,10.0,3.0,1.0,30000.0,1.0,0.0,33.89,9.0,0.0,6462.0,56.2,11.0,0.0,0.0,0.0,0.0,677.0,10.0,0.2,0.8181818181818182,73.0,0.0,0.0,-1.0,0
25600.0,60.0,13.98,595.41,12.0,3.0,1.0,80000.0,2.0,0.0,25.55,12.0,0.0,15822.0,75.3,23.0,0.0,0.0,0.0,0.0,687.0,10.0,0.32,0.5217391304347826,110.0,0.0,0.0,-1.0,0
12000.0,36.0,11.67,396.69,8.0,5.0,0.0,113000.0,1.0,0.0,10.21,9.0,2.0,8484.0,62.4,12.0,0.0,0.0,2.0,0.0,672.0,10.0,0.1061946902654867,0.75,297.0,0.0067340067340067,0.0,0.0,0
10800.0,36.0,12.99,363.85,10.0,0.0,0.0,65000.0,1.0,5.0,14.2,16.0,0.0,7021.0,79.8,27.0,1.0,0.0,0.0,0.0,662.0,10.0,0.1661538461538461,0.5925925925925926,115.0,0.0,0.0,-1.0,0
20000.0,60.0,12.39,448.85,10.0,6.0,0.0,62000.0,1.0,4.0,18.7,12.0,0.0,15489.0,64.8,23.0,0.0,0.0,3.0,0.0,717.0,10.0,0.3225806451612903,0.5217391304347826,275.0,0.0,0.0,-1.0,0
20000.0,36.0,6.99,617.46,2.0,3.0,2.0,130000.0,1.0,4.0,12.88,10.0,0.0,5673.0,10.2,38.0,0.0,0.0,8.0,0.0,712.0,10.0,0.1538461538461538,0.2631578947368421,312.0,0.0,0.0,-1.0,0
15000.0,36.0,6.49,459.67,1.0,2.0,1.0,70000.0,0.0,4.0,4.92,7.0,0.0,14055.0,59.3,9.0,1.0,0.0,0.0,0.0,682.0,10.0,0.2142857142857142,0.7777777777777778,201.0,0.0,0.0,-1.0,0
12000.0,60.0,13.35,275.2,11.0,2.0,0.0,70000.0,1.0,0.0,12.96,10.0,1.0,3494.0,20.8,27.0,0.0,0.0,1.0,1.0,687.0,10.0,0.1714285714285714,0.3703703703703703,272.0,0.0036764705882352,0.0036764705882352,1.0,1
21600.0,60.0,16.29,528.61,16.0,10.0,0.0,84000.0,2.0,0.0,37.03,17.0,1.0,26290.0,87.3,27.0,0.0,0.0,4.0,1.0,672.0,10.0,0.2571428571428571,0.6296296296296297,160.0,0.00625,0.00625,1.0,0
18000.0,36.0,7.49,559.83,3.0,10.0,0.0,95000.0,1.0,4.0,20.17,10.0,0.0,8218.0,83.0,25.0,0.0,0.0,1.0,0.0,672.0,10.0,0.1894736842105263,0.4,313.0,0.0,0.0,-1.0,0
5050.0,36.0,14.31,173.36,13.0,1.0,1.0,38000.0,2.0,0.0,8.18,22.0,1.0,4184.0,18.4,36.0,1.0,0.0,0.0,0.0,667.0,10.0,0.1328947368421052,0.6111111111111112,161.0,0.0062111801242236,0.0,0.0,0
7200.0,36.0,10.49,233.99,7.0,4.0,1.0,26000.0,1.0,4.0,37.9,10.0,0.0,4675.0,37.7,12.0,0.0,0.0,0.0,0.0,707.0,10.0,0.2769230769230769,0.8333333333333334,59.0,0.0,0.0,-1.0,0
20700.0,60.0,16.49,508.79,17.0,10.0,1.0,52000.0,2.0,4.0,30.9,10.0,0.0,32127.0,102.0,13.0,0.0,0.0,0.0,0.0,682.0,10.0,0.398076923076923,0.7692307692307693,230.0,0.0,0.0,-1.0,1
8000.0,36.0,12.99,269.52,11.0,10.0,2.0,78000.0,1.0,2.0,12.38,19.0,0.0,9058.0,40.1,21.0,1.0,0.0,0.0,0.0,667.0,10.0,0.1025641025641025,0.9047619047619048,139.0,0.0,0.0,-1.0,0
9600.0,36.0,17.14,342.94,18.0,0.0,1.0,30000.0,1.0,0.0,29.48,14.0,0.0,9169.0,80.4,35.0,0.0,0.0,0.0,0.0,662.0,10.0,0.32,0.4,109.0,0.0,0.0,-1.0,1
12500.0,36.0,9.49,400.36,6.0,2.0,1.0,63000.0,0.0,4.0,23.81,19.0,0.0,13738.0,51.5,48.0,0.0,0.0,1.0,0.0,672.0,10.0,0.1984126984126984,0.3958333333333333,166.0,0.0,0.0,-1.0,0
6000.0,36.0,11.67,198.35,8.0,1.0,1.0,39520.0,0.0,0.0,24.84,12.0,0.0,7779.0,28.5,28.0,0.0,0.0,5.0,0.0,727.0,10.0,0.1518218623481781,0.4285714285714285,193.0,0.0,0.0,-1.0,0
7500.0,36.0,6.49,229.84,1.0,6.0,0.0,32000.0,0.0,4.0,10.43,15.0,0.0,8094.0,41.1,28.0,0.0,0.0,1.0,0.0,682.0,10.0,0.234375,0.5357142857142857,122.0,0.0,0.0,-1.0,1
5325.0,36.0,13.98,181.95,12.0,4.0,0.0,90000.0,0.0,4.0,28.81,16.0,0.0,59504.0,91.3,22.0,0.0,0.0,4.0,0.0,702.0,10.0,0.0591666666666666,0.7272727272727273,155.0,0.0,0.0,-1.0,0
4000.0,36.0,8.19,125.7,4.0,5.0,0.0,72000.0,0.0,4.0,27.17,15.0,0.0,21782.0,65.6,24.0,0.0,0.0,1.0,0.0,667.0,10.0,0.0555555555555555,0.625,123.0,0.0,0.0,-1.0,1
35000.0,60.0,12.99,796.18,11.0,10.0,1.0,90000.0,2.0,2.0,20.32,15.0,0.0,19204.0,49.6,48.0,0.0,0.0,0.0,0.0,717.0,10.0,0.3888888888888889,0.3125,140.0,0.0,0.0,-1.0,0
15000.0,36.0,15.99,527.29,16.0,1.0,1.0,65000.0,1.0,0.0,5.45,14.0,0.0,8622.0,91.7,29.0,0.0,0.0,0.0,0.0,687.0,10.0,0.2307692307692307,0.4827586206896552,117.0,0.0,0.0,-1.0,0
9000.0,36.0,16.49,318.6,17.0,6.0,0.0,52000.0,0.0,0.0,16.99,6.0,1.0,7584.0,54.2,19.0,1.0,0.0,6.0,0.0,682.0,10.0,0.173076923076923,0.3157894736842105,181.0,0.005524861878453,0.0,0.0,0
15000.0,60.0,14.31,351.44,13.0,6.0,0.0,55000.0,0.0,2.0,19.98,13.0,0.0,17993.0,78.2,22.0,0.0,0.0,1.0,0.0,672.0,10.0,0.2727272727272727,0.5909090909090909,153.0,0.0,0.0,-1.0,0
16000.0,36.0,12.99,539.03,11.0,10.0,2.0,92000.0,2.0,0.0,29.83,22.0,0.0,27516.0,38.0,41.0,0.0,0.0,2.0,0.0,727.0,10.0,0.1739130434782608,0.5365853658536586,374.0,0.0,0.0,-1.0,0
16000.0,36.0,12.39,534.42,10.0,7.0,1.0,140000.0,0.0,4.0,21.8,18.0,4.0,13383.0,44.6,36.0,1.0,0.0,1.0,1.0,672.0,10.0,0.1142857142857142,0.5,176.0,0.0227272727272727,0.0056818181818181,0.25,0
22425.0,36.0,14.31,769.82,13.0,10.0,1.0,51000.0,1.0,4.0,31.72,13.0,0.0,20324.0,71.1,24.0,0.0,0.0,0.0,0.0,692.0,10.0,0.4397058823529411,0.5416666666666666,259.0,0.0,0.0,-1.0,1
12500.0,60.0,8.67,257.49,5.0,7.0,2.0,120000.0,0.0,0.0,18.76,17.0,0.0,11001.0,26.3,36.0,0.0,0.0,4.0,0.0,727.0,10.0,0.1041666666666666,0.4722222222222222,164.0,0.0,0.0,-1.0,0
18000.0,60.0,17.86,455.72,19.0,5.0,0.0,52000.0,0.0,0.0,20.82,8.0,0.0,22464.0,83.8,18.0,0.0,0.0,3.0,0.0,687.0,10.0,0.3461538461538461,0.4444444444444444,204.0,0.0,0.0,-1.0,0
27050.0,60.0,25.8,806.69,30.0,10.0,0.0,71200.0,1.0,0.0,15.26,9.0,0.0,8234.0,58.8,26.0,0.0,0.0,4.0,0.0,707.0,10.0,0.3799157303370786,0.3461538461538461,172.0,0.0,0.0,-1.0,1
3600.0,36.0,15.61,125.88,15.0,1.0,1.0,65000.0,2.0,0.0,28.93,22.0,0.0,16771.0,63.0,46.0,0.0,0.0,0.0,0.0,662.0,10.0,0.0553846153846153,0.4782608695652174,152.0,0.0,0.0,-1.0,1
15000.0,36.0,11.67,495.86,8.0,10.0,1.0,47000.0,2.0,4.0,18.97,9.0,0.0,24135.0,55.0,26.0,1.0,0.0,0.0,0.0,702.0,10.0,0.3191489361702128,0.3461538461538461,444.0,0.0,0.0,-1.0,1
4800.0,36.0,12.99,161.71,11.0,1.0,1.0,45000.0,0.0,5.0,12.99,8.0,1.0,6867.0,54.1,30.0,0.0,0.0,0.0,1.0,672.0,10.0,0.1066666666666666,0.2666666666666666,282.0,0.0035460992907801,0.0035460992907801,1.0,0
8000.0,36.0,9.49,256.23,6.0,10.0,0.0,66900.0,0.0,0.0,9.6,12.0,0.0,2000.0,27.8,30.0,1.0,0.0,6.0,0.0,687.0,10.0,0.1195814648729446,0.4,425.0,0.0,0.0,-1.0,0
24000.0,36.0,13.66,816.31,12.0,5.0,2.0,85000.0,1.0,0.0,15.73,13.0,0.0,14482.0,63.0,18.0,1.0,0.0,0.0,0.0,692.0,10.0,0.2823529411764706,0.7222222222222222,110.0,0.0,0.0,-1.0,0
18000.0,36.0,11.44,593.06,8.0,3.0,0.0,50000.0,1.0,2.0,21.08,7.0,0.0,0.0,0.0,26.0,0.0,0.0,0.0,0.0,792.0,10.0,0.36,0.2692307692307692,100.0,0.0,0.0,-1.0,0
7200.0,36.0,6.49,220.65,1.0,6.0,1.0,54000.0,0.0,4.0,2.6,6.0,0.0,5472.0,21.5,13.0,1.0,0.0,0.0,0.0,692.0,10.0,0.1333333333333333,0.4615384615384615,98.0,0.0,0.0,-1.0,0
20000.0,60.0,12.99,454.96,11.0,4.0,0.0,96000.0,1.0,0.0,14.95,8.0,0.0,16070.0,81.2,18.0,0.0,0.0,3.0,0.0,687.0,10.0,0.2083333333333333,0.4444444444444444,294.0,0.0,0.0,-1.0,1
15000.0,36.0,8.19,471.37,4.0,1.0,1.0,56000.0,0.0,0.0,10.44,15.0,0.0,10214.0,38.0,28.0,0.0,0.0,0.0,0.0,687.0,10.0,0.2678571428571428,0.5357142857142857,117.0,0.0,0.0,-1.0,0
16000.0,60.0,12.99,363.97,11.0,10.0,1.0,88000.0,1.0,0.0,9.23,8.0,0.0,30233.0,74.6,11.0,0.0,0.0,0.0,0.0,727.0,10.0,0.1818181818181818,0.7272727272727273,126.0,0.0,0.0,-1.0,1
4000.0,36.0,6.49,122.58,1.0,10.0,2.0,36000.0,0.0,0.0,24.8,6.0,1.0,5062.0,17.3,15.0,1.0,0.0,0.0,0.0,697.0,10.0,0.1111111111111111,0.4,159.0,0.0062893081761006,0.0,0.0,0
11500.0,36.0,18.54,418.88,20.0,4.0,1.0,42000.0,1.0,0.0,34.46,12.0,0.0,12856.0,54.7,20.0,1.0,0.0,0.0,0.0,677.0,10.0,0.2738095238095238,0.6,135.0,0.0,0.0,-1.0,0
32950.0,60.0,13.66,760.9,12.0,4.0,1.0,75000.0,2.0,4.0,16.54,5.0,0.0,31174.0,90.6,10.0,0.0,0.0,2.0,0.0,667.0,10.0,0.4393333333333333,0.5,186.0,0.0,0.0,-1.0,0
12000.0,36.0,11.44,395.37,8.0,1.0,1.0,60000.0,0.0,4.0,18.87,6.0,0.0,32632.0,68.4,15.0,1.0,0.0,4.0,0.0,717.0,10.0,0.2,0.4,330.0,0.0,0.0,-1.0,0
6000.0,36.0,12.99,202.14,11.0,4.0,0.0,38000.0,0.0,0.0,5.02,6.0,0.0,2694.0,59.9,8.0,0.0,0.0,2.0,0.0,662.0,10.0,0.1578947368421052,0.75,39.0,0.0,0.0,-1.0,0
20000.0,36.0,6.99,617.46,2.0,10.0,0.0,55000.0,1.0,0.0,22.3,9.0,0.0,10268.0,32.4,24.0,0.0,0.0,1.0,0.0,782.0,10.0,0.3636363636363636,0.375,154.0,0.0,0.0,-1.0,0
20239.189453125,60.0,14.31,474.19009765625,13.0,7.0,0.0,999221.875,1.0,4.0,232.6282958984375,8.0,0.0,271071.21875,151.48512268066406,28.0,0.0,0.0,14.0,0.0,697.0,10.0,0.020254949728647886,0.27586207219532555,229.0,0.0,0.0,-1.0,1
16000.0,36.0,9.49,512.46,6.0,1.0,0.0,100000.0,0.0,0.0,14.46,16.0,0.0,15243.0,56.7,40.0,1.0,0.0,2.0,0.0,672.0,10.0,0.16,0.4,342.0,0.0,0.0,-1.0,0
7200.0,36.0,8.67,227.86,5.0,10.0,1.0,65000.0,1.0,0.0,16.53,10.0,0.0,12475.0,61.2,20.0,1.0,0.0,0.0,0.0,727.0,10.0,0.1107692307692307,0.5,179.0,0.0,0.0,-1.0,0
9500.0,36.0,12.39,317.31,10.0,5.0,0.0,65000.0,2.0,0.0,24.13,9.0,0.0,4886.0,37.6,17.0,1.0,0.0,0.0,0.0,702.0,10.0,0.1461538461538461,0.5294117647058824,80.0,0.0,0.0,-1.0,0
6000.0,36.0,7.49,186.61,3.0,0.0,1.0,55000.0,0.0,0.0,11.74,4.0,0.0,5266.0,57.9,5.0,1.0,0.0,0.0,0.0,722.0,10.0,0.109090909090909,0.8,42.0,0.0,0.0,-1.0,0
18000.0,60.0,25.57,534.36,29.0,9.0,1.0,50000.0,1.0,0.0,17.71,8.0,0.0,4591.0,24.7,14.0,0.0,0.0,0.0,0.0,707.0,10.0,0.36,0.5714285714285714,206.0,0.0,0.0,-1.0,1
16000.0,36.0,11.99,531.36,9.0,10.0,1.0,42000.0,0.0,4.0,29.13,15.0,0.0,19803.0,57.6,22.0,1.0,0.0,1.0,0.0,677.0,10.0,0.3809523809523809,0.6818181818181818,238.0,0.0,0.0,-1.0,1
6000.0,36.0,11.99,199.26,9.0,2.0,1.0,93000.0,2.0,9.0,3.14,6.0,2.0,4884.0,51.4,13.0,1.0,0.0,0.0,0.0,672.0,10.0,0.064516129032258,0.4615384615384615,172.0,0.0116279069767441,0.0,0.0,0
35000.0,60.0,19.24,912.55,21.0,10.0,0.0,105000.0,2.0,1.0,29.02,13.0,0.0,2617.0,20.0,34.0,0.0,0.0,4.0,0.0,722.0,10.0,0.3333333333333333,0.3823529411764705,147.0,0.0,0.0,-1.0,0
7000.0,36.0,12.99,235.83,11.0,8.0,0.0,35000.0,1.0,0.0,30.73,11.0,0.0,4605.0,35.4,23.0,1.0,0.0,0.0,0.0,667.0,10.0,0.2,0.4782608695652174,284.0,0.0,0.0,-1.0,0
4000.0,36.0,6.03,121.75,0.0,0.0,0.0,62000.0,0.0,0.0,8.66,8.0,0.0,1138.0,3.0,17.0,1.0,0.0,1.0,0.0,807.0,10.0,0.064516129032258,0.4705882352941176,72.0,0.0,0.0,-1.0,0
6500.0,36.0,6.49,199.19,1.0,3.0,1.0,95000.0,0.0,3.0,8.87,8.0,0.0,2622.0,59.6,19.0,1.0,0.0,0.0,0.0,692.0,10.0,0.0684210526315789,0.4210526315789473,145.0,0.0,0.0,-1.0,0
20000.0,60.0,11.44,439.25,8.0,10.0,0.0,101000.0,1.0,0.0,10.24,13.0,0.0,5932.0,32.6,25.0,0.0,0.0,2.0,0.0,682.0,10.0,0.198019801980198,0.52,234.0,0.0,0.0,-1.0,0
4000.0,36.0,15.59,139.82,15.0,1.0,1.0,51000.0,0.0,5.0,21.58,21.0,0.0,12520.0,90.7,35.0,1.0,0.0,0.0,0.0,662.0,10.0,0.0784313725490196,0.6,175.0,0.0,0.0,-1.0,0
24000.0,60.0,11.99,533.75,9.0,10.0,2.0,100000.0,1.0,0.0,24.67,13.0,0.0,132349.0,93.6,30.0,0.0,0.0,4.0,0.0,677.0,10.0,0.24,0.4333333333333333,255.0,0.0,0.0,-1.0,0
5000.0,36.0,12.39,167.01,10.0,1.0,1.0,18000.0,1.0,5.0,27.33,4.0,0.0,2434.0,65.8,5.0,1.0,0.0,0.0,0.0,672.0,11.0,0.2777777777777778,0.8,98.0,0.0,0.0,-1.0,0
8000.0,36.0,12.39,267.21,10.0,2.0,1.0,60000.0,1.0,0.0,18.54,16.0,0.0,9829.0,31.2,28.0,1.0,0.0,0.0,0.0,662.0,11.0,0.1333333333333333,0.5714285714285714,86.0,0.0,0.0,-1.0,0
7500.0,36.0,15.59,262.17,15.0,10.0,2.0,26800.0,1.0,4.0,36.59,7.0,0.0,16360.0,48.3,24.0,0.0,0.0,0.0,0.0,662.0,11.0,0.2798507462686567,0.2916666666666667,232.0,0.0,0.0,-1.0,0
35000.0,60.0,17.14,872.48,18.0,9.0,1.0,147224.0,2.0,0.0,6.29,4.0,0.0,7884.0,90.6,16.0,0.0,0.0,2.0,0.0,662.0,11.0,0.2377329783187523,0.25,241.0,0.0,0.0,-1.0,1
4525.0,36.0,14.99,156.84,14.0,3.0,0.0,48000.0,0.0,0.0,23.98,14.0,0.0,12813.0,66.0,32.0,1.0,0.0,2.0,0.0,692.0,11.0,0.0942708333333333,0.4375,244.0,0.0,0.0,-1.0,0
30000.0,60.0,14.31,702.88,13.0,10.0,0.0,75000.0,2.0,0.0,33.16,28.0,0.0,56902.0,48.1,52.0,0.0,0.0,2.0,0.0,697.0,11.0,0.4,0.5384615384615384,235.0,0.0,0.0,-1.0,0
16700.0,60.0,21.99,461.15,24.0,5.0,0.0,90000.0,1.0,0.0,8.81,8.0,0.0,2323.0,25.5,18.0,0.0,0.0,3.0,0.0,667.0,11.0,0.1855555555555555,0.4444444444444444,195.0,0.0,0.0,-1.0,1
12000.0,60.0,14.99,285.42,14.0,7.0,0.0,61000.0,0.0,0.0,28.16,18.0,0.0,21564.0,40.4,31.0,1.0,0.0,3.0,0.0,707.0,11.0,0.1967213114754098,0.5806451612903226,170.0,0.0,0.0,-1.0,1
15000.0,36.0,16.49,531.0,17.0,3.0,1.0,50000.0,1.0,0.0,20.57,7.0,0.0,12638.0,60.2,8.0,1.0,0.0,0.0,0.0,682.0,11.0,0.3,0.875,295.0,0.0,0.0,-1.0,1
4900.0,36.0,6.99,151.28,2.0,2.0,0.0,39000.0,0.0,0.0,28.08,13.0,0.0,21515.0,31.3,30.0,0.0,0.0,1.0,0.0,762.0,11.0,0.1256410256410256,0.4333333333333333,147.0,0.0,0.0,-1.0,0
4800.0,36.0,11.99,159.41,9.0,8.0,1.0,45000.0,0.0,4.0,28.16,8.0,0.0,5128.0,57.6,13.0,1.0,0.0,0.0,0.0,667.0,11.0,0.1066666666666666,0.6153846153846154,86.0,0.0,0.0,-1.0,0
2000.0,36.0,11.99,66.42,9.0,10.0,0.0,55000.0,0.0,5.0,14.18,8.0,0.0,34083.0,84.8,19.0,1.0,0.0,2.0,0.0,712.0,11.0,0.0363636363636363,0.4210526315789473,179.0,0.0,0.0,-1.0,0
22200.0,36.0,12.99,747.9,11.0,4.0,1.0,75000.0,2.0,0.0,18.56,11.0,1.0,8557.0,32.3,18.0,1.0,0.0,0.0,1.0,682.0,11.0,0.296,0.6111111111111112,206.0,0.0048543689320388,0.0048543689320388,1.0,0
20000.0,36.0,7.49,622.04,3.0,5.0,0.0,78000.0,1.0,4.0,19.43,11.0,0.0,38985.0,84.2,21.0,1.0,0.0,1.0,0.0,687.0,11.0,0.2564102564102564,0.5238095238095238,233.0,0.0,0.0,-1.0,0
6000.0,36.0,11.44,197.69,8.0,5.0,1.0,50000.0,1.0,4.0,28.25,12.0,0.0,5473.0,48.4,16.0,1.0,0.0,0.0,0.0,677.0,11.0,0.12,0.75,90.0,0.0,0.0,-1.0,0
7000.0,36.0,11.99,232.47,9.0,2.0,2.0,125000.0,0.0,3.0,15.48,29.0,0.0,11049.0,75.2,41.0,1.0,0.0,0.0,0.0,667.0,11.0,0.056,0.7073170731707317,135.0,0.0,0.0,-1.0,1
6000.0,36.0,6.99,185.24,2.0,1.0,0.0,30000.0,0.0,4.0,22.32,7.0,0.0,5619.0,27.8,13.0,0.0,0.0,4.0,0.0,772.0,11.0,0.2,0.5384615384615384,320.0,0.0,0.0,-1.0,0
11975.0,36.0,22.99,463.49,25.0,2.0,1.0,45000.0,1.0,6.0,15.68,19.0,1.0,6895.0,43.9,23.0,1.0,0.0,0.0,0.0,677.0,11.0,0.2661111111111111,0.8260869565217391,86.0,0.0116279069767441,0.0,0.0,0
16750.0,36.0,19.24,616.03,21.0,0.0,1.0,40000.0,2.0,0.0,19.32,6.0,1.0,3943.0,36.5,21.0,1.0,0.0,0.0,1.0,667.0,11.0,0.41875,0.2857142857142857,163.0,0.0061349693251533,0.0061349693251533,1.0,0
24000.0,36.0,8.19,754.18,4.0,10.0,1.0,72000.0,1.0,0.0,26.75,15.0,0.0,27795.0,24.2,25.0,1.0,0.0,0.0,0.0,762.0,11.0,0.3333333333333333,0.6,184.0,0.0,0.0,-1.0,1
25000.0,36.0,11.99,830.24,9.0,10.0,0.0,140000.0,1.0,0.0,10.65,16.0,0.0,34735.0,59.6,40.0,0.0,0.0,8.0,0.0,707.0,11.0,0.1785714285714285,0.4,297.0,0.0,0.0,-1.0,0
30000.0,60.0,13.66,692.78,12.0,10.0,0.0,325000.0,2.0,4.0,30.25,20.0,0.0,176120.0,87.5,34.0,1.0,0.0,2.0,0.0,692.0,11.0,0.0923076923076923,0.5882352941176471,257.0,0.0,0.0,-1.0,0
7991.46533203125,36.0,6.99,246.71508239746095,2.0,10.0,2.0,136746.25,2.0,4.0,21.71897171020508,3.0,0.0,119602.4921875,50.5194808959961,11.0,1.0,0.0,0.0,0.0,762.0,11.0,0.058440102849687786,0.27272728085517883,297.0,0.0,0.0,-1.0,0
4000.0,36.0,8.19,125.7,4.0,10.0,2.0,55000.0,0.0,0.0,6.43,22.0,0.0,4366.0,18.0,36.0,0.0,0.0,0.0,0.0,697.0,11.0,0.0727272727272727,0.6111111111111112,204.0,0.0,0.0,-1.0,0
12000.0,36.0,8.67,379.76,5.0,1.0,1.0,70000.0,2.0,4.0,13.48,7.0,0.0,24419.0,62.0,12.0,1.0,0.0,0.0,0.0,697.0,11.0,0.1714285714285714,0.5833333333333334,131.0,0.0,0.0,-1.0,0
21000.0,36.0,8.67,664.58,5.0,2.0,0.0,140000.0,1.0,5.0,0.43,5.0,0.0,1334.0,4.1,12.0,1.0,0.0,1.0,0.0,832.0,11.0,0.15,0.4166666666666667,136.0,0.0,0.0,-1.0,0
20000.0,36.0,11.99,664.2,9.0,10.0,2.0,55000.0,1.0,4.0,21.88,5.0,0.0,20495.0,95.3,10.0,0.0,0.0,0.0,0.0,692.0,11.0,0.3636363636363636,0.5,218.0,0.0,0.0,-1.0,0
7200.0,36.0,14.99,249.56,14.0,10.0,1.0,34520.0,1.0,0.0,39.95,13.0,1.0,9877.0,58.1,35.0,1.0,0.0,0.0,1.0,667.0,11.0,0.2085747392815759,0.3714285714285714,152.0,0.006578947368421,0.006578947368421,1.0,1
10000.0,36.0,9.49,320.29,6.0,3.0,0.0,83500.0,0.0,4.0,36.4,14.0,0.0,50297.0,82.6,29.0,0.0,0.0,2.0,0.0,727.0,11.0,0.1197604790419161,0.4827586206896552,237.0,0.0,0.0,-1.0,0
20475.0,60.0,13.66,472.82,12.0,1.0,1.0,53000.0,1.0,4.0,26.9,10.0,0.0,11849.0,79.0,30.0,1.0,0.0,0.0,0.0,707.0,11.0,0.3863207547169811,0.3333333333333333,111.0,0.0,0.0,-1.0,0
13250.0,36.0,14.99,459.26,14.0,7.0,0.0,35000.0,0.0,4.0,21.4,20.0,1.0,11199.0,69.6,52.0,1.0,0.0,4.0,1.0,662.0,11.0,0.3785714285714285,0.3846153846153846,146.0,0.0068493150684931,0.0068493150684931,1.0,0
7475.0,36.0,14.31,256.61,13.0,2.0,1.0,65000.0,1.0,0.0,10.06,12.0,0.0,2370.0,67.7,22.0,0.0,0.0,0.0,0.0,682.0,11.0,0.115,0.5454545454545454,92.0,0.0,0.0,-1.0,0
10000.0,36.0,6.49,306.45,1.0,7.0,1.0,55000.0,1.0,4.0,23.04,11.0,0.0,17780.0,62.4,15.0,0.0,0.0,0.0,0.0,697.0,11.0,0.1818181818181818,0.7333333333333333,84.0,0.0,0.0,-1.0,0
6000.0,36.0,8.19,188.55,4.0,4.0,2.0,70000.0,0.0,0.0,9.84,16.0,0.0,11140.0,73.8,42.0,1.0,0.0,0.0,0.0,702.0,11.0,0.0857142857142857,0.3809523809523809,212.0,0.0,0.0,-1.0,0
15000.0,60.0,16.49,368.69,17.0,2.0,1.0,55000.0,0.0,5.0,39.66,19.0,0.0,39254.0,77.1,36.0,0.0,0.0,0.0,0.0,692.0,11.0,0.2727272727272727,0.5277777777777778,320.0,0.0,0.0,-1.0,1
7350.0,36.0,7.49,228.6,3.0,5.0,1.0,40000.0,1.0,4.0,22.05,10.0,0.0,9528.0,41.2,12.0,1.0,0.0,0.0,0.0,697.0,11.0,0.18375,0.8333333333333334,62.0,0.0,0.0,-1.0,0
12000.0,36.0,9.49,384.34,6.0,4.0,0.0,59000.0,1.0,4.0,20.52,16.0,0.0,16809.0,57.4,26.0,1.0,0.0,0.0,0.0,682.0,11.0,0.2033898305084746,0.6153846153846154,130.0,0.0,0.0,-1.0,1
20950.0,60.0,14.99,498.29,14.0,2.0,0.0,127000.0,1.0,0.0,13.45,14.0,0.0,16676.0,52.6,28.0,0.0,0.0,7.0,0.0,697.0,0.0,0.1649606299212598,0.5,228.0,0.0,0.0,-1.0,0
4800.0,36.0,12.99,161.71,11.0,7.0,1.0,60000.0,0.0,0.0,18.82,11.0,0.0,7151.0,94.1,18.0,1.0,0.0,0.0,0.0,672.0,0.0,0.08,0.6111111111111112,127.0,0.0,0.0,-1.0,1
12000.0,36.0,13.66,408.16,12.0,3.0,1.0,70000.0,0.0,0.0,12.36,17.0,0.0,8792.0,79.2,27.0,1.0,0.0,2.0,0.0,682.0,0.0,0.1714285714285714,0.6296296296296297,168.0,0.0,0.0,-1.0,0
10000.0,60.0,12.39,224.43,10.0,10.0,0.0,33500.0,0.0,0.0,31.92,12.0,1.0,10364.0,49.6,47.0,0.0,0.0,3.0,1.0,662.0,0.0,0.2985074626865671,0.2553191489361702,291.0,0.0034364261168384,0.0034364261168384,1.0,1
28000.0,60.0,8.67,576.76,5.0,7.0,0.0,110000.0,1.0,4.0,27.86,24.0,0.0,67230.0,31.4,54.0,1.0,0.0,10.0,0.0,752.0,0.0,0.2545454545454545,0.4444444444444444,153.0,0.0,0.0,-1.0,0
5000.0,36.0,13.66,170.07,12.0,1.0,1.0,43000.0,1.0,5.0,11.47,14.0,0.0,1782.0,13.9,17.0,0.0,0.0,0.0,0.0,717.0,0.0,0.1162790697674418,0.8235294117647058,135.0,0.0,0.0,-1.0,1
10400.0,36.0,9.49,333.1,6.0,10.0,1.0,65000.0,0.0,0.0,16.65,8.0,1.0,10951.0,92.8,25.0,0.0,0.0,3.0,1.0,672.0,0.0,0.16,0.32,358.0,0.0027932960893854,0.0027932960893854,1.0,1
8000.0,36.0,11.99,265.68,9.0,7.0,1.0,75000.0,0.0,0.0,12.91,12.0,0.0,6816.0,43.4,33.0,1.0,0.0,0.0,0.0,667.0,0.0,0.1066666666666666,0.3636363636363636,85.0,0.0,0.0,-1.0,0
14125.0,60.0,15.99,343.42,16.0,1.0,0.0,55000.0,1.0,0.0,20.88,12.0,3.0,4145.0,53.1,27.0,0.0,0.0,1.0,2.0,667.0,0.0,0.2568181818181818,0.4444444444444444,138.0,0.0217391304347826,0.0144927536231884,0.6666666666666666,1
16000.0,36.0,14.31,549.26,13.0,8.0,1.0,60000.0,1.0,0.0,24.56,12.0,0.0,4487.0,14.8,32.0,1.0,0.0,0.0,0.0,682.0,0.0,0.2666666666666666,0.375,112.0,0.0,0.0,-1.0,1
6000.0,36.0,10.49,194.99,7.0,1.0,1.0,96000.0,1.0,0.0,8.98,6.0,0.0,4079.0,60.0,19.0,1.0,0.0,4.0,0.0,677.0,0.0,0.0625,0.3157894736842105,147.0,0.0,0.0,-1.0,0
8950.0,36.0,19.24,329.16,21.0,0.0,1.0,30000.0,1.0,0.0,12.4,24.0,0.0,9372.0,60.5,32.0,1.0,0.0,0.0,0.0,687.0,0.0,0.2983333333333333,0.75,89.0,0.0,0.0,-1.0,1
3000.0,36.0,10.49,97.5,7.0,10.0,2.0,43000.0,2.0,7.0,31.73,12.0,0.0,28828.0,37.6,27.0,1.0,0.0,1.0,0.0,707.0,0.0,0.0697674418604651,0.4444444444444444,196.0,0.0,0.0,-1.0,1
35000.0,36.0,11.99,1162.34,9.0,4.0,1.0,179000.0,2.0,0.0,22.7,16.0,0.0,39210.0,81.0,26.0,1.0,0.0,0.0,0.0,662.0,0.0,0.1955307262569832,0.6153846153846154,299.0,0.0,0.0,-1.0,1
6950.0,36.0,13.66,236.39,12.0,4.0,1.0,88500.0,1.0,0.0,16.65,16.0,2.0,6609.0,52.9,51.0,1.0,0.0,4.0,2.0,672.0,0.0,0.0785310734463276,0.3137254901960784,230.0,0.008695652173913,0.008695652173913,1.0,0
6000.0,36.0,11.44,197.69,8.0,5.0,1.0,55000.0,1.0,0.0,24.9,10.0,1.0,7190.0,82.6,32.0,1.0,0.0,0.0,0.0,672.0,0.0,0.109090909090909,0.3125,172.0,0.005813953488372,0.0,0.0,0
12000.0,36.0,14.31,411.95,13.0,10.0,0.0,59000.0,1.0,0.0,7.99,7.0,0.0,3338.0,32.1,19.0,0.0,0.0,1.0,0.0,692.0,0.0,0.2033898305084746,0.3684210526315789,155.0,0.0,0.0,-1.0,1
14975.0,60.0,23.99,430.72,26.0,3.0,0.0,30000.0,1.0,6.0,31.76,17.0,0.0,925.0,15.2,26.0,1.0,0.0,0.0,0.0,682.0,0.0,0.4991666666666666,0.6538461538461539,172.0,0.0,0.0,-1.0,1
2350.0,36.0,15.99,82.61,16.0,2.0,1.0,38000.0,0.0,0.0,20.21,6.0,0.0,2767.0,58.0,12.0,1.0,0.0,0.0,0.0,672.0,0.0,0.0618421052631578,0.5,367.0,0.0,0.0,-1.0,0
17750.0,60.0,17.86,449.39,19.0,10.0,1.0,62000.0,2.0,0.0,32.93,10.0,0.0,20120.0,87.5,17.0,0.0,0.0,0.0,0.0,687.0,0.0,0.2862903225806452,0.5882352941176471,157.0,0.0,0.0,-1.0,1
16000.0,36.0,6.99,493.97,2.0,3.0,1.0,120000.0,0.0,0.0,7.09,7.0,0.0,9274.0,31.0,16.0,1.0,0.0,1.0,0.0,717.0,0.0,0.1333333333333333,0.4375,161.0,0.0,0.0,-1.0,0
10500.0,60.0,13.66,242.47,12.0,9.0,1.0,40000.0,1.0,0.0,13.62,20.0,0.0,18651.0,38.8,37.0,0.0,0.0,0.0,0.0,697.0,0.0,0.2625,0.5405405405405406,172.0,0.0,0.0,-1.0,1
10000.0,36.0,12.39,334.01,10.0,1.0,1.0,68000.0,1.0,4.0,7.25,13.0,0.0,16725.0,26.1,20.0,1.0,0.0,0.0,0.0,667.0,0.0,0.1470588235294117,0.65,55.0,0.0,0.0,-1.0,0
21000.0,60.0,22.99,591.88,25.0,0.0,0.0,106500.0,2.0,0.0,18.32,13.0,0.0,5774.0,33.8,23.0,1.0,0.0,5.0,0.0,667.0,0.0,0.1971830985915492,0.5652173913043478,176.0,0.0,0.0,-1.0,0
11975.0,36.0,8.19,376.31,4.0,6.0,2.0,39246.0,0.0,4.0,23.82,11.0,0.0,11962.0,63.6,16.0,0.0,0.0,0.0,0.0,667.0,0.0,0.3051266371095143,0.6875,221.0,0.0,0.0,-1.0,1
30000.0,60.0,12.99,682.44,11.0,10.0,0.0,140000.0,1.0,4.0,27.15,12.0,0.0,173096.0,80.0,26.0,1.0,0.0,5.0,0.0,722.0,0.0,0.2142857142857142,0.4615384615384615,183.0,0.0,0.0,-1.0,0
15000.0,36.0,6.99,463.09,2.0,5.0,2.0,46000.0,0.0,4.0,16.45,13.0,0.0,11741.0,23.9,20.0,1.0,0.0,0.0,0.0,722.0,0.0,0.3260869565217391,0.65,137.0,0.0,0.0,-1.0,0
10550.0,36.0,14.99,365.67,14.0,4.0,1.0,24000.0,2.0,0.0,26.95,13.0,0.0,16937.0,51.3,17.0,1.0,0.0,0.0,0.0,682.0,0.0,0.4395833333333333,0.7647058823529411,119.0,0.0,0.0,-1.0,0
12000.0,36.0,6.99,370.48,2.0,0.0,1.0,78000.0,1.0,0.0,11.53,7.0,0.0,12287.0,87.8,23.0,0.0,0.0,3.0,0.0,682.0,0.0,0.1538461538461538,0.3043478260869565,192.0,0.0,0.0,-1.0,0
12000.0,36.0,13.66,408.16,12.0,3.0,0.0,37000.0,2.0,0.0,6.39,5.0,0.0,5529.0,98.7,11.0,0.0,0.0,1.0,0.0,682.0,0.0,0.3243243243243243,0.4545454545454545,98.0,0.0,0.0,-1.0,0
26000.0,60.0,10.49,558.72,7.0,10.0,0.0,75000.0,1.0,4.0,24.02,17.0,0.0,22036.0,44.0,28.0,0.0,0.0,3.0,0.0,692.0,0.0,0.3466666666666667,0.6071428571428571,248.0,0.0,0.0,-1.0,0
15000.0,60.0,12.99,341.22,11.0,10.0,0.0,78000.0,0.0,0.0,22.11,11.0,0.0,6114.0,61.1,22.0,0.0,0.0,2.0,0.0,677.0,0.0,0.1923076923076923,0.5,108.0,0.0,0.0,-1.0,0
10000.0,60.0,12.39,224.43,10.0,10.0,0.0,51000.0,0.0,4.0,15.08,8.0,0.0,9318.0,90.5,25.0,0.0,0.0,7.0,0.0,682.0,0.0,0.196078431372549,0.32,142.0,0.0,0.0,-1.0,0
10800.0,36.0,12.39,360.73,10.0,2.0,1.0,42000.0,1.0,0.0,14.4,10.0,0.0,8356.0,49.4,19.0,0.0,0.0,0.0,0.0,672.0,0.0,0.2571428571428571,0.5263157894736842,132.0,0.0,0.0,-1.0,1
7200.0,36.0,8.19,226.26,4.0,10.0,1.0,56000.0,0.0,0.0,15.71,10.0,0.0,15273.0,40.9,13.0,1.0,0.0,0.0,0.0,692.0,0.0,0.1285714285714285,0.7692307692307693,165.0,0.0,0.0,-1.0,0
25000.0,60.0,24.99,733.64,28.0,6.0,0.0,50000.0,1.0,4.0,23.04,9.0,0.0,15696.0,86.2,13.0,1.0,0.0,1.0,0.0,677.0,0.0,0.5,0.6923076923076923,84.0,0.0,0.0,-1.0,0
6000.0,36.0,11.44,197.69,8.0,5.0,2.0,47000.0,1.0,2.0,9.42,11.0,0.0,9622.0,49.6,19.0,0.0,0.0,3.0,0.0,687.0,0.0,0.1276595744680851,0.5789473684210527,186.0,0.0,0.0,-1.0,0
25000.0,60.0,9.49,524.93,6.0,6.0,1.0,79000.0,2.0,0.0,20.67,14.0,0.0,23092.0,44.3,33.0,0.0,0.0,1.0,0.0,682.0,0.0,0.3164556962025316,0.4242424242424242,247.0,0.0,0.0,-1.0,1
15000.0,36.0,7.49,466.53,3.0,10.0,1.0,90000.0,1.0,0.0,18.4,16.0,0.0,12630.0,66.1,26.0,0.0,0.0,1.0,0.0,687.0,0.0,0.1666666666666666,0.6153846153846154,229.0,0.0,0.0,-1.0,0
35000.0,36.0,12.39,1169.04,10.0,10.0,0.0,105000.0,2.0,4.0,9.93,13.0,0.0,37682.0,61.8,28.0,1.0,0.0,3.0,0.0,692.0,0.0,0.3333333333333333,0.4642857142857143,183.0,0.0,0.0,-1.0,0
13625.0,60.0,25.57,404.48,29.0,0.0,1.0,56700.0,2.0,6.0,28.19,10.0,0.0,1625.0,10.2,33.0,1.0,0.0,0.0,0.0,687.0,0.0,0.2402998236331569,0.303030303030303,128.0,0.0,0.0,-1.0,0
35000.0,36.0,13.66,1190.45,12.0,3.0,0.0,118000.0,2.0,0.0,9.8,18.0,0.0,35139.0,68.4,34.0,1.0,0.0,3.0,0.0,687.0,0.0,0.2966101694915254,0.5294117647058824,167.0,0.0,0.0,-1.0,0
15925.0,36.0,17.86,574.61,19.0,10.0,0.0,47000.0,0.0,0.0,11.18,9.0,0.0,18959.0,58.9,12.0,1.0,0.0,3.0,0.0,667.0,0.0,0.3388297872340425,0.75,114.0,0.0,0.0,-1.0,0
8000.0,36.0,12.39,267.21,10.0,2.0,1.0,30000.0,1.0,0.0,19.28,11.0,3.0,5979.0,27.6,26.0,1.0,0.0,2.0,3.0,662.0,0.0,0.2666666666666666,0.4230769230769231,256.0,0.01171875,0.01171875,1.0,0
20000.0,36.0,12.39,668.02,10.0,10.0,0.0,180000.0,2.0,0.0,24.46,14.0,0.0,76569.0,83.1,34.0,1.0,0.0,1.0,0.0,707.0,0.0,0.1111111111111111,0.4117647058823529,258.0,0.0,0.0,-1.0,0
30000.0,36.0,11.44,988.43,8.0,8.0,1.0,210000.0,1.0,0.0,9.68,22.0,0.0,30424.0,52.3,33.0,1.0,0.0,0.0,0.0,672.0,0.0,0.1428571428571428,0.6666666666666666,165.0,0.0,0.0,-1.0,0
5000.0,36.0,9.49,160.15,6.0,6.0,1.0,95000.0,1.0,0.0,14.04,13.0,0.0,20062.0,83.2,41.0,1.0,0.0,1.0,0.0,682.0,0.0,0.0526315789473684,0.3170731707317073,196.0,0.0,0.0,-1.0,0
12800.0,36.0,6.49,392.25,1.0,10.0,0.0,54000.0,0.0,0.0,17.98,11.0,0.0,11341.0,27.9,23.0,1.0,0.0,3.0,0.0,722.0,0.0,0.237037037037037,0.4782608695652174,158.0,0.0,0.0,-1.0,0
28000.0,60.0,11.44,614.95,8.0,4.0,0.0,94000.0,1.0,4.0,28.8,11.0,0.0,63616.0,77.1,27.0,1.0,0.0,4.0,0.0,702.0,0.0,0.2978723404255319,0.4074074074074074,460.0,0.0,0.0,-1.0,1
20000.0,36.0,8.19,628.49,4.0,0.0,0.0,105000.0,1.0,4.0,13.35,6.0,0.0,32008.0,79.0,15.0,1.0,0.0,2.0,0.0,697.0,0.0,0.1904761904761904,0.4,212.0,0.0,0.0,-1.0,0
3500.0,36.0,12.39,116.91,10.0,10.0,0.0,62000.0,0.0,5.0,12.83,25.0,0.0,6321.0,30.2,28.0,1.0,0.0,5.0,0.0,677.0,0.0,0.0564516129032258,0.8928571428571429,117.0,0.0,0.0,-1.0,1
10000.0,36.0,9.49,320.29,6.0,4.0,1.0,58000.0,0.0,0.0,19.93,7.0,0.0,7017.0,45.0,16.0,1.0,0.0,0.0,0.0,692.0,0.0,0.1724137931034483,0.4375,261.0,0.0,0.0,-1.0,0
1200.0,36.0,8.19,37.71,4.0,0.0,0.0,30000.0,0.0,4.0,7.84,5.0,2.0,619.0,36.4,16.0,0.0,0.0,2.0,2.0,662.0,0.0,0.04,0.3125,253.0,0.0079051383399209,0.0079051383399209,1.0,0
25000.0,36.0,7.49,777.55,3.0,10.0,0.0,65000.0,1.0,0.0,5.11,6.0,1.0,13502.0,39.6,9.0,1.0,0.0,0.0,0.0,692.0,0.0,0.3846153846153846,0.6666666666666666,414.0,0.002415458937198,0.0,0.0,0
14675.0,36.0,19.99,545.31,22.0,2.0,1.0,78000.0,0.0,0.0,7.55,7.0,0.0,9151.0,44.0,8.0,0.0,0.0,0.0,0.0,672.0,0.0,0.1881410256410256,0.875,90.0,0.0,0.0,-1.0,0
9800.0,36.0,6.99,302.56,2.0,4.0,0.0,85000.0,0.0,0.0,14.16,16.0,0.0,14027.0,40.7,37.0,1.0,0.0,5.0,0.0,722.0,0.0,0.1152941176470588,0.4324324324324324,155.0,0.0,0.0,-1.0,0
8400.0,36.0,6.49,257.42,1.0,10.0,2.0,85000.0,1.0,4.0,16.83,11.0,0.0,7454.0,43.1,23.0,1.0,0.0,0.0,0.0,722.0,0.0,0.0988235294117647,0.4782608695652174,214.0,0.0,0.0,-1.0,0
8825.0,36.0,19.99,327.93,22.0,6.0,1.0,55000.0,1.0,5.0,21.93,13.0,0.0,15557.0,61.2,33.0,1.0,0.0,1.0,0.0,662.0,0.0,0.1604545454545454,0.3939393939393939,155.0,0.0,0.0,-1.0,0
15000.0,36.0,8.19,471.37,4.0,5.0,1.0,113000.0,1.0,0.0,18.14,7.0,1.0,8195.0,41.2,30.0,1.0,0.0,3.0,1.0,722.0,0.0,0.1327433628318584,0.2333333333333333,257.0,0.0038910505836575,0.0038910505836575,1.0,0
11200.0,60.0,20.99,302.94,23.0,5.0,1.0,35000.0,1.0,4.0,11.8,8.0,0.0,5696.0,54.2,8.0,1.0,0.0,0.0,0.0,672.0,0.0,0.32,1.0,40.0,0.0,0.0,-1.0,1
4500.0,36.0,17.86,162.37,19.0,6.0,0.0,35000.0,0.0,0.0,18.42,6.0,0.0,1243.0,24.9,8.0,1.0,0.0,0.0,0.0,677.0,0.0,0.1285714285714285,0.75,89.0,0.0,0.0,-1.0,0
24000.0,60.0,15.99,583.51,16.0,9.0,0.0,72000.0,2.0,4.0,19.13,17.0,0.0,25809.0,70.9,31.0,1.0,0.0,3.0,0.0,662.0,0.0,0.3333333333333333,0.5483870967741935,158.0,0.0,0.0,-1.0,1
5000.0,36.0,9.49,160.15,6.0,5.0,1.0,36000.0,1.0,2.0,21.97,7.0,1.0,5699.0,73.1,16.0,1.0,0.0,1.0,1.0,677.0,0.0,0.1388888888888889,0.4375,371.0,0.0026954177897574,0.0026954177897574,1.0,0
16200.0,36.0,17.14,578.71,18.0,2.0,0.0,45000.0,1.0,5.0,9.11,6.0,0.0,17073.0,84.9,14.0,1.0,0.0,1.0,0.0,707.0,0.0,0.36,0.4285714285714285,126.0,0.0,0.0,-1.0,0
11000.0,36.0,12.99,370.59,11.0,3.0,1.0,72000.0,2.0,0.0,22.23,12.0,1.0,9745.0,38.0,23.0,1.0,0.0,0.0,1.0,682.0,0.0,0.1527777777777778,0.5217391304347826,142.0,0.0070422535211267,0.0070422535211267,1.0,1
10000.0,60.0,13.66,230.93,12.0,10.0,1.0,45000.0,1.0,0.0,26.01,8.0,0.0,4510.0,54.3,9.0,1.0,0.0,0.0,0.0,662.0,0.0,0.2222222222222222,0.8888888888888888,234.0,0.0,0.0,-1.0,1
20000.0,36.0,11.99,664.2,9.0,5.0,0.0,105000.0,1.0,0.0,19.25,14.0,0.0,8684.0,62.5,29.0,1.0,0.0,1.0,0.0,662.0,0.0,0.1904761904761904,0.4827586206896552,106.0,0.0,0.0,-1.0,0
17225.0,60.0,13.66,397.77,12.0,10.0,2.0,45000.0,0.0,0.0,34.03,14.0,0.0,38489.0,54.1,41.0,0.0,0.0,5.0,0.0,692.0,0.0,0.3827777777777778,0.3414634146341463,244.0,0.0,0.0,-1.0,0
20000.0,36.0,8.19,628.49,4.0,4.0,1.0,120000.0,2.0,3.0,4.53,6.0,0.0,6213.0,40.6,6.0,1.0,0.0,0.0,0.0,747.0,0.0,0.1666666666666666,1.0,41.0,0.0,0.0,-1.0,0
12000.0,36.0,12.39,400.82,10.0,10.0,1.0,102000.0,1.0,0.0,11.89,6.0,0.0,14675.0,77.2,28.0,1.0,0.0,1.0,0.0,687.0,0.0,0.1176470588235294,0.2142857142857142,478.0,0.0,0.0,-1.0,0
7100.0,36.0,17.14,253.63,18.0,8.0,0.0,73000.0,0.0,0.0,16.37,11.0,1.0,2908.0,65.0,26.0,1.0,0.0,5.0,1.0,662.0,0.0,0.0972602739726027,0.4230769230769231,154.0,0.0064935064935064,0.0064935064935064,1.0,0
14000.0,60.0,16.49,344.11,17.0,1.0,1.0,53000.0,1.0,0.0,17.75,6.0,1.0,1513.0,100.9,16.0,1.0,0.0,0.0,1.0,667.0,0.0,0.2641509433962264,0.375,171.0,0.0058479532163742,0.0058479532163742,1.0,1
1200.0,36.0,15.99,42.19,16.0,10.0,1.0,60000.0,2.0,3.0,27.74,19.0,0.0,28677.0,74.9,27.0,1.0,0.0,0.0,0.0,672.0,0.0,0.02,0.7037037037037037,230.0,0.0,0.0,-1.0,0
20000.0,60.0,13.66,461.85,12.0,2.0,1.0,110000.0,2.0,4.0,8.42,11.0,0.0,14469.0,57.0,21.0,1.0,0.0,0.0,0.0,682.0,0.0,0.1818181818181818,0.5238095238095238,116.0,0.0,0.0,-1.0,0
12000.0,60.0,16.49,294.96,17.0,10.0,1.0,120000.0,1.0,0.0,8.06,9.0,0.0,13205.0,63.5,14.0,0.0,0.0,0.0,0.0,667.0,0.0,0.1,0.6428571428571429,87.0,0.0,0.0,-1.0,0
9600.0,36.0,8.67,303.81,5.0,8.0,0.0,33000.0,2.0,4.0,18.11,19.0,1.0,18312.0,60.0,31.0,1.0,0.0,1.0,1.0,677.0,0.0,0.2909090909090909,0.6129032258064516,330.0,0.003030303030303,0.003030303030303,1.0,0
12075.0,36.0,14.99,418.53,14.0,5.0,1.0,32000.0,0.0,4.0,24.06,12.0,0.0,18259.0,61.1,19.0,1.0,0.0,0.0,0.0,672.0,0.0,0.37734375,0.631578947368421,112.0,0.0,0.0,-1.0,0
8000.0,36.0,12.99,269.52,11.0,10.0,2.0,135000.0,2.0,0.0,19.66,16.0,0.0,79257.0,88.5,33.0,0.0,0.0,3.0,0.0,692.0,0.0,0.0592592592592592,0.4848484848484848,134.0,0.0,0.0,-1.0,0
16350.0,60.0,14.99,388.88,14.0,9.0,0.0,55000.0,0.0,2.0,27.54,21.0,0.0,38550.0,63.7,41.0,0.0,0.0,3.0,0.0,712.0,0.0,0.2972727272727273,0.5121951219512195,407.0,0.0,0.0,-1.0,0
7410.0771484375,36.0,12.99,249.6325469970703,11.0,7.0,1.0,1783120.625,1.0,0.0,92.3946157836914,9.0,0.0,335118.53125,147.46160583496095,16.0,1.0,0.0,10.0,0.0,702.0,0.0,0.004155671231026864,0.5624999940395355,197.0,0.0,0.0,-1.0,0
9600.0,36.0,14.31,329.56,13.0,5.0,0.0,80000.0,1.0,0.0,39.8,18.0,0.0,7811.0,64.0,38.0,0.0,0.0,6.0,0.0,662.0,0.0,0.12,0.4736842105263157,245.0,0.0,0.0,-1.0,0
32625.0,60.0,24.5,948.05,27.0,1.0,1.0,71000.0,2.0,0.0,20.37,12.0,0.0,34476.0,74.1,26.0,0.0,0.0,0.0,0.0,712.0,0.0,0.4595070422535211,0.4615384615384615,186.0,0.0,0.0,-1.0,0
15000.0,36.0,13.66,510.2,12.0,4.0,1.0,30000.0,0.0,0.0,20.51,15.0,0.0,7065.0,22.8,27.0,1.0,0.0,0.0,0.0,712.0,0.0,0.5,0.5555555555555556,114.0,0.0,0.0,-1.0,0
10000.0,60.0,17.86,253.18,19.0,3.0,1.0,28974.4,1.0,4.0,30.7,10.0,0.0,8296.0,100.0,15.0,0.0,0.0,0.0,0.0,672.0,0.0,0.3451322546799933,0.6666666666666666,90.0,0.0,0.0,-1.0,1
9000.0,36.0,12.39,300.61,10.0,10.0,1.0,40000.0,1.0,0.0,23.09,12.0,0.0,8446.0,32.7,17.0,0.0,0.0,0.0,0.0,702.0,0.0,0.225,0.7058823529411765,240.0,0.0,0.0,-1.0,0
16000.0,36.0,13.66,544.21,12.0,10.0,0.0,104000.0,1.0,0.0,14.81,19.0,2.0,13714.0,67.6,40.0,0.0,0.0,2.0,0.0,662.0,0.0,0.1538461538461538,0.475,388.0,0.0051546391752577,0.0,0.0,1
9325.0,36.0,8.67,295.11,5.0,4.0,0.0,55000.0,1.0,0.0,22.04,7.0,0.0,5319.0,33.9,11.0,0.0,0.0,0.0,0.0,757.0,0.0,0.1695454545454545,0.6363636363636364,183.0,0.0,0.0,-1.0,0
22250.0,60.0,25.8,663.55,30.0,3.0,1.0,70000.0,1.0,0.0,30.52,14.0,0.0,0.0,0.0,24.0,1.0,0.0,1.0,0.0,737.0,0.0,0.3178571428571428,0.5833333333333334,171.0,0.0,0.0,-1.0,1
10000.0,36.0,8.67,316.47,5.0,1.0,2.0,40000.0,1.0,0.0,14.82,9.0,0.0,9348.0,68.2,29.0,1.0,0.0,0.0,0.0,702.0,0.0,0.25,0.3103448275862069,193.0,0.0,0.0,-1.0,1
35000.0,36.0,14.99,1213.12,14.0,7.0,0.0,175000.0,2.0,2.0,9.02,12.0,0.0,10195.0,62.5,26.0,0.0,0.0,2.0,0.0,712.0,0.0,0.2,0.4615384615384615,196.0,0.0,0.0,-1.0,1
24000.0,60.0,13.66,554.22,12.0,10.0,0.0,140000.0,1.0,0.0,7.16,8.0,0.0,24306.0,70.5,19.0,0.0,0.0,3.0,0.0,697.0,0.0,0.1714285714285714,0.4210526315789473,285.0,0.0,0.0,-1.0,1
18000.0,60.0,14.31,421.73,13.0,8.0,0.0,50000.0,1.0,0.0,18.94,11.0,0.0,14054.0,77.6,22.0,0.0,0.0,1.0,0.0,662.0,0.0,0.36,0.5,77.0,0.0,0.0,-1.0,1
28000.0,36.0,7.49,870.85,3.0,10.0,0.0,102000.0,1.0,0.0,29.23,14.0,0.0,46889.0,81.0,53.0,0.0,0.0,5.0,0.0,702.0,0.0,0.2745098039215686,0.2641509433962264,210.0,0.0,0.0,-1.0,0
5250.0,36.0,16.49,185.85,17.0,3.0,1.0,44000.0,2.0,4.0,24.96,10.0,1.0,5659.0,56.0,26.0,1.0,0.0,3.0,1.0,662.0,0.0,0.1193181818181818,0.3846153846153846,193.0,0.005181347150259,0.005181347150259,1.0,0
6000.0,36.0,8.19,188.55,4.0,10.0,1.0,54000.0,0.0,0.0,14.86,9.0,0.0,10302.0,61.3,34.0,1.0,0.0,2.0,0.0,667.0,0.0,0.1111111111111111,0.2647058823529412,188.0,0.0,0.0,-1.0,0
8500.0,36.0,18.54,309.61,20.0,2.0,0.0,17000.0,2.0,5.0,8.97,8.0,0.0,4551.0,21.6,9.0,0.0,0.0,0.0,0.0,737.0,0.0,0.5,0.8888888888888888,56.0,0.0,0.0,-1.0,0
20000.0,36.0,8.67,632.93,5.0,9.0,0.0,80000.0,1.0,0.0,15.62,16.0,0.0,7300.0,16.2,36.0,1.0,0.0,4.0,0.0,757.0,0.0,0.25,0.4444444444444444,169.0,0.0,0.0,-1.0,0
16000.0,60.0,12.99,363.97,11.0,2.0,0.0,50000.0,0.0,0.0,13.97,8.0,0.0,15409.0,75.9,14.0,0.0,0.0,3.0,0.0,682.0,0.0,0.32,0.5714285714285714,139.0,0.0,0.0,-1.0,0
10500.0,36.0,7.49,326.57,3.0,9.0,0.0,105000.0,0.0,0.0,14.75,15.0,0.0,7477.0,48.9,33.0,1.0,0.0,3.0,0.0,697.0,0.0,0.1,0.4545454545454545,202.0,0.0,0.0,-1.0,0
14000.0,60.0,12.99,318.48,11.0,3.0,0.0,150000.0,0.0,0.0,2.93,10.0,1.0,6636.0,30.6,36.0,0.0,0.0,6.0,1.0,687.0,0.0,0.0933333333333333,0.2777777777777778,208.0,0.0048076923076923,0.0048076923076923,1.0,0
6000.0,36.0,8.19,188.55,4.0,10.0,1.0,99705.0,2.0,5.0,5.24,4.0,2.0,11433.0,53.9,10.0,0.0,0.0,0.0,0.0,672.0,0.0,0.0601775236948999,0.4,365.0,0.0054794520547945,0.0,0.0,0
14000.0,36.0,9.49,448.4,6.0,4.0,2.0,85000.0,1.0,4.0,19.06,13.0,0.0,7971.0,25.1,19.0,0.0,0.0,0.0,0.0,707.0,0.0,0.1647058823529411,0.6842105263157895,148.0,0.0,0.0,-1.0,0
9000.0,36.0,12.39,300.61,10.0,10.0,0.0,42500.0,0.0,0.0,30.08,19.0,0.0,8026.0,31.8,31.0,1.0,0.0,2.0,0.0,697.0,0.0,0.2117647058823529,0.6129032258064516,173.0,0.0,0.0,-1.0,0
18225.0,36.0,15.99,640.65,16.0,2.0,1.0,48000.0,2.0,0.0,1.88,13.0,0.0,821.0,5.0,16.0,0.0,0.0,0.0,0.0,702.0,0.0,0.3796875,0.8125,178.0,0.0,0.0,-1.0,0
5600.0,36.0,12.99,188.66,11.0,1.0,0.0,64000.0,1.0,2.0,19.65,10.0,1.0,6565.0,22.0,17.0,0.0,0.0,1.0,0.0,687.0,0.0,0.0875,0.5882352941176471,154.0,0.0064935064935064,0.0,0.0,0
24000.0,36.0,6.99,740.95,2.0,3.0,1.0,75000.0,1.0,4.0,29.78,16.0,0.0,27886.0,82.5,33.0,0.0,0.0,0.0,0.0,697.0,0.0,0.32,0.4848484848484848,126.0,0.0,0.0,-1.0,0
25000.0,60.0,10.49,537.23,7.0,7.0,0.0,71910.0,1.0,0.0,14.79,17.0,1.0,6564.0,28.4,37.0,0.0,0.0,6.0,1.0,677.0,0.0,0.3476567932137394,0.4594594594594595,269.0,0.0037174721189591,0.0037174721189591,1.0,0
11775.0,36.0,14.99,408.13,14.0,10.0,0.0,58000.0,0.0,0.0,22.63,6.0,0.0,3670.0,66.7,31.0,0.0,0.0,1.0,0.0,682.0,0.0,0.2030172413793103,0.1935483870967742,175.0,0.0,0.0,-1.0,0
22200.0,36.0,11.44,731.44,8.0,5.0,1.0,74500.0,1.0,4.0,23.28,23.0,0.0,21304.0,75.0,31.0,0.0,0.0,0.0,0.0,692.0,0.0,0.2979865771812081,0.7419354838709677,125.0,0.0,0.0,-1.0,0
15000.0,36.0,9.49,480.43,6.0,7.0,1.0,60000.0,0.0,4.0,35.83,18.0,0.0,15410.0,51.5,43.0,0.0,0.0,0.0,0.0,712.0,0.0,0.25,0.4186046511627907,173.0,0.0,0.0,-1.0,0
5000.0,36.0,14.99,173.31,14.0,4.0,1.0,37000.0,1.0,5.0,25.43,7.0,0.0,211.0,9.6,17.0,1.0,0.0,3.0,0.0,667.0,0.0,0.1351351351351351,0.4117647058823529,127.0,0.0,0.0,-1.0,0
10000.0,60.0,11.99,222.4,9.0,0.0,0.0,40000.0,0.0,0.0,27.18,10.0,0.0,13810.0,89.1,18.0,0.0,0.0,4.0,0.0,672.0,0.0,0.25,0.5555555555555556,128.0,0.0,0.0,-1.0,0
20000.0,60.0,19.24,521.46,21.0,1.0,0.0,63000.0,2.0,0.0,21.7,15.0,0.0,0.0,0.0,38.0,0.0,0.0,0.0,0.0,712.0,0.0,0.3174603174603174,0.3947368421052631,195.0,0.0,0.0,-1.0,1
5950.0,36.0,17.86,214.69,19.0,3.0,1.0,35000.0,1.0,0.0,10.29,16.0,0.0,972.0,15.7,31.0,1.0,0.0,0.0,0.0,667.0,0.0,0.17,0.5161290322580645,112.0,0.0,0.0,-1.0,0
28425.0,60.0,25.57,843.84,29.0,10.0,2.0,62000.0,1.0,0.0,29.37,10.0,0.0,21051.0,76.3,25.0,1.0,0.0,5.0,0.0,682.0,0.0,0.4584677419354839,0.4,282.0,0.0,0.0,-1.0,0
11200.0,60.0,14.31,262.41,13.0,3.0,0.0,86000.0,0.0,0.0,18.91,13.0,0.0,19273.0,88.4,38.0,0.0,0.0,10.0,0.0,667.0,0.0,0.1302325581395348,0.3421052631578947,218.0,0.0,0.0,-1.0,0
25000.0,36.0,6.99,771.82,2.0,10.0,0.0,180000.0,1.0,4.0,15.44,14.0,0.0,31409.0,51.0,29.0,1.0,0.0,2.0,0.0,697.0,0.0,0.1388888888888889,0.4827586206896552,153.0,0.0,0.0,-1.0,0
20000.0,60.0,14.31,468.59,13.0,10.0,0.0,50000.0,1.0,0.0,22.85,10.0,0.0,46033.0,89.9,18.0,0.0,0.0,1.0,0.0,687.0,0.0,0.4,0.5555555555555556,294.0,0.0,0.0,-1.0,0
10800.0,60.0,16.49,265.46,17.0,5.0,1.0,35000.0,1.0,0.0,26.95,9.0,0.0,7033.0,77.3,20.0,0.0,0.0,0.0,0.0,682.0,0.0,0.3085714285714285,0.45,110.0,0.0,0.0,-1.0,1
8100.0,36.0,12.99,272.89,11.0,5.0,1.0,41000.0,1.0,0.0,31.24,13.0,0.0,5684.0,37.4,24.0,0.0,0.0,0.0,0.0,672.0,0.0,0.1975609756097561,0.5416666666666666,159.0,0.0,0.0,-1.0,0
5000.0,36.0,9.49,160.15,6.0,7.0,1.0,40000.0,1.0,0.0,15.39,13.0,0.0,1013.0,19.1,31.0,1.0,0.0,0.0,0.0,717.0,0.0,0.125,0.4193548387096774,194.0,0.0,0.0,-1.0,0
10125.0,36.0,12.39,338.19,10.0,6.0,0.0,60000.0,0.0,0.0,19.48,15.0,0.0,19670.0,52.7,43.0,1.0,0.0,7.0,0.0,677.0,0.0,0.16875,0.3488372093023256,274.0,0.0,0.0,-1.0,1
1000.0,36.0,15.99,35.16,16.0,4.0,1.0,50000.0,0.0,10.0,9.39,8.0,0.0,4886.0,54.9,11.0,1.0,0.0,0.0,0.0,677.0,0.0,0.02,0.7272727272727273,43.0,0.0,0.0,-1.0,0
3000.0,36.0,14.31,102.99,13.0,10.0,1.0,30000.0,2.0,0.0,24.12,7.0,0.0,3130.0,23.1,25.0,1.0,0.0,0.0,0.0,717.0,0.0,0.1,0.28,128.0,0.0,0.0,-1.0,0
3500.0,36.0,13.66,119.05,12.0,2.0,0.0,65300.0,0.0,0.0,8.75,4.0,1.0,1898.0,35.0,22.0,1.0,0.0,1.0,1.0,667.0,0.0,0.0535987748851454,0.1818181818181818,147.0,0.0068027210884353,0.0068027210884353,1.0,0
27000.0,60.0,18.54,693.58,20.0,5.0,2.0,54000.0,1.0,4.0,28.82,14.0,0.0,30440.0,78.5,27.0,1.0,0.0,4.0,0.0,682.0,0.0,0.5,0.5185185185185185,190.0,0.0,0.0,-1.0,1
9600.0,36.0,11.44,316.3,8.0,2.0,1.0,31700.0,1.0,4.0,16.02,11.0,0.0,7884.0,75.8,16.0,1.0,0.0,0.0,0.0,672.0,0.0,0.3028391167192429,0.6875,116.0,0.0,0.0,-1.0,0
15000.0,60.0,19.24,391.1,21.0,7.0,0.0,65000.0,2.0,0.0,27.36,10.0,0.0,13721.0,82.0,18.0,0.0,0.0,2.0,0.0,677.0,0.0,0.2307692307692307,0.5555555555555556,279.0,0.0,0.0,-1.0,0
22950.0,36.0,14.31,787.84,13.0,10.0,1.0,50000.0,2.0,4.0,5.54,8.0,0.0,4915.0,24.8,21.0,1.0,0.0,0.0,0.0,687.0,0.0,0.459,0.3809523809523809,152.0,0.0,0.0,-1.0,1
13450.0,36.0,15.59,470.15,15.0,0.0,1.0,30720.0,2.0,4.0,24.53,12.0,0.0,20290.0,80.2,37.0,1.0,0.0,0.0,0.0,667.0,0.0,0.4378255208333333,0.3243243243243243,134.0,0.0,0.0,-1.0,0
6000.0,36.0,11.44,197.69,8.0,10.0,0.0,98000.0,0.0,0.0,2.66,12.0,1.0,9783.0,37.2,33.0,1.0,0.0,3.0,1.0,682.0,0.0,0.0612244897959183,0.3636363636363636,298.0,0.0033557046979865,0.0033557046979865,1.0,1
28500.0,60.0,25.83,850.44,31.0,5.0,1.0,65000.0,1.0,0.0,19.57,9.0,0.0,16140.0,43.2,29.0,0.0,0.0,0.0,0.0,682.0,0.0,0.4384615384615384,0.3103448275862069,268.0,0.0,0.0,-1.0,0
5000.0,36.0,12.39,167.01,10.0,2.0,1.0,88000.0,2.0,4.0,6.92,10.0,0.0,4568.0,16.0,28.0,1.0,0.0,0.0,0.0,697.0,0.0,0.0568181818181818,0.3571428571428571,144.0,0.0,0.0,-1.0,1
13200.0,36.0,7.89,412.98,4.0,10.0,1.0,90000.0,0.0,4.0,19.64,7.0,0.0,44061.0,91.8,16.0,0.0,0.0,4.0,0.0,667.0,1.0,0.1466666666666666,0.4375,192.0,0.0,0.0,-1.0,0
12500.0,60.0,20.49,334.6,23.0,2.0,0.0,35000.0,1.0,0.0,14.23,18.0,1.0,933.0,7.0,36.0,0.0,0.0,0.0,1.0,717.0,1.0,0.3571428571428571,0.5,237.0,0.0042194092827004,0.0042194092827004,1.0,1
22250.0,60.0,18.25,568.04,20.0,8.0,0.0,127000.0,1.0,0.0,18.51,22.0,0.0,18552.0,60.4,40.0,1.0,0.0,0.0,0.0,667.0,1.0,0.1751968503937007,0.55,197.0,0.0,0.0,-1.0,1
11000.0,36.0,12.69,369.0,11.0,4.0,1.0,94000.0,1.0,0.0,9.65,9.0,1.0,5534.0,62.9,34.0,0.0,0.0,3.0,1.0,672.0,1.0,0.1170212765957446,0.2647058823529412,180.0,0.0055555555555555,0.0055555555555555,1.0,0
8000.0,36.0,9.17,255.04,6.0,5.0,0.0,48000.0,0.0,0.0,23.15,16.0,0.0,2587.0,14.1,26.0,0.0,0.0,2.0,0.0,737.0,1.0,0.1666666666666666,0.6153846153846154,112.0,0.0,0.0,-1.0,1
2375.0,36.0,18.25,86.17,20.0,10.0,1.0,57746.0,0.0,0.0,12.76,18.0,1.0,959.0,45.7,23.0,1.0,0.0,0.0,0.0,662.0,1.0,0.041128389845184,0.782608695652174,123.0,0.008130081300813,0.0,0.0,0
8000.0,36.0,10.99,261.88,8.0,3.0,0.0,85000.0,1.0,0.0,10.12,11.0,0.0,10049.0,46.3,22.0,1.0,0.0,0.0,0.0,672.0,1.0,0.0941176470588235,0.5,76.0,0.0,0.0,-1.0,0
35000.0,60.0,23.99,1006.68,26.0,3.0,1.0,85000.0,2.0,4.0,9.35,8.0,0.0,5039.0,38.5,50.0,1.0,0.0,0.0,0.0,682.0,1.0,0.4117647058823529,0.16,372.0,0.0,0.0,-1.0,0
25000.0,36.0,9.99,806.57,7.0,10.0,0.0,120000.0,1.0,0.0,26.9,11.0,0.0,50100.0,65.1,19.0,1.0,0.0,1.0,0.0,707.0,1.0,0.2083333333333333,0.5789473684210527,245.0,0.0,0.0,-1.0,0
8000.0,36.0,11.53,263.93,9.0,10.0,0.0,117000.0,0.0,0.0,11.94,10.0,0.0,11969.0,89.3,22.0,1.0,0.0,2.0,0.0,662.0,1.0,0.0683760683760683,0.4545454545454545,367.0,0.0,0.0,-1.0,0
1450.0,36.0,17.86,52.32,19.0,5.0,1.0,50000.0,2.0,1.0,36.78,15.0,0.0,15776.0,70.1,40.0,1.0,0.0,0.0,0.0,687.0,1.0,0.029,0.375,385.0,0.0,0.0,-1.0,0
13925.0,60.0,10.99,302.7,8.0,0.0,1.0,75000.0,0.0,0.0,19.07,11.0,0.0,7891.0,19.2,28.0,0.0,0.0,2.0,0.0,692.0,1.0,0.1856666666666666,0.3928571428571428,139.0,0.0,0.0,-1.0,0
7500.0,36.0,6.68,230.49,2.0,3.0,1.0,60000.0,0.0,0.0,21.0,14.0,0.0,14810.0,30.0,30.0,0.0,0.0,0.0,0.0,697.0,1.0,0.125,0.4666666666666667,165.0,0.0,0.0,-1.0,0
10800.0,36.0,18.84,395.02,21.0,6.0,1.0,30000.0,1.0,6.0,17.88,10.0,0.0,2811.0,33.5,23.0,1.0,0.0,1.0,0.0,662.0,1.0,0.36,0.4347826086956521,106.0,0.0,0.0,-1.0,0
10000.0,36.0,7.89,312.86,4.0,3.0,0.0,90000.0,0.0,0.0,20.83,14.0,0.0,10777.0,62.3,32.0,0.0,0.0,2.0,0.0,672.0,1.0,0.1111111111111111,0.4375,323.0,0.0,0.0,-1.0,0
29975.0,36.0,9.17,955.58,6.0,7.0,0.0,60000.0,2.0,0.0,20.58,41.0,0.0,46662.0,41.1,77.0,1.0,0.0,3.0,0.0,707.0,1.0,0.4995833333333333,0.5324675324675324,316.0,0.0,0.0,-1.0,0
32100.0,60.0,21.67,880.56,24.0,6.0,0.0,70000.0,2.0,2.0,18.38,11.0,2.0,8646.0,27.5,17.0,0.0,0.0,0.0,1.0,692.0,1.0,0.4585714285714286,0.6470588235294118,155.0,0.0129032258064516,0.0064516129032258,0.5,1
34625.0,60.0,13.33,793.69,12.0,7.0,0.0,72000.0,2.0,0.0,34.25,12.0,0.0,37020.0,82.8,23.0,0.0,0.0,5.0,0.0,707.0,1.0,0.4809027777777778,0.5217391304347826,198.0,0.0,0.0,-1.0,0
28000.0,36.0,6.92,863.54,3.0,10.0,2.0,190000.0,1.0,0.0,7.12,8.0,0.0,38907.0,70.0,25.0,0.0,0.0,7.0,0.0,762.0,1.0,0.1473684210526315,0.32,272.0,0.0,0.0,-1.0,0
20875.0,36.0,12.29,696.25,10.0,0.0,1.0,101836.0,1.0,0.0,15.13,21.0,0.0,17460.0,53.9,30.0,0.0,0.0,0.0,0.0,677.0,1.0,0.2049864488000314,0.7,136.0,0.0,0.0,-1.0,0
21000.0,60.0,14.65,495.74,14.0,9.0,0.0,83250.0,2.0,0.0,30.36,8.0,0.0,2078.0,28.9,28.0,0.0,0.0,1.0,0.0,712.0,1.0,0.2522522522522522,0.2857142857142857,232.0,0.0,0.0,-1.0,1
30000.0,60.0,14.65,708.2,14.0,1.0,1.0,165000.0,2.0,0.0,10.15,10.0,1.0,15310.0,39.9,26.0,0.0,0.0,2.0,1.0,662.0,1.0,0.1818181818181818,0.3846153846153846,191.0,0.0052356020942408,0.0052356020942408,1.0,0
19175.0,60.0,12.69,433.26,11.0,7.0,0.0,48000.0,0.0,0.0,18.53,6.0,0.0,13793.0,43.5,14.0,0.0,0.0,1.0,0.0,742.0,1.0,0.3994791666666666,0.4285714285714285,181.0,0.0,0.0,-1.0,0
14975.0,36.0,19.52,552.87,22.0,1.0,1.0,50000.0,2.0,0.0,26.02,11.0,2.0,5654.0,46.7,33.0,1.0,0.0,0.0,0.0,677.0,1.0,0.2995,0.3333333333333333,173.0,0.0115606936416184,0.0,0.0,1
14700.0,36.0,6.92,453.36,3.0,1.0,1.0,65000.0,0.0,0.0,17.06,20.0,0.0,14514.0,81.5,41.0,0.0,0.0,2.0,0.0,677.0,1.0,0.2261538461538461,0.4878048780487805,171.0,0.0,0.0,-1.0,0
6000.0,36.0,12.29,200.12,10.0,10.0,2.0,89000.0,1.0,4.0,7.7,9.0,0.0,15233.0,69.6,28.0,1.0,0.0,0.0,0.0,672.0,1.0,0.0674157303370786,0.3214285714285714,301.0,0.0,0.0,-1.0,0
12500.0,36.0,6.99,385.91,2.0,10.0,0.0,162800.0,1.0,4.0,11.52,11.0,0.0,21161.0,70.1,26.0,0.0,0.0,2.0,0.0,697.0,1.0,0.0767813267813267,0.4230769230769231,138.0,0.0,0.0,-1.0,0
2800.0,36.0,14.99,97.05,14.0,10.0,0.0,42000.0,0.0,3.0,38.43,16.0,0.0,22437.0,79.3,33.0,0.0,0.0,1.0,0.0,697.0,1.0,0.0666666666666666,0.4848484848484848,277.0,0.0,0.0,-1.0,0
12000.0,60.0,14.99,285.42,14.0,10.0,0.0,85000.0,0.0,0.0,9.49,13.0,0.0,6397.0,70.3,26.0,0.0,0.0,6.0,0.0,677.0,1.0,0.1411764705882353,0.5,245.0,0.0,0.0,-1.0,0
25000.0,36.0,15.99,878.81,16.0,10.0,0.0,56000.0,2.0,0.0,24.61,10.0,0.0,8115.0,84.5,26.0,1.0,0.0,0.0,0.0,672.0,1.0,0.4464285714285714,0.3846153846153846,155.0,0.0,0.0,-1.0,0
10050.0,60.0,14.99,239.04,14.0,5.0,1.0,63000.0,2.0,0.0,25.49,15.0,1.0,5005.0,46.3,29.0,0.0,0.0,0.0,1.0,707.0,1.0,0.1595238095238095,0.5172413793103449,255.0,0.0039215686274509,0.0039215686274509,1.0,1
6625.0,36.0,14.31,227.43,13.0,9.0,1.0,16000.0,2.0,4.0,24.68,12.0,0.0,6856.0,33.3,22.0,0.0,0.0,0.0,0.0,662.0,1.0,0.4140625,0.5454545454545454,148.0,0.0,0.0,-1.0,0
10000.0,60.0,8.67,205.99,5.0,9.0,0.0,210000.0,0.0,5.0,9.15,22.0,0.0,15485.0,23.4,54.0,0.0,0.0,0.0,0.0,717.0,1.0,0.0476190476190476,0.4074074074074074,194.0,0.0,0.0,-1.0,0
15000.0,36.0,12.99,505.34,11.0,10.0,0.0,198000.0,1.0,0.0,12.78,21.0,0.0,47185.0,81.5,41.0,1.0,0.0,3.0,0.0,662.0,1.0,0.0757575757575757,0.5121951219512195,332.0,0.0,0.0,-1.0,0
35000.0,36.0,17.86,1262.88,19.0,1.0,0.0,200000.0,1.0,4.0,17.88,10.0,1.0,147584.0,95.3,23.0,1.0,0.0,4.0,0.0,692.0,1.0,0.175,0.4347826086956521,249.0,0.0040160642570281,0.0,0.0,0
25000.0,60.0,17.14,623.2,18.0,5.0,0.0,60000.0,1.0,4.0,13.66,11.0,0.0,6980.0,43.4,14.0,1.0,0.0,0.0,0.0,702.0,1.0,0.4166666666666667,0.7857142857142857,61.0,0.0,0.0,-1.0,0
10000.0,36.0,11.99,332.1,9.0,5.0,0.0,60000.0,0.0,0.0,19.76,10.0,0.0,6467.0,57.7,39.0,0.0,0.0,3.0,0.0,682.0,1.0,0.1666666666666666,0.2564102564102564,294.0,0.0,0.0,-1.0,0
6000.0,36.0,11.44,197.69,8.0,4.0,0.0,45000.0,0.0,0.0,15.49,6.0,0.0,2804.0,87.6,14.0,0.0,0.0,0.0,0.0,672.0,1.0,0.1333333333333333,0.4285714285714285,188.0,0.0,0.0,-1.0,0
34225.0,36.0,21.99,1306.9,24.0,10.0,0.0,81700.0,2.0,4.0,18.77,23.0,0.0,44709.0,71.9,37.0,1.0,0.0,6.0,0.0,667.0,1.0,0.4189106487148102,0.6216216216216216,194.0,0.0,0.0,-1.0,0
14000.0,60.0,12.39,314.19,10.0,10.0,1.0,90000.0,1.0,0.0,4.12,7.0,0.0,7679.0,35.1,10.0,0.0,0.0,0.0,0.0,702.0,1.0,0.1555555555555555,0.7,126.0,0.0,0.0,-1.0,1
30000.0,36.0,8.67,949.4,5.0,7.0,0.0,190000.0,1.0,4.0,14.74,20.0,0.0,45114.0,86.8,30.0,1.0,0.0,2.0,0.0,667.0,1.0,0.1578947368421052,0.6666666666666666,248.0,0.0,0.0,-1.0,0
25000.0,60.0,19.99,662.21,22.0,10.0,2.0,65000.0,1.0,0.0,19.87,17.0,0.0,15792.0,37.5,35.0,1.0,0.0,0.0,0.0,667.0,1.0,0.3846153846153846,0.4857142857142857,150.0,0.0,0.0,-1.0,1
6000.0,36.0,12.39,200.41,10.0,3.0,1.0,29000.0,2.0,4.0,17.14,11.0,0.0,8125.0,65.5,18.0,0.0,0.0,2.0,0.0,692.0,1.0,0.2068965517241379,0.6111111111111112,165.0,0.0,0.0,-1.0,0
12000.0,60.0,14.99,285.42,14.0,10.0,0.0,55404.0,2.0,4.0,35.24,12.0,0.0,46263.0,92.9,27.0,0.0,0.0,4.0,0.0,702.0,1.0,0.2165908598657136,0.4444444444444444,486.0,0.0,0.0,-1.0,0
4000.0,36.0,12.39,133.61,10.0,0.0,1.0,45000.0,2.0,0.0,9.68,10.0,1.0,3631.0,54.2,17.0,1.0,0.0,0.0,1.0,667.0,1.0,0.0888888888888888,0.5882352941176471,144.0,0.0069444444444444,0.0069444444444444,1.0,1
4800.0,36.0,8.67,151.91,5.0,8.0,0.0,40000.0,0.0,4.0,6.87,10.0,0.0,4475.0,74.6,27.0,0.0,0.0,3.0,0.0,682.0,1.0,0.12,0.3703703703703703,168.0,0.0,0.0,-1.0,0
20000.0,60.0,13.66,461.85,12.0,4.0,0.0,110000.0,1.0,2.0,7.53,4.0,1.0,2431.0,60.8,10.0,0.0,0.0,3.0,1.0,672.0,1.0,0.1818181818181818,0.4,143.0,0.0069930069930069,0.0069930069930069,1.0,0
26000.0,36.0,6.49,796.76,1.0,10.0,0.0,145000.0,1.0,0.0,16.48,13.0,0.0,51264.0,33.5,24.0,0.0,0.0,1.0,0.0,762.0,1.0,0.1793103448275862,0.5416666666666666,343.0,0.0,0.0,-1.0,0
7000.0,36.0,12.39,233.81,10.0,10.0,1.0,50000.0,1.0,0.0,14.71,9.0,0.0,6759.0,38.2,16.0,1.0,0.0,1.0,0.0,682.0,1.0,0.14,0.5625,138.0,0.0,0.0,-1.0,0
6000.0,36.0,14.65,206.97,14.0,8.0,2.0,28000.0,1.0,0.0,28.41,17.0,0.0,14061.0,29.9,20.0,1.0,0.0,0.0,0.0,677.0,1.0,0.2142857142857142,0.85,213.0,0.0,0.0,-1.0,0
6500.0,36.0,6.92,200.47,3.0,4.0,0.0,45000.0,1.0,4.0,13.28,10.0,1.0,5930.0,29.5,47.0,1.0,0.0,4.0,1.0,667.0,1.0,0.1444444444444444,0.2127659574468085,313.0,0.0031948881789137,0.0031948881789137,1.0,0
10000.0,36.0,9.99,322.63,7.0,10.0,0.0,110000.0,0.0,0.0,18.92,19.0,0.0,11095.0,67.2,36.0,1.0,0.0,2.0,0.0,667.0,1.0,0.0909090909090909,0.5277777777777778,226.0,0.0,0.0,-1.0,0
15000.0,36.0,13.33,507.8,12.0,2.0,0.0,37600.0,0.0,0.0,38.56,19.0,0.0,8096.0,35.2,51.0,0.0,0.0,3.0,0.0,672.0,1.0,0.3989361702127659,0.3725490196078431,233.0,0.0,0.0,-1.0,1
15000.0,36.0,9.99,483.94,7.0,10.0,0.0,80000.0,2.0,0.0,19.61,20.0,1.0,9572.0,35.1,50.0,1.0,0.0,9.0,1.0,692.0,1.0,0.1875,0.4,311.0,0.0032154340836012,0.0032154340836012,1.0,0
17800.0,60.0,12.69,402.19,11.0,2.0,1.0,64000.0,2.0,0.0,9.87,11.0,0.0,12223.0,37.5,17.0,0.0,0.0,0.0,0.0,682.0,1.0,0.278125,0.6470588235294118,160.0,0.0,0.0,-1.0,0
10000.0,36.0,11.53,329.91,9.0,10.0,0.0,51000.0,0.0,0.0,28.93,13.0,0.0,14284.0,81.2,22.0,1.0,0.0,2.0,0.0,672.0,1.0,0.196078431372549,0.5909090909090909,342.0,0.0,0.0,-1.0,0
35000.0,36.0,18.25,1269.73,20.0,10.0,2.0,110000.0,2.0,0.0,33.55,16.0,0.0,62482.0,86.3,25.0,1.0,0.0,3.0,0.0,662.0,1.0,0.3181818181818182,0.64,202.0,0.0,0.0,-1.0,0
26975.0,60.0,25.57,800.8,29.0,1.0,0.0,70000.0,1.0,0.0,20.8,17.0,1.0,14595.0,79.3,22.0,0.0,0.0,1.0,1.0,667.0,1.0,0.3853571428571428,0.7727272727272727,216.0,0.0046296296296296,0.0046296296296296,1.0,1
10000.0,36.0,15.61,349.65,15.0,10.0,2.0,94000.0,0.0,3.0,4.85,6.0,0.0,256.0,6.4,15.0,0.0,0.0,3.0,0.0,692.0,1.0,0.1063829787234042,0.4,126.0,0.0,0.0,-1.0,0
6050.0,36.0,17.86,218.3,19.0,1.0,1.0,18000.0,2.0,0.0,14.41,4.0,0.0,5008.0,65.0,8.0,0.0,0.0,0.0,0.0,687.0,1.0,0.3361111111111111,0.5,91.0,0.0,0.0,-1.0,0
12250.0,36.0,14.65,422.56,14.0,0.0,1.0,29400.0,0.0,0.0,15.58,3.0,0.0,13866.0,57.8,5.0,0.0,0.0,2.0,0.0,732.0,1.0,0.4166666666666667,0.6,191.0,0.0,0.0,-1.0,0
21600.0,60.0,14.65,509.91,14.0,0.0,0.0,50000.0,1.0,0.0,33.97,14.0,0.0,18006.0,76.9,26.0,1.0,0.0,2.0,0.0,697.0,1.0,0.432,0.5384615384615384,120.0,0.0,0.0,-1.0,1
11000.0,36.0,6.92,339.25,3.0,3.0,0.0,40000.0,0.0,4.0,9.63,7.0,0.0,11291.0,57.3,12.0,0.0,0.0,1.0,0.0,717.0,1.0,0.275,0.5833333333333334,200.0,0.0,0.0,-1.0,0
12000.0,60.0,13.99,279.16,13.0,2.0,0.0,60000.0,1.0,0.0,15.18,14.0,0.0,8978.0,36.1,18.0,0.0,0.0,0.0,0.0,692.0,1.0,0.2,0.7777777777777778,88.0,0.0,0.0,-1.0,0
10350.0,36.0,21.67,393.51,24.0,2.0,0.0,27000.0,1.0,0.0,30.09,5.0,0.0,2062.0,68.7,9.0,1.0,0.0,1.0,0.0,687.0,1.0,0.3833333333333333,0.5555555555555556,39.0,0.0,0.0,-1.0,1
10000.0,36.0,9.17,318.79,6.0,8.0,1.0,63000.0,0.0,0.0,24.22,16.0,0.0,4016.0,23.1,36.0,1.0,0.0,0.0,0.0,662.0,1.0,0.1587301587301587,0.4444444444444444,259.0,0.0,0.0,-1.0,0
4475.0,36.0,16.55,158.55,16.0,10.0,0.0,48000.0,0.0,0.0,22.86,9.0,0.0,16055.0,47.1,24.0,1.0,0.0,4.0,0.0,722.0,1.0,0.0932291666666666,0.375,223.0,0.0,0.0,-1.0,0
13000.0,60.0,21.99,358.98,24.0,7.0,2.0,57000.0,0.0,0.0,29.26,16.0,0.0,18903.0,40.0,36.0,1.0,0.0,0.0,0.0,677.0,1.0,0.2280701754385964,0.4444444444444444,183.0,0.0,0.0,-1.0,0
24000.0,60.0,17.57,603.85,18.0,10.0,0.0,71000.0,2.0,4.0,13.93,13.0,0.0,24766.0,84.8,26.0,0.0,0.0,3.0,0.0,677.0,1.0,0.3380281690140845,0.5,172.0,0.0,0.0,-1.0,0
6500.0,36.0,8.18,204.23,5.0,8.0,2.0,55000.0,0.0,4.0,25.88,17.0,0.0,7519.0,26.9,37.0,1.0,0.0,2.0,0.0,727.0,1.0,0.1181818181818181,0.4594594594594595,113.0,0.0,0.0,-1.0,1
18000.0,36.0,7.89,563.15,4.0,10.0,1.0,164000.0,2.0,2.0,19.98,16.0,0.0,24460.0,61.9,27.0,1.0,0.0,8.0,0.0,702.0,1.0,0.1097560975609756,0.5925925925925926,447.0,0.0,0.0,-1.0,0
9600.0,36.0,9.17,306.04,6.0,1.0,1.0,28800.0,1.0,4.0,33.96,24.0,0.0,11700.0,74.5,47.0,1.0,0.0,0.0,0.0,687.0,1.0,0.3333333333333333,0.5106382978723404,141.0,0.0,0.0,-1.0,0
2800.0,36.0,6.92,86.36,3.0,3.0,0.0,42000.0,0.0,4.0,8.49,6.0,0.0,7054.0,60.3,18.0,1.0,0.0,3.0,0.0,712.0,1.0,0.0666666666666666,0.3333333333333333,150.0,0.0,0.0,-1.0,0
25000.0,60.0,11.53,550.2,9.0,10.0,0.0,101000.0,1.0,0.0,30.57,15.0,0.0,25224.0,79.8,30.0,0.0,0.0,4.0,0.0,667.0,1.0,0.2475247524752475,0.5,244.0,0.0,0.0,-1.0,0
35000.0,36.0,12.29,1167.36,10.0,9.0,0.0,175000.0,2.0,4.0,12.01,13.0,0.0,27367.0,36.3,38.0,1.0,0.0,8.0,0.0,722.0,1.0,0.2,0.3421052631578947,222.0,0.0,0.0,-1.0,0
3500.0,36.0,15.61,122.38,15.0,4.0,1.0,28800.0,0.0,0.0,22.17,8.0,0.0,3702.0,66.1,11.0,1.0,0.0,0.0,0.0,667.0,1.0,0.1215277777777777,0.7272727272727273,59.0,0.0,0.0,-1.0,0
9000.0,36.0,6.39,275.4,1.0,7.0,0.0,53000.0,0.0,0.0,23.48,19.0,0.0,6074.0,16.1,43.0,1.0,0.0,2.0,0.0,787.0,1.0,0.1698113207547169,0.4418604651162791,163.0,0.0,0.0,-1.0,0
5000.0,36.0,11.53,164.96,9.0,8.0,0.0,69000.0,2.0,0.0,26.56,17.0,0.0,28533.0,39.3,30.0,0.0,0.0,4.0,0.0,682.0,1.0,0.072463768115942,0.5666666666666667,441.0,0.0,0.0,-1.0,0
28000.0,60.0,13.99,651.37,13.0,7.0,1.0,150000.0,1.0,0.0,18.93,8.0,0.0,34165.0,72.2,21.0,0.0,0.0,0.0,0.0,702.0,1.0,0.1866666666666666,0.3809523809523809,205.0,0.0,0.0,-1.0,0
16375.0,36.0,12.69,549.3,11.0,10.0,0.0,42000.0,1.0,0.0,18.64,5.0,0.0,7413.0,45.5,7.0,0.0,0.0,2.0,0.0,697.0,2.0,0.3898809523809524,0.7142857142857143,150.0,0.0,0.0,-1.0,1
6000.0,36.0,16.99,213.89,17.0,10.0,0.0,34000.0,2.0,0.0,35.4,10.0,1.0,8507.0,81.0,45.0,1.0,0.0,4.0,1.0,662.0,2.0,0.1764705882352941,0.2222222222222222,165.0,0.006060606060606,0.006060606060606,1.0,1
28000.0,36.0,7.89,876.0,4.0,0.0,1.0,70000.0,1.0,0.0,17.86,8.0,0.0,43945.0,56.2,11.0,1.0,0.0,0.0,0.0,692.0,2.0,0.4,0.7272727272727273,143.0,0.0,0.0,-1.0,0
16625.0,60.0,25.8,495.8,30.0,8.0,1.0,49000.0,1.0,0.0,21.43,14.0,0.0,10257.0,45.0,21.0,1.0,0.0,0.0,0.0,672.0,2.0,0.3392857142857143,0.6666666666666666,201.0,0.0,0.0,-1.0,0
35000.0,36.0,16.99,1247.68,17.0,0.0,0.0,100000.0,2.0,0.0,12.43,10.0,2.0,25261.0,73.4,14.0,1.0,0.0,1.0,0.0,667.0,2.0,0.35,0.7142857142857143,96.0,0.0208333333333333,0.0,0.0,0
20000.0,60.0,15.61,482.23,15.0,3.0,0.0,80000.0,1.0,0.0,23.9,6.0,0.0,9778.0,48.9,29.0,1.0,0.0,3.0,0.0,717.0,2.0,0.25,0.2068965517241379,74.0,0.0,0.0,-1.0,1
15000.0,36.0,13.99,512.6,13.0,10.0,0.0,69000.0,0.0,0.0,20.66,27.0,0.0,37248.0,83.2,34.0,0.0,0.0,0.0,0.0,697.0,2.0,0.217391304347826,0.7941176470588235,291.0,0.0,0.0,-1.0,1
11500.0,36.0,6.39,351.89,1.0,4.0,0.0,62000.0,0.0,0.0,13.45,9.0,0.0,7050.0,19.5,27.0,0.0,0.0,3.0,0.0,777.0,2.0,0.1854838709677419,0.3333333333333333,175.0,0.0,0.0,-1.0,0
14400.0,36.0,13.33,487.49,12.0,0.0,1.0,38000.0,2.0,0.0,16.36,14.0,3.0,10023.0,94.6,16.0,1.0,0.0,0.0,3.0,672.0,2.0,0.3789473684210526,0.875,207.0,0.0144927536231884,0.0144927536231884,1.0,0
10000.0,36.0,15.61,349.65,15.0,7.0,0.0,52000.0,1.0,5.0,15.51,8.0,0.0,9245.0,93.4,18.0,1.0,0.0,1.0,0.0,667.0,2.0,0.1923076923076923,0.4444444444444444,100.0,0.0,0.0,-1.0,0
12000.0,60.0,9.17,250.1,6.0,0.0,1.0,50000.0,1.0,4.0,5.93,8.0,0.0,5437.0,14.9,22.0,0.0,0.0,0.0,0.0,682.0,2.0,0.24,0.3636363636363636,205.0,0.0,0.0,-1.0,0
15000.0,36.0,13.99,512.6,13.0,10.0,0.0,72000.0,0.0,0.0,26.92,7.0,1.0,49464.0,86.0,22.0,1.0,0.0,4.0,1.0,662.0,2.0,0.2083333333333333,0.3181818181818182,214.0,0.0046728971962616,0.0046728971962616,1.0,0
18000.0,36.0,11.53,593.83,9.0,10.0,0.0,65000.0,0.0,0.0,17.26,21.0,0.0,24028.0,59.8,50.0,0.0,0.0,4.0,0.0,697.0,2.0,0.2769230769230769,0.42,242.0,0.0,0.0,-1.0,0
12000.0,36.0,13.33,406.24,12.0,3.0,1.0,48000.0,0.0,0.0,14.9,6.0,0.0,19259.0,88.8,22.0,0.0,0.0,0.0,0.0,687.0,2.0,0.25,0.2727272727272727,137.0,0.0,0.0,-1.0,0
5000.0,36.0,8.18,157.1,5.0,10.0,0.0,50000.0,2.0,4.0,13.9,13.0,1.0,3060.0,26.8,29.0,0.0,0.0,4.0,1.0,677.0,2.0,0.1,0.4482758620689655,207.0,0.0048309178743961,0.0048309178743961,1.0,0
8850.0,36.0,12.29,295.18,10.0,5.0,1.0,81400.0,2.0,9.0,32.54,16.0,0.0,29511.0,54.2,33.0,1.0,0.0,0.0,0.0,697.0,2.0,0.1087223587223587,0.4848484848484848,290.0,0.0,0.0,-1.0,0
1625.0,36.0,13.99,55.54,13.0,10.0,0.0,35000.0,0.0,4.0,34.36,9.0,0.0,5809.0,78.5,12.0,0.0,0.0,2.0,0.0,692.0,2.0,0.0464285714285714,0.75,165.0,0.0,0.0,-1.0,0
11950.0,36.0,13.99,408.37,13.0,10.0,1.0,40000.0,1.0,0.0,17.76,14.0,1.0,7254.0,41.0,31.0,1.0,0.0,5.0,1.0,662.0,2.0,0.29875,0.4516129032258064,139.0,0.0071942446043165,0.0071942446043165,1.0,1
21600.0,36.0,10.99,707.06,8.0,5.0,0.0,106000.0,1.0,4.0,18.43,12.0,0.0,25080.0,60.9,18.0,0.0,0.0,1.0,0.0,677.0,2.0,0.2037735849056604,0.6666666666666666,137.0,0.0,0.0,-1.0,0
4800.0,36.0,10.99,157.13,8.0,10.0,0.0,82000.0,2.0,0.0,23.12,9.0,1.0,10381.0,70.1,20.0,0.0,0.0,1.0,1.0,692.0,2.0,0.0585365853658536,0.45,180.0,0.0055555555555555,0.0055555555555555,1.0,0
21100.0,36.0,18.84,771.74,21.0,3.0,1.0,51000.0,2.0,0.0,24.66,8.0,1.0,1576.0,46.4,13.0,1.0,0.0,3.0,0.0,677.0,2.0,0.4137254901960784,0.6153846153846154,125.0,0.008,0.0,0.0,1
20000.0,36.0,6.92,616.82,3.0,2.0,2.0,52000.0,1.0,4.0,23.22,17.0,0.0,20051.0,31.8,29.0,0.0,0.0,1.0,0.0,722.0,2.0,0.3846153846153846,0.5862068965517241,285.0,0.0,0.0,-1.0,0
14000.0,60.0,14.65,330.5,14.0,10.0,0.0,90000.0,2.0,4.0,30.41,16.0,0.0,43699.0,80.8,48.0,0.0,0.0,8.0,0.0,682.0,2.0,0.1555555555555555,0.3333333333333333,201.0,0.0,0.0,-1.0,0
4000.0,36.0,11.53,131.97,9.0,4.0,1.0,84000.0,0.0,0.0,20.86,14.0,2.0,14160.0,48.8,25.0,0.0,0.0,0.0,0.0,682.0,2.0,0.0476190476190476,0.56,588.0,0.0034013605442176,0.0,0.0,0
11575.0,36.0,17.86,417.66,19.0,3.0,1.0,32000.0,1.0,0.0,25.24,22.0,0.0,12960.0,57.9,27.0,0.0,0.0,0.0,0.0,687.0,2.0,0.36171875,0.8148148148148148,153.0,0.0,0.0,-1.0,0
7200.0,36.0,10.99,235.69,8.0,7.0,1.0,59000.0,0.0,0.0,11.11,7.0,0.0,2858.0,36.2,21.0,1.0,0.0,4.0,0.0,702.0,2.0,0.1220338983050847,0.3333333333333333,168.0,0.0,0.0,-1.0,0
18000.0,60.0,17.86,455.72,19.0,4.0,0.0,53000.0,0.0,0.0,17.26,6.0,0.0,16645.0,76.7,9.0,1.0,0.0,1.0,0.0,672.0,2.0,0.3396226415094339,0.6666666666666666,151.0,0.0,0.0,-1.0,0
16000.0,60.0,18.25,408.48,20.0,10.0,0.0,103000.0,1.0,0.0,18.96,18.0,0.0,6841.0,34.9,32.0,1.0,0.0,1.0,0.0,672.0,2.0,0.1553398058252427,0.5625,140.0,0.0,0.0,-1.0,0
21725.0,36.0,15.61,759.62,15.0,10.0,0.0,54385.0,1.0,0.0,16.79,11.0,0.0,16719.0,73.3,21.0,1.0,0.0,2.0,0.0,667.0,2.0,0.3994667647329227,0.5238095238095238,177.0,0.0,0.0,-1.0,0
2500.0,36.0,17.57,89.85,18.0,10.0,1.0,33000.0,0.0,0.0,24.65,6.0,0.0,1614.0,50.0,9.0,1.0,0.0,0.0,0.0,662.0,2.0,0.0757575757575757,0.6666666666666666,262.0,0.0,0.0,-1.0,0
5850.0,36.0,8.18,183.81,5.0,1.0,1.0,40000.0,1.0,4.0,10.32,5.0,0.0,1368.0,52.6,8.0,1.0,0.0,0.0,0.0,737.0,2.0,0.14625,0.625,85.0,0.0,0.0,-1.0,0
26400.0,60.0,10.99,573.87,8.0,0.0,1.0,105000.0,1.0,0.0,11.02,12.0,1.0,4861.0,42.3,15.0,0.0,0.0,2.0,1.0,672.0,2.0,0.2514285714285714,0.8,108.0,0.0092592592592592,0.0092592592592592,1.0,0
8975.0,36.0,11.53,296.09,9.0,10.0,1.0,43000.0,0.0,4.0,21.7,7.0,0.0,14226.0,82.7,18.0,1.0,0.0,0.0,0.0,712.0,2.0,0.2087209302325581,0.3888888888888889,330.0,0.0,0.0,-1.0,0
8000.0,36.0,7.89,250.29,4.0,5.0,0.0,48000.0,0.0,0.0,20.98,12.0,0.0,5078.0,33.4,22.0,0.0,0.0,3.0,0.0,747.0,2.0,0.1666666666666666,0.5454545454545454,288.0,0.0,0.0,-1.0,0
1875.0,36.0,20.49,70.16,23.0,8.0,2.0,13000.0,1.0,0.0,24.75,5.0,0.0,8284.0,96.3,5.0,1.0,0.0,0.0,0.0,667.0,2.0,0.1442307692307692,1.0,83.0,0.0,0.0,-1.0,0
12575.0,36.0,14.65,433.77,14.0,7.0,0.0,91000.0,1.0,0.0,9.11,15.0,0.0,4657.0,87.9,21.0,1.0,0.0,4.0,0.0,667.0,2.0,0.1381868131868132,0.7142857142857143,154.0,0.0,0.0,-1.0,1
24000.0,60.0,21.67,658.36,24.0,10.0,1.0,61000.0,1.0,0.0,18.53,8.0,0.0,2647.0,55.1,15.0,1.0,0.0,0.0,0.0,677.0,2.0,0.3934426229508196,0.5333333333333333,261.0,0.0,0.0,-1.0,0
14650.0,36.0,16.55,519.04,16.0,5.0,0.0,65000.0,1.0,0.0,35.03,18.0,1.0,12041.0,48.0,56.0,1.0,0.0,2.0,1.0,672.0,2.0,0.2253846153846153,0.3214285714285714,169.0,0.0059171597633136,0.0059171597633136,1.0,0
10000.0,36.0,7.89,312.86,4.0,10.0,0.0,75000.0,1.0,4.0,3.69,9.0,0.0,17432.0,15.6,21.0,1.0,0.0,2.0,0.0,747.0,2.0,0.1333333333333333,0.4285714285714285,284.0,0.0,0.0,-1.0,0
20000.0,36.0,11.53,659.81,9.0,10.0,2.0,110000.0,1.0,0.0,13.42,4.0,0.0,18997.0,49.7,15.0,1.0,0.0,1.0,0.0,747.0,2.0,0.1818181818181818,0.2666666666666666,241.0,0.0,0.0,-1.0,0
14000.0,60.0,9.17,291.78,6.0,5.0,0.0,80000.0,2.0,4.0,9.72,15.0,0.0,12207.0,18.4,28.0,0.0,0.0,3.0,0.0,722.0,2.0,0.175,0.5357142857142857,275.0,0.0,0.0,-1.0,0
7100.0,36.0,18.25,257.58,20.0,4.0,1.0,19760.0,1.0,0.0,17.39,10.0,0.0,12776.0,74.7,19.0,0.0,0.0,0.0,0.0,687.0,2.0,0.3593117408906882,0.5263157894736842,116.0,0.0,0.0,-1.0,0
6000.0,36.0,10.99,196.41,8.0,2.0,1.0,21000.0,2.0,4.0,10.12,4.0,0.0,5944.0,52.6,6.0,1.0,0.0,0.0,0.0,712.0,2.0,0.2857142857142857,0.6666666666666666,100.0,0.0,0.0,-1.0,0
10275.0,36.0,19.52,379.35,22.0,10.0,0.0,50000.0,1.0,1.0,21.46,14.0,0.0,5560.0,23.6,33.0,1.0,0.0,2.0,0.0,727.0,2.0,0.2055,0.4242424242424242,208.0,0.0,0.0,-1.0,0
12000.0,36.0,9.99,387.15,7.0,10.0,2.0,54000.0,1.0,0.0,17.44,8.0,1.0,8497.0,62.0,28.0,0.0,0.0,2.0,1.0,662.0,2.0,0.2222222222222222,0.2857142857142857,311.0,0.0032154340836012,0.0032154340836012,1.0,0
4800.0,36.0,13.99,164.03,13.0,6.0,1.0,40000.0,0.0,0.0,5.76,7.0,0.0,4320.0,56.8,8.0,1.0,0.0,0.0,0.0,667.0,2.0,0.12,0.875,104.0,0.0,0.0,-1.0,0
29975.0,60.0,17.57,754.18,18.0,10.0,2.0,60000.0,1.0,4.0,25.9,9.0,0.0,34284.0,90.2,23.0,1.0,0.0,0.0,0.0,702.0,2.0,0.4995833333333333,0.391304347826087,161.0,0.0,0.0,-1.0,1
17375.0,60.0,17.57,437.16,18.0,6.0,0.0,150000.0,2.0,0.0,6.86,19.0,1.0,11743.0,51.3,46.0,1.0,0.0,2.0,1.0,662.0,2.0,0.1158333333333333,0.4130434782608695,143.0,0.0069930069930069,0.0069930069930069,1.0,0
24000.0,36.0,6.92,740.18,3.0,0.0,0.0,90000.0,1.0,0.0,12.8,14.0,0.0,23090.0,23.7,31.0,0.0,0.0,4.0,0.0,792.0,2.0,0.2666666666666666,0.4516129032258064,368.0,0.0,0.0,-1.0,0
22800.0,36.0,13.99,779.14,13.0,3.0,1.0,68000.0,1.0,0.0,16.33,9.0,0.0,15279.0,61.1,10.0,1.0,0.0,0.0,0.0,672.0,2.0,0.3352941176470588,0.9,127.0,0.0,0.0,-1.0,0
21000.0,36.0,6.92,647.66,3.0,2.0,1.0,50000.0,1.0,0.0,13.63,12.0,0.0,7520.0,29.5,22.0,0.0,0.0,0.0,0.0,767.0,2.0,0.42,0.5454545454545454,126.0,0.0,0.0,-1.0,0
8000.0,36.0,6.92,246.73,3.0,4.0,1.0,67000.0,1.0,4.0,13.38,7.0,0.0,18273.0,61.1,27.0,0.0,0.0,0.0,0.0,687.0,2.0,0.1194029850746268,0.2592592592592592,289.0,0.0,0.0,-1.0,0
10000.0,36.0,10.99,327.34,8.0,5.0,1.0,225000.0,1.0,0.0,8.46,10.0,2.0,2987.0,43.9,27.0,1.0,0.0,10.0,2.0,667.0,2.0,0.0444444444444444,0.3703703703703703,304.0,0.006578947368421,0.006578947368421,1.0,0
20000.0,36.0,13.33,677.07,12.0,10.0,0.0,102000.0,1.0,0.0,9.54,6.0,1.0,4052.0,96.5,9.0,0.0,0.0,1.0,0.0,677.0,2.0,0.196078431372549,0.6666666666666666,167.0,0.0059880239520958,0.0,0.0,0
19950.0,36.0,10.99,653.05,8.0,10.0,1.0,40000.0,0.0,4.0,24.84,11.0,0.0,23731.0,41.2,31.0,0.0,0.0,0.0,0.0,712.0,2.0,0.49875,0.3548387096774194,135.0,0.0,0.0,-1.0,1
6625.0,36.0,15.61,231.65,15.0,9.0,0.0,34000.0,1.0,2.0,24.5,9.0,1.0,35118.0,93.4,17.0,1.0,0.0,2.0,1.0,692.0,2.0,0.1948529411764706,0.5294117647058824,145.0,0.0068965517241379,0.0068965517241379,1.0,0
21000.0,60.0,14.65,495.74,14.0,10.0,0.0,55000.0,1.0,0.0,19.42,9.0,1.0,12229.0,59.1,33.0,0.0,0.0,1.0,1.0,667.0,2.0,0.3818181818181818,0.2727272727272727,286.0,0.0034965034965034,0.0034965034965034,1.0,0
9000.0,36.0,6.39,275.4,1.0,0.0,1.0,23000.0,1.0,0.0,14.51,20.0,0.0,10304.0,14.0,40.0,1.0,0.0,0.0,0.0,777.0,2.0,0.391304347826087,0.5,335.0,0.0,0.0,-1.0,0
30000.0,60.0,17.86,759.52,19.0,10.0,0.0,100000.0,1.0,4.0,12.05,11.0,0.0,55211.0,67.0,13.0,1.0,0.0,2.0,0.0,682.0,2.0,0.3,0.8461538461538461,248.0,0.0,0.0,-1.0,1
12600.0,36.0,8.18,395.89,5.0,3.0,1.0,65000.0,0.0,0.0,7.77,10.0,0.0,17340.0,79.5,14.0,0.0,0.0,0.0,0.0,707.0,2.0,0.1938461538461538,0.7142857142857143,305.0,0.0,0.0,-1.0,0
29975.0,60.0,19.52,786.17,22.0,8.0,1.0,60000.0,1.0,4.0,27.66,15.0,0.0,48071.0,71.4,33.0,1.0,0.0,0.0,0.0,662.0,2.0,0.4995833333333333,0.4545454545454545,188.0,0.0,0.0,-1.0,1
12000.0,36.0,6.92,370.09,3.0,3.0,2.0,74000.0,1.0,4.0,15.0,7.0,2.0,11777.0,62.3,31.0,0.0,0.0,0.0,0.0,667.0,2.0,0.1621621621621621,0.2258064516129032,173.0,0.0115606936416184,0.0,0.0,0
24000.0,60.0,13.99,558.32,13.0,9.0,0.0,60000.0,2.0,0.0,14.32,9.0,0.0,5324.0,59.8,24.0,1.0,0.0,2.0,0.0,677.0,2.0,0.4,0.375,132.0,0.0,0.0,-1.0,0
35000.0,60.0,21.67,960.11,24.0,2.0,2.0,96000.0,2.0,0.0,26.89,14.0,1.0,31043.0,46.1,16.0,1.0,0.0,0.0,0.0,697.0,2.0,0.3645833333333333,0.875,155.0,0.0064516129032258,0.0,0.0,0
14950.0,36.0,21.67,568.4,24.0,10.0,2.0,30000.0,2.0,1.0,10.44,6.0,0.0,3021.0,28.2,19.0,1.0,0.0,0.0,0.0,672.0,2.0,0.4983333333333333,0.3157894736842105,396.0,0.0,0.0,-1.0,0
7000.0,36.0,13.33,236.98,12.0,10.0,1.0,58000.0,1.0,0.0,35.27,5.0,0.0,59094.0,91.9,7.0,1.0,0.0,0.0,0.0,692.0,2.0,0.1206896551724138,0.7142857142857143,245.0,0.0,0.0,-1.0,0
10000.0,60.0,18.25,255.3,20.0,2.0,1.0,36750.0,1.0,0.0,35.56,11.0,0.0,10690.0,66.8,25.0,0.0,0.0,0.0,0.0,697.0,2.0,0.272108843537415,0.44,173.0,0.0,0.0,-1.0,0
9800.0,36.0,11.53,323.31,9.0,2.0,1.0,33000.0,1.0,0.0,34.33,9.0,0.0,5809.0,53.3,14.0,0.0,0.0,0.0,0.0,682.0,2.0,0.296969696969697,0.6428571428571429,61.0,0.0,0.0,-1.0,0
6600.0,36.0,7.89,206.49,4.0,2.0,0.0,40000.0,0.0,4.0,11.4,10.0,1.0,6738.0,56.1,29.0,0.0,0.0,1.0,1.0,687.0,2.0,0.165,0.3448275862068966,173.0,0.0057803468208092,0.0057803468208092,1.0,0
24000.0,36.0,6.92,740.18,3.0,2.0,1.0,125000.0,1.0,4.0,9.11,9.0,0.0,23550.0,82.3,30.0,0.0,0.0,0.0,0.0,692.0,2.0,0.192,0.3,175.0,0.0,0.0,-1.0,1
20000.0,36.0,7.89,625.72,4.0,10.0,0.0,74000.0,2.0,4.0,18.65,14.0,0.0,13431.0,20.0,36.0,0.0,0.0,5.0,0.0,762.0,2.0,0.2702702702702703,0.3888888888888889,188.0,0.0,0.0,-1.0,0
15000.0,36.0,12.69,503.18,11.0,10.0,0.0,98000.0,2.0,0.0,32.97,15.0,0.0,70831.0,96.0,30.0,1.0,0.0,3.0,0.0,687.0,2.0,0.1530612244897959,0.5,415.0,0.0,0.0,-1.0,0
22475.0,36.0,13.33,760.85,12.0,10.0,0.0,50000.0,2.0,0.0,28.61,9.0,0.0,10677.0,48.0,17.0,0.0,0.0,2.0,0.0,702.0,2.0,0.4495,0.5294117647058824,456.0,0.0,0.0,-1.0,0
9000.0,36.0,11.53,296.92,9.0,1.0,0.0,53520.0,2.0,0.0,29.1,11.0,0.0,25592.0,83.6,25.0,1.0,0.0,0.0,0.0,662.0,2.0,0.1681614349775785,0.44,292.0,0.0,0.0,-1.0,0
12500.0,36.0,17.57,449.22,18.0,10.0,0.0,43000.0,0.0,0.0,12.06,10.0,0.0,7921.0,88.0,42.0,1.0,0.0,1.0,0.0,662.0,2.0,0.2906976744186046,0.238095238095238,361.0,0.0,0.0,-1.0,0
30000.0,60.0,9.99,637.27,7.0,10.0,0.0,70000.0,2.0,4.0,21.69,14.0,0.0,64599.0,52.9,28.0,0.0,0.0,2.0,0.0,787.0,2.0,0.4285714285714285,0.5,198.0,0.0,0.0,-1.0,0
9600.0,36.0,6.39,293.76,1.0,1.0,1.0,37840.0,0.0,0.0,22.84,10.0,0.0,8493.0,42.0,14.0,1.0,0.0,0.0,0.0,737.0,2.0,0.2536997885835095,0.7142857142857143,133.0,0.0,0.0,-1.0,0
19800.0,36.0,14.65,682.99,14.0,5.0,0.0,45000.0,0.0,0.0,20.43,9.0,0.0,14027.0,50.3,14.0,0.0,0.0,1.0,0.0,692.0,2.0,0.44,0.6428571428571429,117.0,0.0,0.0,-1.0,0
20000.0,60.0,14.65,472.14,14.0,10.0,1.0,70000.0,2.0,0.0,23.01,10.0,0.0,17611.0,79.0,19.0,0.0,0.0,0.0,0.0,692.0,2.0,0.2857142857142857,0.5263157894736842,121.0,0.0,0.0,-1.0,1
28000.0,36.0,7.89,876.0,4.0,4.0,0.0,125000.0,1.0,4.0,19.68,8.0,0.0,42167.0,70.7,28.0,1.0,0.0,2.0,0.0,697.0,2.0,0.224,0.2857142857142857,231.0,0.0,0.0,-1.0,0
30675.0,60.0,18.84,793.03,21.0,8.0,1.0,64000.0,1.0,0.0,21.83,11.0,0.0,39298.0,71.1,22.0,1.0,0.0,0.0,0.0,702.0,2.0,0.479296875,0.5,274.0,0.0,0.0,-1.0,0
25000.0,36.0,11.53,824.76,9.0,1.0,0.0,78000.0,1.0,4.0,38.17,21.0,0.0,25370.0,57.1,47.0,1.0,0.0,1.0,0.0,692.0,2.0,0.3205128205128205,0.4468085106382978,146.0,0.0,0.0,-1.0,0
15000.0,36.0,8.18,471.3,5.0,2.0,1.0,100000.0,0.0,0.0,16.18,8.0,0.0,13335.0,86.0,9.0,1.0,0.0,0.0,0.0,667.0,2.0,0.15,0.8888888888888888,61.0,0.0,0.0,-1.0,0
15000.0,60.0,10.99,326.07,8.0,10.0,0.0,92000.0,1.0,2.0,22.8,11.0,0.0,2822.0,10.5,26.0,0.0,0.0,4.0,0.0,752.0,2.0,0.1630434782608695,0.4230769230769231,176.0,0.0,0.0,-1.0,0
20000.0,36.0,9.17,637.58,6.0,2.0,1.0,65000.0,1.0,0.0,17.65,32.0,0.0,11629.0,32.1,48.0,1.0,0.0,0.0,0.0,702.0,2.0,0.3076923076923077,0.6666666666666666,124.0,0.0,0.0,-1.0,0
10975.0,60.0,18.25,280.19,20.0,10.0,0.0,63000.0,1.0,0.0,16.15,14.0,0.0,3135.0,54.1,37.0,1.0,0.0,4.0,0.0,697.0,2.0,0.1742063492063492,0.3783783783783784,256.0,0.0,0.0,-1.0,0
20425.0,36.0,15.61,714.16,15.0,10.0,2.0,56791.0,1.0,0.0,21.3,15.0,0.0,31824.0,77.8,32.0,1.0,0.0,1.0,0.0,687.0,3.0,0.3596520575443292,0.46875,298.0,0.0,0.0,-1.0,0
35000.0,36.0,7.89,1095.0,4.0,6.0,0.0,142000.0,2.0,0.0,16.91,25.0,0.0,27920.0,66.6,59.0,1.0,0.0,3.0,0.0,697.0,3.0,0.2464788732394366,0.423728813559322,187.0,0.0,0.0,-1.0,0
12000.0,36.0,6.92,370.09,3.0,6.0,0.0,130000.0,0.0,0.0,10.81,16.0,0.0,11902.0,56.1,21.0,0.0,0.0,4.0,0.0,662.0,3.0,0.0923076923076923,0.7619047619047619,217.0,0.0,0.0,-1.0,0
10000.0,36.0,6.68,307.31,2.0,10.0,1.0,55000.0,0.0,0.0,9.45,6.0,0.0,7379.0,33.5,18.0,1.0,0.0,3.0,0.0,702.0,3.0,0.1818181818181818,0.3333333333333333,176.0,0.0,0.0,-1.0,0
13000.0,36.0,12.29,433.59,10.0,1.0,1.0,43000.0,0.0,4.0,24.7,7.0,0.0,28722.0,75.0,17.0,0.0,0.0,0.0,0.0,687.0,3.0,0.3023255813953488,0.4117647058823529,159.0,0.0,0.0,-1.0,1
7475.0,36.0,13.99,255.45,13.0,10.0,1.0,60000.0,1.0,4.0,19.34,6.0,1.0,1630.0,14.0,42.0,1.0,0.0,1.0,1.0,667.0,3.0,0.1245833333333333,0.1428571428571428,240.0,0.0041666666666666,0.0041666666666666,1.0,0
29700.0,60.0,24.99,871.57,28.0,10.0,1.0,66000.0,2.0,0.0,34.2,16.0,0.0,23806.0,74.0,29.0,1.0,0.0,0.0,0.0,692.0,3.0,0.45,0.5517241379310345,173.0,0.0,0.0,-1.0,0
20000.0,60.0,12.69,451.9,11.0,1.0,0.0,47000.0,1.0,4.0,25.98,10.0,0.0,35978.0,47.0,28.0,0.0,0.0,3.0,0.0,732.0,3.0,0.425531914893617,0.3571428571428571,124.0,0.0,0.0,-1.0,0
10000.0,36.0,6.92,308.41,3.0,10.0,0.0,85000.0,0.0,0.0,15.94,18.0,0.0,16495.0,32.3,43.0,0.0,0.0,1.0,0.0,702.0,3.0,0.1176470588235294,0.4186046511627907,288.0,0.0,0.0,-1.0,0
15000.0,36.0,9.17,478.19,6.0,9.0,1.0,70000.0,0.0,0.0,28.61,12.0,0.0,16886.0,75.0,22.0,1.0,0.0,0.0,0.0,667.0,3.0,0.2142857142857142,0.5454545454545454,107.0,0.0,0.0,-1.0,0
3000.0,36.0,12.69,100.64,11.0,6.0,1.0,69000.0,0.0,0.0,15.46,15.0,0.0,15301.0,72.5,17.0,1.0,0.0,0.0,0.0,672.0,3.0,0.0434782608695652,0.8823529411764706,130.0,0.0,0.0,-1.0,0
6000.0,36.0,5.93,182.35,0.0,4.0,0.0,39500.0,0.0,0.0,13.4,16.0,0.0,3141.0,4.2,28.0,0.0,0.0,4.0,0.0,822.0,3.0,0.1518987341772152,0.5714285714285714,237.0,0.0,0.0,-1.0,0
7200.0,36.0,11.53,237.53,9.0,7.0,0.0,42000.0,1.0,0.0,29.86,14.0,0.0,16899.0,85.8,26.0,0.0,0.0,3.0,0.0,712.0,3.0,0.1714285714285714,0.5384615384615384,182.0,0.0,0.0,-1.0,0
19700.0,60.0,25.8,587.5,30.0,3.0,1.0,65000.0,1.0,8.0,19.15,8.0,0.0,11640.0,46.6,10.0,1.0,0.0,0.0,0.0,687.0,3.0,0.3030769230769231,0.8,94.0,0.0,0.0,-1.0,1
12000.0,36.0,10.99,392.81,8.0,0.0,1.0,65000.0,1.0,0.0,5.45,4.0,0.0,5178.0,90.8,4.0,1.0,0.0,0.0,0.0,682.0,3.0,0.1846153846153846,1.0,137.0,0.0,0.0,-1.0,0
12000.0,36.0,12.69,402.54,11.0,1.0,2.0,58000.0,1.0,8.0,8.63,6.0,1.0,2274.0,58.3,15.0,1.0,0.0,1.0,0.0,662.0,3.0,0.2068965517241379,0.4,154.0,0.0064935064935064,0.0,0.0,0
18000.0,36.0,18.25,653.01,20.0,5.0,0.0,82000.0,2.0,5.0,12.75,17.0,1.0,90560.0,51.3,23.0,0.0,0.0,3.0,0.0,702.0,3.0,0.2195121951219512,0.7391304347826086,163.0,0.0061349693251533,0.0,0.0,0
20000.0,36.0,6.92,616.82,3.0,8.0,1.0,40262.0,2.0,4.0,19.88,7.0,0.0,20397.0,72.8,15.0,0.0,0.0,0.0,0.0,702.0,3.0,0.4967463116586359,0.4666666666666667,220.0,0.0,0.0,-1.0,0
7000.0,36.0,12.69,234.82,11.0,3.0,1.0,65000.0,0.0,0.0,15.14,13.0,0.0,18881.0,63.4,21.0,1.0,0.0,2.0,0.0,677.0,3.0,0.1076923076923077,0.6190476190476191,96.0,0.0,0.0,-1.0,0
6000.0,36.0,8.18,188.52,5.0,10.0,0.0,61000.0,0.0,2.0,11.43,5.0,0.0,4288.0,54.3,19.0,0.0,0.0,1.0,0.0,687.0,3.0,0.0983606557377049,0.2631578947368421,174.0,0.0,0.0,-1.0,0
15000.0,36.0,11.53,494.86,9.0,2.0,1.0,69000.0,1.0,0.0,17.51,10.0,3.0,4451.0,40.5,22.0,1.0,0.0,4.0,2.0,672.0,3.0,0.217391304347826,0.4545454545454545,184.0,0.0163043478260869,0.0108695652173913,0.6666666666666666,0
16000.0,36.0,12.29,533.65,10.0,5.0,2.0,64320.0,1.0,0.0,15.24,9.0,2.0,7293.0,13.4,25.0,1.0,0.0,0.0,2.0,672.0,3.0,0.2487562189054726,0.36,174.0,0.0114942528735632,0.0114942528735632,1.0,0
1000.0,36.0,12.29,33.36,10.0,10.0,2.0,50000.0,1.0,5.0,14.62,11.0,0.0,12191.0,89.6,25.0,1.0,0.0,0.0,0.0,662.0,3.0,0.02,0.44,223.0,0.0,0.0,-1.0,0
2800.0,36.0,8.18,87.98,5.0,10.0,0.0,38000.0,0.0,0.0,18.33,12.0,0.0,2982.0,47.3,32.0,0.0,0.0,2.0,0.0,687.0,3.0,0.0736842105263157,0.375,125.0,0.0,0.0,-1.0,0
12800.0,36.0,7.89,400.46,4.0,0.0,0.0,60000.0,2.0,2.0,7.96,7.0,0.0,6002.0,46.2,10.0,1.0,0.0,1.0,0.0,727.0,3.0,0.2133333333333333,0.7,149.0,0.0,0.0,-1.0,0
12000.0,36.0,5.93,364.69,0.0,4.0,0.0,113000.0,0.0,4.0,7.38,8.0,0.0,7622.0,53.3,33.0,0.0,0.0,3.0,0.0,707.0,3.0,0.1061946902654867,0.2424242424242424,189.0,0.0,0.0,-1.0,0
35000.0,60.0,17.57,880.61,18.0,3.0,1.0,140000.0,2.0,0.0,18.27,6.0,0.0,16897.0,95.5,7.0,1.0,0.0,0.0,0.0,697.0,3.0,0.25,0.8571428571428571,68.0,0.0,0.0,-1.0,1
8000.0,36.0,9.17,255.04,6.0,10.0,0.0,49500.0,0.0,0.0,18.42,12.0,3.0,8402.0,61.8,36.0,0.0,0.0,2.0,0.0,667.0,3.0,0.1616161616161616,0.3333333333333333,195.0,0.0153846153846153,0.0,0.0,0
8000.0,36.0,12.29,266.83,10.0,5.0,1.0,40000.0,0.0,4.0,15.84,4.0,0.0,6465.0,99.5,10.0,0.0,0.0,1.0,0.0,682.0,3.0,0.2,0.4,62.0,0.0,0.0,-1.0,0
7000.0,36.0,5.93,212.74,0.0,10.0,1.0,35000.0,1.0,0.0,10.87,10.0,1.0,1289.0,7.6,11.0,0.0,0.0,0.0,1.0,727.0,3.0,0.2,0.9090909090909092,56.0,0.0178571428571428,0.0178571428571428,1.0,0
5000.0,36.0,6.92,154.21,3.0,5.0,1.0,57000.0,1.0,4.0,18.25,11.0,0.0,5865.0,18.9,17.0,0.0,0.0,0.0,0.0,732.0,3.0,0.087719298245614,0.6470588235294118,103.0,0.0,0.0,-1.0,0
12000.0,36.0,13.99,410.08,13.0,10.0,0.0,40000.0,0.0,0.0,26.16,8.0,1.0,1820.0,9.5,32.0,1.0,0.0,7.0,1.0,682.0,3.0,0.3,0.25,104.0,0.0096153846153846,0.0096153846153846,1.0,1
6000.0,36.0,13.33,203.12,12.0,1.0,1.0,54000.0,0.0,0.0,18.87,13.0,0.0,9564.0,40.4,28.0,1.0,0.0,0.0,0.0,687.0,3.0,0.1111111111111111,0.4642857142857143,405.0,0.0,0.0,-1.0,0
20000.0,36.0,11.53,659.81,9.0,6.0,0.0,74500.0,1.0,0.0,30.04,15.0,0.0,21884.0,63.4,47.0,1.0,0.0,0.0,0.0,687.0,3.0,0.2684563758389262,0.3191489361702128,207.0,0.0,0.0,-1.0,1
6000.0,36.0,9.17,191.28,6.0,6.0,2.0,70000.0,1.0,0.0,13.22,10.0,0.0,5735.0,57.9,18.0,0.0,0.0,0.0,0.0,677.0,3.0,0.0857142857142857,0.5555555555555556,171.0,0.0,0.0,-1.0,0
6000.0,36.0,8.18,188.52,5.0,2.0,1.0,100000.0,1.0,0.0,11.71,9.0,0.0,21155.0,73.6,19.0,0.0,0.0,0.0,0.0,662.0,3.0,0.06,0.4736842105263157,421.0,0.0,0.0,-1.0,0
25600.0,36.0,6.39,783.34,1.0,1.0,0.0,65000.0,1.0,0.0,28.25,10.0,0.0,25894.0,64.4,19.0,0.0,0.0,3.0,0.0,717.0,3.0,0.3938461538461538,0.5263157894736842,278.0,0.0,0.0,-1.0,0
11000.0,36.0,7.89,344.15,4.0,5.0,1.0,50000.0,0.0,0.0,18.02,11.0,0.0,15554.0,47.4,17.0,0.0,0.0,0.0,0.0,697.0,3.0,0.22,0.6470588235294118,116.0,0.0,0.0,-1.0,0
10000.0,36.0,10.99,327.34,8.0,3.0,0.0,95000.0,0.0,0.0,2.06,4.0,0.0,6343.0,93.3,9.0,0.0,0.0,3.0,0.0,667.0,3.0,0.1052631578947368,0.4444444444444444,187.0,0.0,0.0,-1.0,0
18000.0,36.0,12.29,600.36,10.0,7.0,0.0,105000.0,1.0,0.0,21.44,20.0,0.0,31966.0,88.5,29.0,1.0,0.0,1.0,0.0,672.0,3.0,0.1714285714285714,0.6896551724137931,131.0,0.0,0.0,-1.0,0
8000.0,36.0,12.29,266.83,10.0,10.0,1.0,45000.0,2.0,0.0,6.4,9.0,1.0,4921.0,63.1,14.0,0.0,0.0,0.0,1.0,662.0,3.0,0.1777777777777777,0.6428571428571429,182.0,0.0054945054945054,0.0054945054945054,1.0,0
35000.0,36.0,8.18,1099.69,5.0,8.0,0.0,138000.0,2.0,4.0,14.3,6.0,0.0,40176.0,66.7,22.0,1.0,0.0,4.0,0.0,682.0,3.0,0.2536231884057971,0.2727272727272727,230.0,0.0,0.0,-1.0,0
35000.0,60.0,12.29,783.7,10.0,10.0,1.0,210906.54,1.0,4.0,4.84,6.0,0.0,45756.0,82.3,27.0,0.0,0.0,4.0,0.0,667.0,3.0,0.1659502830021297,0.2222222222222222,338.0,0.0,0.0,-1.0,0
35000.0,36.0,16.99,1247.68,17.0,1.0,0.0,100000.0,1.0,2.0,10.7,11.0,0.0,19033.0,51.2,26.0,0.0,0.0,0.0,0.0,722.0,3.0,0.35,0.4230769230769231,119.0,0.0,0.0,-1.0,0
6000.0,36.0,12.29,200.12,10.0,3.0,1.0,40000.0,0.0,0.0,9.21,23.0,0.0,13048.0,42.3,54.0,1.0,0.0,0.0,0.0,722.0,3.0,0.15,0.4259259259259259,165.0,0.0,0.0,-1.0,0
22000.0,60.0,13.99,511.79,13.0,9.0,0.0,147513.0,1.0,0.0,13.44,23.0,0.0,15636.0,44.5,42.0,0.0,0.0,1.0,0.0,667.0,3.0,0.1491393978835763,0.5476190476190477,121.0,0.0,0.0,-1.0,0
7200.0,36.0,11.53,237.53,9.0,5.0,1.0,40000.0,0.0,4.0,15.51,8.0,0.0,9301.0,93.0,32.0,1.0,0.0,0.0,0.0,662.0,3.0,0.18,0.25,151.0,0.0,0.0,-1.0,0
9650.0,36.0,15.61,337.42,15.0,10.0,1.0,22000.0,2.0,4.0,25.7,16.0,0.0,15548.0,68.2,24.0,1.0,0.0,0.0,0.0,687.0,3.0,0.4386363636363636,0.6666666666666666,181.0,0.0,0.0,-1.0,0
12300.0,36.0,9.99,396.83,7.0,8.0,1.0,43000.0,1.0,4.0,20.49,16.0,1.0,13225.0,47.6,28.0,1.0,0.0,0.0,1.0,667.0,3.0,0.2860465116279069,0.5714285714285714,283.0,0.0035335689045936,0.0035335689045936,1.0,0
18000.0,60.0,11.53,396.14,9.0,10.0,0.0,160000.0,1.0,4.0,16.14,22.0,0.0,44095.0,58.8,36.0,0.0,0.0,4.0,0.0,687.0,3.0,0.1125,0.6111111111111112,204.0,0.0,0.0,-1.0,1
15000.0,36.0,10.99,491.01,8.0,10.0,1.0,55340.0,2.0,0.0,19.0,30.0,0.0,22618.0,42.8,33.0,0.0,0.0,0.0,0.0,687.0,3.0,0.2710516805204192,0.9090909090909092,164.0,0.0,0.0,-1.0,0
7803.29833984375,36.0,9.99,251.75160888671874,7.0,6.0,0.0,570730.3125,2.0,0.0,24.365449447631836,21.0,1.0,250887.84375,33.5694221496582,44.0,1.0,0.0,2.0,0.0,702.0,3.0,0.013672483234263094,0.4772726916349851,180.0,0.0055555555555555,0.0,0.0,0
21300.0,60.0,19.52,558.65,22.0,3.0,2.0,42785.6,1.0,2.0,27.52,19.0,0.0,9339.0,71.3,31.0,0.0,0.0,0.0,0.0,662.0,3.0,0.4978310459593882,0.6129032258064516,225.0,0.0,0.0,-1.0,1
18225.0,60.0,20.49,487.84,23.0,7.0,2.0,82000.0,1.0,0.0,13.93,16.0,1.0,13426.0,69.2,21.0,1.0,0.0,0.0,1.0,662.0,3.0,0.2222560975609756,0.7619047619047619,174.0,0.0057471264367816,0.0057471264367816,1.0,0
16000.0,36.0,12.29,533.65,10.0,4.0,1.0,136000.0,1.0,0.0,17.72,8.0,0.0,8819.0,76.7,20.0,1.0,0.0,0.0,0.0,697.0,3.0,0.1176470588235294,0.4,216.0,0.0,0.0,-1.0,0
16000.0,60.0,17.86,405.08,19.0,0.0,1.0,100000.0,2.0,5.0,6.67,6.0,0.0,17466.0,86.5,29.0,0.0,0.0,6.0,0.0,667.0,3.0,0.16,0.2068965517241379,325.0,0.0,0.0,-1.0,0
12600.0,60.0,13.33,288.83,12.0,10.0,0.0,99500.0,1.0,0.0,22.12,11.0,0.0,28910.0,66.2,21.0,0.0,0.0,2.0,0.0,712.0,3.0,0.1266331658291457,0.5238095238095238,213.0,0.0,0.0,-1.0,0
6500.0,36.0,7.89,203.36,4.0,1.0,2.0,20935.0,1.0,0.0,32.34,13.0,0.0,6560.0,38.8,16.0,0.0,0.0,0.0,0.0,712.0,3.0,0.3104848340100311,0.8125,92.0,0.0,0.0,-1.0,0
24725.0,60.0,16.99,614.35,17.0,10.0,0.0,80000.0,2.0,4.0,19.38,10.0,0.0,25201.0,64.0,23.0,0.0,0.0,3.0,0.0,682.0,3.0,0.3090625,0.4347826086956521,160.0,0.0,0.0,-1.0,0
22875.0,60.0,10.99,497.25,8.0,3.0,1.0,65000.0,2.0,0.0,15.45,15.0,0.0,12957.0,20.0,34.0,0.0,0.0,0.0,0.0,737.0,3.0,0.3519230769230769,0.4411764705882353,143.0,0.0,0.0,-1.0,1
10000.0,36.0,12.29,333.53,10.0,8.0,1.0,45000.0,0.0,0.0,17.47,11.0,0.0,9640.0,50.5,21.0,1.0,0.0,0.0,0.0,662.0,3.0,0.2222222222222222,0.5238095238095238,124.0,0.0,0.0,-1.0,0
12825.0,60.0,12.69,289.78,11.0,7.0,1.0,50000.0,1.0,0.0,17.26,11.0,0.0,7329.0,32.9,19.0,0.0,0.0,0.0,0.0,742.0,3.0,0.2565,0.5789473684210527,145.0,0.0,0.0,-1.0,0
16000.0,60.0,9.17,333.46,6.0,10.0,0.0,120000.0,0.0,0.0,25.74,23.0,0.0,94296.0,66.8,39.0,0.0,0.0,3.0,0.0,697.0,3.0,0.1333333333333333,0.5897435897435898,217.0,0.0,0.0,-1.0,0
5500.0,36.0,11.53,181.45,9.0,5.0,1.0,74880.0,2.0,4.0,37.46,19.0,0.0,24774.0,42.3,51.0,0.0,0.0,2.0,0.0,667.0,3.0,0.0734508547008547,0.3725490196078431,438.0,0.0,0.0,-1.0,0
9000.0,36.0,9.17,286.92,6.0,10.0,1.0,40000.0,1.0,0.0,18.87,7.0,1.0,5369.0,51.6,19.0,0.0,0.0,0.0,1.0,672.0,3.0,0.225,0.3684210526315789,239.0,0.00418410041841,0.00418410041841,1.0,0
18000.0,60.0,16.55,443.01,16.0,10.0,0.0,52000.0,1.0,0.0,10.2,12.0,0.0,13815.0,51.2,13.0,1.0,0.0,1.0,0.0,687.0,3.0,0.3461538461538461,0.9230769230769232,139.0,0.0,0.0,-1.0,0
10000.0,60.0,14.65,236.07,14.0,10.0,0.0,28000.0,2.0,4.0,27.35,7.0,0.0,1397.0,27.9,13.0,1.0,0.0,0.0,0.0,692.0,3.0,0.3571428571428571,0.5384615384615384,238.0,0.0,0.0,-1.0,0
18000.0,60.0,13.33,412.61,12.0,10.0,0.0,90000.0,2.0,0.0,10.85,13.0,0.0,2344.0,17.9,25.0,0.0,0.0,5.0,0.0,662.0,3.0,0.2,0.52,257.0,0.0,0.0,-1.0,0
14400.0,60.0,16.55,354.41,16.0,2.0,1.0,30000.0,1.0,0.0,39.36,13.0,0.0,9158.0,57.2,31.0,1.0,0.0,0.0,0.0,687.0,3.0,0.48,0.4193548387096774,162.0,0.0,0.0,-1.0,0
19600.0,60.0,12.29,438.87,10.0,1.0,1.0,105000.0,2.0,0.0,30.15,22.0,0.0,19270.0,23.8,44.0,0.0,0.0,3.0,0.0,747.0,3.0,0.1866666666666666,0.5,153.0,0.0,0.0,-1.0,1
10000.0,36.0,6.39,305.99,1.0,2.0,1.0,91520.0,0.0,0.0,19.15,5.0,0.0,10167.0,55.6,36.0,1.0,0.0,3.0,0.0,747.0,3.0,0.1092657342657342,0.1388888888888889,216.0,0.0,0.0,-1.0,0
6500.0,36.0,9.99,209.71,7.0,3.0,1.0,49000.0,0.0,0.0,19.91,18.0,0.0,2538.0,19.5,53.0,0.0,0.0,0.0,0.0,687.0,3.0,0.1326530612244898,0.3396226415094339,224.0,0.0,0.0,-1.0,0
20000.0,60.0,18.84,517.06,21.0,0.0,0.0,74000.0,1.0,0.0,14.79,10.0,0.0,15260.0,60.3,23.0,1.0,0.0,5.0,0.0,692.0,3.0,0.2702702702702703,0.4347826086956521,223.0,0.0,0.0,-1.0,0
13500.0,36.0,6.68,414.87,2.0,8.0,0.0,70000.0,1.0,4.0,17.7,9.0,0.0,24109.0,33.9,15.0,1.0,0.0,4.0,0.0,777.0,3.0,0.1928571428571428,0.6,179.0,0.0,0.0,-1.0,0
6000.0,36.0,15.61,209.79,15.0,1.0,1.0,23774.0,0.0,4.0,14.18,5.0,0.0,7271.0,23.8,17.0,0.0,0.0,5.0,0.0,697.0,3.0,0.252376545806343,0.2941176470588235,267.0,0.0,0.0,-1.0,0
15400.0,60.0,18.84,398.13,21.0,5.0,1.0,54000.0,1.0,3.0,14.2,8.0,0.0,1608.0,7.2,25.0,1.0,0.0,0.0,0.0,707.0,3.0,0.2851851851851852,0.32,150.0,0.0,0.0,-1.0,0
2400.0,36.0,14.65,82.79,14.0,2.0,1.0,33600.0,2.0,0.0,28.18,25.0,1.0,4512.0,38.2,41.0,0.0,0.0,0.0,1.0,692.0,3.0,0.0714285714285714,0.6097560975609756,166.0,0.0060240963855421,0.0060240963855421,1.0,0
7000.0,36.0,9.17,223.16,6.0,9.0,1.0,30000.0,1.0,0.0,29.64,12.0,0.0,2708.0,25.8,33.0,1.0,0.0,0.0,0.0,732.0,3.0,0.2333333333333333,0.3636363636363636,198.0,0.0,0.0,-1.0,0
24000.0,36.0,7.89,750.86,4.0,7.0,0.0,113000.0,1.0,0.0,25.07,11.0,0.0,31839.0,83.8,26.0,0.0,0.0,2.0,0.0,707.0,3.0,0.2123893805309734,0.4230769230769231,286.0,0.0,0.0,-1.0,0
6100.0,36.0,12.69,204.63,11.0,2.0,0.0,39374.0,0.0,0.0,21.4,18.0,1.0,7036.0,39.5,27.0,0.0,0.0,1.0,0.0,682.0,3.0,0.1549245695128765,0.6666666666666666,160.0,0.00625,0.0,0.0,1
7350.0,36.0,19.52,271.36,22.0,6.0,0.0,77000.0,1.0,0.0,14.79,10.0,0.0,4016.0,52.2,17.0,0.0,0.0,1.0,0.0,687.0,3.0,0.0954545454545454,0.5882352941176471,147.0,0.0,0.0,-1.0,0
17425.0,60.0,20.49,466.42,23.0,5.0,0.0,38000.0,1.0,0.0,23.03,11.0,0.0,21582.0,51.0,29.0,1.0,0.0,5.0,0.0,717.0,3.0,0.4585526315789474,0.3793103448275862,143.0,0.0,0.0,-1.0,0
30000.0,36.0,7.89,938.57,4.0,2.0,1.0,78000.0,2.0,0.0,16.26,6.0,0.0,34531.0,63.2,10.0,0.0,0.0,1.0,0.0,732.0,3.0,0.3846153846153846,0.6,179.0,0.0,0.0,-1.0,0
5000.0,36.0,7.89,156.43,4.0,5.0,2.0,70000.0,0.0,5.0,21.44,15.0,0.0,3670.0,16.1,26.0,1.0,0.0,0.0,0.0,697.0,3.0,0.0714285714285714,0.5769230769230769,155.0,0.0,0.0,-1.0,0
23500.0,60.0,16.55,578.37,16.0,8.0,0.0,60000.0,1.0,0.0,9.82,25.0,1.0,14267.0,74.7,42.0,0.0,0.0,1.0,0.0,662.0,3.0,0.3916666666666666,0.5952380952380952,152.0,0.006578947368421,0.0,0.0,1
8000.0,36.0,12.29,266.83,10.0,3.0,0.0,56000.0,0.0,0.0,26.39,29.0,0.0,16750.0,32.8,54.0,1.0,0.0,4.0,0.0,692.0,3.0,0.1428571428571428,0.5370370370370371,261.0,0.0,0.0,-1.0,0
9775.0,36.0,14.65,337.19,14.0,3.0,0.0,86000.0,0.0,0.0,12.95,9.0,1.0,8156.0,37.4,37.0,1.0,0.0,6.0,1.0,672.0,3.0,0.1136627906976744,0.2432432432432432,342.0,0.0029239766081871,0.0029239766081871,1.0,1
18000.0,36.0,6.92,555.13,3.0,0.0,1.0,85000.0,0.0,4.0,16.8,13.0,0.0,20215.0,77.5,24.0,1.0,0.0,0.0,0.0,677.0,3.0,0.2117647058823529,0.5416666666666666,131.0,0.0,0.0,-1.0,0
18000.0,36.0,11.53,593.83,9.0,4.0,1.0,110000.0,0.0,0.0,26.9,14.0,0.0,13350.0,55.6,38.0,1.0,0.0,2.0,0.0,677.0,3.0,0.1636363636363636,0.3684210526315789,228.0,0.0,0.0,-1.0,0
15000.0,36.0,9.17,478.19,6.0,10.0,1.0,70000.0,0.0,4.0,12.48,11.0,0.0,13329.0,66.6,18.0,0.0,0.0,0.0,0.0,702.0,3.0,0.2142857142857142,0.6111111111111112,129.0,0.0,0.0,-1.0,0
18000.0,60.0,25.57,534.36,29.0,1.0,1.0,50000.0,2.0,0.0,24.48,11.0,1.0,7599.0,48.4,23.0,1.0,0.0,1.0,0.0,682.0,3.0,0.36,0.4782608695652174,180.0,0.0055555555555555,0.0,0.0,1
14000.0,36.0,16.99,499.07,17.0,10.0,1.0,57000.0,2.0,0.0,18.65,8.0,1.0,1243.0,8.9,23.0,1.0,0.0,0.0,1.0,667.0,3.0,0.2456140350877192,0.3478260869565217,144.0,0.0069444444444444,0.0069444444444444,1.0,0
28975.0,60.0,22.99,816.66,25.0,7.0,0.0,128500.0,2.0,0.0,18.43,14.0,0.0,11107.0,72.6,25.0,0.0,0.0,1.0,0.0,687.0,3.0,0.2254863813229572,0.56,180.0,0.0,0.0,-1.0,0
17000.0,36.0,9.99,548.47,7.0,0.0,1.0,65000.0,0.0,4.0,13.92,15.0,0.0,18202.0,53.4,26.0,1.0,0.0,0.0,0.0,682.0,3.0,0.2615384615384615,0.5769230769230769,129.0,0.0,0.0,-1.0,0
14000.0,36.0,12.29,466.95,10.0,7.0,0.0,83000.0,1.0,0.0,27.28,21.0,0.0,24325.0,63.5,55.0,1.0,0.0,1.0,0.0,682.0,3.0,0.1686746987951807,0.3818181818181818,128.0,0.0,0.0,-1.0,0
6000.0,36.0,11.53,197.95,9.0,10.0,0.0,90000.0,1.0,0.0,17.6,8.0,0.0,12715.0,77.5,22.0,1.0,0.0,5.0,0.0,687.0,3.0,0.0666666666666666,0.3636363636363636,400.0,0.0,0.0,-1.0,0
7200.0,36.0,12.29,240.15,10.0,0.0,1.0,45000.0,1.0,0.0,21.44,12.0,0.0,18169.0,65.8,26.0,1.0,0.0,0.0,0.0,702.0,3.0,0.16,0.4615384615384615,125.0,0.0,0.0,-1.0,0
26000.0,36.0,7.89,813.43,4.0,2.0,1.0,67500.0,1.0,0.0,24.46,19.0,0.0,18206.0,58.9,30.0,0.0,0.0,1.0,0.0,702.0,3.0,0.3851851851851852,0.6333333333333333,179.0,0.0,0.0,-1.0,0
10950.0,60.0,20.49,293.11,23.0,6.0,1.0,34231.0,1.0,5.0,11.04,12.0,0.0,6309.0,16.1,16.0,0.0,0.0,0.0,0.0,732.0,3.0,0.3198854839180859,0.75,74.0,0.0,0.0,-1.0,0
10000.0,36.0,6.39,305.99,1.0,0.0,0.0,55000.0,2.0,2.0,9.64,7.0,0.0,5236.0,24.2,16.0,0.0,0.0,2.0,0.0,797.0,3.0,0.1818181818181818,0.4375,252.0,0.0,0.0,-1.0,0
9600.0,36.0,9.99,309.72,7.0,3.0,0.0,52000.0,0.0,0.0,22.92,9.0,0.0,12916.0,63.6,23.0,1.0,0.0,1.0,0.0,702.0,3.0,0.1846153846153846,0.391304347826087,114.0,0.0,0.0,-1.0,0
15000.0,60.0,8.18,305.44,5.0,7.0,0.0,84000.0,1.0,3.0,13.28,15.0,1.0,11867.0,25.1,22.0,0.0,0.0,3.0,0.0,687.0,3.0,0.1785714285714285,0.6818181818181818,163.0,0.0061349693251533,0.0,0.0,0
12500.0,36.0,13.33,423.17,12.0,3.0,1.0,40400.0,0.0,0.0,17.8,14.0,0.0,14867.0,85.0,28.0,1.0,0.0,0.0,0.0,672.0,3.0,0.3094059405940594,0.5,115.0,0.0,0.0,-1.0,1
12000.0,36.0,5.93,364.69,0.0,10.0,1.0,185000.0,1.0,0.0,7.67,13.0,0.0,16756.0,50.8,26.0,0.0,0.0,0.0,0.0,722.0,3.0,0.0648648648648648,0.5,249.0,0.0,0.0,-1.0,0
22750.0,60.0,13.99,529.24,13.0,8.0,0.0,56900.0,1.0,0.0,23.08,13.0,0.0,24356.0,88.9,23.0,0.0,0.0,4.0,0.0,677.0,3.0,0.3998242530755712,0.5652173913043478,187.0,0.0,0.0,-1.0,1
20000.0,36.0,8.18,628.39,5.0,0.0,2.0,65000.0,1.0,0.0,12.59,15.0,0.0,16625.0,61.1,60.0,1.0,0.0,1.0,0.0,717.0,3.0,0.3076923076923077,0.25,163.0,0.0,0.0,-1.0,0
14000.0,60.0,9.99,297.39,7.0,1.0,0.0,114000.0,1.0,0.0,11.71,6.0,0.0,26351.0,30.4,24.0,0.0,0.0,5.0,0.0,737.0,3.0,0.1228070175438596,0.25,217.0,0.0,0.0,-1.0,0
16500.0,60.0,13.33,378.22,12.0,10.0,0.0,65000.0,1.0,4.0,17.39,11.0,0.0,15241.0,79.8,22.0,0.0,0.0,5.0,0.0,692.0,3.0,0.2538461538461538,0.5,200.0,0.0,0.0,-1.0,0
10000.0,36.0,13.33,338.54,12.0,3.0,1.0,65000.0,0.0,4.0,8.36,4.0,0.0,6765.0,75.2,5.0,1.0,0.0,0.0,0.0,677.0,3.0,0.1538461538461538,0.8,37.0,0.0,0.0,-1.0,0
17000.0,36.0,7.89,531.86,4.0,2.0,0.0,80000.0,1.0,2.0,28.91,14.0,0.0,17251.0,26.9,31.0,0.0,0.0,5.0,0.0,712.0,3.0,0.2125,0.4516129032258064,243.0,0.0,0.0,-1.0,0
16000.0,36.0,6.68,491.7,2.0,0.0,0.0,125000.0,0.0,0.0,4.63,15.0,2.0,17161.0,35.3,40.0,0.0,0.0,3.0,0.0,712.0,3.0,0.128,0.375,233.0,0.0085836909871244,0.0,0.0,0
18000.0,60.0,12.29,403.05,10.0,6.0,0.0,86450.0,1.0,0.0,10.12,5.0,1.0,608.0,8.3,22.0,0.0,0.0,5.0,1.0,677.0,4.0,0.2082128397917871,0.2272727272727272,251.0,0.0039840637450199,0.0039840637450199,1.0,0
30000.0,36.0,11.53,989.71,9.0,10.0,1.0,118820.0,2.0,4.0,22.32,13.0,0.0,29726.0,84.2,22.0,1.0,0.0,0.0,0.0,662.0,4.0,0.2524827470122875,0.5909090909090909,156.0,0.0,0.0,-1.0,0
13000.0,36.0,9.99,419.42,7.0,10.0,1.0,64000.0,2.0,0.0,17.83,10.0,1.0,8208.0,29.1,21.0,1.0,0.0,0.0,1.0,722.0,4.0,0.203125,0.4761904761904761,183.0,0.0054644808743169,0.0054644808743169,1.0,0
25000.0,36.0,7.26,774.91,3.0,4.0,0.0,97500.0,1.0,4.0,20.59,13.0,0.0,3349.0,13.9,37.0,0.0,0.0,1.0,0.0,727.0,4.0,0.2564102564102564,0.3513513513513513,139.0,0.0,0.0,-1.0,0
10000.0,60.0,15.61,241.12,15.0,1.0,0.0,38480.0,1.0,0.0,20.37,16.0,0.0,6940.0,51.0,34.0,1.0,0.0,1.0,0.0,692.0,4.0,0.2598752598752599,0.4705882352941176,171.0,0.0,0.0,-1.0,0
5500.0,36.0,7.89,172.08,4.0,6.0,1.0,54000.0,0.0,4.0,3.62,5.0,1.0,4904.0,52.2,7.0,0.0,0.0,0.0,1.0,677.0,4.0,0.1018518518518518,0.7142857142857143,149.0,0.0067114093959731,0.0067114093959731,1.0,0
35000.0,60.0,21.99,966.47,25.0,10.0,1.0,80000.0,1.0,0.0,25.08,15.0,0.0,20616.0,51.4,21.0,1.0,0.0,0.0,0.0,677.0,4.0,0.4375,0.7142857142857143,122.0,0.0,0.0,-1.0,1
30000.0,60.0,9.17,625.23,6.0,3.0,0.0,145000.0,2.0,4.0,19.42,11.0,2.0,26880.0,75.3,21.0,0.0,0.0,3.0,0.0,712.0,4.0,0.2068965517241379,0.5238095238095238,261.0,0.0076628352490421,0.0,0.0,0
5000.0,36.0,9.17,159.4,6.0,7.0,0.0,41500.0,0.0,4.0,10.64,12.0,2.0,2909.0,17.0,21.0,1.0,0.0,1.0,0.0,707.0,4.0,0.1204819277108433,0.5714285714285714,147.0,0.0136054421768707,0.0,0.0,0
10000.0,36.0,7.26,309.97,3.0,1.0,1.0,125000.0,0.0,4.0,11.93,11.0,0.0,15338.0,44.8,16.0,1.0,0.0,0.0,0.0,707.0,4.0,0.08,0.6875,116.0,0.0,0.0,-1.0,0
5000.0,36.0,6.24,152.66,1.0,0.0,2.0,32000.0,0.0,3.0,20.51,4.0,0.0,5730.0,45.1,10.0,1.0,0.0,0.0,0.0,747.0,4.0,0.15625,0.4,146.0,0.0,0.0,-1.0,0
14475.0,36.0,13.33,490.03,12.0,3.0,1.0,40229.0,1.0,0.0,25.27,14.0,0.0,15291.0,72.8,38.0,0.0,0.0,0.0,0.0,692.0,4.0,0.3598150587884362,0.3684210526315789,199.0,0.0,0.0,-1.0,0
8775.0,36.0,15.61,306.82,15.0,3.0,0.0,47500.0,2.0,4.0,21.48,16.0,2.0,4319.0,24.0,34.0,1.0,0.0,1.0,1.0,667.0,4.0,0.1847368421052631,0.4705882352941176,209.0,0.0095693779904306,0.0047846889952153,0.5,0
14750.0,60.0,20.99,398.96,24.0,10.0,1.0,35000.0,1.0,0.0,21.81,15.0,0.0,11586.0,64.4,19.0,1.0,0.0,0.0,0.0,682.0,4.0,0.4214285714285714,0.7894736842105263,86.0,0.0,0.0,-1.0,1
10000.0,36.0,10.99,327.34,8.0,10.0,0.0,70000.0,0.0,0.0,37.97,11.0,1.0,15093.0,93.7,30.0,0.0,0.0,2.0,1.0,682.0,4.0,0.1428571428571428,0.3666666666666666,100.0,0.01,0.01,1.0,1
18000.0,60.0,15.61,434.01,15.0,10.0,0.0,60000.0,1.0,0.0,37.74,12.0,1.0,10981.0,71.8,24.0,1.0,0.0,1.0,1.0,697.0,4.0,0.3,0.5,160.0,0.00625,0.00625,1.0,0
11200.0,36.0,12.29,373.56,10.0,6.0,1.0,36000.0,0.0,0.0,23.0,10.0,0.0,8953.0,70.5,20.0,1.0,0.0,0.0,0.0,692.0,4.0,0.3111111111111111,0.5,163.0,0.0,0.0,-1.0,0
31200.0,36.0,12.69,1046.6,11.0,10.0,0.0,160000.0,2.0,0.0,19.68,25.0,0.0,27127.0,59.4,42.0,1.0,0.0,9.0,0.0,702.0,4.0,0.195,0.5952380952380952,265.0,0.0,0.0,-1.0,0
16000.0,36.0,8.18,502.72,5.0,10.0,1.0,73000.0,1.0,0.0,12.41,10.0,0.0,9006.0,65.3,36.0,1.0,0.0,4.0,0.0,667.0,4.0,0.2191780821917808,0.2777777777777778,139.0,0.0,0.0,-1.0,0
19800.0,60.0,18.55,508.74,21.0,1.0,1.0,75000.0,2.0,0.0,20.22,12.0,0.0,34700.0,85.5,21.0,1.0,0.0,0.0,0.0,682.0,4.0,0.264,0.5714285714285714,134.0,0.0,0.0,-1.0,1
16000.0,36.0,7.26,495.94,3.0,4.0,0.0,140000.0,0.0,4.0,18.93,17.0,0.0,38446.0,64.5,35.0,0.0,0.0,7.0,0.0,707.0,4.0,0.1142857142857142,0.4857142857142857,428.0,0.0,0.0,-1.0,0
8800.0,36.0,10.99,288.06,8.0,0.0,1.0,75000.0,0.0,0.0,15.84,15.0,0.0,2908.0,19.5,30.0,1.0,0.0,0.0,0.0,707.0,4.0,0.1173333333333333,0.5,148.0,0.0,0.0,-1.0,0
12000.0,36.0,12.69,402.54,11.0,2.0,1.0,92500.0,1.0,4.0,1.01,1.0,0.0,2810.0,85.2,4.0,1.0,0.0,1.0,0.0,672.0,4.0,0.1297297297297297,0.25,140.0,0.0,0.0,-1.0,0
3000.0,36.0,11.53,98.98,9.0,2.0,1.0,28600.0,0.0,0.0,9.61,7.0,0.0,5968.0,46.6,8.0,1.0,0.0,0.0,0.0,687.0,4.0,0.1048951048951049,0.875,39.0,0.0,0.0,-1.0,0
10000.0,36.0,12.29,333.53,10.0,2.0,2.0,40000.0,1.0,0.0,15.75,8.0,0.0,8207.0,49.1,15.0,1.0,0.0,1.0,0.0,672.0,4.0,0.25,0.5333333333333333,88.0,0.0,0.0,-1.0,0
35000.0,36.0,20.49,1309.49,23.0,2.0,0.0,206000.0,1.0,5.0,11.2,14.0,0.0,107308.0,96.0,26.0,1.0,0.0,4.0,0.0,682.0,4.0,0.1699029126213592,0.5384615384615384,158.0,0.0,0.0,-1.0,0
20625.0,60.0,25.57,612.29,29.0,10.0,1.0,61000.0,2.0,0.0,23.43,13.0,0.0,11462.0,61.0,28.0,1.0,0.0,0.0,0.0,667.0,4.0,0.3381147540983606,0.4642857142857143,235.0,0.0,0.0,-1.0,1
5600.0,36.0,12.29,186.78,10.0,10.0,1.0,62000.0,1.0,0.0,19.22,8.0,1.0,4964.0,71.9,11.0,0.0,0.0,0.0,0.0,667.0,4.0,0.0903225806451612,0.7272727272727273,139.0,0.0071942446043165,0.0,0.0,0
10000.0,60.0,18.84,258.53,21.0,0.0,1.0,36000.0,0.0,4.0,21.4,13.0,0.0,9420.0,66.3,35.0,0.0,0.0,0.0,0.0,702.0,4.0,0.2777777777777778,0.3714285714285714,212.0,0.0,0.0,-1.0,1
20000.0,60.0,10.99,434.75,8.0,8.0,1.0,131619.0,1.0,0.0,18.57,12.0,0.0,21203.0,75.7,16.0,0.0,0.0,0.0,0.0,672.0,4.0,0.1519537452799368,0.75,265.0,0.0,0.0,-1.0,0
22400.0,60.0,17.86,567.11,19.0,8.0,0.0,60000.0,1.0,0.0,21.82,12.0,0.0,18768.0,63.8,20.0,1.0,0.0,4.0,0.0,707.0,4.0,0.3733333333333333,0.6,251.0,0.0,0.0,-1.0,0
12000.0,60.0,15.61,289.34,15.0,7.0,1.0,104000.0,1.0,0.0,11.87,19.0,0.0,10716.0,52.8,36.0,1.0,0.0,0.0,0.0,692.0,4.0,0.1153846153846153,0.5277777777777778,152.0,0.0,0.0,-1.0,0
35000.0,36.0,6.92,1079.42,3.0,6.0,0.0,250000.0,1.0,4.0,9.43,9.0,0.0,41937.0,53.0,16.0,0.0,0.0,1.0,0.0,717.0,4.0,0.14,0.5625,176.0,0.0,0.0,-1.0,0
18000.0,36.0,12.29,600.36,10.0,10.0,0.0,104000.0,1.0,0.0,17.7,13.0,0.0,21399.0,50.0,30.0,1.0,0.0,7.0,0.0,697.0,4.0,0.173076923076923,0.4333333333333333,137.0,0.0,0.0,-1.0,0
5000.0,36.0,13.99,170.87,13.0,2.0,1.0,90000.0,0.0,10.0,36.25,11.0,0.0,10082.0,74.1,38.0,0.0,0.0,0.0,0.0,672.0,4.0,0.0555555555555555,0.2894736842105263,381.0,0.0,0.0,-1.0,0
12175.0,36.0,14.65,419.97,14.0,3.0,1.0,60000.0,1.0,0.0,22.28,10.0,0.0,6666.0,38.3,18.0,0.0,0.0,0.0,0.0,707.0,4.0,0.2029166666666666,0.5555555555555556,99.0,0.0,0.0,-1.0,1
11200.0,36.0,13.33,379.16,12.0,3.0,0.0,46000.0,0.0,4.0,22.18,14.0,0.0,15384.0,69.3,29.0,1.0,0.0,0.0,0.0,677.0,4.0,0.2434782608695652,0.4827586206896552,197.0,0.0,0.0,-1.0,0
5000.0,36.0,7.89,156.43,4.0,10.0,1.0,40000.0,0.0,0.0,20.37,21.0,0.0,10081.0,14.4,42.0,0.0,0.0,0.0,0.0,712.0,4.0,0.125,0.5,209.0,0.0,0.0,-1.0,0
15000.0,36.0,6.92,462.61,3.0,2.0,0.0,135000.0,0.0,2.0,12.75,12.0,0.0,7640.0,35.7,36.0,0.0,0.0,5.0,0.0,697.0,4.0,0.1111111111111111,0.3333333333333333,334.0,0.0,0.0,-1.0,0
8986.646484375,36.0,6.92,277.15447265625,3.0,10.0,0.0,89548.0625,1.0,5.0,52.86186019897461,24.0,0.0,37643.5703125,59.43606948852539,48.0,0.0,0.0,2.0,0.0,697.0,4.0,0.1003555671972931,0.5,332.0,0.0,0.0,-1.0,0
8400.0,36.0,11.53,277.12,9.0,9.0,0.0,45000.0,0.0,0.0,18.75,9.0,0.0,9600.0,61.9,26.0,0.0,0.0,2.0,0.0,672.0,4.0,0.1866666666666666,0.3461538461538461,194.0,0.0,0.0,-1.0,1
35000.0,36.0,13.33,1184.86,12.0,0.0,1.0,120000.0,2.0,0.0,13.94,4.0,0.0,35832.0,99.2,12.0,1.0,0.0,0.0,0.0,692.0,4.0,0.2916666666666667,0.3333333333333333,284.0,0.0,0.0,-1.0,0
7500.0,36.0,5.93,227.93,0.0,1.0,2.0,35000.0,0.0,4.0,29.18,3.0,0.0,7965.0,47.7,12.0,0.0,0.0,2.0,0.0,777.0,4.0,0.2142857142857142,0.25,201.0,0.0,0.0,-1.0,0
14700.0,36.0,17.57,528.28,18.0,9.0,1.0,42000.0,2.0,0.0,27.54,22.0,0.0,10420.0,37.0,29.0,0.0,0.0,0.0,0.0,677.0,4.0,0.35,0.7586206896551724,245.0,0.0,0.0,-1.0,1
1600.0,36.0,16.55,56.69,16.0,8.0,0.0,54000.0,2.0,4.0,14.07,5.0,0.0,622.0,18.8,17.0,1.0,0.0,0.0,0.0,687.0,4.0,0.0296296296296296,0.2941176470588235,81.0,0.0,0.0,-1.0,0
10000.0,36.0,12.69,335.45,11.0,1.0,1.0,85000.0,0.0,4.0,9.46,12.0,0.0,6043.0,47.2,14.0,1.0,0.0,0.0,0.0,682.0,4.0,0.1176470588235294,0.8571428571428571,118.0,0.0,0.0,-1.0,0
15000.0,60.0,16.99,372.71,17.0,6.0,1.0,65000.0,1.0,4.0,18.91,12.0,0.0,12597.0,51.6,18.0,0.0,0.0,0.0,0.0,667.0,4.0,0.2307692307692307,0.6666666666666666,147.0,0.0,0.0,-1.0,0
12000.0,60.0,18.25,306.36,20.0,2.0,0.0,28121.6,2.0,0.0,35.04,19.0,1.0,11207.0,59.0,32.0,0.0,0.0,1.0,1.0,672.0,4.0,0.4267182521620392,0.59375,141.0,0.0070921985815602,0.0070921985815602,1.0,1
30000.0,36.0,7.26,929.89,3.0,8.0,2.0,175000.0,2.0,0.0,8.06,15.0,0.0,111387.0,61.3,31.0,0.0,0.0,7.0,0.0,712.0,4.0,0.1714285714285714,0.4838709677419355,194.0,0.0,0.0,-1.0,0
10000.0,36.0,5.32,301.15,0.0,10.0,0.0,60000.0,0.0,4.0,22.44,19.0,0.0,15612.0,15.5,31.0,0.0,0.0,1.0,0.0,807.0,4.0,0.1666666666666666,0.6129032258064516,457.0,0.0,0.0,-1.0,0
20000.0,36.0,9.99,645.25,7.0,6.0,1.0,140000.0,2.0,0.0,10.34,7.0,0.0,5995.0,30.4,12.0,1.0,0.0,2.0,0.0,682.0,4.0,0.1428571428571428,0.5833333333333334,265.0,0.0,0.0,-1.0,0
35000.0,60.0,25.83,1044.4,31.0,0.0,1.0,125000.0,2.0,0.0,13.66,6.0,0.0,8090.0,99.9,11.0,0.0,0.0,0.0,0.0,672.0,4.0,0.28,0.5454545454545454,289.0,0.0,0.0,-1.0,1
20000.0,36.0,10.99,654.68,8.0,3.0,1.0,46100.0,1.0,0.0,19.19,6.0,0.0,11704.0,65.4,19.0,1.0,0.0,0.0,0.0,707.0,4.0,0.4338394793926247,0.3157894736842105,103.0,0.0,0.0,-1.0,0
7000.0,36.0,6.92,215.89,3.0,1.0,1.0,18000.0,0.0,0.0,14.33,6.0,0.0,7074.0,40.2,8.0,1.0,0.0,0.0,0.0,712.0,4.0,0.3888888888888889,0.75,53.0,0.0,0.0,-1.0,0
15000.0,60.0,11.53,330.12,9.0,2.0,0.0,46000.0,0.0,4.0,28.26,12.0,0.0,21222.0,49.7,30.0,1.0,0.0,1.0,0.0,722.0,4.0,0.3260869565217391,0.4,165.0,0.0,0.0,-1.0,0
15000.0,36.0,9.99,483.94,7.0,4.0,1.0,55000.0,2.0,0.0,20.03,13.0,0.0,7125.0,31.0,24.0,1.0,0.0,1.0,0.0,702.0,4.0,0.2727272727272727,0.5416666666666666,176.0,0.0,0.0,-1.0,0
10000.0,36.0,6.68,307.31,2.0,4.0,0.0,200000.0,2.0,2.0,5.62,20.0,0.0,997.0,2.4,37.0,0.0,0.0,11.0,0.0,787.0,4.0,0.05,0.5405405405405406,197.0,0.0,0.0,-1.0,0
25000.0,60.0,8.18,509.07,5.0,3.0,0.0,184525.0,2.0,0.0,18.16,28.0,0.0,34104.0,53.5,49.0,0.0,0.0,4.0,0.0,717.0,4.0,0.135482996883891,0.5714285714285714,420.0,0.0,0.0,-1.0,0
10000.0,60.0,9.99,212.43,7.0,10.0,2.0,101000.0,1.0,3.0,22.87,7.0,0.0,111114.0,78.7,23.0,0.0,0.0,0.0,0.0,697.0,4.0,0.099009900990099,0.3043478260869565,270.0,0.0,0.0,-1.0,0
15000.0,36.0,14.65,517.42,14.0,10.0,1.0,60000.0,0.0,0.0,17.4,17.0,0.0,15097.0,35.0,28.0,1.0,0.0,1.0,0.0,687.0,4.0,0.25,0.6071428571428571,150.0,0.0,0.0,-1.0,1
10000.0,36.0,11.53,329.91,9.0,2.0,1.0,28800.0,2.0,0.0,7.58,2.0,0.0,7477.0,95.9,9.0,1.0,0.0,0.0,0.0,687.0,4.0,0.3472222222222222,0.2222222222222222,143.0,0.0,0.0,-1.0,1
19050.0,36.0,13.33,644.91,12.0,3.0,1.0,54000.0,1.0,0.0,17.36,6.0,0.0,14837.0,56.2,14.0,0.0,0.0,0.0,0.0,687.0,4.0,0.3527777777777778,0.4285714285714285,113.0,0.0,0.0,-1.0,0
23440.564453125,60.0,13.33,537.30943359375,12.0,10.0,2.0,1434302.25,1.0,0.0,100.48559539794923,18.0,3.0,100851.65625,99.51190185546875,33.0,0.0,0.0,5.0,0.0,672.0,4.0,0.016342833096330722,0.545454543370467,440.0,0.0068181818181818,0.0,0.0,1
10000.0,36.0,14.65,344.95,14.0,10.0,0.0,86000.0,1.0,0.0,12.75,13.0,0.0,13681.0,74.8,34.0,1.0,0.0,4.0,0.0,667.0,4.0,0.1162790697674418,0.3823529411764705,139.0,0.0,0.0,-1.0,0
18000.0,36.0,6.92,555.13,3.0,4.0,1.0,38250.0,1.0,4.0,21.56,8.0,0.0,7655.0,41.4,21.0,0.0,0.0,0.0,0.0,712.0,4.0,0.4705882352941176,0.3809523809523809,105.0,0.0,0.0,-1.0,1
5000.0,36.0,6.92,154.21,3.0,10.0,2.0,98876.0,2.0,0.0,4.99,7.0,0.0,675.0,37.5,27.0,0.0,0.0,2.0,0.0,687.0,4.0,0.0505683886888628,0.2592592592592592,361.0,0.0,0.0,-1.0,0
9000.0,36.0,7.89,281.58,4.0,3.0,1.0,32000.0,1.0,4.0,26.44,3.0,0.0,9291.0,95.8,12.0,0.0,0.0,0.0,0.0,662.0,4.0,0.28125,0.25,331.0,0.0,0.0,-1.0,0
5400.0,36.0,13.33,182.81,12.0,9.0,1.0,68000.0,1.0,0.0,10.55,5.0,0.0,8196.0,91.1,15.0,1.0,0.0,2.0,0.0,697.0,4.0,0.0794117647058823,0.3333333333333333,179.0,0.0,0.0,-1.0,0
5000.0,36.0,6.39,153.0,1.0,5.0,0.0,67500.0,1.0,2.0,22.6,10.0,0.0,3210.0,30.3,31.0,0.0,0.0,5.0,0.0,722.0,4.0,0.074074074074074,0.3225806451612903,230.0,0.0,0.0,-1.0,0
9600.0,36.0,16.55,340.13,16.0,7.0,1.0,45000.0,1.0,5.0,38.69,8.0,0.0,5436.0,49.4,12.0,1.0,0.0,0.0,0.0,667.0,4.0,0.2133333333333333,0.6666666666666666,122.0,0.0,0.0,-1.0,0
10000.0,36.0,13.99,341.73,13.0,6.0,1.0,26000.0,1.0,4.0,27.47,13.0,0.0,15349.0,59.7,15.0,1.0,0.0,0.0,0.0,707.0,4.0,0.3846153846153846,0.8666666666666667,159.0,0.0,0.0,-1.0,0
10000.0,60.0,12.29,223.92,10.0,0.0,1.0,29000.0,2.0,0.0,6.13,4.0,0.0,5524.0,58.8,8.0,0.0,0.0,0.0,0.0,707.0,4.0,0.3448275862068966,0.5,132.0,0.0,0.0,-1.0,0
25000.0,36.0,6.92,771.02,3.0,3.0,1.0,117000.0,1.0,0.0,0.93,6.0,0.0,275.0,1.0,38.0,0.0,0.0,4.0,0.0,747.0,4.0,0.2136752136752136,0.1578947368421052,349.0,0.0,0.0,-1.0,0
4450.0,36.0,16.99,158.64,17.0,3.0,2.0,27000.0,0.0,2.0,20.84,4.0,0.0,1039.0,35.8,4.0,1.0,0.0,0.0,0.0,717.0,4.0,0.1648148148148148,1.0,40.0,0.0,0.0,-1.0,0
6000.0,36.0,17.57,215.63,18.0,10.0,1.0,36000.0,2.0,0.0,24.64,8.0,2.0,7941.0,62.5,21.0,0.0,0.0,0.0,2.0,662.0,4.0,0.1666666666666666,0.3809523809523809,222.0,0.009009009009009,0.009009009009009,1.0,1
8500.0,36.0,12.69,285.14,11.0,7.0,1.0,64735.0,1.0,0.0,34.17,14.0,0.0,15095.0,47.8,58.0,0.0,0.0,2.0,0.0,682.0,4.0,0.1313045493164439,0.2413793103448276,220.0,0.0,0.0,-1.0,1
15000.0,36.0,12.29,500.3,10.0,2.0,1.0,85000.0,1.0,0.0,14.57,9.0,0.0,23270.0,62.7,21.0,1.0,0.0,0.0,0.0,682.0,4.0,0.1764705882352941,0.4285714285714285,188.0,0.0,0.0,-1.0,1
12000.0,36.0,13.99,410.08,13.0,10.0,1.0,50000.0,2.0,0.0,13.49,16.0,1.0,14991.0,51.5,32.0,1.0,0.0,0.0,1.0,682.0,4.0,0.24,0.5,162.0,0.0061728395061728,0.0061728395061728,1.0,1
6000.0,36.0,10.99,196.41,8.0,2.0,1.0,35560.0,1.0,0.0,32.5,18.0,0.0,3218.0,17.7,35.0,0.0,0.0,0.0,0.0,727.0,4.0,0.1687289088863892,0.5142857142857142,111.0,0.0,0.0,-1.0,0
15000.0,36.0,7.89,469.29,4.0,7.0,0.0,89000.0,0.0,4.0,15.64,12.0,1.0,15143.0,69.8,30.0,0.0,0.0,3.0,1.0,667.0,4.0,0.1685393258426966,0.4,276.0,0.0036231884057971,0.0036231884057971,1.0,0
11000.0,36.0,12.29,366.89,10.0,7.0,1.0,70000.0,0.0,3.0,12.27,17.0,0.0,7838.0,32.0,24.0,0.0,0.0,0.0,0.0,672.0,4.0,0.1571428571428571,0.7083333333333334,136.0,0.0,0.0,-1.0,0
15000.0,60.0,18.25,382.95,20.0,6.0,0.0,45000.0,0.0,0.0,14.64,15.0,0.0,8105.0,41.8,42.0,0.0,0.0,1.0,0.0,697.0,4.0,0.3333333333333333,0.3571428571428571,186.0,0.0,0.0,-1.0,1
20000.0,60.0,13.33,458.45,12.0,3.0,1.0,77000.0,1.0,0.0,6.23,13.0,0.0,11392.0,24.2,30.0,0.0,0.0,2.0,0.0,697.0,4.0,0.2597402597402597,0.4333333333333333,125.0,0.0,0.0,-1.0,1
3000.0,36.0,6.68,92.2,2.0,10.0,2.0,40000.0,1.0,4.0,15.35,5.0,0.0,3005.0,10.7,20.0,0.0,0.0,0.0,0.0,687.0,4.0,0.075,0.25,400.0,0.0,0.0,-1.0,0
1675.0,36.0,13.33,56.71,12.0,1.0,1.0,47000.0,0.0,0.0,31.72,10.0,0.0,4877.0,92.0,25.0,1.0,0.0,0.0,0.0,672.0,4.0,0.0356382978723404,0.4,125.0,0.0,0.0,-1.0,0
18000.0,36.0,7.89,563.15,4.0,7.0,0.0,65000.0,1.0,0.0,33.49,10.0,0.0,21679.0,54.7,28.0,0.0,0.0,3.0,0.0,732.0,4.0,0.2769230769230769,0.3571428571428571,128.0,0.0,0.0,-1.0,0
25000.0,36.0,7.89,782.15,4.0,4.0,0.0,100000.0,1.0,0.0,10.91,8.0,0.0,11685.0,67.5,17.0,0.0,0.0,1.0,0.0,692.0,4.0,0.25,0.4705882352941176,347.0,0.0,0.0,-1.0,0
8000.0,36.0,7.89,250.29,4.0,5.0,0.0,88000.0,0.0,4.0,5.52,13.0,0.0,11658.0,26.5,15.0,0.0,0.0,1.0,0.0,747.0,4.0,0.0909090909090909,0.8666666666666667,87.0,0.0,0.0,-1.0,0
4200.0,36.0,8.18,131.97,5.0,7.0,1.0,51000.0,0.0,4.0,7.98,9.0,0.0,5153.0,38.7,10.0,0.0,0.0,0.0,0.0,682.0,4.0,0.0823529411764705,0.9,96.0,0.0,0.0,-1.0,0
6500.0,36.0,9.99,209.71,7.0,6.0,0.0,38000.0,0.0,0.0,35.03,22.0,0.0,27305.0,51.3,51.0,0.0,0.0,3.0,0.0,702.0,4.0,0.1710526315789473,0.4313725490196078,205.0,0.0,0.0,-1.0,0
18000.0,60.0,18.25,459.54,20.0,10.0,1.0,50000.0,1.0,0.0,31.83,9.0,3.0,10397.0,78.2,14.0,0.0,0.0,0.0,0.0,677.0,4.0,0.36,0.6428571428571429,140.0,0.0214285714285714,0.0,0.0,1
7800.0,36.0,7.89,244.03,4.0,8.0,1.0,50000.0,1.0,4.0,14.95,18.0,1.0,1605.0,6.3,36.0,0.0,0.0,0.0,1.0,677.0,4.0,0.156,0.5,151.0,0.0066225165562913,0.0066225165562913,1.0,0
1800.0,36.0,12.29,60.04,10.0,5.0,1.0,44800.0,0.0,7.0,5.84,6.0,0.0,2613.0,24.0,21.0,0.0,0.0,0.0,0.0,672.0,4.0,0.0401785714285714,0.2857142857142857,245.0,0.0,0.0,-1.0,0
12000.0,60.0,19.99,317.86,23.0,10.0,0.0,30000.0,1.0,0.0,28.52,11.0,1.0,1238.0,11.3,22.0,0.0,0.0,0.0,1.0,672.0,4.0,0.4,0.5,202.0,0.0049504950495049,0.0049504950495049,1.0,1
7000.0,36.0,13.33,236.98,12.0,3.0,0.0,80000.0,1.0,0.0,15.77,10.0,1.0,3255.0,32.0,38.0,0.0,0.0,1.0,1.0,677.0,4.0,0.0875,0.2631578947368421,144.0,0.0069444444444444,0.0069444444444444,1.0,0
8000.0,36.0,15.61,279.72,15.0,4.0,2.0,24000.0,2.0,0.0,9.85,7.0,0.0,6046.0,41.7,11.0,1.0,0.0,0.0,0.0,667.0,4.0,0.3333333333333333,0.6363636363636364,43.0,0.0,0.0,-1.0,0
18000.0,36.0,13.33,609.36,12.0,5.0,0.0,45000.0,0.0,0.0,19.36,16.0,0.0,6833.0,36.5,23.0,0.0,0.0,1.0,0.0,667.0,4.0,0.4,0.6956521739130435,123.0,0.0,0.0,-1.0,0
20000.0,60.0,7.89,404.48,4.0,3.0,0.0,60000.0,2.0,0.0,16.07,19.0,0.0,21167.0,33.8,37.0,0.0,0.0,5.0,0.0,772.0,4.0,0.3333333333333333,0.5135135135135135,180.0,0.0,0.0,-1.0,0
11200.0,36.0,6.92,345.42,3.0,2.0,0.0,40000.0,1.0,0.0,26.16,7.0,0.0,6068.0,47.4,12.0,0.0,0.0,3.0,0.0,707.0,4.0,0.28,0.5833333333333334,139.0,0.0,0.0,-1.0,0
16575.0,60.0,25.8,494.31,30.0,9.0,0.0,43000.0,0.0,0.0,26.05,14.0,0.0,11296.0,31.5,18.0,0.0,0.0,1.0,0.0,662.0,4.0,0.3854651162790697,0.7777777777777778,174.0,0.0,0.0,-1.0,1
7000.0,36.0,13.33,236.98,12.0,10.0,0.0,90000.0,0.0,0.0,29.6,9.0,1.0,5094.0,89.4,29.0,1.0,0.0,5.0,0.0,662.0,4.0,0.0777777777777777,0.3103448275862069,186.0,0.0053763440860215,0.0,0.0,0
11000.0,36.0,7.89,344.15,4.0,2.0,1.0,57000.0,0.0,0.0,9.49,7.0,0.0,11282.0,60.0,15.0,0.0,0.0,0.0,0.0,702.0,4.0,0.1929824561403508,0.4666666666666667,109.0,0.0,0.0,-1.0,0
11400.0,36.0,12.69,382.42,11.0,2.0,1.0,26000.0,0.0,0.0,19.71,20.0,0.0,10255.0,25.6,27.0,1.0,0.0,0.0,0.0,667.0,4.0,0.4384615384615384,0.7407407407407407,56.0,0.0,0.0,-1.0,1
28000.0,36.0,6.92,863.54,3.0,10.0,0.0,150000.0,1.0,2.0,13.8,13.0,1.0,41121.0,42.2,23.0,0.0,0.0,5.0,0.0,682.0,4.0,0.1866666666666666,0.5652173913043478,267.0,0.0037453183520599,0.0,0.0,0
12000.0,60.0,12.69,271.14,11.0,5.0,1.0,60000.0,1.0,0.0,14.18,8.0,0.0,17074.0,91.3,13.0,0.0,0.0,0.0,0.0,662.0,4.0,0.2,0.6153846153846154,83.0,0.0,0.0,-1.0,1
11200.0,60.0,18.25,285.94,20.0,10.0,1.0,30000.0,1.0,0.0,35.72,10.0,1.0,8880.0,72.2,15.0,0.0,0.0,0.0,1.0,667.0,4.0,0.3733333333333333,0.6666666666666666,145.0,0.0068965517241379,0.0068965517241379,1.0,1
17875.0,36.0,17.57,642.38,18.0,5.0,1.0,84000.0,1.0,0.0,21.64,11.0,0.0,10593.0,74.6,19.0,0.0,0.0,0.0,0.0,717.0,4.0,0.212797619047619,0.5789473684210527,113.0,0.0,0.0,-1.0,0
16800.0,60.0,13.99,390.82,13.0,3.0,1.0,48000.0,1.0,5.0,11.73,5.0,0.0,4458.0,43.7,17.0,0.0,0.0,0.0,0.0,692.0,4.0,0.35,0.2941176470588235,161.0,0.0,0.0,-1.0,0
13000.0,60.0,12.29,291.09,10.0,10.0,1.0,90000.0,1.0,0.0,8.75,19.0,1.0,11343.0,35.9,36.0,0.0,0.0,0.0,1.0,662.0,4.0,0.1444444444444444,0.5277777777777778,178.0,0.0056179775280898,0.0056179775280898,1.0,1
20000.0,36.0,12.29,667.06,10.0,9.0,0.0,108000.0,1.0,0.0,8.19,9.0,0.0,8574.0,78.7,14.0,0.0,0.0,4.0,0.0,677.0,4.0,0.1851851851851851,0.6428571428571429,54.0,0.0,0.0,-1.0,0
31500.0,36.0,8.18,989.72,5.0,1.0,0.0,185000.0,1.0,0.0,9.53,9.0,0.0,31346.0,69.0,23.0,1.0,0.0,1.0,0.0,752.0,4.0,0.1702702702702702,0.391304347826087,180.0,0.0,0.0,-1.0,0
5000.0,36.0,10.99,163.67,8.0,8.0,0.0,55000.0,1.0,0.0,20.64,10.0,2.0,13614.0,72.0,19.0,0.0,0.0,4.0,0.0,677.0,4.0,0.0909090909090909,0.5263157894736842,138.0,0.0144927536231884,0.0,0.0,0
4400.0,36.0,19.99,163.5,23.0,10.0,0.0,22000.0,0.0,0.0,31.86,8.0,0.0,21218.0,77.7,21.0,1.0,0.0,1.0,0.0,682.0,5.0,0.2,0.3809523809523809,262.0,0.0,0.0,-1.0,0
11000.0,60.0,18.25,280.83,20.0,3.0,1.0,58000.0,2.0,0.0,21.97,12.0,1.0,6868.0,31.4,27.0,1.0,0.0,1.0,0.0,662.0,5.0,0.1896551724137931,0.4444444444444444,172.0,0.005813953488372,0.0,0.0,1
10000.0,60.0,14.65,236.07,14.0,10.0,1.0,52000.0,2.0,0.0,30.9,16.0,0.0,12022.0,39.0,27.0,0.0,0.0,0.0,0.0,692.0,5.0,0.1923076923076923,0.5925925925925926,124.0,0.0,0.0,-1.0,0
14000.0,36.0,11.53,461.87,9.0,0.0,1.0,125000.0,0.0,4.0,18.12,13.0,0.0,42610.0,67.2,35.0,1.0,0.0,3.0,0.0,677.0,5.0,0.112,0.3714285714285714,192.0,0.0,0.0,-1.0,0
5000.0,36.0,7.89,156.43,4.0,10.0,0.0,175000.0,1.0,7.0,11.21,6.0,0.0,28783.0,89.4,25.0,0.0,0.0,1.0,0.0,712.0,5.0,0.0285714285714285,0.24,287.0,0.0,0.0,-1.0,0
16000.0,36.0,9.99,516.2,7.0,9.0,0.0,140000.0,0.0,2.0,7.63,11.0,0.0,19649.0,55.8,24.0,1.0,0.0,3.0,0.0,722.0,5.0,0.1142857142857142,0.4583333333333333,273.0,0.0,0.0,-1.0,0
21000.0,36.0,10.99,687.42,8.0,6.0,1.0,63000.0,1.0,0.0,13.67,8.0,0.0,15705.0,57.3,8.0,1.0,0.0,0.0,0.0,682.0,5.0,0.3333333333333333,1.0,42.0,0.0,0.0,-1.0,0
5150.0,36.0,13.33,174.35,12.0,3.0,2.0,11727.0,1.0,0.0,31.53,6.0,0.0,3016.0,52.0,6.0,0.0,0.0,0.0,0.0,677.0,5.0,0.4391574997868167,1.0,169.0,0.0,0.0,-1.0,0
10600.0,60.0,19.99,280.78,23.0,10.0,0.0,72430.0,0.0,0.0,6.46,13.0,0.0,12792.0,58.7,37.0,0.0,0.0,12.0,0.0,692.0,5.0,0.1463481982603893,0.3513513513513513,328.0,0.0,0.0,-1.0,0
25500.0,60.0,20.99,689.72,24.0,8.0,1.0,58000.0,1.0,0.0,31.0,12.0,0.0,16647.0,66.3,24.0,0.0,0.0,0.0,0.0,687.0,5.0,0.4396551724137931,0.5,130.0,0.0,0.0,-1.0,0
23375.0,60.0,26.77,710.56,30.0,5.0,1.0,65000.0,1.0,0.0,11.78,24.0,0.0,13067.0,71.8,35.0,1.0,0.0,1.0,0.0,667.0,5.0,0.3596153846153846,0.6857142857142857,126.0,0.0,0.0,-1.0,1
2800.0,36.0,16.99,99.82,17.0,2.0,0.0,42000.0,0.0,8.0,20.2,6.0,0.0,1478.0,82.0,14.0,1.0,0.0,3.0,0.0,682.0,5.0,0.0666666666666666,0.4285714285714285,198.0,0.0,0.0,-1.0,0
9000.0,36.0,9.17,286.92,6.0,10.0,0.0,42000.0,1.0,4.0,4.77,9.0,0.0,7641.0,40.9,15.0,1.0,0.0,1.0,0.0,717.0,5.0,0.2142857142857142,0.6,204.0,0.0,0.0,-1.0,0
9000.0,36.0,12.69,301.91,11.0,2.0,1.0,31000.0,2.0,4.0,11.97,7.0,0.0,9429.0,82.7,8.0,0.0,0.0,0.0,0.0,662.0,5.0,0.2903225806451613,0.875,84.0,0.0,0.0,-1.0,0
8000.0,36.0,7.89,250.29,4.0,5.0,0.0,42000.0,1.0,0.0,18.76,22.0,0.0,4439.0,32.6,26.0,0.0,0.0,0.0,0.0,712.0,5.0,0.1904761904761904,0.8461538461538461,165.0,0.0,0.0,-1.0,0
9050.0,36.0,18.55,329.69,21.0,4.0,2.0,26690.0,1.0,0.0,8.45,4.0,0.0,4742.0,37.0,7.0,1.0,0.0,0.0,0.0,687.0,5.0,0.3390783064818284,0.5714285714285714,71.0,0.0,0.0,-1.0,0
12000.0,36.0,6.24,366.37,1.0,5.0,1.0,83500.0,0.0,8.0,8.87,7.0,0.0,2912.0,12.2,9.0,0.0,0.0,0.0,0.0,797.0,5.0,0.1437125748502994,0.7777777777777778,106.0,0.0,0.0,-1.0,0
20150.0,36.0,13.99,688.59,13.0,7.0,1.0,70000.0,2.0,10.0,25.96,10.0,0.0,12182.0,36.4,30.0,0.0,0.0,0.0,0.0,707.0,5.0,0.2878571428571428,0.3333333333333333,177.0,0.0,0.0,-1.0,1
5058.435546875,36.0,7.26,156.80196594238282,3.0,2.0,1.0,1310349.125,0.0,0.0,69.50241638183594,7.0,0.0,450874.0625,40.65010452270508,24.0,0.0,0.0,5.0,0.0,677.0,5.0,0.003860366841157245,0.291666630241606,658.0,0.0,0.0,-1.0,0
26500.0,36.0,14.65,914.1,14.0,4.0,0.0,53000.0,1.0,4.0,27.58,26.0,0.0,28958.0,45.2,44.0,0.0,0.0,0.0,0.0,732.0,5.0,0.5,0.5909090909090909,285.0,0.0,0.0,-1.0,0
25000.0,36.0,7.89,782.15,4.0,6.0,0.0,180000.0,1.0,0.0,13.45,11.0,2.0,13265.0,72.1,20.0,0.0,0.0,3.0,0.0,692.0,5.0,0.1388888888888889,0.55,162.0,0.0123456790123456,0.0,0.0,0
8500.0,36.0,9.17,270.98,6.0,5.0,1.0,56728.0,1.0,0.0,23.04,8.0,0.0,11045.0,69.0,22.0,0.0,0.0,1.0,0.0,677.0,5.0,0.149837822592018,0.3636363636363636,129.0,0.0,0.0,-1.0,0
20000.0,60.0,14.65,472.14,14.0,10.0,1.0,65000.0,1.0,0.0,17.78,5.0,0.0,19033.0,56.8,11.0,0.0,0.0,0.0,0.0,742.0,5.0,0.3076923076923077,0.4545454545454545,296.0,0.0,0.0,-1.0,0
10000.0,36.0,5.32,301.15,0.0,10.0,1.0,50400.0,0.0,0.0,15.4,12.0,0.0,10821.0,18.4,26.0,0.0,0.0,0.0,0.0,702.0,5.0,0.1984126984126984,0.4615384615384615,187.0,0.0,0.0,-1.0,0
4000.0,36.0,12.29,133.42,10.0,1.0,0.0,93418.0,2.0,9.0,4.57,4.0,0.0,18381.0,98.8,14.0,1.0,0.0,7.0,0.0,667.0,5.0,0.0428183005416515,0.2857142857142857,162.0,0.0,0.0,-1.0,0
10000.0,36.0,15.61,349.65,15.0,10.0,1.0,35000.0,1.0,0.0,19.38,9.0,2.0,11837.0,70.5,14.0,1.0,0.0,0.0,1.0,672.0,5.0,0.2857142857142857,0.6428571428571429,191.0,0.0104712041884816,0.0052356020942408,0.5,0
9600.0,36.0,13.33,324.99,12.0,10.0,1.0,77600.0,2.0,0.0,14.92,16.0,0.0,1880.0,8.0,18.0,1.0,0.0,0.0,0.0,727.0,5.0,0.1237113402061855,0.8888888888888888,95.0,0.0,0.0,-1.0,0
19775.0,60.0,18.55,508.1,21.0,10.0,2.0,43000.0,2.0,4.0,19.03,7.0,0.0,16811.0,87.6,15.0,1.0,0.0,1.0,0.0,692.0,5.0,0.4598837209302325,0.4666666666666667,289.0,0.0,0.0,-1.0,0
7000.0,36.0,12.29,233.48,10.0,7.0,1.0,32000.0,1.0,0.0,32.97,18.0,0.0,16196.0,57.2,23.0,1.0,0.0,0.0,0.0,702.0,5.0,0.21875,0.782608695652174,219.0,0.0,0.0,-1.0,0
2100.0,36.0,16.55,74.41,16.0,5.0,1.0,47000.0,1.0,5.0,14.53,15.0,0.0,9367.0,60.4,22.0,1.0,0.0,0.0,0.0,662.0,5.0,0.0446808510638297,0.6818181818181818,242.0,0.0,0.0,-1.0,0
6600.0,36.0,7.26,204.58,3.0,2.0,1.0,50000.0,1.0,4.0,4.68,8.0,1.0,5561.0,35.0,29.0,0.0,0.0,0.0,1.0,702.0,5.0,0.132,0.2758620689655172,254.0,0.0039370078740157,0.0039370078740157,1.0,1
9100.0,36.0,13.33,308.07,12.0,5.0,0.0,45000.0,0.0,0.0,28.51,17.0,3.0,12561.0,47.9,31.0,0.0,0.0,3.0,1.0,682.0,5.0,0.2022222222222222,0.5483870967741935,178.0,0.0168539325842696,0.0056179775280898,0.3333333333333333,0
28000.0,36.0,7.26,867.9,3.0,10.0,0.0,100000.0,0.0,4.0,18.56,11.0,0.0,43764.0,92.7,19.0,0.0,0.0,5.0,0.0,712.0,5.0,0.28,0.5789473684210527,231.0,0.0,0.0,-1.0,0
11000.0,36.0,12.69,369.0,11.0,10.0,1.0,51000.0,0.0,0.0,14.82,5.0,0.0,5559.0,83.0,10.0,1.0,0.0,0.0,0.0,667.0,5.0,0.2156862745098039,0.5,127.0,0.0,0.0,-1.0,0
18000.0,60.0,12.29,403.05,10.0,10.0,0.0,120000.0,0.0,0.0,7.6,13.0,0.0,19099.0,38.4,33.0,0.0,0.0,5.0,0.0,712.0,5.0,0.15,0.3939393939393939,237.0,0.0,0.0,-1.0,0
25000.0,36.0,5.32,752.87,0.0,0.0,0.0,100000.0,1.0,4.0,19.74,17.0,0.0,26674.0,28.6,29.0,0.0,0.0,4.0,0.0,737.0,5.0,0.25,0.5862068965517241,181.0,0.0,0.0,-1.0,0
20400.0,36.0,12.69,684.32,11.0,10.0,0.0,96000.0,2.0,0.0,9.94,20.0,0.0,33925.0,44.3,42.0,1.0,0.0,2.0,0.0,707.0,5.0,0.2125,0.4761904761904761,208.0,0.0,0.0,-1.0,0
12325.0,36.0,19.99,457.98,23.0,5.0,1.0,43000.0,1.0,0.0,16.55,4.0,0.0,2236.0,97.2,4.0,1.0,0.0,0.0,0.0,687.0,5.0,0.2866279069767442,1.0,46.0,0.0,0.0,-1.0,0
24000.0,60.0,14.65,566.56,14.0,7.0,0.0,89000.0,1.0,4.0,24.69,25.0,0.0,14745.0,44.3,37.0,0.0,0.0,1.0,0.0,662.0,5.0,0.2696629213483146,0.6756756756756757,161.0,0.0,0.0,-1.0,0
15975.0,36.0,13.33,540.81,12.0,10.0,0.0,70000.0,1.0,0.0,22.25,14.0,0.0,9140.0,26.1,26.0,1.0,0.0,1.0,0.0,712.0,5.0,0.2282142857142857,0.5384615384615384,308.0,0.0,0.0,-1.0,0
1400.0,36.0,9.17,44.64,6.0,10.0,0.0,38654.0,2.0,4.0,2.7,5.0,0.0,2629.0,35.5,5.0,0.0,0.0,1.0,0.0,732.0,5.0,0.0362187613183629,1.0,43.0,0.0,0.0,-1.0,0
16750.0,60.0,18.55,430.37,21.0,4.0,1.0,140000.0,1.0,10.0,21.13,10.0,1.0,4.0,0.1,45.0,0.0,0.0,2.0,1.0,672.0,5.0,0.1196428571428571,0.2222222222222222,154.0,0.0064935064935064,0.0064935064935064,1.0,0
16000.0,36.0,6.89,493.23,2.0,7.0,1.0,60000.0,1.0,4.0,11.1,7.0,1.0,8983.0,66.1,19.0,0.0,0.0,0.0,0.0,697.0,5.0,0.2666666666666666,0.3684210526315789,149.0,0.0067114093959731,0.0,0.0,0
5500.0,36.0,9.99,177.45,7.0,3.0,1.0,18000.0,1.0,4.0,8.13,13.0,0.0,3105.0,54.5,22.0,0.0,0.0,0.0,0.0,712.0,5.0,0.3055555555555556,0.5909090909090909,109.0,0.0,0.0,-1.0,0
10800.0,60.0,20.99,292.12,24.0,10.0,1.0,30000.0,1.0,0.0,16.08,7.0,0.0,7261.0,68.5,30.0,0.0,0.0,2.0,0.0,682.0,5.0,0.36,0.2333333333333333,254.0,0.0,0.0,-1.0,0
12000.0,36.0,13.33,406.24,12.0,9.0,0.0,40000.0,0.0,0.0,9.03,8.0,1.0,7540.0,68.0,15.0,0.0,0.0,0.0,1.0,662.0,5.0,0.3,0.5333333333333333,158.0,0.0063291139240506,0.0063291139240506,1.0,0
20000.0,36.0,10.99,654.68,8.0,0.0,0.0,55516.0,1.0,2.0,3.31,8.0,0.0,9568.0,33.9,15.0,1.0,0.0,1.0,0.0,717.0,5.0,0.3602565026298724,0.5333333333333333,217.0,0.0,0.0,-1.0,1
15200.0,60.0,17.86,384.83,19.0,2.0,1.0,55000.0,0.0,0.0,31.84,10.0,0.0,18892.0,82.5,27.0,0.0,0.0,0.0,0.0,692.0,5.0,0.2763636363636363,0.3703703703703703,96.0,0.0,0.0,-1.0,1
18000.0,36.0,10.99,589.22,8.0,6.0,0.0,50000.0,0.0,4.0,18.29,12.0,0.0,9660.0,36.9,24.0,0.0,0.0,3.0,0.0,707.0,5.0,0.36,0.5,100.0,0.0,0.0,-1.0,0
12000.0,36.0,8.18,377.04,5.0,8.0,1.0,45000.0,1.0,0.0,6.43,6.0,0.0,3143.0,7.2,19.0,0.0,0.0,0.0,0.0,662.0,5.0,0.2666666666666666,0.3157894736842105,134.0,0.0,0.0,-1.0,1
4800.0,36.0,13.33,162.5,12.0,8.0,0.0,81500.0,0.0,0.0,14.24,10.0,0.0,6979.0,43.1,44.0,1.0,0.0,1.0,0.0,687.0,5.0,0.0588957055214723,0.2272727272727272,300.0,0.0,0.0,-1.0,0
10800.0,36.0,12.69,362.29,11.0,2.0,1.0,54250.0,1.0,0.0,31.08,9.0,0.0,10867.0,28.0,14.0,0.0,0.0,0.0,0.0,707.0,5.0,0.1990783410138248,0.6428571428571429,67.0,0.0,0.0,-1.0,0
3000.0,36.0,9.17,95.64,6.0,2.0,1.0,64500.0,1.0,4.0,21.86,11.0,1.0,6250.0,44.0,34.0,1.0,0.0,2.0,1.0,667.0,5.0,0.0465116279069767,0.3235294117647059,201.0,0.0049751243781094,0.0049751243781094,1.0,0
2000.0,36.0,14.65,68.99,14.0,4.0,0.0,95500.0,0.0,0.0,17.15,9.0,0.0,4003.0,45.5,17.0,0.0,0.0,2.0,0.0,692.0,5.0,0.0209424083769633,0.5294117647058824,326.0,0.0,0.0,-1.0,1
35000.0,60.0,18.25,893.54,20.0,3.0,0.0,102500.0,2.0,0.0,19.49,7.0,0.0,61005.0,87.5,18.0,0.0,0.0,1.0,0.0,712.0,5.0,0.3414634146341463,0.3888888888888889,181.0,0.0,0.0,-1.0,1
16000.0,60.0,19.19,416.73,22.0,1.0,1.0,83000.0,1.0,0.0,24.28,13.0,0.0,16962.0,73.4,15.0,0.0,0.0,0.0,0.0,667.0,5.0,0.1927710843373494,0.8666666666666667,259.0,0.0,0.0,-1.0,1
26400.0,36.0,17.86,952.58,19.0,10.0,2.0,60000.0,1.0,3.0,10.34,8.0,0.0,8284.0,65.2,21.0,1.0,0.0,0.0,0.0,692.0,5.0,0.44,0.3809523809523809,210.0,0.0,0.0,-1.0,0
10200.0,36.0,13.33,345.31,12.0,10.0,1.0,54000.0,2.0,4.0,24.91,21.0,1.0,10158.0,71.5,39.0,1.0,0.0,1.0,1.0,662.0,5.0,0.1888888888888888,0.5384615384615384,199.0,0.0050251256281407,0.0050251256281407,1.0,0
7000.0,36.0,13.99,239.21,13.0,2.0,1.0,60000.0,1.0,5.0,13.06,12.0,0.0,2321.0,17.5,17.0,0.0,0.0,0.0,0.0,687.0,5.0,0.1166666666666666,0.7058823529411765,186.0,0.0,0.0,-1.0,0
15000.0,36.0,9.17,478.19,6.0,10.0,0.0,116000.0,1.0,1.0,21.45,11.0,0.0,25967.0,80.4,38.0,1.0,0.0,2.0,0.0,677.0,5.0,0.1293103448275862,0.2894736842105263,219.0,0.0,0.0,-1.0,0
15000.0,36.0,7.26,464.95,3.0,4.0,0.0,140000.0,2.0,0.0,9.39,12.0,0.0,156881.0,75.4,43.0,0.0,0.0,2.0,0.0,662.0,5.0,0.1071428571428571,0.2790697674418604,183.0,0.0,0.0,-1.0,0
16000.0,36.0,7.89,500.58,4.0,4.0,1.0,82000.0,1.0,0.0,14.75,8.0,0.0,2681.0,16.7,15.0,0.0,0.0,0.0,0.0,712.0,5.0,0.1951219512195122,0.5333333333333333,108.0,0.0,0.0,-1.0,0
15000.0,36.0,7.89,469.29,4.0,10.0,1.0,34000.0,1.0,4.0,15.67,11.0,0.0,17201.0,27.2,22.0,0.0,0.0,0.0,0.0,677.0,5.0,0.4411764705882353,0.5,176.0,0.0,0.0,-1.0,0
10000.0,36.0,15.61,349.65,15.0,5.0,1.0,30000.0,1.0,0.0,21.56,12.0,0.0,12095.0,63.7,14.0,1.0,0.0,0.0,0.0,662.0,5.0,0.3333333333333333,0.8571428571428571,89.0,0.0,0.0,-1.0,0
35000.0,36.0,11.53,1154.66,9.0,7.0,0.0,148580.0,1.0,0.0,17.23,15.0,0.0,39393.0,75.2,32.0,1.0,0.0,4.0,0.0,722.0,5.0,0.2355633328846412,0.46875,228.0,0.0,0.0,-1.0,0
21000.0,36.0,7.89,657.0,4.0,3.0,0.0,170000.0,1.0,0.0,7.2,8.0,2.0,5068.0,22.4,31.0,0.0,0.0,3.0,0.0,722.0,5.0,0.1235294117647058,0.2580645161290322,247.0,0.0080971659919028,0.0,0.0,0
15000.0,36.0,7.26,464.95,3.0,6.0,1.0,60000.0,0.0,0.0,10.86,16.0,0.0,7656.0,21.7,38.0,0.0,0.0,2.0,0.0,717.0,5.0,0.25,0.4210526315789473,166.0,0.0,0.0,-1.0,0
20000.0,60.0,12.69,451.9,11.0,10.0,0.0,55000.0,1.0,0.0,17.11,8.0,0.0,18874.0,87.8,16.0,0.0,0.0,3.0,0.0,697.0,5.0,0.3636363636363636,0.5,243.0,0.0,0.0,-1.0,0
10000.0,60.0,12.29,223.92,10.0,0.0,1.0,31000.0,1.0,0.0,12.78,11.0,0.0,7586.0,48.9,16.0,0.0,0.0,0.0,0.0,692.0,5.0,0.3225806451612903,0.6875,103.0,0.0,0.0,-1.0,0
30925.0,60.0,16.55,761.11,16.0,10.0,1.0,145000.0,2.0,0.0,17.32,18.0,0.0,28517.0,66.6,26.0,1.0,0.0,0.0,0.0,687.0,5.0,0.2132758620689655,0.6923076923076923,141.0,0.0,0.0,-1.0,0
12000.0,36.0,8.18,377.04,5.0,7.0,1.0,100000.0,1.0,0.0,11.91,13.0,0.0,15544.0,51.1,24.0,0.0,0.0,0.0,0.0,677.0,5.0,0.12,0.5416666666666666,325.0,0.0,0.0,-1.0,0
18700.0,60.0,11.53,411.55,9.0,10.0,0.0,55000.0,0.0,0.0,27.19,29.0,0.0,42924.0,33.4,52.0,0.0,0.0,4.0,0.0,717.0,5.0,0.34,0.5576923076923077,304.0,0.0,0.0,-1.0,0
30000.0,60.0,10.99,652.13,8.0,3.0,0.0,125000.0,2.0,3.0,2.64,10.0,0.0,6177.0,15.7,13.0,0.0,0.0,1.0,0.0,797.0,5.0,0.24,0.7692307692307693,451.0,0.0,0.0,-1.0,0
2500.0,36.0,13.99,85.44,13.0,1.0,1.0,20000.0,0.0,0.0,9.66,10.0,0.0,2506.0,36.9,10.0,0.0,0.0,0.0,0.0,707.0,5.0,0.125,1.0,69.0,0.0,0.0,-1.0,0
35000.0,60.0,16.99,869.66,17.0,10.0,0.0,94000.0,2.0,0.0,22.16,9.0,0.0,18236.0,68.0,19.0,1.0,0.0,4.0,0.0,687.0,5.0,0.3723404255319149,0.4736842105263157,273.0,0.0,0.0,-1.0,0
8000.0,36.0,7.89,250.29,4.0,8.0,1.0,49000.0,1.0,4.0,14.13,5.0,0.0,14399.0,65.4,8.0,0.0,0.0,0.0,0.0,722.0,5.0,0.1632653061224489,0.625,96.0,0.0,0.0,-1.0,0
16000.0,36.0,7.89,500.58,4.0,10.0,0.0,86000.0,1.0,0.0,22.48,20.0,0.0,31904.0,68.6,37.0,0.0,0.0,5.0,0.0,682.0,5.0,0.1860465116279069,0.5405405405405406,201.0,0.0,0.0,-1.0,0
19200.0,36.0,5.32,578.21,0.0,6.0,0.0,68000.0,1.0,0.0,17.68,20.0,0.0,15383.0,25.1,49.0,0.0,0.0,3.0,0.0,742.0,5.0,0.2823529411764706,0.4081632653061224,160.0,0.0,0.0,-1.0,0
3500.0,36.0,13.99,119.61,13.0,10.0,0.0,65000.0,1.0,4.0,26.68,34.0,0.0,22609.0,68.1,42.0,0.0,0.0,1.0,0.0,677.0,5.0,0.0538461538461538,0.8095238095238095,190.0,0.0,0.0,-1.0,0
21000.0,60.0,13.99,488.53,13.0,2.0,1.0,60000.0,1.0,4.0,19.66,13.0,0.0,17287.0,79.3,52.0,0.0,0.0,0.0,0.0,662.0,5.0,0.35,0.25,118.0,0.0,0.0,-1.0,0
16800.0,60.0,13.33,385.1,12.0,1.0,2.0,92000.0,2.0,4.0,30.51,20.0,0.0,12672.0,23.0,42.0,0.0,0.0,2.0,0.0,682.0,5.0,0.1826086956521739,0.4761904761904761,305.0,0.0,0.0,-1.0,0
15700.0,60.0,10.99,341.28,8.0,1.0,0.0,150000.0,1.0,0.0,8.04,10.0,0.0,8337.0,50.5,33.0,0.0,0.0,4.0,0.0,737.0,5.0,0.1046666666666666,0.303030303030303,379.0,0.0,0.0,-1.0,1
10650.0,36.0,13.33,360.54,12.0,10.0,1.0,60000.0,1.0,0.0,20.66,7.0,0.0,15918.0,76.9,43.0,1.0,0.0,0.0,0.0,687.0,5.0,0.1775,0.1627906976744186,298.0,0.0,0.0,-1.0,0
10000.0,36.0,8.18,314.2,5.0,3.0,2.0,25000.0,1.0,4.0,30.92,11.0,0.0,6572.0,35.9,12.0,0.0,0.0,0.0,0.0,697.0,5.0,0.4,0.9166666666666666,131.0,0.0,0.0,-1.0,0
11000.0,36.0,7.89,344.15,4.0,1.0,1.0,70000.0,0.0,0.0,6.79,9.0,0.0,3458.0,78.6,15.0,0.0,0.0,0.0,0.0,687.0,5.0,0.1571428571428571,0.6,160.0,0.0,0.0,-1.0,0
2000.0,36.0,12.69,67.09,11.0,3.0,1.0,70000.0,2.0,11.0,6.31,7.0,1.0,5959.0,40.8,19.0,1.0,0.0,1.0,1.0,697.0,5.0,0.0285714285714285,0.3684210526315789,143.0,0.0069930069930069,0.0069930069930069,1.0,0
16000.0,60.0,17.57,402.57,18.0,0.0,1.0,53000.0,1.0,4.0,23.35,9.0,0.0,11823.0,93.1,22.0,0.0,0.0,2.0,0.0,662.0,5.0,0.3018867924528302,0.4090909090909091,172.0,0.0,0.0,-1.0,0
8000.0,36.0,11.53,263.93,9.0,10.0,1.0,51000.0,2.0,0.0,29.39,16.0,0.0,2163.0,29.2,66.0,0.0,0.0,3.0,0.0,667.0,5.0,0.1568627450980392,0.2424242424242424,239.0,0.0,0.0,-1.0,0
12000.0,36.0,5.32,361.38,0.0,8.0,2.0,25000.0,0.0,4.0,20.07,9.0,0.0,5713.0,7.6,24.0,0.0,0.0,3.0,0.0,797.0,5.0,0.48,0.375,257.0,0.0,0.0,-1.0,0
22950.0,60.0,16.99,570.25,17.0,10.0,1.0,65000.0,1.0,0.0,29.67,8.0,0.0,23988.0,67.6,23.0,0.0,0.0,7.0,0.0,727.0,5.0,0.353076923076923,0.3478260869565217,295.0,0.0,0.0,-1.0,1
10500.0,36.0,11.53,346.4,9.0,3.0,0.0,60000.0,2.0,4.0,20.48,13.0,0.0,14115.0,40.2,15.0,1.0,0.0,1.0,0.0,672.0,5.0,0.175,0.8666666666666667,81.0,0.0,0.0,-1.0,0
35000.0,36.0,13.99,1196.05,13.0,10.0,1.0,87000.0,2.0,0.0,22.52,7.0,0.0,18516.0,71.8,36.0,0.0,0.0,0.0,0.0,682.0,5.0,0.4022988505747126,0.1944444444444444,126.0,0.0,0.0,-1.0,0
22400.0,60.0,7.89,453.02,4.0,10.0,2.0,113000.0,1.0,0.0,18.28,9.0,0.0,22278.0,74.8,31.0,1.0,0.0,6.0,0.0,697.0,6.0,0.1982300884955752,0.2903225806451613,265.0,0.0,0.0,-1.0,0
15050.0,60.0,18.25,384.23,20.0,2.0,0.0,58000.0,2.0,0.0,20.15,14.0,0.0,15307.0,64.6,26.0,1.0,0.0,3.0,0.0,692.0,6.0,0.2594827586206896,0.5384615384615384,162.0,0.0,0.0,-1.0,1
17000.0,60.0,8.18,346.17,5.0,8.0,2.0,37500.0,1.0,0.0,25.47,6.0,0.0,2148.0,11.7,24.0,0.0,0.0,0.0,0.0,812.0,6.0,0.4533333333333333,0.25,143.0,0.0,0.0,-1.0,0
6000.0,36.0,13.99,205.04,13.0,8.0,0.0,86000.0,2.0,0.0,20.41,17.0,0.0,15214.0,43.6,26.0,1.0,0.0,1.0,0.0,682.0,6.0,0.0697674418604651,0.6538461538461539,151.0,0.0,0.0,-1.0,1
9000.0,36.0,18.55,327.87,21.0,4.0,1.0,39000.0,2.0,5.0,26.34,15.0,0.0,9533.0,30.0,23.0,1.0,0.0,0.0,0.0,682.0,6.0,0.2307692307692307,0.6521739130434783,47.0,0.0,0.0,-1.0,1
8000.0,36.0,16.99,285.19,17.0,7.0,0.0,30000.0,0.0,0.0,17.28,13.0,0.0,2891.0,52.6,22.0,1.0,0.0,1.0,0.0,687.0,6.0,0.2666666666666666,0.5909090909090909,120.0,0.0,0.0,-1.0,1
5400.0,36.0,11.53,178.15,9.0,2.0,1.0,250000.0,1.0,7.0,6.38,7.0,0.0,3933.0,22.1,8.0,1.0,0.0,0.0,0.0,702.0,6.0,0.0216,0.875,140.0,0.0,0.0,-1.0,0
18000.0,36.0,6.89,554.89,2.0,10.0,0.0,82000.0,0.0,0.0,22.79,30.0,0.0,68360.0,56.1,48.0,1.0,0.0,5.0,0.0,692.0,6.0,0.2195121951219512,0.625,333.0,0.0,0.0,-1.0,0
35000.0,36.0,9.17,1115.77,6.0,1.0,0.0,108000.0,2.0,0.0,20.43,13.0,0.0,31953.0,53.3,18.0,1.0,0.0,4.0,0.0,727.0,6.0,0.324074074074074,0.7222222222222222,313.0,0.0,0.0,-1.0,0
12000.0,36.0,10.99,392.81,8.0,10.0,0.0,45000.0,0.0,4.0,18.21,10.0,0.0,13014.0,61.1,15.0,1.0,0.0,0.0,0.0,707.0,6.0,0.2666666666666666,0.6666666666666666,233.0,0.0,0.0,-1.0,0
6475.0,36.0,19.19,237.98,22.0,0.0,1.0,30000.0,1.0,0.0,38.96,10.0,0.0,20907.0,65.1,11.0,1.0,0.0,0.0,0.0,672.0,6.0,0.2158333333333333,0.9090909090909092,67.0,0.0,0.0,-1.0,0
12000.0,36.0,9.99,387.15,7.0,1.0,0.0,70000.0,0.0,4.0,19.18,13.0,3.0,11571.0,73.2,27.0,0.0,0.0,2.0,3.0,662.0,6.0,0.1714285714285714,0.4814814814814814,198.0,0.0151515151515151,0.0151515151515151,1.0,1
12000.0,60.0,9.99,254.91,7.0,5.0,2.0,60000.0,1.0,0.0,2.64,5.0,0.0,10128.0,56.6,19.0,0.0,0.0,2.0,0.0,712.0,6.0,0.2,0.2631578947368421,117.0,0.0,0.0,-1.0,0
8400.0,36.0,9.99,271.01,7.0,2.0,1.0,45000.0,0.0,0.0,27.15,8.0,0.0,4992.0,35.0,10.0,0.0,0.0,0.0,0.0,697.0,6.0,0.1866666666666666,0.8,47.0,0.0,0.0,-1.0,0
10000.0,36.0,10.99,327.34,8.0,9.0,1.0,49000.0,2.0,0.0,20.89,7.0,0.0,5339.0,48.1,14.0,0.0,0.0,0.0,0.0,732.0,6.0,0.2040816326530612,0.5,193.0,0.0,0.0,-1.0,0
15000.0,36.0,12.29,500.3,10.0,10.0,0.0,95000.0,1.0,2.0,11.16,23.0,0.0,11082.0,7.7,53.0,0.0,0.0,4.0,0.0,687.0,6.0,0.1578947368421052,0.4339622641509434,378.0,0.0,0.0,-1.0,0
35000.0,60.0,10.99,760.82,8.0,2.0,0.0,175000.0,2.0,0.0,24.96,19.0,0.0,202856.0,68.2,27.0,0.0,0.0,1.0,0.0,712.0,6.0,0.2,0.7037037037037037,312.0,0.0,0.0,-1.0,0
16000.0,36.0,12.69,536.72,11.0,8.0,0.0,67200.0,1.0,0.0,22.64,19.0,0.0,17114.0,57.4,27.0,0.0,0.0,2.0,0.0,672.0,6.0,0.238095238095238,0.7037037037037037,280.0,0.0,0.0,-1.0,0
3500.0,36.0,9.99,112.92,7.0,0.0,1.0,35000.0,0.0,3.0,13.68,8.0,1.0,8964.0,47.2,13.0,0.0,0.0,0.0,0.0,667.0,6.0,0.1,0.6153846153846154,111.0,0.009009009009009,0.0,0.0,1
6000.0,36.0,12.29,200.12,10.0,0.0,1.0,33196.0,0.0,0.0,16.78,19.0,0.0,6387.0,42.6,30.0,0.0,0.0,0.0,0.0,672.0,6.0,0.180744668032293,0.6333333333333333,76.0,0.0,0.0,-1.0,1
25000.0,60.0,16.99,621.18,17.0,4.0,1.0,78600.0,1.0,0.0,25.44,12.0,0.0,30828.0,98.5,18.0,0.0,0.0,0.0,0.0,682.0,6.0,0.3180661577608142,0.6666666666666666,95.0,0.0,0.0,-1.0,0
8650.0,36.0,12.29,288.51,10.0,2.0,0.0,19680.0,1.0,4.0,16.46,16.0,1.0,10839.0,40.4,38.0,1.0,0.0,0.0,1.0,667.0,6.0,0.4395325203252032,0.4210526315789473,342.0,0.0029239766081871,0.0029239766081871,1.0,0
35000.0,36.0,9.17,1115.77,6.0,2.0,0.0,200000.0,2.0,4.0,15.32,10.0,0.0,169360.0,95.0,22.0,0.0,0.0,2.0,0.0,702.0,6.0,0.175,0.4545454545454545,231.0,0.0,0.0,-1.0,0
35000.0,36.0,15.61,1223.77,15.0,10.0,0.0,106000.0,2.0,0.0,19.61,31.0,0.0,42754.0,79.0,34.0,1.0,0.0,0.0,0.0,707.0,6.0,0.330188679245283,0.9117647058823528,287.0,0.0,0.0,-1.0,0
23050.0,60.0,14.65,544.14,14.0,10.0,0.0,60000.0,1.0,4.0,26.4,12.0,0.0,29591.0,81.5,38.0,0.0,0.0,5.0,0.0,717.0,6.0,0.3841666666666666,0.3157894736842105,309.0,0.0,0.0,-1.0,0
17000.0,60.0,13.33,389.69,12.0,10.0,0.0,65000.0,0.0,8.0,24.52,8.0,0.0,11739.0,54.6,23.0,0.0,0.0,1.0,0.0,697.0,6.0,0.2615384615384615,0.3478260869565217,113.0,0.0,0.0,-1.0,0
12000.0,60.0,12.29,268.7,10.0,7.0,1.0,48000.0,0.0,0.0,15.45,32.0,0.0,7690.0,40.3,43.0,0.0,0.0,0.0,0.0,692.0,6.0,0.25,0.7441860465116279,114.0,0.0,0.0,-1.0,0
12000.0,60.0,12.69,271.14,11.0,4.0,1.0,45000.0,0.0,0.0,19.71,11.0,1.0,12430.0,46.2,21.0,0.0,0.0,2.0,1.0,672.0,6.0,0.2666666666666666,0.5238095238095238,124.0,0.0080645161290322,0.0080645161290322,1.0,0
4500.0,36.0,14.65,155.23,14.0,10.0,1.0,60000.0,2.0,4.0,25.36,13.0,0.0,22250.0,90.4,16.0,0.0,0.0,0.0,0.0,677.0,6.0,0.075,0.8125,158.0,0.0,0.0,-1.0,1
15000.0,36.0,9.99,483.94,7.0,10.0,0.0,100000.0,2.0,4.0,11.76,9.0,0.0,4369.0,12.1,20.0,1.0,0.0,5.0,0.0,772.0,6.0,0.15,0.45,175.0,0.0,0.0,-1.0,0
16000.0,36.0,6.24,488.5,1.0,0.0,1.0,145000.0,1.0,4.0,4.32,4.0,0.0,16601.0,74.8,21.0,0.0,0.0,0.0,0.0,732.0,6.0,0.1103448275862069,0.1904761904761904,308.0,0.0,0.0,-1.0,0
15000.0,36.0,7.89,469.29,4.0,5.0,0.0,52000.0,1.0,4.0,23.68,13.0,0.0,14965.0,41.5,27.0,0.0,0.0,3.0,0.0,727.0,6.0,0.2884615384615384,0.4814814814814814,203.0,0.0,0.0,-1.0,0
18000.0,36.0,5.32,542.07,0.0,10.0,1.0,163000.0,0.0,4.0,6.29,12.0,0.0,14521.0,30.5,40.0,0.0,0.0,0.0,0.0,767.0,6.0,0.1104294478527607,0.3,240.0,0.0,0.0,-1.0,0
6000.0,36.0,6.24,183.19,1.0,10.0,0.0,59000.0,2.0,2.0,8.01,15.0,0.0,17178.0,31.5,36.0,0.0,0.0,2.0,0.0,732.0,6.0,0.1016949152542373,0.4166666666666667,385.0,0.0,0.0,-1.0,0
4200.0,36.0,11.53,138.56,9.0,10.0,0.0,150000.0,2.0,2.0,13.18,8.0,0.0,19280.0,93.1,21.0,0.0,0.0,0.0,0.0,662.0,6.0,0.028,0.3809523809523809,209.0,0.0,0.0,-1.0,0
7450.0,36.0,14.65,256.99,14.0,10.0,0.0,75115.0,1.0,0.0,10.91,7.0,1.0,1419.0,22.5,22.0,1.0,0.0,5.0,1.0,667.0,6.0,0.0991812554083738,0.3181818181818182,300.0,0.0033333333333333,0.0033333333333333,1.0,0
15000.0,36.0,7.26,464.95,3.0,4.0,1.0,51910.0,0.0,4.0,12.37,8.0,0.0,13877.0,97.0,15.0,0.0,0.0,0.0,0.0,742.0,6.0,0.2889616644191871,0.5333333333333333,219.0,0.0,0.0,-1.0,0
34050.0,60.0,23.99,979.36,27.0,10.0,0.0,160000.0,2.0,0.0,12.5,11.0,0.0,13285.0,36.1,19.0,0.0,0.0,2.0,0.0,677.0,6.0,0.2128125,0.5789473684210527,166.0,0.0,0.0,-1.0,1
6000.0,36.0,11.53,197.95,9.0,10.0,0.0,42000.0,0.0,0.0,17.54,11.0,2.0,8671.0,42.0,30.0,0.0,0.0,4.0,0.0,712.0,6.0,0.1428571428571428,0.3666666666666666,256.0,0.0078125,0.0,0.0,0
15000.0,36.0,8.18,471.3,5.0,0.0,1.0,90000.0,0.0,4.0,16.59,18.0,0.0,13711.0,33.1,38.0,1.0,0.0,3.0,0.0,737.0,6.0,0.1666666666666666,0.4736842105263157,411.0,0.0,0.0,-1.0,1
35000.0,60.0,17.57,880.61,18.0,7.0,0.0,106000.0,2.0,0.0,23.92,17.0,0.0,43027.0,86.4,30.0,0.0,0.0,5.0,0.0,682.0,6.0,0.330188679245283,0.5666666666666667,308.0,0.0,0.0,-1.0,0
7500.0,36.0,7.89,234.65,4.0,7.0,0.0,37000.0,2.0,2.0,10.87,6.0,0.0,8669.0,69.9,9.0,0.0,0.0,1.0,0.0,687.0,6.0,0.2027027027027027,0.6666666666666666,109.0,0.0,0.0,-1.0,0
15000.0,36.0,12.69,503.18,11.0,10.0,0.0,75000.0,0.0,0.0,19.41,28.0,0.0,22814.0,55.9,53.0,0.0,0.0,4.0,0.0,682.0,6.0,0.2,0.5283018867924528,182.0,0.0,0.0,-1.0,0
25000.0,60.0,20.99,676.2,24.0,10.0,1.0,75000.0,2.0,5.0,34.22,14.0,1.0,7841.0,60.3,36.0,1.0,0.0,2.0,1.0,667.0,6.0,0.3333333333333333,0.3888888888888889,206.0,0.0048543689320388,0.0048543689320388,1.0,0
35000.0,36.0,12.29,1167.36,10.0,5.0,2.0,113000.0,2.0,0.0,20.59,17.0,0.0,71358.0,69.5,31.0,1.0,0.0,3.0,0.0,692.0,6.0,0.3097345132743362,0.5483870967741935,284.0,0.0,0.0,-1.0,0
15000.0,60.0,18.25,382.95,20.0,1.0,1.0,34160.0,1.0,4.0,20.66,15.0,0.0,12291.0,76.8,35.0,1.0,0.0,0.0,0.0,682.0,6.0,0.4391100702576112,0.4285714285714285,82.0,0.0,0.0,-1.0,0
15000.0,36.0,6.89,462.41,2.0,10.0,1.0,72000.0,0.0,4.0,26.15,10.0,0.0,15277.0,31.1,31.0,1.0,0.0,5.0,0.0,727.0,6.0,0.2083333333333333,0.3225806451612903,250.0,0.0,0.0,-1.0,0
25325.0,36.0,9.17,807.34,6.0,2.0,1.0,90000.0,2.0,0.0,20.91,18.0,0.0,6929.0,17.0,22.0,1.0,0.0,0.0,0.0,752.0,6.0,0.2813888888888889,0.8181818181818182,103.0,0.0,0.0,-1.0,0
3600.0,36.0,17.86,129.9,19.0,6.0,0.0,25000.0,0.0,2.0,14.98,10.0,2.0,3206.0,36.9,17.0,0.0,0.0,1.0,0.0,677.0,6.0,0.144,0.5882352941176471,310.0,0.0064516129032258,0.0,0.0,0
20000.0,60.0,13.99,465.27,13.0,3.0,1.0,60000.0,1.0,4.0,15.36,10.0,0.0,33227.0,42.7,15.0,1.0,0.0,1.0,0.0,737.0,6.0,0.3333333333333333,0.6666666666666666,301.0,0.0,0.0,-1.0,0
28000.0,36.0,7.89,876.0,4.0,6.0,0.0,225000.0,1.0,4.0,11.35,6.0,0.0,10702.0,62.6,20.0,0.0,0.0,1.0,0.0,707.0,6.0,0.1244444444444444,0.3,304.0,0.0,0.0,-1.0,0
2500.0,36.0,8.18,78.55,5.0,10.0,0.0,84000.0,1.0,8.0,21.88,13.0,1.0,2334.0,18.7,33.0,0.0,0.0,3.0,0.0,677.0,6.0,0.0297619047619047,0.3939393939393939,305.0,0.0032786885245901,0.0,0.0,0
4500.0,36.0,11.53,148.46,9.0,10.0,0.0,70000.0,1.0,0.0,17.38,10.0,1.0,5504.0,47.9,21.0,1.0,0.0,0.0,1.0,662.0,6.0,0.0642857142857142,0.4761904761904761,146.0,0.0068493150684931,0.0068493150684931,1.0,1
10000.0,36.0,12.29,333.53,10.0,4.0,1.0,35000.0,1.0,0.0,17.66,8.0,1.0,4896.0,73.1,19.0,1.0,0.0,0.0,1.0,667.0,6.0,0.2857142857142857,0.4210526315789473,313.0,0.0031948881789137,0.0031948881789137,1.0,0
20000.0,36.0,12.29,667.06,10.0,10.0,2.0,60000.0,1.0,2.0,35.96,19.0,0.0,11320.0,36.9,43.0,0.0,0.0,3.0,0.0,697.0,6.0,0.3333333333333333,0.4418604651162791,145.0,0.0,0.0,-1.0,1
12000.0,36.0,8.18,377.04,5.0,7.0,0.0,120000.0,0.0,8.0,9.62,8.0,0.0,16618.0,89.3,21.0,0.0,0.0,1.0,0.0,677.0,6.0,0.1,0.3809523809523809,122.0,0.0,0.0,-1.0,0
16000.0,36.0,7.26,495.94,3.0,0.0,1.0,145000.0,2.0,4.0,2.09,6.0,0.0,6999.0,44.9,11.0,0.0,0.0,0.0,0.0,707.0,6.0,0.1103448275862069,0.5454545454545454,164.0,0.0,0.0,-1.0,0
32250.0,36.0,22.99,1248.23,26.0,1.0,1.0,140400.0,1.0,1.0,14.7,18.0,0.0,25736.0,83.4,38.0,1.0,0.0,0.0,0.0,662.0,6.0,0.2297008547008547,0.4736842105263157,110.0,0.0,0.0,-1.0,1
20000.0,36.0,10.99,654.68,8.0,3.0,1.0,70000.0,1.0,0.0,8.55,7.0,0.0,5211.0,29.3,11.0,0.0,0.0,0.0,0.0,667.0,6.0,0.2857142857142857,0.6363636363636364,97.0,0.0,0.0,-1.0,0
28000.0,36.0,6.24,854.87,1.0,5.0,0.0,75000.0,0.0,4.0,16.42,17.0,0.0,58483.0,45.2,38.0,0.0,0.0,5.0,0.0,777.0,6.0,0.3733333333333333,0.4473684210526316,276.0,0.0,0.0,-1.0,0
6250.0,36.0,18.55,227.69,21.0,7.0,1.0,155000.0,1.0,4.0,9.47,6.0,1.0,2406.0,0.0,10.0,1.0,0.0,0.0,0.0,667.0,6.0,0.0403225806451612,0.6,160.0,0.00625,0.0,0.0,0
9000.0,36.0,8.18,282.78,5.0,10.0,0.0,72000.0,1.0,4.0,17.27,14.0,0.0,13405.0,48.6,24.0,1.0,0.0,2.0,0.0,677.0,6.0,0.125,0.5833333333333334,309.0,0.0,0.0,-1.0,0
3600.0,36.0,13.99,123.03,13.0,1.0,1.0,50232.0,0.0,0.0,37.37,11.0,0.0,11845.0,98.7,32.0,1.0,0.0,1.0,0.0,692.0,6.0,0.0716674629718108,0.34375,186.0,0.0,0.0,-1.0,0
16000.0,36.0,7.26,495.94,3.0,8.0,1.0,60000.0,2.0,0.0,14.36,5.0,0.0,8764.0,47.4,7.0,0.0,0.0,0.0,0.0,737.0,6.0,0.2666666666666666,0.7142857142857143,121.0,0.0,0.0,-1.0,0
14000.0,36.0,8.18,439.88,5.0,3.0,0.0,85000.0,0.0,4.0,28.07,24.0,0.0,34218.0,64.2,33.0,1.0,0.0,1.0,0.0,677.0,6.0,0.1647058823529411,0.7272727272727273,335.0,0.0,0.0,-1.0,0
5000.0,36.0,7.89,156.43,4.0,5.0,0.0,52000.0,0.0,0.0,11.61,8.0,0.0,16175.0,85.1,34.0,0.0,0.0,7.0,0.0,712.0,6.0,0.0961538461538461,0.2352941176470588,235.0,0.0,0.0,-1.0,0
5600.0,36.0,11.53,184.75,9.0,1.0,0.0,37440.0,2.0,0.0,9.13,13.0,0.0,0.0,0.0,35.0,1.0,0.0,0.0,0.0,777.0,6.0,0.1495726495726495,0.3714285714285714,149.0,0.0,0.0,-1.0,0
16000.0,60.0,9.99,339.88,7.0,10.0,0.0,109000.0,1.0,0.0,14.29,10.0,0.0,14991.0,35.2,29.0,0.0,0.0,2.0,0.0,737.0,6.0,0.146788990825688,0.3448275862068966,189.0,0.0,0.0,-1.0,0
10000.0,60.0,13.33,229.23,12.0,7.0,1.0,25000.0,1.0,4.0,21.94,11.0,0.0,6730.0,38.5,17.0,1.0,0.0,0.0,0.0,742.0,6.0,0.4,0.6470588235294118,131.0,0.0,0.0,-1.0,1
24000.0,60.0,16.55,590.68,16.0,9.0,1.0,150000.0,1.0,0.0,13.22,12.0,0.0,2831.0,32.2,56.0,0.0,0.0,1.0,0.0,672.0,6.0,0.16,0.2142857142857142,214.0,0.0,0.0,-1.0,1
10150.0,36.0,17.86,366.24,19.0,10.0,0.0,32000.0,1.0,5.0,37.02,7.0,0.0,10961.0,53.0,14.0,0.0,0.0,0.0,0.0,677.0,6.0,0.3171875,0.5,440.0,0.0,0.0,-1.0,0
8000.0,36.0,6.24,244.25,1.0,1.0,1.0,50000.0,0.0,0.0,8.99,13.0,0.0,9851.0,38.5,22.0,0.0,0.0,0.0,0.0,737.0,6.0,0.16,0.5909090909090909,125.0,0.0,0.0,-1.0,0
35000.0,36.0,18.55,1275.02,21.0,6.0,0.0,160000.0,2.0,0.0,24.99,14.0,0.0,22558.0,76.2,29.0,0.0,0.0,3.0,0.0,697.0,6.0,0.21875,0.4827586206896552,224.0,0.0,0.0,-1.0,0
12000.0,60.0,12.29,268.7,10.0,7.0,0.0,51000.0,1.0,0.0,31.13,14.0,0.0,13451.0,41.0,36.0,1.0,0.0,1.0,0.0,672.0,6.0,0.2352941176470588,0.3888888888888889,316.0,0.0,0.0,-1.0,0
10000.0,36.0,12.69,335.45,11.0,10.0,1.0,42000.0,1.0,0.0,16.37,5.0,0.0,9726.0,85.3,7.0,1.0,0.0,0.0,0.0,682.0,6.0,0.238095238095238,0.7142857142857143,79.0,0.0,0.0,-1.0,1
4800.0,36.0,8.18,150.82,5.0,4.0,1.0,45000.0,0.0,8.0,23.92,5.0,0.0,26669.0,82.8,18.0,1.0,0.0,0.0,0.0,697.0,6.0,0.1066666666666666,0.2777777777777778,252.0,0.0,0.0,-1.0,0
12000.0,36.0,12.29,400.24,10.0,3.0,1.0,52000.0,0.0,0.0,28.73,14.0,0.0,9867.0,35.9,23.0,1.0,0.0,0.0,0.0,662.0,6.0,0.2307692307692307,0.6086956521739131,94.0,0.0,0.0,-1.0,0
12650.0,36.0,5.32,380.96,0.0,8.0,0.0,76000.0,0.0,4.0,25.36,18.0,0.0,12493.0,35.0,32.0,0.0,0.0,2.0,0.0,727.0,6.0,0.1664473684210526,0.5625,104.0,0.0,0.0,-1.0,0
14089.8330078125,36.0,7.89,440.81960205078127,4.0,7.0,1.0,2539132.75,0.0,0.0,109.18726165771484,17.0,0.0,777510.875,47.03122177124023,33.0,0.0,0.0,2.0,0.0,747.0,6.0,0.005549076824418894,0.5151514616505853,293.0,0.0,0.0,-1.0,0
5000.0,36.0,11.53,164.96,9.0,2.0,0.0,40000.0,2.0,2.0,2.46,3.0,0.0,2676.0,95.6,8.0,1.0,0.0,1.0,0.0,692.0,6.0,0.125,0.375,218.0,0.0,0.0,-1.0,0
26200.0,60.0,18.55,673.18,21.0,4.0,0.0,57000.0,0.0,0.0,28.13,15.0,0.0,33235.0,90.6,30.0,0.0,0.0,2.0,0.0,682.0,6.0,0.4596491228070175,0.5,194.0,0.0,0.0,-1.0,0
8000.0,36.0,9.17,255.04,6.0,8.0,1.0,44500.0,0.0,0.0,26.13,9.0,0.0,10406.0,83.9,23.0,0.0,0.0,1.0,0.0,677.0,6.0,0.1797752808988764,0.391304347826087,109.0,0.0,0.0,-1.0,0
10000.0,36.0,14.65,344.95,14.0,10.0,1.0,28000.0,1.0,0.0,18.09,7.0,0.0,4422.0,53.9,12.0,0.0,0.0,0.0,0.0,662.0,6.0,0.3571428571428571,0.5833333333333334,154.0,0.0,0.0,-1.0,0
7000.0,36.0,13.33,236.98,12.0,0.0,0.0,57500.0,1.0,4.0,19.93,6.0,0.0,8836.0,92.0,26.0,0.0,0.0,2.0,0.0,697.0,6.0,0.1217391304347826,0.2307692307692307,156.0,0.0,0.0,-1.0,1
15825.0,36.0,15.61,553.32,15.0,0.0,1.0,36000.0,1.0,4.0,17.33,10.0,0.0,17072.0,64.2,11.0,1.0,0.0,0.0,0.0,687.0,6.0,0.4395833333333333,0.9090909090909092,71.0,0.0,0.0,-1.0,0
27147.771484375,36.0,16.99,967.7460791015625,17.0,9.0,1.0,3922250.0,2.0,4.0,56.70327896118164,10.0,0.0,205007.4375,131.84661560058595,13.0,1.0,0.0,12.0,0.0,662.0,6.0,0.006921479890220961,0.7692307631174723,88.0,0.0,0.0,-1.0,0
25000.0,36.0,12.69,838.63,11.0,4.0,1.0,95000.0,1.0,0.0,12.01,31.0,0.0,23246.0,65.7,40.0,1.0,0.0,0.0,0.0,687.0,6.0,0.2631578947368421,0.775,142.0,0.0,0.0,-1.0,0
6000.0,36.0,12.29,200.12,10.0,1.0,1.0,80000.0,0.0,0.0,6.68,6.0,0.0,7610.0,84.6,12.0,1.0,0.0,0.0,0.0,672.0,6.0,0.075,0.5,90.0,0.0,0.0,-1.0,0
15000.0,36.0,11.53,494.86,9.0,2.0,1.0,65000.0,1.0,0.0,26.23,10.0,0.0,8375.0,34.2,18.0,1.0,0.0,0.0,0.0,722.0,6.0,0.2307692307692307,0.5555555555555556,56.0,0.0,0.0,-1.0,0
17600.0,60.0,21.99,486.0,25.0,9.0,1.0,55000.0,2.0,5.0,21.91,10.0,0.0,5271.0,21.6,17.0,1.0,0.0,0.0,0.0,742.0,6.0,0.32,0.5882352941176471,115.0,0.0,0.0,-1.0,1
14425.0,60.0,22.99,406.57,26.0,10.0,0.0,55000.0,1.0,0.0,38.01,22.0,1.0,9979.0,48.9,25.0,1.0,0.0,1.0,1.0,692.0,6.0,0.2622727272727272,0.88,126.0,0.0079365079365079,0.0079365079365079,1.0,0
26500.0,36.0,5.32,798.05,0.0,10.0,0.0,100000.0,0.0,4.0,14.83,10.0,0.0,65755.0,64.5,23.0,0.0,0.0,3.0,0.0,757.0,6.0,0.265,0.4347826086956521,183.0,0.0,0.0,-1.0,0
35000.0,60.0,23.99,1006.68,27.0,0.0,0.0,127000.0,2.0,4.0,33.66,16.0,0.0,107113.0,99.0,35.0,0.0,0.0,5.0,0.0,687.0,6.0,0.2755905511811024,0.4571428571428571,382.0,0.0,0.0,-1.0,0
13200.0,36.0,12.69,442.8,11.0,10.0,0.0,78800.0,0.0,0.0,6.94,5.0,0.0,7984.0,80.0,29.0,0.0,0.0,2.0,0.0,672.0,6.0,0.1675126903553299,0.1724137931034483,250.0,0.0,0.0,-1.0,0
8925.0,36.0,12.69,299.39,11.0,0.0,0.0,125000.0,1.0,0.0,11.9,10.0,1.0,2613.0,30.7,24.0,0.0,0.0,2.0,1.0,687.0,6.0,0.0714,0.4166666666666667,192.0,0.0052083333333333,0.0052083333333333,1.0,0
11525.0,36.0,13.33,390.16,12.0,10.0,0.0,70000.0,0.0,0.0,17.92,7.0,0.0,1943.0,34.0,11.0,1.0,0.0,2.0,0.0,667.0,6.0,0.1646428571428571,0.6363636363636364,185.0,0.0,0.0,-1.0,0
6000.0,36.0,9.17,191.28,6.0,8.0,1.0,93000.0,1.0,0.0,8.49,8.0,1.0,1357.0,8.2,22.0,0.0,0.0,0.0,1.0,662.0,6.0,0.064516129032258,0.3636363636363636,338.0,0.0029585798816568,0.0029585798816568,1.0,0
12000.0,36.0,14.65,413.94,14.0,10.0,2.0,60000.0,2.0,0.0,5.18,12.0,0.0,11375.0,45.5,23.0,0.0,0.0,6.0,0.0,672.0,6.0,0.2,0.5217391304347826,168.0,0.0,0.0,-1.0,0
29500.0,36.0,7.89,922.93,4.0,10.0,0.0,81500.0,2.0,0.0,17.98,15.0,0.0,30992.0,55.9,22.0,0.0,0.0,3.0,0.0,707.0,6.0,0.3619631901840491,0.6818181818181818,358.0,0.0,0.0,-1.0,0
7000.0,36.0,11.53,230.94,9.0,2.0,2.0,35000.0,2.0,5.0,16.1,8.0,0.0,8484.0,33.5,19.0,1.0,0.0,0.0,0.0,692.0,6.0,0.2,0.4210526315789473,204.0,0.0,0.0,-1.0,0
8000.0,36.0,7.89,250.29,4.0,7.0,1.0,32000.0,0.0,4.0,15.3,7.0,0.0,8530.0,39.1,10.0,0.0,0.0,0.0,0.0,722.0,6.0,0.25,0.7,101.0,0.0,0.0,-1.0,0
5875.0,36.0,13.33,198.89,12.0,5.0,1.0,53000.0,1.0,4.0,12.43,8.0,2.0,782.0,4.3,23.0,0.0,0.0,0.0,2.0,682.0,6.0,0.1108490566037735,0.3478260869565217,123.0,0.016260162601626,0.016260162601626,1.0,1
8000.0,36.0,7.89,250.29,4.0,1.0,1.0,37500.0,1.0,4.0,22.72,10.0,1.0,5245.0,22.0,12.0,1.0,0.0,1.0,1.0,702.0,6.0,0.2133333333333333,0.8333333333333334,151.0,0.0066225165562913,0.0066225165562913,1.0,0
21000.0,36.0,9.17,669.46,6.0,0.0,2.0,80000.0,0.0,0.0,23.29,15.0,0.0,26852.0,32.4,31.0,1.0,0.0,0.0,0.0,692.0,6.0,0.2625,0.4838709677419355,157.0,0.0,0.0,-1.0,0
4000.0,36.0,14.65,137.98,14.0,2.0,2.0,35000.0,1.0,6.0,25.99,7.0,0.0,6444.0,68.6,12.0,1.0,0.0,0.0,0.0,662.0,6.0,0.1142857142857142,0.5833333333333334,44.0,0.0,0.0,-1.0,0
12000.0,60.0,16.99,298.17,17.0,8.0,0.0,90000.0,0.0,0.0,15.72,10.0,0.0,9851.0,75.8,27.0,1.0,0.0,6.0,0.0,687.0,6.0,0.1333333333333333,0.3703703703703703,317.0,0.0,0.0,-1.0,0
25000.0,60.0,13.33,573.06,12.0,8.0,0.0,120000.0,0.0,4.0,24.11,14.0,0.0,21115.0,50.3,32.0,0.0,0.0,0.0,0.0,687.0,6.0,0.2083333333333333,0.4375,124.0,0.0,0.0,-1.0,1
9975.0,36.0,9.17,318.0,6.0,10.0,1.0,74500.0,0.0,4.0,31.54,16.0,0.0,16575.0,32.2,24.0,1.0,0.0,0.0,0.0,702.0,6.0,0.1338926174496644,0.6666666666666666,145.0,0.0,0.0,-1.0,0
7500.0,36.0,16.55,265.72,16.0,1.0,1.0,50000.0,1.0,0.0,13.03,20.0,0.0,4723.0,78.7,21.0,1.0,0.0,0.0,0.0,667.0,6.0,0.15,0.9523809523809524,55.0,0.0,0.0,-1.0,0
15000.0,60.0,17.57,377.41,18.0,9.0,1.0,75400.0,1.0,0.0,10.04,8.0,0.0,6784.0,45.8,16.0,0.0,0.0,3.0,0.0,662.0,6.0,0.1989389920424403,0.5,73.0,0.0,0.0,-1.0,1
8200.0,36.0,12.69,275.07,11.0,5.0,1.0,32000.0,0.0,0.0,27.04,7.0,0.0,3593.0,40.0,9.0,0.0,0.0,0.0,0.0,702.0,6.0,0.25625,0.7777777777777778,129.0,0.0,0.0,-1.0,0
16000.0,60.0,13.33,366.76,12.0,0.0,1.0,200000.0,1.0,0.0,13.8,19.0,2.0,6250.0,33.6,36.0,1.0,0.0,2.0,1.0,677.0,6.0,0.08,0.5277777777777778,302.0,0.0066225165562913,0.0033112582781456,0.5,1
3500.0,36.0,11.53,115.47,9.0,10.0,0.0,80000.0,0.0,9.0,28.09,6.0,0.0,14907.0,64.0,39.0,1.0,0.0,4.0,0.0,722.0,6.0,0.04375,0.1538461538461538,147.0,0.0,0.0,-1.0,0
18000.0,36.0,8.18,565.56,5.0,10.0,0.0,100000.0,1.0,2.0,31.12,7.0,0.0,258827.0,97.0,18.0,0.0,0.0,5.0,0.0,697.0,6.0,0.18,0.3888888888888889,243.0,0.0,0.0,-1.0,0
6500.0,36.0,7.89,203.36,4.0,4.0,1.0,56000.0,1.0,4.0,12.88,6.0,0.0,6158.0,62.8,14.0,0.0,0.0,1.0,0.0,672.0,6.0,0.1160714285714285,0.4285714285714285,180.0,0.0,0.0,-1.0,0
6000.0,36.0,13.99,205.04,13.0,0.0,1.0,27000.0,1.0,4.0,34.76,7.0,0.0,6981.0,90.7,12.0,0.0,0.0,0.0,0.0,662.0,6.0,0.2222222222222222,0.5833333333333334,144.0,0.0,0.0,-1.0,0
20000.0,36.0,10.99,654.68,8.0,10.0,1.0,152000.0,1.0,4.0,10.39,9.0,0.0,17673.0,87.9,15.0,1.0,0.0,0.0,0.0,687.0,6.0,0.131578947368421,0.6,260.0,0.0,0.0,-1.0,0
16000.0,36.0,9.17,510.07,6.0,0.0,1.0,90000.0,1.0,4.0,24.68,12.0,0.0,28256.0,78.9,34.0,0.0,0.0,0.0,0.0,697.0,6.0,0.1777777777777777,0.3529411764705882,177.0,0.0,0.0,-1.0,0
24000.0,36.0,7.26,743.91,3.0,10.0,0.0,100000.0,1.0,4.0,18.22,18.0,0.0,15687.0,35.1,43.0,0.0,0.0,5.0,0.0,722.0,6.0,0.24,0.4186046511627907,158.0,0.0,0.0,-1.0,0
3500.0,36.0,15.61,122.38,15.0,4.0,1.0,62500.0,0.0,10.0,31.04,12.0,0.0,17922.0,79.3,22.0,0.0,0.0,0.0,0.0,702.0,6.0,0.056,0.5454545454545454,126.0,0.0,0.0,-1.0,0
10000.0,36.0,10.99,327.34,8.0,10.0,2.0,28000.0,1.0,0.0,23.83,13.0,2.0,1349.0,7.5,30.0,0.0,0.0,2.0,2.0,677.0,6.0,0.3571428571428571,0.4333333333333333,214.0,0.0093457943925233,0.0093457943925233,1.0,0
9525.0,36.0,24.99,378.67,28.0,5.0,1.0,44000.0,2.0,7.0,27.55,30.0,1.0,7726.0,20.6,35.0,0.0,0.0,0.0,0.0,697.0,6.0,0.2164772727272727,0.8571428571428571,166.0,0.0060240963855421,0.0,0.0,0
22075.0,60.0,15.61,532.26,15.0,6.0,1.0,60000.0,1.0,0.0,23.1,7.0,0.0,9553.0,79.6,35.0,0.0,0.0,0.0,0.0,717.0,6.0,0.3679166666666666,0.2,233.0,0.0,0.0,-1.0,0
18000.0,36.0,9.17,573.83,6.0,9.0,0.0,90000.0,1.0,4.0,20.0,16.0,0.0,19651.0,62.4,33.0,0.0,0.0,1.0,0.0,662.0,6.0,0.2,0.4848484848484848,177.0,0.0,0.0,-1.0,0
3000.0,36.0,12.29,100.06,10.0,10.0,0.0,30000.0,2.0,0.0,23.48,11.0,0.0,5350.0,44.0,13.0,0.0,0.0,0.0,0.0,702.0,6.0,0.1,0.8461538461538461,262.0,0.0,0.0,-1.0,0
3125.0,36.0,16.55,110.72,16.0,2.0,1.0,35000.0,0.0,0.0,15.36,7.0,1.0,1749.0,31.0,20.0,0.0,0.0,0.0,1.0,662.0,6.0,0.0892857142857142,0.35,124.0,0.0080645161290322,0.0080645161290322,1.0,1
18775.0,60.0,13.99,436.77,13.0,4.0,2.0,54000.0,0.0,0.0,31.69,7.0,0.0,73506.0,52.8,19.0,0.0,0.0,4.0,0.0,767.0,6.0,0.3476851851851852,0.3684210526315789,348.0,0.0,0.0,-1.0,0
19200.0,36.0,5.32,578.21,0.0,10.0,0.0,115000.0,0.0,4.0,15.55,24.0,0.0,20631.0,23.9,35.0,0.0,0.0,0.0,0.0,742.0,6.0,0.1669565217391304,0.6857142857142857,284.0,0.0,0.0,-1.0,0
8000.0,36.0,18.55,291.44,21.0,8.0,1.0,25000.0,1.0,1.0,33.07,9.0,0.0,10264.0,70.3,23.0,1.0,0.0,0.0,0.0,677.0,6.0,0.32,0.391304347826087,166.0,0.0,0.0,-1.0,0
13500.0,36.0,7.89,422.36,4.0,3.0,1.0,55000.0,0.0,4.0,25.75,27.0,0.0,13791.0,44.6,40.0,0.0,0.0,0.0,0.0,692.0,6.0,0.2454545454545454,0.675,131.0,0.0,0.0,-1.0,0
13000.0,36.0,5.32,391.5,0.0,3.0,1.0,55000.0,0.0,0.0,24.96,9.0,0.0,8821.0,29.5,18.0,0.0,0.0,0.0,0.0,752.0,6.0,0.2363636363636363,0.5,191.0,0.0,0.0,-1.0,0
10000.0,60.0,13.99,232.64,13.0,2.0,0.0,37440.0,2.0,0.0,7.66,13.0,0.0,8420.0,78.7,28.0,0.0,0.0,1.0,0.0,677.0,6.0,0.2670940170940171,0.4642857142857143,121.0,0.0,0.0,-1.0,1
25000.0,60.0,13.33,573.06,12.0,10.0,0.0,100000.0,1.0,0.0,30.3,15.0,0.0,20673.0,66.3,21.0,0.0,0.0,1.0,0.0,672.0,6.0,0.25,0.7142857142857143,246.0,0.0,0.0,-1.0,1
7000.0,36.0,6.89,215.79,2.0,2.0,0.0,70000.0,2.0,0.0,23.39,43.0,0.0,11355.0,13.9,71.0,0.0,0.0,2.0,0.0,682.0,6.0,0.1,0.6056338028169014,179.0,0.0,0.0,-1.0,0
11200.0,36.0,6.24,341.95,1.0,5.0,2.0,51200.0,1.0,4.0,15.82,11.0,2.0,7896.0,37.1,22.0,0.0,0.0,0.0,1.0,682.0,6.0,0.21875,0.5,312.0,0.0064102564102564,0.0032051282051282,0.5,0
10250.0,60.0,18.25,261.68,20.0,10.0,0.0,43000.0,2.0,0.0,37.51,12.0,0.0,23928.0,65.0,19.0,0.0,0.0,2.0,0.0,702.0,6.0,0.2383720930232558,0.631578947368421,171.0,0.0,0.0,-1.0,0
16000.0,60.0,19.19,416.73,22.0,5.0,0.0,65000.0,2.0,0.0,20.94,20.0,0.0,16653.0,42.6,29.0,1.0,0.0,1.0,0.0,667.0,6.0,0.2461538461538461,0.6896551724137931,130.0,0.0,0.0,-1.0,0
15200.0,36.0,12.69,509.89,11.0,7.0,0.0,140000.0,1.0,0.0,23.48,13.0,0.0,10334.0,55.0,19.0,1.0,0.0,1.0,0.0,712.0,6.0,0.1085714285714285,0.6842105263157895,96.0,0.0,0.0,-1.0,0
11000.0,60.0,17.57,276.77,18.0,10.0,0.0,56000.0,2.0,0.0,4.45,4.0,1.0,2257.0,25.1,9.0,1.0,0.0,1.0,1.0,667.0,6.0,0.1964285714285714,0.4444444444444444,115.0,0.008695652173913,0.008695652173913,1.0,0
8000.0,36.0,8.18,251.36,5.0,1.0,1.0,50000.0,1.0,0.0,5.71,11.0,0.0,9969.0,36.8,26.0,0.0,0.0,1.0,0.0,682.0,6.0,0.16,0.4230769230769231,171.0,0.0,0.0,-1.0,0
15400.0,36.0,12.29,513.64,10.0,0.0,1.0,35000.0,0.0,0.0,23.63,13.0,0.0,14682.0,37.7,22.0,1.0,0.0,0.0,0.0,702.0,6.0,0.44,0.5909090909090909,191.0,0.0,0.0,-1.0,0
23675.0,36.0,16.55,838.79,16.0,10.0,0.0,65000.0,1.0,2.0,22.58,12.0,0.0,4548.0,51.1,25.0,1.0,0.0,4.0,0.0,672.0,6.0,0.3642307692307692,0.48,392.0,0.0,0.0,-1.0,0
4000.0,36.0,7.89,125.15,4.0,9.0,0.0,40000.0,2.0,0.0,4.08,3.0,0.0,4560.0,54.3,6.0,0.0,0.0,2.0,0.0,687.0,6.0,0.1,0.5,205.0,0.0,0.0,-1.0,0
19000.0,60.0,14.65,448.53,14.0,2.0,1.0,82000.0,2.0,0.0,12.23,7.0,0.0,18082.0,65.0,16.0,1.0,0.0,0.0,0.0,697.0,6.0,0.2317073170731707,0.4375,158.0,0.0,0.0,-1.0,0
2500.0,36.0,17.57,89.85,18.0,6.0,1.0,48000.0,0.0,9.0,32.83,15.0,1.0,5903.0,36.2,33.0,0.0,0.0,3.0,1.0,672.0,6.0,0.0520833333333333,0.4545454545454545,219.0,0.0045662100456621,0.0045662100456621,1.0,0
20000.0,36.0,12.29,667.06,10.0,10.0,1.0,65000.0,1.0,0.0,18.78,15.0,1.0,15482.0,46.9,19.0,1.0,0.0,0.0,1.0,682.0,6.0,0.3076923076923077,0.7894736842105263,124.0,0.0080645161290322,0.0080645161290322,1.0,0
10500.0,36.0,13.33,355.46,12.0,10.0,1.0,30000.0,0.0,0.0,27.32,18.0,0.0,14090.0,55.0,25.0,0.0,0.0,0.0,0.0,702.0,6.0,0.35,0.72,266.0,0.0,0.0,-1.0,0
6000.0,36.0,11.53,197.95,9.0,3.0,0.0,105000.0,1.0,0.0,23.51,27.0,0.0,26004.0,95.3,46.0,0.0,0.0,4.0,0.0,662.0,6.0,0.0571428571428571,0.5869565217391305,189.0,0.0,0.0,-1.0,0
16000.0,36.0,10.99,523.75,8.0,4.0,1.0,73000.0,1.0,8.0,24.02,14.0,0.0,5815.0,0.3,31.0,1.0,0.0,4.0,0.0,732.0,6.0,0.2191780821917808,0.4516129032258064,198.0,0.0,0.0,-1.0,0
24000.0,60.0,13.99,558.32,13.0,0.0,0.0,95000.0,2.0,0.0,34.39,17.0,1.0,25872.0,78.2,28.0,0.0,0.0,1.0,0.0,687.0,6.0,0.2526315789473684,0.6071428571428571,249.0,0.0040160642570281,0.0,0.0,1
15000.0,36.0,7.89,469.29,4.0,10.0,1.0,90000.0,0.0,0.0,10.76,9.0,1.0,13184.0,50.7,22.0,0.0,0.0,2.0,1.0,682.0,6.0,0.1666666666666666,0.4090909090909091,270.0,0.0037037037037037,0.0037037037037037,1.0,0
21600.0,60.0,15.61,520.81,15.0,10.0,0.0,74000.0,1.0,0.0,10.06,8.0,0.0,19254.0,70.8,10.0,0.0,0.0,2.0,0.0,712.0,7.0,0.2918918918918919,0.8,213.0,0.0,0.0,-1.0,0
8000.0,36.0,7.26,247.97,3.0,5.0,1.0,64000.0,1.0,0.0,16.71,8.0,0.0,8638.0,85.5,15.0,0.0,0.0,0.0,0.0,682.0,7.0,0.125,0.5333333333333333,178.0,0.0,0.0,-1.0,0
15600.0,60.0,12.29,349.31,10.0,3.0,0.0,106000.0,0.0,0.0,18.18,11.0,0.0,10106.0,64.0,40.0,1.0,0.0,3.0,0.0,667.0,7.0,0.1471698113207547,0.275,159.0,0.0,0.0,-1.0,0
20000.0,60.0,17.57,503.21,18.0,10.0,0.0,104300.0,1.0,0.0,27.4,15.0,0.0,21589.0,79.1,34.0,1.0,0.0,4.0,0.0,682.0,7.0,0.1917545541706615,0.4411764705882353,142.0,0.0,0.0,-1.0,1
28000.0,60.0,15.61,675.12,15.0,1.0,1.0,120000.0,2.0,0.0,37.3,13.0,0.0,50700.0,80.0,33.0,1.0,0.0,6.0,0.0,662.0,7.0,0.2333333333333333,0.3939393939393939,449.0,0.0,0.0,-1.0,0
34925.0,60.0,15.61,842.09,15.0,10.0,0.0,72800.0,1.0,0.0,37.12,23.0,0.0,26011.0,30.1,51.0,1.0,0.0,1.0,0.0,687.0,7.0,0.479739010989011,0.4509803921568627,264.0,0.0,0.0,-1.0,0
10000.0,36.0,7.89,312.86,4.0,10.0,1.0,34500.0,1.0,4.0,8.56,8.0,0.0,10145.0,30.7,10.0,0.0,0.0,0.0,0.0,702.0,7.0,0.2898550724637681,0.8,125.0,0.0,0.0,-1.0,0
9100.0,36.0,7.26,282.07,3.0,1.0,0.0,52000.0,1.0,4.0,12.72,10.0,1.0,4787.0,31.9,21.0,1.0,0.0,1.0,1.0,712.0,7.0,0.175,0.4761904761904761,135.0,0.0074074074074074,0.0074074074074074,1.0,0
26450.0,36.0,13.99,903.87,13.0,0.0,0.0,115000.0,1.0,0.0,13.27,17.0,0.0,13046.0,41.0,32.0,1.0,0.0,1.0,0.0,677.0,7.0,0.23,0.53125,153.0,0.0,0.0,-1.0,0
18525.0,60.0,14.65,437.32,14.0,4.0,0.0,70000.0,0.0,4.0,8.04,2.0,0.0,4809.0,68.7,13.0,0.0,0.0,1.0,0.0,692.0,7.0,0.2646428571428571,0.1538461538461538,279.0,0.0,0.0,-1.0,0
15000.0,60.0,18.25,382.95,20.0,0.0,1.0,46000.0,1.0,0.0,8.44,6.0,0.0,14522.0,71.9,7.0,1.0,0.0,0.0,0.0,667.0,7.0,0.3260869565217391,0.8571428571428571,62.0,0.0,0.0,-1.0,0
20000.0,60.0,15.61,482.23,15.0,6.0,0.0,55000.0,1.0,4.0,30.05,17.0,0.0,27516.0,77.1,38.0,1.0,0.0,0.0,0.0,682.0,7.0,0.3636363636363636,0.4473684210526316,168.0,0.0,0.0,-1.0,1
33000.0,60.0,15.61,795.68,15.0,9.0,0.0,115000.0,2.0,0.0,7.95,8.0,0.0,31256.0,96.2,33.0,1.0,0.0,4.0,0.0,707.0,7.0,0.2869565217391304,0.2424242424242424,227.0,0.0,0.0,-1.0,0
25000.0,60.0,18.55,642.34,21.0,2.0,0.0,65000.0,0.0,0.0,33.31,12.0,0.0,13026.0,81.9,27.0,1.0,0.0,6.0,0.0,662.0,7.0,0.3846153846153846,0.4444444444444444,370.0,0.0,0.0,-1.0,0
16000.0,60.0,8.18,325.81,5.0,9.0,0.0,137000.0,0.0,4.0,10.52,10.0,0.0,13631.0,54.3,31.0,1.0,0.0,2.0,0.0,722.0,7.0,0.1167883211678832,0.3225806451612903,194.0,0.0,0.0,-1.0,0
20000.0,60.0,7.26,398.49,3.0,10.0,0.0,100000.0,0.0,4.0,13.16,6.0,0.0,18148.0,58.5,20.0,0.0,0.0,4.0,0.0,787.0,7.0,0.2,0.3,211.0,0.0,0.0,-1.0,0
8000.0,36.0,12.29,266.83,10.0,6.0,2.0,75000.0,0.0,4.0,32.79,22.0,0.0,21494.0,84.3,44.0,1.0,0.0,1.0,0.0,662.0,7.0,0.1066666666666666,0.5,359.0,0.0,0.0,-1.0,0
5624.3388671875,36.0,10.99,184.10632293701173,8.0,10.0,2.0,289854.125,2.0,1.0,216.33094299316406,15.0,2.0,245434.875,43.64075393676758,37.0,1.0,0.0,5.0,0.0,672.0,7.0,0.019404033241527407,0.4054054021835327,132.0,0.0151515151515151,0.0,0.0,0
12000.0,36.0,14.65,413.94,14.0,10.0,0.0,110000.0,2.0,0.0,13.84,15.0,1.0,12283.0,40.0,61.0,0.0,0.0,6.0,1.0,667.0,7.0,0.109090909090909,0.2459016393442623,142.0,0.0070422535211267,0.0070422535211267,1.0,0
5000.0,36.0,5.32,150.58,0.0,10.0,1.0,50000.0,0.0,0.0,16.8,17.0,1.0,1919.0,17.6,29.0,1.0,0.0,0.0,1.0,747.0,7.0,0.1,0.5862068965517241,238.0,0.0042016806722689,0.0042016806722689,1.0,0
6000.0,36.0,14.65,206.97,14.0,1.0,1.0,75000.0,1.0,0.0,12.49,10.0,0.0,18234.0,46.6,18.0,1.0,0.0,0.0,0.0,672.0,7.0,0.08,0.5555555555555556,83.0,0.0,0.0,-1.0,0
15000.0,36.0,17.86,541.24,19.0,10.0,1.0,50000.0,1.0,0.0,26.98,11.0,1.0,10019.0,39.8,33.0,0.0,0.0,2.0,1.0,677.0,7.0,0.3,0.3333333333333333,147.0,0.0068027210884353,0.0068027210884353,1.0,0
26400.0,36.0,13.99,902.17,13.0,7.0,1.0,60000.0,2.0,4.0,24.62,17.0,0.0,33336.0,77.7,31.0,1.0,0.0,0.0,0.0,662.0,7.0,0.44,0.5483870967741935,193.0,0.0,0.0,-1.0,0
10000.0,36.0,10.99,327.34,8.0,0.0,1.0,80000.0,1.0,4.0,16.35,9.0,0.0,21277.0,72.1,18.0,0.0,0.0,0.0,0.0,687.0,7.0,0.125,0.5,134.0,0.0,0.0,-1.0,0
30000.0,60.0,11.53,660.24,9.0,10.0,1.0,150000.0,2.0,0.0,14.71,11.0,1.0,46567.0,49.5,23.0,1.0,0.0,3.0,0.0,682.0,7.0,0.2,0.4782608695652174,245.0,0.0040816326530612,0.0,0.0,1
6000.0,36.0,8.18,188.52,5.0,5.0,0.0,48000.0,0.0,2.0,27.95,6.0,0.0,4995.0,38.1,33.0,0.0,0.0,5.0,0.0,702.0,7.0,0.125,0.1818181818181818,242.0,0.0,0.0,-1.0,0
4500.0,36.0,13.33,152.34,12.0,7.0,0.0,74000.0,0.0,0.0,12.99,25.0,0.0,2579.0,5.3,36.0,1.0,0.0,1.0,0.0,687.0,7.0,0.0608108108108108,0.6944444444444444,124.0,0.0,0.0,-1.0,0
14075.0,36.0,16.55,498.67,16.0,10.0,1.0,87000.0,2.0,0.0,3.38,10.0,0.0,7397.0,50.0,14.0,1.0,0.0,0.0,0.0,677.0,7.0,0.1617816091954023,0.7142857142857143,138.0,0.0,0.0,-1.0,1
12800.0,60.0,15.61,308.63,15.0,0.0,1.0,30000.0,1.0,0.0,12.64,10.0,0.0,5634.0,79.4,14.0,0.0,0.0,0.0,0.0,667.0,7.0,0.4266666666666667,0.7142857142857143,90.0,0.0,0.0,-1.0,1
7200.0,36.0,13.33,243.75,12.0,9.0,0.0,100000.0,2.0,5.0,22.68,12.0,0.0,18008.0,83.0,38.0,0.0,0.0,5.0,0.0,672.0,7.0,0.072,0.3157894736842105,170.0,0.0,0.0,-1.0,0
5600.0,36.0,12.69,187.86,11.0,5.0,1.0,30000.0,1.0,0.0,22.16,11.0,0.0,6050.0,41.7,23.0,1.0,0.0,0.0,0.0,667.0,7.0,0.1866666666666666,0.4782608695652174,126.0,0.0,0.0,-1.0,0
15000.0,36.0,11.53,494.86,9.0,10.0,1.0,48000.0,1.0,4.0,21.7,9.0,0.0,14402.0,86.8,16.0,0.0,0.0,0.0,0.0,697.0,7.0,0.3125,0.5625,140.0,0.0,0.0,-1.0,0
15000.0,36.0,7.89,469.29,4.0,8.0,2.0,68000.0,0.0,0.0,21.68,9.0,0.0,13833.0,39.0,14.0,0.0,0.0,1.0,0.0,712.0,7.0,0.2205882352941176,0.6428571428571429,149.0,0.0,0.0,-1.0,0
16800.0,36.0,8.18,527.85,5.0,10.0,2.0,72000.0,0.0,4.0,24.57,16.0,0.0,27432.0,68.0,51.0,0.0,0.0,5.0,0.0,667.0,7.0,0.2333333333333333,0.3137254901960784,293.0,0.0,0.0,-1.0,0
18200.0,36.0,17.86,656.7,19.0,0.0,1.0,155000.0,1.0,0.0,22.59,11.0,0.0,5709.0,68.8,35.0,0.0,0.0,4.0,0.0,667.0,7.0,0.1174193548387096,0.3142857142857143,261.0,0.0,0.0,-1.0,0
10000.0,36.0,7.26,309.97,3.0,10.0,0.0,100000.0,1.0,0.0,15.04,9.0,0.0,18038.0,94.4,20.0,1.0,0.0,3.0,0.0,682.0,7.0,0.1,0.45,298.0,0.0,0.0,-1.0,0
25000.0,36.0,7.26,774.91,3.0,1.0,1.0,175000.0,0.0,0.0,12.83,12.0,1.0,195893.0,44.9,35.0,0.0,0.0,1.0,0.0,732.0,7.0,0.1428571428571428,0.3428571428571428,253.0,0.0039525691699604,0.0,0.0,0
30000.0,36.0,9.17,956.37,6.0,2.0,1.0,94100.0,1.0,0.0,14.16,16.0,0.0,36741.0,57.1,32.0,0.0,0.0,0.0,0.0,697.0,7.0,0.3188097768331562,0.5,259.0,0.0,0.0,-1.0,0
2500.0,36.0,18.55,91.08,21.0,0.0,1.0,12550.0,2.0,0.0,30.33,12.0,0.0,2164.0,38.0,13.0,1.0,0.0,0.0,0.0,672.0,7.0,0.199203187250996,0.9230769230769232,61.0,0.0,0.0,-1.0,0
8000.0,36.0,12.69,268.36,11.0,2.0,1.0,42500.0,2.0,0.0,27.39,22.0,0.0,4194.0,28.5,39.0,1.0,0.0,1.0,0.0,672.0,7.0,0.188235294117647,0.5641025641025641,188.0,0.0,0.0,-1.0,0
9000.0,36.0,15.61,314.69,15.0,7.0,0.0,57000.0,1.0,0.0,12.59,13.0,1.0,21429.0,64.5,38.0,1.0,0.0,5.0,1.0,662.0,7.0,0.1578947368421052,0.3421052631578947,155.0,0.0064516129032258,0.0064516129032258,1.0,0
15000.0,60.0,17.57,377.41,18.0,10.0,0.0,104000.0,0.0,4.0,21.47,13.0,1.0,14624.0,53.4,32.0,1.0,0.0,4.0,1.0,667.0,7.0,0.1442307692307692,0.40625,302.0,0.0033112582781456,0.0033112582781456,1.0,0
16000.0,36.0,6.89,493.23,2.0,8.0,1.0,62000.0,1.0,4.0,5.8,14.0,3.0,11389.0,47.5,34.0,0.0,0.0,2.0,3.0,682.0,7.0,0.2580645161290322,0.4117647058823529,317.0,0.0094637223974763,0.0094637223974763,1.0,0
12000.0,36.0,10.99,392.81,8.0,10.0,0.0,30119.0,0.0,0.0,33.84,11.0,0.0,14352.0,63.5,15.0,0.0,0.0,1.0,0.0,717.0,7.0,0.3984196022444304,0.7333333333333333,169.0,0.0,0.0,-1.0,0
35000.0,60.0,19.19,911.59,22.0,10.0,1.0,170000.0,1.0,0.0,12.03,14.0,0.0,30958.0,76.2,34.0,0.0,0.0,3.0,0.0,677.0,7.0,0.2058823529411764,0.4117647058823529,186.0,0.0,0.0,-1.0,0
25950.0,36.0,5.32,781.48,0.0,10.0,0.0,76000.0,0.0,4.0,18.57,5.0,0.0,20967.0,74.9,15.0,0.0,0.0,2.0,0.0,762.0,7.0,0.3414473684210526,0.3333333333333333,132.0,0.0,0.0,-1.0,0
24000.0,60.0,13.99,558.32,13.0,10.0,1.0,75000.0,2.0,0.0,26.59,9.0,0.0,23162.0,84.2,19.0,0.0,0.0,0.0,0.0,707.0,7.0,0.32,0.4736842105263157,162.0,0.0,0.0,-1.0,1
17500.0,60.0,19.99,463.55,23.0,1.0,2.0,35000.0,1.0,4.0,36.77,11.0,0.0,29617.0,58.3,20.0,0.0,0.0,0.0,0.0,667.0,7.0,0.5,0.55,200.0,0.0,0.0,-1.0,1
25200.0,36.0,7.89,788.4,4.0,3.0,0.0,81200.0,0.0,0.0,22.67,10.0,0.0,23819.0,57.0,31.0,1.0,0.0,2.0,0.0,732.0,7.0,0.3103448275862069,0.3225806451612903,178.0,0.0,0.0,-1.0,0
15000.0,36.0,12.29,500.3,10.0,0.0,1.0,47000.0,0.0,4.0,31.28,15.0,0.0,18342.0,33.9,22.0,0.0,0.0,0.0,0.0,692.0,7.0,0.3191489361702128,0.6818181818181818,187.0,0.0,0.0,-1.0,0
14400.0,60.0,23.99,414.18,27.0,10.0,1.0,36000.0,2.0,0.0,38.83,10.0,0.0,23002.0,83.9,22.0,1.0,0.0,0.0,0.0,687.0,7.0,0.4,0.4545454545454545,235.0,0.0,0.0,-1.0,1
16800.0,36.0,16.55,595.22,16.0,1.0,0.0,40000.0,1.0,4.0,15.51,12.0,0.0,18819.0,45.7,18.0,0.0,0.0,3.0,0.0,712.0,7.0,0.42,0.6666666666666666,159.0,0.0,0.0,-1.0,1
20000.0,60.0,9.99,424.85,7.0,3.0,2.0,55000.0,0.0,0.0,30.41,22.0,0.0,9447.0,5.8,55.0,0.0,0.0,0.0,0.0,797.0,7.0,0.3636363636363636,0.4,250.0,0.0,0.0,-1.0,0
3600.0,36.0,16.55,127.55,16.0,10.0,1.0,40000.0,2.0,5.0,19.97,13.0,0.0,6864.0,31.2,16.0,1.0,0.0,0.0,0.0,682.0,7.0,0.09,0.8125,208.0,0.0,0.0,-1.0,0
16000.0,36.0,14.65,551.91,14.0,10.0,2.0,110000.0,2.0,0.0,4.6,5.0,0.0,7486.0,74.1,23.0,1.0,0.0,0.0,0.0,667.0,7.0,0.1454545454545454,0.217391304347826,351.0,0.0,0.0,-1.0,0
9100.0,36.0,7.89,284.7,4.0,10.0,0.0,110000.0,0.0,0.0,18.07,17.0,0.0,38431.0,84.3,33.0,0.0,0.0,7.0,0.0,677.0,7.0,0.0827272727272727,0.5151515151515151,183.0,0.0,0.0,-1.0,0
11000.0,36.0,12.29,366.89,10.0,10.0,1.0,70000.0,0.0,0.0,15.45,31.0,0.0,17177.0,22.8,40.0,0.0,0.0,0.0,0.0,672.0,7.0,0.1571428571428571,0.775,200.0,0.0,0.0,-1.0,0
7000.0,36.0,6.24,213.72,1.0,7.0,1.0,42965.0,0.0,0.0,17.07,8.0,0.0,7176.0,41.2,15.0,0.0,0.0,0.0,0.0,737.0,7.0,0.1629233096706621,0.5333333333333333,186.0,0.0,0.0,-1.0,0
8500.0,36.0,6.24,259.52,1.0,5.0,0.0,37500.0,0.0,0.0,17.18,9.0,0.0,14644.0,37.4,16.0,1.0,0.0,2.0,0.0,727.0,7.0,0.2266666666666666,0.5625,190.0,0.0,0.0,-1.0,0
20000.0,36.0,5.32,602.3,0.0,10.0,0.0,80000.0,0.0,4.0,20.25,16.0,0.0,19340.0,53.1,33.0,0.0,0.0,3.0,0.0,712.0,7.0,0.25,0.4848484848484848,156.0,0.0,0.0,-1.0,0
10000.0,60.0,21.99,276.14,25.0,9.0,2.0,75000.0,1.0,0.0,19.25,24.0,0.0,5023.0,33.9,49.0,1.0,0.0,0.0,0.0,662.0,7.0,0.1333333333333333,0.4897959183673469,260.0,0.0,0.0,-1.0,1
29000.0,36.0,11.53,956.72,9.0,1.0,1.0,93000.0,0.0,0.0,12.67,13.0,0.0,7268.0,35.5,35.0,0.0,0.0,4.0,0.0,707.0,7.0,0.3118279569892473,0.3714285714285714,248.0,0.0,0.0,-1.0,0
2575.0,36.0,12.69,86.38,11.0,2.0,1.0,48000.0,2.0,4.0,25.73,17.0,1.0,8907.0,56.0,46.0,1.0,0.0,5.0,1.0,662.0,7.0,0.0536458333333333,0.3695652173913043,362.0,0.0027624309392265,0.0027624309392265,1.0,0
6400.0,36.0,18.25,232.18,20.0,6.0,0.0,40000.0,2.0,10.0,27.51,10.0,0.0,11590.0,54.2,18.0,1.0,0.0,1.0,0.0,672.0,7.0,0.16,0.5555555555555556,186.0,0.0,0.0,-1.0,0
10000.0,60.0,12.29,223.92,10.0,5.0,0.0,90000.0,0.0,0.0,12.86,14.0,0.0,4524.0,21.4,49.0,0.0,0.0,1.0,0.0,737.0,7.0,0.1111111111111111,0.2857142857142857,192.0,0.0,0.0,-1.0,0
6000.0,36.0,11.53,197.95,9.0,9.0,0.0,40950.0,1.0,2.0,12.95,4.0,0.0,5202.0,46.4,11.0,0.0,0.0,0.0,0.0,677.0,7.0,0.1465201465201465,0.3636363636363636,377.0,0.0,0.0,-1.0,0
25850.0,60.0,23.99,743.51,27.0,8.0,1.0,57631.0,1.0,0.0,21.35,20.0,0.0,23810.0,70.9,34.0,0.0,0.0,0.0,0.0,662.0,7.0,0.4485433187000052,0.5882352941176471,165.0,0.0,0.0,-1.0,0
10000.0,60.0,13.99,232.64,13.0,9.0,1.0,71087.0,1.0,5.0,6.82,10.0,1.0,38.0,0.5,15.0,0.0,0.0,0.0,1.0,672.0,7.0,0.140672696836271,0.6666666666666666,145.0,0.0068965517241379,0.0068965517241379,1.0,0
14000.0,60.0,13.99,325.69,13.0,1.0,1.0,212000.0,1.0,4.0,3.37,14.0,0.0,12907.0,45.4,30.0,0.0,0.0,3.0,0.0,667.0,7.0,0.0660377358490566,0.4666666666666667,250.0,0.0,0.0,-1.0,0
5500.0,36.0,15.61,192.31,15.0,9.0,1.0,47500.0,2.0,4.0,7.76,14.0,0.0,6894.0,20.2,30.0,0.0,0.0,0.0,0.0,682.0,7.0,0.1157894736842105,0.4666666666666667,134.0,0.0,0.0,-1.0,0
13750.0,60.0,24.99,403.51,28.0,0.0,1.0,54000.0,2.0,0.0,22.2,26.0,0.0,8030.0,41.0,32.0,0.0,0.0,1.0,0.0,677.0,7.0,0.2546296296296296,0.8125,168.0,0.0,0.0,-1.0,1
9600.0,36.0,12.29,320.19,10.0,2.0,1.0,70000.0,1.0,4.0,14.09,5.0,0.0,32938.0,42.2,10.0,0.0,0.0,0.0,0.0,697.0,7.0,0.1371428571428571,0.5,205.0,0.0,0.0,-1.0,0
20000.0,60.0,18.25,510.6,20.0,10.0,2.0,55000.0,1.0,0.0,31.75,13.0,0.0,20246.0,56.1,38.0,0.0,0.0,4.0,0.0,717.0,7.0,0.3636363636363636,0.3421052631578947,231.0,0.0,0.0,-1.0,1
12000.0,36.0,12.69,402.54,11.0,2.0,1.0,36000.0,1.0,0.0,15.9,10.0,3.0,5290.0,51.9,29.0,0.0,0.0,7.0,3.0,667.0,7.0,0.3333333333333333,0.3448275862068966,269.0,0.0111524163568773,0.0111524163568773,1.0,1
14000.0,60.0,11.53,308.11,9.0,2.0,0.0,38000.0,1.0,0.0,14.43,14.0,0.0,15002.0,37.1,26.0,0.0,0.0,1.0,0.0,692.0,7.0,0.3684210526315789,0.5384615384615384,205.0,0.0,0.0,-1.0,0
7800.0,36.0,9.99,251.65,7.0,8.0,0.0,48000.0,2.0,4.0,21.65,14.0,1.0,5983.0,34.8,39.0,0.0,0.0,3.0,1.0,667.0,7.0,0.1625,0.358974358974359,261.0,0.003831417624521,0.003831417624521,1.0,0
4525.0,36.0,15.61,158.22,15.0,3.0,1.0,31000.0,1.0,0.0,16.42,11.0,0.0,961.0,48.0,18.0,0.0,0.0,0.0,0.0,697.0,7.0,0.1459677419354838,0.6111111111111112,133.0,0.0,0.0,-1.0,0
8000.0,36.0,7.89,250.29,4.0,1.0,0.0,38000.0,0.0,0.0,22.14,8.0,1.0,7847.0,51.0,16.0,1.0,0.0,2.0,0.0,687.0,7.0,0.2105263157894736,0.5,127.0,0.0078740157480314,0.0,0.0,1
12000.0,36.0,11.53,395.89,9.0,9.0,0.0,60000.0,1.0,2.0,20.72,9.0,0.0,9881.0,54.9,16.0,0.0,0.0,2.0,0.0,677.0,7.0,0.2,0.5625,113.0,0.0,0.0,-1.0,0
10000.0,60.0,15.61,241.12,15.0,1.0,1.0,75000.0,0.0,0.0,6.7,5.0,1.0,1671.0,66.8,19.0,0.0,0.0,0.0,1.0,662.0,7.0,0.1333333333333333,0.2631578947368421,173.0,0.0057803468208092,0.0057803468208092,1.0,1
8000.0,36.0,14.65,275.96,14.0,3.0,1.0,45000.0,1.0,8.0,38.4,19.0,0.0,7525.0,54.9,22.0,0.0,0.0,0.0,0.0,687.0,7.0,0.1777777777777777,0.8636363636363636,166.0,0.0,0.0,-1.0,0
10000.0,60.0,15.61,241.12,15.0,2.0,0.0,84000.0,1.0,0.0,12.4,10.0,0.0,9429.0,57.1,12.0,0.0,0.0,1.0,0.0,667.0,7.0,0.119047619047619,0.8333333333333334,76.0,0.0,0.0,-1.0,1
12000.0,36.0,7.26,371.96,3.0,2.0,0.0,152874.0,1.0,0.0,9.47,8.0,0.0,12244.0,45.9,19.0,0.0,0.0,0.0,0.0,707.0,7.0,0.0784960163271714,0.4210526315789473,177.0,0.0,0.0,-1.0,1
10375.0,36.0,13.33,351.23,12.0,10.0,0.0,88000.0,0.0,0.0,21.04,7.0,0.0,16392.0,47.5,24.0,1.0,0.0,4.0,0.0,697.0,7.0,0.1178977272727272,0.2916666666666667,352.0,0.0,0.0,-1.0,0
4575.0,36.0,19.19,168.15,22.0,7.0,2.0,35000.0,2.0,3.0,17.97,11.0,0.0,3161.0,67.3,25.0,1.0,0.0,0.0,0.0,667.0,7.0,0.1307142857142857,0.44,185.0,0.0,0.0,-1.0,0
10500.0,36.0,8.18,329.91,5.0,2.0,1.0,52000.0,1.0,4.0,3.51,8.0,2.0,4539.0,27.5,32.0,0.0,0.0,2.0,0.0,667.0,7.0,0.2019230769230769,0.25,144.0,0.0138888888888888,0.0,0.0,0
7200.0,36.0,13.33,243.75,12.0,1.0,0.0,20000.0,2.0,4.0,12.83,10.0,0.0,7246.0,56.2,17.0,0.0,0.0,0.0,0.0,702.0,7.0,0.36,0.5882352941176471,105.0,0.0,0.0,-1.0,0
24000.0,60.0,14.65,566.56,14.0,7.0,0.0,80000.0,2.0,4.0,31.46,9.0,0.0,7717.0,49.2,24.0,0.0,0.0,2.0,0.0,662.0,7.0,0.3,0.375,202.0,0.0,0.0,-1.0,0
24000.0,60.0,17.86,607.62,19.0,10.0,1.0,70000.0,2.0,0.0,17.26,14.0,0.0,10523.0,43.8,28.0,0.0,0.0,1.0,0.0,702.0,7.0,0.3428571428571428,0.5,377.0,0.0,0.0,-1.0,1
20000.0,36.0,7.89,625.72,4.0,2.0,1.0,125000.0,1.0,0.0,6.34,4.0,0.0,8849.0,49.2,10.0,0.0,0.0,0.0,0.0,737.0,7.0,0.16,0.4,92.0,0.0,0.0,-1.0,0
35000.0,60.0,16.99,869.66,17.0,10.0,0.0,96600.0,2.0,4.0,32.76,20.0,0.0,61345.0,92.4,38.0,0.0,0.0,5.0,0.0,687.0,7.0,0.3623188405797101,0.5263157894736842,173.0,0.0,0.0,-1.0,1
17000.0,36.0,16.55,602.3,16.0,9.0,1.0,145000.0,1.0,1.0,8.63,8.0,2.0,18411.0,63.9,13.0,0.0,0.0,0.0,0.0,667.0,7.0,0.1172413793103448,0.6153846153846154,92.0,0.0217391304347826,0.0,0.0,0
6025.0,36.0,10.99,197.23,8.0,10.0,1.0,35000.0,2.0,5.0,31.14,17.0,0.0,1168.0,7.0,41.0,0.0,0.0,0.0,0.0,787.0,7.0,0.1721428571428571,0.4146341463414634,164.0,0.0,0.0,-1.0,0
2400.0,36.0,7.26,74.4,3.0,8.0,0.0,26000.0,0.0,0.0,27.79,5.0,0.0,8863.0,57.6,18.0,0.0,0.0,2.0,0.0,742.0,7.0,0.0923076923076923,0.2777777777777778,129.0,0.0,0.0,-1.0,0
12000.0,36.0,10.99,392.81,8.0,10.0,1.0,60000.0,1.0,4.0,6.87,8.0,0.0,10328.0,32.3,18.0,0.0,0.0,0.0,0.0,687.0,7.0,0.2,0.4444444444444444,109.0,0.0,0.0,-1.0,0
15525.0,36.0,12.29,517.81,10.0,10.0,0.0,52500.0,0.0,0.0,18.95,12.0,0.0,13453.0,67.9,23.0,0.0,0.0,1.0,0.0,707.0,7.0,0.2957142857142857,0.5217391304347826,223.0,0.0,0.0,-1.0,0
21000.0,36.0,13.99,717.63,13.0,10.0,0.0,96000.0,2.0,0.0,6.33,11.0,0.0,11787.0,43.0,17.0,0.0,0.0,2.0,0.0,672.0,7.0,0.21875,0.6470588235294118,306.0,0.0,0.0,-1.0,0
15000.0,36.0,9.99,483.94,7.0,3.0,1.0,70000.0,1.0,0.0,19.86,12.0,0.0,12130.0,55.6,26.0,0.0,0.0,0.0,0.0,662.0,7.0,0.2142857142857142,0.4615384615384615,129.0,0.0,0.0,-1.0,0
30000.0,60.0,15.61,723.34,15.0,9.0,0.0,135000.0,2.0,0.0,34.23,18.0,0.0,53953.0,71.0,41.0,0.0,0.0,1.0,0.0,697.0,7.0,0.2222222222222222,0.4390243902439024,172.0,0.0,0.0,-1.0,0
16298.9111328125,36.0,6.24,497.6162316894531,1.0,2.0,0.0,3364649.0,0.0,4.0,69.25588195800782,25.0,0.0,306362.25,54.742466354370116,33.0,1.0,0.0,16.0,0.0,712.0,7.0,0.0048441685958000025,0.7575757245759707,223.0,0.0,0.0,-1.0,0
8400.0,36.0,12.29,280.17,10.0,1.0,1.0,48000.0,1.0,4.0,18.8,8.0,0.0,8788.0,93.5,17.0,1.0,0.0,0.0,0.0,667.0,7.0,0.175,0.4705882352941176,152.0,0.0,0.0,-1.0,0
3000.0,36.0,11.53,98.98,9.0,6.0,0.0,37000.0,1.0,2.0,38.01,11.0,1.0,5911.0,49.7,35.0,1.0,0.0,1.0,1.0,667.0,7.0,0.081081081081081,0.3142857142857143,162.0,0.0061728395061728,0.0061728395061728,1.0,0
35000.0,60.0,18.25,893.54,20.0,5.0,1.0,225000.0,1.0,5.0,10.99,14.0,0.0,39965.0,92.8,35.0,0.0,0.0,0.0,0.0,692.0,7.0,0.1555555555555555,0.4,165.0,0.0,0.0,-1.0,1
25000.0,36.0,13.99,854.32,13.0,6.0,0.0,150000.0,1.0,0.0,10.57,14.0,0.0,20100.0,58.9,36.0,1.0,0.0,3.0,0.0,667.0,7.0,0.1666666666666666,0.3888888888888889,352.0,0.0,0.0,-1.0,0
22000.0,36.0,7.26,681.92,3.0,10.0,1.0,96000.0,0.0,0.0,11.71,19.0,0.0,24045.0,28.6,34.0,0.0,0.0,0.0,0.0,687.0,7.0,0.2291666666666666,0.5588235294117647,445.0,0.0,0.0,-1.0,0
34300.0,60.0,18.55,881.29,21.0,0.0,1.0,78000.0,1.0,0.0,11.32,10.0,0.0,24706.0,70.2,19.0,0.0,0.0,0.0,0.0,702.0,7.0,0.4397435897435897,0.5263157894736842,219.0,0.0,0.0,-1.0,0
5825.0,36.0,9.17,185.7,6.0,0.0,1.0,55000.0,1.0,4.0,13.16,10.0,0.0,9654.0,51.9,29.0,1.0,0.0,0.0,0.0,667.0,7.0,0.1059090909090909,0.3448275862068966,120.0,0.0,0.0,-1.0,0
19800.0,36.0,9.99,638.8,7.0,1.0,0.0,45000.0,2.0,0.0,32.4,13.0,0.0,15241.0,72.6,23.0,0.0,0.0,1.0,0.0,692.0,7.0,0.44,0.5652173913043478,121.0,0.0,0.0,-1.0,0
8500.0,36.0,7.89,265.93,4.0,1.0,0.0,47000.0,0.0,0.0,11.98,8.0,0.0,8727.0,47.7,22.0,0.0,0.0,3.0,0.0,717.0,7.0,0.1808510638297872,0.3636363636363636,148.0,0.0,0.0,-1.0,0
18000.0,60.0,16.55,443.01,16.0,10.0,0.0,98000.0,1.0,0.0,8.6,7.0,0.0,16915.0,79.2,24.0,1.0,0.0,1.0,0.0,672.0,7.0,0.1836734693877551,0.2916666666666667,176.0,0.0,0.0,-1.0,1
14000.0,36.0,14.65,482.92,14.0,10.0,0.0,45000.0,2.0,0.0,18.24,6.0,0.0,11146.0,84.4,16.0,1.0,0.0,4.0,0.0,692.0,7.0,0.3111111111111111,0.375,105.0,0.0,0.0,-1.0,0
10000.0,36.0,9.99,322.63,7.0,10.0,1.0,50185.0,0.0,4.0,4.57,9.0,0.0,11010.0,15.1,15.0,1.0,0.0,1.0,0.0,757.0,7.0,0.199262727906745,0.6,190.0,0.0,0.0,-1.0,0
5000.0,36.0,7.89,156.43,4.0,4.0,0.0,50000.0,1.0,0.0,24.75,9.0,1.0,4046.0,47.6,35.0,0.0,0.0,0.0,1.0,677.0,7.0,0.1,0.2571428571428571,230.0,0.0043478260869565,0.0043478260869565,1.0,0
1800.0,36.0,16.55,63.78,16.0,8.0,1.0,32000.0,2.0,6.0,12.27,6.0,0.0,1946.0,21.6,15.0,1.0,0.0,0.0,0.0,772.0,7.0,0.05625,0.4,329.0,0.0,0.0,-1.0,0
12000.0,36.0,12.69,402.54,11.0,0.0,1.0,41000.0,1.0,0.0,13.58,8.0,0.0,14655.0,42.5,12.0,0.0,0.0,0.0,0.0,662.0,7.0,0.2926829268292683,0.6666666666666666,105.0,0.0,0.0,-1.0,0
24000.0,36.0,7.26,743.91,3.0,10.0,0.0,151000.0,1.0,0.0,14.1,14.0,0.0,31525.0,70.5,29.0,0.0,0.0,3.0,0.0,712.0,7.0,0.1589403973509933,0.4827586206896552,305.0,0.0,0.0,-1.0,0
15000.0,60.0,10.99,326.07,8.0,10.0,0.0,83500.0,0.0,4.0,20.78,11.0,0.0,11814.0,41.0,28.0,0.0,0.0,1.0,0.0,737.0,7.0,0.1796407185628742,0.3928571428571428,257.0,0.0,0.0,-1.0,0
11000.0,36.0,11.53,362.9,9.0,8.0,1.0,85000.0,2.0,0.0,25.64,9.0,0.0,7706.0,52.8,18.0,1.0,0.0,0.0,0.0,702.0,7.0,0.1294117647058823,0.5,131.0,0.0,0.0,-1.0,0
6000.0,36.0,13.33,203.12,12.0,3.0,1.0,75000.0,2.0,4.0,5.33,6.0,0.0,6062.0,60.6,9.0,1.0,0.0,0.0,0.0,722.0,7.0,0.08,0.6666666666666666,95.0,0.0,0.0,-1.0,0
10000.0,60.0,19.99,264.89,23.0,10.0,1.0,22652.0,2.0,4.0,39.37,10.0,0.0,12562.0,72.2,14.0,0.0,0.0,0.0,0.0,707.0,7.0,0.4414621225498852,0.7142857142857143,143.0,0.0,0.0,-1.0,1
4000.0,36.0,12.29,133.42,10.0,10.0,0.0,60000.0,1.0,8.0,15.12,9.0,1.0,2483.0,28.5,26.0,1.0,0.0,1.0,1.0,712.0,7.0,0.0666666666666666,0.3461538461538461,169.0,0.0059171597633136,0.0059171597633136,1.0,0
24225.0,60.0,14.65,571.88,14.0,10.0,0.0,150000.0,2.0,0.0,25.2,16.0,0.0,49210.0,73.0,35.0,0.0,0.0,4.0,0.0,672.0,7.0,0.1615,0.4571428571428571,205.0,0.0,0.0,-1.0,0
10000.0,36.0,9.17,318.79,6.0,0.0,0.0,90000.0,1.0,0.0,20.5,11.0,1.0,6473.0,60.5,21.0,0.0,0.0,2.0,1.0,667.0,7.0,0.1111111111111111,0.5238095238095238,214.0,0.0046728971962616,0.0046728971962616,1.0,0
27300.0,60.0,22.99,769.45,26.0,3.0,1.0,55000.0,2.0,3.0,33.73,9.0,0.0,4952.0,12.2,23.0,0.0,0.0,0.0,0.0,782.0,7.0,0.4963636363636363,0.391304347826087,350.0,0.0,0.0,-1.0,0
14400.0,60.0,22.99,405.87,26.0,9.0,0.0,51000.0,1.0,0.0,17.36,10.0,0.0,11599.0,30.5,23.0,0.0,0.0,2.0,0.0,677.0,7.0,0.2823529411764706,0.4347826086956521,120.0,0.0,0.0,-1.0,1
15000.0,60.0,9.99,318.64,7.0,10.0,2.0,50000.0,0.0,0.0,18.85,12.0,0.0,28461.0,69.4,19.0,0.0,0.0,2.0,0.0,692.0,7.0,0.3,0.631578947368421,399.0,0.0,0.0,-1.0,0
35000.0,60.0,12.69,790.82,11.0,0.0,0.0,145000.0,1.0,4.0,15.15,9.0,0.0,33141.0,64.9,15.0,0.0,0.0,1.0,0.0,692.0,7.0,0.2413793103448276,0.6,106.0,0.0,0.0,-1.0,0
14400.0,60.0,17.86,364.57,19.0,0.0,2.0,54000.0,2.0,5.0,13.42,9.0,0.0,18302.0,92.0,19.0,0.0,0.0,0.0,0.0,667.0,7.0,0.2666666666666666,0.4736842105263157,158.0,0.0,0.0,-1.0,0
30000.0,36.0,7.26,929.89,3.0,0.0,0.0,125000.0,2.0,4.0,10.05,15.0,0.0,133945.0,37.3,18.0,0.0,0.0,1.0,0.0,727.0,8.0,0.24,0.8333333333333334,251.0,0.0,0.0,-1.0,0
12000.0,36.0,5.32,361.38,0.0,10.0,0.0,68000.0,2.0,3.0,8.19,9.0,0.0,1368.0,4.6,22.0,0.0,0.0,2.0,0.0,832.0,8.0,0.1764705882352941,0.4090909090909091,347.0,0.0,0.0,-1.0,0
13000.0,36.0,14.65,448.43,14.0,10.0,0.0,75000.0,1.0,2.0,12.64,13.0,0.0,20616.0,46.7,28.0,0.0,0.0,5.0,0.0,717.0,8.0,0.1733333333333333,0.4642857142857143,226.0,0.0,0.0,-1.0,1
19200.0,60.0,23.99,552.24,27.0,1.0,2.0,60000.0,2.0,6.0,14.94,11.0,0.0,17443.0,89.0,23.0,1.0,0.0,1.0,0.0,687.0,8.0,0.32,0.4782608695652174,443.0,0.0,0.0,-1.0,0
14400.0,60.0,13.99,334.99,13.0,8.0,0.0,108000.0,1.0,4.0,12.6,13.0,0.0,37297.0,51.1,30.0,0.0,0.0,6.0,0.0,712.0,8.0,0.1333333333333333,0.4333333333333333,127.0,0.0,0.0,-1.0,1
20725.0,36.0,15.61,724.65,15.0,10.0,1.0,75000.0,2.0,0.0,11.63,8.0,3.0,8060.0,79.8,11.0,1.0,0.0,0.0,1.0,662.0,8.0,0.2763333333333333,0.7272727272727273,129.0,0.0232558139534883,0.0077519379844961,0.3333333333333333,1
12275.0,60.0,12.29,274.86,10.0,10.0,0.0,70000.0,0.0,0.0,33.45,10.0,0.0,21169.0,69.6,40.0,1.0,0.0,8.0,0.0,707.0,8.0,0.1753571428571428,0.25,144.0,0.0,0.0,-1.0,1
3000.0,36.0,16.55,106.29,16.0,7.0,0.0,100000.0,2.0,2.0,16.36,13.0,0.0,8085.0,92.9,27.0,1.0,0.0,1.0,0.0,662.0,8.0,0.03,0.4814814814814814,164.0,0.0,0.0,-1.0,0
8000.0,36.0,6.24,244.25,1.0,4.0,1.0,115000.0,0.0,0.0,12.05,21.0,0.0,9480.0,16.4,33.0,0.0,0.0,1.0,0.0,727.0,8.0,0.0695652173913043,0.6363636363636364,304.0,0.0,0.0,-1.0,0
28000.0,36.0,7.26,867.9,3.0,0.0,1.0,73000.0,1.0,4.0,19.73,17.0,0.0,31747.0,54.5,28.0,0.0,0.0,0.0,0.0,702.0,8.0,0.3835616438356164,0.6071428571428571,168.0,0.0,0.0,-1.0,0
15000.0,36.0,6.24,457.97,1.0,2.0,2.0,58000.0,1.0,0.0,11.3,15.0,0.0,14554.0,37.8,39.0,0.0,0.0,0.0,0.0,747.0,8.0,0.2586206896551724,0.3846153846153846,208.0,0.0,0.0,-1.0,0
20000.0,60.0,13.33,458.45,12.0,4.0,0.0,105000.0,0.0,0.0,23.43,9.0,0.0,6545.0,18.1,50.0,0.0,0.0,0.0,0.0,732.0,8.0,0.1904761904761904,0.18,120.0,0.0,0.0,-1.0,0
8400.0,36.0,8.18,263.93,5.0,10.0,0.0,65000.0,1.0,0.0,11.98,9.0,1.0,6997.0,53.4,19.0,0.0,0.0,2.0,1.0,662.0,8.0,0.1292307692307692,0.4736842105263157,146.0,0.0068493150684931,0.0068493150684931,1.0,0
23000.0,36.0,16.55,814.88,16.0,2.0,0.0,50000.0,0.0,0.0,28.78,12.0,0.0,13750.0,74.7,32.0,0.0,0.0,1.0,0.0,687.0,8.0,0.46,0.375,262.0,0.0,0.0,-1.0,1
28000.0,60.0,18.25,714.83,20.0,1.0,1.0,113000.0,1.0,4.0,26.0,20.0,0.0,12180.0,52.1,32.0,0.0,0.0,0.0,0.0,682.0,8.0,0.247787610619469,0.625,185.0,0.0,0.0,-1.0,0
14400.0,36.0,13.33,487.49,12.0,10.0,2.0,90000.0,1.0,0.0,2.04,4.0,0.0,6178.0,55.2,11.0,1.0,0.0,1.0,0.0,662.0,8.0,0.16,0.3636363636363636,106.0,0.0,0.0,-1.0,0
15000.0,36.0,7.26,464.95,3.0,7.0,1.0,50000.0,0.0,4.0,16.28,11.0,0.0,11530.0,23.9,23.0,0.0,0.0,0.0,0.0,722.0,8.0,0.3,0.4782608695652174,129.0,0.0,0.0,-1.0,0
25025.0,36.0,17.57,899.33,18.0,9.0,0.0,65000.0,1.0,0.0,25.79,16.0,0.0,42269.0,87.2,32.0,1.0,0.0,3.0,0.0,687.0,8.0,0.385,0.5,237.0,0.0,0.0,-1.0,0
25000.0,60.0,11.53,550.2,9.0,7.0,1.0,78000.0,0.0,0.0,31.49,20.0,0.0,20083.0,32.1,52.0,1.0,0.0,2.0,0.0,712.0,8.0,0.3205128205128205,0.3846153846153846,314.0,0.0,0.0,-1.0,0
35000.0,36.0,7.89,1095.0,4.0,10.0,0.0,92000.0,1.0,2.0,28.41,15.0,0.0,8799.0,10.2,44.0,1.0,0.0,3.0,0.0,812.0,8.0,0.3804347826086957,0.3409090909090909,258.0,0.0,0.0,-1.0,0
4000.0,36.0,16.55,141.72,16.0,9.0,1.0,30000.0,2.0,0.0,37.36,7.0,0.0,18688.0,99.9,18.0,1.0,0.0,0.0,0.0,662.0,8.0,0.1333333333333333,0.3888888888888889,181.0,0.0,0.0,-1.0,1
24000.0,60.0,12.29,537.4,10.0,9.0,0.0,85000.0,0.0,0.0,30.28,15.0,0.0,37578.0,52.6,26.0,1.0,0.0,3.0,0.0,692.0,8.0,0.2823529411764706,0.5769230769230769,207.0,0.0,0.0,-1.0,0
8500.0,36.0,9.99,274.24,7.0,5.0,0.0,42000.0,0.0,0.0,19.6,6.0,0.0,8961.0,83.7,12.0,1.0,0.0,1.0,0.0,662.0,8.0,0.2023809523809523,0.5,131.0,0.0,0.0,-1.0,0
28000.0,36.0,19.19,1029.07,22.0,10.0,0.0,70000.0,1.0,2.0,24.28,6.0,0.0,5606.0,53.4,20.0,1.0,0.0,1.0,0.0,672.0,8.0,0.4,0.3,183.0,0.0,0.0,-1.0,1
6000.0,36.0,18.55,218.58,21.0,7.0,0.0,62000.0,1.0,0.0,16.2,11.0,1.0,17751.0,64.1,16.0,1.0,0.0,1.0,0.0,662.0,8.0,0.0967741935483871,0.6875,82.0,0.0121951219512195,0.0,0.0,1
14000.0,36.0,6.89,431.58,2.0,9.0,1.0,110000.0,0.0,4.0,9.79,18.0,0.0,19589.0,37.5,29.0,0.0,0.0,0.0,0.0,712.0,8.0,0.1272727272727272,0.6206896551724138,138.0,0.0,0.0,-1.0,0
10000.0,36.0,9.17,318.79,6.0,5.0,2.0,83468.0,2.0,0.0,10.97,11.0,0.0,6679.0,37.5,35.0,1.0,0.0,1.0,0.0,672.0,8.0,0.1198063928691235,0.3142857142857143,183.0,0.0,0.0,-1.0,0
35000.0,36.0,14.65,1207.3,14.0,1.0,0.0,125000.0,1.0,4.0,13.25,34.0,0.0,41079.0,96.4,65.0,1.0,0.0,7.0,0.0,672.0,8.0,0.28,0.5230769230769231,145.0,0.0,0.0,-1.0,0
11200.0,36.0,5.32,337.29,0.0,10.0,0.0,75000.0,1.0,4.0,5.09,7.0,0.0,0.0,0.0,39.0,1.0,0.0,3.0,0.0,717.0,8.0,0.1493333333333333,0.1794871794871795,448.0,0.0,0.0,-1.0,0
20000.0,36.0,7.89,625.72,4.0,10.0,0.0,85000.0,0.0,4.0,25.46,12.0,0.0,19427.0,33.5,38.0,1.0,0.0,5.0,0.0,752.0,8.0,0.2352941176470588,0.3157894736842105,189.0,0.0,0.0,-1.0,0
24000.0,36.0,5.32,722.76,0.0,3.0,1.0,70000.0,0.0,0.0,28.02,19.0,0.0,29859.0,51.6,46.0,1.0,0.0,0.0,0.0,732.0,8.0,0.3428571428571428,0.4130434782608695,188.0,0.0,0.0,-1.0,0
8000.0,36.0,10.99,261.88,8.0,5.0,1.0,48000.0,2.0,0.0,38.35,10.0,0.0,10027.0,97.6,25.0,1.0,0.0,1.0,0.0,687.0,8.0,0.1666666666666666,0.4,276.0,0.0,0.0,-1.0,0
25000.0,60.0,9.17,521.03,6.0,10.0,0.0,90000.0,0.0,2.0,18.44,10.0,0.0,7166.0,23.3,18.0,1.0,0.0,1.0,0.0,717.0,8.0,0.2777777777777778,0.5555555555555556,130.0,0.0,0.0,-1.0,0
25000.0,60.0,16.99,621.18,17.0,10.0,0.0,115000.0,1.0,0.0,15.06,7.0,1.0,952.0,8.7,18.0,1.0,0.0,0.0,1.0,737.0,8.0,0.217391304347826,0.3888888888888889,184.0,0.0054347826086956,0.0054347826086956,1.0,1
21075.0,36.0,16.99,751.28,17.0,10.0,1.0,74400.0,2.0,0.0,15.13,12.0,0.0,37.0,0.4,33.0,1.0,0.0,2.0,0.0,707.0,8.0,0.283266129032258,0.3636363636363636,256.0,0.0,0.0,-1.0,1
19979.373046875,36.0,13.33,676.371025390625,12.0,4.0,1.0,1127065.75,2.0,0.0,84.62419128417969,14.0,0.0,60062.0625,71.3125,15.0,1.0,0.0,4.0,0.0,667.0,8.0,0.017726898193359375,0.9333333174387614,120.0,0.0,0.0,-1.0,1
20000.0,36.0,12.69,670.9,11.0,7.0,1.0,170000.0,1.0,0.0,11.82,13.0,1.0,19896.0,72.6,37.0,1.0,0.0,2.0,1.0,667.0,8.0,0.1176470588235294,0.3513513513513513,158.0,0.0063291139240506,0.0063291139240506,1.0,0
18000.0,60.0,20.99,486.86,24.0,3.0,2.0,80000.0,1.0,0.0,22.86,15.0,0.0,11529.0,39.3,24.0,0.0,0.0,2.0,0.0,692.0,8.0,0.225,0.625,108.0,0.0,0.0,-1.0,0
7000.0,36.0,12.29,233.48,10.0,0.0,0.0,98000.0,1.0,2.0,35.52,26.0,0.0,32648.0,34.2,41.0,1.0,0.0,4.0,0.0,697.0,8.0,0.0714285714285714,0.6341463414634146,350.0,0.0,0.0,-1.0,0
10000.0,60.0,13.99,232.64,13.0,5.0,1.0,50000.0,0.0,5.0,23.52,9.0,0.0,5567.0,35.7,12.0,1.0,0.0,0.0,0.0,727.0,8.0,0.2,0.75,52.0,0.0,0.0,-1.0,0
20000.0,36.0,6.89,616.54,2.0,1.0,0.0,100000.0,0.0,4.0,11.5,12.0,1.0,17921.0,33.7,25.0,1.0,0.0,1.0,0.0,732.0,8.0,0.2,0.48,141.0,0.0070921985815602,0.0,0.0,0
21000.0,36.0,13.99,717.63,13.0,0.0,1.0,120000.0,2.0,0.0,18.25,16.0,0.0,50611.0,49.2,39.0,1.0,0.0,4.0,0.0,677.0,8.0,0.175,0.4102564102564102,152.0,0.0,0.0,-1.0,0
12000.0,60.0,17.86,303.81,19.0,6.0,1.0,85000.0,1.0,4.0,12.64,9.0,0.0,9393.0,48.2,17.0,0.0,0.0,2.0,0.0,672.0,8.0,0.1411764705882353,0.5294117647058824,153.0,0.0,0.0,-1.0,1
4650.0,36.0,15.61,162.59,15.0,10.0,1.0,54000.0,1.0,4.0,12.49,6.0,0.0,5301.0,66.3,22.0,0.0,0.0,2.0,0.0,697.0,8.0,0.0861111111111111,0.2727272727272727,161.0,0.0,0.0,-1.0,0
6300.0,36.0,12.69,211.34,11.0,5.0,1.0,55000.0,1.0,0.0,16.56,4.0,0.0,4788.0,90.3,5.0,0.0,0.0,0.0,0.0,667.0,8.0,0.1145454545454545,0.8,70.0,0.0,0.0,-1.0,0
22000.0,60.0,16.99,546.64,17.0,3.0,1.0,50000.0,0.0,0.0,25.37,9.0,0.0,19703.0,61.0,15.0,1.0,0.0,1.0,0.0,687.0,8.0,0.44,0.6,195.0,0.0,0.0,-1.0,1
11000.0,36.0,12.69,369.0,11.0,5.0,1.0,48000.0,2.0,0.0,8.1,9.0,0.0,10309.0,30.3,12.0,0.0,0.0,0.0,0.0,662.0,8.0,0.2291666666666666,0.75,55.0,0.0,0.0,-1.0,0
17000.0,60.0,16.55,418.4,16.0,10.0,0.0,88000.0,2.0,0.0,7.27,7.0,1.0,4910.0,56.0,12.0,1.0,0.0,1.0,1.0,667.0,8.0,0.1931818181818181,0.5833333333333334,253.0,0.0039525691699604,0.0039525691699604,1.0,1
21000.0,60.0,22.99,591.88,26.0,2.0,0.0,93200.0,1.0,0.0,22.12,25.0,0.0,16335.0,56.9,78.0,1.0,0.0,11.0,0.0,702.0,8.0,0.2253218884120171,0.3205128205128205,168.0,0.0,0.0,-1.0,0
18000.0,36.0,8.18,565.56,5.0,1.0,0.0,60000.0,2.0,4.0,16.22,7.0,0.0,5370.0,30.9,30.0,1.0,0.0,0.0,0.0,702.0,8.0,0.3,0.2333333333333333,194.0,0.0,0.0,-1.0,0
24000.0,36.0,13.33,812.48,12.0,3.0,1.0,72000.0,2.0,0.0,20.4,12.0,0.0,8432.0,45.8,32.0,1.0,0.0,3.0,0.0,682.0,8.0,0.3333333333333333,0.375,225.0,0.0,0.0,-1.0,0
16000.0,36.0,7.89,500.58,4.0,10.0,0.0,58000.0,1.0,4.0,22.37,10.0,0.0,19372.0,73.7,16.0,0.0,0.0,1.0,0.0,692.0,8.0,0.2758620689655172,0.625,204.0,0.0,0.0,-1.0,0
4846.603515625,36.0,11.53,159.88424926757813,9.0,3.0,1.0,799622.4375,1.0,0.0,102.57725280761719,5.0,0.0,322905.40625,15.96922149658203,14.0,1.0,0.0,15.0,0.0,707.0,8.0,0.006061113973458571,0.3571428391668532,202.0,0.0,0.0,-1.0,0
8000.0,36.0,7.89,250.29,4.0,2.0,0.0,35000.0,1.0,4.0,17.87,3.0,1.0,4639.0,74.8,10.0,0.0,0.0,0.0,1.0,682.0,8.0,0.2285714285714285,0.3,143.0,0.0069930069930069,0.0069930069930069,1.0,0
12000.0,60.0,16.99,298.17,17.0,10.0,0.0,56000.0,1.0,4.0,34.23,24.0,0.0,42024.0,67.7,54.0,0.0,0.0,3.0,0.0,662.0,8.0,0.2142857142857142,0.4444444444444444,295.0,0.0,0.0,-1.0,0
5000.0,36.0,16.55,177.15,16.0,5.0,1.0,29000.0,2.0,0.0,39.74,8.0,0.0,13292.0,82.0,19.0,1.0,0.0,0.0,0.0,707.0,8.0,0.1724137931034483,0.4210526315789473,203.0,0.0,0.0,-1.0,0
3675.0,36.0,16.55,130.21,16.0,8.0,0.0,56000.0,2.0,0.0,35.73,13.0,1.0,27059.0,68.0,21.0,0.0,0.0,2.0,1.0,682.0,8.0,0.065625,0.6190476190476191,373.0,0.002680965147453,0.002680965147453,1.0,0
10000.0,36.0,9.99,322.63,7.0,10.0,1.0,55000.0,1.0,0.0,16.87,11.0,1.0,6392.0,51.5,47.0,0.0,0.0,3.0,1.0,677.0,8.0,0.1818181818181818,0.2340425531914893,258.0,0.003875968992248,0.003875968992248,1.0,0
16000.0,36.0,17.57,575.0,18.0,10.0,0.0,350000.0,1.0,5.0,5.88,18.0,0.0,13729.0,54.3,42.0,0.0,0.0,1.0,0.0,682.0,8.0,0.0457142857142857,0.4285714285714285,169.0,0.0,0.0,-1.0,0
16000.0,36.0,6.89,493.23,2.0,1.0,1.0,42000.0,1.0,4.0,12.31,16.0,0.0,18130.0,42.6,33.0,0.0,0.0,0.0,0.0,702.0,8.0,0.3809523809523809,0.4848484848484848,163.0,0.0,0.0,-1.0,0
24000.0,36.0,5.32,722.76,0.0,5.0,0.0,200000.0,1.0,0.0,29.68,18.0,0.0,90104.0,66.0,51.0,0.0,0.0,5.0,0.0,717.0,8.0,0.12,0.3529411764705882,395.0,0.0,0.0,-1.0,0
11200.0,36.0,9.17,357.05,6.0,10.0,1.0,72110.0,1.0,0.0,10.55,4.0,0.0,7834.0,54.8,14.0,0.0,0.0,5.0,0.0,672.0,8.0,0.1553182637636943,0.2857142857142857,142.0,0.0,0.0,-1.0,0
13275.0,60.0,19.19,345.76,22.0,6.0,1.0,42000.0,2.0,0.0,24.09,24.0,0.0,16866.0,78.1,30.0,1.0,0.0,0.0,0.0,662.0,8.0,0.3160714285714285,0.8,224.0,0.0,0.0,-1.0,1
24000.0,36.0,7.26,743.91,3.0,2.0,1.0,155500.0,0.0,4.0,12.42,10.0,0.0,24721.0,45.5,33.0,0.0,0.0,1.0,0.0,712.0,8.0,0.1543408360128617,0.303030303030303,254.0,0.0,0.0,-1.0,0
14700.0,36.0,10.99,481.19,8.0,4.0,1.0,42500.0,0.0,0.0,14.52,7.0,0.0,15683.0,61.0,14.0,0.0,0.0,0.0,0.0,677.0,8.0,0.3458823529411765,0.5,132.0,0.0,0.0,-1.0,0
14000.0,36.0,10.99,458.28,8.0,10.0,0.0,57600.0,1.0,4.0,35.71,10.0,0.0,7952.0,47.9,39.0,0.0,0.0,0.0,0.0,677.0,8.0,0.2430555555555555,0.2564102564102564,192.0,0.0,0.0,-1.0,0
9000.0,36.0,12.29,300.18,10.0,0.0,0.0,54000.0,1.0,4.0,16.14,7.0,0.0,1667.0,0.0,27.0,0.0,0.0,0.0,0.0,692.0,8.0,0.1666666666666666,0.2592592592592592,244.0,0.0,0.0,-1.0,0
8000.0,36.0,10.99,261.88,8.0,10.0,0.0,69000.0,1.0,0.0,10.66,13.0,0.0,5345.0,50.3,28.0,0.0,0.0,6.0,0.0,687.0,8.0,0.1159420289855072,0.4642857142857143,335.0,0.0,0.0,-1.0,0
16800.0,36.0,12.29,560.34,10.0,4.0,1.0,53000.0,2.0,0.0,25.61,11.0,2.0,14979.0,68.7,18.0,0.0,0.0,0.0,0.0,672.0,8.0,0.3169811320754717,0.6111111111111112,202.0,0.0099009900990099,0.0,0.0,1
4500.0,36.0,14.65,155.23,14.0,10.0,1.0,61000.0,1.0,5.0,11.55,6.0,0.0,1347.0,12.7,20.0,0.0,0.0,0.0,0.0,672.0,8.0,0.0737704918032786,0.3,226.0,0.0,0.0,-1.0,0
8000.0,36.0,13.99,273.39,13.0,7.0,2.0,25000.0,1.0,0.0,35.86,4.0,0.0,3667.0,48.2,9.0,0.0,0.0,0.0,0.0,672.0,8.0,0.32,0.4444444444444444,94.0,0.0,0.0,-1.0,0
16000.0,60.0,18.25,408.48,20.0,4.0,0.0,49000.0,1.0,0.0,25.59,24.0,0.0,25260.0,65.3,37.0,0.0,0.0,1.0,0.0,667.0,8.0,0.3265306122448979,0.6486486486486487,205.0,0.0,0.0,-1.0,1
1875.0,36.0,14.65,64.68,14.0,10.0,2.0,26000.0,1.0,0.0,10.85,8.0,1.0,7041.0,27.1,13.0,0.0,0.0,0.0,1.0,707.0,8.0,0.0721153846153846,0.6153846153846154,367.0,0.0027247956403269,0.0027247956403269,1.0,0
28000.0,36.0,9.99,903.35,7.0,10.0,0.0,220000.0,1.0,4.0,7.86,16.0,0.0,35068.0,45.2,32.0,1.0,0.0,9.0,0.0,692.0,8.0,0.1272727272727272,0.5,217.0,0.0,0.0,-1.0,0
21000.0,36.0,9.99,677.52,7.0,0.0,0.0,125000.0,1.0,0.0,19.24,13.0,0.0,32233.0,69.1,26.0,0.0,0.0,0.0,0.0,682.0,8.0,0.168,0.5,123.0,0.0,0.0,-1.0,0
7800.0,36.0,8.18,245.08,5.0,6.0,0.0,88000.0,1.0,0.0,24.03,10.0,0.0,12846.0,56.3,28.0,0.0,0.0,0.0,0.0,672.0,8.0,0.0886363636363636,0.3571428571428571,144.0,0.0,0.0,-1.0,0
4000.0,36.0,13.33,135.42,12.0,2.0,1.0,20000.0,2.0,4.0,39.44,10.0,0.0,7212.0,33.1,11.0,1.0,0.0,0.0,0.0,712.0,8.0,0.2,0.9090909090909092,127.0,0.0,0.0,-1.0,0
17625.0,60.0,15.61,424.97,15.0,10.0,0.0,120000.0,0.0,0.0,9.4,10.0,1.0,5295.0,72.5,26.0,1.0,0.0,5.0,1.0,662.0,8.0,0.146875,0.3846153846153846,472.0,0.0021186440677966,0.0021186440677966,1.0,0
10000.0,36.0,7.89,312.86,4.0,5.0,1.0,51000.0,1.0,8.0,13.56,11.0,0.0,5268.0,21.3,13.0,0.0,0.0,0.0,0.0,697.0,8.0,0.196078431372549,0.8461538461538461,43.0,0.0,0.0,-1.0,0
18000.0,60.0,10.99,391.28,8.0,5.0,0.0,52818.0,0.0,0.0,18.57,9.0,0.0,6078.0,41.3,32.0,0.0,0.0,2.0,0.0,742.0,8.0,0.3407929115074406,0.28125,169.0,0.0,0.0,-1.0,1
7500.0,36.0,8.18,235.65,5.0,2.0,0.0,98000.0,0.0,2.0,14.84,19.0,0.0,0.0,0.0,37.0,1.0,0.0,1.0,0.0,667.0,8.0,0.0765306122448979,0.5135135135135135,187.0,0.0,0.0,-1.0,0
7118.57470703125,36.0,12.29,237.429423828125,10.0,10.0,0.0,2471841.25,1.0,1.0,205.72415710449218,14.0,0.0,929058.1875,3.371195220947264,24.0,0.0,0.0,5.0,0.0,702.0,8.0,0.0028798687571321077,0.583333318050091,209.0,0.0,0.0,-1.0,0
18000.0,60.0,15.61,434.01,15.0,8.0,0.0,70000.0,1.0,4.0,20.2,13.0,0.0,27169.0,74.8,21.0,0.0,0.0,2.0,0.0,662.0,8.0,0.2571428571428571,0.6190476190476191,162.0,0.0,0.0,-1.0,1
26375.0,60.0,15.61,635.94,15.0,10.0,0.0,185000.0,2.0,0.0,15.39,14.0,0.0,11678.0,51.4,37.0,1.0,0.0,3.0,0.0,707.0,8.0,0.1425675675675675,0.3783783783783784,165.0,0.0,0.0,-1.0,1
6000.0,36.0,13.33,203.12,12.0,5.0,1.0,16500.0,1.0,0.0,6.84,4.0,1.0,1825.0,20.7,40.0,1.0,0.0,0.0,1.0,662.0,8.0,0.3636363636363636,0.1,251.0,0.0039840637450199,0.0039840637450199,1.0,0
20000.0,60.0,12.69,451.9,11.0,1.0,0.0,60000.0,0.0,0.0,5.38,4.0,0.0,12527.0,67.0,18.0,0.0,0.0,3.0,0.0,677.0,8.0,0.3333333333333333,0.2222222222222222,152.0,0.0,0.0,-1.0,0
6000.0,36.0,9.17,191.28,6.0,10.0,1.0,34000.0,1.0,4.0,13.38,2.0,0.0,13465.0,96.2,7.0,0.0,0.0,0.0,0.0,702.0,8.0,0.1764705882352941,0.2857142857142857,177.0,0.0,0.0,-1.0,0
5000.0,36.0,10.99,163.67,8.0,0.0,1.0,24400.0,2.0,0.0,19.38,6.0,0.0,4032.0,54.5,8.0,1.0,0.0,0.0,0.0,682.0,8.0,0.2049180327868852,0.75,45.0,0.0,0.0,-1.0,0
17000.0,60.0,12.29,380.66,10.0,10.0,0.0,293300.0,1.0,0.0,19.02,19.0,0.0,44608.0,86.6,40.0,0.0,0.0,2.0,0.0,672.0,8.0,0.0579611319468121,0.475,257.0,0.0,0.0,-1.0,0
30000.0,36.0,16.99,1069.44,17.0,10.0,0.0,104000.0,2.0,0.0,19.57,10.0,0.0,15716.0,66.0,27.0,0.0,0.0,5.0,0.0,677.0,8.0,0.2884615384615384,0.3703703703703703,143.0,0.0,0.0,-1.0,0
15000.0,36.0,14.65,517.42,14.0,3.0,2.0,65000.0,1.0,0.0,13.72,15.0,0.0,23084.0,29.0,23.0,0.0,0.0,0.0,0.0,707.0,8.0,0.2307692307692307,0.6521739130434783,183.0,0.0,0.0,-1.0,1
28000.0,36.0,5.32,843.22,0.0,10.0,0.0,95000.0,0.0,4.0,15.9,10.0,0.0,84415.0,52.3,27.0,0.0,0.0,6.0,0.0,772.0,8.0,0.2947368421052631,0.3703703703703703,454.0,0.0,0.0,-1.0,0
20000.0,60.0,12.29,447.83,10.0,10.0,0.0,80000.0,1.0,0.0,25.08,11.0,0.0,3595.0,14.6,31.0,0.0,0.0,3.0,0.0,717.0,8.0,0.25,0.3548387096774194,182.0,0.0,0.0,-1.0,0
6125.0,36.0,14.65,211.28,14.0,10.0,2.0,82000.0,2.0,0.0,12.45,14.0,1.0,9645.0,46.6,28.0,1.0,0.0,1.0,1.0,697.0,8.0,0.0746951219512195,0.5,221.0,0.004524886877828,0.004524886877828,1.0,0
10400.0,36.0,6.89,320.6,2.0,0.0,1.0,117000.0,0.0,0.0,16.38,12.0,0.0,16279.0,31.9,21.0,0.0,0.0,0.0,0.0,757.0,8.0,0.0888888888888888,0.5714285714285714,118.0,0.0,0.0,-1.0,0
12000.0,36.0,12.29,400.24,10.0,10.0,1.0,150000.0,1.0,5.0,13.56,17.0,0.0,38564.0,67.1,27.0,1.0,0.0,0.0,0.0,672.0,8.0,0.08,0.6296296296296297,129.0,0.0,0.0,-1.0,1
12000.0,60.0,13.33,275.07,12.0,10.0,1.0,55000.0,0.0,0.0,31.88,7.0,1.0,907.0,19.3,27.0,0.0,0.0,2.0,1.0,677.0,8.0,0.2181818181818181,0.2592592592592592,188.0,0.0053191489361702,0.0053191489361702,1.0,1
12000.0,60.0,14.65,283.28,14.0,3.0,0.0,84000.0,1.0,0.0,21.44,13.0,1.0,7179.0,75.6,35.0,0.0,0.0,3.0,1.0,692.0,8.0,0.1428571428571428,0.3714285714285714,147.0,0.0068027210884353,0.0068027210884353,1.0,0
14000.0,60.0,9.99,297.39,7.0,10.0,0.0,61000.0,0.0,4.0,16.49,16.0,0.0,29693.0,71.7,26.0,0.0,0.0,4.0,0.0,682.0,8.0,0.2295081967213114,0.6153846153846154,275.0,0.0,0.0,-1.0,0
16800.0,36.0,11.53,554.24,9.0,10.0,0.0,115000.0,1.0,0.0,10.09,16.0,0.0,37329.0,76.8,36.0,1.0,0.0,1.0,0.0,662.0,9.0,0.1460869565217391,0.4444444444444444,559.0,0.0,0.0,-1.0,0
19800.0,36.0,19.19,727.7,22.0,0.0,1.0,55000.0,1.0,0.0,16.84,7.0,1.0,6186.0,55.2,12.0,0.0,0.0,0.0,1.0,677.0,9.0,0.36,0.5833333333333334,109.0,0.0091743119266055,0.0091743119266055,1.0,1
4500.0,36.0,10.99,147.31,8.0,2.0,1.0,54000.0,1.0,4.0,8.84,6.0,0.0,8692.0,83.6,11.0,0.0,0.0,1.0,0.0,662.0,9.0,0.0833333333333333,0.5454545454545454,232.0,0.0,0.0,-1.0,0
18000.0,36.0,12.69,603.81,11.0,3.0,1.0,60000.0,1.0,0.0,32.36,9.0,1.0,1085.0,7.8,15.0,1.0,0.0,0.0,1.0,702.0,9.0,0.3,0.6,133.0,0.0075187969924812,0.0075187969924812,1.0,0
26000.0,60.0,19.99,688.7,23.0,2.0,0.0,52000.0,1.0,0.0,14.47,6.0,1.0,25745.0,73.6,14.0,0.0,0.0,2.0,0.0,692.0,9.0,0.5,0.4285714285714285,263.0,0.0038022813688212,0.0,0.0,1
6000.0,36.0,5.32,180.69,0.0,6.0,0.0,85000.0,0.0,3.0,12.2,8.0,0.0,21696.0,68.0,17.0,0.0,0.0,1.0,0.0,732.0,9.0,0.0705882352941176,0.4705882352941176,162.0,0.0,0.0,-1.0,0
20000.0,36.0,13.99,683.46,13.0,10.0,0.0,99000.0,1.0,0.0,14.56,33.0,0.0,27794.0,55.5,55.0,1.0,0.0,3.0,0.0,662.0,9.0,0.202020202020202,0.6,129.0,0.0,0.0,-1.0,1
20000.0,60.0,15.61,482.23,15.0,4.0,1.0,65000.0,1.0,0.0,13.72,9.0,6.0,1823.0,10.1,29.0,0.0,0.0,0.0,1.0,667.0,9.0,0.3076923076923077,0.3103448275862069,233.0,0.0257510729613733,0.0042918454935622,0.1666666666666666,1
20000.0,36.0,12.29,667.06,10.0,10.0,0.0,72000.0,1.0,3.0,17.83,6.0,0.0,41.0,0.5,17.0,1.0,0.0,1.0,0.0,722.0,9.0,0.2777777777777778,0.3529411764705882,201.0,0.0,0.0,-1.0,0
15000.0,36.0,8.18,471.3,5.0,4.0,0.0,78000.0,0.0,4.0,13.29,11.0,0.0,11622.0,23.2,16.0,0.0,0.0,0.0,0.0,727.0,9.0,0.1923076923076923,0.6875,110.0,0.0,0.0,-1.0,0
14550.0,60.0,18.55,373.85,21.0,8.0,2.0,58600.0,1.0,4.0,9.3,9.0,0.0,18237.0,74.4,16.0,0.0,0.0,1.0,0.0,702.0,9.0,0.2482935153583617,0.5625,212.0,0.0,0.0,-1.0,0
24000.0,60.0,12.69,542.28,11.0,10.0,0.0,136000.0,2.0,4.0,25.09,19.0,0.0,21623.0,40.4,58.0,0.0,0.0,10.0,0.0,697.0,9.0,0.1764705882352941,0.3275862068965517,270.0,0.0,0.0,-1.0,1
5725.0,36.0,10.99,187.41,8.0,7.0,1.0,25000.0,1.0,0.0,9.65,7.0,0.0,5630.0,21.1,10.0,0.0,0.0,0.0,0.0,662.0,9.0,0.229,0.7,77.0,0.0,0.0,-1.0,0
20000.0,36.0,10.99,654.68,8.0,1.0,0.0,50000.0,1.0,4.0,12.51,6.0,0.0,21316.0,44.4,9.0,0.0,0.0,2.0,0.0,697.0,9.0,0.4,0.6666666666666666,254.0,0.0,0.0,-1.0,0
6000.0,36.0,12.29,200.12,10.0,2.0,2.0,55000.0,0.0,4.0,32.73,16.0,0.0,13191.0,70.9,25.0,0.0,0.0,0.0,0.0,667.0,9.0,0.109090909090909,0.64,129.0,0.0,0.0,-1.0,0
16000.0,60.0,12.29,358.27,10.0,3.0,1.0,68000.0,0.0,0.0,11.14,10.0,1.0,6147.0,34.1,42.0,0.0,0.0,0.0,1.0,672.0,9.0,0.2352941176470588,0.238095238095238,154.0,0.0064935064935064,0.0064935064935064,1.0,0
5000.0,36.0,8.18,157.1,5.0,9.0,1.0,90000.0,0.0,0.0,26.47,10.0,0.0,12581.0,88.0,35.0,0.0,0.0,0.0,0.0,707.0,9.0,0.0555555555555555,0.2857142857142857,297.0,0.0,0.0,-1.0,0
7000.0,36.0,9.99,225.84,7.0,8.0,2.0,300000.0,2.0,4.0,30.67,19.0,0.0,61312.0,68.1,48.0,0.0,0.0,6.0,0.0,692.0,9.0,0.0233333333333333,0.3958333333333333,341.0,0.0,0.0,-1.0,0
14500.0,36.0,10.99,474.65,8.0,10.0,0.0,103000.0,0.0,4.0,13.82,12.0,0.0,23081.0,72.0,18.0,1.0,0.0,1.0,0.0,682.0,9.0,0.1407766990291262,0.6666666666666666,176.0,0.0,0.0,-1.0,0
14000.0,36.0,12.69,469.63,11.0,9.0,0.0,40000.0,0.0,0.0,17.07,5.0,0.0,5848.0,90.0,15.0,1.0,0.0,1.0,0.0,667.0,9.0,0.35,0.3333333333333333,172.0,0.0,0.0,-1.0,1
12000.0,60.0,16.55,295.34,16.0,10.0,0.0,69000.0,2.0,0.0,8.57,10.0,0.0,4710.0,36.2,22.0,0.0,0.0,1.0,0.0,682.0,9.0,0.1739130434782608,0.4545454545454545,154.0,0.0,0.0,-1.0,0
20000.0,36.0,16.55,708.59,16.0,10.0,0.0,64200.0,2.0,0.0,11.33,20.0,0.0,18456.0,73.5,38.0,0.0,0.0,1.0,0.0,672.0,9.0,0.3115264797507788,0.5263157894736842,372.0,0.0,0.0,-1.0,0
18000.0,36.0,13.99,615.11,13.0,2.0,0.0,110000.0,1.0,4.0,12.22,10.0,1.0,8243.0,66.0,25.0,0.0,0.0,0.0,1.0,667.0,9.0,0.1636363636363636,0.4,104.0,0.0096153846153846,0.0096153846153846,1.0,0
15000.0,36.0,6.24,457.97,1.0,10.0,0.0,80000.0,1.0,4.0,16.71,12.0,0.0,25994.0,67.7,16.0,0.0,0.0,2.0,0.0,692.0,9.0,0.1875,0.75,199.0,0.0,0.0,-1.0,0
8000.0,36.0,12.29,266.83,10.0,3.0,1.0,66000.0,2.0,0.0,9.45,3.0,0.0,4029.0,82.2,4.0,0.0,0.0,0.0,0.0,692.0,9.0,0.1212121212121212,0.75,40.0,0.0,0.0,-1.0,0
8400.0,36.0,11.53,277.12,9.0,9.0,1.0,25000.0,1.0,5.0,35.86,12.0,0.0,12848.0,50.8,23.0,1.0,0.0,0.0,0.0,662.0,9.0,0.336,0.5217391304347826,108.0,0.0,0.0,-1.0,0
10000.0,36.0,9.99,322.63,7.0,7.0,0.0,150000.0,1.0,5.0,11.55,11.0,0.0,17824.0,75.8,23.0,0.0,0.0,0.0,0.0,667.0,9.0,0.0666666666666666,0.4782608695652174,209.0,0.0,0.0,-1.0,0
25000.0,36.0,6.89,770.68,2.0,1.0,2.0,225000.0,1.0,0.0,6.57,6.0,0.0,34167.0,40.6,19.0,0.0,0.0,0.0,0.0,702.0,9.0,0.1111111111111111,0.3157894736842105,198.0,0.0,0.0,-1.0,0
12275.0,60.0,14.65,289.78,14.0,0.0,0.0,50000.0,2.0,4.0,21.89,11.0,0.0,12292.0,52.0,21.0,0.0,0.0,1.0,0.0,667.0,9.0,0.2455,0.5238095238095238,189.0,0.0,0.0,-1.0,0
22250.0,60.0,13.99,517.61,13.0,1.0,1.0,74000.0,1.0,0.0,22.09,17.0,0.0,18963.0,92.5,32.0,0.0,0.0,0.0,0.0,707.0,9.0,0.3006756756756756,0.53125,144.0,0.0,0.0,-1.0,0
10000.0,36.0,11.53,329.91,9.0,0.0,1.0,45000.0,2.0,4.0,23.68,8.0,0.0,9701.0,87.4,27.0,1.0,0.0,0.0,0.0,662.0,9.0,0.2222222222222222,0.2962962962962963,150.0,0.0,0.0,-1.0,0
10850.0,36.0,7.89,339.45,4.0,5.0,0.0,67000.0,2.0,4.0,22.21,7.0,0.0,7670.0,55.6,14.0,1.0,0.0,2.0,0.0,697.0,9.0,0.1619402985074627,0.5,148.0,0.0,0.0,-1.0,0
24000.0,36.0,7.26,743.91,3.0,2.0,0.0,77000.0,0.0,4.0,11.56,6.0,0.0,37382.0,51.4,11.0,1.0,0.0,2.0,0.0,717.0,9.0,0.3116883116883117,0.5454545454545454,360.0,0.0,0.0,-1.0,0
25000.0,60.0,13.33,573.06,12.0,10.0,0.0,109600.0,1.0,4.0,9.54,13.0,1.0,117118.0,88.0,25.0,0.0,0.0,3.0,0.0,662.0,9.0,0.2281021897810219,0.52,511.0,0.0019569471624266,0.0,0.0,0
2975.0,36.0,12.29,99.23,10.0,8.0,1.0,42000.0,1.0,4.0,9.86,5.0,0.0,1177.0,31.0,13.0,0.0,0.0,0.0,0.0,677.0,9.0,0.0708333333333333,0.3846153846153846,379.0,0.0,0.0,-1.0,0
8500.0,36.0,13.99,290.47,13.0,7.0,1.0,58856.0,1.0,0.0,6.81,7.0,0.0,9454.0,77.6,19.0,0.0,0.0,1.0,0.0,677.0,9.0,0.144420280005437,0.3684210526315789,123.0,0.0,0.0,-1.0,0
11200.0,36.0,6.89,345.27,2.0,8.0,0.0,75000.0,0.0,2.0,24.46,16.0,0.0,1742.0,4.0,32.0,0.0,0.0,3.0,0.0,762.0,9.0,0.1493333333333333,0.5,155.0,0.0,0.0,-1.0,0
1000.0,36.0,13.33,33.86,12.0,10.0,1.0,33800.0,1.0,9.0,12.75,14.0,0.0,8286.0,87.2,20.0,0.0,0.0,0.0,0.0,682.0,9.0,0.029585798816568,0.7,183.0,0.0,0.0,-1.0,0
25000.0,60.0,8.18,509.07,5.0,5.0,1.0,85000.0,0.0,3.0,7.93,10.0,0.0,11953.0,16.6,26.0,1.0,0.0,3.0,0.0,802.0,9.0,0.2941176470588235,0.3846153846153846,441.0,0.0,0.0,-1.0,0
7000.0,36.0,6.24,213.72,1.0,9.0,0.0,75000.0,1.0,8.0,29.72,20.0,0.0,7464.0,9.9,39.0,0.0,0.0,0.0,0.0,682.0,9.0,0.0933333333333333,0.5128205128205128,205.0,0.0,0.0,-1.0,0
2500.0,36.0,17.57,89.85,18.0,8.0,0.0,120000.0,2.0,9.0,19.34,15.0,1.0,7072.0,31.0,56.0,0.0,0.0,7.0,1.0,667.0,9.0,0.0208333333333333,0.2678571428571428,252.0,0.0039682539682539,0.0039682539682539,1.0,0
8400.0,36.0,7.89,262.8,4.0,10.0,0.0,60000.0,0.0,4.0,26.56,23.0,0.0,15773.0,27.9,47.0,0.0,0.0,4.0,0.0,727.0,9.0,0.14,0.4893617021276595,163.0,0.0,0.0,-1.0,1
8000.0,36.0,10.99,261.88,8.0,1.0,1.0,39000.0,1.0,4.0,10.68,12.0,0.0,8375.0,27.8,12.0,0.0,0.0,0.0,0.0,682.0,9.0,0.2051282051282051,1.0,182.0,0.0,0.0,-1.0,0
24000.0,60.0,13.99,558.32,13.0,0.0,0.0,130000.0,2.0,4.0,12.16,10.0,1.0,16827.0,52.3,26.0,0.0,0.0,3.0,1.0,672.0,9.0,0.1846153846153846,0.3846153846153846,249.0,0.0040160642570281,0.0040160642570281,1.0,1
10800.0,36.0,13.99,369.07,13.0,10.0,0.0,30000.0,1.0,0.0,27.04,14.0,0.0,19568.0,59.1,33.0,0.0,0.0,2.0,0.0,667.0,9.0,0.36,0.4242424242424242,211.0,0.0,0.0,-1.0,0
7500.0,36.0,24.99,298.16,28.0,8.0,1.0,25000.0,2.0,7.0,16.8,8.0,0.0,9035.0,101.5,8.0,1.0,0.0,0.0,0.0,672.0,9.0,0.3,1.0,122.0,0.0,0.0,-1.0,1
15000.0,36.0,16.99,534.72,17.0,2.0,0.0,55000.0,2.0,1.0,22.5,6.0,0.0,745.0,74.5,51.0,1.0,0.0,0.0,0.0,687.0,9.0,0.2727272727272727,0.1176470588235294,143.0,0.0,0.0,-1.0,0
15000.0,36.0,10.99,491.01,8.0,10.0,0.0,78000.0,1.0,2.0,11.23,14.0,0.0,10547.0,13.7,21.0,0.0,0.0,2.0,0.0,727.0,9.0,0.1923076923076923,0.6666666666666666,217.0,0.0,0.0,-1.0,0
15000.0,36.0,9.99,483.94,7.0,3.0,2.0,70000.0,1.0,4.0,15.31,10.0,0.0,13899.0,80.3,23.0,0.0,0.0,4.0,0.0,682.0,9.0,0.2142857142857142,0.4347826086956521,211.0,0.0,0.0,-1.0,0
16000.0,36.0,13.33,541.65,12.0,8.0,1.0,69000.0,1.0,0.0,3.44,5.0,0.0,3876.0,30.3,13.0,0.0,0.0,0.0,0.0,757.0,9.0,0.2318840579710145,0.3846153846153846,140.0,0.0,0.0,-1.0,0
26000.0,36.0,5.32,782.99,0.0,8.0,1.0,72000.0,0.0,4.0,17.12,7.0,0.0,20963.0,39.3,15.0,0.0,0.0,0.0,0.0,767.0,9.0,0.3611111111111111,0.4666666666666667,266.0,0.0,0.0,-1.0,0
25000.0,36.0,5.32,752.87,0.0,4.0,0.0,72000.0,0.0,0.0,17.38,20.0,0.0,24135.0,34.1,35.0,0.0,0.0,1.0,0.0,762.0,9.0,0.3472222222222222,0.5714285714285714,160.0,0.0,0.0,-1.0,0
9000.0,36.0,13.99,307.56,13.0,7.0,1.0,90000.0,2.0,0.0,28.51,15.0,1.0,13686.0,52.8,21.0,0.0,0.0,0.0,0.0,682.0,9.0,0.1,0.7142857142857143,123.0,0.008130081300813,0.0,0.0,0
7000.0,36.0,9.17,223.16,6.0,10.0,2.0,76674.0,2.0,2.0,25.18,15.0,0.0,15794.0,65.0,45.0,0.0,0.0,2.0,0.0,682.0,9.0,0.0912956152020241,0.3333333333333333,295.0,0.0,0.0,-1.0,0
10000.0,36.0,5.32,301.15,0.0,2.0,2.0,80000.0,0.0,4.0,17.4,11.0,0.0,13522.0,17.8,14.0,0.0,0.0,0.0,0.0,792.0,9.0,0.125,0.7857142857142857,311.0,0.0,0.0,-1.0,0
11000.0,36.0,11.53,362.9,9.0,10.0,2.0,65000.0,1.0,4.0,13.33,6.0,0.0,8855.0,88.5,11.0,0.0,0.0,2.0,0.0,677.0,9.0,0.1692307692307692,0.5454545454545454,226.0,0.0,0.0,-1.0,0
20000.0,36.0,9.17,637.58,6.0,10.0,2.0,75000.0,2.0,0.0,12.64,16.0,0.0,7040.0,30.6,60.0,0.0,0.0,0.0,0.0,662.0,9.0,0.2666666666666666,0.2666666666666666,234.0,0.0,0.0,-1.0,0
35000.0,60.0,16.99,869.66,17.0,0.0,2.0,95000.0,1.0,4.0,38.73,39.0,0.0,89112.0,73.2,54.0,0.0,0.0,0.0,0.0,662.0,9.0,0.3684210526315789,0.7222222222222222,125.0,0.0,0.0,-1.0,1
8000.0,36.0,12.69,268.36,11.0,10.0,1.0,55000.0,2.0,0.0,21.17,8.0,0.0,9363.0,66.9,12.0,0.0,0.0,0.0,0.0,662.0,9.0,0.1454545454545454,0.6666666666666666,124.0,0.0,0.0,-1.0,0
18500.0,36.0,15.61,646.85,15.0,8.0,0.0,150000.0,1.0,0.0,25.66,19.0,0.0,9586.0,51.0,29.0,0.0,0.0,3.0,0.0,677.0,9.0,0.1233333333333333,0.6551724137931034,222.0,0.0,0.0,-1.0,0
28000.0,36.0,6.89,863.16,2.0,10.0,0.0,128000.0,2.0,0.0,15.84,15.0,0.0,31340.0,31.0,37.0,0.0,0.0,5.0,0.0,717.0,9.0,0.21875,0.4054054054054054,174.0,0.0,0.0,-1.0,0
9000.0,36.0,9.17,286.92,6.0,8.0,1.0,80000.0,1.0,0.0,6.95,15.0,1.0,8621.0,45.1,31.0,1.0,0.0,0.0,1.0,667.0,9.0,0.1125,0.4838709677419355,184.0,0.0054347826086956,0.0054347826086956,1.0,0
20000.0,60.0,17.57,503.21,18.0,5.0,0.0,90000.0,0.0,0.0,17.83,12.0,0.0,18259.0,89.9,19.0,0.0,0.0,1.0,0.0,687.0,9.0,0.2222222222222222,0.631578947368421,170.0,0.0,0.0,-1.0,0
12000.0,60.0,16.99,298.17,17.0,8.0,0.0,80000.0,0.0,5.0,34.8,18.0,0.0,36682.0,89.9,38.0,0.0,0.0,2.0,0.0,682.0,9.0,0.15,0.4736842105263157,205.0,0.0,0.0,-1.0,0
12125.0,36.0,13.99,414.35,13.0,9.0,0.0,54700.0,2.0,4.0,30.14,10.0,1.0,11536.0,65.2,24.0,0.0,0.0,1.0,0.0,677.0,9.0,0.2216636197440585,0.4166666666666667,235.0,0.0042553191489361,0.0,0.0,0
5525.0,36.0,17.57,198.56,18.0,0.0,2.0,55500.0,2.0,4.0,12.37,10.0,1.0,21881.0,65.7,15.0,0.0,0.0,1.0,1.0,662.0,9.0,0.0995495495495495,0.6666666666666666,250.0,0.004,0.004,1.0,1
17500.0,60.0,12.69,395.41,11.0,10.0,1.0,80000.0,0.0,0.0,32.24,7.0,0.0,7606.0,92.8,31.0,0.0,0.0,0.0,0.0,702.0,9.0,0.21875,0.2258064516129032,180.0,0.0,0.0,-1.0,0
17625.0,36.0,13.99,602.3,13.0,10.0,1.0,42000.0,2.0,4.0,20.74,16.0,0.0,22111.0,69.8,32.0,0.0,0.0,0.0,0.0,687.0,9.0,0.4196428571428571,0.5,169.0,0.0,0.0,-1.0,0
10000.0,36.0,12.69,335.45,11.0,8.0,1.0,60000.0,1.0,0.0,12.56,8.0,1.0,9576.0,48.4,19.0,0.0,0.0,0.0,1.0,662.0,9.0,0.1666666666666666,0.4210526315789473,190.0,0.0052631578947368,0.0052631578947368,1.0,0
2500.0,36.0,12.29,83.39,10.0,10.0,0.0,65000.0,1.0,7.0,15.16,12.0,0.0,14715.0,68.4,19.0,0.0,0.0,4.0,0.0,732.0,9.0,0.0384615384615384,0.631578947368421,184.0,0.0,0.0,-1.0,0
15000.0,36.0,16.99,534.72,17.0,0.0,2.0,35000.0,2.0,4.0,12.35,5.0,0.0,11226.0,57.9,8.0,0.0,0.0,0.0,0.0,707.0,9.0,0.4285714285714285,0.625,38.0,0.0,0.0,-1.0,0
20000.0,36.0,6.89,616.54,2.0,1.0,0.0,120000.0,1.0,2.0,16.78,11.0,0.0,57847.0,86.0,34.0,0.0,0.0,7.0,0.0,692.0,9.0,0.1666666666666666,0.3235294117647059,239.0,0.0,0.0,-1.0,0
8000.0,36.0,7.89,250.29,4.0,6.0,0.0,90000.0,0.0,2.0,0.97,7.0,0.0,718.0,8.7,17.0,0.0,0.0,4.0,0.0,712.0,9.0,0.0888888888888888,0.4117647058823529,211.0,0.0,0.0,-1.0,0
6000.0,36.0,11.53,197.95,9.0,2.0,0.0,29500.0,2.0,4.0,35.84,5.0,1.0,3743.0,25.8,15.0,0.0,0.0,1.0,1.0,707.0,9.0,0.2033898305084746,0.3333333333333333,105.0,0.0095238095238095,0.0095238095238095,1.0,0
6100.0,36.0,20.99,229.79,24.0,7.0,1.0,31500.0,2.0,0.0,19.01,10.0,0.0,5464.0,47.5,12.0,0.0,0.0,0.0,0.0,662.0,9.0,0.1936507936507936,0.8333333333333334,55.0,0.0,0.0,-1.0,1
15000.0,36.0,6.24,457.97,1.0,2.0,0.0,66018.0,0.0,4.0,17.89,12.0,0.0,11446.0,46.5,12.0,0.0,0.0,1.0,0.0,737.0,9.0,0.2272107607016268,1.0,38.0,0.0,0.0,-1.0,0
28000.0,60.0,12.69,632.66,11.0,7.0,0.0,135000.0,2.0,4.0,17.04,10.0,0.0,13882.0,62.0,41.0,0.0,0.0,1.0,0.0,687.0,9.0,0.2074074074074074,0.2439024390243902,162.0,0.0,0.0,-1.0,0
12000.0,36.0,12.29,400.24,10.0,5.0,1.0,52000.0,1.0,0.0,27.03,19.0,0.0,14047.0,71.3,38.0,0.0,0.0,0.0,0.0,677.0,9.0,0.2307692307692307,0.5,161.0,0.0,0.0,-1.0,0
3000.0,36.0,7.89,93.86,4.0,10.0,0.0,100008.0,1.0,4.0,10.53,10.0,0.0,2631.0,15.2,21.0,0.0,0.0,3.0,0.0,697.0,9.0,0.0299976001919846,0.4761904761904761,191.0,0.0,0.0,-1.0,0
15500.0,36.0,8.18,487.01,5.0,0.0,1.0,63500.0,0.0,0.0,26.23,13.0,0.0,3863.0,14.0,24.0,0.0,0.0,0.0,0.0,747.0,9.0,0.2440944881889764,0.5416666666666666,165.0,0.0,0.0,-1.0,0
7200.0,36.0,9.99,232.29,7.0,10.0,0.0,48000.0,1.0,0.0,32.81,9.0,0.0,5587.0,32.7,22.0,1.0,0.0,1.0,0.0,712.0,9.0,0.15,0.4090909090909091,169.0,0.0,0.0,-1.0,0
35000.0,60.0,15.61,843.9,15.0,10.0,0.0,80000.0,1.0,0.0,16.74,14.0,0.0,51538.0,49.1,23.0,0.0,0.0,0.0,0.0,732.0,9.0,0.4375,0.6086956521739131,205.0,0.0,0.0,-1.0,0
20000.0,36.0,11.53,659.81,9.0,10.0,1.0,105000.0,2.0,0.0,23.93,29.0,0.0,35064.0,68.2,56.0,0.0,0.0,1.0,0.0,677.0,9.0,0.1904761904761904,0.5178571428571429,224.0,0.0,0.0,-1.0,0
24000.0,60.0,9.17,500.19,6.0,8.0,1.0,100000.0,1.0,0.0,4.42,19.0,1.0,3159.0,10.4,37.0,0.0,0.0,1.0,1.0,687.0,9.0,0.24,0.5135135135135135,172.0,0.005813953488372,0.005813953488372,1.0,0
11000.0,36.0,7.89,344.15,4.0,8.0,1.0,80000.0,1.0,9.0,6.66,6.0,1.0,5425.0,13.6,10.0,0.0,0.0,0.0,0.0,717.0,9.0,0.1375,0.6,270.0,0.0037037037037037,0.0,0.0,0
10000.0,36.0,5.32,301.15,0.0,10.0,1.0,72000.0,0.0,0.0,7.83,11.0,0.0,11324.0,28.2,24.0,0.0,0.0,0.0,0.0,727.0,9.0,0.1388888888888889,0.4583333333333333,297.0,0.0,0.0,-1.0,0
30000.0,36.0,12.29,1000.59,10.0,10.0,2.0,95000.0,1.0,4.0,36.19,25.0,0.0,34486.0,36.7,46.0,0.0,0.0,0.0,0.0,677.0,9.0,0.3157894736842105,0.5434782608695652,225.0,0.0,0.0,-1.0,0
15000.0,36.0,6.24,457.97,1.0,4.0,0.0,68000.0,1.0,4.0,9.23,16.0,0.0,14635.0,26.6,27.0,0.0,0.0,1.0,0.0,707.0,9.0,0.2205882352941176,0.5925925925925926,242.0,0.0,0.0,-1.0,0
15250.0,36.0,17.57,548.05,18.0,1.0,0.0,72000.0,0.0,0.0,33.01,15.0,1.0,7528.0,29.9,26.0,1.0,0.0,0.0,0.0,672.0,9.0,0.2118055555555555,0.5769230769230769,250.0,0.004,0.0,0.0,0
10000.0,36.0,12.69,335.45,11.0,1.0,1.0,91000.0,1.0,1.0,14.37,6.0,0.0,2638.0,38.8,17.0,0.0,0.0,0.0,0.0,712.0,9.0,0.1098901098901098,0.3529411764705882,192.0,0.0,0.0,-1.0,0
15400.0,60.0,13.99,358.26,13.0,10.0,0.0,67000.0,1.0,2.0,24.38,5.0,0.0,17747.0,71.0,23.0,0.0,0.0,2.0,0.0,662.0,9.0,0.2298507462686567,0.217391304347826,300.0,0.0,0.0,-1.0,0
15000.0,36.0,9.17,478.19,6.0,3.0,0.0,33150.0,2.0,0.0,17.52,8.0,0.0,6495.0,64.3,14.0,1.0,0.0,3.0,0.0,712.0,9.0,0.4524886877828054,0.5714285714285714,109.0,0.0,0.0,-1.0,0
8825.0,36.0,14.65,304.42,14.0,9.0,1.0,26000.0,2.0,5.0,32.61,11.0,0.0,11387.0,43.6,17.0,0.0,0.0,0.0,0.0,672.0,9.0,0.3394230769230769,0.6470588235294118,111.0,0.0,0.0,-1.0,0
30350.0,60.0,18.55,779.8,21.0,10.0,0.0,68000.0,2.0,0.0,7.31,5.0,0.0,12191.0,71.7,8.0,0.0,0.0,0.0,0.0,692.0,9.0,0.4463235294117647,0.625,147.0,0.0,0.0,-1.0,0
10000.0,36.0,12.29,333.53,10.0,10.0,1.0,78312.0,1.0,4.0,12.67,9.0,0.0,4015.0,56.5,19.0,1.0,0.0,2.0,0.0,667.0,9.0,0.1276943508019205,0.4736842105263157,139.0,0.0,0.0,-1.0,0
12000.0,60.0,17.86,303.81,19.0,0.0,0.0,53000.0,0.0,0.0,8.58,11.0,0.0,9017.0,41.4,26.0,0.0,0.0,3.0,0.0,677.0,9.0,0.2264150943396226,0.4230769230769231,147.0,0.0,0.0,-1.0,0
2500.0,36.0,9.17,79.7,6.0,3.0,1.0,42000.0,1.0,0.0,16.91,11.0,1.0,1796.0,16.8,23.0,0.0,0.0,0.0,1.0,692.0,9.0,0.0595238095238095,0.4782608695652174,204.0,0.0049019607843137,0.0049019607843137,1.0,0
12000.0,36.0,12.69,402.54,11.0,3.0,1.0,40000.0,1.0,0.0,3.33,6.0,0.0,4747.0,57.2,6.0,1.0,0.0,0.0,0.0,677.0,9.0,0.3,1.0,50.0,0.0,0.0,-1.0,0
24000.0,36.0,10.99,785.62,8.0,2.0,2.0,70000.0,2.0,0.0,30.89,20.0,0.0,60164.0,65.1,60.0,1.0,0.0,4.0,0.0,707.0,9.0,0.3428571428571428,0.3333333333333333,369.0,0.0,0.0,-1.0,0
30000.0,60.0,13.99,697.9,13.0,7.0,1.0,150000.0,1.0,4.0,35.29,20.0,0.0,58282.0,62.3,32.0,0.0,0.0,0.0,0.0,677.0,9.0,0.2,0.625,102.0,0.0,0.0,-1.0,0
6000.0,36.0,8.18,188.52,5.0,8.0,1.0,45000.0,1.0,0.0,13.87,11.0,1.0,5423.0,36.6,23.0,0.0,0.0,0.0,1.0,672.0,9.0,0.1333333333333333,0.4782608695652174,133.0,0.0075187969924812,0.0075187969924812,1.0,0
22000.0,36.0,9.17,701.34,6.0,7.0,1.0,55000.0,1.0,0.0,6.95,15.0,1.0,14532.0,24.3,23.0,0.0,0.0,0.0,1.0,707.0,9.0,0.4,0.6521739130434783,142.0,0.0070422535211267,0.0070422535211267,1.0,0
3000.0,36.0,8.18,94.26,5.0,10.0,2.0,82000.0,2.0,0.0,21.48,33.0,0.0,1617.0,2.4,50.0,0.0,0.0,1.0,0.0,777.0,9.0,0.0365853658536585,0.66,362.0,0.0,0.0,-1.0,0
6400.0,36.0,19.19,235.22,22.0,1.0,1.0,20000.0,2.0,1.0,4.2,6.0,0.0,1585.0,21.4,16.0,0.0,0.0,2.0,0.0,677.0,9.0,0.32,0.375,104.0,0.0,0.0,-1.0,0
35000.0,60.0,19.19,911.59,22.0,10.0,1.0,105000.0,2.0,0.0,26.82,6.0,0.0,35396.0,101.1,34.0,0.0,0.0,0.0,0.0,667.0,9.0,0.3333333333333333,0.1764705882352941,209.0,0.0,0.0,-1.0,0
20000.0,36.0,5.32,602.3,0.0,6.0,1.0,80000.0,0.0,0.0,18.27,27.0,0.0,9102.0,15.2,49.0,0.0,0.0,0.0,0.0,767.0,9.0,0.25,0.5510204081632653,158.0,0.0,0.0,-1.0,0
28000.0,60.0,12.29,626.96,10.0,10.0,0.0,125000.0,0.0,0.0,32.25,14.0,0.0,39275.0,88.7,39.0,0.0,0.0,3.0,0.0,722.0,9.0,0.224,0.358974358974359,213.0,0.0,0.0,-1.0,0
20000.0,36.0,6.89,616.54,2.0,10.0,0.0,100000.0,1.0,0.0,10.79,11.0,0.0,9358.0,48.7,28.0,0.0,0.0,3.0,0.0,697.0,9.0,0.2,0.3928571428571428,199.0,0.0,0.0,-1.0,0
20000.0,36.0,11.53,659.81,9.0,5.0,2.0,48000.0,2.0,0.0,24.2,12.0,0.0,1671.0,17.8,19.0,0.0,0.0,0.0,0.0,692.0,9.0,0.4166666666666667,0.631578947368421,133.0,0.0,0.0,-1.0,1
10000.0,36.0,7.89,312.86,4.0,4.0,0.0,62000.0,0.0,4.0,6.35,14.0,0.0,7090.0,45.7,18.0,0.0,0.0,1.0,0.0,707.0,9.0,0.1612903225806451,0.7777777777777778,154.0,0.0,0.0,-1.0,0
25000.0,60.0,9.99,531.06,7.0,10.0,2.0,80000.0,0.0,4.0,30.06,20.0,0.0,29500.0,90.2,42.0,0.0,0.0,3.0,0.0,692.0,9.0,0.3125,0.4761904761904761,149.0,0.0,0.0,-1.0,1
35000.0,36.0,11.53,1154.66,9.0,10.0,1.0,120000.0,1.0,0.0,15.69,10.0,0.0,19518.0,75.4,26.0,0.0,0.0,4.0,0.0,692.0,9.0,0.2916666666666667,0.3846153846153846,147.0,0.0,0.0,-1.0,0
10000.0,36.0,9.99,322.63,7.0,5.0,0.0,120000.0,1.0,0.0,9.2,12.0,1.0,7966.0,42.1,28.0,0.0,0.0,6.0,1.0,667.0,9.0,0.0833333333333333,0.4285714285714285,317.0,0.0031545741324921,0.0031545741324921,1.0,0
15000.0,36.0,8.18,471.3,5.0,5.0,0.0,102456.0,1.0,4.0,11.08,9.0,1.0,8498.0,38.1,32.0,0.0,0.0,1.0,1.0,677.0,9.0,0.1464043101428906,0.28125,175.0,0.0057142857142857,0.0057142857142857,1.0,0
10000.0,36.0,12.29,333.53,10.0,0.0,1.0,50000.0,1.0,0.0,11.47,4.0,0.0,8915.0,92.9,6.0,0.0,0.0,0.0,0.0,662.0,9.0,0.2,0.6666666666666666,50.0,0.0,0.0,-1.0,0
6000.0,36.0,9.17,191.28,6.0,5.0,2.0,89000.0,1.0,2.0,0.93,5.0,1.0,260.0,5.2,17.0,0.0,0.0,0.0,1.0,687.0,9.0,0.0674157303370786,0.2941176470588235,132.0,0.0075757575757575,0.0075757575757575,1.0,0
8000.0,36.0,10.99,261.88,8.0,2.0,0.0,36000.0,2.0,0.0,18.73,4.0,0.0,5635.0,102.5,11.0,0.0,0.0,1.0,0.0,682.0,9.0,0.2222222222222222,0.3636363636363636,194.0,0.0,0.0,-1.0,0
14400.0,60.0,18.25,367.63,20.0,8.0,1.0,56000.0,2.0,0.0,19.31,8.0,0.0,7591.0,59.3,30.0,0.0,0.0,0.0,0.0,672.0,9.0,0.2571428571428571,0.2666666666666666,77.0,0.0,0.0,-1.0,0
12000.0,60.0,17.57,301.93,18.0,7.0,0.0,50000.0,0.0,0.0,29.69,19.0,1.0,17006.0,52.0,30.0,0.0,0.0,0.0,1.0,667.0,9.0,0.24,0.6333333333333333,133.0,0.0075187969924812,0.0075187969924812,1.0,1
9500.0,36.0,10.99,310.98,8.0,2.0,0.0,113000.0,1.0,0.0,1.87,10.0,0.0,3401.0,19.7,21.0,0.0,0.0,5.0,0.0,687.0,9.0,0.084070796460177,0.4761904761904761,122.0,0.0,0.0,-1.0,1
13800.0,36.0,6.89,425.42,2.0,9.0,0.0,45000.0,0.0,4.0,29.27,18.0,0.0,23819.0,31.5,38.0,0.0,0.0,5.0,0.0,722.0,9.0,0.3066666666666666,0.4736842105263157,192.0,0.0,0.0,-1.0,0
16000.0,60.0,15.61,385.79,15.0,0.0,1.0,58000.0,1.0,0.0,20.88,22.0,0.0,13607.0,68.4,28.0,0.0,0.0,0.0,0.0,667.0,9.0,0.2758620689655172,0.7857142857142857,175.0,0.0,0.0,-1.0,0
27000.0,60.0,12.69,610.06,11.0,10.0,0.0,130000.0,0.0,0.0,8.0,10.0,1.0,5526.0,35.7,32.0,0.0,0.0,8.0,1.0,677.0,9.0,0.2076923076923077,0.3125,258.0,0.003875968992248,0.003875968992248,1.0,0
8000.0,36.0,14.65,275.96,14.0,1.0,1.0,45000.0,1.0,5.0,21.25,14.0,0.0,5778.0,36.6,21.0,1.0,0.0,0.0,0.0,682.0,9.0,0.1777777777777777,0.6666666666666666,85.0,0.0,0.0,-1.0,1
18517.939453125,36.0,9.17,590.3312963867188,6.0,3.0,0.0,1681417.625,1.0,4.0,160.43154541015625,12.0,1.0,886662.75,75.58289947509766,49.0,0.0,0.0,2.0,1.0,672.0,9.0,0.01101328432559967,0.24489796891504406,207.0,0.0048309178743961,0.0048309178743961,1.0,0
22000.0,36.0,6.24,671.68,1.0,9.0,0.0,62738.0,1.0,4.0,6.48,13.0,0.0,11873.0,14.0,20.0,0.0,0.0,2.0,0.0,747.0,9.0,0.3506646689406739,0.65,134.0,0.0,0.0,-1.0,0
9000.0,36.0,13.33,304.68,12.0,2.0,1.0,90000.0,1.0,1.0,13.99,7.0,0.0,9123.0,57.4,16.0,0.0,0.0,0.0,0.0,712.0,9.0,0.1,0.4375,38.0,0.0,0.0,-1.0,0
16000.0,36.0,8.18,502.72,5.0,5.0,0.0,85000.0,0.0,0.0,28.17,13.0,0.0,16272.0,46.0,21.0,0.0,0.0,1.0,0.0,702.0,9.0,0.188235294117647,0.6190476190476191,144.0,0.0,0.0,-1.0,0
28000.0,60.0,11.53,616.22,9.0,2.0,0.0,94000.0,0.0,0.0,4.66,10.0,0.0,45204.0,22.2,41.0,0.0,0.0,7.0,0.0,702.0,9.0,0.2978723404255319,0.2439024390243902,252.0,0.0,0.0,-1.0,0
20000.0,36.0,13.33,677.07,12.0,10.0,1.0,56000.0,1.0,0.0,33.26,24.0,2.0,12575.0,40.0,41.0,1.0,0.0,3.0,1.0,667.0,9.0,0.3571428571428571,0.5853658536585366,179.0,0.0111731843575419,0.0055865921787709,0.5,0
24000.0,36.0,11.53,791.77,9.0,10.0,2.0,63000.0,2.0,0.0,11.07,7.0,0.0,17640.0,78.1,17.0,1.0,0.0,2.0,0.0,687.0,9.0,0.3809523809523809,0.4117647058823529,195.0,0.0,0.0,-1.0,0
14400.0,36.0,7.89,450.52,4.0,10.0,0.0,87000.0,0.0,0.0,18.79,9.0,0.0,9150.0,47.9,35.0,0.0,0.0,2.0,0.0,702.0,9.0,0.1655172413793103,0.2571428571428571,149.0,0.0,0.0,-1.0,0
13300.0,36.0,13.67,452.44,13.0,0.0,1.0,76748.0,2.0,0.0,10.04,7.0,0.0,6239.0,48.4,22.0,0.0,0.0,0.0,0.0,722.0,9.0,0.1732944180955855,0.3181818181818182,149.0,0.0,0.0,-1.0,0
10000.0,36.0,12.69,335.45,11.0,10.0,0.0,80000.0,0.0,1.0,20.61,15.0,1.0,13483.0,40.5,18.0,1.0,0.0,0.0,0.0,707.0,9.0,0.125,0.8333333333333334,92.0,0.0108695652173913,0.0,0.0,0
16000.0,60.0,10.99,347.8,8.0,5.0,1.0,60000.0,2.0,4.0,33.24,19.0,0.0,18290.0,58.6,34.0,0.0,0.0,0.0,0.0,692.0,9.0,0.2666666666666666,0.5588235294117647,132.0,0.0,0.0,-1.0,0
9000.0,36.0,6.24,274.78,1.0,2.0,0.0,70000.0,0.0,4.0,19.35,9.0,0.0,17153.0,55.9,24.0,0.0,0.0,1.0,0.0,732.0,9.0,0.1285714285714285,0.375,159.0,0.0,0.0,-1.0,0
15400.0,60.0,9.17,320.96,6.0,10.0,0.0,86000.0,2.0,0.0,17.22,13.0,0.0,14112.0,30.2,22.0,1.0,0.0,4.0,0.0,727.0,9.0,0.1790697674418604,0.5909090909090909,186.0,0.0,0.0,-1.0,0
9600.0,36.0,7.89,300.35,4.0,10.0,0.0,53000.0,1.0,0.0,23.53,8.0,0.0,7086.0,52.1,15.0,0.0,0.0,0.0,0.0,717.0,9.0,0.1811320754716981,0.5333333333333333,203.0,0.0,0.0,-1.0,0
10000.0,36.0,13.99,341.73,13.0,1.0,0.0,50000.0,2.0,0.0,15.6,8.0,1.0,18906.0,73.3,24.0,1.0,0.0,1.0,1.0,677.0,9.0,0.2,0.3333333333333333,104.0,0.0096153846153846,0.0096153846153846,1.0,0
35000.0,60.0,20.99,946.68,24.0,3.0,0.0,135000.0,1.0,3.0,14.27,21.0,0.0,5571.0,35.7,28.0,1.0,0.0,2.0,0.0,712.0,9.0,0.2592592592592592,0.75,137.0,0.0,0.0,-1.0,1
24000.0,36.0,12.69,805.08,11.0,7.0,0.0,162000.0,1.0,0.0,9.56,16.0,0.0,17014.0,49.6,32.0,1.0,0.0,5.0,0.0,677.0,9.0,0.1481481481481481,0.5,181.0,0.0,0.0,-1.0,0
16000.0,36.0,7.89,500.58,4.0,10.0,1.0,46200.0,0.0,0.0,31.81,16.0,0.0,3426.0,6.8,22.0,0.0,0.0,0.0,0.0,802.0,9.0,0.3463203463203463,0.7272727272727273,156.0,0.0,0.0,-1.0,0
22000.0,60.0,19.99,582.75,23.0,10.0,1.0,150000.0,2.0,0.0,9.71,19.0,2.0,6831.0,39.0,46.0,0.0,0.0,3.0,1.0,682.0,9.0,0.1466666666666666,0.4130434782608695,312.0,0.0064102564102564,0.0032051282051282,0.5,1
5000.0,36.0,12.29,166.77,10.0,10.0,0.0,125000.0,2.0,5.0,7.88,13.0,0.0,14552.0,27.8,29.0,0.0,0.0,1.0,0.0,697.0,9.0,0.04,0.4482758620689655,191.0,0.0,0.0,-1.0,0
18000.0,36.0,7.26,557.94,3.0,9.0,2.0,60000.0,1.0,0.0,18.78,18.0,0.0,17789.0,40.1,55.0,0.0,0.0,5.0,0.0,687.0,9.0,0.3,0.3272727272727272,192.0,0.0,0.0,-1.0,1
29400.0,36.0,12.29,980.58,10.0,10.0,2.0,70000.0,1.0,0.0,10.37,7.0,0.0,21513.0,86.7,18.0,0.0,0.0,0.0,0.0,662.0,9.0,0.42,0.3888888888888889,245.0,0.0,0.0,-1.0,1
4000.0,36.0,12.29,133.42,10.0,0.0,1.0,38000.0,1.0,0.0,23.56,8.0,0.0,7269.0,67.3,11.0,1.0,0.0,0.0,0.0,672.0,9.0,0.1052631578947368,0.7272727272727273,116.0,0.0,0.0,-1.0,0
16625.0,36.0,15.61,581.29,15.0,10.0,0.0,49000.0,2.0,4.0,4.19,7.0,1.0,7736.0,65.0,16.0,1.0,0.0,4.0,0.0,692.0,9.0,0.3392857142857143,0.4375,142.0,0.0070422535211267,0.0,0.0,0
16275.0,60.0,15.61,392.42,15.0,0.0,1.0,37000.0,2.0,0.0,29.68,6.0,0.0,15891.0,76.4,13.0,1.0,0.0,0.0,0.0,687.0,9.0,0.4398648648648648,0.4615384615384615,158.0,0.0,0.0,-1.0,1
30225.0,60.0,20.99,817.52,24.0,10.0,2.0,72000.0,1.0,0.0,19.93,8.0,0.0,22560.0,56.5,30.0,1.0,0.0,2.0,0.0,682.0,9.0,0.4197916666666667,0.2666666666666666,150.0,0.0,0.0,-1.0,0
28000.0,60.0,15.61,675.12,15.0,0.0,0.0,127000.0,1.0,0.0,18.46,10.0,0.0,59526.0,84.4,19.0,1.0,0.0,2.0,0.0,692.0,9.0,0.2204724409448819,0.5263157894736842,156.0,0.0,0.0,-1.0,1
10000.0,36.0,13.33,338.54,12.0,3.0,1.0,35000.0,2.0,0.0,21.67,21.0,0.0,4244.0,34.8,39.0,1.0,0.0,0.0,0.0,707.0,9.0,0.2857142857142857,0.5384615384615384,135.0,0.0,0.0,-1.0,0
1500.0,36.0,11.53,49.49,9.0,1.0,0.0,43000.0,2.0,9.0,26.51,4.0,0.0,10238.0,78.8,12.0,0.0,0.0,0.0,0.0,727.0,9.0,0.0348837209302325,0.3333333333333333,204.0,0.0,0.0,-1.0,0
6000.0,36.0,10.99,196.41,8.0,1.0,1.0,30160.0,2.0,0.0,27.78,8.0,0.0,4955.0,31.6,13.0,0.0,0.0,0.0,0.0,677.0,9.0,0.1989389920424403,0.6153846153846154,144.0,0.0,0.0,-1.0,0
20000.0,36.0,10.99,654.68,8.0,10.0,0.0,72000.0,2.0,0.0,23.88,10.0,0.0,20314.0,45.2,18.0,0.0,0.0,1.0,0.0,747.0,9.0,0.2777777777777778,0.5555555555555556,253.0,0.0,0.0,-1.0,0
8000.0,36.0,5.32,240.92,0.0,1.0,1.0,68000.0,0.0,4.0,8.0,6.0,0.0,10051.0,34.5,13.0,1.0,0.0,0.0,0.0,737.0,9.0,0.1176470588235294,0.4615384615384615,103.0,0.0,0.0,-1.0,0
8500.0,36.0,12.69,285.14,11.0,4.0,0.0,37500.0,1.0,0.0,9.25,6.0,0.0,2667.0,29.0,13.0,0.0,0.0,1.0,0.0,662.0,9.0,0.2266666666666666,0.4615384615384615,102.0,0.0,0.0,-1.0,0
23925.0,60.0,16.55,588.83,16.0,3.0,1.0,63000.0,2.0,0.0,19.3,9.0,0.0,4450.0,52.4,16.0,0.0,0.0,0.0,0.0,677.0,9.0,0.3797619047619047,0.5625,252.0,0.0,0.0,-1.0,1
30000.0,36.0,10.99,982.02,8.0,10.0,0.0,60000.0,2.0,4.0,24.16,9.0,0.0,28135.0,28.6,21.0,0.0,0.0,3.0,0.0,752.0,9.0,0.5,0.4285714285714285,227.0,0.0,0.0,-1.0,0
7500.0,36.0,9.99,241.97,7.0,10.0,1.0,67000.0,2.0,0.0,21.15,18.0,0.0,23188.0,55.9,39.0,0.0,0.0,1.0,0.0,692.0,9.0,0.1119402985074626,0.4615384615384615,170.0,0.0,0.0,-1.0,0
10000.0,36.0,6.89,308.27,2.0,10.0,0.0,64000.0,0.0,0.0,11.29,9.0,0.0,12436.0,54.8,21.0,0.0,0.0,1.0,0.0,712.0,9.0,0.15625,0.4285714285714285,132.0,0.0,0.0,-1.0,1
17000.0,36.0,11.53,560.84,9.0,10.0,0.0,58000.0,2.0,4.0,20.65,9.0,0.0,31579.0,84.2,28.0,0.0,0.0,2.0,0.0,722.0,9.0,0.293103448275862,0.3214285714285714,258.0,0.0,0.0,-1.0,0
2000.0,36.0,14.65,68.99,14.0,3.0,1.0,33000.0,2.0,10.0,2.98,9.0,0.0,2414.0,96.6,11.0,0.0,0.0,0.0,0.0,662.0,9.0,0.0606060606060606,0.8181818181818182,62.0,0.0,0.0,-1.0,0
25000.0,36.0,7.89,782.15,4.0,10.0,2.0,135179.0,2.0,0.0,11.21,15.0,0.0,8120.0,44.1,39.0,0.0,0.0,4.0,0.0,692.0,9.0,0.1849399684862293,0.3846153846153846,190.0,0.0,0.0,-1.0,0
12000.0,60.0,17.57,301.93,18.0,10.0,2.0,48000.0,1.0,4.0,35.7,15.0,0.0,18248.0,59.4,27.0,0.0,0.0,1.0,0.0,682.0,9.0,0.25,0.5555555555555556,240.0,0.0,0.0,-1.0,1
7400.0,36.0,7.89,231.52,4.0,1.0,0.0,100000.0,1.0,4.0,27.19,17.0,0.0,20269.0,47.9,41.0,0.0,0.0,1.0,0.0,677.0,9.0,0.074,0.4146341463414634,193.0,0.0,0.0,-1.0,0
18000.0,60.0,13.99,418.74,13.0,5.0,0.0,60000.0,1.0,0.0,8.14,6.0,0.0,8819.0,74.7,11.0,0.0,0.0,1.0,0.0,692.0,9.0,0.3,0.5454545454545454,137.0,0.0,0.0,-1.0,0
30000.0,36.0,9.17,956.37,6.0,8.0,0.0,80500.0,1.0,4.0,22.72,17.0,0.0,37819.0,72.2,40.0,0.0,0.0,2.0,0.0,682.0,9.0,0.3726708074534161,0.425,223.0,0.0,0.0,-1.0,0
13850.0,36.0,13.33,468.87,12.0,10.0,1.0,33000.0,1.0,4.0,7.24,4.0,0.0,7195.0,76.5,12.0,0.0,0.0,1.0,0.0,662.0,9.0,0.4196969696969697,0.3333333333333333,124.0,0.0,0.0,-1.0,0
20000.0,60.0,12.29,447.83,10.0,10.0,0.0,76788.0,0.0,0.0,30.17,27.0,0.0,56573.0,33.0,75.0,0.0,0.0,5.0,0.0,732.0,9.0,0.2604573631296557,0.36,321.0,0.0,0.0,-1.0,0
35000.0,36.0,18.25,1269.73,20.0,6.0,0.0,126000.0,1.0,0.0,20.98,16.0,0.0,16472.0,65.9,35.0,1.0,0.0,5.0,0.0,677.0,9.0,0.2777777777777778,0.4571428571428571,196.0,0.0,0.0,-1.0,1
5400.0,36.0,18.25,195.91,20.0,2.0,1.0,30000.0,1.0,0.0,27.92,7.0,0.0,6659.0,68.6,9.0,1.0,0.0,0.0,0.0,672.0,9.0,0.18,0.7777777777777778,109.0,0.0,0.0,-1.0,0
16000.0,36.0,12.29,533.65,10.0,2.0,1.0,44000.0,0.0,4.0,14.48,53.0,0.0,18039.0,64.4,72.0,0.0,0.0,0.0,0.0,692.0,9.0,0.3636363636363636,0.7361111111111112,189.0,0.0,0.0,-1.0,0
8000.0,36.0,13.33,270.83,12.0,2.0,1.0,75000.0,1.0,0.0,3.58,8.0,0.0,5675.0,51.6,9.0,0.0,0.0,0.0,0.0,667.0,9.0,0.1066666666666666,0.8888888888888888,144.0,0.0,0.0,-1.0,0
12000.0,60.0,12.29,268.7,10.0,0.0,1.0,30000.0,0.0,4.0,20.92,18.0,0.0,13038.0,68.6,30.0,0.0,0.0,0.0,0.0,667.0,9.0,0.4,0.6,110.0,0.0,0.0,-1.0,0
15000.0,36.0,6.89,462.41,2.0,4.0,0.0,85000.0,1.0,0.0,7.78,14.0,1.0,9335.0,36.2,24.0,0.0,0.0,1.0,1.0,732.0,9.0,0.1764705882352941,0.5833333333333334,235.0,0.0042553191489361,0.0042553191489361,1.0,0
11200.0,60.0,21.99,309.27,25.0,10.0,1.0,55000.0,2.0,0.0,13.33,10.0,0.0,3627.0,19.9,35.0,1.0,0.0,0.0,0.0,682.0,9.0,0.2036363636363636,0.2857142857142857,166.0,0.0,0.0,-1.0,1
16000.0,36.0,7.26,495.94,3.0,10.0,0.0,87000.0,0.0,0.0,23.24,8.0,0.0,30365.0,53.6,21.0,0.0,0.0,7.0,0.0,717.0,9.0,0.1839080459770115,0.3809523809523809,323.0,0.0,0.0,-1.0,0
15631.1279296875,36.0,12.29,521.3464868164062,10.0,10.0,0.0,676562.3125,2.0,0.0,31.48948959350586,17.0,0.0,146794.078125,41.74111709594727,43.0,0.0,0.0,4.0,0.0,682.0,9.0,0.02310375868010256,0.3953488372093023,368.0,0.0,0.0,-1.0,0
25000.0,36.0,5.32,752.87,0.0,1.0,1.0,125000.0,1.0,0.0,27.87,13.0,0.0,2729.0,14.1,24.0,0.0,0.0,0.0,0.0,807.0,9.0,0.2,0.5416666666666666,146.0,0.0,0.0,-1.0,0
12000.0,36.0,12.59,401.97,11.0,10.0,1.0,108000.0,2.0,0.0,34.81,21.0,0.0,14009.0,77.0,42.0,0.0,0.0,6.0,0.0,677.0,10.0,0.1111111111111111,0.5,208.0,0.0,0.0,-1.0,1
4200.0,36.0,7.89,131.4,4.0,0.0,1.0,80000.0,1.0,3.0,13.73,11.0,0.0,6075.0,16.6,21.0,1.0,0.0,0.0,0.0,707.0,10.0,0.0525,0.5238095238095238,238.0,0.0,0.0,-1.0,0
9000.0,36.0,7.89,281.58,4.0,3.0,2.0,53000.0,1.0,0.0,13.0,13.0,1.0,3494.0,8.3,34.0,0.0,0.0,1.0,1.0,677.0,10.0,0.1698113207547169,0.3823529411764705,204.0,0.0049019607843137,0.0049019607843137,1.0,0
5750.0,36.0,8.18,180.67,5.0,9.0,1.0,89000.0,1.0,4.0,5.61,9.0,0.0,6015.0,24.8,15.0,0.0,0.0,0.0,0.0,707.0,10.0,0.0646067415730337,0.6,53.0,0.0,0.0,-1.0,0
21125.0,36.0,6.24,644.97,1.0,2.0,0.0,72000.0,0.0,4.0,13.78,12.0,0.0,27688.0,44.7,29.0,0.0,0.0,2.0,0.0,717.0,10.0,0.2934027777777778,0.4137931034482758,134.0,0.0,0.0,-1.0,0
16000.0,36.0,9.99,516.2,7.0,0.0,2.0,43000.0,1.0,0.0,9.85,6.0,0.0,13973.0,78.9,18.0,0.0,0.0,6.0,0.0,692.0,10.0,0.3720930232558139,0.3333333333333333,312.0,0.0,0.0,-1.0,0
20000.0,36.0,19.99,743.17,23.0,0.0,0.0,56000.0,2.0,0.0,14.58,17.0,0.0,17999.0,65.0,51.0,1.0,0.0,5.0,0.0,667.0,10.0,0.3571428571428571,0.3333333333333333,139.0,0.0,0.0,-1.0,0
21000.0,60.0,9.99,446.09,7.0,10.0,0.0,52000.0,0.0,4.0,33.49,8.0,0.0,23599.0,89.7,37.0,0.0,0.0,2.0,0.0,712.0,10.0,0.4038461538461538,0.2162162162162162,158.0,0.0,0.0,-1.0,0
18000.0,36.0,6.24,549.56,1.0,10.0,0.0,61984.0,1.0,4.0,15.03,15.0,0.0,35316.0,39.5,32.0,0.0,0.0,3.0,0.0,727.0,10.0,0.2903975219411461,0.46875,211.0,0.0,0.0,-1.0,0
16000.0,36.0,5.32,481.84,0.0,5.0,1.0,147000.0,1.0,4.0,15.87,12.0,0.0,16112.0,33.7,16.0,0.0,0.0,0.0,0.0,707.0,10.0,0.1088435374149659,0.75,159.0,0.0,0.0,-1.0,0
3500.0,36.0,27.31,143.48,31.0,7.0,0.0,33500.0,2.0,0.0,8.46,3.0,0.0,7868.0,99.6,4.0,1.0,0.0,0.0,0.0,672.0,10.0,0.1044776119402985,0.75,64.0,0.0,0.0,-1.0,0
10000.0,36.0,5.32,301.15,0.0,10.0,1.0,70000.0,0.0,5.0,20.23,8.0,0.0,1201.0,14.3,15.0,0.0,0.0,0.0,0.0,787.0,10.0,0.1428571428571428,0.5333333333333333,117.0,0.0,0.0,-1.0,0
5000.0,36.0,12.59,167.49,11.0,10.0,1.0,64000.0,2.0,4.0,6.81,9.0,0.0,8492.0,57.4,11.0,0.0,0.0,0.0,0.0,662.0,10.0,0.078125,0.8181818181818182,141.0,0.0,0.0,-1.0,0
16000.0,36.0,7.26,495.94,3.0,7.0,2.0,55000.0,0.0,4.0,18.89,11.0,0.0,18855.0,74.5,17.0,0.0,0.0,1.0,0.0,682.0,10.0,0.2909090909090909,0.6470588235294118,135.0,0.0,0.0,-1.0,0
3500.0,36.0,6.24,106.86,1.0,5.0,1.0,38000.0,1.0,4.0,16.01,6.0,1.0,3005.0,62.0,12.0,0.0,0.0,0.0,1.0,682.0,10.0,0.0921052631578947,0.5,311.0,0.0032154340836012,0.0032154340836012,1.0,0
20000.0,36.0,6.89,616.54,2.0,10.0,2.0,58000.0,0.0,4.0,12.31,8.0,0.0,24142.0,47.5,15.0,0.0,0.0,1.0,0.0,707.0,10.0,0.3448275862068966,0.5333333333333333,264.0,0.0,0.0,-1.0,0
8000.0,36.0,12.05,265.91,10.0,6.0,1.0,38000.0,1.0,7.0,32.56,18.0,0.0,17190.0,49.0,24.0,1.0,0.0,0.0,0.0,682.0,10.0,0.2105263157894736,0.75,101.0,0.0,0.0,-1.0,1
6500.0,36.0,13.67,221.12,13.0,4.0,1.0,20000.0,1.0,8.0,14.17,14.0,0.0,3803.0,18.3,14.0,0.0,0.0,0.0,0.0,717.0,10.0,0.325,1.0,37.0,0.0,0.0,-1.0,0
1500.0,36.0,8.18,47.13,5.0,10.0,0.0,65000.0,1.0,4.0,26.55,13.0,0.0,2634.0,54.9,42.0,0.0,0.0,6.0,0.0,687.0,10.0,0.023076923076923,0.3095238095238095,327.0,0.0,0.0,-1.0,0
16200.0,60.0,19.99,429.12,23.0,0.0,0.0,45000.0,2.0,0.0,12.37,9.0,0.0,3606.0,18.9,13.0,0.0,0.0,0.0,0.0,737.0,10.0,0.36,0.6923076923076923,63.0,0.0,0.0,-1.0,0
30000.0,36.0,13.67,1020.53,13.0,5.0,1.0,120000.0,2.0,0.0,17.13,23.0,0.0,26419.0,67.6,43.0,1.0,0.0,3.0,0.0,667.0,10.0,0.25,0.5348837209302325,135.0,0.0,0.0,-1.0,0
2075.0,36.0,27.88,85.7,32.0,3.0,0.0,40000.0,2.0,0.0,23.96,26.0,1.0,2678.0,55.8,35.0,1.0,0.0,0.0,1.0,662.0,10.0,0.051875,0.7428571428571429,114.0,0.0087719298245614,0.0087719298245614,1.0,1
20000.0,60.0,18.2,510.05,20.0,8.0,1.0,65000.0,1.0,0.0,16.62,9.0,0.0,2428.0,25.6,26.0,0.0,0.0,0.0,0.0,702.0,10.0,0.3076923076923077,0.3461538461538461,105.0,0.0,0.0,-1.0,1
14000.0,60.0,13.18,319.84,12.0,6.0,0.0,50000.0,2.0,0.0,27.0,12.0,1.0,15355.0,37.0,34.0,0.0,0.0,1.0,1.0,692.0,10.0,0.28,0.3529411764705882,199.0,0.0050251256281407,0.0050251256281407,1.0,0
13500.0,60.0,17.57,339.67,18.0,5.0,1.0,34000.0,2.0,0.0,33.25,8.0,0.0,2461.0,28.3,13.0,0.0,0.0,0.0,0.0,687.0,10.0,0.3970588235294117,0.6153846153846154,57.0,0.0,0.0,-1.0,0
8000.0,36.0,12.59,267.98,11.0,7.0,1.0,30000.0,1.0,0.0,27.01,5.0,0.0,6505.0,80.3,12.0,0.0,0.0,0.0,0.0,717.0,10.0,0.2666666666666666,0.4166666666666667,98.0,0.0,0.0,-1.0,1
20000.0,36.0,13.67,680.36,13.0,9.0,0.0,85000.0,1.0,0.0,11.39,17.0,0.0,13516.0,55.2,27.0,0.0,0.0,1.0,0.0,662.0,10.0,0.2352941176470588,0.6296296296296297,147.0,0.0,0.0,-1.0,1
6200.0,36.0,9.99,200.03,7.0,10.0,1.0,46000.0,1.0,4.0,30.3,17.0,0.0,30297.0,39.2,30.0,0.0,0.0,2.0,0.0,722.0,10.0,0.1347826086956521,0.5666666666666667,261.0,0.0,0.0,-1.0,0
13800.0,36.0,11.49,455.01,9.0,5.0,0.0,60000.0,1.0,0.0,16.42,10.0,0.0,5834.0,44.9,18.0,0.0,0.0,2.0,0.0,677.0,10.0,0.23,0.5555555555555556,165.0,0.0,0.0,-1.0,1
23000.0,36.0,9.99,742.04,7.0,10.0,0.0,78000.0,2.0,0.0,31.28,14.0,0.0,50455.0,57.8,33.0,0.0,0.0,4.0,0.0,692.0,10.0,0.2948717948717949,0.4242424242424242,208.0,0.0,0.0,-1.0,1
7300.0,36.0,18.2,264.65,20.0,9.0,0.0,35000.0,2.0,0.0,8.26,4.0,0.0,2609.0,100.3,7.0,1.0,0.0,1.0,0.0,702.0,10.0,0.2085714285714285,0.5714285714285714,107.0,0.0,0.0,-1.0,0
10000.0,36.0,11.49,329.72,9.0,10.0,0.0,70000.0,0.0,0.0,35.02,17.0,0.0,37280.0,44.2,70.0,0.0,0.0,3.0,0.0,682.0,10.0,0.1428571428571428,0.2428571428571428,228.0,0.0,0.0,-1.0,0
14400.0,36.0,13.67,489.86,13.0,10.0,0.0,50000.0,1.0,0.0,29.64,16.0,0.0,20665.0,44.4,47.0,0.0,0.0,3.0,0.0,737.0,10.0,0.288,0.3404255319148936,380.0,0.0,0.0,-1.0,0
6000.0,36.0,12.05,199.43,10.0,7.0,0.0,58000.0,0.0,0.0,13.26,10.0,0.0,4095.0,46.5,26.0,0.0,0.0,2.0,0.0,682.0,10.0,0.1034482758620689,0.3846153846153846,171.0,0.0,0.0,-1.0,0
35000.0,60.0,20.99,946.68,24.0,10.0,1.0,95000.0,1.0,0.0,16.95,23.0,0.0,22073.0,27.9,29.0,0.0,0.0,0.0,0.0,677.0,10.0,0.3684210526315789,0.7931034482758621,195.0,0.0,0.0,-1.0,0
12000.0,36.0,7.89,375.43,4.0,0.0,1.0,42000.0,1.0,0.0,26.26,13.0,0.0,7479.0,18.7,53.0,0.0,0.0,0.0,0.0,742.0,10.0,0.2857142857142857,0.2452830188679245,117.0,0.0,0.0,-1.0,0
20000.0,36.0,13.67,680.36,13.0,8.0,0.0,52000.0,2.0,0.0,12.32,10.0,0.0,8251.0,60.7,22.0,1.0,0.0,1.0,0.0,667.0,10.0,0.3846153846153846,0.4545454545454545,211.0,0.0,0.0,-1.0,0
21500.0,36.0,12.05,714.63,10.0,10.0,0.0,59652.0,0.0,4.0,30.42,17.0,0.0,26631.0,70.3,24.0,0.0,0.0,2.0,0.0,672.0,10.0,0.3604237913230068,0.7083333333333334,144.0,0.0,0.0,-1.0,0
14000.0,60.0,13.67,323.37,13.0,10.0,1.0,84000.0,1.0,0.0,20.53,8.0,0.0,9712.0,54.0,15.0,1.0,0.0,0.0,0.0,697.0,10.0,0.1666666666666666,0.5333333333333333,124.0,0.0,0.0,-1.0,1
10000.0,36.0,12.05,332.39,10.0,1.0,0.0,85000.0,2.0,0.0,6.25,12.0,1.0,3521.0,18.0,17.0,0.0,0.0,1.0,1.0,707.0,10.0,0.1176470588235294,0.7058823529411765,143.0,0.0069930069930069,0.0069930069930069,1.0,0
11200.0,36.0,12.05,372.27,10.0,8.0,1.0,70000.0,2.0,4.0,28.9,16.0,0.0,20114.0,57.1,18.0,0.0,0.0,0.0,0.0,682.0,10.0,0.16,0.8888888888888888,145.0,0.0,0.0,-1.0,0
14825.0,36.0,13.67,504.32,13.0,4.0,1.0,43000.0,1.0,0.0,19.03,9.0,1.0,6749.0,52.7,13.0,0.0,0.0,2.0,1.0,712.0,10.0,0.3447674418604651,0.6923076923076923,159.0,0.0062893081761006,0.0062893081761006,1.0,0
30000.0,60.0,12.59,676.32,11.0,10.0,0.0,90000.0,2.0,4.0,12.4,4.0,0.0,25157.0,92.5,13.0,0.0,0.0,3.0,0.0,677.0,10.0,0.3333333333333333,0.3076923076923077,166.0,0.0,0.0,-1.0,0
16000.0,36.0,6.89,493.23,2.0,3.0,1.0,610000.0,1.0,0.0,9.14,14.0,0.0,43463.0,84.7,18.0,1.0,0.0,0.0,0.0,717.0,10.0,0.0262295081967213,0.7777777777777778,318.0,0.0,0.0,-1.0,0
10000.0,36.0,9.17,318.79,6.0,2.0,0.0,39600.0,1.0,4.0,33.15,14.0,5.0,7764.0,23.7,34.0,1.0,0.0,1.0,0.0,692.0,10.0,0.2525252525252525,0.4117647058823529,339.0,0.0147492625368731,0.0,0.0,0
3000.0,36.0,8.18,94.26,5.0,4.0,1.0,45000.0,1.0,4.0,11.17,5.0,1.0,2846.0,33.5,38.0,0.0,0.0,2.0,1.0,672.0,10.0,0.0666666666666666,0.131578947368421,424.0,0.0023584905660377,0.0023584905660377,1.0,0
14000.0,36.0,10.99,458.28,8.0,8.0,1.0,40000.0,1.0,0.0,10.02,4.0,0.0,13771.0,71.7,12.0,1.0,0.0,0.0,0.0,662.0,10.0,0.35,0.3333333333333333,182.0,0.0,0.0,-1.0,0
20000.0,60.0,13.67,461.96,13.0,2.0,1.0,42000.0,2.0,10.0,21.27,6.0,0.0,31142.0,79.4,17.0,0.0,0.0,1.0,0.0,702.0,10.0,0.4761904761904761,0.3529411764705882,166.0,0.0,0.0,-1.0,1
16000.0,36.0,8.18,502.72,5.0,10.0,0.0,65000.0,0.0,4.0,21.21,9.0,0.0,16776.0,47.4,33.0,1.0,0.0,2.0,0.0,697.0,10.0,0.2461538461538461,0.2727272727272727,291.0,0.0,0.0,-1.0,1
35000.0,36.0,12.59,1172.39,11.0,6.0,0.0,120000.0,2.0,0.0,9.33,8.0,1.0,40628.0,78.1,18.0,0.0,0.0,4.0,0.0,677.0,10.0,0.2916666666666667,0.4444444444444444,180.0,0.0055555555555555,0.0,0.0,0
16000.0,36.0,6.24,488.5,1.0,2.0,2.0,145000.0,1.0,4.0,6.38,7.0,0.0,11043.0,35.4,15.0,0.0,0.0,2.0,0.0,697.0,10.0,0.1103448275862069,0.4666666666666667,238.0,0.0,0.0,-1.0,0
35000.0,60.0,18.99,907.73,22.0,6.0,0.0,107000.0,2.0,0.0,17.33,5.0,0.0,27706.0,98.9,26.0,0.0,0.0,4.0,0.0,697.0,10.0,0.3271028037383177,0.1923076923076923,177.0,0.0,0.0,-1.0,0
12000.0,36.0,6.24,366.37,1.0,10.0,0.0,49000.0,1.0,4.0,12.1,9.0,0.0,3090.0,16.3,23.0,0.0,0.0,1.0,0.0,712.0,10.0,0.2448979591836734,0.391304347826087,261.0,0.0,0.0,-1.0,0
14000.0,36.0,10.99,458.28,8.0,5.0,0.0,42500.0,2.0,0.0,24.17,16.0,0.0,11582.0,95.7,29.0,0.0,0.0,1.0,0.0,672.0,10.0,0.3294117647058823,0.5517241379310345,195.0,0.0,0.0,-1.0,1
15000.0,36.0,6.24,457.97,1.0,10.0,1.0,83000.0,1.0,4.0,21.08,14.0,0.0,20100.0,72.0,18.0,1.0,0.0,0.0,0.0,702.0,10.0,0.180722891566265,0.7777777777777778,108.0,0.0,0.0,-1.0,0
1000.0,36.0,19.99,37.16,23.0,10.0,0.0,41000.0,1.0,5.0,7.82,7.0,0.0,1272.0,5.9,11.0,0.0,0.0,0.0,0.0,752.0,10.0,0.024390243902439,0.6363636363636364,88.0,0.0,0.0,-1.0,0
10000.0,36.0,7.26,309.97,3.0,1.0,0.0,55000.0,2.0,0.0,6.87,7.0,0.0,7419.0,35.3,22.0,0.0,0.0,4.0,0.0,707.0,10.0,0.1818181818181818,0.3181818181818182,171.0,0.0,0.0,-1.0,0
24450.0,36.0,6.89,753.72,2.0,6.0,0.0,187000.0,2.0,4.0,21.88,25.0,0.0,60753.0,50.4,51.0,0.0,0.0,9.0,0.0,717.0,10.0,0.1307486631016042,0.4901960784313725,320.0,0.0,0.0,-1.0,0
13475.0,36.0,15.41,469.83,15.0,4.0,0.0,37440.0,0.0,0.0,16.28,10.0,0.0,8203.0,46.6,42.0,1.0,0.0,2.0,0.0,662.0,10.0,0.359909188034188,0.238095238095238,230.0,0.0,0.0,-1.0,1
12000.0,36.0,9.99,387.15,7.0,8.0,0.0,65000.0,2.0,0.0,29.49,16.0,0.0,21514.0,73.7,25.0,1.0,0.0,3.0,0.0,682.0,10.0,0.1846153846153846,0.64,260.0,0.0,0.0,-1.0,0
33600.0,36.0,22.99,1300.48,26.0,10.0,0.0,118100.0,2.0,0.0,28.34,18.0,0.0,10977.0,45.2,34.0,1.0,0.0,6.0,0.0,697.0,10.0,0.2845046570702794,0.5294117647058824,216.0,0.0,0.0,-1.0,0
26000.0,36.0,14.33,892.8,14.0,5.0,1.0,80000.0,2.0,0.0,16.82,12.0,1.0,20400.0,44.3,23.0,1.0,0.0,0.0,0.0,712.0,10.0,0.325,0.5217391304347826,116.0,0.0086206896551724,0.0,0.0,0
30000.0,36.0,9.17,956.37,6.0,8.0,1.0,100000.0,1.0,0.0,11.87,5.0,0.0,22975.0,44.1,9.0,1.0,0.0,0.0,0.0,757.0,10.0,0.3,0.5555555555555556,143.0,0.0,0.0,-1.0,0
4000.0,36.0,11.49,131.89,9.0,10.0,1.0,60000.0,2.0,10.0,32.0,18.0,0.0,15497.0,41.5,28.0,0.0,0.0,0.0,0.0,712.0,10.0,0.0666666666666666,0.6428571428571429,268.0,0.0,0.0,-1.0,0
24000.0,60.0,18.2,612.06,20.0,0.0,1.0,50000.0,1.0,4.0,24.33,13.0,0.0,27476.0,50.6,32.0,0.0,0.0,0.0,0.0,702.0,10.0,0.48,0.40625,169.0,0.0,0.0,-1.0,0
33600.0,36.0,16.55,1190.43,16.0,5.0,1.0,90000.0,2.0,0.0,38.56,5.0,0.0,60820.0,81.0,16.0,0.0,0.0,0.0,0.0,722.0,10.0,0.3733333333333333,0.3125,277.0,0.0,0.0,-1.0,0
20000.0,36.0,13.67,680.36,13.0,3.0,0.0,111600.0,2.0,0.0,16.06,17.0,0.0,29042.0,59.3,33.0,1.0,0.0,2.0,0.0,677.0,10.0,0.1792114695340501,0.5151515151515151,261.0,0.0,0.0,-1.0,1
13000.0,60.0,13.67,300.27,13.0,1.0,1.0,48000.0,0.0,0.0,25.98,10.0,0.0,10995.0,37.0,18.0,0.0,0.0,0.0,0.0,692.0,10.0,0.2708333333333333,0.5555555555555556,305.0,0.0,0.0,-1.0,0
11000.0,36.0,6.89,339.1,2.0,10.0,0.0,72000.0,0.0,0.0,14.4,14.0,0.0,11796.0,29.1,33.0,0.0,0.0,2.0,0.0,752.0,10.0,0.1527777777777778,0.4242424242424242,228.0,0.0,0.0,-1.0,0
10000.0,36.0,7.26,309.97,3.0,10.0,0.0,62000.0,0.0,0.0,21.51,14.0,0.0,13615.0,24.0,26.0,0.0,0.0,1.0,0.0,782.0,10.0,0.1612903225806451,0.5384615384615384,356.0,0.0,0.0,-1.0,0
6500.0,36.0,12.59,217.73,11.0,10.0,1.0,50000.0,2.0,0.0,15.27,6.0,1.0,6900.0,86.2,15.0,0.0,0.0,1.0,0.0,667.0,10.0,0.13,0.4,118.0,0.0084745762711864,0.0,0.0,0
28000.0,60.0,21.99,773.18,25.0,3.0,1.0,149000.0,1.0,4.0,15.69,12.0,0.0,22833.0,94.4,19.0,0.0,0.0,0.0,0.0,662.0,10.0,0.1879194630872483,0.631578947368421,106.0,0.0,0.0,-1.0,1
3200.0,36.0,14.33,109.89,14.0,1.0,1.0,100000.0,1.0,0.0,11.51,6.0,0.0,4671.0,21.3,7.0,0.0,0.0,0.0,0.0,702.0,10.0,0.032,0.8571428571428571,40.0,0.0,0.0,-1.0,0
21000.0,60.0,12.59,473.42,11.0,10.0,0.0,115000.0,0.0,0.0,28.02,13.0,1.0,31503.0,90.5,55.0,0.0,0.0,9.0,1.0,672.0,10.0,0.1826086956521739,0.2363636363636363,398.0,0.0025125628140703,0.0025125628140703,1.0,1
12000.0,36.0,7.26,371.96,3.0,10.0,0.0,290000.0,1.0,4.0,13.18,14.0,0.0,265961.0,79.0,38.0,0.0,0.0,2.0,0.0,717.0,10.0,0.0413793103448275,0.3684210526315789,328.0,0.0,0.0,-1.0,0
10000.0,60.0,14.33,234.4,14.0,0.0,1.0,50000.0,1.0,4.0,22.25,7.0,0.0,5929.0,72.3,36.0,0.0,0.0,5.0,0.0,682.0,10.0,0.2,0.1944444444444444,175.0,0.0,0.0,-1.0,0
35000.0,60.0,18.49,898.13,21.0,10.0,1.0,79000.0,1.0,0.0,11.13,22.0,0.0,11972.0,21.2,46.0,1.0,0.0,4.0,0.0,737.0,10.0,0.4430379746835443,0.4782608695652174,316.0,0.0,0.0,-1.0,1
25000.0,36.0,11.49,824.29,9.0,3.0,0.0,100000.0,1.0,0.0,14.97,6.0,0.0,7131.0,66.0,9.0,1.0,0.0,1.0,0.0,687.0,10.0,0.25,0.6666666666666666,105.0,0.0,0.0,-1.0,0
12000.0,36.0,9.17,382.55,6.0,4.0,2.0,68000.0,1.0,0.0,10.72,12.0,0.0,16963.0,61.0,20.0,0.0,0.0,0.0,0.0,682.0,10.0,0.1764705882352941,0.6,257.0,0.0,0.0,-1.0,0
18400.0,36.0,13.18,621.57,12.0,10.0,1.0,116000.0,2.0,0.0,5.59,9.0,0.0,22177.0,54.0,35.0,0.0,0.0,0.0,0.0,702.0,10.0,0.1586206896551724,0.2571428571428571,292.0,0.0,0.0,-1.0,0
16000.0,36.0,9.17,510.07,6.0,2.0,0.0,153000.0,1.0,0.0,15.85,11.0,0.0,42344.0,80.0,32.0,0.0,0.0,5.0,0.0,672.0,10.0,0.1045751633986928,0.34375,202.0,0.0,0.0,-1.0,0
18000.0,60.0,14.33,421.92,14.0,10.0,0.0,61000.0,1.0,4.0,34.8,15.0,0.0,27927.0,84.6,34.0,0.0,0.0,2.0,0.0,672.0,10.0,0.2950819672131147,0.4411764705882353,190.0,0.0,0.0,-1.0,0
24000.0,60.0,17.86,607.62,19.0,10.0,2.0,89000.0,0.0,0.0,19.39,19.0,1.0,50222.0,40.3,29.0,0.0,0.0,1.0,0.0,677.0,10.0,0.2696629213483146,0.6551724137931034,210.0,0.0047619047619047,0.0,0.0,1
18200.0,36.0,10.99,595.76,8.0,3.0,1.0,125000.0,1.0,0.0,11.92,6.0,2.0,2011.0,30.0,8.0,1.0,0.0,0.0,0.0,687.0,10.0,0.1456,0.75,123.0,0.016260162601626,0.0,0.0,0
6000.0,36.0,12.05,199.43,10.0,0.0,0.0,155000.0,0.0,2.0,29.04,21.0,0.0,60010.0,57.3,48.0,0.0,0.0,4.0,0.0,722.0,10.0,0.0387096774193548,0.4375,264.0,0.0,0.0,-1.0,0
1950.0,36.0,13.18,65.88,12.0,0.0,2.0,45000.0,1.0,5.0,36.91,16.0,0.0,1539.0,5.1,56.0,0.0,0.0,2.0,0.0,707.0,10.0,0.0433333333333333,0.2857142857142857,146.0,0.0,0.0,-1.0,0
30800.0,36.0,15.61,1076.92,15.0,10.0,2.0,70000.0,2.0,0.0,25.08,4.0,0.0,10425.0,103.2,16.0,1.0,0.0,0.0,0.0,717.0,10.0,0.44,0.25,143.0,0.0,0.0,-1.0,0
34075.0,60.0,19.19,887.5,22.0,10.0,0.0,69000.0,1.0,0.0,28.68,15.0,0.0,5606.0,25.7,24.0,0.0,0.0,1.0,0.0,752.0,10.0,0.4938405797101449,0.625,110.0,0.0,0.0,-1.0,0
14000.0,60.0,12.29,313.48,10.0,7.0,0.0,38000.0,0.0,0.0,30.42,8.0,1.0,3857.0,59.3,15.0,0.0,0.0,0.0,1.0,672.0,10.0,0.3684210526315789,0.5333333333333333,157.0,0.0063694267515923,0.0063694267515923,1.0,1
10000.0,60.0,17.86,253.18,19.0,2.0,1.0,43000.0,2.0,0.0,5.02,7.0,0.0,7447.0,39.6,18.0,0.0,0.0,0.0,0.0,697.0,10.0,0.2325581395348837,0.3888888888888889,134.0,0.0,0.0,-1.0,0
8000.0,36.0,17.86,288.66,19.0,3.0,1.0,52000.0,2.0,0.0,24.72,16.0,0.0,7485.0,30.9,25.0,0.0,0.0,0.0,0.0,697.0,10.0,0.1538461538461538,0.64,175.0,0.0,0.0,-1.0,0
18400.0,60.0,13.33,421.78,12.0,2.0,0.0,75000.0,1.0,0.0,2.58,6.0,3.0,10349.0,48.1,16.0,0.0,0.0,1.0,0.0,672.0,10.0,0.2453333333333333,0.375,143.0,0.0209790209790209,0.0,0.0,0
7000.0,36.0,10.99,229.14,8.0,10.0,0.0,47000.0,1.0,0.0,9.19,5.0,0.0,8204.0,78.1,14.0,1.0,0.0,4.0,0.0,677.0,10.0,0.1489361702127659,0.3571428571428571,152.0,0.0,0.0,-1.0,0
8500.0,36.0,13.99,290.47,13.0,10.0,1.0,34000.0,1.0,0.0,37.03,4.0,0.0,14451.0,87.6,6.0,0.0,0.0,0.0,0.0,692.0,10.0,0.25,0.6666666666666666,115.0,0.0,0.0,-1.0,1
21000.0,36.0,9.17,669.46,6.0,2.0,0.0,130000.0,1.0,0.0,16.99,19.0,0.0,24642.0,38.0,34.0,0.0,0.0,3.0,0.0,712.0,10.0,0.1615384615384615,0.5588235294117647,100.0,0.0,0.0,-1.0,0
11200.0,36.0,13.33,379.16,12.0,10.0,0.0,50000.0,1.0,0.0,18.03,18.0,0.0,6678.0,32.0,23.0,1.0,0.0,1.0,0.0,717.0,10.0,0.224,0.782608695652174,253.0,0.0,0.0,-1.0,0
24000.0,60.0,12.69,542.28,11.0,10.0,0.0,150000.0,2.0,0.0,30.7,14.0,0.0,374470.0,73.6,21.0,0.0,0.0,1.0,0.0,692.0,10.0,0.16,0.6666666666666666,278.0,0.0,0.0,-1.0,0
30000.0,36.0,12.69,1006.35,11.0,10.0,2.0,8253000.0,1.0,0.0,0.14,18.0,0.0,26402.0,61.5,26.0,1.0,0.0,1.0,0.0,672.0,10.0,0.0036350418029807,0.6923076923076923,159.0,0.0,0.0,-1.0,0
14525.0,60.0,23.99,417.78,27.0,3.0,0.0,55000.0,2.0,4.0,28.3,15.0,1.0,9917.0,73.0,26.0,1.0,0.0,2.0,1.0,672.0,10.0,0.2640909090909091,0.5769230769230769,246.0,0.0040650406504065,0.0040650406504065,1.0,0
8000.0,36.0,10.99,261.88,8.0,7.0,1.0,72000.0,2.0,4.0,17.78,9.0,0.0,7369.0,44.7,17.0,1.0,0.0,0.0,0.0,687.0,10.0,0.1111111111111111,0.5294117647058824,243.0,0.0,0.0,-1.0,0
7975.0,36.0,16.55,282.55,16.0,0.0,0.0,21000.0,2.0,4.0,39.14,6.0,0.0,6392.0,64.6,10.0,1.0,0.0,1.0,0.0,707.0,10.0,0.3797619047619047,0.6,172.0,0.0,0.0,-1.0,0
22400.0,60.0,13.67,517.39,13.0,10.0,0.0,100000.0,1.0,0.0,11.93,8.0,0.0,14612.0,94.3,14.0,0.0,0.0,2.0,0.0,687.0,10.0,0.224,0.5714285714285714,184.0,0.0,0.0,-1.0,0
10000.0,36.0,9.17,318.79,6.0,5.0,1.0,220000.0,1.0,5.0,7.25,7.0,0.0,12744.0,88.5,19.0,1.0,0.0,1.0,0.0,662.0,10.0,0.0454545454545454,0.3684210526315789,307.0,0.0,0.0,-1.0,0
35000.0,60.0,16.99,869.66,17.0,10.0,1.0,80000.0,2.0,4.0,9.83,2.0,0.0,6372.0,98.0,15.0,1.0,0.0,3.0,0.0,662.0,10.0,0.4375,0.1333333333333333,164.0,0.0,0.0,-1.0,0
18000.0,36.0,9.17,573.83,6.0,7.0,1.0,120000.0,1.0,4.0,12.07,5.0,0.0,4999.0,43.5,12.0,0.0,0.0,0.0,0.0,692.0,10.0,0.15,0.4166666666666667,178.0,0.0,0.0,-1.0,0
20000.0,36.0,7.26,619.93,3.0,10.0,0.0,75000.0,1.0,4.0,12.34,8.0,0.0,19327.0,55.1,21.0,1.0,0.0,2.0,0.0,697.0,10.0,0.2666666666666666,0.3809523809523809,135.0,0.0,0.0,-1.0,0
22000.0,60.0,18.2,561.06,20.0,4.0,1.0,85000.0,1.0,0.0,14.28,9.0,0.0,25613.0,57.4,15.0,0.0,0.0,0.0,0.0,687.0,10.0,0.2588235294117647,0.6,174.0,0.0,0.0,-1.0,1
7200.0,36.0,12.05,239.32,10.0,10.0,2.0,55000.0,0.0,2.0,36.24,19.0,0.0,27899.0,83.8,28.0,0.0,0.0,0.0,0.0,682.0,10.0,0.1309090909090909,0.6785714285714286,305.0,0.0,0.0,-1.0,0
5700.0,36.0,8.18,179.1,5.0,9.0,0.0,20000.0,0.0,4.0,18.13,9.0,0.0,7002.0,40.7,20.0,0.0,0.0,1.0,0.0,757.0,10.0,0.285,0.45,134.0,0.0,0.0,-1.0,0
28800.0,36.0,9.17,918.12,6.0,10.0,1.0,60000.0,2.0,4.0,24.45,6.0,0.0,20646.0,70.5,18.0,0.0,0.0,3.0,0.0,697.0,10.0,0.48,0.3333333333333333,388.0,0.0,0.0,-1.0,0
11500.0,36.0,11.49,379.17,9.0,3.0,1.0,65000.0,1.0,8.0,12.32,4.0,0.0,1918.0,28.6,46.0,0.0,0.0,0.0,0.0,667.0,10.0,0.1769230769230769,0.0869565217391304,150.0,0.0,0.0,-1.0,0
10000.0,36.0,11.49,329.72,9.0,0.0,1.0,36000.0,2.0,4.0,29.93,10.0,0.0,10974.0,99.8,17.0,1.0,0.0,0.0,0.0,667.0,10.0,0.2777777777777778,0.5882352941176471,441.0,0.0,0.0,-1.0,0
30000.0,36.0,13.67,1020.53,13.0,4.0,0.0,100400.0,1.0,0.0,20.06,13.0,0.0,16430.0,58.7,31.0,0.0,0.0,8.0,0.0,692.0,10.0,0.298804780876494,0.4193548387096774,207.0,0.0,0.0,-1.0,0
10000.0,36.0,5.32,301.15,0.0,1.0,0.0,70000.0,1.0,0.0,15.21,8.0,0.0,9904.0,38.4,20.0,0.0,0.0,3.0,0.0,747.0,10.0,0.1428571428571428,0.4,232.0,0.0,0.0,-1.0,0
19250.0,60.0,13.18,439.78,12.0,2.0,2.0,38500.0,0.0,4.0,7.89,14.0,0.0,7358.0,19.2,44.0,0.0,0.0,0.0,0.0,732.0,10.0,0.5,0.3181818181818182,143.0,0.0,0.0,-1.0,0
20000.0,36.0,9.17,637.58,6.0,2.0,1.0,85000.0,0.0,4.0,24.55,12.0,0.0,32780.0,53.4,19.0,0.0,0.0,0.0,0.0,702.0,10.0,0.2352941176470588,0.631578947368421,175.0,0.0,0.0,-1.0,0
35000.0,60.0,14.33,820.39,14.0,5.0,1.0,80000.0,1.0,0.0,23.3,10.0,1.0,108.0,0.3,36.0,0.0,0.0,2.0,1.0,732.0,10.0,0.4375,0.2777777777777778,142.0,0.0070422535211267,0.0070422535211267,1.0,1
8800.0,36.0,10.99,288.06,8.0,2.0,1.0,41000.0,1.0,0.0,23.42,16.0,1.0,8169.0,31.1,45.0,0.0,0.0,1.0,1.0,677.0,10.0,0.2146341463414634,0.3555555555555555,159.0,0.0062893081761006,0.0062893081761006,1.0,1
9025.0,36.0,18.49,328.5,21.0,8.0,0.0,68000.0,2.0,0.0,10.59,9.0,0.0,1357.0,23.4,23.0,0.0,0.0,2.0,0.0,677.0,10.0,0.1327205882352941,0.391304347826087,217.0,0.0,0.0,-1.0,0
7000.0,36.0,12.05,232.67,10.0,5.0,1.0,75000.0,0.0,0.0,14.94,12.0,0.0,6401.0,30.1,23.0,1.0,0.0,0.0,0.0,737.0,10.0,0.0933333333333333,0.5217391304347826,105.0,0.0,0.0,-1.0,1
10000.0,36.0,6.24,305.31,1.0,10.0,2.0,85000.0,1.0,4.0,22.74,12.0,0.0,13759.0,41.8,36.0,0.0,0.0,0.0,0.0,697.0,10.0,0.1176470588235294,0.3333333333333333,361.0,0.0,0.0,-1.0,0
22800.0,60.0,22.99,642.62,26.0,10.0,0.0,60000.0,1.0,0.0,15.44,12.0,1.0,3340.0,20.9,43.0,0.0,0.0,2.0,1.0,662.0,10.0,0.38,0.2790697674418604,173.0,0.0057803468208092,0.0057803468208092,1.0,0
9000.0,36.0,5.32,271.04,0.0,10.0,0.0,99000.0,1.0,2.0,5.93,11.0,0.0,12492.0,43.1,33.0,0.0,0.0,4.0,0.0,697.0,10.0,0.0909090909090909,0.3333333333333333,183.0,0.0,0.0,-1.0,0
18000.0,60.0,17.86,455.72,19.0,3.0,0.0,63000.0,1.0,0.0,24.32,17.0,0.0,24443.0,65.9,40.0,0.0,0.0,2.0,0.0,682.0,10.0,0.2857142857142857,0.425,150.0,0.0,0.0,-1.0,0
12000.0,36.0,9.99,387.15,7.0,1.0,1.0,45000.0,2.0,4.0,23.75,10.0,0.0,18041.0,61.6,14.0,0.0,0.0,0.0,0.0,667.0,10.0,0.2666666666666666,0.7142857142857143,293.0,0.0,0.0,-1.0,0
11550.0,36.0,8.18,362.9,5.0,2.0,1.0,65338.0,0.0,5.0,23.22,14.0,0.0,21034.0,44.3,46.0,1.0,0.0,6.0,0.0,787.0,10.0,0.1767730876365973,0.3043478260869565,449.0,0.0,0.0,-1.0,0
5500.0,36.0,8.18,172.81,5.0,0.0,1.0,70000.0,1.0,0.0,9.69,15.0,1.0,5544.0,38.0,29.0,0.0,0.0,3.0,1.0,682.0,10.0,0.0785714285714285,0.5172413793103449,158.0,0.0063291139240506,0.0063291139240506,1.0,0
10000.0,36.0,5.32,301.15,0.0,4.0,0.0,155000.0,1.0,4.0,23.58,18.0,0.0,31862.0,50.3,43.0,1.0,0.0,4.0,0.0,767.0,10.0,0.064516129032258,0.4186046511627907,195.0,0.0,0.0,-1.0,1
2500.0,36.0,12.05,83.1,10.0,10.0,2.0,38500.0,1.0,9.0,19.11,5.0,1.0,9887.0,78.5,9.0,0.0,0.0,0.0,1.0,687.0,10.0,0.0649350649350649,0.5555555555555556,402.0,0.0024875621890547,0.0024875621890547,1.0,0
17000.0,60.0,12.59,383.25,11.0,3.0,2.0,86000.0,1.0,4.0,15.06,15.0,1.0,20112.0,54.2,21.0,0.0,0.0,0.0,0.0,667.0,10.0,0.1976744186046511,0.7142857142857143,128.0,0.0078125,0.0,0.0,0
20000.0,36.0,7.26,619.93,3.0,3.0,0.0,195000.0,1.0,4.0,8.18,10.0,0.0,39645.0,40.3,25.0,0.0,0.0,3.0,0.0,697.0,10.0,0.1025641025641025,0.4,302.0,0.0,0.0,-1.0,0
28000.0,36.0,5.32,843.22,0.0,6.0,0.0,160000.0,0.0,4.0,10.06,9.0,0.0,34292.0,41.3,21.0,0.0,0.0,5.0,0.0,777.0,10.0,0.175,0.4285714285714285,157.0,0.0,0.0,-1.0,0
18000.0,36.0,12.59,602.95,11.0,0.0,0.0,44000.0,1.0,0.0,26.6,30.0,0.0,13931.0,47.4,32.0,0.0,0.0,1.0,0.0,662.0,10.0,0.4090909090909091,0.9375,181.0,0.0,0.0,-1.0,0
20000.0,36.0,9.17,637.58,6.0,0.0,1.0,100000.0,1.0,4.0,9.28,18.0,0.0,21448.0,44.4,29.0,0.0,0.0,0.0,0.0,672.0,10.0,0.2,0.6206896551724138,170.0,0.0,0.0,-1.0,0
14400.0,60.0,21.99,397.64,25.0,10.0,1.0,53000.0,2.0,11.0,25.14,8.0,1.0,11767.0,92.7,14.0,1.0,0.0,0.0,1.0,672.0,10.0,0.2716981132075471,0.5714285714285714,205.0,0.0048780487804878,0.0048780487804878,1.0,1
4800.0,36.0,8.18,150.82,5.0,10.0,1.0,76000.0,1.0,2.0,28.71,12.0,1.0,12399.0,52.1,31.0,1.0,0.0,0.0,1.0,667.0,10.0,0.0631578947368421,0.3870967741935484,222.0,0.0045045045045045,0.0045045045045045,1.0,0
18100.0,60.0,25.99,541.82,29.0,10.0,1.0,125000.0,2.0,0.0,8.43,9.0,1.0,5253.0,31.6,25.0,0.0,0.0,6.0,1.0,667.0,10.0,0.1448,0.36,280.0,0.0035714285714285,0.0035714285714285,1.0,1
9000.0,36.0,5.32,271.04,0.0,2.0,0.0,80000.0,0.0,4.0,17.61,7.0,0.0,9647.0,51.3,10.0,1.0,0.0,1.0,0.0,722.0,11.0,0.1125,0.7,114.0,0.0,0.0,-1.0,0
6000.0,36.0,13.18,202.69,12.0,1.0,0.0,27140.0,1.0,0.0,30.69,21.0,0.0,2231.0,30.6,23.0,0.0,1.0,0.0,0.0,692.0,11.0,0.2210759027266028,0.9130434782608696,64.0,0.0,0.0,-1.0,0
4800.0,36.0,11.99,159.41,10.0,6.0,0.0,225000.0,1.0,3.0,4.28,10.0,0.0,8343.0,27.2,10.0,0.0,0.0,1.0,0.0,667.0,11.0,0.0213333333333333,1.0,42.0,0.0,0.0,-1.0,0
6200.0,36.0,14.48,213.35,14.0,10.0,0.0,52500.0,2.0,0.0,38.65,7.0,0.0,25203.0,95.1,17.0,0.0,0.0,3.0,0.0,692.0,11.0,0.1180952380952381,0.4117647058823529,178.0,0.0,0.0,-1.0,0
24000.0,36.0,10.78,783.24,8.0,10.0,0.0,125000.0,2.0,0.0,23.39,15.0,0.0,66762.0,70.1,32.0,0.0,0.0,2.0,0.0,687.0,11.0,0.192,0.46875,411.0,0.0,0.0,-1.0,0
16000.0,60.0,17.86,405.08,19.0,10.0,0.0,90000.0,1.0,0.0,20.23,15.0,0.0,11802.0,61.5,32.0,0.0,0.0,1.0,0.0,677.0,11.0,0.1777777777777777,0.46875,243.0,0.0,0.0,-1.0,0
20000.0,60.0,8.49,410.24,5.0,6.0,0.0,75000.0,0.0,0.0,17.39,13.0,0.0,7859.0,13.9,25.0,0.0,0.0,1.0,0.0,817.0,11.0,0.2666666666666666,0.52,235.0,0.0,0.0,-1.0,0
21000.0,36.0,11.99,697.41,10.0,9.0,0.0,50000.0,2.0,0.0,21.38,8.0,1.0,7988.0,70.1,18.0,0.0,0.0,1.0,1.0,697.0,11.0,0.42,0.4444444444444444,275.0,0.0036363636363636,0.0036363636363636,1.0,0
24000.0,60.0,13.18,548.29,12.0,10.0,0.0,92000.0,1.0,0.0,30.92,17.0,0.0,53300.0,89.6,32.0,0.0,0.0,2.0,0.0,697.0,11.0,0.2608695652173913,0.53125,528.0,0.0,0.0,-1.0,1
28800.0,60.0,10.64,621.03,8.0,10.0,0.0,75000.0,0.0,0.0,20.64,17.0,0.0,32602.0,59.0,34.0,1.0,0.0,3.0,0.0,722.0,11.0,0.384,0.5,209.0,0.0,0.0,-1.0,0
3000.0,36.0,14.48,103.24,14.0,10.0,1.0,30000.0,2.0,7.0,25.92,8.0,0.0,30435.0,48.8,19.0,0.0,0.0,0.0,0.0,672.0,11.0,0.1,0.4210526315789473,177.0,0.0,0.0,-1.0,0
20000.0,60.0,16.99,496.95,17.0,10.0,1.0,75000.0,1.0,0.0,35.92,40.0,0.0,30616.0,48.1,56.0,1.0,0.0,0.0,0.0,717.0,11.0,0.2666666666666666,0.7142857142857143,173.0,0.0,0.0,-1.0,1
8000.0,36.0,11.22,262.75,9.0,10.0,0.0,60000.0,0.0,0.0,13.9,19.0,1.0,8641.0,25.6,53.0,0.0,0.0,2.0,1.0,682.0,11.0,0.1333333333333333,0.3584905660377358,242.0,0.0041322314049586,0.0041322314049586,1.0,0
30000.0,36.0,7.89,938.57,4.0,6.0,1.0,127500.0,2.0,0.0,15.24,14.0,0.0,30313.0,45.3,29.0,0.0,0.0,3.0,0.0,747.0,11.0,0.2352941176470588,0.4827586206896552,297.0,0.0,0.0,-1.0,0
16000.0,36.0,9.76,514.48,7.0,4.0,1.0,45000.0,1.0,0.0,13.0,14.0,0.0,16469.0,47.6,21.0,0.0,0.0,0.0,0.0,672.0,11.0,0.3555555555555555,0.6666666666666666,180.0,0.0,0.0,-1.0,0
25000.0,36.0,7.89,782.15,4.0,10.0,1.0,100000.0,1.0,4.0,15.69,13.0,0.0,34819.0,80.6,18.0,0.0,0.0,0.0,0.0,687.0,11.0,0.25,0.7222222222222222,344.0,0.0,0.0,-1.0,0
8000.0,36.0,7.89,250.29,4.0,10.0,1.0,40000.0,1.0,0.0,15.36,10.0,0.0,10575.0,47.0,21.0,0.0,0.0,3.0,0.0,712.0,11.0,0.2,0.4761904761904761,189.0,0.0,0.0,-1.0,0
3600.0,36.0,6.89,110.98,2.0,2.0,1.0,33500.0,0.0,0.0,21.64,31.0,0.0,2134.0,8.1,47.0,0.0,0.0,0.0,0.0,757.0,11.0,0.1074626865671641,0.6595744680851063,116.0,0.0,0.0,-1.0,0
35000.0,36.0,14.85,1210.72,14.0,4.0,0.0,125000.0,1.0,0.0,15.9,27.0,0.0,49769.0,63.0,30.0,0.0,0.0,1.0,0.0,662.0,11.0,0.28,0.9,221.0,0.0,0.0,-1.0,0
24000.0,60.0,12.88,544.61,11.0,10.0,1.0,73000.0,0.0,4.0,19.76,8.0,1.0,9016.0,88.4,20.0,0.0,0.0,0.0,0.0,662.0,11.0,0.3287671232876712,0.4,154.0,0.0064935064935064,0.0,0.0,1
10000.0,36.0,5.32,301.15,0.0,8.0,1.0,72000.0,1.0,0.0,16.42,13.0,0.0,31789.0,59.5,14.0,0.0,0.0,0.0,0.0,692.0,11.0,0.1388888888888889,0.9285714285714286,66.0,0.0,0.0,-1.0,0
12000.0,60.0,9.8,253.79,7.0,10.0,0.0,65000.0,0.0,0.0,23.84,18.0,0.0,9786.0,13.4,37.0,0.0,0.0,2.0,0.0,787.0,11.0,0.1846153846153846,0.4864864864864865,145.0,0.0,0.0,-1.0,0
20000.0,36.0,10.78,652.7,8.0,2.0,1.0,55000.0,2.0,0.0,22.58,11.0,0.0,23324.0,62.9,22.0,0.0,0.0,0.0,0.0,672.0,11.0,0.3636363636363636,0.5,101.0,0.0,0.0,-1.0,0
10000.0,36.0,9.17,318.79,6.0,2.0,0.0,46000.0,1.0,0.0,26.14,11.0,1.0,7709.0,51.7,28.0,0.0,0.0,4.0,1.0,687.0,11.0,0.217391304347826,0.3928571428571428,148.0,0.0067567567567567,0.0067567567567567,1.0,0
21000.0,36.0,8.49,662.83,5.0,8.0,0.0,130000.0,0.0,0.0,7.98,8.0,0.0,37540.0,73.2,22.0,0.0,0.0,7.0,0.0,667.0,11.0,0.1615384615384615,0.3636363636363636,308.0,0.0,0.0,-1.0,0
10500.0,60.0,11.99,233.52,10.0,0.0,1.0,110000.0,0.0,0.0,18.15,11.0,0.0,7797.0,42.6,19.0,0.0,0.0,0.0,0.0,712.0,11.0,0.0954545454545454,0.5789473684210527,107.0,0.0,0.0,-1.0,0
6000.0,36.0,12.88,201.82,11.0,10.0,1.0,38969.0,2.0,0.0,17.06,10.0,0.0,12704.0,64.8,20.0,0.0,0.0,1.0,0.0,697.0,11.0,0.1539685390951782,0.5,171.0,0.0,0.0,-1.0,0
28000.0,36.0,17.27,1002.05,17.0,7.0,0.0,125000.0,0.0,1.0,12.62,9.0,0.0,21896.0,74.7,25.0,0.0,0.0,1.0,0.0,662.0,11.0,0.224,0.36,203.0,0.0,0.0,-1.0,0
12000.0,36.0,8.49,378.76,5.0,0.0,1.0,60000.0,0.0,4.0,18.1,6.0,0.0,15548.0,81.8,22.0,0.0,0.0,2.0,0.0,702.0,11.0,0.2,0.2727272727272727,218.0,0.0,0.0,-1.0,1
10000.0,36.0,14.85,345.92,14.0,0.0,0.0,32600.0,0.0,0.0,13.15,19.0,2.0,5395.0,33.1,35.0,0.0,0.0,0.0,0.0,697.0,11.0,0.3067484662576687,0.5428571428571428,147.0,0.0136054421768707,0.0,0.0,0
9275.0,36.0,19.89,344.18,22.0,0.0,0.0,62000.0,2.0,0.0,14.34,32.0,0.0,12945.0,28.0,39.0,0.0,0.0,3.0,0.0,692.0,11.0,0.1495967741935484,0.8205128205128205,190.0,0.0,0.0,-1.0,0
30375.0,36.0,16.59,1076.77,16.0,7.0,0.0,120000.0,1.0,0.0,19.82,20.0,0.0,9807.0,30.3,49.0,0.0,0.0,5.0,0.0,667.0,11.0,0.253125,0.4081632653061224,237.0,0.0,0.0,-1.0,0
20000.0,36.0,11.48,659.33,9.0,10.0,0.0,120000.0,1.0,0.0,17.82,16.0,0.0,22268.0,61.5,24.0,0.0,0.0,1.0,0.0,672.0,11.0,0.1666666666666666,0.6666666666666666,80.0,0.0,0.0,-1.0,1
5000.0,36.0,9.17,159.4,6.0,10.0,0.0,45000.0,1.0,5.0,10.81,10.0,1.0,8552.0,36.2,21.0,0.0,0.0,2.0,1.0,667.0,11.0,0.1111111111111111,0.4761904761904761,196.0,0.0051020408163265,0.0051020408163265,1.0,0
4500.0,36.0,6.24,137.39,1.0,10.0,0.0,70000.0,1.0,0.0,22.76,14.0,0.0,4627.0,15.6,27.0,0.0,0.0,2.0,0.0,757.0,11.0,0.0642857142857142,0.5185185185185185,170.0,0.0,0.0,-1.0,0
8000.0,36.0,11.22,262.75,9.0,0.0,1.0,60000.0,1.0,0.0,14.28,8.0,0.0,4821.0,56.1,11.0,0.0,0.0,0.0,0.0,702.0,11.0,0.1333333333333333,0.7272727272727273,264.0,0.0,0.0,-1.0,0
25000.0,36.0,14.48,860.29,14.0,10.0,0.0,105000.0,0.0,0.0,29.93,8.0,0.0,315.0,13.1,20.0,0.0,0.0,3.0,0.0,757.0,11.0,0.238095238095238,0.4,177.0,0.0,0.0,-1.0,1
5000.0,36.0,11.99,166.05,10.0,6.0,0.0,25000.0,1.0,0.0,7.06,10.0,0.0,4208.0,80.9,23.0,1.0,0.0,1.0,0.0,672.0,11.0,0.2,0.4347826086956521,124.0,0.0,0.0,-1.0,1
7000.0,36.0,15.41,244.07,15.0,5.0,0.0,24000.0,2.0,5.0,21.5,6.0,0.0,2851.0,49.2,17.0,0.0,0.0,1.0,0.0,692.0,11.0,0.2916666666666667,0.3529411764705882,101.0,0.0,0.0,-1.0,0
5000.0,36.0,13.67,170.09,13.0,2.0,1.0,20000.0,1.0,4.0,25.63,6.0,0.0,2931.0,61.1,6.0,0.0,0.0,0.0,0.0,677.0,11.0,0.25,1.0,144.0,0.0,0.0,-1.0,0
10000.0,36.0,8.38,315.12,5.0,6.0,1.0,41500.0,2.0,0.0,21.34,9.0,0.0,216.0,2.1,19.0,0.0,0.0,0.0,0.0,742.0,11.0,0.2409638554216867,0.4736842105263157,191.0,0.0,0.0,-1.0,1
6400.0,36.0,12.59,214.38,11.0,6.0,0.0,25000.0,2.0,4.0,34.85,9.0,0.0,14776.0,69.7,16.0,0.0,0.0,0.0,0.0,682.0,11.0,0.256,0.5625,261.0,0.0,0.0,-1.0,0
18000.0,36.0,7.26,557.94,3.0,9.0,0.0,75000.0,1.0,4.0,30.37,20.0,0.0,21660.0,31.8,27.0,0.0,0.0,2.0,0.0,702.0,11.0,0.24,0.7407407407407407,129.0,0.0,0.0,-1.0,0
16075.0,60.0,13.18,367.24,12.0,2.0,2.0,66398.0,0.0,0.0,29.08,14.0,0.0,42115.0,65.8,29.0,1.0,0.0,6.0,0.0,742.0,11.0,0.2421006656827012,0.4827586206896552,378.0,0.0,0.0,-1.0,1
27000.0,36.0,5.32,813.1,0.0,7.0,0.0,120000.0,1.0,4.0,7.12,10.0,0.0,72972.0,47.0,29.0,0.0,0.0,9.0,0.0,722.0,11.0,0.225,0.3448275862068966,212.0,0.0,0.0,-1.0,0
22800.0,36.0,15.41,794.96,15.0,10.0,0.0,75000.0,0.0,0.0,13.28,10.0,0.0,26345.0,77.9,20.0,0.0,0.0,3.0,0.0,677.0,11.0,0.304,0.5,188.0,0.0,0.0,-1.0,0
5000.0,36.0,11.99,166.05,10.0,10.0,0.0,75000.0,0.0,3.0,13.18,12.0,0.0,2693.0,9.1,27.0,0.0,0.0,4.0,0.0,692.0,11.0,0.0666666666666666,0.4444444444444444,172.0,0.0,0.0,-1.0,0
7800.0,36.0,11.22,256.18,9.0,5.0,1.0,48500.0,1.0,4.0,9.48,19.0,1.0,4764.0,15.4,21.0,0.0,0.0,0.0,0.0,667.0,11.0,0.1608247422680412,0.9047619047619048,68.0,0.0147058823529411,0.0,0.0,0
8000.0,36.0,7.89,250.29,4.0,2.0,0.0,55000.0,1.0,4.0,28.52,8.0,0.0,6400.0,91.4,14.0,0.0,0.0,1.0,0.0,672.0,11.0,0.1454545454545454,0.5714285714285714,109.0,0.0,0.0,-1.0,0
9600.0,36.0,7.89,300.35,4.0,8.0,2.0,35000.0,2.0,2.0,25.29,7.0,0.0,4864.0,51.2,15.0,1.0,0.0,0.0,0.0,677.0,11.0,0.2742857142857143,0.4666666666666667,121.0,0.0,0.0,-1.0,0
28000.0,36.0,7.89,876.0,4.0,10.0,1.0,100000.0,1.0,1.0,10.39,10.0,0.0,36529.0,52.0,20.0,0.0,0.0,3.0,0.0,697.0,11.0,0.28,0.5,262.0,0.0,0.0,-1.0,0
20000.0,36.0,9.17,637.58,6.0,10.0,1.0,55000.0,0.0,4.0,21.36,10.0,0.0,28611.0,77.3,22.0,0.0,0.0,0.0,0.0,697.0,11.0,0.3636363636363636,0.4545454545454545,395.0,0.0,0.0,-1.0,0
10000.0,60.0,10.64,215.64,8.0,1.0,0.0,70000.0,0.0,0.0,22.82,21.0,0.0,17624.0,35.7,46.0,0.0,0.0,1.0,0.0,707.0,11.0,0.1428571428571428,0.4565217391304347,189.0,0.0,0.0,-1.0,0
22000.0,36.0,9.17,701.34,6.0,10.0,1.0,95000.0,0.0,4.0,14.22,20.0,2.0,18725.0,29.0,25.0,0.0,0.0,0.0,0.0,662.0,11.0,0.231578947368421,0.8,153.0,0.0130718954248366,0.0,0.0,0
8000.0,36.0,5.32,240.92,0.0,10.0,0.0,60000.0,1.0,4.0,17.32,12.0,0.0,14308.0,57.9,23.0,0.0,0.0,2.0,0.0,692.0,11.0,0.1333333333333333,0.5217391304347826,197.0,0.0,0.0,-1.0,0
8400.0,36.0,11.99,278.97,10.0,10.0,0.0,110000.0,2.0,4.0,34.16,28.0,0.0,27656.0,53.7,61.0,0.0,0.0,4.0,0.0,682.0,11.0,0.0763636363636363,0.4590163934426229,185.0,0.0,0.0,-1.0,1
5000.0,36.0,11.22,164.22,9.0,2.0,1.0,82500.0,2.0,0.0,10.87,7.0,0.0,14314.0,61.8,15.0,0.0,0.0,0.0,0.0,672.0,11.0,0.0606060606060606,0.4666666666666667,213.0,0.0,0.0,-1.0,0
2000.0,36.0,17.86,72.17,19.0,5.0,1.0,32000.0,2.0,5.0,27.42,10.0,1.0,4789.0,74.8,25.0,1.0,0.0,0.0,0.0,667.0,11.0,0.0625,0.4,135.0,0.0074074074074074,0.0,0.0,0
6000.0,36.0,12.59,200.99,11.0,10.0,0.0,68000.0,0.0,4.0,17.86,11.0,0.0,5867.0,53.3,43.0,0.0,0.0,3.0,0.0,692.0,11.0,0.088235294117647,0.2558139534883721,127.0,0.0,0.0,-1.0,0
12000.0,36.0,22.99,464.46,26.0,2.0,1.0,30000.0,2.0,0.0,28.04,12.0,0.0,5196.0,57.7,12.0,1.0,0.0,0.0,0.0,697.0,11.0,0.4,1.0,38.0,0.0,0.0,-1.0,1
1500.0,36.0,11.99,49.82,10.0,7.0,1.0,31000.0,1.0,5.0,22.92,4.0,0.0,8376.0,82.9,8.0,1.0,0.0,0.0,0.0,667.0,11.0,0.0483870967741935,0.5,106.0,0.0,0.0,-1.0,0
6000.0,36.0,10.64,195.42,8.0,7.0,0.0,60000.0,1.0,0.0,20.34,7.0,0.0,4028.0,59.2,15.0,0.0,0.0,2.0,0.0,672.0,11.0,0.1,0.4666666666666667,219.0,0.0,0.0,-1.0,0
20000.0,36.0,10.64,651.37,8.0,9.0,0.0,87900.0,1.0,0.0,16.85,12.0,0.0,12391.0,62.6,31.0,0.0,0.0,1.0,0.0,662.0,11.0,0.2275312855517633,0.3870967741935484,176.0,0.0,0.0,-1.0,0
1000.0,36.0,22.99,38.71,26.0,7.0,1.0,47000.0,1.0,0.0,31.54,20.0,0.0,14296.0,97.9,56.0,0.0,0.0,0.0,0.0,672.0,11.0,0.0212765957446808,0.3571428571428571,207.0,0.0,0.0,-1.0,0
19200.0,60.0,10.64,414.02,8.0,7.0,0.0,81616.0,2.0,2.0,18.84,12.0,0.0,21182.0,26.5,33.0,0.0,0.0,1.0,0.0,782.0,11.0,0.2352479905900803,0.3636363636363636,178.0,0.0,0.0,-1.0,1
29950.0,60.0,11.99,666.07,10.0,10.0,0.0,440000.0,2.0,9.0,9.57,12.0,0.0,79324.0,52.0,37.0,0.0,0.0,3.0,0.0,742.0,11.0,0.0680681818181818,0.3243243243243243,272.0,0.0,0.0,-1.0,0
15000.0,60.0,8.38,306.89,5.0,5.0,2.0,95000.0,0.0,4.0,10.56,8.0,0.0,19050.0,35.2,26.0,1.0,0.0,5.0,0.0,712.0,11.0,0.1578947368421052,0.3076923076923077,237.0,0.0,0.0,-1.0,0
3000.0,36.0,11.99,99.63,10.0,10.0,0.0,53000.0,0.0,5.0,31.97,6.0,0.0,21331.0,94.0,19.0,1.0,0.0,3.0,0.0,672.0,11.0,0.0566037735849056,0.3157894736842105,303.0,0.0,0.0,-1.0,0
5000.0,36.0,6.24,152.66,1.0,10.0,0.0,52000.0,0.0,0.0,22.5,15.0,0.0,2240.0,4.6,39.0,1.0,0.0,4.0,0.0,797.0,11.0,0.0961538461538461,0.3846153846153846,355.0,0.0,0.0,-1.0,0
14400.0,36.0,7.89,450.52,4.0,8.0,0.0,81250.0,0.0,0.0,37.49,8.0,0.0,49549.0,71.2,18.0,0.0,0.0,3.0,0.0,732.0,11.0,0.1772307692307692,0.4444444444444444,153.0,0.0,0.0,-1.0,0
5000.0,36.0,9.76,160.78,7.0,5.0,1.0,45000.0,1.0,5.0,17.79,6.0,0.0,8298.0,74.8,9.0,1.0,0.0,0.0,0.0,667.0,11.0,0.1111111111111111,0.6666666666666666,190.0,0.0,0.0,-1.0,0
35000.0,60.0,22.99,986.47,26.0,6.0,1.0,80000.0,2.0,0.0,31.71,22.0,0.0,19914.0,65.9,44.0,1.0,0.0,1.0,0.0,662.0,11.0,0.4375,0.5,232.0,0.0,0.0,-1.0,1
35000.0,36.0,11.99,1162.34,10.0,10.0,2.0,109600.0,1.0,4.0,24.92,21.0,0.0,11919.0,44.8,32.0,0.0,0.0,0.0,0.0,692.0,11.0,0.3193430656934307,0.65625,312.0,0.0,0.0,-1.0,1
15000.0,36.0,8.38,472.68,5.0,10.0,1.0,88000.0,2.0,0.0,9.23,9.0,0.0,11145.0,64.0,30.0,0.0,0.0,4.0,0.0,672.0,11.0,0.1704545454545454,0.3,256.0,0.0,0.0,-1.0,1
15600.0,36.0,9.17,497.32,6.0,10.0,0.0,41000.0,0.0,0.0,10.45,8.0,0.0,15127.0,28.4,23.0,0.0,0.0,6.0,0.0,737.0,11.0,0.3804878048780488,0.3478260869565217,262.0,0.0,0.0,-1.0,0
3500.0,36.0,9.76,112.55,7.0,2.0,1.0,24000.0,2.0,0.0,7.65,5.0,0.0,3507.0,43.3,7.0,0.0,0.0,0.0,0.0,672.0,11.0,0.1458333333333333,0.7142857142857143,73.0,0.0,0.0,-1.0,0
10000.0,60.0,13.18,228.46,12.0,10.0,1.0,95000.0,1.0,5.0,9.7,4.0,1.0,1001.0,20.0,15.0,0.0,0.0,2.0,1.0,667.0,11.0,0.1052631578947368,0.2666666666666666,156.0,0.0064102564102564,0.0064102564102564,1.0,0
8700.0,36.0,9.17,277.35,6.0,7.0,0.0,45000.0,0.0,4.0,12.24,5.0,1.0,13038.0,64.0,14.0,1.0,0.0,1.0,1.0,682.0,11.0,0.1933333333333333,0.3571428571428571,186.0,0.0053763440860215,0.0053763440860215,1.0,1
3500.0,36.0,11.99,116.24,10.0,10.0,0.0,90000.0,0.0,0.0,23.36,16.0,0.0,52938.0,77.4,34.0,0.0,0.0,4.0,0.0,687.0,11.0,0.0388888888888888,0.4705882352941176,299.0,0.0,0.0,-1.0,0
20000.0,60.0,9.17,416.82,6.0,3.0,1.0,57000.0,1.0,0.0,25.35,17.0,0.0,22598.0,46.2,26.0,0.0,0.0,0.0,0.0,682.0,11.0,0.3508771929824561,0.6538461538461539,243.0,0.0,0.0,-1.0,1
24000.0,36.0,6.89,739.85,2.0,4.0,0.0,164000.0,0.0,4.0,7.62,21.0,0.0,32283.0,28.1,49.0,0.0,0.0,1.0,0.0,717.0,11.0,0.1463414634146341,0.4285714285714285,143.0,0.0,0.0,-1.0,0
12000.0,36.0,7.26,371.96,3.0,8.0,0.0,88030.0,0.0,0.0,17.66,10.0,0.0,7127.0,31.5,35.0,1.0,0.0,4.0,0.0,742.0,11.0,0.1363171646029762,0.2857142857142857,218.0,0.0,0.0,-1.0,0
6000.0,36.0,13.18,202.69,12.0,0.0,1.0,53222.0,2.0,0.0,12.42,6.0,0.0,8427.0,21.9,6.0,0.0,0.0,0.0,0.0,717.0,11.0,0.1127353350118372,1.0,63.0,0.0,0.0,-1.0,0
13000.0,60.0,13.18,296.99,12.0,10.0,1.0,150000.0,0.0,0.0,9.06,16.0,0.0,6901.0,10.0,24.0,0.0,0.0,0.0,0.0,752.0,11.0,0.0866666666666666,0.6666666666666666,265.0,0.0,0.0,-1.0,0
7800.0,36.0,11.22,256.18,9.0,3.0,1.0,50000.0,1.0,0.0,10.92,9.0,0.0,6262.0,46.0,20.0,0.0,0.0,0.0,0.0,662.0,11.0,0.156,0.45,151.0,0.0,0.0,-1.0,0
10425.0,60.0,14.48,245.18,14.0,1.0,0.0,45000.0,2.0,0.0,22.37,15.0,1.0,1026.0,29.0,41.0,0.0,0.0,2.0,1.0,667.0,11.0,0.2316666666666666,0.3658536585365853,225.0,0.0044444444444444,0.0044444444444444,1.0,0
12350.0,36.0,9.17,393.71,6.0,3.0,0.0,43000.0,2.0,0.0,25.34,12.0,0.0,9695.0,71.3,14.0,0.0,0.0,1.0,0.0,712.0,11.0,0.2872093023255814,0.8571428571428571,92.0,0.0,0.0,-1.0,0
7000.0,36.0,5.32,210.81,0.0,10.0,0.0,70000.0,2.0,4.0,28.39,11.0,0.0,18926.0,41.3,22.0,0.0,0.0,3.0,0.0,747.0,11.0,0.1,0.5,229.0,0.0,0.0,-1.0,0
23600.0,60.0,16.55,580.83,16.0,9.0,0.0,59000.0,1.0,4.0,22.29,15.0,0.0,30309.0,71.5,20.0,0.0,0.0,1.0,0.0,692.0,11.0,0.4,0.75,250.0,0.0,0.0,-1.0,1
15000.0,36.0,7.26,464.95,3.0,10.0,0.0,110000.0,0.0,0.0,24.98,11.0,0.0,24131.0,74.9,37.0,0.0,0.0,8.0,0.0,717.0,11.0,0.1363636363636363,0.2972972972972973,456.0,0.0,0.0,-1.0,0
10000.0,36.0,12.59,334.97,11.0,10.0,0.0,63000.0,1.0,0.0,25.56,16.0,1.0,16397.0,63.3,33.0,0.0,0.0,3.0,1.0,667.0,11.0,0.1587301587301587,0.4848484848484848,410.0,0.0024390243902439,0.0024390243902439,1.0,0
13200.0,60.0,18.49,338.73,21.0,1.0,0.0,120000.0,1.0,0.0,12.64,13.0,0.0,3552.0,33.5,17.0,0.0,0.0,4.0,0.0,677.0,11.0,0.11,0.7647058823529411,99.0,0.0,0.0,-1.0,0
12000.0,36.0,11.99,398.52,10.0,2.0,1.0,28000.0,2.0,0.0,26.36,9.0,0.0,12916.0,92.9,11.0,0.0,0.0,0.0,0.0,692.0,11.0,0.4285714285714285,0.8181818181818182,83.0,0.0,0.0,-1.0,0
4900.0,36.0,16.55,173.61,16.0,10.0,1.0,112000.0,2.0,0.0,11.55,8.0,15.0,2517.0,69.9,18.0,1.0,0.0,0.0,0.0,677.0,11.0,0.04375,0.4444444444444444,125.0,0.12,0.0,0.0,1
20000.0,60.0,14.48,470.36,14.0,4.0,0.0,100000.0,1.0,0.0,11.87,24.0,0.0,17801.0,65.9,45.0,0.0,0.0,3.0,0.0,667.0,11.0,0.2,0.5333333333333333,180.0,0.0,0.0,-1.0,0
12000.0,36.0,9.17,382.55,6.0,1.0,1.0,95000.0,1.0,4.0,19.2,10.0,0.0,13379.0,62.8,33.0,0.0,0.0,0.0,0.0,687.0,11.0,0.1263157894736842,0.303030303030303,501.0,0.0,0.0,-1.0,0
30000.0,36.0,12.59,1004.91,11.0,9.0,1.0,75000.0,2.0,0.0,21.82,15.0,0.0,35040.0,47.5,22.0,1.0,0.0,0.0,0.0,712.0,11.0,0.4,0.6818181818181818,214.0,0.0,0.0,-1.0,0
6400.0,36.0,8.38,201.68,5.0,10.0,1.0,35000.0,0.0,0.0,12.68,17.0,0.0,7082.0,46.0,23.0,1.0,0.0,0.0,0.0,672.0,11.0,0.1828571428571428,0.7391304347826086,292.0,0.0,0.0,-1.0,0
30000.0,36.0,9.76,964.64,7.0,5.0,0.0,120000.0,1.0,4.0,20.66,17.0,0.0,45723.0,70.2,48.0,0.0,0.0,7.0,0.0,672.0,11.0,0.25,0.3541666666666667,193.0,0.0,0.0,-1.0,0
5000.0,36.0,7.89,156.43,4.0,10.0,2.0,84000.0,1.0,2.0,16.1,13.0,0.0,9065.0,68.7,23.0,0.0,0.0,2.0,0.0,667.0,11.0,0.0595238095238095,0.5652173913043478,153.0,0.0,0.0,-1.0,0
12000.0,36.0,7.26,371.96,3.0,10.0,2.0,80000.0,0.0,2.0,13.04,13.0,0.0,19689.0,35.6,27.0,0.0,0.0,1.0,0.0,717.0,11.0,0.15,0.4814814814814814,229.0,0.0,0.0,-1.0,1
15000.0,36.0,13.18,506.72,12.0,10.0,0.0,150000.0,2.0,4.0,3.55,7.0,0.0,8805.0,52.4,16.0,0.0,0.0,4.0,0.0,662.0,11.0,0.1,0.4375,136.0,0.0,0.0,-1.0,0
16800.0,60.0,17.57,422.69,18.0,0.0,0.0,39990.0,2.0,0.0,17.98,6.0,0.0,1813.0,18.9,13.0,1.0,1.0,1.0,0.0,707.0,11.0,0.4201050262565641,0.4615384615384615,140.0,0.0,0.0,-1.0,0
9000.0,36.0,13.67,306.16,13.0,10.0,0.0,69000.0,0.0,0.0,15.6,9.0,0.0,9365.0,44.0,13.0,0.0,0.0,1.0,0.0,692.0,11.0,0.1304347826086956,0.6923076923076923,199.0,0.0,0.0,-1.0,0
35000.0,36.0,16.55,1240.03,16.0,10.0,1.0,100000.0,2.0,0.0,38.04,17.0,0.0,44530.0,64.0,25.0,1.0,0.0,1.0,0.0,702.0,11.0,0.35,0.68,129.0,0.0,0.0,-1.0,0
26500.0,60.0,19.99,701.95,23.0,10.0,2.0,53000.0,2.0,0.0,24.77,15.0,0.0,26452.0,67.1,25.0,1.0,0.0,0.0,0.0,667.0,11.0,0.5,0.6,379.0,0.0,0.0,-1.0,1
9050.0,36.0,13.18,305.72,12.0,10.0,0.0,50000.0,2.0,0.0,30.51,8.0,0.0,15537.0,50.6,19.0,0.0,0.0,2.0,0.0,687.0,11.0,0.181,0.4210526315789473,211.0,0.0,0.0,-1.0,0
7225.0,36.0,11.22,237.3,9.0,2.0,1.0,67000.0,0.0,0.0,12.15,19.0,0.0,9385.0,24.7,27.0,0.0,0.0,4.0,0.0,712.0,11.0,0.1078358208955223,0.7037037037037037,142.0,0.0,0.0,-1.0,0
8000.0,36.0,9.76,257.24,7.0,3.0,1.0,80000.0,2.0,3.0,31.73,15.0,0.0,26823.0,81.8,26.0,0.0,0.0,0.0,0.0,672.0,11.0,0.1,0.5769230769230769,106.0,0.0,0.0,-1.0,1
16500.0,36.0,15.41,575.3,15.0,9.0,1.0,36000.0,2.0,0.0,38.37,8.0,0.0,6457.0,65.9,20.0,0.0,0.0,0.0,0.0,677.0,11.0,0.4583333333333333,0.4,110.0,0.0,0.0,-1.0,1
2800.0,36.0,14.48,96.36,14.0,2.0,2.0,35000.0,1.0,0.0,27.64,13.0,0.0,13405.0,66.4,33.0,0.0,0.0,0.0,0.0,677.0,11.0,0.08,0.3939393939393939,350.0,0.0,0.0,-1.0,1
7500.0,36.0,6.89,231.21,2.0,1.0,0.0,50000.0,0.0,4.0,23.09,13.0,0.0,11856.0,37.6,28.0,1.0,0.0,5.0,0.0,707.0,11.0,0.15,0.4642857142857143,163.0,0.0,0.0,-1.0,0
5600.0,36.0,12.59,187.59,11.0,10.0,1.0,77000.0,2.0,0.0,30.33,16.0,0.0,37694.0,90.2,27.0,0.0,0.0,0.0,0.0,677.0,11.0,0.0727272727272727,0.5925925925925926,187.0,0.0,0.0,-1.0,0
11200.0,60.0,18.2,285.63,20.0,10.0,0.0,50000.0,2.0,0.0,22.2,18.0,2.0,6639.0,81.0,27.0,1.0,0.0,2.0,2.0,662.0,11.0,0.224,0.6666666666666666,160.0,0.0125,0.0125,1.0,1
9600.0,36.0,14.48,330.35,14.0,8.0,0.0,78000.0,1.0,0.0,22.38,10.0,0.0,24872.0,62.5,15.0,0.0,0.0,0.0,0.0,722.0,11.0,0.123076923076923,0.6666666666666666,294.0,0.0,0.0,-1.0,0
5000.0,36.0,11.99,166.05,10.0,3.0,1.0,87000.0,2.0,4.0,12.84,7.0,0.0,15702.0,82.6,7.0,0.0,0.0,0.0,0.0,662.0,11.0,0.057471264367816,1.0,122.0,0.0,0.0,-1.0,0
24000.0,36.0,11.22,788.24,9.0,10.0,1.0,130000.0,2.0,3.0,34.85,7.0,0.0,27258.0,96.3,17.0,0.0,0.0,3.0,0.0,697.0,11.0,0.1846153846153846,0.4117647058823529,546.0,0.0,0.0,-1.0,1
9600.0,36.0,7.26,297.57,3.0,0.0,0.0,95000.0,1.0,4.0,37.63,17.0,0.0,28039.0,78.8,42.0,0.0,0.0,5.0,0.0,702.0,11.0,0.1010526315789473,0.4047619047619047,233.0,0.0,0.0,-1.0,0
18000.0,36.0,5.32,542.07,0.0,8.0,0.0,65000.0,0.0,4.0,18.94,11.0,0.0,16773.0,25.3,18.0,0.0,0.0,3.0,0.0,802.0,11.0,0.2769230769230769,0.6111111111111112,341.0,0.0,0.0,-1.0,0
7200.0,36.0,9.17,229.53,6.0,0.0,1.0,30000.0,1.0,0.0,17.6,4.0,0.0,5926.0,57.0,5.0,0.0,0.0,0.0,0.0,707.0,11.0,0.24,0.8,48.0,0.0,0.0,-1.0,0
9000.0,36.0,5.32,271.04,0.0,10.0,0.0,87000.0,1.0,4.0,9.93,11.0,0.0,18734.0,62.0,30.0,0.0,0.0,2.0,0.0,702.0,11.0,0.1034482758620689,0.3666666666666666,295.0,0.0,0.0,-1.0,0
2500.0,36.0,14.48,86.03,14.0,4.0,1.0,28000.0,1.0,0.0,32.66,7.0,0.0,3816.0,95.4,11.0,0.0,0.0,0.0,0.0,682.0,11.0,0.0892857142857142,0.6363636363636364,97.0,0.0,0.0,-1.0,1
15000.0,36.0,12.59,502.46,11.0,5.0,2.0,35000.0,1.0,4.0,36.83,4.0,0.0,7517.0,71.6,6.0,0.0,0.0,0.0,0.0,697.0,11.0,0.4285714285714285,0.6666666666666666,53.0,0.0,0.0,-1.0,0
17000.0,36.0,16.55,602.3,16.0,10.0,2.0,34000.0,0.0,0.0,20.33,2.0,0.0,21871.0,93.1,10.0,0.0,0.0,0.0,0.0,702.0,11.0,0.5,0.2,365.0,0.0,0.0,-1.0,0
4000.0,36.0,13.18,135.13,12.0,10.0,0.0,80000.0,2.0,5.0,30.34,17.0,0.0,31376.0,58.1,28.0,0.0,0.0,4.0,0.0,677.0,11.0,0.05,0.6071428571428571,344.0,0.0,0.0,-1.0,0
15000.0,36.0,11.99,498.15,10.0,10.0,0.0,68000.0,2.0,4.0,19.84,18.0,0.0,24241.0,62.2,28.0,0.0,0.0,2.0,0.0,692.0,11.0,0.2205882352941176,0.6428571428571429,199.0,0.0,0.0,-1.0,1
25000.0,60.0,9.76,528.23,7.0,2.0,1.0,56000.0,1.0,0.0,23.08,16.0,0.0,19623.0,29.6,28.0,0.0,0.0,0.0,0.0,687.0,11.0,0.4464285714285714,0.5714285714285714,122.0,0.0,0.0,-1.0,0
24000.0,36.0,9.17,765.1,6.0,0.0,1.0,76000.0,1.0,4.0,16.15,11.0,0.0,16630.0,74.6,16.0,0.0,0.0,0.0,0.0,667.0,11.0,0.3157894736842105,0.6875,83.0,0.0,0.0,-1.0,0
33475.0,36.0,13.67,1138.74,13.0,10.0,0.0,360000.0,2.0,2.0,15.83,15.0,0.0,11742.0,64.5,27.0,0.0,0.0,4.0,0.0,707.0,11.0,0.0929861111111111,0.5555555555555556,246.0,0.0,0.0,-1.0,1
3000.0,36.0,17.57,107.82,18.0,5.0,0.0,35000.0,1.0,5.0,31.07,9.0,1.0,17535.0,88.6,17.0,0.0,0.0,1.0,0.0,672.0,11.0,0.0857142857142857,0.5294117647058824,251.0,0.0039840637450199,0.0,0.0,0
4000.0,36.0,11.22,131.38,9.0,0.0,1.0,140000.0,1.0,10.0,17.66,22.0,1.0,16479.0,26.1,49.0,0.0,0.0,3.0,0.0,682.0,11.0,0.0285714285714285,0.4489795918367347,314.0,0.0031847133757961,0.0,0.0,0
9600.0,36.0,11.99,318.82,10.0,9.0,0.0,53000.0,2.0,4.0,32.61,19.0,0.0,14093.0,43.9,33.0,0.0,0.0,1.0,0.0,672.0,11.0,0.1811320754716981,0.5757575757575758,136.0,0.0,0.0,-1.0,0
4000.0,36.0,11.99,132.84,10.0,3.0,0.0,40000.0,2.0,0.0,27.66,10.0,0.0,4618.0,71.0,26.0,0.0,0.0,0.0,0.0,672.0,11.0,0.1,0.3846153846153846,151.0,0.0,0.0,-1.0,0
13800.0,60.0,13.67,318.75,13.0,2.0,1.0,135000.0,1.0,0.0,13.57,11.0,1.0,7352.0,36.0,20.0,0.0,0.0,3.0,1.0,667.0,11.0,0.1022222222222222,0.55,143.0,0.0069930069930069,0.0069930069930069,1.0,0
10000.0,36.0,12.59,334.97,11.0,2.0,1.0,42000.0,2.0,0.0,28.78,6.0,0.0,11005.0,68.4,8.0,0.0,0.0,0.0,0.0,697.0,11.0,0.238095238095238,0.75,267.0,0.0,0.0,-1.0,0
20000.0,36.0,9.17,637.58,6.0,3.0,0.0,70000.0,1.0,4.0,14.9,6.0,1.0,16364.0,92.0,19.0,1.0,0.0,1.0,1.0,662.0,11.0,0.2857142857142857,0.3157894736842105,243.0,0.0041152263374485,0.0041152263374485,1.0,0
12000.0,36.0,5.32,361.38,0.0,10.0,0.0,118000.0,0.0,4.0,6.57,9.0,0.0,11511.0,20.7,33.0,0.0,0.0,6.0,0.0,812.0,11.0,0.1016949152542373,0.2727272727272727,228.0,0.0,0.0,-1.0,0
20850.0,60.0,21.99,575.74,25.0,10.0,0.0,116000.0,2.0,0.0,29.01,9.0,0.0,19639.0,92.2,24.0,1.0,0.0,4.0,0.0,667.0,11.0,0.1797413793103448,0.375,249.0,0.0,0.0,-1.0,0
15000.0,36.0,6.24,457.97,1.0,10.0,0.0,97000.0,0.0,2.0,3.66,10.0,1.0,5117.0,26.0,32.0,0.0,0.0,4.0,1.0,692.0,11.0,0.1546391752577319,0.3125,288.0,0.0034722222222222,0.0034722222222222,1.0,0
16000.0,36.0,13.18,540.5,12.0,5.0,0.0,70000.0,1.0,0.0,22.48,11.0,0.0,5778.0,67.2,24.0,0.0,0.0,2.0,0.0,682.0,11.0,0.2285714285714285,0.4583333333333333,197.0,0.0,0.0,-1.0,1
4950.0,36.0,18.2,179.46,20.0,4.0,0.0,90000.0,1.0,5.0,16.56,14.0,2.0,5776.0,68.0,20.0,1.0,0.0,3.0,1.0,662.0,11.0,0.055,0.7,155.0,0.0129032258064516,0.0064516129032258,0.5,0
30000.0,36.0,8.38,945.36,5.0,10.0,0.0,90000.0,1.0,4.0,23.95,9.0,0.0,72601.0,83.0,41.0,0.0,0.0,6.0,0.0,702.0,11.0,0.3333333333333333,0.2195121951219512,293.0,0.0,0.0,-1.0,0
35000.0,60.0,13.44,804.27,12.0,1.0,0.0,130000.0,2.0,0.0,29.69,16.0,0.0,10751.0,47.6,36.0,0.0,0.0,4.0,0.0,777.0,0.0,0.2692307692307692,0.4444444444444444,239.0,0.0,0.0,-1.0,0
5000.0,36.0,9.8,160.87,7.0,5.0,1.0,60000.0,1.0,0.0,9.92,8.0,0.0,5018.0,35.8,11.0,0.0,0.0,0.0,0.0,682.0,0.0,0.0833333333333333,0.7272727272727273,150.0,0.0,0.0,-1.0,0
13000.0,36.0,9.8,418.26,7.0,0.0,0.0,45000.0,1.0,4.0,19.95,22.0,0.0,14082.0,36.4,65.0,1.0,0.0,0.0,0.0,697.0,0.0,0.2888888888888888,0.3384615384615385,207.0,0.0,0.0,-1.0,0
22000.0,60.0,17.27,549.96,17.0,10.0,0.0,57000.0,0.0,0.0,38.4,8.0,1.0,31274.0,83.2,27.0,0.0,0.0,4.0,1.0,672.0,0.0,0.3859649122807017,0.2962962962962963,143.0,0.0069930069930069,0.0069930069930069,1.0,0
35000.0,36.0,9.8,1126.07,7.0,1.0,2.0,100000.0,1.0,4.0,23.4,13.0,0.0,57602.0,77.0,23.0,0.0,0.0,3.0,0.0,702.0,0.0,0.35,0.5652173913043478,288.0,0.0,0.0,-1.0,0
35000.0,60.0,11.99,778.38,10.0,10.0,0.0,84000.0,1.0,0.0,26.21,17.0,0.0,43484.0,65.7,37.0,0.0,0.0,7.0,0.0,692.0,0.0,0.4166666666666667,0.4594594594594595,198.0,0.0,0.0,-1.0,0
2600.0,36.0,10.78,84.86,8.0,9.0,1.0,23000.0,0.0,0.0,17.17,12.0,0.0,2700.0,9.4,20.0,1.0,0.0,0.0,0.0,757.0,0.0,0.1130434782608695,0.6,204.0,0.0,0.0,-1.0,0
35000.0,36.0,11.48,1153.83,9.0,0.0,1.0,148500.0,1.0,0.0,29.24,17.0,0.0,50952.0,70.2,48.0,0.0,0.0,3.0,0.0,682.0,0.0,0.2356902356902357,0.3541666666666667,322.0,0.0,0.0,-1.0,0
35000.0,60.0,21.48,956.35,24.0,10.0,0.0,90132.0,1.0,2.0,5.06,13.0,0.0,10287.0,46.3,31.0,0.0,0.0,5.0,0.0,682.0,0.0,0.3883193538365952,0.4193548387096774,158.0,0.0,0.0,-1.0,0
2800.0,36.0,11.99,92.99,10.0,9.0,1.0,40000.0,1.0,0.0,28.29,18.0,0.0,9668.0,51.7,36.0,0.0,0.0,0.0,0.0,662.0,0.0,0.07,0.5,148.0,0.0,0.0,-1.0,0
30000.0,60.0,14.85,711.34,14.0,10.0,1.0,80000.0,1.0,4.0,26.48,12.0,0.0,21364.0,66.1,31.0,0.0,0.0,0.0,0.0,677.0,0.0,0.375,0.3870967741935484,178.0,0.0,0.0,-1.0,1
12000.0,36.0,7.49,373.22,3.0,10.0,1.0,60000.0,1.0,0.0,9.6,8.0,0.0,9419.0,60.8,13.0,0.0,0.0,0.0,0.0,682.0,0.0,0.2,0.6153846153846154,74.0,0.0,0.0,-1.0,0
4500.0,36.0,6.49,137.91,1.0,10.0,2.0,120000.0,1.0,8.0,8.99,21.0,0.0,11588.0,9.8,33.0,0.0,0.0,2.0,0.0,822.0,0.0,0.0375,0.6363636363636364,311.0,0.0,0.0,-1.0,0
10000.0,60.0,19.48,262.06,21.0,3.0,1.0,52000.0,2.0,0.0,22.92,6.0,0.0,9099.0,38.0,15.0,0.0,0.0,0.0,0.0,702.0,0.0,0.1923076923076923,0.4,82.0,0.0,0.0,-1.0,0
20000.0,36.0,9.17,637.58,6.0,4.0,1.0,92000.0,1.0,4.0,26.39,17.0,0.0,92474.0,71.1,33.0,1.0,0.0,4.0,0.0,667.0,0.0,0.217391304347826,0.5151515151515151,255.0,0.0,0.0,-1.0,0
6000.0,36.0,11.48,197.8,9.0,2.0,2.0,40000.0,1.0,4.0,10.26,6.0,0.0,6552.0,84.0,12.0,0.0,0.0,1.0,0.0,672.0,0.0,0.15,0.5,121.0,0.0,0.0,-1.0,0
22000.0,36.0,13.99,751.81,13.0,5.0,0.0,60000.0,2.0,0.0,30.15,13.0,0.0,83485.0,86.2,22.0,1.0,0.0,6.0,0.0,662.0,0.0,0.3666666666666666,0.5909090909090909,225.0,0.0,0.0,-1.0,1
8000.0,36.0,7.91,250.36,4.0,1.0,1.0,40000.0,1.0,0.0,15.19,9.0,0.0,8824.0,59.2,30.0,0.0,0.0,3.0,0.0,682.0,0.0,0.2,0.3,225.0,0.0,0.0,-1.0,0
7200.0,36.0,7.91,225.33,4.0,4.0,1.0,70000.0,0.0,0.0,12.5,9.0,0.0,4190.0,17.6,10.0,0.0,0.0,0.0,0.0,752.0,0.0,0.1028571428571428,0.9,38.0,0.0,0.0,-1.0,0
6125.0,36.0,9.17,195.26,6.0,10.0,0.0,85000.0,1.0,4.0,33.4,17.0,0.0,34267.0,89.5,39.0,0.0,0.0,2.0,0.0,682.0,0.0,0.0720588235294117,0.4358974358974359,456.0,0.0,0.0,-1.0,1
19800.0,36.0,13.99,676.63,13.0,10.0,1.0,55000.0,1.0,5.0,0.55,10.0,1.0,217.0,0.4,24.0,1.0,0.0,2.0,1.0,707.0,0.0,0.36,0.4166666666666667,416.0,0.0024038461538461,0.0024038461538461,1.0,0
7200.0,36.0,9.17,229.53,6.0,10.0,0.0,79176.0,1.0,0.0,18.86,8.0,0.0,7098.0,42.8,23.0,1.0,0.0,4.0,0.0,672.0,0.0,0.0909366474689299,0.3478260869565217,330.0,0.0,0.0,-1.0,0
18300.0,36.0,16.59,648.72,16.0,10.0,0.0,60230.0,1.0,0.0,12.86,6.0,0.0,16016.0,68.2,20.0,1.0,0.0,1.0,0.0,672.0,0.0,0.3038352980242404,0.3,192.0,0.0,0.0,-1.0,0
14600.0,36.0,6.49,447.41,1.0,8.0,1.0,74600.0,2.0,4.0,19.92,7.0,0.0,14199.0,31.1,22.0,1.0,0.0,2.0,0.0,687.0,0.0,0.195710455764075,0.3181818181818182,154.0,0.0,0.0,-1.0,0
3000.0,36.0,6.49,91.94,1.0,4.0,1.0,45000.0,0.0,4.0,6.27,5.0,0.0,3550.0,15.7,10.0,0.0,0.0,0.0,0.0,757.0,0.0,0.0666666666666666,0.5,120.0,0.0,0.0,-1.0,0
15000.0,60.0,18.99,389.03,20.0,7.0,1.0,46814.0,2.0,5.0,11.95,9.0,0.0,5259.0,40.8,18.0,1.0,0.0,1.0,0.0,682.0,0.0,0.3204169692826932,0.5,145.0,0.0,0.0,-1.0,0
12100.0,60.0,17.27,302.48,17.0,10.0,0.0,55000.0,0.0,0.0,15.97,4.0,0.0,6791.0,73.8,15.0,0.0,0.0,1.0,0.0,752.0,0.0,0.22,0.2666666666666666,198.0,0.0,0.0,-1.0,0
6000.0,36.0,11.48,197.8,9.0,10.0,1.0,56000.0,1.0,9.0,8.79,9.0,1.0,6223.0,40.1,16.0,0.0,0.0,1.0,1.0,667.0,0.0,0.1071428571428571,0.5625,194.0,0.0051546391752577,0.0051546391752577,1.0,0
25000.0,36.0,6.49,766.12,1.0,7.0,1.0,81000.0,1.0,0.0,9.99,7.0,0.0,12703.0,36.6,31.0,0.0,0.0,0.0,0.0,692.0,0.0,0.3086419753086419,0.2258064516129032,191.0,0.0,0.0,-1.0,0
5000.0,36.0,8.49,157.82,5.0,10.0,0.0,42000.0,0.0,0.0,12.77,15.0,0.0,8009.0,26.4,34.0,0.0,0.0,2.0,0.0,742.0,0.0,0.119047619047619,0.4411764705882353,328.0,0.0,0.0,-1.0,0
12000.0,60.0,11.48,263.8,9.0,0.0,0.0,70000.0,0.0,0.0,20.46,7.0,0.0,13179.0,87.3,19.0,0.0,0.0,5.0,0.0,712.0,0.0,0.1714285714285714,0.3684210526315789,269.0,0.0,0.0,-1.0,0
7500.0,36.0,6.49,229.84,1.0,0.0,1.0,40000.0,1.0,0.0,12.36,13.0,0.0,9180.0,28.0,23.0,0.0,0.0,0.0,0.0,717.0,0.0,0.1875,0.5652173913043478,108.0,0.0,0.0,-1.0,1
25000.0,36.0,6.49,766.12,1.0,3.0,2.0,105000.0,1.0,0.0,25.57,9.0,0.0,24247.0,54.5,39.0,0.0,0.0,7.0,0.0,727.0,0.0,0.238095238095238,0.2307692307692307,219.0,0.0,0.0,-1.0,0
8400.0,36.0,11.48,276.92,9.0,0.0,0.0,48408.0,0.0,2.0,31.76,23.0,0.0,8132.0,18.8,46.0,0.0,0.0,1.0,0.0,737.0,0.0,0.1735250371839365,0.5,145.0,0.0,0.0,-1.0,0
30000.0,36.0,9.8,965.21,7.0,3.0,2.0,145000.0,1.0,4.0,16.91,18.0,0.0,41813.0,64.5,47.0,0.0,0.0,3.0,0.0,692.0,0.0,0.2068965517241379,0.3829787234042553,191.0,0.0,0.0,-1.0,1
7500.0,36.0,8.49,236.73,5.0,0.0,1.0,120000.0,1.0,4.0,10.18,10.0,0.0,7115.0,18.3,19.0,0.0,0.0,0.0,0.0,712.0,0.0,0.0625,0.5263157894736842,283.0,0.0,0.0,-1.0,0
20000.0,36.0,10.78,652.7,8.0,10.0,0.0,54000.0,1.0,4.0,14.16,22.0,0.0,26839.0,34.7,31.0,0.0,0.0,2.0,0.0,687.0,0.0,0.3703703703703703,0.7096774193548387,195.0,0.0,0.0,-1.0,0
16000.0,36.0,8.49,505.01,5.0,10.0,1.0,130000.0,0.0,0.0,5.61,5.0,0.0,10399.0,54.7,18.0,0.0,0.0,3.0,0.0,677.0,0.0,0.123076923076923,0.2777777777777778,128.0,0.0,0.0,-1.0,0
6000.0,36.0,7.91,187.77,4.0,10.0,2.0,40000.0,0.0,0.0,33.6,13.0,0.0,3331.0,6.1,43.0,0.0,0.0,0.0,0.0,787.0,0.0,0.15,0.3023255813953488,420.0,0.0,0.0,-1.0,0
14000.0,36.0,6.49,429.03,1.0,10.0,0.0,85000.0,1.0,0.0,8.33,10.0,0.0,14261.0,61.5,35.0,0.0,0.0,2.0,0.0,687.0,0.0,0.1647058823529411,0.2857142857142857,266.0,0.0,0.0,-1.0,0
10000.0,36.0,9.8,321.74,7.0,0.0,0.0,72000.0,0.0,2.0,12.41,11.0,0.0,5476.0,31.1,22.0,0.0,0.0,3.0,0.0,707.0,0.0,0.1388888888888889,0.5,151.0,0.0,0.0,-1.0,0
20000.0,60.0,9.8,422.98,7.0,7.0,0.0,60000.0,1.0,4.0,9.3,3.0,0.0,14844.0,92.8,8.0,0.0,0.0,0.0,0.0,722.0,0.0,0.3333333333333333,0.375,155.0,0.0,0.0,-1.0,0
6400.0,36.0,9.8,205.91,7.0,4.0,1.0,35000.0,1.0,0.0,22.87,13.0,0.0,12455.0,51.9,19.0,0.0,0.0,0.0,0.0,667.0,0.0,0.1828571428571428,0.6842105263157895,134.0,0.0,0.0,-1.0,0
8000.0,36.0,11.48,263.74,9.0,3.0,0.0,67800.0,1.0,0.0,17.31,11.0,0.0,17153.0,82.9,21.0,0.0,0.0,4.0,0.0,677.0,0.0,0.1179941002949852,0.5238095238095238,136.0,0.0,0.0,-1.0,0
21000.0,60.0,7.91,424.91,4.0,10.0,0.0,80000.0,2.0,0.0,15.0,5.0,1.0,50712.0,80.0,18.0,0.0,0.0,4.0,1.0,687.0,0.0,0.2625,0.2777777777777778,229.0,0.0043668122270742,0.0043668122270742,1.0,0
8000.0,36.0,12.88,269.09,11.0,9.0,2.0,50000.0,1.0,5.0,19.61,8.0,3.0,3186.0,37.5,13.0,1.0,0.0,0.0,1.0,687.0,0.0,0.16,0.6153846153846154,114.0,0.0263157894736842,0.0087719298245614,0.3333333333333333,0
35000.0,36.0,13.44,1186.72,12.0,3.0,0.0,99600.0,1.0,0.0,25.06,23.0,0.0,46758.0,78.5,47.0,0.0,0.0,1.0,0.0,677.0,0.0,0.3514056224899598,0.4893617021276595,207.0,0.0,0.0,-1.0,0
2000.0,36.0,6.99,61.75,2.0,10.0,0.0,45000.0,0.0,5.0,17.65,7.0,0.0,11607.0,42.2,17.0,1.0,0.0,1.0,0.0,717.0,0.0,0.0444444444444444,0.4117647058823529,178.0,0.0,0.0,-1.0,0
5000.0,36.0,10.78,163.18,8.0,0.0,1.0,36500.0,1.0,4.0,10.36,4.0,0.0,10953.0,78.2,10.0,0.0,0.0,0.0,0.0,687.0,0.0,0.136986301369863,0.4,198.0,0.0,0.0,-1.0,1
19000.0,60.0,20.5,508.69,23.0,5.0,1.0,49642.0,2.0,0.0,27.17,11.0,0.0,12916.0,56.4,22.0,0.0,0.0,0.0,0.0,687.0,0.0,0.3827404214173482,0.5,112.0,0.0,0.0,-1.0,0
16000.0,36.0,6.99,493.97,2.0,10.0,2.0,48000.0,1.0,4.0,20.78,9.0,0.0,27689.0,71.2,19.0,1.0,0.0,5.0,0.0,697.0,0.0,0.3333333333333333,0.4736842105263157,246.0,0.0,0.0,-1.0,0
30000.0,60.0,16.59,738.98,16.0,10.0,0.0,101000.0,1.0,4.0,29.78,22.0,0.0,62801.0,75.9,36.0,0.0,0.0,6.0,0.0,687.0,0.0,0.297029702970297,0.6111111111111112,283.0,0.0,0.0,-1.0,0
10000.0,36.0,16.59,354.5,16.0,8.0,1.0,42000.0,2.0,0.0,44.8,24.0,0.0,12870.0,47.7,33.0,0.0,0.0,0.0,0.0,667.0,0.0,0.238095238095238,0.7272727272727273,204.0,0.0,0.0,-1.0,0
7200.0,36.0,6.99,222.29,2.0,10.0,1.0,70000.0,1.0,0.0,1.75,5.0,0.0,2414.0,25.7,14.0,1.0,0.0,4.0,0.0,697.0,0.0,0.1028571428571428,0.3571428571428571,138.0,0.0,0.0,-1.0,0
21650.0,60.0,20.5,579.64,23.0,2.0,2.0,62500.0,2.0,0.0,30.24,23.0,0.0,22083.0,53.5,41.0,0.0,0.0,0.0,0.0,662.0,0.0,0.3464,0.5609756097560976,212.0,0.0,0.0,-1.0,1
23175.0,36.0,14.85,801.67,14.0,8.0,1.0,55000.0,2.0,0.0,29.02,7.0,0.0,12679.0,91.0,19.0,0.0,0.0,0.0,0.0,682.0,0.0,0.4213636363636364,0.3684210526315789,101.0,0.0,0.0,-1.0,1
25000.0,36.0,13.99,854.32,13.0,10.0,1.0,98000.0,0.0,0.0,7.57,5.0,1.0,8998.0,50.6,7.0,0.0,0.0,0.0,0.0,682.0,0.0,0.2551020408163265,0.7142857142857143,90.0,0.0111111111111111,0.0,0.0,1
7250.0,36.0,17.97,262.0,18.0,5.0,1.0,49000.0,2.0,1.0,4.97,10.0,1.0,523.0,23.8,20.0,0.0,0.0,2.0,0.0,717.0,0.0,0.1479591836734693,0.5,191.0,0.0052356020942408,0.0,0.0,0
21000.0,36.0,9.17,669.46,6.0,1.0,0.0,300000.0,1.0,4.0,14.53,11.0,0.0,40302.0,77.1,23.0,0.0,0.0,2.0,0.0,687.0,0.0,0.07,0.4782608695652174,200.0,0.0,0.0,-1.0,0
8250.0,36.0,11.48,271.98,9.0,7.0,0.0,130000.0,0.0,9.0,14.3,25.0,1.0,27508.0,37.7,36.0,0.0,0.0,1.0,1.0,737.0,0.0,0.0634615384615384,0.6944444444444444,164.0,0.0060975609756097,0.0060975609756097,1.0,0
3000.0,36.0,11.48,98.9,9.0,2.0,0.0,45000.0,2.0,0.0,19.39,10.0,0.0,66360.0,25.0,25.0,0.0,0.0,4.0,0.0,667.0,0.0,0.0666666666666666,0.4,317.0,0.0,0.0,-1.0,0
1000.0,36.0,18.49,36.4,19.0,6.0,1.0,35456.0,2.0,5.0,22.48,10.0,1.0,2404.0,22.3,13.0,1.0,0.0,0.0,1.0,672.0,0.0,0.0282039711191335,0.7692307692307693,151.0,0.0066225165562913,0.0066225165562913,1.0,0
5000.0,36.0,11.48,164.84,9.0,10.0,1.0,42000.0,0.0,0.0,16.46,8.0,3.0,2670.0,27.0,13.0,0.0,0.0,0.0,1.0,667.0,0.0,0.119047619047619,0.6153846153846154,133.0,0.0225563909774436,0.0075187969924812,0.3333333333333333,0
10500.0,36.0,5.32,316.21,0.0,10.0,0.0,85000.0,0.0,0.0,19.86,11.0,0.0,10591.0,20.3,19.0,0.0,0.0,1.0,0.0,757.0,0.0,0.1235294117647058,0.5789473684210527,271.0,0.0,0.0,-1.0,0
4200.0,36.0,10.78,137.07,8.0,2.0,1.0,67000.0,1.0,0.0,9.74,3.0,0.0,383.0,12.0,7.0,0.0,0.0,0.0,0.0,672.0,0.0,0.0626865671641791,0.4285714285714285,125.0,0.0,0.0,-1.0,0
4550.0,36.0,10.78,148.49,8.0,0.0,1.0,92400.0,1.0,4.0,14.77,13.0,0.0,885.0,10.1,32.0,0.0,0.0,5.0,0.0,722.0,0.0,0.0492424242424242,0.40625,325.0,0.0,0.0,-1.0,1
10000.0,36.0,15.77,350.44,15.0,5.0,2.0,45000.0,1.0,0.0,25.28,12.0,0.0,17907.0,46.2,30.0,0.0,0.0,0.0,0.0,672.0,0.0,0.2222222222222222,0.4,320.0,0.0,0.0,-1.0,1
16800.0,60.0,13.99,390.82,13.0,3.0,1.0,42500.0,2.0,0.0,16.07,15.0,0.0,5091.0,34.6,53.0,0.0,0.0,1.0,0.0,672.0,0.0,0.3952941176470588,0.2830188679245283,208.0,0.0,0.0,-1.0,1
10000.0,36.0,9.17,318.79,6.0,1.0,0.0,125000.0,1.0,0.0,15.12,9.0,1.0,26198.0,87.9,31.0,0.0,0.0,6.0,1.0,672.0,0.0,0.08,0.2903225806451613,230.0,0.0043478260869565,0.0043478260869565,1.0,0
29000.0,36.0,5.32,873.33,0.0,8.0,1.0,76684.0,2.0,3.0,0.39,7.0,0.0,150.0,0.4,18.0,0.0,0.0,0.0,0.0,817.0,0.0,0.378175369046998,0.3888888888888889,216.0,0.0,0.0,-1.0,0
33600.0,60.0,13.44,772.1,12.0,10.0,0.0,300000.0,1.0,0.0,3.69,15.0,0.0,6052.0,11.3,26.0,0.0,0.0,0.0,0.0,747.0,0.0,0.112,0.5769230769230769,123.0,0.0,0.0,-1.0,0
5000.0,36.0,6.49,153.23,1.0,2.0,1.0,24000.0,1.0,4.0,10.8,9.0,0.0,4298.0,34.1,17.0,0.0,0.0,0.0,0.0,707.0,0.0,0.2083333333333333,0.5294117647058824,112.0,0.0,0.0,-1.0,0
20000.0,36.0,17.97,722.75,18.0,10.0,1.0,56000.0,2.0,0.0,32.76,10.0,0.0,15979.0,89.3,17.0,0.0,0.0,0.0,0.0,662.0,0.0,0.3571428571428571,0.5882352941176471,174.0,0.0,0.0,-1.0,1
12000.0,36.0,7.89,375.43,4.0,10.0,1.0,47000.0,2.0,4.0,20.0,15.0,0.0,19648.0,55.0,23.0,0.0,0.0,1.0,0.0,697.0,0.0,0.2553191489361702,0.6521739130434783,320.0,0.0,0.0,-1.0,0
20000.0,36.0,5.32,602.3,0.0,10.0,1.0,44840.0,2.0,4.0,28.45,9.0,0.0,42397.0,60.0,16.0,1.0,0.0,0.0,0.0,712.0,0.0,0.4460303300624442,0.5625,206.0,0.0,0.0,-1.0,0
35000.0,36.0,11.99,1162.34,10.0,1.0,1.0,130000.0,2.0,0.0,13.51,8.0,0.0,34461.0,89.7,12.0,0.0,0.0,0.0,0.0,692.0,0.0,0.2692307692307692,0.6666666666666666,133.0,0.0,0.0,-1.0,0
22000.0,36.0,7.91,688.49,4.0,0.0,0.0,52500.0,2.0,0.0,18.65,9.0,0.0,80699.0,63.0,22.0,0.0,0.0,3.0,0.0,722.0,0.0,0.419047619047619,0.4090909090909091,312.0,0.0,0.0,-1.0,0
5000.0,36.0,13.99,170.87,13.0,2.0,1.0,51000.0,2.0,0.0,34.42,20.0,1.0,8232.0,61.4,35.0,1.0,0.0,4.0,1.0,662.0,0.0,0.0980392156862745,0.5714285714285714,141.0,0.0070921985815602,0.0070921985815602,1.0,0
29725.0,60.0,13.44,683.05,12.0,10.0,0.0,220000.0,2.0,0.0,6.53,13.0,1.0,7908.0,33.0,25.0,0.0,0.0,3.0,1.0,682.0,0.0,0.1351136363636363,0.52,266.0,0.0037593984962406,0.0037593984962406,1.0,0
3600.0,36.0,12.88,121.1,11.0,0.0,1.0,32000.0,1.0,6.0,19.58,8.0,2.0,8703.0,66.9,14.0,1.0,0.0,0.0,2.0,687.0,0.0,0.1125,0.5714285714285714,136.0,0.0147058823529411,0.0147058823529411,1.0,0
24000.0,60.0,21.48,655.78,24.0,1.0,0.0,133650.0,0.0,6.0,5.57,9.0,1.0,3291.0,20.7,18.0,1.0,0.0,1.0,1.0,667.0,0.0,0.1795735129068462,0.5,112.0,0.0089285714285714,0.0089285714285714,1.0,0
24000.0,36.0,18.99,879.63,20.0,4.0,1.0,70000.0,2.0,3.0,11.07,7.0,0.0,3053.0,17.3,16.0,0.0,0.0,0.0,0.0,687.0,0.0,0.3428571428571428,0.4375,115.0,0.0,0.0,-1.0,0
20000.0,36.0,13.44,678.13,12.0,2.0,0.0,100000.0,0.0,0.0,27.52,12.0,0.0,5597.0,49.1,30.0,0.0,0.0,3.0,0.0,662.0,0.0,0.2,0.4,146.0,0.0,0.0,-1.0,0
24125.0,36.0,5.32,726.52,0.0,0.0,0.0,130000.0,0.0,0.0,17.32,8.0,0.0,19484.0,54.1,24.0,0.0,0.0,4.0,0.0,717.0,0.0,0.185576923076923,0.3333333333333333,338.0,0.0,0.0,-1.0,0
20225.0,36.0,10.78,660.04,8.0,6.0,1.0,44000.0,1.0,0.0,25.29,13.0,0.0,21447.0,29.1,33.0,0.0,0.0,0.0,0.0,717.0,0.0,0.4596590909090909,0.3939393939393939,194.0,0.0,0.0,-1.0,0
10725.0,36.0,19.48,395.75,21.0,0.0,1.0,35000.0,1.0,0.0,22.12,11.0,0.0,4901.0,38.8,12.0,1.0,0.0,0.0,0.0,682.0,0.0,0.3064285714285714,0.9166666666666666,58.0,0.0,0.0,-1.0,0
9600.0,36.0,7.49,298.58,3.0,9.0,1.0,52000.0,0.0,4.0,16.92,12.0,0.0,13852.0,43.4,12.0,0.0,0.0,0.0,0.0,687.0,0.0,0.1846153846153846,1.0,137.0,0.0,0.0,-1.0,0
12000.0,36.0,8.49,378.76,5.0,10.0,2.0,130000.0,0.0,4.0,8.81,8.0,0.0,85461.0,78.1,18.0,0.0,0.0,1.0,0.0,667.0,0.0,0.0923076923076923,0.4444444444444444,354.0,0.0,0.0,-1.0,0
16000.0,36.0,12.88,538.18,11.0,7.0,0.0,85000.0,2.0,4.0,21.47,19.0,0.0,14368.0,56.1,66.0,0.0,0.0,4.0,0.0,677.0,0.0,0.188235294117647,0.2878787878787879,245.0,0.0,0.0,-1.0,0
13000.0,60.0,15.77,314.55,15.0,6.0,1.0,89251.03,0.0,0.0,27.56,20.0,0.0,23126.0,69.2,29.0,0.0,0.0,0.0,0.0,662.0,0.0,0.1456565823386016,0.6896551724137931,269.0,0.0,0.0,-1.0,0
10000.0,36.0,6.49,306.45,1.0,10.0,2.0,100000.0,0.0,0.0,10.62,17.0,0.0,6096.0,14.2,33.0,0.0,0.0,2.0,0.0,777.0,0.0,0.1,0.5151515151515151,302.0,0.0,0.0,-1.0,0
12800.0,36.0,13.44,434.01,12.0,10.0,0.0,148500.0,1.0,4.0,10.04,10.0,0.0,36789.0,94.8,42.0,0.0,0.0,3.0,0.0,662.0,0.0,0.0861952861952862,0.238095238095238,209.0,0.0,0.0,-1.0,0
13900.0,36.0,18.49,505.95,19.0,4.0,1.0,125000.0,2.0,0.0,21.47,12.0,1.0,9768.0,61.8,21.0,1.0,0.0,0.0,0.0,667.0,0.0,0.1112,0.5714285714285714,182.0,0.0054945054945054,0.0,0.0,0
3600.0,36.0,8.49,113.63,5.0,1.0,0.0,32000.0,1.0,0.0,27.19,5.0,0.0,762.0,30.5,38.0,0.0,0.0,1.0,0.0,742.0,0.0,0.1125,0.131578947368421,138.0,0.0,0.0,-1.0,0
8800.0,36.0,10.78,287.19,8.0,4.0,2.0,57000.0,2.0,0.0,32.04,20.0,0.0,9650.0,33.9,45.0,0.0,0.0,1.0,0.0,672.0,0.0,0.1543859649122807,0.4444444444444444,285.0,0.0,0.0,-1.0,0
15400.0,36.0,7.49,478.97,3.0,10.0,0.0,108000.0,0.0,0.0,18.53,16.0,0.0,8828.0,22.8,45.0,1.0,0.0,0.0,0.0,737.0,0.0,0.1425925925925926,0.3555555555555555,198.0,0.0,0.0,-1.0,0
5500.0,36.0,6.49,168.55,1.0,10.0,1.0,100000.0,0.0,4.0,19.19,26.0,0.0,7284.0,8.1,53.0,0.0,0.0,0.0,0.0,757.0,0.0,0.055,0.490566037735849,288.0,0.0,0.0,-1.0,0
24800.0,60.0,18.99,643.19,20.0,6.0,0.0,105000.0,0.0,0.0,28.35,12.0,0.0,40173.0,71.1,39.0,1.0,0.0,5.0,0.0,662.0,0.0,0.2361904761904762,0.3076923076923077,137.0,0.0,0.0,-1.0,1
12000.0,36.0,13.44,406.88,12.0,8.0,2.0,85000.0,2.0,0.0,5.24,13.0,0.0,9902.0,52.1,28.0,1.0,0.0,1.0,0.0,692.0,0.0,0.1411764705882353,0.4642857142857143,208.0,0.0,0.0,-1.0,0
9875.0,36.0,18.99,361.93,20.0,10.0,1.0,97500.0,1.0,0.0,10.11,10.0,0.0,7395.0,81.3,33.0,0.0,0.0,2.0,0.0,662.0,0.0,0.1012820512820512,0.303030303030303,230.0,0.0,0.0,-1.0,0
24000.0,36.0,6.49,735.47,1.0,10.0,2.0,150000.0,0.0,0.0,12.89,12.0,0.0,38946.0,38.0,23.0,0.0,0.0,2.0,0.0,767.0,0.0,0.16,0.5217391304347826,243.0,0.0,0.0,-1.0,0
1500.0,36.0,6.99,46.31,2.0,4.0,0.0,80000.0,1.0,0.0,12.23,21.0,1.0,9807.0,41.7,31.0,0.0,0.0,2.0,1.0,687.0,0.0,0.01875,0.6774193548387096,346.0,0.0028901734104046,0.0028901734104046,1.0,0
20000.0,36.0,5.32,602.3,0.0,1.0,0.0,230000.0,1.0,0.0,10.81,12.0,0.0,10507.0,62.2,31.0,0.0,0.0,6.0,0.0,697.0,0.0,0.0869565217391304,0.3870967741935484,255.0,0.0,0.0,-1.0,0
35000.0,60.0,18.99,907.73,20.0,10.0,1.0,136500.0,1.0,4.0,30.61,31.0,0.0,15030.0,43.3,54.0,0.0,0.0,0.0,0.0,717.0,0.0,0.2564102564102564,0.5740740740740741,235.0,0.0,0.0,-1.0,1
15000.0,36.0,6.97,462.96,2.0,3.0,0.0,75000.0,1.0,0.0,20.61,12.0,0.0,19877.0,47.9,24.0,0.0,0.0,2.0,0.0,682.0,1.0,0.2,0.5,159.0,0.0,0.0,-1.0,0
6400.0,36.0,10.75,208.78,8.0,2.0,0.0,160000.0,1.0,0.0,8.24,9.0,1.0,12636.0,76.6,16.0,0.0,0.0,3.0,0.0,687.0,1.0,0.04,0.5625,134.0,0.0074626865671641,0.0,0.0,0
30000.0,36.0,18.99,1099.53,18.0,10.0,1.0,82000.0,2.0,11.0,39.48,11.0,0.0,25579.0,60.6,20.0,1.0,0.0,0.0,0.0,707.0,1.0,0.3658536585365853,0.55,177.0,0.0,0.0,-1.0,0
22000.0,60.0,15.31,526.97,14.0,1.0,0.0,33000.0,2.0,4.0,33.31,10.0,1.0,15974.0,52.7,17.0,0.0,1.0,0.0,1.0,702.0,1.0,0.6666666666666666,0.5882352941176471,176.0,0.0056818181818181,0.0056818181818181,1.0,0
10000.0,36.0,12.99,336.9,11.0,10.0,1.0,50000.0,0.0,4.0,21.7,7.0,0.0,8082.0,95.1,32.0,0.0,0.0,0.0,0.0,672.0,1.0,0.2,0.21875,194.0,0.0,0.0,-1.0,0
25000.0,36.0,5.32,752.87,0.0,10.0,0.0,146000.0,0.0,4.0,14.28,19.0,0.0,53252.0,24.6,52.0,0.0,0.0,4.0,0.0,777.0,1.0,0.1712328767123287,0.3653846153846153,376.0,0.0,0.0,-1.0,0
3500.0,36.0,14.46,120.41,13.0,2.0,2.0,27000.0,1.0,4.0,35.38,6.0,0.0,6966.0,69.7,20.0,0.0,0.0,0.0,0.0,697.0,1.0,0.1296296296296296,0.3,371.0,0.0,0.0,-1.0,0
10000.0,36.0,8.39,315.17,5.0,5.0,1.0,50000.0,0.0,0.0,15.91,7.0,1.0,6521.0,53.0,23.0,0.0,0.0,3.0,1.0,667.0,1.0,0.2,0.3043478260869565,138.0,0.0072463768115942,0.0072463768115942,1.0,0
4000.0,36.0,9.16,127.5,6.0,10.0,2.0,48000.0,1.0,0.0,35.65,13.0,0.0,6557.0,12.6,36.0,0.0,0.0,0.0,0.0,767.0,1.0,0.0833333333333333,0.3611111111111111,354.0,0.0,0.0,-1.0,0
10500.0,36.0,5.32,316.21,0.0,1.0,0.0,85000.0,0.0,0.0,24.91,28.0,0.0,7094.0,6.0,51.0,0.0,0.0,4.0,0.0,787.0,1.0,0.1235294117647058,0.5490196078431373,207.0,0.0,0.0,-1.0,0
20725.0,36.0,20.75,778.16,21.0,10.0,0.0,58000.0,0.0,0.0,34.74,10.0,0.0,16923.0,67.2,28.0,0.0,0.0,3.0,0.0,702.0,1.0,0.3573275862068965,0.3571428571428571,130.0,0.0,0.0,-1.0,0
12000.0,60.0,21.18,325.86,22.0,10.0,1.0,48000.0,1.0,0.0,29.43,19.0,0.0,7230.0,21.6,27.0,0.0,0.0,0.0,0.0,722.0,1.0,0.25,0.7037037037037037,123.0,0.0,0.0,-1.0,1
10475.0,36.0,19.99,389.24,20.0,10.0,2.0,40000.0,2.0,0.0,24.48,12.0,3.0,4364.0,13.6,19.0,1.0,0.0,0.0,3.0,672.0,1.0,0.261875,0.631578947368421,216.0,0.0138888888888888,0.0138888888888888,1.0,0
8000.0,36.0,12.99,269.52,11.0,3.0,0.0,38000.0,1.0,0.0,16.9,5.0,0.0,7761.0,91.3,7.0,0.0,0.0,1.0,0.0,697.0,1.0,0.2105263157894736,0.7142857142857143,141.0,0.0,0.0,-1.0,0
10500.0,36.0,11.99,348.71,10.0,0.0,1.0,62100.0,0.0,0.0,6.24,6.0,0.0,9847.0,88.0,8.0,0.0,0.0,0.0,0.0,662.0,1.0,0.1690821256038647,0.75,82.0,0.0,0.0,-1.0,0
20000.0,60.0,20.75,538.26,21.0,5.0,2.0,50000.0,2.0,0.0,29.64,15.0,2.0,5325.0,40.6,37.0,0.0,0.0,0.0,0.0,667.0,1.0,0.4,0.4054054054054054,112.0,0.0178571428571428,0.0,0.0,1
14000.0,36.0,9.75,450.1,7.0,0.0,0.0,73400.0,0.0,0.0,20.27,16.0,0.0,13898.0,58.0,30.0,1.0,0.0,4.0,0.0,672.0,1.0,0.1907356948228883,0.5333333333333333,128.0,0.0,0.0,-1.0,0
5925.0,36.0,20.75,222.47,21.0,10.0,0.0,62000.0,1.0,0.0,38.57,22.0,0.0,58421.0,59.2,27.0,1.0,0.0,1.0,0.0,672.0,1.0,0.0955645161290322,0.8148148148148148,210.0,0.0,0.0,-1.0,0
8000.0,36.0,11.99,265.68,10.0,3.0,1.0,69850.0,1.0,0.0,14.95,12.0,4.0,8438.0,42.7,21.0,0.0,0.0,0.0,1.0,662.0,1.0,0.1145311381531854,0.5714285714285714,191.0,0.0209424083769633,0.0052356020942408,0.25,1
15000.0,36.0,7.39,465.84,3.0,10.0,1.0,120000.0,0.0,4.0,13.22,14.0,0.0,20215.0,34.3,32.0,0.0,0.0,2.0,0.0,717.0,1.0,0.125,0.4375,252.0,0.0,0.0,-1.0,0
12000.0,36.0,6.49,367.74,1.0,10.0,1.0,65500.0,0.0,0.0,33.33,13.0,0.0,4572.0,11.8,31.0,0.0,0.0,1.0,0.0,772.0,1.0,0.183206106870229,0.4193548387096774,294.0,0.0,0.0,-1.0,0
12000.0,36.0,6.49,367.74,1.0,10.0,1.0,180000.0,0.0,0.0,7.65,6.0,0.0,13085.0,54.5,16.0,0.0,0.0,0.0,0.0,732.0,1.0,0.0666666666666666,0.375,435.0,0.0,0.0,-1.0,0
20000.0,36.0,6.97,617.27,2.0,8.0,0.0,88000.0,1.0,0.0,24.25,13.0,0.0,31453.0,65.5,45.0,0.0,1.0,7.0,0.0,697.0,1.0,0.2272727272727272,0.2888888888888888,196.0,0.0,0.0,-1.0,0
18400.0,36.0,15.31,640.64,14.0,10.0,0.0,40000.0,0.0,0.0,24.93,10.0,0.0,27322.0,46.9,21.0,0.0,0.0,3.0,0.0,707.0,1.0,0.46,0.4761904761904761,164.0,0.0,0.0,-1.0,0
14750.0,60.0,17.27,368.73,16.0,10.0,1.0,57200.0,1.0,5.0,4.57,11.0,1.0,5949.0,30.8,11.0,0.0,0.0,0.0,0.0,667.0,1.0,0.2578671328671328,1.0,74.0,0.0135135135135135,0.0,0.0,0
35000.0,36.0,7.89,1095.0,4.0,10.0,0.0,120000.0,1.0,0.0,17.37,12.0,0.0,32730.0,56.1,27.0,1.0,0.0,7.0,0.0,752.0,1.0,0.2916666666666667,0.4444444444444444,317.0,0.0,0.0,-1.0,0
29000.0,36.0,7.89,907.29,4.0,10.0,0.0,303000.0,1.0,4.0,13.41,16.0,0.0,44733.0,79.5,43.0,0.0,0.0,3.0,0.0,702.0,1.0,0.0957095709570957,0.3720930232558139,303.0,0.0,0.0,-1.0,1
35000.0,36.0,7.39,1086.96,3.0,10.0,0.0,275000.0,1.0,0.0,16.09,20.0,0.0,19169.0,40.7,46.0,0.0,0.0,4.0,0.0,722.0,1.0,0.1272727272727272,0.4347826086956521,263.0,0.0,0.0,-1.0,0
35000.0,60.0,10.75,756.63,8.0,4.0,1.0,85125.0,1.0,0.0,9.6,17.0,1.0,2436.0,3.3,39.0,0.0,0.0,0.0,0.0,737.0,1.0,0.4111600587371512,0.4358974358974359,319.0,0.0031347962382445,0.0,0.0,0
15000.0,36.0,9.75,482.25,7.0,5.0,1.0,100000.0,0.0,0.0,9.31,10.0,0.0,8100.0,19.6,18.0,0.0,0.0,5.0,0.0,692.0,1.0,0.15,0.5555555555555556,255.0,0.0,0.0,-1.0,0
8000.0,36.0,18.25,290.23,17.0,10.0,0.0,65827.0,2.0,0.0,43.57,12.0,0.0,26302.0,79.5,22.0,1.0,0.0,6.0,0.0,727.0,1.0,0.121530678900755,0.5454545454545454,373.0,0.0,0.0,-1.0,0
35000.0,36.0,13.67,1190.62,12.0,3.0,1.0,70000.0,1.0,0.0,30.88,14.0,0.0,45586.0,58.9,22.0,0.0,0.0,0.0,0.0,672.0,1.0,0.5,0.6363636363636364,194.0,0.0,0.0,-1.0,0
10000.0,36.0,18.25,362.78,17.0,10.0,1.0,73000.0,1.0,4.0,13.84,8.0,0.0,6569.0,67.0,32.0,1.0,0.0,0.0,0.0,677.0,1.0,0.136986301369863,0.25,198.0,0.0,0.0,-1.0,1
16000.0,36.0,5.32,481.84,0.0,10.0,0.0,88000.0,0.0,4.0,21.72,15.0,0.0,15577.0,37.0,31.0,0.0,0.0,4.0,0.0,732.0,1.0,0.1818181818181818,0.4838709677419355,136.0,0.0,0.0,-1.0,0
2400.0,36.0,11.99,79.71,10.0,10.0,1.0,40000.0,1.0,4.0,14.4,10.0,0.0,8346.0,34.5,15.0,0.0,0.0,0.0,0.0,752.0,1.0,0.06,0.6666666666666666,286.0,0.0,0.0,-1.0,0
10000.0,36.0,5.32,301.15,0.0,10.0,0.0,66000.0,0.0,0.0,23.62,11.0,0.0,990.0,3.9,42.0,0.0,0.0,3.0,0.0,792.0,1.0,0.1515151515151515,0.2619047619047619,164.0,0.0,0.0,-1.0,0
24000.0,60.0,13.67,554.35,12.0,6.0,0.0,80000.0,0.0,0.0,15.75,4.0,0.0,187.0,0.9,18.0,0.0,0.0,1.0,0.0,742.0,1.0,0.3,0.2222222222222222,178.0,0.0,0.0,-1.0,0
15000.0,36.0,11.99,498.15,10.0,5.0,1.0,66000.0,2.0,4.0,12.67,5.0,0.0,22365.0,86.4,11.0,0.0,0.0,0.0,0.0,677.0,1.0,0.2272727272727272,0.4545454545454545,130.0,0.0,0.0,-1.0,1
7000.0,36.0,12.99,235.83,11.0,10.0,0.0,63000.0,0.0,0.0,29.7,9.0,1.0,7460.0,50.7,32.0,0.0,0.0,3.0,1.0,677.0,1.0,0.1111111111111111,0.28125,191.0,0.0052356020942408,0.0052356020942408,1.0,0
12000.0,36.0,15.31,417.81,14.0,10.0,1.0,65894.0,0.0,0.0,36.61,25.0,0.0,28216.0,51.5,49.0,0.0,0.0,1.0,0.0,667.0,1.0,0.182110662579294,0.5102040816326531,229.0,0.0,0.0,-1.0,0
15000.0,36.0,7.89,469.29,4.0,10.0,0.0,60000.0,0.0,0.0,19.12,15.0,0.0,17629.0,46.4,37.0,0.0,0.0,1.0,0.0,692.0,1.0,0.25,0.4054054054054054,305.0,0.0,0.0,-1.0,0
10000.0,36.0,9.16,318.75,6.0,8.0,1.0,44000.0,0.0,4.0,26.61,8.0,0.0,10638.0,33.3,10.0,0.0,0.0,0.0,0.0,687.0,1.0,0.2272727272727272,0.8,93.0,0.0,0.0,-1.0,0
10000.0,36.0,14.46,344.02,13.0,2.0,1.0,34000.0,1.0,0.0,24.28,16.0,0.0,18632.0,43.1,18.0,0.0,0.0,0.0,0.0,682.0,1.0,0.2941176470588235,0.8888888888888888,79.0,0.0,0.0,-1.0,0
9025.0,36.0,14.46,310.48,13.0,2.0,1.0,80000.0,1.0,0.0,21.01,8.0,0.0,2169.0,67.8,34.0,0.0,0.0,0.0,0.0,662.0,1.0,0.1128125,0.2352941176470588,151.0,0.0,0.0,-1.0,0
12000.0,36.0,7.39,372.67,3.0,3.0,1.0,54000.0,0.0,4.0,17.64,12.0,0.0,14367.0,44.6,28.0,0.0,0.0,0.0,0.0,697.0,1.0,0.2222222222222222,0.4285714285714285,222.0,0.0,0.0,-1.0,0
35000.0,36.0,12.99,1179.12,11.0,2.0,0.0,88500.0,2.0,4.0,29.04,20.0,1.0,34918.0,69.0,26.0,0.0,0.0,3.0,1.0,682.0,1.0,0.3954802259887006,0.7692307692307693,281.0,0.0035587188612099,0.0035587188612099,1.0,0
8000.0,36.0,15.31,278.54,14.0,0.0,1.0,60000.0,1.0,1.0,13.55,10.0,1.0,10671.0,41.0,14.0,1.0,0.0,0.0,1.0,667.0,1.0,0.1333333333333333,0.7142857142857143,174.0,0.0057471264367816,0.0057471264367816,1.0,1
7200.0,36.0,8.39,226.92,5.0,3.0,0.0,53000.0,1.0,0.0,22.37,8.0,1.0,7833.0,73.9,36.0,0.0,0.0,3.0,1.0,667.0,1.0,0.1358490566037735,0.2222222222222222,254.0,0.0039370078740157,0.0039370078740157,1.0,0
20000.0,60.0,10.75,432.36,8.0,5.0,0.0,135000.0,1.0,0.0,14.93,13.0,1.0,20832.0,45.0,18.0,0.0,0.0,2.0,1.0,692.0,1.0,0.1481481481481481,0.7222222222222222,215.0,0.0046511627906976,0.0046511627906976,1.0,1
10000.0,36.0,9.16,318.75,6.0,4.0,0.0,59400.0,0.0,4.0,19.13,31.0,0.0,13577.0,77.1,64.0,0.0,0.0,2.0,0.0,667.0,1.0,0.1683501683501683,0.484375,172.0,0.0,0.0,-1.0,0
9300.0,36.0,15.31,323.81,14.0,0.0,0.0,35000.0,1.0,0.0,30.71,7.0,0.0,7612.0,40.1,13.0,0.0,0.0,2.0,0.0,692.0,1.0,0.2657142857142857,0.5384615384615384,52.0,0.0,0.0,-1.0,0
30000.0,60.0,16.29,734.18,15.0,10.0,0.0,73000.0,2.0,4.0,42.64,17.0,0.0,75971.0,82.8,42.0,0.0,0.0,3.0,0.0,712.0,1.0,0.410958904109589,0.4047619047619047,304.0,0.0,0.0,-1.0,0
15000.0,60.0,12.99,341.22,11.0,10.0,0.0,156000.0,0.0,4.0,13.82,14.0,0.0,17830.0,36.0,33.0,0.0,0.0,5.0,0.0,727.0,1.0,0.0961538461538461,0.4242424242424242,151.0,0.0,0.0,-1.0,0
24150.0,36.0,20.75,906.76,21.0,4.0,0.0,70000.0,1.0,0.0,29.49,20.0,1.0,11787.0,53.8,49.0,1.0,0.0,1.0,1.0,662.0,1.0,0.345,0.4081632653061224,228.0,0.0043859649122807,0.0043859649122807,1.0,1
9150.0,36.0,20.75,343.56,21.0,10.0,0.0,27900.0,2.0,0.0,48.52,12.0,0.0,12966.0,57.4,15.0,1.0,0.0,0.0,0.0,687.0,1.0,0.3279569892473118,0.8,150.0,0.0,0.0,-1.0,0
20000.0,60.0,15.31,479.06,14.0,10.0,2.0,55000.0,0.0,0.0,30.46,12.0,0.0,9613.0,54.9,22.0,0.0,0.0,1.0,0.0,662.0,1.0,0.3636363636363636,0.5454545454545454,231.0,0.0,0.0,-1.0,0
19200.0,36.0,9.75,617.28,7.0,3.0,0.0,125000.0,0.0,3.0,13.45,22.0,0.0,5221.0,14.8,57.0,0.0,0.0,4.0,0.0,722.0,1.0,0.1536,0.3859649122807017,292.0,0.0,0.0,-1.0,0
15000.0,36.0,7.89,469.29,4.0,4.0,2.0,70000.0,2.0,0.0,14.04,9.0,0.0,13937.0,62.8,34.0,0.0,0.0,2.0,0.0,692.0,1.0,0.2142857142857142,0.2647058823529412,194.0,0.0,0.0,-1.0,0
23000.0,36.0,6.97,709.86,2.0,5.0,0.0,60500.0,1.0,0.0,3.85,8.0,0.0,7285.0,10.8,18.0,0.0,0.0,2.0,0.0,797.0,1.0,0.3801652892561983,0.4444444444444444,415.0,0.0,0.0,-1.0,0
12000.0,36.0,7.39,372.67,3.0,10.0,2.0,81000.0,0.0,4.0,29.7,16.0,1.0,18592.0,52.2,53.0,0.0,0.0,1.0,1.0,702.0,1.0,0.1481481481481481,0.3018867924528302,140.0,0.0071428571428571,0.0071428571428571,1.0,0
23000.0,36.0,6.49,704.83,1.0,10.0,0.0,62000.0,1.0,4.0,13.72,4.0,0.0,22830.0,60.1,19.0,0.0,0.0,2.0,0.0,727.0,1.0,0.3709677419354839,0.2105263157894736,330.0,0.0,0.0,-1.0,0
27400.0,36.0,12.99,923.09,11.0,8.0,0.0,100000.0,0.0,0.0,23.1,8.0,0.0,53535.0,77.4,21.0,1.0,0.0,2.0,0.0,717.0,1.0,0.274,0.3809523809523809,275.0,0.0,0.0,-1.0,0
24000.0,36.0,5.32,722.76,0.0,8.0,0.0,75000.0,0.0,0.0,8.93,19.0,0.0,19742.0,24.8,30.0,0.0,0.0,1.0,0.0,732.0,1.0,0.32,0.6333333333333333,145.0,0.0,0.0,-1.0,0
3600.0,36.0,11.99,119.56,10.0,3.0,1.0,21622.0,2.0,0.0,15.16,5.0,0.0,4410.0,52.5,11.0,0.0,0.0,0.0,0.0,662.0,1.0,0.1664970863009897,0.4545454545454545,126.0,0.0,0.0,-1.0,1
6000.0,36.0,6.97,185.19,2.0,10.0,0.0,97000.0,0.0,4.0,6.78,6.0,0.0,5138.0,28.5,22.0,0.0,0.0,1.0,0.0,712.0,1.0,0.0618556701030927,0.2727272727272727,241.0,0.0,0.0,-1.0,0
14050.0,60.0,28.34,440.35,32.0,5.0,2.0,47500.0,2.0,0.0,38.71,18.0,1.0,10136.0,55.4,82.0,1.0,0.0,0.0,0.0,662.0,1.0,0.2957894736842105,0.2195121951219512,124.0,0.0080645161290322,0.0,0.0,1
6500.0,36.0,7.39,201.87,3.0,0.0,1.0,45000.0,1.0,0.0,5.49,5.0,0.0,3649.0,61.8,6.0,0.0,0.0,0.0,0.0,737.0,1.0,0.1444444444444444,0.8333333333333334,82.0,0.0,0.0,-1.0,0
19200.0,36.0,5.32,578.21,0.0,3.0,0.0,70000.0,0.0,4.0,18.81,11.0,0.0,18610.0,64.6,24.0,0.0,0.0,2.0,0.0,712.0,1.0,0.2742857142857143,0.4583333333333333,162.0,0.0,0.0,-1.0,0
7200.0,36.0,5.32,216.83,0.0,10.0,1.0,36000.0,1.0,0.0,19.9,6.0,0.0,6971.0,44.4,16.0,0.0,0.0,0.0,0.0,712.0,1.0,0.2,0.375,206.0,0.0,0.0,-1.0,0
5600.0,36.0,12.99,188.66,11.0,9.0,1.0,48000.0,2.0,4.0,8.43,10.0,0.0,3737.0,18.7,18.0,1.0,0.0,0.0,0.0,692.0,1.0,0.1166666666666666,0.5555555555555556,195.0,0.0,0.0,-1.0,0
15000.0,36.0,17.27,536.81,16.0,0.0,1.0,36600.0,2.0,0.0,8.33,10.0,1.0,14186.0,72.4,18.0,0.0,0.0,0.0,1.0,667.0,1.0,0.4098360655737705,0.5555555555555556,129.0,0.0077519379844961,0.0077519379844961,1.0,0
6500.0,36.0,7.39,201.87,3.0,1.0,1.0,40250.0,0.0,0.0,22.87,17.0,1.0,5101.0,25.8,32.0,0.0,0.0,0.0,1.0,707.0,1.0,0.1614906832298136,0.53125,190.0,0.0052631578947368,0.0052631578947368,1.0,0
10150.0,36.0,11.99,337.08,10.0,5.0,1.0,29000.0,0.0,0.0,13.82,5.0,0.0,10289.0,72.0,7.0,0.0,0.0,0.0,0.0,662.0,1.0,0.35,0.7142857142857143,51.0,0.0,0.0,-1.0,0
5125.0,36.0,18.99,187.84,18.0,7.0,0.0,65000.0,1.0,2.0,13.03,10.0,0.0,68.0,1.3,16.0,1.0,0.0,2.0,0.0,662.0,1.0,0.0788461538461538,0.625,110.0,0.0,0.0,-1.0,1
15000.0,36.0,6.97,462.96,2.0,10.0,1.0,50000.0,2.0,4.0,2.88,5.0,0.0,6000.0,37.0,11.0,0.0,0.0,0.0,0.0,747.0,1.0,0.3,0.4545454545454545,212.0,0.0,0.0,-1.0,0
20800.0,60.0,17.97,527.85,18.0,10.0,0.0,105000.0,1.0,3.0,29.2,22.0,0.0,10317.0,34.6,34.0,0.0,0.0,2.0,0.0,722.0,1.0,0.1980952380952381,0.6470588235294118,172.0,0.0,0.0,-1.0,0
15900.0,60.0,18.99,412.37,20.0,5.0,0.0,36000.0,2.0,0.0,37.97,12.0,1.0,0.0,0.0,26.0,0.0,1.0,1.0,1.0,662.0,1.0,0.4416666666666666,0.4615384615384615,244.0,0.0040983606557377,0.0040983606557377,1.0,1
6000.0,36.0,11.99,199.26,10.0,5.0,0.0,44000.0,2.0,0.0,20.89,10.0,0.0,5618.0,41.9,18.0,0.0,0.0,4.0,0.0,662.0,1.0,0.1363636363636363,0.5555555555555556,241.0,0.0,0.0,-1.0,0
35000.0,60.0,13.44,804.27,12.0,10.0,2.0,70000.0,1.0,0.0,27.76,22.0,0.0,54508.0,35.1,47.0,0.0,0.0,0.0,0.0,697.0,1.0,0.5,0.4680851063829787,200.0,0.0,0.0,-1.0,1
12000.0,36.0,13.67,408.22,12.0,6.0,1.0,100000.0,1.0,0.0,21.08,8.0,0.0,10365.0,79.0,14.0,1.0,0.0,0.0,0.0,667.0,1.0,0.12,0.5714285714285714,49.0,0.0,0.0,-1.0,0
35000.0,36.0,6.97,1080.22,2.0,0.0,1.0,170000.0,1.0,0.0,20.93,16.0,0.0,30252.0,34.6,31.0,0.0,0.0,2.0,0.0,737.0,1.0,0.2058823529411764,0.5161290322580645,197.0,0.0,0.0,-1.0,0
25000.0,36.0,6.49,766.12,1.0,10.0,1.0,142000.0,1.0,4.0,24.3,20.0,0.0,78491.0,91.8,35.0,0.0,0.0,0.0,0.0,692.0,1.0,0.176056338028169,0.5714285714285714,367.0,0.0,0.0,-1.0,0
16654.390625,36.0,13.99,569.1275439453125,13.0,8.0,0.0,2209322.5,2.0,0.0,65.75664505004883,31.0,0.0,609071.8125,25.169994735717772,49.0,0.0,0.0,6.0,0.0,662.0,1.0,0.00753823280334473,0.6326530759151165,196.0,0.0,0.0,-1.0,0
28000.0,36.0,7.91,876.26,4.0,9.0,0.0,113000.0,2.0,4.0,14.5,12.0,0.0,41711.0,76.1,38.0,1.0,0.0,2.0,0.0,692.0,1.0,0.247787610619469,0.3157894736842105,279.0,0.0,0.0,-1.0,0
35000.0,36.0,18.49,1273.96,19.0,4.0,1.0,150000.0,1.0,1.0,12.6,21.0,2.0,15977.0,30.0,59.0,1.0,0.0,0.0,0.0,692.0,1.0,0.2333333333333333,0.3559322033898305,182.0,0.0109890109890109,0.0,0.0,0
5000.0,36.0,13.67,170.09,12.0,1.0,0.0,65000.0,1.0,0.0,5.5,5.0,0.0,23301.0,91.0,22.0,0.0,0.0,3.0,0.0,752.0,1.0,0.0769230769230769,0.2272727272727272,212.0,0.0,0.0,-1.0,1
27500.0,36.0,18.99,1007.91,18.0,10.0,0.0,55000.0,0.0,0.0,32.01,35.0,0.0,20122.0,28.5,49.0,0.0,0.0,0.0,0.0,747.0,1.0,0.5,0.7142857142857143,315.0,0.0,0.0,-1.0,0
14100.0,60.0,21.18,382.89,22.0,10.0,0.0,205000.0,2.0,0.0,11.9,6.0,0.0,2710.0,75.0,11.0,0.0,0.0,5.0,0.0,662.0,1.0,0.068780487804878,0.5454545454545454,158.0,0.0,0.0,-1.0,0
16000.0,60.0,12.99,363.97,11.0,0.0,1.0,95000.0,2.0,0.0,5.37,14.0,0.0,3596.0,13.5,52.0,0.0,0.0,2.0,0.0,707.0,1.0,0.1684210526315789,0.2692307692307692,194.0,0.0,0.0,-1.0,0
4200.0,36.0,13.67,142.88,12.0,5.0,1.0,30000.0,2.0,0.0,33.08,11.0,0.0,6155.0,34.4,14.0,0.0,0.0,0.0,0.0,667.0,1.0,0.14,0.7857142857142857,41.0,0.0,0.0,-1.0,0
5000.0,36.0,11.99,166.05,10.0,0.0,1.0,34000.0,1.0,0.0,16.9,8.0,0.0,4770.0,30.8,11.0,0.0,0.0,0.0,0.0,692.0,1.0,0.1470588235294117,0.7272727272727273,185.0,0.0,0.0,-1.0,0
11700.0,60.0,23.13,330.71,25.0,10.0,0.0,65000.0,1.0,4.0,21.25,11.0,1.0,8936.0,58.8,17.0,0.0,0.0,1.0,1.0,672.0,1.0,0.18,0.6470588235294118,130.0,0.0076923076923076,0.0076923076923076,1.0,0
16000.0,36.0,5.32,481.84,0.0,10.0,0.0,125000.0,0.0,5.0,7.58,22.0,0.0,12080.0,6.7,44.0,0.0,0.0,8.0,0.0,807.0,1.0,0.128,0.5,194.0,0.0,0.0,-1.0,0
19225.0,60.0,13.67,444.05,12.0,10.0,0.0,55000.0,0.0,0.0,16.5,13.0,0.0,1686.0,11.7,24.0,0.0,0.0,2.0,0.0,717.0,1.0,0.3495454545454545,0.5416666666666666,231.0,0.0,0.0,-1.0,0
6000.0,36.0,11.99,199.26,10.0,3.0,1.0,28000.0,1.0,0.0,28.8,7.0,0.0,1283.0,26.7,10.0,0.0,0.0,0.0,0.0,702.0,1.0,0.2142857142857142,0.7,54.0,0.0,0.0,-1.0,0
24000.0,60.0,14.46,564.18,13.0,10.0,1.0,120000.0,1.0,0.0,21.42,22.0,0.0,31147.0,70.8,33.0,0.0,0.0,4.0,0.0,667.0,1.0,0.2,0.6666666666666666,192.0,0.0,0.0,-1.0,0
18000.0,36.0,21.97,687.15,23.0,6.0,1.0,116500.0,1.0,4.0,20.22,17.0,3.0,13320.0,30.0,31.0,0.0,0.0,0.0,1.0,692.0,1.0,0.1545064377682403,0.5483870967741935,195.0,0.0153846153846153,0.0051282051282051,0.3333333333333333,0
17675.0,36.0,18.99,647.81,18.0,2.0,0.0,52000.0,2.0,0.0,18.9,8.0,2.0,6641.0,53.6,11.0,1.0,0.0,0.0,0.0,662.0,1.0,0.3399038461538461,0.7272727272727273,102.0,0.0196078431372549,0.0,0.0,1
25000.0,60.0,18.99,648.38,18.0,0.0,1.0,65000.0,0.0,4.0,22.1,5.0,0.0,23696.0,97.1,20.0,0.0,0.0,0.0,0.0,692.0,1.0,0.3846153846153846,0.25,199.0,0.0,0.0,-1.0,1
35000.0,36.0,14.46,1204.06,13.0,2.0,0.0,100000.0,1.0,0.0,22.2,18.0,0.0,24312.0,50.6,20.0,0.0,1.0,2.0,0.0,682.0,1.0,0.35,0.9,70.0,0.0,0.0,-1.0,1
24000.0,36.0,6.49,735.47,1.0,9.0,0.0,275000.0,1.0,4.0,13.41,22.0,0.0,37505.0,28.8,36.0,0.0,0.0,4.0,0.0,742.0,1.0,0.0872727272727272,0.6111111111111112,336.0,0.0,0.0,-1.0,0
2750.0,36.0,6.49,84.28,1.0,10.0,0.0,50000.0,0.0,4.0,13.15,11.0,0.0,4125.0,25.2,18.0,0.0,0.0,3.0,0.0,782.0,1.0,0.055,0.6111111111111112,177.0,0.0,0.0,-1.0,0
35000.0,36.0,11.99,1162.34,10.0,10.0,0.0,121776.0,1.0,0.0,28.62,21.0,0.0,73791.0,68.6,37.0,0.0,0.0,3.0,0.0,662.0,1.0,0.2874129549336486,0.5675675675675675,378.0,0.0,0.0,-1.0,0
1000.0,36.0,11.99,33.21,10.0,0.0,0.0,55000.0,1.0,0.0,16.52,6.0,0.0,2175.0,8.4,19.0,0.0,0.0,3.0,0.0,777.0,1.0,0.0181818181818181,0.3157894736842105,270.0,0.0,0.0,-1.0,0
35000.0,36.0,8.39,1103.09,5.0,4.0,0.0,230000.0,1.0,4.0,13.52,13.0,0.0,40626.0,71.0,37.0,0.0,0.0,2.0,0.0,697.0,1.0,0.1521739130434782,0.3513513513513513,138.0,0.0,0.0,-1.0,0
25000.0,36.0,5.32,752.87,0.0,0.0,0.0,126000.0,0.0,4.0,9.64,13.0,0.0,91075.0,42.6,28.0,0.0,0.0,5.0,0.0,752.0,1.0,0.1984126984126984,0.4642857142857143,272.0,0.0,0.0,-1.0,0
20000.0,36.0,6.97,617.27,2.0,10.0,0.0,76000.0,0.0,4.0,20.39,16.0,0.0,36874.0,68.5,24.0,0.0,0.0,2.0,0.0,707.0,1.0,0.2631578947368421,0.6666666666666666,405.0,0.0,0.0,-1.0,0
12000.0,36.0,8.39,378.2,5.0,10.0,0.0,96000.0,0.0,0.0,11.08,9.0,0.0,30815.0,55.9,25.0,0.0,0.0,6.0,0.0,737.0,1.0,0.125,0.36,253.0,0.0,0.0,-1.0,0
10000.0,36.0,9.16,318.75,6.0,10.0,2.0,45000.0,0.0,2.0,7.68,2.0,0.0,6483.0,21.6,9.0,0.0,0.0,2.0,0.0,712.0,1.0,0.2222222222222222,0.2222222222222222,239.0,0.0,0.0,-1.0,0
21000.0,36.0,12.99,707.48,11.0,10.0,0.0,105000.0,2.0,0.0,26.18,15.0,0.0,44647.0,92.6,26.0,0.0,0.0,5.0,0.0,692.0,1.0,0.2,0.5769230769230769,319.0,0.0,0.0,-1.0,0
7800.0,36.0,11.47,257.11,9.0,3.0,1.0,34000.0,2.0,0.0,23.58,8.0,1.0,11411.0,61.7,14.0,0.0,0.0,1.0,1.0,677.0,1.0,0.2294117647058823,0.5714285714285714,135.0,0.0074074074074074,0.0074074074074074,1.0,0
12000.0,36.0,7.89,375.43,4.0,9.0,0.0,99000.0,0.0,0.0,15.43,27.0,0.0,8701.0,14.7,42.0,0.0,0.0,3.0,0.0,747.0,1.0,0.1212121212121212,0.6428571428571429,210.0,0.0,0.0,-1.0,0
9425.0,36.0,18.99,345.44,18.0,7.0,0.0,85000.0,2.0,0.0,24.58,11.0,1.0,6792.0,75.5,21.0,0.0,0.0,3.0,1.0,662.0,1.0,0.1108823529411764,0.5238095238095238,149.0,0.0067114093959731,0.0067114093959731,1.0,1
30800.0,36.0,10.75,1004.71,8.0,10.0,1.0,100000.0,1.0,0.0,16.82,12.0,0.0,13592.0,45.3,21.0,0.0,0.0,0.0,0.0,672.0,1.0,0.308,0.5714285714285714,288.0,0.0,0.0,-1.0,0
12000.0,36.0,9.75,385.8,7.0,3.0,1.0,65500.0,0.0,0.0,11.05,5.0,0.0,9068.0,78.2,10.0,1.0,0.0,0.0,0.0,712.0,1.0,0.183206106870229,0.5,224.0,0.0,0.0,-1.0,0
15000.0,36.0,8.39,472.75,5.0,10.0,0.0,100000.0,1.0,0.0,23.07,12.0,0.0,14294.0,75.2,22.0,0.0,0.0,1.0,0.0,682.0,1.0,0.15,0.5454545454545454,229.0,0.0,0.0,-1.0,0
28000.0,60.0,22.45,780.52,24.0,10.0,0.0,92000.0,0.0,0.0,37.44,16.0,0.0,45642.0,89.5,38.0,0.0,0.0,4.0,0.0,682.0,1.0,0.3043478260869565,0.4210526315789473,273.0,0.0,0.0,-1.0,0
7000.0,36.0,6.49,214.52,1.0,1.0,0.0,47000.0,1.0,4.0,15.86,23.0,0.0,8700.0,12.5,40.0,0.0,0.0,2.0,0.0,727.0,1.0,0.1489361702127659,0.575,166.0,0.0,0.0,-1.0,0
28000.0,36.0,8.39,882.47,5.0,10.0,0.0,184000.0,0.0,5.0,24.48,30.0,0.0,45048.0,46.1,48.0,0.0,0.0,4.0,0.0,702.0,1.0,0.1521739130434782,0.625,319.0,0.0,0.0,-1.0,0
35000.0,36.0,8.39,1103.09,5.0,10.0,2.0,250000.0,1.0,4.0,10.65,7.0,0.0,71285.0,45.0,14.0,1.0,0.0,2.0,0.0,717.0,1.0,0.14,0.5,344.0,0.0,0.0,-1.0,0
5000.0,36.0,14.46,172.01,13.0,4.0,2.0,57000.0,2.0,5.0,22.57,12.0,1.0,13065.0,71.8,27.0,1.0,0.0,1.0,1.0,672.0,1.0,0.087719298245614,0.4444444444444444,194.0,0.0051546391752577,0.0051546391752577,1.0,0
16000.0,60.0,11.99,355.84,10.0,9.0,1.0,450000.0,1.0,0.0,2.0,4.0,0.0,7003.0,94.6,24.0,0.0,0.0,0.0,0.0,662.0,1.0,0.0355555555555555,0.1666666666666666,218.0,0.0,0.0,-1.0,1
10800.0,36.0,7.89,337.89,4.0,8.0,0.0,105000.0,0.0,0.0,15.28,10.0,0.0,5207.0,39.7,33.0,0.0,0.0,2.0,0.0,682.0,1.0,0.1028571428571428,0.303030303030303,210.0,0.0,0.0,-1.0,0
13000.0,36.0,9.16,414.37,6.0,0.0,1.0,70000.0,1.0,10.0,20.01,7.0,0.0,4723.0,26.2,20.0,0.0,0.0,4.0,0.0,707.0,1.0,0.1857142857142857,0.35,233.0,0.0,0.0,-1.0,0
16000.0,60.0,24.11,461.31,26.0,10.0,0.0,65000.0,1.0,2.0,30.19,19.0,0.0,14140.0,45.6,36.0,0.0,0.0,1.0,0.0,682.0,1.0,0.2461538461538461,0.5277777777777778,124.0,0.0,0.0,-1.0,1
30000.0,60.0,21.18,814.65,22.0,10.0,0.0,110000.0,2.0,2.0,20.7,16.0,1.0,13813.0,62.8,31.0,0.0,0.0,6.0,1.0,662.0,1.0,0.2727272727272727,0.5161290322580645,242.0,0.0041322314049586,0.0041322314049586,1.0,1
10000.0,60.0,19.99,264.89,20.0,8.0,2.0,155000.0,1.0,5.0,24.74,17.0,0.0,14314.0,57.7,33.0,0.0,0.0,1.0,0.0,727.0,1.0,0.064516129032258,0.5151515151515151,134.0,0.0,0.0,-1.0,1
22400.0,60.0,28.67,706.53,33.0,1.0,2.0,44800.0,2.0,1.0,8.95,6.0,0.0,6650.0,56.8,7.0,1.0,0.0,0.0,0.0,712.0,1.0,0.5,0.8571428571428571,66.0,0.0,0.0,-1.0,1
12000.0,36.0,7.89,375.43,4.0,10.0,1.0,52000.0,1.0,0.0,9.0,5.0,0.0,6535.0,75.1,10.0,0.0,0.0,0.0,0.0,712.0,1.0,0.2307692307692307,0.5,125.0,0.0,0.0,-1.0,0
12800.0,60.0,18.25,326.78,17.0,9.0,1.0,88500.0,1.0,0.0,35.33,25.0,1.0,35784.0,55.1,41.0,0.0,0.0,0.0,0.0,682.0,1.0,0.1446327683615819,0.6097560975609756,178.0,0.0056179775280898,0.0,0.0,1
15000.0,36.0,5.32,451.73,0.0,10.0,0.0,165000.0,2.0,4.0,11.87,23.0,0.0,27215.0,23.4,44.0,1.0,0.0,4.0,0.0,742.0,1.0,0.0909090909090909,0.5227272727272727,435.0,0.0,0.0,-1.0,0
20000.0,36.0,9.75,643.0,7.0,5.0,1.0,53000.0,2.0,4.0,16.3,4.0,0.0,25534.0,77.6,5.0,0.0,0.0,0.0,0.0,692.0,1.0,0.3773584905660377,0.8,151.0,0.0,0.0,-1.0,0
15000.0,36.0,11.47,494.43,9.0,10.0,1.0,110000.0,2.0,0.0,20.28,12.0,0.0,20888.0,92.4,21.0,0.0,0.0,2.0,0.0,672.0,1.0,0.1363636363636363,0.5714285714285714,127.0,0.0,0.0,-1.0,0
10000.0,36.0,10.75,326.21,8.0,4.0,0.0,51000.0,1.0,4.0,30.64,13.0,0.0,10036.0,57.0,40.0,0.0,0.0,3.0,0.0,682.0,1.0,0.196078431372549,0.325,147.0,0.0,0.0,-1.0,0
30000.0,36.0,14.46,1032.05,13.0,10.0,1.0,84000.0,1.0,4.0,13.53,11.0,0.0,31747.0,84.2,19.0,0.0,0.0,2.0,0.0,672.0,1.0,0.3571428571428571,0.5789473684210527,176.0,0.0,0.0,-1.0,1
9000.0,36.0,10.75,293.59,8.0,3.0,1.0,66187.0,1.0,0.0,21.21,7.0,1.0,14973.0,51.8,20.0,0.0,0.0,1.0,1.0,667.0,2.0,0.1359783643313641,0.35,160.0,0.00625,0.00625,1.0,0
12425.0,36.0,24.99,493.96,27.0,5.0,0.0,40000.0,2.0,0.0,30.4,6.0,1.0,1698.0,35.4,15.0,1.0,0.0,1.0,1.0,692.0,2.0,0.310625,0.4,194.0,0.0051546391752577,0.0051546391752577,1.0,0
30000.0,60.0,13.67,692.93,12.0,5.0,0.0,180000.0,2.0,0.0,21.41,18.0,2.0,36952.0,34.0,42.0,0.0,0.0,0.0,1.0,692.0,2.0,0.1666666666666666,0.4285714285714285,239.0,0.00836820083682,0.00418410041841,0.5,1
11000.0,36.0,16.29,388.31,15.0,10.0,0.0,57000.0,0.0,4.0,13.16,14.0,0.0,20713.0,54.8,28.0,1.0,0.0,2.0,0.0,677.0,2.0,0.1929824561403508,0.5,306.0,0.0,0.0,-1.0,0
16000.0,60.0,21.18,434.48,22.0,5.0,0.0,50000.0,2.0,0.0,33.45,14.0,1.0,20715.0,72.7,34.0,0.0,0.0,0.0,1.0,662.0,2.0,0.32,0.4117647058823529,161.0,0.0062111801242236,0.0062111801242236,1.0,0
30050.0,60.0,11.47,660.43,9.0,1.0,0.0,60100.0,1.0,0.0,16.71,13.0,0.0,25873.0,53.8,24.0,0.0,0.0,3.0,0.0,707.0,2.0,0.5,0.5416666666666666,226.0,0.0,0.0,-1.0,0
8000.0,36.0,11.99,265.68,10.0,4.0,1.0,27000.0,2.0,0.0,43.91,7.0,1.0,356.0,14.8,19.0,0.0,1.0,0.0,0.0,712.0,2.0,0.2962962962962963,0.3684210526315789,129.0,0.0077519379844961,0.0,0.0,1
10000.0,36.0,10.75,326.21,8.0,10.0,0.0,83000.0,0.0,0.0,7.48,9.0,1.0,8486.0,64.8,19.0,0.0,0.0,5.0,0.0,672.0,2.0,0.1204819277108433,0.4736842105263157,243.0,0.0041152263374485,0.0,0.0,1
17000.0,60.0,9.75,359.12,7.0,10.0,0.0,119000.0,2.0,0.0,29.51,11.0,0.0,8929.0,48.0,23.0,0.0,0.0,1.0,0.0,687.0,2.0,0.1428571428571428,0.4782608695652174,200.0,0.0,0.0,-1.0,0
5000.0,36.0,9.75,160.75,7.0,2.0,0.0,60000.0,1.0,0.0,9.28,9.0,0.0,5297.0,49.5,38.0,0.0,0.0,0.0,0.0,667.0,2.0,0.0833333333333333,0.2368421052631578,185.0,0.0,0.0,-1.0,0
11200.0,36.0,16.29,395.37,15.0,9.0,2.0,70000.0,1.0,7.0,28.13,8.0,0.0,11904.0,56.7,13.0,0.0,0.0,0.0,0.0,687.0,2.0,0.16,0.6153846153846154,103.0,0.0,0.0,-1.0,1
20000.0,60.0,16.29,489.45,15.0,1.0,0.0,55000.0,1.0,4.0,28.5,22.0,0.0,7384.0,23.0,28.0,0.0,0.0,1.0,0.0,712.0,2.0,0.3636363636363636,0.7857142857142857,188.0,0.0,0.0,-1.0,1
14000.0,60.0,18.99,363.1,18.0,2.0,1.0,55000.0,0.0,0.0,22.37,11.0,0.0,14537.0,54.2,19.0,0.0,0.0,0.0,0.0,667.0,2.0,0.2545454545454545,0.5789473684210527,183.0,0.0,0.0,-1.0,1
10000.0,36.0,5.32,301.15,0.0,10.0,0.0,55000.0,0.0,0.0,9.19,7.0,0.0,2475.0,14.8,21.0,0.0,0.0,2.0,0.0,802.0,2.0,0.1818181818181818,0.3333333333333333,146.0,0.0,0.0,-1.0,0
10925.0,36.0,17.27,390.98,16.0,5.0,1.0,27796.0,2.0,2.0,21.63,5.0,0.0,313.0,5.5,16.0,0.0,0.0,1.0,0.0,732.0,2.0,0.3930421643401928,0.3125,155.0,0.0,0.0,-1.0,1
15000.0,60.0,18.99,389.03,18.0,10.0,0.0,74000.0,0.0,0.0,34.42,28.0,0.0,33208.0,36.2,42.0,0.0,0.0,3.0,0.0,717.0,2.0,0.2027027027027027,0.6666666666666666,361.0,0.0,0.0,-1.0,0
7500.0,36.0,9.16,239.06,6.0,0.0,1.0,150000.0,0.0,0.0,14.51,11.0,0.0,5268.0,25.7,23.0,0.0,0.0,0.0,0.0,757.0,2.0,0.05,0.4782608695652174,91.0,0.0,0.0,-1.0,0
12000.0,36.0,12.99,404.27,11.0,8.0,1.0,38000.0,1.0,1.0,15.48,5.0,0.0,4415.0,40.1,6.0,0.0,0.0,0.0,0.0,667.0,2.0,0.3157894736842105,0.8333333333333334,203.0,0.0,0.0,-1.0,0
26000.0,60.0,13.67,600.54,12.0,10.0,0.0,75000.0,0.0,0.0,13.9,10.0,1.0,13260.0,63.4,38.0,0.0,0.0,3.0,0.0,702.0,2.0,0.3466666666666667,0.2631578947368421,132.0,0.0075757575757575,0.0,0.0,0
4800.0,36.0,13.67,163.29,12.0,4.0,0.0,48000.0,1.0,0.0,13.58,16.0,0.0,5288.0,30.7,17.0,0.0,0.0,1.0,0.0,677.0,2.0,0.1,0.9411764705882352,55.0,0.0,0.0,-1.0,0
6500.0,36.0,5.32,195.75,0.0,5.0,1.0,35000.0,0.0,0.0,14.64,8.0,0.0,8744.0,51.4,17.0,0.0,0.0,0.0,0.0,697.0,2.0,0.1857142857142857,0.4705882352941176,126.0,0.0,0.0,-1.0,0
20000.0,36.0,9.75,643.0,7.0,10.0,1.0,112999.0,1.0,0.0,19.44,18.0,0.0,33447.0,63.7,34.0,0.0,0.0,3.0,0.0,677.0,2.0,0.1769927167497057,0.5294117647058824,258.0,0.0,0.0,-1.0,0
7750.0,36.0,9.75,249.17,7.0,2.0,1.0,54500.0,0.0,9.0,15.46,15.0,0.0,3146.0,36.6,20.0,0.0,0.0,0.0,0.0,687.0,2.0,0.1422018348623853,0.75,90.0,0.0,0.0,-1.0,0
20000.0,36.0,8.39,630.34,5.0,1.0,1.0,110000.0,1.0,0.0,6.14,10.0,0.0,20570.0,66.6,13.0,0.0,1.0,0.0,0.0,677.0,2.0,0.1818181818181818,0.7692307692307693,226.0,0.0,0.0,-1.0,0
11200.0,36.0,9.75,360.08,7.0,7.0,1.0,37000.0,0.0,2.0,25.07,7.0,0.0,6633.0,49.9,11.0,0.0,0.0,1.0,0.0,747.0,2.0,0.3027027027027027,0.6363636363636364,377.0,0.0,0.0,-1.0,0
16000.0,36.0,8.39,504.27,5.0,10.0,0.0,50000.0,1.0,0.0,26.23,11.0,0.0,22644.0,43.5,15.0,0.0,0.0,0.0,0.0,677.0,2.0,0.32,0.7333333333333333,186.0,0.0,0.0,-1.0,0
28000.0,60.0,8.39,572.98,5.0,10.0,0.0,120000.0,0.0,0.0,21.15,14.0,0.0,28371.0,38.7,37.0,0.0,0.0,5.0,0.0,722.0,2.0,0.2333333333333333,0.3783783783783784,178.0,0.0,0.0,-1.0,0
15000.0,36.0,8.39,472.75,5.0,3.0,0.0,85000.0,1.0,4.0,7.96,11.0,3.0,18966.0,45.9,40.0,0.0,0.0,0.0,3.0,677.0,2.0,0.1764705882352941,0.275,414.0,0.0072463768115942,0.0072463768115942,1.0,0
14000.0,60.0,15.31,335.35,14.0,10.0,0.0,45000.0,0.0,0.0,29.33,14.0,0.0,18212.0,45.3,22.0,1.0,0.0,2.0,0.0,697.0,2.0,0.3111111111111111,0.6363636363636364,135.0,0.0,0.0,-1.0,0
16000.0,36.0,5.32,481.84,0.0,10.0,0.0,47350.0,0.0,0.0,22.73,19.0,0.0,19865.0,27.0,39.0,0.0,1.0,2.0,0.0,722.0,2.0,0.337909186906019,0.4871794871794871,186.0,0.0,0.0,-1.0,0
6000.0,36.0,5.32,180.69,0.0,10.0,2.0,75000.0,0.0,0.0,12.8,12.0,0.0,4756.0,33.0,22.0,0.0,0.0,2.0,0.0,732.0,2.0,0.08,0.5454545454545454,156.0,0.0,0.0,-1.0,0
6025.0,36.0,11.47,198.6,9.0,2.0,0.0,58300.0,2.0,8.0,24.62,7.0,0.0,19623.0,71.1,27.0,0.0,0.0,6.0,0.0,702.0,2.0,0.103344768439108,0.2592592592592592,169.0,0.0,0.0,-1.0,0
29000.0,60.0,10.75,626.93,8.0,10.0,0.0,120000.0,2.0,0.0,32.19,26.0,0.0,52941.0,44.0,40.0,0.0,0.0,2.0,0.0,747.0,2.0,0.2416666666666666,0.65,319.0,0.0,0.0,-1.0,1
24000.0,36.0,5.32,722.76,0.0,10.0,0.0,140000.0,0.0,0.0,12.41,24.0,0.0,41119.0,22.9,40.0,0.0,0.0,4.0,0.0,792.0,2.0,0.1714285714285714,0.6,251.0,0.0,0.0,-1.0,0
16000.0,60.0,20.75,430.61,21.0,10.0,1.0,60000.0,1.0,0.0,10.9,9.0,0.0,9891.0,26.3,11.0,0.0,0.0,0.0,0.0,697.0,2.0,0.2666666666666666,0.8181818181818182,156.0,0.0,0.0,-1.0,1
34500.0,60.0,15.31,826.38,14.0,8.0,0.0,75000.0,1.0,0.0,21.66,17.0,0.0,24781.0,60.7,32.0,0.0,0.0,3.0,0.0,692.0,2.0,0.46,0.53125,254.0,0.0,0.0,-1.0,0
2700.0,36.0,9.16,86.07,6.0,3.0,1.0,75000.0,2.0,4.0,12.06,5.0,0.0,0.0,0.0,15.0,0.0,0.0,1.0,0.0,702.0,2.0,0.036,0.3333333333333333,151.0,0.0,0.0,-1.0,0
29000.0,36.0,5.32,873.33,0.0,10.0,2.0,75000.0,1.0,5.0,17.33,12.0,0.0,117.0,0.2,19.0,0.0,0.0,2.0,0.0,842.0,2.0,0.3866666666666666,0.631578947368421,276.0,0.0,0.0,-1.0,0
6000.0,36.0,11.99,199.26,10.0,10.0,0.0,36200.0,0.0,0.0,29.38,5.0,1.0,5351.0,73.3,11.0,0.0,0.0,1.0,1.0,687.0,2.0,0.1657458563535911,0.4545454545454545,477.0,0.0020964360587002,0.0020964360587002,1.0,0
9500.0,36.0,11.47,313.14,9.0,10.0,0.0,77000.0,2.0,2.0,23.26,10.0,3.0,10150.0,68.5,14.0,0.0,0.0,3.0,0.0,702.0,2.0,0.1233766233766233,0.7142857142857143,203.0,0.0147783251231527,0.0,0.0,0
15000.0,36.0,14.46,516.03,13.0,9.0,2.0,49000.0,0.0,0.0,26.3,17.0,0.0,17764.0,71.6,25.0,0.0,0.0,0.0,0.0,677.0,2.0,0.3061224489795918,0.68,236.0,0.0,0.0,-1.0,0
16000.0,36.0,6.97,493.82,2.0,1.0,0.0,110000.0,0.0,0.0,20.9,22.0,0.0,5492.0,12.5,41.0,0.0,0.0,5.0,0.0,772.0,2.0,0.1454545454545454,0.5365853658536586,219.0,0.0,0.0,-1.0,0
5700.0,36.0,28.99,238.84,34.0,2.0,2.0,19000.0,1.0,2.0,30.01,5.0,0.0,2739.0,55.9,6.0,0.0,0.0,1.0,0.0,677.0,2.0,0.3,0.8333333333333334,124.0,0.0,0.0,-1.0,1
1500.0,36.0,23.13,58.17,25.0,10.0,0.0,48000.0,1.0,5.0,8.1,8.0,0.0,4348.0,87.0,11.0,1.0,0.0,3.0,0.0,672.0,2.0,0.03125,0.7272727272727273,144.0,0.0,0.0,-1.0,0
10000.0,36.0,11.47,329.62,9.0,5.0,2.0,55000.0,1.0,0.0,16.41,9.0,2.0,7373.0,50.8,23.0,0.0,0.0,3.0,0.0,662.0,2.0,0.1818181818181818,0.391304347826087,224.0,0.0089285714285714,0.0,0.0,0
25000.0,60.0,9.16,520.91,6.0,10.0,0.0,65000.0,0.0,4.0,16.37,9.0,0.0,22275.0,62.6,27.0,0.0,0.0,6.0,0.0,737.0,2.0,0.3846153846153846,0.3333333333333333,160.0,0.0,0.0,-1.0,0
24000.0,36.0,5.32,722.76,0.0,10.0,0.0,186000.0,0.0,2.0,12.69,24.0,0.0,54364.0,42.2,43.0,0.0,0.0,0.0,0.0,722.0,2.0,0.1290322580645161,0.5581395348837209,324.0,0.0,0.0,-1.0,0
24000.0,60.0,6.97,474.89,2.0,1.0,0.0,98000.0,0.0,7.0,10.56,6.0,0.0,2250.0,8.8,29.0,0.0,0.0,4.0,0.0,777.0,2.0,0.2448979591836734,0.2068965517241379,139.0,0.0,0.0,-1.0,0
6000.0,36.0,7.39,186.34,3.0,10.0,1.0,85000.0,0.0,0.0,7.88,7.0,1.0,4131.0,39.3,25.0,0.0,0.0,3.0,0.0,662.0,2.0,0.0705882352941176,0.28,175.0,0.0057142857142857,0.0,0.0,0
5000.0,36.0,8.39,157.59,5.0,10.0,1.0,47000.0,1.0,4.0,32.68,17.0,0.0,6536.0,20.7,58.0,0.0,0.0,0.0,0.0,707.0,2.0,0.1063829787234042,0.293103448275862,143.0,0.0,0.0,-1.0,0
4800.0,36.0,14.46,165.13,13.0,2.0,1.0,40000.0,2.0,5.0,4.71,11.0,1.0,6303.0,97.0,18.0,0.0,0.0,0.0,1.0,682.0,2.0,0.12,0.6111111111111112,136.0,0.0073529411764705,0.0073529411764705,1.0,1
18000.0,36.0,9.75,578.7,7.0,0.0,1.0,85000.0,1.0,0.0,10.55,9.0,0.0,17595.0,91.6,26.0,0.0,0.0,0.0,0.0,702.0,2.0,0.2117647058823529,0.3461538461538461,305.0,0.0,0.0,-1.0,0
10000.0,36.0,10.75,326.21,8.0,10.0,0.0,54000.0,2.0,2.0,28.4,10.0,1.0,9572.0,49.1,49.0,0.0,0.0,3.0,1.0,672.0,2.0,0.1851851851851851,0.2040816326530612,138.0,0.0072463768115942,0.0072463768115942,1.0,0
4000.0,36.0,7.39,124.23,3.0,5.0,0.0,45000.0,0.0,4.0,18.99,8.0,0.0,15814.0,66.2,20.0,0.0,0.0,4.0,0.0,677.0,2.0,0.0888888888888888,0.4,150.0,0.0,0.0,-1.0,1
15000.0,36.0,7.89,469.29,4.0,7.0,0.0,73000.0,0.0,4.0,18.89,15.0,0.0,22312.0,71.5,36.0,0.0,0.0,3.0,0.0,687.0,2.0,0.2054794520547945,0.4166666666666667,135.0,0.0,0.0,-1.0,1
35000.0,36.0,12.99,1179.12,11.0,10.0,2.0,130000.0,2.0,0.0,31.29,21.0,0.0,74657.0,61.7,30.0,0.0,0.0,1.0,0.0,667.0,2.0,0.2692307692307692,0.7,254.0,0.0,0.0,-1.0,0
22400.0,36.0,5.32,674.58,0.0,10.0,0.0,104000.0,1.0,4.0,17.18,11.0,0.0,125269.0,44.2,33.0,0.0,0.0,1.0,0.0,702.0,2.0,0.2153846153846154,0.3333333333333333,375.0,0.0,0.0,-1.0,0
12000.0,36.0,13.67,408.22,12.0,3.0,0.0,71000.0,0.0,2.0,24.1,9.0,0.0,9176.0,52.1,11.0,0.0,0.0,1.0,0.0,707.0,2.0,0.1690140845070422,0.8181818181818182,179.0,0.0,0.0,-1.0,0
8600.0,36.0,13.67,292.56,12.0,10.0,2.0,51240.0,2.0,0.0,24.91,14.0,0.0,48667.0,43.5,22.0,0.0,0.0,0.0,0.0,677.0,2.0,0.1678376268540203,0.6363636363636364,132.0,0.0,0.0,-1.0,0
18000.0,60.0,12.99,409.47,11.0,4.0,0.0,83000.0,0.0,4.0,37.36,12.0,0.0,69099.0,84.8,54.0,0.0,0.0,1.0,0.0,712.0,2.0,0.216867469879518,0.2222222222222222,467.0,0.0,0.0,-1.0,0
6000.0,36.0,10.75,195.73,8.0,8.0,2.0,72000.0,0.0,5.0,10.37,5.0,0.0,1524.0,13.5,8.0,0.0,0.0,1.0,0.0,712.0,2.0,0.0833333333333333,0.625,147.0,0.0,0.0,-1.0,1
6000.0,36.0,9.75,192.9,7.0,0.0,1.0,55000.0,1.0,10.0,12.76,10.0,0.0,9340.0,35.0,25.0,0.0,0.0,0.0,0.0,697.0,2.0,0.109090909090909,0.4,262.0,0.0,0.0,-1.0,0
7200.0,36.0,9.16,229.5,6.0,10.0,1.0,83666.0,2.0,0.0,13.2,8.0,3.0,2941.0,28.8,31.0,0.0,0.0,1.0,0.0,667.0,2.0,0.0860564626012956,0.2580645161290322,210.0,0.0142857142857142,0.0,0.0,0
24925.0,60.0,18.25,636.33,17.0,10.0,0.0,62596.0,2.0,0.0,29.64,9.0,0.0,9206.0,54.2,37.0,0.0,0.0,4.0,0.0,697.0,2.0,0.3981883826442584,0.2432432432432432,129.0,0.0,0.0,-1.0,0
4000.0,36.0,11.99,132.84,10.0,10.0,1.0,36000.0,2.0,0.0,16.4,5.0,0.0,12333.0,98.7,7.0,0.0,0.0,0.0,0.0,672.0,2.0,0.1111111111111111,0.7142857142857143,161.0,0.0,0.0,-1.0,1
10000.0,36.0,7.89,312.86,4.0,7.0,1.0,50000.0,0.0,4.0,14.26,8.0,0.0,9683.0,40.5,12.0,0.0,0.0,0.0,0.0,722.0,2.0,0.2,0.6666666666666666,352.0,0.0,0.0,-1.0,0
15000.0,36.0,11.47,494.43,9.0,3.0,1.0,68000.0,1.0,0.0,19.5,10.0,0.0,6750.0,81.3,15.0,0.0,0.0,0.0,0.0,662.0,2.0,0.2205882352941176,0.6666666666666666,90.0,0.0,0.0,-1.0,1
32200.0,60.0,18.99,835.11,18.0,10.0,0.0,70000.0,1.0,4.0,25.73,11.0,0.0,46643.0,78.5,19.0,0.0,0.0,4.0,0.0,692.0,2.0,0.46,0.5789473684210527,321.0,0.0,0.0,-1.0,0
20000.0,60.0,12.99,454.96,11.0,4.0,0.0,57000.0,0.0,0.0,10.08,13.0,0.0,11045.0,37.7,22.0,0.0,0.0,2.0,0.0,662.0,2.0,0.3508771929824561,0.5909090909090909,185.0,0.0,0.0,-1.0,0
10000.0,36.0,11.99,332.1,10.0,9.0,1.0,63600.0,1.0,5.0,18.02,7.0,0.0,19846.0,72.2,24.0,0.0,0.0,0.0,0.0,672.0,2.0,0.1572327044025157,0.2916666666666667,139.0,0.0,0.0,-1.0,1
14000.0,60.0,13.67,323.37,12.0,10.0,0.0,77000.0,0.0,0.0,9.02,11.0,0.0,10364.0,43.4,16.0,0.0,0.0,2.0,0.0,702.0,2.0,0.1818181818181818,0.6875,127.0,0.0,0.0,-1.0,0
36000.0,36.0,16.29,1270.82,15.0,10.0,0.0,99000.0,0.0,0.0,29.21,21.0,0.0,61104.0,84.2,39.0,0.0,0.0,4.0,0.0,682.0,2.0,0.3636363636363636,0.5384615384615384,217.0,0.0,0.0,-1.0,0
10000.0,36.0,7.89,312.86,4.0,3.0,0.0,84000.0,1.0,10.0,12.09,11.0,0.0,16749.0,27.0,31.0,0.0,0.0,3.0,0.0,737.0,2.0,0.119047619047619,0.3548387096774194,175.0,0.0,0.0,-1.0,0
6000.0,36.0,11.47,197.78,9.0,10.0,0.0,70000.0,1.0,5.0,16.92,9.0,0.0,9556.0,68.3,20.0,1.0,0.0,4.0,0.0,677.0,2.0,0.0857142857142857,0.45,199.0,0.0,0.0,-1.0,0
26375.0,36.0,18.99,966.67,18.0,8.0,0.0,240000.0,2.0,5.0,4.69,15.0,0.0,6710.0,18.8,33.0,0.0,0.0,5.0,0.0,682.0,2.0,0.1098958333333333,0.4545454545454545,351.0,0.0,0.0,-1.0,0
7200.0,36.0,5.32,216.83,0.0,3.0,1.0,28000.0,0.0,0.0,8.27,15.0,0.0,9131.0,30.7,30.0,0.0,0.0,0.0,0.0,717.0,2.0,0.2571428571428571,0.5,118.0,0.0,0.0,-1.0,0
35000.0,36.0,12.99,1179.12,11.0,10.0,2.0,85000.0,1.0,2.0,22.07,11.0,0.0,1447.0,8.3,21.0,0.0,0.0,1.0,0.0,722.0,2.0,0.4117647058823529,0.5238095238095238,298.0,0.0,0.0,-1.0,0
9300.0,36.0,21.97,355.03,23.0,0.0,1.0,31000.0,1.0,0.0,1.94,4.0,0.0,586.0,15.8,25.0,0.0,0.0,0.0,0.0,662.0,2.0,0.3,0.16,175.0,0.0,0.0,-1.0,1
10000.0,36.0,18.25,362.78,17.0,10.0,0.0,65000.0,1.0,2.0,22.34,15.0,0.0,16161.0,31.8,39.0,0.0,0.0,3.0,0.0,702.0,2.0,0.1538461538461538,0.3846153846153846,201.0,0.0,0.0,-1.0,0
14400.0,36.0,11.47,474.65,9.0,2.0,2.0,60000.0,2.0,2.0,29.7,20.0,0.0,10072.0,19.9,29.0,0.0,0.0,0.0,0.0,682.0,2.0,0.24,0.6896551724137931,240.0,0.0,0.0,-1.0,0
10000.0,36.0,8.39,315.17,5.0,0.0,1.0,52000.0,2.0,0.0,27.93,14.0,0.0,8361.0,85.0,24.0,0.0,0.0,1.0,0.0,672.0,2.0,0.1923076923076923,0.5833333333333334,161.0,0.0,0.0,-1.0,0
14025.0,36.0,18.25,508.8,17.0,3.0,1.0,70000.0,2.0,1.0,30.48,12.0,1.0,11354.0,50.7,20.0,0.0,0.0,1.0,1.0,702.0,2.0,0.2003571428571428,0.6,214.0,0.0046728971962616,0.0046728971962616,1.0,0
3500.0,36.0,15.31,121.87,14.0,3.0,1.0,37000.0,1.0,4.0,14.21,8.0,1.0,145.0,4.3,24.0,1.0,0.0,1.0,1.0,672.0,2.0,0.0945945945945946,0.3333333333333333,321.0,0.0031152647975077,0.0031152647975077,1.0,0
13000.0,36.0,8.39,409.72,5.0,10.0,1.0,57260.0,0.0,0.0,29.99,27.0,3.0,20039.0,41.1,50.0,0.0,0.0,0.0,3.0,667.0,2.0,0.2270345791128187,0.54,169.0,0.0177514792899408,0.0177514792899408,1.0,1
15200.0,36.0,5.32,457.75,0.0,2.0,0.0,121000.0,0.0,5.0,12.16,10.0,0.0,27783.0,49.3,22.0,0.0,0.0,2.0,0.0,692.0,2.0,0.1256198347107438,0.4545454545454545,138.0,0.0,0.0,-1.0,0
6050.0,36.0,20.75,227.16,21.0,3.0,1.0,85169.0,2.0,0.0,23.19,14.0,1.0,7117.0,47.0,40.0,0.0,0.0,0.0,1.0,672.0,2.0,0.0710352358252415,0.35,158.0,0.0063291139240506,0.0063291139240506,1.0,0
7200.0,36.0,5.32,216.83,0.0,3.0,1.0,57000.0,0.0,8.0,21.83,12.0,0.0,7418.0,19.9,49.0,0.0,0.0,0.0,0.0,752.0,2.0,0.1263157894736842,0.2448979591836734,115.0,0.0,0.0,-1.0,0
20000.0,60.0,17.27,499.96,16.0,7.0,0.0,100000.0,2.0,4.0,19.98,15.0,0.0,96579.0,94.0,22.0,0.0,0.0,2.0,0.0,687.0,2.0,0.2,0.6818181818181818,140.0,0.0,0.0,-1.0,0
11000.0,36.0,6.49,337.09,1.0,4.0,0.0,50000.0,0.0,4.0,25.52,10.0,0.0,11535.0,48.9,27.0,0.0,0.0,1.0,0.0,682.0,2.0,0.22,0.3703703703703703,118.0,0.0,0.0,-1.0,0
3000.0,36.0,11.47,98.89,9.0,3.0,1.0,34000.0,1.0,3.0,13.48,18.0,0.0,9110.0,67.5,28.0,0.0,0.0,0.0,0.0,672.0,2.0,0.088235294117647,0.6428571428571429,126.0,0.0,0.0,-1.0,0
10000.0,36.0,5.32,301.15,0.0,10.0,2.0,55000.0,0.0,3.0,21.84,4.0,0.0,4123.0,13.1,9.0,0.0,0.0,0.0,0.0,807.0,2.0,0.1818181818181818,0.4444444444444444,230.0,0.0,0.0,-1.0,0
10000.0,36.0,14.46,344.02,13.0,10.0,1.0,80000.0,1.0,0.0,31.59,6.0,0.0,7638.0,65.3,20.0,0.0,0.0,2.0,0.0,677.0,2.0,0.125,0.3,136.0,0.0,0.0,-1.0,1
15000.0,36.0,12.99,505.34,11.0,2.0,1.0,50000.0,2.0,0.0,17.06,10.0,0.0,8532.0,20.9,19.0,0.0,0.0,0.0,0.0,697.0,2.0,0.3,0.5263157894736842,94.0,0.0,0.0,-1.0,0
14400.0,36.0,14.46,495.39,13.0,10.0,0.0,110000.0,2.0,4.0,29.94,17.0,0.0,25567.0,36.6,28.0,0.0,0.0,4.0,0.0,707.0,2.0,0.1309090909090909,0.6071428571428571,300.0,0.0,0.0,-1.0,1
40000.0,60.0,7.89,808.96,4.0,2.0,0.0,120000.0,2.0,4.0,26.6,15.0,0.0,16988.0,34.7,55.0,0.0,0.0,4.0,0.0,737.0,2.0,0.3333333333333333,0.2727272727272727,256.0,0.0,0.0,-1.0,1
15000.0,36.0,9.75,482.25,7.0,4.0,0.0,68000.0,0.0,3.0,6.9,7.0,0.0,10309.0,44.0,11.0,0.0,0.0,1.0,0.0,697.0,2.0,0.2205882352941176,0.6363636363636364,104.0,0.0,0.0,-1.0,1
24000.0,36.0,9.75,771.6,7.0,10.0,0.0,105000.0,0.0,0.0,5.94,9.0,0.0,3619.0,4.9,26.0,0.0,0.0,1.0,0.0,782.0,2.0,0.2285714285714285,0.3461538461538461,135.0,0.0,0.0,-1.0,0
12000.0,36.0,11.47,395.55,9.0,10.0,0.0,37000.0,2.0,4.0,12.68,20.0,0.0,9218.0,32.5,26.0,1.0,0.0,1.0,0.0,722.0,2.0,0.3243243243243243,0.7692307692307693,172.0,0.0,0.0,-1.0,0
35000.0,36.0,7.39,1086.96,3.0,0.0,0.0,135000.0,1.0,4.0,25.08,17.0,0.0,98207.0,65.0,21.0,1.0,0.0,4.0,0.0,692.0,2.0,0.2592592592592592,0.8095238095238095,316.0,0.0,0.0,-1.0,0
23850.0,36.0,18.99,874.13,18.0,8.0,0.0,85000.0,0.0,0.0,23.11,18.0,0.0,45406.0,92.9,31.0,0.0,0.0,3.0,0.0,662.0,2.0,0.2805882352941176,0.5806451612903226,246.0,0.0,0.0,-1.0,0
5525.0,36.0,12.99,186.14,11.0,8.0,0.0,105000.0,0.0,5.0,18.61,9.0,0.0,12596.0,64.0,23.0,0.0,0.0,1.0,0.0,672.0,2.0,0.0526190476190476,0.391304347826087,98.0,0.0,0.0,-1.0,0
16800.0,36.0,9.75,540.12,7.0,2.0,1.0,135000.0,0.0,0.0,23.78,19.0,0.0,40059.0,80.9,37.0,0.0,0.0,0.0,0.0,672.0,2.0,0.1244444444444444,0.5135135135135135,285.0,0.0,0.0,-1.0,0
9450.0,36.0,19.53,348.94,19.0,3.0,0.0,91000.0,2.0,2.0,12.29,22.0,0.0,2432.0,18.6,34.0,0.0,0.0,2.0,0.0,667.0,2.0,0.1038461538461538,0.6470588235294118,180.0,0.0,0.0,-1.0,1
7200.0,36.0,18.99,263.89,18.0,0.0,1.0,33600.0,1.0,0.0,21.07,12.0,0.0,2546.0,45.5,15.0,0.0,0.0,0.0,0.0,682.0,2.0,0.2142857142857142,0.8,186.0,0.0,0.0,-1.0,1
30000.0,36.0,8.39,945.5,5.0,3.0,0.0,170000.0,1.0,0.0,16.74,13.0,0.0,43715.0,76.0,29.0,0.0,0.0,3.0,0.0,692.0,2.0,0.1764705882352941,0.4482758620689655,147.0,0.0,0.0,-1.0,0
11200.0,36.0,9.16,357.0,6.0,3.0,0.0,41000.0,0.0,2.0,15.4,11.0,0.0,6781.0,48.4,14.0,0.0,0.0,0.0,0.0,702.0,2.0,0.2731707317073171,0.7857142857142857,135.0,0.0,0.0,-1.0,0
7000.0,36.0,9.16,223.12,6.0,5.0,1.0,27000.0,1.0,5.0,27.07,7.0,0.0,3527.0,25.7,10.0,0.0,0.0,0.0,0.0,687.0,2.0,0.2592592592592592,0.7,76.0,0.0,0.0,-1.0,0
21850.0,36.0,18.25,792.68,17.0,10.0,0.0,60000.0,2.0,0.0,41.0,12.0,0.0,7805.0,54.6,25.0,0.0,1.0,0.0,0.0,677.0,2.0,0.3641666666666667,0.48,196.0,0.0,0.0,-1.0,1
28000.0,60.0,19.53,734.53,19.0,4.0,0.0,150000.0,2.0,0.0,14.46,3.0,0.0,37299.0,101.0,6.0,0.0,0.0,1.0,0.0,692.0,2.0,0.1866666666666666,0.5,124.0,0.0,0.0,-1.0,0
21000.0,36.0,6.97,648.14,2.0,6.0,0.0,55000.0,2.0,0.0,4.08,13.0,0.0,5327.0,10.7,27.0,0.0,0.0,1.0,0.0,782.0,2.0,0.3818181818181818,0.4814814814814814,150.0,0.0,0.0,-1.0,0
10000.0,60.0,24.11,288.32,26.0,9.0,0.0,42000.0,0.0,0.0,15.77,6.0,0.0,1769.0,27.2,14.0,0.0,0.0,5.0,0.0,662.0,2.0,0.238095238095238,0.4285714285714285,182.0,0.0,0.0,-1.0,1
12000.0,36.0,9.16,382.5,6.0,0.0,1.0,60000.0,1.0,4.0,13.91,7.0,0.0,9695.0,23.0,14.0,1.0,0.0,0.0,0.0,687.0,2.0,0.2,0.5,70.0,0.0,0.0,-1.0,0
12000.0,36.0,5.32,361.38,0.0,10.0,0.0,75000.0,1.0,0.0,15.58,6.0,0.0,10028.0,70.1,16.0,0.0,0.0,1.0,0.0,697.0,2.0,0.16,0.375,276.0,0.0,0.0,-1.0,0
8000.0,36.0,5.32,240.92,0.0,1.0,1.0,52000.0,1.0,4.0,22.2,15.0,0.0,8365.0,29.2,33.0,0.0,0.0,0.0,0.0,732.0,2.0,0.1538461538461538,0.4545454545454545,195.0,0.0,0.0,-1.0,0
9800.0,36.0,9.16,312.37,6.0,10.0,1.0,55000.0,0.0,0.0,19.2,11.0,1.0,7695.0,70.0,27.0,0.0,0.0,0.0,0.0,677.0,2.0,0.1781818181818182,0.4074074074074074,201.0,0.0049751243781094,0.0,0.0,0
30000.0,36.0,16.29,1059.02,15.0,10.0,1.0,70000.0,2.0,0.0,11.21,12.0,0.0,17022.0,45.6,14.0,0.0,0.0,0.0,0.0,687.0,2.0,0.4285714285714285,0.8571428571428571,247.0,0.0,0.0,-1.0,0
22225.0,36.0,20.75,834.48,21.0,10.0,1.0,70000.0,1.0,1.0,23.79,10.0,0.0,5349.0,30.9,19.0,1.0,0.0,0.0,0.0,672.0,2.0,0.3175,0.5263157894736842,195.0,0.0,0.0,-1.0,0
8000.0,36.0,11.99,265.68,10.0,0.0,1.0,30000.0,1.0,0.0,5.28,4.0,0.0,5690.0,24.7,6.0,0.0,0.0,1.0,0.0,702.0,2.0,0.2666666666666666,0.6666666666666666,185.0,0.0,0.0,-1.0,0
2400.0,36.0,10.75,78.29,8.0,10.0,0.0,150000.0,1.0,0.0,26.59,14.0,0.0,12916.0,73.8,29.0,0.0,0.0,2.0,0.0,687.0,2.0,0.016,0.4827586206896552,155.0,0.0,0.0,-1.0,0
24000.0,60.0,11.99,533.75,10.0,10.0,0.0,95000.0,0.0,4.0,26.48,10.0,0.0,115497.0,86.3,19.0,0.0,0.0,2.0,0.0,672.0,2.0,0.2526315789473684,0.5263157894736842,405.0,0.0,0.0,-1.0,1
6000.0,36.0,13.67,204.11,12.0,10.0,1.0,100000.0,1.0,5.0,15.79,9.0,0.0,13902.0,57.0,17.0,0.0,0.0,0.0,0.0,672.0,2.0,0.06,0.5294117647058824,220.0,0.0,0.0,-1.0,0
9000.0,36.0,5.32,271.04,0.0,9.0,0.0,45000.0,1.0,4.0,11.89,7.0,0.0,20483.0,50.6,18.0,0.0,0.0,2.0,0.0,697.0,2.0,0.2,0.3888888888888889,216.0,0.0,0.0,-1.0,0
35000.0,36.0,9.16,1115.6,6.0,10.0,2.0,220000.0,2.0,0.0,11.1,7.0,1.0,19924.0,75.8,14.0,0.0,0.0,3.0,0.0,687.0,2.0,0.1590909090909091,0.5,200.0,0.005,0.0,0.0,0
15000.0,36.0,11.47,494.43,9.0,8.0,0.0,55000.0,1.0,0.0,24.89,12.0,0.0,9308.0,43.1,18.0,0.0,0.0,1.0,0.0,752.0,2.0,0.2727272727272727,0.6666666666666666,107.0,0.0,0.0,-1.0,1
12000.0,36.0,9.16,382.5,6.0,1.0,1.0,90000.0,1.0,0.0,12.57,9.0,0.0,17340.0,78.1,17.0,1.0,0.0,0.0,0.0,662.0,2.0,0.1333333333333333,0.5294117647058824,165.0,0.0,0.0,-1.0,0
35000.0,60.0,9.75,739.35,7.0,10.0,0.0,140000.0,1.0,2.0,21.74,26.0,0.0,13346.0,20.7,44.0,1.0,0.0,3.0,0.0,747.0,2.0,0.25,0.5909090909090909,312.0,0.0,0.0,-1.0,0
35000.0,36.0,7.39,1086.96,3.0,10.0,0.0,145000.0,2.0,4.0,17.82,13.0,0.0,58170.0,62.0,28.0,0.0,0.0,4.0,0.0,687.0,2.0,0.2413793103448276,0.4642857142857143,305.0,0.0,0.0,-1.0,0
13000.0,36.0,5.32,391.5,0.0,0.0,1.0,85000.0,0.0,4.0,27.47,18.0,0.0,11098.0,22.8,29.0,0.0,0.0,2.0,0.0,787.0,2.0,0.1529411764705882,0.6206896551724138,166.0,0.0,0.0,-1.0,0
5000.0,36.0,19.99,185.8,20.0,0.0,1.0,24000.0,1.0,3.0,6.2,5.0,0.0,2049.0,82.0,5.0,1.0,0.0,0.0,0.0,662.0,2.0,0.2083333333333333,1.0,52.0,0.0,0.0,-1.0,0
3000.0,36.0,14.46,103.21,13.0,0.0,1.0,25200.0,2.0,0.0,3.64,3.0,0.0,0.0,0.0,7.0,0.0,0.0,0.0,0.0,662.0,2.0,0.119047619047619,0.4285714285714285,163.0,0.0,0.0,-1.0,0
8000.0,36.0,11.47,263.7,9.0,0.0,1.0,24000.0,2.0,0.0,5.95,3.0,0.0,4804.0,80.1,6.0,0.0,0.0,0.0,0.0,697.0,2.0,0.3333333333333333,0.5,99.0,0.0,0.0,-1.0,0
12800.0,36.0,9.75,411.52,7.0,2.0,0.0,53000.0,0.0,2.0,10.67,15.0,0.0,17170.0,65.3,21.0,0.0,0.0,1.0,0.0,667.0,2.0,0.2415094339622641,0.7142857142857143,213.0,0.0,0.0,-1.0,0
5000.0,36.0,12.99,168.45,11.0,10.0,0.0,140000.0,2.0,4.0,13.24,13.0,0.0,14836.0,67.1,34.0,0.0,0.0,4.0,0.0,672.0,2.0,0.0357142857142857,0.3823529411764705,256.0,0.0,0.0,-1.0,0
16000.0,36.0,5.32,481.84,0.0,0.0,0.0,55000.0,0.0,2.0,7.28,13.0,0.0,1057.0,1.6,41.0,0.0,0.0,5.0,0.0,817.0,2.0,0.2909090909090909,0.3170731707317073,425.0,0.0,0.0,-1.0,0
16000.0,36.0,5.32,481.84,0.0,10.0,0.0,42000.0,2.0,0.0,3.31,5.0,0.0,491.0,2.2,13.0,0.0,0.0,3.0,0.0,797.0,2.0,0.3809523809523809,0.3846153846153846,266.0,0.0,0.0,-1.0,0
10000.0,36.0,6.97,308.64,2.0,10.0,2.0,70000.0,0.0,0.0,12.07,11.0,1.0,76468.0,28.8,25.0,0.0,0.0,1.0,0.0,737.0,2.0,0.1428571428571428,0.44,266.0,0.0037593984962406,0.0,0.0,1
30000.0,36.0,14.46,1032.05,13.0,10.0,1.0,130000.0,1.0,6.0,13.14,10.0,0.0,11853.0,73.6,32.0,0.0,0.0,1.0,0.0,682.0,2.0,0.2307692307692307,0.3125,160.0,0.0,0.0,-1.0,0
28000.0,36.0,9.75,900.2,7.0,10.0,0.0,125000.0,2.0,1.0,13.76,14.0,0.0,60546.0,49.2,25.0,0.0,0.0,3.0,0.0,747.0,2.0,0.224,0.56,359.0,0.0,0.0,-1.0,0
10000.0,60.0,24.99,293.46,27.0,5.0,2.0,57000.0,1.0,0.0,15.96,14.0,0.0,14019.0,75.8,20.0,0.0,0.0,0.0,0.0,667.0,2.0,0.175438596491228,0.7,111.0,0.0,0.0,-1.0,0
24550.0,60.0,19.99,650.29,20.0,8.0,1.0,79000.0,1.0,0.0,20.86,10.0,0.0,7908.0,39.7,21.0,0.0,0.0,1.0,0.0,692.0,2.0,0.310759493670886,0.4761904761904761,160.0,0.0,0.0,-1.0,0
8250.0,36.0,15.31,287.25,14.0,10.0,1.0,55000.0,2.0,0.0,17.48,10.0,1.0,5370.0,38.4,20.0,0.0,0.0,0.0,1.0,677.0,2.0,0.15,0.5,213.0,0.0046948356807511,0.0046948356807511,1.0,0
21000.0,36.0,10.75,685.03,8.0,10.0,0.0,155000.0,1.0,4.0,16.51,14.0,1.0,18497.0,65.4,37.0,0.0,0.0,5.0,1.0,667.0,2.0,0.1354838709677419,0.3783783783783784,224.0,0.0044642857142857,0.0044642857142857,1.0,0
22400.0,36.0,6.49,686.44,1.0,10.0,0.0,60000.0,2.0,2.0,16.04,8.0,0.0,54666.0,40.2,32.0,0.0,0.0,2.0,0.0,682.0,2.0,0.3733333333333333,0.25,228.0,0.0,0.0,-1.0,1
19575.0,60.0,17.27,489.34,16.0,1.0,0.0,45000.0,2.0,2.0,30.05,11.0,0.0,13437.0,51.9,33.0,0.0,1.0,4.0,0.0,707.0,2.0,0.435,0.3333333333333333,173.0,0.0,0.0,-1.0,1
14000.0,36.0,9.75,450.1,7.0,1.0,1.0,45000.0,1.0,0.0,19.73,7.0,0.0,16526.0,70.9,17.0,0.0,0.0,0.0,0.0,662.0,2.0,0.3111111111111111,0.4117647058823529,60.0,0.0,0.0,-1.0,0
14000.0,36.0,12.99,471.65,11.0,3.0,0.0,67000.0,2.0,2.0,16.28,20.0,0.0,13362.0,36.0,30.0,0.0,0.0,2.0,0.0,692.0,2.0,0.208955223880597,0.6666666666666666,131.0,0.0,0.0,-1.0,0
24000.0,60.0,8.39,491.13,5.0,10.0,0.0,90000.0,1.0,2.0,21.12,13.0,1.0,21585.0,74.7,27.0,0.0,0.0,3.0,1.0,682.0,2.0,0.2666666666666666,0.4814814814814814,184.0,0.0054347826086956,0.0054347826086956,1.0,1
9500.0,36.0,17.27,339.98,16.0,10.0,0.0,58000.0,2.0,5.0,34.02,16.0,0.0,13737.0,63.0,28.0,0.0,0.0,3.0,0.0,692.0,2.0,0.1637931034482758,0.5714285714285714,133.0,0.0,0.0,-1.0,0
8000.0,36.0,13.67,272.15,12.0,10.0,0.0,132500.0,1.0,0.0,31.68,17.0,0.0,42873.0,77.1,30.0,0.0,0.0,2.0,0.0,697.0,2.0,0.060377358490566,0.5666666666666667,316.0,0.0,0.0,-1.0,0
20000.0,60.0,11.99,444.79,10.0,10.0,0.0,55000.0,0.0,0.0,36.57,15.0,0.0,26631.0,57.5,29.0,1.0,0.0,4.0,0.0,717.0,2.0,0.3636363636363636,0.5172413793103449,329.0,0.0,0.0,-1.0,0
3000.0,36.0,11.99,99.63,10.0,9.0,1.0,55000.0,0.0,4.0,18.31,7.0,1.0,6330.0,36.6,10.0,0.0,0.0,0.0,1.0,677.0,2.0,0.0545454545454545,0.7,123.0,0.008130081300813,0.008130081300813,1.0,0
7200.0,36.0,5.32,216.83,0.0,6.0,1.0,97500.0,1.0,4.0,6.34,4.0,0.0,6377.0,45.5,13.0,0.0,0.0,0.0,0.0,707.0,2.0,0.0738461538461538,0.3076923076923077,210.0,0.0,0.0,-1.0,0
22000.0,60.0,9.75,464.74,7.0,10.0,0.0,127000.0,0.0,0.0,10.89,8.0,1.0,4371.0,22.4,22.0,0.0,0.0,6.0,1.0,697.0,2.0,0.1732283464566929,0.3636363636363636,461.0,0.0021691973969631,0.0021691973969631,1.0,0
5000.0,36.0,6.49,153.23,1.0,7.0,0.0,60000.0,1.0,0.0,23.1,17.0,0.0,23895.0,45.3,42.0,0.0,0.0,4.0,0.0,692.0,2.0,0.0833333333333333,0.4047619047619047,163.0,0.0,0.0,-1.0,0
15000.0,36.0,9.16,478.12,6.0,1.0,0.0,44500.0,1.0,0.0,28.83,18.0,0.0,13477.0,46.0,27.0,0.0,0.0,1.0,0.0,692.0,2.0,0.3370786516853932,0.6666666666666666,134.0,0.0,0.0,-1.0,0
7000.0,36.0,8.39,220.62,5.0,2.0,1.0,42000.0,1.0,4.0,17.06,11.0,2.0,3896.0,25.1,27.0,0.0,0.0,0.0,2.0,662.0,2.0,0.1666666666666666,0.4074074074074074,146.0,0.0136986301369863,0.0136986301369863,1.0,0
7700.0,36.0,8.39,242.68,5.0,10.0,1.0,36500.0,1.0,4.0,10.39,8.0,0.0,4154.0,34.9,29.0,0.0,0.0,6.0,0.0,672.0,2.0,0.210958904109589,0.2758620689655172,134.0,0.0,0.0,-1.0,1
12575.0,36.0,15.31,437.83,14.0,5.0,1.0,47000.0,2.0,4.0,21.62,15.0,1.0,7931.0,70.2,35.0,0.0,0.0,2.0,1.0,672.0,2.0,0.2675531914893617,0.4285714285714285,188.0,0.0053191489361702,0.0053191489361702,1.0,1
7200.0,36.0,10.75,234.87,8.0,2.0,1.0,25000.0,1.0,0.0,5.57,3.0,0.0,1705.0,63.1,5.0,1.0,0.0,0.0,0.0,682.0,2.0,0.288,0.6,56.0,0.0,0.0,-1.0,0
20000.0,60.0,15.31,479.06,14.0,10.0,1.0,60000.0,1.0,2.0,10.96,4.0,0.0,4558.0,27.1,23.0,0.0,0.0,7.0,0.0,662.0,2.0,0.3333333333333333,0.1739130434782608,213.0,0.0,0.0,-1.0,0
7125.0,36.0,11.47,234.86,9.0,2.0,1.0,70000.0,1.0,4.0,29.86,27.0,0.0,20184.0,80.1,47.0,0.0,0.0,0.0,0.0,672.0,2.0,0.1017857142857142,0.574468085106383,80.0,0.0,0.0,-1.0,0
6500.0,36.0,10.75,212.04,8.0,2.0,0.0,40000.0,0.0,0.0,30.69,13.0,0.0,12642.0,66.9,23.0,0.0,0.0,4.0,0.0,707.0,2.0,0.1625,0.5652173913043478,132.0,0.0,0.0,-1.0,0
10200.0,60.0,21.18,276.98,22.0,9.0,0.0,39000.0,0.0,9.0,37.11,15.0,0.0,5881.0,15.1,25.0,0.0,0.0,1.0,0.0,757.0,2.0,0.2615384615384615,0.6,376.0,0.0,0.0,-1.0,0
7000.0,36.0,9.75,225.05,7.0,4.0,1.0,100000.0,2.0,4.0,26.5,14.0,0.0,2911.0,7.1,26.0,0.0,0.0,0.0,0.0,777.0,2.0,0.07,0.5384615384615384,184.0,0.0,0.0,-1.0,0
16400.0,36.0,13.67,557.89,12.0,4.0,0.0,45360.0,2.0,0.0,20.13,12.0,0.0,14062.0,55.6,15.0,1.0,0.0,1.0,0.0,662.0,2.0,0.3615520282186948,0.8,55.0,0.0,0.0,-1.0,0
9950.0,36.0,17.27,356.09,16.0,4.0,2.0,150000.0,2.0,5.0,6.76,16.0,1.0,3362.0,11.8,34.0,0.0,0.0,2.0,0.0,667.0,2.0,0.0663333333333333,0.4705882352941176,159.0,0.0062893081761006,0.0,0.0,1
8000.0,36.0,11.99,265.68,10.0,10.0,1.0,38000.0,1.0,0.0,22.02,7.0,0.0,8223.0,69.7,29.0,0.0,0.0,2.0,0.0,682.0,2.0,0.2105263157894736,0.2413793103448276,177.0,0.0,0.0,-1.0,0
9650.0,36.0,17.27,345.35,16.0,3.0,0.0,48000.0,2.0,0.0,9.35,14.0,0.0,9618.0,48.9,17.0,0.0,0.0,1.0,0.0,667.0,2.0,0.2010416666666666,0.8235294117647058,204.0,0.0,0.0,-1.0,0
15000.0,36.0,11.47,494.43,9.0,3.0,1.0,60000.0,1.0,0.0,17.52,16.0,0.0,11821.0,60.0,31.0,0.0,0.0,0.0,0.0,692.0,2.0,0.25,0.5161290322580645,112.0,0.0,0.0,-1.0,0
20000.0,60.0,10.75,432.36,8.0,4.0,0.0,85000.0,0.0,0.0,22.94,10.0,2.0,10871.0,51.0,19.0,0.0,0.0,1.0,0.0,717.0,2.0,0.2352941176470588,0.5263157894736842,192.0,0.0104166666666666,0.0,0.0,1
20000.0,36.0,11.99,664.2,10.0,10.0,0.0,80000.0,0.0,0.0,28.49,15.0,0.0,17737.0,51.1,35.0,0.0,0.0,3.0,0.0,677.0,2.0,0.25,0.4285714285714285,193.0,0.0,0.0,-1.0,0
6000.0,36.0,5.32,180.69,0.0,3.0,1.0,54000.0,1.0,3.0,3.98,10.0,0.0,39.0,0.2,17.0,0.0,0.0,0.0,0.0,707.0,2.0,0.1111111111111111,0.5882352941176471,102.0,0.0,0.0,-1.0,0
26175.0,60.0,23.13,739.85,25.0,6.0,2.0,105000.0,1.0,0.0,15.46,12.0,0.0,9267.0,61.4,32.0,0.0,0.0,5.0,0.0,717.0,2.0,0.2492857142857142,0.375,135.0,0.0,0.0,-1.0,0
16000.0,36.0,5.32,481.84,0.0,0.0,2.0,100000.0,0.0,4.0,16.49,14.0,0.0,19598.0,58.9,27.0,0.0,0.0,1.0,0.0,717.0,2.0,0.16,0.5185185185185185,151.0,0.0,0.0,-1.0,0
8000.0,36.0,8.39,252.14,5.0,10.0,0.0,64000.0,1.0,4.0,14.47,10.0,1.0,2751.0,20.7,28.0,0.0,0.0,3.0,0.0,667.0,2.0,0.125,0.3571428571428571,276.0,0.0036231884057971,0.0,0.0,0
27000.0,36.0,5.32,813.1,0.0,4.0,1.0,81000.0,1.0,0.0,16.83,6.0,0.0,3404.0,52.4,19.0,0.0,0.0,3.0,0.0,707.0,2.0,0.3333333333333333,0.3157894736842105,170.0,0.0,0.0,-1.0,0
18000.0,36.0,11.47,593.32,9.0,5.0,0.0,39000.0,1.0,4.0,16.12,13.0,1.0,15091.0,77.0,18.0,0.0,0.0,0.0,0.0,682.0,2.0,0.4615384615384615,0.7222222222222222,182.0,0.0054945054945054,0.0,0.0,0
8400.0,36.0,11.47,276.88,9.0,3.0,1.0,45700.0,1.0,0.0,13.16,8.0,0.0,5216.0,43.5,18.0,0.0,0.0,0.0,0.0,672.0,2.0,0.1838074398249453,0.4444444444444444,86.0,0.0,0.0,-1.0,0
6025.0,36.0,21.97,230.01,23.0,10.0,2.0,85000.0,2.0,0.0,38.95,31.0,0.0,18067.0,36.3,49.0,0.0,0.0,0.0,0.0,677.0,2.0,0.0708823529411764,0.6326530612244898,132.0,0.0,0.0,-1.0,1
16700.0,60.0,11.47,367.03,9.0,4.0,1.0,58000.0,1.0,0.0,14.9,5.0,0.0,15781.0,97.4,20.0,0.0,0.0,0.0,0.0,697.0,2.0,0.2879310344827586,0.25,102.0,0.0,0.0,-1.0,0
15000.0,60.0,14.46,352.62,13.0,2.0,0.0,55000.0,1.0,0.0,19.9,12.0,0.0,6769.0,64.5,21.0,0.0,0.0,4.0,0.0,722.0,3.0,0.2727272727272727,0.5714285714285714,128.0,0.0,0.0,-1.0,0
18000.0,60.0,10.75,389.13,8.0,8.0,0.0,120000.0,1.0,0.0,14.73,8.0,1.0,12822.0,93.6,19.0,1.0,0.0,2.0,0.0,672.0,3.0,0.15,0.4210526315789473,185.0,0.0054054054054054,0.0,0.0,0
8275.0,36.0,13.67,281.5,12.0,0.0,2.0,60000.0,1.0,2.0,33.38,7.0,1.0,275.0,4.0,46.0,0.0,0.0,5.0,1.0,667.0,3.0,0.1379166666666666,0.1521739130434782,243.0,0.0041152263374485,0.0041152263374485,1.0,1
24000.0,60.0,24.11,691.97,26.0,7.0,0.0,108000.0,0.0,2.0,28.97,14.0,1.0,12268.0,54.0,27.0,0.0,0.0,4.0,0.0,662.0,3.0,0.2222222222222222,0.5185185185185185,268.0,0.003731343283582,0.0,0.0,0
17600.0,60.0,13.67,406.52,12.0,10.0,1.0,61000.0,2.0,0.0,23.65,8.0,1.0,11112.0,33.1,24.0,1.0,0.0,3.0,1.0,672.0,3.0,0.2885245901639344,0.3333333333333333,148.0,0.0067567567567567,0.0067567567567567,1.0,1
6000.0,36.0,22.45,230.55,24.0,0.0,1.0,43000.0,1.0,0.0,21.88,6.0,0.0,3399.0,25.6,7.0,0.0,0.0,0.0,0.0,692.0,3.0,0.1395348837209302,0.8571428571428571,47.0,0.0,0.0,-1.0,1
6550.0,36.0,22.45,251.68,24.0,8.0,1.0,72000.0,1.0,0.0,31.64,14.0,0.0,9955.0,88.9,18.0,0.0,0.0,0.0,0.0,692.0,3.0,0.0909722222222222,0.7777777777777778,175.0,0.0,0.0,-1.0,1
22500.0,36.0,17.27,805.22,16.0,0.0,1.0,45000.0,1.0,0.0,27.65,27.0,1.0,17723.0,62.6,30.0,0.0,0.0,0.0,1.0,662.0,3.0,0.5,0.9,121.0,0.0082644628099173,0.0082644628099173,1.0,0
5000.0,36.0,11.99,166.05,10.0,3.0,1.0,35000.0,1.0,10.0,29.01,12.0,0.0,9947.0,32.2,20.0,0.0,0.0,0.0,0.0,702.0,3.0,0.1428571428571428,0.6,253.0,0.0,0.0,-1.0,1
26400.0,60.0,7.39,527.63,3.0,10.0,1.0,60000.0,2.0,0.0,16.46,14.0,0.0,1593.0,2.9,22.0,0.0,0.0,0.0,0.0,727.0,3.0,0.44,0.6363636363636364,155.0,0.0,0.0,-1.0,0
3350.0,36.0,5.32,100.89,0.0,7.0,1.0,70000.0,0.0,0.0,15.12,16.0,0.0,1570.0,3.7,35.0,0.0,0.0,0.0,0.0,742.0,3.0,0.0478571428571428,0.4571428571428571,197.0,0.0,0.0,-1.0,0
5000.0,36.0,11.47,164.81,9.0,4.0,1.0,44500.0,1.0,4.0,16.06,7.0,0.0,3433.0,64.8,9.0,0.0,0.0,0.0,0.0,682.0,3.0,0.1123595505617977,0.7777777777777778,62.0,0.0,0.0,-1.0,1
13000.0,36.0,7.89,406.72,4.0,9.0,1.0,132000.0,0.0,4.0,14.95,7.0,0.0,21548.0,55.5,19.0,0.0,0.0,0.0,0.0,697.0,3.0,0.0984848484848484,0.3684210526315789,101.0,0.0,0.0,-1.0,0
28000.0,36.0,7.89,876.0,4.0,8.0,0.0,150000.0,0.0,0.0,21.01,23.0,0.0,60928.0,57.2,42.0,0.0,0.0,4.0,0.0,712.0,3.0,0.1866666666666666,0.5476190476190477,536.0,0.0,0.0,-1.0,0
20000.0,36.0,5.32,602.3,0.0,0.0,1.0,70000.0,2.0,0.0,11.11,16.0,0.0,26668.0,39.2,40.0,1.0,0.0,1.0,0.0,747.0,3.0,0.2857142857142857,0.4,252.0,0.0,0.0,-1.0,0
10000.0,36.0,18.25,362.78,17.0,2.0,1.0,26000.0,0.0,4.0,36.06,8.0,0.0,11988.0,58.2,8.0,0.0,0.0,0.0,0.0,687.0,3.0,0.3846153846153846,1.0,49.0,0.0,0.0,-1.0,0
24825.0,36.0,20.75,932.11,21.0,9.0,1.0,69000.0,1.0,2.0,5.36,3.0,0.0,0.0,0.0,19.0,0.0,0.0,0.0,0.0,787.0,3.0,0.3597826086956521,0.1578947368421052,144.0,0.0,0.0,-1.0,1
5000.0,36.0,9.75,160.75,7.0,10.0,1.0,130000.0,1.0,0.0,0.94,5.0,0.0,3399.0,72.3,15.0,0.0,0.0,2.0,0.0,662.0,3.0,0.0384615384615384,0.3333333333333333,158.0,0.0,0.0,-1.0,0
3850.0,36.0,12.99,129.71,11.0,10.0,0.0,30000.0,1.0,5.0,15.6,5.0,1.0,687.0,8.5,15.0,0.0,0.0,0.0,1.0,722.0,3.0,0.1283333333333333,0.3333333333333333,279.0,0.003584229390681,0.003584229390681,1.0,0
7100.0,36.0,22.45,272.81,24.0,3.0,2.0,23000.0,1.0,2.0,15.61,14.0,0.0,3292.0,33.9,27.0,0.0,0.0,0.0,0.0,667.0,3.0,0.308695652173913,0.5185185185185185,89.0,0.0,0.0,-1.0,0
24000.0,36.0,15.31,835.62,14.0,8.0,0.0,110000.0,2.0,0.0,15.34,11.0,0.0,12783.0,82.5,17.0,0.0,0.0,1.0,0.0,677.0,3.0,0.2181818181818181,0.6470588235294118,110.0,0.0,0.0,-1.0,1
9200.0,36.0,10.75,300.11,8.0,6.0,0.0,84000.0,1.0,0.0,22.33,14.0,0.0,24584.0,66.6,44.0,0.0,0.0,0.0,0.0,682.0,3.0,0.1095238095238095,0.3181818181818182,190.0,0.0,0.0,-1.0,0
7000.0,36.0,11.99,232.47,10.0,2.0,1.0,30000.0,0.0,0.0,13.32,11.0,1.0,6929.0,47.8,26.0,0.0,0.0,0.0,1.0,662.0,3.0,0.2333333333333333,0.4230769230769231,151.0,0.0066225165562913,0.0066225165562913,1.0,1
7125.0,36.0,21.97,272.0,23.0,5.0,0.0,32000.0,1.0,4.0,42.46,10.0,0.0,9209.0,55.8,17.0,1.0,0.0,1.0,0.0,707.0,3.0,0.22265625,0.5882352941176471,228.0,0.0,0.0,-1.0,1
10000.0,36.0,10.75,326.21,8.0,3.0,1.0,80000.0,1.0,0.0,4.7,4.0,0.0,10101.0,98.1,10.0,0.0,0.0,0.0,0.0,687.0,3.0,0.125,0.4,156.0,0.0,0.0,-1.0,0
24000.0,36.0,24.99,954.11,27.0,10.0,0.0,85000.0,0.0,0.0,11.81,8.0,0.0,18874.0,77.7,10.0,1.0,0.0,0.0,0.0,662.0,3.0,0.2823529411764706,0.8,176.0,0.0,0.0,-1.0,1
5000.0,36.0,5.32,150.58,0.0,4.0,0.0,55000.0,0.0,4.0,7.84,15.0,0.0,10771.0,17.8,31.0,0.0,0.0,0.0,0.0,717.0,3.0,0.0909090909090909,0.4838709677419355,95.0,0.0,0.0,-1.0,0
17150.0,60.0,25.88,512.27,28.0,1.0,2.0,65000.0,1.0,2.0,11.84,10.0,0.0,10155.0,24.9,29.0,0.0,0.0,0.0,0.0,682.0,3.0,0.2638461538461538,0.3448275862068966,104.0,0.0,0.0,-1.0,0
25000.0,60.0,6.49,489.04,1.0,8.0,1.0,150000.0,0.0,0.0,8.88,16.0,1.0,20486.0,44.2,30.0,0.0,0.0,0.0,0.0,717.0,3.0,0.1666666666666666,0.5333333333333333,172.0,0.005813953488372,0.0,0.0,1
10000.0,36.0,14.46,344.02,13.0,2.0,2.0,30000.0,0.0,4.0,17.68,16.0,0.0,8644.0,47.8,18.0,0.0,0.0,0.0,0.0,692.0,3.0,0.3333333333333333,0.8888888888888888,58.0,0.0,0.0,-1.0,1
15000.0,36.0,11.47,494.43,9.0,0.0,2.0,39500.0,2.0,0.0,15.19,11.0,0.0,10262.0,39.2,24.0,0.0,0.0,4.0,0.0,732.0,3.0,0.379746835443038,0.4583333333333333,268.0,0.0,0.0,-1.0,0
30000.0,60.0,8.39,613.91,5.0,8.0,1.0,95320.0,1.0,0.0,9.23,15.0,0.0,6285.0,15.6,19.0,0.0,0.0,0.0,0.0,767.0,3.0,0.3147293327738145,0.7894736842105263,100.0,0.0,0.0,-1.0,0
3600.0,36.0,22.45,138.33,24.0,0.0,2.0,24000.0,2.0,5.0,46.7,9.0,0.0,3355.0,39.5,31.0,1.0,0.0,3.0,0.0,692.0,3.0,0.15,0.2903225806451613,140.0,0.0,0.0,-1.0,0
3000.0,36.0,5.32,90.35,0.0,10.0,0.0,53000.0,0.0,0.0,11.19,12.0,0.0,220.0,5.5,24.0,0.0,0.0,4.0,0.0,762.0,3.0,0.0566037735849056,0.5,163.0,0.0,0.0,-1.0,0
32000.0,36.0,8.39,1008.54,5.0,6.0,1.0,100000.0,0.0,6.0,12.3,14.0,0.0,7243.0,16.4,18.0,0.0,0.0,0.0,0.0,747.0,3.0,0.32,0.7777777777777778,84.0,0.0,0.0,-1.0,0
9500.0,36.0,20.75,356.7,21.0,5.0,2.0,28000.0,0.0,0.0,37.85,27.0,0.0,5567.0,18.1,32.0,1.0,0.0,0.0,0.0,772.0,3.0,0.3392857142857143,0.84375,134.0,0.0,0.0,-1.0,0
6000.0,36.0,7.89,187.72,4.0,6.0,1.0,26000.0,0.0,0.0,21.84,18.0,0.0,2636.0,65.9,23.0,0.0,0.0,0.0,0.0,672.0,3.0,0.2307692307692307,0.782608695652174,150.0,0.0,0.0,-1.0,1
6200.0,36.0,16.29,218.87,15.0,7.0,1.0,35360.0,1.0,0.0,19.76,7.0,0.0,4103.0,47.2,12.0,0.0,0.0,0.0,0.0,707.0,3.0,0.1753393665158371,0.5833333333333334,62.0,0.0,0.0,-1.0,1
9750.0,36.0,19.53,360.02,19.0,1.0,0.0,50000.0,1.0,0.0,10.08,6.0,0.0,9279.0,44.8,7.0,1.0,0.0,1.0,0.0,677.0,3.0,0.195,0.8571428571428571,117.0,0.0,0.0,-1.0,1
12000.0,36.0,6.97,370.37,2.0,9.0,0.0,68786.0,0.0,8.0,7.35,11.0,0.0,8542.0,44.7,19.0,0.0,0.0,1.0,0.0,707.0,3.0,0.1744541040327973,0.5789473684210527,172.0,0.0,0.0,-1.0,0
28000.0,36.0,12.99,943.3,11.0,10.0,0.0,85000.0,0.0,0.0,27.97,23.0,0.0,37962.0,52.9,46.0,0.0,0.0,4.0,0.0,727.0,3.0,0.3294117647058823,0.5,252.0,0.0,0.0,-1.0,0
10000.0,36.0,10.75,326.21,8.0,5.0,0.0,40000.0,1.0,0.0,18.32,12.0,0.0,4582.0,26.0,23.0,1.0,0.0,1.0,0.0,662.0,3.0,0.25,0.5217391304347826,159.0,0.0,0.0,-1.0,0
20700.0,36.0,17.27,740.8,16.0,7.0,2.0,45000.0,2.0,5.0,28.53,12.0,1.0,10014.0,39.1,28.0,0.0,0.0,0.0,1.0,707.0,3.0,0.46,0.4285714285714285,162.0,0.0061728395061728,0.0061728395061728,1.0,1
9000.0,36.0,13.67,306.16,12.0,3.0,0.0,54000.0,1.0,0.0,9.24,7.0,0.0,9866.0,94.9,25.0,1.0,0.0,1.0,0.0,672.0,3.0,0.1666666666666666,0.28,152.0,0.0,0.0,-1.0,0
9000.0,36.0,11.47,296.66,9.0,1.0,1.0,57000.0,1.0,0.0,25.07,11.0,0.0,10758.0,41.7,29.0,1.0,0.0,0.0,0.0,677.0,3.0,0.1578947368421052,0.3793103448275862,188.0,0.0,0.0,-1.0,0
8500.0,36.0,12.99,286.36,11.0,5.0,0.0,135000.0,1.0,5.0,6.11,7.0,0.0,2698.0,23.7,19.0,0.0,0.0,5.0,0.0,702.0,3.0,0.0629629629629629,0.3684210526315789,255.0,0.0,0.0,-1.0,0
20000.0,36.0,13.67,680.36,12.0,10.0,0.0,120000.0,0.0,0.0,5.77,9.0,6.0,9248.0,54.4,15.0,1.0,0.0,1.0,0.0,692.0,3.0,0.1666666666666666,0.6,213.0,0.028169014084507,0.0,0.0,0
4800.0,36.0,9.16,153.0,6.0,10.0,1.0,62500.0,1.0,4.0,18.85,14.0,0.0,30241.0,80.4,23.0,0.0,0.0,2.0,0.0,697.0,3.0,0.0768,0.6086956521739131,167.0,0.0,0.0,-1.0,0
18000.0,36.0,11.99,597.78,10.0,10.0,0.0,149000.0,2.0,0.0,19.35,23.0,1.0,16779.0,52.3,37.0,0.0,0.0,1.0,1.0,692.0,3.0,0.1208053691275167,0.6216216216216216,349.0,0.0028653295128939,0.0028653295128939,1.0,0
14000.0,36.0,6.49,429.03,1.0,2.0,1.0,147000.0,0.0,4.0,15.76,10.0,0.0,14078.0,72.9,39.0,0.0,0.0,0.0,0.0,717.0,3.0,0.0952380952380952,0.2564102564102564,161.0,0.0,0.0,-1.0,0
8000.0,36.0,17.27,286.3,16.0,7.0,1.0,150000.0,1.0,5.0,15.54,12.0,0.0,15168.0,60.7,22.0,1.0,0.0,0.0,0.0,702.0,3.0,0.0533333333333333,0.5454545454545454,188.0,0.0,0.0,-1.0,0
18000.0,60.0,11.99,400.31,10.0,10.0,2.0,127000.0,1.0,4.0,9.12,9.0,0.0,25034.0,74.7,48.0,0.0,0.0,2.0,0.0,672.0,3.0,0.1417322834645669,0.1875,251.0,0.0,0.0,-1.0,0
10775.0,36.0,13.67,366.54,12.0,3.0,1.0,40000.0,2.0,0.0,17.76,8.0,0.0,14805.0,75.9,16.0,0.0,0.0,0.0,0.0,672.0,3.0,0.269375,0.5,349.0,0.0,0.0,-1.0,0
13000.0,36.0,12.99,437.96,11.0,8.0,0.0,60000.0,0.0,0.0,33.92,22.0,0.0,16682.0,51.3,34.0,1.0,0.0,1.0,0.0,667.0,3.0,0.2166666666666666,0.6470588235294118,201.0,0.0,0.0,-1.0,0
14000.0,36.0,9.16,446.24,6.0,10.0,0.0,65000.0,2.0,2.0,9.99,5.0,0.0,11705.0,95.0,16.0,0.0,0.0,1.0,0.0,727.0,3.0,0.2153846153846154,0.3125,166.0,0.0,0.0,-1.0,1
7200.0,36.0,11.99,239.11,10.0,10.0,0.0,32000.0,1.0,4.0,32.45,11.0,4.0,5709.0,39.6,17.0,0.0,0.0,0.0,0.0,677.0,3.0,0.225,0.6470588235294118,113.0,0.0353982300884955,0.0,0.0,0
6000.0,36.0,11.47,197.78,9.0,8.0,0.0,82000.0,1.0,2.0,17.55,15.0,0.0,19803.0,76.5,18.0,0.0,0.0,3.0,0.0,672.0,3.0,0.073170731707317,0.8333333333333334,307.0,0.0,0.0,-1.0,0
10025.0,36.0,11.99,332.93,10.0,0.0,1.0,90000.0,1.0,0.0,6.25,8.0,0.0,17944.0,29.3,15.0,1.0,0.0,0.0,0.0,667.0,3.0,0.1113888888888888,0.5333333333333333,170.0,0.0,0.0,-1.0,0
10000.0,36.0,13.67,340.18,12.0,6.0,1.0,175000.0,1.0,0.0,13.66,8.0,0.0,44461.0,94.6,18.0,0.0,0.0,1.0,0.0,662.0,3.0,0.0571428571428571,0.4444444444444444,296.0,0.0,0.0,-1.0,1
3400.0,36.0,14.46,116.97,13.0,10.0,0.0,25000.0,2.0,0.0,14.98,5.0,0.0,10017.0,91.0,11.0,1.0,0.0,2.0,0.0,667.0,3.0,0.136,0.4545454545454545,187.0,0.0,0.0,-1.0,0
8400.0,36.0,9.16,267.75,6.0,3.0,0.0,78200.0,1.0,0.0,5.71,20.0,0.0,8535.0,29.3,36.0,0.0,0.0,4.0,0.0,722.0,3.0,0.1074168797953964,0.5555555555555556,296.0,0.0,0.0,-1.0,0
7500.0,36.0,10.75,244.66,8.0,0.0,0.0,51000.0,1.0,2.0,16.56,6.0,0.0,1569.0,29.6,16.0,1.0,0.0,1.0,0.0,697.0,3.0,0.1470588235294117,0.375,166.0,0.0,0.0,-1.0,0
20000.0,36.0,8.39,630.34,5.0,7.0,0.0,105000.0,0.0,0.0,10.27,6.0,2.0,13756.0,76.0,9.0,0.0,0.0,0.0,0.0,687.0,3.0,0.1904761904761904,0.6666666666666666,163.0,0.0122699386503067,0.0,0.0,0
6000.0,36.0,8.39,189.1,5.0,0.0,0.0,40000.0,1.0,5.0,25.53,12.0,6.0,3471.0,24.3,19.0,0.0,0.0,1.0,0.0,682.0,3.0,0.15,0.631578947368421,248.0,0.0241935483870967,0.0,0.0,0
25200.0,60.0,13.67,582.06,12.0,4.0,1.0,69339.34,2.0,0.0,26.95,8.0,0.0,11677.0,59.0,35.0,0.0,0.0,0.0,0.0,682.0,3.0,0.3634300528386915,0.2285714285714285,235.0,0.0,0.0,-1.0,1
12000.0,60.0,18.25,306.36,17.0,6.0,0.0,69000.0,0.0,0.0,27.84,23.0,0.0,35304.0,67.1,37.0,0.0,0.0,4.0,0.0,662.0,3.0,0.1739130434782608,0.6216216216216216,179.0,0.0,0.0,-1.0,0
10000.0,36.0,17.27,357.88,16.0,2.0,1.0,37000.0,1.0,4.0,28.61,13.0,0.0,6994.0,36.4,42.0,1.0,0.0,0.0,0.0,682.0,3.0,0.2702702702702703,0.3095238095238095,92.0,0.0,0.0,-1.0,1
18000.0,36.0,13.67,612.32,12.0,5.0,0.0,65117.0,2.0,0.0,21.8,10.0,0.0,6777.0,55.1,23.0,0.0,0.0,1.0,0.0,672.0,3.0,0.276425511003271,0.4347826086956521,230.0,0.0,0.0,-1.0,0
6500.0,36.0,13.67,221.12,12.0,3.0,1.0,43000.0,1.0,4.0,22.86,6.0,0.0,3955.0,54.2,9.0,0.0,0.0,0.0,0.0,667.0,3.0,0.1511627906976744,0.6666666666666666,121.0,0.0,0.0,-1.0,0
5300.0,36.0,18.99,194.26,18.0,10.0,1.0,45000.0,1.0,0.0,19.01,10.0,0.0,5288.0,24.8,13.0,0.0,0.0,0.0,0.0,672.0,3.0,0.1177777777777777,0.7692307692307693,389.0,0.0,0.0,-1.0,1
6000.0,36.0,10.75,195.73,8.0,7.0,0.0,50000.0,1.0,0.0,16.23,7.0,0.0,5794.0,69.8,11.0,1.0,0.0,1.0,0.0,662.0,3.0,0.12,0.6363636363636364,62.0,0.0,0.0,-1.0,0
5000.0,36.0,16.29,176.51,15.0,6.0,1.0,25000.0,2.0,4.0,8.93,13.0,0.0,4958.0,53.9,13.0,0.0,0.0,0.0,0.0,667.0,3.0,0.2,1.0,38.0,0.0,0.0,-1.0,1
35000.0,36.0,14.46,1204.06,13.0,7.0,0.0,102000.0,1.0,4.0,13.33,29.0,0.0,13938.0,15.2,37.0,0.0,0.0,1.0,0.0,747.0,3.0,0.3431372549019608,0.7837837837837838,101.0,0.0,0.0,-1.0,0
8400.0,36.0,7.89,262.8,4.0,4.0,0.0,75000.0,1.0,4.0,11.98,9.0,0.0,12779.0,61.1,40.0,0.0,0.0,3.0,0.0,692.0,3.0,0.112,0.225,387.0,0.0,0.0,-1.0,0
26000.0,36.0,12.99,875.92,11.0,10.0,1.0,73000.0,2.0,0.0,34.64,12.0,0.0,22779.0,57.1,34.0,0.0,0.0,2.0,0.0,662.0,3.0,0.3561643835616438,0.3529411764705882,329.0,0.0,0.0,-1.0,0
6600.0,36.0,11.47,217.55,9.0,5.0,1.0,52000.0,1.0,5.0,30.67,17.0,0.0,4289.0,26.6,51.0,0.0,0.0,0.0,0.0,697.0,3.0,0.1269230769230769,0.3333333333333333,124.0,0.0,0.0,-1.0,1
14575.0,36.0,17.27,521.6,16.0,4.0,0.0,67000.0,0.0,0.0,32.74,18.0,1.0,17076.0,70.6,27.0,1.0,0.0,2.0,1.0,667.0,3.0,0.2175373134328358,0.6666666666666666,176.0,0.0056818181818181,0.0056818181818181,1.0,0
11200.0,36.0,10.75,365.35,8.0,2.0,1.0,46000.0,2.0,0.0,6.6,7.0,2.0,9079.0,48.0,11.0,1.0,0.0,0.0,2.0,662.0,3.0,0.2434782608695652,0.6363636363636364,223.0,0.0089686098654708,0.0089686098654708,1.0,1
12500.0,36.0,10.75,407.76,8.0,4.0,1.0,72000.0,1.0,4.0,18.37,13.0,0.0,10175.0,47.8,23.0,0.0,0.0,0.0,0.0,682.0,3.0,0.1736111111111111,0.5652173913043478,75.0,0.0,0.0,-1.0,0
35000.0,60.0,24.99,1027.1,27.0,10.0,2.0,149000.0,2.0,0.0,11.66,7.0,0.0,20425.0,91.6,14.0,0.0,0.0,2.0,0.0,662.0,3.0,0.2348993288590604,0.5,148.0,0.0,0.0,-1.0,0
14150.0,60.0,15.31,338.94,14.0,9.0,1.0,32000.0,2.0,0.0,19.91,13.0,0.0,11466.0,31.7,58.0,0.0,0.0,1.0,0.0,702.0,3.0,0.4421875,0.2241379310344827,197.0,0.0,0.0,-1.0,0
21850.0,60.0,18.99,566.69,18.0,10.0,0.0,65000.0,2.0,0.0,23.58,10.0,0.0,41845.0,100.3,21.0,0.0,0.0,6.0,0.0,697.0,3.0,0.3361538461538461,0.4761904761904761,283.0,0.0,0.0,-1.0,1
25000.0,36.0,5.32,752.87,0.0,0.0,1.0,300000.0,1.0,4.0,4.4,15.0,0.0,2541.0,3.5,59.0,0.0,0.0,1.0,0.0,777.0,3.0,0.0833333333333333,0.2542372881355932,205.0,0.0,0.0,-1.0,0
11200.0,60.0,15.31,268.28,14.0,10.0,1.0,75000.0,2.0,5.0,17.49,15.0,0.0,4961.0,25.2,27.0,0.0,0.0,0.0,0.0,702.0,3.0,0.1493333333333333,0.5555555555555556,129.0,0.0,0.0,-1.0,1
35000.0,60.0,22.45,975.64,24.0,2.0,0.0,150000.0,1.0,2.0,1.71,11.0,0.0,14943.0,23.2,28.0,0.0,0.0,4.0,0.0,702.0,3.0,0.2333333333333333,0.3928571428571428,190.0,0.0,0.0,-1.0,0
6000.0,36.0,13.67,204.11,12.0,0.0,1.0,19000.0,1.0,0.0,17.18,9.0,0.0,11486.0,66.4,30.0,0.0,0.0,1.0,0.0,677.0,3.0,0.3157894736842105,0.3,159.0,0.0,0.0,-1.0,0
30000.0,36.0,5.32,903.45,0.0,8.0,0.0,160000.0,1.0,2.0,3.43,8.0,0.0,1975.0,2.1,19.0,0.0,0.0,7.0,0.0,837.0,3.0,0.1875,0.4210526315789473,209.0,0.0,0.0,-1.0,0
3000.0,36.0,9.16,95.63,6.0,10.0,2.0,72000.0,1.0,5.0,11.37,6.0,0.0,1764.0,29.9,17.0,1.0,0.0,0.0,0.0,667.0,3.0,0.0416666666666666,0.3529411764705882,220.0,0.0,0.0,-1.0,0
12600.0,36.0,5.32,379.45,0.0,6.0,1.0,58000.0,0.0,4.0,4.43,10.0,0.0,10124.0,28.9,29.0,0.0,0.0,0.0,0.0,687.0,3.0,0.2172413793103448,0.3448275862068966,250.0,0.0,0.0,-1.0,0
11250.0,60.0,17.27,281.23,16.0,1.0,1.0,100000.0,1.0,0.0,11.98,8.0,1.0,5176.0,89.2,26.0,0.0,0.0,1.0,1.0,662.0,3.0,0.1125,0.3076923076923077,193.0,0.005181347150259,0.005181347150259,1.0,0
15000.0,36.0,8.39,472.75,5.0,10.0,1.0,55500.0,1.0,4.0,10.66,5.0,1.0,1853.0,43.1,9.0,0.0,0.0,0.0,1.0,672.0,4.0,0.2702702702702703,0.5555555555555556,380.0,0.0026315789473684,0.0026315789473684,1.0,0
22500.0,36.0,13.67,765.4,12.0,10.0,1.0,130000.0,1.0,4.0,16.94,13.0,0.0,29996.0,59.0,21.0,0.0,0.0,2.0,0.0,697.0,4.0,0.173076923076923,0.6190476190476191,199.0,0.0,0.0,-1.0,0
10200.0,36.0,11.99,338.74,10.0,3.0,0.0,45000.0,1.0,0.0,27.63,7.0,0.0,10072.0,67.6,15.0,1.0,0.0,0.0,0.0,677.0,4.0,0.2266666666666666,0.4666666666666667,115.0,0.0,0.0,-1.0,0
15000.0,60.0,13.67,346.47,12.0,7.0,0.0,90000.0,2.0,0.0,25.28,18.0,0.0,17255.0,44.0,29.0,0.0,0.0,1.0,0.0,687.0,4.0,0.1666666666666666,0.6206896551724138,247.0,0.0,0.0,-1.0,0
10000.0,36.0,7.39,310.56,3.0,2.0,1.0,100000.0,0.0,5.0,13.7,12.0,0.0,2309.0,9.3,35.0,0.0,0.0,0.0,0.0,797.0,4.0,0.1,0.3428571428571428,160.0,0.0,0.0,-1.0,0
6925.0,36.0,26.14,279.53,28.0,5.0,1.0,20437.0,1.0,0.0,47.86,15.0,0.0,10853.0,41.3,18.0,0.0,0.0,0.0,0.0,682.0,4.0,0.3388462103048392,0.8333333333333334,49.0,0.0,0.0,-1.0,0
32000.0,36.0,18.25,1160.9,17.0,2.0,2.0,106000.0,2.0,0.0,33.3,17.0,0.0,12403.0,37.7,53.0,1.0,0.0,1.0,0.0,662.0,4.0,0.3018867924528302,0.320754716981132,159.0,0.0,0.0,-1.0,1
21700.0,36.0,17.27,776.59,16.0,1.0,0.0,110000.0,2.0,0.0,13.68,12.0,0.0,5567.0,58.0,26.0,1.0,0.0,0.0,0.0,662.0,4.0,0.1972727272727272,0.4615384615384615,138.0,0.0,0.0,-1.0,1
35000.0,36.0,17.27,1252.56,16.0,2.0,0.0,120000.0,1.0,0.0,38.06,18.0,0.0,48152.0,62.1,37.0,1.0,0.0,1.0,0.0,662.0,4.0,0.2916666666666667,0.4864864864864865,269.0,0.0,0.0,-1.0,1
21000.0,60.0,23.99,604.01,23.0,10.0,1.0,220000.0,1.0,0.0,11.34,12.0,0.0,32224.0,58.4,28.0,0.0,0.0,4.0,0.0,697.0,4.0,0.0954545454545454,0.4285714285714285,165.0,0.0,0.0,-1.0,0
18000.0,36.0,11.99,597.78,10.0,7.0,1.0,51113.0,1.0,0.0,18.22,7.0,0.0,9036.0,75.9,16.0,1.0,0.0,0.0,0.0,682.0,4.0,0.3521608984015808,0.4375,152.0,0.0,0.0,-1.0,1
20000.0,36.0,5.32,602.3,0.0,10.0,0.0,52000.0,1.0,0.0,14.08,13.0,0.0,8859.0,9.4,23.0,0.0,0.0,1.0,0.0,812.0,4.0,0.3846153846153846,0.5652173913043478,299.0,0.0,0.0,-1.0,0
20000.0,36.0,7.89,625.72,4.0,1.0,0.0,95000.0,2.0,0.0,17.66,8.0,0.0,8038.0,54.7,35.0,0.0,0.0,3.0,0.0,737.0,4.0,0.2105263157894736,0.2285714285714285,259.0,0.0,0.0,-1.0,0
11600.0,36.0,24.99,461.16,24.0,2.0,1.0,65000.0,0.0,1.0,21.88,8.0,0.0,5435.0,81.1,19.0,1.0,0.0,0.0,0.0,667.0,4.0,0.1784615384615384,0.4210526315789473,151.0,0.0,0.0,-1.0,1
8000.0,36.0,11.99,265.68,10.0,5.0,0.0,56000.0,1.0,0.0,20.12,12.0,0.0,61450.0,48.5,25.0,0.0,0.0,0.0,0.0,712.0,4.0,0.1428571428571428,0.48,155.0,0.0,0.0,-1.0,1
26400.0,60.0,23.13,746.21,25.0,1.0,0.0,110000.0,0.0,0.0,24.13,17.0,0.0,44891.0,61.8,28.0,0.0,0.0,3.0,0.0,682.0,4.0,0.24,0.6071428571428571,98.0,0.0,0.0,-1.0,0
19875.0,60.0,14.46,467.21,13.0,10.0,0.0,65000.0,0.0,0.0,15.97,11.0,0.0,9088.0,43.7,22.0,1.0,0.0,5.0,0.0,722.0,4.0,0.3057692307692308,0.5,211.0,0.0,0.0,-1.0,0
24000.0,60.0,19.99,635.72,20.0,8.0,0.0,70000.0,0.0,0.0,9.82,12.0,0.0,16591.0,53.0,16.0,0.0,0.0,1.0,0.0,682.0,4.0,0.3428571428571428,0.75,120.0,0.0,0.0,-1.0,0
28000.0,60.0,8.39,572.98,5.0,6.0,0.0,69000.0,0.0,0.0,25.77,14.0,0.0,38546.0,60.5,28.0,1.0,0.0,5.0,0.0,727.0,4.0,0.4057971014492754,0.5,187.0,0.0,0.0,-1.0,0
6000.0,36.0,17.27,214.73,16.0,0.0,0.0,30000.0,1.0,0.0,38.16,9.0,1.0,1994.0,14.6,18.0,1.0,0.0,0.0,1.0,717.0,4.0,0.2,0.5,165.0,0.006060606060606,0.006060606060606,1.0,1
5000.0,36.0,13.67,170.09,12.0,3.0,2.0,84000.0,1.0,0.0,8.27,7.0,0.0,5209.0,50.6,27.0,0.0,0.0,0.0,0.0,692.0,4.0,0.0595238095238095,0.2592592592592592,234.0,0.0,0.0,-1.0,0
12100.0,36.0,24.99,481.03,24.0,2.0,1.0,50000.0,1.0,0.0,14.19,12.0,1.0,2894.0,35.7,23.0,1.0,0.0,0.0,1.0,667.0,4.0,0.242,0.5217391304347826,142.0,0.0070422535211267,0.0070422535211267,1.0,0
10000.0,36.0,18.99,366.51,18.0,8.0,1.0,56000.0,1.0,0.0,16.65,8.0,0.0,4409.0,47.9,10.0,0.0,0.0,0.0,0.0,702.0,4.0,0.1785714285714285,0.8,168.0,0.0,0.0,-1.0,1
12000.0,36.0,19.99,445.91,19.0,9.0,0.0,80000.0,2.0,0.0,18.42,20.0,2.0,22192.0,48.7,29.0,0.0,0.0,1.0,1.0,672.0,4.0,0.15,0.6896551724137931,282.0,0.0070921985815602,0.0035460992907801,0.5,1
25000.0,60.0,24.11,720.8,26.0,5.0,1.0,150000.0,0.0,0.0,26.11,30.0,0.0,49938.0,30.5,46.0,0.0,0.0,0.0,0.0,707.0,4.0,0.1666666666666666,0.6521739130434783,240.0,0.0,0.0,-1.0,1
11000.0,36.0,15.31,383.0,14.0,10.0,2.0,75000.0,1.0,0.0,17.66,11.0,0.0,8981.0,69.6,17.0,1.0,0.0,0.0,0.0,667.0,4.0,0.1466666666666666,0.6470588235294118,122.0,0.0,0.0,-1.0,0
5000.0,36.0,14.46,172.01,13.0,8.0,0.0,50000.0,0.0,4.0,21.58,10.0,0.0,17288.0,84.0,15.0,1.0,0.0,0.0,0.0,662.0,4.0,0.1,0.6666666666666666,232.0,0.0,0.0,-1.0,1
21600.0,60.0,19.99,572.15,19.0,1.0,0.0,64000.0,1.0,4.0,30.81,11.0,1.0,14574.0,59.0,18.0,0.0,0.0,4.0,1.0,687.0,4.0,0.3375,0.6111111111111112,150.0,0.0066666666666666,0.0066666666666666,1.0,1
6000.0,36.0,9.75,192.9,7.0,10.0,1.0,60000.0,1.0,0.0,6.02,6.0,0.0,8184.0,77.2,9.0,0.0,0.0,0.0,0.0,677.0,4.0,0.1,0.6666666666666666,327.0,0.0,0.0,-1.0,0
35000.0,60.0,23.99,1006.68,23.0,10.0,1.0,125000.0,2.0,0.0,7.41,9.0,1.0,16357.0,75.0,35.0,0.0,0.0,3.0,0.0,662.0,4.0,0.28,0.2571428571428571,269.0,0.0037174721189591,0.0,0.0,0
10000.0,36.0,6.97,308.64,2.0,2.0,0.0,75000.0,0.0,0.0,11.36,10.0,0.0,8503.0,11.0,22.0,1.0,0.0,3.0,0.0,722.0,4.0,0.1333333333333333,0.4545454545454545,216.0,0.0,0.0,-1.0,0
11275.0,36.0,14.46,387.88,13.0,2.0,1.0,44000.0,0.0,0.0,32.3,13.0,0.0,15321.0,30.8,29.0,0.0,0.0,0.0,0.0,732.0,4.0,0.25625,0.4482758620689655,113.0,0.0,0.0,-1.0,1
24000.0,36.0,10.75,782.9,8.0,10.0,1.0,57500.0,2.0,4.0,22.27,9.0,0.0,13361.0,86.2,24.0,0.0,0.0,0.0,0.0,667.0,4.0,0.417391304347826,0.375,386.0,0.0,0.0,-1.0,0
14600.0,36.0,14.46,502.27,13.0,0.0,1.0,47000.0,1.0,9.0,12.9,5.0,0.0,4267.0,29.2,14.0,0.0,0.0,1.0,0.0,697.0,4.0,0.3106382978723404,0.3571428571428571,235.0,0.0,0.0,-1.0,0
16000.0,36.0,8.39,504.27,5.0,10.0,1.0,75000.0,2.0,3.0,21.07,8.0,1.0,5042.0,28.0,18.0,1.0,0.0,0.0,1.0,692.0,4.0,0.2133333333333333,0.4444444444444444,419.0,0.0023866348448687,0.0023866348448687,1.0,0
35000.0,36.0,9.16,1115.6,6.0,10.0,0.0,110000.0,2.0,0.0,12.57,13.0,0.0,58213.0,61.0,26.0,0.0,0.0,2.0,0.0,692.0,4.0,0.3181818181818182,0.5,222.0,0.0,0.0,-1.0,0
28000.0,36.0,6.49,858.05,1.0,3.0,0.0,120000.0,0.0,2.0,0.74,14.0,0.0,3746.0,9.2,22.0,0.0,0.0,1.0,0.0,737.0,4.0,0.2333333333333333,0.6363636363636364,164.0,0.0,0.0,-1.0,0
20000.0,36.0,7.89,625.72,4.0,10.0,0.0,93000.0,1.0,0.0,31.3,16.0,0.0,11646.0,23.2,42.0,0.0,0.0,3.0,0.0,712.0,4.0,0.2150537634408602,0.3809523809523809,165.0,0.0,0.0,-1.0,0
10000.0,36.0,10.75,326.21,8.0,5.0,1.0,45000.0,1.0,0.0,16.61,4.0,0.0,1224.0,28.5,6.0,0.0,0.0,0.0,0.0,712.0,4.0,0.2222222222222222,0.6666666666666666,42.0,0.0,0.0,-1.0,0
6000.0,36.0,5.32,180.69,0.0,5.0,2.0,36000.0,1.0,0.0,12.13,10.0,0.0,6543.0,20.4,15.0,0.0,0.0,3.0,0.0,747.0,4.0,0.1666666666666666,0.6666666666666666,171.0,0.0,0.0,-1.0,0
12000.0,36.0,5.32,361.38,0.0,8.0,0.0,60000.0,1.0,4.0,6.88,6.0,0.0,54599.0,55.2,14.0,0.0,0.0,3.0,0.0,742.0,4.0,0.2,0.4285714285714285,177.0,0.0,0.0,-1.0,0
6000.0,36.0,5.32,180.69,0.0,10.0,0.0,75000.0,0.0,8.0,22.26,12.0,0.0,9149.0,26.8,22.0,0.0,0.0,5.0,0.0,742.0,4.0,0.08,0.5454545454545454,251.0,0.0,0.0,-1.0,0
5000.0,36.0,5.32,150.58,0.0,1.0,0.0,80000.0,1.0,5.0,7.49,6.0,0.0,629.0,4.3,10.0,0.0,0.0,1.0,0.0,697.0,4.0,0.0625,0.6,84.0,0.0,0.0,-1.0,0
4000.0,36.0,6.49,122.58,1.0,10.0,1.0,66917.0,0.0,8.0,11.28,5.0,0.0,3543.0,34.4,7.0,0.0,0.0,0.0,0.0,722.0,4.0,0.0597755428366483,0.7142857142857143,109.0,0.0,0.0,-1.0,0
10000.0,36.0,5.32,301.15,0.0,2.0,0.0,52000.0,1.0,4.0,16.16,10.0,0.0,10816.0,33.0,41.0,0.0,0.0,1.0,0.0,687.0,4.0,0.1923076923076923,0.2439024390243902,266.0,0.0,0.0,-1.0,0
13000.0,36.0,5.32,391.5,0.0,0.0,0.0,107600.0,1.0,0.0,18.58,25.0,0.0,25996.0,30.5,59.0,1.0,0.0,3.0,0.0,732.0,4.0,0.120817843866171,0.423728813559322,165.0,0.0,0.0,-1.0,0
5600.0,36.0,10.75,182.68,8.0,0.0,1.0,50000.0,1.0,4.0,11.95,3.0,0.0,8358.0,98.3,12.0,0.0,0.0,0.0,0.0,707.0,4.0,0.112,0.25,126.0,0.0,0.0,-1.0,0
35000.0,36.0,18.25,1269.73,17.0,8.0,0.0,200000.0,1.0,6.0,15.09,18.0,1.0,8954.0,40.5,32.0,0.0,0.0,4.0,1.0,707.0,4.0,0.175,0.5625,212.0,0.0047169811320754,0.0047169811320754,1.0,0
10000.0,36.0,9.75,321.5,7.0,9.0,1.0,48000.0,0.0,0.0,23.35,21.0,1.0,11482.0,53.4,30.0,0.0,0.0,0.0,1.0,677.0,4.0,0.2083333333333333,0.7,103.0,0.0097087378640776,0.0097087378640776,1.0,1
30000.0,36.0,16.29,1059.02,15.0,3.0,0.0,135000.0,1.0,2.0,31.74,13.0,0.0,10851.0,34.6,29.0,0.0,0.0,3.0,0.0,752.0,4.0,0.2222222222222222,0.4482758620689655,150.0,0.0,0.0,-1.0,1
10000.0,36.0,11.47,329.62,9.0,7.0,1.0,58000.0,2.0,0.0,18.58,8.0,1.0,1379.0,13.7,36.0,1.0,0.0,4.0,1.0,662.0,4.0,0.1724137931034483,0.2222222222222222,137.0,0.0072992700729927,0.0072992700729927,1.0,0
6700.0,36.0,14.46,230.49,13.0,5.0,0.0,157000.0,1.0,5.0,11.34,11.0,0.0,768.0,29.5,16.0,1.0,0.0,1.0,0.0,712.0,4.0,0.0426751592356687,0.6875,149.0,0.0,0.0,-1.0,0
20000.0,36.0,18.99,733.02,18.0,10.0,0.0,157000.0,2.0,0.0,37.88,27.0,0.0,96442.0,55.5,46.0,1.0,0.0,1.0,0.0,692.0,4.0,0.1273885350318471,0.5869565217391305,323.0,0.0,0.0,-1.0,1
24000.0,36.0,5.32,722.76,0.0,7.0,0.0,97500.0,0.0,0.0,22.78,14.0,0.0,26088.0,40.6,33.0,0.0,0.0,4.0,0.0,792.0,4.0,0.2461538461538461,0.4242424242424242,217.0,0.0,0.0,-1.0,0
6000.0,36.0,10.75,195.73,8.0,10.0,0.0,98000.0,0.0,0.0,8.6,13.0,1.0,14841.0,61.1,28.0,0.0,0.0,2.0,0.0,667.0,4.0,0.0612244897959183,0.4642857142857143,141.0,0.0070921985815602,0.0,0.0,0
10000.0,36.0,8.39,315.17,5.0,4.0,0.0,50000.0,0.0,4.0,24.5,24.0,1.0,6928.0,28.2,37.0,1.0,0.0,0.0,1.0,672.0,4.0,0.2,0.6486486486486487,144.0,0.0069444444444444,0.0069444444444444,1.0,0
14000.0,36.0,7.39,434.79,3.0,2.0,0.0,150000.0,0.0,4.0,6.88,18.0,0.0,22966.0,37.6,26.0,0.0,0.0,1.0,0.0,707.0,4.0,0.0933333333333333,0.6923076923076923,245.0,0.0,0.0,-1.0,0
24000.0,36.0,10.75,782.9,8.0,10.0,1.0,78500.0,1.0,0.0,30.41,14.0,0.0,33681.0,88.6,38.0,0.0,0.0,0.0,0.0,687.0,4.0,0.3057324840764331,0.3684210526315789,210.0,0.0,0.0,-1.0,0
16000.0,36.0,10.75,521.93,8.0,7.0,1.0,47000.0,2.0,0.0,16.77,9.0,0.0,5548.0,15.2,17.0,0.0,0.0,0.0,0.0,782.0,4.0,0.3404255319148936,0.5294117647058824,144.0,0.0,0.0,-1.0,0
40000.0,60.0,18.99,1037.41,18.0,1.0,1.0,101000.0,2.0,2.0,15.45,23.0,0.0,20235.0,30.2,40.0,1.0,0.0,0.0,0.0,712.0,4.0,0.396039603960396,0.575,502.0,0.0,0.0,-1.0,0
8000.0,36.0,9.75,257.2,7.0,1.0,1.0,28000.0,1.0,4.0,7.13,5.0,1.0,4369.0,39.7,11.0,0.0,0.0,0.0,1.0,692.0,4.0,0.2857142857142857,0.4545454545454545,137.0,0.0072992700729927,0.0072992700729927,1.0,0
23000.0,36.0,7.89,719.57,4.0,1.0,0.0,98000.0,1.0,4.0,38.16,9.0,1.0,13019.0,60.3,13.0,0.0,0.0,0.0,1.0,702.0,4.0,0.2346938775510204,0.6923076923076923,299.0,0.0033444816053511,0.0033444816053511,1.0,0
16000.0,36.0,11.99,531.36,10.0,10.0,1.0,55000.0,1.0,0.0,17.96,10.0,0.0,5284.0,43.7,22.0,0.0,0.0,0.0,0.0,697.0,4.0,0.2909090909090909,0.4545454545454545,130.0,0.0,0.0,-1.0,0
15000.0,60.0,10.75,324.27,8.0,10.0,1.0,90000.0,0.0,4.0,19.64,10.0,0.0,6273.0,47.9,21.0,1.0,0.0,0.0,0.0,707.0,4.0,0.1666666666666666,0.4761904761904761,218.0,0.0,0.0,-1.0,1
7200.0,36.0,6.49,220.65,1.0,0.0,0.0,150000.0,0.0,2.0,15.61,19.0,0.0,38190.0,27.2,39.0,0.0,0.0,10.0,0.0,797.0,4.0,0.048,0.4871794871794871,171.0,0.0,0.0,-1.0,0
28000.0,60.0,8.39,572.98,5.0,2.0,0.0,175000.0,0.0,0.0,19.67,18.0,0.0,73768.0,68.6,38.0,0.0,0.0,7.0,0.0,697.0,4.0,0.16,0.4736842105263157,345.0,0.0,0.0,-1.0,0
5000.0,36.0,6.0,156.14,10.0,1.0,1.0,30000.0,1.0,0.0,20.16,4.0,0.0,2231.0,43.7,7.0,0.0,0.0,0.0,0.0,702.0,5.0,0.1666666666666666,0.5714285714285714,61.0,0.0,0.0,-1.0,0
25000.0,60.0,22.35,695.46,21.0,10.0,0.0,65000.0,1.0,0.0,20.51,11.0,1.0,7926.0,58.3,25.0,0.0,0.0,2.0,1.0,697.0,5.0,0.3846153846153846,0.44,181.0,0.005524861878453,0.005524861878453,1.0,1
12000.0,36.0,14.46,412.82,13.0,5.0,0.0,38000.0,1.0,0.0,26.75,10.0,0.0,13352.0,51.6,26.0,0.0,0.0,0.0,0.0,692.0,5.0,0.3157894736842105,0.3846153846153846,223.0,0.0,0.0,-1.0,0
16000.0,60.0,19.99,423.82,19.0,10.0,0.0,82000.0,2.0,9.0,14.88,8.0,0.0,9812.0,93.5,22.0,0.0,0.0,3.0,0.0,667.0,5.0,0.1951219512195122,0.3636363636363636,141.0,0.0,0.0,-1.0,1
24000.0,36.0,7.89,750.86,4.0,10.0,1.0,170000.0,2.0,4.0,14.14,5.0,0.0,27488.0,97.8,8.0,0.0,0.0,0.0,0.0,712.0,5.0,0.1411764705882353,0.625,186.0,0.0,0.0,-1.0,0
9000.0,36.0,11.47,296.66,9.0,10.0,1.0,40000.0,1.0,0.0,11.01,4.0,0.0,4909.0,49.1,12.0,0.0,0.0,0.0,0.0,662.0,5.0,0.225,0.3333333333333333,187.0,0.0,0.0,-1.0,0
10000.0,36.0,7.39,310.56,3.0,5.0,0.0,47000.0,0.0,0.0,26.2,15.0,0.0,43491.0,82.5,24.0,0.0,0.0,2.0,0.0,722.0,5.0,0.2127659574468085,0.625,212.0,0.0,0.0,-1.0,1
20000.0,36.0,7.39,621.12,3.0,4.0,2.0,300000.0,1.0,0.0,12.2,11.0,0.0,73727.0,25.4,33.0,1.0,0.0,4.0,0.0,747.0,5.0,0.0666666666666666,0.3333333333333333,285.0,0.0,0.0,-1.0,0
12475.0,60.0,25.44,369.39,26.0,3.0,0.0,75000.0,0.0,0.0,24.94,10.0,0.0,2511.0,22.6,25.0,0.0,0.0,0.0,0.0,682.0,5.0,0.1663333333333333,0.4,267.0,0.0,0.0,-1.0,0
16000.0,36.0,13.49,542.89,11.0,8.0,0.0,70000.0,1.0,4.0,14.34,25.0,5.0,8124.0,49.2,37.0,0.0,0.0,3.0,0.0,677.0,5.0,0.2285714285714285,0.6756756756756757,146.0,0.0342465753424657,0.0,0.0,0
18875.0,36.0,13.49,640.44,11.0,8.0,1.0,60000.0,1.0,0.0,20.34,7.0,1.0,1835.0,24.1,15.0,0.0,0.0,0.0,0.0,677.0,5.0,0.3145833333333333,0.4666666666666667,98.0,0.010204081632653,0.0,0.0,0
13500.0,36.0,9.16,430.31,6.0,10.0,0.0,80000.0,1.0,0.0,14.1,17.0,0.0,2222.0,4.3,35.0,0.0,0.0,3.0,0.0,807.0,5.0,0.16875,0.4857142857142857,520.0,0.0,0.0,-1.0,0
19200.0,60.0,13.99,446.66,12.0,10.0,0.0,57000.0,0.0,3.0,34.04,12.0,0.0,17552.0,69.7,27.0,0.0,0.0,2.0,0.0,707.0,5.0,0.3368421052631579,0.4444444444444444,272.0,0.0,0.0,-1.0,0
8000.0,36.0,13.99,273.39,12.0,0.0,1.0,65000.0,1.0,0.0,22.69,14.0,0.0,7381.0,44.7,20.0,0.0,0.0,0.0,0.0,667.0,5.0,0.123076923076923,0.7,59.0,0.0,0.0,-1.0,0
20000.0,36.0,6.49,612.89,1.0,3.0,0.0,120000.0,0.0,0.0,14.52,17.0,0.0,4489.0,11.1,33.0,0.0,0.0,2.0,0.0,742.0,5.0,0.1666666666666666,0.5151515151515151,135.0,0.0,0.0,-1.0,0
40000.0,36.0,7.39,1242.23,3.0,0.0,0.0,900000.0,1.0,5.0,3.57,19.0,0.0,10898.0,7.5,38.0,0.0,0.0,5.0,0.0,782.0,5.0,0.0444444444444444,0.5,482.0,0.0,0.0,-1.0,0
6000.0,36.0,9.75,192.9,7.0,3.0,0.0,32000.0,2.0,4.0,25.7,15.0,1.0,10585.0,53.2,32.0,0.0,0.0,1.0,1.0,662.0,5.0,0.1875,0.46875,151.0,0.0066225165562913,0.0066225165562913,1.0,0
20000.0,60.0,15.59,482.02,14.0,10.0,0.0,70000.0,2.0,0.0,21.29,12.0,0.0,19592.0,63.6,41.0,0.0,0.0,4.0,0.0,692.0,5.0,0.2857142857142857,0.2926829268292683,165.0,0.0,0.0,-1.0,0
24000.0,60.0,24.49,697.28,22.0,10.0,0.0,80500.0,0.0,0.0,33.21,15.0,0.0,6780.0,25.8,31.0,0.0,0.0,1.0,0.0,687.0,5.0,0.2981366459627329,0.4838709677419355,238.0,0.0,0.0,-1.0,1
24000.0,60.0,11.99,533.75,10.0,10.0,1.0,79495.81,2.0,0.0,4.85,7.0,1.0,1283.0,12.0,22.0,0.0,0.0,0.0,1.0,682.0,5.0,0.3019027040544653,0.3181818181818182,146.0,0.0068493150684931,0.0068493150684931,1.0,1
12000.0,60.0,9.16,250.04,6.0,10.0,0.0,118000.0,0.0,0.0,28.47,20.0,0.0,13922.0,11.2,54.0,0.0,0.0,5.0,0.0,797.0,5.0,0.1016949152542373,0.3703703703703703,345.0,0.0,0.0,-1.0,0
12000.0,36.0,13.67,408.22,12.0,5.0,2.0,103000.0,2.0,0.0,17.58,13.0,0.0,12373.0,62.2,35.0,0.0,0.0,1.0,0.0,672.0,5.0,0.116504854368932,0.3714285714285714,128.0,0.0,0.0,-1.0,0
4000.0,36.0,9.75,128.6,7.0,1.0,1.0,27000.0,1.0,0.0,17.95,12.0,0.0,7856.0,30.7,12.0,0.0,0.0,0.0,0.0,692.0,5.0,0.1481481481481481,1.0,52.0,0.0,0.0,-1.0,0
5000.0,36.0,8.39,157.59,5.0,1.0,0.0,245000.0,1.0,4.0,11.68,11.0,2.0,15884.0,63.3,26.0,0.0,0.0,0.0,0.0,687.0,5.0,0.0204081632653061,0.4230769230769231,382.0,0.0052356020942408,0.0,0.0,0
7000.0,36.0,9.75,225.05,7.0,1.0,1.0,49000.0,0.0,0.0,35.51,10.0,0.0,3925.0,64.3,15.0,0.0,0.0,0.0,0.0,717.0,5.0,0.1428571428571428,0.6666666666666666,82.0,0.0,0.0,-1.0,0
6000.0,36.0,16.29,211.81,15.0,10.0,0.0,56000.0,2.0,0.0,25.53,12.0,0.0,30041.0,64.3,29.0,1.0,0.0,1.0,0.0,697.0,5.0,0.1071428571428571,0.4137931034482758,132.0,0.0,0.0,-1.0,1
25000.0,60.0,13.67,577.44,12.0,2.0,1.0,80000.0,0.0,0.0,25.29,19.0,0.0,22720.0,42.2,49.0,0.0,0.0,0.0,0.0,707.0,5.0,0.3125,0.3877551020408163,276.0,0.0,0.0,-1.0,1
20000.0,60.0,11.99,444.79,10.0,6.0,0.0,57000.0,0.0,0.0,32.76,7.0,0.0,54952.0,55.7,44.0,0.0,0.0,1.0,0.0,712.0,5.0,0.3508771929824561,0.1590909090909091,224.0,0.0,0.0,-1.0,0
26475.0,60.0,18.99,686.64,18.0,1.0,2.0,72000.0,0.0,4.0,10.74,20.0,0.0,26718.0,30.3,46.0,1.0,0.0,2.0,0.0,707.0,5.0,0.3677083333333333,0.4347826086956521,197.0,0.0,0.0,-1.0,0
10000.0,36.0,19.99,371.59,19.0,0.0,0.0,30000.0,2.0,4.0,20.44,15.0,1.0,6550.0,50.8,39.0,1.0,0.0,0.0,1.0,677.0,5.0,0.3333333333333333,0.3846153846153846,367.0,0.0027247956403269,0.0027247956403269,1.0,1
24000.0,36.0,7.39,745.34,3.0,9.0,0.0,84000.0,0.0,0.0,12.87,14.0,0.0,22950.0,49.2,37.0,1.0,0.0,3.0,0.0,692.0,5.0,0.2857142857142857,0.3783783783783784,168.0,0.0,0.0,-1.0,0
12000.0,60.0,23.99,345.15,23.0,10.0,0.0,50000.0,2.0,4.0,13.15,9.0,1.0,10917.0,80.9,17.0,1.0,0.0,2.0,1.0,672.0,5.0,0.24,0.5294117647058824,126.0,0.0079365079365079,0.0079365079365079,1.0,1
17100.0,36.0,18.99,626.74,18.0,10.0,2.0,45000.0,2.0,0.0,20.01,9.0,0.0,5759.0,55.9,17.0,1.0,0.0,5.0,0.0,667.0,5.0,0.38,0.5294117647058824,179.0,0.0,0.0,-1.0,0
13600.0,36.0,16.29,480.09,15.0,5.0,0.0,50060.0,1.0,0.0,17.64,7.0,0.0,10577.0,50.1,35.0,0.0,0.0,0.0,0.0,667.0,5.0,0.2716739912105473,0.2,153.0,0.0,0.0,-1.0,1
30000.0,36.0,11.99,996.29,10.0,2.0,2.0,135500.0,2.0,0.0,27.39,9.0,0.0,3463.0,98.9,20.0,1.0,0.0,2.0,0.0,712.0,5.0,0.2214022140221402,0.45,303.0,0.0,0.0,-1.0,0
17000.0,60.0,12.99,386.72,11.0,10.0,0.0,68000.0,2.0,0.0,18.76,8.0,0.0,15598.0,83.0,23.0,0.0,0.0,8.0,0.0,662.0,5.0,0.25,0.3478260869565217,150.0,0.0,0.0,-1.0,0
8000.0,36.0,13.67,272.15,12.0,1.0,1.0,52000.0,1.0,3.0,3.25,5.0,0.0,1892.0,38.6,9.0,0.0,0.0,0.0,0.0,662.0,5.0,0.1538461538461538,0.5555555555555556,78.0,0.0,0.0,-1.0,1
10000.0,60.0,16.29,244.73,15.0,6.0,0.0,65000.0,1.0,0.0,11.69,7.0,0.0,10099.0,65.6,14.0,1.0,0.0,1.0,0.0,672.0,5.0,0.1538461538461538,0.5,128.0,0.0,0.0,-1.0,0
35000.0,36.0,17.27,1252.56,16.0,10.0,0.0,180000.0,2.0,0.0,13.62,15.0,0.0,123564.0,88.7,45.0,1.0,0.0,7.0,0.0,667.0,5.0,0.1944444444444444,0.3333333333333333,309.0,0.0,0.0,-1.0,1
35000.0,36.0,13.67,1190.62,12.0,10.0,1.0,98000.0,1.0,4.0,21.23,17.0,0.0,21656.0,60.2,32.0,1.0,0.0,2.0,0.0,677.0,5.0,0.3571428571428571,0.53125,192.0,0.0,0.0,-1.0,0
24000.0,60.0,19.99,635.72,19.0,2.0,0.0,100000.0,2.0,1.0,10.07,8.0,1.0,15049.0,59.0,22.0,1.0,0.0,3.0,1.0,662.0,5.0,0.24,0.3636363636363636,184.0,0.0054347826086956,0.0054347826086956,1.0,0
7000.0,36.0,9.75,225.05,7.0,2.0,1.0,34000.0,1.0,0.0,19.24,9.0,1.0,195.0,2.1,20.0,0.0,0.0,0.0,1.0,672.0,5.0,0.2058823529411764,0.45,110.0,0.009090909090909,0.009090909090909,1.0,0
16500.0,60.0,10.75,356.7,8.0,1.0,0.0,45000.0,0.0,0.0,12.79,5.0,0.0,4284.0,53.5,15.0,0.0,0.0,1.0,0.0,707.0,5.0,0.3666666666666666,0.3333333333333333,101.0,0.0,0.0,-1.0,0
10400.0,36.0,7.89,325.38,4.0,10.0,0.0,52000.0,0.0,4.0,18.6,8.0,1.0,10671.0,52.8,20.0,0.0,0.0,3.0,0.0,717.0,5.0,0.2,0.4,130.0,0.0076923076923076,0.0,0.0,1
6500.0,36.0,6.49,199.19,1.0,5.0,0.0,92000.0,0.0,4.0,9.48,11.0,0.0,5633.0,9.1,33.0,0.0,0.0,4.0,0.0,762.0,5.0,0.0706521739130434,0.3333333333333333,155.0,0.0,0.0,-1.0,0
26950.0,36.0,7.89,843.15,4.0,10.0,0.0,135000.0,1.0,0.0,7.21,6.0,0.0,12005.0,30.2,19.0,0.0,0.0,3.0,0.0,722.0,5.0,0.1996296296296296,0.3157894736842105,208.0,0.0,0.0,-1.0,0
10000.0,36.0,8.39,315.17,5.0,8.0,0.0,100000.0,0.0,0.0,18.6,12.0,1.0,19389.0,72.6,25.0,0.0,0.0,2.0,1.0,697.0,5.0,0.1,0.48,129.0,0.0077519379844961,0.0077519379844961,1.0,0
10000.0,36.0,9.75,321.5,7.0,2.0,0.0,50000.0,1.0,0.0,29.91,11.0,0.0,7446.0,50.7,19.0,0.0,0.0,3.0,0.0,667.0,5.0,0.2,0.5789473684210527,202.0,0.0,0.0,-1.0,0
8200.0,36.0,7.39,254.66,3.0,8.0,2.0,20500.0,1.0,0.0,18.5,11.0,0.0,12715.0,23.4,22.0,0.0,0.0,1.0,0.0,777.0,5.0,0.4,0.5,206.0,0.0,0.0,-1.0,0
20000.0,36.0,11.47,659.24,9.0,5.0,0.0,62000.0,2.0,1.0,15.27,11.0,1.0,50510.0,22.5,28.0,0.0,0.0,6.0,1.0,717.0,5.0,0.3225806451612903,0.3928571428571428,210.0,0.0047619047619047,0.0047619047619047,1.0,0
7800.0,36.0,6.97,240.74,2.0,4.0,0.0,92000.0,0.0,0.0,15.56,6.0,0.0,75390.0,43.6,9.0,0.0,0.0,3.0,0.0,772.0,5.0,0.0847826086956521,0.6666666666666666,260.0,0.0,0.0,-1.0,0
16000.0,36.0,10.75,521.93,8.0,10.0,0.0,55000.0,0.0,2.0,21.97,21.0,0.0,15398.0,32.6,36.0,0.0,0.0,1.0,0.0,727.0,5.0,0.2909090909090909,0.5833333333333334,187.0,0.0,0.0,-1.0,0
10000.0,36.0,9.16,318.75,6.0,10.0,0.0,46000.0,1.0,0.0,10.23,7.0,0.0,3619.0,22.1,17.0,0.0,0.0,1.0,0.0,682.0,5.0,0.217391304347826,0.4117647058823529,130.0,0.0,0.0,-1.0,0
8400.0,36.0,11.47,276.88,9.0,2.0,1.0,28800.0,1.0,4.0,12.21,7.0,0.0,5799.0,37.2,8.0,0.0,0.0,0.0,0.0,677.0,5.0,0.2916666666666667,0.875,38.0,0.0,0.0,-1.0,0
8000.0,36.0,13.49,271.45,11.0,10.0,2.0,43000.0,2.0,4.0,21.71,5.0,2.0,1324.0,55.2,13.0,0.0,0.0,0.0,1.0,682.0,5.0,0.1860465116279069,0.3846153846153846,137.0,0.0145985401459854,0.0072992700729927,0.5,1
5000.0,36.0,11.49,164.86,9.0,9.0,1.0,40000.0,1.0,0.0,19.53,13.0,0.0,9128.0,40.0,20.0,1.0,0.0,0.0,0.0,667.0,5.0,0.125,0.65,134.0,0.0,0.0,-1.0,1
16800.0,60.0,12.79,380.45,10.0,0.0,0.0,110000.0,2.0,0.0,22.51,14.0,0.0,37941.0,53.5,29.0,0.0,0.0,2.0,0.0,707.0,5.0,0.1527272727272727,0.4827586206896552,172.0,0.0,0.0,-1.0,0
11300.0,36.0,8.99,359.29,5.0,10.0,1.0,49800.0,0.0,0.0,19.03,6.0,0.0,6259.0,43.5,22.0,0.0,0.0,0.0,0.0,737.0,5.0,0.2269076305220883,0.2727272727272727,224.0,0.0,0.0,-1.0,0
5600.0,36.0,15.59,195.75,14.0,1.0,1.0,32000.0,1.0,0.0,15.53,6.0,0.0,4019.0,59.1,8.0,0.0,0.0,0.0,0.0,672.0,5.0,0.175,0.75,71.0,0.0,0.0,-1.0,0
11200.0,36.0,7.59,348.86,2.0,5.0,0.0,70000.0,1.0,4.0,19.37,6.0,0.0,3660.0,18.3,18.0,0.0,0.0,3.0,0.0,707.0,5.0,0.16,0.3333333333333333,196.0,0.0,0.0,-1.0,0
9900.0,36.0,10.49,321.73,7.0,6.0,0.0,55000.0,1.0,4.0,13.44,7.0,0.0,5277.0,48.0,9.0,1.0,0.0,1.0,0.0,667.0,5.0,0.18,0.7777777777777778,118.0,0.0,0.0,-1.0,0
13600.0,60.0,17.99,345.28,16.0,5.0,0.0,72000.0,1.0,4.0,31.65,19.0,0.0,14515.0,72.9,47.0,0.0,0.0,3.0,0.0,662.0,5.0,0.1888888888888888,0.4042553191489361,172.0,0.0,0.0,-1.0,0
30000.0,60.0,13.99,697.9,12.0,10.0,2.0,98000.0,2.0,2.0,2.75,18.0,0.0,8296.0,19.4,50.0,0.0,0.0,0.0,0.0,702.0,5.0,0.3061224489795918,0.36,148.0,0.0,0.0,-1.0,0
20000.0,36.0,11.47,659.24,9.0,0.0,1.0,90000.0,1.0,0.0,18.37,9.0,0.0,10481.0,51.6,13.0,0.0,0.0,0.0,0.0,692.0,5.0,0.2222222222222222,0.6923076923076923,103.0,0.0,0.0,-1.0,0
14000.0,60.0,17.99,355.44,16.0,2.0,1.0,47000.0,1.0,0.0,24.41,13.0,0.0,17726.0,68.7,36.0,0.0,0.0,0.0,0.0,687.0,5.0,0.2978723404255319,0.3611111111111111,396.0,0.0,0.0,-1.0,1
18000.0,60.0,13.99,418.74,12.0,10.0,0.0,55000.0,1.0,0.0,20.98,13.0,0.0,31311.0,64.3,23.0,0.0,0.0,3.0,0.0,692.0,5.0,0.3272727272727272,0.5652173913043478,260.0,0.0,0.0,-1.0,0
35000.0,36.0,14.49,1204.57,13.0,10.0,0.0,150000.0,2.0,0.0,11.34,13.0,1.0,23468.0,74.0,33.0,0.0,0.0,2.0,1.0,662.0,5.0,0.2333333333333333,0.3939393939393939,236.0,0.0042372881355932,0.0042372881355932,1.0,0
2000.0,36.0,8.59,63.22,4.0,10.0,0.0,116000.0,2.0,4.0,16.7,11.0,0.0,0.0,0.0,33.0,1.0,0.0,7.0,0.0,772.0,5.0,0.0172413793103448,0.3333333333333333,208.0,0.0,0.0,-1.0,0
12000.0,36.0,10.49,389.98,7.0,8.0,1.0,32000.0,0.0,4.0,29.26,12.0,1.0,8578.0,60.8,29.0,1.0,0.0,0.0,1.0,707.0,5.0,0.375,0.4137931034482758,260.0,0.0038461538461538,0.0038461538461538,1.0,0
1550.0,36.0,12.79,52.07,10.0,10.0,0.0,50000.0,2.0,0.0,9.65,11.0,0.0,11666.0,50.3,21.0,1.0,0.0,1.0,0.0,677.0,5.0,0.031,0.5238095238095238,200.0,0.0,0.0,-1.0,0
22000.0,36.0,19.99,817.49,18.0,9.0,0.0,65000.0,2.0,0.0,34.56,18.0,0.0,38682.0,75.6,30.0,0.0,0.0,1.0,0.0,682.0,5.0,0.3384615384615385,0.6,283.0,0.0,0.0,-1.0,0
10000.0,36.0,13.49,339.31,11.0,2.0,0.0,47000.0,0.0,0.0,34.06,18.0,0.0,11352.0,42.8,54.0,0.0,0.0,1.0,0.0,667.0,5.0,0.2127659574468085,0.3333333333333333,97.0,0.0,0.0,-1.0,1
6000.0,36.0,17.99,216.89,16.0,2.0,1.0,43000.0,1.0,0.0,25.82,9.0,1.0,2931.0,41.3,13.0,1.0,0.0,0.0,1.0,672.0,5.0,0.1395348837209302,0.6923076923076923,141.0,0.0070921985815602,0.0070921985815602,1.0,0
12575.0,36.0,10.49,408.66,7.0,2.0,1.0,42000.0,0.0,0.0,12.37,4.0,0.0,6709.0,36.9,13.0,0.0,0.0,0.0,0.0,757.0,5.0,0.2994047619047619,0.3076923076923077,130.0,0.0,0.0,-1.0,0
5250.0,36.0,9.49,168.15,6.0,10.0,0.0,70000.0,1.0,9.0,16.27,10.0,1.0,12810.0,51.7,26.0,0.0,0.0,3.0,1.0,662.0,5.0,0.075,0.3846153846153846,148.0,0.0067567567567567,0.0067567567567567,1.0,1
11000.0,36.0,10.49,357.48,7.0,10.0,0.0,51000.0,1.0,0.0,18.24,11.0,0.0,8449.0,65.5,15.0,0.0,0.0,1.0,0.0,687.0,5.0,0.2156862745098039,0.7333333333333333,209.0,0.0,0.0,-1.0,0
18000.0,60.0,25.69,535.63,25.0,1.0,0.0,65500.0,1.0,0.0,23.73,19.0,0.0,16546.0,77.0,41.0,1.0,0.0,1.0,0.0,682.0,5.0,0.2748091603053435,0.4634146341463415,129.0,0.0,0.0,-1.0,1
15000.0,36.0,10.49,487.47,7.0,6.0,1.0,80000.0,2.0,0.0,25.97,18.0,0.0,37806.0,65.4,27.0,0.0,0.0,0.0,0.0,707.0,5.0,0.1875,0.6666666666666666,523.0,0.0,0.0,-1.0,0
30000.0,36.0,11.47,988.86,9.0,2.0,2.0,250000.0,1.0,4.0,8.6,5.0,0.0,31694.0,54.6,32.0,0.0,0.0,3.0,0.0,712.0,5.0,0.12,0.15625,279.0,0.0,0.0,-1.0,1
20400.0,60.0,13.49,469.3,11.0,5.0,0.0,72000.0,1.0,0.0,11.66,12.0,0.0,11897.0,41.0,15.0,0.0,0.0,1.0,0.0,697.0,5.0,0.2833333333333333,0.8,78.0,0.0,0.0,-1.0,0
24000.0,36.0,9.49,768.68,6.0,10.0,0.0,57987.0,2.0,4.0,27.94,8.0,1.0,13672.0,79.0,16.0,0.0,0.0,1.0,1.0,672.0,5.0,0.4138858709710797,0.5,234.0,0.0042735042735042,0.0042735042735042,1.0,0
7500.0,36.0,8.59,237.07,4.0,0.0,1.0,110000.0,1.0,0.0,17.9,12.0,0.0,10632.0,42.5,41.0,0.0,0.0,5.0,0.0,692.0,5.0,0.0681818181818181,0.2926829268292683,214.0,0.0,0.0,-1.0,0
8000.0,36.0,8.99,254.37,5.0,3.0,0.0,65000.0,1.0,4.0,11.32,11.0,0.0,15726.0,69.9,23.0,0.0,0.0,4.0,0.0,697.0,5.0,0.123076923076923,0.4782608695652174,164.0,0.0,0.0,-1.0,0
30000.0,36.0,13.49,1017.92,11.0,2.0,0.0,150000.0,1.0,0.0,26.14,17.0,0.0,40523.0,66.8,32.0,1.0,0.0,0.0,0.0,667.0,5.0,0.2,0.53125,341.0,0.0,0.0,-1.0,0
8000.0,36.0,11.47,263.7,9.0,1.0,1.0,40000.0,1.0,0.0,5.13,10.0,0.0,5070.0,31.9,18.0,0.0,0.0,0.0,0.0,677.0,5.0,0.2,0.5555555555555556,63.0,0.0,0.0,-1.0,1
25000.0,60.0,14.49,588.08,13.0,10.0,0.0,67000.0,0.0,0.0,2.94,5.0,0.0,7211.0,45.4,13.0,0.0,1.0,1.0,0.0,682.0,5.0,0.373134328358209,0.3846153846153846,153.0,0.0,0.0,-1.0,1
8050.0,36.0,7.99,252.23,3.0,2.0,0.0,95000.0,2.0,8.0,16.68,9.0,1.0,3712.0,46.4,19.0,0.0,0.0,2.0,1.0,732.0,5.0,0.0847368421052631,0.4736842105263157,187.0,0.0053475935828877,0.0053475935828877,1.0,0
9600.0,36.0,10.99,314.25,8.0,2.0,1.0,140000.0,0.0,4.0,12.09,12.0,0.0,27373.0,43.1,21.0,0.0,0.0,0.0,0.0,702.0,6.0,0.0685714285714285,0.5714285714285714,71.0,0.0,0.0,-1.0,0
28000.0,36.0,13.99,956.84,12.0,5.0,0.0,62000.0,2.0,0.0,15.49,9.0,1.0,2793.0,19.8,29.0,0.0,0.0,1.0,1.0,667.0,6.0,0.4516129032258064,0.3103448275862069,213.0,0.0046948356807511,0.0046948356807511,1.0,0
32700.0,36.0,19.99,1215.09,18.0,1.0,1.0,176000.0,2.0,0.0,20.3,10.0,0.0,39584.0,89.6,18.0,0.0,0.0,0.0,0.0,667.0,6.0,0.1857954545454545,0.5555555555555556,122.0,0.0,0.0,-1.0,0
25850.0,60.0,29.96,835.71,33.0,3.0,0.0,76000.0,2.0,0.0,20.02,10.0,1.0,18129.0,68.9,14.0,0.0,0.0,1.0,0.0,687.0,6.0,0.3401315789473684,0.7142857142857143,199.0,0.0050251256281407,0.0,0.0,0
6700.0,36.0,23.99,262.83,21.0,3.0,1.0,68000.0,1.0,0.0,17.56,18.0,0.0,5734.0,21.0,21.0,1.0,0.0,2.0,0.0,677.0,6.0,0.0985294117647058,0.8571428571428571,209.0,0.0,0.0,-1.0,1
7000.0,36.0,15.59,244.69,14.0,4.0,1.0,65000.0,1.0,5.0,28.16,20.0,2.0,12262.0,56.5,41.0,0.0,0.0,0.0,2.0,662.0,6.0,0.1076923076923077,0.4878048780487805,184.0,0.0108695652173913,0.0108695652173913,1.0,1
25000.0,60.0,16.99,621.18,15.0,5.0,0.0,62000.0,1.0,0.0,14.79,9.0,0.0,620.0,6.7,22.0,1.0,0.0,1.0,0.0,772.0,6.0,0.4032258064516129,0.4090909090909091,174.0,0.0,0.0,-1.0,1
10500.0,36.0,12.79,352.73,10.0,10.0,1.0,45000.0,1.0,0.0,24.8,12.0,0.0,17520.0,55.3,16.0,1.0,0.0,0.0,0.0,692.0,6.0,0.2333333333333333,0.75,92.0,0.0,0.0,-1.0,1
4650.0,36.0,23.99,182.41,21.0,3.0,0.0,56242.0,1.0,0.0,21.98,12.0,1.0,5494.0,78.0,24.0,1.0,0.0,2.0,1.0,682.0,6.0,0.0826784253760534,0.5,324.0,0.0030864197530864,0.0030864197530864,1.0,1
12000.0,36.0,13.49,407.17,11.0,2.0,1.0,38000.0,1.0,10.0,17.71,6.0,1.0,3764.0,15.7,10.0,1.0,0.0,0.0,1.0,707.0,6.0,0.3157894736842105,0.6,63.0,0.0158730158730158,0.0158730158730158,1.0,1
5600.0,36.0,13.99,191.37,12.0,6.0,1.0,123000.0,2.0,10.0,10.43,7.0,0.0,7488.0,82.3,22.0,0.0,0.0,6.0,0.0,672.0,6.0,0.0455284552845528,0.3181818181818182,183.0,0.0,0.0,-1.0,0
19800.0,36.0,23.99,776.71,21.0,5.0,0.0,45000.0,0.0,2.0,32.83,15.0,0.0,33435.0,55.3,17.0,1.0,0.0,1.0,0.0,682.0,6.0,0.44,0.8823529411764706,140.0,0.0,0.0,-1.0,0
20000.0,60.0,14.49,470.47,13.0,10.0,0.0,100000.0,0.0,0.0,22.5,22.0,0.0,13596.0,47.6,61.0,0.0,0.0,3.0,0.0,687.0,6.0,0.2,0.360655737704918,221.0,0.0,0.0,-1.0,0
12000.0,36.0,6.99,370.48,1.0,10.0,0.0,160000.0,1.0,3.0,12.39,16.0,0.0,22575.0,39.7,22.0,0.0,0.0,2.0,0.0,722.0,6.0,0.075,0.7272727272727273,389.0,0.0,0.0,-1.0,1
24000.0,60.0,21.49,655.92,19.0,9.0,1.0,69000.0,2.0,0.0,24.05,12.0,0.0,12793.0,53.5,23.0,0.0,0.0,0.0,0.0,702.0,6.0,0.3478260869565217,0.5217391304347826,166.0,0.0,0.0,-1.0,0
12000.0,60.0,23.99,345.15,21.0,5.0,0.0,70000.0,1.0,2.0,18.64,8.0,1.0,16343.0,85.6,22.0,1.0,0.0,3.0,1.0,662.0,6.0,0.1714285714285714,0.3636363636363636,328.0,0.0030487804878048,0.0030487804878048,1.0,1
5000.0,36.0,17.99,180.74,16.0,1.0,1.0,44000.0,2.0,5.0,29.92,14.0,0.0,11705.0,84.8,19.0,0.0,0.0,0.0,0.0,687.0,6.0,0.1136363636363636,0.7368421052631579,123.0,0.0,0.0,-1.0,0
14000.0,60.0,13.99,325.69,12.0,8.0,0.0,45000.0,1.0,0.0,15.39,17.0,0.0,4824.0,19.5,18.0,0.0,0.0,1.0,0.0,687.0,6.0,0.3111111111111111,0.9444444444444444,156.0,0.0,0.0,-1.0,0
31200.0,36.0,24.49,1232.11,22.0,3.0,2.0,65000.0,2.0,0.0,25.96,15.0,1.0,8020.0,50.4,31.0,1.0,0.0,6.0,0.0,692.0,6.0,0.48,0.4838709677419355,216.0,0.0046296296296296,0.0,0.0,0
15000.0,36.0,13.99,512.6,12.0,10.0,1.0,42000.0,1.0,0.0,19.97,20.0,0.0,5239.0,24.1,34.0,1.0,0.0,0.0,0.0,697.0,6.0,0.3571428571428571,0.5882352941176471,269.0,0.0,0.0,-1.0,0
22500.0,36.0,14.49,774.37,13.0,10.0,2.0,85000.0,2.0,0.0,13.92,7.0,0.0,6820.0,41.8,14.0,0.0,0.0,4.0,0.0,682.0,6.0,0.2647058823529412,0.5,153.0,0.0,0.0,-1.0,0
14000.0,36.0,15.59,489.37,14.0,10.0,0.0,80000.0,2.0,0.0,10.82,7.0,1.0,10149.0,75.2,22.0,0.0,0.0,4.0,1.0,667.0,6.0,0.175,0.3181818181818182,296.0,0.0033783783783783,0.0033783783783783,1.0,0
10800.0,36.0,5.32,325.24,0.0,10.0,0.0,76200.0,0.0,0.0,25.87,17.0,0.0,2644.0,9.1,29.0,1.0,0.0,2.0,0.0,827.0,6.0,0.1417322834645669,0.5862068965517241,214.0,0.0,0.0,-1.0,0
12000.0,60.0,13.49,276.06,11.0,4.0,0.0,51000.0,2.0,0.0,15.36,40.0,0.0,15419.0,50.1,68.0,0.0,0.0,2.0,0.0,672.0,6.0,0.2352941176470588,0.5882352941176471,161.0,0.0,0.0,-1.0,0
13800.0,36.0,15.59,482.38,14.0,8.0,0.0,30000.0,1.0,0.0,27.64,13.0,1.0,8539.0,20.4,19.0,0.0,0.0,0.0,1.0,702.0,6.0,0.46,0.6842105263157895,242.0,0.0041322314049586,0.0041322314049586,1.0,0
2000.0,36.0,10.99,65.47,8.0,2.0,0.0,41000.0,0.0,5.0,10.38,11.0,0.0,3287.0,11.1,24.0,1.0,0.0,1.0,0.0,737.0,6.0,0.048780487804878,0.4583333333333333,130.0,0.0,0.0,-1.0,0
16000.0,36.0,7.99,501.31,3.0,2.0,1.0,65000.0,0.0,4.0,22.62,7.0,0.0,14498.0,52.7,17.0,1.0,0.0,0.0,0.0,727.0,6.0,0.2461538461538461,0.4117647058823529,118.0,0.0,0.0,-1.0,0
24000.0,60.0,10.99,521.7,8.0,10.0,0.0,110000.0,0.0,0.0,7.65,5.0,0.0,14991.0,96.7,15.0,1.0,0.0,3.0,0.0,717.0,6.0,0.2181818181818181,0.3333333333333333,150.0,0.0,0.0,-1.0,0
26075.0,36.0,21.49,988.95,19.0,10.0,1.0,70000.0,0.0,0.0,18.34,9.0,1.0,12418.0,61.2,25.0,0.0,0.0,1.0,1.0,672.0,6.0,0.3725,0.36,185.0,0.0054054054054054,0.0054054054054054,1.0,0
10000.0,36.0,8.59,316.1,4.0,2.0,0.0,50000.0,0.0,4.0,13.32,9.0,0.0,10709.0,67.4,11.0,0.0,0.0,0.0,0.0,667.0,6.0,0.2,0.8181818181818182,101.0,0.0,0.0,-1.0,0
2950.0,36.0,22.39,113.26,20.0,5.0,1.0,17000.0,0.0,0.0,19.56,7.0,0.0,11858.0,69.0,11.0,1.0,0.0,0.0,0.0,662.0,6.0,0.1735294117647058,0.6363636363636364,63.0,0.0,0.0,-1.0,1
14550.0,36.0,13.49,493.69,11.0,10.0,2.0,102544.0,0.0,0.0,9.81,8.0,0.0,7513.0,56.5,18.0,1.0,0.0,0.0,0.0,737.0,6.0,0.1418903105008581,0.4444444444444444,193.0,0.0,0.0,-1.0,0
8000.0,36.0,7.59,249.19,2.0,5.0,1.0,68530.0,2.0,4.0,5.3,3.0,0.0,9966.0,60.4,5.0,1.0,0.0,0.0,0.0,692.0,6.0,0.1167371953888807,0.6,37.0,0.0,0.0,-1.0,0
20000.0,36.0,10.49,649.96,7.0,8.0,0.0,91000.0,0.0,4.0,8.82,8.0,1.0,27214.0,68.5,16.0,0.0,0.0,1.0,0.0,667.0,6.0,0.2197802197802197,0.5,118.0,0.0084745762711864,0.0,0.0,0
34000.0,36.0,11.49,1121.03,9.0,4.0,1.0,400000.0,1.0,0.0,7.92,9.0,0.0,33954.0,94.6,19.0,0.0,0.0,1.0,0.0,667.0,6.0,0.085,0.4736842105263157,180.0,0.0,0.0,-1.0,1
5000.0,36.0,12.79,167.97,10.0,5.0,1.0,75000.0,1.0,5.0,8.99,10.0,0.0,2856.0,66.4,19.0,0.0,0.0,0.0,0.0,667.0,6.0,0.0666666666666666,0.5263157894736842,124.0,0.0,0.0,-1.0,1
9000.0,36.0,6.99,277.86,1.0,1.0,0.0,105000.0,1.0,3.0,17.68,24.0,0.0,14245.0,14.8,43.0,1.0,0.0,1.0,0.0,707.0,6.0,0.0857142857142857,0.5581395348837209,153.0,0.0,0.0,-1.0,0
12000.0,36.0,7.99,375.99,3.0,2.0,1.0,57000.0,2.0,0.0,9.37,20.0,0.0,12019.0,43.4,44.0,0.0,0.0,0.0,0.0,697.0,6.0,0.2105263157894736,0.4545454545454545,131.0,0.0,0.0,-1.0,0
14500.0,60.0,9.49,304.46,6.0,10.0,0.0,68000.0,1.0,0.0,10.4,25.0,1.0,9606.0,24.1,46.0,0.0,0.0,0.0,1.0,687.0,6.0,0.213235294117647,0.5434782608695652,189.0,0.0052910052910052,0.0052910052910052,1.0,0
8000.0,36.0,14.49,275.33,13.0,10.0,1.0,100000.0,1.0,0.0,14.23,10.0,1.0,8284.0,65.2,19.0,1.0,0.0,0.0,0.0,662.0,6.0,0.08,0.5263157894736842,344.0,0.002906976744186,0.0,0.0,0
12475.0,36.0,10.49,405.41,7.0,3.0,1.0,75000.0,1.0,0.0,18.34,5.0,0.0,21806.0,57.4,11.0,0.0,0.0,3.0,0.0,767.0,6.0,0.1663333333333333,0.4545454545454545,260.0,0.0,0.0,-1.0,0
6000.0,36.0,9.49,192.17,6.0,2.0,1.0,75000.0,1.0,0.0,11.55,5.0,0.0,4791.0,41.7,11.0,0.0,0.0,1.0,0.0,667.0,6.0,0.08,0.4545454545454545,211.0,0.0,0.0,-1.0,0
18000.0,60.0,9.49,377.95,6.0,6.0,0.0,62000.0,0.0,0.0,27.47,15.0,0.0,15223.0,33.0,24.0,1.0,0.0,3.0,0.0,722.0,6.0,0.2903225806451613,0.625,236.0,0.0,0.0,-1.0,0
7000.0,36.0,5.32,210.81,0.0,6.0,1.0,40000.0,0.0,2.0,27.27,8.0,0.0,22557.0,1.4,30.0,0.0,0.0,0.0,0.0,807.0,6.0,0.175,0.2666666666666666,191.0,0.0,0.0,-1.0,0
10000.0,60.0,22.39,278.42,20.0,9.0,0.0,99996.0,1.0,8.0,20.11,8.0,1.0,13417.0,82.3,30.0,1.0,0.0,3.0,1.0,662.0,6.0,0.1000040001600064,0.2666666666666666,137.0,0.0072992700729927,0.0072992700729927,1.0,1
4000.0,36.0,12.79,134.38,10.0,0.0,0.0,55000.0,1.0,0.0,16.6,16.0,2.0,11309.0,58.6,26.0,0.0,0.0,1.0,2.0,662.0,6.0,0.0727272727272727,0.6153846153846154,328.0,0.0060975609756097,0.0060975609756097,1.0,1
28000.0,36.0,14.49,963.66,13.0,5.0,1.0,90000.0,1.0,1.0,34.45,10.0,0.0,30038.0,59.4,19.0,0.0,0.0,0.0,0.0,712.0,6.0,0.3111111111111111,0.5263157894736842,87.0,0.0,0.0,-1.0,1
7000.0,36.0,7.99,219.33,3.0,5.0,0.0,98000.0,0.0,5.0,9.34,8.0,0.0,1063.0,6.8,10.0,0.0,0.0,1.0,0.0,772.0,6.0,0.0714285714285714,0.8,67.0,0.0,0.0,-1.0,0
19600.0,60.0,12.79,443.86,10.0,8.0,0.0,75000.0,0.0,3.0,24.48,11.0,0.0,8341.0,41.7,37.0,1.0,0.0,5.0,0.0,707.0,6.0,0.2613333333333333,0.2972972972972973,224.0,0.0,0.0,-1.0,0
20000.0,36.0,15.59,699.1,14.0,10.0,1.0,54000.0,0.0,0.0,30.78,18.0,0.0,28504.0,53.9,30.0,0.0,0.0,1.0,0.0,682.0,6.0,0.3703703703703703,0.6,134.0,0.0,0.0,-1.0,0
19375.0,60.0,25.69,576.55,25.0,9.0,0.0,51400.0,2.0,0.0,18.98,11.0,0.0,12654.0,45.7,23.0,0.0,0.0,3.0,0.0,692.0,6.0,0.3769455252918288,0.4782608695652174,231.0,0.0,0.0,-1.0,1
14000.0,36.0,13.49,475.03,11.0,9.0,1.0,74000.0,2.0,5.0,5.37,12.0,1.0,12547.0,26.2,25.0,0.0,0.0,0.0,0.0,727.0,6.0,0.1891891891891892,0.48,139.0,0.0071942446043165,0.0,0.0,0
10000.0,36.0,7.99,313.32,3.0,2.0,0.0,90000.0,0.0,4.0,9.36,12.0,0.0,14767.0,24.7,13.0,0.0,0.0,2.0,0.0,727.0,6.0,0.1111111111111111,0.9230769230769232,179.0,0.0,0.0,-1.0,0
6000.0,36.0,13.49,203.59,11.0,5.0,0.0,46800.0,2.0,0.0,34.92,7.0,0.0,8202.0,94.3,15.0,0.0,0.0,3.0,0.0,672.0,6.0,0.1282051282051282,0.4666666666666667,169.0,0.0,0.0,-1.0,0
20000.0,36.0,12.79,671.86,10.0,10.0,0.0,52000.0,2.0,0.0,31.07,15.0,0.0,47864.0,67.3,39.0,1.0,0.0,4.0,0.0,677.0,6.0,0.3846153846153846,0.3846153846153846,164.0,0.0,0.0,-1.0,0
10000.0,36.0,13.49,339.31,11.0,6.0,0.0,100000.0,1.0,4.0,7.15,8.0,0.0,6244.0,74.3,9.0,0.0,0.0,2.0,0.0,662.0,6.0,0.1,0.8888888888888888,113.0,0.0,0.0,-1.0,0
30000.0,36.0,13.49,1017.92,11.0,1.0,0.0,75000.0,2.0,2.0,26.22,11.0,1.0,17891.0,43.2,35.0,0.0,0.0,2.0,1.0,682.0,6.0,0.4,0.3142857142857143,273.0,0.0036630036630036,0.0036630036630036,1.0,1
7500.0,36.0,15.59,262.17,14.0,3.0,2.0,60000.0,1.0,0.0,13.08,6.0,0.0,5937.0,77.1,13.0,0.0,0.0,3.0,0.0,662.0,6.0,0.125,0.4615384615384615,128.0,0.0,0.0,-1.0,0
5100.0,36.0,16.99,181.81,15.0,4.0,1.0,15000.0,2.0,0.0,24.72,3.0,0.0,1443.0,57.7,4.0,0.0,0.0,0.0,0.0,717.0,6.0,0.34,0.75,52.0,0.0,0.0,-1.0,0
10000.0,60.0,15.59,241.01,14.0,4.0,2.0,30000.0,2.0,4.0,15.76,8.0,0.0,7204.0,31.6,8.0,0.0,0.0,1.0,0.0,677.0,6.0,0.3333333333333333,1.0,84.0,0.0,0.0,-1.0,0
25000.0,36.0,8.99,794.88,5.0,0.0,1.0,95300.0,1.0,0.0,4.02,8.0,0.0,7364.0,38.0,21.0,0.0,0.0,2.0,0.0,692.0,6.0,0.2623294858342078,0.3809523809523809,150.0,0.0,0.0,-1.0,0
12000.0,36.0,10.99,392.81,8.0,1.0,1.0,67000.0,1.0,0.0,19.46,22.0,0.0,15488.0,60.7,43.0,1.0,0.0,0.0,0.0,687.0,6.0,0.1791044776119403,0.5116279069767442,153.0,0.0,0.0,-1.0,0
17850.0,60.0,25.29,526.97,24.0,3.0,0.0,42500.0,2.0,0.0,25.33,14.0,1.0,16230.0,70.0,30.0,0.0,0.0,6.0,1.0,677.0,6.0,0.42,0.4666666666666667,139.0,0.0071942446043165,0.0071942446043165,1.0,1
14000.0,60.0,12.79,317.05,10.0,7.0,0.0,70000.0,0.0,0.0,16.32,10.0,0.0,8584.0,22.5,16.0,0.0,0.0,2.0,0.0,737.0,6.0,0.2,0.625,145.0,0.0,0.0,-1.0,0
16000.0,60.0,14.49,376.37,13.0,0.0,0.0,60000.0,1.0,2.0,19.22,12.0,0.0,5384.0,28.9,31.0,0.0,0.0,2.0,0.0,702.0,6.0,0.2666666666666666,0.3870967741935484,125.0,0.0,0.0,-1.0,0
7200.0,36.0,12.79,241.87,10.0,8.0,2.0,82000.0,1.0,5.0,5.25,5.0,0.0,2191.0,32.2,7.0,0.0,0.0,0.0,0.0,717.0,6.0,0.0878048780487804,0.7142857142857143,43.0,0.0,0.0,-1.0,0
24000.0,60.0,23.99,690.3,21.0,10.0,0.0,128000.0,2.0,0.0,15.71,10.0,0.0,10165.0,92.4,22.0,0.0,0.0,3.0,0.0,697.0,6.0,0.1875,0.4545454545454545,119.0,0.0,0.0,-1.0,0
11242.2529296875,36.0,22.39,431.6191076660156,20.0,3.0,1.0,232416.34375,1.0,0.0,82.89271270751954,16.0,1.0,406863.9375,42.569941711425784,29.0,0.0,0.0,5.0,0.0,672.0,6.0,0.04837120056152344,0.5517241358757019,132.0,0.0075757575757575,0.0,0.0,0
24000.0,36.0,12.79,806.23,10.0,2.0,0.0,175000.0,0.0,0.0,17.9,17.0,0.0,26643.0,72.2,38.0,0.0,0.0,5.0,0.0,672.0,6.0,0.1371428571428571,0.4473684210526316,127.0,0.0,0.0,-1.0,0
24000.0,36.0,10.99,785.62,8.0,9.0,0.0,80000.0,1.0,0.0,17.15,9.0,0.0,29550.0,93.2,15.0,0.0,0.0,3.0,0.0,692.0,6.0,0.3,0.6,159.0,0.0,0.0,-1.0,1
14400.0,36.0,13.49,488.6,11.0,10.0,0.0,113650.0,0.0,0.0,4.45,10.0,0.0,8876.0,26.3,59.0,0.0,0.0,0.0,0.0,717.0,6.0,0.126704795424549,0.1694915254237288,367.0,0.0,0.0,-1.0,0
5150.37353515625,36.0,8.99,163.75227783203124,5.0,10.0,2.0,2051256.0,0.0,5.0,94.00709594726563,11.0,0.0,659615.125,1.398888397216794,14.0,0.0,0.0,9.0,0.0,762.0,6.0,0.0025108406223297852,0.785714242193434,191.0,0.0,0.0,-1.0,0
8627.36328125,36.0,9.49,276.31917236328127,6.0,2.0,1.0,97503.3984375,1.0,0.0,94.57992309570312,2.0,0.0,194370.921875,65.04085998535156,6.0,1.0,0.0,3.0,0.0,702.0,6.0,0.08848269999027253,0.33333332339922583,107.0,0.0,0.0,-1.0,0
23373.3828125,60.0,13.49,537.6972705078125,11.0,1.0,1.0,1052784.0,0.0,0.0,301.9553491210938,9.0,0.0,161221.609375,119.41231079101563,33.0,0.0,0.0,2.0,0.0,672.0,6.0,0.022201485633850104,0.2727272795779364,152.0,0.0,0.0,-1.0,1
2000.0,36.0,10.99,65.47,8.0,4.0,2.0,18263.0,0.0,0.0,18.08,4.0,0.0,8279.0,83.0,19.0,1.0,0.0,0.0,0.0,697.0,6.0,0.1095110332365985,0.2105263157894736,269.0,0.0,0.0,-1.0,0
10000.0,36.0,11.49,329.72,9.0,0.0,1.0,29000.0,1.0,4.0,10.94,6.0,0.0,9276.0,59.8,7.0,0.0,0.0,0.0,0.0,682.0,6.0,0.3448275862068966,0.8571428571428571,51.0,0.0,0.0,-1.0,1
32050.0,36.0,22.39,1230.48,20.0,10.0,1.0,64128.0,1.0,9.0,7.28,15.0,0.0,15483.0,38.6,20.0,1.0,0.0,3.0,0.0,717.0,6.0,0.4997816866267465,0.75,222.0,0.0,0.0,-1.0,1
15000.0,60.0,15.59,361.52,14.0,10.0,0.0,88816.0,1.0,4.0,16.02,12.0,0.0,9142.0,45.7,22.0,0.0,0.0,2.0,0.0,662.0,6.0,0.1688884885606197,0.5454545454545454,363.0,0.0,0.0,-1.0,0
24000.0,60.0,17.99,609.32,16.0,10.0,2.0,80000.0,2.0,2.0,8.57,6.0,1.0,1164.0,18.2,41.0,0.0,0.0,7.0,1.0,677.0,6.0,0.3,0.1463414634146341,155.0,0.0064516129032258,0.0064516129032258,1.0,0
22000.0,36.0,12.79,739.05,10.0,0.0,0.0,100000.0,0.0,4.0,23.48,9.0,0.0,20091.0,84.8,19.0,0.0,0.0,1.0,0.0,667.0,6.0,0.22,0.4736842105263157,180.0,0.0,0.0,-1.0,0
20000.0,60.0,10.99,434.75,8.0,2.0,0.0,80000.0,1.0,10.0,10.76,5.0,1.0,2831.0,70.8,14.0,1.0,0.0,1.0,1.0,687.0,6.0,0.25,0.3571428571428571,124.0,0.0080645161290322,0.0080645161290322,1.0,1
30000.0,36.0,14.49,1032.49,13.0,10.0,0.0,175000.0,0.0,1.0,27.92,11.0,0.0,25905.0,81.5,23.0,1.0,0.0,2.0,0.0,667.0,6.0,0.1714285714285714,0.4782608695652174,211.0,0.0,0.0,-1.0,0
26000.0,60.0,15.59,626.62,14.0,10.0,0.0,68000.0,1.0,0.0,18.43,8.0,0.0,15248.0,53.7,32.0,0.0,0.0,3.0,0.0,707.0,6.0,0.3823529411764705,0.25,221.0,0.0,0.0,-1.0,0
8500.0,36.0,18.99,311.54,17.0,10.0,0.0,39000.0,1.0,4.0,22.49,19.0,0.0,11910.0,29.2,22.0,0.0,0.0,0.0,0.0,702.0,6.0,0.2179487179487179,0.8636363636363636,76.0,0.0,0.0,-1.0,0
25000.0,36.0,10.49,812.45,7.0,0.0,1.0,120000.0,2.0,0.0,24.56,20.0,0.0,20533.0,36.4,36.0,0.0,0.0,0.0,0.0,757.0,6.0,0.2083333333333333,0.5555555555555556,276.0,0.0,0.0,-1.0,0
17450.0,36.0,22.39,669.95,20.0,2.0,0.0,92300.0,1.0,2.0,23.95,11.0,0.0,24729.0,59.2,17.0,0.0,0.0,2.0,0.0,702.0,6.0,0.1890574214517876,0.6470588235294118,302.0,0.0,0.0,-1.0,0
22500.0,60.0,25.29,664.24,24.0,7.0,0.0,45000.0,1.0,0.0,10.88,10.0,0.0,8583.0,42.5,16.0,0.0,0.0,2.0,0.0,672.0,6.0,0.5,0.625,190.0,0.0,0.0,-1.0,1
20000.0,60.0,8.59,411.2,4.0,10.0,0.0,308751.0,1.0,0.0,9.5,24.0,0.0,38054.0,41.2,49.0,0.0,0.0,8.0,0.0,702.0,6.0,0.0647771181307914,0.4897959183673469,286.0,0.0,0.0,-1.0,0
35000.0,60.0,27.49,1079.02,28.0,3.0,0.0,110000.0,2.0,1.0,28.91,13.0,0.0,3007.0,10.2,48.0,0.0,0.0,0.0,0.0,677.0,6.0,0.3181818181818182,0.2708333333333333,114.0,0.0,0.0,-1.0,1
31575.0,36.0,17.99,1141.36,16.0,5.0,1.0,92000.0,2.0,0.0,14.77,7.0,0.0,13710.0,62.6,24.0,0.0,0.0,0.0,0.0,672.0,6.0,0.3432065217391304,0.2916666666666667,130.0,0.0,0.0,-1.0,0
4200.0,36.0,27.49,172.58,28.0,1.0,1.0,14000.0,2.0,5.0,28.99,3.0,0.0,0.0,0.0,6.0,0.0,0.0,0.0,0.0,697.0,6.0,0.3,0.5,50.0,0.0,0.0,-1.0,1
8000.0,36.0,13.49,271.45,11.0,5.0,1.0,25000.0,2.0,0.0,17.52,12.0,0.0,11616.0,52.6,13.0,0.0,0.0,0.0,0.0,672.0,7.0,0.32,0.9230769230769232,87.0,0.0,0.0,-1.0,0
10000.0,36.0,11.49,329.72,9.0,2.0,1.0,36000.0,1.0,0.0,12.87,6.0,0.0,8284.0,69.0,17.0,0.0,0.0,0.0,0.0,687.0,7.0,0.2777777777777778,0.3529411764705882,70.0,0.0,0.0,-1.0,0
11875.0,60.0,22.39,330.62,20.0,8.0,0.0,41000.0,1.0,3.0,13.47,5.0,1.0,1445.0,10.8,15.0,0.0,0.0,2.0,1.0,727.0,7.0,0.2896341463414634,0.3333333333333333,166.0,0.0060240963855421,0.0060240963855421,1.0,0
30000.0,36.0,19.99,1114.76,18.0,2.0,0.0,94000.0,2.0,0.0,20.58,9.0,0.0,18972.0,82.8,25.0,0.0,0.0,3.0,0.0,667.0,7.0,0.3191489361702128,0.36,207.0,0.0,0.0,-1.0,0
12000.0,60.0,19.99,317.86,18.0,2.0,1.0,70000.0,1.0,0.0,10.82,6.0,0.0,4070.0,59.9,10.0,0.0,0.0,0.0,0.0,677.0,7.0,0.1714285714285714,0.6,84.0,0.0,0.0,-1.0,0
6800.0,36.0,9.49,217.8,6.0,5.0,0.0,63000.0,0.0,5.0,11.07,17.0,0.0,2985.0,4.9,30.0,0.0,0.0,3.0,0.0,777.0,7.0,0.1079365079365079,0.5666666666666667,167.0,0.0,0.0,-1.0,0
10000.0,36.0,11.49,329.72,9.0,1.0,1.0,35000.0,2.0,0.0,25.17,20.0,0.0,6143.0,48.4,24.0,1.0,0.0,0.0,0.0,687.0,7.0,0.2857142857142857,0.8333333333333334,100.0,0.0,0.0,-1.0,0
10075.0,36.0,13.99,344.3,12.0,5.0,1.0,24000.0,2.0,0.0,29.75,11.0,0.0,6498.0,32.8,27.0,1.0,0.0,0.0,0.0,697.0,7.0,0.4197916666666667,0.4074074074074074,182.0,0.0,0.0,-1.0,0
15000.0,36.0,11.49,494.57,9.0,10.0,1.0,71000.0,2.0,4.0,21.55,21.0,1.0,17279.0,50.4,50.0,1.0,0.0,0.0,1.0,672.0,7.0,0.2112676056338028,0.42,180.0,0.0055555555555555,0.0055555555555555,1.0,1
5000.0,36.0,10.49,162.49,7.0,5.0,1.0,37000.0,1.0,0.0,7.2,14.0,0.0,4491.0,17.4,23.0,0.0,0.0,0.0,0.0,717.0,7.0,0.1351351351351351,0.6086956521739131,70.0,0.0,0.0,-1.0,0
30000.0,36.0,11.49,989.14,9.0,10.0,1.0,110000.0,2.0,0.0,21.49,7.0,0.0,23424.0,54.2,17.0,0.0,0.0,0.0,0.0,777.0,7.0,0.2727272727272727,0.4117647058823529,277.0,0.0,0.0,-1.0,0
35000.0,36.0,11.49,1154.0,9.0,8.0,0.0,96000.0,2.0,0.0,21.93,13.0,0.0,18945.0,50.0,29.0,0.0,0.0,1.0,0.0,667.0,7.0,0.3645833333333333,0.4482758620689655,402.0,0.0,0.0,-1.0,0
6000.0,36.0,11.49,197.83,9.0,10.0,0.0,58000.0,1.0,4.0,27.81,20.0,0.0,15946.0,49.8,28.0,1.0,0.0,3.0,0.0,687.0,7.0,0.1034482758620689,0.7142857142857143,156.0,0.0,0.0,-1.0,0
6000.0,36.0,13.49,203.59,11.0,10.0,0.0,54400.0,1.0,0.0,18.0,3.0,0.0,4035.0,98.4,12.0,0.0,0.0,3.0,0.0,667.0,7.0,0.1102941176470588,0.25,259.0,0.0,0.0,-1.0,0
13400.0,36.0,11.49,441.82,9.0,10.0,0.0,48600.0,0.0,0.0,19.58,8.0,0.0,28939.0,56.2,25.0,0.0,0.0,3.0,0.0,707.0,7.0,0.2757201646090535,0.32,168.0,0.0,0.0,-1.0,0
18000.0,60.0,24.49,522.96,22.0,5.0,2.0,135000.0,2.0,1.0,21.97,10.0,1.0,2768.0,89.3,23.0,1.0,0.0,3.0,1.0,667.0,7.0,0.1333333333333333,0.4347826086956521,237.0,0.0042194092827004,0.0042194092827004,1.0,0
5000.0,36.0,9.49,160.15,6.0,5.0,0.0,113500.0,0.0,5.0,19.52,6.0,0.0,15367.0,99.1,26.0,0.0,0.0,3.0,0.0,707.0,7.0,0.0440528634361233,0.2307692307692307,259.0,0.0,0.0,-1.0,0
8800.0,36.0,21.49,333.76,19.0,4.0,1.0,80000.0,1.0,5.0,14.49,7.0,0.0,3274.0,28.2,16.0,0.0,0.0,0.0,0.0,667.0,7.0,0.11,0.4375,150.0,0.0,0.0,-1.0,0
22800.0,36.0,11.49,751.75,9.0,8.0,0.0,45614.0,0.0,4.0,30.2,14.0,0.0,19452.0,39.8,30.0,0.0,0.0,4.0,0.0,702.0,7.0,0.499846538343491,0.4666666666666667,154.0,0.0,0.0,-1.0,1
12000.0,36.0,10.99,392.81,8.0,1.0,1.0,60000.0,0.0,0.0,19.82,7.0,0.0,12328.0,91.0,13.0,0.0,0.0,0.0,0.0,672.0,7.0,0.2,0.5384615384615384,148.0,0.0,0.0,-1.0,0
9000.0,36.0,11.49,296.75,9.0,2.0,1.0,32000.0,0.0,0.0,20.56,17.0,0.0,5190.0,35.0,30.0,0.0,0.0,0.0,0.0,682.0,7.0,0.28125,0.5666666666666667,308.0,0.0,0.0,-1.0,1
20000.0,36.0,21.49,758.55,19.0,5.0,0.0,70000.0,1.0,1.0,19.8,17.0,1.0,8209.0,36.5,23.0,0.0,0.0,0.0,0.0,672.0,7.0,0.2857142857142857,0.7391304347826086,166.0,0.0060240963855421,0.0,0.0,0
11200.0,60.0,11.49,246.27,9.0,10.0,1.0,60000.0,2.0,0.0,16.38,12.0,1.0,5456.0,41.0,33.0,0.0,0.0,0.0,1.0,672.0,7.0,0.1866666666666666,0.3636363636363636,207.0,0.0048309178743961,0.0048309178743961,1.0,0
13000.0,60.0,18.99,337.16,17.0,10.0,2.0,110000.0,1.0,2.0,5.77,9.0,0.0,9564.0,41.2,12.0,0.0,0.0,0.0,0.0,717.0,7.0,0.1181818181818181,0.75,174.0,0.0,0.0,-1.0,0
10200.0,36.0,9.49,326.69,6.0,5.0,1.0,56000.0,1.0,0.0,16.61,7.0,0.0,6957.0,80.9,10.0,0.0,0.0,0.0,0.0,667.0,7.0,0.1821428571428571,0.7,106.0,0.0,0.0,-1.0,0
10000.0,36.0,7.99,313.32,3.0,0.0,0.0,64000.0,0.0,2.0,6.39,5.0,0.0,12108.0,68.8,12.0,1.0,0.0,1.0,0.0,692.0,7.0,0.15625,0.4166666666666667,290.0,0.0,0.0,-1.0,0
10000.0,36.0,10.49,324.98,7.0,9.0,0.0,45000.0,1.0,2.0,21.44,16.0,0.0,9787.0,23.1,29.0,0.0,0.0,0.0,0.0,692.0,7.0,0.2222222222222222,0.5517241379310345,245.0,0.0,0.0,-1.0,0
10800.0,36.0,10.99,353.53,8.0,10.0,0.0,69000.0,1.0,4.0,29.48,29.0,1.0,9779.0,50.1,43.0,0.0,0.0,1.0,1.0,662.0,7.0,0.1565217391304348,0.6744186046511628,277.0,0.003610108303249,0.003610108303249,1.0,0
18000.0,60.0,18.99,466.84,17.0,10.0,1.0,72000.0,2.0,0.0,16.18,8.0,0.0,11139.0,73.3,12.0,0.0,0.0,0.0,0.0,697.0,7.0,0.25,0.6666666666666666,198.0,0.0,0.0,-1.0,1
12000.0,36.0,10.99,392.81,8.0,10.0,0.0,50000.0,1.0,0.0,11.45,8.0,1.0,16151.0,50.3,18.0,0.0,0.0,8.0,1.0,667.0,7.0,0.24,0.4444444444444444,172.0,0.005813953488372,0.005813953488372,1.0,0
12000.0,36.0,9.49,384.34,6.0,2.0,0.0,115000.0,1.0,2.0,18.8,18.0,1.0,20137.0,55.2,32.0,0.0,0.0,2.0,1.0,667.0,7.0,0.1043478260869565,0.5625,253.0,0.0039525691699604,0.0039525691699604,1.0,0
15000.0,36.0,10.49,487.47,7.0,10.0,2.0,115000.0,0.0,4.0,20.84,13.0,0.0,42450.0,82.1,50.0,0.0,0.0,2.0,0.0,702.0,7.0,0.1304347826086956,0.26,249.0,0.0,0.0,-1.0,0
10000.0,36.0,25.29,399.14,24.0,9.0,1.0,60000.0,1.0,1.0,12.53,10.0,0.0,1263.0,6.3,23.0,0.0,0.0,0.0,0.0,692.0,7.0,0.1666666666666666,0.4347826086956521,74.0,0.0,0.0,-1.0,0
20000.0,36.0,9.49,640.57,6.0,2.0,0.0,110000.0,0.0,0.0,32.5,12.0,0.0,128772.0,42.4,38.0,1.0,0.0,4.0,0.0,732.0,7.0,0.1818181818181818,0.3157894736842105,195.0,0.0,0.0,-1.0,0
35000.0,36.0,10.99,1145.69,8.0,10.0,0.0,147391.0,1.0,4.0,14.58,18.0,0.0,48619.0,76.7,40.0,0.0,0.0,7.0,0.0,667.0,7.0,0.2374636171815104,0.45,227.0,0.0,0.0,-1.0,0
6400.0,36.0,7.59,199.35,2.0,3.0,2.0,75000.0,0.0,4.0,15.81,13.0,0.0,7983.0,12.2,37.0,0.0,0.0,5.0,0.0,727.0,7.0,0.0853333333333333,0.3513513513513513,190.0,0.0,0.0,-1.0,0
1700.0,36.0,12.79,57.11,10.0,4.0,1.0,47000.0,2.0,5.0,22.27,19.0,1.0,15941.0,60.4,37.0,1.0,0.0,0.0,1.0,662.0,7.0,0.0361702127659574,0.5135135135135135,126.0,0.0079365079365079,0.0079365079365079,1.0,0
28000.0,36.0,8.99,890.27,5.0,10.0,0.0,80000.0,1.0,0.0,24.66,14.0,0.0,89018.0,88.0,30.0,0.0,0.0,5.0,0.0,707.0,7.0,0.35,0.4666666666666667,279.0,0.0,0.0,-1.0,0
14500.0,36.0,10.49,471.22,7.0,5.0,1.0,65000.0,1.0,0.0,17.85,12.0,0.0,14083.0,62.0,26.0,1.0,0.0,0.0,0.0,667.0,7.0,0.2230769230769231,0.4615384615384615,133.0,0.0,0.0,-1.0,1
3600.0,36.0,7.99,112.8,3.0,10.0,0.0,80000.0,2.0,5.0,27.53,9.0,0.0,7367.0,73.7,17.0,0.0,0.0,2.0,0.0,692.0,7.0,0.045,0.5294117647058824,235.0,0.0,0.0,-1.0,0
23400.0,60.0,10.49,502.85,7.0,10.0,0.0,72600.0,1.0,0.0,27.34,13.0,0.0,19519.0,59.0,21.0,0.0,0.0,2.0,0.0,682.0,7.0,0.3223140495867768,0.6190476190476191,166.0,0.0,0.0,-1.0,0
21875.0,36.0,14.49,752.86,13.0,3.0,0.0,65000.0,2.0,0.0,17.71,10.0,0.0,23188.0,60.1,32.0,0.0,0.0,2.0,0.0,667.0,7.0,0.3365384615384615,0.3125,154.0,0.0,0.0,-1.0,0
6000.0,36.0,12.79,201.56,10.0,5.0,2.0,35000.0,1.0,0.0,25.55,11.0,0.0,7437.0,64.1,21.0,1.0,0.0,0.0,0.0,667.0,7.0,0.1714285714285714,0.5238095238095238,124.0,0.0,0.0,-1.0,0
31300.0,36.0,14.49,1077.23,13.0,9.0,2.0,120000.0,1.0,2.0,12.55,19.0,0.0,8303.0,11.9,36.0,1.0,0.0,2.0,0.0,742.0,7.0,0.2608333333333333,0.5277777777777778,116.0,0.0,0.0,-1.0,0
20000.0,36.0,6.99,617.46,1.0,2.0,0.0,85000.0,0.0,4.0,18.01,12.0,0.0,35461.0,46.8,36.0,0.0,0.0,3.0,0.0,712.0,7.0,0.2352941176470588,0.3333333333333333,188.0,0.0,0.0,-1.0,1
14400.0,60.0,9.49,302.36,6.0,2.0,0.0,52000.0,0.0,0.0,21.3,8.0,1.0,4645.0,40.7,21.0,0.0,0.0,2.0,1.0,727.0,7.0,0.2769230769230769,0.3809523809523809,234.0,0.0042735042735042,0.0042735042735042,1.0,1
6650.0,36.0,11.49,219.26,9.0,10.0,0.0,100000.0,0.0,0.0,24.19,12.0,0.0,19930.0,61.9,31.0,0.0,0.0,2.0,0.0,732.0,7.0,0.0665,0.3870967741935484,188.0,0.0,0.0,-1.0,0
14000.0,36.0,14.49,481.83,13.0,10.0,0.0,95000.0,0.0,0.0,20.73,16.0,0.0,27293.0,74.8,26.0,0.0,0.0,2.0,0.0,702.0,7.0,0.1473684210526315,0.6153846153846154,249.0,0.0,0.0,-1.0,0
30000.0,60.0,15.59,723.03,14.0,10.0,0.0,92000.0,1.0,0.0,7.94,9.0,1.0,22237.0,49.2,14.0,0.0,0.0,1.0,1.0,687.0,7.0,0.3260869565217391,0.6428571428571429,75.0,0.0133333333333333,0.0133333333333333,1.0,1
22000.0,36.0,13.99,751.81,12.0,0.0,1.0,85000.0,1.0,4.0,8.26,14.0,0.0,19833.0,76.0,24.0,1.0,0.0,1.0,0.0,667.0,7.0,0.2588235294117647,0.5833333333333334,287.0,0.0,0.0,-1.0,0
35000.0,36.0,16.99,1247.68,15.0,10.0,1.0,104000.0,2.0,0.0,4.98,6.0,1.0,404.0,5.6,24.0,1.0,0.0,3.0,1.0,672.0,7.0,0.3365384615384615,0.25,228.0,0.0043859649122807,0.0043859649122807,1.0,0
12000.0,36.0,8.99,381.55,5.0,10.0,1.0,52000.0,1.0,0.0,13.32,13.0,1.0,16087.0,53.6,32.0,0.0,0.0,4.0,1.0,667.0,7.0,0.2307692307692307,0.40625,291.0,0.0034364261168384,0.0034364261168384,1.0,0
18000.0,60.0,10.49,386.81,7.0,1.0,0.0,80000.0,1.0,0.0,15.27,13.0,0.0,10912.0,60.6,27.0,0.0,0.0,2.0,0.0,727.0,7.0,0.225,0.4814814814814814,157.0,0.0,0.0,-1.0,0
10000.0,36.0,10.99,327.34,8.0,10.0,0.0,40000.0,0.0,0.0,19.65,8.0,2.0,6861.0,70.0,19.0,0.0,0.0,3.0,2.0,662.0,7.0,0.25,0.4210526315789473,304.0,0.006578947368421,0.006578947368421,1.0,1
10000.0,36.0,16.99,356.48,15.0,10.0,0.0,42000.0,2.0,0.0,21.31,14.0,0.0,7209.0,39.4,24.0,0.0,0.0,4.0,0.0,687.0,7.0,0.238095238095238,0.5833333333333334,137.0,0.0,0.0,-1.0,0
18000.0,36.0,11.49,593.49,9.0,0.0,0.0,62000.0,1.0,4.0,34.4,14.0,0.0,15366.0,91.5,28.0,0.0,0.0,5.0,0.0,672.0,7.0,0.2903225806451613,0.5,315.0,0.0,0.0,-1.0,1
29000.0,60.0,8.99,601.86,5.0,2.0,2.0,130000.0,0.0,0.0,15.53,16.0,0.0,17677.0,32.6,40.0,0.0,0.0,8.0,0.0,762.0,7.0,0.2230769230769231,0.4,188.0,0.0,0.0,-1.0,0
3200.0,36.0,11.49,105.51,9.0,1.0,1.0,63000.0,1.0,3.0,13.73,7.0,0.0,6215.0,66.9,8.0,0.0,0.0,0.0,0.0,702.0,7.0,0.0507936507936507,0.875,70.0,0.0,0.0,-1.0,0
10000.0,36.0,5.32,301.15,0.0,6.0,0.0,109000.0,1.0,0.0,8.77,6.0,0.0,7775.0,63.7,36.0,0.0,0.0,5.0,0.0,702.0,7.0,0.091743119266055,0.1666666666666666,171.0,0.0,0.0,-1.0,0
12875.0,36.0,8.59,406.97,4.0,1.0,0.0,60000.0,1.0,2.0,16.6,8.0,0.0,10824.0,36.4,22.0,0.0,0.0,3.0,0.0,737.0,7.0,0.2145833333333333,0.3636363636363636,211.0,0.0,0.0,-1.0,0
12500.0,60.0,19.99,331.11,18.0,0.0,1.0,52000.0,1.0,5.0,20.63,11.0,1.0,15707.0,45.0,18.0,0.0,0.0,0.0,1.0,692.0,7.0,0.2403846153846154,0.6111111111111112,376.0,0.0026595744680851,0.0026595744680851,1.0,0
15000.0,36.0,15.59,524.33,14.0,3.0,2.0,40000.0,2.0,0.0,19.26,24.0,0.0,14581.0,44.6,33.0,0.0,0.0,0.0,0.0,667.0,7.0,0.375,0.7272727272727273,115.0,0.0,0.0,-1.0,0
3000.0,36.0,12.79,100.78,10.0,10.0,0.0,95000.0,1.0,0.0,12.65,8.0,1.0,1618.0,15.8,19.0,0.0,0.0,3.0,0.0,672.0,7.0,0.031578947368421,0.4210526315789473,130.0,0.0076923076923076,0.0,0.0,0
13000.0,36.0,9.49,416.37,6.0,10.0,2.0,90000.0,0.0,4.0,6.87,11.0,1.0,9177.0,35.6,32.0,0.0,0.0,5.0,0.0,677.0,7.0,0.1444444444444444,0.34375,193.0,0.005181347150259,0.0,0.0,0
6700.0,36.0,12.79,225.08,10.0,10.0,0.0,170000.0,0.0,0.0,17.62,12.0,0.0,6397.0,38.1,27.0,0.0,0.0,1.0,0.0,702.0,7.0,0.0394117647058823,0.4444444444444444,237.0,0.0,0.0,-1.0,0
9750.0,36.0,19.99,362.3,18.0,10.0,0.0,103000.0,1.0,0.0,20.98,15.0,0.0,14966.0,68.3,29.0,0.0,0.0,2.0,0.0,672.0,7.0,0.0946601941747572,0.5172413793103449,154.0,0.0,0.0,-1.0,1
9000.0,36.0,11.49,296.75,9.0,4.0,0.0,63000.0,1.0,5.0,6.91,10.0,0.0,7369.0,40.0,17.0,0.0,0.0,1.0,0.0,662.0,7.0,0.1428571428571428,0.5882352941176471,120.0,0.0,0.0,-1.0,1
7500.0,36.0,10.49,243.74,7.0,8.0,0.0,85000.0,0.0,3.0,20.74,11.0,1.0,7861.0,42.3,15.0,0.0,0.0,2.0,0.0,717.0,7.0,0.088235294117647,0.7333333333333333,207.0,0.0048309178743961,0.0,0.0,0
11200.0,36.0,10.99,366.63,8.0,10.0,0.0,55000.0,2.0,0.0,22.39,11.0,0.0,12436.0,59.5,13.0,1.0,0.0,0.0,0.0,667.0,7.0,0.2036363636363636,0.8461538461538461,39.0,0.0,0.0,-1.0,0
9625.0,36.0,18.99,352.77,17.0,10.0,0.0,95000.0,0.0,4.0,34.28,20.0,0.0,38699.0,92.1,37.0,0.0,0.0,9.0,0.0,667.0,7.0,0.1013157894736842,0.5405405405405406,277.0,0.0,0.0,-1.0,0
15000.0,36.0,7.99,469.98,3.0,6.0,0.0,65000.0,0.0,2.0,29.23,15.0,1.0,8687.0,22.4,34.0,0.0,0.0,3.0,1.0,722.0,7.0,0.2307692307692307,0.4411764705882353,169.0,0.0059171597633136,0.0059171597633136,1.0,0
16800.0,36.0,11.49,553.92,9.0,1.0,1.0,48000.0,2.0,0.0,25.88,6.0,0.0,4219.0,52.1,19.0,0.0,0.0,0.0,0.0,682.0,7.0,0.35,0.3157894736842105,115.0,0.0,0.0,-1.0,0
10000.0,36.0,8.99,317.96,5.0,10.0,1.0,77000.0,0.0,4.0,8.1,17.0,1.0,6285.0,28.7,24.0,1.0,0.0,0.0,1.0,672.0,7.0,0.1298701298701298,0.7083333333333334,121.0,0.0082644628099173,0.0082644628099173,1.0,0
32000.0,60.0,21.49,874.56,19.0,1.0,0.0,120000.0,2.0,4.0,15.09,7.0,0.0,32329.0,79.2,22.0,0.0,0.0,3.0,0.0,687.0,7.0,0.2666666666666666,0.3181818181818182,253.0,0.0,0.0,-1.0,0
10950.0,36.0,15.59,382.76,14.0,0.0,0.0,37999.0,1.0,0.0,32.56,7.0,1.0,1941.0,17.3,12.0,1.0,0.0,0.0,1.0,667.0,7.0,0.2881654780388957,0.5833333333333334,132.0,0.0075757575757575,0.0075757575757575,1.0,1
24000.0,36.0,10.99,785.62,8.0,1.0,1.0,60000.0,1.0,5.0,8.5,9.0,0.0,119.0,1.4,14.0,0.0,0.0,0.0,0.0,672.0,7.0,0.4,0.6428571428571429,122.0,0.0,0.0,-1.0,0
6000.0,36.0,13.49,203.59,11.0,10.0,0.0,93000.0,1.0,0.0,9.29,14.0,0.0,4147.0,36.7,31.0,0.0,0.0,2.0,0.0,662.0,7.0,0.064516129032258,0.4516129032258064,223.0,0.0,0.0,-1.0,0
6000.0,36.0,10.99,196.41,8.0,2.0,0.0,32000.0,2.0,0.0,25.81,9.0,0.0,7331.0,64.9,13.0,0.0,0.0,1.0,0.0,667.0,7.0,0.1875,0.6923076923076923,71.0,0.0,0.0,-1.0,0
12000.0,36.0,11.49,395.66,9.0,2.0,1.0,50000.0,1.0,4.0,18.05,10.0,1.0,9463.0,42.2,29.0,1.0,0.0,3.0,1.0,662.0,7.0,0.24,0.3448275862068966,273.0,0.0036630036630036,0.0036630036630036,1.0,1
35000.0,36.0,10.49,1137.43,7.0,4.0,0.0,98000.0,1.0,2.0,9.48,15.0,0.0,4664.0,7.5,34.0,0.0,0.0,2.0,0.0,712.0,7.0,0.3571428571428571,0.4411764705882353,151.0,0.0,0.0,-1.0,0
12000.0,36.0,9.49,384.34,6.0,1.0,2.0,44000.0,1.0,4.0,30.36,15.0,0.0,27337.0,43.9,36.0,0.0,0.0,1.0,0.0,702.0,8.0,0.2727272727272727,0.4166666666666667,385.0,0.0,0.0,-1.0,0
22600.0,36.0,15.59,789.99,14.0,10.0,0.0,60000.0,1.0,0.0,27.98,14.0,0.0,26349.0,74.6,32.0,0.0,0.0,3.0,0.0,717.0,8.0,0.3766666666666666,0.4375,278.0,0.0,0.0,-1.0,0
8700.0,36.0,12.79,292.26,10.0,3.0,0.0,70000.0,0.0,2.0,19.01,25.0,0.0,1755.0,3.5,34.0,1.0,0.0,0.0,0.0,757.0,8.0,0.1242857142857142,0.7352941176470589,66.0,0.0,0.0,-1.0,0
10000.0,36.0,12.79,335.93,10.0,10.0,0.0,140000.0,2.0,0.0,13.56,10.0,0.0,9852.0,59.3,31.0,1.0,0.0,4.0,0.0,692.0,8.0,0.0714285714285714,0.3225806451612903,236.0,0.0,0.0,-1.0,0
9600.0,36.0,14.49,330.4,13.0,10.0,0.0,39000.0,1.0,4.0,21.63,10.0,0.0,11588.0,74.8,15.0,0.0,0.0,1.0,0.0,672.0,8.0,0.2461538461538461,0.6666666666666666,210.0,0.0,0.0,-1.0,1
12000.0,36.0,8.99,381.55,5.0,10.0,2.0,120000.0,1.0,4.0,14.84,17.0,0.0,10932.0,43.2,38.0,0.0,0.0,0.0,0.0,672.0,8.0,0.1,0.4473684210526316,157.0,0.0,0.0,-1.0,0
4500.0,36.0,10.99,147.31,8.0,9.0,1.0,42180.0,2.0,0.0,3.81,2.0,0.0,4773.0,83.7,6.0,0.0,0.0,0.0,0.0,692.0,8.0,0.1066856330014224,0.3333333333333333,122.0,0.0,0.0,-1.0,0
21925.0,36.0,15.59,766.39,14.0,10.0,0.0,175000.0,1.0,4.0,17.4,15.0,2.0,21571.0,75.8,21.0,0.0,0.0,3.0,0.0,677.0,8.0,0.1252857142857142,0.7142857142857143,169.0,0.0118343195266272,0.0,0.0,1
12000.0,36.0,13.99,410.08,12.0,10.0,1.0,101000.0,2.0,5.0,17.21,10.0,0.0,14392.0,37.0,23.0,0.0,0.0,0.0,0.0,722.0,8.0,0.1188118811881188,0.4347826086956521,172.0,0.0,0.0,-1.0,0
20000.0,36.0,14.49,688.33,13.0,10.0,2.0,115000.0,2.0,0.0,9.91,6.0,0.0,7129.0,95.1,6.0,1.0,0.0,0.0,0.0,672.0,8.0,0.1739130434782608,1.0,129.0,0.0,0.0,-1.0,0
16000.0,36.0,13.49,542.89,11.0,6.0,1.0,103000.0,2.0,4.0,19.22,12.0,0.0,18202.0,43.6,22.0,1.0,0.0,0.0,0.0,667.0,8.0,0.1553398058252427,0.5454545454545454,69.0,0.0,0.0,-1.0,0
14500.0,36.0,12.79,487.1,10.0,2.0,1.0,100000.0,0.0,0.0,8.82,7.0,0.0,18128.0,41.5,10.0,1.0,0.0,0.0,0.0,667.0,8.0,0.145,0.7,304.0,0.0,0.0,-1.0,0
20000.0,36.0,11.49,659.43,9.0,10.0,0.0,75000.0,0.0,0.0,27.36,13.0,0.0,20893.0,65.3,24.0,1.0,0.0,2.0,0.0,697.0,8.0,0.2666666666666666,0.5416666666666666,282.0,0.0,0.0,-1.0,0
6500.0,36.0,6.99,200.68,1.0,6.0,2.0,62000.0,1.0,2.0,8.63,10.0,0.0,12524.0,29.5,30.0,0.0,0.0,3.0,0.0,707.0,8.0,0.1048387096774193,0.3333333333333333,221.0,0.0,0.0,-1.0,0
13750.0,36.0,16.99,490.16,15.0,0.0,1.0,41000.0,2.0,0.0,20.36,12.0,0.0,23659.0,75.1,29.0,1.0,0.0,0.0,0.0,662.0,8.0,0.3353658536585366,0.4137931034482758,199.0,0.0,0.0,-1.0,1
15000.0,60.0,12.79,339.69,10.0,4.0,0.0,184000.0,0.0,4.0,14.49,18.0,0.0,9884.0,15.6,35.0,0.0,0.0,4.0,0.0,672.0,8.0,0.0815217391304347,0.5142857142857142,179.0,0.0,0.0,-1.0,0
26400.0,60.0,15.59,636.26,14.0,1.0,0.0,275000.0,1.0,0.0,7.77,11.0,1.0,19452.0,38.1,44.0,0.0,0.0,5.0,1.0,687.0,8.0,0.096,0.25,233.0,0.0042918454935622,0.0042918454935622,1.0,0
9500.0,36.0,17.99,343.41,16.0,0.0,1.0,28000.0,2.0,0.0,6.9,3.0,0.0,5126.0,82.7,10.0,1.0,0.0,0.0,0.0,682.0,8.0,0.3392857142857143,0.3,115.0,0.0,0.0,-1.0,0
24000.0,36.0,13.99,820.15,12.0,9.0,0.0,101000.0,0.0,0.0,20.46,12.0,1.0,15323.0,58.3,27.0,1.0,0.0,2.0,0.0,682.0,8.0,0.2376237623762376,0.4444444444444444,135.0,0.0074074074074074,0.0,0.0,0
10000.0,36.0,10.49,324.98,7.0,10.0,0.0,130000.0,0.0,2.0,2.41,10.0,0.0,9611.0,22.5,24.0,1.0,0.0,3.0,0.0,767.0,8.0,0.0769230769230769,0.4166666666666667,150.0,0.0,0.0,-1.0,0
25300.0,60.0,21.49,691.45,19.0,5.0,0.0,55000.0,1.0,4.0,17.25,19.0,0.0,15440.0,53.6,25.0,0.0,0.0,0.0,0.0,662.0,8.0,0.46,0.76,130.0,0.0,0.0,-1.0,1
10000.0,36.0,5.32,301.15,0.0,3.0,1.0,180000.0,0.0,4.0,11.11,23.0,0.0,9822.0,11.3,49.0,0.0,0.0,1.0,0.0,807.0,8.0,0.0555555555555555,0.4693877551020408,168.0,0.0,0.0,-1.0,0
6000.0,36.0,13.99,205.04,12.0,0.0,0.0,24000.0,1.0,0.0,26.45,7.0,0.0,5954.0,64.0,39.0,0.0,0.0,0.0,0.0,702.0,8.0,0.25,0.1794871794871795,143.0,0.0,0.0,-1.0,1
7000.0,36.0,8.99,222.57,5.0,0.0,0.0,83000.0,1.0,0.0,10.66,25.0,1.0,9094.0,29.6,42.0,0.0,0.0,2.0,0.0,702.0,8.0,0.0843373493975903,0.5952380952380952,247.0,0.0040485829959514,0.0,0.0,0
4000.0,36.0,12.79,134.38,10.0,1.0,2.0,85000.0,1.0,2.0,32.58,20.0,0.0,30764.0,55.5,32.0,1.0,0.0,3.0,0.0,707.0,8.0,0.0470588235294117,0.625,161.0,0.0,0.0,-1.0,0
10000.0,36.0,7.99,313.32,3.0,7.0,0.0,106000.0,0.0,2.0,23.71,17.0,0.0,3777.0,8.3,39.0,1.0,0.0,2.0,0.0,787.0,8.0,0.0943396226415094,0.4358974358974359,155.0,0.0,0.0,-1.0,0
35000.0,60.0,9.49,734.9,6.0,0.0,1.0,115000.0,2.0,4.0,23.22,20.0,0.0,41064.0,39.2,34.0,0.0,0.0,0.0,0.0,737.0,8.0,0.3043478260869565,0.5882352941176471,190.0,0.0,0.0,-1.0,0
7000.0,36.0,5.32,210.81,0.0,10.0,0.0,100000.0,0.0,2.0,14.09,9.0,0.0,1682.0,9.2,31.0,0.0,0.0,6.0,0.0,802.0,8.0,0.07,0.2903225806451613,164.0,0.0,0.0,-1.0,0
38200.0,36.0,15.59,1335.28,14.0,5.0,0.0,200000.0,2.0,0.0,20.84,14.0,0.0,22039.0,54.8,41.0,0.0,0.0,4.0,0.0,702.0,8.0,0.191,0.3414634146341463,169.0,0.0,0.0,-1.0,1
10000.0,36.0,11.49,329.72,9.0,2.0,1.0,97450.0,1.0,4.0,15.22,12.0,0.0,10053.0,75.6,22.0,0.0,0.0,0.0,0.0,687.0,8.0,0.1026167265264238,0.5454545454545454,240.0,0.0,0.0,-1.0,0
15000.0,36.0,8.59,474.14,4.0,8.0,0.0,140000.0,0.0,3.0,6.57,17.0,0.0,14900.0,11.1,39.0,0.0,0.0,3.0,0.0,787.0,8.0,0.1071428571428571,0.4358974358974359,214.0,0.0,0.0,-1.0,0
15000.0,36.0,5.32,451.73,0.0,10.0,0.0,72000.0,2.0,4.0,9.55,14.0,0.0,18270.0,25.2,44.0,0.0,0.0,11.0,0.0,752.0,8.0,0.2083333333333333,0.3181818181818182,209.0,0.0,0.0,-1.0,0
2500.0,36.0,8.59,79.03,4.0,6.0,1.0,28000.0,1.0,4.0,24.77,5.0,0.0,4384.0,17.9,9.0,0.0,0.0,0.0,0.0,727.0,8.0,0.0892857142857142,0.5555555555555556,79.0,0.0,0.0,-1.0,0
5200.0,36.0,16.99,185.37,15.0,5.0,0.0,45000.0,2.0,0.0,22.24,12.0,0.0,15668.0,56.6,17.0,0.0,0.0,2.0,0.0,707.0,8.0,0.1155555555555555,0.7058823529411765,108.0,0.0,0.0,-1.0,0
8000.0,36.0,8.59,252.88,4.0,10.0,0.0,55000.0,1.0,0.0,10.82,11.0,0.0,7590.0,44.1,28.0,0.0,0.0,3.0,0.0,702.0,8.0,0.1454545454545454,0.3928571428571428,319.0,0.0,0.0,-1.0,0
40000.0,60.0,19.99,1059.54,18.0,2.0,2.0,175000.0,2.0,6.0,11.64,22.0,0.0,44847.0,71.2,33.0,0.0,0.0,1.0,0.0,682.0,8.0,0.2285714285714285,0.6666666666666666,212.0,0.0,0.0,-1.0,1
20000.0,60.0,10.99,434.75,8.0,10.0,0.0,107000.0,0.0,0.0,18.72,17.0,0.0,28976.0,43.6,43.0,0.0,0.0,2.0,0.0,702.0,8.0,0.1869158878504672,0.3953488372093023,190.0,0.0,0.0,-1.0,0
33000.0,36.0,12.79,1108.57,10.0,10.0,0.0,130000.0,2.0,2.0,20.62,15.0,0.0,15746.0,26.6,25.0,0.0,0.0,3.0,0.0,697.0,8.0,0.2538461538461538,0.6,135.0,0.0,0.0,-1.0,1
12000.0,36.0,15.59,419.46,14.0,10.0,1.0,120000.0,2.0,4.0,24.73,31.0,1.0,6699.0,37.6,50.0,0.0,0.0,0.0,0.0,712.0,8.0,0.1,0.62,137.0,0.0072992700729927,0.0,0.0,0
8400.0,36.0,9.49,269.04,6.0,9.0,2.0,62000.0,0.0,0.0,18.43,15.0,1.0,4611.0,30.5,30.0,0.0,0.0,3.0,0.0,702.0,8.0,0.1354838709677419,0.5,203.0,0.0049261083743842,0.0,0.0,0
10300.0,36.0,14.49,354.49,13.0,10.0,1.0,30000.0,1.0,4.0,26.99,13.0,0.0,9558.0,47.8,31.0,0.0,0.0,5.0,0.0,677.0,8.0,0.3433333333333333,0.4193548387096774,275.0,0.0,0.0,-1.0,1
40000.0,36.0,7.99,1253.28,3.0,0.0,0.0,160000.0,1.0,3.0,15.37,22.0,0.0,1888.0,2.5,34.0,1.0,0.0,1.0,0.0,757.0,8.0,0.25,0.6470588235294118,105.0,0.0,0.0,-1.0,0
29900.0,36.0,14.49,1029.05,13.0,1.0,0.0,65000.0,1.0,5.0,11.6,9.0,1.0,2371.0,8.0,27.0,1.0,0.0,3.0,1.0,662.0,8.0,0.46,0.3333333333333333,185.0,0.0054054054054054,0.0054054054054054,1.0,0
24000.0,60.0,12.79,543.5,10.0,3.0,1.0,52700.0,0.0,4.0,22.55,12.0,0.0,27257.0,58.2,25.0,1.0,0.0,0.0,0.0,717.0,8.0,0.4554079696394686,0.48,377.0,0.0,0.0,-1.0,1
35000.0,60.0,17.99,888.58,16.0,10.0,0.0,135000.0,1.0,0.0,32.33,21.0,0.0,45984.0,65.8,47.0,0.0,0.0,4.0,0.0,687.0,8.0,0.2592592592592592,0.4468085106382978,187.0,0.0,0.0,-1.0,1
7200.0,36.0,8.99,228.93,5.0,3.0,2.0,80000.0,1.0,0.0,20.82,18.0,1.0,6395.0,34.0,45.0,1.0,0.0,3.0,1.0,662.0,8.0,0.09,0.4,221.0,0.004524886877828,0.004524886877828,1.0,0
10000.0,36.0,12.79,335.93,10.0,8.0,0.0,100000.0,1.0,1.0,3.82,5.0,0.0,11982.0,71.7,9.0,1.0,0.0,3.0,0.0,672.0,8.0,0.1,0.5555555555555556,136.0,0.0,0.0,-1.0,1
31350.0,36.0,19.99,1164.92,18.0,5.0,1.0,98568.0,1.0,4.0,26.04,16.0,0.0,26108.0,67.5,29.0,1.0,0.0,0.0,0.0,692.0,8.0,0.318054541027514,0.5517241379310345,80.0,0.0,0.0,-1.0,1
13000.0,36.0,8.99,413.34,5.0,10.0,0.0,92000.0,1.0,0.0,30.03,17.0,0.0,2862.0,9.6,42.0,0.0,0.0,6.0,0.0,802.0,8.0,0.1413043478260869,0.4047619047619047,161.0,0.0,0.0,-1.0,0
6025.0,36.0,18.99,220.83,17.0,3.0,1.0,65000.0,2.0,5.0,14.74,8.0,0.0,3222.0,103.9,12.0,1.0,0.0,0.0,0.0,702.0,8.0,0.0926923076923077,0.6666666666666666,137.0,0.0,0.0,-1.0,1
19675.0,36.0,16.99,701.37,15.0,8.0,1.0,72000.0,1.0,4.0,26.42,15.0,0.0,13606.0,66.0,26.0,1.0,0.0,0.0,0.0,677.0,8.0,0.2732638888888888,0.5769230769230769,137.0,0.0,0.0,-1.0,0
40000.0,36.0,16.99,1425.92,15.0,10.0,0.0,130000.0,2.0,0.0,21.06,20.0,0.0,59680.0,82.9,35.0,1.0,0.0,4.0,0.0,687.0,8.0,0.3076923076923077,0.5714285714285714,209.0,0.0,0.0,-1.0,0
4200.0,36.0,13.99,143.53,12.0,7.0,0.0,69500.0,1.0,0.0,16.2,26.0,0.0,15574.0,51.4,51.0,0.0,0.0,2.0,0.0,662.0,8.0,0.0604316546762589,0.5098039215686274,125.0,0.0,0.0,-1.0,0
28000.0,60.0,24.49,813.49,22.0,0.0,0.0,95000.0,2.0,0.0,12.82,16.0,1.0,9931.0,27.0,46.0,0.0,0.0,6.0,1.0,692.0,8.0,0.2947368421052631,0.3478260869565217,191.0,0.0052356020942408,0.0052356020942408,1.0,0
19000.0,36.0,18.99,696.37,17.0,5.0,0.0,72000.0,1.0,5.0,29.92,14.0,0.0,1872.0,6.6,24.0,0.0,0.0,2.0,0.0,672.0,8.0,0.2638888888888889,0.5833333333333334,125.0,0.0,0.0,-1.0,0
14400.0,60.0,9.49,302.36,6.0,9.0,0.0,105000.0,1.0,9.0,10.56,8.0,0.0,13211.0,47.5,16.0,0.0,0.0,2.0,0.0,682.0,8.0,0.1371428571428571,0.5,156.0,0.0,0.0,-1.0,0
6000.0,36.0,13.49,203.59,11.0,9.0,0.0,85000.0,2.0,0.0,13.84,12.0,0.0,7581.0,61.1,25.0,0.0,0.0,1.0,0.0,682.0,8.0,0.0705882352941176,0.48,130.0,0.0,0.0,-1.0,0
20525.0,60.0,19.99,543.68,18.0,3.0,0.0,157000.0,1.0,0.0,31.48,12.0,0.0,16980.0,70.5,38.0,0.0,1.0,2.0,0.0,687.0,8.0,0.1307324840764331,0.3157894736842105,312.0,0.0,0.0,-1.0,0
30000.0,60.0,15.59,723.03,14.0,9.0,0.0,120000.0,1.0,0.0,10.49,10.0,0.0,27920.0,89.8,29.0,0.0,0.0,3.0,0.0,677.0,8.0,0.25,0.3448275862068966,124.0,0.0,0.0,-1.0,0
15000.0,36.0,8.99,476.93,5.0,10.0,2.0,115000.0,1.0,0.0,14.43,8.0,0.0,17845.0,52.5,19.0,1.0,0.0,2.0,0.0,697.0,8.0,0.1304347826086956,0.4210526315789473,252.0,0.0,0.0,-1.0,0
7000.0,36.0,8.99,222.57,5.0,6.0,1.0,15000.0,1.0,0.0,13.84,5.0,0.0,5583.0,62.0,15.0,0.0,0.0,0.0,0.0,677.0,8.0,0.4666666666666667,0.3333333333333333,314.0,0.0,0.0,-1.0,0
21000.0,36.0,14.49,722.74,13.0,1.0,0.0,73000.0,1.0,0.0,22.11,22.0,0.0,18827.0,61.9,38.0,0.0,0.0,1.0,0.0,682.0,8.0,0.2876712328767123,0.5789473684210527,136.0,0.0,0.0,-1.0,0
21775.0,60.0,25.69,647.97,25.0,3.0,1.0,49491.0,2.0,0.0,15.79,16.0,0.0,23494.0,80.5,27.0,1.0,0.0,0.0,0.0,667.0,8.0,0.4399789860782768,0.5925925925925926,109.0,0.0,0.0,-1.0,1
12000.0,36.0,13.49,407.17,11.0,0.0,1.0,65000.0,2.0,0.0,27.03,11.0,0.0,12694.0,56.4,33.0,1.0,0.0,5.0,0.0,662.0,8.0,0.1846153846153846,0.3333333333333333,382.0,0.0,0.0,-1.0,0
23825.0,60.0,24.49,692.19,22.0,10.0,0.0,67675.08,1.0,0.0,25.84,9.0,0.0,15449.0,85.4,19.0,0.0,0.0,2.0,0.0,677.0,8.0,0.3520498239529233,0.4736842105263157,149.0,0.0,0.0,-1.0,0
16150.0,60.0,23.99,464.51,21.0,10.0,0.0,145000.0,2.0,0.0,15.93,16.0,0.0,10456.0,79.2,18.0,1.0,0.0,1.0,0.0,662.0,8.0,0.1113793103448275,0.8888888888888888,108.0,0.0,0.0,-1.0,1
8100.0,36.0,10.99,265.15,8.0,2.0,0.0,29000.0,1.0,0.0,15.94,7.0,0.0,15382.0,54.0,19.0,1.0,0.0,2.0,0.0,672.0,8.0,0.2793103448275862,0.3684210526315789,188.0,0.0,0.0,-1.0,0
25000.0,60.0,13.99,581.58,12.0,10.0,1.0,165000.0,2.0,0.0,12.74,6.0,0.0,25152.0,76.2,41.0,1.0,0.0,2.0,0.0,662.0,8.0,0.1515151515151515,0.1463414634146341,342.0,0.0,0.0,-1.0,1
20900.0,60.0,25.29,617.01,24.0,5.0,1.0,55000.0,1.0,0.0,22.04,11.0,0.0,27091.0,72.1,21.0,0.0,0.0,2.0,0.0,682.0,8.0,0.38,0.5238095238095238,78.0,0.0,0.0,-1.0,1
1500.0,36.0,12.79,50.39,10.0,1.0,1.0,60000.0,1.0,7.0,10.82,11.0,0.0,3690.0,49.2,20.0,0.0,0.0,0.0,0.0,677.0,8.0,0.025,0.55,128.0,0.0,0.0,-1.0,1
7000.0,36.0,11.49,230.8,9.0,10.0,1.0,31000.0,2.0,0.0,22.34,11.0,0.0,4118.0,20.6,22.0,0.0,0.0,1.0,0.0,687.0,8.0,0.2258064516129032,0.5,189.0,0.0,0.0,-1.0,0
18100.0,60.0,21.49,494.67,19.0,5.0,1.0,90000.0,2.0,0.0,30.55,19.0,0.0,14416.0,75.9,25.0,0.0,0.0,0.0,0.0,677.0,9.0,0.2011111111111111,0.76,104.0,0.0,0.0,-1.0,1
8000.0,36.0,13.49,271.45,11.0,3.0,1.0,50000.0,0.0,0.0,26.4,5.0,0.0,14034.0,71.6,11.0,0.0,0.0,0.0,0.0,707.0,9.0,0.16,0.4545454545454545,129.0,0.0,0.0,-1.0,0
20000.0,36.0,6.99,617.46,1.0,10.0,0.0,175000.0,0.0,0.0,3.13,8.0,0.0,28985.0,33.5,15.0,1.0,0.0,3.0,0.0,772.0,9.0,0.1142857142857142,0.5333333333333333,288.0,0.0,0.0,-1.0,0
2000.0,36.0,9.49,64.06,6.0,6.0,0.0,110000.0,1.0,0.0,8.14,5.0,0.0,3438.0,14.9,28.0,0.0,0.0,0.0,0.0,762.0,9.0,0.0181818181818181,0.1785714285714285,141.0,0.0,0.0,-1.0,0
1000.0,36.0,17.99,36.15,16.0,5.0,1.0,45000.0,2.0,0.0,10.56,7.0,0.0,1900.0,8.4,12.0,0.0,0.0,0.0,0.0,682.0,9.0,0.0222222222222222,0.5833333333333334,212.0,0.0,0.0,-1.0,0
18000.0,36.0,29.49,759.11,26.0,1.0,1.0,38000.0,1.0,0.0,34.81,5.0,0.0,7866.0,46.3,9.0,1.0,1.0,0.0,0.0,702.0,9.0,0.4736842105263157,0.5555555555555556,50.0,0.0,0.0,-1.0,0
8000.0,36.0,18.99,293.21,17.0,6.0,1.0,40000.0,1.0,0.0,34.83,16.0,0.0,6918.0,29.3,27.0,0.0,0.0,0.0,0.0,707.0,9.0,0.2,0.5925925925925926,113.0,0.0,0.0,-1.0,0
10000.0,36.0,9.49,320.29,6.0,3.0,0.0,50000.0,0.0,0.0,30.51,13.0,0.0,7452.0,41.6,36.0,0.0,0.0,4.0,0.0,707.0,9.0,0.2,0.3611111111111111,266.0,0.0,0.0,-1.0,0
35000.0,36.0,11.49,1154.0,9.0,10.0,2.0,100000.0,1.0,0.0,18.91,20.0,0.0,32977.0,60.1,46.0,0.0,0.0,4.0,0.0,667.0,9.0,0.35,0.4347826086956521,165.0,0.0,0.0,-1.0,1
40000.0,60.0,21.49,1093.19390625,19.0,5.0,0.0,762531.5625,2.0,2.0,142.40454772949218,16.0,0.0,629061.625,32.42732276916504,34.0,0.0,0.0,6.0,0.0,712.0,9.0,0.052456849813461326,0.47058824268547267,151.0,0.0,0.0,-1.0,0
2800.0,36.0,8.99,89.03,5.0,7.0,1.0,38000.0,0.0,0.0,15.7,3.0,0.0,1591.0,26.5,6.0,0.0,0.0,0.0,0.0,732.0,9.0,0.0736842105263157,0.5,53.0,0.0,0.0,-1.0,0
16600.0,36.0,11.49,547.33,9.0,10.0,0.0,48000.0,0.0,0.0,20.48,15.0,0.0,14117.0,29.7,57.0,0.0,0.0,4.0,0.0,757.0,9.0,0.3458333333333333,0.2631578947368421,213.0,0.0,0.0,-1.0,0
6025.0,36.0,24.49,237.94,22.0,10.0,2.0,120000.0,1.0,5.0,17.58,11.0,0.0,16387.0,71.9,20.0,1.0,0.0,3.0,0.0,702.0,9.0,0.0502083333333333,0.55,167.0,0.0,0.0,-1.0,0
30000.0,60.0,12.79,679.38,10.0,10.0,2.0,110000.0,2.0,0.0,15.02,12.0,0.0,93653.0,53.6,22.0,0.0,0.0,0.0,0.0,692.0,9.0,0.2727272727272727,0.5454545454545454,368.0,0.0,0.0,-1.0,0
15000.0,60.0,27.49,462.44,28.0,2.0,0.0,76000.0,0.0,0.0,29.81,17.0,0.0,43385.0,80.5,33.0,1.0,0.0,4.0,0.0,662.0,9.0,0.1973684210526315,0.5151515151515151,204.0,0.0,0.0,-1.0,1
15000.0,36.0,13.49,508.96,11.0,8.0,2.0,38000.0,1.0,4.0,22.77,17.0,0.0,17792.0,56.5,55.0,0.0,0.0,0.0,0.0,697.0,9.0,0.3947368421052631,0.3090909090909091,181.0,0.0,0.0,-1.0,0
30000.0,60.0,8.59,616.8,4.0,10.0,0.0,134900.0,1.0,4.0,12.03,7.0,0.0,36336.0,54.4,18.0,0.0,0.0,6.0,0.0,747.0,9.0,0.2223869532987398,0.3888888888888889,214.0,0.0,0.0,-1.0,0
8000.0,36.0,7.99,250.66,3.0,1.0,0.0,50000.0,1.0,4.0,6.7,6.0,0.0,7716.0,64.3,9.0,1.0,0.0,1.0,0.0,702.0,9.0,0.16,0.6666666666666666,58.0,0.0,0.0,-1.0,0
20000.0,36.0,10.99,654.68,8.0,10.0,1.0,70000.0,2.0,2.0,21.67,7.0,0.0,13837.0,47.7,26.0,0.0,0.0,2.0,0.0,707.0,9.0,0.2857142857142857,0.2692307692307692,211.0,0.0,0.0,-1.0,0
4000.0,36.0,13.49,135.73,11.0,3.0,1.0,31200.0,1.0,0.0,18.77,4.0,0.0,4595.0,97.8,21.0,0.0,0.0,0.0,0.0,687.0,9.0,0.1282051282051282,0.1904761904761904,97.0,0.0,0.0,-1.0,0
20000.0,60.0,13.99,465.27,12.0,3.0,0.0,150000.0,0.0,2.0,12.07,16.0,0.0,5079.0,14.4,40.0,0.0,0.0,4.0,0.0,787.0,9.0,0.1333333333333333,0.4,126.0,0.0,0.0,-1.0,0
25000.0,60.0,26.49,755.79,26.0,3.0,0.0,70000.0,2.0,0.0,25.3,14.0,0.0,22689.0,44.1,30.0,1.0,0.0,1.0,0.0,687.0,9.0,0.3571428571428571,0.4666666666666667,119.0,0.0,0.0,-1.0,0
10000.0,36.0,16.99,356.48,15.0,4.0,0.0,70000.0,2.0,0.0,27.18,6.0,0.0,6819.0,80.2,19.0,1.0,0.0,1.0,0.0,662.0,9.0,0.1428571428571428,0.3157894736842105,144.0,0.0,0.0,-1.0,1
8000.0,36.0,8.59,252.88,4.0,2.0,1.0,40000.0,1.0,0.0,6.12,16.0,0.0,7415.0,12.7,23.0,0.0,0.0,0.0,0.0,712.0,9.0,0.2,0.6956521739130435,163.0,0.0,0.0,-1.0,0
12000.0,36.0,13.99,410.08,12.0,10.0,0.0,85000.0,2.0,0.0,11.77,5.0,1.0,3971.0,31.8,13.0,0.0,0.0,2.0,1.0,677.0,9.0,0.1411764705882353,0.3846153846153846,193.0,0.005181347150259,0.005181347150259,1.0,0
10000.0,36.0,8.24,314.48,5.0,10.0,0.0,40000.0,1.0,4.0,7.98,9.0,0.0,10043.0,54.6,21.0,1.0,0.0,1.0,0.0,682.0,9.0,0.25,0.4285714285714285,238.0,0.0,0.0,-1.0,0
7000.0,36.0,11.44,230.64,8.0,1.0,1.0,45000.0,1.0,0.0,20.24,15.0,0.0,5285.0,15.5,27.0,0.0,0.0,2.0,0.0,727.0,9.0,0.1555555555555555,0.5555555555555556,245.0,0.0,0.0,-1.0,1
12000.0,36.0,16.99,427.78,15.0,10.0,1.0,70000.0,0.0,0.0,29.37,17.0,0.0,45685.0,79.6,24.0,1.0,0.0,0.0,0.0,702.0,9.0,0.1714285714285714,0.7083333333333334,269.0,0.0,0.0,-1.0,0
17500.0,36.0,24.74,693.4,22.0,10.0,2.0,83000.0,1.0,2.0,34.86,23.0,0.0,50998.0,65.5,52.0,0.0,0.0,0.0,0.0,662.0,9.0,0.2108433734939759,0.4423076923076923,195.0,0.0,0.0,-1.0,1
25000.0,36.0,12.74,839.23,10.0,10.0,1.0,85215.0,0.0,0.0,25.28,11.0,0.0,25177.0,52.7,28.0,0.0,0.0,0.0,0.0,727.0,9.0,0.2933755794167693,0.3928571428571428,366.0,0.0,0.0,-1.0,0
3000.0,36.0,13.49,101.8,11.0,10.0,1.0,39000.0,0.0,2.0,10.28,5.0,0.0,3690.0,68.3,8.0,0.0,0.0,0.0,0.0,672.0,9.0,0.0769230769230769,0.625,209.0,0.0,0.0,-1.0,0
4000.0,36.0,17.99,144.59,16.0,1.0,1.0,17000.0,1.0,8.0,27.26,4.0,0.0,18003.0,71.7,5.0,1.0,0.0,0.0,0.0,737.0,9.0,0.2352941176470588,0.8,265.0,0.0,0.0,-1.0,0
33725.0,36.0,23.99,1322.96,21.0,10.0,0.0,110000.0,2.0,0.0,31.34,16.0,1.0,21178.0,50.4,20.0,1.0,0.0,1.0,1.0,702.0,9.0,0.3065909090909091,0.8,311.0,0.0032154340836012,0.0032154340836012,1.0,0
8000.0,36.0,8.24,251.58,5.0,0.0,0.0,120000.0,1.0,10.0,16.06,16.0,0.0,12203.0,26.1,26.0,0.0,0.0,3.0,0.0,737.0,9.0,0.0666666666666666,0.6153846153846154,162.0,0.0,0.0,-1.0,0
9000.0,36.0,10.49,292.48,6.0,10.0,1.0,100000.0,0.0,0.0,13.93,10.0,1.0,8934.0,59.0,39.0,1.0,0.0,2.0,1.0,682.0,9.0,0.09,0.2564102564102564,339.0,0.0029498525073746,0.0029498525073746,1.0,0
5000.0,36.0,8.24,157.24,5.0,1.0,0.0,130000.0,1.0,2.0,8.41,9.0,1.0,14009.0,30.6,14.0,0.0,0.0,1.0,0.0,707.0,9.0,0.0384615384615384,0.6428571428571429,165.0,0.006060606060606,0.0,0.0,0
6000.0,36.0,11.49,197.83,9.0,3.0,1.0,48000.0,1.0,5.0,29.25,6.0,0.0,1878.0,23.2,13.0,1.0,0.0,0.0,0.0,697.0,9.0,0.125,0.4615384615384615,92.0,0.0,0.0,-1.0,1
2200.0,36.0,11.44,72.49,8.0,9.0,1.0,60000.0,2.0,0.0,25.84,10.0,1.0,15440.0,70.8,24.0,0.0,0.0,0.0,1.0,667.0,9.0,0.0366666666666666,0.4166666666666667,94.0,0.0106382978723404,0.0106382978723404,1.0,0
15000.0,36.0,13.99,512.6,12.0,3.0,0.0,95000.0,0.0,4.0,26.96,10.0,0.0,61312.0,71.6,32.0,1.0,0.0,4.0,0.0,707.0,9.0,0.1578947368421052,0.3125,314.0,0.0,0.0,-1.0,1
12000.0,36.0,7.99,375.99,4.0,2.0,1.0,45000.0,2.0,2.0,14.64,9.0,0.0,3432.0,19.3,27.0,0.0,0.0,0.0,0.0,722.0,9.0,0.2666666666666666,0.3333333333333333,115.0,0.0,0.0,-1.0,0
6000.0,36.0,7.49,186.61,3.0,10.0,0.0,55000.0,1.0,0.0,17.28,11.0,0.0,9371.0,63.3,16.0,0.0,0.0,1.0,0.0,682.0,9.0,0.109090909090909,0.6875,151.0,0.0,0.0,-1.0,0
15000.0,36.0,6.99,463.09,1.0,2.0,0.0,80000.0,1.0,0.0,7.19,8.0,0.0,20987.0,37.8,15.0,1.0,0.0,1.0,0.0,702.0,9.0,0.1875,0.5333333333333333,133.0,0.0,0.0,-1.0,0
16000.0,60.0,22.74,448.67,20.0,0.0,0.0,60000.0,2.0,0.0,13.76,9.0,1.0,9419.0,64.1,39.0,0.0,0.0,1.0,1.0,662.0,9.0,0.2666666666666666,0.2307692307692307,174.0,0.0057471264367816,0.0057471264367816,1.0,1
4200.0,36.0,15.59,146.82,14.0,2.0,0.0,89500.0,2.0,5.0,12.16,18.0,0.0,5559.0,35.6,35.0,0.0,0.0,1.0,0.0,692.0,9.0,0.0469273743016759,0.5142857142857142,104.0,0.0,0.0,-1.0,1
3750.0,36.0,21.49,142.23,19.0,4.0,1.0,35000.0,2.0,5.0,1.71,3.0,0.0,190.0,2.2,4.0,1.0,0.0,0.0,0.0,782.0,9.0,0.1071428571428571,0.75,38.0,0.0,0.0,-1.0,0
5000.0,36.0,11.49,164.86,9.0,0.0,2.0,21000.0,1.0,4.0,33.2,7.0,0.0,8103.0,33.9,7.0,1.0,0.0,0.0,0.0,727.0,9.0,0.238095238095238,1.0,54.0,0.0,0.0,-1.0,0
6000.0,36.0,10.49,194.99,6.0,6.0,0.0,78000.0,0.0,2.0,9.32,10.0,0.0,5851.0,66.5,12.0,0.0,0.0,1.0,0.0,697.0,9.0,0.0769230769230769,0.8333333333333334,134.0,0.0,0.0,-1.0,0
24350.0,36.0,11.44,802.28,8.0,10.0,0.0,133500.0,0.0,0.0,25.8,16.0,0.0,39094.0,51.2,29.0,0.0,0.0,2.0,0.0,717.0,9.0,0.1823970037453183,0.5517241379310345,186.0,0.0,0.0,-1.0,0
6000.0,36.0,12.79,201.56,10.0,1.0,2.0,20000.0,0.0,4.0,26.65,6.0,0.0,6536.0,72.6,7.0,0.0,0.0,0.0,0.0,682.0,9.0,0.3,0.8571428571428571,153.0,0.0,0.0,-1.0,1
5000.0,36.0,6.99,154.37,1.0,10.0,2.0,45000.0,0.0,2.0,9.6,5.0,0.0,5285.0,33.9,8.0,0.0,0.0,0.0,0.0,737.0,9.0,0.1111111111111111,0.625,115.0,0.0,0.0,-1.0,0
24000.0,60.0,15.99,583.51,14.0,10.0,1.0,75000.0,0.0,0.0,11.58,15.0,0.0,15600.0,56.3,27.0,0.0,0.0,1.0,0.0,662.0,9.0,0.32,0.5555555555555556,247.0,0.0,0.0,-1.0,0
8000.0,36.0,11.39,263.39,7.0,3.0,0.0,57000.0,2.0,4.0,24.72,7.0,0.0,10682.0,76.3,28.0,0.0,0.0,2.0,0.0,682.0,9.0,0.1403508771929824,0.25,154.0,0.0,0.0,-1.0,0
35000.0,36.0,16.99,1247.68,15.0,0.0,0.0,130000.0,1.0,0.0,9.53,11.0,0.0,27374.0,36.2,20.0,1.0,0.0,1.0,0.0,737.0,9.0,0.2692307692307692,0.55,266.0,0.0,0.0,-1.0,0
25000.0,36.0,14.99,866.52,13.0,6.0,1.0,60000.0,0.0,3.0,14.48,8.0,0.0,1424.0,11.6,12.0,0.0,0.0,0.0,0.0,732.0,9.0,0.4166666666666667,0.6666666666666666,90.0,0.0,0.0,-1.0,0
21600.0,36.0,11.49,712.18,9.0,3.0,0.0,58000.0,2.0,0.0,11.71,4.0,0.0,5912.0,69.6,10.0,0.0,0.0,1.0,0.0,697.0,9.0,0.3724137931034483,0.4,171.0,0.0,0.0,-1.0,0
2000.0,36.0,11.49,65.95,9.0,10.0,0.0,60000.0,1.0,5.0,5.66,8.0,0.0,409.0,1.8,18.0,0.0,0.0,3.0,0.0,752.0,9.0,0.0333333333333333,0.4444444444444444,226.0,0.0,0.0,-1.0,0
10550.0,60.0,19.99,279.46,18.0,10.0,2.0,64000.0,0.0,0.0,34.73,12.0,0.0,7159.0,33.3,52.0,0.0,0.0,0.0,0.0,712.0,9.0,0.16484375,0.2307692307692307,172.0,0.0,0.0,-1.0,0
12800.0,36.0,6.99,395.17,1.0,2.0,0.0,55000.0,0.0,0.0,21.43,7.0,0.0,5105.0,22.9,21.0,1.0,0.0,4.0,0.0,742.0,9.0,0.2327272727272727,0.3333333333333333,192.0,0.0,0.0,-1.0,0
18000.0,36.0,7.99,563.98,3.0,10.0,0.0,75000.0,0.0,0.0,28.08,15.0,0.0,9534.0,21.5,29.0,1.0,0.0,1.0,0.0,797.0,9.0,0.24,0.5172413793103449,254.0,0.0,0.0,-1.0,0
3000.0,36.0,11.49,98.92,9.0,10.0,1.0,36000.0,2.0,0.0,21.97,8.0,1.0,1449.0,32.2,13.0,1.0,0.0,1.0,1.0,677.0,9.0,0.0833333333333333,0.6153846153846154,201.0,0.0049751243781094,0.0049751243781094,1.0,0
25450.0,36.0,17.99,919.96,16.0,1.0,0.0,70000.0,1.0,4.0,18.86,14.0,0.0,11068.0,51.2,22.0,1.0,0.0,1.0,0.0,687.0,9.0,0.3635714285714285,0.6363636363636364,108.0,0.0,0.0,-1.0,0
25200.0,60.0,27.79,781.44,29.0,3.0,0.0,35000.0,2.0,0.0,47.67,14.0,0.0,7833.0,58.5,20.0,0.0,1.0,0.0,0.0,712.0,9.0,0.72,0.7,121.0,0.0,0.0,-1.0,0
15000.0,36.0,8.59,474.14,4.0,3.0,0.0,144000.0,0.0,0.0,20.75,14.0,0.0,7426.0,15.1,42.0,0.0,0.0,9.0,0.0,802.0,9.0,0.1041666666666666,0.3333333333333333,239.0,0.0,0.0,-1.0,0
15000.0,60.0,19.99,397.33,18.0,5.0,0.0,83000.0,1.0,0.0,24.16,15.0,1.0,11325.0,55.2,37.0,1.0,0.0,3.0,1.0,672.0,9.0,0.180722891566265,0.4054054054054054,126.0,0.0079365079365079,0.0079365079365079,1.0,0
20900.0,36.0,17.99,755.49,16.0,9.0,0.0,55000.0,0.0,5.0,9.34,6.0,0.0,5746.0,62.5,10.0,1.0,0.0,1.0,0.0,702.0,9.0,0.38,0.6,177.0,0.0,0.0,-1.0,1
20000.0,36.0,9.49,640.57,6.0,6.0,1.0,93000.0,1.0,4.0,8.43,10.0,0.0,22733.0,68.5,25.0,0.0,0.0,3.0,0.0,692.0,9.0,0.2150537634408602,0.4,326.0,0.0,0.0,-1.0,0
12000.0,36.0,5.32,361.38,0.0,10.0,0.0,68983.0,0.0,0.0,20.48,28.0,0.0,18225.0,16.0,55.0,1.0,0.0,3.0,0.0,762.0,9.0,0.1739559021787976,0.509090909090909,223.0,0.0,0.0,-1.0,0
4000.0,36.0,5.32,120.46,0.0,1.0,2.0,34000.0,2.0,9.0,17.03,5.0,0.0,5727.0,30.3,11.0,1.0,0.0,0.0,0.0,722.0,9.0,0.1176470588235294,0.4545454545454545,133.0,0.0,0.0,-1.0,0
8000.0,36.0,12.79,268.75,10.0,4.0,1.0,85000.0,1.0,4.0,11.52,10.0,0.0,12653.0,61.9,14.0,0.0,0.0,0.0,0.0,672.0,9.0,0.0941176470588235,0.7142857142857143,149.0,0.0,0.0,-1.0,1
30700.0,60.0,18.99,796.21,17.0,0.0,2.0,65000.0,2.0,2.0,9.62,9.0,0.0,2561.0,26.1,14.0,1.0,0.0,0.0,0.0,687.0,9.0,0.4723076923076923,0.6428571428571429,109.0,0.0,0.0,-1.0,0
6975.0,36.0,17.99,252.13,16.0,8.0,1.0,22000.0,2.0,5.0,26.01,10.0,0.0,6625.0,29.7,15.0,0.0,0.0,0.0,0.0,667.0,9.0,0.3170454545454545,0.6666666666666666,163.0,0.0,0.0,-1.0,0
6575.0,36.0,14.49,226.29,13.0,0.0,1.0,25000.0,1.0,0.0,24.0,15.0,0.0,7975.0,22.2,20.0,1.0,0.0,0.0,0.0,742.0,9.0,0.263,0.75,168.0,0.0,0.0,-1.0,0
10000.0,36.0,8.99,317.96,5.0,9.0,1.0,50000.0,2.0,4.0,23.98,12.0,1.0,14482.0,56.4,19.0,0.0,0.0,0.0,1.0,677.0,9.0,0.2,0.631578947368421,154.0,0.0064935064935064,0.0064935064935064,1.0,0
10000.0,36.0,11.49,329.72,9.0,4.0,1.0,48000.0,2.0,0.0,14.55,9.0,0.0,5273.0,78.7,11.0,0.0,0.0,0.0,0.0,697.0,9.0,0.2083333333333333,0.8181818181818182,134.0,0.0,0.0,-1.0,0
16000.0,36.0,10.99,523.75,8.0,8.0,0.0,110000.0,1.0,4.0,16.0,10.0,2.0,18022.0,78.7,20.0,1.0,0.0,3.0,0.0,697.0,9.0,0.1454545454545454,0.5,144.0,0.0138888888888888,0.0,0.0,0
5500.0,36.0,10.49,178.74,7.0,10.0,2.0,99250.0,0.0,2.0,6.78,15.0,0.0,3869.0,12.9,26.0,1.0,0.0,0.0,0.0,692.0,9.0,0.0554156171284634,0.5769230769230769,181.0,0.0,0.0,-1.0,0
30000.0,36.0,13.49,1017.92,11.0,9.0,1.0,206000.0,2.0,4.0,23.87,16.0,0.0,45978.0,81.8,39.0,0.0,0.0,1.0,0.0,662.0,9.0,0.145631067961165,0.4102564102564102,203.0,0.0,0.0,-1.0,1
23100.0,36.0,15.99,812.02,14.0,10.0,2.0,55000.0,1.0,0.0,15.56,10.0,0.0,8872.0,52.5,15.0,0.0,1.0,3.0,0.0,682.0,10.0,0.42,0.6666666666666666,70.0,0.0,0.0,-1.0,0
5500.0,36.0,13.49,186.62,11.0,0.0,1.0,42700.0,2.0,10.0,11.3,11.0,0.0,6999.0,75.3,22.0,0.0,0.0,0.0,0.0,667.0,10.0,0.1288056206088993,0.5,116.0,0.0,0.0,-1.0,0
4800.0,36.0,10.49,155.99,6.0,10.0,0.0,70000.0,0.0,5.0,23.8,11.0,0.0,8242.0,43.2,23.0,0.0,0.0,3.0,0.0,672.0,10.0,0.0685714285714285,0.4782608695652174,137.0,0.0,0.0,-1.0,0
8000.0,36.0,13.49,271.45,11.0,0.0,1.0,60000.0,1.0,4.0,13.15,12.0,2.0,10743.0,37.5,24.0,1.0,0.0,0.0,1.0,707.0,10.0,0.1333333333333333,0.5,195.0,0.0102564102564102,0.0051282051282051,0.5,1
20000.0,60.0,17.99,507.76,16.0,10.0,0.0,60000.0,2.0,0.0,27.54,8.0,0.0,2692.0,42.1,34.0,0.0,1.0,4.0,0.0,717.0,10.0,0.3333333333333333,0.2352941176470588,157.0,0.0,0.0,-1.0,0
10500.0,36.0,11.39,345.7,7.0,10.0,0.0,95790.0,0.0,0.0,19.95,12.0,0.0,22414.0,91.1,31.0,0.0,0.0,2.0,0.0,712.0,10.0,0.1096147823363608,0.3870967741935484,291.0,0.0,0.0,-1.0,0
6625.0,36.0,12.74,222.4,10.0,10.0,2.0,101000.0,1.0,0.0,6.75,12.0,1.0,5532.0,41.3,32.0,0.0,0.0,6.0,0.0,672.0,10.0,0.0655940594059406,0.375,159.0,0.0062893081761006,0.0,0.0,1
35000.0,36.0,12.74,1174.91,10.0,10.0,0.0,165000.0,1.0,4.0,18.97,11.0,0.0,52771.0,67.2,19.0,0.0,0.0,2.0,0.0,697.0,10.0,0.2121212121212121,0.5789473684210527,155.0,0.0,0.0,-1.0,0
8400.0,36.0,11.49,276.96,9.0,8.0,1.0,40000.0,1.0,0.0,11.4,11.0,0.0,4942.0,76.0,14.0,1.0,0.0,0.0,0.0,682.0,10.0,0.21,0.7857142857142857,120.0,0.0,0.0,-1.0,0
5000.0,36.0,11.49,164.86,9.0,10.0,0.0,135000.0,1.0,4.0,18.57,18.0,1.0,21963.0,45.6,22.0,0.0,0.0,1.0,1.0,717.0,10.0,0.037037037037037,0.8181818181818182,297.0,0.0033670033670033,0.0033670033670033,1.0,0
32000.0,60.0,17.99,812.42,16.0,10.0,1.0,110000.0,2.0,4.0,16.09,10.0,0.0,20757.0,87.2,31.0,0.0,0.0,0.0,0.0,677.0,10.0,0.2909090909090909,0.3225806451612903,210.0,0.0,0.0,-1.0,1
5000.0,36.0,10.49,162.49,6.0,10.0,0.0,75000.0,2.0,4.0,11.87,18.0,1.0,15759.0,46.0,50.0,1.0,0.0,3.0,1.0,682.0,10.0,0.0666666666666666,0.36,287.0,0.0034843205574912,0.0034843205574912,1.0,0
13500.0,36.0,7.99,422.98,4.0,10.0,1.0,85000.0,0.0,0.0,29.02,13.0,0.0,3873.0,13.6,46.0,1.0,0.0,1.0,0.0,697.0,10.0,0.1588235294117647,0.2826086956521739,176.0,0.0,0.0,-1.0,0
25000.0,60.0,17.99,634.7,16.0,3.0,2.0,85000.0,1.0,2.0,17.17,10.0,0.0,16586.0,66.3,29.0,0.0,0.0,8.0,0.0,677.0,10.0,0.2941176470588235,0.3448275862068966,131.0,0.0,0.0,-1.0,0
13000.0,36.0,5.32,391.5,0.0,0.0,1.0,70000.0,1.0,0.0,15.17,11.0,0.0,15805.0,18.4,19.0,0.0,0.0,0.0,0.0,747.0,10.0,0.1857142857142857,0.5789473684210527,195.0,0.0,0.0,-1.0,0
29575.0,36.0,14.99,1025.09,13.0,7.0,0.0,80000.0,0.0,0.0,30.89,24.0,0.0,36193.0,51.0,40.0,0.0,0.0,1.0,0.0,697.0,10.0,0.3696875,0.6,171.0,0.0,0.0,-1.0,0
5000.0,36.0,7.99,156.66,4.0,10.0,0.0,97000.0,1.0,2.0,20.88,14.0,0.0,19607.0,48.7,34.0,1.0,0.0,2.0,0.0,692.0,10.0,0.0515463917525773,0.4117647058823529,413.0,0.0,0.0,-1.0,0
5000.0,36.0,10.49,162.49,6.0,10.0,0.0,98000.0,0.0,0.0,14.19,8.0,0.0,10058.0,94.9,18.0,0.0,0.0,4.0,0.0,687.0,10.0,0.0510204081632653,0.4444444444444444,183.0,0.0,0.0,-1.0,0
12000.0,36.0,5.32,361.38,0.0,0.0,0.0,85000.0,1.0,4.0,8.87,9.0,0.0,10753.0,31.5,29.0,1.0,0.0,6.0,0.0,722.0,10.0,0.1411764705882353,0.3103448275862069,327.0,0.0,0.0,-1.0,0
10000.0,36.0,17.99,361.48,16.0,1.0,2.0,35000.0,1.0,4.0,22.81,29.0,0.0,10120.0,38.9,36.0,1.0,0.0,1.0,0.0,662.0,10.0,0.2857142857142857,0.8055555555555556,73.0,0.0,0.0,-1.0,0
12000.0,36.0,11.44,395.37,8.0,0.0,1.0,64000.0,2.0,0.0,18.96,18.0,0.0,10661.0,63.5,36.0,0.0,0.0,0.0,0.0,702.0,10.0,0.1875,0.5,279.0,0.0,0.0,-1.0,0
28000.0,36.0,13.99,956.84,12.0,6.0,1.0,101000.0,2.0,0.0,26.75,4.0,0.0,18336.0,99.1,10.0,0.0,0.0,0.0,0.0,732.0,10.0,0.2772277227722772,0.4,137.0,0.0,0.0,-1.0,0
6400.0,36.0,8.24,201.27,5.0,10.0,0.0,192000.0,1.0,0.0,9.04,23.0,0.0,25509.0,33.6,35.0,0.0,0.0,2.0,0.0,667.0,10.0,0.0333333333333333,0.6571428571428571,189.0,0.0,0.0,-1.0,0
12000.0,60.0,26.24,361.0,24.0,10.0,0.0,84349.0,2.0,0.0,25.98,31.0,0.0,24466.0,69.3,53.0,0.0,0.0,3.0,0.0,672.0,10.0,0.1422660612455393,0.5849056603773585,145.0,0.0,0.0,-1.0,0
21600.0,60.0,15.99,525.16,14.0,5.0,1.0,80000.0,0.0,0.0,20.83,15.0,0.0,10679.0,27.1,51.0,0.0,0.0,1.0,0.0,702.0,10.0,0.27,0.2941176470588235,142.0,0.0,0.0,-1.0,1
10000.0,36.0,13.99,341.73,12.0,5.0,0.0,42000.0,1.0,4.0,17.97,6.0,0.0,13432.0,64.3,8.0,0.0,0.0,0.0,0.0,667.0,10.0,0.238095238095238,0.75,131.0,0.0,0.0,-1.0,0
8750.0,36.0,25.49,350.18,23.0,1.0,1.0,30000.0,2.0,4.0,22.08,5.0,0.0,4647.0,54.7,7.0,1.0,0.0,0.0,0.0,692.0,10.0,0.2916666666666667,0.7142857142857143,128.0,0.0,0.0,-1.0,1
5825.0,36.0,21.49,220.93,19.0,6.0,0.0,60000.0,2.0,0.0,18.62,7.0,0.0,2697.0,48.2,14.0,0.0,0.0,2.0,0.0,697.0,10.0,0.0970833333333333,0.5,167.0,0.0,0.0,-1.0,0
20000.0,60.0,11.39,438.75,7.0,0.0,0.0,61000.0,0.0,4.0,19.48,13.0,0.0,5269.0,44.7,31.0,0.0,1.0,1.0,0.0,732.0,10.0,0.3278688524590163,0.4193548387096774,195.0,0.0,0.0,-1.0,0
11000.0,36.0,8.24,345.92,5.0,10.0,0.0,60000.0,1.0,0.0,15.86,17.0,0.0,681.0,1.7,44.0,0.0,0.0,3.0,0.0,782.0,10.0,0.1833333333333333,0.3863636363636363,216.0,0.0,0.0,-1.0,0
14000.0,36.0,11.49,461.6,9.0,4.0,0.0,74968.0,1.0,0.0,11.5,7.0,0.0,6435.0,78.6,22.0,1.0,0.0,6.0,0.0,672.0,10.0,0.1867463451072457,0.3181818181818182,200.0,0.0,0.0,-1.0,0
7775.0,36.0,11.49,256.36,9.0,0.0,0.0,54000.0,1.0,0.0,28.79,10.0,0.0,6584.0,28.4,12.0,0.0,0.0,1.0,0.0,732.0,10.0,0.1439814814814815,0.8333333333333334,79.0,0.0,0.0,-1.0,0
12000.0,60.0,30.79,394.09,30.0,4.0,0.0,36000.0,1.0,5.0,25.83,4.0,0.0,8505.0,52.5,9.0,1.0,0.0,1.0,0.0,692.0,10.0,0.3333333333333333,0.4444444444444444,86.0,0.0,0.0,-1.0,0
15000.0,60.0,18.99,389.03,17.0,4.0,0.0,42000.0,0.0,0.0,28.43,6.0,0.0,11938.0,41.2,14.0,0.0,0.0,3.0,0.0,712.0,10.0,0.3571428571428571,0.4285714285714285,187.0,0.0,0.0,-1.0,0
7450.0,36.0,29.99,316.23,27.0,10.0,0.0,60000.0,2.0,0.0,34.32,15.0,0.0,7263.0,35.0,18.0,0.0,0.0,2.0,0.0,687.0,10.0,0.1241666666666666,0.8333333333333334,187.0,0.0,0.0,-1.0,0
15000.0,60.0,13.99,348.95,12.0,8.0,1.0,70000.0,2.0,0.0,27.46,11.0,1.0,9834.0,50.0,19.0,0.0,0.0,0.0,1.0,692.0,10.0,0.2142857142857142,0.5789473684210527,138.0,0.0072463768115942,0.0072463768115942,1.0,1
15000.0,36.0,11.44,494.22,8.0,1.0,0.0,65000.0,1.0,4.0,10.57,18.0,0.0,18796.0,30.7,39.0,0.0,0.0,2.0,0.0,672.0,10.0,0.2307692307692307,0.4615384615384615,161.0,0.0,0.0,-1.0,0
12000.0,60.0,21.49,327.96,19.0,10.0,0.0,45000.0,2.0,5.0,13.89,6.0,0.0,4268.0,59.3,34.0,0.0,0.0,2.0,0.0,677.0,10.0,0.2666666666666666,0.1764705882352941,146.0,0.0,0.0,-1.0,1
5000.0,36.0,11.39,164.62,7.0,10.0,0.0,140000.0,0.0,2.0,16.4,6.0,0.0,9066.0,35.1,11.0,0.0,0.0,0.0,0.0,682.0,10.0,0.0357142857142857,0.5454545454545454,183.0,0.0,0.0,-1.0,0
16000.0,60.0,17.99,406.21,16.0,10.0,0.0,85000.0,1.0,0.0,16.24,7.0,1.0,8029.0,56.5,14.0,0.0,0.0,0.0,1.0,712.0,10.0,0.188235294117647,0.5,171.0,0.0058479532163742,0.0058479532163742,1.0,0
35000.0,60.0,11.44,768.69,8.0,2.0,0.0,398000.0,1.0,0.0,14.18,28.0,0.0,99371.0,40.8,44.0,0.0,0.0,2.0,0.0,692.0,10.0,0.0879396984924623,0.6363636363636364,319.0,0.0,0.0,-1.0,0
13275.0,60.0,24.74,387.62,22.0,10.0,0.0,44299.0,1.0,0.0,29.23,11.0,1.0,10999.0,57.3,36.0,0.0,0.0,7.0,1.0,707.0,10.0,0.2996681640669089,0.3055555555555556,230.0,0.0043478260869565,0.0043478260869565,1.0,1
14500.0,60.0,25.49,429.77,23.0,6.0,0.0,46000.0,2.0,0.0,15.24,6.0,0.0,6603.0,85.8,9.0,0.0,0.0,1.0,0.0,672.0,10.0,0.3152173913043478,0.6666666666666666,185.0,0.0,0.0,-1.0,0
16000.0,60.0,13.99,372.21,12.0,10.0,1.0,56000.0,1.0,0.0,21.15,17.0,0.0,22213.0,54.2,18.0,0.0,0.0,0.0,0.0,692.0,10.0,0.2857142857142857,0.9444444444444444,348.0,0.0,0.0,-1.0,0
12000.0,60.0,19.99,317.86,18.0,4.0,2.0,60000.0,1.0,2.0,11.72,8.0,0.0,5839.0,30.1,19.0,0.0,0.0,0.0,0.0,707.0,10.0,0.2,0.4210526315789473,131.0,0.0,0.0,-1.0,0
14000.0,60.0,19.99,370.84,18.0,3.0,1.0,48000.0,1.0,0.0,28.58,5.0,0.0,5581.0,74.4,19.0,1.0,0.0,0.0,0.0,692.0,10.0,0.2916666666666667,0.2631578947368421,143.0,0.0,0.0,-1.0,0
6025.0,36.0,14.99,208.83,13.0,5.0,2.0,37000.0,1.0,0.0,20.4,7.0,0.0,3878.0,10.7,17.0,1.0,0.0,2.0,0.0,662.0,10.0,0.1628378378378378,0.4117647058823529,161.0,0.0,0.0,-1.0,1
5000.0,36.0,11.39,164.62,7.0,1.0,1.0,70000.0,1.0,7.0,23.8,14.0,0.0,9441.0,43.5,31.0,0.0,0.0,0.0,0.0,702.0,10.0,0.0714285714285714,0.4516129032258064,182.0,0.0,0.0,-1.0,0
14000.0,36.0,8.24,440.27,5.0,10.0,0.0,203210.0,1.0,0.0,6.11,14.0,0.0,6726.0,32.7,20.0,0.0,0.0,0.0,0.0,682.0,10.0,0.0688942473303479,0.7,125.0,0.0,0.0,-1.0,0
30000.0,36.0,18.99,1099.53,17.0,10.0,2.0,100000.0,1.0,0.0,24.88,9.0,0.0,55899.0,88.3,27.0,0.0,0.0,1.0,0.0,677.0,10.0,0.3,0.3333333333333333,528.0,0.0,0.0,-1.0,1
12000.0,60.0,14.99,285.42,13.0,2.0,1.0,50000.0,0.0,0.0,14.38,6.0,0.0,2162.0,54.1,7.0,0.0,0.0,0.0,0.0,707.0,10.0,0.24,0.8571428571428571,97.0,0.0,0.0,-1.0,0
9600.0,36.0,11.49,316.53,9.0,0.0,0.0,70000.0,1.0,0.0,9.98,4.0,0.0,3643.0,57.8,12.0,0.0,0.0,1.0,0.0,667.0,10.0,0.1371428571428571,0.3333333333333333,132.0,0.0,0.0,-1.0,0
16000.0,60.0,15.99,389.01,14.0,10.0,1.0,45000.0,1.0,0.0,23.01,4.0,0.0,11266.0,81.1,12.0,0.0,0.0,1.0,0.0,712.0,10.0,0.3555555555555555,0.3333333333333333,182.0,0.0,0.0,-1.0,0
5000.0,36.0,11.49,164.86,9.0,10.0,0.0,54000.0,1.0,0.0,26.69,20.0,0.0,7451.0,24.8,29.0,0.0,0.0,1.0,0.0,722.0,10.0,0.0925925925925925,0.6896551724137931,243.0,0.0,0.0,-1.0,1
16700.0,36.0,11.39,549.83,7.0,6.0,0.0,65000.0,0.0,0.0,25.15,13.0,0.0,10348.0,68.0,21.0,0.0,0.0,1.0,0.0,677.0,10.0,0.2569230769230769,0.6190476190476191,219.0,0.0,0.0,-1.0,0
30000.0,36.0,11.39,987.72,7.0,10.0,0.0,104000.0,1.0,0.0,28.79,22.0,0.0,29340.0,54.9,46.0,1.0,0.0,3.0,0.0,702.0,10.0,0.2884615384615384,0.4782608695652174,291.0,0.0,0.0,-1.0,0
16000.0,60.0,19.99,423.82,18.0,2.0,1.0,115000.0,1.0,0.0,16.32,14.0,0.0,3868.0,15.3,42.0,0.0,0.0,0.0,0.0,702.0,10.0,0.1391304347826087,0.3333333333333333,288.0,0.0,0.0,-1.0,1
18850.0,36.0,14.99,653.35,13.0,10.0,0.0,43000.0,0.0,0.0,33.8,19.0,0.0,26738.0,57.3,26.0,1.0,0.0,1.0,0.0,682.0,10.0,0.4383720930232558,0.7307692307692307,183.0,0.0,0.0,-1.0,0
15000.0,36.0,16.99,534.72,15.0,8.0,1.0,38000.0,2.0,0.0,22.49,4.0,0.0,2975.0,54.1,15.0,1.0,0.0,0.0,0.0,667.0,10.0,0.3947368421052631,0.2666666666666666,245.0,0.0,0.0,-1.0,1
3000.0,36.0,13.49,101.8,11.0,2.0,1.0,60000.0,1.0,6.0,20.58,9.0,1.0,1769.0,7.9,59.0,1.0,0.0,0.0,1.0,662.0,10.0,0.05,0.1525423728813559,192.0,0.0052083333333333,0.0052083333333333,1.0,0
12100.0,36.0,12.74,406.19,10.0,10.0,0.0,61000.0,2.0,0.0,15.97,6.0,0.0,6930.0,99.3,15.0,1.0,0.0,1.0,0.0,722.0,10.0,0.1983606557377049,0.4,200.0,0.0,0.0,-1.0,0
35000.0,36.0,8.24,1100.66,5.0,2.0,0.0,50497.0,2.0,0.0,51.0,17.0,0.0,49138.0,68.9,33.0,1.0,1.0,4.0,0.0,692.0,10.0,0.6931104818108006,0.5151515151515151,448.0,0.0,0.0,-1.0,1
16000.0,60.0,17.99,406.21,16.0,10.0,0.0,100000.0,1.0,0.0,14.51,18.0,0.0,11218.0,27.4,47.0,0.0,0.0,3.0,0.0,677.0,10.0,0.16,0.3829787234042553,156.0,0.0,0.0,-1.0,0
22050.0,36.0,12.74,740.2,10.0,8.0,1.0,141000.0,2.0,0.0,28.84,16.0,0.0,25950.0,80.8,29.0,1.0,0.0,0.0,0.0,682.0,10.0,0.1563829787234042,0.5517241379310345,289.0,0.0,0.0,-1.0,0
35000.0,36.0,14.99,1213.12,13.0,8.0,0.0,100000.0,2.0,2.0,28.89,11.0,0.0,31566.0,89.9,24.0,0.0,0.0,2.0,0.0,662.0,10.0,0.35,0.4583333333333333,152.0,0.0,0.0,-1.0,0
7000.0,36.0,5.32,210.81,0.0,10.0,0.0,86000.0,0.0,0.0,3.85,14.0,0.0,3032.0,5.8,23.0,0.0,0.0,2.0,0.0,807.0,10.0,0.0813953488372093,0.6086956521739131,240.0,0.0,0.0,-1.0,0
7500.0,36.0,12.74,251.77,10.0,10.0,2.0,28000.0,1.0,4.0,29.4,10.0,0.0,35633.0,85.7,15.0,0.0,0.0,1.0,0.0,707.0,10.0,0.2678571428571428,0.6666666666666666,187.0,0.0,0.0,-1.0,0
35000.0,36.0,13.99,1196.05,12.0,10.0,1.0,135000.0,2.0,0.0,26.96,9.0,0.0,6223.0,84.0,23.0,0.0,0.0,1.0,0.0,697.0,10.0,0.2592592592592592,0.391304347826087,151.0,0.0,0.0,-1.0,0
10250.0,36.0,17.99,370.52,16.0,9.0,2.0,40000.0,1.0,0.0,24.51,8.0,0.0,2994.0,58.7,20.0,1.0,0.0,0.0,0.0,722.0,10.0,0.25625,0.4,209.0,0.0,0.0,-1.0,0
36000.0,36.0,5.32,1084.14,0.0,4.0,0.0,185000.0,1.0,2.0,19.24,18.0,0.0,89100.0,28.4,42.0,1.0,0.0,1.0,0.0,767.0,10.0,0.1945945945945946,0.4285714285714285,249.0,0.0,0.0,-1.0,0
9000.0,36.0,13.99,307.56,12.0,5.0,1.0,45000.0,2.0,4.0,5.89,3.0,0.0,8023.0,74.3,5.0,0.0,0.0,0.0,0.0,662.0,10.0,0.2,0.6,49.0,0.0,0.0,-1.0,0
8500.0,36.0,13.99,290.47,12.0,6.0,1.0,120000.0,1.0,0.0,10.78,6.0,0.0,5422.0,68.6,15.0,0.0,0.0,1.0,0.0,672.0,10.0,0.0708333333333333,0.4,148.0,0.0,0.0,-1.0,0
14000.0,36.0,8.24,440.27,5.0,0.0,1.0,85000.0,1.0,4.0,8.7,11.0,0.0,12191.0,22.0,17.0,0.0,0.0,0.0,0.0,747.0,10.0,0.1647058823529411,0.6470588235294118,112.0,0.0,0.0,-1.0,0
7000.0,36.0,10.49,227.49,6.0,1.0,0.0,45000.0,2.0,4.0,15.63,14.0,0.0,4929.0,53.0,46.0,1.0,0.0,3.0,0.0,677.0,10.0,0.1555555555555555,0.3043478260869565,181.0,0.0,0.0,-1.0,0
25000.0,60.0,11.39,548.44,7.0,10.0,0.0,109000.0,2.0,0.0,21.83,23.0,0.0,2458.0,2.6,46.0,0.0,0.0,5.0,0.0,767.0,11.0,0.2293577981651376,0.5,350.0,0.0,0.0,-1.0,0
10102.46484375,36.0,12.74,339.12836181640625,10.0,3.0,0.0,3532629.5,2.0,0.0,104.20546997070312,17.0,0.0,508040.40625,20.86887397766113,26.0,1.0,0.0,5.0,0.0,692.0,11.0,0.002859749112810339,0.6538461217513452,204.0,0.0,0.0,-1.0,0
10275.0,36.0,15.99,361.19,14.0,10.0,0.0,35000.0,1.0,0.0,29.25,13.0,0.0,27895.0,51.8,25.0,0.0,1.0,2.0,0.0,717.0,11.0,0.2935714285714286,0.52,299.0,0.0,0.0,-1.0,1
10000.0,36.0,7.24,309.87,2.0,0.0,1.0,102000.0,1.0,0.0,8.69,12.0,0.0,8699.0,18.8,17.0,0.0,0.0,0.0,0.0,767.0,11.0,0.0980392156862745,0.7058823529411765,111.0,0.0,0.0,-1.0,0
20000.0,60.0,12.74,452.41,10.0,10.0,0.0,82000.0,1.0,2.0,22.57,25.0,0.0,15706.0,18.9,48.0,0.0,0.0,2.0,0.0,742.0,11.0,0.2439024390243902,0.5208333333333334,250.0,0.0,0.0,-1.0,1
9950.0,36.0,17.99,359.67,16.0,10.0,0.0,38000.0,0.0,2.0,7.99,14.0,0.0,7752.0,30.0,14.0,0.0,0.0,2.0,0.0,732.0,11.0,0.2618421052631579,1.0,162.0,0.0,0.0,-1.0,0
20150.0,36.0,10.49,654.83,6.0,5.0,2.0,42000.0,0.0,0.0,23.69,11.0,0.0,34095.0,38.5,19.0,1.0,0.0,0.0,0.0,707.0,11.0,0.4797619047619048,0.5789473684210527,259.0,0.0,0.0,-1.0,0
28425.0,36.0,21.49,1078.08,19.0,0.0,0.0,105000.0,2.0,0.0,13.19,12.0,0.0,21478.0,50.9,16.0,0.0,0.0,0.0,0.0,672.0,11.0,0.2707142857142857,0.75,59.0,0.0,0.0,-1.0,0
6450.0,36.0,18.99,236.4,17.0,1.0,2.0,58000.0,1.0,0.0,27.77,13.0,0.0,229.0,24.8,31.0,0.0,0.0,0.0,0.0,687.0,11.0,0.1112068965517241,0.4193548387096774,151.0,0.0,0.0,-1.0,0
24000.0,60.0,22.74,673.0,20.0,10.0,0.0,84044.0,0.0,4.0,16.96,10.0,0.0,21459.0,90.5,17.0,0.0,0.0,2.0,0.0,702.0,11.0,0.2855647042025606,0.5882352941176471,180.0,0.0,0.0,-1.0,0
20000.0,36.0,13.99,683.46,12.0,10.0,2.0,85000.0,0.0,0.0,10.84,13.0,0.0,23224.0,61.1,23.0,1.0,0.0,2.0,0.0,672.0,11.0,0.2352941176470588,0.5652173913043478,123.0,0.0,0.0,-1.0,0
7000.0,36.0,12.74,234.99,10.0,2.0,1.0,50000.0,0.0,4.0,18.41,10.0,0.0,5960.0,39.2,13.0,0.0,0.0,0.0,0.0,682.0,11.0,0.14,0.7692307692307693,53.0,0.0,0.0,-1.0,0
8000.0,36.0,8.24,251.58,5.0,4.0,0.0,45000.0,2.0,0.0,25.95,15.0,2.0,3938.0,27.7,38.0,0.0,0.0,3.0,0.0,697.0,11.0,0.1777777777777777,0.3947368421052631,206.0,0.0097087378640776,0.0,0.0,0
20175.00390625,36.0,11.49,665.1850048828124,9.0,9.0,0.0,2277941.75,1.0,0.0,94.14678649902343,6.0,0.0,877092.125,223.74029388427735,13.0,0.0,0.0,8.0,0.0,672.0,11.0,0.00885666410128269,0.4615384615384615,158.0,0.0,0.0,-1.0,0
35000.0,36.0,16.99,1247.68,15.0,10.0,0.0,98000.0,2.0,0.0,21.04,21.0,0.0,36218.0,68.5,40.0,0.0,0.0,3.0,0.0,687.0,11.0,0.3571428571428571,0.525,230.0,0.0,0.0,-1.0,0
20000.0,60.0,29.99,646.95,27.0,0.0,1.0,135000.0,1.0,0.0,10.3,11.0,0.0,13901.0,44.7,18.0,0.0,0.0,1.0,0.0,662.0,11.0,0.1481481481481481,0.6111111111111112,87.0,0.0,0.0,-1.0,0
20000.0,60.0,24.74,583.99,22.0,10.0,0.0,55000.0,0.0,0.0,17.98,9.0,0.0,11184.0,89.5,38.0,1.0,0.0,3.0,0.0,682.0,11.0,0.3636363636363636,0.2368421052631578,175.0,0.0,0.0,-1.0,0
16000.0,60.0,12.74,361.93,10.0,0.0,0.0,115000.0,1.0,0.0,10.69,11.0,0.0,15372.0,70.0,27.0,1.0,0.0,2.0,0.0,662.0,11.0,0.1391304347826087,0.4074074074074074,278.0,0.0,0.0,-1.0,1
35100.0,60.0,13.49,807.47,11.0,3.0,0.0,140020.0,2.0,4.0,20.5,7.0,0.0,34169.0,66.7,25.0,0.0,0.0,4.0,0.0,692.0,11.0,0.2506784745036423,0.28,242.0,0.0,0.0,-1.0,0
4600.0,36.0,15.99,161.7,14.0,10.0,0.0,120000.0,1.0,3.0,5.98,4.0,0.0,530.0,37.9,21.0,1.0,0.0,1.0,0.0,662.0,11.0,0.0383333333333333,0.1904761904761904,181.0,0.0,0.0,-1.0,0
23000.0,36.0,7.99,720.64,4.0,5.0,0.0,130000.0,0.0,0.0,3.89,7.0,0.0,1926.0,5.4,20.0,0.0,0.0,2.0,0.0,772.0,11.0,0.1769230769230769,0.35,225.0,0.0,0.0,-1.0,0
12800.0,36.0,13.49,434.31,11.0,10.0,1.0,32000.0,2.0,0.0,16.09,4.0,0.0,8210.0,89.2,16.0,0.0,0.0,0.0,0.0,677.0,11.0,0.4,0.25,226.0,0.0,0.0,-1.0,0
6000.0,36.0,6.99,185.24,1.0,6.0,0.0,95000.0,0.0,0.0,26.17,20.0,0.0,18071.0,36.9,35.0,1.0,0.0,6.0,0.0,737.0,11.0,0.0631578947368421,0.5714285714285714,253.0,0.0,0.0,-1.0,0
14000.0,36.0,29.99,594.25,27.0,9.0,1.0,40000.0,2.0,0.0,30.83,12.0,0.0,6044.0,40.8,20.0,1.0,0.0,0.0,0.0,672.0,11.0,0.35,0.6,75.0,0.0,0.0,-1.0,1
14000.0,36.0,11.49,461.6,9.0,10.0,1.0,75000.0,2.0,0.0,21.63,9.0,0.0,8553.0,42.1,24.0,0.0,0.0,0.0,0.0,702.0,11.0,0.1866666666666666,0.375,139.0,0.0,0.0,-1.0,0
15000.0,60.0,17.99,380.82,16.0,10.0,0.0,121000.0,0.0,2.0,20.74,15.0,0.0,15148.0,36.5,31.0,0.0,0.0,2.0,0.0,742.0,11.0,0.1239669421487603,0.4838709677419355,311.0,0.0,0.0,-1.0,0
3500.0,36.0,18.99,128.28,17.0,9.0,1.0,96000.0,2.0,5.0,14.74,9.0,0.0,3007.0,22.1,28.0,0.0,0.0,1.0,0.0,697.0,11.0,0.0364583333333333,0.3214285714285714,187.0,0.0,0.0,-1.0,0
16000.0,60.0,15.99,389.01,14.0,10.0,1.0,100000.0,0.0,0.0,14.82,11.0,0.0,6528.0,36.7,26.0,0.0,0.0,0.0,0.0,697.0,11.0,0.16,0.4230769230769231,414.0,0.0,0.0,-1.0,0
20000.0,36.0,14.99,693.21,13.0,3.0,0.0,70000.0,0.0,4.0,21.4,7.0,0.0,5971.0,52.4,12.0,0.0,0.0,0.0,0.0,662.0,11.0,0.2857142857142857,0.5833333333333334,193.0,0.0,0.0,-1.0,0
14400.0,36.0,11.49,474.79,9.0,2.0,0.0,95000.0,1.0,0.0,24.41,9.0,0.0,11066.0,66.7,39.0,0.0,0.0,9.0,0.0,682.0,11.0,0.151578947368421,0.2307692307692307,231.0,0.0,0.0,-1.0,0
24000.0,60.0,11.39,526.5,7.0,5.0,0.0,60000.0,2.0,4.0,24.76,12.0,0.0,10580.0,62.2,17.0,0.0,0.0,2.0,0.0,747.0,11.0,0.4,0.7058823529411765,110.0,0.0,0.0,-1.0,0
5000.0,36.0,11.49,164.86,9.0,1.0,2.0,23000.0,2.0,2.0,22.29,7.0,0.0,4092.0,25.6,7.0,0.0,0.0,0.0,0.0,747.0,11.0,0.217391304347826,1.0,205.0,0.0,0.0,-1.0,1
5000.0,36.0,17.99,180.74,16.0,1.0,0.0,80000.0,1.0,2.0,20.99,14.0,0.0,15704.0,44.5,53.0,1.0,0.0,3.0,0.0,672.0,11.0,0.0625,0.2641509433962264,332.0,0.0,0.0,-1.0,0
18000.0,60.0,11.39,394.88,7.0,10.0,0.0,75000.0,0.0,0.0,29.81,14.0,0.0,9687.0,40.7,51.0,0.0,0.0,3.0,0.0,707.0,11.0,0.24,0.2745098039215686,234.0,0.0,0.0,-1.0,1
11200.0,36.0,5.32,337.29,0.0,3.0,2.0,80000.0,0.0,0.0,27.66,20.0,0.0,24893.0,29.5,39.0,0.0,0.0,0.0,0.0,712.0,11.0,0.14,0.5128205128205128,308.0,0.0,0.0,-1.0,0
5500.0,36.0,11.39,181.09,7.0,8.0,1.0,33000.0,1.0,8.0,23.42,12.0,0.0,7940.0,31.4,23.0,0.0,0.0,0.0,0.0,687.0,11.0,0.1666666666666666,0.5217391304347826,147.0,0.0,0.0,-1.0,0
9600.0,36.0,10.49,311.98,6.0,10.0,0.0,75000.0,0.0,0.0,20.02,8.0,0.0,11396.0,74.0,28.0,0.0,0.0,1.0,0.0,697.0,11.0,0.128,0.2857142857142857,250.0,0.0,0.0,-1.0,0
5000.0,36.0,11.49,164.86,9.0,10.0,0.0,40000.0,2.0,5.0,14.88,15.0,0.0,4872.0,21.0,27.0,0.0,0.0,2.0,0.0,682.0,11.0,0.125,0.5555555555555556,180.0,0.0,0.0,-1.0,0
10000.0,36.0,13.49,339.31,11.0,7.0,0.0,20000.0,1.0,4.0,5.04,3.0,1.0,2830.0,72.6,8.0,0.0,0.0,2.0,1.0,692.0,11.0,0.5,0.375,225.0,0.0044444444444444,0.0044444444444444,1.0,0
4800.0,36.0,12.74,161.14,10.0,2.0,0.0,97280.0,0.0,2.0,11.86,8.0,1.0,10474.0,71.3,12.0,0.0,0.0,1.0,1.0,677.0,11.0,0.0493421052631578,0.6666666666666666,101.0,0.0099009900990099,0.0099009900990099,1.0,0
4000.0,36.0,16.99,142.6,15.0,1.0,1.0,54000.0,1.0,2.0,31.18,12.0,0.0,10170.0,24.5,16.0,0.0,0.0,0.0,0.0,677.0,11.0,0.074074074074074,0.75,172.0,0.0,0.0,-1.0,0
15000.0,36.0,11.49,494.57,9.0,10.0,1.0,65000.0,1.0,4.0,33.55,8.0,0.0,27009.0,86.6,34.0,1.0,0.0,3.0,0.0,682.0,11.0,0.2307692307692307,0.2352941176470588,176.0,0.0,0.0,-1.0,0
23987.681640625,60.0,30.89,789.2470971679687,32.0,1.0,1.0,110166.484375,1.0,0.0,92.80261016845704,22.0,0.0,132326.265625,39.18808135986328,37.0,1.0,0.0,6.0,0.0,667.0,11.0,0.21774027304989946,0.5945945945945946,465.0,0.0,0.0,-1.0,1
16900.0,36.0,14.99,585.77,13.0,2.0,1.0,69472.0,2.0,0.0,24.81,10.0,0.0,10732.0,89.4,32.0,0.0,0.0,0.0,0.0,662.0,11.0,0.2432634730538922,0.3125,190.0,0.0,0.0,-1.0,0
12800.0,60.0,24.74,373.75,22.0,10.0,2.0,52000.0,0.0,0.0,19.87,8.0,0.0,6739.0,77.5,17.0,0.0,0.0,1.0,0.0,702.0,11.0,0.2461538461538461,0.4705882352941176,258.0,0.0,0.0,-1.0,0
1200.0,36.0,13.49,40.72,11.0,0.0,1.0,28600.0,1.0,0.0,14.94,7.0,0.0,6258.0,47.8,16.0,1.0,0.0,0.0,0.0,672.0,11.0,0.0419580419580419,0.4375,137.0,0.0,0.0,-1.0,0
30000.0,60.0,13.99,697.9,12.0,10.0,1.0,120000.0,2.0,0.0,10.07,9.0,4.0,17533.0,40.0,14.0,0.0,0.0,0.0,0.0,682.0,11.0,0.25,0.6428571428571429,230.0,0.017391304347826,0.0,0.0,1
16000.0,36.0,14.99,554.57,13.0,10.0,2.0,43000.0,2.0,0.0,28.64,13.0,1.0,12999.0,50.2,27.0,0.0,0.0,0.0,0.0,662.0,11.0,0.3720930232558139,0.4814814814814814,205.0,0.0048780487804878,0.0,0.0,0
5000.0,36.0,6.99,154.37,1.0,10.0,0.0,120000.0,0.0,0.0,6.69,10.0,0.0,2684.0,5.8,32.0,0.0,0.0,4.0,0.0,812.0,11.0,0.0416666666666666,0.3125,158.0,0.0,0.0,-1.0,0
15000.0,36.0,13.99,512.6,12.0,10.0,2.0,58500.0,2.0,0.0,30.81,11.0,0.0,11401.0,79.7,23.0,0.0,0.0,0.0,0.0,682.0,11.0,0.2564102564102564,0.4782608695652174,158.0,0.0,0.0,-1.0,1
11200.0,36.0,6.0,336.82,11.0,0.0,2.0,28000.0,1.0,0.0,28.2,10.0,0.0,4890.0,28.3,11.0,0.0,0.0,0.0,0.0,692.0,11.0,0.4,0.9090909090909092,76.0,0.0,0.0,-1.0,0
12100.0,36.0,30.49,516.92,28.0,2.0,1.0,125000.0,1.0,2.0,4.44,11.0,1.0,1718.0,18.1,16.0,0.0,0.0,0.0,1.0,692.0,11.0,0.0968,0.6875,124.0,0.0080645161290322,0.0080645161290322,1.0,0
5825.0,36.0,14.99,201.9,13.0,10.0,0.0,49000.0,1.0,0.0,23.14,7.0,0.0,1930.0,52.2,17.0,1.0,0.0,3.0,0.0,692.0,11.0,0.1188775510204081,0.4117647058823529,120.0,0.0,0.0,-1.0,0
35000.0,60.0,17.99,888.58,16.0,4.0,0.0,225000.0,2.0,0.0,13.34,9.0,0.0,16829.0,88.1,22.0,0.0,0.0,2.0,0.0,692.0,11.0,0.1555555555555555,0.4090909090909091,272.0,0.0,0.0,-1.0,0
10000.0,36.0,7.24,309.87,2.0,8.0,1.0,85000.0,0.0,4.0,13.26,16.0,0.0,8255.0,25.5,27.0,0.0,0.0,1.0,0.0,762.0,11.0,0.1176470588235294,0.5925925925925926,136.0,0.0,0.0,-1.0,0
35000.0,60.0,17.99,888.58,16.0,7.0,2.0,175000.0,1.0,5.0,18.62,11.0,0.0,36317.0,128.7,21.0,0.0,0.0,4.0,0.0,677.0,11.0,0.2,0.5238095238095238,143.0,0.0,0.0,-1.0,0
35000.0,36.0,7.49,1088.56,3.0,10.0,0.0,100400.0,1.0,4.0,8.15,20.0,0.0,42399.0,29.1,33.0,0.0,0.0,2.0,0.0,722.0,11.0,0.348605577689243,0.6060606060606061,356.0,0.0,0.0,-1.0,0
15000.0,36.0,7.49,466.53,3.0,9.0,0.0,96000.0,0.0,4.0,21.31,19.0,0.0,12295.0,71.5,33.0,0.0,0.0,0.0,0.0,722.0,11.0,0.15625,0.5757575757575758,142.0,0.0,0.0,-1.0,0
17400.0,60.0,26.24,523.44,24.0,10.0,0.0,60000.0,1.0,0.0,2.84,4.0,0.0,6575.0,58.7,17.0,0.0,0.0,7.0,0.0,672.0,11.0,0.29,0.2352941176470588,193.0,0.0,0.0,-1.0,0
2500.0,36.0,13.99,85.44,12.0,0.0,1.0,80000.0,2.0,5.0,13.43,14.0,0.0,12290.0,76.8,20.0,1.0,0.0,0.0,0.0,662.0,11.0,0.03125,0.7,171.0,0.0,0.0,-1.0,0
5000.0,36.0,6.99,154.37,1.0,2.0,1.0,60000.0,0.0,4.0,11.04,8.0,0.0,5196.0,16.1,29.0,1.0,0.0,0.0,0.0,707.0,11.0,0.0833333333333333,0.2758620689655172,111.0,0.0,0.0,-1.0,0
12000.0,60.0,12.74,271.45,10.0,0.0,1.0,54000.0,1.0,4.0,19.47,5.0,0.0,10864.0,59.0,11.0,0.0,0.0,1.0,0.0,762.0,11.0,0.2222222222222222,0.4545454545454545,309.0,0.0,0.0,-1.0,0
6000.0,36.0,11.49,197.83,9.0,10.0,0.0,85000.0,2.0,3.0,13.53,12.0,0.0,787.0,7.9,22.0,0.0,0.0,0.0,0.0,702.0,11.0,0.0705882352941176,0.5454545454545454,146.0,0.0,0.0,-1.0,1
20400.0,36.0,18.99,747.68,17.0,4.0,0.0,58000.0,1.0,0.0,14.63,6.0,0.0,9776.0,33.6,11.0,0.0,0.0,1.0,0.0,677.0,11.0,0.3517241379310344,0.5454545454545454,97.0,0.0,0.0,-1.0,0
20000.0,36.0,16.99,712.96,15.0,2.0,0.0,85000.0,1.0,4.0,28.49,10.0,0.0,11344.0,65.6,16.0,1.0,0.0,2.0,0.0,682.0,11.0,0.2352941176470588,0.625,121.0,0.0,0.0,-1.0,1
35000.0,60.0,21.49,956.55,19.0,10.0,0.0,123000.0,2.0,2.0,4.38,15.0,0.0,20013.0,35.4,40.0,0.0,0.0,5.0,0.0,687.0,11.0,0.2845528455284553,0.375,142.0,0.0,0.0,-1.0,0
12000.0,36.0,18.99,439.82,17.0,10.0,0.0,55000.0,2.0,0.0,27.36,9.0,0.0,6128.0,39.8,11.0,0.0,0.0,0.0,0.0,682.0,11.0,0.2181818181818181,0.8181818181818182,137.0,0.0,0.0,-1.0,1
20000.0,36.0,17.99,722.95,16.0,2.0,1.0,75000.0,0.0,0.0,10.14,5.0,1.0,632.0,12.2,14.0,0.0,1.0,1.0,1.0,667.0,11.0,0.2666666666666666,0.3571428571428571,310.0,0.0032258064516129,0.0032258064516129,1.0,1
7200.0,36.0,14.99,249.56,13.0,3.0,1.0,45000.0,1.0,0.0,34.32,9.0,0.0,2356.0,67.3,15.0,1.0,0.0,0.0,0.0,672.0,11.0,0.16,0.6,103.0,0.0,0.0,-1.0,0
24325.0,36.0,7.24,753.76,2.0,10.0,0.0,92000.0,0.0,0.0,12.64,11.0,0.0,9047.0,29.6,31.0,1.0,0.0,6.0,0.0,722.0,11.0,0.2644021739130435,0.3548387096774194,415.0,0.0,0.0,-1.0,0
2500.0,36.0,12.74,83.93,10.0,10.0,0.0,52000.0,1.0,2.0,13.99,6.0,0.0,13998.0,96.5,8.0,1.0,0.0,1.0,0.0,697.0,0.0,0.048076923076923,0.75,127.0,0.0,0.0,-1.0,0
18000.0,36.0,18.99,659.72,17.0,6.0,0.0,124000.0,2.0,2.0,7.75,12.0,0.0,22356.0,59.5,22.0,0.0,0.0,3.0,0.0,662.0,0.0,0.1451612903225806,0.5454545454545454,121.0,0.0,0.0,-1.0,0
5000.0,36.0,13.99,170.87,12.0,5.0,0.0,76000.0,2.0,0.0,34.04,12.0,0.0,21749.0,51.0,21.0,0.0,0.0,2.0,0.0,707.0,0.0,0.0657894736842105,0.5714285714285714,264.0,0.0,0.0,-1.0,1
9600.0,36.0,11.49,316.53,9.0,6.0,2.0,90000.0,1.0,4.0,10.5,14.0,0.0,11610.0,50.7,20.0,0.0,0.0,0.0,0.0,667.0,0.0,0.1066666666666666,0.7,75.0,0.0,0.0,-1.0,0
5050.0,36.0,11.39,166.27,7.0,4.0,0.0,58000.0,0.0,0.0,2.65,11.0,0.0,3199.0,15.8,15.0,0.0,0.0,3.0,0.0,707.0,0.0,0.0870689655172413,0.7333333333333333,217.0,0.0,0.0,-1.0,0
7300.0,36.0,13.49,247.7,11.0,1.0,1.0,42000.0,2.0,0.0,24.63,5.0,0.0,6955.0,53.5,6.0,0.0,0.0,0.0,0.0,712.0,0.0,0.1738095238095238,0.8333333333333334,186.0,0.0,0.0,-1.0,1
4000.0,36.0,7.24,123.95,2.0,3.0,1.0,52000.0,1.0,4.0,16.34,8.0,0.0,3660.0,28.8,23.0,1.0,0.0,0.0,0.0,687.0,0.0,0.0769230769230769,0.3478260869565217,100.0,0.0,0.0,-1.0,0
19500.0,60.0,13.99,453.63,12.0,3.0,1.0,63294.0,0.0,0.0,11.7,7.0,0.0,17809.0,69.3,15.0,0.0,0.0,0.0,0.0,697.0,0.0,0.3080860745094321,0.4666666666666667,161.0,0.0,0.0,-1.0,0
9600.0,36.0,7.49,298.58,3.0,10.0,2.0,74000.0,0.0,0.0,13.31,8.0,0.0,8802.0,27.4,13.0,1.0,0.0,0.0,0.0,707.0,0.0,0.1297297297297297,0.6153846153846154,186.0,0.0,0.0,-1.0,0
4000.0,36.0,11.49,131.89,9.0,1.0,0.0,45000.0,1.0,0.0,13.39,7.0,1.0,851.0,12.9,22.0,0.0,0.0,4.0,1.0,662.0,0.0,0.0888888888888888,0.3181818181818182,161.0,0.0062111801242236,0.0062111801242236,1.0,0
4825.0,36.0,15.99,169.61,14.0,3.0,1.0,87000.0,1.0,4.0,16.41,13.0,0.0,8604.0,33.6,14.0,0.0,0.0,0.0,0.0,667.0,0.0,0.0554597701149425,0.9285714285714286,42.0,0.0,0.0,-1.0,1
5000.0,36.0,11.49,164.86,9.0,2.0,0.0,45000.0,1.0,4.0,20.32,15.0,0.0,6042.0,57.0,21.0,0.0,0.0,1.0,0.0,692.0,0.0,0.1111111111111111,0.7142857142857143,114.0,0.0,0.0,-1.0,0
6000.0,36.0,11.44,197.69,8.0,10.0,0.0,125000.0,1.0,0.0,9.15,6.0,0.0,3593.0,37.0,16.0,1.0,0.0,1.0,0.0,687.0,0.0,0.048,0.375,223.0,0.0,0.0,-1.0,0
3000.0,36.0,10.49,97.5,6.0,10.0,1.0,32000.0,0.0,2.0,20.11,4.0,0.0,2032.0,15.9,21.0,0.0,0.0,0.0,0.0,752.0,0.0,0.09375,0.1904761904761904,114.0,0.0,0.0,-1.0,0
8000.0,36.0,10.49,259.99,6.0,10.0,0.0,59000.0,1.0,0.0,21.05,8.0,0.0,4032.0,38.4,26.0,1.0,0.0,2.0,0.0,667.0,0.0,0.135593220338983,0.3076923076923077,112.0,0.0,0.0,-1.0,0
2500.0,36.0,5.32,75.29,0.0,4.0,0.0,100000.0,2.0,10.0,27.96,9.0,0.0,3164.0,12.2,39.0,0.0,0.0,4.0,0.0,752.0,0.0,0.025,0.2307692307692307,137.0,0.0,0.0,-1.0,0
11200.0,36.0,17.99,404.86,16.0,1.0,0.0,30000.0,2.0,0.0,24.0,7.0,0.0,9261.0,100.7,22.0,1.0,0.0,3.0,0.0,667.0,0.0,0.3733333333333333,0.3181818181818182,137.0,0.0,0.0,-1.0,1
4000.0,36.0,10.49,130.0,6.0,10.0,1.0,34000.0,1.0,0.0,32.47,5.0,0.0,5039.0,53.0,14.0,1.0,0.0,0.0,0.0,667.0,0.0,0.1176470588235294,0.3571428571428571,203.0,0.0,0.0,-1.0,0
20000.0,36.0,11.44,658.95,8.0,1.0,1.0,80000.0,1.0,4.0,13.65,8.0,0.0,15596.0,59.5,16.0,1.0,0.0,0.0,0.0,672.0,0.0,0.25,0.5,225.0,0.0,0.0,-1.0,0
32000.0,36.0,10.49,1039.93,6.0,10.0,0.0,118000.0,2.0,0.0,21.03,17.0,0.0,29387.0,70.1,37.0,1.0,0.0,2.0,0.0,667.0,0.0,0.2711864406779661,0.4594594594594595,219.0,0.0,0.0,-1.0,0
24000.0,36.0,11.44,790.74,8.0,4.0,1.0,106500.0,2.0,0.0,23.5,17.0,1.0,8433.0,15.0,25.0,1.0,0.0,1.0,0.0,692.0,0.0,0.2253521126760563,0.68,251.0,0.0039840637450199,0.0,0.0,0
15000.0,36.0,13.99,512.6,12.0,3.0,0.0,55000.0,2.0,4.0,24.46,9.0,0.0,14294.0,56.3,13.0,0.0,0.0,1.0,0.0,677.0,0.0,0.2727272727272727,0.6923076923076923,129.0,0.0,0.0,-1.0,1
6000.0,36.0,17.99,216.89,16.0,0.0,1.0,39520.0,2.0,3.0,28.06,15.0,1.0,8867.0,37.4,22.0,1.0,0.0,0.0,1.0,712.0,0.0,0.1518218623481781,0.6818181818181818,244.0,0.0040983606557377,0.0040983606557377,1.0,0
12000.0,36.0,15.99,421.83,14.0,10.0,0.0,68000.0,0.0,4.0,32.9,13.0,0.0,8602.0,26.8,37.0,0.0,0.0,6.0,0.0,737.0,0.0,0.1764705882352941,0.3513513513513513,236.0,0.0,0.0,-1.0,0
6000.0,36.0,11.49,197.83,9.0,4.0,1.0,33000.0,2.0,0.0,9.27,14.0,0.0,6151.0,35.1,14.0,0.0,0.0,0.0,0.0,672.0,0.0,0.1818181818181818,1.0,62.0,0.0,0.0,-1.0,0
35000.0,36.0,11.44,1153.17,8.0,0.0,0.0,123000.0,1.0,0.0,7.29,10.0,0.0,18557.0,98.7,19.0,0.0,0.0,2.0,0.0,662.0,0.0,0.2845528455284553,0.5263157894736842,210.0,0.0,0.0,-1.0,0
20000.0,60.0,30.84,657.43,31.0,3.0,0.0,108400.0,1.0,0.0,19.34,13.0,0.0,27464.0,65.5,42.0,0.0,0.0,3.0,0.0,687.0,0.0,0.1845018450184501,0.3095238095238095,163.0,0.0,0.0,-1.0,0
1000.0,36.0,11.44,32.95,8.0,1.0,0.0,70000.0,1.0,9.0,31.8,20.0,2.0,13103.0,59.6,43.0,0.0,0.0,1.0,2.0,667.0,0.0,0.0142857142857142,0.4651162790697674,266.0,0.0075187969924812,0.0075187969924812,1.0,0
16000.0,60.0,13.49,368.08,11.0,10.0,2.0,60000.0,0.0,0.0,21.76,12.0,0.0,3573.0,18.3,42.0,0.0,0.0,4.0,0.0,707.0,0.0,0.2666666666666666,0.2857142857142857,259.0,0.0,0.0,-1.0,0
23000.0,36.0,14.99,797.19,13.0,3.0,1.0,49000.0,1.0,4.0,11.71,12.0,0.0,12465.0,41.8,16.0,1.0,0.0,0.0,0.0,692.0,0.0,0.4693877551020408,0.75,80.0,0.0,0.0,-1.0,0
11922.375,60.0,16.99,296.2371081542969,15.0,10.0,0.0,335284.90625,2.0,4.0,50.96923011779785,13.0,0.0,18374.970703125,54.54731750488281,27.0,0.0,0.0,6.0,0.0,697.0,0.0,0.035558949112892146,0.4814814814814814,236.0,0.0,0.0,-1.0,1
5000.0,36.0,10.49,162.49,6.0,10.0,0.0,65000.0,1.0,0.0,19.92,15.0,0.0,19153.0,44.1,29.0,1.0,0.0,0.0,0.0,687.0,0.0,0.0769230769230769,0.5172413793103449,240.0,0.0,0.0,-1.0,0
6000.0,36.0,10.49,194.99,6.0,2.0,2.0,30000.0,1.0,0.0,13.04,4.0,0.0,3420.0,97.7,5.0,0.0,0.0,1.0,0.0,682.0,0.0,0.2,0.8,313.0,0.0,0.0,-1.0,0
12000.0,36.0,13.99,410.08,12.0,4.0,1.0,56000.0,2.0,0.0,17.4,16.0,0.0,7239.0,13.8,21.0,1.0,0.0,0.0,0.0,707.0,0.0,0.2142857142857142,0.7619047619047619,60.0,0.0,0.0,-1.0,0
16000.0,36.0,11.44,527.16,8.0,3.0,2.0,83000.0,0.0,4.0,21.66,10.0,1.0,2682.0,16.0,36.0,0.0,0.0,2.0,1.0,737.0,0.0,0.1927710843373494,0.2777777777777778,236.0,0.0042372881355932,0.0042372881355932,1.0,1
15000.0,36.0,12.74,503.54,10.0,3.0,1.0,60000.0,0.0,4.0,25.73,21.0,0.0,21703.0,43.9,28.0,0.0,0.0,0.0,0.0,692.0,0.0,0.25,0.75,129.0,0.0,0.0,-1.0,0
8625.0,36.0,13.49,292.66,11.0,3.0,1.0,61700.0,2.0,4.0,31.8,13.0,0.0,13698.0,43.5,50.0,0.0,0.0,0.0,0.0,687.0,0.0,0.1397893030794165,0.26,165.0,0.0,0.0,-1.0,0
1000.0,36.0,10.49,32.5,6.0,10.0,0.0,42000.0,0.0,0.0,20.66,17.0,0.0,5927.0,13.3,34.0,1.0,0.0,2.0,0.0,727.0,0.0,0.0238095238095238,0.5,139.0,0.0,0.0,-1.0,0
19200.0,60.0,13.49,441.7,11.0,10.0,2.0,74000.0,0.0,7.0,1.77,4.0,0.0,5421.0,0.0,8.0,0.0,0.0,4.0,0.0,812.0,0.0,0.2594594594594595,0.5,209.0,0.0,0.0,-1.0,1
8000.0,36.0,11.44,263.58,8.0,10.0,0.0,165000.0,0.0,4.0,8.03,7.0,0.0,16962.0,80.8,21.0,0.0,0.0,4.0,0.0,692.0,0.0,0.0484848484848484,0.3333333333333333,168.0,0.0,0.0,-1.0,0
25300.0,60.0,18.99,656.16,17.0,10.0,0.0,55000.0,0.0,0.0,32.8,8.0,0.0,23747.0,77.4,25.0,0.0,0.0,2.0,0.0,727.0,0.0,0.46,0.32,267.0,0.0,0.0,-1.0,0
8300.0,36.0,12.74,278.63,10.0,10.0,0.0,90000.0,1.0,0.0,23.78,11.0,0.0,5941.0,27.8,27.0,1.0,0.0,4.0,0.0,702.0,0.0,0.0922222222222222,0.4074074074074074,203.0,0.0,0.0,-1.0,0
24000.0,36.0,8.24,754.74,5.0,10.0,1.0,150000.0,0.0,0.0,14.42,9.0,1.0,4289.0,9.9,27.0,1.0,0.0,4.0,1.0,677.0,0.0,0.16,0.3333333333333333,143.0,0.0069930069930069,0.0069930069930069,1.0,0
35000.0,60.0,14.99,832.47,13.0,10.0,0.0,103000.0,1.0,4.0,3.34,10.0,1.0,10069.0,31.0,19.0,0.0,0.0,2.0,0.0,717.0,0.0,0.3398058252427184,0.5263157894736842,160.0,0.00625,0.0,0.0,0
24000.0,60.0,14.99,570.84,13.0,8.0,0.0,77000.0,1.0,0.0,36.61,14.0,1.0,22318.0,61.3,42.0,0.0,1.0,7.0,1.0,687.0,0.0,0.3116883116883117,0.3333333333333333,237.0,0.0042194092827004,0.0042194092827004,1.0,0
3025.0,36.0,18.99,110.87,17.0,10.0,0.0,153000.0,2.0,2.0,19.4,16.0,0.0,14464.0,102.6,33.0,1.0,0.0,7.0,0.0,682.0,0.0,0.0197712418300653,0.4848484848484848,250.0,0.0,0.0,-1.0,0
12000.0,36.0,11.49,395.66,9.0,4.0,2.0,30000.0,0.0,2.0,31.11,11.0,0.0,12823.0,83.8,19.0,0.0,1.0,0.0,0.0,682.0,0.0,0.4,0.5789473684210527,235.0,0.0,0.0,-1.0,0
8000.0,36.0,17.99,289.18,16.0,3.0,1.0,38000.0,2.0,4.0,32.79,24.0,1.0,5712.0,72.3,28.0,0.0,0.0,0.0,0.0,682.0,0.0,0.2105263157894736,0.8571428571428571,113.0,0.0088495575221238,0.0,0.0,1
6500.0,36.0,11.49,214.32,9.0,10.0,0.0,65000.0,2.0,0.0,19.5,10.0,0.0,13891.0,63.4,16.0,0.0,0.0,2.0,0.0,682.0,0.0,0.1,0.625,124.0,0.0,0.0,-1.0,1
5000.0,36.0,7.49,155.51,3.0,10.0,1.0,55000.0,0.0,5.0,10.84,6.0,0.0,21193.0,71.4,13.0,1.0,0.0,0.0,0.0,717.0,0.0,0.0909090909090909,0.4615384615384615,145.0,0.0,0.0,-1.0,0
15000.0,36.0,6.99,463.09,1.0,7.0,0.0,150000.0,0.0,2.0,15.07,10.0,0.0,0.0,0.0,36.0,0.0,0.0,4.0,0.0,777.0,0.0,0.1,0.2777777777777778,213.0,0.0,0.0,-1.0,0
9000.0,36.0,13.49,305.38,11.0,3.0,1.0,60000.0,2.0,0.0,19.11,15.0,0.0,18950.0,44.5,20.0,0.0,0.0,0.0,0.0,682.0,0.0,0.15,0.75,238.0,0.0,0.0,-1.0,0
10000.0,36.0,11.49,329.72,9.0,1.0,1.0,38000.0,1.0,4.0,5.35,5.0,0.0,6473.0,58.8,9.0,1.0,0.0,0.0,0.0,687.0,0.0,0.2631578947368421,0.5555555555555556,164.0,0.0,0.0,-1.0,0
10400.0,36.0,11.39,342.41,7.0,4.0,0.0,86000.0,0.0,0.0,12.85,9.0,0.0,10091.0,44.8,20.0,0.0,0.0,0.0,0.0,732.0,0.0,0.1209302325581395,0.45,125.0,0.0,0.0,-1.0,0
12000.0,36.0,7.24,371.85,2.0,4.0,0.0,80000.0,0.0,4.0,14.33,9.0,0.0,7707.0,32.9,12.0,0.0,0.0,1.0,0.0,732.0,0.0,0.15,0.75,125.0,0.0,0.0,-1.0,0
9600.0,36.0,8.24,301.9,5.0,2.0,0.0,53000.0,1.0,4.0,20.79,12.0,0.0,8871.0,59.9,12.0,0.0,0.0,0.0,0.0,677.0,0.0,0.1811320754716981,1.0,97.0,0.0,0.0,-1.0,0
14250.0,36.0,18.99,522.28,17.0,2.0,0.0,125000.0,1.0,0.0,11.55,15.0,1.0,257.0,1.0,31.0,0.0,0.0,2.0,1.0,667.0,0.0,0.114,0.4838709677419355,198.0,0.005050505050505,0.005050505050505,1.0,1
8000.0,36.0,17.99,289.18,16.0,2.0,0.0,53000.0,0.0,0.0,12.59,12.0,0.0,5450.0,44.0,36.0,1.0,1.0,2.0,0.0,662.0,0.0,0.1509433962264151,0.3333333333333333,293.0,0.0,0.0,-1.0,0
32000.0,36.0,13.99,1093.53,12.0,1.0,2.0,110000.0,2.0,0.0,11.72,11.0,0.0,30992.0,45.6,13.0,0.0,0.0,0.0,0.0,702.0,0.0,0.2909090909090909,0.8461538461538461,38.0,0.0,0.0,-1.0,0
30000.0,36.0,11.39,987.72,7.0,10.0,0.0,89000.0,2.0,4.0,22.36,12.0,0.0,25796.0,74.8,29.0,0.0,0.0,7.0,0.0,697.0,0.0,0.3370786516853932,0.4137931034482758,250.0,0.0,0.0,-1.0,0
10000.0,36.0,18.99,366.51,17.0,2.0,1.0,110000.0,1.0,0.0,21.09,6.0,0.0,49313.0,87.6,12.0,1.0,0.0,0.0,0.0,692.0,0.0,0.0909090909090909,0.5,206.0,0.0,0.0,-1.0,1
30000.0,36.0,15.99,1054.57,14.0,5.0,0.0,60000.0,2.0,2.0,20.34,6.0,0.0,18538.0,64.4,18.0,0.0,0.0,7.0,0.0,687.0,0.0,0.5,0.3333333333333333,193.0,0.0,0.0,-1.0,1
35000.0,36.0,18.99,1282.79,17.0,1.0,1.0,150000.0,1.0,0.0,14.9,18.0,0.0,14242.0,38.7,21.0,1.0,0.0,0.0,0.0,697.0,0.0,0.2333333333333333,0.8571428571428571,253.0,0.0,0.0,-1.0,1
35000.0,60.0,13.99,814.21,12.0,4.0,0.0,295000.0,2.0,4.0,14.52,13.0,0.0,66313.0,95.1,34.0,0.0,0.0,4.0,0.0,682.0,0.0,0.1186440677966101,0.3823529411764705,245.0,0.0,0.0,-1.0,0
15275.0,60.0,18.99,396.16,17.0,2.0,1.0,60000.0,1.0,4.0,23.98,12.0,0.0,8129.0,43.0,19.0,0.0,0.0,0.0,0.0,697.0,0.0,0.2545833333333333,0.631578947368421,256.0,0.0,0.0,-1.0,0
20000.0,36.0,7.99,626.64,4.0,10.0,1.0,105000.0,1.0,8.0,7.83,5.0,0.0,13293.0,45.7,12.0,0.0,0.0,0.0,0.0,682.0,0.0,0.1904761904761904,0.4166666666666667,249.0,0.0,0.0,-1.0,0
20000.0,36.0,11.39,658.48,7.0,10.0,0.0,81000.0,0.0,0.0,22.28,12.0,0.0,18773.0,35.8,26.0,0.0,0.0,3.0,0.0,752.0,0.0,0.2469135802469135,0.4615384615384615,221.0,0.0,0.0,-1.0,0
7800.0,36.0,7.24,241.7,2.0,7.0,2.0,59000.0,2.0,0.0,12.0,6.0,0.0,13992.0,65.1,11.0,0.0,0.0,1.0,0.0,717.0,0.0,0.1322033898305084,0.5454545454545454,169.0,0.0,0.0,-1.0,0
19200.0,36.0,5.32,578.21,0.0,10.0,0.0,100000.0,0.0,4.0,22.27,21.0,0.0,3074.0,22.4,42.0,0.0,0.0,2.0,0.0,742.0,1.0,0.192,0.5,160.0,0.0,0.0,-1.0,0
15350.0,36.0,14.99,532.04,13.0,0.0,0.0,60000.0,0.0,4.0,30.12,20.0,1.0,18364.0,29.3,29.0,0.0,0.0,2.0,1.0,747.0,1.0,0.2558333333333333,0.6896551724137931,214.0,0.0046728971962616,0.0046728971962616,1.0,0
7500.0,36.0,14.99,259.96,13.0,9.0,2.0,136000.0,1.0,5.0,15.15,9.0,0.0,2337.0,73.0,24.0,0.0,0.0,8.0,0.0,692.0,1.0,0.0551470588235294,0.375,203.0,0.0,0.0,-1.0,0
3300.0,36.0,16.99,117.64,15.0,3.0,1.0,40000.0,2.0,0.0,33.18,12.0,0.0,9821.0,57.8,16.0,1.0,0.0,0.0,0.0,672.0,1.0,0.0825,0.75,79.0,0.0,0.0,-1.0,0
2100.0,36.0,7.24,65.08,2.0,9.0,0.0,85000.0,0.0,5.0,0.0,5.0,1.0,0.0,0.0,31.0,1.0,0.0,3.0,1.0,687.0,1.0,0.0247058823529411,0.1612903225806451,145.0,0.0068965517241379,0.0068965517241379,1.0,0
12000.0,60.0,16.99,298.17,15.0,10.0,0.0,78000.0,2.0,0.0,25.15,10.0,0.0,7502.0,28.0,19.0,0.0,0.0,2.0,0.0,702.0,1.0,0.1538461538461538,0.5263157894736842,158.0,0.0,0.0,-1.0,1
4000.0,36.0,10.49,130.0,6.0,5.0,0.0,36000.0,1.0,0.0,34.33,11.0,0.0,4093.0,11.0,19.0,0.0,0.0,0.0,0.0,747.0,1.0,0.1111111111111111,0.5789473684210527,203.0,0.0,0.0,-1.0,0
5600.0,36.0,13.49,190.02,11.0,4.0,1.0,135000.0,2.0,9.0,8.96,13.0,0.0,33189.0,84.6,33.0,0.0,0.0,2.0,0.0,667.0,1.0,0.0414814814814814,0.3939393939393939,317.0,0.0,0.0,-1.0,0
30000.0,60.0,13.49,690.15,11.0,3.0,0.0,133000.0,1.0,0.0,10.47,31.0,0.0,27113.0,74.1,65.0,0.0,0.0,1.0,0.0,692.0,1.0,0.225563909774436,0.4769230769230769,235.0,0.0,0.0,-1.0,0
8400.0,36.0,13.99,287.06,12.0,2.0,0.0,47000.0,1.0,3.0,5.06,11.0,0.0,4807.0,30.2,27.0,0.0,0.0,2.0,0.0,662.0,1.0,0.1787234042553191,0.4074074074074074,140.0,0.0,0.0,-1.0,0
17600.0,60.0,15.99,427.91,14.0,10.0,0.0,109000.0,2.0,0.0,15.64,9.0,0.0,5309.0,38.8,26.0,0.0,0.0,4.0,0.0,692.0,1.0,0.1614678899082569,0.3461538461538461,163.0,0.0,0.0,-1.0,1
12000.0,60.0,16.99,298.17,15.0,2.0,1.0,35000.0,2.0,0.0,16.53,7.0,0.0,7162.0,77.8,10.0,0.0,0.0,0.0,0.0,677.0,1.0,0.3428571428571428,0.7,46.0,0.0,0.0,-1.0,1
24000.0,36.0,26.24,970.05,24.0,10.0,1.0,89000.0,2.0,0.0,28.61,17.0,0.0,37870.0,80.6,24.0,1.0,0.0,0.0,0.0,662.0,1.0,0.2696629213483146,0.7083333333333334,371.0,0.0,0.0,-1.0,0
35000.0,36.0,15.99,1230.33,14.0,5.0,2.0,85000.0,2.0,5.0,25.14,14.0,0.0,11401.0,48.7,30.0,1.0,0.0,2.0,0.0,732.0,1.0,0.4117647058823529,0.4666666666666667,138.0,0.0,0.0,-1.0,1
1650.0,36.0,13.49,55.99,11.0,0.0,1.0,43000.0,1.0,5.0,19.51,14.0,0.0,17578.0,63.0,38.0,0.0,0.0,0.0,0.0,672.0,1.0,0.0383720930232558,0.3684210526315789,172.0,0.0,0.0,-1.0,0
14000.0,36.0,15.99,492.13,14.0,4.0,2.0,41418.4,1.0,2.0,25.82,20.0,0.0,6393.0,28.2,22.0,0.0,0.0,0.0,0.0,677.0,1.0,0.3380140227531725,0.9090909090909092,56.0,0.0,0.0,-1.0,1
7700.0,36.0,15.99,270.68,14.0,1.0,1.0,27447.22,2.0,4.0,18.63,5.0,0.0,7623.0,78.6,5.0,0.0,0.0,0.0,0.0,672.0,1.0,0.2805384297571848,1.0,41.0,0.0,0.0,-1.0,0
12000.0,36.0,17.99,433.77,16.0,10.0,1.0,50000.0,2.0,4.0,22.68,19.0,1.0,14203.0,40.9,37.0,0.0,0.0,0.0,1.0,662.0,1.0,0.24,0.5135135135135135,185.0,0.0054054054054054,0.0054054054054054,1.0,1
6400.0,36.0,15.99,224.98,14.0,0.0,1.0,50000.0,1.0,0.0,25.95,9.0,0.0,12780.0,79.4,16.0,0.0,0.0,0.0,0.0,682.0,1.0,0.128,0.5625,58.0,0.0,0.0,-1.0,0
20000.0,60.0,16.99,496.95,15.0,2.0,0.0,17000.0,2.0,6.0,10.52,7.0,0.0,3581.0,22.0,13.0,0.0,1.0,3.0,0.0,692.0,1.0,1.1764705882352942,0.5384615384615384,106.0,0.0,0.0,-1.0,0
2075.0,36.0,11.44,68.37,8.0,1.0,0.0,56150.0,2.0,2.0,28.26,11.0,0.0,21507.0,88.9,17.0,0.0,0.0,1.0,0.0,722.0,1.0,0.0369545859305431,0.6470588235294118,155.0,0.0,0.0,-1.0,0
35000.0,60.0,12.74,791.71,10.0,10.0,0.0,73000.0,2.0,4.0,21.72,11.0,0.0,35829.0,58.0,22.0,0.0,1.0,4.0,0.0,702.0,1.0,0.4794520547945205,0.5,206.0,0.0,0.0,-1.0,0
30000.0,36.0,5.32,903.45,0.0,10.0,0.0,335000.0,0.0,4.0,15.4,6.0,0.0,185.0,0.9,26.0,0.0,0.0,5.0,0.0,732.0,1.0,0.0895522388059701,0.2307692307692307,162.0,0.0,0.0,-1.0,0
28000.0,36.0,11.44,922.53,8.0,1.0,0.0,210000.0,2.0,0.0,33.67,22.0,0.0,134256.0,40.4,32.0,0.0,0.0,4.0,0.0,732.0,1.0,0.1333333333333333,0.6875,370.0,0.0,0.0,-1.0,0
8000.0,36.0,13.49,271.45,11.0,2.0,0.0,48000.0,1.0,2.0,4.08,4.0,1.0,3218.0,36.6,6.0,0.0,0.0,1.0,1.0,667.0,1.0,0.1666666666666666,0.6666666666666666,111.0,0.009009009009009,0.009009009009009,1.0,0
24000.0,60.0,15.99,583.51,14.0,5.0,0.0,109000.0,0.0,2.0,20.78,10.0,0.0,29891.0,84.4,19.0,0.0,0.0,1.0,0.0,712.0,1.0,0.2201834862385321,0.5263157894736842,274.0,0.0,0.0,-1.0,0
1800.0,36.0,5.32,54.21,0.0,10.0,0.0,52000.0,1.0,2.0,7.25,9.0,0.0,5215.0,31.0,25.0,0.0,0.0,3.0,0.0,787.0,1.0,0.0346153846153846,0.36,387.0,0.0,0.0,-1.0,0
35000.0,36.0,5.32,1054.02,0.0,2.0,0.0,300000.0,1.0,4.0,21.27,11.0,0.0,33248.0,40.2,37.0,0.0,0.0,1.0,0.0,782.0,1.0,0.1166666666666666,0.2972972972972973,188.0,0.0,0.0,-1.0,0
5000.0,36.0,11.49,164.86,9.0,2.0,1.0,95000.0,1.0,0.0,10.67,8.0,0.0,5393.0,65.8,24.0,0.0,0.0,0.0,0.0,697.0,1.0,0.0526315789473684,0.3333333333333333,221.0,0.0,0.0,-1.0,1
29925.0,36.0,13.49,1015.37,11.0,3.0,0.0,78800.0,1.0,0.0,24.87,12.0,0.0,50157.0,92.0,29.0,1.0,0.0,3.0,0.0,717.0,1.0,0.3797588832487309,0.4137931034482758,183.0,0.0,0.0,-1.0,0
7200.0,36.0,10.49,233.99,6.0,10.0,0.0,60000.0,2.0,4.0,14.96,8.0,0.0,8850.0,88.5,25.0,0.0,0.0,1.0,0.0,677.0,1.0,0.12,0.32,154.0,0.0,0.0,-1.0,0
22175.0,60.0,13.99,515.86,12.0,3.0,0.0,357410.0,2.0,4.0,11.31,10.0,0.0,55923.0,78.1,18.0,0.0,0.0,2.0,0.0,697.0,1.0,0.0620435913936375,0.5555555555555556,160.0,0.0,0.0,-1.0,0
15000.0,36.0,14.99,519.91,13.0,7.0,0.0,90000.0,2.0,0.0,34.79,16.0,0.0,56896.0,46.6,34.0,1.0,0.0,2.0,0.0,682.0,1.0,0.1666666666666666,0.4705882352941176,129.0,0.0,0.0,-1.0,1
35000.0,60.0,13.99,814.21,12.0,8.0,0.0,149330.0,1.0,0.0,9.46,18.0,0.0,9809.0,9.4,39.0,0.0,0.0,2.0,0.0,822.0,1.0,0.2343802317016005,0.4615384615384615,266.0,0.0,0.0,-1.0,0
12000.0,60.0,30.74,393.72,29.0,7.0,1.0,75000.0,2.0,0.0,2.78,8.0,0.0,5579.0,31.2,8.0,0.0,0.0,0.0,0.0,712.0,1.0,0.16,1.0,53.0,0.0,0.0,-1.0,1
8000.0,36.0,11.49,263.78,9.0,3.0,1.0,34000.0,0.0,4.0,8.75,7.0,0.0,7803.0,30.2,10.0,0.0,0.0,0.0,0.0,692.0,1.0,0.2352941176470588,0.7,53.0,0.0,0.0,-1.0,0
35000.0,60.0,23.99,1006.68,21.0,10.0,2.0,100000.0,0.0,0.0,29.71,13.0,0.0,96474.0,72.9,25.0,0.0,0.0,2.0,0.0,702.0,1.0,0.35,0.52,257.0,0.0,0.0,-1.0,0
10000.0,36.0,10.49,324.98,6.0,10.0,2.0,110000.0,1.0,7.0,13.8,12.0,0.0,23830.0,29.1,29.0,0.0,0.0,2.0,0.0,767.0,1.0,0.0909090909090909,0.4137931034482758,191.0,0.0,0.0,-1.0,0
5000.0,36.0,12.74,167.85,10.0,1.0,1.0,34000.0,1.0,0.0,17.12,9.0,0.0,6396.0,75.2,14.0,1.0,0.0,0.0,0.0,687.0,1.0,0.1470588235294117,0.6428571428571429,103.0,0.0,0.0,-1.0,0
7000.0,36.0,7.99,219.33,4.0,10.0,1.0,51000.0,1.0,4.0,20.94,13.0,0.0,6667.0,34.4,25.0,0.0,0.0,0.0,0.0,717.0,1.0,0.1372549019607843,0.52,134.0,0.0,0.0,-1.0,0
12800.0,60.0,15.99,311.21,14.0,10.0,0.0,90000.0,0.0,0.0,14.97,16.0,0.0,7048.0,20.7,34.0,0.0,0.0,1.0,0.0,692.0,1.0,0.1422222222222222,0.4705882352941176,196.0,0.0,0.0,-1.0,0
12000.0,36.0,16.99,427.78,15.0,3.0,1.0,60000.0,2.0,0.0,24.98,8.0,0.0,11749.0,82.7,12.0,0.0,0.0,0.0,0.0,697.0,1.0,0.2,0.6666666666666666,92.0,0.0,0.0,-1.0,0
4000.0,36.0,13.99,136.7,12.0,10.0,1.0,65000.0,0.0,0.0,28.64,18.0,0.0,26335.0,92.0,25.0,1.0,0.0,0.0,0.0,672.0,1.0,0.0615384615384615,0.72,246.0,0.0,0.0,-1.0,0
12000.0,36.0,13.99,410.08,12.0,0.0,0.0,42000.0,2.0,0.0,31.51,20.0,2.0,9547.0,50.0,24.0,1.0,0.0,2.0,0.0,662.0,1.0,0.2857142857142857,0.8333333333333334,261.0,0.0076628352490421,0.0,0.0,1
4800.0,36.0,8.24,150.95,5.0,0.0,0.0,64000.0,1.0,0.0,25.15,9.0,0.0,5170.0,31.0,16.0,1.0,0.0,1.0,0.0,687.0,1.0,0.075,0.5625,126.0,0.0,0.0,-1.0,1
21000.0,36.0,14.99,727.87,13.0,1.0,0.0,130000.0,1.0,4.0,8.12,11.0,0.0,16138.0,80.7,19.0,1.0,0.0,1.0,0.0,682.0,1.0,0.1615384615384615,0.5789473684210527,140.0,0.0,0.0,-1.0,0
9000.0,36.0,14.99,311.95,13.0,6.0,1.0,34500.0,0.0,4.0,33.32,9.0,0.0,9392.0,78.3,16.0,0.0,0.0,0.0,0.0,717.0,1.0,0.2608695652173913,0.5625,126.0,0.0,0.0,-1.0,0
5000.0,36.0,18.99,183.26,17.0,5.0,2.0,150000.0,1.0,5.0,11.86,11.0,0.0,5723.0,63.0,31.0,0.0,0.0,1.0,0.0,687.0,1.0,0.0333333333333333,0.3548387096774194,134.0,0.0,0.0,-1.0,0
10000.0,60.0,12.74,226.21,10.0,2.0,0.0,102000.0,0.0,5.0,10.65,8.0,1.0,2057.0,7.9,21.0,0.0,0.0,0.0,1.0,677.0,1.0,0.0980392156862745,0.3809523809523809,233.0,0.0042918454935622,0.0042918454935622,1.0,0
8000.0,36.0,13.99,273.39,12.0,10.0,1.0,42000.0,0.0,4.0,20.8,9.0,0.0,25538.0,68.5,20.0,0.0,0.0,1.0,0.0,667.0,1.0,0.1904761904761904,0.45,525.0,0.0,0.0,-1.0,1
17450.0,36.0,14.99,604.83,13.0,10.0,1.0,48000.0,2.0,4.0,23.45,10.0,0.0,6554.0,72.8,17.0,1.0,0.0,0.0,0.0,667.0,1.0,0.3635416666666666,0.5882352941176471,125.0,0.0,0.0,-1.0,0
21000.0,60.0,15.99,510.57,14.0,2.0,2.0,47047.0,2.0,0.0,20.38,5.0,0.0,149.0,5.1,16.0,0.0,0.0,0.0,0.0,672.0,2.0,0.446362148489808,0.3125,195.0,0.0,0.0,-1.0,1
40000.0,36.0,15.99,1406.09,14.0,10.0,0.0,84000.0,2.0,0.0,21.54,15.0,0.0,40302.0,79.3,40.0,0.0,0.0,2.0,0.0,687.0,2.0,0.4761904761904761,0.375,149.0,0.0,0.0,-1.0,0
14000.0,36.0,12.74,469.97,10.0,2.0,0.0,112000.0,0.0,0.0,30.52,14.0,1.0,11456.0,43.2,26.0,1.0,0.0,3.0,1.0,722.0,2.0,0.125,0.5384615384615384,162.0,0.0061728395061728,0.0061728395061728,1.0,0
35000.0,36.0,14.99,1213.12,13.0,10.0,0.0,90000.0,2.0,2.0,10.84,11.0,0.0,0.0,0.0,23.0,0.0,0.0,3.0,0.0,707.0,2.0,0.3888888888888889,0.4782608695652174,178.0,0.0,0.0,-1.0,0
30000.0,60.0,25.49,889.18,23.0,5.0,0.0,60000.0,2.0,0.0,29.14,16.0,0.0,35713.0,59.3,22.0,1.0,0.0,2.0,0.0,697.0,2.0,0.5,0.7272727272727273,162.0,0.0,0.0,-1.0,1
10000.0,36.0,17.99,361.48,16.0,2.0,1.0,95000.0,0.0,0.0,32.39,23.0,0.0,72729.0,73.3,36.0,1.0,0.0,3.0,0.0,672.0,2.0,0.1052631578947368,0.6388888888888888,279.0,0.0,0.0,-1.0,0
10000.0,60.0,15.99,243.13,14.0,5.0,0.0,251000.0,1.0,5.0,14.19,18.0,2.0,8233.0,20.1,31.0,0.0,0.0,1.0,1.0,687.0,2.0,0.0398406374501992,0.5806451612903226,199.0,0.0100502512562814,0.0050251256281407,0.5,0
35000.0,60.0,16.99,869.66,15.0,9.0,0.0,73636.0,2.0,0.0,23.42,6.0,0.0,18613.0,92.6,21.0,0.0,0.0,3.0,0.0,672.0,2.0,0.4753109891900701,0.2857142857142857,178.0,0.0,0.0,-1.0,0
8400.0,36.0,7.99,263.19,4.0,10.0,2.0,48000.0,2.0,3.0,12.95,11.0,0.0,2536.0,4.4,18.0,1.0,0.0,1.0,0.0,847.5,2.0,0.175,0.6111111111111112,304.0,0.0,0.0,-1.0,0
35000.0,36.0,11.39,1152.34,7.0,2.0,1.0,90000.0,2.0,4.0,24.96,8.0,0.0,42323.0,66.2,23.0,0.0,0.0,0.0,0.0,672.0,2.0,0.3888888888888889,0.3478260869565217,193.0,0.0,0.0,-1.0,0
14000.0,60.0,18.99,363.1,17.0,5.0,0.0,52000.0,1.0,0.0,21.53,14.0,1.0,15460.0,54.0,33.0,0.0,0.0,6.0,0.0,672.0,2.0,0.2692307692307692,0.4242424242424242,301.0,0.0033222591362126,0.0,0.0,0
8000.0,36.0,5.32,240.92,0.0,2.0,0.0,113000.0,0.0,0.0,22.97,10.0,0.0,174130.0,36.1,13.0,0.0,0.0,1.0,0.0,767.0,2.0,0.0707964601769911,0.7692307692307693,219.0,0.0,0.0,-1.0,0
9500.0,36.0,11.39,312.78,7.0,10.0,1.0,65000.0,0.0,4.0,9.58,15.0,1.0,12529.0,27.7,29.0,1.0,0.0,0.0,1.0,677.0,2.0,0.1461538461538461,0.5172413793103449,437.0,0.0022883295194508,0.0022883295194508,1.0,0
10000.0,36.0,11.49,329.72,9.0,4.0,0.0,31512.0,1.0,4.0,22.35,7.0,1.0,7918.0,81.6,19.0,0.0,1.0,1.0,1.0,672.0,2.0,0.3173394262503173,0.3684210526315789,344.0,0.002906976744186,0.002906976744186,1.0,0
25000.0,36.0,8.24,786.19,5.0,6.0,0.0,140000.0,2.0,4.0,23.14,9.0,0.0,27267.0,83.0,27.0,0.0,0.0,11.0,0.0,692.0,2.0,0.1785714285714285,0.3333333333333333,231.0,0.0,0.0,-1.0,0
3600.0,36.0,7.24,111.56,2.0,10.0,1.0,36000.0,1.0,0.0,26.2,9.0,0.0,1688.0,11.7,34.0,1.0,0.0,2.0,0.0,702.0,2.0,0.1,0.2647058823529412,126.0,0.0,0.0,-1.0,0
12500.0,60.0,14.99,297.31,13.0,10.0,1.0,65000.0,0.0,0.0,12.61,9.0,0.0,17117.0,50.8,25.0,0.0,0.0,0.0,0.0,692.0,2.0,0.1923076923076923,0.36,239.0,0.0,0.0,-1.0,0
2100.0,36.0,13.49,71.26,11.0,2.0,1.0,52000.0,2.0,5.0,14.89,18.0,0.0,3698.0,12.5,20.0,0.0,0.0,0.0,0.0,702.0,2.0,0.0403846153846153,0.9,124.0,0.0,0.0,-1.0,1
10000.0,36.0,16.99,356.48,15.0,5.0,1.0,40000.0,0.0,4.0,5.4,5.0,0.0,6104.0,53.1,7.0,1.0,0.0,0.0,0.0,682.0,2.0,0.25,0.7142857142857143,54.0,0.0,0.0,-1.0,0
3000.0,36.0,8.24,94.35,5.0,0.0,1.0,50000.0,0.0,0.0,26.09,18.0,0.0,2535.0,13.9,21.0,0.0,0.0,0.0,0.0,752.0,2.0,0.06,0.8571428571428571,112.0,0.0,0.0,-1.0,0
17000.0,60.0,13.99,395.48,12.0,4.0,0.0,108000.0,2.0,0.0,28.33,24.0,0.0,32869.0,41.8,48.0,0.0,0.0,3.0,0.0,702.0,2.0,0.1574074074074074,0.5,158.0,0.0,0.0,-1.0,0
20500.0,60.0,15.99,498.42,14.0,10.0,1.0,105000.0,0.0,0.0,30.64,23.0,1.0,17078.0,38.1,47.0,0.0,0.0,0.0,1.0,682.0,2.0,0.1952380952380952,0.4893617021276595,337.0,0.0029673590504451,0.0029673590504451,1.0,1
7500.0,36.0,5.32,225.87,0.0,6.0,0.0,190000.0,1.0,2.0,12.01,13.0,1.0,15723.0,37.9,27.0,0.0,0.0,3.0,1.0,742.0,2.0,0.0394736842105263,0.4814814814814814,304.0,0.0032894736842105,0.0032894736842105,1.0,0
4000.0,36.0,10.49,130.0,6.0,10.0,0.0,90000.0,1.0,2.0,11.83,7.0,1.0,1796.0,10.1,20.0,0.0,0.0,2.0,1.0,687.0,2.0,0.0444444444444444,0.35,191.0,0.0052356020942408,0.0052356020942408,1.0,0
12000.0,36.0,8.24,377.37,5.0,6.0,0.0,35000.0,0.0,0.0,18.42,11.0,0.0,10358.0,29.9,19.0,0.0,0.0,2.0,0.0,732.0,2.0,0.3428571428571428,0.5789473684210527,68.0,0.0,0.0,-1.0,0
10000.0,60.0,15.99,243.13,14.0,10.0,1.0,36000.0,2.0,0.0,21.4,7.0,0.0,6234.0,61.7,14.0,0.0,0.0,0.0,0.0,667.0,2.0,0.2777777777777778,0.5,162.0,0.0,0.0,-1.0,0
32000.0,60.0,11.49,703.61,9.0,10.0,0.0,141428.0,2.0,0.0,32.25,19.0,0.0,73622.0,86.0,38.0,0.0,0.0,2.0,0.0,692.0,2.0,0.2262635404587493,0.5,383.0,0.0,0.0,-1.0,0
11000.0,36.0,11.44,362.43,8.0,2.0,0.0,86000.0,1.0,0.0,26.37,10.0,0.0,3825.0,21.6,19.0,0.0,0.0,2.0,0.0,697.0,2.0,0.127906976744186,0.5263157894736842,124.0,0.0,0.0,-1.0,0
12800.0,60.0,13.99,297.77,12.0,8.0,0.0,68000.0,0.0,0.0,26.49,17.0,0.0,13016.0,58.6,49.0,0.0,0.0,1.0,0.0,687.0,2.0,0.188235294117647,0.3469387755102041,223.0,0.0,0.0,-1.0,0
4000.0,36.0,5.32,120.46,0.0,3.0,1.0,50000.0,1.0,0.0,10.75,4.0,0.0,12404.0,36.9,14.0,1.0,0.0,0.0,0.0,712.0,2.0,0.08,0.2857142857142857,123.0,0.0,0.0,-1.0,0
12000.0,36.0,8.24,377.37,5.0,10.0,0.0,67600.0,1.0,0.0,14.27,10.0,0.0,12973.0,40.5,12.0,1.0,0.0,1.0,0.0,732.0,2.0,0.1775147928994082,0.8333333333333334,264.0,0.0,0.0,-1.0,0
19900.0,60.0,30.79,653.53,30.0,10.0,2.0,52000.0,2.0,2.0,12.51,14.0,1.0,12577.0,37.7,20.0,0.0,0.0,0.0,1.0,672.0,2.0,0.3826923076923076,0.7,139.0,0.0071942446043165,0.0071942446043165,1.0,0
24950.0,60.0,11.49,548.6,9.0,10.0,0.0,102000.0,2.0,4.0,28.41,15.0,0.0,49904.0,80.5,32.0,0.0,0.0,4.0,0.0,687.0,2.0,0.2446078431372549,0.46875,252.0,0.0,0.0,-1.0,0
6000.0,36.0,5.32,180.69,0.0,10.0,2.0,50000.0,2.0,7.0,24.7,10.0,0.0,5186.0,15.9,28.0,0.0,0.0,2.0,0.0,757.0,2.0,0.12,0.3571428571428571,428.0,0.0,0.0,-1.0,0
6000.0,36.0,13.49,203.59,11.0,10.0,2.0,57200.0,2.0,0.0,15.24,12.0,0.0,19749.0,57.9,30.0,0.0,0.0,0.0,0.0,672.0,2.0,0.1048951048951049,0.4,309.0,0.0,0.0,-1.0,1
13050.0,36.0,7.99,408.88,4.0,10.0,0.0,80000.0,1.0,0.0,32.88,19.0,0.0,24005.0,51.4,50.0,0.0,0.0,4.0,0.0,717.0,2.0,0.163125,0.38,193.0,0.0,0.0,-1.0,0
14500.0,36.0,11.49,478.09,9.0,2.0,0.0,61000.0,1.0,4.0,22.76,12.0,1.0,14375.0,54.5,29.0,0.0,0.0,0.0,1.0,662.0,2.0,0.2377049180327868,0.4137931034482758,126.0,0.0079365079365079,0.0079365079365079,1.0,1
3600.0,36.0,19.99,133.78,18.0,2.0,2.0,27000.0,2.0,0.0,17.73,9.0,0.0,1319.0,40.0,10.0,0.0,0.0,0.0,0.0,682.0,2.0,0.1333333333333333,0.9,37.0,0.0,0.0,-1.0,1
2000.0,36.0,15.99,70.31,14.0,0.0,2.0,20000.0,1.0,4.0,7.36,2.0,0.0,3590.0,65.3,4.0,0.0,0.0,0.0,0.0,712.0,2.0,0.1,0.5,68.0,0.0,0.0,-1.0,1
20000.0,60.0,11.49,439.76,9.0,0.0,0.0,93500.0,0.0,0.0,17.55,7.0,1.0,1269.0,12.9,16.0,0.0,1.0,1.0,0.0,717.0,2.0,0.213903743315508,0.4375,270.0,0.0037037037037037,0.0,0.0,0
4800.0,36.0,10.49,155.99,6.0,10.0,0.0,127000.0,1.0,2.0,12.71,11.0,1.0,2560.0,10.8,22.0,0.0,0.0,4.0,1.0,667.0,2.0,0.0377952755905511,0.5,187.0,0.0053475935828877,0.0053475935828877,1.0,0
24000.0,60.0,16.99,596.34,15.0,3.0,2.0,65000.0,1.0,0.0,18.45,9.0,0.0,9715.0,54.0,15.0,0.0,0.0,0.0,0.0,672.0,2.0,0.3692307692307692,0.6,208.0,0.0,0.0,-1.0,1
30000.0,60.0,14.99,713.55,13.0,3.0,0.0,128000.0,1.0,4.0,14.74,19.0,0.0,38155.0,76.8,45.0,0.0,0.0,3.0,0.0,682.0,2.0,0.234375,0.4222222222222222,237.0,0.0,0.0,-1.0,1
28000.0,60.0,30.99,923.0,34.0,10.0,1.0,87000.0,2.0,0.0,27.01,9.0,0.0,42853.0,93.2,14.0,0.0,0.0,3.0,0.0,672.0,2.0,0.3218390804597701,0.6428571428571429,224.0,0.0,0.0,-1.0,1
16800.0,36.0,8.24,528.32,5.0,9.0,0.0,45000.0,0.0,4.0,24.99,13.0,0.0,13580.0,41.4,18.0,0.0,0.0,2.0,0.0,702.0,2.0,0.3733333333333333,0.7222222222222222,121.0,0.0,0.0,-1.0,0
18000.0,36.0,15.99,632.74,14.0,3.0,1.0,45000.0,1.0,4.0,34.08,18.0,0.0,26926.0,67.0,25.0,1.0,0.0,0.0,0.0,667.0,2.0,0.4,0.72,107.0,0.0,0.0,-1.0,1
6400.0,36.0,13.49,217.16,11.0,2.0,1.0,38000.0,2.0,5.0,18.32,32.0,0.0,6162.0,48.5,62.0,0.0,0.0,0.0,0.0,667.0,2.0,0.1684210526315789,0.5161290322580645,141.0,0.0,0.0,-1.0,1
13657.4833984375,36.0,18.99,500.55921875,17.0,10.0,2.0,3371604.25,2.0,1.0,82.73617797851563,26.0,0.0,411908.46875,36.21836128234863,32.0,1.0,0.0,11.0,0.0,682.0,2.0,0.004050736184989107,0.812499980131785,233.0,0.0,0.0,-1.0,0
38400.0,60.0,30.49,1253.96,28.0,10.0,2.0,220000.0,2.0,0.0,15.16,36.0,0.0,26375.0,31.4,88.0,0.0,0.0,0.0,0.0,717.0,2.0,0.1745454545454545,0.4090909090909091,384.0,0.0,0.0,-1.0,0
20000.0,36.0,22.74,771.49,20.0,3.0,0.0,60000.0,1.0,0.0,22.04,10.0,0.0,16926.0,89.1,15.0,1.0,0.0,3.0,0.0,682.0,2.0,0.3333333333333333,0.6666666666666666,221.0,0.0,0.0,-1.0,0
10800.0,36.0,11.39,355.58,7.0,1.0,0.0,73000.0,1.0,0.0,9.34,15.0,0.0,12264.0,31.5,23.0,1.0,0.0,0.0,0.0,707.0,2.0,0.147945205479452,0.6521739130434783,545.0,0.0,0.0,-1.0,0
3700.0,36.0,11.44,121.91,8.0,1.0,1.0,50000.0,1.0,4.0,15.55,11.0,0.0,4254.0,11.9,14.0,0.0,0.0,0.0,0.0,747.0,2.0,0.074,0.7857142857142857,70.0,0.0,0.0,-1.0,0
1500.0,36.0,10.49,48.75,6.0,10.0,0.0,63000.0,1.0,5.0,22.4,18.0,0.0,20888.0,31.1,33.0,0.0,0.0,0.0,0.0,702.0,2.0,0.0238095238095238,0.5454545454545454,143.0,0.0,0.0,-1.0,0
12000.0,60.0,12.74,271.45,10.0,10.0,1.0,60000.0,0.0,0.0,18.1,12.0,2.0,6934.0,34.7,36.0,0.0,0.0,2.0,0.0,697.0,2.0,0.2,0.3333333333333333,283.0,0.0070671378091872,0.0,0.0,0
15000.0,36.0,6.99,463.09,1.0,10.0,1.0,130000.0,1.0,4.0,10.18,10.0,0.0,14833.0,51.1,23.0,0.0,0.0,2.0,0.0,687.0,2.0,0.1153846153846153,0.4347826086956521,156.0,0.0,0.0,-1.0,0
32000.0,36.0,22.74,1234.38,20.0,8.0,2.0,281000.0,2.0,0.0,27.73,15.0,1.0,157389.0,30.9,42.0,1.0,0.0,0.0,0.0,727.0,2.0,0.1138790035587188,0.3571428571428571,155.0,0.0064516129032258,0.0,0.0,1
18106.587890625,36.0,16.99,645.4672998046875,15.0,10.0,0.0,2365505.5,0.0,0.0,116.070361328125,16.0,0.0,348832.875,0.3610431671142571,36.0,1.0,0.0,5.0,0.0,707.0,3.0,0.007654435123716052,0.44444445097768626,201.0,0.0,0.0,-1.0,0
3200.0,36.0,10.49,104.0,6.0,2.0,1.0,113000.0,1.0,4.0,13.17,20.0,0.0,13518.0,36.5,33.0,0.0,0.0,0.0,0.0,692.0,3.0,0.0283185840707964,0.6060606060606061,103.0,0.0,0.0,-1.0,0
13500.0,60.0,30.74,442.93,29.0,10.0,1.0,53100.0,2.0,0.0,30.03,13.0,0.0,10857.0,77.0,25.0,1.0,0.0,1.0,0.0,662.0,3.0,0.2542372881355932,0.52,228.0,0.0,0.0,-1.0,1
10000.0,36.0,19.99,371.59,18.0,5.0,1.0,47000.0,0.0,5.0,27.9,14.0,0.0,9994.0,72.9,23.0,1.0,0.0,0.0,0.0,682.0,3.0,0.2127659574468085,0.6086956521739131,338.0,0.0,0.0,-1.0,0
21875.0,36.0,15.99,768.96,14.0,1.0,0.0,90000.0,0.0,0.0,9.8,14.0,0.0,5326.0,16.9,33.0,0.0,0.0,2.0,0.0,762.0,3.0,0.2430555555555555,0.4242424242424242,214.0,0.0,0.0,-1.0,0
20025.0,60.0,22.74,561.53,20.0,1.0,0.0,70000.0,2.0,0.0,17.73,21.0,1.0,22026.0,29.9,35.0,0.0,0.0,3.0,1.0,712.0,3.0,0.2860714285714286,0.6,113.0,0.0088495575221238,0.0088495575221238,1.0,0
35000.0,60.0,18.99,907.73,17.0,3.0,0.0,107000.0,2.0,0.0,2.99,7.0,1.0,57562.0,22.9,26.0,0.0,0.0,5.0,1.0,667.0,3.0,0.3271028037383177,0.2692307692307692,245.0,0.0040816326530612,0.0040816326530612,1.0,0
7350.0,36.0,28.69,306.77,25.0,10.0,1.0,80000.0,1.0,0.0,11.4,13.0,2.0,19508.0,57.5,14.0,1.0,0.0,1.0,1.0,687.0,3.0,0.091875,0.9285714285714286,151.0,0.0132450331125827,0.0066225165562913,0.5,0
35000.0,36.0,15.99,1230.33,14.0,1.0,0.0,114000.0,2.0,0.0,27.56,21.0,0.0,36873.0,66.8,54.0,0.0,0.0,2.0,0.0,697.0,3.0,0.3070175438596491,0.3888888888888889,224.0,0.0,0.0,-1.0,1
13500.0,36.0,8.24,424.54,5.0,10.0,2.0,54000.0,0.0,0.0,13.11,7.0,2.0,9302.0,35.6,13.0,0.0,0.0,1.0,0.0,722.0,3.0,0.25,0.5384615384615384,233.0,0.0085836909871244,0.0,0.0,0
8000.0,36.0,13.49,271.45,11.0,1.0,1.0,28167.0,2.0,0.0,23.56,25.0,1.0,11962.0,36.8,31.0,1.0,0.0,0.0,1.0,672.0,3.0,0.2840203074519828,0.8064516129032258,182.0,0.0054945054945054,0.0054945054945054,1.0,0
20000.0,36.0,13.99,683.46,12.0,4.0,1.0,86000.0,1.0,0.0,14.97,19.0,0.0,27951.0,73.0,28.0,0.0,0.0,1.0,0.0,667.0,3.0,0.2325581395348837,0.6785714285714286,326.0,0.0,0.0,-1.0,1
28000.0,60.0,14.99,665.98,13.0,10.0,0.0,86000.0,2.0,0.0,28.2,19.0,0.0,8723.0,19.0,30.0,0.0,0.0,1.0,0.0,717.0,3.0,0.3255813953488372,0.6333333333333333,213.0,0.0,0.0,-1.0,1
23225.0,36.0,7.99,727.68,4.0,9.0,1.0,132000.0,2.0,0.0,8.08,10.0,0.0,20668.0,36.7,30.0,0.0,0.0,0.0,0.0,697.0,3.0,0.1759469696969696,0.3333333333333333,225.0,0.0,0.0,-1.0,0
16000.0,36.0,5.32,481.84,0.0,1.0,0.0,140000.0,0.0,4.0,14.06,18.0,0.0,28301.0,24.4,37.0,0.0,0.0,1.0,0.0,762.0,3.0,0.1142857142857142,0.4864864864864865,193.0,0.0,0.0,-1.0,0
14400.0,36.0,8.24,452.84,5.0,2.0,0.0,75000.0,1.0,0.0,17.66,19.0,0.0,8644.0,32.7,32.0,0.0,0.0,1.0,0.0,712.0,3.0,0.192,0.59375,117.0,0.0,0.0,-1.0,0
4200.0,36.0,15.99,147.64,14.0,0.0,0.0,45600.0,2.0,5.0,16.58,14.0,0.0,26285.0,45.0,42.0,1.0,0.0,4.0,0.0,682.0,3.0,0.0921052631578947,0.3333333333333333,217.0,0.0,0.0,-1.0,0
24000.0,60.0,25.49,711.35,23.0,10.0,0.0,78000.0,1.0,0.0,28.45,11.0,0.0,11136.0,47.4,34.0,0.0,0.0,3.0,0.0,712.0,3.0,0.3076923076923077,0.3235294117647059,131.0,0.0,0.0,-1.0,1
12000.0,36.0,14.99,415.93,13.0,6.0,1.0,37000.0,2.0,0.0,27.34,18.0,1.0,7575.0,27.2,40.0,1.0,0.0,0.0,1.0,682.0,3.0,0.3243243243243243,0.45,148.0,0.0067567567567567,0.0067567567567567,1.0,0
7500.0,36.0,18.99,274.89,17.0,10.0,1.0,43000.0,0.0,4.0,20.49,11.0,0.0,9650.0,50.0,22.0,1.0,0.0,0.0,0.0,682.0,3.0,0.1744186046511628,0.5,179.0,0.0,0.0,-1.0,0
7000.0,36.0,12.74,234.99,10.0,10.0,0.0,50000.0,0.0,4.0,33.37,12.0,1.0,10746.0,65.5,30.0,0.0,0.0,7.0,1.0,687.0,3.0,0.14,0.4,130.0,0.0076923076923076,0.0076923076923076,1.0,0
7800.0,36.0,11.49,257.18,9.0,7.0,1.0,37000.0,1.0,0.0,6.88,11.0,1.0,15116.0,25.9,13.0,0.0,0.0,0.0,0.0,702.0,3.0,0.2108108108108108,0.8461538461538461,166.0,0.0060240963855421,0.0,0.0,0
27600.0,36.0,25.49,1104.54,23.0,10.0,0.0,79200.0,2.0,1.0,25.03,9.0,5.0,6094.0,29.9,15.0,1.0,0.0,2.0,0.0,707.0,3.0,0.3484848484848485,0.6,163.0,0.0306748466257668,0.0,0.0,0
8000.0,36.0,19.99,297.27,18.0,1.0,1.0,30000.0,1.0,0.0,22.08,10.0,0.0,9491.0,78.4,17.0,1.0,0.0,0.0,0.0,677.0,3.0,0.2666666666666666,0.5882352941176471,96.0,0.0,0.0,-1.0,1
8000.0,36.0,13.49,271.45,11.0,10.0,1.0,95000.0,2.0,10.0,13.01,10.0,0.0,22114.0,60.1,29.0,1.0,0.0,4.0,0.0,727.0,3.0,0.0842105263157894,0.3448275862068966,429.0,0.0,0.0,-1.0,0
15000.0,36.0,7.49,466.53,3.0,10.0,0.0,200000.0,1.0,4.0,8.14,9.0,1.0,3749.0,19.2,24.0,0.0,0.0,4.0,1.0,762.0,3.0,0.075,0.375,320.0,0.003125,0.003125,1.0,0
10000.0,36.0,5.32,301.15,0.0,1.0,0.0,165000.0,0.0,2.0,4.2,7.0,0.0,2271.0,6.7,21.0,1.0,0.0,4.0,0.0,807.0,3.0,0.0606060606060606,0.3333333333333333,206.0,0.0,0.0,-1.0,0
25000.0,60.0,14.99,594.62,13.0,10.0,1.0,125000.0,0.0,2.0,16.69,11.0,1.0,3988.0,25.2,33.0,0.0,0.0,1.0,1.0,707.0,3.0,0.2,0.3333333333333333,193.0,0.005181347150259,0.005181347150259,1.0,0
7000.0,36.0,14.99,242.63,13.0,0.0,1.0,35600.0,1.0,5.0,22.39,11.0,0.0,5796.0,59.1,11.0,0.0,0.0,0.0,0.0,717.0,3.0,0.196629213483146,1.0,100.0,0.0,0.0,-1.0,1
4000.0,36.0,12.74,134.28,10.0,0.0,1.0,50000.0,1.0,2.0,17.23,8.0,0.0,4691.0,67.0,11.0,0.0,0.0,0.0,0.0,667.0,3.0,0.08,0.7272727272727273,39.0,0.0,0.0,-1.0,0
10800.0,36.0,13.49,366.45,11.0,10.0,0.0,85000.0,0.0,0.0,8.3,11.0,0.0,11031.0,47.3,40.0,1.0,0.0,2.0,0.0,697.0,3.0,0.1270588235294117,0.275,232.0,0.0,0.0,-1.0,0
20000.0,36.0,5.32,602.3,0.0,0.0,0.0,189000.0,0.0,4.0,16.44,8.0,0.0,28898.0,35.1,17.0,0.0,0.0,3.0,0.0,722.0,3.0,0.1058201058201058,0.4705882352941176,99.0,0.0,0.0,-1.0,0
24300.0,36.0,7.99,761.37,4.0,6.0,1.0,95000.0,0.0,0.0,24.71,20.0,0.0,7731.0,11.3,38.0,1.0,0.0,0.0,0.0,792.0,3.0,0.2557894736842105,0.5263157894736842,163.0,0.0,0.0,-1.0,0
30200.0,36.0,11.39,994.3,7.0,10.0,1.0,90000.0,0.0,0.0,24.6,11.0,0.0,29570.0,53.1,29.0,0.0,0.0,3.0,0.0,727.0,3.0,0.3355555555555555,0.3793103448275862,284.0,0.0,0.0,-1.0,1
12000.0,36.0,10.49,389.98,6.0,4.0,0.0,48500.0,0.0,4.0,23.41,14.0,0.0,9329.0,58.3,18.0,0.0,0.0,1.0,0.0,697.0,3.0,0.2474226804123711,0.7777777777777778,91.0,0.0,0.0,-1.0,0
25000.0,60.0,28.69,788.84,25.0,2.0,1.0,55600.0,1.0,0.0,17.23,10.0,0.0,19499.0,55.9,13.0,1.0,0.0,0.0,0.0,682.0,3.0,0.4496402877697841,0.7692307692307693,168.0,0.0,0.0,-1.0,0
20000.0,60.0,18.99,518.71,17.0,0.0,0.0,44200.0,0.0,4.0,31.96,14.0,0.0,26064.0,84.9,22.0,0.0,1.0,1.0,0.0,707.0,3.0,0.4524886877828054,0.6363636363636364,106.0,0.0,0.0,-1.0,0
10000.0,36.0,8.24,314.48,5.0,4.0,0.0,45000.0,0.0,2.0,20.51,8.0,0.0,5126.0,33.3,15.0,1.0,0.0,0.0,0.0,762.0,3.0,0.2222222222222222,0.5333333333333333,272.0,0.0,0.0,-1.0,0
9600.0,36.0,6.99,296.38,1.0,10.0,0.0,92144.0,0.0,4.0,4.81,8.0,0.0,11070.0,37.7,32.0,0.0,0.0,6.0,0.0,742.0,3.0,0.1041847542976211,0.25,156.0,0.0,0.0,-1.0,0
6225.0,36.0,26.24,251.61,24.0,5.0,0.0,36398.0,2.0,0.0,25.61,8.0,0.0,12433.0,38.5,14.0,1.0,0.0,1.0,0.0,672.0,3.0,0.1710258805428869,0.5714285714285714,132.0,0.0,0.0,-1.0,0
9000.0,36.0,11.44,296.53,8.0,3.0,0.0,125000.0,0.0,2.0,14.53,9.0,0.0,16424.0,38.6,24.0,0.0,0.0,3.0,0.0,712.0,3.0,0.072,0.375,246.0,0.0,0.0,-1.0,0
15000.0,36.0,7.24,464.81,2.0,0.0,0.0,125000.0,2.0,4.0,3.19,4.0,0.0,17025.0,58.7,16.0,0.0,0.0,1.0,0.0,717.0,3.0,0.12,0.25,159.0,0.0,0.0,-1.0,0
9200.0,36.0,28.69,383.99,25.0,10.0,0.0,100000.0,2.0,4.0,19.08,18.0,0.0,17572.0,66.6,25.0,1.0,0.0,2.0,0.0,697.0,3.0,0.092,0.72,177.0,0.0,0.0,-1.0,0
28000.0,36.0,16.99,998.14,15.0,2.0,1.0,60000.0,0.0,0.0,24.78,14.0,1.0,31802.0,70.0,28.0,1.0,0.0,0.0,0.0,667.0,3.0,0.4666666666666667,0.5,147.0,0.0068027210884353,0.0,0.0,0
2500.0,36.0,11.39,82.31,7.0,1.0,0.0,95200.0,0.0,7.0,31.6,23.0,1.0,32446.0,70.5,40.0,0.0,0.0,3.0,1.0,667.0,3.0,0.0262605042016806,0.575,131.0,0.0076335877862595,0.0076335877862595,1.0,0
10000.0,36.0,11.44,329.48,8.0,4.0,1.0,90000.0,1.0,4.0,13.16,9.0,0.0,11354.0,50.5,10.0,0.0,0.0,0.0,0.0,677.0,3.0,0.1111111111111111,0.9,54.0,0.0,0.0,-1.0,0
15000.0,36.0,11.99,498.15,9.0,10.0,0.0,47000.0,0.0,4.0,8.02,18.0,0.0,10968.0,34.7,23.0,0.0,0.0,2.0,0.0,697.0,4.0,0.3191489361702128,0.782608695652174,162.0,0.0,0.0,-1.0,0
16000.0,60.0,16.02,389.26,14.0,3.0,1.0,70000.0,2.0,4.0,8.07,14.0,0.0,16259.0,41.9,26.0,0.0,0.0,0.0,0.0,692.0,4.0,0.2285714285714285,0.5384615384615384,123.0,0.0,0.0,-1.0,0
15000.0,36.0,11.99,498.15,9.0,5.0,1.0,76000.0,0.0,0.0,11.32,16.0,0.0,17075.0,29.6,18.0,0.0,0.0,0.0,0.0,677.0,4.0,0.1973684210526315,0.8888888888888888,61.0,0.0,0.0,-1.0,0
33000.0,60.0,16.02,802.85,14.0,10.0,0.0,175000.0,1.0,2.0,6.7,7.0,0.0,5505.0,20.7,27.0,0.0,0.0,2.0,0.0,787.0,4.0,0.1885714285714285,0.2592592592592592,185.0,0.0,0.0,-1.0,0
21000.0,36.0,10.42,681.76,7.0,2.0,2.0,170000.0,1.0,4.0,21.38,17.0,0.0,16842.0,71.4,43.0,0.0,0.0,4.0,0.0,662.0,4.0,0.1235294117647058,0.3953488372093023,234.0,0.0,0.0,-1.0,0
10000.0,36.0,15.05,346.9,13.0,3.0,1.0,105000.0,0.0,0.0,5.03,11.0,1.0,25833.0,49.1,30.0,0.0,0.0,1.0,1.0,667.0,4.0,0.0952380952380952,0.3666666666666666,174.0,0.0057471264367816,0.0057471264367816,1.0,0
6025.0,36.0,16.02,211.89,14.0,1.0,1.0,40000.0,1.0,7.0,7.62,14.0,0.0,19.0,0.1,21.0,0.0,0.0,0.0,0.0,757.0,4.0,0.150625,0.6666666666666666,134.0,0.0,0.0,-1.0,0
12000.0,60.0,19.03,311.49,17.0,10.0,1.0,62000.0,1.0,0.0,14.34,7.0,0.0,7986.0,35.5,15.0,0.0,0.0,0.0,0.0,687.0,4.0,0.1935483870967742,0.4666666666666667,197.0,0.0,0.0,-1.0,0
10000.0,36.0,5.32,301.15,0.0,1.0,0.0,97000.0,2.0,2.0,5.31,12.0,0.0,15632.0,15.9,38.0,1.0,0.0,3.0,0.0,777.0,4.0,0.1030927835051546,0.3157894736842105,345.0,0.0,0.0,-1.0,1
15000.0,60.0,11.99,333.6,9.0,10.0,0.0,64000.0,2.0,0.0,25.48,18.0,0.0,56581.0,59.0,43.0,0.0,0.0,1.0,0.0,677.0,4.0,0.234375,0.4186046511627907,333.0,0.0,0.0,-1.0,1
10000.0,60.0,25.82,298.34,23.0,3.0,1.0,140000.0,1.0,4.0,19.42,11.0,0.0,33428.0,96.6,21.0,0.0,0.0,0.0,0.0,682.0,4.0,0.0714285714285714,0.5238095238095238,236.0,0.0,0.0,-1.0,1
17850.0,60.0,26.3,537.62,24.0,10.0,1.0,42500.0,1.0,0.0,25.9,8.0,1.0,13666.0,57.4,19.0,0.0,0.0,0.0,1.0,677.0,4.0,0.42,0.4210526315789473,166.0,0.0060240963855421,0.0060240963855421,1.0,0
3425.0,36.0,9.44,109.62,5.0,10.0,1.0,38800.0,0.0,0.0,34.55,13.0,0.0,2492.0,13.2,28.0,1.0,0.0,0.0,0.0,732.0,4.0,0.0882731958762886,0.4642857142857143,175.0,0.0,0.0,-1.0,0
11000.0,36.0,9.93,354.58,6.0,10.0,2.0,90000.0,0.0,0.0,30.4,15.0,0.0,12395.0,16.4,44.0,1.0,0.0,2.0,0.0,717.0,4.0,0.1222222222222222,0.3409090909090909,150.0,0.0,0.0,-1.0,0
3500.0,36.0,7.97,109.63,4.0,10.0,0.0,62000.0,1.0,0.0,18.23,13.0,0.0,2157.0,10.9,19.0,0.0,0.0,1.0,0.0,742.0,4.0,0.0564516129032258,0.6842105263157895,129.0,0.0,0.0,-1.0,0
8000.0,36.0,10.42,259.72,7.0,10.0,0.0,76897.0,0.0,2.0,15.93,8.0,0.0,4831.0,20.5,27.0,0.0,0.0,3.0,0.0,732.0,4.0,0.104035267955837,0.2962962962962963,166.0,0.0,0.0,-1.0,0
15000.0,36.0,17.09,535.47,15.0,8.0,0.0,85000.0,1.0,0.0,13.54,17.0,0.0,12480.0,20.9,22.0,1.0,0.0,1.0,0.0,692.0,4.0,0.1764705882352941,0.7727272727272727,163.0,0.0,0.0,-1.0,0
11200.0,60.0,29.69,360.23,26.0,3.0,1.0,74000.0,1.0,4.0,22.32,11.0,1.0,7758.0,58.8,23.0,1.0,0.0,1.0,1.0,662.0,4.0,0.1513513513513513,0.4782608695652174,183.0,0.0054644808743169,0.0054644808743169,1.0,0
9700.0,36.0,16.02,341.12,14.0,0.0,1.0,27000.0,1.0,0.0,18.67,16.0,0.0,10357.0,80.3,35.0,1.0,0.0,0.0,0.0,697.0,4.0,0.3592592592592593,0.4571428571428571,152.0,0.0,0.0,-1.0,0
4400.0,36.0,10.42,142.85,7.0,10.0,0.0,105000.0,1.0,2.0,5.98,11.0,1.0,4408.0,42.8,17.0,0.0,0.0,0.0,1.0,672.0,4.0,0.0419047619047619,0.6470588235294118,334.0,0.0029940119760479,0.0029940119760479,1.0,0
15000.0,60.0,13.59,345.85,11.0,0.0,0.0,78000.0,0.0,2.0,5.57,3.0,0.0,6277.0,86.0,9.0,0.0,0.0,1.0,0.0,667.0,4.0,0.1923076923076923,0.3333333333333333,154.0,0.0,0.0,-1.0,0
2000.0,36.0,14.08,68.44,12.0,8.0,0.0,55000.0,2.0,2.0,23.67,12.0,0.0,16681.0,67.8,17.0,0.0,0.0,0.0,0.0,662.0,4.0,0.0363636363636363,0.7058823529411765,200.0,0.0,0.0,-1.0,0
10000.0,36.0,9.44,320.05,5.0,10.0,2.0,65000.0,0.0,0.0,15.31,10.0,0.0,9481.0,24.5,28.0,1.0,0.0,0.0,0.0,767.0,4.0,0.1538461538461538,0.3571428571428571,215.0,0.0,0.0,-1.0,0
20000.0,36.0,5.32,602.3,0.0,9.0,0.0,122000.0,0.0,4.0,14.57,13.0,0.0,7066.0,7.8,41.0,0.0,0.0,6.0,0.0,817.0,4.0,0.1639344262295081,0.3170731707317073,197.0,0.0,0.0,-1.0,0
16000.0,36.0,7.97,501.17,4.0,10.0,0.0,60000.0,2.0,0.0,30.48,15.0,0.0,11764.0,44.0,49.0,0.0,0.0,5.0,0.0,692.0,4.0,0.2666666666666666,0.3061224489795918,230.0,0.0,0.0,-1.0,0
16000.0,60.0,14.08,372.96,12.0,2.0,0.0,105000.0,0.0,0.0,26.4,26.0,0.0,38385.0,59.1,54.0,0.0,0.0,6.0,0.0,677.0,4.0,0.1523809523809524,0.4814814814814814,190.0,0.0,0.0,-1.0,0
25000.0,60.0,9.44,524.32,5.0,9.0,1.0,88453.0,0.0,0.0,24.07,14.0,0.0,19230.0,33.4,35.0,0.0,0.0,0.0,0.0,737.0,4.0,0.2826359761681344,0.4,176.0,0.0,0.0,-1.0,0
24000.0,60.0,17.09,597.63,15.0,0.0,0.0,95000.0,0.0,0.0,14.15,12.0,1.0,20163.0,66.3,26.0,0.0,1.0,3.0,1.0,667.0,4.0,0.2526315789473684,0.4615384615384615,246.0,0.0040650406504065,0.0040650406504065,1.0,0
10000.0,36.0,7.97,313.23,4.0,10.0,0.0,43000.0,0.0,0.0,25.62,12.0,0.0,8987.0,25.7,27.0,1.0,0.0,3.0,0.0,777.0,4.0,0.2325581395348837,0.4444444444444444,165.0,0.0,0.0,-1.0,0
10000.0,36.0,10.91,326.97,8.0,6.0,0.0,41000.0,1.0,0.0,18.98,9.0,1.0,7273.0,47.2,15.0,1.0,0.0,3.0,0.0,667.0,4.0,0.2439024390243902,0.6,301.0,0.0033222591362126,0.0,0.0,0
13000.0,36.0,10.42,422.05,7.0,1.0,1.0,45000.0,2.0,4.0,10.35,19.0,0.0,12139.0,69.4,21.0,1.0,0.0,0.0,0.0,667.0,4.0,0.2888888888888888,0.9047619047619048,139.0,0.0,0.0,-1.0,0
15000.0,36.0,14.08,513.25,12.0,4.0,1.0,55000.0,2.0,4.0,16.69,10.0,0.0,9559.0,65.5,20.0,0.0,0.0,0.0,0.0,677.0,4.0,0.2727272727272727,0.5,238.0,0.0,0.0,-1.0,0
14400.0,36.0,13.59,489.3,11.0,10.0,0.0,80000.0,1.0,9.0,3.56,6.0,1.0,3070.0,42.6,7.0,0.0,0.0,0.0,1.0,662.0,4.0,0.18,0.8571428571428571,222.0,0.0045045045045045,0.0045045045045045,1.0,0
16000.0,36.0,9.93,515.75,6.0,10.0,1.0,190000.0,0.0,2.0,6.37,15.0,3.0,42734.0,49.9,45.0,0.0,0.0,9.0,0.0,697.0,4.0,0.0842105263157894,0.3333333333333333,362.0,0.0082872928176795,0.0,0.0,0
8400.0,36.0,13.59,285.43,11.0,4.0,0.0,55000.0,1.0,0.0,29.24,9.0,0.0,6137.0,23.6,12.0,1.0,0.0,0.0,0.0,687.0,4.0,0.1527272727272727,0.75,37.0,0.0,0.0,-1.0,1
8000.0,36.0,10.42,259.72,7.0,7.0,1.0,83000.0,1.0,5.0,19.29,13.0,0.0,7290.0,90.0,16.0,1.0,0.0,0.0,0.0,682.0,4.0,0.0963855421686747,0.8125,103.0,0.0,0.0,-1.0,0
5400.0,36.0,18.99,197.92,17.0,9.0,1.0,106740.0,1.0,0.0,16.03,13.0,1.0,6324.0,29.8,26.0,1.0,0.0,1.0,1.0,682.0,4.0,0.0505902192242833,0.5,182.0,0.0054945054945054,0.0054945054945054,1.0,0
7300.0,36.0,19.99,271.26,18.0,6.0,0.0,32000.0,0.0,0.0,22.16,8.0,0.0,14272.0,44.9,19.0,1.0,0.0,1.0,0.0,677.0,4.0,0.228125,0.4210526315789473,106.0,0.0,0.0,-1.0,1
2500.0,36.0,18.99,91.63,17.0,4.0,1.0,33000.0,2.0,0.0,19.35,8.0,0.0,2778.0,35.6,26.0,1.0,0.0,0.0,0.0,662.0,4.0,0.0757575757575757,0.3076923076923077,167.0,0.0,0.0,-1.0,1
7000.0,36.0,12.74,234.99,10.0,3.0,2.0,120000.0,0.0,0.0,28.01,30.0,0.0,37369.0,68.3,39.0,0.0,0.0,0.0,0.0,682.0,4.0,0.0583333333333333,0.7692307692307693,162.0,0.0,0.0,-1.0,0
8000.0,36.0,11.49,263.78,9.0,10.0,0.0,112000.0,1.0,5.0,12.2,7.0,0.0,6480.0,64.8,19.0,0.0,0.0,4.0,0.0,662.0,4.0,0.0714285714285714,0.3684210526315789,251.0,0.0,0.0,-1.0,0
30000.0,36.0,15.99,1054.57,14.0,10.0,1.0,120000.0,1.0,3.0,6.86,4.0,0.0,1287.0,42.9,8.0,0.0,0.0,0.0,0.0,667.0,4.0,0.25,0.5,155.0,0.0,0.0,-1.0,1
6400.0,36.0,16.99,228.15,15.0,0.0,1.0,30000.0,1.0,0.0,34.84,14.0,0.0,21215.0,79.5,23.0,0.0,0.0,0.0,0.0,667.0,4.0,0.2133333333333333,0.6086956521739131,129.0,0.0,0.0,-1.0,0
24000.0,60.0,11.49,527.71,9.0,10.0,0.0,100000.0,2.0,4.0,20.78,9.0,0.0,107188.0,94.0,26.0,0.0,0.0,3.0,0.0,692.0,4.0,0.24,0.3461538461538461,241.0,0.0,0.0,-1.0,0
21000.0,60.0,30.79,689.65,30.0,5.0,1.0,79000.0,2.0,4.0,23.01,17.0,0.0,16074.0,43.7,22.0,0.0,0.0,0.0,0.0,697.0,4.0,0.2658227848101265,0.7727272727272727,57.0,0.0,0.0,-1.0,0
8500.0,36.0,13.49,288.41,11.0,10.0,1.0,46000.0,1.0,0.0,17.01,8.0,0.0,8320.0,59.9,11.0,0.0,0.0,0.0,0.0,692.0,4.0,0.1847826086956521,0.7272727272727273,145.0,0.0,0.0,-1.0,0
20000.0,60.0,14.99,475.7,13.0,0.0,0.0,105000.0,0.0,0.0,24.56,15.0,0.0,30818.0,81.3,18.0,0.0,0.0,0.0,0.0,717.0,4.0,0.1904761904761904,0.8333333333333334,351.0,0.0,0.0,-1.0,0
5000.0,36.0,8.24,157.24,5.0,10.0,1.0,135000.0,0.0,4.0,9.94,11.0,0.0,26937.0,49.6,29.0,0.0,0.0,3.0,0.0,672.0,4.0,0.037037037037037,0.3793103448275862,328.0,0.0,0.0,-1.0,0
5750.0,36.0,7.99,180.16,4.0,10.0,1.0,51962.0,1.0,2.0,16.24,7.0,0.0,12576.0,97.0,19.0,0.0,0.0,0.0,0.0,707.0,4.0,0.1106577883838189,0.3684210526315789,220.0,0.0,0.0,-1.0,0
16000.0,60.0,28.69,504.86,25.0,10.0,1.0,110000.0,0.0,10.0,12.08,12.0,1.0,5601.0,19.9,19.0,0.0,0.0,1.0,0.0,687.0,4.0,0.1454545454545454,0.631578947368421,180.0,0.0055555555555555,0.0,0.0,1
5000.0,36.0,11.49,164.86,9.0,7.0,0.0,125000.0,1.0,11.0,20.26,10.0,0.0,7823.0,39.9,18.0,0.0,0.0,3.0,0.0,697.0,4.0,0.04,0.5555555555555556,176.0,0.0,0.0,-1.0,0
16000.0,60.0,18.06,406.82,16.0,10.0,1.0,82000.0,2.0,0.0,24.67,31.0,2.0,36187.0,57.1,45.0,0.0,0.0,0.0,0.0,672.0,4.0,0.1951219512195122,0.6888888888888889,265.0,0.0075471698113207,0.0,0.0,1
1000.0,36.0,16.02,35.17,14.0,1.0,0.0,14136.0,2.0,5.0,17.49,5.0,0.0,3394.0,57.5,11.0,0.0,0.0,1.0,0.0,677.0,4.0,0.0707413695529145,0.4545454545454545,267.0,0.0,0.0,-1.0,1
10000.0,60.0,16.99,248.48,15.0,10.0,1.0,306000.0,2.0,0.0,5.9,5.0,0.0,17872.0,101.5,28.0,0.0,0.0,0.0,0.0,667.0,4.0,0.0326797385620915,0.1785714285714285,445.0,0.0,0.0,-1.0,0
9600.0,36.0,5.32,289.11,0.0,8.0,0.0,45864.0,0.0,4.0,27.37,8.0,0.0,6890.0,22.4,20.0,0.0,0.0,0.0,0.0,777.0,4.0,0.2093144950287807,0.4,143.0,0.0,0.0,-1.0,0
15000.0,36.0,16.99,534.72,15.0,6.0,2.0,70000.0,1.0,0.0,23.33,9.0,0.0,9852.0,85.7,23.0,0.0,0.0,0.0,0.0,662.0,4.0,0.2142857142857142,0.391304347826087,169.0,0.0,0.0,-1.0,0
12800.0,36.0,15.05,444.03,13.0,10.0,0.0,58500.0,0.0,4.0,16.98,13.0,0.0,23015.0,27.3,32.0,0.0,0.0,3.0,0.0,727.0,4.0,0.2188034188034188,0.40625,287.0,0.0,0.0,-1.0,0
9600.0,36.0,10.42,311.67,7.0,9.0,0.0,64000.0,1.0,4.0,4.69,15.0,5.0,8540.0,75.6,20.0,0.0,0.0,0.0,2.0,662.0,4.0,0.15,0.75,150.0,0.0333333333333333,0.0133333333333333,0.4,0
13200.0,36.0,21.45,500.37,19.0,0.0,1.0,60000.0,1.0,0.0,30.9,15.0,1.0,19511.0,65.0,26.0,0.0,0.0,0.0,1.0,677.0,4.0,0.22,0.5769230769230769,177.0,0.0056497175141242,0.0056497175141242,1.0,0
28000.0,60.0,10.42,600.73,7.0,2.0,0.0,97500.0,0.0,5.0,15.82,14.0,0.0,1709.0,2.2,38.0,0.0,0.0,5.0,0.0,807.0,4.0,0.2871794871794871,0.3684210526315789,321.0,0.0,0.0,-1.0,0
30000.0,36.0,13.49,1017.92,11.0,10.0,1.0,90000.0,2.0,4.0,13.0,9.0,0.0,22350.0,86.3,12.0,0.0,0.0,0.0,0.0,662.0,4.0,0.3333333333333333,0.75,180.0,0.0,0.0,-1.0,1
5000.0,36.0,8.24,157.24,5.0,6.0,0.0,55000.0,1.0,5.0,13.83,14.0,0.0,6435.0,26.4,32.0,0.0,0.0,2.0,0.0,702.0,4.0,0.0909090909090909,0.4375,137.0,0.0,0.0,-1.0,0
8000.0,36.0,14.08,273.74,12.0,1.0,0.0,48000.0,0.0,2.0,33.13,16.0,0.0,25572.0,76.3,23.0,0.0,0.0,2.0,0.0,667.0,4.0,0.1666666666666666,0.6956521739130435,163.0,0.0,0.0,-1.0,0
4000.0,36.0,11.99,132.84,9.0,10.0,1.0,30000.0,0.0,4.0,23.76,5.0,0.0,3758.0,76.7,14.0,0.0,0.0,0.0,0.0,667.0,4.0,0.1333333333333333,0.3571428571428571,152.0,0.0,0.0,-1.0,1
13000.0,36.0,10.49,422.48,6.0,10.0,0.0,117000.0,1.0,0.0,9.21,14.0,0.0,12644.0,41.2,31.0,1.0,0.0,2.0,0.0,697.0,4.0,0.1111111111111111,0.4516129032258064,337.0,0.0,0.0,-1.0,0
12000.0,36.0,10.91,392.36,8.0,4.0,0.0,95000.0,0.0,0.0,19.0,25.0,1.0,16496.0,39.0,60.0,1.0,0.0,2.0,1.0,672.0,4.0,0.1263157894736842,0.4166666666666667,149.0,0.0067114093959731,0.0067114093959731,1.0,0
9500.0,36.0,18.99,348.19,17.0,0.0,1.0,32000.0,2.0,5.0,10.09,8.0,1.0,5610.0,74.8,20.0,1.0,0.0,1.0,1.0,687.0,4.0,0.296875,0.4,313.0,0.0031948881789137,0.0031948881789137,1.0,1
12000.0,36.0,13.49,407.17,11.0,10.0,0.0,59054.0,2.0,0.0,15.99,7.0,0.0,9321.0,84.7,12.0,0.0,0.0,2.0,0.0,692.0,4.0,0.203203847326176,0.5833333333333334,412.0,0.0,0.0,-1.0,0
15000.0,36.0,19.99,557.38,18.0,2.0,0.0,58800.0,1.0,5.0,18.8,9.0,1.0,5139.0,50.4,15.0,1.0,0.0,1.0,0.0,697.0,4.0,0.2551020408163265,0.6,133.0,0.0075187969924812,0.0,0.0,0
10000.0,36.0,10.49,324.98,6.0,0.0,0.0,57000.0,0.0,0.0,6.27,9.0,0.0,5378.0,33.8,30.0,0.0,0.0,2.0,0.0,667.0,4.0,0.175438596491228,0.3,169.0,0.0,0.0,-1.0,1
14000.0,36.0,13.59,475.71,11.0,10.0,1.0,72000.0,0.0,4.0,5.62,4.0,1.0,11452.0,67.4,25.0,0.0,0.0,3.0,1.0,682.0,4.0,0.1944444444444444,0.16,143.0,0.0069930069930069,0.0069930069930069,1.0,0
20000.0,36.0,5.32,602.3,0.0,10.0,0.0,105000.0,0.0,0.0,5.63,8.0,0.0,19818.0,61.9,19.0,0.0,0.0,4.0,0.0,717.0,4.0,0.1904761904761904,0.4210526315789473,204.0,0.0,0.0,-1.0,0
7925.0,36.0,13.99,270.82,12.0,2.0,1.0,55000.0,1.0,0.0,9.54,8.0,0.0,3589.0,39.4,11.0,0.0,0.0,0.0,0.0,667.0,4.0,0.1440909090909091,0.7272727272727273,81.0,0.0,0.0,-1.0,0
12800.0,60.0,11.49,281.45,9.0,7.0,1.0,95000.0,0.0,4.0,16.41,17.0,0.0,13360.0,21.0,36.0,0.0,0.0,0.0,0.0,702.0,4.0,0.1347368421052631,0.4722222222222222,124.0,0.0,0.0,-1.0,1
38900.0,36.0,11.44,1281.66,8.0,6.0,0.0,120000.0,1.0,0.0,13.9,13.0,0.0,25522.0,70.9,24.0,0.0,0.0,5.0,0.0,682.0,4.0,0.3241666666666666,0.5416666666666666,290.0,0.0,0.0,-1.0,0
10500.0,36.0,10.49,341.23,6.0,3.0,0.0,66000.0,0.0,4.0,28.73,22.0,0.0,10583.0,18.6,78.0,0.0,0.0,3.0,0.0,712.0,4.0,0.1590909090909091,0.282051282051282,180.0,0.0,0.0,-1.0,0
1925.0,36.0,13.59,65.41,11.0,10.0,0.0,80000.0,2.0,5.0,26.31,14.0,0.0,43701.0,29.7,29.0,1.0,0.0,2.0,0.0,742.0,5.0,0.0240625,0.4827586206896552,347.0,0.0,0.0,-1.0,0
13850.0,36.0,18.06,501.13,16.0,8.0,2.0,38500.0,2.0,0.0,27.46,15.0,0.0,17561.0,47.0,20.0,1.0,0.0,0.0,0.0,687.0,5.0,0.3597402597402597,0.75,121.0,0.0,0.0,-1.0,0
3025.0,36.0,23.88,118.49,21.0,10.0,1.0,40000.0,2.0,0.0,20.13,9.0,0.0,449.0,7.2,10.0,1.0,0.0,0.0,0.0,702.0,5.0,0.075625,0.9,56.0,0.0,0.0,-1.0,1
12000.0,60.0,18.06,305.12,16.0,5.0,0.0,85000.0,0.0,0.0,18.95,12.0,0.0,14134.0,100.2,29.0,0.0,0.0,2.0,0.0,667.0,5.0,0.1411764705882353,0.4137931034482758,132.0,0.0,0.0,-1.0,0
20000.0,36.0,7.35,620.75,3.0,2.0,0.0,200000.0,1.0,9.0,7.84,12.0,1.0,20287.0,57.8,29.0,0.0,0.0,4.0,0.0,697.0,5.0,0.1,0.4137931034482758,228.0,0.0043859649122807,0.0,0.0,0
5000.0,36.0,7.35,155.19,3.0,10.0,0.0,37000.0,0.0,0.0,17.26,12.0,0.0,4387.0,12.8,22.0,1.0,0.0,2.0,0.0,717.0,5.0,0.1351351351351351,0.5454545454545454,163.0,0.0,0.0,-1.0,0
10000.0,36.0,11.99,332.1,9.0,4.0,1.0,71000.0,2.0,0.0,6.95,6.0,1.0,9366.0,66.9,10.0,0.0,0.0,0.0,0.0,667.0,5.0,0.1408450704225352,0.6,221.0,0.004524886877828,0.0,0.0,0
6000.0,36.0,7.97,187.94,4.0,4.0,1.0,65000.0,1.0,0.0,4.7,11.0,0.0,7263.0,20.7,12.0,0.0,0.0,0.0,0.0,732.0,5.0,0.0923076923076923,0.9166666666666666,105.0,0.0,0.0,-1.0,0
30000.0,60.0,11.99,667.19,9.0,10.0,1.0,150000.0,2.0,1.0,23.7,12.0,1.0,36029.0,76.2,43.0,0.0,1.0,2.0,1.0,747.0,5.0,0.2,0.2790697674418604,214.0,0.0046728971962616,0.0046728971962616,1.0,1
35000.0,60.0,13.59,806.97,11.0,3.0,1.0,109230.0,0.0,6.0,17.17,8.0,0.0,423.0,1.2,9.0,0.0,0.0,0.0,0.0,787.0,5.0,0.3204247917238854,0.8888888888888888,62.0,0.0,0.0,-1.0,0
8000.0,36.0,7.07,247.28,1.0,5.0,0.0,176000.0,0.0,2.0,23.56,16.0,0.0,39385.0,33.2,45.0,0.0,0.0,4.0,0.0,737.0,5.0,0.0454545454545454,0.3555555555555555,361.0,0.0,0.0,-1.0,0
40000.0,36.0,9.93,1289.38,6.0,10.0,1.0,149000.0,0.0,0.0,25.27,6.0,0.0,4441.0,7.4,17.0,0.0,0.0,0.0,0.0,832.0,5.0,0.2684563758389262,0.3529411764705882,259.0,0.0,0.0,-1.0,0
25000.0,60.0,29.69,804.09,26.0,10.0,0.0,60000.0,2.0,5.0,27.7,5.0,1.0,13529.0,90.8,16.0,0.0,0.0,1.0,1.0,662.0,5.0,0.4166666666666667,0.3125,248.0,0.0040322580645161,0.0040322580645161,1.0,1
25000.0,36.0,10.42,811.62,7.0,10.0,1.0,72000.0,1.0,4.0,17.95,5.0,0.0,10570.0,93.5,16.0,1.0,0.0,1.0,0.0,682.0,5.0,0.3472222222222222,0.3125,179.0,0.0,0.0,-1.0,1
35000.0,60.0,15.05,833.57,13.0,5.0,0.0,137000.0,1.0,0.0,22.05,11.0,0.0,35427.0,69.5,16.0,0.0,0.0,3.0,0.0,692.0,5.0,0.2554744525547445,0.6875,112.0,0.0,0.0,-1.0,0
3000.0,36.0,12.62,100.54,10.0,0.0,1.0,34300.0,1.0,0.0,13.12,7.0,0.0,2965.0,47.8,9.0,1.0,0.0,0.0,0.0,672.0,5.0,0.0874635568513119,0.7777777777777778,40.0,0.0,0.0,-1.0,0
15000.0,36.0,9.93,483.52,6.0,10.0,2.0,170000.0,1.0,2.0,13.74,9.0,0.0,4071.0,3.2,25.0,0.0,0.0,3.0,0.0,757.0,5.0,0.088235294117647,0.36,386.0,0.0,0.0,-1.0,0
4500.0,36.0,16.02,158.26,14.0,0.0,1.0,55992.0,0.0,8.0,22.5,10.0,0.0,9095.0,41.7,10.0,1.0,0.0,0.0,0.0,687.0,5.0,0.0803686240891556,1.0,87.0,0.0,0.0,-1.0,0
11900.0,60.0,16.02,289.52,14.0,10.0,0.0,66000.0,1.0,4.0,30.62,8.0,0.0,27880.0,90.2,19.0,0.0,0.0,4.0,0.0,702.0,5.0,0.1803030303030303,0.4210526315789473,188.0,0.0,0.0,-1.0,1
6400.0,36.0,10.42,207.78,7.0,2.0,1.0,42000.0,2.0,5.0,18.39,6.0,0.0,14373.0,80.7,10.0,0.0,0.0,0.0,0.0,702.0,5.0,0.1523809523809524,0.6,203.0,0.0,0.0,-1.0,0
9600.0,36.0,9.93,309.45,6.0,10.0,0.0,43000.0,1.0,0.0,23.97,14.0,0.0,7486.0,61.9,68.0,0.0,0.0,2.0,0.0,687.0,5.0,0.2232558139534883,0.2058823529411764,130.0,0.0,0.0,-1.0,1
14500.0,36.0,11.99,481.54,9.0,9.0,1.0,50000.0,0.0,4.0,22.76,27.0,0.0,14212.0,50.2,38.0,0.0,0.0,0.0,0.0,687.0,5.0,0.29,0.7105263157894737,138.0,0.0,0.0,-1.0,0
10000.0,36.0,11.99,332.1,9.0,0.0,1.0,49000.0,1.0,4.0,18.74,9.0,0.0,11928.0,60.5,26.0,0.0,0.0,1.0,0.0,692.0,5.0,0.2040816326530612,0.3461538461538461,258.0,0.0,0.0,-1.0,0
16800.0,36.0,7.21,520.35,2.0,10.0,0.0,90000.0,0.0,2.0,6.8,7.0,0.0,159.0,0.6,24.0,0.0,0.0,3.0,0.0,762.0,5.0,0.1866666666666666,0.2916666666666667,254.0,0.0,0.0,-1.0,0
15000.0,36.0,16.02,527.51,14.0,1.0,0.0,70000.0,2.0,0.0,13.58,6.0,0.0,4276.0,77.7,8.0,0.0,0.0,2.0,0.0,672.0,5.0,0.2142857142857142,0.75,249.0,0.0,0.0,-1.0,0
28000.0,60.0,10.42,600.73,7.0,2.0,2.0,90000.0,0.0,3.0,9.9,8.0,0.0,4175.0,35.1,16.0,0.0,0.0,0.0,0.0,702.0,5.0,0.3111111111111111,0.5,142.0,0.0,0.0,-1.0,1
15000.0,36.0,15.05,520.35,13.0,5.0,1.0,140000.0,2.0,0.0,22.24,20.0,0.0,19886.0,39.9,20.0,0.0,0.0,0.0,0.0,667.0,5.0,0.1071428571428571,1.0,156.0,0.0,0.0,-1.0,0
3600.0,36.0,16.02,126.61,14.0,2.0,1.0,28000.0,1.0,0.0,10.37,9.0,1.0,2188.0,35.3,16.0,0.0,0.0,0.0,0.0,672.0,5.0,0.1285714285714285,0.5625,135.0,0.0074074074074074,0.0,0.0,0
16000.0,60.0,16.02,389.26,14.0,8.0,0.0,86000.0,1.0,0.0,20.19,12.0,1.0,14036.0,61.3,20.0,0.0,0.0,2.0,1.0,662.0,5.0,0.1860465116279069,0.6,174.0,0.0057471264367816,0.0057471264367816,1.0,0
14000.0,60.0,15.05,333.43,13.0,4.0,0.0,60000.0,2.0,0.0,20.97,9.0,0.0,14854.0,51.0,14.0,0.0,0.0,1.0,0.0,707.0,5.0,0.2333333333333333,0.6428571428571429,70.0,0.0,0.0,-1.0,0
12000.0,36.0,10.42,389.58,7.0,10.0,1.0,91000.0,0.0,0.0,13.39,4.0,0.0,12410.0,54.4,14.0,0.0,0.0,0.0,0.0,662.0,5.0,0.1318681318681318,0.2857142857142857,339.0,0.0,0.0,-1.0,0
1000.0,36.0,9.93,32.24,6.0,4.0,1.0,75000.0,1.0,5.0,33.52,26.0,0.0,19382.0,54.8,38.0,0.0,0.0,0.0,0.0,692.0,5.0,0.0133333333333333,0.6842105263157895,164.0,0.0,0.0,-1.0,1
35000.0,36.0,16.02,1230.85,14.0,4.0,0.0,162000.0,1.0,0.0,5.27,4.0,0.0,0.0,0.0,15.0,1.0,0.0,2.0,0.0,812.0,5.0,0.2160493827160493,0.2666666666666666,186.0,0.0,0.0,-1.0,0
20000.0,36.0,5.32,602.3,0.0,5.0,0.0,140000.0,0.0,4.0,23.46,13.0,0.0,23261.0,39.2,36.0,0.0,0.0,5.0,0.0,742.0,5.0,0.1428571428571428,0.3611111111111111,234.0,0.0,0.0,-1.0,0
15975.0,36.0,21.45,605.56,19.0,3.0,1.0,55000.0,2.0,5.0,14.36,8.0,0.0,4454.0,63.6,14.0,0.0,0.0,0.0,0.0,687.0,5.0,0.2904545454545454,0.5714285714285714,130.0,0.0,0.0,-1.0,0
10000.0,36.0,7.97,313.23,4.0,10.0,1.0,28128.0,1.0,0.0,20.78,17.0,0.0,2373.0,7.3,29.0,1.0,0.0,0.0,0.0,752.0,5.0,0.3555176336746302,0.5862068965517241,345.0,0.0,0.0,-1.0,0
8400.0,36.0,12.62,281.5,10.0,10.0,1.0,46000.0,1.0,0.0,23.56,8.0,1.0,6964.0,33.2,12.0,0.0,0.0,0.0,1.0,692.0,5.0,0.1826086956521739,0.6666666666666666,118.0,0.0084745762711864,0.0084745762711864,1.0,0
2600.0,36.0,9.44,83.22,5.0,4.0,0.0,29000.0,0.0,0.0,26.45,12.0,0.0,1721.0,10.8,22.0,0.0,0.0,1.0,0.0,722.0,5.0,0.0896551724137931,0.5454545454545454,279.0,0.0,0.0,-1.0,0
15000.0,36.0,21.45,568.6,19.0,10.0,1.0,65000.0,1.0,3.0,23.97,7.0,1.0,11770.0,83.5,17.0,0.0,0.0,0.0,1.0,667.0,5.0,0.2307692307692307,0.4117647058823529,474.0,0.0021097046413502,0.0021097046413502,1.0,1
21000.0,36.0,14.08,718.55,12.0,10.0,1.0,60000.0,1.0,0.0,29.44,17.0,1.0,21131.0,71.1,20.0,0.0,0.0,0.0,1.0,662.0,5.0,0.35,0.85,140.0,0.0071428571428571,0.0071428571428571,1.0,1
16000.0,60.0,16.02,389.26,14.0,10.0,1.0,87000.0,1.0,5.0,0.99,4.0,0.0,1029.0,22.4,11.0,0.0,0.0,0.0,0.0,667.0,5.0,0.1839080459770115,0.3636363636363636,213.0,0.0,0.0,-1.0,0
9000.0,36.0,13.59,305.81,11.0,2.0,0.0,65000.0,0.0,0.0,5.56,7.0,0.0,9584.0,86.3,9.0,1.0,0.0,2.0,0.0,662.0,5.0,0.1384615384615384,0.7777777777777778,462.0,0.0,0.0,-1.0,0
6000.0,36.0,16.02,211.01,14.0,5.0,1.0,70000.0,1.0,7.0,12.67,5.0,0.0,7656.0,73.6,9.0,0.0,0.0,0.0,0.0,697.0,5.0,0.0857142857142857,0.5555555555555556,75.0,0.0,0.0,-1.0,1
24000.0,60.0,15.05,571.59,13.0,10.0,2.0,86000.0,1.0,0.0,15.96,18.0,0.0,89080.0,51.3,31.0,0.0,0.0,5.0,0.0,707.0,5.0,0.2790697674418604,0.5806451612903226,287.0,0.0,0.0,-1.0,1
16000.0,60.0,26.3,481.9,24.0,10.0,0.0,56000.0,2.0,2.0,12.9,5.0,0.0,6521.0,31.2,43.0,0.0,0.0,3.0,0.0,662.0,5.0,0.2857142857142857,0.1162790697674418,256.0,0.0,0.0,-1.0,1
19000.0,36.0,7.07,587.28,1.0,8.0,0.0,90000.0,0.0,0.0,9.73,12.0,1.0,19256.0,60.0,20.0,0.0,0.0,1.0,1.0,702.0,5.0,0.2111111111111111,0.6,207.0,0.0048309178743961,0.0048309178743961,1.0,0
35000.0,36.0,18.06,1266.39,16.0,10.0,1.0,181900.0,1.0,0.0,20.93,18.0,4.0,48298.0,74.1,30.0,1.0,0.0,0.0,1.0,682.0,5.0,0.1924134139637163,0.6,578.0,0.0069204152249134,0.0017301038062283,0.25,1
15600.0,60.0,9.44,327.18,5.0,1.0,0.0,158600.0,2.0,4.0,6.76,8.0,0.0,14645.0,30.1,33.0,0.0,0.0,3.0,0.0,687.0,5.0,0.0983606557377049,0.2424242424242424,266.0,0.0,0.0,-1.0,0
4000.0,36.0,10.42,129.86,7.0,0.0,1.0,48500.0,0.0,0.0,22.05,9.0,0.0,23913.0,65.9,19.0,0.0,0.0,0.0,0.0,662.0,5.0,0.0824742268041237,0.4736842105263157,239.0,0.0,0.0,-1.0,1
15000.0,60.0,15.05,357.25,13.0,7.0,1.0,50000.0,0.0,0.0,23.78,14.0,0.0,21632.0,34.5,32.0,0.0,0.0,0.0,0.0,697.0,5.0,0.3,0.4375,126.0,0.0,0.0,-1.0,1
6000.0,36.0,11.99,199.26,9.0,10.0,0.0,28000.0,2.0,0.0,20.66,10.0,0.0,14339.0,74.7,20.0,0.0,0.0,3.0,0.0,677.0,5.0,0.2142857142857142,0.5,332.0,0.0,0.0,-1.0,1
6000.0,36.0,15.05,208.14,13.0,7.0,1.0,79992.0,1.0,0.0,15.39,5.0,0.0,1825.0,50.7,6.0,0.0,0.0,0.0,0.0,742.0,5.0,0.075007500750075,0.8333333333333334,119.0,0.0,0.0,-1.0,0
12000.0,36.0,12.62,402.14,10.0,2.0,1.0,35000.0,1.0,4.0,6.45,3.0,1.0,9710.0,65.6,10.0,0.0,0.0,1.0,1.0,672.0,5.0,0.3428571428571428,0.3,130.0,0.0076923076923076,0.0076923076923076,1.0,0
5000.0,36.0,16.02,175.84,14.0,3.0,1.0,45000.0,1.0,0.0,23.65,13.0,2.0,3697.0,30.8,14.0,0.0,0.0,0.0,2.0,672.0,5.0,0.1111111111111111,0.9285714285714286,42.0,0.0476190476190476,0.0476190476190476,1.0,1
5200.0,36.0,11.99,172.69,9.0,1.0,1.0,84000.0,1.0,4.0,3.7,5.0,0.0,5123.0,30.9,6.0,1.0,0.0,0.0,0.0,662.0,5.0,0.0619047619047619,0.8333333333333334,104.0,0.0,0.0,-1.0,0
12475.0,60.0,19.03,323.82,17.0,5.0,0.0,61729.0,2.0,0.0,33.01,18.0,0.0,13006.0,40.9,43.0,1.0,0.0,1.0,0.0,697.0,6.0,0.202093019488409,0.4186046511627907,190.0,0.0,0.0,-1.0,0
9575.0,36.0,30.89,411.16,32.0,2.0,0.0,42000.0,1.0,0.0,5.77,10.0,0.0,14014.0,43.1,12.0,0.0,0.0,0.0,0.0,692.0,6.0,0.2279761904761904,0.8333333333333334,128.0,0.0,0.0,-1.0,1
24000.0,60.0,15.05,571.59,13.0,2.0,0.0,172000.0,1.0,0.0,18.09,8.0,0.0,10407.0,80.1,25.0,0.0,0.0,0.0,0.0,687.0,6.0,0.1395348837209302,0.32,177.0,0.0,0.0,-1.0,0
12000.0,36.0,12.62,402.14,10.0,10.0,2.0,100000.0,1.0,2.0,13.1,8.0,1.0,14607.0,98.0,14.0,1.0,0.0,0.0,1.0,682.0,6.0,0.12,0.5714285714285714,262.0,0.0038167938931297,0.0038167938931297,1.0,0
12800.0,36.0,14.08,437.98,12.0,10.0,1.0,48000.0,2.0,0.0,27.25,6.0,0.0,7344.0,82.5,31.0,0.0,0.0,0.0,0.0,667.0,6.0,0.2666666666666666,0.1935483870967742,141.0,0.0,0.0,-1.0,0
16500.0,36.0,16.02,580.26,14.0,6.0,1.0,55000.0,1.0,4.0,22.87,15.0,0.0,16297.0,75.1,23.0,0.0,0.0,0.0,0.0,692.0,6.0,0.3,0.6521739130434783,155.0,0.0,0.0,-1.0,1
10550.0,36.0,16.02,371.02,14.0,1.0,0.0,30000.0,2.0,5.0,4.48,3.0,0.0,3531.0,80.3,4.0,1.0,0.0,0.0,0.0,717.0,6.0,0.3516666666666667,0.75,98.0,0.0,0.0,-1.0,0
35000.0,36.0,18.06,1266.39,16.0,1.0,0.0,65000.0,1.0,0.0,21.52,15.0,6.0,16718.0,44.9,21.0,0.0,1.0,2.0,0.0,662.0,6.0,0.5384615384615384,0.7142857142857143,129.0,0.0465116279069767,0.0,0.0,1
10000.0,36.0,14.08,342.17,12.0,1.0,1.0,30000.0,1.0,0.0,19.28,9.0,0.0,8722.0,72.1,14.0,0.0,0.0,0.0,0.0,667.0,6.0,0.3333333333333333,0.6428571428571429,116.0,0.0,0.0,-1.0,0
1950.0,36.0,7.97,61.08,4.0,10.0,1.0,50000.0,0.0,4.0,5.76,13.0,0.0,1904.0,17.2,21.0,0.0,0.0,2.0,0.0,712.0,6.0,0.039,0.6190476190476191,138.0,0.0,0.0,-1.0,0
13450.0,36.0,10.91,439.77,8.0,5.0,0.0,69267.5,1.0,2.0,23.77,12.0,0.0,16394.0,38.1,30.0,0.0,0.0,3.0,0.0,682.0,6.0,0.1941747572815534,0.4,324.0,0.0,0.0,-1.0,0
4700.0,36.0,16.02,165.29,14.0,6.0,1.0,80000.0,0.0,0.0,22.44,11.0,0.0,8978.0,38.9,28.0,0.0,0.0,1.0,0.0,717.0,6.0,0.05875,0.3928571428571428,178.0,0.0,0.0,-1.0,0
6400.0,36.0,7.21,198.23,2.0,4.0,0.0,125000.0,0.0,0.0,33.16,30.0,0.0,43020.0,42.6,43.0,0.0,0.0,3.0,0.0,722.0,6.0,0.0512,0.6976744186046512,261.0,0.0,0.0,-1.0,1
6000.0,36.0,7.97,187.94,4.0,7.0,0.0,25000.0,0.0,4.0,7.2,6.0,1.0,935.0,17.0,15.0,0.0,0.0,3.0,1.0,662.0,6.0,0.24,0.4,187.0,0.0053475935828877,0.0053475935828877,1.0,0
4500.0,36.0,9.44,144.03,5.0,0.0,1.0,35000.0,0.0,0.0,6.28,4.0,0.0,2978.0,49.6,4.0,1.0,0.0,0.0,0.0,732.0,6.0,0.1285714285714285,1.0,52.0,0.0,0.0,-1.0,0
7200.0,36.0,11.99,239.11,9.0,10.0,0.0,45000.0,2.0,0.0,4.35,18.0,1.0,3886.0,26.6,33.0,0.0,0.0,2.0,1.0,662.0,6.0,0.16,0.5454545454545454,216.0,0.0046296296296296,0.0046296296296296,1.0,0
4800.0,36.0,7.07,148.37,1.0,5.0,2.0,104500.0,0.0,0.0,13.42,11.0,0.0,1598.0,13.5,28.0,0.0,0.0,1.0,0.0,802.0,6.0,0.0459330143540669,0.3928571428571428,295.0,0.0,0.0,-1.0,0
5000.0,36.0,14.08,171.09,12.0,1.0,0.0,70000.0,2.0,0.0,24.34,13.0,0.0,4947.0,24.7,19.0,0.0,0.0,1.0,0.0,677.0,6.0,0.0714285714285714,0.6842105263157895,104.0,0.0,0.0,-1.0,1
12000.0,60.0,14.08,279.72,12.0,10.0,0.0,132000.0,1.0,4.0,15.56,19.0,0.0,19299.0,32.1,50.0,0.0,0.0,7.0,0.0,742.0,6.0,0.0909090909090909,0.38,387.0,0.0,0.0,-1.0,0
7129.490234375,36.0,16.02,250.71985046386717,14.0,0.0,1.0,1059319.125,1.0,0.0,143.49763580322266,12.0,0.0,99388.5,81.9780517578125,24.0,0.0,0.0,15.0,0.0,662.0,6.0,0.006730258407501036,0.4999999985808417,234.0,0.0,0.0,-1.0,1
15000.0,60.0,19.03,389.36,17.0,10.0,0.0,82000.0,0.0,2.0,23.31,20.0,0.0,26087.0,45.5,41.0,0.0,0.0,2.0,0.0,697.0,6.0,0.1829268292682926,0.4878048780487805,274.0,0.0,0.0,-1.0,0
35000.0,36.0,19.03,1283.5,17.0,0.0,0.0,650000.0,1.0,0.0,12.78,6.0,0.0,271984.0,100.0,27.0,1.0,0.0,10.0,0.0,707.0,6.0,0.0538461538461538,0.2222222222222222,362.0,0.0,0.0,-1.0,0
21000.0,36.0,11.99,697.41,9.0,10.0,0.0,280000.0,1.0,2.0,9.43,20.0,1.0,16520.0,26.3,44.0,0.0,0.0,3.0,0.0,712.0,6.0,0.075,0.4545454545454545,383.0,0.0026109660574412,0.0,0.0,0
3400.0,36.0,10.91,111.17,8.0,3.0,0.0,39000.0,0.0,0.0,15.2,6.0,0.0,3442.0,49.9,12.0,1.0,0.0,0.0,0.0,662.0,6.0,0.0871794871794871,0.5,97.0,0.0,0.0,-1.0,0
23525.0,60.0,11.99,523.19,9.0,5.0,1.0,90000.0,0.0,0.0,23.56,24.0,0.0,13085.0,24.1,48.0,0.0,0.0,0.0,0.0,722.0,6.0,0.2613888888888889,0.5,162.0,0.0,0.0,-1.0,0
15000.0,36.0,5.32,451.73,0.0,10.0,2.0,140000.0,0.0,2.0,13.68,25.0,0.0,15807.0,12.4,41.0,0.0,0.0,6.0,0.0,767.0,6.0,0.1071428571428571,0.6097560975609756,368.0,0.0,0.0,-1.0,0
4550.0,36.0,15.05,157.84,13.0,5.0,1.0,19000.0,1.0,4.0,17.66,8.0,0.0,8425.0,33.7,9.0,1.0,0.0,0.0,0.0,707.0,6.0,0.2394736842105263,0.8888888888888888,44.0,0.0,0.0,-1.0,1
17700.0,36.0,7.21,548.23,2.0,6.0,2.0,82000.0,1.0,0.0,26.88,11.0,0.0,15149.0,38.4,19.0,0.0,0.0,0.0,0.0,692.0,6.0,0.2158536585365853,0.5789473684210527,98.0,0.0,0.0,-1.0,0
6000.0,36.0,16.02,211.01,14.0,10.0,0.0,80000.0,2.0,2.0,17.53,9.0,0.0,5591.0,32.1,15.0,0.0,0.0,1.0,0.0,712.0,6.0,0.075,0.6,181.0,0.0,0.0,-1.0,0
28000.0,60.0,10.42,600.73,7.0,3.0,1.0,325000.0,2.0,0.0,13.99,8.0,0.0,39149.0,90.6,24.0,0.0,0.0,4.0,0.0,732.0,6.0,0.0861538461538461,0.3333333333333333,248.0,0.0,0.0,-1.0,0
14400.0,36.0,12.62,482.57,10.0,4.0,0.0,82000.0,1.0,0.0,14.12,27.0,1.0,12499.0,53.6,35.0,1.0,0.0,1.0,1.0,677.0,6.0,0.1756097560975609,0.7714285714285715,210.0,0.0047619047619047,0.0047619047619047,1.0,0
6000.0,36.0,10.42,194.79,7.0,0.0,0.0,64000.0,1.0,5.0,6.04,9.0,0.0,7027.0,65.7,26.0,1.0,0.0,6.0,0.0,677.0,6.0,0.09375,0.3461538461538461,370.0,0.0,0.0,-1.0,0
13025.0,36.0,14.08,445.67,12.0,10.0,2.0,34000.0,2.0,0.0,20.86,4.0,1.0,6502.0,78.3,24.0,1.0,0.0,0.0,1.0,667.0,6.0,0.3830882352941177,0.1666666666666666,142.0,0.0070422535211267,0.0070422535211267,1.0,0
9000.0,36.0,9.44,288.05,5.0,10.0,0.0,58000.0,1.0,0.0,28.06,17.0,0.0,40778.0,55.7,35.0,0.0,0.0,3.0,0.0,722.0,6.0,0.1551724137931034,0.4857142857142857,187.0,0.0,0.0,-1.0,0
8400.0,36.0,9.93,270.77,6.0,0.0,0.0,55000.0,0.0,0.0,23.06,18.0,0.0,30939.0,80.0,27.0,0.0,0.0,1.0,0.0,662.0,6.0,0.1527272727272727,0.6666666666666666,252.0,0.0,0.0,-1.0,1
8275.0,36.0,14.08,283.15,12.0,2.0,1.0,23000.0,0.0,0.0,17.38,3.0,0.0,5353.0,39.7,3.0,1.0,0.0,0.0,0.0,767.0,6.0,0.3597826086956521,1.0,58.0,0.0,0.0,-1.0,0
5800.0,36.0,19.03,212.7,17.0,10.0,1.0,48500.0,0.0,0.0,23.68,20.0,1.0,13912.0,52.8,26.0,0.0,0.0,0.0,1.0,672.0,6.0,0.1195876288659793,0.7692307692307693,142.0,0.0070422535211267,0.0070422535211267,1.0,0
26500.0,36.0,11.99,880.06,9.0,10.0,0.0,83650.0,1.0,4.0,21.58,16.0,0.0,27601.0,67.3,44.0,0.0,0.0,2.0,0.0,697.0,6.0,0.3167961745367603,0.3636363636363636,175.0,0.0,0.0,-1.0,0
12800.0,60.0,19.03,332.26,17.0,0.0,2.0,51000.0,1.0,2.0,21.32,14.0,0.0,14697.0,51.9,16.0,0.0,0.0,0.0,0.0,662.0,6.0,0.2509803921568627,0.875,116.0,0.0,0.0,-1.0,1
35000.0,60.0,15.05,833.57,13.0,10.0,0.0,169000.0,1.0,4.0,19.36,14.0,0.0,58590.0,69.8,39.0,0.0,0.0,9.0,0.0,717.0,6.0,0.2071005917159763,0.358974358974359,272.0,0.0,0.0,-1.0,0
8000.0,36.0,11.99,265.68,9.0,6.0,0.0,68000.0,1.0,0.0,14.86,8.0,0.0,1803.0,15.0,26.0,0.0,0.0,1.0,0.0,732.0,6.0,0.1176470588235294,0.3076923076923077,132.0,0.0,0.0,-1.0,0
10000.0,36.0,16.02,351.67,14.0,10.0,1.0,41000.0,1.0,4.0,31.18,17.0,0.0,8727.0,34.4,29.0,0.0,0.0,0.0,0.0,702.0,6.0,0.2439024390243902,0.5862068965517241,191.0,0.0,0.0,-1.0,0
4000.0,36.0,15.05,138.76,13.0,10.0,0.0,165000.0,1.0,5.0,10.16,8.0,0.0,39275.0,86.3,12.0,1.0,0.0,2.0,0.0,662.0,6.0,0.0242424242424242,0.6666666666666666,138.0,0.0,0.0,-1.0,0
1200.0,36.0,9.93,38.69,6.0,8.0,0.0,50000.0,0.0,2.0,2.09,5.0,0.0,1633.0,16.7,8.0,0.0,0.0,1.0,0.0,737.0,6.0,0.024,0.625,62.0,0.0,0.0,-1.0,1
20000.0,36.0,10.42,649.3,7.0,0.0,0.0,65000.0,1.0,4.0,0.65,4.0,0.0,1594.0,9.5,15.0,0.0,0.0,1.0,0.0,692.0,6.0,0.3076923076923077,0.2666666666666666,188.0,0.0,0.0,-1.0,0
8000.0,36.0,10.42,259.72,7.0,10.0,0.0,90000.0,1.0,2.0,14.36,17.0,0.0,15387.0,45.5,30.0,0.0,0.0,2.0,0.0,692.0,6.0,0.0888888888888888,0.5666666666666667,152.0,0.0,0.0,-1.0,0
20000.0,36.0,20.0,743.28,18.0,8.0,0.0,50000.0,1.0,1.0,13.78,7.0,0.0,7965.0,77.3,15.0,1.0,0.0,3.0,0.0,667.0,6.0,0.4,0.4666666666666667,127.0,0.0,0.0,-1.0,0
18400.0,36.0,10.91,601.61,8.0,1.0,0.0,40000.0,0.0,2.0,4.58,8.0,0.0,10081.0,18.6,15.0,1.0,0.0,2.0,0.0,792.0,6.0,0.46,0.5333333333333333,164.0,0.0,0.0,-1.0,0
4500.0,36.0,9.93,145.06,6.0,9.0,1.0,31000.0,0.0,0.0,4.92,6.0,0.0,4953.0,25.4,10.0,0.0,0.0,0.0,0.0,732.0,6.0,0.1451612903225806,0.6,100.0,0.0,0.0,-1.0,0
6800.0,36.0,5.32,204.79,0.0,4.0,0.0,93000.0,0.0,0.0,26.9,24.0,0.0,7996.0,16.3,47.0,0.0,0.0,2.0,0.0,762.0,6.0,0.0731182795698924,0.5106382978723404,156.0,0.0,0.0,-1.0,0
35000.0,60.0,30.65,1146.39,28.0,10.0,0.0,96000.0,2.0,0.0,24.36,13.0,0.0,13187.0,26.3,22.0,0.0,0.0,2.0,0.0,732.0,6.0,0.3645833333333333,0.5909090909090909,162.0,0.0,0.0,-1.0,1
24000.0,60.0,14.08,559.44,12.0,10.0,0.0,130000.0,1.0,0.0,21.63,13.0,0.0,58633.0,80.3,28.0,0.0,0.0,4.0,0.0,682.0,6.0,0.1846153846153846,0.4642857142857143,352.0,0.0,0.0,-1.0,1
25000.0,36.0,7.97,783.07,4.0,3.0,2.0,127600.0,1.0,2.0,13.34,13.0,0.0,56576.0,37.6,47.0,0.0,0.0,4.0,0.0,702.0,6.0,0.1959247648902821,0.2765957446808511,426.0,0.0,0.0,-1.0,0
15000.0,36.0,10.42,486.98,7.0,8.0,1.0,45618.0,1.0,0.0,15.05,6.0,0.0,12270.0,44.5,11.0,1.0,1.0,0.0,0.0,732.0,6.0,0.3288175720110483,0.5454545454545454,102.0,0.0,0.0,-1.0,0
16500.0,36.0,12.62,552.94,10.0,10.0,0.0,85000.0,1.0,0.0,30.33,15.0,1.0,8164.0,31.2,52.0,0.0,0.0,5.0,1.0,662.0,6.0,0.1941176470588235,0.2884615384615384,192.0,0.0052083333333333,0.0052083333333333,1.0,0
11200.0,36.0,24.85,444.43,22.0,4.0,2.0,107000.0,2.0,5.0,10.97,10.0,1.0,4089.0,50.5,29.0,0.0,0.0,2.0,1.0,692.0,7.0,0.1046728971962616,0.3448275862068966,122.0,0.0081967213114754,0.0081967213114754,1.0,0
12000.0,60.0,21.45,327.69,19.0,3.0,0.0,54000.0,0.0,0.0,29.29,8.0,1.0,5801.0,50.4,46.0,0.0,0.0,1.0,1.0,662.0,7.0,0.2222222222222222,0.1739130434782608,224.0,0.0044642857142857,0.0044642857142857,1.0,0
8000.0,36.0,15.05,277.52,13.0,6.0,0.0,109000.0,1.0,4.0,16.26,12.0,1.0,6396.0,85.3,15.0,0.0,0.0,0.0,0.0,667.0,7.0,0.073394495412844,0.8,251.0,0.0039840637450199,0.0,0.0,0
6000.0,36.0,7.21,185.84,2.0,1.0,0.0,61000.0,0.0,0.0,9.94,13.0,1.0,1210.0,5.4,39.0,1.0,0.0,1.0,1.0,687.0,7.0,0.0983606557377049,0.3333333333333333,280.0,0.0035714285714285,0.0035714285714285,1.0,0
17825.0,36.0,26.3,721.04,24.0,10.0,0.0,105000.0,0.0,0.0,9.26,7.0,0.0,2265.0,61.2,18.0,1.0,1.0,2.0,0.0,677.0,7.0,0.1697619047619047,0.3888888888888889,166.0,0.0,0.0,-1.0,0
6000.0,36.0,16.02,211.01,14.0,10.0,0.0,46899.0,0.0,0.0,10.81,5.0,0.0,3538.0,36.9,7.0,0.0,0.0,0.0,0.0,667.0,7.0,0.1279344975372609,0.7142857142857143,96.0,0.0,0.0,-1.0,1
10000.0,60.0,21.45,273.08,19.0,8.0,1.0,41000.0,1.0,0.0,8.72,13.0,1.0,7633.0,46.3,24.0,0.0,0.0,0.0,1.0,662.0,7.0,0.2439024390243902,0.5416666666666666,181.0,0.005524861878453,0.005524861878453,1.0,1
9600.0,36.0,5.32,289.11,0.0,5.0,0.0,74000.0,0.0,4.0,14.55,23.0,0.0,8199.0,8.5,61.0,0.0,0.0,3.0,0.0,812.0,7.0,0.1297297297297297,0.3770491803278688,326.0,0.0,0.0,-1.0,0
5600.0,36.0,18.06,202.63,16.0,6.0,0.0,60000.0,0.0,0.0,6.08,4.0,0.0,7129.0,90.0,32.0,1.0,0.0,1.0,0.0,697.0,7.0,0.0933333333333333,0.125,108.0,0.0,0.0,-1.0,0
14000.0,60.0,26.3,421.66,24.0,4.0,2.0,100000.0,1.0,0.0,19.98,13.0,0.0,23750.0,44.7,51.0,0.0,0.0,5.0,0.0,667.0,7.0,0.14,0.2549019607843137,227.0,0.0,0.0,-1.0,0
8250.0,36.0,12.62,276.47,10.0,8.0,0.0,120000.0,1.0,0.0,15.86,8.0,0.0,10947.0,84.2,43.0,0.0,0.0,1.0,0.0,677.0,7.0,0.06875,0.1860465116279069,262.0,0.0,0.0,-1.0,0
16000.0,36.0,14.08,547.47,12.0,10.0,1.0,135000.0,0.0,0.0,11.32,6.0,0.0,12922.0,60.7,18.0,0.0,0.0,2.0,0.0,672.0,7.0,0.1185185185185185,0.3333333333333333,417.0,0.0,0.0,-1.0,1
9600.0,36.0,13.59,326.2,11.0,10.0,0.0,95000.0,1.0,0.0,4.81,5.0,1.0,7807.0,61.0,10.0,0.0,0.0,2.0,1.0,662.0,7.0,0.1010526315789473,0.5,130.0,0.0076923076923076,0.0076923076923076,1.0,0
10000.0,36.0,20.0,371.64,18.0,10.0,0.0,35000.0,2.0,0.0,25.86,16.0,1.0,6062.0,43.0,17.0,0.0,0.0,1.0,1.0,682.0,7.0,0.2857142857142857,0.9411764705882352,155.0,0.0064516129032258,0.0064516129032258,1.0,1
12000.0,36.0,5.32,361.38,0.0,10.0,1.0,68000.0,0.0,0.0,19.45,22.0,0.0,7472.0,11.9,29.0,0.0,0.0,0.0,0.0,797.0,7.0,0.1764705882352941,0.7586206896551724,215.0,0.0,0.0,-1.0,0
15000.0,36.0,5.32,451.73,0.0,0.0,0.0,87000.0,1.0,4.0,45.03,13.0,0.0,31696.0,40.0,21.0,0.0,1.0,2.0,0.0,752.0,7.0,0.1724137931034483,0.6190476190476191,280.0,0.0,0.0,-1.0,0
26450.0,36.0,9.93,852.6,6.0,10.0,1.0,99519.0,0.0,0.0,23.07,21.0,0.0,18714.0,28.8,43.0,0.0,0.0,5.0,0.0,767.0,7.0,0.2657783940755032,0.4883720930232558,348.0,0.0,0.0,-1.0,0
18650.0,60.0,19.03,484.1,17.0,2.0,0.0,158000.0,2.0,4.0,18.75,6.0,0.0,34559.0,100.2,18.0,0.0,0.0,2.0,0.0,687.0,7.0,0.1180379746835443,0.3333333333333333,191.0,0.0,0.0,-1.0,1
35000.0,60.0,14.08,815.85,12.0,0.0,0.0,100000.0,1.0,4.0,14.0,11.0,0.0,30251.0,77.4,24.0,0.0,0.0,6.0,0.0,707.0,7.0,0.35,0.4583333333333333,226.0,0.0,0.0,-1.0,0
10550.0,60.0,18.06,268.25,16.0,8.0,0.0,55000.0,1.0,0.0,10.84,12.0,0.0,3655.0,22.4,27.0,0.0,0.0,2.0,0.0,662.0,7.0,0.1918181818181818,0.4444444444444444,207.0,0.0,0.0,-1.0,0
12000.0,36.0,10.42,389.58,7.0,0.0,0.0,85000.0,2.0,4.0,9.93,7.0,0.0,11638.0,90.9,12.0,0.0,0.0,1.0,0.0,667.0,7.0,0.1411764705882353,0.5833333333333334,51.0,0.0,0.0,-1.0,0
15400.0,60.0,20.0,408.01,18.0,10.0,0.0,125000.0,2.0,0.0,12.1,14.0,1.0,6246.0,24.9,24.0,0.0,0.0,3.0,1.0,662.0,7.0,0.1232,0.5833333333333334,261.0,0.003831417624521,0.003831417624521,1.0,0
24000.0,60.0,19.03,622.97,17.0,10.0,0.0,145000.0,0.0,0.0,18.3,16.0,0.0,138369.0,82.7,24.0,0.0,0.0,2.0,0.0,672.0,7.0,0.1655172413793103,0.6666666666666666,180.0,0.0,0.0,-1.0,0
2500.0,36.0,7.21,77.44,2.0,10.0,0.0,62000.0,2.0,5.0,11.79,6.0,0.0,1026.0,6.9,27.0,0.0,0.0,1.0,0.0,722.0,7.0,0.0403225806451612,0.2222222222222222,146.0,0.0,0.0,-1.0,0
15000.0,36.0,10.42,486.98,7.0,4.0,2.0,90000.0,2.0,1.0,20.31,11.0,0.0,1921.0,6.6,35.0,0.0,0.0,6.0,0.0,747.0,7.0,0.1666666666666666,0.3142857142857143,213.0,0.0,0.0,-1.0,0
8000.0,36.0,10.42,259.72,7.0,1.0,1.0,38000.0,0.0,0.0,19.24,6.0,0.0,5322.0,94.0,7.0,0.0,0.0,0.0,0.0,667.0,7.0,0.2105263157894736,0.8571428571428571,108.0,0.0,0.0,-1.0,0
5400.0,36.0,7.97,169.15,4.0,1.0,1.0,40000.0,0.0,0.0,18.3,13.0,0.0,6505.0,32.4,24.0,0.0,0.0,0.0,0.0,702.0,7.0,0.135,0.5416666666666666,89.0,0.0,0.0,-1.0,0
20000.0,36.0,24.85,793.62,22.0,2.0,1.0,56000.0,0.0,0.0,17.98,6.0,1.0,12823.0,59.6,11.0,1.0,0.0,0.0,1.0,672.0,7.0,0.3571428571428571,0.5454545454545454,82.0,0.0121951219512195,0.0121951219512195,1.0,0
29175.0,60.0,19.03,757.3,17.0,10.0,0.0,125000.0,1.0,0.0,13.77,20.0,0.0,18668.0,55.2,34.0,0.0,0.0,1.0,0.0,712.0,7.0,0.2334,0.5882352941176471,191.0,0.0,0.0,-1.0,0
40000.0,60.0,21.45,1092.29,19.0,0.0,0.0,175000.0,2.0,0.0,15.17,16.0,1.0,21783.0,53.0,27.0,0.0,0.0,2.0,1.0,687.0,7.0,0.2285714285714285,0.5925925925925926,172.0,0.005813953488372,0.005813953488372,1.0,0
2000.0,36.0,15.05,69.38,13.0,10.0,1.0,42000.0,0.0,7.0,30.75,11.0,0.0,30937.0,87.1,20.0,1.0,0.0,0.0,0.0,717.0,7.0,0.0476190476190476,0.55,261.0,0.0,0.0,-1.0,0
15000.0,36.0,13.59,509.69,11.0,10.0,2.0,58000.0,0.0,0.0,32.03,12.0,0.0,12367.0,50.5,30.0,1.0,0.0,1.0,0.0,697.0,7.0,0.2586206896551724,0.4,282.0,0.0,0.0,-1.0,1
5000.0,36.0,7.97,156.62,4.0,10.0,0.0,82120.0,1.0,2.0,23.44,13.0,0.0,3129.0,18.7,28.0,0.0,0.0,2.0,0.0,712.0,7.0,0.0608865075499269,0.4642857142857143,202.0,0.0,0.0,-1.0,0
5000.0,36.0,16.02,175.84,14.0,5.0,0.0,80000.0,1.0,8.0,19.2,14.0,0.0,22879.0,75.3,26.0,1.0,0.0,1.0,0.0,682.0,7.0,0.0625,0.5384615384615384,79.0,0.0,0.0,-1.0,0
6100.0,36.0,5.32,183.71,0.0,6.0,0.0,93500.0,0.0,9.0,10.52,13.0,0.0,4733.0,6.3,19.0,0.0,0.0,5.0,0.0,772.0,7.0,0.0652406417112299,0.6842105263157895,69.0,0.0,0.0,-1.0,0
35000.0,36.0,7.07,1081.82,1.0,5.0,2.0,450000.0,1.0,2.0,10.39,14.0,0.0,36016.0,68.3,24.0,0.0,0.0,5.0,0.0,737.0,7.0,0.0777777777777777,0.5833333333333334,393.0,0.0,0.0,-1.0,0
30000.0,36.0,16.02,1055.01,14.0,5.0,1.0,300000.0,1.0,4.0,9.63,11.0,1.0,10937.0,25.5,20.0,0.0,0.0,0.0,1.0,692.0,7.0,0.1,0.55,100.0,0.01,0.01,1.0,1
10000.0,60.0,23.88,286.99,21.0,5.0,1.0,55000.0,1.0,0.0,11.5,2.0,0.0,3310.0,66.2,5.0,0.0,0.0,0.0,0.0,712.0,7.0,0.1818181818181818,0.4,83.0,0.0,0.0,-1.0,0
20000.0,60.0,20.0,529.88,18.0,9.0,0.0,48000.0,0.0,0.0,22.1,9.0,0.0,7803.0,61.4,19.0,0.0,0.0,1.0,0.0,662.0,7.0,0.4166666666666667,0.4736842105263157,242.0,0.0,0.0,-1.0,0
8400.0,36.0,7.97,263.11,4.0,8.0,1.0,42000.0,1.0,9.0,18.63,8.0,1.0,21.0,0.1,19.0,0.0,0.0,0.0,1.0,687.0,7.0,0.2,0.4210526315789473,223.0,0.0044843049327354,0.0044843049327354,1.0,0
20000.0,60.0,21.45,546.15,19.0,0.0,0.0,29000.0,2.0,11.0,13.91,5.0,0.0,3734.0,16.7,9.0,0.0,1.0,1.0,0.0,772.0,7.0,0.6896551724137931,0.5555555555555556,109.0,0.0,0.0,-1.0,1
5750.0,36.0,7.07,177.73,1.0,10.0,0.0,36000.0,2.0,5.0,31.23,11.0,0.0,5293.0,13.6,25.0,0.0,0.0,0.0,0.0,787.0,7.0,0.1597222222222222,0.44,318.0,0.0,0.0,-1.0,0
15000.0,36.0,9.44,480.08,5.0,5.0,0.0,72500.0,0.0,0.0,32.47,12.0,0.0,15351.0,55.6,17.0,0.0,0.0,2.0,0.0,752.0,7.0,0.2068965517241379,0.7058823529411765,122.0,0.0,0.0,-1.0,0
35000.0,36.0,11.99,1162.34,9.0,0.0,2.0,10000.0,0.0,4.0,204.92,9.0,0.0,39759.0,36.7,27.0,1.0,1.0,2.0,0.0,682.0,7.0,3.5,0.3333333333333333,165.0,0.0,0.0,-1.0,1
18900.0,60.0,26.3,569.24,24.0,10.0,0.0,73000.0,2.0,0.0,21.93,11.0,1.0,13793.0,93.8,19.0,0.0,0.0,1.0,1.0,662.0,7.0,0.2589041095890411,0.5789473684210527,103.0,0.0097087378640776,0.0097087378640776,1.0,0
30000.0,60.0,13.59,691.69,11.0,0.0,0.0,200000.0,1.0,0.0,23.28,17.0,0.0,18549.0,69.2,69.0,0.0,0.0,2.0,0.0,677.0,7.0,0.15,0.2463768115942029,180.0,0.0,0.0,-1.0,1
1000.0,36.0,23.88,39.17,21.0,2.0,0.0,50000.0,2.0,0.0,15.94,6.0,0.0,9204.0,93.9,23.0,1.0,0.0,2.0,0.0,687.0,7.0,0.02,0.2608695652173913,179.0,0.0,0.0,-1.0,0
20000.0,60.0,30.89,658.05,32.0,2.0,0.0,49000.0,1.0,2.0,12.74,8.0,0.0,7067.0,27.3,15.0,0.0,1.0,5.0,0.0,662.0,7.0,0.4081632653061224,0.5333333333333333,143.0,0.0,0.0,-1.0,0
15000.0,60.0,20.0,397.41,18.0,5.0,1.0,65000.0,0.0,5.0,11.39,7.0,1.0,17876.0,79.1,16.0,0.0,0.0,1.0,0.0,667.0,7.0,0.2307692307692307,0.4375,119.0,0.0084033613445378,0.0,0.0,1
4000.0,36.0,10.91,130.79,8.0,10.0,1.0,105000.0,1.0,0.0,12.95,6.0,1.0,6290.0,57.2,17.0,0.0,0.0,0.0,1.0,682.0,7.0,0.0380952380952381,0.3529411764705882,158.0,0.0063291139240506,0.0063291139240506,1.0,0
25000.0,36.0,9.93,805.86,6.0,10.0,0.0,90000.0,2.0,0.0,20.8,6.0,0.0,0.0,0.0,25.0,0.0,0.0,1.0,0.0,782.0,7.0,0.2777777777777778,0.24,146.0,0.0,0.0,-1.0,0
35000.0,60.0,23.88,1004.45,21.0,10.0,0.0,85000.0,1.0,3.0,20.1,8.0,0.0,63979.0,10.0,26.0,0.0,0.0,6.0,0.0,797.0,7.0,0.4117647058823529,0.3076923076923077,209.0,0.0,0.0,-1.0,1
6000.0,36.0,15.05,208.14,13.0,8.0,0.0,84508.0,2.0,5.0,19.41,9.0,0.0,40853.0,86.2,21.0,0.0,0.0,3.0,0.0,687.0,7.0,0.0709991953424527,0.4285714285714285,164.0,0.0,0.0,-1.0,0
30000.0,36.0,25.82,1205.85,23.0,2.0,1.0,75000.0,2.0,5.0,24.22,13.0,0.0,10826.0,47.3,20.0,0.0,0.0,0.0,0.0,712.0,7.0,0.4,0.65,70.0,0.0,0.0,-1.0,0
18000.0,36.0,9.93,580.22,6.0,2.0,0.0,200000.0,1.0,0.0,3.59,12.0,2.0,19844.0,22.3,34.0,1.0,0.0,4.0,2.0,667.0,7.0,0.09,0.3529411764705882,396.0,0.005050505050505,0.005050505050505,1.0,0
1000.0,36.0,16.02,35.17,14.0,10.0,1.0,85000.0,2.0,5.0,22.49,9.0,0.0,20223.0,63.6,13.0,0.0,0.0,0.0,0.0,692.0,7.0,0.0117647058823529,0.6923076923076923,156.0,0.0,0.0,-1.0,1
12000.0,36.0,15.05,416.28,13.0,6.0,0.0,95000.0,1.0,9.0,20.26,22.0,0.0,37049.0,32.6,35.0,1.0,0.0,5.0,0.0,712.0,7.0,0.1263157894736842,0.6285714285714286,280.0,0.0,0.0,-1.0,0
32000.0,60.0,15.05,762.12,13.0,10.0,0.0,100000.0,2.0,0.0,27.6,18.0,1.0,18822.0,62.7,46.0,0.0,0.0,3.0,1.0,672.0,7.0,0.32,0.391304347826087,190.0,0.0052631578947368,0.0052631578947368,1.0,1
16000.0,36.0,7.97,501.17,4.0,0.0,2.0,30000.0,1.0,0.0,24.76,13.0,0.0,8239.0,24.4,17.0,1.0,1.0,1.0,0.0,727.0,7.0,0.5333333333333333,0.7647058823529411,62.0,0.0,0.0,-1.0,0
7000.0,36.0,5.32,210.81,0.0,6.0,0.0,60000.0,0.0,4.0,17.22,11.0,0.0,8215.0,22.0,19.0,0.0,0.0,2.0,0.0,772.0,7.0,0.1166666666666666,0.5789473684210527,124.0,0.0,0.0,-1.0,0
20725.0,60.0,15.05,493.6,13.0,10.0,2.0,90000.0,2.0,4.0,23.84,28.0,0.0,24489.0,18.3,52.0,0.0,0.0,3.0,0.0,792.0,7.0,0.2302777777777777,0.5384615384615384,287.0,0.0,0.0,-1.0,0
6600.0,36.0,10.42,214.27,7.0,7.0,1.0,65000.0,0.0,3.0,4.65,6.0,0.0,6760.0,31.7,17.0,0.0,0.0,1.0,0.0,702.0,7.0,0.1015384615384615,0.3529411764705882,253.0,0.0,0.0,-1.0,1
9000.0,36.0,12.62,301.61,10.0,5.0,1.0,70000.0,1.0,0.0,28.12,11.0,0.0,13027.0,19.9,14.0,0.0,0.0,0.0,0.0,757.0,7.0,0.1285714285714285,0.7857142857142857,132.0,0.0,0.0,-1.0,0
8000.0,36.0,21.45,303.26,19.0,6.0,1.0,26000.0,1.0,0.0,8.91,7.0,0.0,4179.0,37.6,11.0,1.0,0.0,0.0,0.0,662.0,7.0,0.3076923076923077,0.6363636363636364,66.0,0.0,0.0,-1.0,0
30000.0,36.0,11.99,996.29,9.0,8.0,1.0,110000.0,1.0,4.0,14.71,15.0,0.0,54131.0,82.9,23.0,0.0,0.0,0.0,0.0,677.0,7.0,0.2727272727272727,0.6521739130434783,208.0,0.0,0.0,-1.0,1
11600.0,60.0,13.59,267.46,11.0,10.0,0.0,68000.0,0.0,0.0,25.04,17.0,0.0,12312.0,35.9,24.0,0.0,0.0,2.0,0.0,682.0,7.0,0.1705882352941176,0.7083333333333334,182.0,0.0,0.0,-1.0,0
10000.0,36.0,16.02,351.67,14.0,1.0,1.0,78000.0,0.0,0.0,10.46,8.0,0.0,6794.0,43.0,26.0,0.0,0.0,0.0,0.0,677.0,7.0,0.1282051282051282,0.3076923076923077,186.0,0.0,0.0,-1.0,1
18000.0,36.0,9.44,576.09,5.0,0.0,0.0,78500.0,0.0,0.0,15.38,14.0,0.0,10348.0,45.8,32.0,0.0,0.0,1.0,0.0,747.0,7.0,0.2292993630573248,0.4375,264.0,0.0,0.0,-1.0,0
5000.0,36.0,5.32,150.58,0.0,2.0,1.0,84000.0,0.0,5.0,20.34,14.0,0.0,13016.0,14.3,44.0,0.0,0.0,0.0,0.0,762.0,8.0,0.0595238095238095,0.3181818181818182,156.0,0.0,0.0,-1.0,0
40000.0,36.0,7.97,1252.91,4.0,10.0,0.0,900000.0,1.0,2.0,3.09,12.0,0.0,332806.0,33.6,13.0,0.0,0.0,1.0,0.0,727.0,8.0,0.0444444444444444,0.9230769230769232,47.0,0.0,0.0,-1.0,0
6400.0,36.0,5.32,192.74,0.0,10.0,0.0,105000.0,0.0,2.0,7.41,11.0,0.0,1019.0,1.7,27.0,0.0,0.0,5.0,0.0,777.0,8.0,0.0609523809523809,0.4074074074074074,198.0,0.0,0.0,-1.0,0
21850.0,60.0,11.99,485.94,9.0,3.0,0.0,102000.0,0.0,0.0,30.0,9.0,0.0,28316.0,99.0,35.0,0.0,0.0,5.0,0.0,737.0,8.0,0.2142156862745098,0.2571428571428571,279.0,0.0,0.0,-1.0,0
7000.0,36.0,21.45,265.35,19.0,2.0,0.0,68000.0,1.0,0.0,16.1,12.0,0.0,7710.0,37.4,31.0,0.0,0.0,1.0,0.0,677.0,8.0,0.1029411764705882,0.3870967741935484,168.0,0.0,0.0,-1.0,0
20400.0,36.0,7.35,633.17,3.0,10.0,1.0,125000.0,2.0,4.0,15.27,19.0,0.0,23229.0,49.0,38.0,0.0,0.0,0.0,0.0,697.0,8.0,0.1632,0.5,199.0,0.0,0.0,-1.0,0
7200.0,36.0,9.93,232.09,6.0,10.0,0.0,68000.0,1.0,4.0,3.05,8.0,1.0,5808.0,67.5,21.0,0.0,0.0,3.0,1.0,667.0,8.0,0.1058823529411764,0.3809523809523809,338.0,0.0029585798816568,0.0029585798816568,1.0,0
4000.0,36.0,12.62,134.05,10.0,2.0,0.0,65000.0,1.0,0.0,18.34,16.0,0.0,3546.0,6.2,35.0,0.0,0.0,1.0,0.0,772.0,8.0,0.0615384615384615,0.4571428571428571,175.0,0.0,0.0,-1.0,0
30000.0,36.0,16.02,1055.01,14.0,0.0,0.0,50000.0,1.0,8.0,9.7,8.0,0.0,14972.0,76.0,25.0,1.0,1.0,4.0,0.0,692.0,8.0,0.6,0.32,235.0,0.0,0.0,-1.0,1
12000.0,60.0,30.79,394.09,30.0,4.0,0.0,31000.0,1.0,0.0,18.12,5.0,0.0,3548.0,64.5,7.0,1.0,0.0,1.0,0.0,667.0,8.0,0.3870967741935484,0.7142857142857143,39.0,0.0,0.0,-1.0,0
40000.0,60.0,10.42,858.18,7.0,10.0,0.0,205000.0,1.0,0.0,12.87,14.0,0.0,51661.0,35.6,26.0,0.0,0.0,4.0,0.0,732.0,8.0,0.1951219512195122,0.5384615384615384,181.0,0.0,0.0,-1.0,0
10000.0,36.0,9.44,320.05,5.0,1.0,0.0,35000.0,1.0,0.0,28.43,20.0,0.0,11313.0,34.1,30.0,0.0,0.0,1.0,0.0,717.0,8.0,0.2857142857142857,0.6666666666666666,149.0,0.0,0.0,-1.0,0
8000.0,36.0,16.02,281.34,14.0,1.0,1.0,80000.0,1.0,0.0,5.63,21.0,1.0,4172.0,33.9,34.0,0.0,0.0,0.0,1.0,672.0,8.0,0.1,0.6176470588235294,167.0,0.0059880239520958,0.0059880239520958,1.0,0
26400.0,60.0,9.93,560.02,6.0,6.0,0.0,190000.0,1.0,0.0,13.47,6.0,0.0,2732.0,10.6,9.0,0.0,0.0,1.0,0.0,782.0,8.0,0.1389473684210526,0.6666666666666666,78.0,0.0,0.0,-1.0,0
20000.0,36.0,9.93,644.69,6.0,1.0,1.0,75000.0,1.0,1.0,1.64,2.0,0.0,2691.0,10.6,3.0,0.0,0.0,0.0,0.0,717.0,8.0,0.2666666666666666,0.6666666666666666,329.0,0.0,0.0,-1.0,0
10000.0,36.0,9.44,320.05,5.0,10.0,1.0,52500.0,1.0,2.0,10.03,20.0,0.0,5126.0,15.0,25.0,1.0,0.0,0.0,0.0,717.0,8.0,0.1904761904761904,0.8,51.0,0.0,0.0,-1.0,1
6000.0,36.0,7.35,186.23,3.0,3.0,1.0,60000.0,1.0,4.0,7.9,5.0,0.0,5068.0,23.1,10.0,0.0,0.0,0.0,0.0,737.0,8.0,0.1,0.5,86.0,0.0,0.0,-1.0,0
8000.0,36.0,14.08,273.74,12.0,10.0,0.0,107000.0,2.0,5.0,40.84,20.0,0.0,94.0,0.3,57.0,0.0,1.0,6.0,0.0,787.0,8.0,0.0747663551401869,0.3508771929824561,142.0,0.0,0.0,-1.0,0
10000.0,36.0,10.91,326.97,8.0,10.0,2.0,85000.0,2.0,0.0,4.76,5.0,0.0,9844.0,84.1,15.0,0.0,0.0,1.0,0.0,697.0,8.0,0.1176470588235294,0.3333333333333333,152.0,0.0,0.0,-1.0,0
2000.0,36.0,11.99,66.42,9.0,10.0,0.0,47000.0,1.0,5.0,12.49,10.0,0.0,15033.0,89.5,19.0,0.0,0.0,1.0,0.0,717.0,8.0,0.0425531914893617,0.5263157894736842,140.0,0.0,0.0,-1.0,0
12000.0,60.0,14.08,279.72,12.0,4.0,0.0,130000.0,1.0,0.0,5.64,11.0,0.0,6695.0,34.5,17.0,0.0,0.0,0.0,0.0,692.0,8.0,0.0923076923076923,0.6470588235294118,129.0,0.0,0.0,-1.0,0
15000.0,36.0,7.35,465.57,3.0,3.0,0.0,120000.0,1.0,2.0,12.26,10.0,0.0,40680.0,54.8,21.0,0.0,0.0,1.0,0.0,762.0,8.0,0.125,0.4761904761904761,168.0,0.0,0.0,-1.0,0
5500.0,36.0,9.93,177.29,6.0,9.0,0.0,28000.0,1.0,0.0,23.4,7.0,1.0,4431.0,16.5,22.0,1.0,0.0,2.0,1.0,727.0,8.0,0.1964285714285714,0.3181818181818182,326.0,0.0030674846625766,0.0030674846625766,1.0,0
25000.0,60.0,15.05,595.41,13.0,0.0,0.0,55000.0,2.0,0.0,52.3,25.0,0.0,24301.0,40.4,36.0,0.0,1.0,2.0,0.0,697.0,8.0,0.4545454545454545,0.6944444444444444,231.0,0.0,0.0,-1.0,0
15000.0,36.0,10.42,486.98,7.0,0.0,1.0,48000.0,1.0,0.0,38.8,12.0,0.0,2893.0,50.8,26.0,0.0,1.0,0.0,0.0,687.0,8.0,0.3125,0.4615384615384615,108.0,0.0,0.0,-1.0,0
6000.0,36.0,9.44,192.03,5.0,4.0,1.0,35000.0,2.0,0.0,19.58,5.0,0.0,3799.0,27.1,7.0,0.0,0.0,0.0,0.0,752.0,8.0,0.1714285714285714,0.7142857142857143,85.0,0.0,0.0,-1.0,0
9000.0,36.0,14.08,307.95,12.0,10.0,2.0,23000.0,1.0,4.0,34.86,4.0,0.0,8852.0,90.3,4.0,1.0,0.0,0.0,0.0,752.0,8.0,0.391304347826087,1.0,247.0,0.0,0.0,-1.0,0
7000.0,36.0,16.02,246.17,14.0,8.0,1.0,25000.0,0.0,8.0,7.63,7.0,0.0,3226.0,11.8,13.0,0.0,0.0,0.0,0.0,717.0,8.0,0.28,0.5384615384615384,142.0,0.0,0.0,-1.0,0
10000.0,36.0,16.02,351.67,14.0,10.0,1.0,80000.0,0.0,0.0,1.79,6.0,0.0,8047.0,31.3,12.0,0.0,0.0,0.0,0.0,687.0,8.0,0.125,0.5,298.0,0.0,0.0,-1.0,0
25000.0,36.0,26.3,1011.27,24.0,10.0,0.0,82000.0,2.0,0.0,26.36,14.0,0.0,16298.0,54.9,17.0,0.0,0.0,1.0,0.0,687.0,8.0,0.3048780487804878,0.8235294117647058,178.0,0.0,0.0,-1.0,1
22950.0,36.0,26.3,928.35,24.0,10.0,1.0,60000.0,2.0,0.0,13.44,12.0,1.0,10048.0,42.2,19.0,0.0,0.0,0.0,1.0,697.0,8.0,0.3825,0.631578947368421,218.0,0.0045871559633027,0.0045871559633027,1.0,0
35000.0,60.0,30.94,1152.67,33.0,0.0,2.0,66000.0,1.0,3.0,22.69,11.0,0.0,26602.0,47.8,24.0,0.0,1.0,1.0,0.0,707.0,8.0,0.5303030303030303,0.4583333333333333,206.0,0.0,0.0,-1.0,0
30000.0,60.0,11.99,667.19,9.0,5.0,0.0,145000.0,2.0,4.0,25.67,14.0,0.0,36975.0,84.0,16.0,0.0,0.0,2.0,0.0,702.0,8.0,0.2068965517241379,0.875,121.0,0.0,0.0,-1.0,0
3200.0,36.0,20.0,118.93,18.0,10.0,1.0,65000.0,1.0,5.0,14.05,9.0,2.0,9030.0,58.3,13.0,1.0,0.0,0.0,0.0,662.0,8.0,0.0492307692307692,0.6923076923076923,124.0,0.0161290322580645,0.0,0.0,0
10000.0,60.0,14.08,233.1,12.0,10.0,2.0,56000.0,1.0,4.0,16.48,10.0,0.0,9395.0,55.3,43.0,0.0,0.0,1.0,0.0,667.0,8.0,0.1785714285714285,0.2325581395348837,180.0,0.0,0.0,-1.0,0
4550.0,36.0,14.08,155.69,12.0,0.0,1.0,30000.0,1.0,4.0,19.96,10.0,0.0,12575.0,63.8,15.0,0.0,0.0,0.0,0.0,662.0,8.0,0.1516666666666666,0.6666666666666666,321.0,0.0,0.0,-1.0,0
25000.0,60.0,16.02,608.22,14.0,4.0,2.0,52000.0,2.0,0.0,30.72,23.0,0.0,19376.0,68.7,31.0,0.0,0.0,0.0,0.0,687.0,8.0,0.4807692307692308,0.7419354838709677,185.0,0.0,0.0,-1.0,0
10000.0,36.0,23.88,391.7,21.0,4.0,1.0,57000.0,1.0,0.0,4.76,9.0,0.0,5999.0,56.6,14.0,1.0,0.0,1.0,0.0,677.0,8.0,0.175438596491228,0.6428571428571429,216.0,0.0,0.0,-1.0,0
24000.0,60.0,21.45,655.38,19.0,0.0,0.0,92000.0,1.0,0.0,13.15,17.0,0.0,8500.0,72.6,30.0,0.0,0.0,4.0,0.0,667.0,8.0,0.2608695652173913,0.5666666666666667,216.0,0.0,0.0,-1.0,1
16275.0,60.0,15.05,387.61,13.0,10.0,0.0,250000.0,1.0,0.0,6.16,11.0,0.0,13660.0,78.0,43.0,0.0,0.0,8.0,0.0,702.0,8.0,0.0651,0.2558139534883721,346.0,0.0,0.0,-1.0,0
5000.0,36.0,10.42,162.33,7.0,4.0,0.0,117000.0,0.0,2.0,0.37,2.0,0.0,3699.0,15.0,5.0,0.0,0.0,0.0,0.0,667.0,8.0,0.0427350427350427,0.4,147.0,0.0,0.0,-1.0,0
10000.0,36.0,5.32,301.15,0.0,7.0,0.0,130000.0,0.0,0.0,22.78,18.0,0.0,15756.0,23.7,54.0,0.0,0.0,3.0,0.0,757.0,8.0,0.0769230769230769,0.3333333333333333,171.0,0.0,0.0,-1.0,0
15000.0,60.0,14.08,349.65,12.0,10.0,0.0,150000.0,0.0,0.0,13.72,13.0,0.0,21187.0,28.3,34.0,0.0,0.0,5.0,0.0,737.0,8.0,0.1,0.3823529411764705,182.0,0.0,0.0,-1.0,1
21600.0,60.0,14.08,503.5,12.0,8.0,2.0,45000.0,1.0,6.0,17.04,7.0,0.0,5356.0,15.3,12.0,0.0,0.0,0.0,0.0,817.0,8.0,0.48,0.5833333333333334,175.0,0.0,0.0,-1.0,0
30000.0,36.0,10.91,980.89,8.0,0.0,0.0,94600.0,1.0,0.0,12.01,8.0,0.0,7379.0,55.5,29.0,0.0,1.0,5.0,0.0,677.0,8.0,0.3171247357293869,0.2758620689655172,141.0,0.0,0.0,-1.0,0
2800.0,36.0,16.02,98.47,14.0,10.0,0.0,25500.0,2.0,4.0,2.92,3.0,0.0,2653.0,41.5,5.0,1.0,0.0,0.0,0.0,727.0,8.0,0.1098039215686274,0.6,117.0,0.0,0.0,-1.0,0
15625.0,36.0,17.09,557.78,15.0,10.0,0.0,65000.0,1.0,4.0,29.93,22.0,0.0,19434.0,39.1,41.0,0.0,0.0,1.0,0.0,707.0,8.0,0.2403846153846154,0.5365853658536586,291.0,0.0,0.0,-1.0,0
40000.0,60.0,11.99,889.58,9.0,10.0,0.0,219000.0,1.0,0.0,26.05,27.0,0.0,64137.0,32.4,46.0,0.0,0.0,18.0,0.0,757.0,8.0,0.182648401826484,0.5869565217391305,192.0,0.0,0.0,-1.0,0
6000.0,36.0,10.42,194.79,7.0,5.0,0.0,60000.0,0.0,7.0,16.36,11.0,0.0,2718.0,15.8,24.0,0.0,0.0,1.0,0.0,712.0,8.0,0.1,0.4583333333333333,130.0,0.0,0.0,-1.0,0
5000.0,36.0,10.42,162.33,7.0,5.0,0.0,80000.0,1.0,0.0,18.82,10.0,0.0,15138.0,65.5,23.0,1.0,0.0,1.0,0.0,672.0,8.0,0.0625,0.4347826086956521,179.0,0.0,0.0,-1.0,0
20000.0,36.0,16.02,703.34,14.0,3.0,1.0,65000.0,1.0,4.0,17.56,9.0,0.0,16935.0,68.0,11.0,0.0,0.0,0.0,0.0,677.0,8.0,0.3076923076923077,0.8181818181818182,61.0,0.0,0.0,-1.0,1
14000.0,36.0,20.0,520.3,18.0,10.0,1.0,63000.0,1.0,0.0,27.89,15.0,0.0,12546.0,46.6,37.0,0.0,0.0,0.0,0.0,687.0,8.0,0.2222222222222222,0.4054054054054054,418.0,0.0,0.0,-1.0,1
10000.0,36.0,15.05,346.9,13.0,10.0,0.0,45000.0,1.0,4.0,9.57,10.0,0.0,9432.0,60.5,32.0,1.0,0.0,2.0,0.0,697.0,8.0,0.2222222222222222,0.3125,158.0,0.0,0.0,-1.0,0
6500.0,36.0,10.91,212.53,8.0,3.0,2.0,60000.0,0.0,2.0,1.37,5.0,0.0,5133.0,42.4,11.0,1.0,0.0,0.0,0.0,722.0,8.0,0.1083333333333333,0.4545454545454545,238.0,0.0,0.0,-1.0,0
16000.0,36.0,7.97,501.17,4.0,0.0,1.0,103000.0,0.0,4.0,11.8,7.0,0.0,23611.0,37.8,9.0,0.0,0.0,0.0,0.0,732.0,9.0,0.1553398058252427,0.7777777777777778,112.0,0.0,0.0,-1.0,0
24000.0,60.0,11.99,533.75,9.0,3.0,0.0,55000.0,2.0,0.0,24.29,11.0,0.0,16256.0,46.0,22.0,0.0,0.0,3.0,0.0,667.0,9.0,0.4363636363636363,0.5,163.0,0.0,0.0,-1.0,1
6000.0,36.0,14.08,205.3,12.0,9.0,0.0,20000.0,2.0,0.0,26.35,16.0,1.0,9964.0,36.8,24.0,1.0,0.0,0.0,1.0,687.0,9.0,0.3,0.6666666666666666,196.0,0.0051020408163265,0.0051020408163265,1.0,0
2500.0,36.0,15.05,86.73,13.0,10.0,1.0,174000.0,1.0,0.0,10.52,6.0,0.0,10246.0,78.8,10.0,1.0,0.0,0.0,0.0,697.0,9.0,0.014367816091954,0.6,238.0,0.0,0.0,-1.0,0
5000.0,36.0,21.45,189.54,19.0,2.0,0.0,35000.0,0.0,0.0,31.41,13.0,0.0,10963.0,52.2,18.0,0.0,0.0,1.0,0.0,702.0,9.0,0.1428571428571428,0.7222222222222222,213.0,0.0,0.0,-1.0,0
5000.0,36.0,9.44,160.03,5.0,10.0,1.0,70000.0,0.0,5.0,1.39,4.0,0.0,4327.0,19.4,20.0,0.0,0.0,0.0,0.0,752.0,9.0,0.0714285714285714,0.2,138.0,0.0,0.0,-1.0,0
22000.0,36.0,7.07,680.01,1.0,2.0,1.0,78164.0,1.0,5.0,10.27,12.0,0.0,8312.0,10.0,19.0,0.0,0.0,0.0,0.0,802.0,9.0,0.2814594954198864,0.631578947368421,163.0,0.0,0.0,-1.0,0
3000.0,36.0,7.21,92.92,2.0,6.0,0.0,115000.0,0.0,3.0,16.12,38.0,0.0,8003.0,8.3,74.0,0.0,0.0,0.0,0.0,737.0,9.0,0.0260869565217391,0.5135135135135135,171.0,0.0,0.0,-1.0,0
17000.0,36.0,9.93,547.99,6.0,1.0,0.0,55000.0,0.0,4.0,17.65,12.0,0.0,9013.0,34.8,30.0,0.0,0.0,0.0,0.0,677.0,9.0,0.3090909090909091,0.4,165.0,0.0,0.0,-1.0,1
12800.0,36.0,7.97,400.93,4.0,10.0,1.0,120000.0,1.0,4.0,12.33,7.0,1.0,15479.0,55.3,8.0,0.0,0.0,0.0,1.0,682.0,9.0,0.1066666666666666,0.875,119.0,0.0084033613445378,0.0084033613445378,1.0,1
6925.0,36.0,18.06,250.57,16.0,1.0,2.0,40000.0,2.0,0.0,33.82,5.0,0.0,15075.0,75.8,15.0,0.0,0.0,0.0,0.0,717.0,9.0,0.173125,0.3333333333333333,267.0,0.0,0.0,-1.0,0
30000.0,36.0,12.62,1005.34,10.0,10.0,1.0,60000.0,2.0,0.0,12.96,10.0,0.0,22159.0,38.2,19.0,1.0,0.0,0.0,0.0,712.0,9.0,0.5,0.5263157894736842,145.0,0.0,0.0,-1.0,0
6500.0,36.0,5.32,195.75,0.0,10.0,1.0,45000.0,0.0,0.0,14.35,7.0,0.0,2668.0,8.2,11.0,1.0,0.0,0.0,0.0,792.0,9.0,0.1444444444444444,0.6363636363636364,250.0,0.0,0.0,-1.0,0
28000.0,60.0,10.42,600.73,7.0,1.0,1.0,78000.0,0.0,0.0,14.48,8.0,0.0,271.0,4.3,20.0,0.0,0.0,0.0,0.0,782.0,9.0,0.358974358974359,0.4,121.0,0.0,0.0,-1.0,1
9000.0,36.0,19.03,330.05,17.0,2.0,1.0,30160.0,1.0,0.0,22.72,6.0,0.0,8516.0,44.6,11.0,1.0,0.0,0.0,0.0,712.0,9.0,0.2984084880636605,0.5454545454545454,127.0,0.0,0.0,-1.0,0
35000.0,36.0,19.03,1283.5,17.0,10.0,0.0,84000.0,2.0,2.0,14.03,7.0,0.0,15857.0,65.0,19.0,0.0,0.0,1.0,0.0,697.0,9.0,0.4166666666666667,0.3684210526315789,211.0,0.0,0.0,-1.0,0
9600.0,36.0,17.09,342.7,15.0,6.0,0.0,38000.0,2.0,5.0,25.25,8.0,0.0,3714.0,24.1,14.0,1.0,0.0,2.0,0.0,682.0,9.0,0.2526315789473684,0.5714285714285714,65.0,0.0,0.0,-1.0,0
24000.0,36.0,14.08,821.2,12.0,7.0,1.0,83000.0,2.0,4.0,31.12,5.0,0.0,107.0,2.0,11.0,1.0,0.0,0.0,0.0,677.0,9.0,0.2891566265060241,0.4545454545454545,114.0,0.0,0.0,-1.0,1
1000.0,36.0,12.62,33.52,10.0,0.0,0.0,18000.0,1.0,5.0,3.2,5.0,0.0,3050.0,40.1,6.0,0.0,0.0,1.0,0.0,712.0,9.0,0.0555555555555555,0.8333333333333334,51.0,0.0,0.0,-1.0,0
25600.0,36.0,10.42,831.1,7.0,0.0,0.0,70000.0,1.0,0.0,22.05,9.0,0.0,12312.0,46.3,13.0,0.0,1.0,1.0,0.0,722.0,9.0,0.3657142857142857,0.6923076923076923,139.0,0.0,0.0,-1.0,1
10000.0,60.0,15.05,238.17,13.0,9.0,0.0,125000.0,0.0,1.0,14.54,24.0,1.0,6789.0,21.2,41.0,0.0,0.0,4.0,1.0,692.0,9.0,0.08,0.5853658536585366,203.0,0.0049261083743842,0.0049261083743842,1.0,0
30000.0,60.0,12.62,676.78,10.0,0.0,0.0,60000.0,1.0,4.0,11.65,7.0,0.0,19930.0,62.3,12.0,0.0,1.0,1.0,0.0,672.0,9.0,0.5,0.5833333333333334,99.0,0.0,0.0,-1.0,0
34000.0,36.0,10.91,1111.67,8.0,2.0,0.0,200000.0,2.0,4.0,5.95,9.0,0.0,39371.0,56.2,16.0,0.0,0.0,1.0,0.0,687.0,9.0,0.17,0.5625,260.0,0.0,0.0,-1.0,0
30475.0,36.0,13.59,1035.51,11.0,1.0,0.0,145000.0,2.0,0.0,25.81,12.0,0.0,62646.0,50.7,19.0,0.0,0.0,1.0,0.0,702.0,9.0,0.2101724137931034,0.631578947368421,136.0,0.0,0.0,-1.0,0
6000.0,36.0,7.21,185.84,2.0,6.0,1.0,60000.0,0.0,4.0,6.18,10.0,0.0,1414.0,4.5,20.0,0.0,0.0,0.0,0.0,797.0,9.0,0.1,0.5,130.0,0.0,0.0,-1.0,0
5000.0,36.0,13.59,169.9,11.0,4.0,1.0,68508.0,0.0,4.0,11.75,9.0,0.0,5693.0,46.3,13.0,1.0,0.0,1.0,0.0,672.0,9.0,0.0729841770304198,0.6923076923076923,157.0,0.0,0.0,-1.0,0
40000.0,36.0,10.42,1298.59,7.0,4.0,0.0,705000.0,2.0,0.0,7.44,24.0,0.0,78403.0,59.7,63.0,0.0,0.0,3.0,0.0,712.0,9.0,0.0567375886524822,0.3809523809523809,315.0,0.0,0.0,-1.0,0
17600.0,36.0,17.09,628.28,15.0,1.0,0.0,45000.0,1.0,0.0,37.6,14.0,0.0,19665.0,51.9,17.0,0.0,1.0,1.0,0.0,682.0,9.0,0.3911111111111111,0.8235294117647058,68.0,0.0,0.0,-1.0,0
15000.0,60.0,10.42,321.82,7.0,10.0,0.0,49800.0,1.0,2.0,2.46,5.0,0.0,7316.0,22.3,22.0,0.0,0.0,3.0,0.0,727.0,9.0,0.3012048192771084,0.2272727272727272,163.0,0.0,0.0,-1.0,0
18950.0,36.0,18.06,685.66,16.0,7.0,0.0,71278.0,0.0,4.0,36.11,14.0,0.0,39940.0,67.0,24.0,0.0,0.0,3.0,0.0,712.0,9.0,0.2658604337944387,0.5833333333333334,288.0,0.0,0.0,-1.0,0
24000.0,36.0,14.08,821.2,12.0,0.0,2.0,28000.0,0.0,0.0,24.13,5.0,0.0,9710.0,27.1,30.0,0.0,1.0,6.0,0.0,727.0,9.0,0.8571428571428571,0.1666666666666666,146.0,0.0,0.0,-1.0,0
32000.0,36.0,7.35,993.2,3.0,10.0,0.0,84000.0,1.0,0.0,14.42,12.0,0.0,20216.0,40.8,23.0,0.0,0.0,3.0,0.0,752.0,9.0,0.3809523809523809,0.5217391304347826,361.0,0.0,0.0,-1.0,0
10000.0,36.0,10.91,326.97,8.0,7.0,0.0,44000.0,0.0,4.0,20.46,6.0,0.0,6731.0,71.6,10.0,0.0,0.0,2.0,0.0,697.0,9.0,0.2272727272727272,0.6,135.0,0.0,0.0,-1.0,0
11000.0,36.0,14.08,376.39,12.0,9.0,1.0,55000.0,1.0,0.0,17.0,5.0,1.0,11389.0,75.4,7.0,0.0,0.0,0.0,1.0,672.0,9.0,0.2,0.7142857142857143,92.0,0.0108695652173913,0.0108695652173913,1.0,0
21000.0,36.0,7.35,651.79,3.0,5.0,1.0,63000.0,1.0,0.0,9.96,9.0,0.0,5451.0,20.0,15.0,0.0,0.0,1.0,0.0,712.0,9.0,0.3333333333333333,0.6,149.0,0.0,0.0,-1.0,0
18000.0,60.0,14.08,419.58,12.0,0.0,0.0,60000.0,0.0,0.0,35.32,16.0,0.0,37210.0,69.0,27.0,0.0,1.0,1.0,0.0,712.0,9.0,0.3,0.5925925925925926,195.0,0.0,0.0,-1.0,1
10000.0,60.0,25.82,298.34,23.0,10.0,0.0,149000.0,0.0,2.0,14.8,13.0,1.0,10633.0,54.3,49.0,0.0,0.0,10.0,1.0,692.0,9.0,0.0671140939597315,0.2653061224489796,181.0,0.005524861878453,0.005524861878453,1.0,0
3400.0,36.0,9.44,108.82,5.0,2.0,1.0,40000.0,1.0,0.0,2.82,6.0,0.0,2939.0,25.8,14.0,0.0,0.0,0.0,0.0,677.0,9.0,0.085,0.4285714285714285,123.0,0.0,0.0,-1.0,0
27164.552734375,36.0,9.93,875.6257763671875,6.0,8.0,2.0,1057126.375,0.0,5.0,157.54010009765625,14.0,0.0,243778.734375,19.166661071777344,22.0,0.0,0.0,5.0,0.0,797.0,9.0,0.025696605443954468,0.636363619252255,100.0,0.0,0.0,-1.0,0
9600.0,36.0,16.02,337.61,14.0,2.0,0.0,55000.0,2.0,0.0,30.22,11.0,0.0,5408.0,55.8,31.0,0.0,0.0,2.0,0.0,712.0,9.0,0.1745454545454545,0.3548387096774194,152.0,0.0,0.0,-1.0,0
30000.0,60.0,11.99,667.19,9.0,10.0,0.0,105000.0,2.0,2.0,21.83,9.0,1.0,354.0,1.1,25.0,0.0,0.0,2.0,1.0,732.0,9.0,0.2857142857142857,0.36,253.0,0.0039525691699604,0.0039525691699604,1.0,1
20000.0,60.0,25.82,596.68,23.0,4.0,1.0,80000.0,1.0,0.0,24.35,9.0,0.0,17520.0,82.6,18.0,0.0,0.0,0.0,0.0,662.0,9.0,0.25,0.5,205.0,0.0,0.0,-1.0,1
15000.0,36.0,7.35,465.57,3.0,0.0,1.0,58000.0,0.0,4.0,19.66,26.0,0.0,14988.0,48.3,57.0,1.0,0.0,0.0,0.0,712.0,9.0,0.2586206896551724,0.4561403508771929,134.0,0.0,0.0,-1.0,0
11074.390625,60.0,12.62,249.8207940673828,10.0,0.0,0.0,2498279.25,0.0,2.0,88.4794320678711,22.0,0.0,2051.072265625,33.54716796875,47.0,0.0,0.0,3.0,0.0,717.0,9.0,0.0044327935347190095,0.4680850810474819,212.0,0.0,0.0,-1.0,0
11000.0,60.0,21.45,300.38,19.0,4.0,1.0,70000.0,1.0,0.0,4.41,10.0,0.0,8441.0,57.8,27.0,0.0,0.0,0.0,0.0,662.0,9.0,0.1571428571428571,0.3703703703703703,154.0,0.0,0.0,-1.0,0
12600.0,60.0,29.69,405.26,26.0,1.0,1.0,30000.0,1.0,0.0,21.6,8.0,0.0,14988.0,86.1,12.0,0.0,0.0,0.0,0.0,672.0,9.0,0.42,0.6666666666666666,110.0,0.0,0.0,-1.0,1
10000.0,36.0,10.42,324.65,7.0,10.0,0.0,58000.0,1.0,2.0,18.48,7.0,0.0,12013.0,52.2,21.0,0.0,0.0,1.0,0.0,707.0,9.0,0.1724137931034483,0.3333333333333333,207.0,0.0,0.0,-1.0,0
15000.0,36.0,14.08,513.25,12.0,10.0,1.0,70000.0,0.0,0.0,13.03,23.0,0.0,13780.0,57.9,40.0,0.0,0.0,0.0,0.0,687.0,10.0,0.2142857142857142,0.575,129.0,0.0,0.0,-1.0,0
5000.0,36.0,9.93,161.18,6.0,10.0,1.0,63000.0,1.0,10.0,13.26,13.0,0.0,10419.0,42.2,15.0,0.0,0.0,0.0,0.0,727.0,10.0,0.0793650793650793,0.8666666666666667,168.0,0.0,0.0,-1.0,0
10050.0,36.0,19.03,368.55,17.0,2.0,1.0,57200.0,0.0,0.0,23.23,21.0,0.0,10516.0,23.0,35.0,0.0,0.0,1.0,0.0,747.0,10.0,0.1756993006993007,0.6,153.0,0.0,0.0,-1.0,1
10000.0,36.0,15.05,346.9,13.0,1.0,1.0,25000.0,1.0,0.0,34.04,5.0,0.0,4486.0,34.5,8.0,0.0,0.0,0.0,0.0,722.0,10.0,0.4,0.625,117.0,0.0,0.0,-1.0,0
6000.0,36.0,7.35,186.23,3.0,3.0,0.0,45000.0,1.0,4.0,12.53,8.0,1.0,5848.0,27.6,18.0,0.0,0.0,0.0,1.0,712.0,10.0,0.1333333333333333,0.4444444444444444,318.0,0.0031446540880503,0.0031446540880503,1.0,0
5050.0,36.0,10.91,165.12,8.0,7.0,1.0,36861.0,1.0,9.0,11.92,7.0,0.0,10329.0,42.5,11.0,1.0,0.0,0.0,0.0,707.0,10.0,0.1370011665445864,0.6363636363636364,121.0,0.0,0.0,-1.0,0
4800.0,36.0,21.45,181.96,19.0,3.0,1.0,38000.0,0.0,3.0,20.37,6.0,0.0,9678.0,93.1,12.0,1.0,0.0,0.0,0.0,662.0,10.0,0.1263157894736842,0.5,237.0,0.0,0.0,-1.0,0
8000.0,36.0,12.62,268.09,10.0,7.0,1.0,50000.0,0.0,4.0,14.74,9.0,1.0,3975.0,30.8,13.0,0.0,0.0,0.0,1.0,672.0,10.0,0.16,0.6923076923076923,164.0,0.0060975609756097,0.0060975609756097,1.0,1
7500.0,36.0,11.99,249.08,9.0,4.0,0.0,50000.0,1.0,0.0,20.24,10.0,0.0,10556.0,48.9,24.0,1.0,0.0,1.0,0.0,672.0,10.0,0.15,0.4166666666666667,138.0,0.0,0.0,-1.0,0
23000.0,36.0,7.97,720.42,4.0,2.0,1.0,73000.0,2.0,5.0,15.68,11.0,0.0,19874.0,46.0,18.0,0.0,0.0,0.0,0.0,697.0,10.0,0.3150684931506849,0.6111111111111112,167.0,0.0,0.0,-1.0,0
39600.0,36.0,10.91,1294.77,8.0,10.0,0.0,107000.0,2.0,0.0,38.5,12.0,0.0,10090.0,19.0,28.0,0.0,0.0,1.0,0.0,807.0,10.0,0.3700934579439252,0.4285714285714285,228.0,0.0,0.0,-1.0,1
25000.0,60.0,11.99,555.99,9.0,4.0,0.0,75000.0,1.0,4.0,23.94,15.0,0.0,19198.0,33.2,37.0,0.0,0.0,1.0,0.0,707.0,10.0,0.3333333333333333,0.4054054054054054,164.0,0.0,0.0,-1.0,0
8000.0,36.0,13.59,271.84,11.0,6.0,0.0,45000.0,1.0,0.0,20.72,9.0,0.0,7563.0,58.6,11.0,1.0,0.0,1.0,0.0,697.0,10.0,0.1777777777777777,0.8181818181818182,69.0,0.0,0.0,-1.0,0
35000.0,36.0,10.42,1136.27,7.0,2.0,0.0,145000.0,1.0,4.0,27.63,14.0,0.0,28073.0,49.3,39.0,1.0,1.0,4.0,0.0,747.0,10.0,0.2413793103448276,0.358974358974359,262.0,0.0,0.0,-1.0,0
12800.0,36.0,14.08,437.98,12.0,3.0,1.0,63000.0,0.0,0.0,18.88,19.0,0.0,5766.0,19.5,22.0,0.0,0.0,0.0,0.0,662.0,10.0,0.2031746031746031,0.8636363636363636,154.0,0.0,0.0,-1.0,0
40000.0,36.0,9.93,1289.38,6.0,5.0,0.0,120000.0,1.0,2.0,5.88,12.0,0.0,19060.0,43.9,19.0,0.0,0.0,2.0,0.0,722.0,10.0,0.3333333333333333,0.631578947368421,60.0,0.0,0.0,-1.0,1
35000.0,36.0,9.44,1120.18,5.0,3.0,0.0,184000.0,1.0,0.0,19.67,14.0,0.0,31812.0,67.0,31.0,0.0,0.0,1.0,0.0,677.0,10.0,0.1902173913043478,0.4516129032258064,194.0,0.0,0.0,-1.0,1
8000.0,36.0,13.59,271.84,11.0,9.0,2.0,40000.0,0.0,0.0,19.89,6.0,0.0,7439.0,80.9,18.0,0.0,0.0,1.0,0.0,667.0,10.0,0.2,0.3333333333333333,171.0,0.0,0.0,-1.0,1
12000.0,36.0,6.08,365.5,1.0,10.0,0.0,60000.0,0.0,4.0,37.48,10.0,0.0,24370.0,72.5,31.0,1.0,1.0,4.0,0.0,732.0,10.0,0.2,0.3225806451612903,273.0,0.0,0.0,-1.0,0
6000.0,36.0,11.99,199.26,9.0,10.0,2.0,30000.0,1.0,4.0,11.36,5.0,0.0,11981.0,21.8,16.0,0.0,0.0,0.0,0.0,697.0,10.0,0.2,0.3125,180.0,0.0,0.0,-1.0,0
4000.0,36.0,12.62,134.05,10.0,6.0,1.0,42328.0,2.0,10.0,26.2,9.0,0.0,15446.0,32.4,15.0,0.0,0.0,0.0,0.0,712.0,10.0,0.0945000945000945,0.6,107.0,0.0,0.0,-1.0,0
25000.0,60.0,9.93,530.32,6.0,10.0,2.0,70000.0,1.0,4.0,17.38,16.0,0.0,33692.0,47.5,33.0,0.0,0.0,4.0,0.0,707.0,10.0,0.3571428571428571,0.4848484848484848,178.0,0.0,0.0,-1.0,0
20000.0,60.0,7.35,399.34,3.0,4.0,0.0,125000.0,0.0,4.0,14.52,19.0,0.0,9863.0,13.1,28.0,0.0,0.0,4.0,0.0,717.0,10.0,0.16,0.6785714285714286,282.0,0.0,0.0,-1.0,0
8000.0,36.0,9.44,256.04,5.0,8.0,0.0,80000.0,2.0,0.0,5.99,6.0,1.0,15795.0,88.7,16.0,0.0,0.0,2.0,1.0,702.0,10.0,0.1,0.375,155.0,0.0064516129032258,0.0064516129032258,1.0,0
40000.0,36.0,7.97,1252.91,4.0,0.0,0.0,118000.0,0.0,0.0,5.44,12.0,0.0,12904.0,54.7,33.0,0.0,0.0,2.0,0.0,727.0,10.0,0.3389830508474576,0.3636363636363636,130.0,0.0,0.0,-1.0,0
4000.0,36.0,6.72,123.0,2.0,7.0,0.0,60000.0,0.0,0.0,14.82,12.0,0.0,7430.0,19.1,25.0,0.0,0.0,3.0,0.0,682.0,10.0,0.0666666666666666,0.48,204.0,0.0,0.0,-1.0,0
15000.0,60.0,21.45,409.61,19.0,0.0,1.0,48000.0,0.0,0.0,14.61,8.0,0.0,10756.0,54.9,15.0,0.0,0.0,0.0,0.0,672.0,10.0,0.3125,0.5333333333333333,67.0,0.0,0.0,-1.0,1
23200.0,36.0,18.06,839.44,16.0,10.0,0.0,58000.0,2.0,1.0,27.64,18.0,0.0,36728.0,54.0,29.0,0.0,0.0,2.0,0.0,677.0,10.0,0.4,0.6206896551724138,371.0,0.0,0.0,-1.0,1
8400.0,36.0,7.35,260.72,3.0,1.0,2.0,34000.0,0.0,0.0,16.13,6.0,0.0,6120.0,61.2,10.0,0.0,0.0,0.0,0.0,712.0,10.0,0.2470588235294117,0.6,75.0,0.0,0.0,-1.0,0
12000.0,60.0,19.03,311.49,17.0,0.0,0.0,69800.0,0.0,0.0,26.58,21.0,0.0,47880.0,45.6,30.0,0.0,1.0,2.0,0.0,697.0,10.0,0.1719197707736389,0.7,173.0,0.0,0.0,-1.0,1
32000.0,60.0,28.72,1010.3,25.0,2.0,0.0,50000.0,1.0,4.0,44.34,15.0,1.0,16930.0,42.0,24.0,0.0,1.0,2.0,1.0,672.0,10.0,0.64,0.625,113.0,0.0088495575221238,0.0088495575221238,1.0,1
9000.0,36.0,12.62,301.61,10.0,2.0,2.0,40000.0,1.0,4.0,13.77,10.0,0.0,5335.0,99.0,10.0,1.0,0.0,0.0,0.0,682.0,10.0,0.225,1.0,74.0,0.0,0.0,-1.0,1
30000.0,60.0,19.03,778.72,17.0,10.0,0.0,127000.0,0.0,4.0,28.95,28.0,0.0,42433.0,63.4,44.0,0.0,0.0,3.0,0.0,687.0,10.0,0.2362204724409448,0.6363636363636364,176.0,0.0,0.0,-1.0,0
10000.0,36.0,6.72,307.5,2.0,2.0,1.0,97500.0,0.0,5.0,19.93,13.0,0.0,9423.0,17.3,18.0,0.0,0.0,0.0,0.0,772.0,10.0,0.1025641025641025,0.7222222222222222,134.0,0.0,0.0,-1.0,0
8000.0,36.0,15.05,277.52,13.0,10.0,0.0,230000.0,1.0,4.0,22.79,14.0,0.0,42920.0,63.6,25.0,1.0,0.0,5.0,0.0,667.0,10.0,0.0347826086956521,0.56,255.0,0.0,0.0,-1.0,0
40000.0,36.0,6.72,1229.97,2.0,1.0,1.0,170000.0,1.0,1.0,18.09,6.0,0.0,1152.0,38.4,18.0,0.0,0.0,0.0,0.0,757.0,10.0,0.2352941176470588,0.3333333333333333,189.0,0.0,0.0,-1.0,0
15000.0,36.0,6.72,461.24,2.0,10.0,2.0,31000.0,0.0,0.0,9.06,9.0,0.0,8611.0,12.1,17.0,0.0,0.0,0.0,0.0,722.0,10.0,0.4838709677419355,0.5294117647058824,381.0,0.0,0.0,-1.0,0
20000.0,36.0,12.62,670.23,10.0,4.0,1.0,140000.0,1.0,0.0,8.13,9.0,0.0,17908.0,42.8,12.0,1.0,0.0,0.0,0.0,687.0,11.0,0.1428571428571428,0.75,156.0,0.0,0.0,-1.0,1
10000.0,36.0,10.42,324.65,7.0,9.0,1.0,34000.0,1.0,5.0,12.53,32.0,1.0,10514.0,12.2,44.0,0.0,0.0,0.0,1.0,692.0,11.0,0.2941176470588235,0.7272727272727273,261.0,0.003831417624521,0.003831417624521,1.0,0
5000.0,36.0,13.59,169.9,11.0,10.0,1.0,30000.0,1.0,5.0,21.12,10.0,0.0,471.0,5.7,16.0,0.0,0.0,0.0,0.0,712.0,11.0,0.1666666666666666,0.625,178.0,0.0,0.0,-1.0,0
12000.0,36.0,21.45,454.88,19.0,4.0,1.0,85000.0,1.0,0.0,22.38,13.0,0.0,8655.0,26.6,43.0,0.0,0.0,0.0,0.0,692.0,11.0,0.1411764705882353,0.3023255813953488,235.0,0.0,0.0,-1.0,0
30000.0,60.0,19.03,778.72,17.0,10.0,2.0,130000.0,1.0,0.0,11.61,7.0,0.0,219.0,5.5,17.0,0.0,0.0,1.0,0.0,732.0,11.0,0.2307692307692307,0.4117647058823529,66.0,0.0,0.0,-1.0,1
15200.0,60.0,26.3,457.8,24.0,9.0,2.0,36500.0,1.0,0.0,11.33,9.0,0.0,6346.0,40.2,13.0,0.0,0.0,0.0,0.0,707.0,11.0,0.4164383561643835,0.6923076923076923,163.0,0.0,0.0,-1.0,0
8000.0,36.0,11.99,265.68,9.0,6.0,0.0,50000.0,1.0,7.0,10.88,6.0,0.0,3666.0,17.1,13.0,1.0,1.0,1.0,0.0,707.0,11.0,0.16,0.4615384615384615,100.0,0.0,0.0,-1.0,0
11200.0,36.0,11.99,371.95,9.0,1.0,1.0,108000.0,1.0,4.0,32.67,24.0,0.0,55499.0,48.2,52.0,1.0,0.0,1.0,0.0,682.0,11.0,0.1037037037037037,0.4615384615384615,305.0,0.0,0.0,-1.0,0
17975.0,36.0,9.93,579.42,6.0,10.0,1.0,38000.0,2.0,5.0,4.14,6.0,0.0,0.0,0.0,8.0,0.0,0.0,0.0,0.0,747.0,11.0,0.4730263157894737,0.75,75.0,0.0,0.0,-1.0,1
10000.0,60.0,9.93,212.13,6.0,1.0,1.0,60200.0,0.0,0.0,10.53,9.0,0.0,2317.0,4.8,38.0,0.0,0.0,0.0,0.0,682.0,11.0,0.1661129568106312,0.2368421052631578,369.0,0.0,0.0,-1.0,0
5000.0,36.0,12.62,167.56,10.0,10.0,2.0,21000.0,2.0,0.0,23.54,4.0,0.0,2736.0,45.3,15.0,1.0,0.0,0.0,0.0,717.0,11.0,0.238095238095238,0.2666666666666666,121.0,0.0,0.0,-1.0,0
10000.0,36.0,24.85,396.81,22.0,5.0,0.0,109400.0,0.0,2.0,16.06,11.0,0.0,12711.0,73.9,27.0,1.0,0.0,0.0,0.0,667.0,11.0,0.0914076782449725,0.4074074074074074,175.0,0.0,0.0,-1.0,1
20000.0,60.0,14.08,466.2,12.0,10.0,0.0,60000.0,2.0,2.0,12.26,8.0,1.0,3055.0,21.8,18.0,0.0,0.0,0.0,1.0,717.0,11.0,0.3333333333333333,0.4444444444444444,200.0,0.005,0.005,1.0,1
7200.0,36.0,12.62,241.29,10.0,10.0,1.0,56000.0,0.0,0.0,14.21,7.0,0.0,9079.0,52.5,21.0,0.0,0.0,0.0,0.0,697.0,11.0,0.1285714285714285,0.3333333333333333,148.0,0.0,0.0,-1.0,0
20000.0,60.0,11.99,444.79,9.0,2.0,1.0,160000.0,0.0,0.0,20.15,21.0,0.0,31656.0,38.2,38.0,0.0,0.0,3.0,0.0,722.0,11.0,0.125,0.5526315789473685,380.0,0.0,0.0,-1.0,0
3000.0,36.0,13.59,101.94,11.0,2.0,2.0,28000.0,1.0,0.0,31.4,4.0,0.0,3179.0,67.6,6.0,0.0,0.0,0.0,0.0,692.0,11.0,0.1071428571428571,0.6666666666666666,54.0,0.0,0.0,-1.0,0
4000.0,36.0,6.08,121.84,1.0,4.0,1.0,122000.0,0.0,4.0,6.53,8.0,0.0,7503.0,16.5,19.0,0.0,0.0,0.0,0.0,727.0,11.0,0.0327868852459016,0.4210526315789473,284.0,0.0,0.0,-1.0,0
13775.0,36.0,16.02,484.43,14.0,10.0,0.0,80000.0,2.0,0.0,23.39,10.0,0.0,12100.0,49.2,25.0,1.0,0.0,4.0,0.0,662.0,11.0,0.1721875,0.4,189.0,0.0,0.0,-1.0,0
14000.0,36.0,17.09,499.77,15.0,5.0,2.0,72000.0,0.0,0.0,22.5,9.0,0.0,12272.0,29.1,30.0,0.0,0.0,0.0,0.0,692.0,11.0,0.1944444444444444,0.3,211.0,0.0,0.0,-1.0,0
25000.0,36.0,16.02,879.18,14.0,10.0,1.0,35000.0,2.0,0.0,10.91,8.0,0.0,10821.0,30.6,18.0,1.0,0.0,0.0,0.0,727.0,11.0,0.7142857142857143,0.4444444444444444,173.0,0.0,0.0,-1.0,1
16000.0,36.0,14.08,547.47,12.0,10.0,0.0,80000.0,2.0,5.0,14.15,24.0,0.0,16274.0,34.3,38.0,0.0,0.0,1.0,0.0,672.0,11.0,0.2,0.631578947368421,134.0,0.0,0.0,-1.0,0
6000.0,36.0,7.35,186.23,3.0,4.0,1.0,90000.0,1.0,5.0,14.32,20.0,0.0,5308.0,10.9,58.0,0.0,0.0,0.0,0.0,737.0,11.0,0.0666666666666666,0.3448275862068966,207.0,0.0,0.0,-1.0,0
40000.0,60.0,9.93,848.51,6.0,2.0,0.0,400000.0,2.0,0.0,6.87,5.0,0.0,77703.0,36.6,12.0,0.0,0.0,2.0,0.0,742.0,11.0,0.1,0.4166666666666667,313.0,0.0,0.0,-1.0,0
10400.0,36.0,9.93,335.24,6.0,1.0,1.0,51000.0,1.0,0.0,25.56,10.0,0.0,5774.0,78.0,21.0,0.0,0.0,0.0,0.0,687.0,11.0,0.2039215686274509,0.4761904761904761,152.0,0.0,0.0,-1.0,0
24000.0,60.0,28.72,757.72,25.0,6.0,0.0,120000.0,1.0,0.0,27.27,15.0,0.0,30959.0,67.2,25.0,0.0,0.0,2.0,0.0,707.0,11.0,0.2,0.6,221.0,0.0,0.0,-1.0,1
8500.0,36.0,9.93,274.0,6.0,7.0,0.0,65000.0,0.0,0.0,3.32,8.0,1.0,10771.0,41.6,26.0,1.0,0.0,2.0,1.0,677.0,11.0,0.1307692307692307,0.3076923076923077,209.0,0.0047846889952153,0.0047846889952153,1.0,0
1350.0,36.0,10.91,44.14,8.0,1.0,1.0,36000.0,0.0,2.0,26.4,8.0,0.0,7855.0,59.5,10.0,0.0,0.0,0.0,0.0,687.0,11.0,0.0375,0.8,85.0,0.0,0.0,-1.0,1
6000.0,36.0,10.91,196.18,8.0,9.0,1.0,80000.0,0.0,0.0,7.44,5.0,0.0,6079.0,90.7,19.0,0.0,0.0,1.0,0.0,667.0,11.0,0.075,0.2631578947368421,180.0,0.0,0.0,-1.0,0
20000.0,36.0,6.08,609.17,1.0,10.0,0.0,250000.0,1.0,4.0,11.33,33.0,0.0,33259.0,21.4,54.0,0.0,0.0,0.0,0.0,722.0,11.0,0.08,0.6111111111111112,316.0,0.0,0.0,-1.0,0
9000.0,36.0,13.59,305.81,11.0,5.0,0.0,58000.0,2.0,4.0,28.8,18.0,0.0,28381.0,52.2,27.0,0.0,0.0,1.0,0.0,662.0,11.0,0.1551724137931034,0.6666666666666666,63.0,0.0,0.0,-1.0,0
16750.0,36.0,15.05,581.06,13.0,10.0,2.0,34000.0,0.0,0.0,33.04,12.0,0.0,4531.0,11.4,21.0,1.0,0.0,0.0,0.0,727.0,11.0,0.4926470588235294,0.5714285714285714,188.0,0.0,0.0,-1.0,0
20000.0,60.0,9.93,424.26,6.0,0.0,1.0,130000.0,1.0,4.0,14.88,13.0,0.0,13413.0,34.8,20.0,0.0,0.0,1.0,0.0,742.0,11.0,0.1538461538461538,0.65,173.0,0.0,0.0,-1.0,0
2675.0,36.0,10.91,87.47,8.0,3.0,0.0,40000.0,2.0,0.0,17.46,18.0,1.0,3074.0,10.4,30.0,1.0,0.0,2.0,1.0,727.0,11.0,0.066875,0.6,169.0,0.0059171597633136,0.0059171597633136,1.0,0
18000.0,36.0,23.88,705.06,21.0,4.0,1.0,48000.0,2.0,0.0,29.09,6.0,0.0,19450.0,94.4,12.0,1.0,0.0,0.0,0.0,662.0,11.0,0.375,0.5,79.0,0.0,0.0,-1.0,0
6000.0,36.0,16.02,211.01,14.0,2.0,1.0,60000.0,0.0,4.0,3.26,6.0,0.0,2623.0,72.9,8.0,0.0,0.0,0.0,0.0,682.0,11.0,0.1,0.75,134.0,0.0,0.0,-1.0,1
21000.0,36.0,7.97,657.78,4.0,10.0,0.0,88690.0,2.0,0.0,30.69,14.0,0.0,8460.0,13.0,33.0,0.0,0.0,3.0,0.0,777.0,11.0,0.2367797947908445,0.4242424242424242,342.0,0.0,0.0,-1.0,0
7000.0,36.0,15.05,242.83,13.0,10.0,2.0,63399.0,1.0,6.0,23.62,11.0,1.0,14805.0,30.8,21.0,0.0,0.0,0.0,1.0,712.0,0.0,0.1104118361488351,0.5238095238095238,251.0,0.0039840637450199,0.0039840637450199,1.0,0
7000.0,36.0,10.42,227.26,7.0,8.0,1.0,62000.0,1.0,0.0,5.21,6.0,0.0,7063.0,78.5,14.0,0.0,0.0,1.0,0.0,677.0,0.0,0.1129032258064516,0.4285714285714285,361.0,0.0,0.0,-1.0,0
36000.0,36.0,9.93,1160.44,6.0,10.0,2.0,84000.0,1.0,5.0,20.48,13.0,1.0,11000.0,22.6,30.0,0.0,0.0,0.0,1.0,712.0,0.0,0.4285714285714285,0.4333333333333333,180.0,0.0055555555555555,0.0055555555555555,1.0,1
10000.0,36.0,7.97,313.23,4.0,9.0,0.0,198875.0,1.0,5.0,11.98,12.0,0.0,28321.0,46.4,26.0,0.0,0.0,6.0,0.0,702.0,0.0,0.0502828409805154,0.4615384615384615,150.0,0.0,0.0,-1.0,0
10000.0,60.0,30.65,327.54,28.0,4.0,0.0,90000.0,1.0,0.0,5.61,6.0,0.0,7037.0,27.4,17.0,0.0,1.0,1.0,0.0,667.0,0.0,0.1111111111111111,0.3529411764705882,146.0,0.0,0.0,-1.0,0
10000.0,36.0,16.02,351.67,14.0,5.0,1.0,35000.0,1.0,0.0,22.81,8.0,0.0,10856.0,58.7,19.0,0.0,0.0,0.0,0.0,727.0,0.0,0.2857142857142857,0.4210526315789473,164.0,0.0,0.0,-1.0,0
5000.0,36.0,16.02,175.84,14.0,4.0,1.0,58000.0,1.0,0.0,11.88,7.0,0.0,5223.0,45.8,11.0,1.0,0.0,0.0,0.0,667.0,0.0,0.0862068965517241,0.6363636363636364,150.0,0.0,0.0,-1.0,0
4500.0,36.0,9.44,144.03,5.0,10.0,0.0,95000.0,1.0,2.0,18.04,16.0,0.0,6526.0,19.2,34.0,0.0,0.0,1.0,0.0,712.0,0.0,0.0473684210526315,0.4705882352941176,153.0,0.0,0.0,-1.0,0
12000.0,60.0,19.03,311.49,17.0,10.0,0.0,54000.0,2.0,4.0,18.98,9.0,1.0,9185.0,57.4,25.0,0.0,0.0,2.0,1.0,667.0,0.0,0.2222222222222222,0.36,312.0,0.0032051282051282,0.0032051282051282,1.0,0
20000.0,36.0,10.91,653.93,8.0,5.0,0.0,69000.0,1.0,0.0,26.31,7.0,1.0,17127.0,76.8,26.0,0.0,0.0,1.0,1.0,692.0,0.0,0.2898550724637681,0.2692307692307692,206.0,0.0048543689320388,0.0048543689320388,1.0,0
40000.0,60.0,16.02,973.15,14.0,5.0,0.0,220000.0,1.0,0.0,23.31,36.0,0.0,273883.0,43.4,64.0,0.0,0.0,2.0,0.0,702.0,0.0,0.1818181818181818,0.5625,513.0,0.0,0.0,-1.0,0
14000.0,36.0,10.91,457.75,8.0,10.0,0.0,105000.0,0.0,0.0,11.33,25.0,0.0,416.0,0.7,47.0,0.0,0.0,5.0,0.0,737.0,0.0,0.1333333333333333,0.5319148936170213,176.0,0.0,0.0,-1.0,0
8000.0,36.0,20.0,297.31,18.0,10.0,0.0,75480.0,2.0,5.0,29.7,16.0,2.0,12926.0,52.1,24.0,0.0,1.0,0.0,2.0,692.0,0.0,0.1059883412824589,0.6666666666666666,331.0,0.0060422960725075,0.0060422960725075,1.0,0
8000.0,36.0,21.45,303.26,19.0,7.0,0.0,60000.0,1.0,5.0,26.0,16.0,0.0,15643.0,49.7,40.0,0.0,0.0,1.0,0.0,662.0,0.0,0.1333333333333333,0.4,251.0,0.0,0.0,-1.0,0
28000.0,36.0,7.35,869.05,3.0,7.0,2.0,265000.0,0.0,4.0,8.25,8.0,0.0,35527.0,64.4,35.0,0.0,0.0,5.0,0.0,727.0,0.0,0.1056603773584905,0.2285714285714285,222.0,0.0,0.0,-1.0,0
12000.0,36.0,10.42,389.58,7.0,7.0,1.0,35000.0,0.0,0.0,15.53,5.0,1.0,6466.0,43.0,10.0,1.0,0.0,0.0,1.0,707.0,0.0,0.3428571428571428,0.5,464.0,0.0021551724137931,0.0021551724137931,1.0,0
13500.0,36.0,19.03,495.07,17.0,10.0,0.0,64500.0,2.0,0.0,27.19,29.0,0.0,20295.0,25.4,46.0,1.0,0.0,2.0,0.0,672.0,0.0,0.2093023255813953,0.6304347826086957,157.0,0.0,0.0,-1.0,0
10000.0,36.0,6.08,304.59,1.0,10.0,2.0,78000.0,0.0,4.0,20.51,16.0,0.0,101055.0,32.2,41.0,0.0,0.0,1.0,0.0,712.0,0.0,0.1282051282051282,0.3902439024390244,282.0,0.0,0.0,-1.0,0
2000.0,36.0,12.62,67.03,10.0,2.0,1.0,17904.0,0.0,9.0,6.64,3.0,0.0,3060.0,12.3,8.0,1.0,0.0,0.0,0.0,682.0,0.0,0.1117068811438784,0.375,149.0,0.0,0.0,-1.0,0
18000.0,60.0,18.06,457.67,16.0,10.0,2.0,40000.0,0.0,0.0,31.14,13.0,2.0,11947.0,29.6,38.0,0.0,0.0,4.0,2.0,672.0,0.0,0.45,0.3421052631578947,281.0,0.0071174377224199,0.0071174377224199,1.0,1
14000.0,60.0,7.35,279.54,3.0,3.0,0.0,84060.0,1.0,4.0,12.62,6.0,0.0,8244.0,12.4,12.0,1.0,0.0,2.0,0.0,832.0,0.0,0.1665477040209374,0.5,200.0,0.0,0.0,-1.0,1
10000.0,60.0,16.02,243.29,14.0,4.0,2.0,27000.0,2.0,5.0,22.93,10.0,1.0,2733.0,33.3,24.0,0.0,0.0,2.0,1.0,667.0,0.0,0.3703703703703703,0.4166666666666667,147.0,0.0068027210884353,0.0068027210884353,1.0,0
5000.0,36.0,19.03,183.36,17.0,0.0,2.0,70000.0,0.0,2.0,7.71,11.0,0.0,2524.0,14.3,21.0,1.0,0.0,0.0,0.0,662.0,0.0,0.0714285714285714,0.5238095238095238,125.0,0.0,0.0,-1.0,1
14601.8876953125,60.0,11.99,324.7376550292969,9.0,6.0,0.0,87306.625,2.0,3.0,194.1668780517578,5.0,0.0,269201.53125,24.725675201416017,18.0,0.0,0.0,10.0,0.0,752.0,0.0,0.16724833028931768,0.2777777910232544,50.0,0.0,0.0,-1.0,0
6000.0,36.0,13.59,203.88,11.0,4.0,1.0,90000.0,0.0,5.0,19.98,5.0,0.0,29294.0,78.5,23.0,1.0,0.0,0.0,0.0,682.0,0.0,0.0666666666666666,0.217391304347826,209.0,0.0,0.0,-1.0,0
30800.0,36.0,10.91,1007.05,8.0,10.0,1.0,199000.0,2.0,0.0,5.81,12.0,0.0,15158.0,27.0,38.0,0.0,0.0,4.0,0.0,672.0,0.0,0.1547738693467336,0.3157894736842105,279.0,0.0,0.0,-1.0,0
40000.0,36.0,6.08,1218.33,1.0,1.0,1.0,85000.0,2.0,6.0,13.48,8.0,1.0,2290.0,8.8,14.0,0.0,0.0,0.0,1.0,732.0,0.0,0.4705882352941176,0.5714285714285714,135.0,0.0074074074074074,0.0074074074074074,1.0,0
15000.0,36.0,6.08,456.88,1.0,1.0,0.0,79000.0,0.0,5.0,10.48,9.0,0.0,42924.0,10.8,10.0,0.0,0.0,1.0,0.0,757.0,0.0,0.189873417721519,0.9,116.0,0.0,0.0,-1.0,0
20000.0,36.0,6.08,609.17,1.0,0.0,0.0,116280.0,0.0,0.0,8.49,19.0,0.0,12069.0,12.5,42.0,0.0,0.0,1.0,0.0,757.0,0.0,0.1719986240110079,0.4523809523809524,152.0,0.0,0.0,-1.0,0
38000.0,60.0,26.3,1144.5,24.0,1.0,0.0,49000.0,2.0,4.0,44.06,13.0,0.0,21472.0,79.8,53.0,0.0,1.0,6.0,0.0,692.0,0.0,0.7755102040816326,0.2452830188679245,133.0,0.0,0.0,-1.0,0
7500.0,36.0,14.08,256.63,12.0,1.0,2.0,24000.0,0.0,0.0,29.95,9.0,0.0,772.0,9.2,28.0,0.0,1.0,1.0,0.0,742.0,0.0,0.3125,0.3214285714285714,179.0,0.0,0.0,-1.0,0
12000.0,36.0,6.08,365.5,1.0,8.0,0.0,150000.0,0.0,2.0,13.92,14.0,0.0,19190.0,42.6,44.0,0.0,0.0,1.0,0.0,717.0,0.0,0.08,0.3181818181818182,258.0,0.0,0.0,-1.0,0
5000.0,36.0,5.32,150.58,0.0,10.0,2.0,37000.0,0.0,2.0,0.0,2.0,0.0,0.0,0.0,21.0,1.0,0.0,0.0,0.0,767.0,1.0,0.1351351351351351,0.0952380952380952,127.0,0.0,0.0,-1.0,0
5000.0,36.0,10.91,163.49,8.0,2.0,2.0,85000.0,1.0,2.0,17.09,11.0,0.0,81965.0,61.3,30.0,0.0,0.0,3.0,0.0,712.0,1.0,0.0588235294117647,0.3666666666666666,288.0,0.0,0.0,-1.0,0
20000.0,36.0,9.93,644.69,6.0,5.0,0.0,80000.0,1.0,0.0,9.65,15.0,1.0,18923.0,58.0,21.0,0.0,0.0,0.0,1.0,667.0,1.0,0.25,0.7142857142857143,126.0,0.0079365079365079,0.0079365079365079,1.0,0
5500.0,36.0,14.08,188.2,12.0,3.0,0.0,54500.0,1.0,0.0,5.0,7.0,0.0,530.0,18.9,10.0,0.0,0.0,2.0,0.0,692.0,1.0,0.1009174311926605,0.7,166.0,0.0,0.0,-1.0,0
18000.0,36.0,7.35,558.68,3.0,10.0,1.0,110000.0,0.0,0.0,10.92,12.0,0.0,10798.0,26.5,17.0,0.0,0.0,0.0,0.0,722.0,1.0,0.1636363636363636,0.7058823529411765,272.0,0.0,0.0,-1.0,0
6000.0,36.0,7.34,186.2,3.0,10.0,2.0,60000.0,1.0,5.0,4.81,5.0,0.0,8933.0,68.2,12.0,0.0,0.0,3.0,0.0,712.0,1.0,0.1,0.4166666666666667,265.0,0.0,0.0,-1.0,0
25000.0,60.0,12.61,563.85,10.0,1.0,1.0,130000.0,1.0,0.0,7.37,5.0,0.0,2002.0,29.9,10.0,0.0,0.0,1.0,0.0,692.0,1.0,0.1923076923076923,0.5,198.0,0.0,0.0,-1.0,0
10000.0,36.0,16.01,351.62,14.0,4.0,1.0,28000.0,1.0,0.0,12.86,9.0,0.0,8155.0,61.8,15.0,0.0,0.0,0.0,0.0,662.0,1.0,0.3571428571428571,0.6,130.0,0.0,0.0,-1.0,0
17500.0,60.0,21.85,481.84,19.0,3.0,1.0,36016.55,0.0,5.0,33.79,6.0,0.0,19252.0,78.6,16.0,0.0,0.0,0.0,0.0,697.0,1.0,0.4858877377205756,0.375,233.0,0.0,0.0,-1.0,1
40000.0,36.0,9.93,1289.38,6.0,0.0,0.0,105000.0,1.0,2.0,16.12,12.0,0.0,28662.0,65.1,24.0,0.0,0.0,3.0,0.0,692.0,1.0,0.3809523809523809,0.5,237.0,0.0,0.0,-1.0,0
23200.0,60.0,11.99,515.96,9.0,4.0,1.0,62400.0,2.0,3.0,2.27,3.0,1.0,5877.0,16.8,9.0,0.0,0.0,0.0,1.0,692.0,1.0,0.3717948717948718,0.3333333333333333,126.0,0.0079365079365079,0.0079365079365079,1.0,0
16000.0,36.0,16.02,562.68,14.0,5.0,2.0,60000.0,2.0,3.0,6.88,2.0,0.0,11247.0,0.0,12.0,0.0,0.0,0.0,0.0,717.0,1.0,0.2666666666666666,0.1666666666666666,102.0,0.0,0.0,-1.0,1
18000.0,60.0,12.62,406.07,10.0,5.0,1.0,10000.0,0.0,0.0,218.21,9.0,0.0,30316.0,35.6,11.0,1.0,1.0,0.0,0.0,712.0,1.0,1.8,0.8181818181818182,152.0,0.0,0.0,-1.0,1
6025.0,36.0,13.59,204.73,11.0,0.0,1.0,80000.0,1.0,0.0,5.87,8.0,0.0,4325.0,24.2,29.0,0.0,0.0,1.0,0.0,667.0,1.0,0.0753125,0.2758620689655172,175.0,0.0,0.0,-1.0,0
12000.0,60.0,21.45,327.69,19.0,2.0,2.0,60000.0,0.0,4.0,22.42,8.0,0.0,12188.0,80.2,35.0,0.0,0.0,1.0,0.0,697.0,1.0,0.2,0.2285714285714285,179.0,0.0,0.0,-1.0,0
6000.0,36.0,9.93,193.41,6.0,10.0,1.0,164200.0,0.0,5.0,12.07,5.0,0.0,9341.0,71.9,16.0,0.0,0.0,0.0,0.0,722.0,1.0,0.0365408038976857,0.3125,90.0,0.0,0.0,-1.0,0
10000.0,60.0,18.06,254.27,16.0,3.0,0.0,50000.0,0.0,0.0,27.77,11.0,0.0,5926.0,30.1,19.0,0.0,0.0,2.0,0.0,727.0,1.0,0.2,0.5789473684210527,185.0,0.0,0.0,-1.0,0
3000.0,36.0,21.45,113.72,19.0,1.0,1.0,26000.0,1.0,10.0,10.53,4.0,0.0,1223.0,37.1,6.0,1.0,0.0,0.0,0.0,692.0,1.0,0.1153846153846153,0.6666666666666666,68.0,0.0,0.0,-1.0,0
27000.0,36.0,9.93,870.33,6.0,10.0,0.0,117000.0,0.0,0.0,9.99,4.0,0.0,26810.0,75.3,9.0,0.0,0.0,0.0,0.0,717.0,1.0,0.2307692307692307,0.4444444444444444,219.0,0.0,0.0,-1.0,0
7200.0,36.0,21.45,272.93,19.0,10.0,2.0,71500.0,0.0,0.0,13.93,6.0,0.0,9822.0,66.8,18.0,0.0,0.0,1.0,0.0,662.0,1.0,0.1006993006993007,0.3333333333333333,173.0,0.0,0.0,-1.0,0
10000.0,36.0,21.45,379.07,19.0,10.0,0.0,100000.0,0.0,0.0,11.27,7.0,0.0,10880.0,65.1,8.0,1.0,0.0,1.0,0.0,677.0,1.0,0.1,0.875,154.0,0.0,0.0,-1.0,0
20800.0,36.0,18.06,752.6,16.0,10.0,0.0,100093.0,0.0,2.0,41.27,22.0,0.0,27445.0,39.8,53.0,1.0,1.0,4.0,0.0,712.0,1.0,0.2078067397320492,0.4150943396226415,242.0,0.0,0.0,-1.0,0
25000.0,36.0,9.93,805.86,6.0,10.0,2.0,60000.0,0.0,2.0,6.22,8.0,3.0,13172.0,32.2,13.0,0.0,0.0,1.0,1.0,707.0,1.0,0.4166666666666667,0.6153846153846154,142.0,0.0211267605633802,0.0070422535211267,0.3333333333333333,0
10000.0,36.0,7.35,310.38,3.0,0.0,0.0,140000.0,0.0,4.0,14.08,13.0,0.0,62929.0,72.6,32.0,0.0,0.0,4.0,0.0,692.0,1.0,0.0714285714285714,0.40625,302.0,0.0,0.0,-1.0,0
5000.0,36.0,15.05,173.45,13.0,0.0,1.0,35000.0,0.0,0.0,11.18,20.0,0.0,6381.0,59.6,24.0,1.0,0.0,0.0,0.0,667.0,1.0,0.1428571428571428,0.8333333333333334,103.0,0.0,0.0,-1.0,0
23000.0,60.0,19.42,601.97,17.0,7.0,1.0,61000.0,2.0,0.0,20.42,20.0,0.0,15879.0,54.2,28.0,0.0,0.0,1.0,0.0,712.0,2.0,0.3770491803278688,0.7142857142857143,172.0,0.0,0.0,-1.0,0
7500.0,36.0,12.61,251.3,10.0,10.0,0.0,50000.0,2.0,5.0,26.24,8.0,1.0,2391.0,41.2,11.0,0.0,0.0,1.0,0.0,662.0,2.0,0.15,0.7272727272727273,352.0,0.002840909090909,0.0,0.0,1
6000.0,36.0,9.43,192.01,5.0,4.0,0.0,110000.0,1.0,0.0,5.39,6.0,0.0,5293.0,44.5,13.0,0.0,0.0,3.0,0.0,662.0,2.0,0.0545454545454545,0.4615384615384615,272.0,0.0,0.0,-1.0,0
3750.0,36.0,9.92,120.87,6.0,5.0,0.0,82000.0,1.0,2.0,16.86,14.0,1.0,8901.0,23.5,25.0,0.0,0.0,1.0,1.0,712.0,2.0,0.0457317073170731,0.56,62.0,0.0161290322580645,0.0161290322580645,1.0,0
1500.0,36.0,10.41,48.7,7.0,10.0,0.0,47000.0,0.0,2.0,18.31,13.0,1.0,8924.0,29.2,29.0,1.0,0.0,4.0,1.0,702.0,2.0,0.0319148936170212,0.4482758620689655,267.0,0.0037453183520599,0.0037453183520599,1.0,0
10000.0,60.0,21.85,275.34,19.0,1.0,0.0,60000.0,1.0,0.0,15.64,8.0,0.0,10723.0,61.3,12.0,0.0,0.0,0.0,0.0,677.0,2.0,0.1666666666666666,0.6666666666666666,136.0,0.0,0.0,-1.0,0
25000.0,36.0,11.98,830.12,9.0,10.0,0.0,85000.0,0.0,2.0,28.21,10.0,0.0,1765.0,4.8,33.0,0.0,0.0,3.0,0.0,707.0,2.0,0.2941176470588235,0.303030303030303,172.0,0.0,0.0,-1.0,0
20000.0,36.0,7.34,620.66,3.0,0.0,1.0,95000.0,1.0,5.0,10.19,4.0,0.0,0.0,0.0,23.0,0.0,0.0,0.0,0.0,797.0,2.0,0.2105263157894736,0.1739130434782608,147.0,0.0,0.0,-1.0,0
5000.0,36.0,10.41,162.31,7.0,3.0,2.0,55000.0,0.0,9.0,20.16,10.0,0.0,9473.0,44.3,40.0,0.0,0.0,2.0,0.0,717.0,2.0,0.0909090909090909,0.25,144.0,0.0,0.0,-1.0,0
5000.0,36.0,13.58,169.87,11.0,10.0,0.0,53000.0,1.0,0.0,14.47,10.0,0.0,30247.0,85.9,27.0,1.0,0.0,3.0,0.0,667.0,2.0,0.0943396226415094,0.3703703703703703,201.0,0.0,0.0,-1.0,0
8000.0,36.0,21.85,304.91,19.0,0.0,1.0,72000.0,1.0,5.0,16.02,12.0,0.0,27006.0,79.0,18.0,0.0,0.0,0.0,0.0,672.0,2.0,0.1111111111111111,0.6666666666666666,386.0,0.0,0.0,-1.0,1
10000.0,60.0,21.85,275.34,19.0,10.0,1.0,68000.0,0.0,0.0,38.4,24.0,0.0,17736.0,32.3,31.0,0.0,0.0,0.0,0.0,732.0,2.0,0.1470588235294117,0.7741935483870968,347.0,0.0,0.0,-1.0,1
25000.0,60.0,14.07,582.62,12.0,2.0,0.0,36000.0,1.0,0.0,12.23,12.0,0.0,20007.0,47.4,19.0,0.0,0.0,1.0,0.0,677.0,2.0,0.6944444444444444,0.631578947368421,119.0,0.0,0.0,-1.0,0
16000.0,60.0,24.84,468.13,22.0,10.0,0.0,122000.0,0.0,0.0,21.89,14.0,0.0,14345.0,62.6,30.0,0.0,0.0,5.0,0.0,687.0,2.0,0.1311475409836065,0.4666666666666667,129.0,0.0,0.0,-1.0,0
6000.0,36.0,13.58,203.85,11.0,6.0,1.0,55000.0,1.0,3.0,8.01,4.0,0.0,268.0,1.8,16.0,0.0,0.0,0.0,0.0,687.0,2.0,0.109090909090909,0.25,76.0,0.0,0.0,-1.0,0
14250.0,60.0,14.07,332.09,12.0,0.0,0.0,105000.0,1.0,0.0,11.67,14.0,1.0,9729.0,38.6,43.0,0.0,0.0,2.0,1.0,677.0,2.0,0.1357142857142857,0.3255813953488372,261.0,0.003831417624521,0.003831417624521,1.0,0
10000.0,36.0,21.85,381.13,19.0,10.0,0.0,62623.0,2.0,5.0,29.07,13.0,0.0,16404.0,77.7,24.0,0.0,0.0,3.0,0.0,667.0,2.0,0.1596857384666975,0.5416666666666666,176.0,0.0,0.0,-1.0,1
6000.0,36.0,7.96,187.91,4.0,2.0,1.0,26000.0,1.0,4.0,1.15,5.0,0.0,239.0,0.7,8.0,1.0,0.0,0.0,0.0,757.0,2.0,0.2307692307692307,0.625,80.0,0.0,0.0,-1.0,0
10000.0,36.0,9.92,322.3,6.0,7.0,1.0,47000.0,0.0,0.0,3.4,3.0,0.0,6457.0,53.8,5.0,0.0,0.0,0.0,0.0,697.0,2.0,0.2127659574468085,0.6,124.0,0.0,0.0,-1.0,0
24000.0,36.0,13.58,815.38,11.0,0.0,0.0,73620.0,1.0,4.0,18.47,18.0,0.0,17045.0,96.8,23.0,0.0,0.0,0.0,0.0,677.0,2.0,0.3259983700081499,0.782608695652174,153.0,0.0,0.0,-1.0,0
12000.0,36.0,5.31,361.33,0.0,4.0,0.0,106000.0,1.0,9.0,5.97,9.0,0.0,0.0,0.0,20.0,0.0,0.0,0.0,0.0,787.0,2.0,0.1132075471698113,0.45,130.0,0.0,0.0,-1.0,0
7500.0,36.0,11.98,249.04,9.0,10.0,0.0,77000.0,1.0,4.0,17.63,6.0,1.0,6352.0,97.7,12.0,0.0,0.0,3.0,1.0,662.0,2.0,0.0974025974025974,0.5,75.0,0.0133333333333333,0.0133333333333333,1.0,0
20000.0,60.0,16.01,486.47,14.0,10.0,0.0,80000.0,0.0,0.0,8.28,7.0,0.0,18742.0,48.2,29.0,0.0,1.0,1.0,0.0,727.0,2.0,0.25,0.2413793103448276,202.0,0.0,0.0,-1.0,0
12000.0,36.0,19.42,442.43,17.0,5.0,1.0,30000.0,1.0,0.0,33.2,8.0,0.0,11353.0,89.4,11.0,0.0,0.0,0.0,0.0,687.0,2.0,0.4,0.7272727272727273,91.0,0.0,0.0,-1.0,0
19200.0,60.0,15.04,457.17,13.0,10.0,0.0,104000.0,2.0,5.0,9.72,19.0,0.0,21015.0,39.8,31.0,0.0,0.0,6.0,0.0,677.0,2.0,0.1846153846153846,0.6129032258064516,198.0,0.0,0.0,-1.0,0
24348.158203125,36.0,25.81,978.5396215820313,23.0,0.0,0.0,403313.84375,2.0,0.0,106.26390625,40.0,0.0,2768.8359375,78.10070037841797,67.0,1.0,0.0,1.0,0.0,692.0,2.0,0.060370251374400136,0.5970149253731343,187.0,0.0,0.0,-1.0,1
3625.0,36.0,10.41,117.67,7.0,2.0,1.0,58000.0,1.0,4.0,16.81,7.0,0.0,4422.0,34.5,16.0,0.0,0.0,0.0,0.0,672.0,2.0,0.0625,0.4375,91.0,0.0,0.0,-1.0,0
36575.0,36.0,7.96,1145.46,4.0,7.0,1.0,81600.0,2.0,5.0,18.69,13.0,0.0,10693.0,14.5,34.0,0.0,1.0,1.0,0.0,792.0,2.0,0.4482230392156863,0.3823529411764705,211.0,0.0,0.0,-1.0,0
5000.0,36.0,6.71,153.73,2.0,4.0,1.0,105000.0,0.0,4.0,20.42,14.0,0.0,5697.0,7.1,28.0,0.0,0.0,0.0,0.0,782.0,2.0,0.0476190476190476,0.5,115.0,0.0,0.0,-1.0,0
28000.0,36.0,10.9,915.36,8.0,2.0,1.0,75000.0,0.0,0.0,5.32,7.0,0.0,13415.0,37.1,13.0,1.0,0.0,0.0,0.0,717.0,2.0,0.3733333333333333,0.5384615384615384,93.0,0.0,0.0,-1.0,0
20000.0,36.0,18.45,727.58,16.0,10.0,0.0,90000.0,0.0,2.0,17.17,11.0,0.0,21357.0,65.7,27.0,0.0,0.0,3.0,0.0,677.0,2.0,0.2222222222222222,0.4074074074074074,305.0,0.0,0.0,-1.0,0
15000.0,36.0,7.96,469.77,4.0,10.0,0.0,70000.0,1.0,0.0,19.44,7.0,1.0,0.0,0.0,25.0,0.0,0.0,0.0,1.0,707.0,2.0,0.2142857142857142,0.28,174.0,0.0057471264367816,0.0057471264367816,1.0,0
10000.0,36.0,13.58,339.74,11.0,10.0,0.0,74000.0,1.0,4.0,21.69,26.0,0.0,29957.0,49.5,53.0,0.0,0.0,1.0,0.0,672.0,2.0,0.1351351351351351,0.490566037735849,155.0,0.0,0.0,-1.0,0
24000.0,60.0,16.01,583.77,14.0,8.0,1.0,99770.0,1.0,0.0,31.31,25.0,1.0,41706.0,82.3,28.0,0.0,0.0,1.0,1.0,667.0,3.0,0.2405532725268116,0.8928571428571429,167.0,0.0059880239520958,0.0059880239520958,1.0,0
8000.0,36.0,11.98,265.64,9.0,2.0,1.0,65000.0,1.0,0.0,23.32,9.0,0.0,4782.0,20.9,18.0,0.0,0.0,0.0,0.0,722.0,3.0,0.123076923076923,0.5,63.0,0.0,0.0,-1.0,1
40000.0,60.0,10.9,867.71,8.0,9.0,0.0,53920.0,0.0,2.0,1.27,5.0,0.0,574.0,4.2,14.0,0.0,0.0,4.0,0.0,702.0,3.0,0.7418397626112759,0.3571428571428571,173.0,0.0,0.0,-1.0,0
32000.0,60.0,21.85,881.08,19.0,2.0,2.0,42900.0,2.0,2.0,12.17,13.0,0.0,3748.0,54.3,13.0,0.0,0.0,0.0,0.0,677.0,3.0,0.745920745920746,1.0,82.0,0.0,0.0,-1.0,0
8850.0,36.0,20.39,330.66,18.0,5.0,1.0,106600.0,2.0,0.0,14.16,6.0,0.0,7979.0,30.8,12.0,0.0,0.0,0.0,0.0,697.0,3.0,0.0830206378986866,0.5,90.0,0.0,0.0,-1.0,0
8000.0,36.0,20.39,298.91,18.0,10.0,1.0,103000.0,2.0,10.0,22.92,20.0,1.0,10367.0,29.6,43.0,1.0,0.0,1.0,1.0,662.0,3.0,0.0776699029126213,0.4651162790697674,163.0,0.0061349693251533,0.0061349693251533,1.0,0
25000.0,36.0,13.58,849.35,11.0,10.0,0.0,70000.0,1.0,0.0,32.93,24.0,0.0,21116.0,36.3,53.0,0.0,0.0,3.0,0.0,687.0,3.0,0.3571428571428571,0.4528301886792453,262.0,0.0,0.0,-1.0,0
10000.0,36.0,21.85,381.13,19.0,8.0,1.0,80000.0,1.0,8.0,9.42,7.0,0.0,4442.0,69.4,20.0,0.0,0.0,0.0,0.0,662.0,3.0,0.125,0.35,144.0,0.0,0.0,-1.0,1
8000.0,36.0,10.41,259.69,7.0,10.0,1.0,70000.0,1.0,5.0,9.21,9.0,1.0,15080.0,54.8,14.0,0.0,0.0,0.0,1.0,682.0,3.0,0.1142857142857142,0.6428571428571429,161.0,0.0062111801242236,0.0062111801242236,1.0,1
7800.0,36.0,9.92,251.4,6.0,10.0,1.0,79779.0,1.0,3.0,3.75,9.0,0.0,8167.0,31.5,26.0,0.0,0.0,0.0,0.0,682.0,3.0,0.0977700898732749,0.3461538461538461,143.0,0.0,0.0,-1.0,0
18000.0,36.0,7.34,558.6,3.0,3.0,0.0,114021.0,1.0,0.0,17.44,13.0,0.0,1859.0,10.8,23.0,0.0,0.0,0.0,0.0,717.0,3.0,0.1578656563264661,0.5652173913043478,165.0,0.0,0.0,-1.0,0
32000.0,36.0,10.41,1038.73,7.0,10.0,0.0,92000.0,1.0,0.0,11.31,11.0,0.0,9458.0,32.1,17.0,0.0,0.0,1.0,0.0,712.0,3.0,0.3478260869565217,0.6470588235294118,250.0,0.0,0.0,-1.0,0
3600.0,36.0,11.98,119.54,9.0,0.0,1.0,40000.0,1.0,3.0,10.87,6.0,0.0,475.0,3.9,17.0,1.0,0.0,2.0,0.0,687.0,3.0,0.09,0.3529411764705882,137.0,0.0,0.0,-1.0,0
13000.0,60.0,14.07,302.96,12.0,5.0,0.0,110000.0,1.0,8.0,16.44,16.0,0.0,9204.0,31.1,25.0,0.0,0.0,1.0,0.0,697.0,3.0,0.1181818181818181,0.64,183.0,0.0,0.0,-1.0,0
4000.0,36.0,13.58,135.9,11.0,10.0,2.0,57000.0,0.0,2.0,17.96,8.0,0.0,2513.0,47.4,23.0,0.0,0.0,1.0,0.0,677.0,3.0,0.0701754385964912,0.3478260869565217,163.0,0.0,0.0,-1.0,0
22000.0,60.0,9.43,461.29,5.0,10.0,0.0,115000.0,0.0,0.0,21.14,16.0,0.0,21277.0,18.9,38.0,0.0,0.0,4.0,0.0,797.0,3.0,0.1913043478260869,0.4210526315789473,280.0,0.0,0.0,-1.0,0
24000.0,60.0,20.39,641.08,18.0,10.0,0.0,95000.0,0.0,4.0,39.55,12.0,0.0,32680.0,59.2,53.0,0.0,1.0,4.0,0.0,717.0,3.0,0.2526315789473684,0.2264150943396226,162.0,0.0,0.0,-1.0,0
14500.0,36.0,13.58,492.63,11.0,10.0,0.0,34000.0,1.0,0.0,27.78,9.0,0.0,11882.0,70.3,17.0,0.0,0.0,0.0,0.0,682.0,3.0,0.4264705882352941,0.5294117647058824,258.0,0.0,0.0,-1.0,0
12000.0,36.0,11.98,398.46,9.0,10.0,0.0,125000.0,1.0,0.0,6.52,9.0,0.0,16108.0,35.1,29.0,0.0,0.0,1.0,0.0,702.0,3.0,0.096,0.3103448275862069,227.0,0.0,0.0,-1.0,0
10000.0,60.0,11.98,222.35,9.0,10.0,0.0,150000.0,1.0,2.0,14.23,33.0,0.0,19014.0,15.1,55.0,0.0,0.0,4.0,0.0,732.0,3.0,0.0666666666666666,0.6,232.0,0.0,0.0,-1.0,0
15000.0,36.0,7.34,465.5,3.0,2.0,1.0,100000.0,0.0,4.0,20.52,19.0,1.0,13096.0,33.0,23.0,0.0,0.0,0.0,1.0,707.0,3.0,0.15,0.8260869565217391,99.0,0.0101010101010101,0.0101010101010101,1.0,1
20000.0,36.0,10.9,653.83,8.0,6.0,0.0,120000.0,1.0,0.0,2.73,8.0,0.0,8321.0,65.5,10.0,0.0,0.0,1.0,0.0,662.0,4.0,0.1666666666666666,0.8,177.0,0.0,0.0,-1.0,0
6000.0,36.0,20.39,224.18,18.0,9.0,0.0,40000.0,2.0,0.0,35.79,13.0,0.0,21787.0,90.0,22.0,0.0,0.0,2.0,0.0,692.0,4.0,0.15,0.5909090909090909,150.0,0.0,0.0,-1.0,0
40000.0,36.0,6.71,1229.79,2.0,1.0,2.0,138960.0,1.0,6.0,12.7,11.0,0.0,5629.0,8.6,27.0,0.0,0.0,0.0,0.0,722.0,4.0,0.287852619458837,0.4074074074074074,229.0,0.0,0.0,-1.0,0
10000.0,60.0,10.9,216.93,8.0,10.0,0.0,60000.0,1.0,4.0,19.18,10.0,0.0,7216.0,16.5,32.0,0.0,1.0,3.0,0.0,792.0,4.0,0.1666666666666666,0.3125,201.0,0.0,0.0,-1.0,0
1500.0,36.0,7.34,46.55,3.0,10.0,1.0,45000.0,0.0,0.0,17.36,10.0,0.0,5629.0,20.2,22.0,0.0,0.0,0.0,0.0,737.0,4.0,0.0333333333333333,0.4545454545454545,179.0,0.0,0.0,-1.0,0
11248.80859375,36.0,14.07,384.8496838378906,12.0,10.0,2.0,2076050.875,1.0,2.0,209.7482666015625,11.0,0.0,449267.90625,25.87796630859375,25.0,0.0,0.0,7.0,0.0,712.0,4.0,0.005418370986978144,0.43999998768170673,196.0,0.0,0.0,-1.0,0
19000.0,36.0,5.31,572.1,0.0,10.0,2.0,95000.0,1.0,0.0,3.57,7.0,0.0,4042.0,6.8,21.0,1.0,0.0,10.0,0.0,797.0,4.0,0.2,0.3333333333333333,194.0,0.0,0.0,-1.0,0
7200.0,36.0,7.46,223.84,3.0,10.0,0.0,50000.0,1.0,0.0,25.73,15.0,0.0,10857.0,27.3,31.0,0.0,0.0,3.0,0.0,687.0,4.0,0.144,0.4838709677419355,162.0,0.0,0.0,-1.0,1
40000.0,36.0,5.31,1204.42,0.0,10.0,0.0,160000.0,1.0,5.0,8.78,7.0,0.0,13523.0,20.5,21.0,0.0,0.0,4.0,0.0,782.0,4.0,0.25,0.3333333333333333,432.0,0.0,0.0,-1.0,0
12000.0,60.0,17.47,301.28,15.0,4.0,0.0,47000.0,2.0,4.0,18.97,11.0,0.0,20785.0,61.0,43.0,0.0,0.0,1.0,0.0,687.0,4.0,0.2553191489361702,0.2558139534883721,195.0,0.0,0.0,-1.0,0
10000.0,36.0,14.03,341.93,11.0,2.0,0.0,127000.0,0.0,0.0,7.97,9.0,0.0,5190.0,45.1,26.0,1.0,0.0,3.0,0.0,712.0,4.0,0.0787401574803149,0.3461538461538461,292.0,0.0,0.0,-1.0,1
10000.0,36.0,14.07,342.12,12.0,3.0,1.0,50000.0,0.0,0.0,5.59,3.0,0.0,9377.0,43.0,5.0,0.0,0.0,0.0,0.0,687.0,4.0,0.2,0.6,50.0,0.0,0.0,-1.0,0
24000.0,60.0,11.98,533.63,9.0,8.0,0.0,65000.0,2.0,2.0,24.46,10.0,0.0,8629.0,21.2,14.0,0.0,0.0,1.0,0.0,747.0,4.0,0.3692307692307692,0.7142857142857143,147.0,0.0,0.0,-1.0,0
25000.0,36.0,16.46,884.62,14.0,10.0,2.0,57500.0,2.0,0.0,36.71,11.0,1.0,1904.0,6.8,25.0,0.0,0.0,0.0,1.0,722.0,4.0,0.4347826086956521,0.44,194.0,0.0051546391752577,0.0051546391752577,1.0,0
10000.0,60.0,14.52,235.39,12.0,4.0,2.0,105000.0,1.0,0.0,15.17,7.0,0.0,6220.0,82.9,35.0,0.0,0.0,3.0,0.0,672.0,4.0,0.0952380952380952,0.2,201.0,0.0,0.0,-1.0,0
38500.0,36.0,5.31,1159.25,0.0,4.0,0.0,191938.0,0.0,2.0,5.01,6.0,0.0,14582.0,23.2,14.0,0.0,0.0,1.0,0.0,732.0,4.0,0.2005856057685294,0.4285714285714285,235.0,0.0,0.0,-1.0,0
10000.0,36.0,13.06,337.23,10.0,10.0,1.0,65000.0,0.0,5.0,39.14,16.0,0.0,22517.0,59.4,16.0,0.0,1.0,0.0,0.0,672.0,4.0,0.1538461538461538,1.0,126.0,0.0,0.0,-1.0,1
10000.0,36.0,11.05,327.63,8.0,10.0,0.0,75000.0,0.0,5.0,15.42,11.0,0.0,51466.0,13.2,32.0,0.0,0.0,5.0,0.0,692.0,4.0,0.1333333333333333,0.34375,163.0,0.0,0.0,-1.0,1
5900.0,36.0,15.49,205.95,13.0,2.0,1.0,50000.0,1.0,0.0,20.12,13.0,0.0,7825.0,30.2,18.0,1.0,0.0,0.0,0.0,717.0,4.0,0.118,0.7222222222222222,113.0,0.0,0.0,-1.0,0
5600.0,36.0,21.85,213.44,19.0,10.0,2.0,100000.0,1.0,4.0,16.38,11.0,0.0,20107.0,74.2,31.0,1.0,0.0,4.0,0.0,682.0,4.0,0.056,0.3548387096774194,166.0,0.0,0.0,-1.0,0
1000.0,36.0,20.39,37.37,18.0,3.0,1.0,52000.0,1.0,4.0,16.25,4.0,0.0,11790.0,53.1,7.0,1.0,0.0,0.0,0.0,672.0,4.0,0.0192307692307692,0.5714285714285714,48.0,0.0,0.0,-1.0,0
14000.0,60.0,30.17,454.42,27.0,3.0,1.0,40000.0,1.0,0.0,30.45,9.0,0.0,3447.0,20.2,13.0,0.0,1.0,0.0,0.0,672.0,4.0,0.35,0.6923076923076923,132.0,0.0,0.0,-1.0,1
7000.0,36.0,10.07,226.11,6.0,5.0,0.0,130300.0,0.0,2.0,20.86,21.0,0.0,9717.0,34.8,30.0,0.0,0.0,3.0,0.0,722.0,4.0,0.0537221795855717,0.7,154.0,0.0,0.0,-1.0,0
1500.0,36.0,10.9,49.04,8.0,1.0,0.0,65520.0,1.0,5.0,14.51,13.0,0.0,19781.0,70.6,28.0,1.0,0.0,3.0,0.0,687.0,4.0,0.0228937728937728,0.4642857142857143,193.0,0.0,0.0,-1.0,0
30000.0,60.0,17.47,753.18,15.0,4.0,0.0,15000.0,0.0,0.0,43.6,9.0,0.0,20850.0,70.9,22.0,1.0,1.0,2.0,0.0,687.0,4.0,2.0,0.4090909090909091,164.0,0.0,0.0,-1.0,0
10000.0,36.0,14.07,342.12,12.0,0.0,0.0,30000.0,1.0,0.0,25.48,4.0,1.0,6609.0,98.6,10.0,0.0,1.0,2.0,1.0,667.0,4.0,0.3333333333333333,0.4,130.0,0.0076923076923076,0.0076923076923076,1.0,0
8300.0,36.0,11.05,271.93,8.0,8.0,0.0,70000.0,1.0,0.0,17.16,10.0,0.0,6973.0,24.6,14.0,1.0,0.0,1.0,0.0,682.0,4.0,0.1185714285714285,0.7142857142857143,118.0,0.0,0.0,-1.0,0
4000.0,36.0,7.46,124.36,3.0,1.0,0.0,80000.0,0.0,0.0,6.77,20.0,1.0,4858.0,23.1,23.0,0.0,0.0,2.0,1.0,692.0,4.0,0.05,0.8695652173913043,57.0,0.0175438596491228,0.0175438596491228,1.0,0
11200.0,36.0,12.13,372.7,9.0,10.0,0.0,90000.0,1.0,0.0,19.75,5.0,0.0,9428.0,62.9,13.0,0.0,0.0,1.0,0.0,702.0,5.0,0.1244444444444444,0.3846153846153846,180.0,0.0,0.0,-1.0,0
20000.0,60.0,16.46,491.27,14.0,9.0,1.0,80000.0,2.0,0.0,26.46,14.0,0.0,4214.0,26.0,21.0,0.0,0.0,0.0,0.0,672.0,5.0,0.25,0.6666666666666666,53.0,0.0,0.0,-1.0,1
10000.0,36.0,9.58,320.71,5.0,5.0,0.0,47500.0,0.0,4.0,4.55,4.0,0.0,7853.0,89.2,4.0,0.0,0.0,0.0,0.0,692.0,5.0,0.2105263157894736,1.0,52.0,0.0,0.0,-1.0,0
21000.0,36.0,8.08,658.84,4.0,7.0,2.0,75000.0,2.0,6.0,15.6,11.0,0.0,1733.0,4.3,30.0,0.0,0.0,1.0,0.0,712.0,5.0,0.28,0.3666666666666666,173.0,0.0,0.0,-1.0,0
10200.0,60.0,14.03,237.5,11.0,10.0,0.0,57000.0,0.0,9.0,1.6,6.0,0.0,2920.0,16.4,16.0,0.0,1.0,2.0,0.0,702.0,5.0,0.1789473684210526,0.375,165.0,0.0,0.0,-1.0,0
21000.0,36.0,21.85,800.38,19.0,2.0,1.0,100000.0,1.0,0.0,11.82,8.0,0.0,6313.0,64.4,27.0,1.0,0.0,0.0,0.0,662.0,5.0,0.21,0.2962962962962963,129.0,0.0,0.0,-1.0,0
3000.0,36.0,22.9,115.98,20.0,1.0,1.0,70000.0,0.0,5.0,5.13,5.0,0.0,165.0,5.7,6.0,1.0,0.0,0.0,0.0,672.0,5.0,0.0428571428571428,0.8333333333333334,42.0,0.0,0.0,-1.0,0
7500.0,36.0,11.05,245.72,8.0,0.0,1.0,50000.0,0.0,4.0,16.37,4.0,0.0,8655.0,64.1,4.0,0.0,0.0,0.0,0.0,722.0,5.0,0.15,1.0,40.0,0.0,0.0,-1.0,0
20000.0,60.0,21.85,550.68,19.0,4.0,1.0,38000.0,2.0,0.0,43.49,11.0,0.0,5501.0,48.3,29.0,0.0,1.0,0.0,0.0,732.0,5.0,0.5263157894736842,0.3793103448275862,248.0,0.0,0.0,-1.0,0
11000.0,36.0,13.06,370.96,10.0,10.0,2.0,114500.0,1.0,0.0,14.93,14.0,0.0,12607.0,61.5,66.0,0.0,0.0,1.0,0.0,697.0,5.0,0.0960698689956331,0.2121212121212121,149.0,0.0,0.0,-1.0,0
24000.0,36.0,14.03,820.62,11.0,5.0,0.0,66000.0,1.0,0.0,10.29,11.0,1.0,16724.0,77.1,15.0,0.0,0.0,2.0,1.0,662.0,5.0,0.3636363636363636,0.7333333333333333,141.0,0.0070921985815602,0.0070921985815602,1.0,0
1000.0,36.0,10.56,32.54,7.0,2.0,0.0,47000.0,1.0,9.0,6.13,6.0,0.0,0.0,0.0,26.0,0.0,0.0,1.0,0.0,732.0,5.0,0.0212765957446808,0.2307692307692307,114.0,0.0,0.0,-1.0,0
4000.0,36.0,6.83,123.2,2.0,8.0,0.0,54000.0,0.0,0.0,15.91,16.0,0.0,10298.0,19.8,22.0,0.0,1.0,1.0,0.0,762.0,5.0,0.074074074074074,0.7272727272727273,139.0,0.0,0.0,-1.0,0
24000.0,36.0,16.46,849.23,14.0,10.0,0.0,23000.0,0.0,1.0,104.28,11.0,1.0,5916.0,37.2,14.0,0.0,1.0,1.0,1.0,717.0,5.0,1.0434782608695652,0.7857142857142857,97.0,0.0103092783505154,0.0103092783505154,1.0,0
20000.0,36.0,6.19,610.17,1.0,2.0,0.0,95000.0,1.0,0.0,20.96,12.0,0.0,15860.0,41.3,38.0,0.0,0.0,3.0,0.0,742.0,5.0,0.2105263157894736,0.3157894736842105,384.0,0.0,0.0,-1.0,0
15000.0,60.0,11.05,326.52,8.0,10.0,0.0,90000.0,0.0,4.0,27.41,23.0,0.0,10290.0,13.4,36.0,0.0,0.0,3.0,0.0,777.0,5.0,0.1666666666666666,0.6388888888888888,151.0,0.0,0.0,-1.0,0
12000.0,36.0,17.47,430.65,15.0,8.0,1.0,80000.0,1.0,0.0,15.74,9.0,0.0,6078.0,39.5,28.0,0.0,0.0,2.0,0.0,697.0,5.0,0.15,0.3214285714285714,156.0,0.0,0.0,-1.0,0
7000.0,36.0,14.52,241.02,12.0,0.0,1.0,40000.0,2.0,0.0,21.48,8.0,0.0,2572.0,25.2,13.0,0.0,0.0,0.0,0.0,697.0,5.0,0.175,0.6153846153846154,44.0,0.0,0.0,-1.0,0
25000.0,60.0,20.39,667.79,18.0,1.0,0.0,98500.0,0.0,4.0,25.62,14.0,0.0,23370.0,60.5,29.0,0.0,0.0,3.0,0.0,682.0,5.0,0.2538071065989847,0.4827586206896552,136.0,0.0,0.0,-1.0,0
11000.0,60.0,12.13,245.42,9.0,2.0,2.0,44772.0,0.0,5.0,10.02,9.0,0.0,3266.0,14.5,32.0,0.0,0.0,0.0,0.0,752.0,5.0,0.245689270079514,0.28125,216.0,0.0,0.0,-1.0,0
12000.0,36.0,9.58,384.85,5.0,10.0,1.0,45760.0,1.0,0.0,18.49,16.0,0.0,11719.0,29.2,34.0,0.0,0.0,3.0,0.0,707.0,5.0,0.2622377622377622,0.4705882352941176,106.0,0.0,0.0,-1.0,0
20000.0,60.0,21.85,550.68,19.0,10.0,0.0,75000.0,1.0,0.0,15.62,6.0,0.0,2735.0,44.1,20.0,0.0,0.0,1.0,0.0,682.0,5.0,0.2666666666666666,0.3,106.0,0.0,0.0,-1.0,0
20000.0,36.0,13.06,674.46,10.0,6.0,0.0,50000.0,1.0,0.0,21.94,19.0,0.0,8906.0,52.4,33.0,0.0,0.0,1.0,0.0,682.0,5.0,0.4,0.5757575757575758,291.0,0.0,0.0,-1.0,0
5000.0,36.0,10.07,161.51,6.0,3.0,2.0,27000.0,1.0,0.0,3.11,3.0,0.0,1094.0,22.3,8.0,0.0,0.0,0.0,0.0,737.0,5.0,0.1851851851851851,0.375,258.0,0.0,0.0,-1.0,0
4000.0,36.0,8.46,126.2,4.0,2.0,1.0,75000.0,0.0,0.0,10.82,11.0,0.0,3752.0,37.9,14.0,0.0,0.0,0.0,0.0,702.0,6.0,0.0533333333333333,0.7857142857142857,76.0,0.0,0.0,-1.0,0
22000.0,60.0,16.91,545.7,14.0,3.0,2.0,28000.0,1.0,9.0,23.15,14.0,0.0,0.0,0.0,17.0,0.0,1.0,1.0,0.0,752.0,6.0,0.7857142857142857,0.8235294117647058,103.0,0.0,0.0,-1.0,0
13500.0,36.0,17.97,487.86,15.0,4.0,0.0,57522.72,1.0,0.0,15.31,6.0,0.0,5311.0,44.3,28.0,0.0,0.0,2.0,0.0,722.0,6.0,0.2346898755830739,0.2142857142857142,155.0,0.0,0.0,-1.0,0
5000.0,36.0,7.84,156.32,3.0,4.0,1.0,31000.0,0.0,4.0,13.47,4.0,0.0,1805.0,14.9,6.0,0.0,0.0,0.0,0.0,752.0,6.0,0.1612903225806451,0.6666666666666666,46.0,0.0,0.0,-1.0,0
30000.0,36.0,15.02,1040.26,12.0,2.0,1.0,109000.0,1.0,3.0,15.29,9.0,0.0,28137.0,46.8,40.0,1.0,0.0,2.0,0.0,707.0,6.0,0.2752293577981651,0.225,214.0,0.0,0.0,-1.0,1
10000.0,60.0,16.91,248.05,14.0,3.0,1.0,55000.0,1.0,0.0,11.94,11.0,0.0,10081.0,53.6,21.0,0.0,0.0,0.0,0.0,682.0,6.0,0.1818181818181818,0.5238095238095238,153.0,0.0,0.0,-1.0,0
24000.0,60.0,19.42,628.14,17.0,5.0,1.0,64000.0,1.0,0.0,24.15,11.0,0.0,6196.0,24.4,44.0,0.0,1.0,3.0,0.0,672.0,6.0,0.375,0.25,119.0,0.0,0.0,-1.0,0
32000.0,60.0,18.45,820.45,16.0,2.0,0.0,62576.0,1.0,0.0,14.12,6.0,0.0,2487.0,37.7,16.0,0.0,0.0,2.0,0.0,712.0,6.0,0.5113781641523907,0.375,190.0,0.0,0.0,-1.0,1
25000.0,60.0,11.06,544.31,7.0,3.0,0.0,210000.0,1.0,0.0,6.56,7.0,0.0,22107.0,79.0,24.0,0.0,0.0,5.0,0.0,707.0,6.0,0.119047619047619,0.2916666666666667,188.0,0.0,0.0,-1.0,0
40000.0,60.0,19.92,1057.98,17.0,1.0,0.0,99840.0,1.0,0.0,27.16,16.0,0.0,14868.0,34.7,38.0,0.0,1.0,2.0,0.0,712.0,6.0,0.4006410256410256,0.4210526315789473,136.0,0.0,0.0,-1.0,0
17600.0,36.0,16.14,619.99,13.0,1.0,1.0,55000.0,1.0,0.0,32.42,17.0,0.0,25617.0,78.6,21.0,0.0,0.0,0.0,0.0,702.0,6.0,0.32,0.8095238095238095,119.0,0.0,0.0,-1.0,0
9000.0,36.0,7.84,281.37,3.0,10.0,0.0,68000.0,1.0,0.0,15.46,12.0,0.0,6231.0,15.7,32.0,0.0,0.0,1.0,0.0,742.0,6.0,0.1323529411764706,0.375,219.0,0.0,0.0,-1.0,0
5000.0,36.0,15.02,173.38,12.0,10.0,0.0,26000.0,1.0,0.0,94.14,14.0,0.0,6475.0,67.4,23.0,0.0,1.0,1.0,0.0,672.0,6.0,0.1923076923076923,0.6086956521739131,149.0,0.0,0.0,-1.0,0
25000.0,60.0,10.08,532.17,5.0,10.0,0.0,52000.0,2.0,0.0,16.94,9.0,0.0,4682.0,11.7,19.0,0.0,0.0,1.0,0.0,802.0,6.0,0.4807692307692308,0.4736842105263157,134.0,0.0,0.0,-1.0,0
13000.0,60.0,11.55,286.24,8.0,1.0,0.0,72000.0,0.0,0.0,13.62,7.0,0.0,16026.0,40.1,20.0,0.0,0.0,3.0,0.0,722.0,7.0,0.1805555555555555,0.35,141.0,0.0,0.0,-1.0,0
19000.0,36.0,10.08,613.8,5.0,10.0,0.0,145000.0,1.0,4.0,8.47,9.0,1.0,13038.0,86.3,13.0,0.0,0.0,4.0,1.0,687.0,7.0,0.1310344827586207,0.6923076923076923,358.0,0.0027932960893854,0.0027932960893854,1.0,0
10000.0,36.0,13.56,339.65,10.0,5.0,0.0,130000.0,2.0,4.0,20.2,29.0,0.0,13242.0,16.3,54.0,0.0,0.0,1.0,0.0,667.0,7.0,0.0769230769230769,0.5370370370370371,221.0,0.0,0.0,-1.0,0
12000.0,36.0,12.73,402.77,9.0,7.0,1.0,75000.0,2.0,0.0,23.02,20.0,0.0,7586.0,17.2,28.0,0.0,0.0,0.0,0.0,692.0,7.0,0.16,0.7142857142857143,137.0,0.0,0.0,-1.0,0
24000.0,60.0,16.14,585.43,13.0,10.0,2.0,63000.0,2.0,4.0,22.48,18.0,0.0,19311.0,48.3,22.0,0.0,0.0,1.0,0.0,667.0,7.0,0.3809523809523809,0.8181818181818182,82.0,0.0,0.0,-1.0,0
15000.0,60.0,20.89,404.88,18.0,10.0,0.0,88000.0,1.0,0.0,24.22,10.0,0.0,11545.0,42.9,15.0,0.0,0.0,2.0,0.0,697.0,7.0,0.1704545454545454,0.6666666666666666,138.0,0.0,0.0,-1.0,0
15000.0,36.0,11.55,495.0,8.0,5.0,0.0,56000.0,0.0,4.0,32.13,15.0,0.0,5987.0,38.4,20.0,0.0,1.0,1.0,0.0,747.0,7.0,0.2678571428571428,0.75,362.0,0.0,0.0,-1.0,0
1000.0,36.0,22.35,38.38,19.0,4.0,1.0,31000.0,1.0,0.0,11.46,8.0,0.0,1478.0,37.0,23.0,1.0,0.0,0.0,0.0,677.0,7.0,0.032258064516129,0.3478260869565217,132.0,0.0,0.0,-1.0,0
8000.0,36.0,11.55,264.0,8.0,0.0,0.0,57018.0,0.0,0.0,17.05,12.0,0.0,7036.0,16.7,23.0,0.0,0.0,0.0,0.0,757.0,7.0,0.1403065698551334,0.5217391304347826,162.0,0.0,0.0,-1.0,0
30000.0,36.0,6.67,921.8,1.0,2.0,0.0,180000.0,1.0,4.0,15.56,21.0,1.0,17816.0,32.1,39.0,0.0,0.0,3.0,1.0,737.0,7.0,0.1666666666666666,0.5384615384615384,192.0,0.0052083333333333,0.0052083333333333,1.0,0
10000.0,36.0,18.94,366.26,16.0,6.0,0.0,85000.0,2.0,0.0,15.81,12.0,0.0,17619.0,39.5,29.0,0.0,0.0,5.0,0.0,682.0,8.0,0.1176470588235294,0.4137931034482758,188.0,0.0,0.0,-1.0,0
20000.0,60.0,15.02,476.01,12.0,6.0,0.0,61000.0,1.0,0.0,10.51,7.0,0.0,6824.0,29.7,31.0,0.0,0.0,1.0,0.0,672.0,8.0,0.3278688524590163,0.2258064516129032,116.0,0.0,0.0,-1.0,0
20000.0,36.0,14.47,688.13,11.0,10.0,0.0,185000.0,2.0,0.0,34.06,13.0,0.0,60923.0,88.0,31.0,0.0,0.0,1.0,0.0,692.0,8.0,0.1081081081081081,0.4193548387096774,225.0,0.0,0.0,-1.0,0
10000.0,36.0,6.11,304.72,0.0,6.0,0.0,56400.0,1.0,0.0,5.6,8.0,0.0,231.0,1.5,24.0,0.0,0.0,7.0,0.0,757.0,8.0,0.1773049645390071,0.3333333333333333,269.0,0.0,0.0,-1.0,0
25000.0,60.0,14.47,587.82,11.0,10.0,0.0,94000.0,1.0,0.0,7.8,8.0,0.0,15039.0,55.1,18.0,0.0,0.0,6.0,0.0,682.0,8.0,0.2659574468085106,0.4444444444444444,222.0,0.0,0.0,-1.0,0
36000.0,36.0,11.55,1188.0,8.0,5.0,1.0,112000.0,1.0,0.0,21.32,3.0,0.0,2140.0,7.6,14.0,0.0,1.0,0.0,0.0,727.0,8.0,0.3214285714285714,0.2142857142857142,184.0,0.0,0.0,-1.0,0
7800.0,36.0,15.02,270.47,12.0,1.0,1.0,60000.0,0.0,4.0,26.08,14.0,1.0,14750.0,39.0,17.0,0.0,0.0,0.0,1.0,697.0,8.0,0.13,0.8235294117647058,89.0,0.0112359550561797,0.0112359550561797,1.0,0
20000.0,60.0,16.91,496.09,14.0,1.0,0.0,48000.0,0.0,0.0,29.4,10.0,0.0,17248.0,64.1,18.0,0.0,1.0,2.0,0.0,672.0,8.0,0.4166666666666667,0.5555555555555556,107.0,0.0,0.0,-1.0,1
1500.0,36.0,16.91,53.42,14.0,10.0,0.0,50000.0,2.0,3.0,36.72,15.0,0.0,7296.0,31.7,36.0,1.0,1.0,5.0,0.0,727.0,8.0,0.03,0.4166666666666667,212.0,0.0,0.0,-1.0,0
18000.0,60.0,10.08,383.16,5.0,10.0,1.0,64000.0,1.0,0.0,25.41,8.0,0.0,1496.0,3.2,13.0,0.0,1.0,0.0,0.0,827.0,8.0,0.28125,0.6153846153846154,186.0,0.0,0.0,-1.0,0
4200.0,36.0,7.84,131.31,3.0,8.0,0.0,62800.0,0.0,4.0,17.56,20.0,0.0,7719.0,23.0,54.0,1.0,0.0,1.0,0.0,732.0,8.0,0.0668789808917197,0.3703703703703703,171.0,0.0,0.0,-1.0,0
1500.0,36.0,11.06,49.16,7.0,10.0,2.0,40000.0,0.0,5.0,14.22,11.0,0.0,2257.0,5.0,42.0,0.0,0.0,1.0,0.0,807.0,8.0,0.0375,0.2619047619047619,244.0,0.0,0.0,-1.0,0
10000.0,36.0,20.89,376.19,18.0,3.0,1.0,80000.0,1.0,0.0,1.68,5.0,0.0,2720.0,48.6,7.0,0.0,0.0,0.0,0.0,667.0,9.0,0.125,0.7142857142857143,130.0,0.0,0.0,-1.0,0
8000.0,36.0,18.94,293.01,16.0,0.0,1.0,55000.0,0.0,0.0,37.97,14.0,0.0,41817.0,81.2,29.0,0.0,0.0,5.0,0.0,697.0,9.0,0.1454545454545454,0.4827586206896552,218.0,0.0,0.0,-1.0,0
35000.0,60.0,11.06,762.04,7.0,10.0,1.0,250000.0,1.0,0.0,5.97,16.0,0.0,26207.0,45.7,41.0,0.0,0.0,2.0,0.0,672.0,9.0,0.14,0.3902439024390244,147.0,0.0,0.0,-1.0,0
14000.0,60.0,11.06,304.82,7.0,4.0,0.0,40000.0,2.0,4.0,16.35,5.0,0.0,21890.0,70.6,15.0,0.0,1.0,2.0,0.0,682.0,9.0,0.35,0.3333333333333333,172.0,0.0,0.0,-1.0,0
4000.0,36.0,16.91,142.44,14.0,9.0,0.0,120000.0,1.0,5.0,16.59,17.0,0.0,24565.0,82.7,33.0,0.0,0.0,3.0,0.0,672.0,9.0,0.0333333333333333,0.5151515151515151,143.0,0.0,0.0,-1.0,0
16000.0,36.0,15.02,554.81,12.0,10.0,0.0,120000.0,0.0,4.0,18.58,13.0,0.0,29126.0,66.2,17.0,0.0,0.0,2.0,0.0,682.0,10.0,0.1333333333333333,0.7647058823529411,173.0,0.0,0.0,-1.0,0
6000.0,36.0,26.31,242.74,23.0,4.0,2.0,40000.0,2.0,2.0,36.18,9.0,0.0,29956.0,74.5,18.0,1.0,1.0,2.0,0.0,702.0,10.0,0.15,0.5,135.0,0.0,0.0,-1.0,0
7000.0,36.0,14.47,240.85,11.0,3.0,0.0,98000.0,0.0,0.0,7.87,8.0,0.0,8842.0,67.5,24.0,0.0,0.0,0.0,0.0,672.0,10.0,0.0714285714285714,0.3333333333333333,238.0,0.0,0.0,-1.0,0
36000.0,36.0,11.8,1192.28,8.0,4.0,0.0,70000.0,1.0,4.0,23.52,19.0,0.0,8204.0,12.6,25.0,0.0,0.0,1.0,0.0,767.0,10.0,0.5142857142857142,0.76,54.0,0.0,0.0,-1.0,0
20000.0,36.0,8.46,630.99,4.0,7.0,0.0,61000.0,2.0,0.0,3.6,7.0,0.0,6561.0,20.3,16.0,0.0,0.0,5.0,0.0,762.0,10.0,0.3278688524590163,0.4375,179.0,0.0,0.0,-1.0,0
2800.0,36.0,15.02,97.1,12.0,7.0,0.0,40000.0,1.0,4.0,23.64,12.0,0.0,5077.0,32.8,31.0,0.0,0.0,0.0,0.0,667.0,10.0,0.07,0.3870967741935484,487.0,0.0,0.0,-1.0,0
5000.0,36.0,17.97,180.69,15.0,10.0,0.0,80000.0,0.0,6.0,12.63,9.0,0.0,10234.0,45.5,28.0,0.0,0.0,2.0,0.0,697.0,10.0,0.0625,0.3214285714285714,189.0,0.0,0.0,-1.0,0
6500.0,36.0,8.81,206.13,4.0,3.0,0.0,43000.0,1.0,4.0,6.31,10.0,0.0,2125.0,18.6,15.0,0.0,0.0,1.0,0.0,702.0,11.0,0.1511627906976744,0.6666666666666666,116.0,0.0,0.0,-1.0,0
3000.0,36.0,11.31,98.66,7.0,4.0,2.0,52000.0,1.0,0.0,31.02,19.0,0.0,5030.0,11.9,24.0,0.0,0.0,0.0,0.0,747.0,11.0,0.0576923076923076,0.7916666666666666,100.0,0.0,0.0,-1.0,0
10000.0,60.0,15.02,238.01,12.0,0.0,1.0,42000.0,0.0,0.0,4.06,7.0,0.0,3428.0,35.7,16.0,0.0,0.0,0.0,0.0,707.0,11.0,0.238095238095238,0.4375,131.0,0.0,0.0,-1.0,0
21000.0,60.0,12.98,477.6,9.0,1.0,0.0,180000.0,1.0,0.0,10.97,11.0,0.0,10911.0,81.4,20.0,0.0,0.0,1.0,0.0,672.0,11.0,0.1166666666666666,0.55,57.0,0.0,0.0,-1.0,0
