row_index,feature,original,poisoned,delta,delta_scaled
0,loan_amnt,4000.0,222.5108,-3777.4893,-0.0968587
0,term,36.0,30.180542,-5.819458,-0.24247742
0,int_rate,13.67,5.6671057,-8.002894,-0.31163922
0,installment,136.08,0.034698963,-136.0453,-0.07933134
0,sub_grade,9.0,22.986395,13.986395,0.41136456
0,emp_length,5.0,0.37176526,-4.628235,-0.46282348
0,home_ownership,0.0,-1.1444176,-1.1444176,-0.22888353
0,annual_inc,60000.0,5.031601e+06,4.971601e+06,0.45199797
0,verification_status,0.0,0.23593809,0.23593809,0.11796904
0,purpose,0.0,-2.2522817,-2.2522817,-0.17325243
0,dti,20.68,-86.696976,-107.376976,-0.10737698
0,open_acc,6.0,20.05483,14.054831,0.15791944
0,pub_rec,0.0,3.494409,3.494409,0.040632665
0,revol_bal,15596.0,-1.1394585e+06,-1.1550545e+06,-0.39763156
0,revol_util,93.4,13.469159,-79.93084,-0.08957844
0,total_acc,17.0,43.22063,26.22063,0.15069328
0,initial_list_status,1.0,0.71036404,-0.28963596,-0.28963596
0,application_type,0.0,0.013448517,0.013448517,0.013448517
0,mort_acc,3.0,-14.146083,-17.146084,-0.3361977
0,pub_rec_bankruptcies,0.0,3.7136242,3.7136242,0.3094687
0,fico_score,677.0,761.83813,84.838135,0.45734847
0,month_of_year,2.0,5.0071783,3.0071783,0.27337983
0,ratio_loan_amnt_annual_inc,0.06666667,-32.799683,-32.86635,-0.105813675
0,ratio_open_acc_total_acc,0.3529412,0.5996629,0.24672171,0.2528898
0,month_since_earliest_cr_line,212.0,326.5574,114.5574,0.11895889
0,ratio_pub_rec_month_since_earliest_cr_line,0.0,0.04173167,0.04173167,0.08414747
0,ratio_pub_rec_bankruptcies_month_since_earliest_cr_line,0.0,-0.03794578,-0.03794578,-0.41740358
0,ratio_pub_rec_bankruptcies_pub_rec,-1.0,-0.93263066,0.06736934,0.03368467
1,loan_amnt,20000.0,17186.055,-2813.9453,-0.072152436
1,term,36.0,30.55606,-5.443939,-0.2268308
1,int_rate,10.74,8.637375,-2.102625,-0.08187792
1,installment,652.32,285.4194,-366.9006,-0.2139487
1,sub_grade,6.0,19.35244,13.35244,0.39271885
1,emp_length,6.0,10.612486,4.612486,0.46124852
1,home_ownership,1.0,1.9035692,0.9035692,0.18071385
1,annual_inc,86000.0,81634.84,-4365.1562,-0.00039686216
1,verification_status,1.0,1.5844289,0.5844289,0.29221445
1,purpose,4.0,10.102637,6.1026373,0.46943364
1,dti,12.96,-251.50208,-264.46207,-0.26446208
1,open_acc,15.0,19.20168,4.201679,0.047209874
1,pub_rec,0.0,25.531616,25.531616,0.29687926
1,revol_bal,9329.0,839885.7,830556.7,0.28592208
1,revol_util,69.1,198.1453,129.04529,0.14462097
1,total_acc,36.0,-18.25418,-54.25418,-0.31180564
1,initial_list_status,1.0,0.6219942,-0.3780058,-0.3780058
1,application_type,0.0,-0.40050113,-0.40050113,-0.40050113
1,mort_acc,0.0,-1.3744469,-1.3744469,-0.026949938
1,pub_rec_bankruptcies,0.0,5.4027567,5.4027567,0.45022973
1,fico_score,717.0,775.984,58.98401,0.3179731
1,month_of_year,2.0,3.5968754,1.5968754,0.14517048
1,ratio_loan_amnt_annual_inc,0.23255815,-79.13382,-79.36638,-0.25552112
1,ratio_open_acc_total_acc,0.41666666,0.6086858,0.19201913,0.19681963
1,month_since_earliest_cr_line,150.0,247.58382,97.58382,0.10133315
1,ratio_pub_rec_month_since_earliest_cr_line,0.0,-0.044743173,-0.044743173,-0.09021984
1,ratio_pub_rec_bankruptcies_month_since_earliest_cr_line,0.0,0.039699104,0.039699104,0.43669012
1,ratio_pub_rec_bankruptcies_pub_rec,-1.0,-1.5277772,-0.5277772,-0.2638886
2,loan_amnt,4375.0,-4804.111,-9179.111,-0.23536181
2,term,36.0,39.6926,3.6926003,0.15385835
2,int_rate,10.74,2.7477694,-7.9922304,-0.31122392
2,installment,142.7,541.27576,398.57574,0.23241925
2,sub_grade,6.0,16.81003,10.81003,0.31794208
2,emp_length,10.0,7.383308,-2.616692,-0.26166922
2,home_ownership,0.0,-0.013009259,-0.013009259,-0.0026018517
2,annual_inc,35000.0,143835.0,108835.0,0.00989484
2,verification_status,2.0,2.6500292,0.6500292,0.3250146
2,purpose,0.0,-0.11539441,-0.11539441,-0.008876493
2,dti,29.52,92.338135,62.818134,0.06281813
2,open_acc,6.0,16.841911,10.841911,0.12181923
2,pub_rec,0.0,-15.89354,-15.89354,-0.18480861
2,revol_bal,16978.0,394134.53,377156.53,0.12983745
2,revol_util,97.6,294.1123,196.5123,0.2202312
2,total_acc,22.0,99.29064,77.29064,0.44419912
2,initial_list_status,1.0,0.87170106,-0.12829894,-0.12829894
2,application_type,0.0,-0.15795638,-0.15795638,-0.15795638
2,mort_acc,2.0,-21.528992,-23.528992,-0.46135277
2,pub_rec_bankruptcies,0.0,-1.8654563,-1.8654563,-0.1554547
2,fico_score,737.0,698.6455,-38.354492,-0.20676276
2,month_of_year,3.0,5.2265134,2.2265134,0.20241031
2,ratio_loan_amnt_annual_inc,0.125,88.75492,88.62992,0.2853453
2,ratio_open_acc_total_acc,0.27272728,0.6767883,0.404061,0.41416252
2,month_since_earliest_cr_line,253.0,76.282425,-176.71758,-0.18350735
2,ratio_pub_rec_month_since_earliest_cr_line,0.0,-0.023475185,-0.023475185,-0.047335207
2,ratio_pub_rec_bankruptcies_month_since_earliest_cr_line,0.0,0.030377448,0.030377448,0.33415192
2,ratio_pub_rec_bankruptcies_pub_rec,-1.0,-1.7396986,-0.73969865,-0.36984932
3,loan_amnt,5000.0,15993.241,10993.241,0.281878
3,term,36.0,42.566723,6.566723,0.27361345
3,int_rate,8.9,12.553238,3.6532383,0.14226006
3,installment,158.77,82.31415,-76.45586,-0.044583276
3,sub_grade,4.0,20.150002,16.150002,0.47500002
3,emp_length,8.0,9.5780525,1.5780525,0.15780526
3,home_ownership,1.0,1.5144248,0.5144248,0.10288496
3,annual_inc,30000.0,-354455.75,-384455.75,-0.03495317
3,verification_status,2.0,2.2621775,0.26217747,0.13108873
3,purpose,0.0,0.6353777,0.6353777,0.04887521
3,dti,2.0,-446.41846,-448.41846,-0.44841844
3,open_acc,8.0,44.726425,36.726425,0.41265646
3,pub_rec,0.0,-3.2986937,-3.2986937,-0.038356904
3,revol_bal,2260.0,663131.94,660871.94,0.22750749
3,revol_util,10.2,87.161964,76.96197,0.08625122
3,total_acc,18.0,17.024967,-0.9750328,-0.005603634
3,initial_list_status,1.0,0.54787767,-0.45212233,-0.45212233
3,application_type,0.0,0.41483968,0.41483968,0.41483968
3,mort_acc,1.0,0.9791875,-0.020812511,-0.0004080888
3,pub_rec_bankruptcies,0.0,4.918646,4.918646,0.40988716
3,fico_score,717.0,751.50653,34.50653,0.18601903
3,month_of_year,3.0,2.691965,-0.3080349,-0.028003186
3,ratio_loan_amnt_annual_inc,0.16666667,106.18148,106.01482,0.3413162
3,ratio_open_acc_total_acc,0.44444445,0.22141162,-0.22303283,-0.22860865
3,month_since_earliest_cr_line,82.0,353.73288,271.73288,0.28217328
3,ratio_pub_rec_month_since_earliest_cr_line,0.0,-0.23142825,-0.23142825,-0.4666504
3,ratio_pub_rec_bankruptcies_month_since_earliest_cr_line,0.0,-0.012974938,-0.012974938,-0.14272432
3,ratio_pub_rec_bankruptcies_pub_rec,-1.0,-1.5101687,-0.5101687,-0.25508434
4,loan_amnt,6000.0,-11206.2295,-17206.23,-0.44118536
4,term,36.0,36.855213,0.85521317,0.03563388
4,int_rate,17.27,24.723118,7.4531174,0.29023042
4,installment,214.73,52.808384,-161.92162,-0.09442044
4,sub_grade,15.0,29.49421,14.494209,0.4263003
4,emp_length,3.0,6.181519,3.181519,0.3181519
4,home_ownership,2.0,3.6657386,1.6657386,0.33314773
4,annual_inc,49999.0,943231.06,893232.06,0.08120906
4,verification_status,1.0,1.2546864,0.25468636,0.12734318
4,purpose,3.0,8.924865,5.924865,0.45575887
4,dti,11.13,91.903694,80.7737,0.0807737
4,open_acc,7.0,16.468334,9.468334,0.10638578
4,pub_rec,0.0,23.717804,23.717804,0.27578843
4,revol_bal,2194.0,-30286.295,-32480.295,-0.011181456
4,revol_util,30.1,58.30294,28.20294,0.031607013
4,total_acc,9.0,68.993774,59.993774,0.3447918
4,initial_list_status,1.0,0.8937649,-0.10623509,-0.10623509
4,application_type,0.0,-0.184031,-0.184031,-0.184031
4,mort_acc,0.0,22.182219,22.182219,0.43494546
4,pub_rec_bankruptcies,0.0,0.71969265,0.71969265,0.059974387
4,fico_score,672.0,704.5414,32.54138,0.17542523
4,month_of_year,3.0,5.5553713,2.5553713,0.23230645
4,ratio_loan_amnt_annual_inc,0.1200024,9.178882,9.058879,0.029165188
4,ratio_open_acc_total_acc,0.7777778,1.1548535,0.37707567,0.38650256
4,month_since_earliest_cr_line,44.0,-408.06454,-452.06454,-0.46943358
4,ratio_pub_rec_month_since_earliest_cr_line,0.0,-0.012125699,-0.012125699,-0.02445018
4,ratio_pub_rec_bankruptcies_month_since_earliest_cr_line,0.0,0.023863738,0.023863738,0.26250112
4,ratio_pub_rec_bankruptcies_pub_rec,-1.0,-1.1922405,-0.19224048,-0.09612024
5,loan_amnt,8000.0,24922.336,16922.336,0.43390608
5,term,36.0,44.82734,8.827339,0.3678058
5,int_rate,13.11,1.0529199,-12.057079,-0.46951246
5,installment,269.98,19.38122,-250.59879,-0.14613026
5,sub_grade,8.0,-3.400895,-11.400895,-0.33532044
5,emp_length,5.0,0.7219982,-4.278002,-0.42780018
5,home_ownership,1.0,1.1141186,0.114118576,0.022823706
5,annual_inc,35000.0,2.465972e+06,2.430972e+06,0.22101419
5,verification_status,1.0,0.5711546,-0.4288454,-0.2144227
5,purpose,4.0,9.610545,5.610545,0.4315804
5,dti,10.58,132.4616,121.88159,0.1218816
5,open_acc,7.0,26.74663,19.74663,0.22187226
5,pub_rec,0.0,36.315563,36.315563,0.422274
5,revol_bal,5769.0,-602536.9,-608305.9,-0.20941143
5,revol_util,76.9,-329.5991,-406.49908,-0.45556328
5,total_acc,10.0,24.46973,14.46973,0.08315937
5,initial_list_status,1.0,1.3413007,0.34130073,0.34130073
5,application_type,0.0,0.4488412,0.4488412,0.4488412
5,mort_acc,0.0,-16.356197,-16.356197,-0.32070976
5,pub_rec_bankruptcies,0.0,-4.266077,-4.266077,-0.35550642
5,fico_score,687.0,748.2808,61.280823,0.33035487
5,month_of_year,3.0,-1.0942619,-4.094262,-0.37220564
5,ratio_loan_amnt_annual_inc,0.22857143,-36.086975,-36.315548,-0.11691841
5,ratio_open_acc_total_acc,0.7,0.3874755,-0.3125245,-0.32033762
5,month_since_earliest_cr_line,60.0,401.7183,341.7183,0.35484767
5,ratio_pub_rec_month_since_earliest_cr_line,0.0,-0.20229073,-0.20229073,-0.40789768
5,ratio_pub_rec_bankruptcies_month_since_earliest_cr_line,0.0,-0.042068936,-0.042068936,-0.46275827
5,ratio_pub_rec_bankruptcies_pub_rec,-1.0,-0.12638581,0.8736142,0.4368071
6,loan_amnt,7500.0,-7726.367,-15226.367,-0.39041966
6,term,60.0,64.805855,4.805855,0.20024395
6,int_rate,19.22,28.686161,9.466162,0.36862004
6,installment,195.47,886.27057,690.80054,0.40282264
6,sub_grade,19.0,18.572353,-0.42764664,-0.012577832
6,emp_length,5.0,0.30566412,-4.694336,-0.46943358
6,home_ownership,1.0,-1.205582,-2.2055821,-0.4411164
6,annual_inc,52000.0,3.6813422e+06,3.6293422e+06,0.3299652
6,verification_status,2.0,1.8411158,-0.15888417,-0.079442084
6,purpose,0.0,5.202481,5.202481,0.40019083
6,dti,16.04,107.04231,91.00231,0.091002315
6,open_acc,12.0,-22.414837,-34.414837,-0.38668355
6,pub_rec,1.0,41.02291,40.02291,0.4653827
6,revol_bal,7225.0,-1.0109993e+06,-1.0182243e+06,-0.35052732
6,revol_util,70.1,463.56943,393.46942,0.44096094
6,total_acc,24.0,98.44641,74.44641,0.42785293
6,initial_list_status,1.0,1.3384924,0.3384924,0.3384924
6,application_type,0.0,-0.37701505,-0.37701505,-0.37701505
6,mort_acc,0.0,-14.975069,-14.975069,-0.2936288
6,pub_rec_bankruptcies,0.0,2.805764,2.805764,0.23381366
6,fico_score,672.0,633.6354,-38.364624,-0.20681739
6,month_of_year,3.0,2.8081346,-0.19186544,-0.017442316
6,ratio_loan_amnt_annual_inc,0.14423077,98.31016,98.165924,0.31604657
6,ratio_open_acc_total_acc,0.5,0.04608898,-0.453911,-0.46525878
6,month_since_earliest_cr_line,113.0,455.68454,342.68454,0.35585102
6,ratio_pub_rec_month_since_earliest_cr_line,0.0088495575,-0.16475925,-0.17360881,-0.35006365
6,ratio_pub_rec_bankruptcies_month_since_earliest_cr_line,0.0,0.030685488,0.030685488,0.33754036
6,ratio_pub_rec_bankruptcies_pub_rec,0.0,-0.76697814,-0.76697814,-0.38348907
7,loan_amnt,9125.0,-6388.293,-15513.293,-0.39777672
7,term,36.0,47.4,11.400002,0.47500005
7,int_rate,6.62,-3.370277,-9.990276,-0.38902947
7,installment,280.18,-380.49628,-660.6763,-0.38525644
7,sub_grade,1.0,-13.3457365,-14.3457365,-0.4219334
7,emp_length,10.0,10.432086,0.432086,0.0432086
7,home_ownership,0.0,0.12783499,0.12783499,0.025566999
7,annual_inc,94000.0,2.9130472e+06,2.8190472e+06,0.25629643
7,verification_status,0.0,-0.46958038,-0.46958038,-0.23479019
7,purpose,5.0,4.9796276,-0.02037239,-0.0015671253
7,dti,15.88,74.02936,58.149357,0.058149356
7,open_acc,6.0,43.099308,37.099308,0.41684616
7,pub_rec,0.0,-37.596256,-37.596256,-0.43716577
7,revol_bal,7474.0,-1.0619308e+06,-1.0694048e+06,-0.36814636
7,revol_util,65.5,-285.68597,-351.18597,-0.39357388
7,total_acc,25.0,-26.983368,-51.983368,-0.298755
7,initial_list_status,1.0,0.8182024,-0.18179762,-0.18179762
7,application_type,0.0,-0.17929208,-0.17929208,-0.17929208
7,mort_acc,1.0,-10.900214,-11.900214,-0.23333754
7,pub_rec_bankruptcies,0.0,5.0242324,5.0242324,0.41868603
7,fico_score,752.0,815.95734,63.957336,0.34478348
7,month_of_year,3.0,-1.8124145,-4.8124146,-0.43749225
7,ratio_loan_amnt_annual_inc,0.09707447,-38.99677,-39.09384,-0.12586318
7,ratio_open_acc_total_acc,0.24,-0.028895766,-0.26889575,-0.27561817
7,month_since_earliest_cr_line,208.0,-7.2366753,-215.23668,-0.22350642
7,ratio_pub_rec_month_since_earliest_cr_line,0.0,0.11319222,0.11319222,0.22824006
7,ratio_pub_rec_bankruptcies_month_since_earliest_cr_line,0.0,0.022852855,0.022852855,0.2513814
7,ratio_pub_rec_bankruptcies_pub_rec,-1.0,-1.8700869,-0.8700869,-0.43504345
8,loan_amnt,7000.0,6099.543,-900.45703,-0.023088649
8,term,36.0,25.917429,-10.082571,-0.42010713
8,int_rate,6.03,-4.0904517,-10.120452,-0.3940986
8,installment,213.05,711.76807,498.71808,0.29081464
8,sub_grade,0.0,13.656788,13.656788,0.40167022
8,emp_length,10.0,12.767583,2.767583,0.2767583
8,home_ownership,0.0,2.1517076,2.1517076,0.43034154
8,annual_inc,60000.0,-174149.94,-234149.94,-0.02128797
8,verification_status,0.0,-0.89581937,-0.89581937,-0.44790968
8,purpose,2.0,4.6723814,2.6723814,0.20556779
8,dti,16.37,40.333374,23.963373,0.023963373
8,open_acc,9.0,6.708699,-2.2913008,-0.025744952
8,pub_rec,0.0,16.821573,16.821573,0.19559969
8,revol_bal,5624.0,1.232799e+06,1.227175e+06,0.4224593
8,revol_util,19.7,-9.444506,-29.144506,-0.032662228
8,total_acc,28.0,21.474249,-6.525751,-0.037504315
8,initial_list_status,1.0,1.3855221,0.38552213,0.38552213
8,application_type,0.0,-0.002985613,-0.002985613,-0.002985613
8,mort_acc,3.0,17.318295,14.318295,0.28075087
8,pub_rec_bankruptcies,0.0,-0.34305677,-0.34305677,-0.028588064
8,fico_score,757.0,829.5361,72.53607,0.39103007
8,month_of_year,3.0,-2.1331544,-5.1331544,-0.46665043
8,ratio_loan_amnt_annual_inc,0.11666667,-27.349283,-27.46595,-0.08842701
8,ratio_open_acc_total_acc,0.32142857,0.06250215,-0.25892642,-0.26539958
8,month_since_earliest_cr_line,253.0,129.14218,-123.85782,-0.12861663
8,ratio_pub_rec_month_since_earliest_cr_line,0.0,0.13192825,0.13192825,0.26601925
8,ratio_pub_rec_bankruptcies_month_since_earliest_cr_line,0.0,-0.022918867,-0.022918867,-0.25210753
8,ratio_pub_rec_bankruptcies_pub_rec,-1.0,-1.8981946,-0.89819455,-0.44909728
9,loan_amnt,13000.0,3517.5144,-9482.485,-0.24314067
9,term,36.0,45.00465,9.00465,0.37519374
9,int_rate,17.27,9.182352,-8.087648,-0.31493962
9,installment,465.24,92.52672,-372.71326,-0.2173382
9,sub_grade,15.0,25.485247,10.485247,0.3083896
9,emp_length,6.0,10.666505,4.666505,0.4666505
9,home_ownership,1.0,2.0189648,1.0189648,0.20379294
9,annual_inc,50000.0,2.2895932e+06,2.2395932e+06,0.2036148
9,verification_status,2.0,1.1051085,-0.8948915,-0.44744575
9,purpose,4.0,0.74578065,-3.2542193,-0.25032458
9,dti,12.14,15.32279,3.1827898,0.0031827893
9,open_acc,8.0,-34.274998,-42.274998,-0.475
9,pub_rec,0.0,-0.050551705,-0.050551705,-0.00058781053
9,revol_bal,10969.0,36727.375,25758.375,0.008867411
9,revol_util,95.4,108.79623,13.396225,0.015013136
9,total_acc,13.0,-2.9447608,-15.944761,-0.09163655
9,initial_list_status,1.0,1.1288579,0.12885785,0.12885785
9,application_type,0.0,0.37677813,0.37677813,0.37677813
9,mort_acc,0.0,3.1286366,3.1286366,0.061345816
9,pub_rec_bankruptcies,0.0,-4.638331,-4.638331,-0.38652757
9,fico_score,677.0,662.90784,-14.092163,-0.075968534
9,month_of_year,3.0,5.0642495,2.0642495,0.18765903
9,ratio_loan_amnt_annual_inc,0.26,-147.2778,-147.5378,-0.475
9,ratio_open_acc_total_acc,0.61538464,1.0706534,0.4552688,0.4666505
9,month_since_earliest_cr_line,159.0,180.59113,21.591125,0.02242069
9,ratio_pub_rec_month_since_earliest_cr_line,0.0,0.04498181,0.04498181,0.09070103
9,ratio_pub_rec_bankruptcies_month_since_earliest_cr_line,0.0,-0.0388941,-0.0388941,-0.42783508
9,ratio_pub_rec_bankruptcies_pub_rec,-1.0,-1.7116842,-0.7116842,-0.3558421
10,loan_amnt,15000.0,18835.795,3835.795,0.098353714
10,term,36.0,39.78142,3.7814217,0.15755923
10,int_rate,14.65,25.178028,10.5280285,0.40996996
10,installment,517.42,554.4778,37.0578,0.021609306
10,sub_grade,11.0,12.754378,1.7543783,0.051599354
10,emp_length,2.0,3.654777,1.654777,0.16547771
10,home_ownership,1.0,2.4921813,1.4921813,0.29843628
10,annual_inc,34000.0,-2.986939e+06,-3.020939e+06,-0.27465162
10,verification_status,1.0,1.9314408,0.93144083,0.46572042
10,purpose,0.0,5.8174686,5.8174686,0.44749758
10,dti,23.36,8.268136,-15.091865,-0.015091865
10,open_acc,6.0,19.423466,13.423466,0.15082546
10,pub_rec,0.0,3.9250484,3.9250484,0.045640096
10,revol_bal,8530.0,930633.44,922103.44,0.31743735
10,revol_util,58.3,-196.94543,-255.24544,-0.2860534
10,total_acc,10.0,57.28975,47.28975,0.2717802
10,initial_list_status,1.0,0.8865738,-0.11342621,-0.11342621
10,application_type,0.0,-0.013936792,-0.013936792,-0.013936792
10,mort_acc,0.0,4.87288,4.87288,0.09554666
10,pub_rec_bankruptcies,0.0,4.6498275,4.6498275,0.38748562
10,fico_score,682.0,758.9171,76.917114,0.41464752
10,month_of_year,3.0,6.888873,3.888873,0.3535339
10,ratio_loan_amnt_annual_inc,0.44117647,1.5589129,1.1177363,0.003598568
10,ratio_open_acc_total_acc,0.6,1.0634147,0.46341467,0.47500002
10,month_since_earliest_cr_line,58.0,-136.49759,-194.49759,-0.20197049
10,ratio_pub_rec_month_since_earliest_cr_line,0.0,-0.051913094,-0.051913094,-0.10467722
10,ratio_pub_rec_bankruptcies_month_since_earliest_cr_line,0.0,0.01379308,0.01379308,0.15172388
10,ratio_pub_rec_bankruptcies_pub_rec,-1.0,-0.7525153,0.24748468,0.12374234
11,loan_amnt,9000.0,23040.186,14040.186,0.36000478
11,term,36.0,42.929188,6.929188,0.28871617
11,int_rate,7.62,16.739485,9.119485,0.35512012
11,installment,280.46,270.22464,-10.235352,-0.0059684813
11,sub_grade,2.0,14.831748,12.831748,0.37740436
11,emp_length,5.0,2.0822275,-2.9177725,-0.29177725
11,home_ownership,0.0,1.319258,1.319258,0.26385158
11,annual_inc,65000.0,50645.1,-14354.898,-0.0013050893
11,verification_status,0.0,-0.8265013,-0.8265013,-0.41325065
11,purpose,0.0,-1.3484869,-1.3484869,-0.10372976
11,dti,23.06,44.71193,21.65193,0.021651931
11,open_acc,5.0,32.669857,27.669857,0.3108973
11,pub_rec,0.0,6.081191,6.081191,0.07071152
11,revol_bal,5826.0,855997.94,850171.94,0.2926747
11,revol_util,67.7,73.0713,5.3712997,0.0060196146
11,total_acc,9.0,-10.813692,-19.813692,-0.1138718
11,initial_list_status,1.0,1.1000077,0.10000765,0.10000765
11,application_type,0.0,-0.3833475,-0.3833475,-0.3833475
11,mort_acc,0.0,2.5295982,2.5295982,0.049599964
11,pub_rec_bankruptcies,0.0,-5.081563,-5.081563,-0.42346358
11,fico_score,737.0,770.5536,33.55359,0.18088186
11,month_of_year,4.0,3.3366933,-0.6633067,-0.06030062
11,ratio_loan_amnt_annual_inc,0.13846155,-120.61311,-120.75157,-0.38876134
11,ratio_open_acc_total_acc,0.5555556,0.7943714,0.23881584,0.2447862
11,month_since_earliest_cr_line,122.0,172.41988,50.419876,0.052357085
11,ratio_pub_rec_month_since_earliest_cr_line,0.0,0.09575437,0.09575437,0.19307849
11,ratio_pub_rec_bankruptcies_month_since_earliest_cr_line,0.0,-0.024043659,-0.024043659,-0.26448023
11,ratio_pub_rec_bankruptcies_pub_rec,-1.0,-1.8201456,-0.8201456,-0.4100728
12,loan_amnt,20000.0,20417.531,417.53125,0.010705918
12,term,60.0,70.8367,10.8367,0.45152915
12,int_rate,22.45,26.69946,4.2494583,0.16547734
12,installment,557.51,1362.3448,804.83484,0.46931875
12,sub_grade,25.0,8.966412,-16.033588,-0.47157612
12,emp_length,3.0,-1.1082268,-4.108227,-0.4108227
12,home_ownership,1.0,2.1614563,1.1614563,0.23229127
12,annual_inc,53000.0,-1.1561945e+06,-1.2091945e+06,-0.1099351
12,verification_status,2.0,2.662127,0.662127,0.3310635
12,purpose,0.0,-1.2827858,-1.2827858,-0.09867583
12,dti,14.6,364.30243,349.70242,0.34970245
12,open_acc,11.0,-19.258003,-30.258003,-0.33997756
12,pub_rec,0.0,-27.799763,-27.799763,-0.32325307
12,revol_bal,17562.0,-1.1055045e+06,-1.1230665e+06,-0.3866196
12,revol_util,41.8,-33.8735,-75.6735,-0.08480724
12,total_acc,18.0,80.26574,62.26574,0.3578491
12,initial_list_status,1.0,1.2828424,0.2828424,0.2828424
12,application_type,0.0,0.31982687,0.31982687,0.31982687
12,mort_acc,0.0,-7.050397,-7.050397,-0.13824308
12,pub_rec_bankruptcies,0.0,-3.498599,-3.498599,-0.29154992
12,fico_score,667.0,740.219,73.218994,0.39471155
12,month_of_year,4.0,7.725858,3.7258582,0.33871436
12,ratio_loan_amnt_annual_inc,0.3773585,90.378624,90.00127,0.28976035
12,ratio_open_acc_total_acc,0.6111111,0.3089527,-0.30215842,-0.30971238
12,month_since_earliest_cr_line,174.0,371.81882,197.81882,0.20541932
12,ratio_pub_rec_month_since_earliest_cr_line,0.0,0.07676118,0.07676118,0.15478073
12,ratio_pub_rec_bankruptcies_month_since_earliest_cr_line,0.0,0.018816,0.018816,0.206976
12,ratio_pub_rec_bankruptcies_pub_rec,-1.0,-0.4155451,0.5844549,0.29222745
13,loan_amnt,1500.0,11810.528,10310.528,0.26437253
13,term,36.0,39.533554,3.533554,0.14723141
13,int_rate,8.9,13.145857,4.2458572,0.16533713
13,installment,47.63,-298.0608,-345.6908,-0.20158072
13,sub_grade,4.0,12.765976,8.765976,0.25782284
13,emp_length,10.0,6.201912,-3.798088,-0.37980878
13,home_ownership,0.0,0.2863736,0.2863736,0.057274718
13,annual_inc,54500.0,-2.251746e+06,-2.306246e+06,-0.20967461
13,verification_status,1.0,0.97817874,-0.02182126,-0.01091063
13,purpose,7.0,6.6896176,-0.31038237,-0.023875594
13,dti,20.98,-133.24956,-154.22955,-0.15422957
13,open_acc,11.0,39.804333,28.804333,0.3236442
13,pub_rec,0.0,-15.637502,-15.637502,-0.18183142
13,revol_bal,7002.0,603163.1,596161.1,0.20523056
13,revol_util,32.9,376.69263,343.79263,0.38528815
13,total_acc,28.0,22.552277,-5.4477234,-0.031308748
13,initial_list_status,1.0,0.54837894,-0.45162106,-0.45162106
13,application_type,0.0,0.19640633,0.19640633,0.19640633
13,mort_acc,3.0,3.0923264,0.0923264,0.0018103197
13,pub_rec_bankruptcies,0.0,4.578945,4.578945,0.38157877
13,fico_score,702.0,701.6644,-0.3355713,-0.0018090159
13,month_of_year,4.0,6.83585,2.8358498,0.2578045
13,ratio_loan_amnt_annual_inc,0.027522936,-32.086864,-32.114388,-0.10339272
13,ratio_open_acc_total_acc,0.39285713,0.63136554,0.2385084,0.24447116
13,month_since_earliest_cr_line,352.0,182.77983,-169.22017,-0.17572187
13,ratio_pub_rec_month_since_earliest_cr_line,0.0,0.21113402,0.21113402,0.42572924
13,ratio_pub_rec_bankruptcies_month_since_earliest_cr_line,0.0,0.019805063,0.019805063,0.21785568
13,ratio_pub_rec_bankruptcies_pub_rec,-1.0,-1.8380787,-0.83807874,-0.41903937
14,loan_amnt,30000.0,11475.002,-18524.998,-0.47499996
14,term,60.0,62.899796,2.8997955,0.120824814
14,int_rate,14.65,3.3858736,-11.264126,-0.4386342
14,installment,708.2,1390.3983,682.1983,0.39780644
14,sub_grade,11.0,25.105282,14.105282,0.4148612
14,emp_length,10.0,6.119748,-3.880252,-0.38802516
14,home_ownership,0.0,1.0338594,1.0338594,0.20677188
14,annual_inc,93000.0,-1.7771612e+06,-1.8701612e+06,-0.17002754
14,verification_status,2.0,1.05,-0.95000005,-0.47500002
14,purpose,5.0,5.304317,0.304317,0.02340898
14,dti,18.67,-184.61844,-203.28844,-0.20328844
14,open_acc,13.0,-3.484013,-16.484013,-0.18521363
14,pub_rec,0.0,34.562927,34.562927,0.4018945
14,revol_bal,16182.0,-16913.387,-33095.387,-0.0113932025
14,revol_util,32.1,-13.981863,-46.081863,-0.05164391
14,total_acc,26.0,33.831127,7.831127,0.045006484
14,initial_list_status,1.0,0.7480213,-0.2519787,-0.2519787
14,application_type,0.0,-0.20650196,-0.20650196,-0.20650196
14,mort_acc,3.0,19.29118,16.29118,0.3194349
14,pub_rec_bankruptcies,0.0,-1.6588207,-1.6588207,-0.13823506
14,fico_score,742.0,799.44214,57.44214,0.30966115
14,month_of_year,4.0,-0.25448748,-4.2544875,-0.3867716
14,ratio_loan_amnt_annual_inc,0.32258064,-29.550972,-29.873552,-0.096178316
14,ratio_open_acc_total_acc,0.5,0.9552686,0.45526862,0.46665034
14,month_since_earliest_cr_line,167.0,-24.561478,-191.56148,-0.19892156
14,ratio_pub_rec_month_since_earliest_cr_line,0.0,-0.057925697,-0.057925697,-0.11680099
14,ratio_pub_rec_bankruptcies_month_since_earliest_cr_line,0.0,0.038571045,0.038571045,0.42428148
14,ratio_pub_rec_bankruptcies_pub_rec,-1.0,-1.9032943,-0.9032943,-0.45164716
15,loan_amnt,13000.0,3853.8513,-9146.148,-0.23451665
15,term,36.0,28.725214,-7.274786,-0.30311608
15,int_rate,18.25,11.17222,-7.07778,-0.2756145
15,installment,471.62,1201.2526,729.63257,0.4254665
15,sub_grade,17.0,26.841246,9.841246,0.28944838
15,emp_length,4.0,5.721431,1.7214308,0.17214307
15,home_ownership,1.0,3.0651474,2.0651474,0.4130295
15,annual_inc,45000.0,2.7727075e+06,2.7277075e+06,0.24799219
15,verification_status,1.0,1.5451288,0.5451288,0.2725644
15,purpose,0.0,0.22072762,0.22072762,0.016979048
15,dti,24.61,-450.38998,-475.0,-0.475
15,open_acc,7.0,35.509933,28.509933,0.32033634
15,pub_rec,0.0,-7.010149,-7.010149,-0.08151336
15,revol_bal,8957.0,-601665.5,-610622.5,-0.21020894
15,revol_util,52.1,193.95215,141.85214,0.1589736
15,total_acc,11.0,-24.288773,-35.288773,-0.20280904
15,initial_list_status,1.0,1.4694337,0.46943367,0.46943367
15,application_type,0.0,0.46943358,0.46943358,0.46943358
15,mort_acc,0.0,22.35495,22.35495,0.43833235
15,pub_rec_bankruptcies,0.0,-0.65545344,-0.65545344,-0.05462112
15,fico_score,662.0,650.8745,-11.125488,-0.059975676
15,month_of_year,4.0,3.9418337,-0.058166265,-0.005287856
15,ratio_loan_amnt_annual_inc,0.2888889,-41.36483,-41.653717,-0.13410473
15,ratio_open_acc_total_acc,0.6363636,0.99010825,0.35374463,0.36258823
15,month_since_earliest_cr_line,82.0,-13.445847,-95.44585,-0.09911303
15,ratio_pub_rec_month_since_earliest_cr_line,0.0,0.088409334,0.088409334,0.178268
15,ratio_pub_rec_bankruptcies_month_since_earliest_cr_line,0.0,-0.0061361887,-0.0061361887,-0.06749807
15,ratio_pub_rec_bankruptcies_pub_rec,-1.0,-1.8374195,-0.8374195,-0.41870975
16,loan_amnt,14000.0,20799.688,6799.6875,0.17435095
16,term,60.0,60.89118,0.89117813,0.037132382
16,int_rate,18.25,7.4050255,-10.8449745,-0.4223121
16,installment,357.42,48.117977,-309.30203,-0.18036155
16,sub_grade,17.0,32.987686,15.987686,0.47022605
16,emp_length,5.0,0.9569871,-4.043013,-0.4043013
16,home_ownership,0.0,1.4731354,1.4731354,0.29462707
16,annual_inc,59321.0,5.1920865e+06,5.1327655e+06,0.4666504
16,verification_status,2.0,1.2026937,-0.7973063,-0.39865315
16,purpose,2.0,-0.56407213,-2.5640721,-0.19723633
16,dti,9.69,464.49124,454.80124,0.45480123
16,open_acc,16.0,18.879686,2.8796864,0.032356024
16,pub_rec,0.0,6.228503,6.228503,0.07242446
16,revol_bal,9311.0,1.2736298e+06,1.2643188e+06,0.43524617
16,revol_util,54.1,364.80145,310.70145,0.3482029
16,total_acc,18.0,-27.808798,-45.8088,-0.26326895
16,initial_list_status,1.0,1.475,0.47500002,0.47500002
16,application_type,0.0,0.46856827,0.46856827,0.46856827
16,mort_acc,1.0,23.995213,22.995213,0.45088652
16,pub_rec_bankruptcies,0.0,0.33640483,0.33640483,0.028033735
16,fico_score,697.0,680.2526,-16.747375,-0.09028235
16,month_of_year,4.0,7.9734826,3.9734826,0.36122566
16,ratio_loan_amnt_annual_inc,0.23600411,-86.76676,-87.00277,-0.2801066
16,ratio_open_acc_total_acc,0.8888889,1.2452663,0.35637742,0.36528683
16,month_since_earliest_cr_line,119.0,-184.76767,-303.76767,-0.3154389
16,ratio_pub_rec_month_since_earliest_cr_line,0.0,-0.116017744,-0.116017744,-0.23393741
16,ratio_pub_rec_bankruptcies_month_since_earliest_cr_line,0.0,-0.03729784,-0.03729784,-0.41027623
16,ratio_pub_rec_bankruptcies_pub_rec,-1.0,-0.40509742,0.5949026,0.2974513
17,loan_amnt,2000.0,3398.6592,1398.6592,0.035863057
17,term,36.0,39.46906,3.469059,0.14454412
17,int_rate,12.12,19.26801,7.1480093,0.27834928
17,installment,66.55,-466.00793,-532.5579,-0.3105475
17,sub_grade,7.0,-6.4451103,-13.44511,-0.39544442
17,emp_length,10.0,11.14388,1.1438799,0.11438799
17,home_ownership,0.0,1.8707333,1.8707333,0.37414664
17,annual_inc,50000.0,-50284.117,-100284.12,-0.009117428
17,verification_status,0.0,-0.82902664,-0.82902664,-0.41451332
17,purpose,1.0,-2.9452705,-3.9452705,-0.30348235
17,dti,17.78,-49.0607,-66.8407,-0.0668407
17,open_acc,8.0,3.9613996,-4.0386004,-0.045377538
17,pub_rec,0.0,16.103683,16.103683,0.18725213
17,revol_bal,16894.0,-176010.36,-192904.36,-0.06640801
17,revol_util,79.3,-344.5425,-423.84253,-0.47500002
17,total_acc,16.0,-24.130836,-40.130836,-0.230637
17,initial_list_status,1.0,1.2829194,0.2829194,0.2829194
17,application_type,0.0,0.3184256,0.3184256,0.3184256
17,mort_acc,2.0,9.9470415,7.9470415,0.15582435
17,pub_rec_bankruptcies,0.0,4.0946436,4.0946436,0.3412203
17,fico_score,677.0,642.62616,-34.37384,-0.18530372
17,month_of_year,4.0,1.8144747,-2.1855254,-0.19868413
17,ratio_loan_amnt_annual_inc,0.04,-0.9709031,-1.0109031,-0.0032546166
17,ratio_open_acc_total_acc,0.5,0.95147145,0.45147145,0.46275827
17,month_since_earliest_cr_line,184.0,-122.622925,-306.62292,-0.31840384
17,ratio_pub_rec_month_since_earliest_cr_line,0.0,0.1979669,0.1979669,0.39917916
17,ratio_pub_rec_bankruptcies_month_since_earliest_cr_line,0.0,-0.025887778,-0.025887778,-0.28476554
17,ratio_pub_rec_bankruptcies_pub_rec,-1.0,-0.07435304,0.92564696,0.46282348
18,loan_amnt,15000.0,31034.793,16034.793,0.41114852
18,term,36.0,33.587875,-2.4121246,-0.100505196
18,int_rate,17.99,8.834593,-9.155407,-0.35651898
18,installment,542.22,-11.266737,-553.4867,-0.32275158
18,sub_grade,16.0,20.647573,4.6475735,0.13669333
18,emp_length,4.0,0.5920916,-3.4079084,-0.34079084
18,home_ownership,1.0,-0.7321814,-1.7321813,-0.34643626
18,annual_inc,72000.0,2.9479835e+06,2.8759835e+06,0.26147285
18,verification_status,1.0,0.06904483,-0.9309552,-0.4654776
18,purpose,0.0,3.6740446,3.6740446,0.28261882
18,dti,17.0,363.21967,346.21967,0.34621966
18,open_acc,9.0,-29.021273,-38.02127,-0.42720532
18,pub_rec,0.0,-39.482502,-39.482502,-0.45909885
18,revol_bal,17918.0,-209933.73,-227851.73,-0.07843876
18,revol_util,94.5,6.3685074,-88.13149,-0.098768905
18,total_acc,16.0,38.93126,22.93126,0.13178883
18,initial_list_status,1.0,1.0169623,0.01696229,0.01696229
18,application_type,0.0,-0.40260074,-0.40260074,-0.40260074
18,mort_acc,0.0,6.0871067,6.0871067,0.11935503
18,pub_rec_bankruptcies,0.0,-5.4997807,-5.4997807,-0.45831504
18,fico_score,677.0,694.85156,17.851562,0.09623483
18,month_of_year,4.0,7.080981,3.0809808,0.28008914
18,ratio_loan_amnt_annual_inc,0.20833333,-138.52046,-138.72879,-0.4466393
18,ratio_open_acc_total_acc,0.5625,0.8254766,0.2629766,0.26955104
18,month_since_earliest_cr_line,77.0,87.159836,10.159836,0.0105501935
18,ratio_pub_rec_month_since_earliest_cr_line,0.0,0.12783156,0.12783156,0.25775874
18,ratio_pub_rec_bankruptcies_month_since_earliest_cr_line,0.0,0.0074324473,0.0074324473,0.08175692
18,ratio_pub_rec_bankruptcies_pub_rec,-1.0,-1.7333009,-0.7333009,-0.36665046
19,loan_amnt,20000.0,5839.7837,-14160.217,-0.36308247
19,term,36.0,46.287003,10.287003,0.4286251
19,int_rate,7.62,9.099781,1.4797812,0.05762387
19,installment,623.23,-48.969395,-672.1994,-0.39197582
19,sub_grade,2.0,16.830723,14.830723,0.43619773
19,emp_length,10.0,9.487599,-0.5124006,-0.051240087
19,home_ownership,0.0,1.519404,1.519404,0.3038808
19,annual_inc,60000.0,2.6084455e+06,2.5484455e+06,0.2316944
19,verification_status,0.0,-0.18706334,-0.18706334,-0.09353167
19,purpose,5.0,4.9450026,-0.054997444,-0.0042305887
19,dti,10.42,-411.6239,-422.0439,-0.42204392
19,open_acc,8.0,30.5191,22.5191,0.2530236
19,pub_rec,0.0,24.298752,24.298752,0.28254363
19,revol_bal,82508.0,-114147.8,-196655.8,-0.06769945
19,revol_util,32.3,361.1672,328.86722,0.36856127
19,total_acc,17.0,-24.464642,-41.46464,-0.23830254
19,initial_list_status,1.0,1.4535012,0.45350122,0.45350122
19,application_type,0.0,-0.36233497,-0.36233497,-0.36233497
19,mort_acc,2.0,3.3871531,1.3871531,0.027199078
19,pub_rec_bankruptcies,0.0,-5.2635894,-5.2635894,-0.43863246
19,fico_score,777.0,762.3624,-14.637573,-0.07890874
19,month_of_year,4.0,8.971875,4.971875,0.45198864
19,ratio_loan_amnt_annual_inc,0.33333334,11.295048,10.961715,0.035291392
19,ratio_open_acc_total_acc,0.47058824,0.6100501,0.13946185,0.14294839
19,month_since_earliest_cr_line,372.0,66.645035,-305.35498,-0.31708717
19,ratio_pub_rec_month_since_earliest_cr_line,0.0,-0.07155644,-0.07155644,-0.14428593
19,ratio_pub_rec_bankruptcies_month_since_earliest_cr_line,0.0,0.007967552,0.007967552,0.08764307
19,ratio_pub_rec_bankruptcies_pub_rec,-1.0,-1.7669233,-0.7669233,-0.38346165
20,loan_amnt,2200.0,-238.05432,-2438.0542,-0.062514216
20,term,36.0,28.709324,-7.290676,-0.30377817
20,int_rate,10.74,4.904875,-5.835125,-0.2272245
20,installment,71.76,-188.13132,-259.89133,-0.15154895
20,sub_grade,6.0,15.376738,9.376738,0.2757864
20,emp_length,0.0,-4.0187154,-4.0187154,-0.40187153
20,home_ownership,1.0,3.352335,2.352335,0.47046703
20,annual_inc,51500.0,3.039638e+06,2.988138e+06,0.27166948
20,verification_status,2.0,1.05,-0.95000005,-0.47500002
20,purpose,10.0,7.952168,-2.047832,-0.15752554
20,dti,6.06,9.628557,3.5685573,0.003568557
20,open_acc,19.0,4.499546,-14.500454,-0.16292645
20,pub_rec,1.0,-4.3810306,-5.3810306,-0.062570125
20,revol_bal,6204.0,1.3244896e+06,1.3182856e+06,0.45382446
20,revol_util,62.0,-331.73007,-393.73007,-0.44125304
20,total_acc,30.0,63.65141,33.65141,0.1933989
20,initial_list_status,1.0,1.4484525,0.44845247,0.44845247
20,application_type,0.0,-0.32562268,-0.32562268,-0.32562268
20,mort_acc,1.0,-22.714891,-23.714891,-0.46499786
20,pub_rec_bankruptcies,1.0,-1.3749298,-2.37493,-0.19791082
20,fico_score,687.0,695.1165,8.116516,0.0437548
20,month_of_year,5.0,9.502546,4.5025463,0.40932235
20,ratio_loan_amnt_annual_inc,0.042718448,47.688904,47.646187,0.15339755
20,ratio_open_acc_total_acc,0.6333333,0.16991872,-0.4634146,-0.475
20,month_since_earliest_cr_line,176.0,611.36597,435.36597,0.45209342
20,ratio_pub_rec_month_since_earliest_cr_line,0.0056818184,-0.058907975,-0.06458979,-0.13023844
20,ratio_pub_rec_bankruptcies_month_since_earliest_cr_line,0.0056818184,0.012860431,0.007178613,0.07896474
20,ratio_pub_rec_bankruptcies_pub_rec,1.0,0.19598722,-0.8040128,-0.4020064
21,loan_amnt,15900.0,2722.7104,-13177.289,-0.33787924
21,term,36.0,43.762512,7.762512,0.32343802
21,int_rate,13.11,14.8393,1.7293005,0.067340374
21,installment,536.58,1245.6503,709.07025,0.41347608
21,sub_grade,8.0,17.139221,9.139221,0.26880062
21,emp_length,6.0,3.0698557,-2.9301443,-0.29301447
21,home_ownership,1.0,-0.97193336,-1.9719334,-0.39438668
21,annual_inc,79000.0,4.9986555e+06,4.9196555e+06,0.44727528
21,verification_status,0.0,0.59149575,0.59149575,0.29574788
21,purpose,0.0,5.0981526,5.0981526,0.3921656
21,dti,14.5,-358.54114,-373.04114,-0.37304115
21,open_acc,11.0,-3.2901778,-14.290178,-0.1605638
21,pub_rec,0.0,19.282204,19.282204,0.22421168
21,revol_bal,45981.0,1.1898621e+06,1.1438811e+06,0.3937851
21,revol_util,80.2,141.60864,61.408646,0.06882062
21,total_acc,27.0,9.894154,-17.105846,-0.09830946
21,initial_list_status,1.0,1.1701704,0.17017043,0.17017043
21,application_type,0.0,-0.23766983,-0.23766983,-0.23766983
21,mort_acc,0.0,-3.6576052,-3.6576052,-0.07171775
21,pub_rec_bankruptcies,0.0,5.4012775,5.4012775,0.45010647
21,fico_score,697.0,755.7179,58.717896,0.31653854
21,month_of_year,5.0,5.1924553,0.19245529,0.01749593
21,ratio_loan_amnt_annual_inc,0.20126583,126.400406,126.19914,0.4062999
21,ratio_open_acc_total_acc,0.4074074,0.41588476,0.00847736,0.008689284
21,month_since_earliest_cr_line,262.0,96.00557,-165.99443,-0.17237219
21,ratio_pub_rec_month_since_earliest_cr_line,0.0,0.19139239,0.19139239,0.38592237
21,ratio_pub_rec_bankruptcies_month_since_earliest_cr_line,0.0,-0.00061731023,-0.00061731023,-0.006790412
21,ratio_pub_rec_bankruptcies_pub_rec,-1.0,-1.4273167,-0.42731667,-0.21365833
22,loan_amnt,4000.0,3321.1052,-678.8948,-0.017407563
22,term,36.0,47.4,11.400002,0.47500005
22,int_rate,13.99,13.671204,-0.31879616,-0.012414157
22,installment,136.7,-34.24459,-170.94458,-0.09968196
22,sub_grade,10.0,-1.9405556,-11.940556,-0.35119283
22,emp_length,6.0,3.3857212,-2.6142788,-0.2614279
22,home_ownership,1.0,2.824389,1.824389,0.36487782
22,annual_inc,110000.0,-932205.4,-1.0422054e+06,-0.09475312
22,verification_status,2.0,2.849168,0.84916806,0.42458403
22,purpose,1.0,-4.4875436,-5.4875436,-0.42211872
22,dti,6.15,-452.1166,-458.2666,-0.45826662
22,open_acc,9.0,35.62948,26.629478,0.29920763
22,pub_rec,0.0,-11.186764,-11.186764,-0.13007864
22,revol_bal,1007.0,327186.6,326179.6,0.112288475
22,revol_util,16.8,-270.01364,-286.81363,-0.32143185
22,total_acc,24.0,91.97074,67.97074,0.39063644
22,initial_list_status,1.0,1.4689826,0.46898258,0.46898258
22,application_type,0.0,-0.43909508,-0.43909508,-0.43909508
22,mort_acc,1.0,7.04588,6.04588,0.118546665
22,pub_rec_bankruptcies,0.0,5.2064724,5.2064724,0.4338727
22,fico_score,667.0,704.3975,37.397522,0.20160389
22,month_of_year,5.0,6.556697,1.5566969,0.1415179
22,ratio_loan_amnt_annual_inc,0.036363635,-64.862946,-64.89931,-0.20894422
22,ratio_open_acc_total_acc,0.375,-0.05942767,-0.43442768,-0.44528833
22,month_since_earliest_cr_line,218.0,259.721,41.72101,0.04332401
22,ratio_pub_rec_month_since_earliest_cr_line,0.0,-0.047317807,-0.047317807,-0.095411316
22,ratio_pub_rec_bankruptcies_month_since_earliest_cr_line,0.0,-0.011378726,-0.011378726,-0.12516598
22,ratio_pub_rec_bankruptcies_pub_rec,-1.0,-1.1268194,-0.12681937,-0.063409686
23,loan_amnt,16000.0,22474.562,6474.5625,0.1660144
23,term,60.0,67.13452,7.1345215,0.29727173
23,int_rate,21.48,11.217936,-10.262064,-0.39961308
23,installment,437.19,585.27264,148.08264,0.08635062
23,sub_grade,23.0,35.16237,12.162369,0.35771674
23,emp_length,0.0,3.6305141,3.6305141,0.3630514
23,home_ownership,1.0,1.9346442,0.9346442,0.18692885
23,annual_inc,52000.0,-1.7599565e+06,-1.8119565e+06,-0.1647358
23,verification_status,2.0,1.6491103,-0.35088968,-0.17544484
23,purpose,0.0,2.9976635,2.9976635,0.2305895
23,dti,18.44,-8.28768,-26.72768,-0.02672768
23,open_acc,6.0,22.802858,16.802858,0.18879616
23,pub_rec,1.0,21.444778,20.444778,0.23772998
23,revol_bal,7509.0,552730.8,545221.8,0.18769453
23,revol_util,64.7,-178.41031,-243.1103,-0.27245355
23,total_acc,21.0,-2.1201844,-23.120184,-0.13287462
23,initial_list_status,1.0,0.91003186,-0.089968145,-0.089968145
23,application_type,0.0,0.13593544,0.13593544,0.13593544
23,mort_acc,6.0,-6.5104933,-12.510493,-0.24530378
23,pub_rec_bankruptcies,1.0,4.6562195,3.6562195,0.30468494
23,fico_score,662.0,719.374,57.374023,0.30929393
23,month_of_year,5.0,4.723171,-0.27682877,-0.025166273
23,ratio_loan_amnt_annual_inc,0.30769232,84.91146,84.60377,0.27238303
23,ratio_open_acc_total_acc,0.2857143,0.73166066,0.44594637,0.45709503
23,month_since_earliest_cr_line,228.0,-100.03903,-328.03903,-0.3406428
23,ratio_pub_rec_month_since_earliest_cr_line,0.004385965,0.06652383,0.062137865,0.12529439
23,ratio_pub_rec_bankruptcies_month_since_earliest_cr_line,0.004385965,0.026235973,0.021850009,0.2403501
23,ratio_pub_rec_bankruptcies_pub_rec,1.0,0.81535673,-0.18464327,-0.092321634
24,loan_amnt,20000.0,12870.488,-7129.5117,-0.18280798
24,term,60.0,66.86534,6.865341,0.28605592
24,int_rate,10.74,6.277141,-4.4628587,-0.17378734
24,installment,432.26,-112.655945,-544.91595,-0.3177538
24,sub_grade,6.0,10.899898,4.8998976,0.14411463
24,emp_length,10.0,13.505976,3.5059757,0.35059762
24,home_ownership,0.0,-0.4685758,-0.4685758,-0.09371516
24,annual_inc,105000.0,3.0217275e+06,2.9167275e+06,0.26517713
24,verification_status,2.0,2.6830907,0.6830907,0.34154534
24,purpose,0.0,-4.403772,-4.403772,-0.33875167
24,dti,16.45,23.94743,7.497429,0.007497428
24,open_acc,8.0,30.69522,22.69522,0.25500247
24,pub_rec,0.0,28.661907,28.661907,0.333278
24,revol_bal,7929.0,-56968.445,-64897.445,-0.022341173
24,revol_util,35.7,188.55598,152.85599,0.1713056
24,total_acc,20.0,-18.054419,-38.05442,-0.21870357
24,initial_list_status,1.0,0.64857435,-0.35142565,-0.35142565
24,application_type,0.0,-0.35527617,-0.35527617,-0.35527617
24,mort_acc,6.0,6.477108,0.477108,0.009355061
24,pub_rec_bankruptcies,0.0,5.306751,5.306751,0.44222924
24,fico_score,762.0,785.69037,23.690369,0.12771088
24,month_of_year,5.0,1.856772,-3.143228,-0.285748
24,ratio_loan_amnt_annual_inc,0.1904762,-125.96589,-126.156364,-0.40616214
24,ratio_open_acc_total_acc,0.4,0.85526866,0.45526865,0.46665037
24,month_since_earliest_cr_line,150.0,-96.12636,-246.12636,-0.25558293
24,ratio_pub_rec_month_since_earliest_cr_line,0.0,-0.17366679,-0.17366679,-0.35018057
24,ratio_pub_rec_bankruptcies_month_since_earliest_cr_line,0.0,-0.03805802,-0.03805802,-0.4186382
24,ratio_pub_rec_bankruptcies_pub_rec,-1.0,-1.9307073,-0.93070734,-0.46535367
25,loan_amnt,8000.0,31.088379,-7968.9116,-0.20433107
25,term,36.0,33.497295,-2.5027046,-0.10427936
25,int_rate,12.12,5.4939017,-6.626098,-0.25802562
25,installment,266.18,-171.73369,-437.9137,-0.25535816
25,sub_grade,7.0,19.573439,12.573439,0.369807
25,emp_length,4.0,5.834366,1.8343658,0.1834366
25,home_ownership,1.0,-0.48693076,-1.4869307,-0.29738617
25,annual_inc,24000.0,-102925.97,-126925.97,-0.011539599
25,verification_status,0.0,-0.9180456,-0.9180456,-0.4590228
25,purpose,0.0,-1.182024,-1.182024,-0.090924926
25,dti,31.7,506.69995,474.99994,0.47499996
25,open_acc,7.0,-0.57804453,-7.5780444,-0.08514657
25,pub_rec,0.0,-36.254414,-36.254414,-0.42156294
25,revol_bal,5908.0,-326803.78,-332711.78,-0.1145372
25,revol_util,46.2,-303.8027,-350.00272,-0.3922478
25,total_acc,10.0,5.3110514,-4.6889486,-0.02694798
25,initial_list_status,1.0,0.8134287,-0.1865713,-0.1865713
25,application_type,0.0,-0.08932352,-0.08932352,-0.08932352
25,mort_acc,0.0,1.8266779,1.8266779,0.035817213
25,pub_rec_bankruptcies,0.0,1.0982988,1.0982988,0.0915249
25,fico_score,692.0,662.9319,-29.068115,-0.15670143
25,month_of_year,5.0,6.18671,1.1867099,0.10788271
25,ratio_loan_amnt_annual_inc,0.33333334,-132.0498,-132.38313,-0.42620933
25,ratio_open_acc_total_acc,0.7,0.5835071,-0.11649287,-0.11940521
25,month_since_earliest_cr_line,71.0,138.1903,67.19031,0.06977187
25,ratio_pub_rec_month_since_earliest_cr_line,0.0,0.22590709,0.22590709,0.45551756
25,ratio_pub_rec_bankruptcies_month_since_earliest_cr_line,0.0,-0.020689214,-0.020689214,-0.22758134
25,ratio_pub_rec_bankruptcies_pub_rec,-1.0,-1.6434801,-0.64348006,-0.32174003
26,loan_amnt,10000.0,5667.3887,-4332.6113,-0.1110926
26,term,36.0,29.362951,-6.6370487,-0.2765437
26,int_rate,9.76,7.337894,-2.4221063,-0.094318785
26,installment,321.55,1031.9869,710.43695,0.41427308
26,sub_grade,5.0,11.758541,6.758541,0.19878061
26,emp_length,10.0,11.839857,1.8398571,0.18398571
26,home_ownership,1.0,1.905881,0.90588105,0.1811762
26,annual_inc,54000.0,2.526935e+06,2.472935e+06,0.2248293
26,verification_status,1.0,0.093046665,-0.90695333,-0.45347667
26,purpose,4.0,2.7259986,-1.2740014,-0.09800011
26,dti,7.51,34.3534,26.843401,0.026843399
26,open_acc,10.0,25.298634,15.298634,0.17189476
26,pub_rec,0.0,5.871405,5.871405,0.06827215
26,revol_bal,8518.0,-63179.176,-71697.17,-0.024682004
26,revol_util,33.4,-252.10907,-285.50906,-0.31996983
26,total_acc,22.0,-25.127533,-47.127533,-0.2708479
26,initial_list_status,1.0,0.9793522,-0.020647824,-0.020647824
26,application_type,0.0,-0.02720184,-0.02720184,-0.02720184
26,mort_acc,0.0,0.7031752,0.7031752,0.013787749
26,pub_rec_bankruptcies,0.0,0.104944825,0.104944825,0.008745402
26,fico_score,712.0,660.7862,-51.213806,-0.2760852
26,month_of_year,5.0,10.11166,5.11166,0.46469638
26,ratio_loan_amnt_annual_inc,0.18518518,-2.0585077,-2.2436929,-0.0072236005
26,ratio_open_acc_total_acc,0.45454547,0.87185854,0.41731307,0.42774594
26,month_since_earliest_cr_line,152.0,79.004486,-72.995514,-0.07580012
26,ratio_pub_rec_month_since_earliest_cr_line,0.0,0.029711537,0.029711537,0.05991015
26,ratio_pub_rec_bankruptcies_month_since_earliest_cr_line,0.0,-0.04229805,-0.04229805,-0.46527854
26,ratio_pub_rec_bankruptcies_pub_rec,-1.0,-1.7505031,-0.75050306,-0.37525153
27,loan_amnt,20000.0,25223.281,5223.2812,0.1339303
27,term,60.0,71.2724,11.2724,0.4696833
27,int_rate,12.12,8.895147,-3.2248526,-0.12557836
27,installment,446.11,1249.6174,803.50745,0.46854475
27,sub_grade,7.0,19.721266,12.721266,0.37415487
27,emp_length,10.0,9.399315,-0.6006851,-0.060068488
27,home_ownership,0.0,-0.25895596,-0.25895596,-0.05179119
27,annual_inc,84000.0,2.672899e+06,2.588899e+06,0.23537228
27,verification_status,2.0,2.786116,0.7861159,0.39305794
27,purpose,0.0,-0.836508,-0.836508,-0.06434677
27,dti,19.33,29.754416,10.424416,0.010424415
27,open_acc,8.0,14.844302,6.844302,0.07690226
27,pub_rec,0.0,-11.544231,-11.544231,-0.13423525
27,revol_bal,19276.0,1.1066612e+06,1.0873852e+06,0.37433618
27,revol_util,54.5,439.60086,385.10086,0.4315823
27,total_acc,26.0,-49.17601,-75.17601,-0.43204606
27,initial_list_status,1.0,0.79823697,-0.20176303,-0.20176303
27,application_type,0.0,0.0834405,0.0834405,0.0834405
27,mort_acc,3.0,-0.15326458,-3.1532645,-0.061828718
27,pub_rec_bankruptcies,0.0,-1.6434345,-1.6434345,-0.13695288
27,fico_score,747.0,731.3018,-15.698181,-0.08462632
27,month_of_year,5.0,3.8841462,-1.1158538,-0.101441264
27,ratio_loan_amnt_annual_inc,0.23809524,144.86989,144.63179,0.46564406
27,ratio_open_acc_total_acc,0.30769232,0.68210065,0.37440833,0.38376853
27,month_since_earliest_cr_line,214.0,-54.86931,-268.86932,-0.2791997
27,ratio_pub_rec_month_since_earliest_cr_line,0.0,0.016802758,0.016802758,0.03388097
27,ratio_pub_rec_bankruptcies_month_since_earliest_cr_line,0.0,0.03712962,0.03712962,0.40842578
27,ratio_pub_rec_bankruptcies_pub_rec,-1.0,-1.0937037,-0.09370375,-0.046851873
28,loan_amnt,20000.0,33661.773,13661.773,0.3503019
28,term,60.0,55.73605,-4.2639503,-0.17766458
28,int_rate,6.0,10.375964,4.375964,0.17040358
28,installment,386.66,388.3814,1.721405,0.0010037869
28,sub_grade,10.0,26.15,16.15,0.475
28,emp_length,9.0,9.936408,0.93640804,0.093640804
28,home_ownership,0.0,-1.553612,-1.553612,-0.3107224
28,annual_inc,70000.0,4.1002502e+06,4.0302502e+06,0.36641413
28,verification_status,2.0,1.7461553,-0.25384474,-0.12692237
28,purpose,5.0,3.31622,-1.68378,-0.12952155
28,dti,13.82,-411.84753,-425.66754,-0.42566755
28,open_acc,14.0,-0.39682388,-14.396824,-0.16176206
28,pub_rec,0.0,-22.671988,-22.671988,-0.26362777
28,revol_bal,10876.0,901641.4,890765.4,0.30664912
28,revol_util,47.7,29.28067,-18.41933,-0.020642534
28,total_acc,22.0,45.602985,23.602985,0.13564935
28,initial_list_status,1.0,0.5360996,-0.4639004,-0.4639004
28,application_type,0.0,-0.05664677,-0.05664677,-0.05664677
28,mort_acc,1.0,22.293707,21.293707,0.41752365
28,pub_rec_bankruptcies,0.0,-0.5186196,-0.5186196,-0.0432183
28,fico_score,712.0,703.5972,-8.402771,-0.04529795
28,month_of_year,5.0,4.9517293,-0.048270702,-0.0043882728
28,ratio_loan_amnt_annual_inc,0.2857143,9.986158,9.700444,0.031230714
28,ratio_open_acc_total_acc,0.6363636,1.0906707,0.45430708,0.46566474
28,month_since_earliest_cr_line,172.0,-146.65617,-318.6562,-0.33089945
28,ratio_pub_rec_month_since_earliest_cr_line,0.0,0.010390612,0.010390612,0.020951562
28,ratio_pub_rec_bankruptcies_month_since_earliest_cr_line,0.0,-0.0046591815,-0.0046591815,-0.051250994
28,ratio_pub_rec_bankruptcies_pub_rec,-1.0,-1.3933125,-0.39331245,-0.19665623
29,loan_amnt,12000.0,11026.335,-973.66504,-0.024965793
29,term,36.0,45.4619,9.461899,0.39424577
29,int_rate,13.11,7.288307,-5.8216925,-0.22670141
29,installment,404.97,1025.359,620.38904,0.36176395
29,sub_grade,8.0,-1.6736969,-9.6736965,-0.2845205
29,emp_length,10.0,13.067156,3.0671558,0.3067156
29,home_ownership,1.0,-1.2643185,-2.2643185,-0.4528637
29,annual_inc,45000.0,323571.34,278571.34,0.025326585
29,verification_status,0.0,-0.4227232,-0.4227232,-0.2113616
29,purpose,0.0,-4.7778306,-4.7778306,-0.36752543
29,dti,14.37,-102.28303,-116.65303,-0.116653025
29,open_acc,8.0,-0.39578938,-8.395789,-0.094334714
29,pub_rec,0.0,-9.348501,-9.348501,-0.1087035
29,revol_bal,14698.0,1.2026845e+06,1.1879865e+06,0.40896854
29,revol_util,75.0,92.43512,17.43512,0.019539528
29,total_acc,11.0,92.68145,81.68145,0.4694336
29,initial_list_status,1.0,1.4025508,0.40255082,0.40255082
29,application_type,0.0,0.09294523,0.09294523,0.09294523
29,mort_acc,0.0,-13.056963,-13.056963,-0.25601888
29,pub_rec_bankruptcies,0.0,1.9425012,1.9425012,0.1618751
29,fico_score,682.0,745.6437,63.643677,0.34309262
29,month_of_year,5.0,5.724251,0.7242508,0.06584099
29,ratio_loan_amnt_annual_inc,0.26666668,-27.99233,-28.258997,-0.09098024
29,ratio_open_acc_total_acc,0.72727275,1.1605462,0.43327343,0.44410527
29,month_since_earliest_cr_line,138.0,-261.95624,-399.95624,-0.4153232
29,ratio_pub_rec_month_since_earliest_cr_line,0.0,0.007933995,0.007933995,0.015998054
29,ratio_pub_rec_bankruptcies_month_since_earliest_cr_line,0.0,-0.019886395,-0.019886395,-0.21875034
29,ratio_pub_rec_bankruptcies_pub_rec,-1.0,-1.9292216,-0.92922163,-0.46461082
30,loan_amnt,3900.0,-14379.927,-18279.926,-0.46871606
30,term,36.0,25.03144,-10.968559,-0.4570233
30,int_rate,15.31,21.017862,5.707862,0.22226879
30,installment,135.79,-295.69437,-431.48438,-0.25160903
30,sub_grade,12.0,0.07313835,-11.926862,-0.35079005
30,emp_length,9.0,6.5570107,-2.4429893,-0.24429893
30,home_ownership,1.0,3.3374572,2.3374572,0.46749145
30,annual_inc,35000.0,310102.66,275102.66,0.025011227
30,verification_status,1.0,0.11531334,-0.88468665,-0.44234332
30,purpose,4.0,6.8427997,2.8427997,0.2186769
30,dti,12.06,-69.07253,-81.13253,-0.08113254
30,open_acc,8.0,25.547792,17.547792,0.1971662
30,pub_rec,0.0,-38.66808,-38.66808,-0.44962883
30,revol_bal,5502.0,-485323.25,-490825.25,-0.16896832
30,revol_util,86.0,-328.99515,-414.99515,-0.4650848
30,total_acc,13.0,-16.838099,-29.838099,-0.17148332
30,initial_list_status,1.0,1.314805,0.31480503,0.31480503
30,application_type,0.0,0.22711486,0.22711486,0.22711486
30,mort_acc,0.0,10.097046,10.097046,0.1979813
30,pub_rec_bankruptcies,0.0,-3.315407,-3.315407,-0.27628392
30,fico_score,687.0,731.52277,44.522766,0.24001493
30,month_of_year,5.0,2.1840842,-2.8159158,-0.25599235
30,ratio_loan_amnt_annual_inc,0.111428574,127.142044,127.03062,0.40897685
30,ratio_open_acc_total_acc,0.61538464,0.22365299,-0.39173165,-0.40152496
30,month_since_earliest_cr_line,163.0,459.46072,296.46072,0.30785123
30,ratio_pub_rec_month_since_earliest_cr_line,0.0,-0.110751,-0.110751,-0.2233176
30,ratio_pub_rec_bankruptcies_month_since_earliest_cr_line,0.0,-0.041108888,-0.041108888,-0.45219776
30,ratio_pub_rec_bankruptcies_pub_rec,-1.0,-0.99185705,0.008142948,0.004071474
31,loan_amnt,24000.0,10477.221,-13522.779,-0.34673795
31,term,36.0,34.68707,-1.3129311,-0.05470546
31,int_rate,13.11,4.741153,-8.368847,-0.32588968
31,installment,809.93,1246.1881,436.25812,0.25439268
31,sub_grade,8.0,21.648836,13.648836,0.4014364
31,emp_length,2.0,0.13915016,-1.8608499,-0.18608499
31,home_ownership,1.0,2.6293075,1.6293075,0.3258615
31,annual_inc,65000.0,1.1664356e+06,1.1014356e+06,0.1001381
31,verification_status,0.0,-0.2956899,-0.2956899,-0.14784496
31,purpose,0.0,5.4179134,5.4179134,0.41676256
31,dti,19.33,-215.6527,-234.9827,-0.23498268
31,open_acc,19.0,-20.898577,-39.898575,-0.44829863
31,pub_rec,0.0,-3.3404822,-3.3404822,-0.038842816
31,revol_bal,16140.0,1.3680944e+06,1.3519544e+06,0.46541503
31,revol_util,84.5,-332.49847,-416.99847,-0.4673299
31,total_acc,41.0,-36.24588,-77.24588,-0.44394183
31,initial_list_status,1.0,1.3857218,0.3857218,0.3857218
31,application_type,0.0,-0.18924181,-0.18924181,-0.18924181
31,mort_acc,0.0,20.430363,20.430363,0.40059534
31,pub_rec_bankruptcies,0.0,-0.35557947,-0.35557947,-0.029631622
31,fico_score,712.0,649.899,-62.101013,-0.33477634
31,month_of_year,5.0,9.604054,4.6040545,0.4185504
31,ratio_loan_amnt_annual_inc,0.36923078,-41.745773,-42.115005,-0.13558984
31,ratio_open_acc_total_acc,0.46341464,-7.450581e-09,-0.46341464,-0.475
31,month_since_earliest_cr_line,318.0,641.66315,323.66315,0.3360988
31,ratio_pub_rec_month_since_earliest_cr_line,0.0,0.040686704,0.040686704,0.0820404
31,ratio_pub_rec_bankruptcies_month_since_earliest_cr_line,0.0,-0.0074877082,-0.0074877082,-0.08236479
31,ratio_pub_rec_bankruptcies_pub_rec,-1.0,-0.2574414,0.7425586,0.3712793
32,loan_amnt,5075.0,-8347.483,-13422.483,-0.34416625
32,term,36.0,32.82934,-3.170658,-0.13211076
32,int_rate,13.99,4.2996817,-9.690318,-0.37734884
32,installment,173.43,-226.66296,-400.09296,-0.23330395
32,sub_grade,10.0,26.15,16.15,0.475
32,emp_length,7.0,2.6603765,-4.3396235,-0.43396235
32,home_ownership,0.0,-1.0824571,-1.0824571,-0.21649142
32,annual_inc,40000.0,3.5930172e+06,3.5530172e+06,0.32302603
32,verification_status,2.0,2.8436825,0.8436825,0.42184126
32,purpose,0.0,5.325531,5.325531,0.40965623
32,dti,31.71,-206.71277,-238.42276,-0.23842277
32,open_acc,12.0,-3.6145835,-15.614584,-0.17544475
32,pub_rec,0.0,5.6317024,5.6317024,0.06548491
32,revol_bal,12255.0,-1.3675421e+06,-1.3797971e+06,-0.475
32,revol_util,94.3,448.05286,353.75287,0.39645058
32,total_acc,26.0,42.52051,16.520512,0.094945475
32,initial_list_status,1.0,1.4164217,0.41642165,0.41642165
32,application_type,0.0,0.3971037,0.3971037,0.3971037
32,mort_acc,4.0,-7.54016,-11.54016,-0.22627765
32,pub_rec_bankruptcies,0.0,4.7080326,4.7080326,0.39233604
32,fico_score,672.0,656.94525,-15.054749,-0.08115767
32,month_of_year,5.0,8.097772,3.0977716,0.28161559
32,ratio_loan_amnt_annual_inc,0.126875,-80.197914,-80.32479,-0.25860676
32,ratio_open_acc_total_acc,0.46153846,0.07161781,-0.38992065,-0.39966863
32,month_since_earliest_cr_line,139.0,-276.62274,-415.62274,-0.43159163
32,ratio_pub_rec_month_since_earliest_cr_line,0.0,0.19547834,0.19547834,0.39416122
32,ratio_pub_rec_bankruptcies_month_since_earliest_cr_line,0.0,-0.013093549,-0.013093549,-0.14402904
32,ratio_pub_rec_bankruptcies_pub_rec,-1.0,-1.5475559,-0.5475559,-0.27377796
33,loan_amnt,3925.0,-5917.719,-9842.719,-0.25237742
33,term,36.0,41.326145,5.326145,0.22192271
33,int_rate,15.31,8.776146,-6.5338545,-0.25443357
33,installment,136.66,951.2375,814.5775,0.475
33,sub_grade,12.0,-3.9607418,-15.960742,-0.4694336
33,emp_length,10.0,12.588216,2.5882158,0.2588216
33,home_ownership,1.0,0.7565982,-0.24340183,-0.048680365
33,annual_inc,40000.0,465171.4,425171.4,0.03865487
33,verification_status,0.0,-0.93645555,-0.93645555,-0.46822777
33,purpose,6.0,10.282732,4.282732,0.32944092
33,dti,12.3,372.40134,360.10135,0.36010134
33,open_acc,12.0,29.137852,17.137852,0.19256014
33,pub_rec,0.0,-24.337984,-24.337984,-0.2829998
33,revol_bal,5347.0,-959510.4,-964857.4,-0.33215553
33,revol_util,78.6,321.29214,242.69214,0.27198493
33,total_acc,20.0,79.933556,59.933556,0.34444574
33,initial_list_status,1.0,1.0537112,0.053711176,0.053711176
33,application_type,0.0,0.287474,0.287474,0.287474
33,mort_acc,0.0,-15.087196,-15.087196,-0.2958274
33,pub_rec_bankruptcies,0.0,-2.5837576,-2.5837576,-0.21531314
33,fico_score,667.0,685.23083,18.230835,0.09827943
33,month_of_year,5.0,9.762696,4.7626963,0.4329724
33,ratio_loan_amnt_annual_inc,0.098125,-61.73238,-61.830505,-0.19906418
33,ratio_open_acc_total_acc,0.6,0.509071,-0.09092903,-0.09320229
33,month_since_earliest_cr_line,109.0,328.7715,219.77151,0.22821549
33,ratio_pub_rec_month_since_earliest_cr_line,0.0,0.14235775,0.14235775,0.28704923
33,ratio_pub_rec_bankruptcies_month_since_earliest_cr_line,0.0,-0.029380172,-0.029380172,-0.3231819
33,ratio_pub_rec_bankruptcies_pub_rec,-1.0,-0.66625166,0.33374834,0.16687417
34,loan_amnt,12700.0,-366.52332,-13066.523,-0.33503908
34,term,36.0,39.618088,3.6180878,0.15075366
34,int_rate,12.12,9.866831,-2.253169,-0.08774023
34,installment,422.55,76.48108,-346.0689,-0.20180123
34,sub_grade,7.0,17.47415,10.47415,0.3080632
34,emp_length,10.0,9.943241,-0.05675888,-0.005675912
34,home_ownership,0.0,-0.6395962,-0.6395962,-0.12791924
34,annual_inc,40000.0,3.5227482e+06,3.4827482e+06,0.31663746
34,verification_status,2.0,2.9030542,0.90305424,0.45152712
34,purpose,0.0,-5.767335,-5.767335,-0.44364116
34,dti,34.08,-358.53745,-392.61743,-0.39261746
34,open_acc,13.0,16.9444,3.9444008,0.044319108
34,pub_rec,0.0,-30.793106,-30.793106,-0.35805938
34,revol_bal,8717.0,-191263.64,-199980.64,-0.068844035
34,revol_util,65.1,-9.748984,-74.84898,-0.0838832
34,total_acc,23.0,14.703562,-8.296438,-0.047680676
34,initial_list_status,1.0,0.59070736,-0.40929264,-0.40929264
34,application_type,0.0,0.43291214,0.43291214,0.43291214
34,mort_acc,0.0,3.030893,3.030893,0.059429277
34,pub_rec_bankruptcies,0.0,5.5893674,5.5893674,0.46578062
34,fico_score,692.0,722.4751,30.475098,0.16428623
34,month_of_year,6.0,7.9530315,1.9530315,0.17754829
34,ratio_loan_amnt_annual_inc,0.3175,-24.303612,-24.62111,-0.079268016
34,ratio_open_acc_total_acc,0.5652174,0.6879332,0.12271583,0.12578374
34,month_since_earliest_cr_line,133.0,201.20372,68.20372,0.07082421
34,ratio_pub_rec_month_since_earliest_cr_line,0.0,-0.033563785,-0.033563785,-0.067677796
34,ratio_pub_rec_bankruptcies_month_since_earliest_cr_line,0.0,-0.0101830615,-0.0101830615,-0.112013675
34,ratio_pub_rec_bankruptcies_pub_rec,-1.0,-1.8752332,-0.8752332,-0.4376166
35,loan_amnt,14500.0,16506.98,2006.9805,0.05146104
35,term,36.0,44.356285,8.356285,0.34817854
35,int_rate,12.12,6.6699734,-5.4500265,-0.21222845
35,installment,482.44,-150.25435,-632.69434,-0.3689395
35,sub_grade,7.0,15.442024,8.442024,0.24829482
35,emp_length,6.0,10.468888,4.4688883,0.4468888
35,home_ownership,1.0,-0.45783913,-1.4578391,-0.29156783
35,annual_inc,42000.0,3.4146565e+06,3.3726565e+06,0.30662835
35,verification_status,0.0,0.7582692,0.7582692,0.3791346
35,purpose,4.0,5.224193,1.2241931,0.09416869
35,dti,17.89,-457.11,-475.0,-0.47499996
35,open_acc,10.0,-1.8132055,-11.813206,-0.13273264
35,pub_rec,0.0,-26.331762,-26.331762,-0.30618328
35,revol_bal,6980.0,125545.4,118565.4,0.040816553
35,revol_util,59.7,-281.60852,-341.30853,-0.38250422
35,total_acc,19.0,101.65,82.65,0.47500002
35,initial_list_status,1.0,0.76520556,-0.23479444,-0.23479444
35,application_type,0.0,0.116691664,0.116691664,0.116691664
35,mort_acc,0.0,-7.60953,-7.60953,-0.14920647
35,pub_rec_bankruptcies,0.0,-0.83966887,-0.83966887,-0.0699724
35,fico_score,707.0,790.9965,83.99652,0.45281145
35,month_of_year,6.0,6.90485,0.90485,0.08225906
35,ratio_loan_amnt_annual_inc,0.3452381,124.91456,124.56932,0.40105268
35,ratio_open_acc_total_acc,0.5263158,0.94698876,0.42067295,0.43118972
35,month_since_earliest_cr_line,88.0,225.90544,137.90544,0.14320399
35,ratio_pub_rec_month_since_earliest_cr_line,0.0,0.1370146,0.1370146,0.27627534
35,ratio_pub_rec_bankruptcies_month_since_earliest_cr_line,0.0,0.0058737798,0.0058737798,0.06461158
35,ratio_pub_rec_bankruptcies_pub_rec,-1.0,-1.3328747,-0.33287466,-0.16643733
36,loan_amnt,18000.0,29036.975,11036.975,0.28299937
36,term,60.0,48.892235,-11.107765,-0.46282357
36,int_rate,19.72,14.193071,-5.526928,-0.21522307
36,installment,474.09,1282.2924,808.2024,0.47128242
36,sub_grade,19.0,32.456615,13.456615,0.39578283
36,emp_length,10.0,8.314129,-1.6858711,-0.16858709
36,home_ownership,1.0,2.7478528,1.7478528,0.34957057
36,annual_inc,76000.0,3.8272312e+06,3.7512312e+06,0.34104687
36,verification_status,2.0,2.332671,0.33267093,0.16633546
36,purpose,0.0,-2.9351285,-2.9351285,-0.22577912
36,dti,14.29,153.94296,139.65297,0.13965297
36,open_acc,8.0,18.174416,10.174416,0.11431927
36,pub_rec,0.0,-29.465023,-29.465023,-0.34261656
36,revol_bal,20616.0,-1.1950136e+06,-1.2156296e+06,-0.41848478
36,revol_util,72.8,-117.95538,-190.75539,-0.21377943
36,total_acc,23.0,62.386192,39.386192,0.22635743
36,initial_list_status,1.0,0.7503037,-0.24969631,-0.24969631
36,application_type,0.0,0.03728366,0.03728366,0.03728366
36,mort_acc,2.0,25.032679,23.032679,0.45162115
36,pub_rec_bankruptcies,0.0,0.17195505,0.17195505,0.014329587
36,fico_score,682.0,756.9129,74.9129,0.40384316
36,month_of_year,6.0,5.9049435,-0.095056534,-0.008641541
36,ratio_loan_amnt_annual_inc,0.23684211,-67.13896,-67.3758,-0.21691734
36,ratio_open_acc_total_acc,0.3478261,0.44518882,0.09736273,0.0997968
36,month_since_earliest_cr_line,296.0,91.35658,-204.64342,-0.21250615
36,ratio_pub_rec_month_since_earliest_cr_line,0.0,0.033069823,0.033069823,0.06668177
36,ratio_pub_rec_bankruptcies_month_since_earliest_cr_line,0.0,0.03378725,0.03378725,0.37165976
36,ratio_pub_rec_bankruptcies_pub_rec,-1.0,-1.5452216,-0.54522157,-0.27261078
37,loan_amnt,17475.0,1101.902,-16373.098,-0.41982305
37,term,60.0,63.144833,3.1448326,0.13103473
37,int_rate,21.0,23.90068,2.9006805,0.112954855
37,installment,472.76,119.24878,-353.51123,-0.20614102
37,sub_grade,21.0,35.489456,14.489456,0.42616045
37,emp_length,10.0,13.628599,3.6285992,0.36285996
37,home_ownership,0.0,2.044297,2.044297,0.4088594
37,annual_inc,67000.0,244140.83,177140.83,0.016104931
37,verification_status,2.0,2.1947854,0.19478536,0.09739268
37,purpose,0.0,-1.3506204,-1.3506204,-0.103893876
37,dti,21.92,210.4062,188.4862,0.1884862
37,open_acc,11.0,-22.788252,-33.788254,-0.3796433
37,pub_rec,0.0,-20.468401,-20.468401,-0.23800467
37,revol_bal,19214.0,-778378.06,-797592.06,-0.27457386
37,revol_util,59.7,-316.79276,-376.49277,-0.4219352
37,total_acc,21.0,51.45242,30.45242,0.1750139
37,initial_list_status,1.0,1.2981292,0.2981292,0.2981292
37,application_type,0.0,0.09135009,0.09135009,0.09135009
37,mort_acc,6.0,13.373527,7.3735266,0.14457896
37,pub_rec_bankruptcies,0.0,1.4644811,1.4644811,0.12204009
37,fico_score,672.0,705.4234,33.4234,0.18018007
37,month_of_year,6.0,1.5686169,-4.431383,-0.402853
37,ratio_loan_amnt_annual_inc,0.2608209,-5.3073397,-5.5681605,-0.017926771
37,ratio_open_acc_total_acc,0.52380955,0.24831012,-0.27549943,-0.2823869
37,month_since_earliest_cr_line,234.0,250.13611,16.136108,0.016756088
37,ratio_pub_rec_month_since_earliest_cr_line,0.0,-0.004557101,-0.004557101,-0.009188908
37,ratio_pub_rec_bankruptcies_month_since_earliest_cr_line,0.0,0.028901692,0.028901692,0.3179186
37,ratio_pub_rec_bankruptcies_pub_rec,-1.0,-0.07746065,0.92253935,0.46126968
38,loan_amnt,12700.0,24247.562,11547.5625,0.29609132
38,term,36.0,47.241356,11.241356,0.46838984
38,int_rate,15.31,11.466326,-3.8436747,-0.14967577
38,installment,442.19,204.17018,-238.01982,-0.13879514
38,sub_grade,11.0,27.15,16.15,0.47499996
38,emp_length,6.0,10.16738,4.1673803,0.41673803
38,home_ownership,0.0,2.2601929,2.2601929,0.4520386
38,annual_inc,55000.0,413493.66,358493.66,0.032592803
38,verification_status,2.0,1.8010983,-0.19890165,-0.09945083
38,purpose,12.0,9.940283,-2.0597172,-0.15843982
38,dti,31.96,25.427797,-6.532202,-0.0065321997
38,open_acc,13.0,47.265873,34.265873,0.3850098
38,pub_rec,0.0,24.425888,24.425888,0.28402194
38,revol_bal,31226.0,-510070.8,-541296.8,-0.18634334
38,revol_util,79.5,480.29422,400.79422,0.4491698
38,total_acc,31.0,40.775112,9.775112,0.056178793
38,initial_list_status,1.0,1.3650401,0.36504006,0.36504006
38,application_type,0.0,-0.0057575163,-0.0057575163,-0.0057575163
38,mort_acc,1.0,-8.413747,-9.413747,-0.18458328
38,pub_rec_bankruptcies,0.0,-5.089733,-5.089733,-0.42414442
38,fico_score,687.0,607.00006,-79.99994,-0.4312665
38,month_of_year,6.0,8.332191,2.3321915,0.21201742
38,ratio_loan_amnt_annual_inc,0.2309091,-2.507507,-2.7384162,-0.008816369
38,ratio_open_acc_total_acc,0.41935483,0.88276947,0.46341464,0.47500002
38,month_since_earliest_cr_line,84.0,155.13176,71.13176,0.07386476
38,ratio_pub_rec_month_since_earliest_cr_line,0.0,0.0434445,0.0434445,0.0876012
38,ratio_pub_rec_bankruptcies_month_since_earliest_cr_line,0.0,-0.016061781,-0.016061781,-0.17667958
38,ratio_pub_rec_bankruptcies_pub_rec,-1.0,-0.43904865,0.56095135,0.28047568
39,loan_amnt,7800.0,630.844,-7169.1562,-0.18382452
39,term,36.0,24.6,-11.4,-0.475
39,int_rate,14.33,15.083767,0.753767,0.029352307
39,installment,267.84,1068.0988,800.2588,0.46665037
39,sub_grade,10.0,22.201565,12.201565,0.35886952
39,emp_length,1.0,-0.13995929,-1.1399593,-0.11399593
39,home_ownership,1.0,-0.93186677,-1.9318668,-0.38637334
39,annual_inc,75000.0,3.9646278e+06,3.8896278e+06,0.3536293
39,verification_status,0.0,0.8040398,0.8040398,0.4020199
39,purpose,0.0,-0.40757394,-0.40757394,-0.031351842
39,dti,10.35,89.51124,79.16124,0.07916124
39,open_acc,5.0,39.569202,34.569202,0.38841802
39,pub_rec,0.0,33.097378,33.097378,0.38485324
39,revol_bal,3994.0,-197889.47,-201883.47,-0.06949909
39,revol_util,85.0,80.32613,-4.6738663,-0.0052379966
39,total_acc,18.0,-19.47433,-37.47433,-0.21536972
39,initial_list_status,1.0,1.1572317,0.15723169,0.15723169
39,application_type,0.0,0.033997703,0.033997703,0.033997703
39,mort_acc,0.0,-0.80176926,-0.80176926,-0.015720965
39,pub_rec_bankruptcies,0.0,-5.583105,-5.583105,-0.46525875
39,fico_score,682.0,644.9323,-37.067688,-0.19982581
39,month_of_year,6.0,4.9126997,-1.0873003,-0.09884551
39,ratio_loan_amnt_annual_inc,0.104,50.260223,50.156223,0.16147865
39,ratio_open_acc_total_acc,0.2777778,-0.0781107,-0.3558885,-0.3647857
39,month_since_earliest_cr_line,200.0,-179.8512,-379.8512,-0.3944457
39,ratio_pub_rec_month_since_earliest_cr_line,0.0,0.0077958307,0.0077958307,0.015719462
39,ratio_pub_rec_bankruptcies_month_since_earliest_cr_line,0.0,0.03059042,0.03059042,0.33649462
39,ratio_pub_rec_bankruptcies_pub_rec,-1.0,-0.47168612,0.5283139,0.26415694
40,loan_amnt,16000.0,29435.365,13435.365,0.34449652
40,term,36.0,33.197773,-2.802227,-0.11675946
40,int_rate,16.29,25.754307,9.464306,0.36854777
40,installment,564.81,27.132591,-537.6774,-0.3135328
40,sub_grade,13.0,11.844903,-1.155097,-0.033973455
40,emp_length,10.0,12.942571,2.9425707,0.29425704
40,home_ownership,0.0,1.7396349,1.7396349,0.34792697
40,annual_inc,108707.0,2.6223448e+06,2.5136378e+06,0.22852983
40,verification_status,2.0,1.9850223,-0.014977694,-0.007488847
40,purpose,0.0,2.1903367,2.1903367,0.16848744
40,dti,27.61,-233.97882,-261.5888,-0.2615888
40,open_acc,20.0,-9.803047,-29.803047,-0.3348657
40,pub_rec,0.0,37.936157,37.936157,0.44111812
40,revol_bal,20249.0,-185998.7,-206247.7,-0.0710015
40,revol_util,82.3,252.1604,169.8604,0.19036242
40,total_acc,57.0,-13.430597,-70.430595,-0.40477353
40,initial_list_status,1.0,1.1856434,0.18564343,0.18564343
40,application_type,0.0,0.19197406,0.19197406,0.19197406
40,mort_acc,5.0,-18.736202,-23.736202,-0.46541572
40,pub_rec_bankruptcies,0.0,-0.37577945,-0.37577945,-0.031314954
40,fico_score,682.0,738.3421,56.342102,0.30373102
40,month_of_year,6.0,7.0266285,1.0266285,0.09332985
40,ratio_loan_amnt_annual_inc,0.14718464,-32.379063,-32.52625,-0.10471871
40,ratio_open_acc_total_acc,0.3508772,0.7756674,0.42479023,0.43541
40,month_since_earliest_cr_line,219.0,-225.70172,-444.70172,-0.46178788
40,ratio_pub_rec_month_since_earliest_cr_line,0.0,0.11711265,0.11711265,0.23614518
40,ratio_pub_rec_bankruptcies_month_since_earliest_cr_line,0.0,-0.039438542,-0.039438542,-0.43382394
40,ratio_pub_rec_bankruptcies_pub_rec,-1.0,-1.7149098,-0.7149098,-0.3574549
41,loan_amnt,4750.0,8029.0923,3279.0923,0.08407929
41,term,36.0,42.58584,6.5858383,0.27440992
41,int_rate,14.09,8.922334,-5.1676664,-0.20123315
41,installment,162.56,-652.0175,-814.5775,-0.475
41,sub_grade,9.0,-1.566547,-10.566547,-0.31078082
41,emp_length,4.0,1.4583982,-2.5416017,-0.25416017
41,home_ownership,1.0,3.2302473,2.2302473,0.44604945
41,annual_inc,70000.0,-943990.8,-1.0139908e+06,-0.09218796
41,verification_status,0.0,0.055961855,0.055961855,0.027980927
41,purpose,4.0,-1.7848481,-5.784848,-0.4449883
41,dti,20.46,-218.78569,-239.2457,-0.23924568
41,open_acc,11.0,43.552315,32.552315,0.36575633
41,pub_rec,0.0,9.949883,9.949883,0.11569632
41,revol_bal,4409.0,192225.36,187816.36,0.06465644
41,revol_util,94.8,-163.36708,-258.16708,-0.28932768
41,total_acc,17.0,15.266745,-1.7332554,-0.00996124
41,initial_list_status,1.0,1.3590801,0.35908008,0.35908008
41,application_type,0.0,-0.19743042,-0.19743042,-0.19743042
41,mort_acc,0.0,20.169914,20.169914,0.3954885
41,pub_rec_bankruptcies,0.0,-2.3966343,-2.3966343,-0.19971953
41,fico_score,677.0,708.64575,31.645752,0.17059703
41,month_of_year,6.0,3.588022,-2.411978,-0.21927074
41,ratio_loan_amnt_annual_inc,0.067857146,-63.87718,-63.945034,-0.20587192
41,ratio_open_acc_total_acc,0.64705884,0.2597184,-0.38734046,-0.39702398
41,month_since_earliest_cr_line,143.0,151.99124,8.991241,0.009336695
41,ratio_pub_rec_month_since_earliest_cr_line,0.0,0.07265463,0.07265463,0.14650032
41,ratio_pub_rec_bankruptcies_month_since_earliest_cr_line,0.0,0.021135693,0.021135693,0.23249263
41,ratio_pub_rec_bankruptcies_pub_rec,-1.0,-1.8940499,-0.8940499,-0.44702494
42,loan_amnt,8325.0,17254.307,8929.307,0.2289566
42,term,36.0,39.952347,3.9523468,0.16468112
42,int_rate,18.49,10.835007,-7.654993,-0.29809162
42,installment,303.02,95.63223,-207.38776,-0.120932855
42,sub_grade,16.0,20.92621,4.9262104,0.14488855
42,emp_length,10.0,8.986248,-1.013752,-0.10137522
42,home_ownership,0.0,2.2394443,2.2394443,0.44788885
42,annual_inc,33000.0,361422.72,328422.72,0.029858872
42,verification_status,0.0,0.3049426,0.3049426,0.1524713
42,purpose,0.0,-6.02582,-6.02582,-0.4635246
42,dti,12.36,169.4891,157.1291,0.15712911
42,open_acc,9.0,9.146845,0.14684486,0.0016499385
42,pub_rec,0.0,-30.860605,-30.860605,-0.35884425
42,revol_bal,8202.0,1.1231218e+06,1.1149198e+06,0.38381505
42,revol_util,67.2,472.24585,405.04584,0.4539346
42,total_acc,12.0,5.416156,-6.583844,-0.037838183
42,initial_list_status,1.0,0.535002,-0.464998,-0.464998
42,application_type,0.0,-0.4482986,-0.4482986,-0.4482986
42,mort_acc,1.0,-0.1563015,-1.1563015,-0.022672579
42,pub_rec_bankruptcies,0.0,5.6726537,5.6726537,0.47272113
42,fico_score,662.0,646.0899,-15.910095,-0.08576871
42,month_of_year,6.0,3.8220868,-2.1779132,-0.19799212
42,ratio_loan_amnt_annual_inc,0.25227273,-141.28374,-141.53601,-0.45567712
42,ratio_open_acc_total_acc,0.75,0.80741817,0.057418168,0.058853567
42,month_since_earliest_cr_line,115.0,23.49236,-91.507645,-0.095023505
42,ratio_pub_rec_month_since_earliest_cr_line,0.0,0.1884341,0.1884341,0.37995726
42,ratio_pub_rec_bankruptcies_month_since_earliest_cr_line,0.0,-0.04206857,-0.04206857,-0.46275428
42,ratio_pub_rec_bankruptcies_pub_rec,-1.0,-1.5448344,-0.5448344,-0.2724172
43,loan_amnt,10000.0,15598.665,5598.665,0.1435555
43,term,36.0,44.39914,8.399139,0.34996414
43,int_rate,12.12,17.321106,5.201106,0.2025353
43,installment,332.72,46.978962,-285.74103,-0.16662256
43,sub_grade,7.0,15.057429,8.057429,0.23698322
43,emp_length,0.0,-4.262118,-4.262118,-0.42621177
43,home_ownership,1.0,1.3342057,0.33420575,0.06684114
43,annual_inc,43000.0,1.00599956e+06,962999.56,0.08755205
43,verification_status,0.0,0.2319214,0.2319214,0.1159607
43,purpose,0.0,1.2100761,1.2100761,0.09308278
43,dti,2.68,-150.42577,-153.10576,-0.15310577
43,open_acc,5.0,4.158987,-0.84101295,-0.009449583
43,pub_rec,1.0,38.250706,37.250706,0.43314773
43,revol_bal,4480.0,-912180.2,-916660.2,-0.3155635
43,revol_util,39.6,-148.64073,-188.24072,-0.21096127
43,total_acc,8.0,18.818115,10.818115,0.06217308
43,initial_list_status,1.0,0.525,-0.47500002,-0.47500002
43,application_type,0.0,0.04595514,0.04595514,0.04595514
43,mort_acc,1.0,1.3087867,0.30878675,0.0060546417
43,pub_rec_bankruptcies,0.0,-4.2662945,-4.2662945,-0.35552454
43,fico_score,702.0,698.9051,-3.0949097,-0.016684145
43,month_of_year,6.0,7.0790462,1.0790462,0.09809512
43,ratio_loan_amnt_annual_inc,0.23255815,9.810533,9.577974,0.030836422
43,ratio_open_acc_total_acc,0.625,0.9457556,0.3207556,0.32877445
43,month_since_earliest_cr_line,214.0,234.40724,20.407242,0.021191329
43,ratio_pub_rec_month_since_earliest_cr_line,0.004672897,-0.02403956,-0.028712459,-0.057895612
43,ratio_pub_rec_bankruptcies_month_since_earliest_cr_line,0.0,-0.03955005,-0.03955005,-0.43505055
43,ratio_pub_rec_bankruptcies_pub_rec,0.0,-0.8216008,-0.8216008,-0.4108004
44,loan_amnt,5500.0,16383.513,10883.513,0.27906445
44,term,36.0,34.330124,-1.6698761,-0.06957817
44,int_rate,12.12,23.987444,11.867444,0.46212792
44,installment,183.0,436.1285,253.12851,0.14760542
44,sub_grade,7.0,22.975046,15.975046,0.4698543
44,emp_length,0.0,3.2250266,3.2250266,0.32250267
44,home_ownership,1.0,2.917171,1.917171,0.38343424
44,annual_inc,27000.0,2.0187279e+06,1.9917279e+06,0.18107988
44,verification_status,0.0,-0.27982032,-0.27982032,-0.13991016
44,purpose,8.0,7.5497584,-0.45024157,-0.034633994
44,dti,21.11,187.8503,166.7403,0.1667403
44,open_acc,10.0,9.69375,-0.30624962,-0.003441006
44,pub_rec,0.0,-31.468807,-31.468807,-0.36591637
44,revol_bal,5014.0,269224.12,264210.12,0.090955265
44,revol_util,53.9,95.43946,41.53946,0.046553247
44,total_acc,13.0,16.465158,3.4651585,0.019914702
44,initial_list_status,1.0,1.3166707,0.31667066,0.31667066
44,application_type,0.0,-0.16433032,-0.16433032,-0.16433032
44,mort_acc,0.0,20.212751,20.212751,0.39632845
44,pub_rec_bankruptcies,0.0,-0.78613377,-0.78613377,-0.065511145
44,fico_score,697.0,644.9858,-52.01422,-0.28040013
44,month_of_year,6.0,4.115668,-1.8843322,-0.17130294
44,ratio_loan_amnt_annual_inc,0.2037037,-2.9078925,-3.111596,-0.010017827
44,ratio_open_acc_total_acc,0.7692308,1.1611875,0.39195675,0.40175563
44,month_since_earliest_cr_line,71.0,-273.18677,-344.18677,-0.357411
44,ratio_pub_rec_month_since_earliest_cr_line,0.0,-0.07285906,-0.07285906,-0.14691252
44,ratio_pub_rec_bankruptcies_month_since_earliest_cr_line,0.0,0.027609756,0.027609756,0.3037073
44,ratio_pub_rec_bankruptcies_pub_rec,-1.0,-1.0548861,-0.054886103,-0.027443051
45,loan_amnt,5400.0,11439.429,6039.4287,0.15485716
45,term,36.0,45.573246,9.573246,0.39888525
45,int_rate,6.62,4.5986533,-2.0213466,-0.078712866
45,installment,165.8,-74.025505,-239.8255,-0.1398481
45,sub_grade,1.0,14.140154,13.140154,0.38647512
45,emp_length,3.0,2.2676105,-0.73238945,-0.073238954
45,home_ownership,0.0,-1.819287,-1.819287,-0.3638574
45,annual_inc,120000.0,1.6406526e+06,1.5206526e+06,0.13825162
45,verification_status,1.0,1.9367797,0.93677974,0.46838987
45,purpose,0.0,2.2467523,2.2467523,0.1728271
45,dti,6.77,37.18559,30.415588,0.030415589
45,open_acc,11.0,12.730634,1.7306337,0.019445315
45,pub_rec,0.0,3.7832766,3.7832766,0.043991588
45,revol_bal,2247.0,-990880.0,-993127.0,-0.34188747
45,revol_util,12.1,-403.05035,-415.15036,-0.46525875
45,total_acc,18.0,32.905014,14.905014,0.085660994
45,initial_list_status,1.0,0.627422,-0.37257802,-0.37257802
45,application_type,0.0,0.1093027,0.1093027,0.1093027
45,mort_acc,0.0,14.843896,14.843896,0.29105678
45,pub_rec_bankruptcies,0.0,-0.27915668,-0.27915668,-0.023263058
45,fico_score,762.0,750.4635,-11.536499,-0.062191337
45,month_of_year,6.0,6.7869587,0.7869587,0.07154167
45,ratio_loan_amnt_annual_inc,0.045,-15.710391,-15.755391,-0.0507247
45,ratio_open_acc_total_acc,0.6111111,0.7518444,0.1407333,0.14425164
45,month_since_earliest_cr_line,108.0,173.81358,65.81358,0.06834225
45,ratio_pub_rec_month_since_earliest_cr_line,0.0,0.09241189,0.09241189,0.18633872
45,ratio_pub_rec_bankruptcies_month_since_earliest_cr_line,0.0,0.021774648,0.021774648,0.23952112
45,ratio_pub_rec_bankruptcies_pub_rec,-1.0,-1.885426,-0.88542604,-0.44271302
46,loan_amnt,5200.0,3935.3052,-1264.6948,-0.03242807
46,term,36.0,44.942993,8.942993,0.37262473
46,int_rate,15.81,23.969309,8.159308,0.31773013
46,installment,182.33,519.00323,336.67322,0.19632235
46,sub_grade,13.0,17.697634,4.6976337,0.13816571
46,emp_length,3.0,3.235877,0.23587704,0.023587704
46,home_ownership,1.0,3.2045288,2.2045288,0.44090575
46,annual_inc,31582.0,-4.1708658e+06,-4.202448e+06,-0.38206962
46,verification_status,0.0,-0.80364585,-0.80364585,-0.40182292
46,purpose,4.0,-2.1749997,-6.1749997,-0.475
46,dti,16.49,462.51553,446.02554,0.44602552
46,open_acc,10.0,-20.9919,-30.9919,-0.3482236
46,pub_rec,1.0,-11.068325,-12.068325,-0.14032936
46,revol_bal,7276.0,-836184.3,-843460.3,-0.29036418
46,revol_util,47.2,70.1995,22.9995,0.025775526
46,total_acc,40.0,19.045708,-20.954292,-0.12042697
46,initial_list_status,1.0,1.398346,0.39834595,0.39834595
46,application_type,0.0,0.46630937,0.46630937,0.46630937
46,mort_acc,0.0,4.521034,4.521034,0.08864772
46,pub_rec_bankruptcies,1.0,1.7983983,0.79839826,0.066533186
46,fico_score,662.0,739.78577,77.78577,0.41933027
46,month_of_year,6.0,10.522888,4.522888,0.41117162
46,ratio_loan_amnt_annual_inc,0.16465075,136.55898,136.39432,0.43912342
46,ratio_open_acc_total_acc,0.25,0.39214113,0.14214113,0.14569464
46,month_since_earliest_cr_line,134.0,539.97577,405.97577,0.421574
46,ratio_pub_rec_month_since_earliest_cr_line,0.0074626864,0.018549243,0.011086557,0.022354858
46,ratio_pub_rec_bankruptcies_month_since_earliest_cr_line,0.0074626864,-0.013058671,-0.020521358,-0.22573492
46,ratio_pub_rec_bankruptcies_pub_rec,1.0,1.5622678,0.5622678,0.2811339
47,loan_amnt,16000.0,27114.094,11114.094,0.28497675
47,term,36.0,43.05173,7.051731,0.29382214
47,int_rate,8.9,9.415714,0.51571465,0.02008234
47,installment,508.06,-89.45734,-597.51733,-0.3484269
47,sub_grade,4.0,19.102024,15.102024,0.4441772
47,emp_length,10.0,12.756157,2.756157,0.2756157
47,home_ownership,0.0,1.2794471,1.2794471,0.25588942
47,annual_inc,72000.0,2.359157e+06,2.287157e+06,0.2079391
47,verification_status,2.0,1.4752599,-0.5247401,-0.26237005
47,purpose,0.0,2.1322746,2.1322746,0.16402112
47,dti,18.44,-90.95574,-109.395744,-0.10939574
47,open_acc,14.0,11.655206,-2.3447943,-0.026345998
47,pub_rec,0.0,-34.686596,-34.686596,-0.4033325
47,revol_bal,5300.0,-990927.0,-996227.0,-0.34295467
47,revol_util,44.2,-159.06927,-203.26927,-0.22780375
47,total_acc,39.0,32.15432,-6.84568,-0.039343
47,initial_list_status,1.0,0.8728167,-0.12718332,-0.12718332
47,application_type,0.0,-0.035749752,-0.035749752,-0.035749752
47,mort_acc,2.0,14.996147,12.996147,0.25482643
47,pub_rec_bankruptcies,0.0,-1.5069613,-1.5069613,-0.12558012
47,fico_score,737.0,688.16864,-48.83136,-0.26324183
47,month_of_year,6.0,11.040587,5.0405874,0.4582352
47,ratio_loan_amnt_annual_inc,0.22222222,-71.49237,-71.71459,-0.23088612
47,ratio_open_acc_total_acc,0.35897437,0.6319001,0.2729257,0.2797489
47,month_since_earliest_cr_line,222.0,206.35352,-15.646484,-0.016247645
47,ratio_pub_rec_month_since_earliest_cr_line,0.0,-0.06233393,-0.06233393,-0.12568973
47,ratio_pub_rec_bankruptcies_month_since_earliest_cr_line,0.0,0.019611374,0.019611374,0.21572511
47,ratio_pub_rec_bankruptcies_pub_rec,-1.0,-1.8965647,-0.8965647,-0.44828236
48,loan_amnt,29700.0,48007.914,18307.914,0.46943367
48,term,36.0,34.150597,-1.8494034,-0.07705847
48,int_rate,14.65,8.609301,-6.040699,-0.23522972
48,installment,1024.48,949.0551,-75.424866,-0.04398209
48,sub_grade,11.0,16.383917,5.383917,0.1583505
48,emp_length,5.0,0.25000006,-4.75,-0.475
48,home_ownership,0.0,1.7951951,1.7951951,0.359039
48,annual_inc,60000.0,394631.16,334631.16,0.030423317
48,verification_status,2.0,2.4236293,0.42362928,0.21181464
48,purpose,0.0,-2.9770296,-2.9770296,-0.22900227
48,dti,21.02,-178.76654,-199.78654,-0.19978654
48,open_acc,5.0,34.90276,29.90276,0.33598608
48,pub_rec,0.0,-23.885475,-23.885475,-0.2777381
48,revol_bal,25346.0,-1.0612442e+06,-1.0865902e+06,-0.37406254
48,revol_util,83.7,-36.72531,-120.42531,-0.13496056
48,total_acc,15.0,95.53129,80.53129,0.4628235
48,initial_list_status,1.0,1.0624869,0.062486887,0.062486887
48,application_type,0.0,0.06798944,0.06798944,0.06798944
48,mort_acc,2.0,-12.574227,-14.574227,-0.28576916
48,pub_rec_bankruptcies,0.0,4.0632343,4.0632343,0.33860287
48,fico_score,712.0,687.6111,-24.388916,-0.13147663
48,month_of_year,6.0,1.2903994,-4.7096004,-0.42814553
48,ratio_loan_amnt_annual_inc,0.495,-19.466728,-19.96173,-0.06426706
48,ratio_open_acc_total_acc,0.33333334,0.78519577,0.45186242,0.46315902
48,month_since_earliest_cr_line,123.0,-48.279663,-171.27966,-0.1778605
48,ratio_pub_rec_month_since_earliest_cr_line,0.0,-0.18989947,-0.18989947,-0.38291204
48,ratio_pub_rec_bankruptcies_month_since_earliest_cr_line,0.0,0.043181818,0.043181818,0.475
48,ratio_pub_rec_bankruptcies_pub_rec,-1.0,-1.4305856,-0.43058562,-0.21529281
49,loan_amnt,27850.0,21436.516,-6413.4844,-0.16444832
49,term,60.0,48.882137,-11.117863,-0.46324426
49,int_rate,20.99,28.703754,7.7137547,0.30037987
49,installment,753.28,500.13577,-253.14426,-0.14761457
49,sub_grade,22.0,37.7097,15.709702,0.46205008
49,emp_length,3.0,6.8090725,3.8090725,0.38090724
49,home_ownership,1.0,1.5261096,0.5261096,0.10522191
49,annual_inc,60000.0,-971221.6,-1.0312216e+06,-0.093754515
49,verification_status,2.0,2.6908336,0.69083357,0.34541678
49,purpose,0.0,-1.6672695,-1.6672695,-0.1282515
49,dti,29.82,-243.6685,-273.4885,-0.27348852
49,open_acc,19.0,4.5196285,-14.480371,-0.1627008
49,pub_rec,0.0,-6.714696,-6.714696,-0.07807786
49,revol_bal,22766.0,409472.53,386706.53,0.13312508
49,revol_util,70.7,-62.163315,-132.86331,-0.14889982
49,total_acc,31.0,-47.384266,-78.38426,-0.45048428
49,initial_list_status,1.0,1.2232463,0.22324634,0.22324634
49,application_type,0.0,0.26215738,0.26215738,0.26215738
49,mort_acc,0.0,22.957,22.957,0.45013726
49,pub_rec_bankruptcies,0.0,-2.2527366,-2.2527366,-0.18772805
49,fico_score,692.0,738.01184,46.01184,0.24804226
49,month_of_year,6.0,8.498276,2.4982758,0.22711599
49,ratio_loan_amnt_annual_inc,0.46416667,-0.39849916,-0.86266583,-0.0027773646
49,ratio_open_acc_total_acc,0.61290324,1.0643708,0.4514675,0.46275425
49,month_since_earliest_cr_line,203.0,120.79796,-82.20204,-0.08536038
49,ratio_pub_rec_month_since_earliest_cr_line,0.0,-0.14682929,-0.14682929,-0.29606563
49,ratio_pub_rec_bankruptcies_month_since_earliest_cr_line,0.0,0.037347645,0.037347645,0.4108241
49,ratio_pub_rec_bankruptcies_pub_rec,-1.0,-0.75928396,0.24071604,0.12035802
50,loan_amnt,7000.0,-11524.999,-18525.0,-0.47499996
50,term,36.0,42.879677,6.879677,0.2866532
50,int_rate,13.99,7.0871587,-6.902841,-0.26880223
50,installment,239.21,-67.27091,-306.48093,-0.1787165
50,sub_grade,10.0,25.184494,15.184494,0.44660273
50,emp_length,6.0,6.2070107,0.20701075,0.02070105
50,home_ownership,1.0,2.2451847,1.2451847,0.24903692
50,annual_inc,62000.0,-684221.06,-746221.06,-0.067843415
50,verification_status,2.0,1.3426561,-0.65734386,-0.32867193
50,purpose,0.0,-4.4081526,-4.4081526,-0.33908865
50,dti,13.51,301.10507,287.59506,0.28759506
50,open_acc,7.0,42.24197,35.24197,0.3959772
50,pub_rec,0.0,-7.146152,-7.146152,-0.08309479
50,revol_bal,6141.0,1.25578e+06,1.249639e+06,0.43019262
50,revol_util,69.0,-314.96075,-383.96075,-0.43030456
50,total_acc,9.0,-13.543208,-22.54321,-0.12955867
50,initial_list_status,1.0,1.1542977,0.15429771,0.15429771
50,application_type,0.0,-0.475,-0.475,-0.475
50,mort_acc,0.0,7.352092,7.352092,0.14415866
50,pub_rec_bankruptcies,0.0,-5.2445188,-5.2445188,-0.43704322
50,fico_score,682.0,691.31055,9.310547,0.050191626
50,month_of_year,6.0,4.479885,-1.5201149,-0.13819227
50,ratio_loan_amnt_annual_inc,0.11290322,8.630732,8.517828,0.027423266
50,ratio_open_acc_total_acc,0.7777778,0.6851605,-0.09261727,-0.094932675
50,month_since_earliest_cr_line,42.0,167.0529,125.0529,0.12985763
50,ratio_pub_rec_month_since_earliest_cr_line,0.0,0.004841805,0.004841805,0.009762984
50,ratio_pub_rec_bankruptcies_month_since_earliest_cr_line,0.0,-0.025751159,-0.025751159,-0.28326273
50,ratio_pub_rec_bankruptcies_pub_rec,-1.0,-1.1263268,-0.1263268,-0.0631634
51,loan_amnt,35000.0,35937.84,937.83984,0.024047196
51,term,60.0,61.57881,1.5788116,0.06578386
51,int_rate,12.12,11.835036,-0.2849636,-0.011096716
51,installment,780.68,1240.8434,460.1634,0.26833248
51,sub_grade,7.0,11.302261,4.3022614,0.1265371
51,emp_length,10.0,7.060247,-2.939753,-0.2939753
51,home_ownership,0.0,-0.29628843,-0.29628843,-0.059257686
51,annual_inc,125000.0,3.249592e+06,3.124592e+06,0.28407532
51,verification_status,2.0,2.6996284,0.69962835,0.34981418
51,purpose,12.0,15.102162,3.1021624,0.23862785
51,dti,25.36,-101.92397,-127.28397,-0.12728398
51,open_acc,10.0,10.012587,0.012586594,0.00014142692
51,pub_rec,0.0,20.970375,20.970375,0.24384157
51,revol_bal,142098.0,-331548.66,-473646.66,-0.16305453
51,revol_util,61.6,285.70825,224.10825,0.25115797
51,total_acc,25.0,79.16762,54.167618,0.31130815
51,initial_list_status,1.0,1.440489,0.44048905,0.44048905
51,application_type,0.0,-0.040117554,-0.040117554,-0.040117554
51,mort_acc,4.0,-10.42167,-14.42167,-0.28277785
51,pub_rec_bankruptcies,0.0,4.2759047,4.2759047,0.3563254
51,fico_score,757.0,813.2477,56.24768,0.303222
51,month_of_year,6.0,9.143312,3.1433125,0.28575563
51,ratio_loan_amnt_annual_inc,0.28,144.56325,144.28325,0.4645219
51,ratio_open_acc_total_acc,0.4,0.47791004,0.077910036,0.0798578
51,month_since_earliest_cr_line,359.0,42.90728,-316.0927,-0.3282375
51,ratio_pub_rec_month_since_earliest_cr_line,0.0,-0.0017559464,-0.0017559464,-0.0035406789
51,ratio_pub_rec_bankruptcies_month_since_earliest_cr_line,0.0,0.033940908,0.033940908,0.37334996
51,ratio_pub_rec_bankruptcies_pub_rec,-1.0,-1.745874,-0.74587405,-0.37293702
52,loan_amnt,10000.0,25185.727,15185.727,0.3893776
52,term,36.0,26.53522,-9.464781,-0.39436588
52,int_rate,9.76,2.1384835,-7.6215167,-0.29678804
52,installment,321.55,72.91177,-248.63821,-0.144987
52,sub_grade,5.0,14.660385,9.660385,0.28412896
52,emp_length,10.0,8.617559,-1.3824406,-0.13824403
52,home_ownership,2.0,3.9543386,1.9543386,0.39086768
52,annual_inc,40000.0,-2.598416e+06,-2.638416e+06,-0.23987415
52,verification_status,2.0,1.4891354,-0.5108646,-0.2554323
52,purpose,4.0,1.8322847,-2.1677153,-0.16674735
52,dti,30.09,-415.0861,-445.1761,-0.4451761
52,open_acc,11.0,-5.965867,-16.965866,-0.19062772
52,pub_rec,0.0,4.956255,4.956255,0.05763087
52,revol_bal,19631.0,1.3994281e+06,1.3797971e+06,0.47500002
52,revol_util,84.9,-224.63678,-309.53677,-0.34689766
52,total_acc,25.0,92.02483,67.02483,0.3852002
52,initial_list_status,1.0,0.66511333,-0.33488667,-0.33488667
52,application_type,0.0,0.3640308,0.3640308,0.3640308
52,mort_acc,0.0,-7.266206,-7.266206,-0.14247462
52,pub_rec_bankruptcies,0.0,4.690163,4.690163,0.39084694
52,fico_score,712.0,777.86206,65.86206,0.35505155
52,month_of_year,6.0,9.167661,3.1676607,0.2879691
52,ratio_loan_amnt_annual_inc,0.25,-10.541337,-10.791337,-0.034742862
52,ratio_open_acc_total_acc,0.44,0.8864227,0.4464227,0.45758328
52,month_since_earliest_cr_line,252.0,57.804836,-194.19516,-0.20165645
52,ratio_pub_rec_month_since_earliest_cr_line,0.0,0.20600675,0.20600675,0.41539067
52,ratio_pub_rec_bankruptcies_month_since_earliest_cr_line,0.0,-0.032766856,-0.032766856,-0.3604354
52,ratio_pub_rec_bankruptcies_pub_rec,-1.0,-1.7615342,-0.7615342,-0.3807671
53,loan_amnt,17000.0,33492.234,16492.234,0.42287782
53,term,36.0,25.291584,-10.708416,-0.446184
53,int_rate,13.11,10.670919,-2.4390802,-0.09497975
53,installment,573.7,1183.5814,609.8814,0.35563666
53,sub_grade,8.0,5.4828405,-2.5171595,-0.07403411
53,emp_length,7.0,9.774511,2.7745113,0.27745116
53,home_ownership,1.0,2.2020319,1.2020319,0.24040638
53,annual_inc,61000.0,43919.477,-17080.523,-0.0015528924
53,verification_status,0.0,-0.7594186,-0.7594186,-0.3797093
53,purpose,0.0,-1.4298588,-1.4298588,-0.10998914
53,dti,16.92,-331.1373,-348.0573,-0.3480573
53,open_acc,10.0,27.324293,17.324293,0.19465497
53,pub_rec,0.0,-35.320885,-35.320885,-0.41070795
53,revol_bal,8890.0,1.3490842e+06,1.3401942e+06,0.4613666
53,revol_util,49.7,253.36728,203.66728,0.22824979
53,total_acc,16.0,44.808956,28.808956,0.16556871
53,initial_list_status,1.0,1.1961422,0.1961422,0.1961422
53,application_type,0.0,-0.1827848,-0.1827848,-0.1827848
53,mort_acc,0.0,-22.128963,-22.128963,-0.43390125
53,pub_rec_bankruptcies,0.0,-0.95894897,-0.95894897,-0.07991242
53,fico_score,692.0,758.5674,66.56738,0.3588538
53,month_of_year,6.0,4.0809374,-1.9190626,-0.17446026
53,ratio_loan_amnt_annual_inc,0.27868852,4.4809375,4.202249,0.013529198
53,ratio_open_acc_total_acc,0.625,1.0884147,0.46341467,0.47500002
53,month_since_earliest_cr_line,83.0,-320.19504,-403.19504,-0.41868642
53,ratio_pub_rec_month_since_earliest_cr_line,0.0,-0.1614851,-0.1614851,-0.3256175
53,ratio_pub_rec_bankruptcies_month_since_earliest_cr_line,0.0,0.014173987,0.014173987,0.15591386
53,ratio_pub_rec_bankruptcies_pub_rec,-1.0,-1.0325649,-0.03256488,-0.01628244
54,loan_amnt,10375.0,-6081.24,-16456.24,-0.42195487
54,term,60.0,71.2664,11.266403,0.46943343
54,int_rate,21.0,28.238636,7.238636,0.28187835
54,installment,280.68,419.96188,139.28189,0.08121866
54,sub_grade,21.0,36.866116,15.866116,0.4666505
54,emp_length,10.0,10.466641,0.46664143,0.04666412
54,home_ownership,0.0,-0.3161386,-0.3161386,-0.06322772
54,annual_inc,52220.0,2.8018345e+06,2.7496145e+06,0.24998389
54,verification_status,2.0,1.4229844,-0.57701564,-0.28850782
54,purpose,5.0,2.072607,-2.927393,-0.22518408
54,dti,22.7,-425.19083,-447.89084,-0.44789082
54,open_acc,11.0,35.708275,24.708275,0.27762106
54,pub_rec,0.0,37.552563,37.552563,0.4366577
54,revol_bal,2721.0,-983355.5,-986076.5,-0.3394603
54,revol_util,61.8,-324.0521,-385.85208,-0.4324242
54,total_acc,29.0,59.90879,30.90879,0.17763674
54,initial_list_status,1.0,0.53440654,-0.46559346,-0.46559346
54,application_type,0.0,-0.4649806,-0.4649806,-0.4649806
54,mort_acc,8.0,21.192408,13.192408,0.25867468
54,pub_rec_bankruptcies,0.0,-0.95497096,-0.95497096,-0.07958091
54,fico_score,662.0,610.2779,-51.722107,-0.27882537
54,month_of_year,6.0,9.133643,3.1336432,0.28487664
54,ratio_loan_amnt_annual_inc,0.19867867,143.48038,143.2817,0.46129742
54,ratio_open_acc_total_acc,0.37931034,0.74882936,0.36951903,0.37875706
54,month_since_earliest_cr_line,214.0,212.38069,-1.6193085,-0.0016815215
54,ratio_pub_rec_month_since_earliest_cr_line,0.0,-0.03868176,-0.03868176,-0.07799765
54,ratio_pub_rec_bankruptcies_month_since_earliest_cr_line,0.0,0.042775933,0.042775933,0.47053525
54,ratio_pub_rec_bankruptcies_pub_rec,-1.0,-1.8781043,-0.8781043,-0.43905216
55,loan_amnt,9600.0,24103.703,14503.703,0.37188983
55,term,36.0,41.090385,5.0903854,0.21209939
55,int_rate,11.14,10.10647,-1.0335302,-0.0402465
55,installment,314.93,1129.5074,814.57745,0.47499996
55,sub_grade,6.0,20.251162,14.251162,0.41915184
55,emp_length,10.0,8.75036,-1.2496405,-0.12496406
55,home_ownership,1.0,2.0262623,1.0262623,0.20525245
55,annual_inc,34000.0,-426178.94,-460178.94,-0.041837618
55,verification_status,0.0,-0.9107918,-0.9107918,-0.4553959
55,purpose,5.0,-1.1749998,-6.1749997,-0.475
55,dti,7.94,-91.07251,-99.01251,-0.09901251
55,open_acc,6.0,27.416754,21.416754,0.24063767
55,pub_rec,0.0,-5.5491757,-5.5491757,-0.0645253
55,revol_bal,6440.0,1.1826071e+06,1.1761671e+06,0.40489966
55,revol_util,17.8,-117.15632,-134.95631,-0.15124546
55,total_acc,7.0,-18.260475,-25.260475,-0.14517514
55,initial_list_status,1.0,1.3803043,0.38030434,0.38030434
55,application_type,0.0,0.47056982,0.47056982,0.47056982
55,mort_acc,0.0,14.460976,14.460976,0.28354853
55,pub_rec_bankruptcies,0.0,1.1063982,1.1063982,0.092199855
55,fico_score,722.0,711.0735,-10.926514,-0.05890304
55,month_of_year,6.0,2.214874,-3.785126,-0.34410238
55,ratio_loan_amnt_annual_inc,0.28235295,-6.967107,-7.2494597,-0.023339737
55,ratio_open_acc_total_acc,0.85714287,1.3092136,0.45207077,0.4633726
55,month_since_earliest_cr_line,93.0,270.86276,177.86276,0.18469653
55,ratio_pub_rec_month_since_earliest_cr_line,0.0,-0.22184855,-0.22184855,-0.44733396
55,ratio_pub_rec_bankruptcies_month_since_earliest_cr_line,0.0,0.011070953,0.011070953,0.12178048
55,ratio_pub_rec_bankruptcies_pub_rec,-1.0,-1.3295418,-0.3295418,-0.1647709
56,loan_amnt,2275.0,17098.953,14823.953,0.38010135
56,term,36.0,38.359028,2.3590279,0.09829283
56,int_rate,14.33,9.381804,-4.9481955,-0.19268675
56,installment,78.12,576.2958,498.17578,0.29049847
56,sub_grade,10.0,9.350225,-0.64977455,-0.019111037
56,emp_length,1.0,-2.0439732,-3.0439732,-0.3043973
56,home_ownership,1.0,0.8617786,-0.13822138,-0.027644277
56,annual_inc,24000.0,1.3985811e+06,1.3745811e+06,0.12497139
56,verification_status,0.0,0.89586866,0.89586866,0.44793433
56,purpose,0.0,6.1749997,6.1749997,0.47499996
56,dti,30.0,-157.31052,-187.31052,-0.18731052
56,open_acc,8.0,49.779594,41.779594,0.46943364
56,pub_rec,0.0,15.805121,15.805121,0.18378048
56,revol_bal,22131.0,-766650.94,-788781.94,-0.27154094
56,revol_util,76.3,-243.11224,-319.41223,-0.35796508
56,total_acc,11.0,91.030975,80.030975,0.45994812
56,initial_list_status,1.0,1.3891643,0.38916433,0.38916433
56,application_type,0.0,-0.22968836,-0.22968836,-0.22968836
56,mort_acc,0.0,20.333374,20.333374,0.39869362
56,pub_rec_bankruptcies,0.0,-5.281272,-5.281272,-0.440106
56,fico_score,677.0,612.92993,-64.07007,-0.3453912
56,month_of_year,6.0,10.80978,4.80978,0.4372527
56,ratio_loan_amnt_annual_inc,0.094791666,-35.67575,-35.770542,-0.11516376
56,ratio_open_acc_total_acc,0.72727275,0.5955981,-0.13167465,-0.1349665
56,month_since_earliest_cr_line,167.0,534.0398,367.0398,0.38114202
56,ratio_pub_rec_month_since_earliest_cr_line,0.0,-0.21863125,-0.21863125,-0.44084662
56,ratio_pub_rec_bankruptcies_month_since_earliest_cr_line,0.0,0.0052426932,0.0052426932,0.057669625
56,ratio_pub_rec_bankruptcies_pub_rec,-1.0,-0.7181211,0.2818789,0.14093944
57,loan_amnt,6200.0,-6953.1724,-13153.172,-0.33726084
57,term,36.0,27.18544,-8.81456,-0.36727333
57,int_rate,12.12,10.136469,-1.983531,-0.0772403
57,installment,206.29,-454.29407,-660.58405,-0.38520268
57,sub_grade,7.0,-4.759477,-11.759478,-0.34586698
57,emp_length,4.0,7.048149,3.048149,0.3048149
57,home_ownership,0.0,1.6123245,1.6123245,0.32246488
57,annual_inc,73000.0,1.8498311e+06,1.7768311e+06,0.16154234
57,verification_status,1.0,0.9783743,-0.021625698,-0.010812849
57,purpose,3.0,-2.1176713,-5.117671,-0.39366704
57,dti,9.93,174.10194,164.17194,0.16417195
57,open_acc,9.0,-19.90192,-28.90192,-0.32474068
57,pub_rec,0.0,-2.3568332,-2.3568332,-0.027405037
57,revol_bal,7659.0,-226775.84,-234434.84,-0.080705024
57,revol_util,66.6,107.19617,40.59617,0.0454961
57,total_acc,11.0,-20.79779,-31.79779,-0.18274592
57,initial_list_status,1.0,1.4371462,0.4371462,0.4371462
57,application_type,0.0,0.23539472,0.23539472,0.23539472
57,mort_acc,0.0,11.727481,11.727481,0.2299506
57,pub_rec_bankruptcies,0.0,2.9759037,2.9759037,0.24799198
57,fico_score,677.0,692.9392,15.939209,0.08592565
57,month_of_year,6.0,3.0514946,-2.9485054,-0.26804596
57,ratio_loan_amnt_annual_inc,0.08493151,-128.87857,-128.9635,-0.4151998
57,ratio_open_acc_total_acc,0.8181818,1.0726951,0.25451332,0.26087612
57,month_since_earliest_cr_line,118.0,179.6218,61.621796,0.0639894
57,ratio_pub_rec_month_since_earliest_cr_line,0.0,-0.04273235,-0.04273235,-0.08616523
57,ratio_pub_rec_bankruptcies_month_since_earliest_cr_line,0.0,0.029820357,0.029820357,0.3280239
57,ratio_pub_rec_bankruptcies_pub_rec,-1.0,-1.8883376,-0.8883376,-0.4441688
58,loan_amnt,25000.0,12497.845,-12502.155,-0.3205681
58,term,60.0,70.57245,10.572449,0.44051874
58,int_rate,23.76,12.784468,-10.975533,-0.42739612
58,installment,715.73,1245.0059,529.2759,0.30863363
58,sub_grade,28.0,31.395666,3.3956661,0.09987253
58,emp_length,10.0,5.69562,-4.30438,-0.43043798
58,home_ownership,0.0,1.9090163,1.9090163,0.38180324
58,annual_inc,80000.0,2.4266292e+06,2.3466292e+06,0.2133461
58,verification_status,2.0,2.4145894,0.4145894,0.2072947
58,purpose,0.0,0.84976923,0.84976923,0.065366864
58,dti,18.51,117.9861,99.4761,0.0994761
58,open_acc,11.0,-25.987474,-36.987473,-0.4155896
58,pub_rec,0.0,-24.118427,-24.118427,-0.28044683
58,revol_bal,20906.0,542299.6,521393.62,0.1794916
58,revol_util,91.3,388.83005,297.53003,0.33344173
58,total_acc,39.0,22.789242,-16.210758,-0.09316528
58,initial_list_status,1.0,0.99076605,-0.009233952,-0.009233952
58,application_type,0.0,0.30129424,0.30129424,0.30129424
58,mort_acc,2.0,2.063395,0.06339502,0.00124304
58,pub_rec_bankruptcies,0.0,0.45293203,0.45293203,0.037744336
58,fico_score,677.0,738.84973,61.84973,0.3334217
58,month_of_year,6.0,6.801184,0.8011842,0.07283491
58,ratio_loan_amnt_annual_inc,0.3125,142.62456,142.31206,0.45817566
58,ratio_open_acc_total_acc,0.2820513,0.53619796,0.25414667,0.26050037
58,month_since_earliest_cr_line,145.0,193.93802,48.93802,0.050818294
58,ratio_pub_rec_month_since_earliest_cr_line,0.0,-0.027286943,-0.027286943,-0.05502121
58,ratio_pub_rec_bankruptcies_month_since_earliest_cr_line,0.0,-0.04105843,-0.04105843,-0.4516427
58,ratio_pub_rec_bankruptcies_pub_rec,-1.0,-1.8002927,-0.80029273,-0.40014637
59,loan_amnt,8650.0,20475.615,11825.615,0.3032209
59,term,36.0,39.35899,3.3589897,0.1399579
59,int_rate,17.77,25.176592,7.4065914,0.28841868
59,installment,311.73,837.89197,526.162,0.30681786
59,sub_grade,15.0,21.035343,6.035343,0.17751008
59,emp_length,9.0,8.83304,-0.16695976,-0.016695976
59,home_ownership,1.0,1.6364589,0.6364589,0.12729178
59,annual_inc,62000.0,4.0352842e+06,3.9732842e+06,0.361235
59,verification_status,0.0,0.12993522,0.12993522,0.06496761
59,purpose,0.0,3.6449661,3.6449661,0.280382
59,dti,17.42,198.39096,180.97096,0.18097097
59,open_acc,10.0,-20.72072,-30.72072,-0.34517664
59,pub_rec,0.0,30.057587,30.057587,0.34950683
59,revol_bal,12434.0,-498623.44,-511057.44,-0.17593332
59,revol_util,60.1,-90.57703,-150.67703,-0.16886365
59,total_acc,19.0,96.288376,77.288376,0.4441861
59,initial_list_status,1.0,0.8620724,-0.13792759,-0.13792759
59,application_type,0.0,-0.073459424,-0.073459424,-0.073459424
59,mort_acc,0.0,5.5491834,5.5491834,0.10880752
59,pub_rec_bankruptcies,0.0,5.583105,5.583105,0.46525875
59,fico_score,662.0,612.86884,-49.131165,-0.26485804
59,month_of_year,7.0,8.584262,1.5842619,0.14402384
59,ratio_loan_amnt_annual_inc,0.13951613,-32.766342,-32.905857,-0.10594087
59,ratio_open_acc_total_acc,0.5263158,0.9815844,0.45526862,0.4666503
59,month_since_earliest_cr_line,166.0,-109.82654,-275.82654,-0.28642422
59,ratio_pub_rec_month_since_earliest_cr_line,0.0,0.114691496,0.114691496,0.23126318
59,ratio_pub_rec_bankruptcies_month_since_earliest_cr_line,0.0,-0.027270129,-0.027270129,-0.2999714
59,ratio_pub_rec_bankruptcies_pub_rec,-1.0,-1.3750856,-0.3750856,-0.1875428
60,loan_amnt,4800.0,-5491.215,-10291.215,-0.2638773
60,term,36.0,36.097645,0.097644806,0.0040685334
60,int_rate,6.62,4.068557,-2.551443,-0.09935526
60,installment,147.38,582.3765,434.99652,0.25365707
60,sub_grade,1.0,15.917183,14.917183,0.43874067
60,emp_length,4.0,6.54811,2.54811,0.25481102
60,home_ownership,0.0,1.9084384,1.9084384,0.3816877
60,annual_inc,100000.0,1.0959258e+06,995925.75,0.09054556
60,verification_status,0.0,-0.35707155,-0.35707155,-0.17853577
60,purpose,0.0,-2.1700883,-2.1700883,-0.16692987
60,dti,2.95,-461.7051,-464.65512,-0.4646551
60,open_acc,12.0,44.878624,32.878624,0.36942273
60,pub_rec,0.0,9.305387,9.305387,0.10820217
60,revol_bal,9838.0,1.3344596e+06,1.3246216e+06,0.45600566
60,revol_util,26.1,-96.72789,-122.82789,-0.13765313
60,total_acc,17.0,-56.899345,-73.899345,-0.4247089
60,initial_list_status,1.0,0.6523742,-0.3476258,-0.3476258
60,application_type,0.0,0.36698893,0.36698893,0.36698893
60,mort_acc,1.0,-23.225,-24.225,-0.475
60,pub_rec_bankruptcies,0.0,-0.8451389,-0.8451389,-0.070428245
60,fico_score,737.0,783.71924,46.71924,0.25185573
60,month_of_year,7.0,11.544638,4.5446377,0.41314888
60,ratio_loan_amnt_annual_inc,0.048,-145.37947,-145.42747,-0.46820575
60,ratio_open_acc_total_acc,0.7058824,0.74601436,0.040131986,0.04113531
60,month_since_earliest_cr_line,64.0,173.06151,109.06151,0.113251835
60,ratio_pub_rec_month_since_earliest_cr_line,0.0,0.20234066,0.20234066,0.40799838
60,ratio_pub_rec_bankruptcies_month_since_earliest_cr_line,0.0,-0.0415322,-0.0415322,-0.4568542
60,ratio_pub_rec_bankruptcies_pub_rec,-1.0,-1.7253819,-0.72538185,-0.36269093
61,loan_amnt,28500.0,45764.742,17264.742,0.44268572
61,term,60.0,66.58888,6.5888824,0.27453673
61,int_rate,15.8,7.486067,-8.313933,-0.32375127
61,installment,690.04,49.890877,-640.1491,-0.37328655
61,sub_grade,12.0,21.854984,9.854984,0.28985247
61,emp_length,10.0,13.884501,3.8845015,0.38845015
61,home_ownership,0.0,-0.6973412,-0.6973412,-0.13946824
61,annual_inc,148000.0,1.8425656e+06,1.6945656e+06,0.15406309
61,verification_status,2.0,1.3286347,-0.67136526,-0.33568263
61,purpose,4.0,8.494202,4.4942017,0.3457078
61,dti,18.9,-391.62936,-410.52936,-0.41052935
61,open_acc,17.0,31.460943,14.460943,0.16248251
61,pub_rec,0.0,-14.687272,-14.687272,-0.17078224
61,revol_bal,41792.0,104027.23,62235.227,0.021424694
61,revol_util,72.5,35.56156,-36.93844,-0.041396886
61,total_acc,37.0,53.454205,16.454205,0.09456439
61,initial_list_status,1.0,0.8776127,-0.12238729,-0.12238729
61,application_type,0.0,0.12847996,0.12847996,0.12847996
61,mort_acc,5.0,-0.9290849,-5.929085,-0.116256565
61,pub_rec_bankruptcies,0.0,-3.8890386,-3.8890386,-0.32408655
61,fico_score,727.0,752.7104,25.710388,0.13860047
61,month_of_year,7.0,9.946345,2.9463453,0.26784956
61,ratio_loan_amnt_annual_inc,0.19256757,-108.1882,-108.38077,-0.34893337
61,ratio_open_acc_total_acc,0.45945945,0.9038668,0.44440737,0.4555176
61,month_since_earliest_cr_line,302.0,-29.165558,-331.16556,-0.34388947
61,ratio_pub_rec_month_since_earliest_cr_line,0.0,0.05108543,0.05108543,0.10300833
61,ratio_pub_rec_bankruptcies_month_since_earliest_cr_line,0.0,0.026036868,0.026036868,0.28640553
61,ratio_pub_rec_bankruptcies_pub_rec,-1.0,-1.2119992,-0.21199918,-0.10599959
62,loan_amnt,12000.0,15269.295,3269.295,0.08382806
62,term,60.0,68.609604,8.609604,0.35873353
62,int_rate,20.49,10.587458,-9.902542,-0.38561302
62,installment,321.21,681.66376,360.45377,0.21018937
62,sub_grade,20.0,35.380466,15.380466,0.45236665
62,emp_length,7.0,8.363548,1.3635483,0.13635486
62,home_ownership,1.0,2.254326,1.2543261,0.25086522
62,annual_inc,38000.0,63601.016,25601.016,0.0023275414
62,verification_status,2.0,1.0811136,-0.9188864,-0.4594432
62,purpose,0.0,-5.939555,-5.939555,-0.45688885
62,dti,26.74,145.04807,118.30807,0.11830807
62,open_acc,11.0,17.300272,6.300272,0.070789576
62,pub_rec,0.0,10.73093,10.73093,0.12477826
62,revol_bal,11570.0,833144.25,821574.25,0.28282982
62,revol_util,67.8,-298.64886,-366.44885,-0.41067898
62,total_acc,25.0,15.395211,-9.604789,-0.055199936
62,initial_list_status,1.0,1.1061107,0.10611069,0.10611069
62,application_type,0.0,-0.17800033,-0.17800033,-0.17800033
62,mort_acc,2.0,1.9002485,-0.09975147,-0.0019559115
62,pub_rec_bankruptcies,0.0,0.11361075,0.11361075,0.009467563
62,fico_score,672.0,701.928,29.927979,0.16133681
62,month_of_year,7.0,4.8904276,-2.1095724,-0.19177929
62,ratio_loan_amnt_annual_inc,0.31578946,-17.751917,-18.067707,-0.05816923
62,ratio_open_acc_total_acc,0.44,0.85209525,0.41209525,0.42239764
62,month_since_earliest_cr_line,279.0,163.5745,-115.42551,-0.119860336
62,ratio_pub_rec_month_since_earliest_cr_line,0.0,-0.04197048,-0.04197048,-0.084629
62,ratio_pub_rec_bankruptcies_month_since_earliest_cr_line,0.0,0.038556993,0.038556993,0.42412692
62,ratio_pub_rec_bankruptcies_pub_rec,-1.0,-1.615576,-0.615576,-0.307788
63,loan_amnt,24600.0,38614.27,14014.27,0.35934025
63,term,36.0,25.489532,-10.510468,-0.43793616
63,int_rate,8.9,13.584766,4.684767,0.18242864
63,installment,781.13,169.88243,-611.24756,-0.35643333
63,sub_grade,4.0,19.316746,15.316746,0.4504925
63,emp_length,6.0,4.8432293,-1.1567707,-0.11567709
63,home_ownership,0.0,2.3063776,2.3063776,0.46127552
63,annual_inc,170000.0,3.4774458e+06,3.3074458e+06,0.30069965
63,verification_status,2.0,2.803679,0.803679,0.4018395
63,purpose,0.0,6.0664554,6.0664554,0.46665043
63,dti,3.88,195.53934,191.65933,0.19165935
63,open_acc,8.0,49.419987,41.419987,0.4653931
63,pub_rec,0.0,38.751106,38.751106,0.45059425
63,revol_bal,19066.0,1.3435681e+06,1.3245021e+06,0.4559645
63,revol_util,50.3,412.6344,362.3344,0.4060679
63,total_acc,33.0,-47.51992,-80.51992,-0.46275818
63,initial_list_status,1.0,1.4694337,0.46943367,0.46943367
63,application_type,0.0,0.31395572,0.31395572,0.31395572
63,mort_acc,5.0,13.675262,8.675262,0.17010319
63,pub_rec_bankruptcies,0.0,0.4888105,0.4888105,0.04073421
63,fico_score,742.0,813.41113,71.41113,0.38496566
63,month_of_year,7.0,12.049485,5.049485,0.4590441
63,ratio_loan_amnt_annual_inc,0.14470588,25.232859,25.088152,0.080771655
63,ratio_open_acc_total_acc,0.24242425,0.16085663,-0.081567615,-0.08360681
63,month_since_earliest_cr_line,231.0,-60.071877,-291.07187,-0.30225533
63,ratio_pub_rec_month_since_earliest_cr_line,0.0,0.2158806,0.2158806,0.43530023
63,ratio_pub_rec_bankruptcies_month_since_earliest_cr_line,0.0,0.0032003936,0.0032003936,0.03520433
63,ratio_pub_rec_bankruptcies_pub_rec,-1.0,-0.79889274,0.20110726,0.10055363
64,loan_amnt,15000.0,3469.5225,-11530.478,-0.29565328
64,term,36.0,42.30929,6.309292,0.26288715
64,int_rate,14.33,15.383312,1.0533123,0.041016847
64,installment,515.08,1187.7963,672.71625,0.3922772
64,sub_grade,10.0,16.046267,6.0462666,0.17783135
64,emp_length,2.0,-0.48668945,-2.4866896,-0.24866894
64,home_ownership,1.0,2.0731637,1.0731637,0.21463273
64,annual_inc,110000.0,-745106.4,-855106.4,-0.07774283
64,verification_status,0.0,0.6599044,0.6599044,0.3299522
64,purpose,5.0,1.4867833,-3.5132167,-0.27024746
64,dti,3.16,-67.28457,-70.44457,-0.07044457
64,open_acc,9.0,8.659238,-0.34076214,-0.0038287863
64,pub_rec,0.0,-29.660011,-29.660011,-0.34488386
64,revol_bal,797.0,90799.33,90002.33,0.030983618
64,revol_util,4.9,17.13105,12.2310505,0.01370733
64,total_acc,36.0,-9.089834,-45.089836,-0.25913697
64,initial_list_status,1.0,1.3822086,0.3822086,0.3822086
64,application_type,0.0,-0.46525875,-0.46525875,-0.46525875
64,mort_acc,2.0,-1.6583405,-3.6583405,-0.07173216
64,pub_rec_bankruptcies,0.0,3.9390514,3.9390514,0.32825428
64,fico_score,687.0,743.9346,56.93457,0.30692494
64,month_of_year,7.0,6.7982693,-0.20173073,-0.018339157
64,ratio_loan_amnt_annual_inc,0.13636364,-50.647293,-50.783657,-0.16349868
64,ratio_open_acc_total_acc,0.25,-0.020424183,-0.2704242,-0.27718478
64,month_since_earliest_cr_line,164.0,89.883545,-74.116455,-0.07696413
64,ratio_pub_rec_month_since_earliest_cr_line,0.0,0.019778924,0.019778924,0.039882094
64,ratio_pub_rec_bankruptcies_month_since_earliest_cr_line,0.0,0.037474178,0.037474178,0.41221595
64,ratio_pub_rec_bankruptcies_pub_rec,-1.0,-1.2507913,-0.2507913,-0.12539566
65,loan_amnt,35000.0,20427.635,-14572.365,-0.3736504
65,term,60.0,50.17627,-9.82373,-0.40932208
65,int_rate,23.28,23.005325,-0.27467537,-0.010696113
65,installment,992.31,1747.0858,754.7758,0.4401281
65,sub_grade,26.0,14.41171,-11.58829,-0.34083208
65,emp_length,5.0,6.78381,1.7838101,0.17838103
65,home_ownership,0.0,2.375,2.375,0.475
65,annual_inc,158000.0,2.731443e+06,2.573443e+06,0.23396708
65,verification_status,2.0,1.684322,-0.315678,-0.157839
65,purpose,5.0,1.7222713,-3.2777286,-0.25213298
65,dti,25.97,-422.75085,-448.72086,-0.44872084
65,open_acc,13.0,28.291388,15.291388,0.17181334
65,pub_rec,0.0,-39.828007,-39.828007,-0.46311635
65,revol_bal,80062.0,-278173.2,-358235.2,-0.12332372
65,revol_util,95.9,-319.36182,-415.2618,-0.46538365
65,total_acc,26.0,47.80356,21.803558,0.12530781
65,initial_list_status,1.0,1.0365112,0.036511183,0.036511183
65,application_type,0.0,-0.32710773,-0.32710773,-0.32710773
65,mort_acc,4.0,-9.283557,-13.283557,-0.2604619
65,pub_rec_bankruptcies,0.0,4.990778,4.990778,0.41589817
65,fico_score,702.0,646.7703,-55.229675,-0.29773408
65,month_of_year,7.0,3.055184,-3.944816,-0.35861963
65,ratio_loan_amnt_annual_inc,0.221519,-52.541748,-52.763268,-0.16987208
65,ratio_open_acc_total_acc,0.5,0.18573865,-0.31426135,-0.32211787
65,month_since_earliest_cr_line,179.0,399.6646,220.66461,0.22914289
65,ratio_pub_rec_month_since_earliest_cr_line,0.0,-0.049294002,-0.049294002,-0.0993961
65,ratio_pub_rec_bankruptcies_month_since_earliest_cr_line,0.0,0.0017848015,0.0017848015,0.019632816
65,ratio_pub_rec_bankruptcies_pub_rec,-1.0,-1.8087059,-0.8087059,-0.40435296
66,loan_amnt,10625.0,1863.9744,-8761.025,-0.22464168
66,term,36.0,35.570103,-0.4298973,-0.017912388
66,int_rate,14.33,16.964964,2.634964,0.10260764
66,installment,364.85,839.30383,474.45383,0.27666557
66,sub_grade,10.0,15.690967,5.6909666,0.16738135
66,emp_length,2.0,-0.4063543,-2.4063544,-0.24063542
66,home_ownership,1.0,2.6116495,1.6116495,0.32232994
66,annual_inc,50000.0,-2.5568108e+06,-2.6068108e+06,-0.23700075
66,verification_status,0.0,0.48662758,0.48662758,0.24331379
66,purpose,0.0,-4.9012957,-4.9012957,-0.37702274
66,dti,7.27,465.172,457.902,0.457902
66,open_acc,8.0,-28.28444,-36.28444,-0.40769035
66,pub_rec,0.0,-33.158455,-33.158455,-0.38556343
66,revol_bal,4988.0,-537893.8,-542881.8,-0.18688896
66,revol_util,55.4,64.65293,9.25293,0.010369748
66,total_acc,10.0,48.418602,38.418602,0.22079657
66,initial_list_status,1.0,0.7039952,-0.29600477,-0.29600477
66,application_type,0.0,0.43835706,0.43835706,0.43835706
66,mort_acc,0.0,-16.455873,-16.455873,-0.32266417
66,pub_rec_bankruptcies,0.0,-5.633203,-5.633203,-0.46943358
66,fico_score,677.0,638.92883,-38.071167,-0.2052354
66,month_of_year,7.0,9.380169,2.380169,0.21637899
66,ratio_loan_amnt_annual_inc,0.2125,-86.91347,-87.12597,-0.28050327
66,ratio_open_acc_total_acc,0.8,0.55905193,-0.24094808,-0.24697179
66,month_since_earliest_cr_line,52.0,251.8135,199.8135,0.20749065
66,ratio_pub_rec_month_since_earliest_cr_line,0.0,0.01606491,0.01606491,0.03239318
66,ratio_pub_rec_bankruptcies_month_since_earliest_cr_line,0.0,0.0054428163,0.0054428163,0.059870977
66,ratio_pub_rec_bankruptcies_pub_rec,-1.0,-0.27974474,0.72025526,0.36012763
67,loan_amnt,15000.0,-3524.9995,-18525.0,-0.475
67,term,36.0,47.4,11.400002,0.47500005
67,int_rate,6.03,-2.6466699,-8.67667,-0.33787656
67,installment,456.54,653.3482,196.8082,0.11476368
67,sub_grade,0.0,13.112597,13.112597,0.38566464
67,emp_length,0.0,-3.908474,-3.908474,-0.39084738
67,home_ownership,2.0,4.277588,2.277588,0.45551756
67,annual_inc,80000.0,2.247099e+06,2.167099e+06,0.19702393
67,verification_status,1.0,1.8900645,0.8900645,0.44503224
67,purpose,0.0,-3.665035,-3.665035,-0.28192577
67,dti,15.14,-354.8622,-370.00223,-0.3700022
67,open_acc,16.0,-10.265163,-26.265163,-0.29511422
67,pub_rec,0.0,4.362188,4.362188,0.050723113
67,revol_bal,24998.0,1.298237e+06,1.273239e+06,0.438317
67,revol_util,22.1,-349.05533,-371.15533,-0.41595352
67,total_acc,22.0,-12.773511,-34.77351,-0.19984776
67,initial_list_status,1.0,1.2811277,0.2811277,0.2811277
67,application_type,0.0,0.45717362,0.45717362,0.45717362
67,mort_acc,1.0,-2.0569983,-3.0569983,-0.059941143
67,pub_rec_bankruptcies,0.0,2.7131345,2.7131345,0.22609454
67,fico_score,797.0,852.7775,55.777527,0.30068743
67,month_of_year,7.0,8.975536,1.9755363,0.17959422
67,ratio_loan_amnt_annual_inc,0.1875,-33.751884,-33.939384,-0.10926832
67,ratio_open_acc_total_acc,0.72727275,1.130818,0.40354526,0.41363382
67,month_since_earliest_cr_line,400.0,145.69135,-254.30865,-0.26407957
67,ratio_pub_rec_month_since_earliest_cr_line,0.0,-0.0324715,-0.0324715,-0.06547532
67,ratio_pub_rec_bankruptcies_month_since_earliest_cr_line,0.0,0.038243618,0.038243618,0.42067978
67,ratio_pub_rec_bankruptcies_pub_rec,-1.0,-1.8958488,-0.89584875,-0.44792438
68,loan_amnt,4375.0,15186.136,10811.136,0.2772086
68,term,36.0,41.973557,5.9735565,0.2488982
68,int_rate,14.09,10.119835,-3.9701653,-0.15460148
68,installment,149.72,-373.49872,-523.21875,-0.30510157
68,sub_grade,9.0,6.7593575,-2.2406425,-0.065901265
68,emp_length,6.0,6.7680335,0.7680335,0.07680333
68,home_ownership,1.0,2.0451214,1.0451214,0.2090243
68,annual_inc,28000.0,971041.2,943041.2,0.08573751
68,verification_status,2.0,2.374559,0.37455893,0.18727946
68,purpose,0.0,5.2967906,5.2967906,0.40744543
68,dti,13.46,-260.71124,-274.17123,-0.27417123
68,open_acc,13.0,11.605608,-1.394392,-0.015667327
68,pub_rec,0.0,-3.4365494,-3.4365494,-0.039959878
68,revol_bal,4960.0,1312.1735,-3647.8267,-0.0012557771
68,revol_util,57.7,0.6335561,-57.066444,-0.06395432
68,total_acc,16.0,-66.649994,-82.649994,-0.47499996
68,initial_list_status,1.0,1.3589361,0.35893607,0.35893607
68,application_type,0.0,-0.0055462117,-0.0055462117,-0.0055462117
68,mort_acc,0.0,6.2485085,6.2485085,0.122519776
68,pub_rec_bankruptcies,0.0,5.7,5.7,0.475
68,fico_score,667.0,646.91034,-20.08966,-0.10830006
68,month_of_year,7.0,11.126171,4.126171,0.37510645
68,ratio_loan_amnt_annual_inc,0.15625,18.736273,18.580023,0.05981864
68,ratio_open_acc_total_acc,0.8125,1.2066977,0.3941977,0.40405267
68,month_since_earliest_cr_line,61.0,-202.43759,-263.4376,-0.2735593
68,ratio_pub_rec_month_since_earliest_cr_line,0.0,-0.023129936,-0.023129936,-0.04663905
68,ratio_pub_rec_bankruptcies_month_since_earliest_cr_line,0.0,0.020204954,0.020204954,0.22225448
68,ratio_pub_rec_bankruptcies_pub_rec,-1.0,-1.0799403,-0.07994032,-0.03997016
69,loan_amnt,9000.0,15587.671,6587.671,0.16891463
69,term,36.0,26.041855,-9.958145,-0.4149227
69,int_rate,11.14,18.641447,7.5014467,0.29211247
69,installment,295.25,505.06485,209.81485,0.122348145
69,sub_grade,6.0,20.295837,14.295837,0.42046583
69,emp_length,10.0,10.519847,0.5198469,0.051984668
69,home_ownership,0.0,2.0280285,2.0280285,0.4056057
69,annual_inc,45000.0,-66069.625,-111069.625,-0.010098003
69,verification_status,2.0,2.637962,0.6379621,0.31898105
69,purpose,0.0,-3.9014747,-3.9014747,-0.30011344
69,dti,26.94,170.25172,143.31172,0.14331172
69,open_acc,15.0,7.7365355,-7.2634645,-0.08161197
69,pub_rec,0.0,-35.44456,-35.44456,-0.41214606
69,revol_bal,16539.0,1.135217e+06,1.118678e+06,0.38510883
69,revol_util,63.9,336.7264,272.82642,0.3057564
69,total_acc,19.0,20.546968,1.5469685,0.008890629
69,initial_list_status,1.0,0.9344774,-0.06552261,-0.06552261
69,application_type,0.0,0.11919185,0.11919185,0.11919185
69,mort_acc,2.0,11.782476,9.782476,0.19181326
69,pub_rec_bankruptcies,0.0,0.87834966,0.87834966,0.07319581
69,fico_score,702.0,747.24243,45.24243,0.24389452
69,month_of_year,7.0,6.3196845,-0.6803155,-0.061846852
69,ratio_loan_amnt_annual_inc,0.2,6.4313254,6.2313256,0.02006184
69,ratio_open_acc_total_acc,0.7894737,0.54561466,-0.24385905,-0.24995553
69,month_since_earliest_cr_line,168.0,112.17926,-55.82074,-0.057965465
69,ratio_pub_rec_month_since_earliest_cr_line,0.0,-0.014207373,-0.014207373,-0.028647654
69,ratio_pub_rec_bankruptcies_month_since_earliest_cr_line,0.0,0.019001644,0.019001644,0.20901808
69,ratio_pub_rec_bankruptcies_pub_rec,-1.0,-0.6034323,0.3965677,0.19828385
70,loan_amnt,7450.0,10733.216,3283.2158,0.08418502
70,term,36.0,32.62756,-3.3724403,-0.14051835
70,int_rate,8.9,20.281523,11.381523,0.4432057
70,installment,236.57,-443.0936,-679.6636,-0.39632842
70,sub_grade,4.0,-2.316438,-6.3164377,-0.18577759
70,emp_length,7.0,6.9872622,-0.012737751,-0.0012737513
70,home_ownership,0.0,1.2533497,1.2533497,0.25066993
70,annual_inc,45000.0,-2722.836,-47722.836,-0.0043387683
70,verification_status,0.0,0.886873,0.886873,0.4434365
70,purpose,4.0,3.6682599,-0.33174014,-0.025518477
70,dti,19.49,-445.49692,-464.9869,-0.46498692
70,open_acc,10.0,-2.8911762,-12.891176,-0.14484468
70,pub_rec,0.0,19.313742,19.313742,0.2245784
70,revol_bal,11404.0,-46474.457,-57878.457,-0.019924862
70,revol_util,43.5,391.98254,348.48254,0.39054415
70,total_acc,22.0,-19.486246,-41.486244,-0.2384267
70,initial_list_status,1.0,1.0348977,0.034897685,0.034897685
70,application_type,0.0,0.42835665,0.42835665,0.42835665
70,mort_acc,1.0,9.805688,8.805688,0.17266054
70,pub_rec_bankruptcies,0.0,2.035904,2.035904,0.16965866
70,fico_score,712.0,724.1315,12.13147,0.06539875
70,month_of_year,7.0,5.984951,-1.015049,-0.09227717
70,ratio_loan_amnt_annual_inc,0.16555555,122.13804,121.97248,0.39269212
70,ratio_open_acc_total_acc,0.45454547,0.016552385,-0.43799308,-0.4489429
70,month_since_earliest_cr_line,135.0,-26.279408,-161.2794,-0.16747603
70,ratio_pub_rec_month_since_earliest_cr_line,0.0,-0.1043744,-0.1043744,-0.21045986
70,ratio_pub_rec_bankruptcies_month_since_earliest_cr_line,0.0,-0.0069618514,-0.0069618514,-0.07658036
70,ratio_pub_rec_bankruptcies_pub_rec,-1.0,-1.95,-0.95000005,-0.47500002
71,loan_amnt,17000.0,-837.24316,-17837.242,-0.4573652
71,term,60.0,55.69231,-4.3076897,-0.17948705
71,int_rate,21.0,10.565774,-10.434226,-0.40631723
71,installment,459.91,400.58005,-59.329956,-0.03459674
71,sub_grade,21.0,18.764425,-2.2355747,-0.06575221
71,emp_length,10.0,5.305663,-4.694337,-0.46943367
71,home_ownership,0.0,1.7776968,1.7776968,0.35553938
71,annual_inc,55000.0,2.2105235e+06,2.1555235e+06,0.19597153
71,verification_status,2.0,2.6720521,0.67205215,0.33602607
71,purpose,0.0,5.6103697,5.6103697,0.4315669
71,dti,28.49,-230.24948,-258.73947,-0.25873947
71,open_acc,12.0,-14.729862,-26.729862,-0.30033553
71,pub_rec,0.0,-40.85,-40.85,-0.475
71,revol_bal,6451.0,743390.2,736939.2,0.2536939
71,revol_util,27.8,-11.7144165,-39.514416,-0.044283777
71,total_acc,38.0,117.58909,79.58909,0.45740855
71,initial_list_status,1.0,0.9822168,-0.017783225,-0.017783225
71,application_type,0.0,-0.15281942,-0.15281942,-0.15281942
71,mort_acc,2.0,-20.389484,-22.389484,-0.4390095
71,pub_rec_bankruptcies,0.0,-0.7557895,-0.7557895,-0.06298246
71,fico_score,672.0,755.0701,83.07013,0.44781744
71,month_of_year,7.0,3.438937,-3.561063,-0.323733
71,ratio_loan_amnt_annual_inc,0.3090909,16.546495,16.237404,0.052276548
71,ratio_open_acc_total_acc,0.31578946,-0.000870198,-0.31665966,-0.32457614
71,month_since_earliest_cr_line,136.0,-112.84407,-248.84407,-0.25840506
71,ratio_pub_rec_month_since_earliest_cr_line,0.0,-0.18047442,-0.18047442,-0.36390743
71,ratio_pub_rec_bankruptcies_month_since_earliest_cr_line,0.0,0.037805296,0.037805296,0.41585824
71,ratio_pub_rec_bankruptcies_pub_rec,-1.0,-0.2635616,0.7364384,0.3682192
72,loan_amnt,15000.0,394.58545,-14605.414,-0.37449783
72,term,36.0,30.080397,-5.9196033,-0.24665014
72,int_rate,14.09,5.730605,-8.359395,-0.32552165
72,installment,513.33,-186.05779,-699.3878,-0.40783006
72,sub_grade,9.0,16.65464,7.65464,0.22513646
72,emp_length,9.0,6.79936,-2.2006402,-0.22006398
72,home_ownership,1.0,2.1971984,1.1971984,0.23943968
72,annual_inc,50000.0,3.1549918e+06,3.1049918e+06,0.28229335
72,verification_status,1.0,0.24149822,-0.75850177,-0.37925088
72,purpose,0.0,5.94374,5.94374,0.45721075
72,dti,17.78,-404.58267,-422.36267,-0.42236266
72,open_acc,4.0,23.85734,19.85734,0.22311619
72,pub_rec,0.0,25.855406,25.855406,0.30064425
72,revol_bal,3810.0,-382458.88,-386268.88,-0.13297442
72,revol_util,40.1,-121.341705,-161.44171,-0.1809276
72,total_acc,14.0,48.774204,34.774204,0.19985175
72,initial_list_status,1.0,1.194504,0.19450402,0.19450402
72,application_type,0.0,-0.16860658,-0.16860658,-0.16860658
72,mort_acc,0.0,-7.5935397,-7.5935397,-0.14889294
72,pub_rec_bankruptcies,0.0,-4.9192047,-4.9192047,-0.40993372
72,fico_score,707.0,685.3295,-21.670471,-0.116821945
72,month_of_year,7.0,11.640317,4.640317,0.421847
72,ratio_loan_amnt_annual_inc,0.3,146.97281,146.6728,0.47221518
72,ratio_open_acc_total_acc,0.2857143,0.5560356,0.27032128,0.27707934
72,month_since_earliest_cr_line,145.0,547.25,402.25,0.41770506
72,ratio_pub_rec_month_since_earliest_cr_line,0.0,-0.016320543,-0.016320543,-0.032908637
72,ratio_pub_rec_bankruptcies_month_since_earliest_cr_line,0.0,0.037219018,0.037219018,0.4094092
72,ratio_pub_rec_bankruptcies_pub_rec,-1.0,-1.618782,-0.61878204,-0.30939102
73,loan_amnt,6000.0,-3175.2988,-9175.299,-0.23526408
73,term,36.0,29.967693,-6.0323067,-0.2513461
73,int_rate,15.31,5.0521746,-10.257826,-0.399448
73,installment,208.91,-36.855576,-245.76558,-0.1433119
73,sub_grade,11.0,22.697393,11.697393,0.344041
73,emp_length,7.0,3.7579398,-3.2420602,-0.324206
73,home_ownership,0.0,1.6079166,1.6079166,0.32158333
73,annual_inc,46000.0,2.0039908e+06,1.9579908e+06,0.17801264
73,verification_status,1.0,1.3033143,0.30331433,0.15165716
73,purpose,2.0,2.0994878,0.09948778,0.0076528937
73,dti,24.97,-181.2105,-206.1805,-0.2061805
73,open_acc,15.0,6.588508,-8.411491,-0.09451115
73,pub_rec,0.0,14.09998,14.09998,0.16395326
73,revol_bal,5612.0,1.2797724e+06,1.2741604e+06,0.43863416
73,revol_util,52.4,396.11453,343.71454,0.38520065
73,total_acc,27.0,59.967785,32.967785,0.18947002
73,initial_list_status,1.0,1.283812,0.28381205,0.28381205
73,application_type,0.0,-0.32420254,-0.32420254,-0.32420254
73,mort_acc,0.0,-24.225,-24.225,-0.475
73,pub_rec_bankruptcies,0.0,4.937997,4.937997,0.41149974
73,fico_score,672.0,646.9309,-25.069092,-0.13514335
73,month_of_year,7.0,9.920878,2.9208784,0.2655344
73,ratio_loan_amnt_annual_inc,0.13043478,-137.05823,-137.18866,-0.4416808
73,ratio_open_acc_total_acc,0.5555556,0.77374274,0.21818715,0.22364181
73,month_since_earliest_cr_line,119.0,533.5624,414.56238,0.43049052
73,ratio_pub_rec_month_since_earliest_cr_line,0.0,-0.081660636,-0.081660636,-0.16465996
73,ratio_pub_rec_bankruptcies_month_since_earliest_cr_line,0.0,-0.0141247865,-0.0141247865,-0.15537265
73,ratio_pub_rec_bankruptcies_pub_rec,-1.0,-1.5115385,-0.5115385,-0.25576925
74,loan_amnt,19750.0,14848.506,-4901.494,-0.12567931
74,term,36.0,27.758352,-8.241648,-0.343402
74,int_rate,11.14,-0.30302286,-11.443024,-0.44560057
74,installment,647.9,1452.7346,804.8346,0.46931866
74,sub_grade,6.0,-7.715813,-13.715813,-0.40340626
74,emp_length,10.0,6.407545,-3.592455,-0.35924548
74,home_ownership,1.0,0.07679725,-0.92320275,-0.18464056
74,annual_inc,50000.0,3.200221e+06,3.150221e+06,0.2864054
74,verification_status,0.0,-0.6573076,-0.6573076,-0.3286538
74,purpose,0.0,-0.715481,-0.715481,-0.055037
74,dti,27.14,-314.64755,-341.78754,-0.34178755
74,open_acc,13.0,6.4071865,-6.5928135,-0.07407655
74,pub_rec,0.0,0.20519383,0.20519383,0.0023859749
74,revol_bal,13577.0,-1.1512479e+06,-1.1648249e+06,-0.40099505
74,revol_util,47.9,345.26276,297.36276,0.33325425
74,total_acc,23.0,24.143682,1.1436825,0.0065728948
74,initial_list_status,1.0,0.69411397,-0.30588603,-0.30588603
74,application_type,0.0,-0.25590557,-0.25590557,-0.25590557
74,mort_acc,0.0,-12.664962,-12.664962,-0.24833259
74,pub_rec_bankruptcies,0.0,0.11534024,0.11534024,0.009611687
74,fico_score,722.0,679.8099,-42.190125,-0.22744003
74,month_of_year,7.0,8.545866,1.545866,0.14053327
74,ratio_loan_amnt_annual_inc,0.395,122.47997,122.08498,0.39305428
74,ratio_open_acc_total_acc,0.5652174,0.5686832,0.0034658313,0.0035524964
74,month_since_earliest_cr_line,74.0,266.1402,192.1402,0.19952254
74,ratio_pub_rec_month_since_earliest_cr_line,0.0,-0.08181081,-0.08181081,-0.16496278
74,ratio_pub_rec_bankruptcies_month_since_earliest_cr_line,0.0,-0.026391393,-0.026391393,-0.29030532
74,ratio_pub_rec_bankruptcies_pub_rec,-1.0,-1.1972007,-0.19720066,-0.09860033
75,loan_amnt,24750.0,16353.703,-8396.297,-0.21528965
75,term,60.0,50.57701,-9.422989,-0.39262456
75,int_rate,22.95,17.251598,-5.6984024,-0.2219004
75,installment,697.01,334.49423,-362.51578,-0.21139178
75,sub_grade,25.0,33.670647,8.670647,0.255019
75,emp_length,2.0,4.05338,2.05338,0.20533799
75,home_ownership,0.0,-0.45222297,-0.45222297,-0.090444595
75,annual_inc,63000.0,4.5290255e+06,4.4660255e+06,0.40603307
75,verification_status,2.0,1.6979185,-0.30208147,-0.15104073
75,purpose,0.0,1.9643179,1.9643179,0.15110138
75,dti,24.46,443.07846,418.61847,0.41861847
75,open_acc,17.0,-22.990625,-39.990623,-0.4493329
75,pub_rec,0.0,-29.90718,-29.90718,-0.3477579
75,revol_bal,12647.0,258519.84,245872.84,0.08464259
75,revol_util,58.0,87.21266,29.212662,0.03273861
75,total_acc,29.0,90.612015,61.612015,0.35409206
75,initial_list_status,1.0,0.7354034,-0.26459658,-0.26459658
75,application_type,0.0,0.08725857,0.08725857,0.08725857
75,mort_acc,1.0,-1.8199922,-2.819992,-0.055293962
75,pub_rec_bankruptcies,0.0,3.9991314,3.9991314,0.33326095
75,fico_score,672.0,710.6298,38.62982,0.20824704
75,month_of_year,7.0,10.554895,3.5548954,0.32317233
75,ratio_loan_amnt_annual_inc,0.39285713,-80.96079,-81.35365,-0.26191917
75,ratio_open_acc_total_acc,0.5862069,0.2048786,-0.3813283,-0.39086157
75,month_since_earliest_cr_line,207.0,218.77019,11.770187,0.012222424
75,ratio_pub_rec_month_since_earliest_cr_line,0.0,0.23280853,0.23280853,0.46943358
75,ratio_pub_rec_bankruptcies_month_since_earliest_cr_line,0.0,-0.034984034,-0.034984034,-0.38482437
75,ratio_pub_rec_bankruptcies_pub_rec,-1.0,-1.6639707,-0.6639707,-0.33198535
76,loan_amnt,4000.0,11085.882,7085.882,0.18168929
76,term,36.0,34.625046,-1.3749542,-0.05728976
76,int_rate,8.9,5.109057,-3.7909427,-0.14762238
76,installment,127.02,-177.44786,-304.46786,-0.17754263
76,sub_grade,4.0,13.8686695,9.8686695,0.29025498
76,emp_length,10.0,13.685384,3.6853838,0.36853838
76,home_ownership,0.0,1.0507988,1.0507988,0.21015975
76,annual_inc,13600.0,-2.6976718e+06,-2.7112718e+06,-0.24649791
76,verification_status,0.0,-0.43375894,-0.43375894,-0.21687947
76,purpose,0.0,0.07028863,0.07028863,0.0054068174
76,dti,29.82,-376.51013,-406.33014,-0.40633014
76,open_acc,7.0,33.533962,26.533962,0.2981344
76,pub_rec,0.0,19.447575,19.447575,0.22613458
76,revol_bal,9708.0,1.1968642e+06,1.1871562e+06,0.40868273
76,revol_util,25.9,-138.25066,-164.15065,-0.18396352
76,total_acc,21.0,-14.639059,-35.63906,-0.20482218
76,initial_list_status,1.0,1.4714509,0.47145092,0.47145092
76,application_type,0.0,0.095540896,0.095540896,0.095540896
76,mort_acc,1.0,-22.941113,-23.941113,-0.46943358
76,pub_rec_bankruptcies,0.0,-1.4085765,-1.4085765,-0.11738137
76,fico_score,702.0,732.4975,30.497498,0.16440699
76,month_of_year,7.0,3.1085868,-3.8914132,-0.35376483
76,ratio_loan_amnt_annual_inc,0.29411766,-147.24368,-147.5378,-0.475
76,ratio_open_acc_total_acc,0.33333334,0.7967479,0.46341458,0.47499996
76,month_since_earliest_cr_line,173.0,-60.923973,-233.92398,-0.2429117
76,ratio_pub_rec_month_since_earliest_cr_line,0.0,0.18166108,0.18166108,0.36630023
76,ratio_pub_rec_bankruptcies_month_since_earliest_cr_line,0.0,0.0044184285,0.0044184285,0.04860271
76,ratio_pub_rec_bankruptcies_pub_rec,-1.0,-1.4150035,-0.41500354,-0.20750177
77,loan_amnt,35000.0,53525.0,18525.0,0.47499996
77,term,36.0,37.303627,1.303627,0.05431779
77,int_rate,20.49,9.216379,-11.273621,-0.43900394
77,installment,1309.49,1141.0283,-168.46167,-0.09823406
77,sub_grade,20.0,29.742308,9.742308,0.28653842
77,emp_length,5.0,1.1888543,-3.8111458,-0.38111457
77,home_ownership,0.0,2.241809,2.241809,0.44836178
77,annual_inc,90000.0,2.894777e+06,2.804777e+06,0.25499904
77,verification_status,2.0,2.617464,0.61746407,0.30873203
77,purpose,4.0,1.0085483,-2.9914517,-0.23011169
77,dti,5.36,-182.63153,-187.99153,-0.18799153
77,open_acc,9.0,8.03603,-0.9639702,-0.010831125
77,pub_rec,0.0,40.094063,40.094063,0.46621004
77,revol_bal,13263.0,-596515.75,-609778.75,-0.20991848
77,revol_util,49.1,216.0521,166.95209,0.1871031
77,total_acc,22.0,46.480804,24.480804,0.14069429
77,initial_list_status,1.0,1.1566188,0.15661883,0.15661883
77,application_type,0.0,-0.098884664,-0.098884664,-0.098884664
77,mort_acc,6.0,3.9756348,-2.0243652,-0.039693438
77,pub_rec_bankruptcies,0.0,-5.107792,-5.107792,-0.42564932
77,fico_score,677.0,716.49036,39.490356,0.21288602
77,month_of_year,7.0,7.9773808,0.97738075,0.08885282
77,ratio_loan_amnt_annual_inc,0.3888889,28.121922,27.733032,0.089286886
77,ratio_open_acc_total_acc,0.4090909,-0.04482013,-0.45391104,-0.46525878
77,month_since_earliest_cr_line,147.0,103.712456,-43.287544,-0.044950716
77,ratio_pub_rec_month_since_earliest_cr_line,0.0,0.014613763,0.014613763,0.029467097
77,ratio_pub_rec_bankruptcies_month_since_earliest_cr_line,0.0,0.0331168,0.0331168,0.36428478
77,ratio_pub_rec_bankruptcies_pub_rec,-1.0,-0.76677775,0.23322225,0.11661112
78,loan_amnt,24000.0,7293.7783,-16706.223,-0.4283647
78,term,60.0,65.851944,5.851944,0.24383104
78,int_rate,20.49,9.829218,-10.660782,-0.4151395
78,installment,642.42,509.73877,-132.68121,-0.07736966
78,sub_grade,20.0,31.113783,11.113783,0.32687593
78,emp_length,7.0,5.2275934,-1.7724066,-0.17724067
78,home_ownership,0.0,1.534068,1.534068,0.3068136
78,annual_inc,155000.0,169137.08,14137.078,0.0012852857
78,verification_status,1.0,0.73351544,-0.26648456,-0.13324228
78,purpose,0.0,0.47802678,0.47802678,0.03677129
78,dti,6.19,-372.01846,-378.20847,-0.37820846
78,open_acc,11.0,-20.67516,-31.67516,-0.35590068
78,pub_rec,0.0,30.225266,30.225266,0.35145658
78,revol_bal,13702.0,-13890.278,-27592.277,-0.009498739
78,revol_util,94.5,-192.71417,-287.21417,-0.32188073
78,total_acc,17.0,-41.84095,-58.84095,-0.33816636
78,initial_list_status,1.0,0.6642746,-0.33572543,-0.33572543
78,application_type,0.0,0.46567893,0.46567893,0.46567893
78,mort_acc,5.0,2.7236488,-2.2763512,-0.04463434
78,pub_rec_bankruptcies,0.0,-5.7,-5.7,-0.475
78,fico_score,707.0,640.45496,-66.545044,-0.3587334
78,month_of_year,7.0,4.4732323,-2.5267677,-0.22970614
78,ratio_loan_amnt_annual_inc,0.15483871,-147.38297,-147.53781,-0.47500002
78,ratio_open_acc_total_acc,0.64705884,0.67872965,0.03167081,0.032462597
78,month_since_earliest_cr_line,296.0,508.40366,212.40366,0.22056454
78,ratio_pub_rec_month_since_earliest_cr_line,0.0,-0.13783672,-0.13783672,-0.27793306
78,ratio_pub_rec_bankruptcies_month_since_earliest_cr_line,0.0,-0.023123646,-0.023123646,-0.2543601
78,ratio_pub_rec_bankruptcies_pub_rec,-1.0,-1.6892278,-0.6892278,-0.3446139
79,loan_amnt,10000.0,27342.59,17342.59,0.44468182
79,term,36.0,26.26881,-9.73119,-0.40546623
79,int_rate,10.16,0.32779646,-9.832203,-0.38287395
79,installment,323.43,-360.823,-684.253,-0.39900458
79,sub_grade,5.0,5.472794,0.47279406,0.013905704
79,emp_length,10.0,10.09839,0.098389626,0.009838939
79,home_ownership,0.0,0.3868358,0.3868358,0.077367164
79,annual_inc,53000.0,-629332.06,-682332.06,-0.062034883
79,verification_status,2.0,1.3001177,-0.69988227,-0.34994113
79,purpose,0.0,3.145669,3.145669,0.24197453
79,dti,23.8,-281.46353,-305.26352,-0.30526352
79,open_acc,10.0,50.310947,40.310947,0.45293197
79,pub_rec,0.0,-5.358536,-5.358536,-0.062308554
79,revol_bal,25577.0,-651358.9,-676935.9,-0.23303756
79,revol_util,61.5,-166.28557,-227.78557,-0.25527912
79,total_acc,22.0,-38.831215,-60.831215,-0.3496047
79,initial_list_status,1.0,1.1413954,0.14139545,0.14139545
79,application_type,0.0,-0.15497656,-0.15497656,-0.15497656
79,mort_acc,4.0,-16.595976,-20.595976,-0.40384266
79,pub_rec_bankruptcies,0.0,-3.7206588,-3.7206588,-0.3100549
79,fico_score,727.0,773.91754,46.91754,0.25292474
79,month_of_year,7.0,4.826929,-2.173071,-0.19755188
79,ratio_loan_amnt_annual_inc,0.18867925,-123.29215,-123.480835,-0.39754823
79,ratio_open_acc_total_acc,0.45454547,0.50686425,0.05231878,0.053626746
79,month_since_earliest_cr_line,254.0,345.2048,91.2048,0.09470904
79,ratio_pub_rec_month_since_earliest_cr_line,0.0,0.13081324,0.13081324,0.26377097
79,ratio_pub_rec_bankruptcies_month_since_earliest_cr_line,0.0,-0.039118774,-0.039118774,-0.4303065
79,ratio_pub_rec_bankruptcies_pub_rec,-1.0,-0.27289003,0.72710997,0.36355498
80,loan_amnt,5000.0,-1117.8438,-6117.8438,-0.15686779
80,term,36.0,47.4,11.400002,0.47500005
80,int_rate,10.16,17.151165,6.991165,0.27224165
80,installment,161.72,-219.08624,-380.80624,-0.2220574
80,sub_grade,5.0,7.6347847,2.6347847,0.07749367
80,emp_length,2.0,-2.7499998,-4.75,-0.47499996
80,home_ownership,0.0,1.716995,1.716995,0.343399
80,annual_inc,110000.0,2.989734e+06,2.879734e+06,0.26181382
80,verification_status,2.0,1.9683719,-0.031628132,-0.015814066
80,purpose,0.0,5.754413,5.754413,0.44264716
80,dti,28.78,36.665314,7.885313,0.0078853145
80,open_acc,14.0,26.90492,12.904921,0.14499912
80,pub_rec,0.0,-29.279078,-29.279078,-0.3404544
80,revol_bal,58853.0,1.4177216e+06,1.3588686e+06,0.46779528
80,revol_util,72.7,-163.96489,-236.66489,-0.26523018
80,total_acc,28.0,-45.962273,-73.96227,-0.42507052
80,initial_list_status,1.0,1.2899485,0.28994846,0.28994846
80,application_type,0.0,-0.02400812,-0.02400812,-0.02400812
80,mort_acc,2.0,5.439849,3.439849,0.06744802
80,pub_rec_bankruptcies,0.0,5.594339,5.594339,0.4661949
80,fico_score,692.0,696.0648,4.0648193,0.021912768
80,month_of_year,8.0,12.859109,4.859109,0.44173717
80,ratio_loan_amnt_annual_inc,0.045454547,-140.19363,-140.23909,-0.4515017
80,ratio_open_acc_total_acc,0.5,0.94839084,0.44839084,0.45960066
80,month_since_earliest_cr_line,141.0,-44.220535,-185.22054,-0.192337
80,ratio_pub_rec_month_since_earliest_cr_line,0.0,-0.15209253,-0.15209253,-0.30667838
80,ratio_pub_rec_bankruptcies_month_since_earliest_cr_line,0.0,-0.04040214,-0.04040214,-0.44442353
80,ratio_pub_rec_bankruptcies_pub_rec,-1.0,-1.9332765,-0.93327653,-0.46663827
81,loan_amnt,30000.0,15282.196,-14717.804,-0.3773796
81,term,60.0,54.78689,-5.213112,-0.21721298
81,int_rate,24.7,33.513924,8.813923,0.3432213
81,installment,875.28,1501.7461,626.46606,0.36530757
81,sub_grade,30.0,26.5223,-3.4776993,-0.102285266
81,emp_length,3.0,6.1183367,3.1183367,0.31183368
81,home_ownership,1.0,-1.1959336,-2.1959336,-0.43918672
81,annual_inc,75000.0,-3.0735075e+06,-3.1485075e+06,-0.28624964
81,verification_status,2.0,2.9013267,0.90132666,0.45066333
81,purpose,4.0,10.127056,6.127056,0.47131202
81,dti,17.83,126.49192,108.66192,0.10866192
81,open_acc,8.0,-17.46118,-25.46118,-0.2860807
81,pub_rec,0.0,23.418308,23.418308,0.2723059
81,revol_bal,20120.0,761400.8,741280.8,0.25518852
81,revol_util,72.4,339.1582,266.7582,0.29895574
81,total_acc,11.0,-16.307842,-27.307842,-0.15694162
81,initial_list_status,1.0,0.7471534,-0.2528466,-0.2528466
81,application_type,0.0,-0.13826412,-0.13826412,-0.13826412
81,mort_acc,0.0,-1.8112017,-1.8112017,-0.03551376
81,pub_rec_bankruptcies,0.0,3.5862727,3.5862727,0.29885605
81,fico_score,662.0,591.66205,-70.33795,-0.37918034
81,month_of_year,8.0,13.133154,5.133154,0.46665037
81,ratio_loan_amnt_annual_inc,0.4,-65.53199,-65.93199,-0.21226895
81,ratio_open_acc_total_acc,0.72727275,0.9344318,0.20715904,0.21233803
81,month_since_earliest_cr_line,94.0,-54.438606,-148.4386,-0.15414184
81,ratio_pub_rec_month_since_earliest_cr_line,0.0,-0.09514343,-0.09514343,-0.19184658
81,ratio_pub_rec_bankruptcies_month_since_earliest_cr_line,0.0,0.027934879,0.027934879,0.30728367
81,ratio_pub_rec_bankruptcies_pub_rec,-1.0,-0.2194426,0.7805574,0.3902787
82,loan_amnt,8000.0,7955.4395,-44.560547,-0.0011425763
82,term,36.0,40.58876,4.5887604,0.19119835
82,int_rate,18.75,26.397327,7.6473274,0.29779315
82,installment,292.24,285.49973,-6.740265,-0.0039304197
82,sub_grade,17.0,33.131863,16.131863,0.47446656
82,emp_length,2.0,6.2716637,4.2716637,0.4271664
82,home_ownership,1.0,0.5626289,-0.43737108,-0.08747422
82,annual_inc,75000.0,1.01720044e+06,942200.44,0.08566107
82,verification_status,0.0,-0.68432015,-0.68432015,-0.34216008
82,purpose,4.0,3.154418,-0.845582,-0.065044776
82,dti,8.03,148.32742,140.29742,0.14029743
82,open_acc,7.0,14.194538,7.194538,0.0808375
82,pub_rec,0.0,-30.65711,-30.65711,-0.35647804
82,revol_bal,8307.0,-922072.7,-930379.7,-0.32028648
82,revol_util,82.2,465.4768,383.2768,0.42953807
82,total_acc,8.0,-38.215996,-46.215996,-0.26560917
82,initial_list_status,1.0,0.69223565,-0.30776435,-0.30776435
82,application_type,0.0,0.47067788,0.47067788,0.47067788
82,mort_acc,0.0,23.79917,23.79917,0.4666504
82,pub_rec_bankruptcies,0.0,-0.57293105,-0.57293105,-0.047744256
82,fico_score,667.0,686.6635,19.663513,0.10600276
82,month_of_year,8.0,5.120683,-2.8793168,-0.2617561
82,ratio_loan_amnt_annual_inc,0.10666667,-123.16248,-123.26915,-0.39686674
82,ratio_open_acc_total_acc,0.875,0.955808,0.080807984,0.08282822
82,month_since_earliest_cr_line,49.0,17.793331,-31.206669,-0.03240568
82,ratio_pub_rec_month_since_earliest_cr_line,0.0,-0.18528353,-0.18528353,-0.37360448
82,ratio_pub_rec_bankruptcies_month_since_earliest_cr_line,0.0,0.034553885,0.034553885,0.38009274
82,ratio_pub_rec_bankruptcies_pub_rec,-1.0,-1.4452512,-0.44525123,-0.22262561
83,loan_amnt,8325.0,20441.814,12116.814,0.31068754
83,term,36.0,46.48266,10.482658,0.43677744
83,int_rate,14.09,3.3746428,-10.715357,-0.41726473
83,installment,284.9,1099.4775,814.5775,0.475
83,sub_grade,9.0,24.960745,15.960745,0.46943367
83,emp_length,3.0,4.3678327,1.3678327,0.13678324
83,home_ownership,1.0,3.0001853,2.0001853,0.40003705
83,annual_inc,24000.0,3.1063815e+06,3.0823815e+06,0.2802377
83,verification_status,1.0,1.3774488,0.3774488,0.1887244
83,purpose,5.0,3.1502783,-1.8497217,-0.14228629
83,dti,13.9,-234.9696,-248.8696,-0.2488696
83,open_acc,4.0,27.863506,23.863506,0.2681293
83,pub_rec,0.0,14.388949,14.388949,0.16731337
83,revol_bal,3107.0,1.1327552e+06,1.1296482e+06,0.38888538
83,revol_util,77.7,-83.33593,-161.03592,-0.18047285
83,total_acc,9.0,70.8205,61.820503,0.35529023
83,initial_list_status,1.0,0.7668344,-0.23316562,-0.23316562
83,application_type,0.0,-0.3990748,-0.3990748,-0.3990748
83,mort_acc,0.0,-23.322866,-23.322866,-0.4573111
83,pub_rec_bankruptcies,0.0,-2.2110453,-2.2110453,-0.18425377
83,fico_score,692.0,778.32983,86.329834,0.46538994
83,month_of_year,8.0,5.0878425,-2.9121575,-0.26474163
83,ratio_loan_amnt_annual_inc,0.346875,28.203016,27.856142,0.089683235
83,ratio_open_acc_total_acc,0.44444445,0.8908883,0.44644383,0.45760491
83,month_since_earliest_cr_line,69.0,102.409775,33.409775,0.03469343
83,ratio_pub_rec_month_since_earliest_cr_line,0.0,-0.025769986,-0.025769986,-0.05196243
83,ratio_pub_rec_bankruptcies_month_since_earliest_cr_line,0.0,-0.011879243,-0.011879243,-0.13067167
83,ratio_pub_rec_bankruptcies_pub_rec,-1.0,-1.29463,-0.29463005,-0.14731503
84,loan_amnt,7000.0,23086.105,16086.105,0.41246426
84,term,36.0,26.443367,-9.556633,-0.39819303
84,int_rate,16.29,11.410038,-4.879963,-0.19002971
84,installment,247.11,510.81665,263.70667,0.15377377
84,sub_grade,13.0,19.335474,6.335474,0.18633747
84,emp_length,2.0,3.5201888,1.5201888,0.15201889
84,home_ownership,1.0,0.94054466,-0.059455335,-0.011891067
84,annual_inc,141000.0,345918.06,204918.06,0.018630326
84,verification_status,0.0,-0.2581783,-0.2581783,-0.12908915
84,purpose,4.0,8.350751,4.350751,0.33467314
84,dti,21.04,167.42052,146.38052,0.14638053
84,open_acc,17.0,16.13638,-0.86362076,-0.009703606
84,pub_rec,0.0,-33.020447,-33.020447,-0.3839587
84,revol_bal,7864.0,-1.1078565e+06,-1.1157205e+06,-0.3840907
84,revol_util,77.9,367.53604,289.63605,0.32459491
84,total_acc,35.0,-44.033604,-79.0336,-0.45421612
84,initial_list_status,1.0,1.3609712,0.3609712,0.3609712
84,application_type,0.0,-0.3318448,-0.3318448,-0.3318448
84,mort_acc,3.0,-17.70293,-20.70293,-0.40593982
84,pub_rec_bankruptcies,0.0,4.9117985,4.9117985,0.40931654
84,fico_score,672.0,647.25616,-24.743835,-0.13338995
84,month_of_year,8.0,11.4739895,3.4739895,0.31581724
84,ratio_loan_amnt_annual_inc,0.04964539,-81.70383,-81.75347,-0.26320645
84,ratio_open_acc_total_acc,0.4857143,0.82880515,0.34309086,0.35166818
84,month_since_earliest_cr_line,202.0,-26.736286,-228.73628,-0.2375247
84,ratio_pub_rec_month_since_earliest_cr_line,0.0,0.06025644,0.06025644,0.12150069
84,ratio_pub_rec_bankruptcies_month_since_earliest_cr_line,0.0,0.034198273,0.034198273,0.37618098
84,ratio_pub_rec_bankruptcies_pub_rec,-1.0,-1.6863846,-0.68638456,-0.34319228
85,loan_amnt,9500.0,16091.277,6591.2773,0.16900711
85,term,36.0,46.00245,10.002449,0.4167687
85,int_rate,12.12,22.30535,10.185349,0.39662576
85,installment,316.09,195.86812,-120.22188,-0.070104316
85,sub_grade,7.0,22.341814,15.341814,0.4512298
85,emp_length,5.0,9.19269,4.19269,0.41926897
85,home_ownership,1.0,-0.58105755,-1.5810575,-0.31621152
85,annual_inc,52000.0,-593183.56,-645183.56,-0.058657493
85,verification_status,0.0,0.27550536,0.27550536,0.13775268
85,purpose,0.0,0.4701537,0.4701537,0.03616567
85,dti,18.55,326.73154,308.18155,0.30818155
85,open_acc,9.0,9.681769,0.6817694,0.0076603293
85,pub_rec,0.0,-8.124804,-8.124804,-0.09447446
85,revol_bal,17043.0,1.3528566e+06,1.3358136e+06,0.45985854
85,revol_util,71.3,406.13983,334.83984,0.37525478
85,total_acc,20.0,1.0209479,-18.979052,-0.10907502
85,initial_list_status,1.0,1.4085754,0.40857542,0.40857542
85,application_type,0.0,0.4094035,0.4094035,0.4094035
85,mort_acc,0.0,-6.806704,-6.806704,-0.13346478
85,pub_rec_bankruptcies,0.0,-5.4025426,-5.4025426,-0.45021188
85,fico_score,692.0,634.9261,-57.073914,-0.30767608
85,month_of_year,8.0,8.89351,0.89350986,0.08122814
85,ratio_loan_amnt_annual_inc,0.1826923,-135.45354,-135.63623,-0.43668273
85,ratio_open_acc_total_acc,0.45,0.6672266,0.21722662,0.22265732
85,month_since_earliest_cr_line,176.0,175.38765,-0.61235046,-0.00063587725
85,ratio_pub_rec_month_since_earliest_cr_line,0.0,0.083764866,0.083764866,0.16890292
85,ratio_pub_rec_bankruptcies_month_since_earliest_cr_line,0.0,-0.015087992,-0.015087992,-0.16596791
85,ratio_pub_rec_bankruptcies_pub_rec,-1.0,-1.3839946,-0.38399458,-0.19199729
86,loan_amnt,21000.0,4679.403,-16320.598,-0.41847688
86,term,36.0,40.651245,4.651245,0.19380188
86,int_rate,14.33,5.126714,-9.203285,-0.35838342
86,installment,721.11,620.8232,-100.286804,-0.058479667
86,sub_grade,10.0,11.430632,1.4306316,0.042077392
86,emp_length,3.0,4.2199554,1.2199554,0.12199554
86,home_ownership,0.0,1.5624143,1.5624143,0.31248286
86,annual_inc,175000.0,848806.44,673806.44,0.06125977
86,verification_status,2.0,2.8410716,0.8410716,0.4205358
86,purpose,0.0,-4.050229,-4.050229,-0.31155607
86,dti,11.77,-230.20633,-241.97633,-0.24197632
86,open_acc,20.0,31.269133,11.269133,0.12661947
86,pub_rec,0.0,-2.2209425,-2.2209425,-0.025824912
86,revol_bal,45872.0,1.272615e+06,1.226743e+06,0.4223106
86,revol_util,60.9,275.33755,214.43756,0.24032003
86,total_acc,62.0,-12.113363,-74.113365,-0.42593887
86,initial_list_status,1.0,0.551082,-0.44891798,-0.44891798
86,application_type,0.0,0.07221487,0.07221487,0.07221487
86,mort_acc,3.0,-10.725152,-13.725152,-0.26912063
86,pub_rec_bankruptcies,0.0,-3.04526,-3.04526,-0.25377166
86,fico_score,687.0,773.1894,86.18939,0.46463287
86,month_of_year,8.0,9.101602,1.1016016,0.10014558
86,ratio_loan_amnt_annual_inc,0.12,21.485134,21.365133,0.06878535
86,ratio_open_acc_total_acc,0.32258064,0.04513009,-0.27745056,-0.28438678
86,month_since_earliest_cr_line,215.0,660.69904,445.69904,0.46282348
86,ratio_pub_rec_month_since_earliest_cr_line,0.0,-0.025981728,-0.025981728,-0.052389387
86,ratio_pub_rec_bankruptcies_month_since_earliest_cr_line,0.0,0.0054463632,0.0054463632,0.059909996
86,ratio_pub_rec_bankruptcies_pub_rec,-1.0,-1.8452127,-0.8452127,-0.42260635
87,loan_amnt,9000.0,24307.947,15307.947,0.3925115
87,term,36.0,42.489014,6.4890137,0.27037558
87,int_rate,17.27,25.676939,8.406939,0.327373
87,installment,322.09,245.80122,-76.28877,-0.044485837
87,sub_grade,14.0,18.021883,4.021883,0.11829069
87,emp_length,4.0,3.9949007,-0.0050992966,-0.00050994754
87,home_ownership,0.0,1.8962961,1.8962961,0.37925923
87,annual_inc,110000.0,2.030726e+06,1.920726e+06,0.17462468
87,verification_status,0.0,-0.44784304,-0.44784304,-0.22392152
87,purpose,0.0,-2.614119,-2.614119,-0.20108607
87,dti,28.83,-342.21786,-371.04785,-0.37104788
87,open_acc,21.0,0.19364166,-20.806358,-0.23377931
87,pub_rec,0.0,37.273796,37.273796,0.43341625
87,revol_bal,43544.0,387627.66,344083.66,0.118452005
87,revol_util,82.8,180.58296,97.78296,0.1095853
87,total_acc,39.0,-21.377264,-60.377266,-0.34699577
87,initial_list_status,1.0,0.57027364,-0.42972636,-0.42972636
87,application_type,0.0,-0.40931657,-0.40931657,-0.40931657
87,mort_acc,0.0,-14.164284,-14.164284,-0.27773106
87,pub_rec_bankruptcies,0.0,3.944702,3.944702,0.32872516
87,fico_score,672.0,686.7336,14.733582,0.07942631
87,month_of_year,8.0,7.8781705,-0.12182951,-0.011075437
87,ratio_loan_amnt_annual_inc,0.08181818,14.154345,14.072526,0.045306694
87,ratio_open_acc_total_acc,0.53846157,0.9956129,0.45715135,0.46858013
87,month_since_earliest_cr_line,217.0,-189.32208,-406.32208,-0.42193362
87,ratio_pub_rec_month_since_earliest_cr_line,0.0,0.04226647,0.04226647,0.08522583
87,ratio_pub_rec_bankruptcies_month_since_earliest_cr_line,0.0,0.040765416,0.040765416,0.44841957
87,ratio_pub_rec_bankruptcies_pub_rec,-1.0,-1.825356,-0.825356,-0.412678
88,loan_amnt,5000.0,17711.902,12711.902,0.3259462
88,term,36.0,47.199608,11.199608,0.46665034
88,int_rate,8.9,-0.8096776,-9.709677,-0.3781027
88,installment,158.77,-250.49017,-409.2602,-0.23864958
88,sub_grade,4.0,15.782613,11.782613,0.34654745
88,emp_length,1.0,-3.120267,-4.120267,-0.41202667
88,home_ownership,1.0,2.684803,1.684803,0.3369606
88,annual_inc,20000.0,-1.1681648e+06,-1.1881648e+06,-0.10802316
88,verification_status,0.0,-0.7091754,-0.7091754,-0.3545877
88,purpose,0.0,5.926893,5.926893,0.45591486
88,dti,6.9,-439.75348,-446.65347,-0.4466535
88,open_acc,3.0,30.602423,27.602423,0.3101396
88,pub_rec,0.0,29.633049,29.633049,0.34457034
88,revol_bal,4403.0,1.3488292e+06,1.3444262e+06,0.46282345
88,revol_util,30.2,-315.5676,-345.7676,-0.3875015
88,total_acc,12.0,-31.155052,-43.155052,-0.24801753
88,initial_list_status,1.0,1.0116514,0.011651397,0.011651397
88,application_type,0.0,0.42378378,0.42378378,0.42378378
88,mort_acc,0.0,-10.442071,-10.442071,-0.20474648
88,pub_rec_bankruptcies,0.0,3.0408776,3.0408776,0.25340647
88,fico_score,747.0,816.90857,69.90857,0.37686563
88,month_of_year,8.0,5.1692176,-2.8307824,-0.2573439
88,ratio_loan_amnt_annual_inc,0.25,-147.2878,-147.5378,-0.475
88,ratio_open_acc_total_acc,0.25,0.6924397,0.44243968,0.4535007
88,month_since_earliest_cr_line,176.0,-36.486443,-212.48645,-0.22065051
88,ratio_pub_rec_month_since_earliest_cr_line,0.0,-0.060774665,-0.060774665,-0.12254564
88,ratio_pub_rec_bankruptcies_month_since_earliest_cr_line,0.0,-0.019890072,-0.019890072,-0.21879078
88,ratio_pub_rec_bankruptcies_pub_rec,-1.0,-0.22497326,0.77502674,0.38751337
89,loan_amnt,20000.0,28062.857,8062.8574,0.20673993
89,term,36.0,47.255867,11.255867,0.46899447
89,int_rate,13.11,12.479353,-0.6306467,-0.024557889
89,installment,674.94,1138.0957,463.1557,0.27007732
89,sub_grade,8.0,5.6274233,-2.3725767,-0.069781676
89,emp_length,10.0,10.387159,0.38715935,0.03871596
89,home_ownership,0.0,2.341642,2.341642,0.4683284
89,annual_inc,87300.0,-883598.75,-970898.75,-0.08827021
89,verification_status,2.0,1.2377119,-0.7622881,-0.38114405
89,purpose,0.0,-1.025919,-1.025919,-0.07891684
89,dti,14.76,-19.829737,-34.589737,-0.034589738
89,open_acc,9.0,-6.5604086,-15.560409,-0.17483605
89,pub_rec,0.0,11.029176,11.029176,0.12824623
89,revol_bal,8468.0,1.3614844e+06,1.3530164e+06,0.46578065
89,revol_util,67.7,122.47641,54.776413,0.06138789
89,total_acc,45.0,30.80815,-14.191851,-0.081562355
89,initial_list_status,1.0,0.95856345,-0.041436553,-0.041436553
89,application_type,0.0,-0.31436604,-0.31436604,-0.31436604
89,mort_acc,2.0,-13.570293,-15.570293,-0.30529988
89,pub_rec_bankruptcies,0.0,-1.4894642,-1.4894642,-0.124122016
89,fico_score,697.0,780.7805,83.78052,0.451647
89,month_of_year,8.0,3.6441336,-4.3558664,-0.39598787
89,ratio_loan_amnt_annual_inc,0.22909507,116.95037,116.721275,0.3757858
89,ratio_open_acc_total_acc,0.2,0.6279851,0.42798513,0.43868476
89,month_since_earliest_cr_line,424.0,94.54976,-329.45026,-0.34210825
89,ratio_pub_rec_month_since_earliest_cr_line,0.0,0.12850435,0.12850435,0.25911534
89,ratio_pub_rec_bankruptcies_month_since_earliest_cr_line,0.0,0.028257918,0.028257918,0.3108371
89,ratio_pub_rec_bankruptcies_pub_rec,-1.0,-1.0265224,-0.026522398,-0.013261199
90,loan_amnt,15000.0,8490.4,-6509.5996,-0.16691282
90,term,36.0,46.848927,10.848927,0.45203862
90,int_rate,19.72,8.304216,-11.415783,-0.44453987
90,installment,555.32,1253.5961,698.27606,0.40718177
90,sub_grade,19.0,34.810333,15.810333,0.46500975
90,emp_length,1.0,-0.9710881,-1.9710882,-0.1971088
90,home_ownership,1.0,2.6531696,1.6531696,0.33063394
90,annual_inc,42500.0,-1.1408245e+06,-1.1833245e+06,-0.1075831
90,verification_status,0.0,-0.8976346,-0.8976346,-0.4488173
90,purpose,0.0,-4.7960224,-4.7960224,-0.3689248
90,dti,16.55,93.85946,77.30946,0.07730946
90,open_acc,11.0,-5.5757565,-16.575756,-0.18624446
90,pub_rec,0.0,23.564945,23.564945,0.274011
90,revol_bal,23044.0,-461379.1,-484423.1,-0.16676435
90,revol_util,89.0,346.88824,257.88824,0.2890152
90,total_acc,18.0,-41.05393,-59.05393,-0.3393904
90,initial_list_status,1.0,1.3068237,0.30682373,0.30682373
90,application_type,0.0,-0.32594502,-0.32594502,-0.32594502
90,mort_acc,0.0,19.601538,19.601538,0.38434386
90,pub_rec_bankruptcies,0.0,4.9118814,4.9118814,0.40932345
90,fico_score,662.0,697.9662,35.966187,0.1938878
90,month_of_year,8.0,3.925271,-4.074729,-0.37042993
90,ratio_loan_amnt_annual_inc,0.3529412,-147.18486,-147.5378,-0.475
90,ratio_open_acc_total_acc,0.6111111,0.95950055,0.34838945,0.35709918
90,month_since_earliest_cr_line,139.0,-281.53793,-420.53793,-0.4366957
90,ratio_pub_rec_month_since_earliest_cr_line,0.0,0.043839637,0.043839637,0.08839796
90,ratio_pub_rec_bankruptcies_month_since_earliest_cr_line,0.0,-0.020795992,-0.020795992,-0.2287559
90,ratio_pub_rec_bankruptcies_pub_rec,-1.0,-0.24074143,0.75925857,0.37962928
91,loan_amnt,6000.0,23195.324,17195.324,0.44090575
91,term,36.0,45.414474,9.4144745,0.39226976
91,int_rate,14.33,23.521154,9.1911545,0.357911
91,installment,206.03,268.68518,62.65518,0.03653577
91,sub_grade,10.0,17.247633,7.247633,0.21316567
91,emp_length,1.0,-2.7334106,-3.7334106,-0.37334105
91,home_ownership,2.0,1.7979636,-0.20203638,-0.04040727
91,annual_inc,75000.0,-1.3447788e+06,-1.4197788e+06,-0.12908056
91,verification_status,0.0,-0.084827274,-0.084827274,-0.042413637
91,purpose,4.0,2.7749436,-1.2250564,-0.09423512
91,dti,5.57,301.7852,296.21518,0.29621518
91,open_acc,4.0,46.275,42.275,0.47500002
91,pub_rec,0.0,18.904047,18.904047,0.2198145
91,revol_bal,13567.0,-38914.598,-52481.598,-0.018066974
91,revol_util,71.4,-320.32333,-391.72333,-0.43900406
91,total_acc,15.0,83.82201,68.82201,0.3955288
91,initial_list_status,1.0,1.4314137,0.43141365,0.43141365
91,application_type,0.0,-0.23474562,-0.23474562,-0.23474562
91,mort_acc,0.0,11.481205,11.481205,0.22512166
91,pub_rec_bankruptcies,0.0,1.103952,1.103952,0.09199601
91,fico_score,672.0,610.382,-61.61798,-0.3321724
91,month_of_year,8.0,7.168415,-0.83158493,-0.07559866
91,ratio_loan_amnt_annual_inc,0.08,126.44378,126.36378,0.40682995
91,ratio_open_acc_total_acc,0.26666668,0.1946927,-0.07197398,-0.073773324
91,month_since_earliest_cr_line,62.0,71.44385,9.443848,0.009806694
91,ratio_pub_rec_month_since_earliest_cr_line,0.0,-0.049633045,-0.049633045,-0.100079745
91,ratio_pub_rec_bankruptcies_month_since_earliest_cr_line,0.0,0.041107118,0.041107118,0.4521783
91,ratio_pub_rec_bankruptcies_pub_rec,-1.0,-1.8028286,-0.80282855,-0.40141428
92,loan_amnt,12000.0,-1077.259,-13077.259,-0.33531433
92,term,36.0,28.528448,-7.471552,-0.31131467
92,int_rate,12.12,8.380072,-3.7399282,-0.14563583
92,installment,399.26,1081.5214,682.26135,0.39784318
92,sub_grade,7.0,22.866112,15.866112,0.4666503
92,emp_length,10.0,6.0607233,-3.9392767,-0.3939277
92,home_ownership,1.0,1.6207697,0.62076974,0.12415396
92,annual_inc,55000.0,-1.4686356e+06,-1.5236356e+06,-0.13852282
92,verification_status,0.0,-0.6924027,-0.6924027,-0.34620136
92,purpose,0.0,4.5247917,4.5247917,0.3480609
92,dti,9.49,224.7802,215.29019,0.2152902
92,open_acc,10.0,-21.458593,-31.458593,-0.35346735
92,pub_rec,0.0,-31.601513,-31.601513,-0.36745945
92,revol_bal,10718.0,1.390515e+06,1.379797e+06,0.47499996
92,revol_util,35.6,83.79274,48.19274,0.054009575
92,total_acc,21.0,72.99747,51.997467,0.29883602
92,initial_list_status,1.0,1.1926056,0.19260561,0.19260561
92,application_type,0.0,-0.17062366,-0.17062366,-0.17062366
92,mort_acc,0.0,-24.225,-24.225,-0.475
92,pub_rec_bankruptcies,0.0,4.817238,4.817238,0.40143648
92,fico_score,697.0,682.4596,-14.540405,-0.078384936
92,month_of_year,8.0,9.202701,1.2027006,0.109336376
92,ratio_loan_amnt_annual_inc,0.21818182,-139.64494,-139.86313,-0.45029125
92,ratio_open_acc_total_acc,0.47619048,0.81137186,0.3351814,0.34356096
92,month_since_earliest_cr_line,153.0,-295.04416,-448.04416,-0.46525875
92,ratio_pub_rec_month_since_earliest_cr_line,0.0,-0.11033113,-0.11033113,-0.22247097
92,ratio_pub_rec_bankruptcies_month_since_earliest_cr_line,0.0,-0.012654194,-0.012654194,-0.13919613
92,ratio_pub_rec_bankruptcies_pub_rec,-1.0,-1.674501,-0.67450094,-0.33725047
93,loan_amnt,7000.0,3604.045,-3395.955,-0.08707578
93,term,36.0,43.48986,7.4898605,0.31207752
93,int_rate,15.31,7.850638,-7.4593625,-0.29047358
93,installment,243.73,90.63362,-153.09637,-0.08927423
93,sub_grade,11.0,19.928688,8.928688,0.26260847
93,emp_length,1.0,-0.48869643,-1.4886965,-0.14886965
93,home_ownership,1.0,-0.95906734,-1.9590673,-0.39181346
93,annual_inc,87500.0,3.6847168e+06,3.5972168e+06,0.32704446
93,verification_status,2.0,1.439969,-0.56003106,-0.28001553
93,purpose,1.0,-1.6886139,-2.688614,-0.20681646
93,dti,1.62,-403.9913,-405.6113,-0.4056113
93,open_acc,3.0,5.006149,2.0061488,0.022540996
93,pub_rec,0.0,-26.174067,-26.174067,-0.3043496
93,revol_bal,3491.0,-513746.38,-517237.38,-0.17806078
93,revol_util,41.6,88.287056,46.687057,0.05232215
93,total_acc,7.0,7.19781,0.19781017,0.0011368394
93,initial_list_status,1.0,0.6820597,-0.3179403,-0.3179403
93,application_type,0.0,-0.2514171,-0.2514171,-0.2514171
93,mort_acc,0.0,7.089883,7.089883,0.13901731
93,pub_rec_bankruptcies,0.0,1.7820992,1.7820992,0.14850827
93,fico_score,702.0,679.3286,-22.671387,-0.122217715
93,month_of_year,8.0,11.266262,3.266262,0.29693294
93,ratio_loan_amnt_annual_inc,0.08,-49.398605,-49.478607,-0.15929706
93,ratio_open_acc_total_acc,0.42857143,0.7175766,0.2890052,0.29623035
93,month_since_earliest_cr_line,54.0,17.404434,-36.595566,-0.038001627
93,ratio_pub_rec_month_since_earliest_cr_line,0.0,0.045815166,0.045815166,0.0923814
93,ratio_pub_rec_bankruptcies_month_since_earliest_cr_line,0.0,0.0067219073,0.0067219073,0.07394098
93,ratio_pub_rec_bankruptcies_pub_rec,-1.0,-1.1394521,-0.1394521,-0.06972605
94,loan_amnt,1000.0,9034.165,8034.165,0.20600423
94,term,36.0,25.65895,-10.341049,-0.43087706
94,int_rate,15.31,10.456971,-4.8530293,-0.18898086
94,installment,34.82,203.55606,168.73605,0.09839411
94,sub_grade,11.0,16.288628,5.2886276,0.15554786
94,emp_length,1.0,5.649805,4.649805,0.4649805
94,home_ownership,1.0,2.6065083,1.6065083,0.32130164
94,annual_inc,19500.0,667787.75,648287.75,0.05893971
94,verification_status,0.0,-0.7055918,-0.7055918,-0.3527959
94,purpose,12.0,14.07536,2.0753603,0.15964311
94,dti,25.17,33.459747,8.289747,0.008289747
94,open_acc,11.0,42.312836,31.312836,0.35182962
94,pub_rec,0.0,-28.105417,-28.105417,-0.32680717
94,revol_bal,13716.0,-411610.3,-425326.3,-0.14642008
94,revol_util,83.1,22.550894,-60.549103,-0.06785734
94,total_acc,22.0,63.454147,41.454147,0.23824224
94,initial_list_status,1.0,0.71635526,-0.28364474,-0.28364474
94,application_type,0.0,0.21448404,0.21448404,0.21448404
94,mort_acc,0.0,3.5266774,3.5266774,0.06915054
94,pub_rec_bankruptcies,0.0,-3.8749652,-3.8749652,-0.32291377
94,fico_score,672.0,636.4506,-35.549377,-0.19164085
94,month_of_year,8.0,4.0307508,-3.9692492,-0.36084086
94,ratio_loan_amnt_annual_inc,0.051282052,3.1229722,3.07169,0.009889349
94,ratio_open_acc_total_acc,0.5,0.14809215,-0.35190785,-0.36070552
94,month_since_earliest_cr_line,201.0,205.35829,4.3582916,0.004525751
94,ratio_pub_rec_month_since_earliest_cr_line,0.0,0.19395173,0.19395173,0.39108297
94,ratio_pub_rec_bankruptcies_month_since_earliest_cr_line,0.0,0.03970914,0.03970914,0.4368005
94,ratio_pub_rec_bankruptcies_pub_rec,-1.0,-0.6345421,0.3654579,0.18272895
95,loan_amnt,10625.0,-4012.8257,-14637.826,-0.37532884
95,term,36.0,34.064068,-1.9359322,-0.08066384
95,int_rate,10.16,-0.43779612,-10.5977955,-0.41268677
95,installment,343.64,1058.6602,715.02014,0.41694564
95,sub_grade,5.0,10.928892,5.928892,0.17437918
95,emp_length,5.0,8.023444,3.0234442,0.30234444
95,home_ownership,1.0,3.2638788,2.2638788,0.45277578
95,annual_inc,32000.0,-926446.56,-958446.56,-0.0871381
95,verification_status,0.0,0.51618457,0.51618457,0.25809228
95,purpose,0.0,0.95434344,0.95434344,0.07341103
95,dti,14.93,157.76048,142.83047,0.14283049
95,open_acc,3.0,-2.271452,-5.271452,-0.0592298
95,pub_rec,0.0,-8.618327,-8.618327,-0.1002131
95,revol_bal,672.0,506229.8,505557.8,0.17404005
95,revol_util,4.5,-385.5776,-390.0776,-0.43715972
95,total_acc,17.0,-17.368826,-34.368828,-0.19752198
95,initial_list_status,1.0,1.2968435,0.29684353,0.29684353
95,application_type,0.0,-0.21777658,-0.21777658,-0.21777658
95,mort_acc,0.0,16.922766,16.922766,0.33181894
95,pub_rec_bankruptcies,0.0,1.6779912,1.6779912,0.1398326
95,fico_score,782.0,832.3899,50.389893,0.27164358
95,month_of_year,8.0,9.310937,1.3109369,0.11917609
95,ratio_loan_amnt_annual_inc,0.33203125,22.134295,21.802263,0.07019269
95,ratio_open_acc_total_acc,0.1764706,0.03167649,-0.1447941,-0.14841396
95,month_since_earliest_cr_line,104.0,500.52707,396.52707,0.41176227
95,ratio_pub_rec_month_since_earliest_cr_line,0.0,0.17980655,0.17980655,0.36256075
95,ratio_pub_rec_bankruptcies_month_since_earliest_cr_line,0.0,-0.03346739,-0.03346739,-0.36814126
95,ratio_pub_rec_bankruptcies_pub_rec,-1.0,-0.7165598,0.28344017,0.14172009
96,loan_amnt,10200.0,22762.256,12562.256,0.32210916
96,term,36.0,28.660782,-7.339218,-0.30580077
96,int_rate,12.12,22.726543,10.606544,0.4130274
96,installment,339.38,447.71155,108.33154,0.06317076
96,sub_grade,7.0,-1.2263551,-8.226355,-0.24195161
96,emp_length,1.0,-3.353871,-4.3538713,-0.4353871
96,home_ownership,1.0,-0.5289366,-1.5289366,-0.30578732
96,annual_inc,75000.0,-1.9148011e+06,-1.9898011e+06,-0.18090472
96,verification_status,0.0,-0.31008026,-0.31008026,-0.15504013
96,purpose,4.0,2.5293024,-1.4706976,-0.1131306
96,dti,23.47,-451.53,-475.0,-0.475
96,open_acc,10.0,-2.8920195,-12.892019,-0.14485416
96,pub_rec,0.0,-6.7753835,-6.7753835,-0.07878353
96,revol_bal,7559.0,-1.0760622e+06,-1.0836212e+06,-0.37304044
96,revol_util,55.6,-212.55644,-268.15643,-0.30052274
96,total_acc,12.0,0.46519113,-11.534809,-0.066292
96,initial_list_status,1.0,1.1766946,0.17669463,0.17669463
96,application_type,0.0,0.1404902,0.1404902,0.1404902
96,mort_acc,0.0,9.216427,9.216427,0.18071425
96,pub_rec_bankruptcies,0.0,5.5864024,5.5864024,0.46553352
96,fico_score,692.0,780.1125,88.11249,0.47499993
96,month_of_year,8.0,10.535786,2.5357857,0.23052597
96,ratio_loan_amnt_annual_inc,0.136,-25.524664,-25.660664,-0.08261487
96,ratio_open_acc_total_acc,0.8333333,1.2876518,0.45431846,0.46567643
96,month_since_earliest_cr_line,94.0,-287.30655,-381.30655,-0.39595693
96,ratio_pub_rec_month_since_earliest_cr_line,0.0,-0.09850312,-0.09850312,-0.19862105
96,ratio_pub_rec_bankruptcies_month_since_earliest_cr_line,0.0,-0.036345314,-0.036345314,-0.39979845
96,ratio_pub_rec_bankruptcies_pub_rec,-1.0,-1.7068594,-0.70685935,-0.35342968
97,loan_amnt,28675.0,46988.23,18313.23,0.46956998
97,term,60.0,64.215225,4.215225,0.17563438
97,int_rate,14.09,5.56162,-8.528379,-0.33210206
97,installment,668.56,-94.38749,-762.9475,-0.44489327
97,sub_grade,9.0,16.171503,7.171503,0.21092653
97,emp_length,10.0,6.999469,-3.0005312,-0.30005312
97,home_ownership,0.0,-0.69738567,-0.69738567,-0.13947713
97,annual_inc,86000.0,2.0054464e+06,1.9194464e+06,0.17450833
97,verification_status,2.0,1.7846229,-0.21537709,-0.107688546
97,purpose,0.0,-2.0856075,-2.0856075,-0.16043136
97,dti,15.29,-421.96277,-437.25278,-0.4372528
97,open_acc,8.0,6.667068,-1.332932,-0.01497677
97,pub_rec,0.0,23.103127,23.103127,0.268641
97,revol_bal,21926.0,956580.2,934654.2,0.321758
97,revol_util,46.6,163.47433,116.87434,0.13098098
97,total_acc,22.0,79.321144,57.321144,0.32943186
97,initial_list_status,1.0,0.7535747,-0.24642527,-0.24642527
97,application_type,0.0,0.40768975,0.40768975,0.40768975
97,mort_acc,4.0,-0.23605564,-4.236056,-0.083059914
97,pub_rec_bankruptcies,0.0,5.2847843,5.2847843,0.4403987
97,fico_score,727.0,763.15344,36.153442,0.19489723
97,month_of_year,8.0,12.483407,4.483407,0.4075824
97,ratio_loan_amnt_annual_inc,0.33343023,21.653221,21.319792,0.06863937
97,ratio_open_acc_total_acc,0.36363637,0.67706054,0.31342417,0.32125983
97,month_since_earliest_cr_line,167.0,1.7049294,-165.29507,-0.17164597
97,ratio_pub_rec_month_since_earliest_cr_line,0.0,0.1630208,0.1630208,0.32871407
97,ratio_pub_rec_bankruptcies_month_since_earliest_cr_line,0.0,0.0042904536,0.0042904536,0.047194988
97,ratio_pub_rec_bankruptcies_pub_rec,-1.0,-1.8056756,-0.8056756,-0.4028378
98,loan_amnt,9000.0,10798.042,1798.042,0.04610364
98,term,36.0,36.43984,0.4398384,0.018326601
98,int_rate,19.72,22.881361,3.1613617,0.12310594
98,installment,333.19,71.87122,-261.3188,-0.15238136
98,sub_grade,19.0,10.958474,-8.041526,-0.23651546
98,emp_length,2.0,-0.7352656,-2.7352657,-0.27352655
98,home_ownership,0.0,-0.3063249,-0.3063249,-0.06126498
98,annual_inc,68065.0,-2.4636828e+06,-2.5317478e+06,-0.23017631
98,verification_status,0.0,-0.9440629,-0.9440629,-0.47203144
98,purpose,0.0,1.5777221,1.5777221,0.12136324
98,dti,22.6,107.27143,84.67143,0.08467142
98,open_acc,24.0,24.697079,0.6970787,0.007832348
98,pub_rec,0.0,-2.4069016,-2.4069016,-0.027987229
98,revol_bal,10405.0,-42805.098,-53210.098,-0.018317763
98,revol_util,83.2,208.42581,125.225815,0.14034048
98,total_acc,28.0,103.83871,75.83871,0.43585467
98,initial_list_status,1.0,1.0248052,0.024805188,0.024805188
98,application_type,0.0,-0.02529646,-0.02529646,-0.02529646
98,mort_acc,1.0,-13.900241,-14.900241,-0.29216158
98,pub_rec_bankruptcies,0.0,5.1341705,5.1341705,0.42784753
98,fico_score,667.0,646.6989,-20.301086,-0.10943982
98,month_of_year,8.0,12.812183,4.8121834,0.43747115
98,ratio_loan_amnt_annual_inc,0.13222654,-42.085712,-42.217937,-0.13592125
98,ratio_open_acc_total_acc,0.85714287,0.8584108,0.00126791,0.0012996197
98,month_since_earliest_cr_line,141.0,-271.08646,-412.08646,-0.42791948
98,ratio_pub_rec_month_since_earliest_cr_line,0.0,0.21561788,0.21561788,0.43477046
98,ratio_pub_rec_bankruptcies_month_since_earliest_cr_line,0.0,-0.018683938,-0.018683938,-0.20552331
98,ratio_pub_rec_bankruptcies_pub_rec,-1.0,-1.5997205,-0.5997205,-0.29986024
99,loan_amnt,18000.0,17756.875,-243.125,-0.00623399
99,term,36.0,40.624588,4.624588,0.19269116
99,int_rate,7.9,8.052027,0.15202665,0.005920045
99,installment,563.23,425.8477,-137.3823,-0.08011097
99,sub_grade,3.0,16.275625,13.275625,0.39045957
99,emp_length,2.0,5.3077035,3.3077035,0.33077037
99,home_ownership,0.0,-1.0792532,-1.0792532,-0.21585064
99,annual_inc,100000.0,4.7586225e+06,4.6586225e+06,0.4235432
99,verification_status,0.0,-0.8038138,-0.8038138,-0.4019069
99,purpose,4.0,-1.4027681,-5.402768,-0.41559756
99,dti,18.7,-338.17935,-356.87936,-0.35687935
99,open_acc,20.0,-20.22713,-40.22713,-0.45199025
99,pub_rec,0.0,29.108793,29.108793,0.33847433
99,revol_bal,13316.0,948118.56,934802.56,0.32180908
99,revol_util,27.9,68.78711,40.887108,0.045822155
99,total_acc,40.0,-18.123365,-58.123367,-0.33404234
99,initial_list_status,1.0,1.195384,0.19538403,0.19538403
99,application_type,0.0,-0.17164324,-0.17164324,-0.17164324
99,mort_acc,2.0,3.8390355,1.8390355,0.036059517
99,pub_rec_bankruptcies,0.0,4.91293,4.91293,0.40941083
99,fico_score,727.0,790.27484,63.27484,0.34110427
99,month_of_year,8.0,7.7512717,-0.24872828,-0.022611678
99,ratio_loan_amnt_annual_inc,0.18,21.90875,21.72875,0.06995601
99,ratio_open_acc_total_acc,0.5,0.9406058,0.44060582,0.45162097
99,month_since_earliest_cr_line,152.0,156.33571,4.3357086,0.0045022964
99,ratio_pub_rec_month_since_earliest_cr_line,0.0,-0.04115603,-0.04115603,-0.08298675
99,ratio_pub_rec_bankruptcies_month_since_earliest_cr_line,0.0,-0.012896205,-0.012896205,-0.14185825
99,ratio_pub_rec_bankruptcies_pub_rec,-1.0,-1.8675361,-0.86753607,-0.43376803
100,loan_amnt,19000.0,15914.157,-3085.8428,-0.07912418
100,term,60.0,71.17312,11.173119,0.4655466
100,int_rate,18.75,8.968424,-9.781576,-0.3809025
100,installment,490.27,39.916428,-450.35358,-0.26261213
100,sub_grade,17.0,32.733784,15.733784,0.46275836
100,emp_length,6.0,6.904209,0.90420914,0.0904209
100,home_ownership,0.0,0.8884312,0.8884312,0.17768624
100,annual_inc,49000.0,-387122.7,-436122.7,-0.03965052
100,verification_status,1.0,0.255412,-0.744588,-0.372294
100,purpose,0.0,1.182608,1.182608,0.090969846
100,dti,24.83,-341.09152,-365.9215,-0.36592153
100,open_acc,8.0,39.78514,31.785141,0.3571364
100,pub_rec,0.0,-31.894178,-31.894178,-0.37086254
100,revol_bal,19637.0,-539078.9,-558715.9,-0.1923399
100,revol_util,71.9,227.08401,155.18402,0.17391463
100,total_acc,26.0,36.620358,10.6203575,0.061036542
100,initial_list_status,1.0,1.1275246,0.12752461,0.12752461
100,application_type,0.0,-0.37789503,-0.37789503,-0.37789503
100,mort_acc,0.0,5.039383,5.039383,0.09881143
100,pub_rec_bankruptcies,0.0,-0.587845,-0.587845,-0.048987087
100,fico_score,697.0,692.5412,-4.4588013,-0.02403666
100,month_of_year,8.0,7.7583985,-0.24160147,-0.021963775
100,ratio_loan_amnt_annual_inc,0.3877551,123.61273,123.224976,0.39672455
100,ratio_open_acc_total_acc,0.30769232,0.7179785,0.41028616,0.42054334
100,month_since_earliest_cr_line,143.0,234.91205,91.91205,0.09544345
100,ratio_pub_rec_month_since_earliest_cr_line,0.0,0.13125159,0.13125159,0.26465484
100,ratio_pub_rec_bankruptcies_month_since_earliest_cr_line,0.0,0.04141069,0.04141069,0.45551756
100,ratio_pub_rec_bankruptcies_pub_rec,-1.0,-1.95,-0.95000005,-0.47500002
101,loan_amnt,5000.0,-13525.0,-18525.0,-0.475
101,term,36.0,46.40473,10.404732,0.43353048
101,int_rate,14.09,21.79425,7.7042503,0.30000973
101,installment,171.11,-150.15005,-321.26007,-0.18733457
101,sub_grade,9.0,6.717878,-2.2821221,-0.06712125
101,emp_length,2.0,-2.7499998,-4.75,-0.47499996
101,home_ownership,0.0,0.7943852,0.7943852,0.15887704
101,annual_inc,54000.0,2.9199098e+06,2.8659098e+06,0.26055697
101,verification_status,2.0,1.8638073,-0.13619268,-0.06809634
101,purpose,9.0,4.885187,-4.114813,-0.3165241
101,dti,25.18,-100.265274,-125.445274,-0.12544528
101,open_acc,14.0,7.0940504,-6.9059496,-0.077594936
101,pub_rec,0.0,23.906006,23.906006,0.2779768
101,revol_bal,7323.0,995993.4,988670.4,0.34035325
101,revol_util,41.4,43.997616,2.5976143,0.002911143
101,total_acc,18.0,4.9717765,-13.028223,-0.07487485
101,initial_list_status,1.0,1.3355165,0.33551645,0.33551645
101,application_type,0.0,-0.14858645,-0.14858645,-0.14858645
101,mort_acc,1.0,-2.5692203,-3.5692203,-0.06998471
101,pub_rec_bankruptcies,0.0,5.6499014,5.6499014,0.4708251
101,fico_score,682.0,687.4179,5.4179077,0.02920705
101,month_of_year,8.0,10.566868,2.5668678,0.23335159
101,ratio_loan_amnt_annual_inc,0.09259259,-112.08804,-112.18063,-0.3611671
101,ratio_open_acc_total_acc,0.7777778,0.5963678,-0.18141001,-0.18594521
101,month_since_earliest_cr_line,75.0,-9.317944,-84.31795,-0.08755757
101,ratio_pub_rec_month_since_earliest_cr_line,0.0,0.13128054,0.13128054,0.26471323
101,ratio_pub_rec_bankruptcies_month_since_earliest_cr_line,0.0,-0.012570538,-0.012570538,-0.1382759
101,ratio_pub_rec_bankruptcies_pub_rec,-1.0,-1.6911521,-0.6911521,-0.34557605
102,loan_amnt,20000.0,37185.29,17185.29,0.44064847
102,term,36.0,47.4,11.400002,0.47500005
102,int_rate,15.8,5.4702306,-10.329769,-0.40224957
102,installment,701.17,-3.3031068,-704.4731,-0.41079542
102,sub_grade,12.0,27.960743,15.960743,0.46943364
102,emp_length,10.0,9.109659,-0.8903408,-0.08903408
102,home_ownership,0.0,2.375,2.375,0.475
102,annual_inc,88000.0,3.6630425e+06,3.5750425e+06,0.32502848
102,verification_status,1.0,0.5021839,-0.4978161,-0.24890804
102,purpose,0.0,2.694601,2.694601,0.207277
102,dti,21.4,377.37796,355.97797,0.35597798
102,open_acc,11.0,-22.041916,-33.041916,-0.37125748
102,pub_rec,0.0,-4.954836,-4.954836,-0.05761437
102,revol_bal,7401.0,-1.02057456e+06,-1.02797556e+06,-0.35388422
102,revol_util,47.7,60.36398,12.663979,0.01419251
102,total_acc,47.0,49.654907,2.6549072,0.015258104
102,initial_list_status,1.0,1.25443,0.25443006,0.25443006
102,application_type,0.0,-0.28001267,-0.28001267,-0.28001267
102,mort_acc,7.0,2.3126342,-4.6873655,-0.09190914
102,pub_rec_bankruptcies,0.0,0.33695495,0.33695495,0.028079579
102,fico_score,687.0,659.29474,-27.705261,-0.1493545
102,month_of_year,8.0,4.484759,-3.5152411,-0.3195674
102,ratio_loan_amnt_annual_inc,0.22727273,57.29925,57.07198,0.18374403
102,ratio_open_acc_total_acc,0.23404256,0.36334014,0.12929758,0.13253
102,month_since_earliest_cr_line,174.0,-168.9834,-342.9834,-0.35616136
102,ratio_pub_rec_month_since_earliest_cr_line,0.0,-0.057984322,-0.057984322,-0.116919205
102,ratio_pub_rec_bankruptcies_month_since_earliest_cr_line,0.0,-0.025868176,-0.025868176,-0.28454992
102,ratio_pub_rec_bankruptcies_pub_rec,-1.0,-0.114396095,0.8856039,0.44280195
103,loan_amnt,7300.0,17687.662,10387.662,0.26635033
103,term,36.0,45.186615,9.186615,0.38277563
103,int_rate,7.9,-1.9801846,-9.880184,-0.38474238
103,installment,228.42,-343.12302,-571.543,-0.33328068
103,sub_grade,3.0,11.778617,8.778617,0.25819463
103,emp_length,5.0,4.3488193,-0.65118074,-0.065118074
103,home_ownership,0.0,1.397062,1.397062,0.2794124
103,annual_inc,28800.0,-917604.6,-946404.6,-0.0860433
103,verification_status,2.0,1.05,-0.95000005,-0.47500002
103,purpose,4.0,6.8493414,2.8493414,0.21918008
103,dti,23.71,135.72557,112.01557,0.112015575
103,open_acc,10.0,20.179443,10.179443,0.11437576
103,pub_rec,0.0,14.3284235,14.3284235,0.16660957
103,revol_bal,7304.0,-136843.56,-144147.56,-0.049623307
103,revol_util,51.4,-223.62166,-275.02167,-0.3082166
103,total_acc,15.0,50.035942,35.035942,0.201356
103,initial_list_status,1.0,0.81885636,-0.18114364,-0.18114364
103,application_type,0.0,0.10356278,0.10356278,0.10356278
103,mort_acc,2.0,-1.2216394,-3.2216394,-0.063169405
103,pub_rec_bankruptcies,0.0,-1.8233118,-1.8233118,-0.15194266
103,fico_score,717.0,678.6974,-38.302612,-0.20648307
103,month_of_year,8.0,13.036859,5.0368586,0.45789623
103,ratio_loan_amnt_annual_inc,0.2534722,11.605363,11.351891,0.036547568
103,ratio_open_acc_total_acc,0.6666667,0.9792157,0.312549,0.3203627
103,month_since_earliest_cr_line,96.0,-230.01324,-326.01324,-0.3385392
103,ratio_pub_rec_month_since_earliest_cr_line,0.0,-0.1614025,-0.1614025,-0.32545093
103,ratio_pub_rec_bankruptcies_month_since_earliest_cr_line,0.0,-0.0053125927,-0.0053125927,-0.058438517
103,ratio_pub_rec_bankruptcies_pub_rec,-1.0,-1.0850737,-0.08507371,-0.042536855
104,loan_amnt,16000.0,33559.117,17559.117,0.4502338
104,term,36.0,27.769989,-8.230011,-0.3429171
104,int_rate,6.03,3.3967884,-2.6332119,-0.1025394
104,installment,486.97,345.01108,-141.95892,-0.082779706
104,sub_grade,0.0,-1.352889,-1.352889,-0.03979085
104,emp_length,0.0,0.8020885,0.8020885,0.08020885
104,home_ownership,0.0,-0.18640035,-0.18640035,-0.03728007
104,annual_inc,60000.0,-1.1498118e+06,-1.2098118e+06,-0.109991215
104,verification_status,0.0,-0.9197725,-0.9197725,-0.45988625
104,purpose,4.0,6.702234,2.7022338,0.20786414
104,dti,27.71,355.64084,327.93085,0.32793084
104,open_acc,8.0,-24.391783,-32.391785,-0.36395264
104,pub_rec,0.0,10.301158,10.301158,0.119780906
104,revol_bal,15110.0,-472955.78,-488065.78,-0.16801836
104,revol_util,32.4,-292.36087,-324.76086,-0.3639593
104,total_acc,21.0,83.626114,62.626114,0.35992017
104,initial_list_status,1.0,0.8101334,-0.1898666,-0.1898666
104,application_type,0.0,0.43726292,0.43726292,0.43726292
104,mort_acc,2.0,8.809854,6.8098536,0.13352655
104,pub_rec_bankruptcies,0.0,4.7598505,4.7598505,0.39665422
104,fico_score,802.0,877.11456,75.11456,0.40493023
104,month_of_year,8.0,11.014994,3.0149937,0.2740903
104,ratio_loan_amnt_annual_inc,0.26666668,48.7023,48.435635,0.1559392
104,ratio_open_acc_total_acc,0.3809524,-0.07094734,-0.45189974,-0.46319723
104,month_since_earliest_cr_line,241.0,-28.987816,-269.98782,-0.28036118
104,ratio_pub_rec_month_since_earliest_cr_line,0.0,-0.16083433,-0.16083433,-0.32430527
104,ratio_pub_rec_bankruptcies_month_since_earliest_cr_line,0.0,-0.008280223,-0.008280223,-0.091082454
104,ratio_pub_rec_bankruptcies_pub_rec,-1.0,-0.97175694,0.028243065,0.014121532
105,loan_amnt,30000.0,33055.438,3055.4375,0.078344524
105,term,60.0,60.312145,0.31214523,0.013006091
105,int_rate,22.95,24.370577,1.4205761,0.055318356
105,installment,844.86,153.65245,-691.2075,-0.40305996
105,sub_grade,25.0,40.25425,15.25425,0.4486544
105,emp_length,4.0,5.1337624,1.1337624,0.11337623
105,home_ownership,1.0,1.7559423,0.75594234,0.15118848
105,annual_inc,82000.0,-2.4652408e+06,-2.5472408e+06,-0.23158488
105,verification_status,2.0,1.4509948,-0.54900515,-0.27450258
105,purpose,0.0,-0.0008121263,-0.0008121263,-6.2471256e-05
105,dti,9.16,39.30547,30.14547,0.03014547
105,open_acc,6.0,31.123177,25.123177,0.2822829
105,pub_rec,0.0,-0.69429445,-0.69429445,-0.008073191
105,revol_bal,17130.0,1.2247184e+06,1.2075884e+06,0.41571653
105,revol_util,76.5,-71.5521,-148.0521,-0.1659219
105,total_acc,12.0,4.913111,-7.086889,-0.040729247
105,initial_list_status,1.0,0.8999288,-0.10007119,-0.10007119
105,application_type,0.0,0.0057709487,0.0057709487,0.0057709487
105,mort_acc,0.0,18.845697,18.845697,0.36952347
105,pub_rec_bankruptcies,0.0,-0.49589708,-0.49589708,-0.041324757
105,fico_score,682.0,740.54956,58.54956,0.31563103
105,month_of_year,8.0,7.7846346,-0.21536541,-0.019578695
105,ratio_loan_amnt_annual_inc,0.36585367,102.08985,101.724,0.32750183
105,ratio_open_acc_total_acc,0.5,0.6366721,0.13667208,0.14008889
105,month_since_earliest_cr_line,66.0,133.97255,67.97255,0.07058416
105,ratio_pub_rec_month_since_earliest_cr_line,0.0,-0.009600796,-0.009600796,-0.019358981
105,ratio_pub_rec_bankruptcies_month_since_earliest_cr_line,0.0,0.037982382,0.037982382,0.41780618
105,ratio_pub_rec_bankruptcies_pub_rec,-1.0,-1.0472977,-0.047297716,-0.023648858
106,loan_amnt,9000.0,1510.203,-7489.797,-0.19204608
106,term,36.0,34.222065,-1.777935,-0.07408062
106,int_rate,7.9,17.289742,9.389742,0.36564416
106,installment,281.62,156.58061,-125.03938,-0.072913505
106,sub_grade,3.0,6.1595163,3.1595163,0.09292694
106,emp_length,10.0,8.37152,-1.62848,-0.162848
106,home_ownership,2.0,1.2208672,-0.77913284,-0.15582657
106,annual_inc,48000.0,1.5788956e+06,1.5308956e+06,0.13918287
106,verification_status,0.0,-0.4963204,-0.4963204,-0.2481602
106,purpose,0.0,5.479588,5.479588,0.42150676
106,dti,23.1,483.99304,460.89304,0.46089303
106,open_acc,13.0,15.973259,2.973259,0.033407405
106,pub_rec,0.0,-34.86776,-34.86776,-0.40543908
106,revol_bal,9335.0,-927129.5,-936464.5,-0.3223812
106,revol_util,32.0,319.066,287.066,0.32171467
106,total_acc,23.0,-10.38964,-33.38964,-0.19189447
106,initial_list_status,1.0,0.7465249,-0.25347513,-0.25347513
106,application_type,0.0,-0.34926808,-0.34926808,-0.34926808
106,mort_acc,0.0,15.001288,15.001288,0.2941429
106,pub_rec_bankruptcies,0.0,-5.5663943,-5.5663943,-0.4638662
106,fico_score,727.0,720.9713,-6.0286865,-0.03249967
106,month_of_year,8.0,2.9920313,-5.007969,-0.4552699
106,ratio_loan_amnt_annual_inc,0.1875,-19.636225,-19.823725,-0.06382276
106,ratio_open_acc_total_acc,0.5652174,0.27718535,-0.28803203,-0.29523283
106,month_since_earliest_cr_line,232.0,532.2372,300.23718,0.3117728
106,ratio_pub_rec_month_since_earliest_cr_line,0.0,0.16188505,0.16188505,0.32642394
106,ratio_pub_rec_bankruptcies_month_since_earliest_cr_line,0.0,-0.035266954,-0.035266954,-0.38793647
106,ratio_pub_rec_bankruptcies_pub_rec,-1.0,-1.321101,-0.32110095,-0.16055048
107,loan_amnt,6000.0,12461.123,6461.123,0.16566981
107,term,36.0,33.62319,-2.3768082,-0.099033676
107,int_rate,14.09,10.351437,-3.7385635,-0.14558272
107,installment,205.33,1008.5718,803.24176,0.46838987
107,sub_grade,9.0,20.506184,11.506184,0.33841717
107,emp_length,10.0,9.665709,-0.33429146,-0.033429146
107,home_ownership,1.0,1.9114412,0.9114412,0.18228824
107,annual_inc,40000.0,1.9059496e+06,1.8659496e+06,0.16964464
107,verification_status,0.0,0.2534395,0.2534395,0.12671974
107,purpose,5.0,-0.007544522,-5.0075445,-0.38519573
107,dti,8.67,483.66998,474.99997,0.475
107,open_acc,9.0,22.47383,13.473829,0.15139133
107,pub_rec,0.0,-39.150635,-39.150635,-0.45523995
107,revol_bal,7962.0,782205.6,774243.6,0.2665361
107,revol_util,47.1,345.14163,298.04163,0.33401504
107,total_acc,10.0,-18.053265,-28.053265,-0.16122566
107,initial_list_status,1.0,1.3597327,0.35973275,0.35973275
107,application_type,0.0,-0.33032328,-0.33032328,-0.33032328
107,mort_acc,0.0,2.8679733,2.8679733,0.05623477
107,pub_rec_bankruptcies,0.0,-5.6499014,-5.6499014,-0.4708251
107,fico_score,682.0,706.7061,24.706116,0.13318661
107,month_of_year,8.0,12.540835,4.5408354,0.41280317
107,ratio_loan_amnt_annual_inc,0.15,-107.40364,-107.55364,-0.34627044
107,ratio_open_acc_total_acc,0.9,1.1233262,0.2233262,0.22890931
107,month_since_earliest_cr_line,195.0,593.7015,398.70148,0.41402024
107,ratio_pub_rec_month_since_earliest_cr_line,0.0,0.20213485,0.20213485,0.4075834
107,ratio_pub_rec_bankruptcies_month_since_earliest_cr_line,0.0,0.02889067,0.02889067,0.31779736
107,ratio_pub_rec_bankruptcies_pub_rec,-1.0,-1.8438566,-0.8438566,-0.4219283
108,loan_amnt,14500.0,4088.864,-10411.136,-0.26695222
108,term,36.0,38.405605,2.4056053,0.100233555
108,int_rate,17.77,16.3067,-1.4633007,-0.0569821
108,installment,522.54,562.97705,40.437073,0.023579836
108,sub_grade,15.0,30.960743,15.960743,0.4694336
108,emp_length,10.0,14.75,4.75,0.47500002
108,home_ownership,0.0,-0.39723605,-0.39723605,-0.07944721
108,annual_inc,39600.0,3.512436e+06,3.472836e+06,0.3157363
108,verification_status,2.0,1.6008737,-0.3991263,-0.19956315
108,purpose,0.0,-0.0059147514,-0.0059147514,-0.00045498088
108,dti,28.33,140.92932,112.59932,0.11259933
108,open_acc,16.0,49.515297,33.515297,0.37657636
108,pub_rec,0.0,3.2801988,3.2801988,0.038141847
108,revol_bal,27538.0,-1.04195525e+06,-1.0694932e+06,-0.36817682
108,revol_util,96.6,395.1899,298.5899,0.3346295
108,total_acc,32.0,-22.466032,-54.466034,-0.31302318
108,initial_list_status,1.0,0.90079457,-0.099205434,-0.099205434
108,application_type,0.0,-0.04868943,-0.04868943,-0.04868943
108,mort_acc,3.0,-10.955767,-13.955767,-0.27364248
108,pub_rec_bankruptcies,0.0,-5.4194536,-5.4194536,-0.45162115
108,fico_score,682.0,768.8863,86.88629,0.46838975
108,month_of_year,8.0,12.119549,4.119549,0.37450445
108,ratio_loan_amnt_annual_inc,0.3661616,93.68571,93.31954,0.30044356
108,ratio_open_acc_total_acc,0.5,0.8711038,0.37110382,0.38038144
108,month_since_earliest_cr_line,197.0,187.16672,-9.833282,-0.010211095
108,ratio_pub_rec_month_since_earliest_cr_line,0.0,-0.053068727,-0.053068727,-0.10700744
108,ratio_pub_rec_bankruptcies_month_since_earliest_cr_line,0.0,-0.028608983,-0.028608983,-0.31469882
108,ratio_pub_rec_bankruptcies_pub_rec,-1.0,-1.657047,-0.65704703,-0.32852352
109,loan_amnt,12000.0,11145.272,-854.72754,-0.021916091
109,term,36.0,24.758644,-11.241356,-0.46838984
109,int_rate,13.11,9.983003,-3.126997,-0.12176779
109,installment,404.97,39.145798,-365.82422,-0.213321
109,sub_grade,8.0,13.946779,5.9467793,0.17490529
109,emp_length,0.0,3.8589268,3.8589268,0.3858927
109,home_ownership,1.0,2.8172543,1.8172543,0.36345088
109,annual_inc,35000.0,3.3186068e+06,3.2836068e+06,0.2985323
109,verification_status,2.0,2.6086583,0.6086583,0.30432916
109,purpose,0.0,-4.825042,-4.825042,-0.37115705
109,dti,29.6,-13.90714,-43.50714,-0.04350714
109,open_acc,15.0,21.22224,6.2222404,0.069912806
109,pub_rec,0.0,25.260529,25.260529,0.29372707
109,revol_bal,10610.0,1.1290808e+06,1.1184708e+06,0.38503748
109,revol_util,69.3,-81.15979,-150.4598,-0.16862018
109,total_acc,27.0,42.160107,15.160107,0.087127045
109,initial_list_status,1.0,1.287574,0.28757405,0.28757405
109,application_type,0.0,-0.4404012,-0.4404012,-0.4404012
109,mort_acc,0.0,-3.6089642,-3.6089642,-0.070764005
109,pub_rec_bankruptcies,0.0,-1.1505494,-1.1505494,-0.095879115
109,fico_score,682.0,725.4355,43.435486,0.23415355
109,month_of_year,8.0,5.2342067,-2.7657933,-0.2514358
109,ratio_loan_amnt_annual_inc,0.34285715,-38.782566,-39.125423,-0.12596484
109,ratio_open_acc_total_acc,0.5555556,0.7112174,0.15566182,0.15955335
109,month_since_earliest_cr_line,130.0,546.9746,416.9746,0.4329954
109,ratio_pub_rec_month_since_earliest_cr_line,0.0,-0.04357987,-0.04357987,-0.08787416
109,ratio_pub_rec_bankruptcies_month_since_earliest_cr_line,0.0,-0.012221035,-0.012221035,-0.13443138
109,ratio_pub_rec_bankruptcies_pub_rec,-1.0,-1.683634,-0.68363404,-0.34181702
110,loan_amnt,30000.0,16799.992,-13200.008,-0.33846176
110,term,60.0,70.58359,10.583588,0.44098282
110,int_rate,12.12,4.9384427,-7.181557,-0.27965564
110,installment,669.16,1307.4954,638.3354,0.37222892
110,sub_grade,7.0,15.641767,8.641767,0.25416958
110,emp_length,7.0,4.015017,-2.984983,-0.29849827
110,home_ownership,0.0,1.357151,1.357151,0.2714302
110,annual_inc,125000.0,830687.9,705687.9,0.064158306
110,verification_status,2.0,1.4397833,-0.56021667,-0.28010833
110,purpose,2.0,3.5806105,1.5806105,0.121585414
110,dti,10.45,-189.86333,-200.31332,-0.20031333
110,open_acc,9.0,0.8551946,-8.144805,-0.09151467
110,pub_rec,0.0,9.505406,9.505406,0.110527985
110,revol_bal,2659.0,938692.75,936033.75,0.3222329
110,revol_util,11.5,-41.576405,-53.076405,-0.059482694
110,total_acc,9.0,-7.8887444,-16.888744,-0.09706175
110,initial_list_status,1.0,1.1167881,0.11678815,0.11678815
110,application_type,0.0,0.38158512,0.38158512,0.38158512
110,mort_acc,1.0,-0.8924016,-1.8924016,-0.037105914
110,pub_rec_bankruptcies,0.0,0.5089438,0.5089438,0.042411983
110,fico_score,782.0,844.11664,62.11664,0.33486056
110,month_of_year,8.0,9.412886,1.4128857,0.12844414
110,ratio_loan_amnt_annual_inc,0.24,41.827034,41.587032,0.13389003
110,ratio_open_acc_total_acc,1.0,1.2902594,0.29025936,0.29751587
110,month_since_earliest_cr_line,85.0,-262.1684,-347.1684,-0.36050716
110,ratio_pub_rec_month_since_earliest_cr_line,0.0,0.0027554957,0.0027554957,0.0055561634
110,ratio_pub_rec_bankruptcies_month_since_earliest_cr_line,0.0,0.0060165958,0.0060165958,0.066182554
110,ratio_pub_rec_bankruptcies_pub_rec,-1.0,-1.3561349,-0.3561349,-0.17806745
111,loan_amnt,6000.0,15350.761,9350.761,0.2397631
111,term,36.0,46.81179,10.81179,0.45049128
111,int_rate,10.16,15.367584,5.2075844,0.20278758
111,installment,194.06,512.8908,318.8308,0.185918
111,sub_grade,5.0,5.451736,0.45173597,0.013286352
111,emp_length,9.0,6.097389,-2.9026108,-0.29026103
111,home_ownership,1.0,-0.60163605,-1.601636,-0.32032722
111,annual_inc,55000.0,-623080.0,-678080.0,-0.0616483
111,verification_status,0.0,-0.06540264,-0.06540264,-0.03270132
111,purpose,4.0,0.2540655,-3.7459345,-0.28814882
111,dti,14.55,404.88968,390.3397,0.3903397
111,open_acc,5.0,17.374128,12.374128,0.13903515
111,pub_rec,0.0,-37.29261,-37.29261,-0.433635
111,revol_bal,11578.0,-667874.5,-679452.5,-0.2339039
111,revol_util,54.6,-183.50826,-238.10825,-0.26684776
111,total_acc,8.0,68.723434,60.723434,0.34898525
111,initial_list_status,1.0,1.1414791,0.14147913,0.14147913
111,application_type,0.0,0.14410947,0.14410947,0.14410947
111,mort_acc,0.0,-7.579117,-7.579117,-0.14861013
111,pub_rec_bankruptcies,0.0,2.3276634,2.3276634,0.19397195
111,fico_score,702.0,790.1125,88.11249,0.47499993
111,month_of_year,8.0,11.454846,3.4548464,0.3140769
111,ratio_loan_amnt_annual_inc,0.10909091,-39.284702,-39.393795,-0.12682886
111,ratio_open_acc_total_acc,0.625,0.9809038,0.3559038,0.36480135
111,month_since_earliest_cr_line,135.0,-213.11807,-348.11807,-0.36149332
111,ratio_pub_rec_month_since_earliest_cr_line,0.0,0.08249828,0.08249828,0.166349
111,ratio_pub_rec_bankruptcies_month_since_earliest_cr_line,0.0,0.033657707,0.033657707,0.37023476
111,ratio_pub_rec_bankruptcies_pub_rec,-1.0,-1.8557596,-0.8557596,-0.4278798
112,loan_amnt,20000.0,4586.596,-15413.404,-0.39521548
112,term,36.0,45.270897,9.270897,0.38628736
112,int_rate,11.14,10.6993885,-0.44061184,-0.017157778
112,installment,656.11,116.46669,-539.6433,-0.31467918
112,sub_grade,6.0,13.362769,7.362769,0.21655203
112,emp_length,2.0,-0.35480374,-2.3548038,-0.23548037
112,home_ownership,0.0,-0.25774008,-0.25774008,-0.051548015
112,annual_inc,75000.0,-1.2461601e+06,-1.3211601e+06,-0.120114565
112,verification_status,0.0,0.2486979,0.2486979,0.12434895
112,purpose,4.0,10.024168,6.024168,0.46339753
112,dti,23.7,-47.000175,-70.70018,-0.070700176
112,open_acc,8.0,38.280075,30.280075,0.34022555
112,pub_rec,0.0,5.306598,5.306598,0.061704632
112,revol_bal,20741.0,-1.0174468e+06,-1.0381878e+06,-0.3573998
112,revol_util,75.7,-107.58799,-183.288,-0.20541072
112,total_acc,15.0,46.94829,31.948292,0.18361089
112,initial_list_status,1.0,1.283498,0.28349805,0.28349805
112,application_type,0.0,-0.475,-0.475,-0.475
112,mort_acc,0.0,-1.6339089,-1.6339089,-0.03203743
112,pub_rec_bankruptcies,0.0,5.581018,5.581018,0.46508482
112,fico_score,712.0,742.52313,30.523132,0.16454521
112,month_of_year,8.0,9.438444,1.4384441,0.13076764
112,ratio_loan_amnt_annual_inc,0.26666668,-45.529266,-45.795933,-0.14744064
112,ratio_open_acc_total_acc,0.53333336,0.5187239,-0.014609456,-0.014974713
112,month_since_earliest_cr_line,106.0,-61.165306,-167.16531,-0.17358807
112,ratio_pub_rec_month_since_earliest_cr_line,0.0,0.07401043,0.07401043,0.14923415
112,ratio_pub_rec_bankruptcies_month_since_earliest_cr_line,0.0,-0.032140262,-0.032140262,-0.35354286
112,ratio_pub_rec_bankruptcies_pub_rec,-1.0,-0.12627184,0.87372816,0.43686408
113,loan_amnt,6500.0,-3513.3174,-10013.317,-0.25675172
113,term,36.0,27.036768,-8.963232,-0.373468
113,int_rate,11.14,6.648443,-4.491557,-0.17490487
113,installment,213.24,184.62236,-28.617645,-0.016687647
113,sub_grade,6.0,1.9974164,-4.0025835,-0.11772305
113,emp_length,5.0,1.7654735,-3.2345266,-0.32345265
113,home_ownership,0.0,2.3091574,2.3091574,0.46183148
113,annual_inc,90000.0,784496.44,694496.44,0.063140824
113,verification_status,0.0,0.7952227,0.7952227,0.39761135
113,purpose,3.0,5.527244,2.527244,0.1944034
113,dti,20.78,-419.24448,-440.02448,-0.4400245
113,open_acc,16.0,47.054253,31.054253,0.34892416
113,pub_rec,0.0,25.35909,25.35909,0.29487315
113,revol_bal,15685.0,-1.3512955e+06,-1.3669805e+06,-0.47058785
113,revol_util,69.1,-291.59586,-360.69586,-0.4042316
113,total_acc,27.0,75.08944,48.08944,0.2763761
113,initial_list_status,1.0,1.2951456,0.29514563,0.29514563
113,application_type,0.0,-0.23644662,-0.23644662,-0.23644662
113,mort_acc,2.0,14.153806,12.153806,0.23830992
113,pub_rec_bankruptcies,0.0,-3.1799088,-3.1799088,-0.2649924
113,fico_score,692.0,664.8681,-27.131897,-0.1462636
113,month_of_year,8.0,11.804088,3.8040876,0.34582615
113,ratio_loan_amnt_annual_inc,0.072222225,-17.730474,-17.802696,-0.05731603
113,ratio_open_acc_total_acc,0.5925926,1.0560071,0.46341455,0.47499996
113,month_since_earliest_cr_line,114.0,-335.08688,-449.08688,-0.4663415
113,ratio_pub_rec_month_since_earliest_cr_line,0.0,-0.036783885,-0.036783885,-0.07417078
113,ratio_pub_rec_bankruptcies_month_since_earliest_cr_line,0.0,0.009430182,0.009430182,0.103732
113,ratio_pub_rec_bankruptcies_pub_rec,-1.0,-1.8808025,-0.8808025,-0.44040126
114,loan_amnt,12000.0,-1013.92676,-13013.927,-0.33369043
114,term,36.0,43.477345,7.4773445,0.311556
114,int_rate,15.8,17.892416,2.0924158,0.08148041
114,installment,420.71,341.2146,-79.49539,-0.046355695
114,sub_grade,12.0,17.39488,5.3948803,0.15867296
114,emp_length,8.0,10.672908,2.6729078,0.26729077
114,home_ownership,2.0,2.369832,0.36983204,0.073966414
114,annual_inc,101000.0,4.0908482e+06,3.9898482e+06,0.36274096
114,verification_status,1.0,0.6454041,-0.3545959,-0.17729795
114,purpose,0.0,-4.1649137,-4.1649137,-0.32037798
114,dti,10.54,-12.86082,-23.40082,-0.02340082
114,open_acc,13.0,-3.503296,-16.503296,-0.18543029
114,pub_rec,1.0,-23.559916,-24.559916,-0.28558043
114,revol_bal,16134.0,179386.61,163252.61,0.05620028
114,revol_util,68.2,-3.993498,-72.1935,-0.0809072
114,total_acc,31.0,5.364208,-25.635792,-0.14733215
114,initial_list_status,0.0,-0.337461,-0.337461,-0.337461
114,application_type,0.0,-0.43845987,-0.43845987,-0.43845987
114,mort_acc,1.0,4.185388,3.185388,0.06245859
114,pub_rec_bankruptcies,1.0,6.553881,5.553881,0.46282342
114,fico_score,677.0,643.87,-33.130005,-0.1785984
114,month_of_year,9.0,11.993624,2.9936237,0.2721476
114,ratio_loan_amnt_annual_inc,0.11881188,23.640848,23.522036,0.07572953
114,ratio_open_acc_total_acc,0.41935483,0.68667835,0.26732352,0.27400666
114,month_since_earliest_cr_line,278.0,-142.32704,-420.32703,-0.4364767
114,ratio_pub_rec_month_since_earliest_cr_line,0.0035971224,-0.17866985,-0.18226698,-0.3675219
114,ratio_pub_rec_bankruptcies_month_since_earliest_cr_line,0.0035971224,0.0016826277,-0.0019144947,-0.021059442
114,ratio_pub_rec_bankruptcies_pub_rec,1.0,0.20827127,-0.79172873,-0.39586437
115,loan_amnt,10000.0,27436.342,17436.342,0.44708568
115,term,36.0,47.4,11.400002,0.47500005
115,int_rate,8.9,9.344837,0.44483757,0.017322332
115,installment,317.54,112.736176,-204.80383,-0.11942612
115,sub_grade,4.0,10.997161,6.997161,0.20579886
115,emp_length,10.0,5.776099,-4.223901,-0.4223901
115,home_ownership,0.0,0.96317434,0.96317434,0.19263487
115,annual_inc,86000.0,-77724.41,-163724.4,-0.014885164
115,verification_status,2.0,2.1973495,0.19734955,0.098674774
115,purpose,0.0,-0.35971683,-0.35971683,-0.027670525
115,dti,23.5,466.24203,442.74203,0.44274202
115,open_acc,11.0,4.129987,-6.870013,-0.07719116
115,pub_rec,0.0,0.39694446,0.39694446,0.0046156333
115,revol_bal,24988.0,-693624.0,-718612.0,-0.2473847
115,revol_util,65.8,48.567997,-17.232006,-0.019311894
115,total_acc,19.0,-34.69854,-53.69854,-0.3086123
115,initial_list_status,1.0,0.8793547,-0.120645285,-0.120645285
115,application_type,0.0,0.31806624,0.31806624,0.31806624
115,mort_acc,2.0,5.9611387,3.9611387,0.07766938
115,pub_rec_bankruptcies,0.0,-0.10756881,-0.10756881,-0.008964067
115,fico_score,722.0,683.1119,-38.888123,-0.20963949
115,month_of_year,9.0,7.6562653,-1.3437347,-0.12215769
115,ratio_loan_amnt_annual_inc,0.11627907,145.91652,145.80025,0.46940592
115,ratio_open_acc_total_acc,0.57894737,0.123678714,-0.45526865,-0.4666504
115,month_since_earliest_cr_line,121.0,212.95778,91.95778,0.09549095
115,ratio_pub_rec_month_since_earliest_cr_line,0.0,-0.08477774,-0.08477774,-0.17094529
115,ratio_pub_rec_bankruptcies_month_since_earliest_cr_line,0.0,0.016391488,0.016391488,0.18030636
115,ratio_pub_rec_bankruptcies_pub_rec,-1.0,-1.3113663,-0.31136632,-0.15568316
116,loan_amnt,10000.0,-6894.948,-16894.95,-0.43320382
116,term,36.0,38.08896,2.0889587,0.08703995
116,int_rate,12.12,3.6016066,-8.5183935,-0.33171314
116,installment,332.72,654.9355,322.21548,0.1878917
116,sub_grade,7.0,0.72721285,-6.272787,-0.18449375
116,emp_length,2.0,6.2972403,4.2972403,0.42972404
116,home_ownership,1.0,2.6273892,1.6273892,0.32547784
116,annual_inc,52000.0,968674.3,916674.3,0.08334034
116,verification_status,2.0,1.9039211,-0.09607887,-0.048039436
116,purpose,4.0,0.011577498,-3.9884224,-0.30680174
116,dti,15.48,-348.84116,-364.32117,-0.36432114
116,open_acc,15.0,30.373795,15.373795,0.17273925
116,pub_rec,0.0,27.03375,27.03375,0.31434593
116,revol_bal,15924.0,769713.8,753789.8,0.25949478
116,revol_util,51.0,462.67746,411.67746,0.46136665
116,total_acc,32.0,54.941917,22.941917,0.1318501
116,initial_list_status,1.0,1.4631708,0.46317077,0.46317077
116,application_type,0.0,0.29458195,0.29458195,0.29458195
116,mort_acc,0.0,2.2017744,2.2017744,0.043172047
116,pub_rec_bankruptcies,0.0,-2.1188521,-2.1188521,-0.17657101
116,fico_score,692.0,775.98444,83.984436,0.4527463
116,month_of_year,9.0,4.9789433,-4.0210567,-0.3655506
116,ratio_loan_amnt_annual_inc,0.1923077,-147.3455,-147.53781,-0.47500002
116,ratio_open_acc_total_acc,0.46875,0.7042095,0.2354595,0.24134603
116,month_since_earliest_cr_line,135.0,110.21623,-24.783768,-0.025735997
116,ratio_pub_rec_month_since_earliest_cr_line,0.0,0.152662,0.152662,0.30782664
116,ratio_pub_rec_bankruptcies_month_since_earliest_cr_line,0.0,-0.006941989,-0.006941989,-0.07636188
116,ratio_pub_rec_bankruptcies_pub_rec,-1.0,-1.95,-0.95000005,-0.47500002
117,loan_amnt,9000.0,-5026.381,-14026.381,-0.3596508
117,term,36.0,26.533344,-9.466656,-0.394444
117,int_rate,8.9,-3.1282516,-12.028252,-0.4683898
117,installment,285.78,-132.52347,-418.30347,-0.24392295
117,sub_grade,4.0,10.873171,6.873171,0.2021521
117,emp_length,10.0,14.687159,4.6871586,0.4687159
117,home_ownership,0.0,0.8136452,0.8136452,0.16272904
117,annual_inc,70000.0,578897.56,508897.56,0.046266917
117,verification_status,0.0,-0.008665739,-0.008665739,-0.0043328693
117,purpose,0.0,3.5676394,3.5676394,0.2744338
117,dti,12.27,-402.0849,-414.3549,-0.4143549
117,open_acc,5.0,-8.27142,-13.27142,-0.14911707
117,pub_rec,0.0,-21.26254,-21.26254,-0.24723884
117,revol_bal,12534.0,-1.3672631e+06,-1.3797971e+06,-0.475
117,revol_util,70.0,-203.33177,-273.3318,-0.30632275
117,total_acc,16.0,91.67675,75.67675,0.43492383
117,initial_list_status,1.0,1.3346665,0.3346665,0.3346665
117,application_type,0.0,0.0327827,0.0327827,0.0327827
117,mort_acc,4.0,-16.78607,-20.78607,-0.40757
117,pub_rec_bankruptcies,0.0,2.5890908,2.5890908,0.21575756
117,fico_score,727.0,772.22363,45.223633,0.24379313
117,month_of_year,9.0,11.890357,2.890357,0.26275975
117,ratio_loan_amnt_annual_inc,0.12857144,-98.10111,-98.22968,-0.3162518
117,ratio_open_acc_total_acc,0.3125,-0.045288354,-0.35778835,-0.36673304
117,month_since_earliest_cr_line,148.0,403.28662,255.28662,0.2650951
117,ratio_pub_rec_month_since_earliest_cr_line,0.0,-0.18790801,-0.18790801,-0.37889647
117,ratio_pub_rec_bankruptcies_month_since_earliest_cr_line,0.0,-0.030277342,-0.030277342,-0.33305076
117,ratio_pub_rec_bankruptcies_pub_rec,-1.0,-0.6837328,0.3162672,0.1581336
118,loan_amnt,5500.0,-8324.332,-13824.332,-0.35447004
118,term,36.0,24.818062,-11.181938,-0.4659141
118,int_rate,12.12,6.6472116,-5.4727883,-0.2131148
118,installment,183.0,-268.61972,-451.61972,-0.26335046
118,sub_grade,7.0,20.465706,13.465706,0.39605016
118,emp_length,4.0,-0.51615703,-4.516157,-0.45161572
118,home_ownership,1.0,-0.91368246,-1.9136825,-0.3827365
118,annual_inc,33000.0,-364093.38,-397093.38,-0.03610213
118,verification_status,2.0,1.2565134,-0.74348664,-0.37174332
118,purpose,4.0,7.832391,3.8323908,0.2947993
118,dti,30.1,-62.442154,-92.54215,-0.09254216
118,open_acc,15.0,11.205379,-3.7946215,-0.0426362
118,pub_rec,0.0,-20.276373,-20.276373,-0.23577178
118,revol_bal,7561.0,-116747.22,-124308.22,-0.042793542
118,revol_util,57.3,437.5116,380.2116,0.42610288
118,total_acc,25.0,25.544256,0.5442562,0.0031279027
118,initial_list_status,1.0,0.86782694,-0.13217306,-0.13217306
118,application_type,0.0,-0.35204363,-0.35204363,-0.35204363
118,mort_acc,0.0,7.6641445,7.6641445,0.15027735
118,pub_rec_bankruptcies,0.0,0.7526477,0.7526477,0.06272064
118,fico_score,682.0,701.2417,19.2417,0.10372883
118,month_of_year,9.0,13.893299,4.893299,0.44484538
118,ratio_loan_amnt_annual_inc,0.16666667,113.9049,113.738235,0.36618185
118,ratio_open_acc_total_acc,0.6,0.4181747,-0.18182531,-0.18637097
118,month_since_earliest_cr_line,167.0,-16.983074,-183.98308,-0.19105199
118,ratio_pub_rec_month_since_earliest_cr_line,0.0,-0.23174033,-0.23174033,-0.46727967
118,ratio_pub_rec_bankruptcies_month_since_earliest_cr_line,0.0,0.012553339,0.012553339,0.13808672
118,ratio_pub_rec_bankruptcies_pub_rec,-1.0,-1.5012854,-0.50128543,-0.25064272
119,loan_amnt,20675.0,19015.54,-1659.4609,-0.042550266
119,term,36.0,45.33971,9.33971,0.38915458
119,int_rate,19.05,26.744303,7.6943035,0.29962242
119,installment,758.39,392.1968,-366.1932,-0.2135362
119,sub_grade,18.0,25.061646,7.0616455,0.20769542
119,emp_length,10.0,10.264869,0.26486874,0.026486874
119,home_ownership,2.0,2.023042,0.023041964,0.0046083927
119,annual_inc,52000.0,154385.97,102385.97,0.009308521
119,verification_status,2.0,1.1310174,-0.86898255,-0.43449128
119,purpose,0.0,-1.7243474,-1.7243474,-0.1326421
119,dti,26.02,-54.92208,-80.94208,-0.08094208
119,open_acc,19.0,-3.625132,-22.625132,-0.25421497
119,pub_rec,0.0,27.58368,27.58368,0.32074046
119,revol_bal,18508.0,-395546.88,-414054.88,-0.14253984
119,revol_util,64.0,27.898249,-36.101753,-0.04045921
119,total_acc,38.0,24.453167,-13.546833,-0.07785536
119,initial_list_status,0.0,0.28238434,0.28238434,0.28238434
119,application_type,0.0,-0.19597878,-0.19597878,-0.19597878
119,mort_acc,0.0,1.2857503,1.2857503,0.02521079
119,pub_rec_bankruptcies,0.0,0.3413748,0.3413748,0.028447902
119,fico_score,672.0,682.81696,10.816956,0.05831243
119,month_of_year,9.0,11.569472,2.5694723,0.2335884
119,ratio_loan_amnt_annual_inc,0.39759615,-0.1982554,-0.59585154,-0.0019183523
119,ratio_open_acc_total_acc,0.5,0.9634146,0.4634146,0.475
119,month_since_earliest_cr_line,202.0,0.86476135,-201.13524,-0.20886318
119,ratio_pub_rec_month_since_earliest_cr_line,0.0,0.23280853,0.23280853,0.46943358
119,ratio_pub_rec_bankruptcies_month_since_earliest_cr_line,0.0,-0.042675782,-0.042675782,-0.46943358
119,ratio_pub_rec_bankruptcies_pub_rec,-1.0,-1.0101672,-0.010167241,-0.0050836205
120,loan_amnt,9750.0,-839.7184,-10589.719,-0.27153125
120,term,36.0,32.278732,-3.7212677,-0.15505283
120,int_rate,13.11,6.998905,-6.1110945,-0.23797095
120,installment,329.04,-51.271076,-380.3111,-0.22176866
120,sub_grade,8.0,20.05991,12.05991,0.35470325
120,emp_length,3.0,0.36539525,-2.6346047,-0.2634605
120,home_ownership,1.0,-0.63614553,-1.6361456,-0.3272291
120,annual_inc,30000.0,-2.2898595e+06,-2.3198595e+06,-0.21091229
120,verification_status,0.0,0.20572361,0.20572361,0.10286181
120,purpose,4.0,5.388924,1.3889241,0.10684031
120,dti,33.77,17.005442,-16.764559,-0.016764559
120,open_acc,7.0,6.9400673,-0.05993271,-0.0006733984
120,pub_rec,0.0,15.481976,15.481976,0.18002297
120,revol_bal,15479.0,-98991.38,-114470.38,-0.039406832
120,revol_util,52.6,-184.2144,-236.81439,-0.26539773
120,total_acc,7.0,-36.13459,-43.13459,-0.24789995
120,initial_list_status,0.0,-0.37230164,-0.37230164,-0.37230164
120,application_type,0.0,-0.37972334,-0.37972334,-0.37972334
120,mort_acc,0.0,-1.4749982,-1.4749982,-0.028921533
120,pub_rec_bankruptcies,0.0,5.583105,5.583105,0.46525875
120,fico_score,712.0,651.80566,-60.194336,-0.32449776
120,month_of_year,9.0,4.294852,-4.705148,-0.42774075
120,ratio_loan_amnt_annual_inc,0.325,-75.53905,-75.864044,-0.24424535
120,ratio_open_acc_total_acc,1.0,1.4591719,0.4591719,0.47065115
120,month_since_earliest_cr_line,57.0,181.44025,124.44025,0.12922144
120,ratio_pub_rec_month_since_earliest_cr_line,0.0,0.23280853,0.23280853,0.46943358
120,ratio_pub_rec_bankruptcies_month_since_earliest_cr_line,0.0,-0.015103999,-0.015103999,-0.16614398
120,ratio_pub_rec_bankruptcies_pub_rec,-1.0,-1.58115,-0.58115005,-0.29057503
121,loan_amnt,9025.0,25278.293,16253.293,0.4167511
121,term,36.0,43.62022,7.62022,0.31750917
121,int_rate,6.03,5.2223673,-0.8076329,-0.03144988
121,installment,274.69,611.13525,336.44525,0.19618943
121,sub_grade,0.0,5.2507915,5.2507915,0.15443504
121,emp_length,10.0,14.666504,4.666504,0.46665037
121,home_ownership,0.0,2.251278,2.251278,0.45025557
121,annual_inc,70000.0,4.425142e+06,4.355142e+06,0.395952
121,verification_status,0.0,0.45251477,0.45251477,0.22625738
121,purpose,0.0,2.650015,2.650015,0.20384732
121,dti,6.15,-72.253716,-78.40372,-0.07840372
121,open_acc,8.0,11.273789,3.2737894,0.03678415
121,pub_rec,0.0,4.5071163,4.5071163,0.05240833
121,revol_bal,8193.0,-262788.97,-270981.97,-0.09328649
121,revol_util,24.8,411.05954,386.25955,0.4328808
121,total_acc,18.0,-18.944391,-36.94439,-0.21232408
121,initial_list_status,1.0,1.467193,0.467193,0.467193
121,application_type,0.0,-0.14430091,-0.14430091,-0.14430091
121,mort_acc,5.0,8.222612,3.2226124,0.06318847
121,pub_rec_bankruptcies,0.0,1.5171608,1.5171608,0.12643006
121,fico_score,772.0,843.62634,71.62634,0.38612586
121,month_of_year,9.0,10.087672,1.0876722,0.09887928
121,ratio_loan_amnt_annual_inc,0.12892857,28.89509,28.766161,0.09261306
121,ratio_open_acc_total_acc,0.44444445,0.01829122,-0.42615324,-0.43680704
121,month_since_earliest_cr_line,336.0,769.1524,433.1524,0.44979483
121,ratio_pub_rec_month_since_earliest_cr_line,0.0,-0.14467543,-0.14467543,-0.2917226
121,ratio_pub_rec_bankruptcies_month_since_earliest_cr_line,0.0,-0.0070322687,-0.0070322687,-0.07735495
121,ratio_pub_rec_bankruptcies_pub_rec,-1.0,-1.9388671,-0.9388671,-0.46943355
122,loan_amnt,17000.0,24334.908,7334.908,0.18807456
122,term,60.0,64.75843,4.7584305,0.19826794
122,int_rate,19.72,27.078878,7.358879,0.2865607
122,installment,372.48,-202.00226,-574.4823,-0.3349946
122,sub_grade,19.0,28.836115,9.836115,0.28929752
122,emp_length,9.0,13.288775,4.2887754,0.4288776
122,home_ownership,0.0,2.1564655,2.1564655,0.4312931
122,annual_inc,90000.0,3.0593775e+06,2.9693775e+06,0.26996386
122,verification_status,2.0,1.6012164,-0.39878356,-0.19939178
122,purpose,0.0,5.0520763,5.0520763,0.38862127
122,dti,30.97,214.98761,184.01761,0.18401761
122,open_acc,18.0,53.88442,35.88442,0.40319568
122,pub_rec,0.0,1.4232202,1.4232202,0.016549071
122,revol_bal,12150.0,197419.39,185269.39,0.06377964
122,revol_util,39.8,38.60592,-1.1940804,-0.0013382062
122,total_acc,51.0,0.46977842,-50.53022,-0.29040357
122,initial_list_status,1.0,1.0371063,0.037106276,0.037106276
122,application_type,0.0,0.45023376,0.45023376,0.45023376
122,mort_acc,6.0,3.341415,-2.658585,-0.05212912
122,pub_rec_bankruptcies,0.0,-0.0776415,-0.0776415,-0.006470125
122,fico_score,687.0,718.65265,31.652649,0.17063423
122,month_of_year,9.0,7.5646615,-1.4353385,-0.1304853
122,ratio_loan_amnt_annual_inc,0.18888889,-33.588524,-33.777412,-0.10874685
122,ratio_open_acc_total_acc,0.3529412,0.6782747,0.3253335,0.3334669
122,month_since_earliest_cr_line,211.0,382.87234,171.87234,0.17847598
122,ratio_pub_rec_month_since_earliest_cr_line,0.0,0.023937333,0.023937333,0.04826708
122,ratio_pub_rec_bankruptcies_month_since_earliest_cr_line,0.0,-0.017418109,-0.017418109,-0.19159919
122,ratio_pub_rec_bankruptcies_pub_rec,-1.0,-0.06669921,0.9333008,0.4666504
123,loan_amnt,12000.0,-5664.137,-17664.137,-0.4529266
123,term,36.0,38.108154,2.1081543,0.08783976
123,int_rate,18.75,6.823223,-11.926777,-0.46443835
123,installment,438.36,-31.592999,-469.95297,-0.27404106
123,sub_grade,17.0,19.185923,2.1859226,0.064291835
123,emp_length,8.0,10.858684,2.8586836,0.28586835
123,home_ownership,0.0,-0.96139044,-0.96139044,-0.19227809
123,annual_inc,124000.0,4.2776475e+06,4.1536475e+06,0.37763292
123,verification_status,2.0,1.9507713,-0.04922867,-0.024614334
123,purpose,5.0,7.1620445,2.1620445,0.16631112
123,dti,32.5,91.79792,59.29792,0.05929792
123,open_acc,24.0,30.12854,6.12854,0.068859994
123,pub_rec,0.0,-21.876347,-21.876347,-0.2543761
123,revol_bal,100961.0,86329.67,-14631.328,-0.005036887
123,revol_util,80.8,421.3521,340.55212,0.38165653
123,total_acc,52.0,116.45164,64.45164,0.3704117
123,initial_list_status,1.0,0.5609963,-0.4390037,-0.4390037
123,application_type,0.0,-0.15249935,-0.15249935,-0.15249935
123,mort_acc,4.0,2.5337043,-1.4662957,-0.0287509
123,pub_rec_bankruptcies,0.0,-0.6597167,-0.6597167,-0.054976393
123,fico_score,672.0,757.21985,85.21985,0.4594062
123,month_of_year,9.0,14.190592,5.190592,0.47187203
123,ratio_loan_amnt_annual_inc,0.09677419,132.10893,132.01216,0.42501497
123,ratio_open_acc_total_acc,0.46153846,0.87497723,0.41343877,0.42377478
123,month_since_earliest_cr_line,234.0,199.78943,-34.21057,-0.035524994
123,ratio_pub_rec_month_since_earliest_cr_line,0.0,-0.22016926,-0.22016926,-0.44394785
123,ratio_pub_rec_bankruptcies_month_since_earliest_cr_line,0.0,0.0066530136,0.0066530136,0.07318315
123,ratio_pub_rec_bankruptcies_pub_rec,-1.0,-1.0869347,-0.086934686,-0.043467343
124,loan_amnt,28000.0,9475.001,-18525.0,-0.475
124,term,36.0,24.6,-11.4,-0.475
124,int_rate,12.12,5.0241823,-7.0958176,-0.27631688
124,installment,931.61,473.8916,-457.71838,-0.26690674
124,sub_grade,7.0,21.4182,14.4182,0.4240647
124,emp_length,10.0,5.6242046,-4.3757954,-0.4375795
124,home_ownership,0.0,1.4485078,1.4485078,0.28970155
124,annual_inc,110000.0,1.2170472e+06,1.1070472e+06,0.100648284
124,verification_status,0.0,-0.6984138,-0.6984138,-0.3492069
124,purpose,0.0,5.6808305,5.6808305,0.43698695
124,dti,8.26,153.6865,145.4265,0.1454265
124,open_acc,22.0,48.2416,26.2416,0.29484946
124,pub_rec,0.0,21.578281,21.578281,0.25091025
124,revol_bal,30465.0,-155932.06,-186397.06,-0.06416784
124,revol_util,20.5,374.1616,353.6616,0.3963483
124,total_acc,33.0,90.00958,57.009583,0.3276413
124,initial_list_status,1.0,1.155663,0.15566301,0.15566301
124,application_type,0.0,0.3435657,0.3435657,0.3435657
124,mort_acc,0.0,-6.61185,-6.61185,-0.12964411
124,pub_rec_bankruptcies,0.0,-5.2611794,-5.2611794,-0.43843162
124,fico_score,722.0,752.21796,30.217957,0.16290003
124,month_of_year,9.0,4.3123236,-4.6876764,-0.4261524
124,ratio_loan_amnt_annual_inc,0.25454545,45.74679,45.492245,0.14646292
124,ratio_open_acc_total_acc,0.6666667,0.8272019,0.16053522,0.16454858
124,month_since_earliest_cr_line,265.0,-113.17966,-378.17966,-0.3927099
124,ratio_pub_rec_month_since_earliest_cr_line,0.0,0.17672402,0.17672402,0.35634515
124,ratio_pub_rec_bankruptcies_month_since_earliest_cr_line,0.0,0.02215371,0.02215371,0.24369079
124,ratio_pub_rec_bankruptcies_pub_rec,-1.0,-1.9236562,-0.9236562,-0.4618281
125,loan_amnt,15000.0,22200.52,7200.5195,0.1846287
125,term,36.0,45.66737,9.66737,0.4028071
125,int_rate,15.31,8.24258,-7.06742,-0.27521104
125,installment,522.26,1071.7129,549.4529,0.32039934
125,sub_grade,11.0,27.15,16.15,0.47499996
125,emp_length,10.0,5.305663,-4.694337,-0.46943367
125,home_ownership,0.0,-0.7844846,-0.7844846,-0.15689692
125,annual_inc,65000.0,1.9089959e+06,1.8439959e+06,0.16764869
125,verification_status,0.0,0.95,0.95,0.475
125,purpose,0.0,5.251341,5.251341,0.4039493
125,dti,14.97,381.24152,366.2715,0.36627153
125,open_acc,13.0,-29.275,-42.275,-0.475
125,pub_rec,0.0,-4.4611726,-4.4611726,-0.0518741
125,revol_bal,13983.0,1.3551586e+06,1.3411756e+06,0.4617044
125,revol_util,39.6,178.81888,139.21887,0.1560225
125,total_acc,24.0,-16.797367,-40.797367,-0.23446763
125,initial_list_status,1.0,1.3926173,0.39261734,0.39261734
125,application_type,0.0,-0.18577212,-0.18577212,-0.18577212
125,mort_acc,3.0,-2.0993018,-5.099302,-0.099986315
125,pub_rec_bankruptcies,0.0,-1.1024394,-1.1024394,-0.09186995
125,fico_score,677.0,707.0656,30.065613,0.16207877
125,month_of_year,9.0,7.6219044,-1.3780956,-0.1252814
125,ratio_loan_amnt_annual_inc,0.23076923,26.19395,25.96318,0.08358882
125,ratio_open_acc_total_acc,0.5416667,0.9654236,0.4237569,0.43435085
125,month_since_earliest_cr_line,202.0,48.023968,-153.97603,-0.15989204
125,ratio_pub_rec_month_since_earliest_cr_line,0.0,0.17991388,0.17991388,0.36277717
125,ratio_pub_rec_bankruptcies_month_since_earliest_cr_line,0.0,-0.035288345,-0.035288345,-0.3881718
125,ratio_pub_rec_bankruptcies_pub_rec,-1.0,-1.88025,-0.88025,-0.440125
126,loan_amnt,10000.0,-3146.7754,-13146.775,-0.3370968
126,term,36.0,26.119877,-9.880123,-0.4116718
126,int_rate,18.49,28.123465,9.633465,0.37513494
126,installment,363.99,1164.2487,800.25867,0.4666503
126,sub_grade,16.0,12.41113,-3.58887,-0.105555
126,emp_length,7.0,11.546709,4.546709,0.45467097
126,home_ownership,1.0,1.7072152,0.7072152,0.14144303
126,annual_inc,36000.0,-4.3394e+06,-4.3754e+06,-0.39779377
126,verification_status,0.0,-0.8828842,-0.8828842,-0.4414421
126,purpose,0.0,4.356665,4.356665,0.3351281
126,dti,20.5,-244.86281,-265.3628,-0.2653628
126,open_acc,8.0,-4.4314175,-12.431417,-0.13967885
126,pub_rec,0.0,17.271473,17.271473,0.20083109
126,revol_bal,5625.0,953378.06,947753.06,0.3262673
126,revol_util,79.2,-186.11241,-265.3124,-0.29733545
126,total_acc,11.0,-6.437936,-17.437935,-0.10021803
126,initial_list_status,1.0,0.7001624,-0.2998376,-0.2998376
126,application_type,0.0,0.23511636,0.23511636,0.23511636
126,mort_acc,0.0,-12.961992,-12.961992,-0.2541567
126,pub_rec_bankruptcies,0.0,-0.5851826,-0.5851826,-0.048765216
126,fico_score,662.0,632.0807,-29.919312,-0.1612901
126,month_of_year,9.0,13.751424,4.751424,0.43194765
126,ratio_loan_amnt_annual_inc,0.2777778,82.79272,82.51494,0.265658
126,ratio_open_acc_total_acc,0.72727275,0.6766201,-0.050652623,-0.051918924
126,month_since_earliest_cr_line,121.0,409.25635,288.25635,0.2993316
126,ratio_pub_rec_month_since_earliest_cr_line,0.0,0.0042660823,0.0042660823,0.0086021
126,ratio_pub_rec_bankruptcies_month_since_earliest_cr_line,0.0,0.03534269,0.03534269,0.38876957
126,ratio_pub_rec_bankruptcies_pub_rec,-1.0,-1.3203044,-0.3203044,-0.1601522
127,loan_amnt,6000.0,24221.309,18221.309,0.46721303
127,term,36.0,27.940182,-8.059818,-0.33582577
127,int_rate,13.11,1.3122461,-11.797753,-0.45941406
127,installment,202.49,986.52234,784.03235,0.45718837
127,sub_grade,8.0,-4.87998,-12.87998,-0.37882292
127,emp_length,9.0,11.80024,2.8002396,0.28002393
127,home_ownership,1.0,1.848744,0.84874403,0.1697488
127,annual_inc,87000.0,1.7308546e+06,1.6438546e+06,0.14945264
127,verification_status,0.0,-0.77688605,-0.77688605,-0.38844302
127,purpose,0.0,0.48170778,0.48170778,0.037054446
127,dti,18.15,-108.484314,-126.634315,-0.12663431
127,open_acc,14.0,1.6077402,-12.39226,-0.13923886
127,pub_rec,0.0,7.3217463,7.3217463,0.085136585
127,revol_bal,34299.0,747061.8,712762.8,0.24537112
127,revol_util,69.0,320.658,251.65799,0.28203294
127,total_acc,28.0,98.12442,70.12442,0.40301394
127,initial_list_status,1.0,0.9133272,-0.08667278,-0.08667278
127,application_type,0.0,-0.17597635,-0.17597635,-0.17597635
127,mort_acc,0.0,13.088542,13.088542,0.25663808
127,pub_rec_bankruptcies,0.0,-1.1061002,-1.1061002,-0.092175014
127,fico_score,672.0,760.1125,88.11249,0.47499996
127,month_of_year,9.0,11.746435,2.7464352,0.24967593
127,ratio_loan_amnt_annual_inc,0.06896552,-77.44637,-77.515335,-0.24956171
127,ratio_open_acc_total_acc,0.5,0.08948705,-0.41051295,-0.42077577
127,month_since_earliest_cr_line,170.0,569.7643,399.76428,0.41512388
127,ratio_pub_rec_month_since_earliest_cr_line,0.0,0.06509863,0.06509863,0.13126445
127,ratio_pub_rec_bankruptcies_month_since_earliest_cr_line,0.0,0.0050245686,0.0050245686,0.055270255
127,ratio_pub_rec_bankruptcies_pub_rec,-1.0,-1.536373,-0.536373,-0.2681865
