loan_amnt,term,int_rate,installment,sub_grade,emp_length,home_ownership,annual_inc,verification_status,purpose,dti,open_acc,pub_rec,revol_bal,revol_util,total_acc,initial_list_status,application_type,mort_acc,pub_rec_bankruptcies,fico_score,month_of_year,ratio_loan_amnt_annual_inc,ratio_open_acc_total_acc,month_since_earliest_cr_line,ratio_pub_rec_month_since_earliest_cr_line,ratio_pub_rec_bankruptcies_month_since_earliest_cr_line,ratio_pub_rec_bankruptcies_pub_rec,charged_off
28000.0,36.0,8.9,889.09,4.0,7.0,0.0,110000.0,1.0,0.0,2.26,5.0,0.0,14930.0,2.9,21.0,1.0,0.0,4.0,0.0,802.0,2.0,0.2545454545454545,0.238095238095238,226.0,0.0,0.0,-1.0,1
10000.0,36.0,14.65,344.95,11.0,10.0,2.0,56000.0,0.0,0.0,16.35,7.0,0.0,8362.0,68.4,15.0,1.0,0.0,0.0,0.0,682.0,2.0,0.1785714285714285,0.4666666666666667,198.0,0.0,0.0,-1.0,0
25000.0,36.0,13.11,843.68,8.0,3.0,1.0,65000.0,2.0,0.0,11.77,8.0,0.0,24589.0,80.9,22.0,1.0,0.0,0.0,0.0,707.0,3.0,0.3846153846153846,0.3636363636363636,106.0,0.0,0.0,-1.0,0
10000.0,36.0,12.12,332.72,7.0,6.0,1.0,97000.0,1.0,4.0,2.89,13.0,0.0,9064.0,37.9,20.0,1.0,0.0,0.0,0.0,697.0,3.0,0.1030927835051546,0.65,117.0,0.0,0.0,-1.0,0
10000.0,36.0,13.67,340.18,9.0,7.0,1.0,65000.0,0.0,4.0,20.64,12.0,0.0,12974.0,75.0,21.0,1.0,0.0,0.0,0.0,692.0,3.0,0.1538461538461538,0.5714285714285714,327.0,0.0,0.0,-1.0,0
32000.0,60.0,12.12,713.77,7.0,10.0,1.0,109860.0,1.0,0.0,17.97,10.0,0.0,23301.0,71.5,28.0,1.0,0.0,3.0,0.0,747.0,3.0,0.2912798106681231,0.3571428571428571,219.0,0.0,0.0,-1.0,1
15000.0,36.0,7.62,467.43,2.0,10.0,2.0,60000.0,0.0,0.0,8.02,9.0,0.0,32138.0,60.3,14.0,1.0,0.0,1.0,0.0,762.0,3.0,0.25,0.6428571428571429,316.0,0.0,0.0,-1.0,0
5400.0,36.0,12.12,179.67,7.0,1.0,1.0,60000.0,1.0,4.0,17.72,8.0,0.0,4907.0,66.3,9.0,1.0,0.0,0.0,0.0,692.0,3.0,0.09,0.8888888888888888,54.0,0.0,0.0,-1.0,0
12976.3154296875,36.0,12.12,431.74315551757815,7.0,7.0,1.0,774568.875,0.0,4.0,58.84193237304687,12.0,0.0,265237.71875,38.75557632446289,26.0,1.0,0.0,2.0,0.0,697.0,3.0,0.016752946944463776,0.4615384615384615,206.0,0.0,0.0,-1.0,1
9800.0,36.0,8.9,311.19,4.0,2.0,2.0,24000.0,1.0,0.0,21.25,7.0,0.0,12715.0,94.2,14.0,1.0,0.0,0.0,0.0,732.0,3.0,0.4083333333333333,0.5,142.0,0.0,0.0,-1.0,0
18003.927734375,36.0,13.67,612.45818359375,9.0,3.0,1.0,6905.40234375,0.0,0.0,7.793883666992187,8.0,0.0,24556.521484375,68.42989654541016,9.0,1.0,0.0,0.0,0.0,687.0,3.0,2.6072229312016413,0.8888888955116272,86.0,0.0,0.0,-1.0,0
12000.0,36.0,13.67,408.22,9.0,9.0,1.0,40000.0,1.0,4.0,23.91,8.0,0.0,12635.0,84.2,10.0,1.0,0.0,0.0,0.0,677.0,3.0,0.3,0.8,136.0,0.0,0.0,-1.0,0
15000.0,36.0,16.29,529.51,14.0,10.0,1.0,50000.0,0.0,0.0,19.51,12.0,0.0,26757.0,78.0,17.0,1.0,0.0,0.0,0.0,677.0,3.0,0.3,0.7058823529411765,200.0,0.0,0.0,-1.0,0
18000.0,36.0,12.12,598.89,7.0,6.0,1.0,40000.0,2.0,4.0,20.09,10.0,0.0,8343.0,75.8,16.0,1.0,0.0,0.0,0.0,702.0,4.0,0.45,0.625,192.0,0.0,0.0,-1.0,0
16856.49609375,60.0,20.99,455.9295922851563,22.0,0.0,1.0,1027619.0,0.0,12.0,-0.04910545349121076,12.0,0.0,148782.0,60.47014846801758,13.0,1.0,0.0,0.0,0.0,667.0,4.0,0.016403456926345816,0.9230769101311179,88.0,0.0,0.0,-1.0,1
10000.0,36.0,9.76,321.55,5.0,3.0,0.0,40000.0,1.0,2.0,14.34,13.0,0.0,7961.0,28.9,21.0,1.0,0.0,1.0,0.0,732.0,4.0,0.25,0.6190476190476191,66.0,0.0,0.0,-1.0,1
2500.0,36.0,10.74,81.54,6.0,10.0,1.0,34000.0,1.0,0.0,23.4,9.0,1.0,1243.0,20.4,15.0,1.0,0.0,0.0,1.0,702.0,4.0,0.0735294117647058,0.6,146.0,0.0068493150684931,0.0068493150684931,1.0,1
11875.0,36.0,14.65,409.62,11.0,2.0,1.0,60000.0,0.0,0.0,7.36,8.0,0.0,13116.0,70.5,9.0,1.0,0.0,0.0,0.0,677.0,4.0,0.1979166666666666,0.8888888888888888,95.0,0.0,0.0,-1.0,0
5400.0,36.0,13.67,183.7,9.0,10.0,1.0,85000.0,1.0,0.0,24.82,10.0,0.0,4292.0,89.4,19.0,1.0,0.0,1.0,0.0,687.0,4.0,0.0635294117647058,0.5263157894736842,128.0,0.0,0.0,-1.0,0
6000.0,36.0,12.12,199.63,7.0,2.0,0.0,60000.0,0.0,4.0,18.76,13.0,0.0,20697.0,78.7,27.0,1.0,0.0,1.0,0.0,697.0,4.0,0.1,0.4814814814814814,230.0,0.0,0.0,-1.0,0
11500.0,36.0,13.99,392.99,10.0,10.0,1.0,24000.0,1.0,0.0,22.55,8.0,0.0,8036.0,53.2,10.0,1.0,0.0,0.0,0.0,687.0,4.0,0.4791666666666667,0.8,100.0,0.0,0.0,-1.0,0
15000.0,36.0,13.11,506.21,8.0,5.0,2.0,31000.0,0.0,0.0,21.99,9.0,0.0,28026.0,61.7,18.0,1.0,0.0,0.0,0.0,692.0,4.0,0.4838709677419355,0.5,124.0,0.0,0.0,-1.0,0
14000.0,36.0,12.12,465.81,7.0,10.0,0.0,70000.0,0.0,0.0,15.99,4.0,0.0,10045.0,93.9,29.0,1.0,0.0,1.0,0.0,717.0,4.0,0.2,0.1379310344827586,187.0,0.0,0.0,-1.0,0
3000.0,36.0,18.25,108.84,17.0,0.0,1.0,27000.0,1.0,5.0,7.87,15.0,0.0,1452.0,42.7,17.0,1.0,0.0,0.0,0.0,662.0,4.0,0.1111111111111111,0.8823529411764706,44.0,0.0,0.0,-1.0,0
25425.0,60.0,23.13,718.65,27.0,7.0,2.0,79000.0,1.0,0.0,7.37,7.0,0.0,16763.0,84.2,18.0,1.0,0.0,0.0,0.0,672.0,4.0,0.3218354430379747,0.3888888888888889,122.0,0.0,0.0,-1.0,1
18000.0,60.0,13.99,418.74,10.0,10.0,1.0,42500.0,1.0,0.0,19.34,8.0,0.0,18416.0,61.2,63.0,1.0,0.0,3.0,0.0,732.0,4.0,0.4235294117647059,0.1269841269841269,162.0,0.0,0.0,-1.0,0
15000.0,36.0,13.99,512.6,10.0,4.0,1.0,84000.0,0.0,0.0,14.76,12.0,0.0,17999.0,67.3,24.0,1.0,0.0,0.0,0.0,687.0,5.0,0.1785714285714285,0.5,231.0,0.0,0.0,-1.0,0
12800.0,36.0,13.11,431.97,8.0,8.0,1.0,27000.0,2.0,0.0,33.91,7.0,0.0,13108.0,82.1,23.0,1.0,0.0,0.0,0.0,682.0,5.0,0.4740740740740741,0.3043478260869565,214.0,0.0,0.0,-1.0,0
8000.0,36.0,13.67,272.15,9.0,8.0,1.0,36000.0,0.0,0.0,27.73,7.0,0.0,8062.0,76.1,15.0,1.0,0.0,0.0,0.0,677.0,5.0,0.2222222222222222,0.4666666666666667,145.0,0.0,0.0,-1.0,0
34994.125,36.0,17.27,1252.34369140625,15.0,10.0,0.0,676216.5625,1.0,0.0,49.09828208923339,18.0,0.0,148693.296875,78.07604217529297,40.0,1.0,0.0,6.0,0.0,707.0,5.0,0.05174988508224487,0.44999998382159634,258.0,0.0,0.0,-1.0,1
21000.0,60.0,20.5,562.24,21.0,5.0,0.0,97000.0,2.0,0.0,18.42,11.0,0.0,31080.0,92.0,14.0,1.0,0.0,1.0,0.0,682.0,5.0,0.2164948453608247,0.7857142857142857,71.0,0.0,0.0,-1.0,0
10000.0,60.0,17.99,253.88,16.0,2.0,1.0,39000.0,2.0,0.0,4.4,6.0,0.0,4363.0,59.8,11.0,1.0,0.0,0.0,0.0,692.0,5.0,0.2564102564102564,0.5454545454545454,77.0,0.0,0.0,-1.0,0
9000.0,36.0,15.81,315.57,13.0,5.0,1.0,41000.0,0.0,0.0,15.78,7.0,0.0,14309.0,39.2,17.0,1.0,0.0,0.0,0.0,672.0,5.0,0.2195121951219512,0.4117647058823529,99.0,0.0,0.0,-1.0,0
10000.0,36.0,13.67,340.18,9.0,10.0,0.0,45000.0,0.0,2.0,20.24,8.0,0.0,10611.0,92.3,20.0,1.0,0.0,3.0,0.0,692.0,5.0,0.2222222222222222,0.4,234.0,0.0,0.0,-1.0,0
4800.0,36.0,8.9,152.42,4.0,9.0,1.0,60000.0,2.0,10.0,12.46,3.0,0.0,1612.0,22.4,5.0,1.0,0.0,0.0,0.0,757.0,5.0,0.08,0.6,55.0,0.0,0.0,-1.0,0
20400.0,60.0,16.29,499.24,14.0,10.0,0.0,64000.0,2.0,4.0,25.18,9.0,0.0,30855.0,84.8,25.0,1.0,0.0,4.0,0.0,712.0,5.0,0.31875,0.36,216.0,0.0,0.0,-1.0,0
12000.0,36.0,13.99,410.08,10.0,4.0,1.0,61000.0,1.0,4.0,21.07,16.0,0.0,13318.0,47.1,35.0,1.0,0.0,0.0,0.0,672.0,5.0,0.1967213114754098,0.4571428571428571,114.0,0.0,0.0,-1.0,1
4800.0,36.0,13.11,161.99,8.0,1.0,0.0,106000.0,0.0,0.0,13.53,11.0,0.0,17989.0,88.2,38.0,1.0,0.0,5.0,0.0,677.0,5.0,0.0452830188679245,0.2894736842105263,203.0,0.0,0.0,-1.0,0
21000.0,60.0,18.25,536.13,17.0,10.0,0.0,46000.0,2.0,0.0,23.24,12.0,0.0,12981.0,58.7,25.0,1.0,0.0,0.0,0.0,697.0,5.0,0.4565217391304347,0.48,347.0,0.0,0.0,-1.0,1
8000.0,36.0,7.9,250.33,3.0,4.0,1.0,128000.0,1.0,0.0,0.88,4.0,0.0,5187.0,39.0,4.0,1.0,0.0,0.0,0.0,727.0,5.0,0.0625,1.0,73.0,0.0,0.0,-1.0,0
4800.0,36.0,15.81,168.31,13.0,9.0,0.0,45000.0,0.0,0.0,22.77,11.0,0.0,4814.0,83.0,30.0,1.0,0.0,1.0,0.0,667.0,5.0,0.1066666666666666,0.3666666666666666,93.0,0.0,0.0,-1.0,0
28625.0,36.0,20.5,1071.12,21.0,4.0,0.0,58000.0,2.0,0.0,26.52,14.0,0.0,32872.0,65.2,23.0,1.0,0.0,0.0,0.0,672.0,5.0,0.4935344827586206,0.6086956521739131,136.0,0.0,0.0,-1.0,0
14986.7255859375,36.0,17.27,536.3338037109374,15.0,1.0,1.0,115425.484375,0.0,4.0,-0.9999998283386233,6.0,0.0,21591.880859375,84.32720184326172,10.0,1.0,0.0,1.0,0.0,682.0,5.0,0.12983897740536549,0.600000003973643,159.0,0.0,0.0,-1.0,0
15000.0,36.0,18.25,544.17,17.0,7.0,1.0,60000.0,0.0,4.0,18.3,8.0,0.0,11807.0,93.0,24.0,1.0,0.0,0.0,0.0,672.0,5.0,0.25,0.3333333333333333,246.0,0.0,0.0,-1.0,0
5000.0,36.0,6.62,153.52,1.0,9.0,1.0,45000.0,2.0,12.0,13.28,15.0,0.0,4834.0,14.2,29.0,1.0,0.0,0.0,0.0,742.0,6.0,0.1111111111111111,0.5172413793103449,167.0,0.0,0.0,-1.0,0
21000.0,36.0,13.11,708.69,8.0,1.0,0.0,161500.0,0.0,0.0,10.64,14.0,0.0,33765.0,62.8,22.0,1.0,0.0,1.0,0.0,717.0,6.0,0.1300309597523219,0.6363636363636364,408.0,0.0,0.0,-1.0,0
11200.0,36.0,17.77,403.62,15.0,6.0,1.0,45000.0,0.0,0.0,10.24,10.0,0.0,9843.0,69.8,17.0,1.0,0.0,0.0,0.0,667.0,6.0,0.2488888888888888,0.5882352941176471,72.0,0.0,0.0,-1.0,0
12000.0,36.0,17.27,429.45,14.0,5.0,0.0,50000.0,0.0,4.0,9.65,6.0,0.0,12254.0,81.2,12.0,1.0,0.0,0.0,0.0,667.0,6.0,0.24,0.5,289.0,0.0,0.0,-1.0,0
35000.0,60.0,13.11,798.33,8.0,9.0,2.0,89500.0,2.0,0.0,29.51,18.0,0.0,45806.0,47.7,26.0,1.0,0.0,1.0,0.0,742.0,6.0,0.3910614525139664,0.6923076923076923,254.0,0.0,0.0,-1.0,0
6000.0,36.0,13.11,202.49,8.0,3.0,1.0,43000.0,0.0,0.0,27.86,14.0,0.0,7013.0,66.2,18.0,1.0,0.0,0.0,0.0,692.0,6.0,0.1395348837209302,0.7777777777777778,101.0,0.0,0.0,-1.0,1
12000.0,36.0,8.9,381.04,4.0,2.0,0.0,48000.0,0.0,0.0,16.0,12.0,0.0,8950.0,52.0,14.0,1.0,0.0,1.0,0.0,717.0,6.0,0.25,0.8571428571428571,67.0,0.0,0.0,-1.0,0
1600.0,36.0,14.33,54.95,10.0,10.0,0.0,35000.0,0.0,3.0,18.38,9.0,0.0,7528.0,71.7,45.0,1.0,0.0,7.0,0.0,677.0,6.0,0.0457142857142857,0.2,240.0,0.0,0.0,-1.0,0
3000.0,36.0,13.11,101.25,8.0,2.0,0.0,95000.0,0.0,12.0,16.68,18.0,0.0,19664.0,44.8,48.0,1.0,0.0,4.0,0.0,687.0,6.0,0.031578947368421,0.375,375.0,0.0,0.0,-1.0,0
10000.0,36.0,10.74,326.16,6.0,10.0,0.0,60000.0,0.0,0.0,8.2,8.0,0.0,9874.0,47.9,15.0,1.0,0.0,2.0,0.0,702.0,6.0,0.1666666666666666,0.5333333333333333,198.0,0.0,0.0,-1.0,0
6608.81005859375,36.0,6.03,201.14158142089843,0.0,10.0,0.0,128655.53125,0.0,2.0,101.29019897460938,7.0,0.0,360007.5625,16.096143531799317,17.0,1.0,0.0,2.0,0.0,807.0,6.0,0.05136825227966671,0.4117647058823529,208.0,0.0,0.0,-1.0,0
3915.652099609375,36.0,13.67,133.20123107910158,9.0,1.0,1.0,11101.89453125,1.0,1.0,41.80505615234375,14.0,0.0,60431.58984375,95.76580810546875,30.0,1.0,0.0,0.0,0.0,682.0,6.0,0.3527012228965759,0.4666666666666667,103.0,0.0,0.0,-1.0,0
8391.28515625,36.0,10.74,273.687998046875,6.0,10.0,2.0,354642.75,1.0,0.0,26.846657485961913,8.0,0.0,159826.984375,42.11258087158203,22.0,1.0,0.0,1.0,0.0,717.0,6.0,0.023661236976986452,0.36363638639450074,184.0,0.0,0.0,-1.0,0
25000.0,60.0,15.31,598.83,12.0,10.0,0.0,100000.0,2.0,0.0,15.37,15.0,0.0,20457.0,47.4,30.0,1.0,0.0,5.0,0.0,722.0,6.0,0.25,0.5,260.0,0.0,0.0,-1.0,0
15850.0,36.0,15.31,551.86,11.0,3.0,1.0,40000.0,0.0,0.0,12.84,6.0,0.0,13763.0,86.6,13.0,1.0,0.0,0.0,0.0,682.0,6.0,0.39625,0.4615384615384615,80.0,0.0,0.0,-1.0,0
8000.0,36.0,18.49,291.19,16.0,6.0,2.0,92000.0,0.0,2.0,6.76,10.0,0.0,6569.0,77.3,19.0,1.0,0.0,0.0,0.0,662.0,6.0,0.0869565217391304,0.5263157894736842,180.0,0.0,0.0,-1.0,1
6500.0,36.0,16.29,229.46,13.0,3.0,1.0,76000.0,0.0,4.0,9.2,8.0,0.0,9983.0,60.1,11.0,1.0,0.0,0.0,0.0,672.0,6.0,0.0855263157894736,0.7272727272727273,66.0,0.0,0.0,-1.0,0
4600.0,36.0,8.9,146.07,4.0,2.0,1.0,50000.0,2.0,0.0,33.7,7.0,0.0,1547.0,55.2,20.0,1.0,0.0,0.0,0.0,707.0,6.0,0.092,0.35,117.0,0.0,0.0,-1.0,0
35000.0,36.0,18.49,1273.96,16.0,10.0,0.0,127500.0,2.0,2.0,17.35,21.0,0.0,19990.0,37.4,51.0,1.0,0.0,1.0,0.0,702.0,6.0,0.2745098039215686,0.4117647058823529,161.0,0.0,0.0,-1.0,0
12000.0,60.0,8.9,248.52,4.0,10.0,0.0,45000.0,1.0,0.0,8.45,12.0,0.0,10367.0,42.1,28.0,1.0,0.0,3.0,0.0,757.0,6.0,0.2666666666666666,0.4285714285714285,169.0,0.0,0.0,-1.0,0
25030.984375,36.0,11.14,821.1450756835937,6.0,1.0,0.0,124534.9921875,0.0,0.0,18.365931625366212,7.0,0.0,1646.2529296875,24.874298095703125,21.0,1.0,0.0,2.0,0.0,737.0,7.0,0.200995589296023,0.3333333304950169,177.0,0.0,0.0,-1.0,0
25000.0,60.0,20.49,669.19,20.0,7.0,1.0,175000.0,2.0,0.0,6.17,22.0,0.0,23665.0,88.3,30.0,1.0,0.0,0.0,0.0,707.0,7.0,0.1428571428571428,0.7333333333333333,383.0,0.0,0.0,-1.0,0
20000.0,36.0,19.72,740.43,19.0,10.0,0.0,135000.0,2.0,0.0,14.3,12.0,0.0,25764.0,79.8,30.0,1.0,0.0,5.0,0.0,667.0,7.0,0.1481481481481481,0.4,172.0,0.0,0.0,-1.0,0
16026.306640625,36.0,7.9,501.467138671875,3.0,5.0,0.0,321686.03125,0.0,0.0,38.77872817993164,14.0,1.0,201581.28125,42.389460754394534,29.0,1.0,0.0,2.0,1.0,722.0,7.0,0.04981971760590867,0.4827586094538371,188.0,0.0053191489361702,0.0053191489361702,1.0,0
12000.0,36.0,12.12,399.26,7.0,4.0,1.0,36000.0,0.0,0.0,20.77,11.0,0.0,14616.0,64.1,31.0,1.0,0.0,0.0,0.0,687.0,7.0,0.3333333333333333,0.3548387096774194,200.0,0.0,0.0,-1.0,1
3000.0,36.0,12.12,99.82,7.0,1.0,1.0,43000.0,0.0,0.0,27.01,11.0,0.0,14274.0,70.7,20.0,1.0,0.0,3.0,0.0,682.0,7.0,0.0697674418604651,0.55,128.0,0.0,0.0,-1.0,0
20000.0,36.0,13.11,674.94,8.0,10.0,0.0,84608.0,1.0,0.0,17.74,10.0,0.0,36309.0,97.9,28.0,1.0,0.0,6.0,0.0,727.0,7.0,0.2363842662632375,0.3571428571428571,220.0,0.0,0.0,-1.0,1
10000.0,36.0,13.11,337.47,8.0,7.0,0.0,91364.0,0.0,0.0,13.67,18.0,0.0,17323.0,37.2,43.0,1.0,0.0,7.0,0.0,702.0,7.0,0.1094523006873604,0.4186046511627907,401.0,0.0,0.0,-1.0,0
2500.0,60.0,15.31,59.89,11.0,10.0,0.0,60000.0,2.0,5.0,26.5,15.0,0.0,11548.0,62.8,41.0,1.0,0.0,3.0,0.0,702.0,7.0,0.0416666666666666,0.3658536585365853,182.0,0.0,0.0,-1.0,0
6000.0,36.0,10.16,194.06,5.0,9.0,1.0,50000.0,0.0,12.0,20.86,7.0,0.0,6371.0,54.0,16.0,1.0,0.0,0.0,0.0,697.0,7.0,0.12,0.4375,151.0,0.0,0.0,-1.0,0
8725.0,36.0,15.31,303.79,11.0,5.0,1.0,25000.0,1.0,0.0,27.22,14.0,0.0,4399.0,48.9,17.0,1.0,0.0,0.0,0.0,677.0,7.0,0.349,0.8235294117647058,52.0,0.0,0.0,-1.0,0
6000.0,36.0,14.33,206.03,10.0,1.0,0.0,100000.0,2.0,4.0,6.71,10.0,0.0,17231.0,74.9,34.0,1.0,0.0,1.0,0.0,667.0,7.0,0.06,0.2941176470588235,186.0,0.0,0.0,-1.0,0
20000.0,36.0,12.12,665.44,7.0,10.0,1.0,63806.0,0.0,0.0,18.51,19.0,0.0,17749.0,49.7,32.0,1.0,0.0,0.0,0.0,702.0,7.0,0.3134501457543178,0.59375,176.0,0.0,0.0,-1.0,0
12421.947265625,36.0,13.11,419.2012353515625,8.0,7.0,0.0,461738.34375,2.0,0.0,42.72345710754394,9.0,0.0,153235.828125,44.180667877197266,32.0,1.0,0.0,4.0,0.0,707.0,7.0,0.02690254158443872,0.2812499860922495,182.0,0.0,0.0,-1.0,1
15000.0,36.0,12.12,499.08,7.0,2.0,0.0,110000.0,0.0,0.0,22.41,14.0,0.0,37361.0,43.4,39.0,1.0,0.0,2.0,0.0,702.0,7.0,0.1363636363636363,0.358974358974359,165.0,0.0,0.0,-1.0,0
18250.0,36.0,16.29,644.24,13.0,1.0,2.0,47000.0,0.0,0.0,29.16,15.0,0.0,17942.0,47.6,27.0,1.0,0.0,0.0,0.0,682.0,7.0,0.3882978723404255,0.5555555555555556,148.0,0.0,0.0,-1.0,0
12000.0,36.0,7.62,373.94,2.0,5.0,1.0,50000.0,2.0,12.0,1.69,4.0,0.0,2006.0,17.8,7.0,1.0,0.0,0.0,0.0,752.0,7.0,0.24,0.5714285714285714,62.0,0.0,0.0,-1.0,0
15000.0,36.0,10.16,485.14,5.0,10.0,0.0,87000.0,0.0,0.0,22.5,13.0,0.0,28472.0,45.9,40.0,1.0,0.0,3.0,0.0,732.0,7.0,0.1724137931034483,0.325,257.0,0.0,0.0,-1.0,0
15000.0,60.0,19.72,395.08,19.0,4.0,1.0,78000.0,1.0,5.0,9.43,2.0,0.0,12431.0,82.9,6.0,1.0,0.0,1.0,0.0,732.0,7.0,0.1923076923076923,0.3333333333333333,187.0,0.0,0.0,-1.0,0
12000.0,36.0,11.14,393.67,6.0,3.0,0.0,45000.0,2.0,0.0,20.43,19.0,0.0,10913.0,49.2,35.0,1.0,0.0,1.0,0.0,702.0,7.0,0.2666666666666666,0.5428571428571428,203.0,0.0,0.0,-1.0,0
4800.0,36.0,7.62,149.58,2.0,5.0,0.0,39500.0,2.0,3.0,19.66,8.0,0.0,6361.0,46.1,20.0,1.0,0.0,1.0,0.0,737.0,7.0,0.1215189873417721,0.4,158.0,0.0,0.0,-1.0,0
5000.0,36.0,13.11,168.74,8.0,10.0,0.0,92000.0,2.0,5.0,32.6,11.0,0.0,1889.0,82.1,50.0,1.0,0.0,4.0,0.0,687.0,7.0,0.0543478260869565,0.22,163.0,0.0,0.0,-1.0,0
8013.93994140625,36.0,14.33,275.18360229492185,10.0,10.0,0.0,52353.75390625,0.0,6.0,26.377331466674804,10.0,1.0,56640.609375,76.32223052978516,32.0,1.0,0.0,6.0,1.0,692.0,7.0,0.15307287138605866,0.3125,211.0,0.0047393364928909,0.0047393364928909,1.0,0
3600.0,36.0,7.9,112.65,3.0,10.0,0.0,35000.0,2.0,0.0,14.98,10.0,0.0,1533.0,32.6,27.0,1.0,0.0,5.0,0.0,712.0,7.0,0.1028571428571428,0.3703703703703703,196.0,0.0,0.0,-1.0,1
6765.689453125,36.0,11.14,221.94941284179689,6.0,2.0,1.0,312986.9375,0.0,4.0,88.49213317871093,16.0,0.0,48454.2734375,38.75205307006836,26.0,1.0,0.0,3.0,0.0,702.0,7.0,0.021616511940956123,0.6153846153846154,86.0,0.0,0.0,-1.0,0
6000.0,36.0,12.12,199.63,7.0,1.0,1.0,40000.0,0.0,4.0,18.09,12.0,0.0,9559.0,66.4,17.0,1.0,0.0,0.0,0.0,697.0,7.0,0.15,0.7058823529411765,103.0,0.0,0.0,-1.0,0
26000.0,36.0,13.11,877.43,8.0,9.0,1.0,81000.0,0.0,0.0,18.59,13.0,0.0,15233.0,25.2,30.0,1.0,0.0,0.0,0.0,707.0,7.0,0.3209876543209876,0.4333333333333333,186.0,0.0,0.0,-1.0,0
5000.0,36.0,10.16,161.72,5.0,3.0,1.0,116000.0,2.0,3.0,11.62,17.0,0.0,16595.0,42.5,35.0,1.0,0.0,0.0,0.0,712.0,8.0,0.043103448275862,0.4857142857142857,113.0,0.0,0.0,-1.0,0
29175.0,60.0,21.0,789.29,21.0,10.0,1.0,74000.0,2.0,0.0,18.73,11.0,0.0,23144.0,88.3,25.0,1.0,0.0,0.0,0.0,707.0,8.0,0.3942567567567567,0.44,288.0,0.0,0.0,-1.0,0
5000.0,36.0,17.27,178.94,14.0,5.0,1.0,50000.0,0.0,0.0,9.77,6.0,0.0,5521.0,62.7,8.0,1.0,0.0,0.0,0.0,662.0,8.0,0.1,0.75,125.0,0.0,0.0,-1.0,0
24000.0,60.0,14.09,559.56,9.0,10.0,1.0,60000.0,2.0,0.0,21.45,7.0,0.0,9498.0,52.8,11.0,1.0,0.0,0.0,0.0,742.0,8.0,0.4,0.6363636363636364,392.0,0.0,0.0,-1.0,0
27935.74609375,36.0,7.62,870.5110888671875,2.0,0.0,2.0,143294.828125,0.0,4.0,17.496551246643065,10.0,0.0,169702.109375,21.75511531829834,26.0,1.0,0.0,8.0,0.0,807.0,8.0,0.1949529188871384,0.3846153855323792,287.0,0.0,0.0,-1.0,0
15000.0,36.0,19.05,550.22,18.0,1.0,1.0,72900.0,0.0,4.0,14.81,11.0,0.0,11039.0,97.7,20.0,1.0,0.0,0.0,0.0,677.0,8.0,0.205761316872428,0.55,186.0,0.0,0.0,-1.0,0
6174.3408203125,60.0,11.14,134.67693603515625,6.0,10.0,1.0,879717.0625,2.0,3.0,36.41812850952148,8.0,0.0,0.0,21.193686676025393,26.0,1.0,0.0,2.0,0.0,732.0,8.0,0.007018546847736118,0.3076923076923077,225.0,0.0,0.0,-1.0,0
13100.0,36.0,11.14,429.75,6.0,4.0,0.0,57500.0,0.0,0.0,6.45,10.0,0.0,12821.0,39.9,32.0,1.0,0.0,3.0,0.0,707.0,8.0,0.2278260869565217,0.3125,138.0,0.0,0.0,-1.0,1
5000.0,36.0,12.12,166.36,7.0,2.0,1.0,67000.0,0.0,0.0,14.42,8.0,0.0,4369.0,42.4,14.0,1.0,0.0,0.0,0.0,677.0,8.0,0.0746268656716417,0.5714285714285714,72.0,0.0,0.0,-1.0,0
10028.2578125,36.0,10.16,324.3357312011719,5.0,10.0,0.0,257427.984375,2.0,0.0,43.37231384277344,10.0,0.0,246884.4375,70.82270050048828,24.0,1.0,0.0,6.0,0.0,722.0,8.0,0.038955586178908236,0.4166666666666667,275.0,0.0,0.0,-1.0,0
4000.0,36.0,11.14,131.23,6.0,8.0,0.0,55200.0,0.0,8.0,10.48,4.0,0.0,3363.0,59.0,18.0,1.0,0.0,1.0,0.0,717.0,8.0,0.072463768115942,0.2222222222222222,126.0,0.0,0.0,-1.0,0
6500.0,36.0,8.9,206.4,4.0,10.0,0.0,60000.0,1.0,4.0,10.46,13.0,0.0,13886.0,49.9,37.0,1.0,0.0,4.0,0.0,717.0,8.0,0.1083333333333333,0.3513513513513513,128.0,0.0,0.0,-1.0,0
10578.4765625,36.0,18.49,385.04361938476563,16.0,2.0,2.0,83084.0546875,0.0,0.0,20.606490478515624,15.0,0.0,3290.64501953125,51.70279541015625,27.0,1.0,0.0,0.0,0.0,662.0,8.0,0.12732258666910523,0.5555555555555556,124.0,0.0,0.0,-1.0,0
16800.0,36.0,10.16,543.36,5.0,6.0,1.0,45000.0,0.0,4.0,28.91,15.0,0.0,12667.0,44.8,38.0,1.0,0.0,0.0,0.0,722.0,8.0,0.3733333333333333,0.3947368421052631,221.0,0.0,0.0,-1.0,0
19750.0,36.0,14.09,675.88,9.0,10.0,0.0,51000.0,1.0,0.0,21.22,9.0,0.0,24155.0,51.4,23.0,1.0,0.0,3.0,0.0,692.0,8.0,0.3872549019607843,0.391304347826087,271.0,0.0,0.0,-1.0,0
5525.0,36.0,13.11,186.46,8.0,0.0,0.0,28000.0,1.0,4.0,26.06,16.0,0.0,15567.0,55.8,27.0,1.0,0.0,0.0,0.0,692.0,8.0,0.1973214285714285,0.5925925925925926,92.0,0.0,0.0,-1.0,0
6000.0,36.0,15.8,210.36,12.0,5.0,1.0,36000.0,0.0,4.0,8.77,8.0,0.0,3638.0,54.3,11.0,1.0,0.0,0.0,0.0,667.0,8.0,0.1666666666666666,0.7272727272727273,97.0,0.0,0.0,-1.0,0
2011.0389404296875,36.0,15.8,70.50375350952149,12.0,5.0,1.0,33.0,1.0,5.0,14.264053192138672,8.0,0.0,190220.640625,80.94916076660157,10.0,1.0,0.0,0.0,0.0,672.0,9.0,60.940576171875,0.8000000052981906,61.0,0.0,0.0,-1.0,0
21600.0,60.0,22.47,602.36,24.0,10.0,0.0,80000.0,2.0,0.0,22.89,9.0,0.0,75276.0,50.6,16.0,1.0,0.0,2.0,0.0,672.0,9.0,0.27,0.5625,195.0,0.0,0.0,-1.0,0
10750.0,36.0,7.9,336.38,3.0,2.0,0.0,32744.0,0.0,0.0,15.65,9.0,0.0,16789.0,55.6,13.0,1.0,0.0,1.0,0.0,727.0,9.0,0.3283044221842169,0.6923076923076923,123.0,0.0,0.0,-1.0,0
21000.0,36.0,12.12,698.71,7.0,0.0,1.0,99960.0,1.0,0.0,22.23,18.0,0.0,37384.0,82.9,35.0,1.0,0.0,2.0,0.0,702.0,9.0,0.2100840336134453,0.5142857142857142,453.0,0.0,0.0,-1.0,0
16200.0,36.0,18.49,589.66,16.0,2.0,0.0,200000.0,1.0,0.0,15.58,13.0,0.0,28333.0,77.4,36.0,1.0,0.0,3.0,0.0,667.0,9.0,0.081,0.3611111111111111,296.0,0.0,0.0,-1.0,0
3600.0,36.0,12.12,119.78,7.0,4.0,1.0,22000.0,0.0,4.0,25.85,4.0,0.0,2675.0,59.4,5.0,1.0,0.0,0.0,0.0,707.0,9.0,0.1636363636363636,0.8,77.0,0.0,0.0,-1.0,0
16200.0,36.0,14.33,556.28,10.0,10.0,2.0,52000.0,2.0,0.0,14.93,4.0,0.0,5956.0,81.6,27.0,1.0,0.0,3.0,0.0,692.0,9.0,0.3115384615384615,0.1481481481481481,146.0,0.0,0.0,-1.0,0
10000.0,36.0,13.11,337.47,8.0,3.0,1.0,58510.4,0.0,4.0,13.14,13.0,0.0,7796.0,24.3,14.0,1.0,0.0,0.0,0.0,702.0,9.0,0.1709097869780415,0.9285714285714286,66.0,0.0,0.0,-1.0,0
6000.0,36.0,11.14,196.84,6.0,2.0,1.0,26000.0,0.0,3.0,5.08,11.0,0.0,5275.0,28.4,17.0,0.0,0.0,0.0,0.0,707.0,9.0,0.2307692307692307,0.6470588235294118,80.0,0.0,0.0,-1.0,0
12000.0,36.0,13.11,404.97,8.0,7.0,0.0,50000.0,2.0,4.0,34.49,17.0,1.0,12222.0,50.9,26.0,1.0,0.0,0.0,1.0,682.0,9.0,0.24,0.6538461538461539,163.0,0.0061349693251533,0.0061349693251533,1.0,0
8000.0,36.0,12.12,266.18,7.0,3.0,1.0,25000.0,2.0,4.0,33.41,6.0,0.0,10272.0,63.4,10.0,1.0,0.0,0.0,0.0,687.0,9.0,0.32,0.6,108.0,0.0,0.0,-1.0,0
12000.0,36.0,13.11,404.97,8.0,10.0,1.0,52000.0,1.0,0.0,10.64,13.0,0.0,12979.0,43.4,22.0,0.0,0.0,1.0,0.0,677.0,9.0,0.2307692307692307,0.5909090909090909,223.0,0.0,0.0,-1.0,0
8450.0,36.0,12.12,281.15,7.0,3.0,1.0,34000.0,2.0,0.0,18.04,7.0,0.0,18667.0,88.5,16.0,1.0,0.0,2.0,0.0,717.0,9.0,0.2485294117647059,0.4375,288.0,0.0,0.0,-1.0,1
25000.0,60.0,18.49,641.52,16.0,5.0,0.0,103278.68,2.0,0.0,27.56,11.0,0.0,15210.0,54.5,37.0,1.0,0.0,2.0,0.0,722.0,9.0,0.2420635120433375,0.2972972972972973,229.0,0.0,0.0,-1.0,1
28625.0,36.0,7.62,892.0,2.0,10.0,0.0,73081.0,2.0,4.0,15.83,10.0,0.0,29353.0,67.3,32.0,1.0,0.0,7.0,0.0,767.0,9.0,0.3916886742108071,0.3125,229.0,0.0,0.0,-1.0,0
14325.0,36.0,20.49,535.96,20.0,2.0,0.0,67227.0,2.0,0.0,10.63,6.0,0.0,20336.0,90.4,14.0,1.0,0.0,2.0,0.0,662.0,9.0,0.2130840287384533,0.4285714285714285,185.0,0.0,0.0,-1.0,0
17475.0,36.0,14.33,600.06,10.0,8.0,0.0,66000.0,2.0,0.0,23.72,13.0,0.0,39189.0,51.2,42.0,1.0,0.0,9.0,0.0,702.0,9.0,0.2647727272727272,0.3095238095238095,299.0,0.0,0.0,-1.0,0
9000.0,36.0,16.29,317.71,13.0,10.0,0.0,43000.0,0.0,0.0,11.55,11.0,0.0,8767.0,63.1,23.0,1.0,0.0,5.0,0.0,672.0,9.0,0.2093023255813953,0.4782608695652174,141.0,0.0,0.0,-1.0,0
21000.0,36.0,19.05,770.31,18.0,2.0,1.0,95000.0,2.0,0.0,12.21,7.0,0.0,15571.0,80.3,11.0,1.0,0.0,0.0,0.0,672.0,9.0,0.2210526315789473,0.6363636363636364,86.0,0.0,0.0,-1.0,0
25200.0,60.0,19.72,663.73,19.0,7.0,1.0,74000.0,2.0,4.0,22.54,14.0,0.0,21412.0,81.4,30.0,1.0,0.0,5.0,0.0,697.0,9.0,0.3405405405405405,0.4666666666666667,211.0,0.0,0.0,-1.0,0
26250.0,36.0,7.9,821.37,3.0,2.0,0.0,200000.0,2.0,0.0,12.71,10.0,0.0,10853.0,27.1,17.0,1.0,0.0,2.0,0.0,757.0,9.0,0.13125,0.5882352941176471,123.0,0.0,0.0,-1.0,0
12000.0,36.0,11.14,393.67,6.0,2.0,1.0,40000.0,2.0,0.0,34.65,16.0,0.0,15949.0,48.2,28.0,1.0,0.0,4.0,0.0,717.0,9.0,0.3,0.5714285714285714,347.0,0.0,0.0,-1.0,1
35000.0,60.0,15.31,838.36,11.0,0.0,0.0,175000.0,2.0,4.0,14.03,16.0,0.0,142339.0,0.2,28.0,0.0,0.0,3.0,0.0,752.0,9.0,0.2,0.5714285714285714,192.0,0.0,0.0,-1.0,0
5200.0,36.0,7.9,162.71,3.0,2.0,1.0,30000.0,0.0,0.0,22.56,8.0,0.0,8287.0,55.6,10.0,0.0,0.0,0.0,0.0,722.0,9.0,0.1733333333333333,0.8,60.0,0.0,0.0,-1.0,0
12800.0,36.0,13.11,431.97,8.0,7.0,1.0,84000.0,0.0,4.0,17.07,9.0,0.0,25623.0,63.3,18.0,1.0,0.0,0.0,0.0,677.0,9.0,0.1523809523809524,0.5,185.0,0.0,0.0,-1.0,0
5600.0,36.0,11.14,183.71,6.0,10.0,0.0,36000.0,2.0,0.0,33.63,11.0,0.0,10040.0,88.1,54.0,1.0,0.0,1.0,0.0,697.0,9.0,0.1555555555555555,0.2037037037037037,186.0,0.0,0.0,-1.0,0
16000.0,36.0,16.29,564.81,13.0,10.0,1.0,45000.0,1.0,0.0,33.41,13.0,0.0,24870.0,77.5,44.0,1.0,0.0,2.0,0.0,687.0,10.0,0.3555555555555555,0.2954545454545454,370.0,0.0,0.0,-1.0,0
12700.0,36.0,6.62,389.94,1.0,2.0,1.0,80000.0,0.0,7.0,0.7,7.0,0.0,643.0,1.8,8.0,0.0,0.0,0.0,0.0,772.0,10.0,0.15875,0.875,102.0,0.0,0.0,-1.0,0
9750.0,36.0,14.33,334.8,10.0,8.0,0.0,34000.0,2.0,3.0,33.88,17.0,0.0,25078.0,83.4,29.0,1.0,0.0,4.0,0.0,687.0,10.0,0.2867647058823529,0.5862068965517241,147.0,0.0,0.0,-1.0,1
6062.39892578125,36.0,14.33,208.171357421875,10.0,8.0,1.0,167920.21875,2.0,0.0,40.79796569824219,7.0,0.0,84146.1953125,109.59407196044921,28.0,1.0,0.0,2.0,0.0,672.0,10.0,0.03610285047222582,0.2499999978712626,127.0,0.0,0.0,-1.0,0
4800.0,36.0,12.12,159.71,7.0,9.0,1.0,50000.0,2.0,0.0,16.82,4.0,0.0,9767.0,70.8,12.0,0.0,0.0,0.0,0.0,692.0,10.0,0.096,0.3333333333333333,174.0,0.0,0.0,-1.0,0
20000.0,36.0,14.09,684.43,9.0,2.0,0.0,105000.0,2.0,0.0,33.65,20.0,0.0,17628.0,66.5,53.0,0.0,0.0,8.0,0.0,707.0,10.0,0.1904761904761904,0.3773584905660377,282.0,0.0,0.0,-1.0,0
6000.0,36.0,15.31,208.91,11.0,4.0,0.0,92000.0,0.0,0.0,12.53,12.0,0.0,20573.0,80.7,24.0,1.0,0.0,4.0,0.0,672.0,10.0,0.0652173913043478,0.5,169.0,0.0,0.0,-1.0,0
3600.0,36.0,8.9,114.32,4.0,5.0,0.0,54000.0,0.0,0.0,22.49,10.0,0.0,12330.0,52.7,35.0,1.0,0.0,7.0,0.0,707.0,10.0,0.0666666666666666,0.2857142857142857,241.0,0.0,0.0,-1.0,0
21175.0,60.0,22.95,596.33,25.0,1.0,1.0,65000.0,1.0,0.0,16.65,7.0,0.0,21927.0,71.2,25.0,1.0,0.0,0.0,0.0,667.0,10.0,0.3257692307692307,0.28,154.0,0.0,0.0,-1.0,1
16000.0,36.0,14.33,549.42,10.0,10.0,2.0,72000.0,2.0,0.0,30.15,18.0,0.0,16765.0,57.0,43.0,1.0,0.0,3.0,0.0,702.0,10.0,0.2222222222222222,0.4186046511627907,160.0,0.0,0.0,-1.0,0
8000.0,36.0,6.62,245.63,1.0,10.0,2.0,125000.0,1.0,0.0,17.61,9.0,0.0,80394.0,67.5,14.0,1.0,0.0,1.0,0.0,747.0,10.0,0.064,0.6428571428571429,313.0,0.0,0.0,-1.0,0
9450.0,36.0,17.77,340.56,15.0,1.0,1.0,27040.0,0.0,0.0,17.4,8.0,0.0,14024.0,72.7,11.0,1.0,0.0,0.0,0.0,662.0,10.0,0.3494822485207101,0.7272727272727273,103.0,0.0,0.0,-1.0,1
5150.0,36.0,11.14,168.95,6.0,1.0,0.0,35000.0,2.0,0.0,29.59,9.0,1.0,17570.0,83.3,23.0,1.0,0.0,2.0,1.0,702.0,10.0,0.1471428571428571,0.391304347826087,153.0,0.0065359477124183,0.0065359477124183,1.0,0
21850.0,60.0,18.75,563.8,17.0,4.0,0.0,50000.0,2.0,0.0,13.71,11.0,0.0,18254.0,77.0,25.0,1.0,0.0,4.0,0.0,697.0,10.0,0.437,0.44,231.0,0.0,0.0,-1.0,0
7018.509765625,36.0,8.9,222.85870483398438,4.0,10.0,2.0,1043641.75,2.0,5.0,15.343681716918946,4.0,0.0,9228.8818359375,103.18435516357422,14.0,1.0,0.0,0.0,0.0,717.0,10.0,0.006725019216537481,0.2857142857142857,157.0,0.0,0.0,-1.0,0
10000.0,36.0,14.33,343.39,10.0,1.0,1.0,120000.0,0.0,9.0,2.22,4.0,0.0,5842.0,62.5,18.0,1.0,0.0,6.0,0.0,682.0,10.0,0.0833333333333333,0.2222222222222222,159.0,0.0,0.0,-1.0,0
17500.0,60.0,18.49,449.07,16.0,10.0,2.0,39000.0,2.0,2.0,14.49,16.0,0.0,14496.0,31.9,24.0,1.0,0.0,0.0,0.0,702.0,10.0,0.4487179487179487,0.6666666666666666,298.0,0.0,0.0,-1.0,0
21175.0,36.0,19.72,783.93,19.0,4.0,1.0,60000.0,1.0,0.0,15.46,8.0,0.0,17847.0,65.9,22.0,0.0,0.0,0.0,0.0,667.0,10.0,0.3529166666666666,0.3636363636363636,149.0,0.0,0.0,-1.0,1
30000.0,36.0,18.49,1091.97,16.0,10.0,0.0,155500.0,2.0,0.0,15.24,16.0,0.0,25563.0,58.6,30.0,1.0,0.0,4.0,0.0,707.0,10.0,0.1929260450160771,0.5333333333333333,189.0,0.0,0.0,-1.0,0
14125.0,60.0,21.0,382.13,21.0,0.0,1.0,40000.0,2.0,0.0,31.95,12.0,1.0,4525.0,69.6,31.0,0.0,0.0,8.0,1.0,672.0,10.0,0.353125,0.3870967741935484,146.0,0.0068493150684931,0.0068493150684931,1.0,1
35000.0,36.0,18.75,1278.55,17.0,10.0,0.0,500000.0,1.0,0.0,8.36,20.0,0.0,32559.0,79.6,40.0,1.0,0.0,5.0,0.0,697.0,10.0,0.07,0.5,326.0,0.0,0.0,-1.0,0
12000.0,36.0,7.62,373.94,2.0,10.0,0.0,50966.0,0.0,2.0,17.26,14.0,0.0,14068.0,44.2,33.0,1.0,0.0,3.0,0.0,737.0,10.0,0.2354510850370835,0.4242424242424242,351.0,0.0,0.0,-1.0,0
9325.0,36.0,12.12,310.26,7.0,10.0,2.0,44000.0,2.0,4.0,34.15,11.0,0.0,7085.0,84.3,38.0,1.0,0.0,2.0,0.0,697.0,10.0,0.2119318181818182,0.2894736842105263,415.0,0.0,0.0,-1.0,0
14000.0,36.0,17.27,501.03,14.0,3.0,1.0,60000.0,1.0,0.0,17.1,12.0,0.0,5167.0,97.5,24.0,1.0,0.0,0.0,0.0,687.0,10.0,0.2333333333333333,0.5,104.0,0.0,0.0,-1.0,0
13000.0,36.0,18.49,473.19,16.0,9.0,1.0,36000.0,0.0,4.0,10.2,6.0,0.0,8671.0,62.8,17.0,1.0,0.0,0.0,0.0,672.0,10.0,0.3611111111111111,0.3529411764705882,150.0,0.0,0.0,-1.0,0
4000.0,36.0,10.16,129.37,5.0,2.0,1.0,14840.0,2.0,4.0,14.47,3.0,0.0,5464.0,82.8,4.0,1.0,0.0,0.0,0.0,732.0,10.0,0.2695417789757412,0.75,83.0,0.0,0.0,-1.0,0
5500.0,36.0,11.14,180.43,6.0,10.0,1.0,34000.0,0.0,0.0,15.99,12.0,0.0,13074.0,80.2,24.0,1.0,0.0,0.0,0.0,702.0,10.0,0.1617647058823529,0.5,361.0,0.0,0.0,-1.0,0
16050.0,60.0,18.49,411.86,16.0,2.0,0.0,45600.0,2.0,0.0,20.32,9.0,0.0,26341.0,87.2,14.0,1.0,0.0,2.0,0.0,712.0,10.0,0.3519736842105263,0.6428571428571429,158.0,0.0,0.0,-1.0,0
21650.0,60.0,21.98,597.71,23.0,10.0,0.0,60347.28,2.0,0.0,27.16,11.0,0.0,22802.0,75.5,26.0,1.0,0.0,3.0,0.0,672.0,10.0,0.3587568486930977,0.4230769230769231,202.0,0.0,0.0,-1.0,1
8500.0,36.0,7.9,265.97,3.0,4.0,0.0,75000.0,0.0,0.0,29.54,17.0,0.0,15930.0,38.1,47.0,1.0,0.0,4.0,0.0,727.0,10.0,0.1133333333333333,0.3617021276595745,185.0,0.0,0.0,-1.0,0
32350.0,36.0,18.49,1177.5,16.0,3.0,2.0,72000.0,2.0,0.0,20.14,15.0,0.0,39513.0,93.4,36.0,0.0,0.0,3.0,0.0,662.0,11.0,0.4493055555555555,0.4166666666666667,319.0,0.0,0.0,-1.0,0
29987.265625,36.0,13.11,1011.9748803710937,8.0,10.0,0.0,380727.46875,2.0,0.0,21.814631729125978,10.0,0.0,0.0,52.285986328125,25.0,0.0,0.0,7.0,0.0,682.0,11.0,0.07876308027066681,0.4,193.0,0.0,0.0,-1.0,0
4000.0,36.0,21.49,151.71,22.0,1.0,1.0,35000.0,0.0,9.0,21.57,7.0,0.0,6153.0,87.9,8.0,1.0,0.0,0.0,0.0,697.0,11.0,0.1142857142857142,0.875,124.0,0.0,0.0,-1.0,0
12000.0,36.0,11.14,393.67,6.0,10.0,0.0,52000.0,0.0,0.0,11.4,9.0,0.0,19344.0,62.6,18.0,0.0,0.0,1.0,0.0,682.0,11.0,0.2307692307692307,0.5,157.0,0.0,0.0,-1.0,0
10023.9423828125,36.0,17.27,358.7293957519531,14.0,7.0,2.0,738252.1875,0.0,4.0,11.37221923828125,14.0,1.0,95000.015625,42.233116912841794,22.0,1.0,0.0,1.0,1.0,682.0,11.0,0.013577937370254783,0.6363636363636364,140.0,0.0071428571428571,0.0071428571428571,1.0,1
11500.0,36.0,12.12,382.63,7.0,7.0,0.0,36000.0,2.0,0.0,18.83,9.0,0.0,7181.0,48.5,19.0,0.0,0.0,1.0,0.0,717.0,11.0,0.3194444444444444,0.4736842105263157,157.0,0.0,0.0,-1.0,1
15125.0,36.0,19.72,559.95,19.0,1.0,0.0,55000.0,1.0,11.0,17.24,7.0,0.0,37549.0,62.2,17.0,1.0,0.0,5.0,0.0,677.0,11.0,0.275,0.4117647058823529,253.0,0.0,0.0,-1.0,0
12000.0,36.0,12.12,399.26,7.0,1.0,0.0,46000.0,0.0,0.0,21.86,11.0,0.0,11959.0,70.8,49.0,0.0,0.0,4.0,0.0,687.0,11.0,0.2608695652173913,0.2244897959183673,340.0,0.0,0.0,-1.0,0
18550.0,60.0,22.95,522.41,25.0,4.0,1.0,79984.0,2.0,5.0,6.56,19.0,1.0,23895.0,47.0,31.0,0.0,0.0,3.0,0.0,712.0,11.0,0.2319213842768553,0.6129032258064516,196.0,0.0051020408163265,0.0,0.0,0
10000.0,36.0,13.11,337.47,8.0,3.0,1.0,48000.0,0.0,4.0,14.08,9.0,0.0,9380.0,45.3,27.0,1.0,0.0,0.0,0.0,687.0,11.0,0.2083333333333333,0.3333333333333333,164.0,0.0,0.0,-1.0,0
9944.6064453125,36.0,8.9,315.7710485839844,4.0,10.0,0.0,343488.34375,0.0,0.0,28.0244100189209,11.0,0.0,22198.0078125,89.0233871459961,26.0,1.0,0.0,5.0,0.0,712.0,11.0,0.028951802424022066,0.42307693004608155,217.0,0.0,0.0,-1.0,0
10000.0,36.0,10.16,323.43,5.0,8.0,1.0,60000.0,2.0,0.0,30.19,14.0,0.0,12348.0,64.3,28.0,1.0,0.0,0.0,0.0,707.0,11.0,0.1666666666666666,0.5,146.0,0.0,0.0,-1.0,0
10000.0,36.0,10.16,323.43,5.0,10.0,0.0,63000.0,0.0,0.0,12.59,14.0,0.0,12486.0,29.0,39.0,1.0,0.0,3.0,0.0,727.0,11.0,0.1587301587301587,0.358974358974359,310.0,0.0,0.0,-1.0,0
16000.0,36.0,12.12,532.35,7.0,5.0,1.0,92000.0,1.0,0.0,9.73,11.0,0.0,15638.0,68.6,27.0,0.0,0.0,0.0,0.0,682.0,11.0,0.1739130434782608,0.4074074074074074,278.0,0.0,0.0,-1.0,1
25000.0,36.0,15.8,876.46,12.0,8.0,0.0,68000.0,2.0,0.0,10.18,15.0,0.0,16745.0,71.9,32.0,0.0,0.0,1.0,0.0,667.0,11.0,0.3676470588235294,0.46875,157.0,0.0,0.0,-1.0,0
13000.0,36.0,19.05,476.86,18.0,9.0,1.0,53000.0,0.0,4.0,24.02,10.0,0.0,5285.0,86.6,14.0,1.0,0.0,0.0,0.0,672.0,11.0,0.2452830188679245,0.7142857142857143,138.0,0.0,0.0,-1.0,0
9450.0,36.0,18.49,343.97,16.0,4.0,1.0,55000.0,0.0,4.0,10.25,8.0,0.0,9662.0,66.3,10.0,1.0,0.0,0.0,0.0,697.0,0.0,0.1718181818181818,0.8,67.0,0.0,0.0,-1.0,1
12985.3349609375,36.0,18.75,474.3509680175781,17.0,10.0,0.0,96472.59375,2.0,5.0,6.328187980651855,14.0,0.0,6573.974609375,39.03697128295899,39.0,0.0,0.0,3.0,0.0,692.0,0.0,0.13460126750999019,0.358974358974359,310.0,0.0,0.0,-1.0,0
20050.0,60.0,17.27,501.21,14.0,3.0,1.0,45000.0,2.0,0.0,19.13,17.0,0.0,20248.0,67.9,28.0,1.0,0.0,0.0,0.0,687.0,0.0,0.4455555555555555,0.6071428571428571,126.0,0.0,0.0,-1.0,0
23992.93359375,60.0,15.31,574.7006176757812,11.0,0.0,1.0,71586.8203125,2.0,0.0,31.798918609619143,11.0,0.0,13347.4521484375,26.32265968322754,39.0,1.0,0.0,0.0,0.0,732.0,0.0,0.33515851606022223,0.282051282051282,205.0,0.0,0.0,-1.0,0
25475.0,60.0,15.31,610.21,11.0,10.0,0.0,57000.0,2.0,0.0,16.76,12.0,0.0,11574.0,34.1,26.0,1.0,0.0,2.0,0.0,752.0,0.0,0.4469298245614035,0.4615384615384615,221.0,0.0,0.0,-1.0,0
15000.0,36.0,12.12,499.08,7.0,10.0,0.0,65000.0,2.0,0.0,8.97,8.0,1.0,12098.0,76.6,23.0,0.0,0.0,4.0,1.0,677.0,0.0,0.2307692307692307,0.3478260869565217,137.0,0.0072992700729927,0.0072992700729927,1.0,0
8000.0,36.0,12.12,266.18,7.0,10.0,0.0,75000.0,2.0,4.0,33.14,10.0,0.0,37040.0,72.7,25.0,1.0,0.0,3.0,0.0,712.0,0.0,0.1066666666666666,0.4,193.0,0.0,0.0,-1.0,0
6000.0,36.0,19.05,220.09,18.0,1.0,1.0,64000.0,2.0,5.0,12.39,17.0,1.0,1778.0,16.6,37.0,1.0,0.0,0.0,1.0,677.0,0.0,0.09375,0.4594594594594595,155.0,0.0064516129032258,0.0064516129032258,1.0,0
30000.0,60.0,17.77,758.06,15.0,10.0,0.0,110000.0,2.0,0.0,23.6,22.0,0.0,17944.0,39.6,30.0,1.0,0.0,2.0,0.0,692.0,0.0,0.2727272727272727,0.7333333333333333,159.0,0.0,0.0,-1.0,1
15000.0,36.0,13.11,506.21,8.0,9.0,1.0,70000.0,0.0,4.0,16.8,10.0,0.0,15626.0,84.5,16.0,1.0,0.0,0.0,0.0,692.0,0.0,0.2142857142857142,0.625,183.0,0.0,0.0,-1.0,0
10000.0,36.0,18.75,365.3,17.0,0.0,2.0,92000.0,2.0,7.0,17.09,12.0,0.0,23041.0,64.7,38.0,1.0,0.0,2.0,0.0,682.0,0.0,0.108695652173913,0.3157894736842105,257.0,0.0,0.0,-1.0,0
7200.0,36.0,17.27,257.67,14.0,9.0,1.0,38000.0,0.0,0.0,10.55,14.0,0.0,2995.0,21.2,28.0,0.0,0.0,0.0,0.0,682.0,0.0,0.1894736842105263,0.5,157.0,0.0,0.0,-1.0,0
9000.0,36.0,14.09,308.0,9.0,7.0,0.0,44600.0,0.0,0.0,16.79,14.0,0.0,4545.0,33.7,40.0,1.0,0.0,1.0,0.0,682.0,0.0,0.2017937219730941,0.35,98.0,0.0,0.0,-1.0,1
20663.6328125,36.0,14.33,709.5502197265625,10.0,10.0,0.0,581520.1875,2.0,4.0,23.194748992919923,12.0,0.0,88037.9765625,58.09098205566406,29.0,0.0,0.0,2.0,0.0,712.0,0.0,0.03553381883181056,0.4137931034482758,224.0,0.0,0.0,-1.0,0
8495.876953125,36.0,17.27,304.0441162109375,14.0,6.0,0.0,778486.75,2.0,4.0,48.67037384033203,4.0,4.0,32016.736328125,11.601432418823244,11.0,0.0,0.0,1.0,1.0,682.0,0.0,0.010913338661193872,0.36363636092706153,225.0,0.0177777777777777,0.0044444444444444,0.25,0
12000.0,36.0,15.8,420.71,12.0,5.0,0.0,78000.0,0.0,0.0,19.8,7.0,1.0,20458.0,69.8,18.0,1.0,0.0,1.0,1.0,682.0,0.0,0.1538461538461538,0.3888888888888889,184.0,0.0054347826086956,0.0054347826086956,1.0,0
11982.20703125,36.0,14.33,411.44641357421875,10.0,9.0,0.0,211896.0,2.0,4.0,23.552054672241212,11.0,0.0,27027.23828125,75.24547882080078,22.0,0.0,0.0,4.0,0.0,672.0,0.0,0.05654758481042721,0.5,277.0,0.0,0.0,-1.0,0
22250.0,60.0,19.05,577.79,18.0,10.0,1.0,50000.0,2.0,0.0,26.18,10.0,0.0,30761.0,78.3,31.0,1.0,0.0,0.0,0.0,667.0,0.0,0.445,0.3225806451612903,200.0,0.0,0.0,-1.0,0
10000.0,36.0,8.9,317.54,4.0,0.0,0.0,115000.0,0.0,0.0,14.81,14.0,0.0,9000.0,43.3,38.0,1.0,0.0,4.0,0.0,712.0,0.0,0.0869565217391304,0.3684210526315789,169.0,0.0,0.0,-1.0,0
14400.0,36.0,12.12,479.12,7.0,0.0,2.0,65500.0,2.0,4.0,31.66,17.0,0.0,20838.0,57.1,49.0,1.0,0.0,0.0,0.0,712.0,0.0,0.2198473282442748,0.3469387755102041,191.0,0.0,0.0,-1.0,0
10000.0,36.0,11.14,328.06,6.0,10.0,0.0,60000.0,2.0,0.0,22.29,8.0,2.0,7524.0,71.0,19.0,0.0,0.0,2.0,1.0,702.0,0.0,0.1666666666666666,0.4210526315789473,195.0,0.0102564102564102,0.0051282051282051,0.5,0
14959.529296875,36.0,14.33,513.68205078125,10.0,4.0,1.0,749811.5625,0.0,0.0,30.78250503540039,19.0,0.0,62876.19921875,96.67524566650391,40.0,1.0,0.0,1.0,0.0,662.0,0.0,0.019951044366909837,0.4749999752170161,98.0,0.0,0.0,-1.0,0
18000.0,36.0,8.9,571.56,4.0,10.0,0.0,80000.0,2.0,0.0,21.15,10.0,0.0,82635.0,72.4,38.0,1.0,0.0,1.0,0.0,712.0,0.0,0.225,0.2631578947368421,155.0,0.0,0.0,-1.0,0
6000.0,36.0,14.09,205.33,9.0,4.0,1.0,61000.0,0.0,0.0,15.72,11.0,0.0,10373.0,82.3,22.0,1.0,0.0,0.0,0.0,672.0,0.0,0.0983606557377049,0.5,166.0,0.0,0.0,-1.0,0
35000.0,60.0,16.29,856.54,13.0,5.0,0.0,125000.0,2.0,0.0,23.02,18.0,0.0,35162.0,62.9,35.0,1.0,0.0,4.0,0.0,717.0,0.0,0.28,0.5142857142857142,227.0,0.0,0.0,-1.0,0
30000.0,60.0,19.05,779.05,18.0,10.0,0.0,73865.0,2.0,0.0,26.32,10.0,0.0,38619.0,96.1,24.0,1.0,0.0,5.0,0.0,702.0,0.0,0.4061463480674203,0.4166666666666667,161.0,0.0,0.0,-1.0,0
20000.0,36.0,7.62,623.23,2.0,0.0,0.0,150000.0,2.0,0.0,18.56,17.0,0.0,60751.0,74.0,40.0,1.0,0.0,4.0,0.0,697.0,0.0,0.1333333333333333,0.425,171.0,0.0,0.0,-1.0,0
15000.0,36.0,13.11,506.21,8.0,3.0,0.0,60000.0,0.0,4.0,8.88,7.0,1.0,13686.0,67.1,12.0,1.0,0.0,1.0,1.0,677.0,0.0,0.25,0.5833333333333334,166.0,0.0060240963855421,0.0060240963855421,1.0,0
28071.779296875,60.0,12.12,626.144482421875,7.0,4.0,0.0,507222.875,2.0,0.0,41.72867958068848,12.0,0.0,256882.484375,118.04430847167968,28.0,1.0,0.0,1.0,0.0,727.0,0.0,0.055344074169794644,0.4285714285714285,282.0,0.0,0.0,-1.0,0
12250.0,36.0,14.09,419.22,9.0,4.0,0.0,77000.0,1.0,2.0,7.08,10.0,1.0,4623.0,36.1,22.0,1.0,0.0,1.0,1.0,672.0,0.0,0.1590909090909091,0.4545454545454545,136.0,0.0073529411764705,0.0073529411764705,1.0,0
16008.201171875,36.0,13.11,540.231484375,8.0,2.0,2.0,241938.765625,0.0,0.0,33.546458892822265,8.0,0.0,193510.890625,81.23231811523438,27.0,1.0,0.0,1.0,0.0,687.0,0.0,0.06616633832454683,0.2962962962962963,133.0,0.0,0.0,-1.0,0
10000.0,36.0,10.16,323.43,5.0,10.0,0.0,73000.0,0.0,0.0,17.98,17.0,0.0,21215.0,35.5,32.0,0.0,0.0,4.0,0.0,692.0,1.0,0.136986301369863,0.53125,166.0,0.0,0.0,-1.0,1
17500.0,36.0,13.11,590.58,8.0,5.0,0.0,39000.0,2.0,0.0,20.62,7.0,0.0,21771.0,84.4,13.0,1.0,0.0,2.0,0.0,692.0,1.0,0.4487179487179487,0.5384615384615384,112.0,0.0,0.0,-1.0,0
10000.0,36.0,13.11,337.47,8.0,5.0,1.0,48400.0,0.0,4.0,19.96,21.0,0.0,10661.0,36.6,24.0,1.0,0.0,0.0,0.0,682.0,1.0,0.2066115702479339,0.875,54.0,0.0,0.0,-1.0,0
27000.0,60.0,14.33,632.88,10.0,10.0,0.0,115000.0,2.0,0.0,23.07,17.0,0.0,34875.0,75.9,63.0,1.0,0.0,8.0,0.0,697.0,1.0,0.2347826086956521,0.2698412698412698,316.0,0.0,0.0,-1.0,0
30046.771484375,36.0,12.12,999.7050537109375,7.0,9.0,0.0,1149744.75,1.0,0.0,148.34913452148436,14.0,0.0,0.0,74.69567260742187,43.0,0.0,0.0,4.0,0.0,712.0,1.0,0.026133430855614703,0.3255813916524251,203.0,0.0,0.0,-1.0,0
35000.0,60.0,21.49,956.55,22.0,5.0,0.0,270000.0,2.0,3.0,14.02,10.0,0.0,22573.0,68.1,25.0,1.0,0.0,4.0,0.0,677.0,1.0,0.1296296296296296,0.4,156.0,0.0,0.0,-1.0,0
20000.0,36.0,16.29,706.01,13.0,10.0,1.0,75000.0,2.0,4.0,13.06,9.0,0.0,14059.0,100.4,37.0,0.0,0.0,4.0,0.0,677.0,1.0,0.2666666666666666,0.2432432432432432,205.0,0.0,0.0,-1.0,0
21000.0,60.0,15.8,508.46,12.0,10.0,0.0,110000.0,1.0,4.0,19.34,12.0,0.0,54319.0,87.8,28.0,0.0,0.0,2.0,0.0,687.0,1.0,0.1909090909090909,0.4285714285714285,377.0,0.0,0.0,-1.0,0
9000.0,36.0,13.11,303.73,8.0,3.0,0.0,64000.0,2.0,4.0,10.91,6.0,0.0,14644.0,87.2,9.0,0.0,0.0,1.0,0.0,692.0,1.0,0.140625,0.6666666666666666,131.0,0.0,0.0,-1.0,0
31575.0,36.0,13.11,1065.57,8.0,8.0,0.0,110000.0,1.0,0.0,14.54,18.0,0.0,27451.0,91.8,31.0,1.0,0.0,1.0,0.0,682.0,1.0,0.2870454545454545,0.5806451612903226,340.0,0.0,0.0,-1.0,0
24000.0,36.0,13.11,809.93,8.0,2.0,1.0,100000.0,2.0,4.0,5.78,14.0,0.0,26750.0,55.9,23.0,1.0,0.0,0.0,0.0,677.0,1.0,0.24,0.6086956521739131,77.0,0.0,0.0,-1.0,0
20000.0,36.0,14.33,686.77,10.0,4.0,0.0,60000.0,2.0,0.0,7.32,8.0,0.0,14902.0,77.6,18.0,1.0,0.0,5.0,0.0,667.0,1.0,0.3333333333333333,0.4444444444444444,287.0,0.0,0.0,-1.0,0
25000.0,36.0,7.62,779.04,2.0,10.0,0.0,83000.0,1.0,4.0,14.67,10.0,0.0,12220.0,73.2,18.0,1.0,0.0,2.0,0.0,727.0,1.0,0.3012048192771084,0.5555555555555556,269.0,0.0,0.0,-1.0,0
6000.0,36.0,12.12,199.63,7.0,10.0,0.0,60000.0,2.0,8.0,7.64,4.0,0.0,8703.0,91.6,18.0,1.0,0.0,6.0,0.0,677.0,1.0,0.1,0.2222222222222222,225.0,0.0,0.0,-1.0,0
6000.0,36.0,12.12,199.63,7.0,1.0,1.0,50000.0,0.0,0.0,26.11,12.0,0.0,6229.0,35.4,15.0,0.0,0.0,0.0,0.0,702.0,1.0,0.12,0.8,182.0,0.0,0.0,-1.0,1
4800.0,36.0,15.8,168.29,12.0,10.0,0.0,165000.0,0.0,5.0,9.84,13.0,0.0,13443.0,43.4,36.0,1.0,0.0,4.0,0.0,707.0,1.0,0.029090909090909,0.3611111111111111,188.0,0.0,0.0,-1.0,0
19425.0,60.0,22.95,547.05,25.0,10.0,1.0,55000.0,2.0,0.0,23.89,10.0,0.0,6125.0,83.9,46.0,1.0,0.0,0.0,0.0,672.0,1.0,0.3531818181818182,0.217391304347826,122.0,0.0,0.0,-1.0,0
6000.0,36.0,14.33,206.03,10.0,2.0,1.0,31000.0,2.0,4.0,31.35,13.0,0.0,8525.0,56.5,14.0,1.0,0.0,0.0,0.0,687.0,1.0,0.1935483870967742,0.9285714285714286,66.0,0.0,0.0,-1.0,0
23000.0,36.0,13.11,776.19,8.0,0.0,1.0,60000.0,1.0,4.0,22.84,7.0,0.0,25437.0,57.2,21.0,1.0,0.0,0.0,0.0,682.0,1.0,0.3833333333333333,0.3333333333333333,253.0,0.0,0.0,-1.0,0
5000.0,36.0,18.49,182.0,16.0,6.0,1.0,25000.0,2.0,5.0,30.82,9.0,0.0,7438.0,68.9,17.0,1.0,0.0,0.0,0.0,677.0,1.0,0.2,0.5294117647058824,200.0,0.0,0.0,-1.0,0
16000.0,36.0,12.12,532.35,7.0,10.0,1.0,41000.0,2.0,0.0,27.28,7.0,0.0,10767.0,76.9,18.0,0.0,0.0,0.0,0.0,707.0,1.0,0.3902439024390244,0.3888888888888889,133.0,0.0,0.0,-1.0,0
29982.587890625,36.0,12.12,997.5695556640625,7.0,0.0,0.0,1029205.875,2.0,0.0,42.6723664855957,16.0,0.0,26776.177734375,30.818277740478514,30.0,1.0,0.0,3.0,0.0,727.0,1.0,0.029131773355844826,0.5333333333333333,271.0,0.0,0.0,-1.0,0
17966.9140625,36.0,15.8,629.8907495117187,12.0,6.0,0.0,83964.0703125,0.0,0.0,3.948700561523438,7.0,0.0,125340.609375,67.91676483154296,15.0,1.0,0.0,5.0,0.0,672.0,1.0,0.2139833688735962,0.4666666587193807,174.0,0.0,0.0,-1.0,1
5000.0,36.0,12.12,166.36,7.0,8.0,1.0,35000.0,2.0,0.0,26.33,13.0,0.0,6095.0,21.5,18.0,1.0,0.0,0.0,0.0,707.0,1.0,0.1428571428571428,0.7222222222222222,284.0,0.0,0.0,-1.0,0
19075.0,60.0,15.8,461.85,12.0,10.0,0.0,64000.0,2.0,0.0,33.47,10.0,0.0,19369.0,76.0,24.0,1.0,0.0,1.0,0.0,712.0,1.0,0.298046875,0.4166666666666667,151.0,0.0,0.0,-1.0,0
10000.0,36.0,8.9,317.54,4.0,5.0,0.0,90200.0,1.0,4.0,13.37,9.0,0.0,11902.0,81.0,26.0,1.0,0.0,6.0,0.0,717.0,1.0,0.1108647450110864,0.3461538461538461,140.0,0.0,0.0,-1.0,0
12000.0,36.0,16.29,423.61,13.0,7.0,1.0,59000.0,2.0,0.0,11.72,15.0,0.0,6164.0,38.8,26.0,1.0,0.0,0.0,0.0,682.0,1.0,0.2033898305084746,0.5769230769230769,127.0,0.0,0.0,-1.0,0
29375.0,36.0,15.8,1029.84,12.0,0.0,1.0,85000.0,2.0,4.0,18.42,13.0,0.0,27001.0,79.2,39.0,1.0,0.0,0.0,0.0,662.0,1.0,0.3455882352941176,0.3333333333333333,138.0,0.0,0.0,-1.0,0
15011.7158203125,36.0,12.12,499.46424682617186,7.0,9.0,1.0,319550.8125,0.0,0.0,23.624540443420408,12.0,0.0,19133.150390625,62.48512725830078,34.0,1.0,0.0,0.0,0.0,692.0,1.0,0.046977554758389745,0.3529411764705882,165.0,0.0,0.0,-1.0,0
10975.0,36.0,11.14,360.04,6.0,9.0,2.0,69000.0,2.0,0.0,20.19,8.0,0.0,0.0,0.0,41.0,0.0,0.0,5.0,0.0,722.0,1.0,0.1590579710144927,0.1951219512195122,171.0,0.0,0.0,-1.0,1
16000.0,36.0,17.77,576.6,15.0,10.0,0.0,60100.0,2.0,0.0,28.71,15.0,0.0,10871.0,56.0,53.0,0.0,0.0,1.0,0.0,687.0,1.0,0.2662229617304492,0.2830188679245283,160.0,0.0,0.0,-1.0,0
22000.0,60.0,8.9,455.62,4.0,0.0,0.0,81100.0,2.0,0.0,30.67,12.0,0.0,73343.0,76.8,27.0,1.0,0.0,2.0,0.0,717.0,1.0,0.2712700369913687,0.4444444444444444,148.0,0.0,0.0,-1.0,0
11100.0,36.0,14.33,381.16,10.0,10.0,0.0,61000.0,2.0,0.0,29.44,8.0,0.0,35349.0,101.0,19.0,1.0,0.0,4.0,0.0,702.0,1.0,0.1819672131147541,0.4210526315789473,233.0,0.0,0.0,-1.0,1
15207.1953125,36.0,15.8,533.13951171875,12.0,4.0,0.0,112729.21875,1.0,0.0,23.82343681335449,6.0,0.0,38226.1875,104.67799682617188,11.0,1.0,0.0,0.0,0.0,662.0,1.0,0.13490021697254884,0.5454545454545454,276.0,0.0,0.0,-1.0,0
7425.0,36.0,18.75,271.24,17.0,8.0,0.0,70000.0,2.0,1.0,12.29,10.0,1.0,7861.0,79.4,14.0,1.0,0.0,1.0,1.0,677.0,1.0,0.1060714285714285,0.7142857142857143,169.0,0.0059171597633136,0.0059171597633136,1.0,0
32000.0,36.0,13.11,1079.91,8.0,10.0,1.0,205000.0,2.0,0.0,12.22,10.0,0.0,20256.0,84.4,24.0,1.0,0.0,2.0,0.0,712.0,2.0,0.1560975609756097,0.4166666666666667,177.0,0.0,0.0,-1.0,0
7000.0,36.0,15.8,245.41,12.0,6.0,1.0,107000.0,0.0,0.0,13.47,29.0,0.0,5802.0,67.5,43.0,0.0,0.0,2.0,0.0,662.0,2.0,0.0654205607476635,0.6744186046511628,152.0,0.0,0.0,-1.0,0
10000.0,36.0,14.33,343.39,10.0,4.0,1.0,40000.0,0.0,0.0,26.94,8.0,0.0,12096.0,72.4,13.0,1.0,0.0,0.0,0.0,687.0,2.0,0.25,0.6153846153846154,68.0,0.0,0.0,-1.0,0
12000.0,36.0,10.16,388.11,5.0,10.0,0.0,50000.0,2.0,0.0,11.21,6.0,0.0,9328.0,53.9,9.0,1.0,0.0,2.0,0.0,727.0,2.0,0.24,0.6666666666666666,141.0,0.0,0.0,-1.0,0
16450.0,36.0,10.16,532.04,5.0,10.0,0.0,51000.0,2.0,4.0,27.44,16.0,0.0,31969.0,59.6,31.0,0.0,0.0,1.0,0.0,712.0,2.0,0.3225490196078431,0.5161290322580645,364.0,0.0,0.0,-1.0,0
17871.615234375,60.0,14.33,418.9049853515625,10.0,1.0,0.0,309078.15625,2.0,0.0,55.087700347900395,8.0,0.0,300910.0625,113.3186752319336,18.0,1.0,0.0,2.0,0.0,687.0,2.0,0.05782230973243713,0.44444444600273575,160.0,0.0,0.0,-1.0,0
15000.0,60.0,15.8,363.18,12.0,2.0,0.0,54000.0,2.0,0.0,17.93,17.0,0.0,11971.0,57.0,20.0,1.0,0.0,1.0,0.0,682.0,2.0,0.2777777777777778,0.85,111.0,0.0,0.0,-1.0,0
16000.0,60.0,22.95,450.59,25.0,0.0,0.0,120000.0,2.0,5.0,25.44,12.0,0.0,8827.0,51.3,31.0,1.0,0.0,1.0,0.0,712.0,2.0,0.1333333333333333,0.3870967741935484,123.0,0.0,0.0,-1.0,0
15000.0,36.0,19.05,550.22,18.0,7.0,1.0,115000.0,0.0,12.0,7.23,12.0,0.0,2845.0,21.4,21.0,1.0,0.0,0.0,0.0,702.0,2.0,0.1304347826086956,0.5714285714285714,212.0,0.0,0.0,-1.0,0
12000.0,36.0,18.49,436.79,16.0,10.0,0.0,48000.0,0.0,0.0,18.93,10.0,0.0,3857.0,71.4,21.0,0.0,0.0,3.0,0.0,672.0,2.0,0.25,0.4761904761904761,167.0,0.0,0.0,-1.0,1
9990.9814453125,36.0,17.27,357.5498303222656,14.0,10.0,1.0,786403.1875,2.0,4.0,36.79816482543946,10.0,0.0,51370.078125,33.03134765625,27.0,0.0,0.0,2.0,0.0,687.0,2.0,0.01270462835536279,0.3703703513512244,130.0,0.0,0.0,-1.0,0
35000.0,36.0,12.12,1164.51,7.0,2.0,0.0,138000.0,2.0,0.0,14.68,7.0,0.0,45965.0,75.7,20.0,1.0,0.0,6.0,0.0,727.0,2.0,0.2536231884057971,0.35,269.0,0.0,0.0,-1.0,0
14000.0,36.0,6.03,426.1,0.0,0.0,1.0,80000.0,1.0,4.0,14.77,8.0,0.0,13416.0,53.5,14.0,1.0,0.0,0.0,0.0,752.0,2.0,0.175,0.5714285714285714,129.0,0.0,0.0,-1.0,0
21000.0,36.0,6.03,639.15,0.0,8.0,0.0,90000.0,2.0,0.0,24.23,23.0,0.0,35257.0,24.9,49.0,1.0,0.0,3.0,0.0,752.0,2.0,0.2333333333333333,0.4693877551020408,262.0,0.0,0.0,-1.0,0
21000.0,60.0,8.9,434.91,4.0,9.0,0.0,120000.0,1.0,0.0,14.63,16.0,0.0,23772.0,27.9,42.0,1.0,0.0,5.0,0.0,727.0,2.0,0.175,0.3809523809523809,384.0,0.0,0.0,-1.0,0
16000.0,36.0,10.16,517.48,5.0,0.0,0.0,117000.0,2.0,4.0,24.16,16.0,0.0,34275.0,51.5,34.0,1.0,0.0,4.0,0.0,692.0,2.0,0.1367521367521367,0.4705882352941176,180.0,0.0,0.0,-1.0,0
24901.892578125,60.0,11.14,543.1690087890624,6.0,0.0,0.0,130707.7421875,2.0,0.0,32.33812774658203,18.0,0.0,31046.533203125,58.45330657958984,38.0,1.0,0.0,1.0,0.0,737.0,2.0,0.19051580394015588,0.4736842105263157,205.0,0.0,0.0,-1.0,0
35000.0,36.0,15.8,1227.05,12.0,10.0,0.0,250000.0,2.0,2.0,8.11,13.0,0.0,22944.0,83.1,33.0,0.0,0.0,2.0,0.0,702.0,2.0,0.14,0.3939393939393939,122.0,0.0,0.0,-1.0,1
6350.0,36.0,18.75,231.97,17.0,2.0,1.0,41000.0,0.0,9.0,24.73,9.0,0.0,19851.0,75.2,16.0,0.0,0.0,0.0,0.0,672.0,2.0,0.1548780487804878,0.5625,125.0,0.0,0.0,-1.0,1
15000.0,60.0,12.12,334.58,7.0,10.0,2.0,81000.0,2.0,0.0,13.81,11.0,0.0,17432.0,48.6,23.0,1.0,0.0,3.0,0.0,702.0,2.0,0.1851851851851851,0.4782608695652174,161.0,0.0,0.0,-1.0,0
6000.0,36.0,14.09,205.33,9.0,5.0,2.0,30000.0,2.0,4.0,22.28,7.0,0.0,19347.0,88.3,12.0,1.0,0.0,0.0,0.0,692.0,2.0,0.2,0.5833333333333334,172.0,0.0,0.0,-1.0,0
9009.3046875,36.0,15.31,313.67914794921876,11.0,6.0,1.0,655902.8125,1.0,0.0,72.89665298461914,5.0,0.0,74233.5078125,93.12799377441407,17.0,1.0,0.0,5.0,0.0,672.0,2.0,0.013735742688179009,0.29411765270762974,129.0,0.0,0.0,-1.0,0
5600.0,36.0,15.8,196.33,12.0,8.0,0.0,47000.0,2.0,4.0,23.54,10.0,0.0,7029.0,59.6,15.0,1.0,0.0,2.0,0.0,672.0,2.0,0.1191489361702127,0.6666666666666666,144.0,0.0,0.0,-1.0,0
35000.0,36.0,11.14,1148.18,6.0,10.0,0.0,164500.0,2.0,4.0,18.65,13.0,0.0,166015.0,53.3,39.0,0.0,0.0,4.0,0.0,717.0,2.0,0.2127659574468085,0.3333333333333333,364.0,0.0,0.0,-1.0,0
8524.16015625,36.0,13.11,287.663291015625,8.0,3.0,1.0,791229.5625,0.0,0.0,56.10837341308594,12.0,0.0,367725.125,31.06557197570801,34.0,1.0,0.0,4.0,0.0,697.0,2.0,0.010773295164108299,0.352941174398769,170.0,0.0,0.0,-1.0,0
16000.0,60.0,17.27,399.97,14.0,1.0,0.0,51000.0,2.0,4.0,32.36,13.0,0.0,20584.0,53.5,29.0,1.0,0.0,2.0,0.0,707.0,2.0,0.3137254901960784,0.4482758620689655,258.0,0.0,0.0,-1.0,0
11800.0,36.0,11.14,387.1,6.0,0.0,1.0,80000.0,0.0,0.0,15.89,11.0,0.0,16527.0,58.0,14.0,1.0,0.0,1.0,0.0,687.0,2.0,0.1475,0.7857142857142857,152.0,0.0,0.0,-1.0,0
7200.0,36.0,18.49,262.08,16.0,0.0,1.0,35000.0,0.0,0.0,24.1,10.0,0.0,7211.0,65.0,21.0,0.0,0.0,0.0,0.0,672.0,2.0,0.2057142857142857,0.4761904761904761,154.0,0.0,0.0,-1.0,1
17467.462890625,60.0,21.49,477.3809521484375,22.0,4.0,1.0,846617.0625,2.0,0.0,49.47563598632813,15.0,0.0,35072.80859375,63.31731338500977,31.0,1.0,0.0,0.0,0.0,692.0,3.0,0.0206320851277082,0.4838709677419355,229.0,0.0,0.0,-1.0,0
22000.0,36.0,20.49,823.11,20.0,9.0,0.0,50000.0,2.0,4.0,27.84,11.0,0.0,22514.0,80.4,29.0,1.0,0.0,4.0,0.0,662.0,3.0,0.44,0.3793103448275862,348.0,0.0,0.0,-1.0,0
6375.0,36.0,8.9,202.43,4.0,7.0,0.0,75000.0,0.0,0.0,9.73,9.0,0.0,1007.0,4.7,15.0,0.0,0.0,2.0,0.0,777.0,3.0,0.085,0.6,86.0,0.0,0.0,-1.0,0
18249.478515625,36.0,10.16,590.2279223632812,5.0,10.0,0.0,278989.03125,1.0,0.0,51.21308288574219,13.0,0.0,61873.02734375,44.88137359619141,34.0,0.0,0.0,9.0,0.0,687.0,3.0,0.06541288644075394,0.3823529411764705,193.0,0.0,0.0,-1.0,0
1675.0,36.0,14.33,57.52,10.0,7.0,0.0,32000.0,1.0,4.0,29.85,13.0,0.0,17570.0,49.4,34.0,0.0,0.0,6.0,0.0,697.0,3.0,0.05234375,0.3823529411764705,281.0,0.0,0.0,-1.0,0
20000.0,36.0,18.49,727.98,16.0,5.0,0.0,68000.0,2.0,2.0,16.72,10.0,0.0,3210.0,47.9,26.0,1.0,0.0,4.0,0.0,697.0,3.0,0.2941176470588235,0.3846153846153846,273.0,0.0,0.0,-1.0,0
3825.0,36.0,18.49,139.23,16.0,5.0,1.0,22000.0,0.0,0.0,27.16,9.0,0.0,5517.0,72.6,10.0,1.0,0.0,0.0,0.0,697.0,3.0,0.1738636363636363,0.9,113.0,0.0,0.0,-1.0,0
15000.0,36.0,15.8,525.88,12.0,10.0,0.0,62000.0,1.0,0.0,30.21,14.0,0.0,37001.0,72.7,51.0,0.0,0.0,6.0,0.0,702.0,3.0,0.2419354838709677,0.2745098039215686,262.0,0.0,0.0,-1.0,1
16000.0,60.0,21.98,441.73,23.0,10.0,0.0,50000.0,2.0,0.0,9.7,11.0,0.0,14433.0,83.4,16.0,1.0,0.0,1.0,0.0,677.0,3.0,0.32,0.6875,76.0,0.0,0.0,-1.0,0
7890.3818359375,36.0,12.12,262.52585571289063,7.0,10.0,0.0,347085.8125,0.0,0.0,38.48268493652344,11.0,0.0,136225.515625,107.63889007568359,18.0,1.0,0.0,1.0,0.0,707.0,3.0,0.022733226915200522,0.6111111215182713,147.0,0.0,0.0,-1.0,0
13000.0,36.0,11.14,426.47,6.0,1.0,0.0,45000.0,0.0,0.0,6.56,6.0,0.0,12762.0,55.0,15.0,0.0,0.0,0.0,0.0,702.0,3.0,0.2888888888888888,0.4,137.0,0.0,0.0,-1.0,0
8000.0,36.0,18.49,291.19,16.0,10.0,0.0,50000.0,2.0,5.0,2.87,10.0,1.0,2991.0,20.1,13.0,0.0,0.0,0.0,1.0,702.0,3.0,0.16,0.7692307692307693,148.0,0.0067567567567567,0.0067567567567567,1.0,0
10000.0,36.0,8.9,317.54,4.0,0.0,0.0,150000.0,2.0,4.0,26.77,11.0,2.0,56511.0,75.7,36.0,1.0,0.0,2.0,0.0,712.0,3.0,0.0666666666666666,0.3055555555555556,281.0,0.0071174377224199,0.0,0.0,0
17700.0,36.0,7.9,553.84,3.0,5.0,0.0,102000.0,1.0,4.0,13.79,7.0,0.0,24967.0,57.3,34.0,0.0,0.0,3.0,0.0,727.0,3.0,0.1735294117647058,0.2058823529411764,233.0,0.0,0.0,-1.0,0
24000.0,36.0,8.9,762.08,4.0,2.0,0.0,177000.0,2.0,0.0,12.77,15.0,0.0,196124.0,67.9,38.0,1.0,0.0,2.0,0.0,692.0,3.0,0.135593220338983,0.3947368421052631,257.0,0.0,0.0,-1.0,0
8725.0,36.0,18.49,317.58,16.0,3.0,1.0,25000.0,0.0,0.0,25.46,10.0,0.0,13607.0,67.4,29.0,1.0,0.0,0.0,0.0,682.0,3.0,0.349,0.3448275862068966,313.0,0.0,0.0,-1.0,1
19125.0,36.0,21.0,720.54,21.0,1.0,1.0,60600.0,2.0,1.0,6.71,14.0,0.0,9136.0,44.6,19.0,1.0,0.0,1.0,0.0,727.0,3.0,0.3155940594059406,0.7368421052631579,67.0,0.0,0.0,-1.0,0
15075.0,60.0,17.27,376.85,14.0,10.0,1.0,68988.0,2.0,8.0,13.65,13.0,0.0,9383.0,35.7,22.0,1.0,0.0,2.0,0.0,707.0,3.0,0.2185162636980344,0.5909090909090909,184.0,0.0,0.0,-1.0,0
2300.0,36.0,11.14,75.46,6.0,8.0,0.0,75000.0,0.0,3.0,24.72,10.0,0.0,21417.0,54.2,32.0,1.0,0.0,4.0,0.0,722.0,3.0,0.0306666666666666,0.3125,157.0,0.0,0.0,-1.0,0
18775.0,36.0,16.29,662.77,13.0,2.0,1.0,70000.0,2.0,4.0,6.83,21.0,0.0,15536.0,68.1,50.0,1.0,0.0,0.0,0.0,677.0,3.0,0.2682142857142857,0.42,214.0,0.0,0.0,-1.0,1
20000.0,36.0,12.12,665.44,7.0,8.0,0.0,60000.0,2.0,8.0,13.08,9.0,0.0,7876.0,29.2,20.0,0.0,0.0,2.0,0.0,712.0,3.0,0.3333333333333333,0.45,124.0,0.0,0.0,-1.0,0
30005.701171875,36.0,16.29,1059.2151904296875,13.0,10.0,0.0,94125.515625,2.0,0.0,22.790812759399415,17.0,0.0,57040.24609375,46.17797012329102,41.0,1.0,0.0,8.0,0.0,667.0,3.0,0.318783904824938,0.4146341326690855,179.0,0.0,0.0,-1.0,1
14300.0,60.0,17.27,357.48,14.0,1.0,1.0,150000.0,2.0,0.0,9.34,16.0,0.0,6443.0,70.8,18.0,1.0,0.0,0.0,0.0,677.0,3.0,0.0953333333333333,0.8888888888888888,132.0,0.0,0.0,-1.0,1
12000.0,36.0,11.14,393.67,6.0,6.0,0.0,35000.0,2.0,4.0,17.97,9.0,0.0,9813.0,27.8,19.0,1.0,0.0,1.0,0.0,722.0,3.0,0.3428571428571428,0.4736842105263157,339.0,0.0,0.0,-1.0,0
18000.0,36.0,6.03,547.84,0.0,1.0,0.0,165000.0,2.0,4.0,15.9,14.0,0.0,12783.0,33.8,26.0,1.0,0.0,1.0,0.0,767.0,3.0,0.109090909090909,0.5384615384615384,255.0,0.0,0.0,-1.0,0
12000.0,36.0,16.29,423.61,13.0,10.0,0.0,60000.0,1.0,4.0,17.43,15.0,0.0,14219.0,61.1,33.0,0.0,0.0,4.0,0.0,662.0,3.0,0.2,0.4545454545454545,246.0,0.0,0.0,-1.0,0
2392.08203125,36.0,15.8,83.86250152587891,12.0,6.0,1.0,335860.28125,2.0,0.0,63.202179718017575,5.0,0.0,245606.390625,64.92524795532226,9.0,0.0,0.0,3.0,0.0,727.0,3.0,0.007122255861759186,0.5555555621782938,179.0,0.0,0.0,-1.0,0
4800.0,36.0,12.12,159.71,7.0,8.0,1.0,110000.0,0.0,4.0,12.79,13.0,0.0,7654.0,37.2,17.0,1.0,0.0,0.0,0.0,692.0,3.0,0.0436363636363636,0.7647058823529411,105.0,0.0,0.0,-1.0,0
3000.0,36.0,23.63,117.12,27.0,0.0,1.0,36000.0,0.0,10.0,3.07,3.0,0.0,3655.0,96.2,3.0,1.0,0.0,0.0,0.0,662.0,3.0,0.0833333333333333,1.0,41.0,0.0,0.0,-1.0,1
14550.0,60.0,15.31,348.52,11.0,2.0,0.0,56000.0,2.0,0.0,26.96,14.0,0.0,29230.0,62.6,37.0,1.0,0.0,6.0,0.0,692.0,3.0,0.2598214285714286,0.3783783783783784,174.0,0.0,0.0,-1.0,1
21009.822265625,36.0,6.03,639.4371704101562,0.0,10.0,0.0,533957.75,2.0,0.0,-0.9081661605834963,16.0,0.0,131341.046875,40.0391731262207,45.0,1.0,0.0,4.0,0.0,742.0,3.0,0.03934735223650932,0.3555555555555555,299.0,0.0,0.0,-1.0,0
20000.0,36.0,14.33,686.77,10.0,1.0,0.0,75000.0,2.0,0.0,21.06,22.0,0.0,37116.0,64.8,45.0,1.0,0.0,2.0,0.0,692.0,3.0,0.2666666666666666,0.4888888888888889,175.0,0.0,0.0,-1.0,0
35000.0,60.0,21.98,966.27,23.0,7.0,0.0,89000.0,2.0,0.0,11.7,13.0,0.0,12597.0,68.1,26.0,0.0,0.0,1.0,0.0,672.0,3.0,0.3932584269662921,0.5,197.0,0.0,0.0,-1.0,1
24500.0,36.0,8.9,777.96,4.0,7.0,1.0,183000.0,1.0,0.0,12.58,9.0,0.0,23261.0,67.2,18.0,0.0,0.0,0.0,0.0,722.0,3.0,0.133879781420765,0.5,170.0,0.0,0.0,-1.0,0
11955.501953125,36.0,17.27,427.85463256835936,14.0,5.0,0.0,510958.0,0.0,4.0,30.009267959594727,7.0,0.0,85093.4375,66.6949676513672,14.0,1.0,0.0,3.0,0.0,682.0,3.0,0.02339820663134251,0.5,262.0,0.0,0.0,-1.0,0
20500.0,60.0,19.05,532.35,18.0,9.0,0.0,46000.0,2.0,0.0,25.46,14.0,0.0,18974.0,84.0,22.0,1.0,0.0,1.0,0.0,712.0,4.0,0.4456521739130434,0.6363636363636364,267.0,0.0,0.0,-1.0,0
20000.0,60.0,17.27,499.96,14.0,5.0,0.0,101000.0,2.0,2.0,11.72,12.0,0.0,10169.0,55.6,30.0,1.0,0.0,2.0,0.0,682.0,4.0,0.198019801980198,0.4,215.0,0.0,0.0,-1.0,0
13600.0,36.0,12.12,452.5,7.0,1.0,1.0,107000.0,0.0,4.0,21.61,20.0,0.0,17935.0,83.4,40.0,1.0,0.0,3.0,0.0,692.0,4.0,0.1271028037383177,0.5,235.0,0.0,0.0,-1.0,0
12000.0,36.0,11.14,393.67,6.0,2.0,2.0,54000.0,0.0,4.0,9.5,6.0,0.0,6606.0,36.3,7.0,1.0,0.0,0.0,0.0,702.0,4.0,0.2222222222222222,0.8571428571428571,53.0,0.0,0.0,-1.0,0
11094.9384765625,36.0,10.16,358.83451416015623,5.0,10.0,0.0,549811.375,2.0,0.0,23.58810089111328,15.0,0.0,75609.578125,81.64729309082031,28.0,1.0,0.0,1.0,0.0,667.0,4.0,0.02017954568068181,0.5357142857142857,232.0,0.0,0.0,-1.0,0
15000.0,60.0,8.9,310.65,4.0,10.0,0.0,105400.0,1.0,0.0,8.46,13.0,0.0,17047.0,36.5,36.0,1.0,0.0,5.0,0.0,722.0,4.0,0.1423149905123339,0.3611111111111111,178.0,0.0,0.0,-1.0,0
26400.0,36.0,10.16,853.84,5.0,10.0,0.0,110000.0,2.0,4.0,30.79,13.0,0.0,38061.0,66.3,34.0,0.0,0.0,3.0,0.0,712.0,4.0,0.24,0.3823529411764705,367.0,0.0,0.0,-1.0,0
2500.0,36.0,19.72,92.56,19.0,0.0,0.0,97000.0,1.0,7.0,22.49,14.0,0.0,30264.0,88.8,37.0,1.0,0.0,6.0,0.0,662.0,4.0,0.0257731958762886,0.3783783783783784,172.0,0.0,0.0,-1.0,0
10500.0,36.0,6.62,322.39,1.0,10.0,2.0,30000.0,2.0,0.0,21.6,4.0,0.0,19495.0,41.2,11.0,1.0,0.0,0.0,0.0,752.0,4.0,0.35,0.3636363636363636,196.0,0.0,0.0,-1.0,0
16000.0,36.0,10.16,517.48,5.0,5.0,0.0,92859.0,0.0,0.0,16.56,7.0,0.0,21012.0,45.9,20.0,1.0,0.0,3.0,0.0,732.0,4.0,0.1723042462227678,0.35,242.0,0.0,0.0,-1.0,0
15600.0,36.0,10.16,504.55,5.0,10.0,0.0,85000.0,1.0,0.0,16.4,10.0,0.0,15724.0,81.9,43.0,1.0,0.0,5.0,0.0,682.0,4.0,0.1835294117647058,0.2325581395348837,207.0,0.0,0.0,-1.0,1
10000.0,36.0,13.11,337.47,8.0,9.0,2.0,80000.0,0.0,0.0,18.12,16.0,0.0,34752.0,57.4,23.0,0.0,0.0,2.0,0.0,677.0,4.0,0.125,0.6956521739130435,105.0,0.0,0.0,-1.0,0
6000.0,36.0,15.31,208.91,11.0,8.0,0.0,85000.0,0.0,0.0,24.46,25.0,0.0,15612.0,56.4,34.0,1.0,0.0,1.0,0.0,687.0,4.0,0.0705882352941176,0.7352941176470589,173.0,0.0,0.0,-1.0,0
4800.0,36.0,12.12,159.71,7.0,8.0,1.0,50000.0,0.0,0.0,10.38,6.0,0.0,8356.0,61.4,16.0,0.0,0.0,0.0,0.0,687.0,4.0,0.096,0.375,137.0,0.0,0.0,-1.0,0
7600.0,36.0,10.16,245.81,5.0,10.0,0.0,51000.0,2.0,4.0,13.48,13.0,0.0,28247.0,42.6,25.0,0.0,0.0,6.0,0.0,697.0,4.0,0.1490196078431372,0.52,345.0,0.0,0.0,-1.0,0
9000.0,36.0,12.12,299.45,7.0,7.0,1.0,50000.0,0.0,0.0,14.9,4.0,0.0,6968.0,61.7,21.0,1.0,0.0,0.0,0.0,667.0,4.0,0.18,0.1904761904761904,120.0,0.0,0.0,-1.0,0
20050.0,36.0,12.12,667.1,7.0,6.0,1.0,45000.0,2.0,6.0,21.47,9.0,0.0,1824.0,19.8,31.0,1.0,0.0,0.0,0.0,747.0,4.0,0.4455555555555555,0.2903225806451613,162.0,0.0,0.0,-1.0,1
12000.0,36.0,11.14,393.67,6.0,0.0,1.0,65000.0,0.0,0.0,14.4,17.0,0.0,7806.0,84.8,28.0,1.0,0.0,0.0,0.0,702.0,4.0,0.1846153846153846,0.6071428571428571,132.0,0.0,0.0,-1.0,0
15885.564453125,36.0,6.62,487.7463232421875,1.0,2.0,1.0,383345.34375,0.0,0.0,71.8348080444336,11.0,0.0,341654.75,8.240276908874511,17.0,0.0,0.0,3.0,0.0,782.0,4.0,0.041439293841926406,0.6470588235294118,150.0,0.0,0.0,-1.0,0
17600.0,60.0,12.12,392.58,7.0,3.0,0.0,85000.0,2.0,0.0,30.59,12.0,0.0,5603.0,27.2,35.0,1.0,0.0,8.0,0.0,767.0,4.0,0.2070588235294117,0.3428571428571428,236.0,0.0,0.0,-1.0,0
2400.0,36.0,16.29,84.73,13.0,1.0,1.0,23000.0,0.0,0.0,18.63,4.0,0.0,913.0,10.4,4.0,1.0,0.0,0.0,0.0,767.0,4.0,0.1043478260869565,1.0,41.0,0.0,0.0,-1.0,0
24975.97265625,60.0,16.29,611.2235913085938,13.0,10.0,1.0,505363.53125,2.0,4.0,27.326924362182616,17.0,0.0,76668.203125,48.03127212524414,46.0,1.0,0.0,2.0,0.0,697.0,4.0,0.049421792370932416,0.3695652173913043,329.0,0.0,0.0,-1.0,1
3250.0,36.0,16.29,114.73,13.0,8.0,1.0,35000.0,1.0,0.0,11.45,10.0,0.0,5520.0,56.0,13.0,1.0,0.0,0.0,0.0,697.0,4.0,0.0928571428571428,0.7692307692307693,94.0,0.0,0.0,-1.0,1
9175.0,36.0,15.31,319.45,11.0,3.0,0.0,35200.0,0.0,0.0,23.73,9.0,0.0,9618.0,75.1,12.0,0.0,0.0,0.0,0.0,682.0,4.0,0.2606534090909091,0.75,78.0,0.0,0.0,-1.0,0
9900.0,36.0,18.75,361.65,17.0,10.0,0.0,50670.0,0.0,0.0,22.0,8.0,0.0,6406.0,70.4,31.0,0.0,0.0,2.0,0.0,697.0,4.0,0.1953818827708703,0.2580645161290322,234.0,0.0,0.0,-1.0,0
18000.0,36.0,16.29,635.41,13.0,10.0,1.0,80000.0,0.0,0.0,17.79,11.0,0.0,14443.0,72.9,22.0,1.0,0.0,0.0,0.0,677.0,4.0,0.225,0.5,139.0,0.0,0.0,-1.0,0
10000.0,36.0,11.14,328.06,6.0,10.0,0.0,36000.0,2.0,0.0,16.23,7.0,0.0,5243.0,32.6,22.0,1.0,0.0,5.0,0.0,707.0,4.0,0.2777777777777778,0.3181818181818182,191.0,0.0,0.0,-1.0,0
11618.4091796875,36.0,14.09,397.598583984375,9.0,9.0,2.0,85616.28125,2.0,0.0,23.83042915344238,10.0,0.0,242098.0625,67.51542663574219,24.0,1.0,0.0,3.0,0.0,697.0,4.0,0.13570326708611985,0.4166666666666667,198.0,0.0,0.0,-1.0,0
15000.0,36.0,19.72,555.32,19.0,2.0,0.0,69496.0,1.0,0.0,11.85,9.0,0.0,4043.0,53.2,12.0,1.0,0.0,2.0,0.0,682.0,4.0,0.2158397605617589,0.75,66.0,0.0,0.0,-1.0,0
20675.0,36.0,12.12,687.9,7.0,2.0,0.0,120000.0,1.0,4.0,9.28,10.0,1.0,5562.0,30.6,18.0,1.0,0.0,2.0,1.0,702.0,4.0,0.1722916666666666,0.5555555555555556,133.0,0.0075187969924812,0.0075187969924812,1.0,0
10000.0,36.0,17.27,357.88,14.0,5.0,1.0,75000.0,0.0,4.0,6.69,6.0,0.0,8343.0,33.7,13.0,1.0,0.0,0.0,0.0,682.0,4.0,0.1333333333333333,0.4615384615384615,202.0,0.0,0.0,-1.0,0
6000.0,36.0,18.75,219.18,17.0,5.0,1.0,60000.0,2.0,9.0,15.9,7.0,1.0,8701.0,55.4,15.0,1.0,0.0,1.0,1.0,682.0,4.0,0.1,0.4666666666666667,162.0,0.0061728395061728,0.0061728395061728,1.0,0
13000.0,36.0,10.16,420.46,5.0,10.0,0.0,76500.0,2.0,0.0,5.74,9.0,0.0,28475.0,83.7,22.0,1.0,0.0,1.0,0.0,692.0,4.0,0.1699346405228758,0.4090909090909091,142.0,0.0,0.0,-1.0,0
19075.0,60.0,16.29,466.82,13.0,10.0,0.0,62800.0,2.0,4.0,22.84,14.0,0.0,36337.0,95.7,37.0,1.0,0.0,2.0,0.0,692.0,4.0,0.3037420382165605,0.3783783783783784,167.0,0.0,0.0,-1.0,0
11525.0,36.0,18.75,421.01,17.0,10.0,2.0,62000.0,1.0,5.0,10.47,7.0,0.0,5436.0,61.8,8.0,1.0,0.0,0.0,0.0,687.0,4.0,0.1858870967741935,0.875,58.0,0.0,0.0,-1.0,0
8000.0,36.0,14.09,273.78,9.0,5.0,1.0,25000.0,0.0,0.0,23.33,8.0,0.0,9207.0,64.4,12.0,1.0,0.0,2.0,0.0,692.0,4.0,0.32,0.6666666666666666,216.0,0.0,0.0,-1.0,1
9600.0,36.0,12.12,319.41,7.0,3.0,0.0,54000.0,0.0,0.0,20.93,11.0,0.0,27605.0,83.2,27.0,0.0,0.0,2.0,0.0,662.0,4.0,0.1777777777777777,0.4074074074074074,153.0,0.0,0.0,-1.0,0
15850.0,60.0,18.49,406.73,16.0,10.0,2.0,130000.0,2.0,0.0,12.27,9.0,1.0,30013.0,87.5,24.0,0.0,0.0,6.0,1.0,677.0,4.0,0.1219230769230769,0.375,331.0,0.0030211480362537,0.0030211480362537,1.0,1
7000.0,36.0,6.03,213.05,0.0,10.0,1.0,66000.0,0.0,0.0,12.4,15.0,0.0,5177.0,5.3,30.0,1.0,0.0,0.0,0.0,812.0,4.0,0.106060606060606,0.5,273.0,0.0,0.0,-1.0,0
9975.275390625,36.0,13.11,336.6270739746094,8.0,7.0,0.0,336142.21875,0.0,4.0,29.53714828491211,7.0,0.0,197915.046875,69.9156494140625,15.0,0.0,0.0,2.0,0.0,687.0,4.0,0.02967577179272965,0.4666666666666667,117.0,0.0,0.0,-1.0,0
25000.0,60.0,17.27,624.95,14.0,5.0,0.0,100000.0,1.0,2.0,18.61,12.0,0.0,15516.0,29.1,20.0,1.0,0.0,0.0,0.0,697.0,4.0,0.25,0.6,141.0,0.0,0.0,-1.0,0
8000.0,36.0,11.14,262.45,6.0,10.0,0.0,98000.0,0.0,2.0,17.01,16.0,0.0,22165.0,43.0,40.0,1.0,0.0,2.0,0.0,707.0,4.0,0.0816326530612244,0.4,157.0,0.0,0.0,-1.0,0
35000.0,36.0,17.27,1252.56,14.0,3.0,0.0,85000.0,2.0,0.0,30.02,15.0,0.0,113466.0,77.2,32.0,1.0,0.0,2.0,0.0,707.0,4.0,0.4117647058823529,0.46875,198.0,0.0,0.0,-1.0,0
12000.0,36.0,18.75,438.36,17.0,10.0,1.0,60000.0,2.0,0.0,25.98,4.0,0.0,13770.0,98.4,10.0,1.0,0.0,0.0,0.0,702.0,4.0,0.2,0.4,172.0,0.0,0.0,-1.0,1
10000.0,36.0,6.03,304.36,0.0,10.0,0.0,60000.0,2.0,2.0,27.16,13.0,0.0,11822.0,10.1,43.0,1.0,0.0,7.0,0.0,822.0,4.0,0.1666666666666666,0.3023255813953488,334.0,0.0,0.0,-1.0,0
12000.0,60.0,22.47,334.65,24.0,10.0,1.0,90000.0,2.0,0.0,11.17,6.0,0.0,9149.0,85.7,7.0,1.0,0.0,0.0,0.0,692.0,4.0,0.1333333333333333,0.8571428571428571,86.0,0.0,0.0,-1.0,0
4700.0,36.0,15.31,163.65,11.0,10.0,0.0,35000.0,0.0,0.0,7.78,10.0,1.0,9308.0,45.6,21.0,0.0,0.0,2.0,1.0,692.0,4.0,0.1342857142857142,0.4761904761904761,96.0,0.0104166666666666,0.0104166666666666,1.0,0
20700.0,36.0,13.11,698.57,8.0,1.0,1.0,46000.0,2.0,4.0,20.63,5.0,0.0,17236.0,76.9,19.0,1.0,0.0,2.0,0.0,687.0,5.0,0.45,0.2631578947368421,177.0,0.0,0.0,-1.0,0
4950.0,36.0,14.33,169.98,10.0,1.0,0.0,45000.0,0.0,0.0,7.23,8.0,0.0,3151.0,60.6,13.0,1.0,0.0,2.0,0.0,687.0,5.0,0.11,0.6153846153846154,155.0,0.0,0.0,-1.0,1
28000.0,36.0,15.8,981.64,12.0,10.0,1.0,165000.0,2.0,0.0,14.35,11.0,0.0,31729.0,84.7,13.0,1.0,0.0,0.0,0.0,667.0,5.0,0.1696969696969697,0.8461538461538461,170.0,0.0,0.0,-1.0,1
16000.0,36.0,11.14,524.89,6.0,0.0,0.0,120000.0,0.0,4.0,12.26,18.0,0.0,36334.0,50.5,33.0,0.0,0.0,4.0,0.0,682.0,5.0,0.1333333333333333,0.5454545454545454,114.0,0.0,0.0,-1.0,0
18000.0,60.0,15.31,431.16,11.0,2.0,0.0,85000.0,2.0,0.0,9.18,8.0,0.0,21416.0,93.1,22.0,0.0,0.0,4.0,0.0,702.0,5.0,0.2117647058823529,0.3636363636363636,234.0,0.0,0.0,-1.0,1
4000.0,36.0,23.63,156.16,27.0,1.0,1.0,61000.0,2.0,5.0,9.34,8.0,1.0,4206.0,62.8,17.0,1.0,0.0,0.0,1.0,677.0,5.0,0.0655737704918032,0.4705882352941176,148.0,0.0067567567567567,0.0067567567567567,1.0,1
15000.0,36.0,18.75,547.95,17.0,2.0,0.0,85000.0,1.0,4.0,10.28,8.0,0.0,24011.0,46.7,14.0,1.0,0.0,4.0,0.0,707.0,5.0,0.1764705882352941,0.5714285714285714,194.0,0.0,0.0,-1.0,1
35000.0,36.0,16.29,1235.52,13.0,6.0,0.0,79000.0,2.0,0.0,16.52,14.0,0.0,20625.0,50.5,26.0,0.0,0.0,3.0,0.0,707.0,5.0,0.4430379746835443,0.5384615384615384,172.0,0.0,0.0,-1.0,0
9000.0,36.0,14.09,308.0,9.0,10.0,0.0,50000.0,0.0,4.0,28.25,11.0,1.0,11532.0,53.4,17.0,1.0,0.0,2.0,1.0,722.0,5.0,0.18,0.6470588235294118,137.0,0.0072992700729927,0.0072992700729927,1.0,0
28000.0,60.0,19.72,737.48,19.0,5.0,0.0,137831.0,2.0,0.0,20.66,11.0,0.0,53040.0,92.1,27.0,1.0,0.0,3.0,0.0,702.0,5.0,0.2031473326029703,0.4074074074074074,325.0,0.0,0.0,-1.0,0
20000.0,60.0,11.14,436.25,6.0,10.0,0.0,65000.0,2.0,0.0,7.79,7.0,0.0,12404.0,53.0,19.0,1.0,0.0,4.0,0.0,712.0,5.0,0.3076923076923077,0.3684210526315789,171.0,0.0,0.0,-1.0,0
24000.0,36.0,6.62,736.89,1.0,5.0,0.0,150000.0,1.0,2.0,3.72,27.0,0.0,13980.0,28.2,58.0,0.0,0.0,2.0,0.0,752.0,5.0,0.16,0.4655172413793103,143.0,0.0,0.0,-1.0,0
16425.0,36.0,14.09,562.09,9.0,8.0,1.0,37000.0,0.0,4.0,29.74,15.0,0.0,17888.0,38.8,54.0,0.0,0.0,0.0,0.0,717.0,5.0,0.4439189189189189,0.2777777777777778,152.0,0.0,0.0,-1.0,1
10000.0,36.0,16.29,353.01,13.0,0.0,1.0,87000.0,1.0,0.0,16.91,9.0,0.0,12417.0,38.7,24.0,1.0,0.0,0.0,0.0,692.0,5.0,0.1149425287356321,0.375,256.0,0.0,0.0,-1.0,1
13000.0,36.0,14.33,446.4,10.0,3.0,1.0,36000.0,1.0,4.0,20.7,12.0,0.0,9895.0,65.1,41.0,0.0,0.0,0.0,0.0,667.0,5.0,0.3611111111111111,0.2926829268292683,147.0,0.0,0.0,-1.0,0
16846.62109375,36.0,10.16,544.8564428710938,5.0,5.0,1.0,634505.8125,0.0,0.0,37.85462608337402,15.0,0.0,31418.796875,55.06796112060547,18.0,1.0,0.0,2.0,0.0,732.0,5.0,0.026550764786569703,0.8333333333333334,88.0,0.0,0.0,-1.0,0
7000.0,36.0,11.14,229.64,6.0,10.0,1.0,45000.0,0.0,0.0,18.4,10.0,0.0,18464.0,31.3,38.0,1.0,0.0,2.0,0.0,702.0,5.0,0.1555555555555555,0.2631578947368421,188.0,0.0,0.0,-1.0,0
2000.0,36.0,14.09,68.45,9.0,1.0,2.0,76000.0,0.0,2.0,11.62,11.0,1.0,9230.0,44.0,20.0,1.0,0.0,0.0,1.0,692.0,5.0,0.0263157894736842,0.55,61.0,0.0163934426229508,0.0163934426229508,1.0,0
1775.0,36.0,17.77,63.97,15.0,9.0,0.0,16000.0,0.0,0.0,27.38,15.0,0.0,7139.0,66.1,36.0,0.0,0.0,0.0,0.0,687.0,5.0,0.1109375,0.4166666666666667,105.0,0.0,0.0,-1.0,0
10000.0,36.0,15.8,350.59,12.0,0.0,1.0,60000.0,0.0,0.0,12.56,6.0,0.0,3081.0,36.2,12.0,1.0,0.0,0.0,0.0,662.0,5.0,0.1666666666666666,0.5,198.0,0.0,0.0,-1.0,0
6000.0,36.0,18.85,219.49,17.0,9.0,1.0,90000.0,0.0,5.0,6.92,4.0,0.0,4472.0,37.0,13.0,1.0,0.0,0.0,0.0,672.0,5.0,0.0666666666666666,0.3076923076923077,136.0,0.0,0.0,-1.0,0
16000.0,60.0,20.49,428.28,20.0,8.0,0.0,60000.0,2.0,4.0,20.28,8.0,0.0,14981.0,96.0,16.0,1.0,0.0,2.0,0.0,692.0,5.0,0.2666666666666666,0.5,216.0,0.0,0.0,-1.0,0
5250.0,36.0,15.31,182.8,11.0,10.0,0.0,70000.0,2.0,0.0,20.07,12.0,0.0,21964.0,72.7,25.0,0.0,0.0,4.0,0.0,692.0,5.0,0.075,0.48,167.0,0.0,0.0,-1.0,0
17425.0,60.0,16.29,426.44,13.0,10.0,0.0,49138.0,2.0,0.0,31.33,9.0,0.0,8525.0,87.0,14.0,0.0,0.0,1.0,0.0,697.0,5.0,0.3546135373845089,0.6428571428571429,97.0,0.0,0.0,-1.0,0
4820.0830078125,36.0,14.09,164.9501336669922,9.0,3.0,1.0,727026.4375,1.0,2.0,60.48954254150391,7.0,1.0,44674.23828125,19.817295837402344,27.0,1.0,0.0,4.0,1.0,662.0,5.0,0.006629854440689087,0.25925925161157326,201.0,0.0049751243781094,0.0049751243781094,1.0,0
12375.0,36.0,15.31,430.87,11.0,7.0,0.0,50000.0,2.0,0.0,22.51,17.0,1.0,21336.0,64.5,25.0,1.0,0.0,1.0,1.0,677.0,5.0,0.2475,0.68,212.0,0.0047169811320754,0.0047169811320754,1.0,0
10622.2373046875,36.0,14.09,363.5081628417969,9.0,5.0,1.0,23241.306640625,0.0,0.0,26.670932235717775,8.0,0.0,45394.40234375,62.809668731689456,12.0,0.0,0.0,0.0,0.0,707.0,5.0,0.45704132318496704,0.6666666666666666,98.0,0.0,0.0,-1.0,0
8234.001953125,36.0,15.31,286.68524047851565,11.0,10.0,1.0,737904.375,2.0,0.0,14.603526916503906,6.0,0.0,5373.7666015625,47.284175872802734,18.0,1.0,0.0,0.0,0.0,682.0,5.0,0.011158614158630398,0.33333335581578705,146.0,0.0,0.0,-1.0,1
10000.0,36.0,7.62,311.62,2.0,10.0,0.0,35000.0,2.0,0.0,16.9,10.0,0.0,20065.0,45.2,20.0,1.0,0.0,3.0,0.0,707.0,5.0,0.2857142857142857,0.5,337.0,0.0,0.0,-1.0,0
35000.0,36.0,13.11,1181.15,8.0,10.0,0.0,102000.0,2.0,4.0,18.92,20.0,0.0,17830.0,30.2,53.0,1.0,0.0,5.0,0.0,782.0,5.0,0.3431372549019608,0.3773584905660377,270.0,0.0,0.0,-1.0,0
11970.9873046875,36.0,10.16,387.167861328125,5.0,6.0,0.0,427801.875,2.0,4.0,27.335368728637697,8.0,0.0,47578.02734375,61.57131118774414,17.0,1.0,0.0,4.0,0.0,702.0,5.0,0.027982546732975816,0.47058820923169453,126.0,0.0,0.0,-1.0,0
20000.0,36.0,12.12,665.44,7.0,6.0,0.0,96400.0,2.0,0.0,16.15,18.0,0.0,19435.0,42.5,53.0,1.0,0.0,2.0,0.0,712.0,5.0,0.2074688796680498,0.3396226415094339,218.0,0.0,0.0,-1.0,0
7000.0,36.0,17.27,250.52,14.0,5.0,1.0,51000.0,0.0,4.0,7.79,10.0,0.0,10029.0,72.7,12.0,1.0,0.0,0.0,0.0,682.0,5.0,0.1372549019607843,0.8333333333333334,82.0,0.0,0.0,-1.0,0
8000.0,36.0,10.16,258.74,5.0,10.0,0.0,112000.0,0.0,0.0,15.05,13.0,0.0,7098.0,38.2,37.0,0.0,0.0,6.0,0.0,722.0,5.0,0.0714285714285714,0.3513513513513513,172.0,0.0,0.0,-1.0,1
30000.0,36.0,15.8,1051.76,12.0,0.0,1.0,116000.0,2.0,0.0,9.19,14.0,0.0,23881.0,65.8,29.0,1.0,0.0,0.0,0.0,677.0,5.0,0.2586206896551724,0.4827586206896552,142.0,0.0,0.0,-1.0,0
9625.0,36.0,6.03,292.95,0.0,9.0,0.0,69500.0,0.0,0.0,10.65,14.0,0.0,8041.0,34.5,18.0,1.0,0.0,1.0,0.0,767.0,5.0,0.1384892086330935,0.7777777777777778,230.0,0.0,0.0,-1.0,0
35039.5703125,36.0,15.31,1219.9812158203124,11.0,10.0,0.0,33980.375,2.0,0.0,14.383763542175293,20.0,0.0,28969.494140625,46.88930740356445,57.0,1.0,0.0,12.0,0.0,707.0,5.0,1.0311707188101376,0.3508771929824561,258.0,0.0,0.0,-1.0,0
9000.0,36.0,13.11,303.73,8.0,4.0,1.0,62000.0,0.0,4.0,11.38,13.0,0.0,6933.0,30.5,16.0,1.0,0.0,0.0,0.0,707.0,5.0,0.1451612903225806,0.8125,82.0,0.0,0.0,-1.0,1
9950.0,36.0,17.27,356.09,14.0,0.0,1.0,32000.0,0.0,0.0,21.79,13.0,0.0,7155.0,37.3,20.0,1.0,0.0,0.0,0.0,697.0,5.0,0.3109375,0.65,92.0,0.0,0.0,-1.0,1
6000.0,36.0,12.12,199.63,7.0,0.0,1.0,57000.0,1.0,0.0,22.19,11.0,0.0,5755.0,63.9,28.0,1.0,0.0,0.0,0.0,712.0,5.0,0.1052631578947368,0.3928571428571428,152.0,0.0,0.0,-1.0,0
35000.0,60.0,23.83,1003.43,29.0,0.0,0.0,100670.0,2.0,1.0,15.26,5.0,0.0,18067.0,52.1,23.0,0.0,0.0,7.0,0.0,677.0,5.0,0.3476706069335452,0.217391304347826,175.0,0.0,0.0,-1.0,1
25000.0,36.0,8.9,793.84,4.0,10.0,0.0,70000.0,2.0,2.0,27.75,16.0,0.0,21371.0,35.1,38.0,1.0,0.0,10.0,0.0,727.0,5.0,0.3571428571428571,0.4210526315789473,212.0,0.0,0.0,-1.0,0
11325.0,36.0,16.29,399.78,13.0,3.0,2.0,33000.0,2.0,4.0,26.11,11.0,2.0,10436.0,69.6,28.0,1.0,0.0,0.0,0.0,672.0,5.0,0.3431818181818182,0.3928571428571428,250.0,0.008,0.0,0.0,1
20000.0,60.0,22.95,563.24,25.0,10.0,1.0,56860.0,2.0,0.0,19.25,6.0,0.0,18668.0,94.3,10.0,1.0,0.0,0.0,0.0,727.0,5.0,0.3517411185367569,0.6,130.0,0.0,0.0,-1.0,0
6000.0,36.0,7.62,186.97,2.0,0.0,0.0,95000.0,0.0,2.0,7.45,7.0,0.0,412.0,2.5,26.0,1.0,0.0,3.0,0.0,747.0,5.0,0.0631578947368421,0.2692307692307692,149.0,0.0,0.0,-1.0,0
6500.0,36.0,13.11,219.36,8.0,10.0,0.0,85000.0,0.0,2.0,11.82,17.0,1.0,7498.0,64.6,32.0,0.0,0.0,1.0,1.0,687.0,5.0,0.0764705882352941,0.53125,327.0,0.0030581039755351,0.0030581039755351,1.0,0
7200.0,36.0,20.49,269.38,20.0,10.0,1.0,90000.0,2.0,4.0,13.59,7.0,1.0,15957.0,99.7,14.0,1.0,0.0,0.0,1.0,672.0,5.0,0.08,0.5,519.0,0.001926782273603,0.001926782273603,1.0,0
18000.0,36.0,19.52,664.56,18.0,9.0,0.0,77000.0,1.0,0.0,20.03,13.0,0.0,20676.0,81.1,23.0,0.0,0.0,1.0,0.0,672.0,6.0,0.2337662337662337,0.5652173913043478,272.0,0.0,0.0,-1.0,0
10350.0,36.0,10.64,337.09,6.0,9.0,2.0,30000.0,1.0,0.0,11.44,8.0,0.0,3254.0,29.3,19.0,1.0,0.0,0.0,0.0,677.0,6.0,0.345,0.4210526315789473,82.0,0.0,0.0,-1.0,0
16000.0,60.0,14.33,375.04,11.0,4.0,0.0,50000.0,2.0,4.0,16.37,8.0,0.0,20111.0,59.0,13.0,1.0,0.0,0.0,0.0,687.0,6.0,0.32,0.6153846153846154,120.0,0.0,0.0,-1.0,0
11000.0,36.0,9.71,353.45,5.0,3.0,1.0,35000.0,0.0,0.0,10.83,2.0,0.0,12178.0,76.1,12.0,1.0,0.0,0.0,0.0,702.0,6.0,0.3142857142857143,0.1666666666666666,153.0,0.0,0.0,-1.0,0
6000.0,36.0,21.15,226.52,21.0,2.0,1.0,38400.0,0.0,5.0,10.88,12.0,0.0,10817.0,90.1,22.0,0.0,0.0,0.0,0.0,687.0,6.0,0.15625,0.5454545454545454,137.0,0.0,0.0,-1.0,0
14125.0,36.0,16.78,502.05,14.0,0.0,0.0,81500.0,2.0,6.0,34.28,12.0,0.0,44251.0,63.5,30.0,0.0,0.0,3.0,0.0,672.0,6.0,0.1733128834355828,0.4,259.0,0.0,0.0,-1.0,0
1500.0,36.0,18.25,54.42,16.0,8.0,1.0,35000.0,0.0,5.0,23.55,7.0,0.0,7277.0,24.9,23.0,0.0,0.0,0.0,0.0,667.0,6.0,0.0428571428571428,0.3043478260869565,326.0,0.0,0.0,-1.0,1
25643.900390625,36.0,20.31,957.0756958007812,19.0,10.0,0.0,303387.5,1.0,5.0,96.34904510498046,10.0,0.0,478425.09375,64.09552154541015,35.0,1.0,0.0,5.0,0.0,742.0,6.0,0.08452522716876382,0.28571428401129584,267.0,0.0,0.0,-1.0,0
6900.0,36.0,11.55,227.7,7.0,10.0,0.0,41000.0,2.0,4.0,31.29,9.0,0.0,16658.0,64.8,18.0,0.0,0.0,1.0,0.0,672.0,6.0,0.1682926829268292,0.5,258.0,0.0,0.0,-1.0,0
22500.0,60.0,18.85,581.81,17.0,10.0,0.0,70000.0,2.0,0.0,22.65,9.0,1.0,8160.0,42.9,26.0,1.0,0.0,6.0,0.0,687.0,6.0,0.3214285714285714,0.3461538461538461,377.0,0.0026525198938992,0.0,0.0,0
17972.74609375,60.0,15.22,429.6473718261719,12.0,6.0,0.0,65427.30859375,2.0,0.0,28.627470169067383,12.0,0.0,17394.693359375,64.26498260498047,38.0,1.0,0.0,2.0,0.0,707.0,6.0,0.27469791769981383,0.3157894496734326,187.0,0.0,0.0,-1.0,0
29267.669921875,60.0,16.78,723.918212890625,14.0,0.0,1.0,274810.5,1.0,0.0,-0.5340174102783202,9.0,0.0,53074.16796875,65.75691680908203,16.0,0.0,0.0,1.0,0.0,687.0,6.0,0.10650127705405737,0.5625,161.0,0.0,0.0,-1.0,1
10000.0,36.0,8.9,317.54,4.0,10.0,0.0,75000.0,0.0,2.0,2.83,9.0,0.0,2598.0,20.5,18.0,1.0,0.0,1.0,0.0,667.0,6.0,0.1333333333333333,0.5,169.0,0.0,0.0,-1.0,0
21000.0,36.0,6.03,639.15,0.0,5.0,1.0,70843.0,2.0,4.0,13.77,18.0,0.0,22849.0,27.3,31.0,1.0,0.0,3.0,0.0,757.0,6.0,0.2964301342405036,0.5806451612903226,189.0,0.0,0.0,-1.0,0
6000.0,36.0,12.35,200.3,8.0,0.0,0.0,45000.0,0.0,0.0,16.45,10.0,0.0,13134.0,61.1,18.0,0.0,0.0,1.0,0.0,677.0,6.0,0.1333333333333333,0.5555555555555556,93.0,0.0,0.0,-1.0,0
9500.0,36.0,7.62,296.04,2.0,5.0,0.0,83000.0,1.0,2.0,0.01,5.0,1.0,1.0,0.0,10.0,1.0,0.0,3.0,0.0,722.0,6.0,0.1144578313253012,0.5,174.0,0.0057471264367816,0.0,0.0,0
30000.0,36.0,15.88,1052.94,13.0,10.0,0.0,196000.0,2.0,0.0,24.45,14.0,0.0,3152.0,40.4,61.0,1.0,0.0,1.0,0.0,712.0,6.0,0.1530612244897959,0.2295081967213114,264.0,0.0,0.0,-1.0,0
6072.52783203125,36.0,14.33,208.51916625976563,11.0,5.0,0.0,167955.40625,0.0,0.0,21.98279266357422,16.0,1.0,201249.59375,49.68901443481445,31.0,0.0,0.0,2.0,1.0,677.0,6.0,0.03615558942159014,0.5333333611488342,228.0,0.0043859649122807,0.0043859649122807,1.0,0
23850.0,60.0,16.78,589.92,14.0,10.0,0.0,83000.0,2.0,0.0,24.67,11.0,0.0,17354.0,84.2,28.0,1.0,0.0,3.0,0.0,672.0,6.0,0.2873493975903614,0.3928571428571428,211.0,0.0,0.0,-1.0,0
15000.0,60.0,16.78,371.02,14.0,4.0,0.0,48000.0,1.0,0.0,12.18,7.0,0.0,8229.0,76.2,8.0,1.0,0.0,1.0,0.0,682.0,6.0,0.3125,0.875,55.0,0.0,0.0,-1.0,0
20000.0,36.0,10.64,651.37,6.0,2.0,0.0,65000.0,2.0,4.0,31.68,8.0,0.0,19649.0,67.5,23.0,0.0,0.0,4.0,0.0,777.0,6.0,0.3076923076923077,0.3478260869565217,282.0,0.0,0.0,-1.0,0
10000.0,36.0,9.71,321.32,5.0,3.0,1.0,85000.0,2.0,0.0,10.77,8.0,0.0,11338.0,66.3,14.0,1.0,0.0,0.0,0.0,712.0,6.0,0.1176470588235294,0.5714285714285714,119.0,0.0,0.0,-1.0,0
18000.0,36.0,9.71,578.37,5.0,6.0,1.0,77000.0,2.0,0.0,22.44,12.0,0.0,30238.0,38.8,25.0,1.0,0.0,0.0,0.0,707.0,6.0,0.2337662337662337,0.48,173.0,0.0,0.0,-1.0,0
28000.0,60.0,22.7,784.52,24.0,10.0,0.0,135000.0,2.0,0.0,12.64,18.0,0.0,23374.0,71.9,34.0,1.0,0.0,3.0,0.0,687.0,6.0,0.2074074074074074,0.5294117647058824,429.0,0.0,0.0,-1.0,0
35000.0,36.0,20.8,1315.04,20.0,10.0,0.0,99000.0,2.0,0.0,25.04,9.0,0.0,10646.0,95.1,23.0,1.0,0.0,6.0,0.0,717.0,6.0,0.3535353535353535,0.391304347826087,152.0,0.0,0.0,-1.0,0
12000.0,36.0,13.68,408.27,10.0,3.0,1.0,68500.0,1.0,4.0,9.06,11.0,0.0,12936.0,68.4,24.0,1.0,0.0,0.0,0.0,672.0,6.0,0.1751824817518248,0.4583333333333333,117.0,0.0,0.0,-1.0,0
29550.0,60.0,13.05,673.11,9.0,5.0,0.0,110000.0,2.0,0.0,33.72,12.0,0.0,16329.0,61.2,30.0,0.0,0.0,4.0,0.0,707.0,6.0,0.2686363636363636,0.4,255.0,0.0,0.0,-1.0,0
5797.7431640625,36.0,6.03,176.4564636230469,0.0,10.0,2.0,637918.5,0.0,0.0,31.35405342102051,7.0,0.0,343211.71875,31.198318862915038,16.0,1.0,0.0,4.0,0.0,782.0,6.0,0.009088538289070136,0.4374999980131785,477.0,0.0,0.0,-1.0,0
8725.0,36.0,18.85,319.17,17.0,8.0,2.0,30224.0,0.0,0.0,21.44,6.0,1.0,6428.0,78.4,11.0,1.0,0.0,0.0,1.0,677.0,6.0,0.2886778718898888,0.5454545454545454,159.0,0.0062893081761006,0.0062893081761006,1.0,1
11587.353515625,36.0,11.55,382.3816174316406,7.0,10.0,0.0,63276.6796875,0.0,0.0,16.79649543762207,6.0,1.0,174158.171875,46.36810455322266,19.0,1.0,0.0,2.0,1.0,672.0,6.0,0.18312202394008636,0.31578946372737055,234.0,0.0042735042735042,0.0042735042735042,1.0,0
7000.0,36.0,12.35,233.68,8.0,4.0,1.0,35000.0,0.0,0.0,7.27,6.0,0.0,5549.0,89.5,21.0,1.0,0.0,0.0,0.0,702.0,6.0,0.2,0.2857142857142857,212.0,0.0,0.0,-1.0,0
16000.0,36.0,7.62,498.59,2.0,9.0,2.0,51600.0,1.0,2.0,1.99,7.0,0.0,757.0,1.8,9.0,1.0,0.0,0.0,0.0,762.0,6.0,0.3100775193798449,0.7777777777777778,294.0,0.0,0.0,-1.0,0
19200.0,36.0,8.9,609.67,4.0,10.0,1.0,78000.0,1.0,0.0,21.48,11.0,0.0,32729.0,84.9,32.0,1.0,0.0,0.0,0.0,712.0,6.0,0.2461538461538461,0.34375,187.0,0.0,0.0,-1.0,0
25450.0,36.0,12.35,849.57,8.0,6.0,0.0,97000.0,2.0,3.0,17.34,22.0,0.0,32066.0,71.9,47.0,1.0,0.0,4.0,0.0,682.0,6.0,0.2623711340206185,0.4680851063829787,219.0,0.0,0.0,-1.0,0
11500.0,36.0,17.56,413.22,15.0,6.0,1.0,40000.0,0.0,5.0,10.53,9.0,1.0,8665.0,45.8,24.0,1.0,0.0,0.0,1.0,667.0,6.0,0.2875,0.375,260.0,0.0038461538461538,0.0038461538461538,1.0,1
9600.0,36.0,6.62,294.76,1.0,10.0,0.0,39000.0,2.0,0.0,21.42,12.0,0.0,18380.0,38.2,24.0,0.0,0.0,1.0,0.0,727.0,6.0,0.2461538461538461,0.5,259.0,0.0,0.0,-1.0,0
5000.0,36.0,6.62,153.52,1.0,8.0,0.0,60000.0,2.0,0.0,3.56,11.0,0.0,5878.0,21.1,33.0,0.0,0.0,3.0,0.0,722.0,6.0,0.0833333333333333,0.3333333333333333,146.0,0.0,0.0,-1.0,0
11500.0,36.0,17.77,414.43,15.0,1.0,1.0,33000.0,0.0,0.0,5.24,7.0,0.0,5079.0,63.5,40.0,1.0,0.0,0.0,0.0,667.0,6.0,0.3484848484848485,0.175,147.0,0.0,0.0,-1.0,0
4375.0,36.0,19.72,161.97,19.0,9.0,1.0,35000.0,0.0,5.0,8.2,5.0,0.0,6483.0,48.7,8.0,1.0,0.0,0.0,0.0,692.0,6.0,0.125,0.625,168.0,0.0,0.0,-1.0,0
9000.0,36.0,14.09,308.0,9.0,0.0,0.0,120000.0,1.0,4.0,11.59,12.0,1.0,11418.0,71.4,42.0,0.0,0.0,4.0,1.0,682.0,6.0,0.075,0.2857142857142857,219.0,0.0045662100456621,0.0045662100456621,1.0,0
9500.0,36.0,14.33,326.22,11.0,1.0,1.0,43000.0,0.0,0.0,7.33,4.0,0.0,8129.0,86.5,8.0,0.0,0.0,0.0,0.0,677.0,6.0,0.2209302325581395,0.5,78.0,0.0,0.0,-1.0,0
5300.0,36.0,13.68,180.32,10.0,6.0,0.0,42000.0,0.0,4.0,14.83,5.0,0.0,3882.0,55.5,21.0,1.0,0.0,5.0,0.0,677.0,6.0,0.1261904761904762,0.238095238095238,158.0,0.0,0.0,-1.0,0
18021.072265625,60.0,14.33,422.40822021484377,11.0,10.0,0.0,502029.125,2.0,0.0,58.676407470703126,8.0,0.0,66436.140625,44.86190948486328,14.0,1.0,0.0,4.0,0.0,702.0,6.0,0.03589646577835082,0.5714285969734192,111.0,0.0,0.0,-1.0,0
28000.0,60.0,12.35,627.81,8.0,10.0,0.0,100000.0,1.0,0.0,18.26,15.0,0.0,13505.0,26.4,46.0,1.0,0.0,3.0,0.0,732.0,6.0,0.28,0.3260869565217391,417.0,0.0,0.0,-1.0,0
9323.244140625,36.0,11.55,307.6662231445313,7.0,1.0,1.0,240734.015625,0.0,0.0,39.38065582275391,8.0,0.0,18518.67578125,39.80533218383789,17.0,0.0,0.0,2.0,0.0,717.0,6.0,0.038728399219967014,0.47058820923169453,305.0,0.0,0.0,-1.0,0
7000.0,36.0,17.56,251.53,15.0,6.0,2.0,45600.0,0.0,0.0,24.05,6.0,1.0,2894.0,49.1,28.0,1.0,0.0,0.0,1.0,672.0,6.0,0.1535087719298245,0.2142857142857142,145.0,0.0068965517241379,0.0068965517241379,1.0,0
21600.0,36.0,8.9,685.87,4.0,10.0,0.0,62000.0,2.0,0.0,12.72,9.0,0.0,19334.0,47.5,24.0,1.0,0.0,1.0,0.0,707.0,6.0,0.3483870967741935,0.375,267.0,0.0,0.0,-1.0,1
11500.0,36.0,10.64,374.54,6.0,2.0,1.0,33982.0,0.0,0.0,3.85,5.0,0.0,3967.0,23.3,28.0,1.0,0.0,2.0,0.0,772.0,6.0,0.3384144547113177,0.1785714285714285,167.0,0.0,0.0,-1.0,0
20000.0,36.0,6.03,608.72,0.0,10.0,0.0,115000.0,2.0,0.0,17.6,11.0,0.0,14555.0,40.4,34.0,1.0,0.0,4.0,0.0,797.0,6.0,0.1739130434782608,0.3235294117647059,331.0,0.0,0.0,-1.0,0
7000.0,36.0,12.35,233.68,8.0,8.0,1.0,86000.0,0.0,2.0,11.15,15.0,0.0,13508.0,62.5,16.0,1.0,0.0,0.0,0.0,687.0,6.0,0.0813953488372093,0.9375,134.0,0.0,0.0,-1.0,0
20000.0,36.0,17.56,718.65,15.0,10.0,0.0,78000.0,1.0,0.0,14.2,6.0,0.0,7162.0,94.2,19.0,1.0,0.0,4.0,0.0,687.0,6.0,0.2564102564102564,0.3157894736842105,163.0,0.0,0.0,-1.0,0
12000.0,36.0,17.56,431.19,15.0,10.0,0.0,144000.0,1.0,0.0,14.95,20.0,0.0,41426.0,85.4,36.0,1.0,0.0,4.0,0.0,682.0,6.0,0.0833333333333333,0.5555555555555556,185.0,0.0,0.0,-1.0,0
21000.0,36.0,11.55,693.0,7.0,10.0,0.0,125000.0,2.0,0.0,13.32,13.0,0.0,18727.0,71.2,30.0,1.0,0.0,9.0,0.0,707.0,6.0,0.168,0.4333333333333333,325.0,0.0,0.0,-1.0,0
9940.708984375,36.0,18.25,360.6278393554687,16.0,0.0,2.0,12952.1015625,0.0,4.0,13.498950881958008,5.0,0.0,17581.828125,57.01676483154297,14.0,1.0,0.0,1.0,0.0,672.0,6.0,0.7674977262814839,0.3571428614003317,95.0,0.0,0.0,-1.0,0
20804.54296875,60.0,24.5,604.558193359375,27.0,4.0,1.0,349319.25,2.0,0.0,32.7058829498291,8.0,0.0,20819.33984375,84.231982421875,16.0,1.0,0.0,1.0,0.0,712.0,6.0,0.05955738044799641,0.5,155.0,0.0,0.0,-1.0,0
9600.0,36.0,17.56,344.95,15.0,3.0,2.0,140000.0,0.0,2.0,9.19,5.0,1.0,3882.0,37.3,20.0,0.0,0.0,2.0,1.0,707.0,6.0,0.0685714285714285,0.25,218.0,0.0045871559633027,0.0045871559633027,1.0,0
24943.4765625,60.0,21.6,683.2507446289062,22.0,7.0,0.0,326547.09375,2.0,0.0,0.4701396560668947,12.0,0.0,0.0,85.6447967529297,25.0,0.0,0.0,2.0,0.0,672.0,6.0,0.07638553849288388,0.48,236.0,0.0,0.0,-1.0,0
14069.3603515625,36.0,15.22,489.23435791015623,12.0,6.0,0.0,181559.375,2.0,0.0,10.308768310546874,15.0,0.0,96458.171875,35.52770843505859,24.0,0.0,0.0,1.0,0.0,692.0,6.0,0.07749179476185847,0.625,113.0,0.0,0.0,-1.0,1
35000.0,60.0,21.15,949.83,21.0,6.0,0.0,150000.0,2.0,4.0,16.63,18.0,0.0,48394.0,71.4,25.0,1.0,0.0,2.0,0.0,692.0,6.0,0.2333333333333333,0.72,154.0,0.0,0.0,-1.0,0
9000.0,36.0,9.71,289.19,5.0,10.0,0.0,64000.0,1.0,0.0,7.82,7.0,0.0,5303.0,84.2,25.0,1.0,0.0,3.0,0.0,692.0,6.0,0.140625,0.28,446.0,0.0,0.0,-1.0,0
18250.0,36.0,8.9,579.5,4.0,4.0,1.0,41600.0,2.0,4.0,11.54,5.0,0.0,16072.0,46.9,20.0,1.0,0.0,2.0,0.0,737.0,6.0,0.4387019230769231,0.25,238.0,0.0,0.0,-1.0,0
9450.0,36.0,11.55,311.85,7.0,2.0,1.0,27000.0,0.0,4.0,22.27,10.0,0.0,8287.0,41.9,14.0,1.0,0.0,0.0,0.0,682.0,7.0,0.35,0.7142857142857143,93.0,0.0,0.0,-1.0,1
18400.0,36.0,18.85,673.08,17.0,5.0,1.0,70000.0,0.0,0.0,6.35,8.0,0.0,11633.0,79.7,11.0,1.0,0.0,0.0,0.0,662.0,7.0,0.2628571428571428,0.7272727272727273,118.0,0.0,0.0,-1.0,0
17475.0,60.0,16.78,432.24,14.0,4.0,2.0,39000.0,2.0,0.0,14.4,7.0,0.0,15517.0,79.6,9.0,1.0,0.0,0.0,0.0,667.0,7.0,0.4480769230769231,0.7777777777777778,115.0,0.0,0.0,-1.0,1
20000.0,60.0,15.22,478.12,12.0,9.0,0.0,46100.0,2.0,0.0,26.86,9.0,0.0,23515.0,82.3,23.0,1.0,0.0,3.0,0.0,722.0,7.0,0.4338394793926247,0.391304347826087,154.0,0.0,0.0,-1.0,0
8000.0,60.0,25.83,238.72,31.0,0.0,2.0,50000.0,1.0,0.0,15.29,7.0,0.0,6933.0,73.0,8.0,1.0,0.0,0.0,0.0,672.0,7.0,0.16,0.875,45.0,0.0,0.0,-1.0,1
11325.0,36.0,12.35,378.05,8.0,10.0,1.0,46000.0,2.0,0.0,28.33,10.0,0.0,8270.0,45.7,13.0,1.0,0.0,0.0,0.0,692.0,7.0,0.246195652173913,0.7692307692307693,85.0,0.0,0.0,-1.0,0
8000.0,36.0,10.64,260.55,6.0,10.0,0.0,34000.0,0.0,4.0,15.99,7.0,1.0,7269.0,50.5,18.0,1.0,0.0,0.0,1.0,702.0,7.0,0.2352941176470588,0.3888888888888889,174.0,0.0057471264367816,0.0057471264367816,1.0,0
7000.0,36.0,17.56,251.53,15.0,6.0,1.0,35000.0,0.0,4.0,29.35,12.0,0.0,11524.0,82.3,22.0,1.0,0.0,0.0,0.0,662.0,7.0,0.2,0.5454545454545454,111.0,0.0,0.0,-1.0,1
4981.7939453125,36.0,19.52,183.92485595703124,18.0,6.0,2.0,394343.09375,0.0,5.0,20.163070526123047,5.0,0.0,74274.4765625,28.97311134338379,17.0,1.0,0.0,1.0,0.0,732.0,7.0,0.012633145391941075,0.2941176376559518,184.0,0.0,0.0,-1.0,0
9950.0,60.0,24.89,291.41,28.0,2.0,1.0,30000.0,2.0,5.0,21.48,6.0,0.0,10597.0,93.8,6.0,1.0,0.0,0.0,0.0,662.0,7.0,0.3316666666666666,1.0,62.0,0.0,0.0,-1.0,0
15000.0,36.0,13.05,505.78,9.0,10.0,0.0,68000.0,2.0,4.0,29.61,20.0,0.0,29400.0,59.4,25.0,1.0,0.0,0.0,0.0,692.0,7.0,0.2205882352941176,0.8,363.0,0.0,0.0,-1.0,0
32350.0,60.0,20.8,871.55,20.0,7.0,0.0,72000.0,2.0,0.0,27.4,11.0,0.0,37486.0,90.5,23.0,1.0,0.0,4.0,0.0,672.0,7.0,0.4493055555555555,0.4782608695652174,164.0,0.0,0.0,-1.0,0
10000.0,36.0,6.62,307.04,1.0,0.0,1.0,48500.0,0.0,4.0,14.68,18.0,0.0,10249.0,15.4,35.0,1.0,0.0,3.0,0.0,802.0,7.0,0.2061855670103092,0.5142857142857142,201.0,0.0,0.0,-1.0,0
1520.357666015625,36.0,21.6,57.7490055847168,22.0,0.0,1.0,949778.8125,0.0,0.0,-0.9445056533813476,3.0,0.0,334355.5625,58.911722564697264,9.0,1.0,0.0,4.0,0.0,692.0,7.0,0.0016007515788078325,0.3333333432674408,46.0,0.0,0.0,-1.0,0
18025.0,60.0,14.33,422.51,11.0,10.0,0.0,51000.0,2.0,4.0,25.22,9.0,0.0,25264.0,85.6,19.0,1.0,0.0,1.0,0.0,717.0,7.0,0.3534313725490196,0.4736842105263157,258.0,0.0,0.0,-1.0,0
31300.0,36.0,15.88,1098.57,13.0,5.0,1.0,70000.0,2.0,0.0,17.57,7.0,0.0,18955.0,86.6,16.0,1.0,0.0,0.0,0.0,662.0,7.0,0.4471428571428571,0.4375,159.0,0.0,0.0,-1.0,1
21725.0,60.0,15.88,526.93,13.0,10.0,0.0,49250.0,2.0,4.0,22.98,11.0,0.0,22081.0,67.0,21.0,1.0,0.0,3.0,0.0,667.0,7.0,0.4411167512690355,0.5238095238095238,153.0,0.0,0.0,-1.0,1
4078.981201171875,36.0,20.8,153.25701049804687,20.0,7.0,0.0,610324.75,1.0,10.0,38.95884246826172,8.0,0.0,206689.421875,59.05882720947265,17.0,1.0,0.0,0.0,0.0,672.0,7.0,0.006683296382427213,0.47058822853224613,331.0,0.0,0.0,-1.0,0
1000.0,36.0,16.78,35.55,14.0,6.0,1.0,50000.0,0.0,0.0,14.05,5.0,1.0,3598.0,87.8,11.0,1.0,0.0,0.0,1.0,662.0,7.0,0.02,0.4545454545454545,236.0,0.0042372881355932,0.0042372881355932,1.0,0
22100.369140625,36.0,11.55,729.3101806640625,7.0,10.0,0.0,428224.34375,2.0,0.0,89.45815551757812,12.0,1.0,277909.1875,1.0178100585937493,18.0,1.0,0.0,0.0,1.0,727.0,7.0,0.05160931815015202,0.6666666690041038,104.0,0.0096153846153846,0.0096153846153846,1.0,1
1500.0,36.0,22.2,57.45,23.0,2.0,1.0,32000.0,0.0,5.0,10.61,9.0,0.0,2066.0,82.6,17.0,1.0,0.0,0.0,0.0,687.0,7.0,0.046875,0.5294117647058824,82.0,0.0,0.0,-1.0,0
8575.0,36.0,10.64,279.28,6.0,0.0,1.0,25000.0,2.0,4.0,12.49,10.0,0.0,8816.0,61.7,17.0,1.0,0.0,0.0,0.0,687.0,7.0,0.343,0.5882352941176471,120.0,0.0,0.0,-1.0,0
17050.0,36.0,11.55,562.65,7.0,5.0,1.0,38000.0,2.0,0.0,26.37,16.0,0.0,20618.0,58.2,26.0,1.0,0.0,0.0,0.0,662.0,7.0,0.4486842105263158,0.6153846153846154,87.0,0.0,0.0,-1.0,0
30001.2109375,60.0,25.89,896.3035083007812,32.0,0.0,2.0,73871.625,2.0,0.0,10.622378463745116,12.0,0.0,10325.74609375,30.112649536132814,13.0,0.0,0.0,0.0,0.0,672.0,7.0,0.4061263329104373,0.9230769276618958,68.0,0.0,0.0,-1.0,0
4761.9052734375,36.0,14.33,163.5148602294922,11.0,0.0,1.0,235223.46875,0.0,0.0,7.882210845947267,4.0,0.0,186919.203125,78.5204849243164,9.0,0.0,0.0,1.0,0.0,682.0,7.0,0.020244161571775138,0.3333333432674408,61.0,0.0,0.0,-1.0,0
6000.0,36.0,7.9,187.75,3.0,8.0,0.0,50000.0,0.0,0.0,12.82,7.0,0.0,5430.0,36.9,10.0,1.0,0.0,1.0,0.0,732.0,7.0,0.12,0.7,133.0,0.0,0.0,-1.0,0
7425.0,36.0,14.33,254.97,11.0,2.0,1.0,54400.0,0.0,4.0,22.24,14.0,0.0,7210.0,52.6,33.0,1.0,0.0,2.0,0.0,677.0,7.0,0.1364889705882352,0.4242424242424242,146.0,0.0,0.0,-1.0,1
25000.0,36.0,7.62,779.04,2.0,0.0,0.0,90000.0,2.0,4.0,12.02,9.0,0.0,17231.0,49.0,21.0,1.0,0.0,3.0,0.0,717.0,7.0,0.2777777777777778,0.4285714285714285,161.0,0.0,0.0,-1.0,0
25000.0,36.0,7.9,782.26,3.0,10.0,0.0,85000.0,2.0,0.0,29.32,12.0,0.0,42405.0,47.2,39.0,0.0,0.0,4.0,0.0,737.0,7.0,0.2941176470588235,0.3076923076923077,166.0,0.0,0.0,-1.0,0
33425.0,60.0,16.78,826.75,14.0,3.0,0.0,75000.0,2.0,0.0,15.6,13.0,0.0,21508.0,54.3,28.0,1.0,0.0,5.0,0.0,712.0,7.0,0.4456666666666666,0.4642857142857143,342.0,0.0,0.0,-1.0,0
29100.0,36.0,15.22,1011.9,12.0,10.0,1.0,65000.0,2.0,4.0,29.85,11.0,0.0,30971.0,49.3,31.0,0.0,0.0,0.0,0.0,722.0,7.0,0.4476923076923076,0.3548387096774194,234.0,0.0,0.0,-1.0,0
22750.0,60.0,16.78,562.71,14.0,6.0,1.0,52000.0,2.0,0.0,32.7,12.0,0.0,23668.0,86.7,26.0,1.0,0.0,0.0,0.0,727.0,7.0,0.4375,0.4615384615384615,255.0,0.0,0.0,-1.0,0
15000.0,60.0,15.88,363.82,13.0,0.0,1.0,45000.0,1.0,0.0,14.83,6.0,0.0,9972.0,92.5,17.0,1.0,0.0,0.0,0.0,687.0,7.0,0.3333333333333333,0.3529411764705882,106.0,0.0,0.0,-1.0,0
14000.0,36.0,13.05,472.06,9.0,8.0,1.0,77500.0,2.0,0.0,9.96,15.0,0.0,17082.0,49.8,29.0,1.0,0.0,1.0,0.0,677.0,7.0,0.1806451612903225,0.5172413793103449,213.0,0.0,0.0,-1.0,0
11200.0,36.0,11.55,369.6,7.0,3.0,2.0,45000.0,2.0,0.0,4.08,12.0,0.0,4300.0,47.8,22.0,1.0,0.0,0.0,0.0,677.0,7.0,0.2488888888888888,0.5454545454545454,145.0,0.0,0.0,-1.0,0
28000.0,36.0,17.56,1006.1,15.0,10.0,0.0,86468.0,2.0,0.0,21.12,15.0,0.0,23878.0,92.6,37.0,0.0,0.0,2.0,0.0,712.0,7.0,0.3238192163574964,0.4054054054054054,169.0,0.0,0.0,-1.0,0
25475.0,60.0,16.78,630.11,14.0,9.0,1.0,58000.0,2.0,0.0,11.54,8.0,0.0,20571.0,52.5,17.0,1.0,0.0,0.0,0.0,687.0,7.0,0.4392241379310345,0.4705882352941176,444.0,0.0,0.0,-1.0,0
6000.0,36.0,6.62,184.23,1.0,0.0,0.0,160000.0,0.0,8.0,6.38,5.0,0.0,11555.0,19.0,41.0,0.0,0.0,11.0,0.0,737.0,7.0,0.0375,0.1219512195121951,236.0,0.0,0.0,-1.0,0
7200.0,36.0,9.71,231.35,5.0,1.0,1.0,65000.0,1.0,4.0,13.73,7.0,0.0,10616.0,36.5,16.0,1.0,0.0,0.0,0.0,707.0,7.0,0.1107692307692307,0.4375,139.0,0.0,0.0,-1.0,0
10625.0,36.0,13.05,358.26,9.0,2.0,0.0,31157.85,0.0,0.0,16.87,7.0,0.0,15326.0,83.7,10.0,1.0,0.0,2.0,0.0,687.0,7.0,0.3410055571870331,0.7,139.0,0.0,0.0,-1.0,0
27300.0,60.0,15.22,652.63,12.0,7.0,0.0,61000.0,2.0,4.0,15.3,6.0,0.0,34925.0,54.9,24.0,1.0,0.0,2.0,0.0,687.0,7.0,0.4475409836065573,0.25,211.0,0.0,0.0,-1.0,0
12000.0,36.0,15.22,417.28,12.0,2.0,1.0,74000.0,1.0,0.0,17.41,23.0,0.0,7181.0,36.8,42.0,1.0,0.0,0.0,0.0,677.0,7.0,0.1621621621621621,0.5476190476190477,162.0,0.0,0.0,-1.0,0
5400.0,36.0,15.88,189.53,13.0,0.0,1.0,50000.0,0.0,4.0,15.66,17.0,0.0,10767.0,56.1,22.0,1.0,0.0,0.0,0.0,702.0,7.0,0.108,0.7727272727272727,94.0,0.0,0.0,-1.0,0
16231.5146484375,36.0,16.78,576.9210083007813,14.0,1.0,0.0,647169.75,0.0,12.0,32.24544486999512,12.0,1.0,358334.0625,42.19609375,34.0,0.0,0.0,1.0,1.0,692.0,7.0,0.025080767273902904,0.352941174398769,127.0,0.0078740157480314,0.0078740157480314,1.0,0
10000.0,36.0,9.71,321.32,5.0,10.0,1.0,50000.0,0.0,4.0,15.02,7.0,0.0,4333.0,40.1,25.0,0.0,0.0,0.0,0.0,707.0,7.0,0.2,0.28,326.0,0.0,0.0,-1.0,0
30000.0,36.0,14.33,1030.15,11.0,6.0,1.0,125000.0,2.0,4.0,11.9,13.0,0.0,26065.0,66.0,16.0,0.0,0.0,0.0,0.0,682.0,7.0,0.24,0.8125,192.0,0.0,0.0,-1.0,0
2354.07568359375,36.0,15.88,82.623056640625,13.0,10.0,0.0,669140.375,0.0,0.0,38.17649551391602,7.0,0.0,30570.5703125,32.15550537109375,18.0,0.0,0.0,1.0,0.0,737.0,7.0,0.003518060108228513,0.3888888888888889,377.0,0.0,0.0,-1.0,0
30000.0,36.0,8.9,952.6,4.0,10.0,0.0,79000.0,2.0,0.0,26.14,9.0,0.0,22673.0,52.2,33.0,1.0,0.0,7.0,0.0,752.0,7.0,0.379746835443038,0.2727272727272727,277.0,0.0,0.0,-1.0,0
8875.0,36.0,19.2,326.23,17.0,0.0,1.0,45000.0,0.0,0.0,16.16,7.0,0.0,4430.0,94.3,22.0,1.0,0.0,0.0,0.0,662.0,8.0,0.1972222222222222,0.3181818181818182,95.0,0.0,0.0,-1.0,0
5600.0,36.0,15.61,195.81,12.0,4.0,2.0,52000.0,2.0,4.0,2.26,3.0,1.0,3807.0,62.4,4.0,1.0,0.0,0.0,1.0,667.0,8.0,0.1076923076923077,0.75,116.0,0.0086206896551724,0.0086206896551724,1.0,0
12000.0,36.0,15.1,416.58,11.0,4.0,1.0,48000.0,1.0,5.0,21.63,15.0,0.0,8942.0,53.5,29.0,1.0,0.0,1.0,0.0,692.0,8.0,0.25,0.5172413793103449,99.0,0.0,0.0,-1.0,0
6000.0,36.0,20.2,223.6,19.0,8.0,1.0,59535.0,1.0,0.0,16.04,7.0,0.0,6124.0,57.8,19.0,1.0,0.0,0.0,0.0,677.0,8.0,0.1007810531620055,0.3684210526315789,126.0,0.0,0.0,-1.0,0
16109.384765625,36.0,19.52,594.7488671875,18.0,8.0,1.0,422751.9375,1.0,0.0,2.3607563781738286,9.0,0.0,79420.390625,70.87966461181641,20.0,1.0,0.0,3.0,0.0,667.0,8.0,0.03810599088668826,0.45,295.0,0.0,0.0,-1.0,1
31300.0,60.0,23.1,884.17,23.0,3.0,0.0,210000.0,2.0,5.0,5.34,10.0,1.0,14856.0,50.7,23.0,1.0,0.0,7.0,1.0,662.0,8.0,0.149047619047619,0.4347826086956521,178.0,0.0056179775280898,0.0056179775280898,1.0,1
20000.0,60.0,24.89,585.74,28.0,2.0,2.0,50000.0,2.0,5.0,16.15,12.0,0.0,7915.0,26.2,19.0,1.0,0.0,0.0,0.0,722.0,8.0,0.4,0.631578947368421,128.0,0.0,0.0,-1.0,0
20000.0,36.0,11.55,660.0,7.0,2.0,1.0,123000.0,1.0,8.0,6.23,9.0,0.0,9223.0,50.4,15.0,1.0,0.0,0.0,0.0,707.0,8.0,0.1626016260162601,0.6,135.0,0.0,0.0,-1.0,0
16720.375,60.0,14.33,391.92027954101565,11.0,10.0,0.0,599336.5,1.0,4.0,87.02188934326172,8.0,1.0,343502.375,67.83441848754883,21.0,1.0,0.0,1.0,1.0,697.0,8.0,0.02789817600442257,0.38095237706836893,258.0,0.003875968992248,0.003875968992248,1.0,0
10200.0,36.0,12.35,340.5,8.0,4.0,0.0,79000.0,1.0,0.0,9.16,10.0,1.0,6679.0,43.4,24.0,1.0,0.0,5.0,1.0,697.0,8.0,0.1291139240506329,0.4166666666666667,529.0,0.0018903591682419,0.0018903591682419,1.0,0
28000.0,36.0,7.9,876.13,3.0,10.0,0.0,150000.0,2.0,0.0,8.03,7.0,0.0,34791.0,69.3,21.0,1.0,0.0,8.0,0.0,692.0,8.0,0.1866666666666666,0.3333333333333333,310.0,0.0,0.0,-1.0,0
21525.0,36.0,6.03,655.13,0.0,2.0,1.0,47964.8,2.0,4.0,13.51,9.0,0.0,23373.0,42.2,21.0,0.0,0.0,0.0,0.0,737.0,8.0,0.4487665955033691,0.4285714285714285,280.0,0.0,0.0,-1.0,0
26986.611328125,60.0,11.99,600.1668383789063,7.0,5.0,0.0,125441.90625,2.0,0.0,18.154642181396483,7.0,0.0,2307.96484375,71.31344604492188,12.0,1.0,0.0,2.0,0.0,722.0,8.0,0.21513235040249362,0.5833333333333334,479.0,0.0,0.0,-1.0,0
31283.255859375,60.0,12.99,711.6283056640625,8.0,5.0,0.0,564953.5625,1.0,4.0,38.09398262023926,9.0,0.0,134247.203125,58.79561157226563,25.0,1.0,0.0,8.0,0.0,742.0,8.0,0.05537317156791688,0.36000000513516933,211.0,0.0,0.0,-1.0,1
13000.0,36.0,12.99,437.96,8.0,10.0,0.0,69000.0,0.0,0.0,10.02,16.0,0.0,17269.0,61.5,24.0,0.0,0.0,1.0,0.0,717.0,8.0,0.1884057971014492,0.6666666666666666,185.0,0.0,0.0,-1.0,0
10400.0,36.0,10.99,340.44,6.0,10.0,1.0,70000.0,0.0,4.0,9.09,6.0,0.0,4573.0,56.5,12.0,1.0,0.0,0.0,0.0,717.0,8.0,0.1485714285714285,0.5,191.0,0.0,0.0,-1.0,0
19075.0,36.0,9.99,615.41,5.0,4.0,1.0,48000.0,0.0,6.0,2.03,7.0,0.0,994.0,3.5,10.0,1.0,0.0,0.0,0.0,777.0,8.0,0.3973958333333333,0.7,97.0,0.0,0.0,-1.0,0
14861.361328125,36.0,8.6,469.82798095703123,3.0,10.0,0.0,266548.46875,0.0,0.0,55.18570785522461,12.0,0.0,209644.078125,11.172558975219726,29.0,1.0,0.0,2.0,0.0,757.0,8.0,0.05575480986209133,0.4137931034482758,214.0,0.0,0.0,-1.0,0
3000.0,36.0,10.99,98.21,6.0,0.0,0.0,34000.0,0.0,0.0,7.34,9.0,0.0,11917.0,36.8,12.0,1.0,0.0,0.0,0.0,717.0,8.0,0.088235294117647,0.75,152.0,0.0,0.0,-1.0,0
20016.5234375,60.0,11.99,445.15602783203127,7.0,4.0,2.0,178245.15625,2.0,0.0,40.873629608154296,16.0,0.0,156644.53125,24.924087524414062,40.0,1.0,0.0,4.0,0.0,722.0,8.0,0.11229770794147395,0.4,168.0,0.0,0.0,-1.0,0
6900.0,36.0,21.7,262.45,21.0,5.0,0.0,40000.0,1.0,1.0,26.76,14.0,1.0,17236.0,57.0,20.0,1.0,0.0,0.0,0.0,672.0,8.0,0.1725,0.7,181.0,0.005524861878453,0.0,0.0,1
8600.0,36.0,7.62,267.99,2.0,4.0,1.0,36000.0,0.0,0.0,24.57,12.0,0.0,11750.0,29.2,14.0,1.0,0.0,0.0,0.0,732.0,8.0,0.2388888888888889,0.8571428571428571,101.0,0.0,0.0,-1.0,0
4750.0,36.0,15.88,166.72,13.0,2.0,1.0,35000.0,0.0,0.0,17.14,11.0,0.0,4443.0,83.8,21.0,1.0,0.0,0.0,0.0,702.0,8.0,0.1357142857142857,0.5238095238095238,96.0,0.0,0.0,-1.0,0
6000.0,36.0,18.25,217.67,16.0,5.0,1.0,78500.0,2.0,0.0,16.14,10.0,1.0,11088.0,45.1,28.0,1.0,0.0,5.0,1.0,667.0,8.0,0.0764331210191082,0.3571428571428571,196.0,0.0051020408163265,0.0051020408163265,1.0,0
24000.0,36.0,13.68,816.54,10.0,10.0,0.0,200000.0,2.0,2.0,12.5,18.0,0.0,16522.0,38.6,49.0,0.0,0.0,8.0,0.0,722.0,8.0,0.12,0.3673469387755102,163.0,0.0,0.0,-1.0,0
15000.0,36.0,18.25,544.17,16.0,10.0,0.0,60000.0,0.0,0.0,17.04,7.0,1.0,10392.0,77.0,16.0,1.0,0.0,4.0,1.0,692.0,8.0,0.25,0.4375,166.0,0.0060240963855421,0.0060240963855421,1.0,0
16000.0,36.0,10.64,521.1,6.0,7.0,1.0,84000.0,0.0,4.0,8.94,6.0,1.0,13451.0,47.2,19.0,1.0,0.0,2.0,1.0,692.0,8.0,0.1904761904761904,0.3157894736842105,216.0,0.0046296296296296,0.0046296296296296,1.0,0
8800.0,36.0,6.03,267.84,0.0,10.0,0.0,90000.0,0.0,0.0,8.68,12.0,0.0,10863.0,11.6,29.0,1.0,0.0,5.0,0.0,802.0,8.0,0.0977777777777777,0.4137931034482758,170.0,0.0,0.0,-1.0,0
25011.48046875,36.0,19.52,923.4088842773438,18.0,7.0,0.0,608496.1875,2.0,4.0,74.11569137573242,13.0,0.0,104010.2578125,108.02403411865234,18.0,1.0,0.0,2.0,0.0,662.0,8.0,0.04110379361394628,0.7222221949521233,157.0,0.0,0.0,-1.0,0
4800.0,36.0,15.22,166.92,12.0,3.0,0.0,85000.0,0.0,0.0,23.2,8.0,1.0,10819.0,71.2,11.0,1.0,0.0,0.0,1.0,672.0,8.0,0.0564705882352941,0.7272727272727273,64.0,0.015625,0.015625,1.0,0
20000.0,60.0,21.6,547.84,22.0,7.0,0.0,75000.0,1.0,0.0,20.35,16.0,0.0,19185.0,70.3,22.0,1.0,0.0,1.0,0.0,692.0,8.0,0.2666666666666666,0.7272727272727273,183.0,0.0,0.0,-1.0,0
10000.0,36.0,16.78,355.44,14.0,10.0,1.0,36000.0,1.0,0.0,9.5,6.0,0.0,15383.0,78.9,16.0,1.0,0.0,0.0,0.0,692.0,8.0,0.2777777777777778,0.375,199.0,0.0,0.0,-1.0,0
10375.0,36.0,17.56,372.8,15.0,7.0,1.0,60000.0,2.0,0.0,6.18,6.0,0.0,3999.0,37.4,10.0,1.0,0.0,0.0,0.0,697.0,8.0,0.1729166666666666,0.6,134.0,0.0,0.0,-1.0,0
12000.0,60.0,15.22,286.87,12.0,10.0,0.0,40000.0,2.0,0.0,16.36,14.0,0.0,38001.0,54.6,30.0,1.0,0.0,5.0,0.0,702.0,8.0,0.3,0.4666666666666667,158.0,0.0,0.0,-1.0,1
17500.0,60.0,23.5,498.38,25.0,0.0,1.0,78000.0,2.0,0.0,14.82,10.0,0.0,11460.0,84.9,39.0,1.0,0.0,2.0,0.0,682.0,8.0,0.2243589743589743,0.2564102564102564,202.0,0.0,0.0,-1.0,0
4800.0,36.0,15.88,168.47,13.0,2.0,0.0,45000.0,0.0,0.0,9.04,6.0,0.0,7705.0,83.7,14.0,1.0,0.0,0.0,0.0,712.0,8.0,0.1066666666666666,0.4285714285714285,166.0,0.0,0.0,-1.0,1
14000.0,60.0,15.88,339.57,13.0,10.0,1.0,73000.0,2.0,0.0,12.53,5.0,0.0,13467.0,58.0,12.0,1.0,0.0,1.0,0.0,662.0,8.0,0.1917808219178082,0.4166666666666667,131.0,0.0,0.0,-1.0,0
12000.0,36.0,9.71,385.58,5.0,10.0,0.0,50000.0,1.0,0.0,19.06,8.0,0.0,18444.0,66.3,18.0,0.0,0.0,4.0,0.0,712.0,8.0,0.24,0.4444444444444444,257.0,0.0,0.0,-1.0,0
18000.0,36.0,9.71,578.37,5.0,8.0,0.0,96000.0,0.0,2.0,8.18,11.0,0.0,7925.0,26.6,20.0,1.0,0.0,1.0,0.0,737.0,8.0,0.1875,0.55,64.0,0.0,0.0,-1.0,0
11100.0,36.0,12.35,370.54,8.0,10.0,1.0,32000.0,2.0,0.0,30.68,10.0,0.0,18514.0,58.6,12.0,1.0,0.0,0.0,0.0,682.0,8.0,0.346875,0.8333333333333334,142.0,0.0,0.0,-1.0,0
11100.0,36.0,17.56,398.85,15.0,6.0,0.0,57000.0,1.0,2.0,2.82,6.0,0.0,2503.0,47.2,7.0,1.0,0.0,0.0,0.0,717.0,8.0,0.1947368421052631,0.8571428571428571,51.0,0.0,0.0,-1.0,0
27000.0,60.0,23.5,768.92,25.0,10.0,1.0,85000.0,2.0,0.0,13.0,12.0,0.0,21871.0,85.8,14.0,0.0,0.0,0.0,0.0,667.0,8.0,0.3176470588235294,0.8571428571428571,179.0,0.0,0.0,-1.0,0
16000.0,36.0,9.71,514.1,5.0,6.0,1.0,45000.0,0.0,0.0,12.45,5.0,0.0,8578.0,68.6,8.0,1.0,0.0,0.0,0.0,707.0,8.0,0.3555555555555555,0.625,145.0,0.0,0.0,-1.0,0
10500.0,60.0,12.35,235.43,8.0,10.0,0.0,91000.0,1.0,2.0,14.04,6.0,0.0,63769.0,46.2,20.0,0.0,0.0,2.0,0.0,767.0,8.0,0.1153846153846153,0.3,230.0,0.0,0.0,-1.0,0
10000.0,36.0,16.78,355.44,14.0,9.0,1.0,67700.0,0.0,0.0,22.76,12.0,0.0,9975.0,73.9,15.0,1.0,0.0,0.0,0.0,692.0,8.0,0.1477104874446085,0.8,139.0,0.0,0.0,-1.0,0
21600.0,36.0,15.22,751.11,12.0,3.0,0.0,146000.0,2.0,4.0,6.01,6.0,2.0,26629.0,72.0,19.0,1.0,0.0,2.0,0.0,692.0,8.0,0.147945205479452,0.3157894736842105,310.0,0.0064516129032258,0.0,0.0,0
33425.0,60.0,21.15,907.09,21.0,1.0,0.0,75000.0,2.0,2.0,29.71,16.0,0.0,9393.0,42.3,34.0,1.0,0.0,2.0,0.0,702.0,8.0,0.4456666666666666,0.4705882352941176,279.0,0.0,0.0,-1.0,0
12000.0,36.0,9.71,385.58,5.0,10.0,0.0,70000.0,2.0,0.0,17.71,7.0,0.0,7195.0,35.4,22.0,1.0,0.0,2.0,0.0,692.0,8.0,0.1714285714285714,0.3181818181818182,122.0,0.0,0.0,-1.0,0
18000.0,36.0,9.71,578.37,5.0,7.0,0.0,160000.0,0.0,0.0,10.83,13.0,0.0,22173.0,61.3,18.0,1.0,0.0,1.0,0.0,712.0,8.0,0.1125,0.7222222222222222,141.0,0.0,0.0,-1.0,0
15000.0,60.0,15.61,361.67,12.0,10.0,0.0,75000.0,1.0,4.0,14.93,11.0,0.0,15648.0,61.1,24.0,0.0,0.0,4.0,0.0,662.0,9.0,0.2,0.4583333333333333,189.0,0.0,0.0,-1.0,0
7750.0,36.0,9.99,250.04,5.0,4.0,0.0,62000.0,0.0,0.0,6.2,12.0,1.0,3165.0,42.8,19.0,0.0,0.0,1.0,1.0,667.0,9.0,0.125,0.631578947368421,213.0,0.0046948356807511,0.0046948356807511,1.0,0
1000.0,36.0,19.2,36.76,17.0,4.0,1.0,44000.0,0.0,7.0,17.92,7.0,0.0,9516.0,91.5,23.0,0.0,0.0,0.0,0.0,707.0,9.0,0.0227272727272727,0.3043478260869565,356.0,0.0,0.0,-1.0,0
35000.0,60.0,23.7,1000.8,25.0,0.0,0.0,110000.0,1.0,0.0,19.53,18.0,0.0,13794.0,88.4,45.0,0.0,0.0,2.0,0.0,692.0,9.0,0.3181818181818182,0.4,145.0,0.0,0.0,-1.0,0
6000.0,36.0,14.3,205.95,10.0,3.0,1.0,34000.0,1.0,4.0,28.8,11.0,1.0,7876.0,56.3,17.0,0.0,0.0,3.0,1.0,667.0,9.0,0.1764705882352941,0.6470588235294118,76.0,0.0131578947368421,0.0131578947368421,1.0,0
15000.0,36.0,17.76,540.49,15.0,10.0,0.0,51965.72,1.0,0.0,29.0,16.0,0.0,14182.0,69.9,43.0,1.0,0.0,5.0,0.0,667.0,9.0,0.2886518266272458,0.3720930232558139,235.0,0.0,0.0,-1.0,0
30000.0,36.0,17.76,1080.97,15.0,7.0,0.0,80000.0,2.0,0.0,31.86,9.0,0.0,16407.0,98.2,17.0,1.0,0.0,3.0,0.0,677.0,9.0,0.375,0.5294117647058824,164.0,0.0,0.0,-1.0,0
6500.0,36.0,17.1,232.07,14.0,10.0,1.0,41000.0,0.0,0.0,28.86,9.0,0.0,5842.0,36.7,17.0,1.0,0.0,2.0,0.0,677.0,9.0,0.1585365853658536,0.5294117647058824,208.0,0.0,0.0,-1.0,0
12000.0,36.0,10.99,392.81,6.0,10.0,0.0,75000.0,1.0,4.0,28.25,16.0,0.0,13937.0,54.7,36.0,0.0,0.0,4.0,0.0,677.0,9.0,0.16,0.4444444444444444,172.0,0.0,0.0,-1.0,0
10000.0,36.0,9.25,319.17,4.0,5.0,2.0,42901.0,0.0,0.0,28.08,10.0,0.0,3143.0,24.6,27.0,1.0,0.0,0.0,0.0,772.0,9.0,0.2330947996550197,0.3703703703703703,193.0,0.0,0.0,-1.0,0
15000.0,36.0,22.4,575.97,22.0,7.0,1.0,80000.0,2.0,0.0,14.52,7.0,1.0,8044.0,78.9,27.0,1.0,0.0,0.0,1.0,667.0,9.0,0.1875,0.2592592592592592,261.0,0.003831417624521,0.003831417624521,1.0,1
15000.0,60.0,16.2,366.37,13.0,6.0,0.0,66150.0,1.0,0.0,26.96,14.0,0.0,24882.0,85.5,25.0,0.0,0.0,1.0,0.0,672.0,9.0,0.2267573696145124,0.56,261.0,0.0,0.0,-1.0,0
24250.0,60.0,15.61,584.7,12.0,7.0,0.0,85000.0,2.0,0.0,10.45,9.0,0.0,9086.0,72.1,16.0,0.0,0.0,2.0,0.0,702.0,9.0,0.2852941176470588,0.5625,131.0,0.0,0.0,-1.0,0
19000.0,60.0,9.25,396.72,4.0,10.0,1.0,85000.0,1.0,0.0,16.2,9.0,0.0,12641.0,74.9,25.0,1.0,0.0,3.0,0.0,737.0,9.0,0.2235294117647059,0.36,126.0,0.0,0.0,-1.0,1
13000.0,36.0,17.1,464.14,14.0,8.0,1.0,54000.0,2.0,0.0,13.0,12.0,0.0,7922.0,59.6,16.0,1.0,0.0,0.0,0.0,707.0,9.0,0.2407407407407407,0.75,187.0,0.0,0.0,-1.0,1
35000.0,36.0,17.76,1261.13,15.0,10.0,0.0,105000.0,1.0,0.0,12.01,10.0,0.0,38037.0,70.6,31.0,1.0,0.0,3.0,0.0,667.0,9.0,0.3333333333333333,0.3225806451612903,180.0,0.0,0.0,-1.0,0
10000.0,60.0,24.08,288.15,26.0,3.0,1.0,55000.0,1.0,4.0,14.81,11.0,0.0,5481.0,68.2,27.0,1.0,0.0,0.0,0.0,667.0,9.0,0.1818181818181818,0.4074074074074074,209.0,0.0,0.0,-1.0,0
7975.0,36.0,9.25,254.54,4.0,10.0,1.0,42000.0,2.0,0.0,17.34,3.0,0.0,7988.0,61.4,10.0,0.0,0.0,0.0,0.0,737.0,9.0,0.1898809523809523,0.3,165.0,0.0,0.0,-1.0,0
10000.0,36.0,9.99,322.63,5.0,5.0,0.0,70000.0,0.0,0.0,12.87,8.0,0.0,11243.0,76.5,18.0,1.0,0.0,3.0,0.0,712.0,9.0,0.1428571428571428,0.4444444444444444,126.0,0.0,0.0,-1.0,0
18000.0,36.0,11.99,597.78,7.0,10.0,1.0,60000.0,2.0,0.0,17.62,19.0,0.0,33424.0,61.6,38.0,0.0,0.0,0.0,0.0,667.0,9.0,0.3,0.5,220.0,0.0,0.0,-1.0,0
10276.744140625,36.0,11.99,341.2864624023438,7.0,9.0,2.0,560366.1875,1.0,0.0,49.95047393798828,7.0,0.0,123601.2421875,42.191952514648435,14.0,1.0,0.0,2.0,0.0,672.0,9.0,0.018339330951372718,0.4999999872275761,138.0,0.0,0.0,-1.0,1
5500.0,36.0,12.99,185.3,8.0,10.0,1.0,35000.0,1.0,4.0,11.83,9.0,0.0,7070.0,60.9,14.0,1.0,0.0,0.0,0.0,677.0,9.0,0.1571428571428571,0.6428571428571429,145.0,0.0,0.0,-1.0,0
12000.0,36.0,12.99,404.27,8.0,0.0,1.0,67000.0,2.0,0.0,12.32,5.0,0.0,6183.0,83.6,26.0,1.0,0.0,0.0,0.0,687.0,9.0,0.1791044776119403,0.1923076923076923,123.0,0.0,0.0,-1.0,0
35000.0,60.0,16.2,854.86,13.0,10.0,0.0,90000.0,1.0,0.0,17.16,19.0,0.0,25865.0,31.2,43.0,1.0,0.0,4.0,0.0,727.0,9.0,0.3888888888888889,0.4418604651162791,247.0,0.0,0.0,-1.0,0
9450.0,36.0,15.61,330.42,12.0,2.0,1.0,65000.0,1.0,0.0,17.98,20.0,0.0,7890.0,62.6,35.0,1.0,0.0,0.0,0.0,707.0,9.0,0.1453846153846154,0.5714285714285714,142.0,0.0,0.0,-1.0,0
15000.0,36.0,9.99,483.94,5.0,2.0,1.0,70000.0,0.0,4.0,21.61,27.0,0.0,22305.0,35.3,47.0,1.0,0.0,0.0,0.0,682.0,9.0,0.2142857142857142,0.574468085106383,165.0,0.0,0.0,-1.0,0
10000.0,36.0,14.3,343.24,10.0,6.0,1.0,79000.0,0.0,0.0,21.17,11.0,1.0,9817.0,39.7,23.0,1.0,0.0,0.0,1.0,672.0,9.0,0.1265822784810126,0.4782608695652174,202.0,0.0049504950495049,0.0049504950495049,1.0,0
20000.0,36.0,10.99,654.68,6.0,10.0,0.0,89000.0,2.0,0.0,14.1,15.0,0.0,39128.0,54.0,33.0,1.0,0.0,0.0,0.0,697.0,9.0,0.2247191011235955,0.4545454545454545,271.0,0.0,0.0,-1.0,0
6500.0,36.0,15.61,227.28,12.0,2.0,0.0,28650.0,0.0,0.0,15.75,18.0,0.0,10670.0,61.3,40.0,1.0,0.0,2.0,0.0,662.0,9.0,0.2268760907504363,0.45,158.0,0.0,0.0,-1.0,0
19995.470703125,36.0,24.08,785.3218383789062,26.0,2.0,1.0,51001.84375,2.0,0.0,13.169184951782226,23.0,0.0,15310.2119140625,48.44858856201172,40.0,1.0,0.0,0.0,0.0,672.0,9.0,144.87542701835062,0.575,140.0,0.0,0.0,-1.0,0
9600.0,36.0,12.99,323.42,8.0,3.0,1.0,68000.0,1.0,4.0,14.45,12.0,0.0,20866.0,41.1,22.0,1.0,0.0,0.0,0.0,707.0,9.0,0.1411764705882353,0.5454545454545454,166.0,0.0,0.0,-1.0,0
3500.0,60.0,24.5,101.71,27.0,10.0,2.0,51000.0,2.0,5.0,11.25,6.0,0.0,5707.0,89.2,21.0,1.0,0.0,1.0,0.0,662.0,9.0,0.0686274509803921,0.2857142857142857,154.0,0.0,0.0,-1.0,0
19200.0,36.0,12.99,646.84,8.0,5.0,1.0,45000.0,0.0,0.0,22.53,5.0,0.0,12157.0,86.2,23.0,1.0,0.0,2.0,0.0,677.0,9.0,0.4266666666666667,0.217391304347826,214.0,0.0,0.0,-1.0,0
20000.0,36.0,6.97,617.27,1.0,4.0,1.0,99950.0,1.0,0.0,6.37,6.0,0.0,13454.0,22.5,24.0,0.0,0.0,4.0,0.0,752.0,9.0,0.2001000500250125,0.25,210.0,0.0,0.0,-1.0,0
10000.0,36.0,11.99,332.1,7.0,9.0,1.0,78500.0,2.0,4.0,8.61,7.0,0.0,14893.0,61.5,21.0,0.0,0.0,0.0,0.0,677.0,9.0,0.1273885350318471,0.3333333333333333,126.0,0.0,0.0,-1.0,0
15000.0,36.0,7.62,467.43,2.0,3.0,0.0,145000.0,0.0,4.0,7.25,9.0,0.0,29808.0,44.2,16.0,1.0,0.0,1.0,0.0,717.0,9.0,0.1034482758620689,0.5625,120.0,0.0,0.0,-1.0,0
28000.0,36.0,19.52,1033.75,18.0,5.0,1.0,108500.0,1.0,0.0,16.12,12.0,0.0,17591.0,59.8,32.0,1.0,0.0,0.0,0.0,682.0,9.0,0.2580645161290322,0.375,269.0,0.0,0.0,-1.0,0
14000.0,36.0,15.1,486.01,11.0,2.0,2.0,50000.0,1.0,4.0,24.89,6.0,0.0,14829.0,53.3,21.0,1.0,0.0,0.0,0.0,672.0,9.0,0.28,0.2857142857142857,234.0,0.0,0.0,-1.0,0
2000.0,36.0,15.1,69.43,11.0,6.0,0.0,85000.0,0.0,2.0,20.76,13.0,0.0,9949.0,58.9,36.0,1.0,0.0,1.0,0.0,712.0,9.0,0.0235294117647058,0.3611111111111111,181.0,0.0,0.0,-1.0,0
15000.0,36.0,9.25,478.75,4.0,10.0,0.0,90000.0,1.0,0.0,5.93,13.0,0.0,14977.0,46.2,29.0,0.0,0.0,7.0,0.0,682.0,9.0,0.1666666666666666,0.4482758620689655,334.0,0.0,0.0,-1.0,0
20800.0,36.0,6.03,633.06,0.0,1.0,1.0,130000.0,1.0,0.0,12.8,18.0,0.0,31417.0,30.4,35.0,0.0,0.0,4.0,0.0,752.0,9.0,0.16,0.5142857142857142,213.0,0.0,0.0,-1.0,0
6000.0,60.0,24.5,174.36,27.0,2.0,1.0,45000.0,1.0,9.0,11.52,4.0,0.0,3787.0,86.1,21.0,1.0,0.0,0.0,0.0,662.0,9.0,0.1333333333333333,0.1904761904761904,101.0,0.0,0.0,-1.0,0
12000.0,36.0,9.25,383.0,4.0,10.0,0.0,70000.0,1.0,0.0,23.31,18.0,0.0,26372.0,32.0,39.0,1.0,0.0,6.0,0.0,742.0,9.0,0.1714285714285714,0.4615384615384615,180.0,0.0,0.0,-1.0,0
24000.0,36.0,11.99,797.03,7.0,7.0,0.0,165000.0,1.0,2.0,9.54,11.0,0.0,8415.0,59.3,32.0,1.0,0.0,4.0,0.0,702.0,9.0,0.1454545454545454,0.34375,176.0,0.0,0.0,-1.0,0
5000.0,36.0,6.03,152.18,0.0,5.0,0.0,45000.0,2.0,4.0,15.18,20.0,0.0,3592.0,21.9,31.0,1.0,0.0,1.0,0.0,767.0,9.0,0.1111111111111111,0.6451612903225806,132.0,0.0,0.0,-1.0,0
33423.61328125,36.0,14.3,1147.221904296875,10.0,2.0,0.0,65459.45703125,2.0,0.0,26.442124710083007,20.0,0.0,12608.955078125,45.43565979003906,40.0,1.0,0.0,1.0,0.0,697.0,9.0,0.5106002051035563,0.5,141.0,0.0,0.0,-1.0,0
28000.0,36.0,7.62,872.52,2.0,10.0,0.0,150000.0,2.0,0.0,5.82,10.0,0.0,24492.0,57.9,24.0,1.0,0.0,4.0,0.0,732.0,9.0,0.1866666666666666,0.4166666666666667,388.0,0.0,0.0,-1.0,0
18000.0,36.0,9.99,580.73,5.0,10.0,0.0,125000.0,0.0,0.0,7.24,8.0,0.0,6917.0,76.9,16.0,1.0,0.0,2.0,0.0,687.0,9.0,0.144,0.5,151.0,0.0,0.0,-1.0,0
2000.0,36.0,20.2,74.54,19.0,0.0,1.0,33000.0,0.0,10.0,28.14,14.0,0.0,10500.0,81.4,21.0,1.0,0.0,0.0,0.0,697.0,9.0,0.0606060606060606,0.6666666666666666,131.0,0.0,0.0,-1.0,0
5375.0,36.0,14.3,184.49,10.0,10.0,0.0,30000.0,2.0,2.0,12.36,9.0,0.0,4179.0,30.5,16.0,1.0,0.0,3.0,0.0,662.0,9.0,0.1791666666666666,0.5625,118.0,0.0,0.0,-1.0,0
20500.0,60.0,23.1,579.09,23.0,10.0,1.0,55000.0,1.0,0.0,12.55,6.0,0.0,3405.0,37.8,15.0,1.0,0.0,0.0,0.0,682.0,9.0,0.3727272727272727,0.4,83.0,0.0,0.0,-1.0,1
21000.0,36.0,14.3,720.8,10.0,10.0,0.0,130000.0,2.0,0.0,30.84,14.0,0.0,18383.0,52.4,27.0,1.0,0.0,4.0,0.0,692.0,9.0,0.1615384615384615,0.5185185185185185,202.0,0.0,0.0,-1.0,1
18000.0,36.0,11.99,597.78,7.0,5.0,0.0,40000.0,2.0,0.0,29.88,7.0,0.0,5509.0,44.1,22.0,1.0,0.0,0.0,0.0,692.0,9.0,0.45,0.3181818181818182,191.0,0.0,0.0,-1.0,1
17000.0,36.0,13.67,578.3,9.0,3.0,2.0,55000.0,0.0,0.0,18.33,15.0,0.0,20020.0,43.8,29.0,1.0,0.0,0.0,0.0,687.0,9.0,0.3090909090909091,0.5172413793103449,107.0,0.0,0.0,-1.0,1
6250.0,36.0,19.52,230.75,18.0,6.0,1.0,36000.0,0.0,0.0,7.3,4.0,0.0,3835.0,73.7,16.0,1.0,0.0,0.0,0.0,672.0,9.0,0.1736111111111111,0.25,165.0,0.0,0.0,-1.0,0
25000.0,36.0,18.55,910.73,16.0,0.0,1.0,76000.0,1.0,0.0,23.25,17.0,0.0,24641.0,68.8,18.0,1.0,0.0,0.0,0.0,682.0,9.0,0.3289473684210526,0.9444444444444444,302.0,0.0,0.0,-1.0,0
20000.0,36.0,7.9,625.81,3.0,10.0,1.0,65000.0,1.0,0.0,29.45,22.0,0.0,22675.0,33.8,49.0,1.0,0.0,0.0,0.0,712.0,10.0,0.3076923076923077,0.4489795918367347,195.0,0.0,0.0,-1.0,1
2800.0,36.0,21.0,105.5,20.0,10.0,1.0,75000.0,0.0,5.0,14.53,8.0,0.0,9882.0,89.0,11.0,1.0,0.0,0.0,0.0,707.0,10.0,0.0373333333333333,0.7272727272727273,226.0,0.0,0.0,-1.0,0
26375.0,36.0,16.2,929.88,13.0,10.0,0.0,80000.0,1.0,0.0,9.83,11.0,0.0,12166.0,84.5,20.0,0.0,0.0,2.0,0.0,692.0,10.0,0.3296875,0.55,340.0,0.0,0.0,-1.0,0
10000.0,60.0,24.08,288.15,26.0,3.0,1.0,30000.0,2.0,0.0,4.48,7.0,0.0,4898.0,22.9,21.0,1.0,0.0,0.0,0.0,747.0,10.0,0.3333333333333333,0.3333333333333333,121.0,0.0,0.0,-1.0,1
22750.0,36.0,13.67,773.9,9.0,0.0,0.0,52000.0,2.0,4.0,32.47,11.0,0.0,15557.0,63.8,31.0,1.0,0.0,3.0,0.0,697.0,10.0,0.4375,0.3548387096774194,339.0,0.0,0.0,-1.0,0
20000.0,60.0,15.1,476.85,11.0,3.0,0.0,70000.0,2.0,0.0,14.23,8.0,0.0,28519.0,82.2,18.0,1.0,0.0,2.0,0.0,717.0,10.0,0.2857142857142857,0.4444444444444444,185.0,0.0,0.0,-1.0,0
15000.0,36.0,17.76,540.49,15.0,2.0,1.0,75000.0,1.0,0.0,18.91,16.0,0.0,16149.0,86.4,21.0,1.0,0.0,0.0,0.0,667.0,10.0,0.2,0.7619047619047619,204.0,0.0,0.0,-1.0,0
13000.0,36.0,13.67,442.23,9.0,10.0,1.0,62000.0,1.0,0.0,5.95,6.0,0.0,11137.0,92.0,7.0,0.0,0.0,0.0,0.0,687.0,10.0,0.2096774193548387,0.8571428571428571,83.0,0.0,0.0,-1.0,1
6625.0,36.0,17.1,236.53,14.0,4.0,1.0,50000.0,2.0,0.0,24.58,6.0,0.0,2980.0,66.2,30.0,1.0,0.0,0.0,0.0,722.0,10.0,0.1325,0.2,191.0,0.0,0.0,-1.0,0
22250.0,60.0,17.1,554.17,14.0,10.0,0.0,50004.56,2.0,0.0,34.73,14.0,0.0,5972.0,50.6,35.0,1.0,0.0,2.0,0.0,692.0,10.0,0.4449594197009233,0.4,265.0,0.0,0.0,-1.0,1
14175.0,36.0,9.99,457.33,5.0,10.0,0.0,52214.0,2.0,4.0,22.22,5.0,0.0,17549.0,76.3,15.0,1.0,0.0,2.0,0.0,777.0,10.0,0.2714789137013061,0.3333333333333333,279.0,0.0,0.0,-1.0,0
11500.0,36.0,13.67,391.21,9.0,7.0,0.0,50000.0,2.0,4.0,32.16,15.0,0.0,12901.0,56.1,16.0,1.0,0.0,0.0,0.0,697.0,10.0,0.23,0.9375,432.0,0.0,0.0,-1.0,0
19157.19921875,36.0,10.99,627.089111328125,6.0,10.0,0.0,459038.90625,0.0,0.0,43.55246749877929,12.0,0.0,75799.3046875,84.28848724365234,30.0,0.0,0.0,3.0,0.0,667.0,10.0,0.04173328340053559,0.39999999260080266,318.0,0.0,0.0,-1.0,0
20000.0,36.0,7.9,625.81,3.0,7.0,0.0,63648.0,2.0,4.0,12.68,18.0,0.0,17257.0,48.5,40.0,0.0,0.0,3.0,0.0,712.0,10.0,0.314228255404726,0.45,187.0,0.0,0.0,-1.0,0
5000.0,36.0,15.61,174.83,12.0,10.0,0.0,80000.0,0.0,0.0,21.05,10.0,0.0,16133.0,84.0,21.0,1.0,0.0,0.0,0.0,682.0,10.0,0.0625,0.4761904761904761,301.0,0.0,0.0,-1.0,0
14705.447265625,36.0,17.1,525.020322265625,14.0,10.0,0.0,184188.0625,1.0,0.0,19.87314353942871,7.0,0.0,36498.03125,79.19622497558593,19.0,1.0,0.0,0.0,0.0,687.0,10.0,0.07983931858797327,0.3684210479259491,211.0,0.0,0.0,-1.0,0
20406.5703125,36.0,7.9,638.5267163085938,3.0,2.0,1.0,131130.15625,1.0,0.0,28.982598571777345,21.0,0.0,6535.142578125,79.00957336425782,39.0,0.0,0.0,0.0,0.0,682.0,10.0,0.15562071126440297,0.5384615384615384,195.0,0.0,0.0,-1.0,0
10500.0,36.0,9.67,337.19,5.0,8.0,1.0,70000.0,0.0,0.0,15.1,10.0,0.0,11222.0,53.2,26.0,0.0,0.0,0.0,0.0,697.0,10.0,0.15,0.3846153846153846,284.0,0.0,0.0,-1.0,0
35000.0,60.0,19.2,911.78,17.0,10.0,0.0,102000.0,2.0,0.0,20.87,17.0,0.0,17674.0,70.1,29.0,1.0,0.0,3.0,0.0,682.0,10.0,0.3431372549019608,0.5862068965517241,171.0,0.0,0.0,-1.0,1
14000.0,36.0,9.67,449.58,5.0,3.0,0.0,52055.0,0.0,4.0,11.57,11.0,1.0,9575.0,29.6,16.0,1.0,0.0,1.0,1.0,707.0,10.0,0.2689463067908942,0.6875,105.0,0.0095238095238095,0.0095238095238095,1.0,0
15639.30078125,36.0,13.67,532.0120556640625,9.0,3.0,0.0,262225.75,0.0,0.0,62.858100738525394,12.0,1.0,266349.75,105.92583465576172,23.0,0.0,0.0,4.0,1.0,692.0,10.0,0.05964060008525848,0.52173912525177,221.0,0.004524886877828,0.004524886877828,1.0,0
34919.41015625,60.0,19.2,909.6748364257812,17.0,10.0,0.0,253974.109375,2.0,0.0,34.55894866943359,9.0,0.0,51854.0390625,41.64172515869141,20.0,1.0,0.0,3.0,0.0,707.0,10.0,0.13749200576230097,0.45,221.0,0.0,0.0,-1.0,0
20000.0,36.0,7.62,623.23,2.0,2.0,1.0,125000.0,2.0,3.0,7.84,6.0,0.0,3371.0,28.1,11.0,1.0,0.0,0.0,0.0,722.0,10.0,0.16,0.5454545454545454,98.0,0.0,0.0,-1.0,0
6000.0,36.0,12.99,202.14,8.0,8.0,0.0,60000.0,1.0,4.0,34.56,12.0,0.0,8682.0,56.4,46.0,1.0,0.0,1.0,0.0,672.0,10.0,0.1,0.2608695652173913,124.0,0.0,0.0,-1.0,1
35000.0,36.0,14.3,1201.33,10.0,10.0,0.0,150000.0,1.0,0.0,15.99,10.0,0.0,33143.0,78.2,26.0,1.0,0.0,7.0,0.0,672.0,10.0,0.2333333333333333,0.3846153846153846,236.0,0.0,0.0,-1.0,1
25450.0,36.0,9.67,817.27,5.0,2.0,0.0,100356.0,2.0,0.0,26.17,12.0,0.0,21717.0,33.1,48.0,1.0,0.0,4.0,0.0,747.0,10.0,0.2535971939893977,0.25,254.0,0.0,0.0,-1.0,0
11250.0,36.0,17.76,405.37,15.0,4.0,1.0,55000.0,0.0,0.0,9.43,5.0,0.0,6754.0,88.9,12.0,0.0,0.0,2.0,0.0,662.0,10.0,0.2045454545454545,0.4166666666666667,215.0,0.0,0.0,-1.0,1
11400.0,36.0,13.67,387.81,9.0,3.0,0.0,80000.0,0.0,4.0,4.89,9.0,1.0,9792.0,56.3,15.0,1.0,0.0,1.0,1.0,702.0,10.0,0.1425,0.6,192.0,0.0052083333333333,0.0052083333333333,1.0,0
3000.0,36.0,17.76,108.1,15.0,2.0,0.0,91000.0,1.0,0.0,28.67,21.0,0.0,35461.0,50.4,54.0,0.0,0.0,4.0,0.0,677.0,10.0,0.0329670329670329,0.3888888888888889,183.0,0.0,0.0,-1.0,1
12000.0,60.0,23.4,341.05,24.0,3.0,2.0,65000.0,2.0,0.0,9.34,10.0,0.0,13899.0,54.5,11.0,0.0,0.0,0.0,0.0,682.0,10.0,0.1846153846153846,0.9090909090909092,100.0,0.0,0.0,-1.0,0
15000.0,36.0,11.99,498.15,7.0,10.0,0.0,80000.0,1.0,0.0,16.4,13.0,0.0,21528.0,59.0,33.0,1.0,0.0,5.0,0.0,702.0,10.0,0.1875,0.3939393939393939,333.0,0.0,0.0,-1.0,0
18000.0,36.0,20.2,670.79,19.0,2.0,1.0,50000.0,0.0,5.0,25.9,28.0,0.0,26797.0,79.3,40.0,1.0,0.0,0.0,0.0,677.0,10.0,0.36,0.7,150.0,0.0,0.0,-1.0,0
6650.0,36.0,18.55,242.26,16.0,1.0,1.0,25000.0,0.0,0.0,5.42,5.0,0.0,2792.0,51.7,12.0,1.0,0.0,0.0,0.0,667.0,10.0,0.266,0.4166666666666667,90.0,0.0,0.0,-1.0,0
12029.2724609375,36.0,11.99,399.48725463867186,7.0,1.0,0.0,256594.15625,0.0,4.0,38.214112243652345,9.0,0.0,175221.734375,45.612937927246094,16.0,1.0,0.0,3.0,0.0,717.0,10.0,0.0468805468082428,0.5624999761581421,341.0,0.0,0.0,-1.0,0
13000.0,36.0,12.99,437.96,8.0,10.0,0.0,45500.0,2.0,4.0,26.19,7.0,0.0,27990.0,69.8,24.0,1.0,0.0,5.0,0.0,692.0,10.0,0.2857142857142857,0.2916666666666667,255.0,0.0,0.0,-1.0,0
11500.0,60.0,18.55,295.48,16.0,9.0,2.0,56160.0,2.0,4.0,13.59,6.0,0.0,8324.0,96.8,8.0,1.0,0.0,0.0,0.0,667.0,10.0,0.2047720797720797,0.75,52.0,0.0,0.0,-1.0,0
18506.830078125,36.0,7.9,579.0833764648437,3.0,10.0,0.0,910064.4375,1.0,4.0,38.849852294921874,15.0,0.0,1455.283203125,57.33789978027344,31.0,1.0,0.0,2.0,0.0,732.0,10.0,0.02033574675641825,0.4838709533214569,507.0,0.0,0.0,-1.0,0
10000.0,36.0,12.99,336.9,8.0,1.0,1.0,60000.0,0.0,0.0,6.44,7.0,0.0,12082.0,77.9,18.0,1.0,0.0,0.0,0.0,672.0,10.0,0.1666666666666666,0.3888888888888889,110.0,0.0,0.0,-1.0,0
6025.0,36.0,6.03,183.38,0.0,1.0,0.0,37500.0,2.0,4.0,19.33,8.0,0.0,7014.0,47.4,24.0,0.0,0.0,2.0,0.0,722.0,10.0,0.1606666666666666,0.3333333333333333,99.0,0.0,0.0,-1.0,0
10375.0,36.0,15.1,360.17,11.0,1.0,1.0,30225.0,2.0,4.0,34.27,15.0,0.0,11517.0,72.0,26.0,0.0,0.0,0.0,0.0,682.0,10.0,0.3432588916459884,0.5769230769230769,85.0,0.0,0.0,-1.0,0
21000.0,36.0,8.9,666.82,4.0,5.0,1.0,95000.0,1.0,0.0,14.22,7.0,0.0,27545.0,62.7,19.0,1.0,0.0,4.0,0.0,692.0,10.0,0.2210526315789473,0.3684210526315789,234.0,0.0,0.0,-1.0,0
34000.0,36.0,7.9,1063.87,3.0,7.0,1.0,90000.0,2.0,0.0,15.14,6.0,0.0,14318.0,50.1,15.0,1.0,0.0,0.0,0.0,792.0,10.0,0.3777777777777777,0.4,119.0,0.0,0.0,-1.0,0
3410.193115234375,36.0,15.1,118.38223114013672,11.0,6.0,2.0,847833.5,0.0,4.0,36.93953964233398,9.0,0.0,31158.7890625,52.71864624023438,20.0,0.0,0.0,1.0,0.0,682.0,10.0,0.004022245747702449,0.4499999789091257,112.0,0.0,0.0,-1.0,0
32350.0,60.0,19.2,842.75,17.0,10.0,0.0,79500.0,2.0,0.0,16.11,16.0,0.0,13241.0,45.3,32.0,1.0,0.0,7.0,0.0,727.0,10.0,0.4069182389937107,0.5,188.0,0.0,0.0,-1.0,0
11000.0,60.0,17.1,273.98,14.0,10.0,1.0,55000.0,1.0,0.0,19.81,7.0,2.0,8756.0,67.9,10.0,1.0,0.0,0.0,1.0,677.0,10.0,0.2,0.7,170.0,0.0117647058823529,0.0058823529411764,0.5,1
6000.0,36.0,23.4,233.52,24.0,9.0,2.0,36000.0,0.0,0.0,19.53,10.0,0.0,20858.0,86.9,13.0,0.0,0.0,0.0,0.0,682.0,10.0,0.1666666666666666,0.7692307692307693,156.0,0.0,0.0,-1.0,0
11500.0,36.0,13.67,391.21,9.0,7.0,1.0,35000.0,2.0,0.0,19.31,13.0,0.0,11423.0,31.7,37.0,1.0,0.0,0.0,0.0,717.0,10.0,0.3285714285714285,0.3513513513513513,306.0,0.0,0.0,-1.0,0
6000.0,36.0,6.03,182.62,0.0,2.0,2.0,120000.0,0.0,4.0,11.32,18.0,1.0,3786.0,34.1,28.0,0.0,0.0,0.0,1.0,747.0,10.0,0.05,0.6428571428571429,150.0,0.0066666666666666,0.0066666666666666,1.0,0
29175.0,36.0,18.55,1062.82,16.0,10.0,0.0,97640.0,1.0,0.0,13.82,14.0,0.0,13203.0,62.6,34.0,0.0,0.0,4.0,0.0,672.0,10.0,0.2988017206063089,0.4117647058823529,171.0,0.0,0.0,-1.0,0
23000.0,60.0,15.61,554.57,12.0,10.0,0.0,101000.0,1.0,4.0,16.97,8.0,0.0,22231.0,90.0,15.0,1.0,0.0,5.0,0.0,712.0,10.0,0.2277227722772277,0.5333333333333333,263.0,0.0,0.0,-1.0,0
14000.0,60.0,17.1,348.69,14.0,6.0,2.0,59000.0,1.0,4.0,20.57,11.0,2.0,15264.0,69.4,19.0,1.0,0.0,0.0,1.0,672.0,10.0,0.2372881355932203,0.5789473684210527,249.0,0.0080321285140562,0.0040160642570281,0.5,0
5375.0,36.0,13.67,182.85,9.0,10.0,0.0,50000.0,0.0,5.0,12.46,5.0,1.0,10237.0,66.9,14.0,1.0,0.0,2.0,1.0,707.0,10.0,0.1075,0.3571428571428571,233.0,0.0042918454935622,0.0042918454935622,1.0,0
14000.0,60.0,18.55,359.72,16.0,9.0,1.0,78000.0,1.0,0.0,21.14,11.0,0.0,21128.0,80.3,28.0,0.0,0.0,0.0,0.0,672.0,10.0,0.1794871794871795,0.3928571428571428,119.0,0.0,0.0,-1.0,0
19750.0,60.0,15.1,470.89,11.0,10.0,0.0,43908.0,2.0,4.0,26.76,14.0,0.0,19779.0,33.8,32.0,1.0,0.0,4.0,0.0,722.0,10.0,0.4498041359205612,0.4375,235.0,0.0,0.0,-1.0,0
30060.564453125,60.0,19.2,783.1028149414062,17.0,10.0,0.0,485237.5625,2.0,4.0,50.48653800964355,22.0,0.0,107295.8984375,59.05532531738281,43.0,1.0,0.0,5.0,0.0,712.0,10.0,0.06195018688837689,0.5116278958875079,276.0,0.0,0.0,-1.0,1
14000.0,60.0,17.76,353.69,15.0,10.0,0.0,38000.0,1.0,4.0,30.13,19.0,0.0,8366.0,33.3,30.0,0.0,0.0,2.0,0.0,687.0,10.0,0.3684210526315789,0.6333333333333333,141.0,0.0,0.0,-1.0,1
20000.0,36.0,11.99,664.2,7.0,8.0,0.0,58000.0,2.0,0.0,25.16,10.0,0.0,20830.0,81.4,29.0,0.0,0.0,2.0,0.0,707.0,10.0,0.3448275862068966,0.3448275862068966,178.0,0.0,0.0,-1.0,0
30000.0,36.0,12.99,1010.68,8.0,8.0,0.0,225000.0,2.0,0.0,9.23,13.0,0.0,26533.0,70.4,23.0,1.0,0.0,5.0,0.0,717.0,10.0,0.1333333333333333,0.5652173913043478,125.0,0.0,0.0,-1.0,0
2400.0,36.0,12.99,80.86,8.0,8.0,1.0,40000.0,0.0,2.0,8.43,12.0,1.0,1233.0,9.8,22.0,0.0,0.0,0.0,1.0,747.0,10.0,0.06,0.5454545454545454,189.0,0.0052910052910052,0.0052910052910052,1.0,0
30000.0,36.0,19.52,1107.59,18.0,10.0,0.0,154000.0,2.0,0.0,10.0,10.0,0.0,6406.0,47.8,21.0,1.0,0.0,3.0,0.0,712.0,10.0,0.1948051948051948,0.4761904761904761,216.0,0.0,0.0,-1.0,0
24000.0,36.0,7.9,750.97,3.0,10.0,0.0,150000.0,1.0,0.0,16.34,20.0,0.0,40411.0,62.6,48.0,1.0,0.0,5.0,0.0,717.0,11.0,0.16,0.4166666666666667,153.0,0.0,0.0,-1.0,0
8400.0,36.0,10.99,274.97,6.0,0.0,2.0,85000.0,2.0,0.0,24.94,19.0,0.0,5159.0,15.8,29.0,1.0,0.0,0.0,0.0,722.0,11.0,0.0988235294117647,0.6551724137931034,179.0,0.0,0.0,-1.0,0
8500.0,36.0,7.9,265.97,3.0,10.0,0.0,147000.0,0.0,4.0,10.55,11.0,0.0,13304.0,34.3,19.0,0.0,0.0,1.0,0.0,747.0,11.0,0.0578231292517006,0.5789473684210527,125.0,0.0,0.0,-1.0,0
4000.0,36.0,12.85,134.49,8.0,8.0,0.0,29000.0,0.0,0.0,23.22,5.0,0.0,4815.0,70.8,6.0,1.0,0.0,0.0,0.0,672.0,11.0,0.1379310344827586,0.8333333333333334,77.0,0.0,0.0,-1.0,0
15000.0,36.0,7.9,469.36,3.0,9.0,2.0,80000.0,2.0,3.0,20.61,7.0,0.0,10754.0,78.5,20.0,0.0,0.0,0.0,0.0,717.0,11.0,0.1875,0.35,155.0,0.0,0.0,-1.0,0
15000.0,36.0,8.9,476.3,4.0,3.0,0.0,78000.0,0.0,0.0,7.06,12.0,0.0,13537.0,73.6,40.0,1.0,0.0,1.0,0.0,677.0,11.0,0.1923076923076923,0.3,183.0,0.0,0.0,-1.0,0
10000.0,36.0,11.99,332.1,7.0,6.0,0.0,100000.0,1.0,0.0,10.46,6.0,0.0,10853.0,81.0,7.0,0.0,0.0,1.0,0.0,682.0,11.0,0.1,0.8571428571428571,56.0,0.0,0.0,-1.0,0
17099.1640625,36.0,17.57,614.4943237304688,16.0,10.0,0.0,739767.3125,2.0,0.0,43.503462371826174,9.0,1.0,371313.28125,42.00172119140625,34.0,1.0,0.0,4.0,1.0,667.0,11.0,0.023114228248596214,0.26470590489251267,154.0,0.0064935064935064,0.0064935064935064,1.0,0
10000.0,36.0,12.85,336.22,8.0,10.0,0.0,80000.0,0.0,2.0,27.46,23.0,0.0,5817.0,40.7,59.0,0.0,0.0,5.0,0.0,712.0,11.0,0.125,0.3898305084745763,195.0,0.0,0.0,-1.0,0
10000.0,60.0,14.98,237.8,12.0,4.0,1.0,30000.0,2.0,0.0,10.04,5.0,0.0,1489.0,27.6,15.0,1.0,0.0,0.0,0.0,687.0,11.0,0.3333333333333333,0.3333333333333333,290.0,0.0,0.0,-1.0,0
8000.0,36.0,10.99,261.88,6.0,5.0,1.0,56000.0,0.0,4.0,13.07,10.0,0.0,21980.0,74.3,22.0,1.0,0.0,0.0,0.0,687.0,11.0,0.1428571428571428,0.4545454545454545,122.0,0.0,0.0,-1.0,0
7200.0,36.0,13.53,244.44,9.0,5.0,1.0,39000.0,1.0,4.0,21.29,12.0,0.0,9753.0,21.8,25.0,1.0,0.0,0.0,0.0,732.0,11.0,0.1846153846153846,0.48,147.0,0.0,0.0,-1.0,0
6400.0,36.0,6.03,194.79,0.0,0.0,1.0,26000.0,0.0,4.0,21.14,4.0,0.0,7763.0,44.6,18.0,1.0,0.0,0.0,0.0,732.0,11.0,0.2461538461538461,0.2222222222222222,124.0,0.0,0.0,-1.0,0
14075.0,60.0,19.22,366.82,18.0,2.0,1.0,60000.0,2.0,4.0,32.94,19.0,0.0,17956.0,77.4,37.0,1.0,0.0,0.0,0.0,677.0,11.0,0.2345833333333333,0.5135135135135135,153.0,0.0,0.0,-1.0,0
15000.0,60.0,22.4,417.71,22.0,10.0,0.0,49000.0,2.0,0.0,21.99,12.0,1.0,5636.0,35.9,27.0,1.0,0.0,3.0,1.0,667.0,11.0,0.3061224489795918,0.4444444444444444,217.0,0.0046082949308755,0.0046082949308755,1.0,0
4500.0,36.0,13.53,152.78,9.0,0.0,0.0,41978.3,1.0,0.0,9.35,7.0,1.0,3796.0,69.0,24.0,1.0,0.0,5.0,1.0,662.0,11.0,0.1071982429016896,0.2916666666666667,315.0,0.0031746031746031,0.0031746031746031,1.0,0
8396.8740234375,36.0,8.9,266.62590454101564,4.0,10.0,0.0,306829.84375,1.0,0.0,23.005140838623046,13.0,0.0,238957.8125,38.475337982177734,33.0,0.0,0.0,2.0,0.0,727.0,11.0,0.027366560697555553,0.3939393939393939,286.0,0.0,0.0,-1.0,0
5000.0,60.0,14.47,117.57,11.0,6.0,2.0,46000.0,2.0,0.0,9.6,6.0,0.0,2983.0,39.8,43.0,1.0,0.0,2.0,0.0,707.0,11.0,0.108695652173913,0.1395348837209302,113.0,0.0,0.0,-1.0,0
15000.0,36.0,10.99,491.01,6.0,10.0,0.0,71000.0,0.0,0.0,19.32,12.0,0.0,18036.0,55.7,45.0,1.0,0.0,0.0,0.0,697.0,11.0,0.2112676056338028,0.2666666666666666,269.0,0.0,0.0,-1.0,0
16000.0,60.0,11.99,355.84,7.0,7.0,0.0,125000.0,2.0,4.0,9.91,16.0,0.0,73015.0,23.3,31.0,0.0,0.0,2.0,0.0,762.0,11.0,0.128,0.5161290322580645,326.0,0.0,0.0,-1.0,0
4800.0,36.0,11.99,159.41,7.0,4.0,0.0,55000.0,0.0,4.0,14.16,11.0,0.0,13071.0,56.3,14.0,1.0,0.0,2.0,0.0,707.0,11.0,0.0872727272727272,0.7857142857142857,72.0,0.0,0.0,-1.0,0
27979.544921875,36.0,8.9,888.4342993164063,4.0,0.0,0.0,397778.6875,2.0,0.0,54.04772926330567,17.0,0.0,198986.671875,41.43167266845703,34.0,0.0,0.0,0.0,0.0,717.0,11.0,0.07033945984310574,0.5,220.0,0.0,0.0,-1.0,0
11325.0,60.0,23.4,321.87,24.0,1.0,1.0,33000.0,2.0,0.0,27.65,16.0,0.0,10711.0,72.9,21.0,1.0,0.0,0.0,0.0,672.0,11.0,0.3431818181818182,0.7619047619047619,57.0,0.0,0.0,-1.0,1
24022.8671875,36.0,7.9,751.6816088867188,3.0,10.0,0.0,44815.59375,2.0,0.0,37.369008178710935,22.0,0.0,116514.375,37.69933547973633,37.0,0.0,0.0,2.0,0.0,702.0,11.0,0.5360381017560544,0.5945945784852311,286.0,0.0,0.0,-1.0,0
28000.0,60.0,16.99,695.73,15.0,3.0,0.0,93000.0,1.0,0.0,22.79,14.0,0.0,25911.0,73.6,30.0,1.0,0.0,1.0,0.0,677.0,11.0,0.3010752688172043,0.4666666666666667,204.0,0.0,0.0,-1.0,0
30000.0,36.0,9.67,963.38,5.0,10.0,0.0,105000.0,1.0,4.0,11.7,8.0,0.0,29124.0,83.9,26.0,1.0,0.0,4.0,0.0,712.0,11.0,0.2857142857142857,0.3076923076923077,241.0,0.0,0.0,-1.0,0
9469.0244140625,36.0,14.47,325.7935949707031,11.0,6.0,0.0,281141.9375,0.0,0.0,1.6084515762329108,9.0,0.0,115879.2734375,55.27787628173829,12.0,1.0,0.0,6.0,0.0,667.0,11.0,0.03368059992790223,0.7500000054186041,101.0,0.0,0.0,-1.0,1
12000.0,36.0,10.99,392.81,6.0,2.0,0.0,55000.0,1.0,0.0,25.9,15.0,0.0,9697.0,52.7,25.0,1.0,0.0,1.0,0.0,687.0,11.0,0.2181818181818181,0.6,137.0,0.0,0.0,-1.0,0
17500.0,60.0,13.67,404.21,9.0,9.0,0.0,75000.0,2.0,0.0,13.28,7.0,0.0,9683.0,54.7,15.0,1.0,0.0,3.0,0.0,667.0,11.0,0.2333333333333333,0.4666666666666667,149.0,0.0,0.0,-1.0,0
30000.0,60.0,12.99,682.44,8.0,10.0,0.0,130000.0,1.0,4.0,22.07,10.0,0.0,10906.0,28.5,27.0,1.0,0.0,4.0,0.0,787.0,11.0,0.2307692307692307,0.3703703703703703,337.0,0.0,0.0,-1.0,1
15000.0,36.0,9.67,481.69,5.0,10.0,0.0,72800.0,2.0,4.0,6.91,8.0,0.0,14892.0,70.6,15.0,0.0,0.0,3.0,0.0,707.0,11.0,0.206043956043956,0.5333333333333333,355.0,0.0,0.0,-1.0,0
4000.0,60.0,25.57,118.75,29.0,5.0,1.0,50000.0,1.0,0.0,1.92,3.0,0.0,1592.0,61.2,7.0,1.0,0.0,0.0,0.0,707.0,11.0,0.08,0.4285714285714285,161.0,0.0,0.0,-1.0,1
12950.0,36.0,17.1,462.35,14.0,10.0,0.0,72000.0,2.0,0.0,12.05,7.0,0.0,23170.0,91.2,24.0,1.0,0.0,2.0,0.0,677.0,11.0,0.1798611111111111,0.2916666666666667,206.0,0.0,0.0,-1.0,0
6625.0,36.0,12.99,223.2,8.0,0.0,0.0,36000.0,0.0,4.0,5.6,8.0,1.0,4078.0,53.0,12.0,1.0,0.0,0.0,1.0,687.0,11.0,0.1840277777777778,0.6666666666666666,250.0,0.004,0.004,1.0,0
15000.0,36.0,12.99,505.34,8.0,3.0,1.0,72000.0,0.0,0.0,10.15,9.0,0.0,2656.0,48.3,23.0,1.0,0.0,1.0,0.0,677.0,11.0,0.2083333333333333,0.391304347826087,186.0,0.0,0.0,-1.0,1
7973.18212890625,36.0,17.1,284.6620520019531,14.0,7.0,1.0,776865.625,1.0,1.0,34.265632171630855,7.0,0.0,81012.375,72.55894927978515,12.0,0.0,0.0,2.0,0.0,662.0,11.0,0.010263270952484804,0.5833333333333334,97.0,0.0,0.0,-1.0,0
24000.0,36.0,6.62,736.89,1.0,10.0,0.0,75000.0,1.0,4.0,15.97,22.0,0.0,24857.0,20.6,60.0,1.0,0.0,3.0,0.0,782.0,11.0,0.32,0.3666666666666666,217.0,0.0,0.0,-1.0,0
17325.0,60.0,23.1,489.4,23.0,10.0,0.0,40000.0,2.0,0.0,16.56,11.0,0.0,3631.0,30.0,15.0,1.0,0.0,2.0,0.0,672.0,11.0,0.433125,0.7333333333333333,89.0,0.0,0.0,-1.0,1
20000.0,36.0,12.99,673.79,8.0,0.0,2.0,50000.0,1.0,4.0,20.07,10.0,0.0,19883.0,74.5,19.0,1.0,0.0,0.0,0.0,692.0,11.0,0.4,0.5263157894736842,127.0,0.0,0.0,-1.0,0
16000.0,60.0,15.1,381.48,11.0,5.0,0.0,90000.0,2.0,2.0,18.87,7.0,0.0,3763.0,67.2,9.0,1.0,0.0,1.0,0.0,732.0,11.0,0.1777777777777777,0.7777777777777778,254.0,0.0,0.0,-1.0,1
10000.0,60.0,18.55,256.94,16.0,10.0,0.0,75000.0,1.0,4.0,28.08,23.0,1.0,39933.0,92.2,35.0,1.0,0.0,3.0,1.0,682.0,11.0,0.1333333333333333,0.6571428571428571,309.0,0.0032362459546925,0.0032362459546925,1.0,0
15000.0,36.0,9.67,481.69,5.0,10.0,0.0,62000.0,0.0,0.0,12.43,8.0,0.0,9917.0,51.9,29.0,1.0,0.0,4.0,0.0,682.0,11.0,0.2419354838709677,0.2758620689655172,333.0,0.0,0.0,-1.0,0
15050.0,60.0,20.2,400.41,19.0,0.0,2.0,42000.0,2.0,0.0,28.0,9.0,0.0,293.0,4.9,22.0,1.0,0.0,0.0,0.0,767.0,11.0,0.3583333333333333,0.4090909090909091,90.0,0.0,0.0,-1.0,0
23988.75,60.0,16.2,585.9127783203126,13.0,10.0,0.0,790104.875,2.0,4.0,40.11916366577148,12.0,0.0,145465.578125,63.56504592895507,33.0,0.0,0.0,1.0,0.0,722.0,11.0,0.03036148602865174,0.3636363636363636,266.0,0.0,0.0,-1.0,1
8000.0,36.0,10.99,261.88,6.0,10.0,0.0,80000.0,0.0,4.0,12.24,13.0,0.0,8642.0,46.0,38.0,0.0,0.0,5.0,0.0,692.0,11.0,0.1,0.3421052631578947,156.0,0.0,0.0,-1.0,0
21000.0,36.0,7.9,657.1,3.0,0.0,1.0,125000.0,1.0,0.0,10.77,9.0,0.0,20774.0,45.2,30.0,0.0,0.0,5.0,0.0,732.0,11.0,0.168,0.3,278.0,0.0,0.0,-1.0,0
30000.0,60.0,16.24,733.38,14.0,10.0,0.0,120000.0,1.0,0.0,14.92,17.0,0.0,30979.0,47.2,50.0,0.0,0.0,9.0,0.0,692.0,11.0,0.25,0.34,153.0,0.0,0.0,-1.0,1
12000.0,36.0,16.24,423.31,14.0,6.0,2.0,90000.0,1.0,3.0,22.69,11.0,0.0,12361.0,57.3,24.0,0.0,0.0,2.0,0.0,677.0,11.0,0.1333333333333333,0.4583333333333333,128.0,0.0,0.0,-1.0,1
14943.6982421875,36.0,8.9,474.50721435546876,4.0,3.0,1.0,307407.59375,0.0,2.0,33.074812774658206,12.0,0.0,117127.1484375,19.042259216308594,34.0,1.0,0.0,5.0,0.0,697.0,11.0,0.04861199259757995,0.3529411764705882,362.0,0.0,0.0,-1.0,1
7500.0,36.0,13.98,256.26,10.0,8.0,0.0,43000.0,0.0,4.0,6.75,18.0,0.0,4642.0,72.5,55.0,1.0,0.0,1.0,0.0,662.0,11.0,0.1744186046511628,0.3272727272727272,131.0,0.0,0.0,-1.0,0
5000.0,36.0,17.57,179.69,16.0,10.0,0.0,65000.0,1.0,0.0,9.92,7.0,0.0,8087.0,81.7,36.0,1.0,0.0,8.0,0.0,667.0,11.0,0.0769230769230769,0.1944444444444444,220.0,0.0,0.0,-1.0,0
35000.0,36.0,16.24,1234.65,14.0,4.0,0.0,95000.0,2.0,1.0,19.25,7.0,0.0,5642.0,49.1,19.0,1.0,0.0,0.0,0.0,722.0,11.0,0.3684210526315789,0.3684210526315789,145.0,0.0,0.0,-1.0,1
10000.0,36.0,8.9,317.54,4.0,10.0,0.0,48000.0,2.0,4.0,17.25,13.0,0.0,9495.0,76.6,44.0,1.0,0.0,4.0,0.0,682.0,11.0,0.2083333333333333,0.2954545454545454,214.0,0.0,0.0,-1.0,0
1200.0,36.0,23.7,46.9,25.0,5.0,2.0,98000.0,1.0,5.0,13.84,7.0,0.0,16867.0,79.9,7.0,0.0,0.0,0.0,0.0,682.0,11.0,0.0122448979591836,1.0,72.0,0.0,0.0,-1.0,0
21912.646484375,60.0,19.22,571.0808251953125,18.0,2.0,0.0,413712.46875,2.0,0.0,30.595988769531253,21.0,0.0,362624.03125,74.1367401123047,43.0,1.0,0.0,1.0,0.0,682.0,0.0,0.0529659116268158,0.4883720991088123,205.0,0.0,0.0,-1.0,0
11633.5498046875,60.0,14.98,276.63886962890626,12.0,10.0,0.0,536749.25,1.0,0.0,54.89825408935547,8.0,0.0,189645.875,96.43215789794922,24.0,1.0,0.0,2.0,0.0,687.0,0.0,0.021674098827635324,0.333333338300387,181.0,0.0,0.0,-1.0,0
35000.0,60.0,18.25,893.54,17.0,10.0,0.0,81000.0,2.0,0.0,18.08,9.0,1.0,18200.0,30.5,20.0,1.0,0.0,3.0,0.0,732.0,0.0,0.4320987654320987,0.45,129.0,0.0077519379844961,0.0,0.0,1
29175.0,36.0,12.85,980.92,8.0,1.0,1.0,120000.0,1.0,0.0,11.89,16.0,0.0,7374.0,14.7,39.0,1.0,0.0,7.0,0.0,797.0,0.0,0.243125,0.4102564102564102,289.0,0.0,0.0,-1.0,0
10000.0,36.0,14.98,346.56,12.0,10.0,1.0,50000.0,2.0,0.0,28.25,8.0,34.0,10530.0,44.1,11.0,1.0,0.0,1.0,0.0,707.0,0.0,0.2,0.7272727272727273,189.0,0.1798941798941798,0.0,0.0,0
15000.0,36.0,16.99,534.72,15.0,10.0,0.0,73500.0,1.0,0.0,31.67,33.0,1.0,10608.0,37.6,91.0,1.0,0.0,3.0,1.0,677.0,0.0,0.2040816326530612,0.3626373626373626,290.0,0.0034482758620689,0.0034482758620689,1.0,0
18000.0,36.0,13.53,611.1,9.0,5.0,2.0,79000.0,0.0,0.0,22.16,16.0,0.0,16121.0,62.2,28.0,0.0,0.0,2.0,0.0,682.0,0.0,0.2278481012658227,0.5714285714285714,156.0,0.0,0.0,-1.0,0
11200.0,60.0,15.61,270.05,13.0,10.0,0.0,55000.0,0.0,0.0,28.71,15.0,0.0,25116.0,54.5,25.0,1.0,0.0,2.0,0.0,707.0,0.0,0.2036363636363636,0.6,174.0,0.0,0.0,-1.0,0
16000.0,60.0,19.22,416.99,18.0,1.0,0.0,70000.0,1.0,0.0,21.88,18.0,0.0,16480.0,62.4,37.0,1.0,0.0,3.0,0.0,682.0,0.0,0.2285714285714285,0.4864864864864865,240.0,0.0,0.0,-1.0,0
25000.0,36.0,14.98,866.39,12.0,0.0,0.0,104000.0,2.0,0.0,12.85,9.0,0.0,25853.0,47.2,34.0,0.0,0.0,2.0,0.0,692.0,0.0,0.2403846153846154,0.2647058823529412,353.0,0.0,0.0,-1.0,0
17555.080078125,36.0,13.98,599.8218530273438,10.0,10.0,0.0,437768.09375,2.0,4.0,10.523071479797363,7.0,0.0,46295.453125,108.45036468505859,14.0,1.0,0.0,0.0,0.0,682.0,0.0,0.04010132531325017,0.4999999724901639,171.0,0.0,0.0,-1.0,0
15973.138671875,60.0,22.4,444.8016625976563,22.0,2.0,1.0,591154.125,2.0,0.0,47.107560043334956,22.0,0.0,117930.578125,88.19649658203124,30.0,1.0,0.0,5.0,0.0,692.0,0.0,0.02702027923098521,0.7333333595045681,289.0,0.0,0.0,-1.0,0
16200.0,60.0,14.98,385.23,12.0,10.0,1.0,45000.0,2.0,0.0,12.83,12.0,0.0,14001.0,59.8,17.0,0.0,0.0,0.0,0.0,672.0,0.0,0.36,0.7058823529411765,178.0,0.0,0.0,-1.0,0
10000.0,36.0,16.24,352.76,14.0,3.0,1.0,43000.0,0.0,5.0,2.9,12.0,0.0,4660.0,89.6,38.0,0.0,0.0,0.0,0.0,667.0,0.0,0.2325581395348837,0.3157894736842105,153.0,0.0,0.0,-1.0,0
7480.41259765625,36.0,12.85,251.5045947265625,8.0,1.0,0.0,247924.546875,0.0,4.0,76.7052993774414,15.0,0.0,198776.78125,56.62798309326172,16.0,1.0,0.0,0.0,0.0,682.0,0.0,0.03017213737422761,0.937500019868215,58.0,0.0,0.0,-1.0,0
9000.0,36.0,13.98,307.52,10.0,0.0,1.0,45000.0,1.0,0.0,28.05,8.0,0.0,9021.0,57.8,13.0,1.0,0.0,0.0,0.0,662.0,0.0,0.2,0.6153846153846154,186.0,0.0,0.0,-1.0,0
2000.0,36.0,16.99,71.3,15.0,4.0,0.0,72000.0,2.0,5.0,19.88,9.0,0.0,3279.0,59.6,33.0,1.0,0.0,3.0,0.0,667.0,0.0,0.0277777777777777,0.2727272727272727,223.0,0.0,0.0,-1.0,0
23989.568359375,36.0,7.9,750.639677734375,3.0,10.0,2.0,636662.375,1.0,4.0,45.57145797729492,11.0,0.0,66992.5703125,66.96417083740235,26.0,1.0,0.0,4.0,0.0,692.0,0.0,0.037680215835571296,0.42307693759600323,195.0,0.0,0.0,-1.0,0
20000.0,60.0,15.61,482.23,13.0,10.0,2.0,60000.0,1.0,4.0,18.49,14.0,1.0,20498.0,55.9,27.0,1.0,0.0,0.0,0.0,692.0,0.0,0.3333333333333333,0.5185185185185185,208.0,0.0048076923076923,0.0,0.0,0
18900.0,36.0,8.9,600.14,4.0,10.0,0.0,55000.0,0.0,4.0,15.8,8.0,0.0,19915.0,69.4,40.0,0.0,0.0,5.0,0.0,682.0,0.0,0.3436363636363636,0.2,142.0,0.0,0.0,-1.0,0
8525.0283203125,36.0,14.98,295.4389538574219,12.0,10.0,1.0,402134.25,0.0,4.0,2.2479833889007566,6.0,0.0,373671.375,94.04507446289062,17.0,1.0,0.0,4.0,0.0,677.0,0.0,0.021199459566010354,0.35294118225574495,156.0,0.0,0.0,-1.0,0
9000.0,36.0,11.99,298.89,7.0,1.0,0.0,89000.0,0.0,0.0,17.73,9.0,0.0,3838.0,54.1,30.0,1.0,0.0,1.0,0.0,682.0,0.0,0.1011235955056179,0.3,119.0,0.0,0.0,-1.0,0
12000.0,36.0,11.99,398.52,7.0,8.0,0.0,140000.0,1.0,4.0,8.35,8.0,1.0,6601.0,67.4,45.0,1.0,0.0,7.0,0.0,667.0,0.0,0.0857142857142857,0.1777777777777777,160.0,0.00625,0.0,0.0,0
9600.0,36.0,12.85,322.77,8.0,10.0,0.0,80000.0,0.0,0.0,9.62,8.0,0.0,12479.0,62.4,22.0,1.0,0.0,5.0,0.0,732.0,0.0,0.12,0.3636363636363636,288.0,0.0,0.0,-1.0,0
10075.0,36.0,24.5,397.93,27.0,10.0,2.0,35000.0,1.0,0.0,26.82,15.0,1.0,25966.0,86.6,22.0,0.0,0.0,2.0,1.0,667.0,0.0,0.2878571428571428,0.6818181818181818,171.0,0.0058479532163742,0.0058479532163742,1.0,0
21000.0,60.0,13.53,483.54,9.0,10.0,1.0,130000.0,2.0,0.0,12.7,13.0,0.0,32695.0,46.5,29.0,1.0,0.0,5.0,0.0,722.0,0.0,0.1615384615384615,0.4482758620689655,304.0,0.0,0.0,-1.0,0
27300.0,36.0,13.98,932.79,10.0,9.0,1.0,61000.0,2.0,4.0,19.83,8.0,0.0,14536.0,47.5,24.0,1.0,0.0,5.0,0.0,707.0,0.0,0.4475409836065573,0.3333333333333333,137.0,0.0,0.0,-1.0,0
28000.0,36.0,14.47,963.38,11.0,10.0,0.0,114800.0,1.0,0.0,22.45,18.0,1.0,8765.0,68.5,41.0,1.0,0.0,7.0,1.0,677.0,0.0,0.2439024390243902,0.4390243902439024,196.0,0.0051020408163265,0.0051020408163265,1.0,0
15600.0,36.0,9.67,500.96,5.0,1.0,0.0,85000.0,1.0,4.0,10.28,10.0,0.0,9445.0,43.5,20.0,0.0,0.0,2.0,0.0,717.0,0.0,0.1835294117647058,0.5,175.0,0.0,0.0,-1.0,0
6400.0,36.0,12.85,215.18,8.0,4.0,2.0,37000.0,2.0,0.0,18.94,16.0,0.0,7694.0,71.2,28.0,1.0,0.0,1.0,0.0,662.0,0.0,0.1729729729729729,0.5714285714285714,94.0,0.0,0.0,-1.0,0
28000.0,60.0,22.9,787.73,23.0,3.0,0.0,90000.0,1.0,2.0,13.59,6.0,0.0,30495.0,82.2,17.0,1.0,0.0,2.0,0.0,677.0,0.0,0.3111111111111111,0.3529411764705882,210.0,0.0,0.0,-1.0,0
5000.0,36.0,13.53,169.75,9.0,1.0,0.0,82000.0,2.0,0.0,13.42,12.0,2.0,14327.0,69.9,22.0,1.0,0.0,5.0,1.0,697.0,0.0,0.0609756097560975,0.5454545454545454,142.0,0.0140845070422535,0.0070422535211267,0.5,0
24800.0,36.0,7.9,776.0,3.0,0.0,1.0,98500.0,1.0,0.0,19.99,8.0,0.0,26951.0,61.8,34.0,1.0,0.0,0.0,0.0,692.0,0.0,0.2517766497461929,0.2352941176470588,161.0,0.0,0.0,-1.0,0
18000.0,36.0,13.98,615.03,10.0,4.0,0.0,42000.0,2.0,4.0,33.49,32.0,0.0,22432.0,54.2,40.0,1.0,0.0,0.0,0.0,702.0,0.0,0.4285714285714285,0.8,162.0,0.0,0.0,-1.0,0
10000.0,36.0,8.9,317.54,4.0,3.0,1.0,42900.0,0.0,4.0,13.45,9.0,1.0,5111.0,33.4,16.0,0.0,0.0,0.0,1.0,707.0,0.0,0.2331002331002331,0.5625,176.0,0.0056818181818181,0.0056818181818181,1.0,0
19425.0,36.0,12.85,653.11,8.0,7.0,0.0,44127.35,1.0,4.0,20.24,12.0,0.0,14666.0,54.3,23.0,1.0,0.0,1.0,0.0,697.0,0.0,0.4402031846462568,0.5217391304347826,237.0,0.0,0.0,-1.0,1
10000.0,36.0,12.85,336.22,8.0,8.0,0.0,130000.0,2.0,4.0,21.11,13.0,0.0,29677.0,80.6,29.0,1.0,0.0,4.0,0.0,697.0,0.0,0.0769230769230769,0.4482758620689655,147.0,0.0,0.0,-1.0,0
5400.0,36.0,13.98,184.51,10.0,3.0,0.0,45000.0,0.0,9.0,16.11,7.0,0.0,1011.0,26.6,56.0,1.0,0.0,10.0,0.0,687.0,0.0,0.12,0.125,297.0,0.0,0.0,-1.0,0
30000.0,60.0,11.99,667.19,7.0,6.0,0.0,110000.0,1.0,2.0,5.93,14.0,0.0,13169.0,17.5,37.0,0.0,0.0,2.0,0.0,807.0,0.0,0.2727272727272727,0.3783783783783784,193.0,0.0,0.0,-1.0,1
10000.0,36.0,10.99,327.34,6.0,5.0,0.0,59900.0,0.0,4.0,14.99,18.0,1.0,7587.0,37.6,34.0,1.0,0.0,2.0,1.0,712.0,0.0,0.1669449081803005,0.5294117647058824,113.0,0.0088495575221238,0.0088495575221238,1.0,0
15000.0,36.0,13.98,512.52,10.0,10.0,1.0,87000.0,1.0,0.0,3.05,6.0,0.0,4687.0,34.7,29.0,1.0,0.0,7.0,0.0,662.0,0.0,0.1724137931034483,0.2068965517241379,186.0,0.0,0.0,-1.0,0
11000.0,60.0,20.5,294.51,20.0,7.0,0.0,60000.0,2.0,0.0,12.68,21.0,0.0,18367.0,28.0,52.0,1.0,0.0,2.0,0.0,672.0,0.0,0.1833333333333333,0.4038461538461538,215.0,0.0,0.0,-1.0,0
20000.0,36.0,8.9,635.07,4.0,10.0,0.0,92000.0,2.0,4.0,22.55,5.0,0.0,56024.0,93.4,18.0,1.0,0.0,3.0,0.0,722.0,0.0,0.217391304347826,0.2777777777777778,200.0,0.0,0.0,-1.0,1
15810.1181640625,60.0,18.25,403.6258605957031,17.0,9.0,2.0,292584.96875,2.0,0.0,31.772182083129884,12.0,0.0,5941.06982421875,31.33575553894043,31.0,1.0,0.0,8.0,0.0,732.0,0.0,0.054036000753060365,0.38709675669670107,325.0,0.0,0.0,-1.0,0
25975.0,60.0,26.06,778.63,34.0,10.0,0.0,80000.0,2.0,4.0,18.05,19.0,0.0,28647.0,89.5,24.0,1.0,0.0,1.0,0.0,677.0,0.0,0.3246875,0.7916666666666666,149.0,0.0,0.0,-1.0,1
13475.0,60.0,21.48,368.2,21.0,3.0,0.0,34000.0,1.0,0.0,26.69,5.0,0.0,5194.0,86.6,12.0,1.0,0.0,0.0,0.0,677.0,0.0,0.3963235294117647,0.4166666666666667,159.0,0.0,0.0,-1.0,0
35000.0,60.0,19.22,912.17,18.0,10.0,0.0,80000.0,2.0,0.0,17.26,10.0,0.0,7120.0,90.1,33.0,1.0,0.0,4.0,0.0,687.0,0.0,0.4375,0.303030303030303,218.0,0.0,0.0,-1.0,1
15000.0,60.0,12.85,340.15,8.0,8.0,0.0,85000.0,1.0,0.0,18.35,10.0,0.0,9698.0,18.9,21.0,0.0,0.0,3.0,0.0,792.0,0.0,0.1764705882352941,0.4761904761904761,192.0,0.0,0.0,-1.0,0
6000.0,36.0,13.53,203.7,9.0,9.0,0.0,90000.0,1.0,4.0,11.87,10.0,0.0,12807.0,64.4,40.0,1.0,0.0,4.0,0.0,682.0,0.0,0.0666666666666666,0.25,329.0,0.0,0.0,-1.0,0
17000.0,36.0,12.85,571.57,8.0,6.0,0.0,100000.0,1.0,0.0,14.34,21.0,0.0,11520.0,40.3,37.0,1.0,0.0,4.0,0.0,702.0,0.0,0.17,0.5675675675675675,99.0,0.0,0.0,-1.0,0
11625.0,36.0,16.24,410.08,14.0,0.0,1.0,60000.0,1.0,1.0,22.16,8.0,0.0,10525.0,70.2,20.0,1.0,0.0,0.0,0.0,702.0,0.0,0.19375,0.4,138.0,0.0,0.0,-1.0,1
10000.0,36.0,8.9,317.54,4.0,6.0,0.0,70000.0,2.0,4.0,21.62,19.0,1.0,10616.0,47.6,33.0,1.0,0.0,1.0,0.0,682.0,0.0,0.1428571428571428,0.5757575757575758,159.0,0.0062893081761006,0.0,0.0,0
28001.10546875,36.0,9.67,899.1871704101562,5.0,2.0,2.0,333070.625,1.0,0.0,-0.9999996566772467,13.0,0.0,76489.9921875,52.60692291259765,29.0,1.0,0.0,4.0,0.0,742.0,0.0,0.08406957455656738,0.4482758620689655,255.0,0.0,0.0,-1.0,0
18000.0,36.0,11.99,597.78,7.0,10.0,1.0,48000.0,2.0,0.0,23.73,10.0,0.0,11047.0,67.8,17.0,1.0,0.0,0.0,0.0,682.0,0.0,0.375,0.5882352941176471,160.0,0.0,0.0,-1.0,0
12000.0,60.0,17.57,301.93,16.0,2.0,1.0,52000.0,1.0,0.0,17.77,13.0,0.0,12567.0,47.6,29.0,0.0,0.0,0.0,0.0,682.0,0.0,0.2307692307692307,0.4482758620689655,81.0,0.0,0.0,-1.0,1
9477.0009765625,36.0,16.24,334.30684448242187,14.0,3.0,0.0,634006.0,2.0,0.0,60.06641967773437,11.0,2.0,30772.041015625,71.89283905029296,15.0,1.0,0.0,1.0,1.0,667.0,0.0,0.01494779022039805,0.7333333492279053,235.0,0.0085106382978723,0.0042553191489361,0.5,0
15000.0,60.0,12.85,340.15,8.0,1.0,0.0,100000.0,1.0,4.0,17.38,13.0,0.0,8838.0,40.9,35.0,0.0,0.0,2.0,0.0,672.0,0.0,0.15,0.3714285714285714,230.0,0.0,0.0,-1.0,1
25000.0,60.0,13.65,577.18,10.0,10.0,0.0,85000.0,1.0,0.0,20.26,17.0,0.0,11602.0,33.4,43.0,1.0,0.0,3.0,0.0,767.0,1.0,0.2941176470588235,0.3953488372093023,232.0,0.0,0.0,-1.0,1
15036.51953125,36.0,14.64,518.5990185546875,12.0,10.0,0.0,602719.5,0.0,2.0,31.559222259521484,7.0,0.0,255360.484375,42.288544464111325,15.0,1.0,0.0,0.0,0.0,662.0,1.0,0.024947798013687128,0.4666666626930237,225.0,0.0,0.0,-1.0,1
12000.0,36.0,9.67,385.35,5.0,3.0,0.0,60000.0,0.0,0.0,5.98,8.0,0.0,17043.0,50.6,25.0,1.0,0.0,6.0,0.0,697.0,1.0,0.2,0.32,370.0,0.0,0.0,-1.0,0
9121.322265625,36.0,13.65,310.19800537109376,10.0,10.0,1.0,236551.21875,2.0,4.0,22.192409591674803,5.0,0.0,51329.34375,119.50573425292968,18.0,0.0,0.0,0.0,0.0,672.0,1.0,0.03855961804206548,0.2777777777777778,238.0,0.0,0.0,-1.0,0
9500.0,36.0,12.99,320.05,9.0,10.0,1.0,28025.0,2.0,3.0,32.42,18.0,0.0,6971.0,28.3,22.0,1.0,0.0,0.0,0.0,767.0,1.0,0.3389830508474576,0.8181818181818182,145.0,0.0,0.0,-1.0,0
5078.47265625,36.0,10.99,166.2380236816406,6.0,7.0,0.0,529338.5,0.0,0.0,-0.9999997711181638,19.0,0.0,98916.375,39.61404876708984,46.0,0.0,0.0,2.0,0.0,707.0,1.0,0.00959399395755356,0.4130434556440873,146.0,0.0,0.0,-1.0,0
4531.24365234375,36.0,15.61,158.43376525878907,14.0,2.0,1.0,122135.2578125,1.0,5.0,38.92988891601563,20.0,0.0,22643.568359375,75.9025161743164,42.0,1.0,0.0,0.0,0.0,672.0,1.0,0.03710021257400513,0.4761904761904761,87.0,0.0,0.0,-1.0,0
8575.0,36.0,15.61,299.83,14.0,0.0,1.0,45000.0,1.0,0.0,22.21,23.0,0.0,6840.0,88.8,31.0,0.0,0.0,0.0,0.0,667.0,1.0,0.1905555555555555,0.7419354838709677,221.0,0.0,0.0,-1.0,0
10000.0,36.0,12.49,334.49,8.0,2.0,2.0,70000.0,1.0,2.0,7.59,13.0,1.0,1523.0,26.7,21.0,1.0,0.0,0.0,1.0,672.0,1.0,0.1428571428571428,0.6190476190476191,176.0,0.0056818181818181,0.0056818181818181,1.0,0
8000.0,36.0,18.92,292.93,18.0,10.0,1.0,60000.0,0.0,4.0,6.5,9.0,0.0,9243.0,77.7,14.0,0.0,0.0,0.0,0.0,662.0,1.0,0.1333333333333333,0.6428571428571429,183.0,0.0,0.0,-1.0,1
21200.0,60.0,25.89,633.36,32.0,2.0,0.0,59000.0,1.0,0.0,28.34,23.0,0.0,30411.0,82.2,29.0,0.0,0.0,3.0,0.0,667.0,1.0,0.3593220338983051,0.7931034482758621,156.0,0.0,0.0,-1.0,1
10000.0,36.0,11.99,332.1,7.0,10.0,1.0,30000.0,0.0,0.0,24.88,10.0,0.0,6783.0,31.0,29.0,0.0,0.0,0.0,0.0,712.0,1.0,0.3333333333333333,0.3448275862068966,165.0,0.0,0.0,-1.0,0
17600.0,36.0,10.99,576.12,6.0,4.0,0.0,70000.0,0.0,0.0,23.25,13.0,0.0,25158.0,52.0,25.0,1.0,0.0,5.0,0.0,712.0,1.0,0.2514285714285714,0.52,159.0,0.0,0.0,-1.0,0
6950.0,36.0,15.61,243.01,14.0,9.0,1.0,37000.0,0.0,0.0,21.47,13.0,0.0,5971.0,38.8,13.0,0.0,0.0,0.0,0.0,692.0,1.0,0.1878378378378378,1.0,63.0,0.0,0.0,-1.0,0
18000.0,36.0,11.99,597.78,7.0,4.0,1.0,100000.0,2.0,0.0,27.1,11.0,0.0,48205.0,96.6,15.0,1.0,0.0,0.0,0.0,717.0,1.0,0.18,0.7333333333333333,185.0,0.0,0.0,-1.0,0
8988.998046875,36.0,9.67,288.6597705078125,5.0,2.0,1.0,586851.0,0.0,3.0,0.27844200134277486,19.0,0.0,65710.7578125,20.753638458251956,24.0,1.0,0.0,3.0,0.0,692.0,1.0,0.015317337853567925,0.7916666960716248,126.0,0.0,0.0,-1.0,0
3500.0,36.0,18.92,128.16,18.0,10.0,0.0,103000.0,1.0,9.0,8.24,7.0,0.0,6747.0,92.4,12.0,1.0,0.0,0.0,0.0,667.0,1.0,0.0339805825242718,0.5833333333333334,171.0,0.0,0.0,-1.0,1
20000.0,36.0,6.03,608.72,0.0,10.0,0.0,163000.0,0.0,0.0,17.73,12.0,0.0,30228.0,51.1,26.0,1.0,0.0,2.0,0.0,737.0,1.0,0.1226993865030674,0.4615384615384615,209.0,0.0,0.0,-1.0,0
13228.419921875,60.0,12.99,300.9187329101562,9.0,3.0,1.0,793997.625,2.0,4.0,51.493575439453124,23.0,0.0,155268.28125,10.15100154876709,39.0,0.0,0.0,4.0,0.0,807.0,1.0,0.016660552422205543,0.5897435882152655,247.0,0.0,0.0,-1.0,0
15000.0,36.0,10.99,491.01,6.0,8.0,1.0,49000.0,1.0,0.0,27.16,16.0,0.0,24323.0,54.3,31.0,0.0,0.0,0.0,0.0,697.0,1.0,0.3061224489795918,0.5161290322580645,184.0,0.0,0.0,-1.0,0
20950.0,36.0,15.31,729.43,13.0,7.0,1.0,50000.0,1.0,0.0,26.84,14.0,0.0,36973.0,60.3,18.0,1.0,0.0,0.0,0.0,712.0,1.0,0.419,0.7777777777777778,257.0,0.0,0.0,-1.0,0
22536.71875,36.0,9.67,723.7117431640625,5.0,7.0,1.0,1712348.25,1.0,1.0,51.248657302856444,6.0,0.0,116049.4453125,108.02320556640625,23.0,0.0,0.0,5.0,0.0,717.0,1.0,0.013161290574956741,0.26086955070495604,210.0,0.0,0.0,-1.0,0
10000.0,36.0,11.99,332.1,7.0,1.0,1.0,125000.0,1.0,0.0,11.12,8.0,1.0,5330.0,29.1,24.0,1.0,0.0,4.0,0.0,707.0,1.0,0.08,0.3333333333333333,185.0,0.0054054054054054,0.0,0.0,0
8000.0,36.0,13.65,272.07,10.0,8.0,1.0,49476.0,1.0,0.0,14.53,9.0,1.0,2919.0,58.0,40.0,0.0,0.0,2.0,1.0,662.0,1.0,0.1616945589780903,0.225,231.0,0.0043290043290043,0.0043290043290043,1.0,0
15000.0,60.0,14.64,354.03,12.0,10.0,0.0,40000.0,0.0,0.0,30.9,12.0,0.0,32073.0,57.5,21.0,1.0,0.0,3.0,0.0,757.0,1.0,0.375,0.5714285714285714,321.0,0.0,0.0,-1.0,0
24000.0,60.0,15.31,574.88,13.0,10.0,0.0,58000.0,1.0,4.0,17.44,18.0,0.0,19805.0,72.8,32.0,1.0,0.0,1.0,0.0,702.0,1.0,0.4137931034482758,0.5625,183.0,0.0,0.0,-1.0,0
25000.0,60.0,19.47,655.0,19.0,10.0,1.0,65000.0,1.0,4.0,9.25,9.0,0.0,19441.0,77.8,30.0,1.0,0.0,2.0,0.0,672.0,1.0,0.3846153846153846,0.3,213.0,0.0,0.0,-1.0,0
33515.96875,60.0,12.99,762.4177587890625,9.0,6.0,0.0,187068.90625,1.0,4.0,1.8309200286865241,12.0,0.0,0.0,58.14576950073242,24.0,0.0,0.0,2.0,0.0,742.0,1.0,0.17916375363574305,0.49999997615814207,235.0,0.0,0.0,-1.0,0
8150.0,36.0,14.16,279.19,11.0,0.0,1.0,24000.0,2.0,0.0,27.3,5.0,0.0,8978.0,82.4,20.0,1.0,0.0,0.0,0.0,697.0,1.0,0.3395833333333333,0.25,138.0,0.0,0.0,-1.0,0
8896.521484375,36.0,13.65,302.55297119140624,10.0,2.0,0.0,48578.5234375,0.0,4.0,23.321935997009277,10.0,0.0,72547.3671875,79.32818298339843,22.0,0.0,0.0,1.0,0.0,672.0,1.0,0.1831369281666619,0.4545454545454545,127.0,0.0,0.0,-1.0,0
18000.0,60.0,16.59,443.39,15.0,7.0,0.0,65000.0,1.0,0.0,14.31,7.0,0.0,10358.0,31.9,17.0,1.0,0.0,1.0,0.0,692.0,1.0,0.2769230769230769,0.4117647058823529,107.0,0.0,0.0,-1.0,0
8400.0,36.0,10.99,274.97,6.0,3.0,0.0,60000.0,0.0,0.0,8.75,11.0,0.0,11047.0,36.9,22.0,1.0,0.0,1.0,0.0,702.0,1.0,0.14,0.5,92.0,0.0,0.0,-1.0,1
26500.0,60.0,23.43,753.61,25.0,10.0,0.0,59000.0,2.0,0.0,18.41,11.0,0.0,71539.0,92.0,14.0,1.0,0.0,3.0,0.0,702.0,1.0,0.4491525423728814,0.7857142857142857,175.0,0.0,0.0,-1.0,0
18000.0,60.0,19.99,476.79,20.0,3.0,0.0,90000.0,1.0,0.0,20.13,11.0,0.0,8913.0,66.5,36.0,1.0,0.0,1.0,0.0,672.0,1.0,0.2,0.3055555555555556,128.0,0.0,0.0,-1.0,1
3975.0,36.0,16.59,140.91,15.0,2.0,1.0,40000.0,0.0,5.0,8.91,14.0,0.0,3621.0,24.3,26.0,0.0,0.0,0.0,0.0,677.0,1.0,0.099375,0.5384615384615384,123.0,0.0,0.0,-1.0,1
15000.0,60.0,14.47,352.69,11.0,10.0,1.0,74000.0,2.0,4.0,11.58,6.0,0.0,13750.0,76.4,19.0,0.0,0.0,3.0,0.0,672.0,1.0,0.2027027027027027,0.3157894736842105,179.0,0.0,0.0,-1.0,0
16000.0,36.0,14.47,550.51,11.0,0.0,1.0,70000.0,1.0,4.0,12.82,4.0,0.0,16474.0,91.5,8.0,1.0,0.0,0.0,0.0,672.0,1.0,0.2285714285714285,0.5,158.0,0.0,0.0,-1.0,0
8600.0,36.0,15.61,300.7,13.0,2.0,0.0,31000.0,0.0,0.0,23.0,12.0,0.0,11201.0,75.7,12.0,1.0,0.0,0.0,0.0,677.0,1.0,0.2774193548387096,1.0,79.0,0.0,0.0,-1.0,0
8000.0,36.0,14.98,277.25,12.0,5.0,0.0,29000.0,0.0,0.0,20.16,8.0,0.0,13666.0,69.7,19.0,1.0,0.0,0.0,0.0,682.0,1.0,0.2758620689655172,0.4210526315789473,274.0,0.0,0.0,-1.0,1
13500.0,60.0,17.57,339.67,16.0,7.0,0.0,64000.0,2.0,4.0,33.34,25.0,0.0,15245.0,46.2,64.0,1.0,0.0,1.0,0.0,707.0,1.0,0.2109375,0.390625,175.0,0.0,0.0,-1.0,0
20000.0,60.0,14.47,470.26,11.0,10.0,0.0,74000.0,1.0,0.0,16.67,12.0,0.0,12136.0,40.5,18.0,1.0,0.0,3.0,0.0,762.0,1.0,0.2702702702702703,0.6666666666666666,280.0,0.0,0.0,-1.0,0
6000.0,36.0,10.99,196.41,6.0,9.0,0.0,57000.0,2.0,4.0,24.77,16.0,0.0,8464.0,45.0,47.0,1.0,0.0,1.0,0.0,707.0,1.0,0.1052631578947368,0.3404255319148936,186.0,0.0,0.0,-1.0,0
4000.0,36.0,13.98,136.68,10.0,3.0,1.0,21500.0,0.0,4.0,18.76,13.0,0.0,4413.0,40.9,25.0,1.0,0.0,0.0,0.0,682.0,1.0,0.1860465116279069,0.52,65.0,0.0,0.0,-1.0,0
17125.0,60.0,16.99,425.51,15.0,1.0,0.0,52000.0,1.0,4.0,27.23,9.0,0.0,37342.0,83.4,21.0,1.0,0.0,2.0,0.0,737.0,1.0,0.3293269230769231,0.4285714285714285,190.0,0.0,0.0,-1.0,0
17500.0,36.0,10.99,572.85,6.0,6.0,0.0,48000.0,1.0,4.0,19.89,16.0,0.0,17017.0,30.4,22.0,0.0,0.0,2.0,0.0,717.0,1.0,0.3645833333333333,0.7272727272727273,95.0,0.0,0.0,-1.0,0
13000.0,36.0,13.53,441.35,9.0,9.0,0.0,36000.0,0.0,0.0,12.63,8.0,0.0,13363.0,70.3,13.0,1.0,0.0,2.0,0.0,682.0,1.0,0.3611111111111111,0.6153846153846154,92.0,0.0,0.0,-1.0,1
24000.0,60.0,11.99,533.75,7.0,7.0,1.0,193000.0,1.0,4.0,14.99,23.0,0.0,109695.0,87.2,40.0,1.0,0.0,3.0,0.0,717.0,1.0,0.1243523316062176,0.575,212.0,0.0,0.0,-1.0,0
21025.537109375,36.0,10.99,688.2470263671875,6.0,0.0,0.0,211100.109375,1.0,2.0,-0.9999996185302731,14.0,0.0,19954.3828125,89.6418228149414,31.0,1.0,0.0,4.0,0.0,682.0,1.0,0.0995998404242775,0.45161291032001893,199.0,0.0,0.0,-1.0,0
16000.0,36.0,7.9,500.65,3.0,2.0,0.0,120000.0,1.0,0.0,10.4,9.0,0.0,7439.0,72.2,17.0,0.0,0.0,4.0,0.0,712.0,1.0,0.1333333333333333,0.5294117647058824,160.0,0.0,0.0,-1.0,0
7000.0,36.0,12.85,235.36,8.0,9.0,1.0,41000.0,2.0,4.0,7.79,10.0,1.0,6285.0,54.7,36.0,1.0,0.0,0.0,1.0,667.0,1.0,0.1707317073170731,0.2777777777777778,132.0,0.0075757575757575,0.0075757575757575,1.0,1
16014.078125,36.0,7.9,501.08942260742185,3.0,10.0,1.0,202017.53125,1.0,8.0,25.55740753173828,15.0,0.0,0.0,23.96892318725586,31.0,0.0,0.0,0.0,0.0,732.0,1.0,0.07927073057038575,0.4838709677419355,192.0,0.0,0.0,-1.0,0
10000.0,36.0,9.67,321.13,5.0,5.0,0.0,65000.0,2.0,0.0,15.97,10.0,0.0,7539.0,59.8,16.0,1.0,0.0,6.0,0.0,667.0,1.0,0.1538461538461538,0.625,132.0,0.0,0.0,-1.0,0
32625.0,60.0,22.4,908.51,22.0,5.0,0.0,137000.0,1.0,0.0,14.01,15.0,0.0,23517.0,69.0,40.0,1.0,0.0,10.0,0.0,662.0,1.0,0.2381386861313868,0.375,212.0,0.0,0.0,-1.0,0
16000.0,36.0,9.67,513.8,5.0,1.0,0.0,85000.0,0.0,0.0,5.15,9.0,0.0,19226.0,65.2,15.0,1.0,0.0,1.0,0.0,667.0,1.0,0.188235294117647,0.6,114.0,0.0,0.0,-1.0,0
23899.51953125,36.0,18.25,867.023876953125,17.0,10.0,1.0,351733.46875,1.0,0.0,20.18443305969238,17.0,0.0,54624.8125,75.11060791015625,31.0,1.0,0.0,0.0,0.0,662.0,1.0,0.06794782060163992,0.5483870967741935,188.0,0.0,0.0,-1.0,1
30000.0,60.0,14.16,700.54,11.0,2.0,0.0,350000.0,2.0,0.0,13.73,13.0,0.0,34095.0,57.4,30.0,1.0,0.0,1.0,0.0,732.0,1.0,0.0857142857142857,0.4333333333333333,190.0,0.0,0.0,-1.0,0
6000.0,36.0,12.49,200.7,8.0,9.0,0.0,38000.0,0.0,0.0,24.67,26.0,0.0,7016.0,37.1,63.0,1.0,0.0,1.0,0.0,692.0,1.0,0.1578947368421052,0.4126984126984127,197.0,0.0,0.0,-1.0,0
9600.0,36.0,13.53,325.92,9.0,3.0,0.0,65000.0,0.0,5.0,18.91,12.0,0.0,7687.0,64.1,35.0,1.0,0.0,0.0,0.0,687.0,1.0,0.1476923076923077,0.3428571428571428,127.0,0.0,0.0,-1.0,0
15000.0,36.0,8.9,476.3,4.0,7.0,1.0,112000.0,1.0,0.0,14.21,32.0,0.0,12294.0,63.1,54.0,1.0,0.0,4.0,0.0,682.0,1.0,0.1339285714285714,0.5925925925925926,254.0,0.0,0.0,-1.0,0
6202.46533203125,36.0,7.9,194.0767059326172,3.0,2.0,1.0,520895.84375,1.0,4.0,109.79897430419922,18.0,0.0,121711.2265625,21.65304489135742,28.0,1.0,0.0,2.0,0.0,722.0,1.0,0.01190730631351472,0.6428571428571429,314.0,0.0,0.0,-1.0,0
17975.0,36.0,19.97,667.75,19.0,10.0,1.0,80000.0,2.0,0.0,6.35,8.0,0.0,10796.0,81.2,11.0,1.0,0.0,0.0,0.0,672.0,1.0,0.2246875,0.7272727272727273,119.0,0.0,0.0,-1.0,0
18095.9375,36.0,17.57,650.3154345703125,16.0,10.0,0.0,629618.4375,1.0,4.0,47.15110824584961,16.0,0.0,142458.359375,136.77843017578124,39.0,1.0,0.0,6.0,0.0,672.0,1.0,0.028741115815197366,0.4102564102564102,182.0,0.0,0.0,-1.0,0
25000.0,60.0,16.24,611.15,14.0,7.0,0.0,71000.0,1.0,0.0,23.39,12.0,0.0,16432.0,58.9,37.0,1.0,0.0,5.0,0.0,677.0,1.0,0.352112676056338,0.3243243243243243,165.0,0.0,0.0,-1.0,0
31131.541015625,60.0,14.98,740.2894458007812,12.0,10.0,0.0,281034.09375,2.0,0.0,55.07269622802734,16.0,0.0,23967.173828125,59.02311401367187,44.0,1.0,0.0,7.0,0.0,707.0,1.0,0.11077497552411592,0.3636363636363636,228.0,0.0,0.0,-1.0,0
10420.6298828125,36.0,11.99,346.0648889160156,7.0,5.0,1.0,648595.1875,2.0,4.0,9.963377914428712,22.0,0.0,55727.90234375,56.92403030395508,42.0,0.0,0.0,1.0,0.0,677.0,1.0,0.01606646130482349,0.5238095238095238,169.0,0.0,0.0,-1.0,0
12600.0,36.0,13.98,430.52,10.0,10.0,0.0,60000.0,2.0,0.0,19.84,10.0,0.0,8685.0,59.9,20.0,0.0,0.0,2.0,0.0,672.0,1.0,0.21,0.5,150.0,0.0,0.0,-1.0,0
16950.0,36.0,14.98,587.42,12.0,7.0,1.0,38596.0,0.0,4.0,20.12,11.0,0.0,19398.0,83.3,23.0,1.0,0.0,0.0,0.0,662.0,1.0,0.4391646802777489,0.4782608695652174,92.0,0.0,0.0,-1.0,0
7550.0,36.0,12.99,254.36,9.0,9.0,0.0,42000.0,1.0,0.0,19.17,9.0,0.0,1180.0,28.8,33.0,0.0,0.0,2.0,0.0,682.0,2.0,0.1797619047619047,0.2727272727272727,173.0,0.0,0.0,-1.0,0
25000.0,36.0,13.65,850.2,10.0,3.0,2.0,50000.0,1.0,2.0,4.32,7.0,0.0,4024.0,10.6,19.0,1.0,0.0,2.0,0.0,717.0,2.0,0.5,0.3684210526315789,359.0,0.0,0.0,-1.0,0
13003.6962890625,36.0,9.67,417.5819995117188,5.0,1.0,1.0,819803.625,0.0,0.0,41.26364959716797,6.0,0.0,90764.75,46.217796325683594,14.0,0.0,0.0,2.0,0.0,707.0,2.0,0.01586196252277916,0.4285714072840554,167.0,0.0,0.0,-1.0,0
30000.0,36.0,10.99,982.02,6.0,10.0,0.0,205000.0,1.0,0.0,25.38,21.0,0.0,72250.0,73.2,61.0,1.0,0.0,4.0,0.0,682.0,2.0,0.1463414634146341,0.3442622950819672,454.0,0.0,0.0,-1.0,0
35000.0,36.0,19.47,1291.3,19.0,10.0,0.0,138059.0,1.0,0.0,16.14,12.0,0.0,26510.0,76.0,40.0,0.0,0.0,5.0,0.0,677.0,2.0,0.2535148016427759,0.3,226.0,0.0,0.0,-1.0,0
11929.4228515625,60.0,16.59,293.8525024414063,15.0,0.0,1.0,503735.8125,1.0,0.0,3.9356347274780266,6.0,0.0,194637.265625,76.92323608398438,8.0,1.0,0.0,1.0,0.0,672.0,2.0,0.02368189738346982,0.7499999867545234,218.0,0.0,0.0,-1.0,0
33000.0,60.0,13.65,761.88,10.0,5.0,2.0,72800.0,1.0,2.0,9.73,10.0,0.0,6291.0,7.7,24.0,1.0,0.0,1.0,0.0,782.0,2.0,0.4532967032967033,0.4166666666666667,494.0,0.0,0.0,-1.0,0
30014.333984375,36.0,15.61,1049.443408203125,14.0,10.0,0.0,368127.8125,2.0,0.0,30.830173263549803,15.0,0.0,34274.39453125,48.88549270629883,31.0,1.0,0.0,2.0,0.0,712.0,2.0,0.08153235768697348,0.4838709533214569,148.0,0.0,0.0,-1.0,0
6000.0,36.0,18.25,217.67,17.0,1.0,1.0,45000.0,0.0,4.0,26.29,27.0,0.0,29641.0,57.3,52.0,0.0,0.0,0.0,0.0,687.0,2.0,0.1333333333333333,0.5192307692307693,169.0,0.0,0.0,-1.0,1
12000.0,60.0,15.31,287.44,13.0,1.0,0.0,89000.0,1.0,0.0,20.95,15.0,0.0,37043.0,49.1,53.0,1.0,0.0,15.0,0.0,702.0,2.0,0.1348314606741573,0.2830188679245283,342.0,0.0,0.0,-1.0,0
10925.0,60.0,17.57,274.88,16.0,3.0,1.0,60000.0,1.0,4.0,5.6,8.0,0.0,5269.0,78.6,8.0,1.0,0.0,0.0,0.0,687.0,2.0,0.1820833333333333,1.0,76.0,0.0,0.0,-1.0,0
5000.0,36.0,12.49,167.25,8.0,10.0,2.0,60000.0,1.0,4.0,18.28,10.0,2.0,2388.0,23.2,25.0,1.0,0.0,2.0,2.0,667.0,2.0,0.0833333333333333,0.4,216.0,0.0092592592592592,0.0092592592592592,1.0,0
15000.0,60.0,15.31,359.3,13.0,3.0,0.0,79981.0,1.0,0.0,19.86,18.0,1.0,15422.0,45.2,37.0,0.0,0.0,5.0,1.0,687.0,2.0,0.1875445418286843,0.4864864864864865,305.0,0.0032786885245901,0.0032786885245901,1.0,0
16000.0,36.0,7.9,500.65,3.0,1.0,0.0,150000.0,1.0,0.0,11.16,9.0,0.0,34123.0,74.7,23.0,0.0,0.0,2.0,0.0,707.0,2.0,0.1066666666666666,0.391304347826087,155.0,0.0,0.0,-1.0,0
14000.0,60.0,15.61,337.56,14.0,9.0,0.0,60000.0,1.0,0.0,11.62,9.0,0.0,16144.0,60.0,17.0,1.0,0.0,1.0,0.0,672.0,2.0,0.2333333333333333,0.5294117647058824,83.0,0.0,0.0,-1.0,0
16300.0,60.0,22.45,454.37,24.0,10.0,0.0,48000.0,1.0,0.0,26.68,7.0,0.0,6683.0,65.5,11.0,1.0,0.0,1.0,0.0,682.0,2.0,0.3395833333333333,0.6363636363636364,123.0,0.0,0.0,-1.0,0
5000.0,36.0,12.49,167.25,8.0,10.0,0.0,45000.0,1.0,2.0,9.36,4.0,0.0,3602.0,85.1,12.0,0.0,0.0,2.0,0.0,712.0,2.0,0.1111111111111111,0.3333333333333333,127.0,0.0,0.0,-1.0,0
8000.0,36.0,11.99,265.68,7.0,8.0,1.0,43680.0,2.0,0.0,26.9,8.0,0.0,1039.0,3.3,33.0,0.0,0.0,0.0,0.0,662.0,2.0,0.1831501831501831,0.2424242424242424,149.0,0.0,0.0,-1.0,0
14350.0,60.0,16.59,353.48,15.0,2.0,1.0,32000.0,1.0,4.0,11.52,20.0,0.0,11467.0,74.9,54.0,1.0,0.0,0.0,0.0,682.0,2.0,0.4484375,0.3703703703703703,118.0,0.0,0.0,-1.0,0
23000.0,60.0,15.31,550.92,13.0,7.0,0.0,58000.0,0.0,0.0,15.93,6.0,0.0,21892.0,95.2,13.0,1.0,0.0,1.0,0.0,717.0,2.0,0.396551724137931,0.4615384615384615,150.0,0.0,0.0,-1.0,0
18000.0,36.0,7.9,563.23,3.0,5.0,0.0,68000.0,2.0,2.0,20.54,17.0,0.0,8151.0,27.0,26.0,1.0,0.0,1.0,0.0,722.0,2.0,0.2647058823529412,0.6538461538461539,215.0,0.0,0.0,-1.0,0
12675.0,60.0,24.99,371.96,28.0,1.0,1.0,52000.0,2.0,0.0,2.15,6.0,1.0,2835.0,42.3,20.0,0.0,0.0,1.0,1.0,662.0,2.0,0.24375,0.3,135.0,0.0074074074074074,0.0074074074074074,1.0,0
5056.37255859375,36.0,7.9,158.21515747070313,3.0,4.0,1.0,361752.8125,2.0,4.0,54.14885940551758,5.0,0.0,28638.365234375,41.99123077392578,7.0,0.0,0.0,0.0,0.0,692.0,2.0,0.013977428277333531,0.7142857313156128,43.0,0.0,0.0,-1.0,0
10000.0,36.0,11.99,332.1,7.0,3.0,1.0,59000.0,1.0,4.0,20.16,17.0,0.0,16092.0,90.4,35.0,0.0,0.0,0.0,0.0,662.0,2.0,0.1694915254237288,0.4857142857142857,243.0,0.0,0.0,-1.0,0
20000.0,36.0,7.9,625.81,3.0,10.0,0.0,86000.0,1.0,0.0,7.68,7.0,0.0,11239.0,44.1,30.0,0.0,0.0,2.0,0.0,702.0,2.0,0.2325581395348837,0.2333333333333333,171.0,0.0,0.0,-1.0,0
4700.0,60.0,15.61,113.33,14.0,5.0,0.0,109000.0,0.0,8.0,12.87,18.0,0.0,8842.0,14.6,48.0,1.0,0.0,2.0,0.0,727.0,2.0,0.0431192660550458,0.375,121.0,0.0,0.0,-1.0,0
12000.0,60.0,15.31,287.44,13.0,10.0,0.0,60000.0,1.0,0.0,23.1,12.0,0.0,12849.0,52.2,28.0,1.0,0.0,6.0,0.0,667.0,2.0,0.2,0.4285714285714285,228.0,0.0,0.0,-1.0,0
25000.0,60.0,16.59,615.82,15.0,5.0,1.0,62500.0,1.0,0.0,20.31,16.0,1.0,17119.0,55.4,37.0,1.0,0.0,1.0,1.0,677.0,2.0,0.4,0.4324324324324324,160.0,0.00625,0.00625,1.0,1
19849.13671875,60.0,15.31,475.4446435546875,13.0,0.0,0.0,299951.125,1.0,4.0,55.36673553466797,12.0,0.0,261502.125,102.25733108520508,34.0,1.0,0.0,7.0,0.0,707.0,2.0,0.06617456725959117,0.3529411831806446,181.0,0.0,0.0,-1.0,0
7000.0,36.0,21.99,267.3,23.0,10.0,1.0,31500.0,2.0,0.0,6.14,9.0,0.0,3440.0,37.0,10.0,1.0,0.0,0.0,0.0,667.0,2.0,0.2222222222222222,0.9,62.0,0.0,0.0,-1.0,0
25000.0,60.0,21.18,678.87,22.0,2.0,1.0,65000.0,1.0,0.0,12.85,9.0,0.0,31246.0,53.5,14.0,1.0,0.0,1.0,0.0,697.0,2.0,0.3846153846153846,0.6428571428571429,178.0,0.0,0.0,-1.0,1
3500.0,36.0,23.43,136.27,25.0,10.0,1.0,50000.0,1.0,5.0,25.06,8.0,0.0,19712.0,48.2,14.0,0.0,0.0,0.0,0.0,682.0,2.0,0.07,0.5714285714285714,174.0,0.0,0.0,-1.0,0
20000.0,60.0,17.57,503.21,16.0,5.0,0.0,61000.0,0.0,4.0,32.17,18.0,0.0,27059.0,41.3,42.0,0.0,0.0,3.0,0.0,707.0,2.0,0.3278688524590163,0.4285714285714285,162.0,0.0,0.0,-1.0,0
7225.0,36.0,20.49,270.32,21.0,1.0,1.0,45000.0,1.0,4.0,15.44,13.0,0.0,6368.0,50.1,20.0,0.0,0.0,0.0,0.0,667.0,2.0,0.1605555555555555,0.65,111.0,0.0,0.0,-1.0,0
35000.0,36.0,11.99,1162.34,7.0,4.0,2.0,95000.0,2.0,0.0,21.24,26.0,0.0,35108.0,70.6,62.0,1.0,0.0,0.0,0.0,737.0,2.0,0.3684210526315789,0.4193548387096774,250.0,0.0,0.0,-1.0,0
7512.3857421875,36.0,15.61,262.66861450195313,14.0,10.0,2.0,138391.171875,1.0,0.0,0.4633961486816407,7.0,0.0,257615.609375,115.43951263427735,24.0,1.0,0.0,0.0,0.0,677.0,2.0,0.05428370862315113,0.2916666666666667,279.0,0.0,0.0,-1.0,0
18000.0,36.0,7.62,560.91,2.0,10.0,0.0,95000.0,1.0,0.0,15.18,18.0,0.0,18948.0,23.3,42.0,0.0,0.0,5.0,0.0,752.0,2.0,0.1894736842105263,0.4285714285714285,230.0,0.0,0.0,-1.0,0
13000.0,60.0,14.64,306.82,12.0,3.0,1.0,40000.0,1.0,0.0,16.32,7.0,0.0,6840.0,64.5,17.0,1.0,0.0,1.0,0.0,702.0,2.0,0.325,0.4117647058823529,76.0,0.0,0.0,-1.0,0
16900.0,60.0,19.47,442.78,19.0,6.0,0.0,65280.0,2.0,0.0,21.21,13.0,0.0,1779.0,8.2,31.0,1.0,0.0,1.0,0.0,677.0,2.0,0.2588848039215686,0.4193548387096774,135.0,0.0,0.0,-1.0,1
12025.3212890625,36.0,12.49,402.23454345703124,8.0,8.0,1.0,174082.9375,0.0,0.0,32.201881942749026,4.0,0.0,10271.6484375,80.77630004882812,14.0,1.0,0.0,0.0,0.0,677.0,2.0,0.06907811883377701,0.2857142857142857,177.0,0.0,0.0,-1.0,0
5975.0,36.0,17.57,214.73,16.0,10.0,1.0,35000.0,1.0,0.0,26.51,7.0,0.0,4832.0,41.3,8.0,1.0,0.0,0.0,0.0,697.0,2.0,0.1707142857142857,0.875,61.0,0.0,0.0,-1.0,0
27938.9921875,60.0,15.31,669.2201513671876,13.0,10.0,0.0,423452.03125,1.0,2.0,34.716926956176756,22.0,0.0,37206.6875,53.07287368774414,38.0,1.0,0.0,5.0,0.0,707.0,2.0,0.0659791265354781,0.5789473684210527,474.0,0.0,0.0,-1.0,0
35000.0,36.0,15.31,1218.61,13.0,2.0,0.0,113590.0,2.0,2.0,19.29,12.0,1.0,5693.0,32.5,34.0,1.0,0.0,2.0,1.0,672.0,2.0,0.3081257152918391,0.3529411764705882,255.0,0.0039215686274509,0.0039215686274509,1.0,0
25000.0,60.0,13.65,577.18,10.0,4.0,0.0,55000.0,1.0,0.0,21.99,20.0,0.0,26233.0,27.0,45.0,1.0,0.0,2.0,0.0,697.0,2.0,0.4545454545454545,0.4444444444444444,324.0,0.0,0.0,-1.0,0
10000.0,60.0,15.31,239.53,13.0,1.0,2.0,36000.0,1.0,4.0,6.77,13.0,0.0,6097.0,64.2,24.0,0.0,0.0,0.0,0.0,667.0,2.0,0.2777777777777778,0.5416666666666666,77.0,0.0,0.0,-1.0,0
25000.0,60.0,13.65,577.18,10.0,7.0,0.0,102000.0,2.0,0.0,12.31,12.0,0.0,13569.0,35.6,22.0,0.0,0.0,2.0,0.0,712.0,2.0,0.2450980392156862,0.5454545454545454,298.0,0.0,0.0,-1.0,0
10000.0,36.0,8.9,317.54,4.0,8.0,0.0,69950.0,0.0,4.0,13.41,12.0,0.0,18160.0,40.3,25.0,0.0,0.0,4.0,0.0,682.0,2.0,0.1429592566118656,0.48,145.0,0.0,0.0,-1.0,0
10000.0,36.0,6.62,307.04,1.0,2.0,0.0,55000.0,1.0,0.0,16.61,12.0,0.0,1610.0,3.4,30.0,1.0,0.0,1.0,0.0,832.0,2.0,0.1818181818181818,0.4,258.0,0.0,0.0,-1.0,0
8879.830078125,36.0,9.67,285.15409423828123,5.0,10.0,2.0,427062.90625,0.0,0.0,22.27789764404297,14.0,0.0,335865.75,23.950225830078125,24.0,1.0,0.0,0.0,0.0,727.0,2.0,0.020792797207832336,0.5833332935969034,184.0,0.0,0.0,-1.0,0
12000.0,36.0,7.9,375.49,3.0,1.0,2.0,61000.0,0.0,4.0,9.75,5.0,0.0,7274.0,79.1,15.0,1.0,0.0,0.0,0.0,682.0,2.0,0.1967213114754098,0.3333333333333333,137.0,0.0,0.0,-1.0,0
22000.0,60.0,14.64,519.24,12.0,3.0,1.0,56500.0,1.0,0.0,17.67,8.0,0.0,20919.0,88.3,12.0,1.0,0.0,0.0,0.0,707.0,2.0,0.3893805309734513,0.6666666666666666,459.0,0.0,0.0,-1.0,0
17228.53125,36.0,19.99,640.1869677734375,20.0,10.0,1.0,283953.34375,1.0,4.0,52.96302871704101,20.0,0.0,146841.21875,57.62867126464843,39.0,1.0,0.0,0.0,0.0,677.0,2.0,0.060673824350039096,0.5128205128205128,125.0,0.0,0.0,-1.0,1
14400.0,36.0,7.62,448.73,2.0,3.0,0.0,91000.0,2.0,0.0,20.03,8.0,0.0,31344.0,79.6,29.0,1.0,0.0,4.0,0.0,682.0,2.0,0.1582417582417582,0.2758620689655172,153.0,0.0,0.0,-1.0,0
7475.0,36.0,13.65,254.21,10.0,4.0,0.0,55273.0,0.0,0.0,19.11,9.0,1.0,5087.0,41.7,15.0,1.0,0.0,1.0,1.0,692.0,2.0,0.1352378195502324,0.6,153.0,0.0065359477124183,0.0065359477124183,1.0,1
20000.0,36.0,10.99,654.68,6.0,1.0,0.0,80000.0,2.0,2.0,16.8,20.0,0.0,4366.0,24.1,48.0,1.0,0.0,2.0,0.0,737.0,2.0,0.25,0.4166666666666667,113.0,0.0,0.0,-1.0,0
12000.0,36.0,10.99,392.81,6.0,3.0,2.0,45000.0,0.0,4.0,12.74,12.0,0.0,9145.0,57.5,20.0,0.0,0.0,0.0,0.0,697.0,2.0,0.2666666666666666,0.6,104.0,0.0,0.0,-1.0,0
13108.0419921875,36.0,12.49,438.4504736328125,8.0,4.0,1.0,524913.125,1.0,0.0,49.419447631835936,5.0,0.0,314450.34375,67.83240356445313,14.0,1.0,0.0,0.0,0.0,662.0,2.0,0.024971848517133383,0.3571428614003317,123.0,0.0,0.0,-1.0,0
10000.0,36.0,12.49,334.49,8.0,0.0,1.0,46000.0,0.0,0.0,16.25,9.0,0.0,7459.0,44.1,15.0,1.0,0.0,0.0,0.0,707.0,2.0,0.217391304347826,0.6,50.0,0.0,0.0,-1.0,0
16000.0,60.0,14.64,377.63,12.0,10.0,1.0,72800.0,1.0,0.0,16.72,30.0,1.0,14581.0,50.8,41.0,1.0,0.0,0.0,1.0,687.0,2.0,0.2197802197802197,0.7317073170731707,185.0,0.0054054054054054,0.0054054054054054,1.0,0
2800.0,36.0,15.31,97.49,13.0,0.0,0.0,35000.0,1.0,0.0,5.32,10.0,1.0,1421.0,27.9,38.0,0.0,0.0,1.0,1.0,677.0,2.0,0.08,0.2631578947368421,288.0,0.0034722222222222,0.0034722222222222,1.0,0
25000.0,36.0,13.65,850.2,10.0,10.0,1.0,72000.0,1.0,4.0,10.65,10.0,4.0,25398.0,76.7,16.0,1.0,0.0,4.0,0.0,672.0,2.0,0.3472222222222222,0.625,338.0,0.0118343195266272,0.0,0.0,0
5000.0,36.0,17.57,179.69,16.0,10.0,1.0,54000.0,0.0,5.0,18.87,8.0,1.0,4027.0,64.0,25.0,1.0,0.0,6.0,1.0,672.0,2.0,0.0925925925925925,0.32,217.0,0.0046082949308755,0.0046082949308755,1.0,0
6000.0,36.0,14.16,205.54,11.0,10.0,1.0,48000.0,0.0,0.0,10.3,8.0,1.0,5166.0,66.0,26.0,0.0,0.0,3.0,1.0,662.0,2.0,0.125,0.3076923076923077,182.0,0.0054945054945054,0.0054945054945054,1.0,0
18000.0,60.0,12.99,409.47,9.0,10.0,0.0,49000.0,1.0,0.0,23.0,7.0,0.0,6780.0,54.2,21.0,1.0,0.0,4.0,0.0,722.0,2.0,0.3673469387755102,0.3333333333333333,109.0,0.0,0.0,-1.0,0
10000.0,36.0,10.99,327.34,6.0,9.0,1.0,32000.0,0.0,4.0,26.03,11.0,0.0,9001.0,60.4,26.0,1.0,0.0,0.0,0.0,692.0,2.0,0.3125,0.4230769230769231,129.0,0.0,0.0,-1.0,0
34895.62109375,60.0,17.57,877.9777978515625,16.0,10.0,0.0,317906.4375,2.0,4.0,41.66124420166015,8.0,0.0,26321.01953125,92.68948822021484,19.0,1.0,0.0,2.0,0.0,737.0,2.0,0.10976694008056304,0.4210526315789473,318.0,0.0,0.0,-1.0,0
21000.0,60.0,14.16,490.38,11.0,8.0,0.0,100000.0,1.0,0.0,17.14,14.0,1.0,17166.0,71.5,37.0,1.0,0.0,5.0,0.0,722.0,2.0,0.21,0.3783783783783784,301.0,0.0033222591362126,0.0,0.0,0
3325.0,36.0,15.61,116.26,14.0,9.0,0.0,74000.0,1.0,0.0,18.42,11.0,1.0,1525.0,35.5,36.0,0.0,0.0,2.0,1.0,662.0,2.0,0.0449324324324324,0.3055555555555556,138.0,0.0072463768115942,0.0072463768115942,1.0,0
13200.708984375,36.0,8.9,419.16205444335935,4.0,2.0,1.0,238372.28125,2.0,0.0,30.025604095458984,11.0,0.0,23276.896484375,59.74091415405273,28.0,1.0,0.0,0.0,0.0,687.0,2.0,0.05537854206562043,0.3928571428571428,137.0,0.0,0.0,-1.0,0
30000.0,36.0,7.9,938.71,3.0,8.0,2.0,85000.0,2.0,0.0,12.35,14.0,0.0,21214.0,37.2,27.0,1.0,0.0,0.0,0.0,722.0,3.0,0.3529411764705882,0.5185185185185185,157.0,0.0,0.0,-1.0,0
22400.0,36.0,10.99,733.25,6.0,7.0,1.0,95000.0,0.0,4.0,18.51,10.0,0.0,45061.0,88.7,30.0,0.0,0.0,0.0,0.0,677.0,3.0,0.2357894736842105,0.3333333333333333,159.0,0.0,0.0,-1.0,0
20000.0,36.0,11.99,664.2,7.0,10.0,0.0,110000.0,0.0,0.0,7.49,8.0,0.0,6213.0,35.1,27.0,0.0,0.0,3.0,0.0,687.0,3.0,0.1818181818181818,0.2962962962962963,221.0,0.0,0.0,-1.0,0
10000.0,36.0,12.49,334.49,8.0,7.0,1.0,60500.0,1.0,0.0,16.82,6.0,1.0,2518.0,27.4,12.0,0.0,0.0,0.0,1.0,707.0,3.0,0.1652892561983471,0.5,318.0,0.0031446540880503,0.0031446540880503,1.0,0
18087.607421875,36.0,14.16,619.5959716796875,11.0,8.0,0.0,507281.75,1.0,0.0,40.36759902954101,19.0,1.0,67868.71875,47.4083969116211,31.0,0.0,0.0,2.0,1.0,672.0,3.0,0.035655940897613286,0.6129032258064516,175.0,0.0057142857142857,0.0057142857142857,1.0,0
8459.431640625,36.0,9.67,271.65403076171873,5.0,10.0,0.0,426675.46875,0.0,0.0,59.64628845214844,7.0,0.0,196886.0625,7.955441188812255,20.0,1.0,0.0,6.0,0.0,752.0,3.0,0.019826384482304046,0.34999999072816634,181.0,0.0,0.0,-1.0,0
17000.0,36.0,11.99,564.57,7.0,1.0,0.0,130000.0,2.0,2.0,8.55,14.0,0.0,5482.0,14.9,33.0,0.0,0.0,1.0,0.0,717.0,3.0,0.1307692307692307,0.4242424242424242,108.0,0.0,0.0,-1.0,0
35000.0,36.0,16.59,1240.72,15.0,6.0,0.0,185000.0,2.0,5.0,7.27,16.0,1.0,19303.0,34.3,35.0,0.0,0.0,1.0,0.0,672.0,3.0,0.1891891891891892,0.4571428571428571,233.0,0.0042918454935622,0.0,0.0,0
10000.0,36.0,6.03,304.36,0.0,1.0,1.0,47300.0,1.0,4.0,19.54,24.0,0.0,12042.0,56.3,50.0,1.0,0.0,0.0,0.0,717.0,3.0,0.2114164904862579,0.48,106.0,0.0,0.0,-1.0,0
11000.0,36.0,11.99,365.31,7.0,4.0,0.0,90000.0,2.0,0.0,6.19,9.0,0.0,13171.0,30.6,17.0,1.0,0.0,1.0,0.0,687.0,3.0,0.1222222222222222,0.5294117647058824,170.0,0.0,0.0,-1.0,0
6700.0,36.0,10.99,219.32,6.0,8.0,1.0,15000.0,1.0,4.0,27.84,10.0,1.0,9541.0,41.5,16.0,0.0,0.0,0.0,1.0,697.0,3.0,0.4466666666666666,0.625,89.0,0.0112359550561797,0.0112359550561797,1.0,0
5075.0,36.0,19.47,187.24,19.0,7.0,0.0,40000.0,1.0,4.0,34.38,11.0,2.0,4303.0,31.6,23.0,1.0,0.0,0.0,2.0,667.0,3.0,0.126875,0.4782608695652174,185.0,0.0108108108108108,0.0108108108108108,1.0,0
20000.0,60.0,15.61,482.23,14.0,10.0,0.0,56000.0,0.0,4.0,34.32,32.0,1.0,8717.0,48.4,63.0,0.0,0.0,3.0,1.0,677.0,3.0,0.3571428571428571,0.5079365079365079,213.0,0.0046948356807511,0.0046948356807511,1.0,1
7700.0,36.0,22.45,295.87,24.0,1.0,0.0,56400.0,1.0,8.0,8.36,12.0,0.0,5827.0,43.5,18.0,0.0,0.0,2.0,0.0,677.0,3.0,0.1365248226950354,0.6666666666666666,104.0,0.0,0.0,-1.0,1
5000.0,36.0,9.67,160.57,5.0,4.0,0.0,70000.0,0.0,0.0,20.02,24.0,0.0,41049.0,31.1,42.0,1.0,0.0,4.0,0.0,702.0,3.0,0.0714285714285714,0.5714285714285714,336.0,0.0,0.0,-1.0,0
7200.0,36.0,14.64,248.33,12.0,6.0,2.0,70000.0,2.0,4.0,6.58,13.0,0.0,10776.0,51.8,17.0,0.0,0.0,0.0,0.0,662.0,3.0,0.1028571428571428,0.7647058823529411,73.0,0.0,0.0,-1.0,0
33000.0,36.0,9.67,1059.72,5.0,8.0,0.0,150000.0,1.0,4.0,15.12,12.0,0.0,67158.0,79.9,27.0,0.0,0.0,2.0,0.0,707.0,3.0,0.22,0.4444444444444444,133.0,0.0,0.0,-1.0,0
24000.0,36.0,6.62,736.89,1.0,10.0,0.0,75000.0,1.0,4.0,27.47,11.0,0.0,32044.0,54.4,51.0,1.0,0.0,2.0,0.0,727.0,3.0,0.32,0.2156862745098039,400.0,0.0,0.0,-1.0,0
21100.0,36.0,8.9,670.0,4.0,10.0,0.0,55000.0,0.0,4.0,11.26,9.0,0.0,19158.0,38.5,17.0,0.0,0.0,1.0,0.0,687.0,3.0,0.3836363636363636,0.5294117647058824,156.0,0.0,0.0,-1.0,0
5500.0,36.0,15.61,192.31,14.0,10.0,1.0,36000.0,1.0,5.0,15.97,8.0,0.0,8085.0,83.4,9.0,0.0,0.0,0.0,0.0,672.0,3.0,0.1527777777777778,0.8888888888888888,227.0,0.0,0.0,-1.0,0
11600.0,60.0,22.45,323.36,24.0,3.0,2.0,29000.0,1.0,0.0,32.97,5.0,0.0,16477.0,95.8,9.0,1.0,0.0,0.0,0.0,702.0,3.0,0.4,0.5555555555555556,209.0,0.0,0.0,-1.0,1
15000.0,36.0,9.67,481.69,5.0,10.0,0.0,75000.0,0.0,0.0,19.5,18.0,0.0,14932.0,25.1,42.0,0.0,0.0,1.0,0.0,717.0,3.0,0.2,0.4285714285714285,195.0,0.0,0.0,-1.0,0
8000.0,36.0,11.99,265.68,7.0,10.0,0.0,52000.0,1.0,0.0,16.89,13.0,1.0,35723.0,69.0,24.0,1.0,0.0,3.0,1.0,712.0,3.0,0.1538461538461538,0.5416666666666666,225.0,0.0044444444444444,0.0044444444444444,1.0,0
12000.0,60.0,15.61,289.34,14.0,7.0,1.0,70000.0,1.0,0.0,10.65,11.0,0.0,7706.0,58.8,32.0,0.0,0.0,0.0,0.0,692.0,3.0,0.1714285714285714,0.34375,129.0,0.0,0.0,-1.0,1
26650.0,60.0,18.92,690.15,18.0,6.0,0.0,90000.0,0.0,5.0,26.73,21.0,0.0,23055.0,52.3,33.0,0.0,0.0,1.0,0.0,707.0,3.0,0.2961111111111111,0.6363636363636364,273.0,0.0,0.0,-1.0,1
30000.0,36.0,12.49,1003.47,8.0,10.0,0.0,175000.0,1.0,2.0,11.36,17.0,1.0,19851.0,46.1,21.0,1.0,0.0,2.0,1.0,732.0,3.0,0.1714285714285714,0.8095238095238095,228.0,0.0043859649122807,0.0043859649122807,1.0,0
14385.6416015625,36.0,9.67,461.9597644042969,5.0,2.0,2.0,249313.078125,1.0,4.0,25.93581539154053,14.0,0.0,61140.94140625,46.6490478515625,31.0,0.0,0.0,0.0,0.0,697.0,3.0,0.05770110147339952,0.45161291032001893,150.0,0.0,0.0,-1.0,0
13356.123046875,60.0,12.49,300.4183618164063,8.0,3.0,0.0,199143.828125,0.0,0.0,51.728043212890626,18.0,0.0,75987.875,24.37414665222168,28.0,0.0,0.0,4.0,0.0,782.0,3.0,0.06706773837407426,0.6428571590061846,158.0,0.0,0.0,-1.0,1
14000.0,36.0,12.99,471.65,9.0,10.0,0.0,160000.0,0.0,2.0,14.18,14.0,0.0,8413.0,38.6,36.0,0.0,0.0,3.0,0.0,667.0,3.0,0.0875,0.3888888888888889,200.0,0.0,0.0,-1.0,0
14650.0,36.0,13.65,498.22,10.0,3.0,1.0,32590.0,2.0,4.0,33.19,18.0,0.0,20233.0,31.9,22.0,0.0,0.0,0.0,0.0,702.0,3.0,0.4495243939858852,0.8181818181818182,139.0,0.0,0.0,-1.0,0
4375.0,36.0,19.99,162.57,20.0,2.0,1.0,21600.0,0.0,0.0,22.33,17.0,0.0,2494.0,95.9,22.0,1.0,0.0,0.0,0.0,672.0,3.0,0.2025462962962963,0.7727272727272727,129.0,0.0,0.0,-1.0,1
12000.0,60.0,15.61,289.34,14.0,8.0,0.0,35984.0,1.0,0.0,22.62,11.0,1.0,8820.0,60.4,30.0,0.0,0.0,2.0,1.0,682.0,3.0,0.3334815473543797,0.3666666666666666,201.0,0.0049751243781094,0.0049751243781094,1.0,1
8000.0,36.0,13.65,272.07,10.0,5.0,0.0,90787.0,1.0,0.0,22.72,12.0,0.0,14396.0,77.0,55.0,0.0,0.0,2.0,0.0,672.0,3.0,0.0881183429345611,0.2181818181818181,183.0,0.0,0.0,-1.0,0
20200.0,60.0,18.25,515.7,17.0,0.0,1.0,45000.0,1.0,0.0,21.79,6.0,0.0,3321.0,70.7,13.0,0.0,0.0,0.0,0.0,692.0,3.0,0.4488888888888889,0.4615384615384615,221.0,0.0,0.0,-1.0,0
9000.0,36.0,12.99,303.21,9.0,2.0,0.0,24960.0,1.0,4.0,24.09,13.0,0.0,9312.0,28.7,15.0,1.0,0.0,1.0,0.0,672.0,3.0,0.3605769230769231,0.8666666666666667,271.0,0.0,0.0,-1.0,0
4832.0283203125,36.0,15.31,168.23833740234375,13.0,9.0,1.0,122496.390625,0.0,5.0,57.453022155761715,15.0,1.0,163153.625,55.310185241699216,18.0,0.0,0.0,0.0,0.0,707.0,3.0,0.039446288633805046,0.8333332852313393,175.0,0.0057142857142857,0.0,0.0,0
19975.0,60.0,20.49,534.68,21.0,10.0,2.0,50000.0,1.0,5.0,19.2,10.0,0.0,34531.0,77.4,22.0,1.0,0.0,2.0,0.0,667.0,3.0,0.3995,0.4545454545454545,233.0,0.0,0.0,-1.0,1
5000.0,36.0,14.16,171.28,11.0,4.0,0.0,85000.0,1.0,0.0,2.51,3.0,0.0,6902.0,98.6,15.0,0.0,0.0,1.0,0.0,697.0,3.0,0.0588235294117647,0.2,88.0,0.0,0.0,-1.0,0
14400.0,60.0,18.92,372.92,18.0,3.0,2.0,32000.0,1.0,0.0,19.73,13.0,0.0,21816.0,44.3,23.0,1.0,0.0,0.0,0.0,687.0,3.0,0.45,0.5652173913043478,214.0,0.0,0.0,-1.0,1
17625.0,36.0,13.65,599.39,10.0,6.0,0.0,42000.0,1.0,0.0,12.49,6.0,2.0,1479.0,8.8,30.0,1.0,0.0,1.0,1.0,672.0,3.0,0.4196428571428571,0.2,203.0,0.0098522167487684,0.0049261083743842,0.5,0
11500.0,60.0,14.16,268.54,11.0,8.0,0.0,49500.0,0.0,0.0,27.95,13.0,0.0,11911.0,63.4,20.0,1.0,0.0,3.0,0.0,732.0,3.0,0.2323232323232323,0.65,184.0,0.0,0.0,-1.0,1
21000.0,60.0,18.25,536.13,17.0,5.0,1.0,99000.0,1.0,0.0,15.84,10.0,0.0,28947.0,86.4,14.0,1.0,0.0,0.0,0.0,692.0,3.0,0.2121212121212121,0.7142857142857143,172.0,0.0,0.0,-1.0,0
12000.0,36.0,12.49,401.39,8.0,10.0,0.0,72000.0,1.0,4.0,16.19,14.0,1.0,15078.0,64.4,48.0,1.0,0.0,5.0,0.0,692.0,3.0,0.1666666666666666,0.2916666666666667,241.0,0.0041493775933609,0.0,0.0,0
15019.3359375,60.0,13.65,346.7554040527344,10.0,8.0,0.0,459920.28125,0.0,0.0,29.411140747070313,8.0,0.0,250762.96875,78.22270202636719,17.0,1.0,0.0,4.0,0.0,707.0,3.0,0.03265638436589913,0.4705882105562422,227.0,0.0,0.0,-1.0,0
4800.0,36.0,7.9,150.2,3.0,4.0,1.0,100000.0,0.0,3.0,18.13,10.0,0.0,5246.0,23.3,29.0,0.0,0.0,1.0,0.0,742.0,3.0,0.048,0.3448275862068966,154.0,0.0,0.0,-1.0,0
20006.734375,36.0,10.99,654.8976513671874,6.0,10.0,2.0,252319.65625,1.0,0.0,40.06701316833496,15.0,0.0,49610.71875,29.58180809020996,36.0,0.0,0.0,0.0,0.0,737.0,3.0,0.0792912443478902,0.4166666666666667,204.0,0.0,0.0,-1.0,0
28800.0,36.0,7.9,901.16,3.0,10.0,0.0,99000.0,0.0,0.0,11.75,34.0,0.0,17405.0,12.0,54.0,1.0,0.0,6.0,0.0,797.0,3.0,0.2909090909090909,0.6296296296296297,312.0,0.0,0.0,-1.0,0
7200.0,36.0,6.03,219.14,0.0,3.0,1.0,74000.0,0.0,4.0,14.71,20.0,0.0,17787.0,25.6,34.0,1.0,0.0,0.0,0.0,747.0,3.0,0.0972972972972973,0.5882352941176471,93.0,0.0,0.0,-1.0,0
6000.0,36.0,9.67,192.68,5.0,6.0,0.0,31144.0,1.0,0.0,27.4,15.0,1.0,2511.0,19.6,29.0,0.0,0.0,2.0,0.0,672.0,3.0,0.1926534806062163,0.5172413793103449,220.0,0.0045454545454545,0.0,0.0,0
10475.0,60.0,17.57,263.56,16.0,10.0,1.0,25000.0,1.0,0.0,20.6,11.0,0.0,5325.0,22.2,15.0,1.0,0.0,0.0,0.0,742.0,3.0,0.419,0.7333333333333333,173.0,0.0,0.0,-1.0,1
8000.0,36.0,10.99,261.88,6.0,6.0,1.0,90000.0,0.0,0.0,18.47,12.0,0.0,19864.0,64.5,15.0,1.0,0.0,0.0,0.0,717.0,3.0,0.0888888888888888,0.8,224.0,0.0,0.0,-1.0,0
20000.0,36.0,14.64,689.79,12.0,10.0,0.0,99000.0,0.0,0.0,5.14,13.0,0.0,3250.0,16.8,30.0,0.0,0.0,2.0,0.0,672.0,3.0,0.202020202020202,0.4333333333333333,145.0,0.0,0.0,-1.0,0
15600.0,36.0,9.67,500.96,5.0,4.0,0.0,132000.0,1.0,4.0,12.19,9.0,0.0,43093.0,34.9,21.0,1.0,0.0,3.0,0.0,672.0,3.0,0.1181818181818181,0.4285714285714285,293.0,0.0,0.0,-1.0,0
20000.0,36.0,8.9,635.07,4.0,6.0,0.0,65000.0,2.0,4.0,7.81,12.0,0.0,21166.0,55.7,24.0,0.0,0.0,1.0,0.0,667.0,3.0,0.3076923076923077,0.5,103.0,0.0,0.0,-1.0,0
11000.0,36.0,12.49,367.94,8.0,10.0,0.0,47379.0,2.0,4.0,20.11,10.0,0.0,21310.0,92.3,25.0,1.0,0.0,3.0,0.0,687.0,3.0,0.2321703708394014,0.4,214.0,0.0,0.0,-1.0,0
14000.0,60.0,15.31,335.35,13.0,10.0,2.0,90000.0,1.0,4.0,11.93,12.0,0.0,36286.0,73.8,30.0,1.0,0.0,0.0,0.0,697.0,3.0,0.1555555555555555,0.4,203.0,0.0,0.0,-1.0,0
14900.0,60.0,15.61,359.26,14.0,3.0,0.0,44000.0,0.0,0.0,28.97,8.0,0.0,4841.0,88.0,21.0,1.0,0.0,2.0,0.0,707.0,3.0,0.3386363636363636,0.3809523809523809,171.0,0.0,0.0,-1.0,0
20000.0,60.0,17.57,503.21,16.0,6.0,1.0,55000.0,1.0,4.0,15.45,10.0,0.0,15227.0,73.9,17.0,1.0,0.0,0.0,0.0,667.0,3.0,0.3636363636363636,0.5882352941176471,136.0,0.0,0.0,-1.0,1
10000.0,60.0,15.31,239.53,13.0,3.0,0.0,34000.0,1.0,4.0,20.9,12.0,1.0,9198.0,71.3,31.0,1.0,0.0,2.0,1.0,667.0,3.0,0.2941176470588235,0.3870967741935484,186.0,0.0053763440860215,0.0053763440860215,1.0,1
15000.0,36.0,12.99,505.34,9.0,10.0,0.0,80000.0,1.0,0.0,2.85,8.0,0.0,7774.0,36.7,33.0,1.0,0.0,4.0,0.0,702.0,3.0,0.1875,0.2424242424242424,135.0,0.0,0.0,-1.0,0
10000.0,36.0,11.99,332.1,7.0,10.0,2.0,88000.0,0.0,5.0,3.1,6.0,0.0,9829.0,46.8,17.0,0.0,0.0,6.0,0.0,762.0,3.0,0.1136363636363636,0.3529411764705882,183.0,0.0,0.0,-1.0,0
8400.0,36.0,10.99,274.97,6.0,10.0,1.0,78000.0,1.0,0.0,7.45,6.0,1.0,3308.0,29.5,19.0,1.0,0.0,2.0,1.0,677.0,3.0,0.1076923076923077,0.3157894736842105,193.0,0.005181347150259,0.005181347150259,1.0,0
20000.0,36.0,7.12,618.64,2.0,8.0,1.0,175000.0,2.0,4.0,6.55,9.0,2.0,20150.0,56.9,13.0,1.0,0.0,0.0,0.0,677.0,4.0,0.1142857142857142,0.6923076923076923,372.0,0.0053763440860215,0.0,0.0,0
9591.609375,36.0,12.49,320.82940673828125,9.0,10.0,0.0,326568.03125,1.0,0.0,14.139392890930175,11.0,0.0,223306.109375,68.82472305297851,17.0,0.0,0.0,2.0,0.0,707.0,4.0,0.029370931982994092,0.6470588235294118,142.0,0.0,0.0,-1.0,0
26000.0,60.0,14.99,618.41,14.0,4.0,0.0,70000.0,0.0,0.0,23.68,18.0,0.0,27211.0,78.9,27.0,0.0,0.0,1.0,0.0,667.0,4.0,0.3714285714285714,0.6666666666666666,148.0,0.0,0.0,-1.0,0
22000.0,36.0,10.15,711.43,6.0,10.0,0.0,97000.0,2.0,4.0,23.48,12.0,0.0,43495.0,79.8,34.0,0.0,0.0,7.0,0.0,697.0,4.0,0.2268041237113402,0.3529411764705882,211.0,0.0,0.0,-1.0,0
5100.0,36.0,12.49,170.59,9.0,4.0,1.0,61000.0,0.0,0.0,5.61,12.0,0.0,2212.0,20.7,30.0,1.0,0.0,0.0,0.0,677.0,4.0,0.0836065573770491,0.4,178.0,0.0,0.0,-1.0,0
33425.0,36.0,11.67,1104.93,8.0,10.0,0.0,125000.0,2.0,0.0,23.8,15.0,0.0,33917.0,58.2,45.0,1.0,0.0,4.0,0.0,712.0,4.0,0.2674,0.3333333333333333,295.0,0.0,0.0,-1.0,0
2000.0,36.0,15.61,69.93,15.0,1.0,1.0,67500.0,2.0,3.0,8.18,4.0,0.0,3804.0,84.5,16.0,0.0,0.0,1.0,0.0,682.0,4.0,0.0296296296296296,0.25,342.0,0.0,0.0,-1.0,0
31059.87890625,36.0,12.99,1046.3776025390625,10.0,9.0,1.0,180430.359375,2.0,0.0,10.139039268493653,13.0,0.0,22578.171875,39.944158935546874,25.0,1.0,0.0,0.0,0.0,702.0,4.0,0.17214330747798462,0.52,199.0,0.0,0.0,-1.0,0
28000.0,36.0,7.69,873.42,3.0,5.0,0.0,77700.0,0.0,4.0,23.44,11.0,0.0,28050.0,56.0,23.0,0.0,0.0,4.0,0.0,747.0,4.0,0.3603603603603603,0.4782608695652174,178.0,0.0,0.0,-1.0,0
8400.0,36.0,6.03,255.66,0.0,0.0,1.0,46000.0,0.0,0.0,12.39,13.0,0.0,4290.0,42.9,18.0,1.0,0.0,0.0,0.0,722.0,4.0,0.1826086956521739,0.7222222222222222,70.0,0.0,0.0,-1.0,0
4000.0,36.0,12.99,134.76,10.0,10.0,1.0,50000.0,0.0,4.0,15.0,7.0,0.0,8157.0,59.5,9.0,0.0,0.0,0.0,0.0,667.0,4.0,0.08,0.7777777777777778,128.0,0.0,0.0,-1.0,0
10650.0,60.0,16.99,264.63,17.0,10.0,0.0,95000.0,0.0,0.0,27.56,22.0,0.0,186769.0,71.0,40.0,0.0,0.0,4.0,0.0,712.0,4.0,0.1121052631578947,0.55,267.0,0.0,0.0,-1.0,0
16800.0,60.0,16.29,411.14,16.0,2.0,0.0,50000.0,1.0,0.0,21.15,7.0,0.0,11665.0,63.7,20.0,1.0,0.0,2.0,0.0,682.0,4.0,0.336,0.35,145.0,0.0,0.0,-1.0,0
10000.0,36.0,14.99,346.61,14.0,6.0,1.0,75000.0,1.0,2.0,25.17,10.0,0.0,20845.0,86.1,12.0,1.0,0.0,0.0,0.0,682.0,4.0,0.1333333333333333,0.8333333333333334,76.0,0.0,0.0,-1.0,0
5500.0,36.0,7.69,171.57,3.0,7.0,0.0,55000.0,1.0,0.0,17.72,18.0,1.0,9646.0,14.8,32.0,0.0,0.0,3.0,0.0,747.0,4.0,0.1,0.5625,128.0,0.0078125,0.0,0.0,0
20000.0,60.0,16.29,489.45,16.0,10.0,0.0,77500.0,1.0,4.0,15.16,11.0,0.0,11525.0,64.1,31.0,1.0,0.0,4.0,0.0,667.0,4.0,0.2580645161290322,0.3548387096774194,144.0,0.0,0.0,-1.0,0
14575.0,36.0,12.99,491.02,10.0,4.0,1.0,50000.0,2.0,0.0,10.35,16.0,0.0,14590.0,51.6,22.0,1.0,0.0,0.0,0.0,667.0,4.0,0.2915,0.7272727272727273,88.0,0.0,0.0,-1.0,0
10375.0,36.0,10.99,339.62,7.0,10.0,0.0,38000.0,1.0,4.0,20.69,17.0,0.0,11044.0,39.7,44.0,1.0,0.0,2.0,0.0,687.0,4.0,0.2730263157894737,0.3863636363636363,139.0,0.0,0.0,-1.0,0
20000.0,60.0,19.52,524.56,21.0,3.0,0.0,78300.0,1.0,0.0,27.82,12.0,0.0,5726.0,76.3,27.0,0.0,0.0,2.0,0.0,677.0,4.0,0.2554278416347382,0.4444444444444444,216.0,0.0,0.0,-1.0,0
3175.0,36.0,13.98,108.49,12.0,9.0,0.0,52000.0,1.0,5.0,1.98,3.0,1.0,4664.0,32.6,3.0,1.0,0.0,1.0,1.0,672.0,4.0,0.0610576923076923,1.0,134.0,0.0074626865671641,0.0074626865671641,1.0,0
14000.0,36.0,9.17,446.31,5.0,3.0,0.0,250000.0,1.0,0.0,6.88,17.0,0.0,30339.0,37.6,26.0,1.0,0.0,3.0,0.0,702.0,4.0,0.056,0.6538461538461539,212.0,0.0,0.0,-1.0,0
10500.0,60.0,11.67,231.82,8.0,5.0,0.0,118000.0,2.0,0.0,0.3,14.0,1.0,525.0,2.5,43.0,0.0,0.0,1.0,0.0,687.0,4.0,0.0889830508474576,0.3255813953488372,269.0,0.0037174721189591,0.0,0.0,0
25967.59765625,60.0,17.57,653.347734375,18.0,0.0,0.0,166015.859375,1.0,0.0,35.52710662841797,8.0,0.0,26837.279296875,83.14573974609375,16.0,1.0,0.0,1.0,0.0,677.0,4.0,0.15641635846007948,0.5,139.0,0.0,0.0,-1.0,0
6000.0,36.0,7.69,187.17,3.0,3.0,1.0,60000.0,0.0,5.0,9.4,9.0,0.0,4092.0,30.8,12.0,0.0,0.0,0.0,0.0,757.0,4.0,0.1,0.75,80.0,0.0,0.0,-1.0,0
6000.0,36.0,8.39,189.1,4.0,10.0,1.0,83636.8,0.0,2.0,16.0,7.0,0.0,7201.0,35.3,32.0,0.0,0.0,3.0,0.0,667.0,4.0,0.0717387561456201,0.21875,215.0,0.0,0.0,-1.0,0
12293.0263671875,36.0,12.99,414.14025390625,10.0,10.0,1.0,103629.15625,0.0,4.0,15.799808883666993,4.0,1.0,4499.3203125,46.09757614135742,16.0,1.0,0.0,1.0,1.0,662.0,4.0,0.11862517084066682,0.25,428.0,0.0023364485981308,0.0023364485981308,1.0,0
2800.0,36.0,16.29,98.85,16.0,10.0,1.0,36000.0,0.0,0.0,15.2,6.0,0.0,3742.0,74.8,9.0,1.0,0.0,1.0,0.0,667.0,4.0,0.0777777777777777,0.6666666666666666,151.0,0.0,0.0,-1.0,0
10000.0,36.0,11.67,330.57,8.0,3.0,1.0,60000.0,0.0,9.0,13.34,13.0,0.0,8594.0,45.7,21.0,0.0,0.0,2.0,0.0,682.0,4.0,0.1666666666666666,0.6190476190476191,148.0,0.0,0.0,-1.0,1
13750.0,36.0,16.29,485.39,16.0,2.0,0.0,80000.0,1.0,1.0,13.88,16.0,0.0,12734.0,41.3,27.0,1.0,0.0,1.0,0.0,672.0,4.0,0.171875,0.5925925925925926,125.0,0.0,0.0,-1.0,0
8947.923828125,36.0,18.24,324.5668701171875,19.0,1.0,1.0,218769.75,2.0,0.0,13.276489906311035,17.0,0.0,31415.384765625,27.899120330810547,28.0,1.0,0.0,3.0,0.0,677.0,4.0,0.04090108116467789,0.6071428571428571,88.0,0.0,0.0,-1.0,0
20000.0,36.0,13.98,683.36,12.0,4.0,2.0,88000.0,1.0,0.0,18.46,16.0,0.0,22330.0,78.6,29.0,0.0,0.0,1.0,0.0,672.0,4.0,0.2272727272727272,0.5517241379310345,228.0,0.0,0.0,-1.0,0
8040.2275390625,36.0,12.49,268.9372802734375,9.0,1.0,1.0,95579.4453125,2.0,0.0,14.971729469299316,7.0,1.0,29805.111328125,57.51379623413086,12.0,0.0,0.0,0.0,0.0,682.0,4.0,0.08412089090848313,0.5833333333333334,179.0,0.0055865921787709,0.0,0.0,0
14300.0,36.0,7.69,446.07,3.0,8.0,1.0,94000.0,0.0,0.0,4.6,9.0,0.0,1132.0,7.3,27.0,1.0,0.0,2.0,0.0,707.0,4.0,0.152127659574468,0.3333333333333333,214.0,0.0,0.0,-1.0,0
7075.5712890625,36.0,19.52,261.2270446777344,21.0,8.0,1.0,168333.9375,1.0,6.0,27.763260040283203,9.0,3.0,0.0,57.418199157714845,23.0,1.0,0.0,0.0,1.0,667.0,4.0,0.04203294630436333,0.391304347826087,160.0,0.01875,0.00625,0.3333333333333333,0
16500.0,60.0,22.15,457.13,24.0,10.0,1.0,75000.0,1.0,0.0,6.55,15.0,0.0,9981.0,45.6,28.0,0.0,0.0,0.0,0.0,677.0,4.0,0.22,0.5357142857142857,103.0,0.0,0.0,-1.0,0
22000.0,36.0,19.52,812.23,21.0,10.0,0.0,76500.0,1.0,4.0,23.12,8.0,0.0,11996.0,74.0,23.0,0.0,0.0,2.0,0.0,677.0,4.0,0.2875816993464052,0.3478260869565217,177.0,0.0,0.0,-1.0,0
14825.0,36.0,14.99,513.85,14.0,7.0,1.0,60000.0,0.0,0.0,13.88,11.0,0.0,9210.0,35.3,14.0,1.0,0.0,0.0,0.0,682.0,4.0,0.2470833333333333,0.7857142857142857,65.0,0.0,0.0,-1.0,0
31500.0,36.0,7.69,982.6,3.0,7.0,0.0,150000.0,1.0,0.0,11.88,28.0,0.0,32139.0,42.0,58.0,0.0,0.0,3.0,0.0,742.0,4.0,0.21,0.4827586206896552,343.0,0.0,0.0,-1.0,0
5300.0,36.0,12.49,177.28,9.0,10.0,1.0,30000.0,1.0,0.0,17.1,10.0,1.0,3727.0,12.9,36.0,1.0,0.0,0.0,1.0,667.0,4.0,0.1766666666666666,0.2777777777777778,347.0,0.0028818443804034,0.0028818443804034,1.0,0
13925.0,36.0,16.99,496.4,17.0,8.0,2.0,35000.0,1.0,0.0,25.1,12.0,0.0,6747.0,72.5,14.0,0.0,0.0,0.0,0.0,667.0,4.0,0.3978571428571428,0.8571428571428571,153.0,0.0,0.0,-1.0,0
7974.8955078125,36.0,12.49,266.7519775390625,9.0,10.0,0.0,543468.5625,0.0,0.0,93.42078216552734,10.0,1.0,86855.8359375,59.815650939941406,20.0,1.0,0.0,6.0,1.0,662.0,4.0,0.014674066858632137,0.5,183.0,0.0054644808743169,0.0054644808743169,1.0,0
16000.0,36.0,10.99,523.75,7.0,0.0,1.0,65000.0,0.0,0.0,15.08,11.0,0.0,13610.0,32.6,21.0,1.0,0.0,0.0,0.0,697.0,4.0,0.2461538461538461,0.5238095238095238,353.0,0.0,0.0,-1.0,0
5000.0,36.0,15.61,174.83,15.0,1.0,1.0,52000.0,2.0,5.0,20.72,15.0,0.0,10896.0,44.5,39.0,1.0,0.0,4.0,0.0,667.0,4.0,0.0961538461538461,0.3846153846153846,244.0,0.0,0.0,-1.0,0
8975.42578125,36.0,13.35,303.9335656738281,11.0,7.0,0.0,352701.125,0.0,2.0,38.179325637817385,18.0,0.0,352822.5625,32.219421005249025,37.0,1.0,0.0,6.0,0.0,662.0,4.0,0.02544768253962193,0.48648648356136515,398.0,0.0,0.0,-1.0,0
1000.0,36.0,15.31,34.82,13.0,8.0,1.0,42000.0,0.0,0.0,19.69,4.0,1.0,1663.0,55.4,12.0,0.0,0.0,0.0,0.0,667.0,4.0,0.0238095238095238,0.3333333333333333,95.0,0.0105263157894736,0.0,0.0,1
12000.0,36.0,15.61,419.58,14.0,10.0,0.0,43000.0,0.0,0.0,20.65,8.0,0.0,11894.0,88.1,20.0,0.0,0.0,3.0,0.0,672.0,4.0,0.2790697674418604,0.4,196.0,0.0,0.0,-1.0,0
20000.0,60.0,12.99,454.96,9.0,7.0,2.0,65000.0,1.0,2.0,17.95,8.0,0.0,21859.0,59.2,21.0,0.0,0.0,2.0,0.0,742.0,4.0,0.3076923076923077,0.3809523809523809,186.0,0.0,0.0,-1.0,0
14400.0,36.0,12.99,485.13,9.0,10.0,0.0,61200.0,1.0,0.0,26.79,11.0,1.0,7340.0,59.7,21.0,0.0,0.0,0.0,0.0,687.0,4.0,0.2352941176470588,0.5238095238095238,126.0,0.0079365079365079,0.0,0.0,0
4550.0,36.0,18.25,165.07,17.0,8.0,1.0,12000.0,2.0,4.0,24.4,12.0,0.0,2092.0,83.7,19.0,0.0,0.0,1.0,0.0,667.0,4.0,0.3791666666666666,0.631578947368421,177.0,0.0,0.0,-1.0,0
12000.0,60.0,14.16,280.22,11.0,10.0,0.0,48000.0,0.0,4.0,5.63,4.0,0.0,9881.0,85.9,7.0,0.0,0.0,1.0,0.0,697.0,4.0,0.25,0.5714285714285714,62.0,0.0,0.0,-1.0,0
12000.0,36.0,10.99,392.81,6.0,3.0,0.0,140000.0,1.0,0.0,9.46,10.0,0.0,8048.0,37.6,21.0,0.0,0.0,2.0,0.0,672.0,4.0,0.0857142857142857,0.4761904761904761,124.0,0.0,0.0,-1.0,0
9450.0,36.0,19.47,348.65,19.0,10.0,0.0,50000.0,1.0,5.0,15.6,8.0,0.0,8763.0,85.9,27.0,0.0,0.0,1.0,0.0,677.0,4.0,0.189,0.2962962962962963,235.0,0.0,0.0,-1.0,0
24500.0,36.0,8.9,777.96,4.0,10.0,0.0,282000.0,1.0,0.0,15.78,12.0,0.0,36540.0,89.3,35.0,0.0,0.0,2.0,0.0,707.0,4.0,0.0868794326241134,0.3428571428571428,433.0,0.0,0.0,-1.0,0
35000.0,60.0,15.61,843.9,14.0,2.0,0.0,145000.0,2.0,0.0,28.03,15.0,0.0,44948.0,28.7,47.0,1.0,0.0,5.0,0.0,737.0,4.0,0.2413793103448276,0.3191489361702128,188.0,0.0,0.0,-1.0,0
10500.0,60.0,16.59,258.65,15.0,10.0,1.0,55000.0,1.0,0.0,14.51,13.0,0.0,9388.0,54.6,18.0,0.0,0.0,0.0,0.0,697.0,4.0,0.1909090909090909,0.7222222222222222,113.0,0.0,0.0,-1.0,1
16000.0,36.0,11.99,531.36,7.0,0.0,1.0,62159.0,2.0,0.0,23.04,15.0,0.0,25826.0,75.3,26.0,1.0,0.0,0.0,0.0,662.0,4.0,0.2574043983976576,0.5769230769230769,81.0,0.0,0.0,-1.0,1
10000.0,60.0,15.31,239.53,13.0,5.0,1.0,35500.0,1.0,0.0,25.35,12.0,0.0,8624.0,46.9,19.0,0.0,0.0,0.0,0.0,702.0,4.0,0.2816901408450704,0.631578947368421,50.0,0.0,0.0,-1.0,0
10000.0,60.0,15.61,241.12,14.0,3.0,0.0,50000.0,1.0,0.0,12.99,9.0,1.0,8415.0,44.8,10.0,0.0,0.0,1.0,1.0,697.0,4.0,0.2,0.9,142.0,0.0070422535211267,0.0070422535211267,1.0,1
8500.0,36.0,15.61,297.21,14.0,9.0,0.0,78000.0,2.0,0.0,9.62,7.0,0.0,3546.0,60.1,11.0,1.0,0.0,3.0,0.0,672.0,4.0,0.1089743589743589,0.6363636363636364,173.0,0.0,0.0,-1.0,1
35000.0,36.0,13.65,1190.28,10.0,3.0,0.0,375000.0,2.0,0.0,15.06,7.0,0.0,318017.0,98.0,27.0,0.0,0.0,2.0,0.0,712.0,4.0,0.0933333333333333,0.2592592592592592,148.0,0.0,0.0,-1.0,0
17000.0,60.0,12.99,386.72,9.0,4.0,0.0,46000.0,0.0,0.0,14.92,10.0,0.0,3934.0,18.7,62.0,0.0,0.0,3.0,0.0,717.0,4.0,0.3695652173913043,0.1612903225806451,252.0,0.0,0.0,-1.0,0
11000.0,36.0,8.9,349.29,4.0,6.0,0.0,60000.0,0.0,0.0,17.44,8.0,0.0,5587.0,45.4,29.0,0.0,0.0,2.0,0.0,692.0,4.0,0.1833333333333333,0.2758620689655172,267.0,0.0,0.0,-1.0,0
10000.0,36.0,7.69,311.94,3.0,4.0,1.0,70000.0,1.0,0.0,7.92,7.0,0.0,6513.0,35.8,27.0,1.0,0.0,0.0,0.0,707.0,4.0,0.1428571428571428,0.2592592592592592,106.0,0.0,0.0,-1.0,0
10000.0,60.0,18.24,255.25,19.0,1.0,2.0,35000.0,1.0,0.0,19.03,18.0,2.0,7937.0,61.1,27.0,1.0,0.0,1.0,2.0,662.0,4.0,0.2857142857142857,0.6666666666666666,165.0,0.0121212121212121,0.0121212121212121,1.0,0
8000.0,36.0,13.98,273.35,12.0,4.0,0.0,70000.0,2.0,7.0,11.5,7.0,0.0,34565.0,81.3,19.0,1.0,0.0,4.0,0.0,687.0,4.0,0.1142857142857142,0.3684210526315789,229.0,0.0,0.0,-1.0,0
20066.150390625,36.0,7.12,620.690537109375,2.0,4.0,0.0,506925.15625,0.0,4.0,51.39249053955078,15.0,0.0,116886.6953125,63.482200622558594,23.0,1.0,0.0,7.0,0.0,742.0,4.0,0.039584042770521966,0.6521739554405213,118.0,0.0,0.0,-1.0,0
8446.931640625,36.0,8.39,266.2198852539062,4.0,0.0,0.0,135462.046875,0.0,0.0,25.753083114624022,12.0,0.0,66733.328125,27.508212661743165,38.0,1.0,0.0,3.0,0.0,707.0,4.0,0.06235644602811473,0.3157894736842105,257.0,0.0,0.0,-1.0,1
7975.0,36.0,16.99,284.3,17.0,6.0,1.0,40000.0,1.0,5.0,13.85,15.0,0.0,7005.0,38.5,24.0,1.0,0.0,0.0,0.0,687.0,4.0,0.199375,0.625,142.0,0.0,0.0,-1.0,0
8800.0,36.0,8.9,279.43,4.0,10.0,1.0,66965.0,1.0,0.0,16.83,14.0,0.0,8155.0,38.3,40.0,0.0,0.0,3.0,0.0,712.0,4.0,0.1314119316060628,0.35,140.0,0.0,0.0,-1.0,0
13952.0712890625,36.0,10.99,456.7051708984375,6.0,1.0,2.0,565731.3125,1.0,4.0,60.336069335937495,12.0,0.0,31844.5,37.38975143432617,42.0,1.0,0.0,5.0,0.0,687.0,4.0,0.02466201219293801,0.28571430938999826,199.0,0.0,0.0,-1.0,0
18900.0,36.0,10.99,618.68,6.0,0.0,0.0,42000.0,1.0,4.0,12.91,8.0,2.0,16340.0,35.1,17.0,0.0,0.0,0.0,0.0,722.0,4.0,0.45,0.4705882352941176,255.0,0.0078431372549019,0.0,0.0,0
10000.0,60.0,13.35,229.33,11.0,10.0,0.0,60000.0,0.0,0.0,8.84,7.0,0.0,9013.0,68.3,12.0,0.0,0.0,2.0,0.0,687.0,4.0,0.1666666666666666,0.5833333333333334,147.0,0.0,0.0,-1.0,1
17625.0,36.0,13.98,602.21,12.0,3.0,1.0,40250.0,2.0,4.0,11.45,13.0,0.0,15621.0,39.7,18.0,0.0,0.0,0.0,0.0,682.0,4.0,0.4378881987577639,0.7222222222222222,152.0,0.0,0.0,-1.0,0
9350.0,36.0,13.35,316.62,11.0,3.0,0.0,45000.0,1.0,4.0,23.12,26.0,1.0,6510.0,19.1,52.0,1.0,0.0,3.0,1.0,682.0,5.0,0.2077777777777777,0.5,234.0,0.0042735042735042,0.0042735042735042,1.0,1
10000.0,36.0,7.69,311.94,3.0,10.0,0.0,95000.0,1.0,0.0,6.63,11.0,1.0,10053.0,34.3,42.0,1.0,0.0,6.0,1.0,667.0,5.0,0.1052631578947368,0.2619047619047619,363.0,0.0027548209366391,0.0027548209366391,1.0,0
11000.0,36.0,14.49,378.58,13.0,8.0,1.0,89000.0,1.0,5.0,9.86,5.0,0.0,12208.0,62.0,11.0,0.0,0.0,0.0,0.0,687.0,5.0,0.1235955056179775,0.4545454545454545,77.0,0.0,0.0,-1.0,0
13775.0,60.0,17.57,346.59,18.0,2.0,1.0,38400.0,0.0,4.0,28.03,11.0,0.0,14015.0,77.0,17.0,0.0,0.0,0.0,0.0,682.0,5.0,0.3587239583333333,0.6470588235294118,120.0,0.0,0.0,-1.0,0
4800.0,36.0,10.15,155.23,6.0,4.0,1.0,30000.0,0.0,0.0,4.96,11.0,1.0,3247.0,32.5,31.0,0.0,0.0,1.0,1.0,662.0,5.0,0.16,0.3548387096774194,235.0,0.0042553191489361,0.0042553191489361,1.0,0
5000.0,36.0,10.99,163.67,7.0,8.0,1.0,55000.0,0.0,0.0,6.61,5.0,0.0,11269.0,64.0,15.0,0.0,0.0,0.0,0.0,672.0,5.0,0.0909090909090909,0.3333333333333333,109.0,0.0,0.0,-1.0,0
11637.3974609375,36.0,10.99,380.93694580078125,7.0,8.0,1.0,763419.5,0.0,4.0,-0.9999991607666026,9.0,0.0,1152.576171875,54.32044143676758,13.0,0.0,0.0,0.0,0.0,692.0,5.0,0.015243774652481057,0.6923076923076923,88.0,0.0,0.0,-1.0,0
17500.0,36.0,8.39,551.55,4.0,4.0,1.0,70000.0,0.0,4.0,10.17,19.0,0.0,19920.0,28.1,33.0,0.0,0.0,0.0,0.0,697.0,5.0,0.25,0.5757575757575758,158.0,0.0,0.0,-1.0,0
20049.638671875,60.0,18.24,511.74991821289063,19.0,6.0,1.0,379141.40625,1.0,4.0,14.860791549682617,14.0,1.0,89539.578125,62.883209228515625,32.0,0.0,0.0,2.0,0.0,662.0,5.0,0.05288169019144917,0.43750001345911327,177.0,0.0056497175141242,0.0,0.0,1
16000.0,60.0,17.57,402.57,18.0,10.0,1.0,45000.0,2.0,4.0,27.29,16.0,1.0,7721.0,44.9,33.0,1.0,0.0,0.0,0.0,667.0,5.0,0.3555555555555555,0.4848484848484848,219.0,0.0045662100456621,0.0,0.0,1
7025.0,36.0,13.98,240.03,12.0,8.0,0.0,18644.0,1.0,4.0,12.04,8.0,0.0,8490.0,63.8,10.0,1.0,0.0,1.0,0.0,702.0,5.0,0.3767968247157262,0.8,80.0,0.0,0.0,-1.0,1
6000.0,36.0,13.35,203.18,11.0,3.0,1.0,27600.0,0.0,0.0,10.57,5.0,0.0,3153.0,101.7,45.0,1.0,0.0,0.0,0.0,662.0,5.0,0.217391304347826,0.1111111111111111,155.0,0.0,0.0,-1.0,1
4000.0,36.0,13.98,136.68,12.0,8.0,1.0,52000.0,0.0,0.0,34.39,12.0,0.0,28137.0,75.6,20.0,1.0,0.0,0.0,0.0,692.0,5.0,0.0769230769230769,0.6,168.0,0.0,0.0,-1.0,0
9600.0,36.0,10.99,314.25,7.0,8.0,1.0,65000.0,0.0,0.0,5.54,7.0,1.0,8046.0,44.9,13.0,1.0,0.0,0.0,1.0,682.0,5.0,0.1476923076923077,0.5384615384615384,102.0,0.0098039215686274,0.0098039215686274,1.0,0
11400.0,60.0,19.52,299.0,21.0,1.0,0.0,57000.0,1.0,0.0,9.98,17.0,1.0,7446.0,47.7,46.0,0.0,0.0,3.0,0.0,672.0,5.0,0.2,0.3695652173913043,301.0,0.0033222591362126,0.0,0.0,0
15000.0,36.0,14.99,519.91,14.0,0.0,1.0,42000.0,0.0,0.0,12.0,10.0,0.0,14624.0,75.4,20.0,1.0,0.0,2.0,0.0,672.0,5.0,0.3571428571428571,0.5,249.0,0.0,0.0,-1.0,0
7000.0,36.0,11.67,231.4,8.0,10.0,1.0,48000.0,1.0,0.0,14.15,12.0,1.0,4613.0,26.7,34.0,0.0,0.0,0.0,1.0,672.0,5.0,0.1458333333333333,0.3529411764705882,239.0,0.00418410041841,0.00418410041841,1.0,0
22375.0,60.0,22.15,619.89,24.0,3.0,1.0,70000.0,2.0,1.0,14.67,8.0,0.0,19211.0,78.4,23.0,1.0,0.0,2.0,0.0,722.0,5.0,0.3196428571428571,0.3478260869565217,154.0,0.0,0.0,-1.0,1
7905.4296875,36.0,16.29,279.0653344726563,16.0,10.0,1.0,608390.4375,2.0,0.0,74.53336288452148,18.0,0.0,393321.03125,111.05354309082031,45.0,1.0,0.0,4.0,0.0,682.0,5.0,0.012994009450725832,0.40000000866976654,211.0,0.0,0.0,-1.0,0
12036.8623046875,36.0,13.98,411.27546264648436,12.0,3.0,1.0,644362.5,0.0,0.0,28.225181274414062,9.0,0.0,54962.015625,58.43382186889649,15.0,0.0,0.0,1.0,0.0,687.0,5.0,0.018680264883571107,0.6,278.0,0.0,0.0,-1.0,0
5800.0,36.0,10.99,189.86,7.0,3.0,2.0,41000.0,1.0,2.0,16.83,9.0,1.0,1923.0,9.5,14.0,0.0,0.0,0.0,1.0,717.0,5.0,0.1414634146341463,0.6428571428571429,176.0,0.0056818181818181,0.0056818181818181,1.0,0
11200.0,60.0,18.99,290.48,20.0,0.0,1.0,39000.0,1.0,0.0,13.85,9.0,0.0,5740.0,54.7,24.0,0.0,0.0,3.0,0.0,672.0,5.0,0.2871794871794871,0.375,303.0,0.0,0.0,-1.0,0
21600.0,60.0,16.29,528.61,16.0,9.0,0.0,84000.0,1.0,0.0,14.63,11.0,0.0,21560.0,70.0,27.0,0.0,0.0,1.0,0.0,672.0,5.0,0.2571428571428571,0.4074074074074074,163.0,0.0,0.0,-1.0,0
12000.0,36.0,12.99,404.27,10.0,6.0,0.0,50000.0,0.0,0.0,19.66,9.0,0.0,17134.0,92.6,28.0,1.0,0.0,1.0,0.0,662.0,5.0,0.24,0.3214285714285714,129.0,0.0,0.0,-1.0,0
14458.9501953125,36.0,10.15,467.57174194335937,6.0,10.0,1.0,136496.34375,2.0,0.0,49.41540374755859,6.0,0.0,364473.0625,110.85716705322265,29.0,1.0,0.0,2.0,0.0,697.0,5.0,0.10592920323794858,0.2068965683380762,425.0,0.0,0.0,-1.0,0
10975.0,36.0,16.99,391.24,17.0,6.0,1.0,50000.0,1.0,5.0,25.08,7.0,1.0,2602.0,33.4,19.0,0.0,0.0,0.0,0.0,687.0,5.0,0.2195,0.3684210526315789,88.0,0.0113636363636363,0.0,0.0,1
7200.0,36.0,13.35,243.82,11.0,4.0,1.0,27000.0,0.0,4.0,27.56,10.0,0.0,6124.0,55.2,15.0,1.0,0.0,0.0,0.0,672.0,5.0,0.2666666666666666,0.6666666666666666,86.0,0.0,0.0,-1.0,0
15712.9853515625,36.0,9.17,500.91249877929687,5.0,1.0,1.0,484634.3125,1.0,0.0,4.879218978881838,14.0,0.0,0.0,27.491835021972655,21.0,0.0,0.0,0.0,0.0,717.0,5.0,0.032422354114505475,0.6666666666666666,176.0,0.0,0.0,-1.0,0
30000.0,60.0,16.29,734.18,16.0,7.0,1.0,72500.0,2.0,4.0,13.17,8.0,0.0,5503.0,32.0,21.0,1.0,0.0,0.0,0.0,727.0,5.0,0.4137931034482758,0.3809523809523809,124.0,0.0,0.0,-1.0,1
15000.0,60.0,16.99,372.71,17.0,6.0,1.0,54641.0,0.0,4.0,31.83,23.0,0.0,9282.0,77.3,57.0,0.0,0.0,4.0,0.0,707.0,5.0,0.2745191339836386,0.4035087719298245,201.0,0.0,0.0,-1.0,0
4471.626953125,36.0,15.61,156.34927642822265,15.0,10.0,0.0,250273.8125,0.0,3.0,66.44726287841797,12.0,0.0,470263.0625,37.46393165588379,31.0,1.0,0.0,6.0,0.0,672.0,5.0,0.0178669385612011,0.3870967492975037,190.0,0.0,0.0,-1.0,0
8000.0,36.0,18.24,290.19,19.0,9.0,0.0,72000.0,1.0,2.0,10.95,5.0,1.0,74.0,1.1,21.0,1.0,0.0,4.0,1.0,677.0,5.0,0.1111111111111111,0.238095238095238,190.0,0.0052631578947368,0.0052631578947368,1.0,0
25031.13671875,36.0,6.49,767.071416015625,1.0,10.0,0.0,258103.09375,1.0,0.0,9.007183189392089,10.0,0.0,166018.328125,22.17857780456543,26.0,1.0,0.0,4.0,0.0,792.0,5.0,0.09698116102001877,0.3846153846153846,288.0,0.0,0.0,-1.0,0
20000.0,36.0,14.99,693.21,14.0,10.0,2.0,133000.0,1.0,0.0,15.71,20.0,0.0,39951.0,69.1,38.0,0.0,0.0,3.0,0.0,662.0,5.0,0.150375939849624,0.5263157894736842,251.0,0.0,0.0,-1.0,0
21000.0,36.0,12.99,707.48,10.0,5.0,2.0,190800.0,1.0,4.0,6.9,14.0,0.0,98961.0,92.7,28.0,0.0,0.0,8.0,0.0,697.0,5.0,0.110062893081761,0.5,281.0,0.0,0.0,-1.0,0
13000.0,36.0,10.99,425.55,7.0,7.0,2.0,40000.0,1.0,4.0,21.63,10.0,1.0,4512.0,37.9,46.0,0.0,0.0,1.0,1.0,667.0,5.0,0.325,0.217391304347826,241.0,0.0041493775933609,0.0041493775933609,1.0,0
22500.0,60.0,19.52,590.12,21.0,2.0,2.0,72000.0,2.0,0.0,8.97,20.0,0.0,17391.0,46.5,45.0,0.0,0.0,0.0,0.0,672.0,5.0,0.3125,0.4444444444444444,234.0,0.0,0.0,-1.0,1
5000.0,36.0,9.17,159.4,5.0,10.0,1.0,40000.0,0.0,4.0,12.81,11.0,1.0,6192.0,54.3,20.0,1.0,0.0,0.0,1.0,662.0,5.0,0.125,0.55,75.0,0.0133333333333333,0.0133333333333333,1.0,0
10000.0,36.0,18.99,366.51,20.0,10.0,2.0,80000.0,0.0,0.0,12.09,12.0,0.0,11262.0,59.6,22.0,1.0,0.0,0.0,0.0,662.0,5.0,0.125,0.5454545454545454,125.0,0.0,0.0,-1.0,0
20002.326171875,60.0,13.98,465.2127038574219,12.0,9.0,0.0,175399.1875,1.0,0.0,15.488662490844728,24.0,0.0,78546.1171875,41.86751937866211,42.0,0.0,0.0,1.0,0.0,717.0,5.0,0.11403886808289421,0.5714285714285714,284.0,0.0,0.0,-1.0,1
14648.4228515625,36.0,12.99,493.49125732421874,10.0,10.0,0.0,231694.09375,1.0,0.0,50.19185791015625,7.0,0.0,56028.91015625,75.425341796875,16.0,0.0,0.0,5.0,0.0,672.0,5.0,0.0632231274696245,0.4375,510.0,0.0,0.0,-1.0,0
12000.0,36.0,12.99,404.27,10.0,3.0,0.0,34320.0,0.0,0.0,19.51,7.0,0.0,9201.0,74.2,24.0,1.0,0.0,1.0,0.0,687.0,5.0,0.3496503496503496,0.2916666666666667,167.0,0.0,0.0,-1.0,0
10085.8310546875,36.0,7.69,314.6129736328125,3.0,2.0,1.0,526401.9375,0.0,4.0,21.693138122558594,21.0,1.0,87534.546875,39.02096176147461,36.0,0.0,0.0,1.0,1.0,697.0,5.0,0.019159937516236847,0.5833332896232605,147.0,0.0068027210884353,0.0068027210884353,1.0,0
26000.0,36.0,12.49,869.67,9.0,8.0,0.0,104000.0,1.0,0.0,18.87,12.0,1.0,22290.0,48.2,20.0,1.0,0.0,3.0,1.0,707.0,5.0,0.25,0.6,128.0,0.0078125,0.0078125,1.0,0
15494.09375,60.0,19.52,406.3710034179687,21.0,10.0,0.0,356078.90625,1.0,0.0,-0.9999999618530282,10.0,1.0,0.0,30.224677276611327,21.0,1.0,0.0,5.0,1.0,662.0,5.0,0.04351309339205417,0.4761904761904761,157.0,0.0063694267515923,0.0063694267515923,1.0,0
25000.0,60.0,18.24,638.11,19.0,10.0,0.0,125000.0,1.0,0.0,29.01,20.0,0.0,49454.0,79.4,41.0,1.0,0.0,4.0,0.0,702.0,5.0,0.2,0.4878048780487805,244.0,0.0,0.0,-1.0,1
10000.0,36.0,12.99,336.9,10.0,10.0,2.0,79889.0,2.0,2.0,15.68,12.0,0.0,12036.0,20.8,23.0,0.0,0.0,0.0,0.0,752.0,5.0,0.1251736784788894,0.5217391304347826,324.0,0.0,0.0,-1.0,0
9000.0,36.0,11.67,297.52,8.0,0.0,1.0,62000.0,0.0,0.0,12.8,13.0,0.0,8428.0,54.7,20.0,0.0,0.0,0.0,0.0,682.0,5.0,0.1451612903225806,0.65,122.0,0.0,0.0,-1.0,0
18000.0,60.0,12.99,409.47,10.0,10.0,0.0,70000.0,1.0,2.0,6.46,11.0,0.0,4173.0,23.2,31.0,0.0,0.0,3.0,0.0,772.0,5.0,0.2571428571428571,0.3548387096774194,413.0,0.0,0.0,-1.0,0
27500.0,60.0,10.15,586.33,6.0,10.0,0.0,65350.0,1.0,0.0,27.2,13.0,0.0,16841.0,40.8,40.0,0.0,0.0,6.0,0.0,777.0,5.0,0.4208110175975516,0.325,245.0,0.0,0.0,-1.0,1
5048.41015625,36.0,10.99,165.25395385742186,7.0,10.0,1.0,99281.640625,0.0,0.0,28.14968765258789,26.0,0.0,73070.5859375,19.00835304260254,35.0,0.0,0.0,1.0,0.0,737.0,5.0,0.05084938204836562,0.7428571428571429,226.0,0.0,0.0,-1.0,0
11000.0,36.0,11.67,363.63,8.0,10.0,0.0,53000.0,0.0,0.0,22.81,7.0,0.0,7800.0,52.0,22.0,0.0,0.0,2.0,0.0,682.0,5.0,0.2075471698113207,0.3181818181818182,211.0,0.0,0.0,-1.0,0
6085.3212890625,36.0,10.15,196.784150390625,6.0,3.0,0.0,25094.25,0.0,4.0,18.895439453125,15.0,1.0,74155.46875,21.402286529541016,27.0,0.0,0.0,1.0,1.0,682.0,6.0,0.24249866366386413,0.5555555555555556,149.0,0.0067114093959731,0.0067114093959731,1.0,0
20000.0,36.0,10.99,654.68,7.0,6.0,0.0,68000.0,1.0,0.0,27.35,15.0,0.0,34707.0,84.4,25.0,0.0,0.0,3.0,0.0,672.0,6.0,0.2941176470588235,0.6,162.0,0.0,0.0,-1.0,0
8585.75,36.0,10.99,281.04473754882815,7.0,4.0,1.0,573523.75,0.0,2.0,16.530742645263672,5.0,0.0,186512.453125,40.92753219604492,12.0,0.0,0.0,0.0,0.0,702.0,6.0,0.014970184507824086,0.416666655586316,276.0,0.0,0.0,-1.0,0
5600.0,36.0,7.12,173.22,2.0,3.0,0.0,42000.0,0.0,0.0,28.85,21.0,0.0,4940.0,28.2,46.0,0.0,0.0,0.0,0.0,722.0,6.0,0.1333333333333333,0.4565217391304347,130.0,0.0,0.0,-1.0,0
6000.0,36.0,9.17,191.28,5.0,10.0,1.0,40000.0,1.0,4.0,17.97,8.0,0.0,1788.0,32.5,12.0,1.0,0.0,0.0,0.0,687.0,6.0,0.15,0.6666666666666666,72.0,0.0,0.0,-1.0,0
7000.0,36.0,16.29,247.11,16.0,10.0,1.0,89000.0,0.0,0.0,10.35,16.0,0.0,6693.0,36.2,18.0,1.0,0.0,0.0,0.0,682.0,6.0,0.0786516853932584,0.8888888888888888,63.0,0.0,0.0,-1.0,0
16000.0,60.0,18.24,408.39,19.0,8.0,0.0,70000.0,0.0,0.0,15.79,6.0,0.0,7422.0,82.5,17.0,1.0,0.0,3.0,0.0,707.0,6.0,0.2285714285714285,0.3529411764705882,111.0,0.0,0.0,-1.0,0
10000.0,60.0,18.24,255.25,19.0,0.0,1.0,25000.0,1.0,0.0,18.21,9.0,0.0,7806.0,37.3,20.0,0.0,0.0,0.0,0.0,717.0,6.0,0.4,0.45,289.0,0.0,0.0,-1.0,0
19972.935546875,36.0,7.69,623.02697265625,3.0,10.0,0.0,239045.390625,1.0,4.0,18.135911254882814,14.0,0.0,34008.484375,70.67271575927734,25.0,0.0,0.0,3.0,0.0,737.0,6.0,0.0835528888944852,0.5599999790606291,261.0,0.0,0.0,-1.0,0
25429.587890625,60.0,17.57,639.8113232421875,18.0,8.0,1.0,698633.6875,1.0,0.0,35.83090515136719,9.0,0.0,323363.09375,53.441551208496094,19.0,0.0,0.0,2.0,0.0,702.0,6.0,0.03639904779257397,0.4736842105263157,156.0,0.0,0.0,-1.0,0
5141.0048828125,36.0,15.61,179.75390869140625,15.0,5.0,0.0,548689.1875,1.0,0.0,47.777805938720704,10.0,1.0,128922.21875,37.064894104003905,33.0,0.0,0.0,7.0,1.0,662.0,6.0,0.009369606773058509,0.30303029978976526,336.0,0.0029761904761904,0.0029761904761904,1.0,1
7175.0,36.0,14.99,248.69,14.0,10.0,1.0,50000.0,2.0,2.0,7.66,6.0,1.0,0.0,0.0,19.0,0.0,0.0,3.0,1.0,662.0,6.0,0.1435,0.3157894736842105,218.0,0.0045871559633027,0.0045871559633027,1.0,0
10000.0,36.0,17.57,359.38,18.0,4.0,0.0,120000.0,1.0,2.0,9.04,10.0,1.0,5543.0,50.4,17.0,0.0,0.0,0.0,1.0,662.0,6.0,0.0833333333333333,0.5882352941176471,191.0,0.0052356020942408,0.0052356020942408,1.0,0
15000.0,36.0,16.99,534.72,17.0,0.0,1.0,100000.0,1.0,0.0,9.73,7.0,0.0,2597.0,60.4,17.0,0.0,0.0,0.0,0.0,677.0,6.0,0.15,0.4117647058823529,261.0,0.0,0.0,-1.0,0
1900.0,36.0,22.15,72.71,24.0,10.0,0.0,100000.0,1.0,4.0,8.65,8.0,1.0,3998.0,57.9,13.0,1.0,0.0,4.0,1.0,672.0,6.0,0.019,0.6153846153846154,303.0,0.0033003300330033,0.0033003300330033,1.0,0
6500.0,36.0,10.15,210.2,6.0,5.0,0.0,49000.0,0.0,0.0,26.82,7.0,0.0,4740.0,46.0,16.0,0.0,0.0,0.0,0.0,712.0,6.0,0.1326530612244898,0.4375,123.0,0.0,0.0,-1.0,0
12000.0,36.0,6.03,365.23,0.0,0.0,1.0,40000.0,2.0,0.0,27.09,13.0,0.0,10300.0,26.8,26.0,0.0,0.0,0.0,0.0,742.0,6.0,0.3,0.5,151.0,0.0,0.0,-1.0,0
18000.0,60.0,23.43,511.89,25.0,10.0,0.0,68000.0,2.0,2.0,25.93,10.0,1.0,10954.0,77.0,28.0,1.0,0.0,6.0,1.0,677.0,6.0,0.2647058823529412,0.3571428571428571,235.0,0.0042553191489361,0.0042553191489361,1.0,0
12000.0,60.0,10.99,260.85,7.0,2.0,1.0,110000.0,2.0,4.0,9.44,17.0,0.0,2216.0,27.7,40.0,1.0,0.0,0.0,0.0,702.0,6.0,0.109090909090909,0.425,179.0,0.0,0.0,-1.0,0
25000.0,60.0,20.2,665.14,22.0,10.0,0.0,66000.0,1.0,0.0,17.15,15.0,0.0,6128.0,102.1,26.0,1.0,0.0,4.0,0.0,672.0,6.0,0.3787878787878788,0.5769230769230769,157.0,0.0,0.0,-1.0,0
12000.0,36.0,11.67,396.69,8.0,10.0,0.0,55600.0,0.0,0.0,13.35,22.0,2.0,17367.0,44.6,42.0,0.0,0.0,11.0,0.0,692.0,6.0,0.2158273381294964,0.5238095238095238,227.0,0.0088105726872246,0.0,0.0,0
14954.583984375,36.0,13.98,510.96808959960936,12.0,3.0,1.0,601417.125,2.0,4.0,60.65272811889648,9.0,0.0,73367.3515625,128.5620910644531,14.0,0.0,0.0,2.0,0.0,682.0,6.0,0.024865591100283968,0.6428571343421936,117.0,0.0,0.0,-1.0,0
19600.0,60.0,14.99,466.18,14.0,10.0,1.0,74000.0,1.0,4.0,21.81,7.0,0.0,19386.0,85.8,26.0,0.0,0.0,4.0,0.0,672.0,6.0,0.2648648648648649,0.2692307692307692,198.0,0.0,0.0,-1.0,0
23993.9609375,60.0,14.99,570.6946142578125,14.0,10.0,0.0,96113.8671875,1.0,0.0,22.79130271911621,17.0,0.0,23116.921875,47.88473358154297,62.0,0.0,0.0,4.0,0.0,692.0,6.0,144.7814208984375,0.2750885121283992,383.0,0.0,0.0,-1.0,0
8000.0,36.0,11.67,264.46,8.0,2.0,0.0,30000.0,0.0,4.0,20.36,17.0,1.0,5918.0,44.8,55.0,0.0,0.0,3.0,1.0,672.0,6.0,0.2666666666666666,0.3090909090909091,528.0,0.0018939393939393,0.0018939393939393,1.0,0
19077.146484375,36.0,6.03,580.6200268554687,0.0,10.0,0.0,521704.03125,0.0,4.0,47.50559509277344,13.0,0.0,91094.4921875,67.18971176147461,31.0,1.0,0.0,3.0,0.0,747.0,6.0,0.03656699056489149,0.4193548387096774,172.0,0.0,0.0,-1.0,0
10000.0,36.0,8.39,315.17,4.0,0.0,0.0,55000.0,0.0,4.0,6.09,8.0,0.0,13288.0,41.1,16.0,0.0,0.0,4.0,0.0,697.0,6.0,0.1818181818181818,0.5,205.0,0.0,0.0,-1.0,0
25014.064453125,36.0,7.12,773.7404907226562,2.0,4.0,1.0,96007.0546875,2.0,0.0,88.59055786132812,20.0,0.0,0.0,4.156618881225586,54.0,1.0,0.0,0.0,0.0,787.0,6.0,0.2605440186129676,0.37037035260560375,121.0,0.0,0.0,-1.0,0
15000.0,36.0,10.15,485.07,6.0,10.0,0.0,125000.0,0.0,0.0,6.82,9.0,0.0,47855.0,86.4,13.0,0.0,0.0,2.0,0.0,707.0,6.0,0.12,0.6923076923076923,115.0,0.0,0.0,-1.0,0
28000.0,60.0,13.98,651.23,12.0,1.0,0.0,60200.0,1.0,0.0,19.92,35.0,0.0,28993.0,34.1,70.0,1.0,0.0,2.0,0.0,712.0,6.0,0.4651162790697674,0.5,136.0,0.0,0.0,-1.0,0
6000.0,36.0,14.99,207.97,14.0,9.0,0.0,97000.0,0.0,4.0,12.24,16.0,0.0,19714.0,82.1,27.0,0.0,0.0,4.0,0.0,687.0,6.0,0.0618556701030927,0.5925925925925926,100.0,0.0,0.0,-1.0,0
12025.5712890625,36.0,12.99,405.1299853515625,10.0,0.0,1.0,214153.25,2.0,0.0,29.047928771972657,19.0,0.0,37749.52734375,88.50604095458985,37.0,0.0,0.0,1.0,0.0,697.0,6.0,0.056154045569045116,0.5135134326087104,437.0,0.0,0.0,-1.0,0
16000.0,60.0,18.24,408.39,19.0,3.0,0.0,135000.0,0.0,9.0,17.0,19.0,0.0,19136.0,67.4,34.0,1.0,0.0,6.0,0.0,697.0,6.0,0.1185185185185185,0.5588235294117647,275.0,0.0,0.0,-1.0,0
10000.0,36.0,14.49,344.17,13.0,10.0,0.0,41600.0,1.0,0.0,10.56,11.0,0.0,3131.0,23.2,26.0,1.0,0.0,0.0,0.0,697.0,6.0,0.2403846153846154,0.4230769230769231,129.0,0.0,0.0,-1.0,0
12000.0,60.0,14.99,285.42,14.0,10.0,0.0,50960.0,0.0,4.0,20.96,9.0,0.0,18156.0,95.1,27.0,1.0,0.0,5.0,0.0,702.0,6.0,0.2354788069073783,0.3333333333333333,234.0,0.0,0.0,-1.0,0
5000.0,36.0,10.99,163.67,7.0,0.0,0.0,42000.0,0.0,0.0,21.14,9.0,0.0,4266.0,48.5,44.0,0.0,0.0,1.0,0.0,702.0,6.0,0.119047619047619,0.2045454545454545,158.0,0.0,0.0,-1.0,0
10000.0,36.0,9.17,318.79,5.0,10.0,1.0,70000.0,1.0,0.0,13.72,9.0,1.0,5449.0,53.4,23.0,1.0,0.0,0.0,1.0,687.0,6.0,0.1428571428571428,0.391304347826087,259.0,0.0038610038610038,0.0038610038610038,1.0,0
6500.0,36.0,10.99,212.78,7.0,2.0,1.0,75000.0,1.0,0.0,9.39,12.0,0.0,5347.0,32.6,18.0,1.0,0.0,0.0,0.0,672.0,6.0,0.0866666666666666,0.6666666666666666,158.0,0.0,0.0,-1.0,0
27200.0,60.0,18.99,705.44,20.0,8.0,1.0,72000.0,1.0,0.0,19.05,8.0,0.0,18748.0,73.8,19.0,1.0,0.0,0.0,0.0,682.0,6.0,0.3777777777777777,0.4210526315789473,153.0,0.0,0.0,-1.0,1
17000.0,36.0,10.99,556.48,7.0,10.0,0.0,72000.0,0.0,0.0,21.1,15.0,0.0,17218.0,43.7,28.0,0.0,0.0,0.0,0.0,702.0,6.0,0.2361111111111111,0.5357142857142857,354.0,0.0,0.0,-1.0,0
20000.0,60.0,13.98,465.16,12.0,10.0,0.0,108000.0,1.0,4.0,11.42,10.0,0.0,14186.0,77.5,25.0,1.0,0.0,5.0,0.0,667.0,6.0,0.1851851851851851,0.4,211.0,0.0,0.0,-1.0,0
10916.9677734375,36.0,15.61,381.70893920898436,15.0,10.0,1.0,482368.28125,1.0,0.0,12.63648483276367,15.0,0.0,87632.296875,59.772634124755854,41.0,0.0,0.0,4.0,0.0,712.0,6.0,0.022632024288177482,0.36585366507855854,195.0,0.0,0.0,-1.0,1
29900.0,60.0,16.99,742.94,17.0,6.0,0.0,70000.0,1.0,4.0,31.28,7.0,0.0,41795.0,86.5,14.0,0.0,0.0,0.0,0.0,717.0,6.0,0.4271428571428571,0.5,221.0,0.0,0.0,-1.0,0
5000.0,36.0,6.03,152.18,0.0,3.0,0.0,155000.0,0.0,0.0,6.16,15.0,0.0,16126.0,14.9,54.0,0.0,0.0,11.0,0.0,792.0,6.0,0.032258064516129,0.2777777777777778,336.0,0.0,0.0,-1.0,0
6000.0,36.0,12.99,202.14,10.0,10.0,0.0,35000.0,0.0,0.0,23.01,10.0,0.0,20673.0,57.7,29.0,1.0,0.0,4.0,0.0,712.0,6.0,0.1714285714285714,0.3448275862068966,236.0,0.0,0.0,-1.0,0
10000.0,36.0,12.99,336.9,10.0,5.0,0.0,42000.0,1.0,2.0,16.09,5.0,1.0,5198.0,57.0,12.0,1.0,0.0,2.0,1.0,667.0,6.0,0.238095238095238,0.4166666666666667,90.0,0.0111111111111111,0.0111111111111111,1.0,0
5000.0,36.0,12.99,168.45,10.0,10.0,1.0,75000.0,0.0,4.0,12.39,13.0,0.0,4199.0,32.1,20.0,1.0,0.0,0.0,0.0,687.0,6.0,0.0666666666666666,0.65,165.0,0.0,0.0,-1.0,0
27989.83984375,60.0,20.99,757.0610083007813,23.0,10.0,1.0,328208.90625,1.0,0.0,25.980709381103516,5.0,2.0,18347.58203125,72.23530731201171,11.0,1.0,0.0,1.0,0.0,662.0,6.0,0.08528057336807249,0.45454548001289363,53.0,0.0377358490566037,0.0,0.0,0
10515.240234375,36.0,8.39,331.40626708984377,4.0,3.0,1.0,838181.9375,1.0,0.0,42.81983428955078,17.0,0.0,64758.4765625,-7.629394538355427e-07,31.0,0.0,0.0,3.0,0.0,717.0,6.0,0.01254529754320774,0.5483870967741935,384.0,0.0,0.0,-1.0,1
7500.0,36.0,19.52,276.9,21.0,5.0,1.0,80000.0,0.0,6.0,5.16,9.0,0.0,2736.0,34.2,16.0,0.0,0.0,0.0,0.0,687.0,6.0,0.09375,0.5625,55.0,0.0,0.0,-1.0,1
23475.0,60.0,17.57,590.64,18.0,3.0,0.0,49000.0,2.0,2.0,27.58,9.0,0.0,7630.0,57.8,30.0,0.0,0.0,1.0,0.0,692.0,6.0,0.4790816326530612,0.3,252.0,0.0,0.0,-1.0,0
4300.0,36.0,11.67,142.15,8.0,2.0,1.0,35000.0,0.0,4.0,16.94,12.0,0.0,4208.0,97.9,24.0,0.0,0.0,0.0,0.0,692.0,6.0,0.1228571428571428,0.5,142.0,0.0,0.0,-1.0,0
4000.0,36.0,12.99,134.76,10.0,7.0,0.0,40400.0,0.0,4.0,32.59,10.0,0.0,6052.0,24.0,23.0,1.0,0.0,0.0,0.0,692.0,6.0,0.099009900990099,0.4347826086956521,161.0,0.0,0.0,-1.0,0
11000.0,60.0,14.49,258.76,13.0,4.0,1.0,31000.0,1.0,0.0,15.18,11.0,0.0,8576.0,44.4,15.0,1.0,0.0,0.0,0.0,682.0,6.0,0.3548387096774194,0.7333333333333333,132.0,0.0,0.0,-1.0,0
18000.0,60.0,13.35,412.79,11.0,6.0,0.0,52000.0,2.0,4.0,23.19,16.0,1.0,13566.0,77.1,28.0,0.0,0.0,4.0,1.0,692.0,6.0,0.3461538461538461,0.5714285714285714,258.0,0.003875968992248,0.003875968992248,1.0,0
8000.0,36.0,10.99,261.88,7.0,7.0,2.0,27000.0,2.0,0.0,14.76,8.0,0.0,16694.0,15.6,10.0,1.0,0.0,0.0,0.0,667.0,6.0,0.2962962962962963,0.8,185.0,0.0,0.0,-1.0,0
10850.0,60.0,18.24,276.94,19.0,2.0,1.0,30413.0,1.0,0.0,18.15,5.0,0.0,5993.0,76.8,12.0,0.0,0.0,0.0,0.0,707.0,6.0,0.3567553348896853,0.4166666666666667,166.0,0.0,0.0,-1.0,0
9500.0,36.0,7.69,296.34,3.0,1.0,0.0,60000.0,0.0,0.0,12.53,17.0,0.0,8089.0,18.5,35.0,0.0,0.0,3.0,0.0,697.0,6.0,0.1583333333333333,0.4857142857142857,465.0,0.0,0.0,-1.0,0
26000.0,60.0,17.57,654.17,18.0,10.0,0.0,150000.0,1.0,2.0,18.38,6.0,0.0,20265.0,87.0,22.0,0.0,0.0,2.0,0.0,667.0,6.0,0.1733333333333333,0.2727272727272727,343.0,0.0,0.0,-1.0,0
15000.0,36.0,10.15,485.07,6.0,10.0,0.0,118000.0,0.0,0.0,4.39,8.0,0.0,21533.0,65.1,22.0,0.0,0.0,4.0,0.0,667.0,6.0,0.1271186440677966,0.3636363636363636,151.0,0.0,0.0,-1.0,0
27000.0,36.0,8.39,850.95,4.0,10.0,0.0,120000.0,1.0,3.0,3.57,6.0,0.0,1652.0,2.9,13.0,1.0,0.0,2.0,0.0,842.0,6.0,0.225,0.4615384615384615,315.0,0.0,0.0,-1.0,0
7000.0,36.0,22.15,267.88,24.0,10.0,2.0,65000.0,2.0,1.0,15.18,11.0,0.0,20969.0,69.2,16.0,0.0,0.0,0.0,0.0,662.0,6.0,0.1076923076923077,0.6875,189.0,0.0,0.0,-1.0,0
35000.0,36.0,14.99,1213.12,14.0,3.0,0.0,199000.0,2.0,0.0,9.56,20.0,0.0,30528.0,51.3,46.0,0.0,0.0,4.0,0.0,667.0,6.0,0.1758793969849246,0.4347826086956521,438.0,0.0,0.0,-1.0,0
20000.0,36.0,12.49,668.98,9.0,4.0,1.0,89000.0,1.0,4.0,16.72,12.0,0.0,21776.0,68.9,29.0,0.0,0.0,2.0,0.0,672.0,6.0,0.2247191011235955,0.4137931034482758,214.0,0.0,0.0,-1.0,0
14075.0,36.0,13.35,476.62,11.0,2.0,1.0,32040.0,1.0,0.0,34.72,9.0,1.0,6175.0,53.7,34.0,0.0,0.0,6.0,1.0,662.0,6.0,0.439294631710362,0.2647058823529412,193.0,0.005181347150259,0.005181347150259,1.0,0
5042.44140625,36.0,12.49,168.66444641113281,9.0,10.0,0.0,231178.625,0.0,0.0,49.70255554199219,13.0,1.0,349095.71875,108.85232543945312,34.0,1.0,0.0,4.0,1.0,667.0,6.0,0.02181188736001749,0.38235293825467426,163.0,0.0061349693251533,0.0061349693251533,1.0,0
14375.0,36.0,18.24,521.43,19.0,10.0,0.0,60000.0,1.0,0.0,30.31,31.0,0.0,26716.0,81.2,43.0,1.0,0.0,3.0,0.0,707.0,6.0,0.2395833333333333,0.7209302325581395,236.0,0.0,0.0,-1.0,0
8965.63671875,36.0,12.99,302.04370971679685,10.0,0.0,0.0,40508.62109375,0.0,0.0,17.132659454345703,5.0,0.0,98549.40625,71.55863189697266,31.0,0.0,0.0,2.0,0.0,672.0,6.0,0.2213266372680664,0.1612903235420104,238.0,0.0,0.0,-1.0,0
24831.24609375,36.0,8.39,782.6003588867187,4.0,9.0,0.0,474500.03125,1.0,0.0,5.062992782592772,12.0,0.0,71134.4453125,44.62783355712891,26.0,0.0,0.0,6.0,0.0,727.0,6.0,0.05233138497324952,0.4615384638309479,184.0,0.0,0.0,-1.0,0
28000.0,60.0,20.99,757.34,23.0,10.0,0.0,95000.0,1.0,0.0,16.37,19.0,0.0,45352.0,89.1,34.0,0.0,0.0,5.0,0.0,682.0,6.0,0.2947368421052631,0.5588235294117647,264.0,0.0,0.0,-1.0,0
6000.0,36.0,10.15,194.03,6.0,7.0,2.0,29800.0,0.0,0.0,20.3,10.0,0.0,2532.0,42.9,40.0,0.0,0.0,0.0,0.0,682.0,6.0,0.2013422818791946,0.25,216.0,0.0,0.0,-1.0,1
12000.0,36.0,12.99,404.27,10.0,1.0,0.0,50000.0,1.0,4.0,29.12,17.0,1.0,30243.0,63.5,31.0,0.0,0.0,4.0,0.0,682.0,6.0,0.24,0.5483870967741935,291.0,0.0034364261168384,0.0,0.0,0
20975.0,60.0,19.52,550.13,21.0,8.0,1.0,50000.0,1.0,0.0,25.66,10.0,0.0,14401.0,77.4,22.0,0.0,0.0,1.0,0.0,667.0,6.0,0.4195,0.4545454545454545,127.0,0.0,0.0,-1.0,0
10000.0,60.0,24.99,293.46,28.0,10.0,1.0,100000.0,0.0,9.0,21.08,20.0,0.0,13459.0,39.9,44.0,1.0,0.0,0.0,0.0,687.0,6.0,0.1,0.4545454545454545,242.0,0.0,0.0,-1.0,1
19300.0,60.0,12.49,434.12,9.0,10.0,0.0,70000.0,0.0,0.0,20.4,8.0,0.0,15889.0,94.6,22.0,0.0,0.0,4.0,0.0,732.0,6.0,0.2757142857142857,0.3636363636363636,257.0,0.0,0.0,-1.0,0
9000.0,36.0,9.17,286.92,5.0,10.0,0.0,82000.0,0.0,0.0,22.73,14.0,0.0,25358.0,61.5,37.0,0.0,0.0,5.0,0.0,692.0,6.0,0.1097560975609756,0.3783783783783784,376.0,0.0,0.0,-1.0,0
11850.0,60.0,24.99,347.75,28.0,8.0,1.0,58000.0,1.0,0.0,16.76,14.0,0.0,7131.0,63.7,26.0,0.0,0.0,1.0,0.0,677.0,6.0,0.2043103448275862,0.5384615384615384,200.0,0.0,0.0,-1.0,0
20000.0,60.0,9.17,416.82,5.0,10.0,0.0,55000.0,1.0,4.0,13.94,13.0,0.0,27023.0,31.3,27.0,0.0,0.0,3.0,0.0,722.0,6.0,0.3636363636363636,0.4814814814814814,177.0,0.0,0.0,-1.0,0
35000.0,60.0,15.61,843.9,15.0,2.0,1.0,78800.0,2.0,0.0,9.58,8.0,0.0,15892.0,30.0,19.0,0.0,0.0,3.0,0.0,682.0,6.0,0.4441624365482233,0.4210526315789473,203.0,0.0,0.0,-1.0,0
5100.0,36.0,14.49,175.53,13.0,6.0,1.0,65000.0,1.0,0.0,17.98,12.0,0.0,2483.0,37.6,17.0,0.0,0.0,0.0,0.0,672.0,6.0,0.0784615384615384,0.7058823529411765,141.0,0.0,0.0,-1.0,0
5600.0,36.0,11.67,185.12,8.0,2.0,0.0,40000.0,1.0,2.0,9.32,15.0,0.0,4464.0,19.8,27.0,0.0,0.0,0.0,0.0,667.0,6.0,0.14,0.5555555555555556,142.0,0.0,0.0,-1.0,0
10000.0,36.0,10.99,327.34,7.0,9.0,1.0,60200.0,1.0,0.0,14.23,8.0,0.0,12710.0,50.0,21.0,0.0,0.0,0.0,0.0,662.0,6.0,0.1661129568106312,0.3809523809523809,477.0,0.0,0.0,-1.0,0
1100.0,36.0,16.29,38.84,16.0,10.0,2.0,40000.0,0.0,2.0,23.61,12.0,0.0,10389.0,59.4,35.0,1.0,0.0,0.0,0.0,682.0,6.0,0.0275,0.3428571428571428,222.0,0.0,0.0,-1.0,1
9200.0,36.0,11.67,304.13,8.0,6.0,0.0,106828.0,0.0,0.0,9.13,12.0,0.0,8748.0,32.3,33.0,0.0,0.0,4.0,0.0,717.0,6.0,0.0861197438873703,0.3636363636363636,347.0,0.0,0.0,-1.0,0
10550.0,36.0,15.61,368.88,15.0,4.0,2.0,33000.0,1.0,0.0,32.29,10.0,0.0,12586.0,59.9,23.0,0.0,0.0,0.0,0.0,667.0,6.0,0.3196969696969697,0.4347826086956521,212.0,0.0,0.0,-1.0,0
10000.0,36.0,10.99,327.34,7.0,7.0,1.0,66000.0,0.0,4.0,14.73,10.0,0.0,7274.0,41.6,38.0,0.0,0.0,1.0,0.0,667.0,6.0,0.1515151515151515,0.2631578947368421,164.0,0.0,0.0,-1.0,0
34000.0,36.0,6.49,1041.92,1.0,8.0,0.0,190000.0,2.0,0.0,14.65,12.0,0.0,33686.0,47.8,21.0,0.0,0.0,3.0,0.0,747.0,6.0,0.1789473684210526,0.5714285714285714,268.0,0.0,0.0,-1.0,0
22800.0,36.0,14.49,784.69,13.0,8.0,1.0,52000.0,2.0,0.0,12.39,7.0,0.0,21165.0,69.6,10.0,1.0,0.0,0.0,0.0,687.0,6.0,0.4384615384615384,0.7,190.0,0.0,0.0,-1.0,0
4000.0,36.0,16.29,141.21,16.0,10.0,1.0,67400.0,2.0,0.0,26.64,15.0,0.0,14749.0,41.0,47.0,0.0,0.0,0.0,0.0,672.0,6.0,0.059347181008902,0.3191489361702128,272.0,0.0,0.0,-1.0,1
15000.0,36.0,11.67,495.86,8.0,2.0,0.0,39000.0,0.0,0.0,12.28,11.0,0.0,13054.0,61.6,23.0,1.0,0.0,2.0,0.0,672.0,6.0,0.3846153846153846,0.4782608695652174,346.0,0.0,0.0,-1.0,1
14400.0,36.0,13.98,492.02,12.0,3.0,2.0,37000.0,0.0,0.0,8.95,7.0,0.0,7362.0,75.9,7.0,0.0,0.0,0.0,0.0,662.0,6.0,0.3891891891891892,1.0,82.0,0.0,0.0,-1.0,0
7350.0,36.0,20.99,276.88,23.0,5.0,0.0,43500.0,0.0,0.0,22.87,11.0,1.0,3718.0,70.2,25.0,0.0,0.0,3.0,1.0,667.0,6.0,0.1689655172413793,0.44,105.0,0.0095238095238095,0.0095238095238095,1.0,0
30000.0,36.0,8.39,945.5,4.0,10.0,0.0,80000.0,1.0,4.0,24.99,11.0,0.0,12333.0,36.2,34.0,1.0,0.0,3.0,0.0,687.0,7.0,0.375,0.3235294117647059,160.0,0.0,0.0,-1.0,0
20000.0,36.0,10.99,654.68,7.0,2.0,0.0,135000.0,2.0,0.0,21.99,22.0,0.0,39051.0,90.0,44.0,1.0,0.0,1.0,0.0,697.0,7.0,0.1481481481481481,0.5,236.0,0.0,0.0,-1.0,0
16065.408203125,36.0,13.35,544.0206323242187,11.0,7.0,0.0,827462.8125,0.0,0.0,42.04779388427734,16.0,0.0,227834.21875,83.77416687011718,42.0,0.0,0.0,2.0,0.0,692.0,7.0,0.019415266630126216,0.38095238208770754,158.0,0.0,0.0,-1.0,0
3000.0,36.0,19.52,110.76,21.0,10.0,0.0,38000.0,1.0,2.0,9.29,5.0,0.0,4577.0,58.7,13.0,1.0,0.0,1.0,0.0,682.0,7.0,0.0789473684210526,0.3846153846153846,124.0,0.0,0.0,-1.0,0
1772.4647216796875,36.0,18.99,64.96244903564452,20.0,10.0,2.0,241520.40625,1.0,5.0,68.18832580566406,12.0,1.0,202624.375,60.5173469543457,30.0,1.0,0.0,8.0,0.0,667.0,7.0,0.007338773991380387,0.40000000298023225,218.0,0.0045871559633027,0.0,0.0,0
21000.0,36.0,13.98,717.53,12.0,10.0,1.0,79500.0,1.0,0.0,28.11,12.0,0.0,12723.0,82.6,22.0,0.0,0.0,0.0,0.0,677.0,7.0,0.2641509433962264,0.5454545454545454,143.0,0.0,0.0,-1.0,0
8000.0,36.0,11.67,264.46,8.0,2.0,1.0,55000.0,1.0,0.0,21.97,8.0,0.0,4548.0,26.8,13.0,0.0,0.0,0.0,0.0,677.0,7.0,0.1454545454545454,0.6153846153846154,145.0,0.0,0.0,-1.0,0
10750.0,60.0,24.99,315.47,28.0,6.0,1.0,30000.0,2.0,6.0,3.28,4.0,0.0,2344.0,17.0,9.0,0.0,0.0,0.0,0.0,762.0,7.0,0.3583333333333333,0.4444444444444444,129.0,0.0,0.0,-1.0,0
16000.0,36.0,10.15,517.41,6.0,2.0,0.0,103000.0,0.0,4.0,10.65,14.0,0.0,13117.0,68.0,28.0,1.0,0.0,3.0,0.0,667.0,7.0,0.1553398058252427,0.5,190.0,0.0,0.0,-1.0,0
22900.0,36.0,13.98,782.45,12.0,9.0,1.0,64457.0,1.0,4.0,20.39,11.0,1.0,17782.0,77.7,20.0,1.0,0.0,0.0,1.0,682.0,7.0,0.3552756100966536,0.55,174.0,0.0057471264367816,0.0057471264367816,1.0,0
16800.0,36.0,8.39,529.48,4.0,10.0,0.0,75000.0,1.0,0.0,18.86,11.0,1.0,12407.0,61.7,25.0,1.0,0.0,3.0,1.0,717.0,7.0,0.224,0.44,261.0,0.003831417624521,0.003831417624521,1.0,1
20000.0,36.0,12.49,668.98,9.0,4.0,0.0,98997.0,2.0,2.0,0.0,6.0,1.0,0.0,0.0,24.0,1.0,0.0,9.0,1.0,672.0,7.0,0.2020263240300211,0.25,305.0,0.0032786885245901,0.0032786885245901,1.0,0
5269.2529296875,36.0,24.08,206.94956481933593,26.0,9.0,0.0,751395.5,2.0,9.0,25.953097534179687,26.0,0.0,108500.5234375,58.763735961914065,38.0,1.0,0.0,3.0,0.0,712.0,7.0,0.007012619078159338,0.6842105263157895,100.0,0.0,0.0,-1.0,1
20000.0,60.0,12.49,449.86,9.0,0.0,0.0,60000.0,1.0,0.0,29.92,16.0,0.0,32605.0,73.3,37.0,1.0,0.0,0.0,0.0,727.0,7.0,0.3333333333333333,0.4324324324324324,173.0,0.0,0.0,-1.0,0
28000.0,36.0,13.35,948.16,11.0,0.0,2.0,130000.0,1.0,0.0,13.2,19.0,0.0,22871.0,31.8,27.0,0.0,0.0,0.0,0.0,692.0,7.0,0.2153846153846154,0.7037037037037037,358.0,0.0,0.0,-1.0,0
8675.0,36.0,13.35,293.76,11.0,3.0,1.0,23000.0,0.0,4.0,23.59,12.0,0.0,8842.0,69.1,24.0,0.0,0.0,0.0,0.0,672.0,7.0,0.3771739130434782,0.5,107.0,0.0,0.0,-1.0,1
4000.0,36.0,15.61,139.86,15.0,10.0,0.0,42000.0,0.0,5.0,24.16,12.0,0.0,30833.0,58.5,22.0,1.0,0.0,2.0,0.0,717.0,7.0,0.0952380952380952,0.5454545454545454,145.0,0.0,0.0,-1.0,0
11725.0,60.0,25.57,348.08,29.0,4.0,1.0,33000.0,2.0,0.0,24.62,12.0,0.0,6055.0,27.2,43.0,1.0,0.0,0.0,0.0,702.0,7.0,0.3553030303030303,0.2790697674418604,149.0,0.0,0.0,-1.0,1
3825.0,36.0,18.99,140.19,20.0,8.0,0.0,60000.0,0.0,0.0,9.34,10.0,0.0,6676.0,72.6,20.0,1.0,0.0,3.0,0.0,667.0,7.0,0.06375,0.5,119.0,0.0,0.0,-1.0,0
3620.64501953125,36.0,13.98,123.71017242431641,12.0,10.0,1.0,101932.2734375,0.0,4.0,27.693726654052735,9.0,0.0,198909.34375,104.79643402099609,21.0,0.0,0.0,1.0,0.0,672.0,7.0,0.03552010423980481,0.4285714314097449,85.0,0.0,0.0,-1.0,0
27000.0,60.0,20.99,730.29,23.0,8.0,0.0,62000.0,1.0,0.0,28.2,13.0,0.0,28337.0,69.8,28.0,0.0,0.0,6.0,0.0,717.0,7.0,0.4354838709677419,0.4642857142857143,221.0,0.0,0.0,-1.0,0
8133.80517578125,36.0,13.35,275.4338952636719,11.0,10.0,0.0,726987.625,2.0,0.0,163.89583923339845,11.0,0.0,324077.1875,59.324161529541016,20.0,1.0,0.0,4.0,0.0,697.0,7.0,0.011188364471938113,0.550000011920929,242.0,0.0,0.0,-1.0,0
17975.0,36.0,12.49,601.25,9.0,8.0,1.0,40000.0,2.0,4.0,34.96,13.0,0.0,10553.0,57.4,23.0,0.0,0.0,0.0,0.0,702.0,7.0,0.449375,0.5652173913043478,106.0,0.0,0.0,-1.0,0
12000.0,60.0,13.98,279.1,12.0,10.0,0.0,73000.0,2.0,0.0,1.64,2.0,0.0,3696.0,57.7,13.0,0.0,0.0,5.0,0.0,737.0,7.0,0.1643835616438356,0.1538461538461538,373.0,0.0,0.0,-1.0,0
10040.3427734375,36.0,6.49,307.6831848144531,1.0,1.0,0.0,254240.25,0.0,4.0,36.95683563232422,11.0,0.0,203628.96875,103.3480209350586,28.0,0.0,0.0,6.0,0.0,697.0,7.0,0.03949155371922711,0.37931034820420395,176.0,0.0,0.0,-1.0,0
5474.02001953125,36.0,12.99,184.4144970703125,10.0,3.0,1.0,743941.3125,0.0,4.0,55.55751525878907,6.0,0.0,115238.421875,64.65795440673828,8.0,0.0,0.0,4.0,0.0,687.0,7.0,0.007358137168446299,0.75,44.0,0.0,0.0,-1.0,0
23975.0,36.0,6.03,729.7,0.0,9.0,1.0,50000.0,1.0,4.0,28.06,12.0,0.0,21758.0,48.0,28.0,1.0,0.0,0.0,0.0,702.0,7.0,0.4795,0.4285714285714285,179.0,0.0,0.0,-1.0,1
15600.0,36.0,9.17,497.32,5.0,6.0,1.0,58000.0,0.0,0.0,15.74,29.0,0.0,10624.0,45.2,58.0,1.0,0.0,0.0,0.0,697.0,7.0,0.2689655172413793,0.5,121.0,0.0,0.0,-1.0,0
15000.0,60.0,15.61,361.67,15.0,10.0,0.0,65000.0,1.0,0.0,32.37,16.0,0.0,13093.0,46.8,57.0,0.0,0.0,4.0,0.0,687.0,7.0,0.2307692307692307,0.2807017543859649,236.0,0.0,0.0,-1.0,0
6000.0,36.0,6.03,182.62,0.0,6.0,0.0,80000.0,0.0,0.0,6.31,14.0,0.0,8616.0,12.6,44.0,0.0,0.0,5.0,0.0,782.0,7.0,0.075,0.3181818181818182,140.0,0.0,0.0,-1.0,0
20000.0,36.0,7.12,618.64,2.0,3.0,1.0,100000.0,1.0,0.0,17.16,14.0,0.0,24662.0,65.9,22.0,1.0,0.0,0.0,0.0,692.0,7.0,0.2,0.6363636363636364,155.0,0.0,0.0,-1.0,0
21000.0,36.0,8.39,661.85,4.0,8.0,1.0,100000.0,1.0,0.0,30.54,21.0,0.0,32342.0,70.9,51.0,1.0,0.0,0.0,0.0,692.0,7.0,0.21,0.4117647058823529,145.0,0.0,0.0,-1.0,0
2000.0,36.0,14.49,68.84,13.0,4.0,1.0,80000.0,2.0,4.0,13.58,7.0,0.0,5677.0,97.9,23.0,0.0,0.0,0.0,0.0,682.0,7.0,0.025,0.3043478260869565,146.0,0.0,0.0,-1.0,0
13200.0,60.0,20.2,351.19,22.0,4.0,0.0,94000.0,0.0,0.0,15.84,11.0,0.0,9334.0,96.2,55.0,0.0,0.0,9.0,0.0,672.0,7.0,0.1404255319148936,0.2,169.0,0.0,0.0,-1.0,1
10000.0,36.0,13.98,341.68,12.0,10.0,1.0,53000.0,1.0,0.0,14.54,17.0,1.0,4582.0,32.3,46.0,1.0,0.0,5.0,1.0,662.0,7.0,0.1886792452830188,0.3695652173913043,269.0,0.0037174721189591,0.0037174721189591,1.0,0
28000.0,36.0,7.12,866.1,2.0,2.0,0.0,113000.0,1.0,0.0,22.5,20.0,0.0,46692.0,53.1,39.0,1.0,0.0,5.0,0.0,732.0,7.0,0.247787610619469,0.5128205128205128,283.0,0.0,0.0,-1.0,0
25027.666015625,36.0,10.15,809.3324462890625,6.0,3.0,1.0,635145.625,1.0,4.0,22.775772094726562,8.0,0.0,71444.7578125,91.31420135498047,17.0,1.0,0.0,2.0,0.0,682.0,7.0,0.03940460511616295,0.4705882352941176,161.0,0.0,0.0,-1.0,0
9000.0,36.0,12.49,301.04,9.0,10.0,1.0,50000.0,1.0,5.0,0.79,6.0,3.0,345.0,2.1,21.0,0.0,0.0,0.0,3.0,672.0,7.0,0.18,0.2857142857142857,119.0,0.0252100840336134,0.0252100840336134,1.0,0
23600.0,36.0,7.12,730.0,2.0,4.0,0.0,73000.0,2.0,0.0,25.94,11.0,0.0,23475.0,72.7,22.0,1.0,0.0,1.0,0.0,707.0,7.0,0.3232876712328767,0.5,162.0,0.0,0.0,-1.0,0
33000.0,36.0,12.99,1111.75,10.0,10.0,0.0,99000.0,2.0,0.0,12.34,4.0,0.0,15291.0,78.4,13.0,0.0,0.0,2.0,0.0,692.0,7.0,0.3333333333333333,0.3076923076923077,112.0,0.0,0.0,-1.0,1
25000.0,36.0,12.49,836.23,9.0,10.0,2.0,60694.0,1.0,0.0,20.62,13.0,0.0,25337.0,67.4,19.0,1.0,0.0,0.0,0.0,692.0,7.0,0.4119023297195769,0.6842105263157895,415.0,0.0,0.0,-1.0,0
5000.0,36.0,9.17,159.4,5.0,10.0,0.0,75000.0,0.0,4.0,5.65,19.0,0.0,20862.0,38.6,32.0,1.0,0.0,6.0,0.0,732.0,7.0,0.0666666666666666,0.59375,194.0,0.0,0.0,-1.0,0
9006.68359375,36.0,6.03,274.1217517089844,0.0,10.0,0.0,294019.0,0.0,4.0,18.880448455810548,19.0,0.0,224788.875,20.52002868652344,37.0,0.0,0.0,3.0,0.0,832.0,7.0,0.03063298842081652,0.5135134539088687,392.0,0.0,0.0,-1.0,0
3000.0,36.0,13.98,102.51,12.0,2.0,1.0,75000.0,0.0,4.0,12.51,10.0,2.0,2718.0,43.1,27.0,0.0,0.0,0.0,0.0,662.0,7.0,0.04,0.3703703703703703,214.0,0.0093457943925233,0.0,0.0,0
20000.0,36.0,12.49,668.98,9.0,2.0,2.0,86000.0,1.0,0.0,15.82,10.0,3.0,11817.0,66.0,42.0,1.0,0.0,4.0,2.0,667.0,7.0,0.2325581395348837,0.238095238095238,180.0,0.0166666666666666,0.0111111111111111,0.6666666666666666,0
14000.0,36.0,6.03,426.1,0.0,7.0,0.0,125000.0,1.0,0.0,16.56,26.0,0.0,26440.0,24.7,61.0,1.0,0.0,5.0,0.0,752.0,7.0,0.112,0.4262295081967213,250.0,0.0,0.0,-1.0,0
9000.0,36.0,7.69,280.75,3.0,2.0,1.0,35000.0,0.0,4.0,24.45,12.0,0.0,4157.0,21.9,14.0,0.0,0.0,0.0,0.0,747.0,7.0,0.2571428571428571,0.8571428571428571,124.0,0.0,0.0,-1.0,0
20000.0,60.0,25.57,593.73,29.0,10.0,0.0,55000.0,2.0,0.0,33.12,21.0,0.0,45379.0,67.7,36.0,1.0,0.0,2.0,0.0,697.0,7.0,0.3636363636363636,0.5833333333333334,316.0,0.0,0.0,-1.0,1
9550.0,36.0,18.99,350.02,20.0,2.0,1.0,32000.0,2.0,0.0,25.96,18.0,0.0,10550.0,39.8,24.0,0.0,0.0,0.0,0.0,677.0,7.0,0.2984375,0.75,108.0,0.0,0.0,-1.0,0
10000.0,36.0,13.98,341.68,12.0,3.0,1.0,74000.0,1.0,0.0,25.56,14.0,0.0,23906.0,58.6,33.0,1.0,0.0,0.0,0.0,702.0,7.0,0.1351351351351351,0.4242424242424242,261.0,0.0,0.0,-1.0,0
4587.333984375,36.0,18.24,166.3957666015625,19.0,4.0,1.0,887592.125,2.0,0.0,49.63470397949219,8.0,0.0,82761.46875,65.41411895751953,17.0,1.0,0.0,1.0,0.0,682.0,7.0,0.005168288837118826,0.47058823178796205,106.0,0.0,0.0,-1.0,1
3933.134521484375,36.0,12.49,131.56695739746095,9.0,9.0,1.0,675621.375,0.0,0.0,47.414626922607425,13.0,0.0,285190.25,116.79243469238281,23.0,1.0,0.0,0.0,0.0,677.0,7.0,0.00582150854930584,0.5652173913043478,113.0,0.0,0.0,-1.0,0
2700.0,36.0,20.2,100.62,22.0,9.0,2.0,15000.0,0.0,0.0,11.68,11.0,0.0,2019.0,22.9,15.0,1.0,0.0,0.0,0.0,677.0,7.0,0.18,0.7333333333333333,98.0,0.0,0.0,-1.0,0
16000.0,36.0,6.03,486.97,0.0,10.0,0.0,54590.0,0.0,0.0,16.2,10.0,0.0,11884.0,25.3,16.0,1.0,0.0,2.0,0.0,802.0,7.0,0.2930939732551749,0.625,240.0,0.0,0.0,-1.0,0
20000.0,60.0,13.35,458.66,11.0,8.0,0.0,75000.0,1.0,0.0,6.69,7.0,0.0,15562.0,40.0,24.0,0.0,0.0,5.0,0.0,752.0,7.0,0.2666666666666666,0.2916666666666667,295.0,0.0,0.0,-1.0,0
10491.0546875,36.0,17.57,377.0180419921875,18.0,10.0,1.0,395724.40625,1.0,5.0,0.5731268310546866,9.0,0.0,118763.9609375,35.05594253540039,11.0,1.0,0.0,3.0,0.0,707.0,7.0,0.026510999804206792,0.8181818181818182,98.0,0.0,0.0,-1.0,1
15000.0,60.0,15.61,361.67,15.0,8.0,1.0,40000.0,1.0,0.0,25.4,16.0,0.0,10375.0,27.6,30.0,1.0,0.0,0.0,0.0,737.0,7.0,0.375,0.5333333333333333,191.0,0.0,0.0,-1.0,0
15001.5791015625,36.0,13.35,507.99638671875,11.0,5.0,1.0,68245.0546875,0.0,0.0,25.58501174926758,4.0,0.0,19281.03515625,73.2988265991211,9.0,0.0,0.0,2.0,0.0,667.0,7.0,0.2198192900003389,0.4444444444444444,111.0,0.0,0.0,-1.0,0
2000.0,36.0,13.98,68.34,12.0,3.0,1.0,57000.0,0.0,5.0,15.37,12.0,0.0,1027.0,7.7,23.0,1.0,0.0,0.0,0.0,727.0,7.0,0.0350877192982456,0.5217391304347826,142.0,0.0,0.0,-1.0,0
15194.21875,60.0,14.99,361.3889172363281,14.0,8.0,0.0,1318217.75,2.0,0.0,10.737864303588868,7.0,1.0,92214.71875,108.10289611816407,27.0,0.0,0.0,4.0,0.0,662.0,7.0,0.011526331305503845,0.25925926089286805,199.0,0.0050251256281407,0.0,0.0,0
23925.0,60.0,14.99,569.05,14.0,5.0,1.0,65000.0,1.0,0.0,25.04,14.0,0.0,6540.0,15.2,20.0,1.0,0.0,0.0,0.0,782.0,7.0,0.3680769230769231,0.7,86.0,0.0,0.0,-1.0,0
11800.0,60.0,19.52,309.49,21.0,10.0,1.0,33000.0,1.0,0.0,18.04,5.0,0.0,15882.0,89.2,11.0,1.0,0.0,0.0,0.0,682.0,7.0,0.3575757575757576,0.4545454545454545,123.0,0.0,0.0,-1.0,1
3200.0,36.0,10.99,104.75,7.0,0.0,1.0,35422.0,0.0,0.0,14.03,12.0,0.0,3906.0,34.9,29.0,0.0,0.0,0.0,0.0,702.0,7.0,0.0903393371351137,0.4137931034482758,91.0,0.0,0.0,-1.0,0
6000.0,36.0,6.03,182.62,0.0,2.0,1.0,44000.0,0.0,4.0,8.97,8.0,0.0,4998.0,30.3,24.0,1.0,0.0,0.0,0.0,742.0,7.0,0.1363636363636363,0.3333333333333333,96.0,0.0,0.0,-1.0,0
8500.0,36.0,6.49,260.48,1.0,10.0,0.0,101000.0,0.0,0.0,9.98,14.0,0.0,16153.0,24.0,35.0,1.0,0.0,3.0,0.0,787.0,7.0,0.0841584158415841,0.4,346.0,0.0,0.0,-1.0,0
2775.0,36.0,9.17,88.47,5.0,0.0,2.0,15000.0,2.0,0.0,24.0,11.0,0.0,2882.0,29.7,21.0,1.0,0.0,0.0,0.0,722.0,7.0,0.185,0.5238095238095238,59.0,0.0,0.0,-1.0,0
9000.0,36.0,10.15,291.04,6.0,10.0,0.0,62000.0,0.0,0.0,28.57,9.0,0.0,14670.0,49.2,29.0,1.0,0.0,4.0,0.0,742.0,7.0,0.1451612903225806,0.3103448275862069,381.0,0.0,0.0,-1.0,0
15125.0,60.0,22.15,419.03,24.0,2.0,0.0,55000.0,1.0,2.0,28.69,10.0,1.0,4608.0,54.2,17.0,0.0,0.0,1.0,0.0,697.0,7.0,0.275,0.5882352941176471,140.0,0.0071428571428571,0.0,0.0,1
17975.0,60.0,18.24,458.8,19.0,10.0,0.0,41000.0,0.0,0.0,16.22,10.0,0.0,20709.0,51.3,23.0,0.0,0.0,3.0,0.0,712.0,7.0,0.4384146341463414,0.4347826086956521,309.0,0.0,0.0,-1.0,0
13500.0,36.0,17.57,485.16,18.0,2.0,1.0,40000.0,1.0,0.0,18.72,11.0,0.0,21857.0,72.4,20.0,0.0,0.0,0.0,0.0,687.0,7.0,0.3375,0.55,190.0,0.0,0.0,-1.0,0
20000.0,36.0,7.12,618.64,2.0,10.0,0.0,68000.0,1.0,0.0,32.57,7.0,0.0,16653.0,85.4,28.0,0.0,0.0,4.0,0.0,722.0,7.0,0.2941176470588235,0.25,162.0,0.0,0.0,-1.0,0
7200.0,36.0,9.17,229.53,5.0,10.0,0.0,100000.0,0.0,0.0,23.75,9.0,0.0,45755.0,89.2,13.0,0.0,0.0,0.0,0.0,727.0,7.0,0.072,0.6923076923076923,418.0,0.0,0.0,-1.0,0
4000.0,36.0,12.99,134.76,10.0,0.0,1.0,75000.0,0.0,0.0,18.77,10.0,0.0,23721.0,74.4,22.0,0.0,0.0,1.0,0.0,692.0,7.0,0.0533333333333333,0.4545454545454545,165.0,0.0,0.0,-1.0,1
7131.904296875,36.0,10.99,233.4547735595703,7.0,7.0,0.0,367249.0625,0.0,4.0,45.317120208740235,8.0,1.0,208484.09375,24.376313400268554,14.0,1.0,0.0,3.0,1.0,687.0,7.0,0.019419801235198986,0.5714286054883685,123.0,0.008130081300813,0.008130081300813,1.0,0
13845.7822265625,36.0,7.12,428.28077392578126,2.0,10.0,1.0,1008066.25,0.0,4.0,71.26658538818359,21.0,0.0,121664.71875,25.785877990722653,26.0,0.0,0.0,2.0,0.0,702.0,8.0,0.013734996780357514,0.8076922972997029,285.0,0.0,0.0,-1.0,0
8000.0,36.0,6.49,245.16,1.0,0.0,1.0,128500.0,1.0,0.0,21.03,16.0,0.0,25041.0,38.5,31.0,0.0,0.0,2.0,0.0,747.0,8.0,0.0622568093385214,0.5161290322580645,284.0,0.0,0.0,-1.0,0
25325.0,36.0,15.61,885.49,15.0,9.0,1.0,60424.0,1.0,0.0,30.81,19.0,0.0,48353.0,79.4,33.0,1.0,0.0,0.0,0.0,672.0,8.0,0.4191215411094929,0.5757575757575758,191.0,0.0,0.0,-1.0,0
6700.0,36.0,13.35,226.89,11.0,1.0,2.0,20000.0,2.0,4.0,27.94,10.0,0.0,5293.0,68.7,11.0,1.0,0.0,0.0,0.0,662.0,8.0,0.335,0.9090909090909092,72.0,0.0,0.0,-1.0,1
13000.0,36.0,10.99,425.55,7.0,1.0,0.0,85000.0,0.0,4.0,18.99,11.0,0.0,19150.0,65.8,35.0,0.0,0.0,2.0,0.0,717.0,8.0,0.1529411764705882,0.3142857142857143,144.0,0.0,0.0,-1.0,0
5000.0,36.0,15.61,174.83,15.0,4.0,1.0,57663.0,2.0,0.0,20.98,25.0,2.0,5235.0,24.3,43.0,0.0,0.0,0.0,0.0,707.0,8.0,0.0867107157102474,0.5813953488372093,191.0,0.0104712041884816,0.0,0.0,0
22495.5546875,60.0,7.69,452.7985693359375,3.0,10.0,0.0,746196.625,1.0,0.0,-0.18499588012695156,12.0,0.0,83916.2890625,37.126190948486325,39.0,1.0,0.0,5.0,0.0,752.0,8.0,0.03014695644378662,0.3076923076923077,221.0,0.0,0.0,-1.0,0
18000.0,36.0,16.99,641.66,17.0,3.0,1.0,43000.0,2.0,0.0,33.25,20.0,0.0,9902.0,33.5,70.0,1.0,0.0,6.0,0.0,702.0,8.0,0.4186046511627907,0.2857142857142857,198.0,0.0,0.0,-1.0,0
24000.0,60.0,10.99,521.7,7.0,10.0,1.0,146000.0,1.0,0.0,11.45,6.0,0.0,21102.0,79.9,25.0,1.0,0.0,0.0,0.0,732.0,8.0,0.1643835616438356,0.24,181.0,0.0,0.0,-1.0,0
10000.0,36.0,6.03,304.36,0.0,10.0,0.0,82000.0,1.0,0.0,23.34,13.0,0.0,11568.0,30.5,20.0,0.0,0.0,3.0,0.0,747.0,8.0,0.1219512195121951,0.65,215.0,0.0,0.0,-1.0,0
17000.0,36.0,12.99,572.72,10.0,10.0,2.0,60000.0,1.0,0.0,16.22,9.0,0.0,12473.0,63.0,15.0,0.0,0.0,0.0,0.0,672.0,8.0,0.2833333333333333,0.6,124.0,0.0,0.0,-1.0,0
28000.0,60.0,10.15,596.99,6.0,10.0,0.0,109000.0,1.0,0.0,19.71,9.0,0.0,51983.0,88.0,18.0,1.0,0.0,2.0,0.0,722.0,8.0,0.2568807339449541,0.5,186.0,0.0,0.0,-1.0,0
11000.0,36.0,13.35,372.5,11.0,7.0,0.0,93000.0,0.0,0.0,12.49,10.0,0.0,10898.0,79.5,21.0,1.0,0.0,1.0,0.0,662.0,8.0,0.1182795698924731,0.4761904761904761,183.0,0.0,0.0,-1.0,0
4057.380859375,36.0,14.49,139.63969604492186,13.0,8.0,2.0,327544.15625,0.0,0.0,36.643371200561525,9.0,1.0,47684.1171875,17.706346893310545,27.0,1.0,0.0,2.0,1.0,687.0,8.0,0.012387275061191458,0.333333344295107,156.0,0.0064102564102564,0.0064102564102564,1.0,0
20000.0,60.0,20.2,532.11,22.0,1.0,0.0,175000.0,1.0,0.0,16.77,12.0,1.0,17253.0,59.3,33.0,1.0,0.0,3.0,1.0,707.0,8.0,0.1142857142857142,0.3636363636363636,185.0,0.0054054054054054,0.0054054054054054,1.0,1
17337.67578125,60.0,18.99,449.6529797363281,20.0,6.0,0.0,807689.625,1.0,0.0,26.339216232299805,12.0,0.0,82315.9140625,68.25106811523438,20.0,1.0,0.0,1.0,0.0,667.0,8.0,0.02146576841672257,0.6000000476837158,85.0,0.0,0.0,-1.0,1
3200.0,36.0,13.98,109.34,12.0,10.0,0.0,85000.0,1.0,2.0,28.43,22.0,0.0,40005.0,58.7,41.0,1.0,0.0,1.0,0.0,672.0,8.0,0.0376470588235294,0.5365853658536586,324.0,0.0,0.0,-1.0,0
32000.0,60.0,14.99,761.11,14.0,2.0,1.0,130000.0,1.0,0.0,16.75,14.0,0.0,28600.0,75.5,42.0,1.0,0.0,2.0,0.0,697.0,8.0,0.2461538461538461,0.3333333333333333,180.0,0.0,0.0,-1.0,0
16107.5322265625,60.0,20.2,428.545966796875,22.0,8.0,1.0,331539.09375,2.0,0.0,6.268360137939453,14.0,0.0,89493.7578125,75.88971252441407,26.0,0.0,0.0,6.0,0.0,667.0,8.0,0.04858412389402028,0.5384615384615384,254.0,0.0,0.0,-1.0,1
35016.45703125,60.0,13.98,814.4102490234375,12.0,10.0,0.0,210262.1875,1.0,0.0,21.59213424682617,12.0,0.0,0.0,108.91285400390625,38.0,1.0,0.0,12.0,0.0,707.0,8.0,0.16653710504372912,0.3157894736842105,221.0,0.0,0.0,-1.0,0
3000.0,36.0,10.99,98.21,7.0,10.0,0.0,59000.0,0.0,0.0,26.63,15.0,0.0,15060.0,64.1,38.0,0.0,0.0,5.0,0.0,677.0,8.0,0.0508474576271186,0.3947368421052631,373.0,0.0,0.0,-1.0,0
15000.0,36.0,7.12,463.98,2.0,2.0,0.0,135000.0,0.0,0.0,16.3,14.0,0.0,18437.0,76.2,38.0,1.0,0.0,5.0,0.0,672.0,8.0,0.1111111111111111,0.3684210526315789,185.0,0.0,0.0,-1.0,1
12000.0,36.0,6.49,367.74,1.0,1.0,0.0,120000.0,0.0,0.0,14.73,23.0,0.0,78499.0,35.7,45.0,0.0,0.0,2.0,0.0,712.0,8.0,0.1,0.5111111111111111,140.0,0.0,0.0,-1.0,0
19125.0,60.0,22.15,529.85,24.0,8.0,1.0,56356.0,1.0,0.0,15.8,8.0,1.0,3291.0,32.3,27.0,1.0,0.0,1.0,1.0,677.0,8.0,0.3393604940024132,0.2962962962962963,229.0,0.0043668122270742,0.0043668122270742,1.0,0
33600.0,36.0,8.39,1058.96,4.0,8.0,0.0,115000.0,2.0,0.0,20.12,8.0,0.0,40660.0,73.0,19.0,1.0,0.0,4.0,0.0,722.0,8.0,0.2921739130434783,0.4210526315789473,341.0,0.0,0.0,-1.0,0
20000.0,36.0,18.99,733.02,20.0,5.0,0.0,200000.0,2.0,0.0,20.28,15.0,0.0,8527.0,73.5,22.0,1.0,0.0,0.0,0.0,672.0,8.0,0.1,0.6818181818181818,60.0,0.0,0.0,-1.0,1
7203.17626953125,36.0,10.99,235.7877783203125,7.0,3.0,1.0,102219.8359375,0.0,0.0,23.088356323242188,11.0,0.0,53083.546875,60.22765426635742,18.0,0.0,0.0,0.0,0.0,667.0,8.0,0.07046750038862229,0.6111111111111112,63.0,0.0,0.0,-1.0,0
1200.0,36.0,18.99,43.99,20.0,7.0,0.0,18000.0,0.0,0.0,11.33,5.0,0.0,1823.0,60.8,23.0,1.0,0.0,1.0,0.0,662.0,8.0,0.0666666666666666,0.217391304347826,331.0,0.0,0.0,-1.0,0
8942.791015625,36.0,13.35,302.8284716796875,11.0,8.0,1.0,790142.25,1.0,2.0,99.6567041015625,12.0,1.0,210538.65625,51.4799072265625,23.0,1.0,0.0,1.0,1.0,667.0,8.0,0.011317946819158653,0.5217390997069222,152.0,0.006578947368421,0.006578947368421,1.0,0
21000.0,60.0,12.99,477.71,10.0,1.0,1.0,50000.0,1.0,0.0,25.27,8.0,0.0,14543.0,55.3,16.0,1.0,0.0,0.0,0.0,697.0,8.0,0.42,0.5,90.0,0.0,0.0,-1.0,0
5600.0,36.0,12.99,188.66,10.0,4.0,2.0,95000.0,1.0,0.0,11.95,8.0,1.0,4458.0,41.7,34.0,1.0,0.0,1.0,1.0,667.0,8.0,0.0589473684210526,0.2352941176470588,196.0,0.0051020408163265,0.0051020408163265,1.0,0
21004.658203125,36.0,14.49,722.9008569335938,13.0,8.0,1.0,692412.1875,1.0,0.0,41.59193511962891,25.0,1.0,53425.59765625,50.80382614135742,41.0,1.0,0.0,4.0,0.0,697.0,8.0,0.030335442225138287,0.6097560907021548,573.0,0.0017452006980802,0.0,0.0,0
16000.0,36.0,10.15,517.41,6.0,10.0,1.0,80000.0,1.0,0.0,19.43,9.0,0.0,19400.0,74.0,19.0,0.0,0.0,3.0,0.0,687.0,8.0,0.2,0.4736842105263157,217.0,0.0,0.0,-1.0,0
15000.0,60.0,13.98,348.87,12.0,0.0,1.0,54000.0,1.0,0.0,35.44,18.0,0.0,2133.0,7.4,33.0,0.0,0.0,0.0,0.0,777.0,8.0,0.2777777777777778,0.5454545454545454,150.0,0.0,0.0,-1.0,1
10800.0,36.0,11.67,357.02,8.0,10.0,2.0,130000.0,1.0,0.0,13.96,7.0,1.0,5469.0,37.2,13.0,0.0,0.0,2.0,0.0,687.0,8.0,0.083076923076923,0.5384615384615384,153.0,0.0065359477124183,0.0,0.0,0
12000.0,36.0,16.29,423.61,16.0,9.0,1.0,44000.0,1.0,7.0,16.04,6.0,0.0,4270.0,41.9,17.0,1.0,0.0,0.0,0.0,687.0,8.0,0.2727272727272727,0.3529411764705882,287.0,0.0,0.0,-1.0,1
24000.0,60.0,16.99,596.34,17.0,7.0,0.0,60000.0,1.0,0.0,39.8,12.0,1.0,132413.0,63.4,28.0,1.0,0.0,2.0,0.0,672.0,8.0,0.4,0.4285714285714285,164.0,0.0060975609756097,0.0,0.0,0
8400.0,36.0,13.98,287.02,12.0,0.0,0.0,62000.0,0.0,0.0,19.77,9.0,0.0,14429.0,84.4,17.0,0.0,0.0,1.0,0.0,682.0,8.0,0.1354838709677419,0.5294117647058824,130.0,0.0,0.0,-1.0,0
20000.0,36.0,7.12,618.64,2.0,10.0,2.0,75000.0,1.0,0.0,22.16,14.0,0.0,63367.0,32.1,38.0,1.0,0.0,10.0,0.0,787.0,8.0,0.2666666666666666,0.3684210526315789,198.0,0.0,0.0,-1.0,0
20050.0,36.0,15.61,701.05,15.0,10.0,0.0,95000.0,1.0,0.0,6.27,12.0,1.0,7234.0,39.3,25.0,1.0,0.0,1.0,1.0,697.0,8.0,0.2110526315789473,0.48,158.0,0.0063291139240506,0.0063291139240506,1.0,0
25375.0,36.0,14.99,879.51,14.0,0.0,0.0,105000.0,2.0,4.0,35.2,13.0,0.0,15395.0,52.0,37.0,0.0,0.0,6.0,0.0,702.0,8.0,0.2416666666666666,0.3513513513513513,182.0,0.0,0.0,-1.0,0
6850.0,36.0,12.99,230.78,10.0,7.0,0.0,112000.0,2.0,0.0,27.31,12.0,0.0,68644.0,89.8,20.0,1.0,0.0,2.0,0.0,702.0,9.0,0.0611607142857142,0.6,348.0,0.0,0.0,-1.0,0
6339.1748046875,36.0,25.83,254.83536315917968,31.0,8.0,1.0,588580.5,2.0,1.0,36.63829132080078,2.0,0.0,177599.5,72.10726013183594,7.0,1.0,0.0,3.0,0.0,692.0,9.0,0.01077027775739367,0.2857142814568111,60.0,0.0,0.0,-1.0,0
5000.0,36.0,18.24,181.37,19.0,10.0,0.0,65000.0,2.0,5.0,37.8,20.0,0.0,26673.0,90.4,46.0,1.0,0.0,8.0,0.0,662.0,9.0,0.0769230769230769,0.4347826086956521,133.0,0.0,0.0,-1.0,0
5500.0,36.0,13.98,187.93,12.0,0.0,1.0,65000.0,1.0,0.0,34.88,11.0,0.0,22225.0,92.6,29.0,0.0,0.0,0.0,0.0,682.0,9.0,0.0846153846153846,0.3793103448275862,167.0,0.0,0.0,-1.0,0
29450.0,60.0,24.5,855.79,27.0,3.0,0.0,72000.0,1.0,0.0,30.67,18.0,0.0,64427.0,82.0,27.0,0.0,0.0,4.0,0.0,712.0,9.0,0.4090277777777777,0.6666666666666666,262.0,0.0,0.0,-1.0,1
4200.0,36.0,12.49,140.49,9.0,10.0,2.0,30000.0,0.0,2.0,17.21,8.0,0.0,2980.0,35.9,23.0,1.0,0.0,0.0,0.0,667.0,9.0,0.14,0.3478260869565217,233.0,0.0,0.0,-1.0,0
15000.0,60.0,13.98,348.87,12.0,9.0,0.0,350000.0,1.0,2.0,6.56,17.0,1.0,31251.0,65.9,21.0,0.0,0.0,3.0,1.0,667.0,9.0,0.0428571428571428,0.8095238095238095,233.0,0.0042918454935622,0.0042918454935622,1.0,0
7900.0,36.0,11.67,261.15,8.0,8.0,0.0,51000.0,1.0,0.0,38.52,16.0,0.0,18087.0,66.7,34.0,1.0,0.0,4.0,0.0,687.0,9.0,0.1549019607843137,0.4705882352941176,201.0,0.0,0.0,-1.0,1
4000.0,36.0,7.69,124.78,3.0,10.0,0.0,82000.0,1.0,4.0,7.39,9.0,1.0,2996.0,26.1,43.0,0.0,0.0,1.0,1.0,662.0,9.0,0.048780487804878,0.2093023255813953,288.0,0.0034722222222222,0.0034722222222222,1.0,0
14000.0,60.0,18.24,357.34,19.0,10.0,0.0,50000.0,0.0,0.0,24.92,9.0,0.0,5970.0,78.6,25.0,0.0,0.0,2.0,0.0,667.0,9.0,0.28,0.36,179.0,0.0,0.0,-1.0,1
25600.0,36.0,6.49,784.5,1.0,10.0,0.0,217000.0,1.0,4.0,15.95,13.0,0.0,37761.0,36.6,26.0,1.0,0.0,4.0,0.0,732.0,9.0,0.1179723502304147,0.5,332.0,0.0,0.0,-1.0,0
5250.0,36.0,16.99,187.16,17.0,1.0,1.0,80000.0,1.0,1.0,19.05,28.0,0.0,3684.0,49.1,62.0,1.0,0.0,0.0,0.0,672.0,9.0,0.065625,0.4516129032258064,94.0,0.0,0.0,-1.0,0
5000.0,36.0,8.39,157.59,4.0,1.0,1.0,25500.0,1.0,0.0,19.11,14.0,0.0,4165.0,12.8,18.0,0.0,0.0,0.0,0.0,712.0,9.0,0.196078431372549,0.7777777777777778,124.0,0.0,0.0,-1.0,0
11959.376953125,36.0,11.67,395.34093994140625,8.0,0.0,1.0,312219.5,0.0,0.0,6.22901123046875,14.0,0.0,89163.3828125,62.61428375244141,22.0,1.0,0.0,1.0,0.0,692.0,9.0,0.03830438852310181,0.6363636363636364,96.0,0.0,0.0,-1.0,1
20000.0,36.0,7.12,618.64,2.0,5.0,0.0,96000.0,1.0,3.0,8.79,12.0,0.0,8032.0,13.1,20.0,0.0,0.0,2.0,0.0,782.0,9.0,0.2083333333333333,0.6,241.0,0.0,0.0,-1.0,0
10000.0,36.0,13.35,338.63,11.0,2.0,1.0,34000.0,1.0,0.0,21.32,21.0,0.0,4941.0,29.8,47.0,0.0,0.0,0.0,0.0,662.0,9.0,0.2941176470588235,0.4468085106382978,119.0,0.0,0.0,-1.0,1
9600.0,36.0,10.99,314.25,7.0,4.0,1.0,85000.0,0.0,0.0,17.33,18.0,0.0,10288.0,33.6,51.0,0.0,0.0,6.0,0.0,667.0,9.0,0.1129411764705882,0.3529411764705882,180.0,0.0,0.0,-1.0,0
4000.0,36.0,8.39,126.07,4.0,6.0,0.0,70000.0,2.0,4.0,3.65,7.0,2.0,11466.0,56.5,16.0,1.0,0.0,4.0,1.0,667.0,9.0,0.0571428571428571,0.4375,190.0,0.0105263157894736,0.0052631578947368,0.5,0
10625.0,36.0,10.15,343.59,6.0,10.0,1.0,36000.0,1.0,0.0,25.32,5.0,0.0,16627.0,65.5,19.0,0.0,0.0,0.0,0.0,697.0,9.0,0.2951388888888889,0.2631578947368421,210.0,0.0,0.0,-1.0,0
6662.3193359375,36.0,16.29,235.18445007324217,16.0,10.0,0.0,246824.1875,1.0,7.0,31.426596755981446,17.0,0.0,27259.892578125,84.73397369384766,35.0,1.0,0.0,2.0,0.0,692.0,9.0,0.02699217650625435,0.4857142757285725,114.0,0.0,0.0,-1.0,0
10000.0,36.0,14.49,344.17,13.0,6.0,1.0,30000.0,2.0,4.0,27.0,10.0,0.0,9482.0,60.4,13.0,0.0,0.0,0.0,0.0,687.0,9.0,0.3333333333333333,0.7692307692307693,199.0,0.0,0.0,-1.0,1
8800.0,36.0,7.12,272.21,2.0,9.0,0.0,80000.0,0.0,2.0,23.22,16.0,0.0,16947.0,27.7,34.0,0.0,0.0,3.0,0.0,722.0,9.0,0.11,0.4705882352941176,132.0,0.0,0.0,-1.0,0
16750.0,36.0,13.35,567.21,11.0,10.0,0.0,42000.0,0.0,0.0,19.63,8.0,0.0,30738.0,74.8,14.0,1.0,0.0,2.0,0.0,677.0,9.0,0.3988095238095238,0.5714285714285714,202.0,0.0,0.0,-1.0,0
17000.0,60.0,17.57,427.73,18.0,8.0,1.0,48000.0,1.0,0.0,20.48,8.0,0.0,15688.0,83.0,13.0,0.0,0.0,0.0,0.0,702.0,9.0,0.3541666666666667,0.6153846153846154,89.0,0.0,0.0,-1.0,1
16009.3203125,60.0,17.57,402.796318359375,18.0,10.0,0.0,444319.90625,0.0,3.0,86.25343368530272,7.0,0.0,152437.953125,64.08092956542968,20.0,1.0,0.0,6.0,0.0,672.0,9.0,0.03603106097962766,0.34999998878030214,148.0,0.0,0.0,-1.0,1
35000.0,60.0,13.98,814.03,12.0,10.0,0.0,150000.0,2.0,4.0,11.34,10.0,0.0,155869.0,90.0,20.0,0.0,0.0,2.0,0.0,722.0,9.0,0.2333333333333333,0.5,330.0,0.0,0.0,-1.0,0
6400.0,36.0,13.35,216.73,11.0,2.0,1.0,64000.0,0.0,10.0,15.04,13.0,0.0,14099.0,79.7,24.0,0.0,0.0,0.0,0.0,667.0,9.0,0.1,0.5416666666666666,193.0,0.0,0.0,-1.0,1
20050.0,60.0,14.49,471.64,13.0,10.0,0.0,145000.0,2.0,0.0,26.32,19.0,0.0,41322.0,76.9,29.0,1.0,0.0,2.0,0.0,707.0,9.0,0.1382758620689655,0.6551724137931034,182.0,0.0,0.0,-1.0,0
18450.0,60.0,18.99,478.51,20.0,4.0,1.0,55000.0,2.0,0.0,33.04,21.0,0.0,1835.0,17.8,26.0,0.0,0.0,0.0,0.0,742.0,9.0,0.3354545454545454,0.8076923076923077,74.0,0.0,0.0,-1.0,1
6000.0,36.0,12.99,202.14,10.0,8.0,1.0,41000.0,2.0,0.0,33.46,15.0,0.0,5615.0,22.8,47.0,1.0,0.0,0.0,0.0,737.0,9.0,0.1463414634146341,0.3191489361702128,156.0,0.0,0.0,-1.0,0
2000.0,36.0,12.49,66.9,9.0,0.0,0.0,80000.0,0.0,0.0,12.29,12.0,0.0,10643.0,77.1,24.0,1.0,0.0,1.0,0.0,677.0,9.0,0.025,0.5,85.0,0.0,0.0,-1.0,0
35000.0,36.0,8.39,1103.09,4.0,10.0,0.0,123000.0,1.0,0.0,10.77,16.0,0.0,25362.0,30.3,44.0,0.0,0.0,6.0,0.0,742.0,9.0,0.2845528455284553,0.3636363636363636,252.0,0.0,0.0,-1.0,0
35000.0,36.0,10.15,1131.82,6.0,10.0,0.0,167000.0,2.0,0.0,8.24,14.0,0.0,9415.0,59.6,35.0,0.0,0.0,4.0,0.0,732.0,9.0,0.2095808383233532,0.4,355.0,0.0,0.0,-1.0,0
10000.0,36.0,7.12,309.32,2.0,9.0,2.0,130000.0,0.0,4.0,12.04,19.0,0.0,17171.0,35.4,43.0,0.0,0.0,7.0,0.0,722.0,9.0,0.0769230769230769,0.4418604651162791,265.0,0.0,0.0,-1.0,0
14727.80078125,36.0,13.35,498.72546630859375,11.0,2.0,1.0,1207809.125,0.0,4.0,73.9029232788086,16.0,0.0,153728.234375,69.6285186767578,23.0,0.0,0.0,4.0,0.0,662.0,9.0,0.012193812926610259,0.6956521739130435,175.0,0.0,0.0,-1.0,1
29975.0,60.0,13.35,687.41,11.0,4.0,0.0,60000.0,1.0,4.0,29.11,6.0,0.0,13122.0,68.0,15.0,0.0,0.0,1.0,0.0,722.0,9.0,0.4995833333333333,0.4,114.0,0.0,0.0,-1.0,1
24000.0,36.0,12.99,808.54,10.0,1.0,0.0,280000.0,1.0,0.0,13.05,14.0,1.0,11545.0,36.0,24.0,1.0,0.0,2.0,0.0,692.0,9.0,0.0857142857142857,0.5833333333333334,146.0,0.0068493150684931,0.0,0.0,1
12000.0,36.0,16.29,423.61,16.0,0.0,1.0,92000.0,1.0,5.0,16.06,8.0,0.0,677.0,8.3,15.0,0.0,0.0,0.0,0.0,697.0,9.0,0.1304347826086956,0.5333333333333333,74.0,0.0,0.0,-1.0,0
10000.0,36.0,6.03,304.36,0.0,2.0,0.0,200000.0,1.0,4.0,11.67,17.0,0.0,4768.0,6.3,52.0,1.0,0.0,4.0,0.0,797.0,9.0,0.05,0.3269230769230769,226.0,0.0,0.0,-1.0,0
28000.0,60.0,10.99,608.65,7.0,1.0,0.0,80000.0,1.0,0.0,20.37,13.0,0.0,11745.0,51.5,23.0,0.0,0.0,3.0,0.0,747.0,9.0,0.35,0.5652173913043478,175.0,0.0,0.0,-1.0,0
6000.0,36.0,13.35,203.18,11.0,1.0,1.0,36500.0,1.0,0.0,18.15,22.0,0.0,4680.0,43.7,33.0,1.0,0.0,0.0,0.0,707.0,9.0,0.1643835616438356,0.6666666666666666,70.0,0.0,0.0,-1.0,0
15000.0,36.0,14.99,519.91,14.0,10.0,0.0,35000.0,0.0,0.0,15.47,12.0,0.0,13246.0,66.2,20.0,0.0,0.0,5.0,0.0,687.0,9.0,0.4285714285714285,0.6,118.0,0.0,0.0,-1.0,0
20000.0,36.0,14.49,688.33,13.0,10.0,1.0,85000.0,1.0,6.0,17.69,10.0,0.0,18326.0,66.4,15.0,0.0,0.0,1.0,0.0,682.0,9.0,0.2352941176470588,0.6666666666666666,275.0,0.0,0.0,-1.0,1
3750.0,36.0,17.57,134.77,18.0,6.0,0.0,34000.0,0.0,4.0,12.42,5.0,0.0,4671.0,41.7,6.0,1.0,0.0,0.0,0.0,697.0,9.0,0.1102941176470588,0.8333333333333334,52.0,0.0,0.0,-1.0,0
16103.46875,36.0,18.99,590.2068041992187,20.0,2.0,1.0,335267.84375,0.0,5.0,57.2285758972168,13.0,1.0,185011.6875,92.72283325195312,53.0,1.0,0.0,5.0,0.0,667.0,9.0,0.048031652503543354,0.24528303688222702,151.0,0.0066225165562913,0.0,0.0,0
15000.0,60.0,8.39,306.96,4.0,0.0,0.0,100000.0,0.0,0.0,14.36,12.0,0.0,5108.0,7.3,27.0,0.0,0.0,4.0,0.0,817.0,9.0,0.15,0.4444444444444444,427.0,0.0,0.0,-1.0,0
23600.0,60.0,15.61,569.03,15.0,10.0,0.0,50000.0,1.0,4.0,24.96,11.0,0.0,21102.0,75.6,22.0,0.0,0.0,3.0,0.0,732.0,9.0,0.472,0.5,274.0,0.0,0.0,-1.0,0
19956.044921875,36.0,7.69,622.5000561523437,3.0,10.0,0.0,917997.9375,1.0,0.0,69.64736724853516,10.0,0.0,137689.203125,49.759090423583984,40.0,0.0,0.0,3.0,0.0,702.0,9.0,0.02173865302559394,0.25000000596046446,383.0,0.0,0.0,-1.0,0
9000.0,36.0,12.49,301.04,9.0,9.0,0.0,85000.0,1.0,0.0,16.79,15.0,0.0,14886.0,54.3,29.0,0.0,0.0,4.0,0.0,672.0,9.0,0.1058823529411764,0.5172413793103449,207.0,0.0,0.0,-1.0,0
10000.0,36.0,13.35,338.63,11.0,6.0,1.0,55000.0,0.0,0.0,27.75,17.0,0.0,16264.0,73.1,37.0,0.0,0.0,0.0,0.0,662.0,9.0,0.1818181818181818,0.4594594594594595,239.0,0.0,0.0,-1.0,0
20000.0,36.0,6.49,612.89,1.0,9.0,1.0,76000.0,1.0,0.0,12.82,7.0,1.0,10280.0,77.9,13.0,0.0,0.0,0.0,1.0,697.0,9.0,0.2631578947368421,0.5384615384615384,187.0,0.0053475935828877,0.0053475935828877,1.0,0
11864.9990234375,60.0,20.2,315.6720251464844,22.0,1.0,1.0,158995.828125,1.0,0.0,40.837829208374025,7.0,1.0,115086.296875,73.08574829101562,10.0,0.0,0.0,1.0,1.0,662.0,9.0,0.07462460031876189,0.700000007947286,143.0,0.0069930069930069,0.0069930069930069,1.0,0
24000.0,36.0,11.67,793.37,8.0,10.0,2.0,100000.0,1.0,0.0,20.68,10.0,0.0,59227.0,43.5,36.0,1.0,0.0,2.0,0.0,682.0,9.0,0.24,0.2777777777777778,363.0,0.0,0.0,-1.0,0
5675.0,36.0,19.52,209.52,21.0,0.0,1.0,70000.0,0.0,5.0,25.78,7.0,0.0,12593.0,93.0,13.0,1.0,0.0,0.0,0.0,662.0,9.0,0.0810714285714285,0.5384615384615384,127.0,0.0,0.0,-1.0,1
14700.0,36.0,10.15,475.37,6.0,10.0,1.0,49000.0,1.0,0.0,28.95,8.0,0.0,3305.0,25.0,22.0,1.0,0.0,0.0,0.0,742.0,9.0,0.3,0.3636363636363636,150.0,0.0,0.0,-1.0,0
22050.0,60.0,25.57,654.59,29.0,7.0,1.0,60000.0,1.0,2.0,2.92,19.0,2.0,15863.0,25.2,34.0,0.0,0.0,0.0,0.0,692.0,9.0,0.3675,0.5588235294117647,328.0,0.0060975609756097,0.0,0.0,0
10000.0,36.0,6.49,306.45,1.0,10.0,0.0,78000.0,0.0,4.0,10.65,11.0,0.0,8223.0,31.3,26.0,0.0,0.0,5.0,0.0,742.0,9.0,0.1282051282051282,0.4230769230769231,295.0,0.0,0.0,-1.0,0
15775.0,60.0,16.99,391.97,17.0,10.0,1.0,36000.0,1.0,0.0,10.77,4.0,0.0,12260.0,89.5,8.0,0.0,0.0,0.0,0.0,702.0,9.0,0.4381944444444444,0.5,306.0,0.0,0.0,-1.0,0
20000.0,36.0,11.67,661.14,8.0,3.0,0.0,90000.0,1.0,0.0,15.51,18.0,0.0,29823.0,65.1,35.0,0.0,0.0,6.0,0.0,672.0,9.0,0.2222222222222222,0.5142857142857142,166.0,0.0,0.0,-1.0,0
5500.0,36.0,10.99,180.04,7.0,10.0,1.0,60000.0,0.0,4.0,22.25,6.0,0.0,8023.0,80.2,14.0,1.0,0.0,0.0,0.0,697.0,9.0,0.0916666666666666,0.4285714285714285,172.0,0.0,0.0,-1.0,0
6675.0,36.0,16.29,235.63,16.0,9.0,1.0,42000.0,1.0,0.0,18.45,11.0,1.0,5377.0,30.4,17.0,0.0,0.0,0.0,0.0,662.0,9.0,0.1589285714285714,0.6470588235294118,106.0,0.0094339622641509,0.0,0.0,0
12000.0,60.0,20.2,319.27,22.0,10.0,0.0,55000.0,0.0,0.0,22.8,9.0,0.0,32812.0,82.4,14.0,0.0,0.0,1.0,0.0,697.0,9.0,0.2181818181818181,0.6428571428571429,80.0,0.0,0.0,-1.0,0
26000.0,60.0,13.35,596.25,11.0,10.0,1.0,56000.0,1.0,0.0,22.39,12.0,0.0,16297.0,39.4,22.0,0.0,0.0,0.0,0.0,742.0,9.0,0.4642857142857143,0.5454545454545454,218.0,0.0,0.0,-1.0,0
17975.0,60.0,17.57,452.26,18.0,6.0,1.0,40000.0,1.0,0.0,34.79,15.0,0.0,10201.0,60.4,23.0,1.0,0.0,0.0,0.0,692.0,9.0,0.449375,0.6521739130434783,122.0,0.0,0.0,-1.0,1
10000.0,36.0,13.35,338.63,11.0,9.0,1.0,58000.0,0.0,0.0,17.75,5.0,0.0,2235.0,63.9,20.0,0.0,0.0,0.0,0.0,677.0,9.0,0.1724137931034483,0.25,228.0,0.0,0.0,-1.0,0
4500.0,36.0,12.49,150.52,9.0,10.0,2.0,42036.0,0.0,4.0,6.77,9.0,2.0,5878.0,60.6,14.0,0.0,0.0,3.0,1.0,672.0,9.0,0.1070510990579503,0.6428571428571429,130.0,0.0153846153846153,0.0076923076923076,0.5,0
13000.0,36.0,12.49,434.84,9.0,8.0,0.0,54000.0,0.0,0.0,13.98,6.0,0.0,6002.0,38.5,14.0,1.0,0.0,2.0,0.0,747.0,9.0,0.2407407407407407,0.4285714285714285,91.0,0.0,0.0,-1.0,0
6457.84326171875,36.0,13.98,220.65157287597657,12.0,8.0,1.0,778290.9375,1.0,0.0,104.52457946777344,5.0,0.0,198653.171875,91.75107421875,16.0,1.0,0.0,0.0,0.0,662.0,9.0,0.00829746564993486,0.3125,157.0,0.0,0.0,-1.0,0
6016.79345703125,36.0,13.35,203.7458416748047,11.0,3.0,0.0,438811.875,2.0,2.0,30.49175605773926,7.0,0.0,63979.1015625,29.064441680908203,13.0,1.0,0.0,2.0,0.0,687.0,9.0,0.013711558580398561,0.5384615858395895,131.0,0.0,0.0,-1.0,0
5000.0,36.0,10.15,161.69,6.0,4.0,0.0,37000.0,1.0,4.0,22.09,7.0,5.0,11596.0,78.4,16.0,1.0,0.0,0.0,1.0,662.0,9.0,0.1351351351351351,0.4375,390.0,0.0128205128205128,0.0025641025641025,0.2,0
24000.0,36.0,10.99,785.62,7.0,10.0,0.0,210000.0,1.0,0.0,14.19,18.0,0.0,37320.0,40.5,27.0,1.0,0.0,1.0,0.0,717.0,9.0,0.1142857142857142,0.6666666666666666,207.0,0.0,0.0,-1.0,0
5000.0,36.0,6.03,152.18,0.0,10.0,1.0,55000.0,0.0,0.0,20.77,14.0,0.0,5151.0,8.6,39.0,1.0,0.0,4.0,0.0,732.0,9.0,0.0909090909090909,0.358974358974359,164.0,0.0,0.0,-1.0,0
15000.0,36.0,7.69,467.91,3.0,5.0,0.0,167000.0,1.0,0.0,9.55,14.0,0.0,28336.0,70.8,20.0,0.0,0.0,1.0,0.0,702.0,9.0,0.0898203592814371,0.7,189.0,0.0,0.0,-1.0,0
15000.0,36.0,13.98,512.52,12.0,10.0,0.0,68000.0,2.0,2.0,29.16,29.0,1.0,11076.0,33.6,73.0,1.0,0.0,5.0,1.0,667.0,9.0,0.2205882352941176,0.3972602739726027,245.0,0.0040816326530612,0.0040816326530612,1.0,0
15200.0,60.0,25.83,453.57,31.0,2.0,1.0,48000.0,1.0,0.0,24.95,15.0,1.0,5017.0,30.8,25.0,0.0,0.0,0.0,1.0,697.0,9.0,0.3166666666666666,0.6,131.0,0.0076335877862595,0.0076335877862595,1.0,0
28000.0,60.0,7.69,563.6,3.0,10.0,0.0,120000.0,1.0,4.0,24.63,25.0,0.0,51872.0,44.3,47.0,0.0,0.0,4.0,0.0,717.0,9.0,0.2333333333333333,0.5319148936170213,364.0,0.0,0.0,-1.0,0
9025.0,36.0,15.61,315.56,15.0,4.0,1.0,26818.0,1.0,5.0,26.99,6.0,0.0,1949.0,32.0,11.0,0.0,0.0,0.0,0.0,677.0,9.0,0.3365277052725781,0.5454545454545454,136.0,0.0,0.0,-1.0,0
10000.0,36.0,16.29,353.01,16.0,1.0,1.0,48000.0,0.0,0.0,35.11,21.0,0.0,7939.0,52.9,28.0,1.0,0.0,0.0,0.0,672.0,9.0,0.2083333333333333,0.75,152.0,0.0,0.0,-1.0,0
23627.2109375,36.0,11.67,781.0444018554688,8.0,7.0,1.0,543108.235,1.0,0.0,22.254999046325686,9.0,0.0,26673.01953125,134.96375885009766,25.0,0.0,0.0,4.0,0.0,672.0,9.0,0.0435036819691777,0.36000000437100727,176.0,0.0,0.0,-1.0,0
19200.0,60.0,14.49,451.65,13.0,3.0,1.0,48000.0,1.0,0.0,17.4,9.0,0.0,4535.0,51.5,12.0,0.0,0.0,0.0,0.0,697.0,9.0,0.4,0.75,140.0,0.0,0.0,-1.0,0
6000.0,36.0,12.49,200.7,9.0,1.0,0.0,52000.0,0.0,5.0,10.57,9.0,0.0,9263.0,54.2,10.0,1.0,0.0,0.0,0.0,692.0,9.0,0.1153846153846153,0.9,82.0,0.0,0.0,-1.0,0
8800.0,36.0,7.69,274.51,3.0,6.0,2.0,33000.0,0.0,0.0,14.87,3.0,0.0,4104.0,43.7,20.0,1.0,0.0,0.0,0.0,737.0,9.0,0.2666666666666666,0.15,165.0,0.0,0.0,-1.0,0
35000.0,60.0,23.43,995.34,25.0,0.0,0.0,120000.0,2.0,2.0,12.12,15.0,0.0,26738.0,34.3,34.0,1.0,0.0,6.0,0.0,752.0,9.0,0.2916666666666667,0.4411764705882353,399.0,0.0,0.0,-1.0,0
12000.0,36.0,7.69,374.33,3.0,3.0,1.0,95250.0,0.0,0.0,24.08,21.0,1.0,15450.0,46.7,43.0,1.0,0.0,2.0,0.0,667.0,9.0,0.1259842519685039,0.4883720930232558,191.0,0.0052356020942408,0.0,0.0,0
27900.0,36.0,14.49,960.21,13.0,4.0,0.0,285000.0,1.0,4.0,6.38,14.0,0.0,1311.0,8.5,32.0,0.0,0.0,1.0,0.0,692.0,9.0,0.0978947368421052,0.4375,159.0,0.0,0.0,-1.0,1
18975.0,60.0,24.5,551.4,27.0,4.0,1.0,56000.0,2.0,5.0,2.94,5.0,1.0,1585.0,17.0,8.0,0.0,0.0,0.0,0.0,682.0,9.0,0.3388392857142857,0.625,83.0,0.0120481927710843,0.0,0.0,0
22875.0,36.0,18.24,829.75,19.0,10.0,1.0,52000.0,2.0,4.0,12.85,10.0,0.0,21342.0,79.6,21.0,0.0,0.0,0.0,0.0,687.0,9.0,0.4399038461538461,0.4761904761904761,199.0,0.0,0.0,-1.0,0
25000.0,36.0,13.98,854.2,12.0,4.0,1.0,117000.0,1.0,4.0,10.39,17.0,0.0,15021.0,64.2,17.0,1.0,0.0,0.0,0.0,702.0,9.0,0.2136752136752136,1.0,121.0,0.0,0.0,-1.0,0
12000.0,36.0,11.67,396.69,8.0,4.0,0.0,55000.0,1.0,4.0,34.45,13.0,0.0,16045.0,42.7,23.0,1.0,0.0,0.0,0.0,722.0,9.0,0.2181818181818181,0.5652173913043478,267.0,0.0,0.0,-1.0,1
11750.0,60.0,12.99,267.29,10.0,10.0,0.0,65000.0,1.0,0.0,11.54,12.0,0.0,9910.0,35.1,30.0,1.0,0.0,8.0,0.0,697.0,9.0,0.1807692307692307,0.4,319.0,0.0,0.0,-1.0,0
20000.0,36.0,9.17,637.58,5.0,10.0,0.0,110000.0,1.0,0.0,24.11,28.0,1.0,33851.0,49.6,49.0,1.0,0.0,1.0,0.0,712.0,9.0,0.1818181818181818,0.5714285714285714,239.0,0.00418410041841,0.0,0.0,0
22782.744140625,36.0,13.98,778.44064453125,12.0,4.0,1.0,245749.71875,2.0,0.0,31.86486526489258,12.0,0.0,373.9921875,69.88412933349609,16.0,1.0,0.0,0.0,0.0,717.0,9.0,0.09270710229873658,0.75,281.0,0.0,0.0,-1.0,0
20000.0,36.0,13.35,677.26,11.0,10.0,0.0,100000.0,2.0,0.0,19.26,15.0,0.0,23347.0,51.7,46.0,1.0,0.0,3.0,0.0,662.0,9.0,0.2,0.3260869565217391,255.0,0.0,0.0,-1.0,0
5600.0,36.0,11.67,185.12,8.0,10.0,0.0,37000.0,0.0,8.0,15.12,4.0,1.0,1469.0,86.4,11.0,1.0,0.0,2.0,1.0,692.0,9.0,0.1513513513513513,0.3636363636363636,460.0,0.0021739130434782,0.0021739130434782,1.0,0
12260.953125,36.0,6.49,375.7331335449219,1.0,10.0,0.0,471051.15625,0.0,4.0,100.09393798828125,24.0,0.0,182762.765625,32.77142562866211,49.0,1.0,0.0,1.0,0.0,737.0,9.0,0.026028914584053875,0.4897959183673469,244.0,0.0,0.0,-1.0,0
9000.0,36.0,19.52,332.28,21.0,8.0,1.0,30000.0,1.0,9.0,36.48,16.0,0.0,8853.0,61.5,20.0,0.0,0.0,0.0,0.0,672.0,9.0,0.3,0.8,113.0,0.0,0.0,-1.0,1
14000.0,36.0,13.35,474.08,11.0,0.0,0.0,35000.0,1.0,4.0,27.19,9.0,0.0,11210.0,62.6,27.0,1.0,0.0,1.0,0.0,692.0,9.0,0.4,0.3333333333333333,108.0,0.0,0.0,-1.0,0
6400.0,36.0,15.61,223.78,15.0,6.0,0.0,84200.0,2.0,0.0,24.97,31.0,0.0,13157.0,31.9,42.0,0.0,0.0,1.0,0.0,682.0,9.0,0.0760095011876484,0.7380952380952381,154.0,0.0,0.0,-1.0,1
6500.0,36.0,9.17,207.22,5.0,10.0,0.0,56420.0,1.0,4.0,12.74,8.0,1.0,6235.0,81.0,25.0,0.0,0.0,5.0,1.0,697.0,9.0,0.1152073732718894,0.32,232.0,0.0043103448275862,0.0043103448275862,1.0,0
10000.0,36.0,9.17,318.79,5.0,8.0,0.0,83000.0,1.0,0.0,11.33,11.0,0.0,13964.0,41.0,40.0,1.0,0.0,0.0,0.0,682.0,9.0,0.1204819277108433,0.275,92.0,0.0,0.0,-1.0,0
3600.0,36.0,13.35,121.91,11.0,3.0,0.0,120000.0,0.0,2.0,13.43,7.0,0.0,6257.0,100.9,23.0,1.0,0.0,5.0,0.0,682.0,9.0,0.03,0.3043478260869565,267.0,0.0,0.0,-1.0,0
2400.0,36.0,13.35,81.28,11.0,10.0,1.0,73000.0,0.0,0.0,19.37,16.0,0.0,13717.0,67.6,35.0,1.0,0.0,0.0,0.0,662.0,9.0,0.0328767123287671,0.4571428571428571,318.0,0.0,0.0,-1.0,0
6000.0,36.0,7.69,187.17,3.0,10.0,0.0,95000.0,0.0,2.0,6.51,8.0,1.0,2964.0,19.8,36.0,0.0,0.0,6.0,1.0,662.0,9.0,0.0631578947368421,0.2222222222222222,216.0,0.0046296296296296,0.0046296296296296,1.0,0
17983.482421875,36.0,11.67,594.4873364257812,8.0,8.0,1.0,810010.25,0.0,4.0,42.88995346069336,13.0,0.0,46716.390625,11.140879440307614,25.0,1.0,0.0,2.0,0.0,702.0,9.0,0.022201550006866466,0.52,161.0,0.0,0.0,-1.0,0
35000.0,36.0,17.57,1257.8,18.0,10.0,0.0,118000.0,2.0,0.0,2.97,10.0,1.0,22768.0,77.4,19.0,1.0,0.0,2.0,0.0,687.0,9.0,0.2966101694915254,0.5263157894736842,424.0,0.0023584905660377,0.0,0.0,0
4500.0,36.0,22.15,172.21,24.0,2.0,1.0,76500.0,2.0,10.0,23.64,19.0,1.0,5493.0,40.6,50.0,1.0,0.0,6.0,1.0,672.0,9.0,0.0588235294117647,0.38,249.0,0.0040160642570281,0.0040160642570281,1.0,0
13832.0595703125,36.0,18.99,506.9575891113281,20.0,10.0,1.0,890734.125,2.0,0.0,63.84398376464844,25.0,1.0,68924.4609375,105.54461517333985,31.0,1.0,0.0,3.0,1.0,662.0,9.0,0.015528818365138808,0.8064516129032258,148.0,0.0067567567567567,0.0067567567567567,1.0,0
7600.0,36.0,12.99,256.04,10.0,2.0,0.0,70000.0,1.0,4.0,20.18,15.0,0.0,27187.0,69.9,24.0,0.0,0.0,1.0,0.0,662.0,9.0,0.1085714285714285,0.625,237.0,0.0,0.0,-1.0,0
7000.0,36.0,12.99,235.83,10.0,4.0,2.0,34000.0,1.0,4.0,25.31,14.0,0.0,6127.0,29.9,23.0,0.0,0.0,0.0,0.0,682.0,9.0,0.2058823529411764,0.6086956521739131,83.0,0.0,0.0,-1.0,0
4000.0,36.0,17.57,143.75,18.0,5.0,0.0,40003.2,0.0,9.0,24.21,8.0,0.0,5553.0,41.1,20.0,0.0,0.0,2.0,0.0,707.0,9.0,0.0999920006399488,0.4,112.0,0.0,0.0,-1.0,0
2100.0,36.0,9.17,66.95,5.0,2.0,0.0,30000.0,2.0,0.0,7.2,14.0,0.0,1619.0,3.9,27.0,1.0,0.0,1.0,0.0,722.0,9.0,0.07,0.5185185185185185,199.0,0.0,0.0,-1.0,0
3000.0,36.0,12.49,100.35,9.0,2.0,1.0,33000.0,0.0,4.0,21.78,8.0,0.0,3224.0,35.0,21.0,1.0,0.0,0.0,0.0,667.0,9.0,0.0909090909090909,0.3809523809523809,73.0,0.0,0.0,-1.0,0
15000.0,36.0,7.12,463.98,2.0,0.0,0.0,90000.0,0.0,4.0,19.2,15.0,0.0,16967.0,44.4,49.0,1.0,0.0,5.0,0.0,727.0,9.0,0.1666666666666666,0.3061224489795918,304.0,0.0,0.0,-1.0,0
5450.0,36.0,16.99,194.29,17.0,10.0,1.0,24000.0,0.0,4.0,19.95,6.0,0.0,7409.0,88.2,7.0,0.0,0.0,0.0,0.0,677.0,9.0,0.2270833333333333,0.8571428571428571,134.0,0.0,0.0,-1.0,0
35000.0,36.0,9.17,1115.77,5.0,5.0,1.0,145000.0,2.0,0.0,18.77,26.0,0.0,22037.0,31.9,41.0,0.0,0.0,0.0,0.0,707.0,9.0,0.2413793103448276,0.6341463414634146,219.0,0.0,0.0,-1.0,0
17000.0,60.0,14.49,399.9,13.0,10.0,1.0,53000.0,1.0,4.0,15.17,6.0,0.0,15091.0,85.7,28.0,0.0,0.0,6.0,0.0,662.0,9.0,0.320754716981132,0.2142857142857142,151.0,0.0,0.0,-1.0,1
16950.0,36.0,25.83,681.4,31.0,0.0,1.0,50000.0,1.0,1.0,20.88,7.0,0.0,12728.0,65.6,14.0,0.0,0.0,0.0,0.0,667.0,9.0,0.339,0.5,90.0,0.0,0.0,-1.0,0
20000.0,36.0,9.17,637.58,5.0,10.0,0.0,80000.0,2.0,4.0,5.0,18.0,2.0,9026.0,10.6,36.0,0.0,0.0,2.0,0.0,742.0,9.0,0.25,0.5,377.0,0.0053050397877984,0.0,0.0,0
11850.0,60.0,18.99,307.34,20.0,0.0,1.0,27000.0,1.0,0.0,4.8,5.0,0.0,3537.0,33.1,15.0,0.0,0.0,3.0,0.0,692.0,9.0,0.4388888888888889,0.3333333333333333,196.0,0.0,0.0,-1.0,0
13475.0,36.0,16.29,475.68,16.0,7.0,1.0,43680.0,2.0,0.0,11.87,16.0,3.0,8859.0,63.8,23.0,1.0,0.0,0.0,2.0,662.0,9.0,0.3084935897435897,0.6956521739130435,330.0,0.009090909090909,0.006060606060606,0.6666666666666666,1
12000.0,36.0,13.35,406.36,11.0,0.0,1.0,45000.0,0.0,0.0,22.38,9.0,0.0,5911.0,48.9,13.0,0.0,0.0,1.0,0.0,677.0,9.0,0.2666666666666666,0.6923076923076923,53.0,0.0,0.0,-1.0,0
19000.0,36.0,7.69,592.68,3.0,2.0,1.0,75000.0,0.0,4.0,13.95,5.0,0.0,18681.0,68.9,23.0,0.0,0.0,0.0,0.0,702.0,9.0,0.2533333333333333,0.217391304347826,140.0,0.0,0.0,-1.0,0
10015.263671875,36.0,11.67,331.0744250488281,8.0,0.0,1.0,105966.125,0.0,0.0,21.758870964050296,6.0,0.0,26695.12890625,64.43424224853516,13.0,0.0,0.0,4.0,0.0,667.0,9.0,0.09451384706592436,0.4615384638309479,194.0,0.0,0.0,-1.0,0
14000.0,36.0,14.49,481.83,13.0,3.0,1.0,46000.0,0.0,4.0,25.99,10.0,1.0,21739.0,74.7,14.0,1.0,0.0,0.0,1.0,662.0,9.0,0.3043478260869565,0.7142857142857143,135.0,0.0074074074074074,0.0074074074074074,1.0,0
19150.0,36.0,12.99,645.15,10.0,9.0,1.0,48000.0,0.0,4.0,11.35,10.0,0.0,12349.0,68.2,28.0,0.0,0.0,0.0,0.0,677.0,9.0,0.3989583333333333,0.3571428571428571,135.0,0.0,0.0,-1.0,0
8804.310546875,36.0,14.99,305.16051879882815,14.0,10.0,2.0,622947.6875,1.0,5.0,-0.025057830810546022,11.0,1.0,346642.3125,68.72100143432617,25.0,1.0,0.0,1.0,0.0,687.0,9.0,0.014133344314716467,0.44000000423855257,124.0,0.0080645161290322,0.0,0.0,0
20000.0,36.0,8.19,628.49,4.0,10.0,0.0,55000.0,1.0,0.0,26.18,11.0,0.0,20325.0,70.3,17.0,0.0,0.0,2.0,0.0,717.0,10.0,0.3636363636363636,0.6470588235294118,417.0,0.0,0.0,-1.0,0
18175.0,60.0,15.99,441.89,16.0,7.0,0.0,38000.0,0.0,0.0,14.81,6.0,0.0,5544.0,50.4,12.0,0.0,0.0,2.0,0.0,707.0,10.0,0.4782894736842105,0.5,157.0,0.0,0.0,-1.0,0
35000.0,60.0,17.86,886.11,19.0,10.0,0.0,105000.0,2.0,0.0,32.12,19.0,0.0,35936.0,84.0,40.0,0.0,0.0,5.0,0.0,667.0,10.0,0.3333333333333333,0.475,172.0,0.0,0.0,-1.0,0
6400.0,36.0,6.49,196.13,1.0,10.0,0.0,160000.0,1.0,0.0,22.22,17.0,0.0,36767.0,47.3,54.0,1.0,0.0,4.0,0.0,792.0,10.0,0.04,0.3148148148148148,422.0,0.0,0.0,-1.0,0
22000.0,36.0,8.67,696.23,5.0,1.0,1.0,56000.0,1.0,0.0,12.3,9.0,0.0,10182.0,31.5,23.0,1.0,0.0,5.0,0.0,692.0,10.0,0.3928571428571428,0.391304347826087,298.0,0.0,0.0,-1.0,1
17725.0,36.0,8.19,557.0,4.0,2.0,0.0,55000.0,1.0,0.0,19.07,10.0,1.0,9378.0,38.9,39.0,0.0,0.0,4.0,1.0,682.0,10.0,0.3222727272727272,0.2564102564102564,277.0,0.003610108303249,0.003610108303249,1.0,0
30000.0,36.0,17.14,1071.68,18.0,5.0,2.0,135000.0,2.0,0.0,29.97,25.0,0.0,31703.0,37.5,34.0,1.0,0.0,2.0,0.0,697.0,10.0,0.2222222222222222,0.7352941176470589,220.0,0.0,0.0,-1.0,1
12000.0,60.0,9.49,251.97,6.0,7.0,2.0,81000.0,1.0,4.0,14.44,9.0,0.0,16203.0,29.4,18.0,0.0,0.0,0.0,0.0,762.0,10.0,0.1481481481481481,0.5,80.0,0.0,0.0,-1.0,0
35000.0,60.0,17.14,872.48,18.0,10.0,2.0,76000.0,2.0,2.0,4.82,10.0,0.0,10628.0,19.5,15.0,0.0,0.0,1.0,0.0,687.0,10.0,0.4605263157894737,0.6666666666666666,115.0,0.0,0.0,-1.0,0
10800.0,36.0,15.99,379.65,16.0,0.0,1.0,34000.0,1.0,4.0,16.7,9.0,0.0,12992.0,80.2,13.0,1.0,0.0,0.0,0.0,672.0,10.0,0.3176470588235294,0.6923076923076923,74.0,0.0,0.0,-1.0,0
29450.0,60.0,11.99,654.96,9.0,10.0,0.0,59000.0,1.0,0.0,25.26,10.0,0.0,34280.0,55.9,20.0,0.0,0.0,1.0,0.0,702.0,10.0,0.4991525423728813,0.5,356.0,0.0,0.0,-1.0,0
13945.46875,36.0,8.19,438.22533935546875,4.0,10.0,0.0,765270.4375,0.0,4.0,54.50762107849121,17.0,0.0,0.0009765625,73.92866668701171,44.0,1.0,0.0,8.0,0.0,692.0,10.0,0.01822292473581097,0.3863636363636363,300.0,0.0,0.0,-1.0,0
12000.0,36.0,6.99,370.48,2.0,10.0,0.0,105062.64,0.0,0.0,3.16,9.0,0.0,10571.0,42.1,23.0,1.0,0.0,2.0,0.0,702.0,10.0,0.1142175753436235,0.391304347826087,221.0,0.0,0.0,-1.0,0
7000.0,36.0,9.49,224.2,6.0,10.0,0.0,51000.0,0.0,4.0,10.59,8.0,0.0,11349.0,93.0,16.0,0.0,0.0,1.0,0.0,702.0,10.0,0.1372549019607843,0.5,285.0,0.0,0.0,-1.0,0
18000.0,60.0,12.39,403.96,10.0,10.0,1.0,85000.0,2.0,0.0,8.37,8.0,2.0,5391.0,30.1,33.0,0.0,0.0,0.0,2.0,667.0,10.0,0.2117647058823529,0.2424242424242424,236.0,0.0084745762711864,0.0084745762711864,1.0,0
7475.0,36.0,20.99,281.59,23.0,8.0,2.0,42000.0,1.0,0.0,15.2,6.0,0.0,3586.0,54.3,8.0,1.0,0.0,0.0,0.0,672.0,10.0,0.1779761904761904,0.75,39.0,0.0,0.0,-1.0,0
20000.0,36.0,7.12,618.64,2.0,1.0,0.0,80000.0,1.0,0.0,10.37,12.0,0.0,5723.0,26.4,36.0,1.0,0.0,3.0,0.0,717.0,10.0,0.25,0.3333333333333333,230.0,0.0,0.0,-1.0,0
20000.0,36.0,7.69,623.88,3.0,9.0,2.0,72500.0,2.0,0.0,39.55,18.0,0.0,14623.0,37.3,36.0,0.0,0.0,0.0,0.0,742.0,10.0,0.2758620689655172,0.5,303.0,0.0,0.0,-1.0,0
15000.0,60.0,18.99,389.03,20.0,4.0,2.0,36600.0,1.0,0.0,21.11,18.0,0.0,18786.0,58.9,37.0,0.0,0.0,0.0,0.0,682.0,10.0,0.4098360655737705,0.4864864864864865,206.0,0.0,0.0,-1.0,1
6000.0,36.0,12.99,202.14,10.0,3.0,1.0,30000.0,1.0,0.0,33.89,9.0,0.0,6462.0,56.2,11.0,0.0,0.0,0.0,0.0,677.0,10.0,0.2,0.8181818181818182,73.0,0.0,0.0,-1.0,0
25600.0,60.0,13.98,595.41,12.0,3.0,1.0,80000.0,2.0,0.0,25.55,12.0,0.0,15822.0,75.3,23.0,0.0,0.0,0.0,0.0,687.0,10.0,0.32,0.5217391304347826,110.0,0.0,0.0,-1.0,0
12000.0,36.0,11.67,396.69,8.0,5.0,0.0,113000.0,1.0,0.0,10.21,9.0,2.0,8484.0,62.4,12.0,0.0,0.0,2.0,0.0,672.0,10.0,0.1061946902654867,0.75,297.0,0.0067340067340067,0.0,0.0,0
10800.0,36.0,12.99,363.85,10.0,0.0,0.0,65000.0,1.0,5.0,14.2,16.0,0.0,7021.0,79.8,27.0,1.0,0.0,0.0,0.0,662.0,10.0,0.1661538461538461,0.5925925925925926,115.0,0.0,0.0,-1.0,0
20011.095703125,60.0,12.39,449.0910278320313,10.0,6.0,0.0,393114.28125,1.0,4.0,22.373744201660156,12.0,0.0,53902.3515625,66.08925323486328,24.0,0.0,0.0,3.0,0.0,717.0,10.0,0.05090401537956729,0.5000000051830126,275.0,0.0,0.0,-1.0,0
20000.0,36.0,6.99,617.46,2.0,3.0,2.0,130000.0,1.0,4.0,12.88,10.0,0.0,5673.0,10.2,38.0,0.0,0.0,8.0,0.0,712.0,10.0,0.1538461538461538,0.2631578947368421,312.0,0.0,0.0,-1.0,0
15000.0,36.0,6.49,459.67,1.0,2.0,1.0,70000.0,0.0,4.0,4.92,7.0,0.0,14055.0,59.3,9.0,1.0,0.0,0.0,0.0,682.0,10.0,0.2142857142857142,0.7777777777777778,201.0,0.0,0.0,-1.0,0
12000.0,60.0,13.35,275.2,11.0,2.0,0.0,70000.0,1.0,0.0,12.96,10.0,1.0,3494.0,20.8,27.0,0.0,0.0,1.0,1.0,687.0,10.0,0.1714285714285714,0.3703703703703703,272.0,0.0036764705882352,0.0036764705882352,1.0,1
21600.0,60.0,16.29,528.61,16.0,10.0,0.0,84000.0,2.0,0.0,37.03,17.0,1.0,26290.0,87.3,27.0,0.0,0.0,4.0,1.0,672.0,10.0,0.2571428571428571,0.6296296296296297,160.0,0.00625,0.00625,1.0,0
18000.0,36.0,7.49,559.83,3.0,10.0,0.0,95000.0,1.0,4.0,20.17,10.0,0.0,8218.0,83.0,25.0,0.0,0.0,1.0,0.0,672.0,10.0,0.1894736842105263,0.4,313.0,0.0,0.0,-1.0,0
5050.0,36.0,14.31,173.36,13.0,1.0,1.0,38000.0,2.0,0.0,8.18,22.0,1.0,4184.0,18.4,36.0,1.0,0.0,0.0,0.0,667.0,10.0,0.1328947368421052,0.6111111111111112,161.0,0.0062111801242236,0.0,0.0,0
7200.0,36.0,10.49,233.99,7.0,4.0,1.0,26000.0,1.0,4.0,37.9,10.0,0.0,4675.0,37.7,12.0,0.0,0.0,0.0,0.0,707.0,10.0,0.2769230769230769,0.8333333333333334,59.0,0.0,0.0,-1.0,0
20700.0,60.0,16.49,508.79,17.0,10.0,1.0,52000.0,2.0,4.0,30.9,10.0,0.0,32127.0,102.0,13.0,0.0,0.0,0.0,0.0,682.0,10.0,0.398076923076923,0.7692307692307693,230.0,0.0,0.0,-1.0,1
8000.0,36.0,12.99,269.52,11.0,10.0,2.0,78000.0,1.0,2.0,12.38,19.0,0.0,9058.0,40.1,21.0,1.0,0.0,0.0,0.0,667.0,10.0,0.1025641025641025,0.9047619047619048,139.0,0.0,0.0,-1.0,0
9600.0,36.0,17.14,342.94,18.0,0.0,1.0,30000.0,1.0,0.0,29.48,14.0,0.0,9169.0,80.4,35.0,0.0,0.0,0.0,0.0,662.0,10.0,0.32,0.4,109.0,0.0,0.0,-1.0,1
12500.0,36.0,9.49,400.36,6.0,2.0,1.0,63000.0,0.0,4.0,23.81,19.0,0.0,13738.0,51.5,48.0,0.0,0.0,1.0,0.0,672.0,10.0,0.1984126984126984,0.3958333333333333,166.0,0.0,0.0,-1.0,0
6000.0,36.0,11.67,198.35,8.0,1.0,1.0,39520.0,0.0,0.0,24.84,12.0,0.0,7779.0,28.5,28.0,0.0,0.0,5.0,0.0,727.0,10.0,0.1518218623481781,0.4285714285714285,193.0,0.0,0.0,-1.0,0
7500.0,36.0,6.49,229.84,1.0,6.0,0.0,32000.0,0.0,4.0,10.43,15.0,0.0,8094.0,41.1,28.0,0.0,0.0,1.0,0.0,682.0,10.0,0.234375,0.5357142857142857,122.0,0.0,0.0,-1.0,1
5325.0,36.0,13.98,181.95,12.0,4.0,0.0,90000.0,0.0,4.0,28.81,16.0,0.0,59504.0,91.3,22.0,0.0,0.0,4.0,0.0,702.0,10.0,0.0591666666666666,0.7272727272727273,155.0,0.0,0.0,-1.0,0
4000.0,36.0,8.19,125.7,4.0,5.0,0.0,72000.0,0.0,4.0,27.17,15.0,0.0,21782.0,65.6,24.0,0.0,0.0,1.0,0.0,667.0,10.0,0.0555555555555555,0.625,123.0,0.0,0.0,-1.0,1
34998.20703125,60.0,12.99,796.1356274414062,11.0,10.0,1.0,105839.1328125,2.0,2.0,21.493364639282227,15.0,0.0,20159.818359375,49.75439224243164,48.0,0.0,0.0,0.0,0.0,717.0,10.0,0.33067359858089024,0.3125,140.0,0.0,0.0,-1.0,0
15000.0,36.0,15.99,527.29,16.0,1.0,1.0,65000.0,1.0,0.0,5.45,14.0,0.0,8622.0,91.7,29.0,0.0,0.0,0.0,0.0,687.0,10.0,0.2307692307692307,0.4827586206896552,117.0,0.0,0.0,-1.0,0
9000.0,36.0,16.49,318.6,17.0,6.0,0.0,52000.0,0.0,0.0,16.99,6.0,1.0,7584.0,54.2,19.0,1.0,0.0,6.0,0.0,682.0,10.0,0.173076923076923,0.3157894736842105,181.0,0.005524861878453,0.0,0.0,0
15000.0,60.0,14.31,351.44,13.0,6.0,0.0,55000.0,0.0,2.0,19.98,13.0,0.0,17993.0,78.2,22.0,0.0,0.0,1.0,0.0,672.0,10.0,0.2727272727272727,0.5909090909090909,153.0,0.0,0.0,-1.0,0
15984.572265625,36.0,12.99,538.5118115234375,11.0,10.0,2.0,710252.1875,2.0,0.0,30.442716674804686,22.0,0.0,37474.34375,43.46784591674805,41.0,0.0,0.0,2.0,0.0,727.0,10.0,0.022505488732586676,0.5365853658536586,374.0,0.0,0.0,-1.0,0
16061.00390625,36.0,12.39,536.4537524414062,10.0,7.0,1.0,793547.3125,0.0,4.0,51.165009307861325,18.0,4.0,64023.9453125,41.66277847290039,38.0,1.0,0.0,1.0,1.0,672.0,10.0,0.020239509003502895,0.4736842215061188,176.0,0.0227272727272727,0.0056818181818181,0.25,0
22425.0,36.0,14.31,769.82,13.0,10.0,1.0,51000.0,1.0,4.0,31.72,13.0,0.0,20324.0,71.1,24.0,0.0,0.0,0.0,0.0,692.0,10.0,0.4397058823529411,0.5416666666666666,259.0,0.0,0.0,-1.0,1
12500.0,60.0,8.67,257.49,5.0,7.0,2.0,120000.0,0.0,0.0,18.76,17.0,0.0,11001.0,26.3,36.0,0.0,0.0,4.0,0.0,727.0,10.0,0.1041666666666666,0.4722222222222222,164.0,0.0,0.0,-1.0,0
18000.0,60.0,17.86,455.72,19.0,5.0,0.0,52000.0,0.0,0.0,20.82,8.0,0.0,22464.0,83.8,18.0,0.0,0.0,3.0,0.0,687.0,10.0,0.3461538461538461,0.4444444444444444,204.0,0.0,0.0,-1.0,0
27050.0,60.0,25.8,806.69,30.0,10.0,0.0,71200.0,1.0,0.0,15.26,9.0,0.0,8234.0,58.8,26.0,0.0,0.0,4.0,0.0,707.0,10.0,0.3799157303370786,0.3461538461538461,172.0,0.0,0.0,-1.0,1
3600.0,36.0,15.61,125.88,15.0,1.0,1.0,65000.0,2.0,0.0,28.93,22.0,0.0,16771.0,63.0,46.0,0.0,0.0,0.0,0.0,662.0,10.0,0.0553846153846153,0.4782608695652174,152.0,0.0,0.0,-1.0,1
15000.0,36.0,11.67,495.86,8.0,10.0,1.0,47000.0,2.0,4.0,18.97,9.0,0.0,24135.0,55.0,26.0,1.0,0.0,0.0,0.0,702.0,10.0,0.3191489361702128,0.3461538461538461,444.0,0.0,0.0,-1.0,1
4566.2294921875,36.0,12.99,153.83287902832032,11.0,1.0,1.0,203280.1875,0.0,5.0,15.653446426391602,8.0,1.0,242868.75,64.14290771484374,33.0,0.0,0.0,2.0,1.0,672.0,10.0,0.022462737957636453,0.24242423574129734,282.0,0.0035460992907801,0.0035460992907801,1.0,0
8000.0,36.0,9.49,256.23,6.0,10.0,0.0,66900.0,0.0,0.0,9.6,12.0,0.0,2000.0,27.8,30.0,1.0,0.0,6.0,0.0,687.0,10.0,0.1195814648729446,0.4,425.0,0.0,0.0,-1.0,0
24000.0,36.0,13.66,816.31,12.0,5.0,2.0,85000.0,1.0,0.0,15.73,13.0,0.0,14482.0,63.0,18.0,1.0,0.0,0.0,0.0,692.0,10.0,0.2823529411764706,0.7222222222222222,110.0,0.0,0.0,-1.0,0
18000.0,36.0,11.44,593.06,8.0,3.0,0.0,50000.0,1.0,2.0,21.08,7.0,0.0,0.0,0.0,26.0,0.0,0.0,0.0,0.0,792.0,10.0,0.36,0.2692307692307692,100.0,0.0,0.0,-1.0,0
7200.0,36.0,6.49,220.65,1.0,6.0,1.0,54000.0,0.0,4.0,2.6,6.0,0.0,5472.0,21.5,13.0,1.0,0.0,0.0,0.0,692.0,10.0,0.1333333333333333,0.4615384615384615,98.0,0.0,0.0,-1.0,0
20000.0,60.0,12.99,454.96,11.0,4.0,0.0,96000.0,1.0,0.0,14.95,8.0,0.0,16070.0,81.2,18.0,0.0,0.0,3.0,0.0,687.0,10.0,0.2083333333333333,0.4444444444444444,294.0,0.0,0.0,-1.0,1
15000.0,36.0,8.19,471.37,4.0,1.0,1.0,56000.0,0.0,0.0,10.44,15.0,0.0,10214.0,38.0,28.0,0.0,0.0,0.0,0.0,687.0,10.0,0.2678571428571428,0.5357142857142857,117.0,0.0,0.0,-1.0,0
16000.0,60.0,12.99,363.97,11.0,10.0,1.0,88000.0,1.0,0.0,9.23,8.0,0.0,30233.0,74.6,11.0,0.0,0.0,0.0,0.0,727.0,10.0,0.1818181818181818,0.7272727272727273,126.0,0.0,0.0,-1.0,1
4000.0,36.0,6.49,122.58,1.0,10.0,2.0,36000.0,0.0,0.0,24.8,6.0,1.0,5062.0,17.3,15.0,1.0,0.0,0.0,0.0,697.0,10.0,0.1111111111111111,0.4,159.0,0.0062893081761006,0.0,0.0,0
11500.0,36.0,18.54,418.88,20.0,4.0,1.0,42000.0,1.0,0.0,34.46,12.0,0.0,12856.0,54.7,20.0,1.0,0.0,0.0,0.0,677.0,10.0,0.2738095238095238,0.6,135.0,0.0,0.0,-1.0,0
32950.0,60.0,13.66,760.9,12.0,4.0,1.0,75000.0,2.0,4.0,16.54,5.0,0.0,31174.0,90.6,10.0,0.0,0.0,2.0,0.0,667.0,10.0,0.4393333333333333,0.5,186.0,0.0,0.0,-1.0,0
12000.0,36.0,11.44,395.37,8.0,1.0,1.0,60000.0,0.0,4.0,18.87,6.0,0.0,32632.0,68.4,15.0,1.0,0.0,4.0,0.0,717.0,10.0,0.2,0.4,330.0,0.0,0.0,-1.0,0
6000.0,36.0,12.99,202.14,11.0,4.0,0.0,38000.0,0.0,0.0,5.02,6.0,0.0,2694.0,59.9,8.0,0.0,0.0,2.0,0.0,662.0,10.0,0.1578947368421052,0.75,39.0,0.0,0.0,-1.0,0
22741.11328125,36.0,6.99,702.0709008789063,2.0,10.0,0.0,141576.875,1.0,0.0,32.985531616210935,9.0,0.0,152047.46875,29.770845794677733,24.0,0.0,0.0,5.0,0.0,782.0,10.0,0.16062729467045173,0.375,154.0,0.0,0.0,-1.0,0
20000.0,60.0,14.31,468.59,13.0,7.0,0.0,48000.0,1.0,4.0,13.25,9.0,0.0,18015.0,78.0,28.0,0.0,0.0,1.0,0.0,697.0,10.0,0.4166666666666667,0.3214285714285714,229.0,0.0,0.0,-1.0,1
16000.0,36.0,9.49,512.46,6.0,1.0,0.0,100000.0,0.0,0.0,14.46,16.0,0.0,15243.0,56.7,40.0,1.0,0.0,2.0,0.0,672.0,10.0,0.16,0.4,342.0,0.0,0.0,-1.0,0
7200.0,36.0,8.67,227.86,5.0,10.0,1.0,65000.0,1.0,0.0,16.53,10.0,0.0,12475.0,61.2,20.0,1.0,0.0,0.0,0.0,727.0,10.0,0.1107692307692307,0.5,179.0,0.0,0.0,-1.0,0
9500.0,36.0,12.39,317.31,10.0,5.0,0.0,65000.0,2.0,0.0,24.13,9.0,0.0,4886.0,37.6,17.0,1.0,0.0,0.0,0.0,702.0,10.0,0.1461538461538461,0.5294117647058824,80.0,0.0,0.0,-1.0,0
6000.0,36.0,7.49,186.61,3.0,0.0,1.0,55000.0,0.0,0.0,11.74,4.0,0.0,5266.0,57.9,5.0,1.0,0.0,0.0,0.0,722.0,10.0,0.109090909090909,0.8,42.0,0.0,0.0,-1.0,0
18000.0,60.0,25.57,534.36,29.0,9.0,1.0,50000.0,1.0,0.0,17.71,8.0,0.0,4591.0,24.7,14.0,0.0,0.0,0.0,0.0,707.0,10.0,0.36,0.5714285714285714,206.0,0.0,0.0,-1.0,1
16000.0,36.0,11.99,531.36,9.0,10.0,1.0,42000.0,0.0,4.0,29.13,15.0,0.0,19803.0,57.6,22.0,1.0,0.0,1.0,0.0,677.0,10.0,0.3809523809523809,0.6818181818181818,238.0,0.0,0.0,-1.0,1
6000.0,36.0,11.99,199.26,9.0,2.0,1.0,93000.0,2.0,9.0,3.14,6.0,2.0,4884.0,51.4,13.0,1.0,0.0,0.0,0.0,672.0,10.0,0.064516129032258,0.4615384615384615,172.0,0.0116279069767441,0.0,0.0,0
35000.0,60.0,19.24,912.55,21.0,10.0,0.0,105000.0,2.0,1.0,29.02,13.0,0.0,2617.0,20.0,34.0,0.0,0.0,4.0,0.0,722.0,10.0,0.3333333333333333,0.3823529411764705,147.0,0.0,0.0,-1.0,0
7000.0,36.0,12.99,235.83,11.0,8.0,0.0,35000.0,1.0,0.0,30.73,11.0,0.0,4605.0,35.4,23.0,1.0,0.0,0.0,0.0,667.0,10.0,0.2,0.4782608695652174,284.0,0.0,0.0,-1.0,0
4000.0,36.0,6.03,121.75,0.0,0.0,0.0,62000.0,0.0,0.0,8.66,8.0,0.0,1138.0,3.0,17.0,1.0,0.0,1.0,0.0,807.0,10.0,0.064516129032258,0.4705882352941176,72.0,0.0,0.0,-1.0,0
6500.0,36.0,6.49,199.19,1.0,3.0,1.0,95000.0,0.0,3.0,8.87,8.0,0.0,2622.0,59.6,19.0,1.0,0.0,0.0,0.0,692.0,10.0,0.0684210526315789,0.4210526315789473,145.0,0.0,0.0,-1.0,0
20000.0,60.0,11.44,439.25,8.0,10.0,0.0,101000.0,1.0,0.0,10.24,13.0,0.0,5932.0,32.6,25.0,0.0,0.0,2.0,0.0,682.0,10.0,0.198019801980198,0.52,234.0,0.0,0.0,-1.0,0
4000.0,36.0,15.59,139.82,15.0,1.0,1.0,51000.0,0.0,5.0,21.58,21.0,0.0,12520.0,90.7,35.0,1.0,0.0,0.0,0.0,662.0,10.0,0.0784313725490196,0.6,175.0,0.0,0.0,-1.0,0
24000.0,60.0,11.99,533.75,9.0,10.0,2.0,100000.0,1.0,0.0,24.67,13.0,0.0,132349.0,93.6,30.0,0.0,0.0,4.0,0.0,677.0,10.0,0.24,0.4333333333333333,255.0,0.0,0.0,-1.0,0
5000.0,36.0,12.39,167.01,10.0,1.0,1.0,18000.0,1.0,5.0,27.33,4.0,0.0,2434.0,65.8,5.0,1.0,0.0,0.0,0.0,672.0,11.0,0.2777777777777778,0.8,98.0,0.0,0.0,-1.0,0
8000.0,36.0,12.39,267.21,10.0,2.0,1.0,60000.0,1.0,0.0,18.54,16.0,0.0,9829.0,31.2,28.0,1.0,0.0,0.0,0.0,662.0,11.0,0.1333333333333333,0.5714285714285714,86.0,0.0,0.0,-1.0,0
7483.83349609375,36.0,15.59,261.5969714355469,15.0,10.0,2.0,376691.9375,1.0,4.0,33.007236328125,7.0,0.0,212079.21875,66.1976936340332,23.0,0.0,0.0,2.0,0.0,662.0,11.0,0.01986723648968025,0.30434782306353253,232.0,0.0,0.0,-1.0,0
35000.0,60.0,17.14,872.48,18.0,9.0,1.0,147224.0,2.0,0.0,6.29,4.0,0.0,7884.0,90.6,16.0,0.0,0.0,2.0,0.0,662.0,11.0,0.2377329783187523,0.25,241.0,0.0,0.0,-1.0,1
4525.0,36.0,14.99,156.84,14.0,3.0,0.0,48000.0,0.0,0.0,23.98,14.0,0.0,12813.0,66.0,32.0,1.0,0.0,2.0,0.0,692.0,11.0,0.0942708333333333,0.4375,244.0,0.0,0.0,-1.0,0
29980.388671875,60.0,14.31,702.4196118164062,13.0,10.0,0.0,279392.46875,2.0,0.0,41.68360916137695,28.0,0.0,19533.14453125,48.901326751708986,52.0,0.0,0.0,2.0,0.0,697.0,11.0,0.10730563998222353,0.5384615384615384,235.0,0.0,0.0,-1.0,0
16700.0,60.0,21.99,461.15,24.0,5.0,0.0,90000.0,1.0,0.0,8.81,8.0,0.0,2323.0,25.5,18.0,0.0,0.0,3.0,0.0,667.0,11.0,0.1855555555555555,0.4444444444444444,195.0,0.0,0.0,-1.0,1
12000.0,60.0,14.99,285.42,14.0,7.0,0.0,61000.0,0.0,0.0,28.16,18.0,0.0,21564.0,40.4,31.0,1.0,0.0,3.0,0.0,707.0,11.0,0.1967213114754098,0.5806451612903226,170.0,0.0,0.0,-1.0,1
15061.044921875,36.0,16.49,533.1539916992188,17.0,3.0,1.0,272106.53125,1.0,0.0,54.34924728393555,7.0,0.0,120927.1953125,51.368891906738284,12.0,1.0,0.0,2.0,0.0,682.0,11.0,0.05534978508949279,0.5833333134651184,295.0,0.0,0.0,-1.0,1
4900.0,36.0,6.99,151.28,2.0,2.0,0.0,39000.0,0.0,0.0,28.08,13.0,0.0,21515.0,31.3,30.0,0.0,0.0,1.0,0.0,762.0,11.0,0.1256410256410256,0.4333333333333333,147.0,0.0,0.0,-1.0,0
4800.0,36.0,11.99,159.41,9.0,8.0,1.0,45000.0,0.0,4.0,28.16,8.0,0.0,5128.0,57.6,13.0,1.0,0.0,0.0,0.0,667.0,11.0,0.1066666666666666,0.6153846153846154,86.0,0.0,0.0,-1.0,0
2118.963623046875,36.0,11.99,70.36992065429688,9.0,10.0,0.0,536176.0625,0.0,5.0,40.383643798828125,9.0,0.0,63706.046875,71.66270141601562,20.0,1.0,0.0,2.0,0.0,712.0,11.0,0.003951993991028115,0.4499999849419844,179.0,0.0,0.0,-1.0,0
22200.0,36.0,12.99,747.9,11.0,4.0,1.0,75000.0,2.0,0.0,18.56,11.0,1.0,8557.0,32.3,18.0,1.0,0.0,0.0,1.0,682.0,11.0,0.296,0.6111111111111112,206.0,0.0048543689320388,0.0048543689320388,1.0,0
20000.0,36.0,7.49,622.04,3.0,5.0,0.0,78000.0,1.0,4.0,19.43,11.0,0.0,38985.0,84.2,21.0,1.0,0.0,1.0,0.0,687.0,11.0,0.2564102564102564,0.5238095238095238,233.0,0.0,0.0,-1.0,0
6000.0,36.0,11.44,197.69,8.0,5.0,1.0,50000.0,1.0,4.0,28.25,12.0,0.0,5473.0,48.4,16.0,1.0,0.0,0.0,0.0,677.0,11.0,0.12,0.75,90.0,0.0,0.0,-1.0,0
7000.0,36.0,11.99,232.47,9.0,2.0,2.0,125000.0,0.0,3.0,15.48,29.0,0.0,11049.0,75.2,41.0,1.0,0.0,0.0,0.0,667.0,11.0,0.056,0.7073170731707317,135.0,0.0,0.0,-1.0,1
6000.0,36.0,6.99,185.24,2.0,1.0,0.0,30000.0,0.0,4.0,22.32,7.0,0.0,5619.0,27.8,13.0,0.0,0.0,4.0,0.0,772.0,11.0,0.2,0.5384615384615384,320.0,0.0,0.0,-1.0,0
11975.0,36.0,22.99,463.49,25.0,2.0,1.0,45000.0,1.0,6.0,15.68,19.0,1.0,6895.0,43.9,23.0,1.0,0.0,0.0,0.0,677.0,11.0,0.2661111111111111,0.8260869565217391,86.0,0.0116279069767441,0.0,0.0,0
16750.0,36.0,19.24,616.03,21.0,0.0,1.0,40000.0,2.0,0.0,19.32,6.0,1.0,3943.0,36.5,21.0,1.0,0.0,0.0,1.0,667.0,11.0,0.41875,0.2857142857142857,163.0,0.0061349693251533,0.0061349693251533,1.0,0
24000.0,36.0,8.19,754.18,4.0,10.0,1.0,72000.0,1.0,0.0,26.75,15.0,0.0,27795.0,24.2,25.0,1.0,0.0,0.0,0.0,762.0,11.0,0.3333333333333333,0.6,184.0,0.0,0.0,-1.0,1
25000.0,36.0,11.99,830.24,9.0,10.0,0.0,140000.0,1.0,0.0,10.65,16.0,0.0,34735.0,59.6,40.0,0.0,0.0,8.0,0.0,707.0,11.0,0.1785714285714285,0.4,297.0,0.0,0.0,-1.0,0
29957.498046875,60.0,13.66,691.7908642578125,12.0,10.0,0.0,197628.34375,2.0,4.0,19.624122619628906,18.0,0.0,365729.75,104.10822296142578,33.0,1.0,0.0,4.0,0.0,692.0,11.0,0.15158502562687948,0.5454545371672687,257.0,0.0,0.0,-1.0,0
8000.0,36.0,6.99,246.99,2.0,10.0,2.0,35000.0,2.0,4.0,14.23,2.0,0.0,8124.0,54.2,8.0,1.0,0.0,1.0,0.0,762.0,11.0,0.2285714285714285,0.25,297.0,0.0,0.0,-1.0,0
4000.0,36.0,8.19,125.7,4.0,10.0,2.0,55000.0,0.0,0.0,6.43,22.0,0.0,4366.0,18.0,36.0,0.0,0.0,0.0,0.0,697.0,11.0,0.0727272727272727,0.6111111111111112,204.0,0.0,0.0,-1.0,0
12000.0,36.0,8.67,379.76,5.0,1.0,1.0,70000.0,2.0,4.0,13.48,7.0,0.0,24419.0,62.0,12.0,1.0,0.0,0.0,0.0,697.0,11.0,0.1714285714285714,0.5833333333333334,131.0,0.0,0.0,-1.0,0
21000.0,36.0,8.67,664.58,5.0,2.0,0.0,140000.0,1.0,5.0,0.43,5.0,0.0,1334.0,4.1,12.0,1.0,0.0,1.0,0.0,832.0,11.0,0.15,0.4166666666666667,136.0,0.0,0.0,-1.0,0
20000.0,36.0,11.99,664.2,9.0,10.0,2.0,55000.0,1.0,4.0,21.88,5.0,0.0,20495.0,95.3,10.0,0.0,0.0,0.0,0.0,692.0,11.0,0.3636363636363636,0.5,218.0,0.0,0.0,-1.0,0
7200.0,36.0,14.99,249.56,14.0,10.0,1.0,34520.0,1.0,0.0,39.95,13.0,1.0,9877.0,58.1,35.0,1.0,0.0,0.0,1.0,667.0,11.0,0.2085747392815759,0.3714285714285714,152.0,0.006578947368421,0.006578947368421,1.0,1
10000.0,36.0,9.49,320.29,6.0,3.0,0.0,83500.0,0.0,4.0,36.4,14.0,0.0,50297.0,82.6,29.0,0.0,0.0,2.0,0.0,727.0,11.0,0.1197604790419161,0.4827586206896552,237.0,0.0,0.0,-1.0,0
20475.0,60.0,13.66,472.82,12.0,1.0,1.0,53000.0,1.0,4.0,26.9,10.0,0.0,11849.0,79.0,30.0,1.0,0.0,0.0,0.0,707.0,11.0,0.3863207547169811,0.3333333333333333,111.0,0.0,0.0,-1.0,0
13250.0,36.0,14.99,459.26,14.0,7.0,0.0,35000.0,0.0,4.0,21.4,20.0,1.0,11199.0,69.6,52.0,1.0,0.0,4.0,1.0,662.0,11.0,0.3785714285714285,0.3846153846153846,146.0,0.0068493150684931,0.0068493150684931,1.0,0
7475.0,36.0,14.31,256.61,13.0,2.0,1.0,65000.0,1.0,0.0,10.06,12.0,0.0,2370.0,67.7,22.0,0.0,0.0,0.0,0.0,682.0,11.0,0.115,0.5454545454545454,92.0,0.0,0.0,-1.0,0
10050.1640625,36.0,6.49,307.98414916992186,1.0,7.0,1.0,388218.375,1.0,4.0,13.243189849853515,11.0,0.0,58309.58984375,58.77210464477539,15.0,0.0,0.0,0.0,0.0,697.0,11.0,0.02588790113275699,0.7333333333333333,84.0,0.0,0.0,-1.0,0
6000.0,36.0,8.19,188.55,4.0,4.0,2.0,70000.0,0.0,0.0,9.84,16.0,0.0,11140.0,73.8,42.0,1.0,0.0,0.0,0.0,702.0,11.0,0.0857142857142857,0.3809523809523809,212.0,0.0,0.0,-1.0,0
15000.0,60.0,16.49,368.69,17.0,2.0,1.0,55000.0,0.0,5.0,39.66,19.0,0.0,39254.0,77.1,36.0,0.0,0.0,0.0,0.0,692.0,11.0,0.2727272727272727,0.5277777777777778,320.0,0.0,0.0,-1.0,1
7350.0,36.0,7.49,228.6,3.0,5.0,1.0,40000.0,1.0,4.0,22.05,10.0,0.0,9528.0,41.2,12.0,1.0,0.0,0.0,0.0,697.0,11.0,0.18375,0.8333333333333334,62.0,0.0,0.0,-1.0,0
12000.0,36.0,9.49,384.34,6.0,4.0,0.0,59000.0,1.0,4.0,20.52,16.0,0.0,16809.0,57.4,26.0,1.0,0.0,0.0,0.0,682.0,11.0,0.2033898305084746,0.6153846153846154,130.0,0.0,0.0,-1.0,1
20950.0,60.0,14.99,498.29,14.0,2.0,0.0,127000.0,1.0,0.0,13.45,14.0,0.0,16676.0,52.6,28.0,0.0,0.0,7.0,0.0,697.0,0.0,0.1649606299212598,0.5,228.0,0.0,0.0,-1.0,0
4800.0,36.0,12.99,161.71,11.0,7.0,1.0,60000.0,0.0,0.0,18.82,11.0,0.0,7151.0,94.1,18.0,1.0,0.0,0.0,0.0,672.0,0.0,0.08,0.6111111111111112,127.0,0.0,0.0,-1.0,1
12000.0,36.0,13.66,408.16,12.0,3.0,1.0,70000.0,0.0,0.0,12.36,17.0,0.0,8792.0,79.2,27.0,1.0,0.0,2.0,0.0,682.0,0.0,0.1714285714285714,0.6296296296296297,168.0,0.0,0.0,-1.0,0
10000.0,60.0,12.39,224.43,10.0,10.0,0.0,33500.0,0.0,0.0,31.92,12.0,1.0,10364.0,49.6,47.0,0.0,0.0,3.0,1.0,662.0,0.0,0.2985074626865671,0.2553191489361702,291.0,0.0034364261168384,0.0034364261168384,1.0,1
28000.0,60.0,8.67,576.76,5.0,7.0,0.0,110000.0,1.0,4.0,27.86,24.0,0.0,67230.0,31.4,54.0,1.0,0.0,10.0,0.0,752.0,0.0,0.2545454545454545,0.4444444444444444,153.0,0.0,0.0,-1.0,0
5000.0,36.0,13.66,170.07,12.0,1.0,1.0,43000.0,1.0,5.0,11.47,14.0,0.0,1782.0,13.9,17.0,0.0,0.0,0.0,0.0,717.0,0.0,0.1162790697674418,0.8235294117647058,135.0,0.0,0.0,-1.0,1
10190.3330078125,36.0,9.49,326.37835083007815,6.0,10.0,1.0,939141.8125,0.0,0.0,61.653761291503905,9.0,1.0,144647.453125,38.40596466064453,25.0,0.0,0.0,3.0,1.0,672.0,0.0,0.010850686430931095,0.3600000214576721,358.0,0.0027932960893854,0.0027932960893854,1.0,1
8000.0,36.0,11.99,265.68,9.0,7.0,1.0,75000.0,0.0,0.0,12.91,12.0,0.0,6816.0,43.4,33.0,1.0,0.0,0.0,0.0,667.0,0.0,0.1066666666666666,0.3636363636363636,85.0,0.0,0.0,-1.0,0
14125.0,60.0,15.99,343.42,16.0,1.0,0.0,55000.0,1.0,0.0,20.88,12.0,3.0,4145.0,53.1,27.0,0.0,0.0,1.0,2.0,667.0,0.0,0.2568181818181818,0.4444444444444444,138.0,0.0217391304347826,0.0144927536231884,0.6666666666666666,1
16000.0,36.0,14.31,549.26,13.0,8.0,1.0,60000.0,1.0,0.0,24.56,12.0,0.0,4487.0,14.8,32.0,1.0,0.0,0.0,0.0,682.0,0.0,0.2666666666666666,0.375,112.0,0.0,0.0,-1.0,1
6000.0,36.0,10.49,194.99,7.0,1.0,1.0,96000.0,1.0,0.0,8.98,6.0,0.0,4079.0,60.0,19.0,1.0,0.0,4.0,0.0,677.0,0.0,0.0625,0.3157894736842105,147.0,0.0,0.0,-1.0,0
8950.0,36.0,19.24,329.16,21.0,0.0,1.0,30000.0,1.0,0.0,12.4,24.0,0.0,9372.0,60.5,32.0,1.0,0.0,0.0,0.0,687.0,0.0,0.2983333333333333,0.75,89.0,0.0,0.0,-1.0,1
3000.0,36.0,10.49,97.5,7.0,10.0,2.0,43000.0,2.0,7.0,31.73,12.0,0.0,28828.0,37.6,27.0,1.0,0.0,1.0,0.0,707.0,0.0,0.0697674418604651,0.4444444444444444,196.0,0.0,0.0,-1.0,1
35000.0,36.0,11.99,1162.34,9.0,4.0,1.0,179000.0,2.0,0.0,22.7,16.0,0.0,39210.0,81.0,26.0,1.0,0.0,0.0,0.0,662.0,0.0,0.1955307262569832,0.6153846153846154,299.0,0.0,0.0,-1.0,1
6950.0,36.0,13.66,236.39,12.0,4.0,1.0,88500.0,1.0,0.0,16.65,16.0,2.0,6609.0,52.9,51.0,1.0,0.0,4.0,2.0,672.0,0.0,0.0785310734463276,0.3137254901960784,230.0,0.008695652173913,0.008695652173913,1.0,0
6000.0,36.0,11.44,197.69,8.0,5.0,1.0,55000.0,1.0,0.0,24.9,10.0,1.0,7190.0,82.6,32.0,1.0,0.0,0.0,0.0,672.0,0.0,0.109090909090909,0.3125,172.0,0.005813953488372,0.0,0.0,0
11997.5458984375,36.0,14.31,411.8568603515625,13.0,10.0,0.0,62443.97265625,1.0,0.0,8.463363876342774,7.0,0.0,32066.751953125,29.713927841186525,19.0,0.0,0.0,0.0,0.0,692.0,0.0,0.19213297180200029,0.3684210526315789,155.0,0.0,0.0,-1.0,1
14975.0,60.0,23.99,430.72,26.0,3.0,0.0,30000.0,1.0,6.0,31.76,17.0,0.0,925.0,15.2,26.0,1.0,0.0,0.0,0.0,682.0,0.0,0.4991666666666666,0.6538461538461539,172.0,0.0,0.0,-1.0,1
2350.0,36.0,15.99,82.61,16.0,2.0,1.0,38000.0,0.0,0.0,20.21,6.0,0.0,2767.0,58.0,12.0,1.0,0.0,0.0,0.0,672.0,0.0,0.0618421052631578,0.5,367.0,0.0,0.0,-1.0,0
17750.0,60.0,17.86,449.39,19.0,10.0,1.0,62000.0,2.0,0.0,32.93,10.0,0.0,20120.0,87.5,17.0,0.0,0.0,0.0,0.0,687.0,0.0,0.2862903225806452,0.5882352941176471,157.0,0.0,0.0,-1.0,1
16000.0,36.0,6.99,493.97,2.0,3.0,1.0,120000.0,0.0,0.0,7.09,7.0,0.0,9274.0,31.0,16.0,1.0,0.0,1.0,0.0,717.0,0.0,0.1333333333333333,0.4375,161.0,0.0,0.0,-1.0,0
10500.0,60.0,13.66,242.47,12.0,9.0,1.0,40000.0,1.0,0.0,13.62,20.0,0.0,18651.0,38.8,37.0,0.0,0.0,0.0,0.0,697.0,0.0,0.2625,0.5405405405405406,172.0,0.0,0.0,-1.0,1
10000.0,36.0,12.39,334.01,10.0,1.0,1.0,68000.0,1.0,4.0,7.25,13.0,0.0,16725.0,26.1,20.0,1.0,0.0,0.0,0.0,667.0,0.0,0.1470588235294117,0.65,55.0,0.0,0.0,-1.0,0
21000.0,60.0,22.99,591.88,25.0,0.0,0.0,106500.0,2.0,0.0,18.32,13.0,0.0,5774.0,33.8,23.0,1.0,0.0,5.0,0.0,667.0,0.0,0.1971830985915492,0.5652173913043478,176.0,0.0,0.0,-1.0,0
11975.0,36.0,8.19,376.31,4.0,6.0,2.0,39246.0,0.0,4.0,23.82,11.0,0.0,11962.0,63.6,16.0,0.0,0.0,0.0,0.0,667.0,0.0,0.3051266371095143,0.6875,221.0,0.0,0.0,-1.0,1
30000.0,60.0,12.99,682.44,11.0,10.0,0.0,140000.0,1.0,4.0,27.15,12.0,0.0,173096.0,80.0,26.0,1.0,0.0,5.0,0.0,722.0,0.0,0.2142857142857142,0.4615384615384615,183.0,0.0,0.0,-1.0,0
15000.0,36.0,6.99,463.09,2.0,5.0,2.0,46000.0,0.0,4.0,16.45,13.0,0.0,11741.0,23.9,20.0,1.0,0.0,0.0,0.0,722.0,0.0,0.3260869565217391,0.65,137.0,0.0,0.0,-1.0,0
10550.0,36.0,14.99,365.67,14.0,4.0,1.0,24000.0,2.0,0.0,26.95,13.0,0.0,16937.0,51.3,17.0,1.0,0.0,0.0,0.0,682.0,0.0,0.4395833333333333,0.7647058823529411,119.0,0.0,0.0,-1.0,0
12000.0,36.0,6.99,370.48,2.0,0.0,1.0,78000.0,1.0,0.0,11.53,7.0,0.0,12287.0,87.8,23.0,0.0,0.0,3.0,0.0,682.0,0.0,0.1538461538461538,0.3043478260869565,192.0,0.0,0.0,-1.0,0
9459.6328125,36.0,13.66,321.7487451171875,12.0,3.0,0.0,362937.6875,2.0,0.0,47.83377136230469,3.0,0.0,115364.015625,94.00599975585938,10.0,0.0,0.0,2.0,0.0,682.0,0.0,0.02606408257742182,0.2999999983744187,98.0,0.0,0.0,-1.0,0
26000.0,60.0,10.49,558.72,7.0,10.0,0.0,75000.0,1.0,4.0,24.02,17.0,0.0,22036.0,44.0,28.0,0.0,0.0,3.0,0.0,692.0,0.0,0.3466666666666667,0.6071428571428571,248.0,0.0,0.0,-1.0,0
15000.0,60.0,12.99,341.22,11.0,10.0,0.0,78000.0,0.0,0.0,22.11,11.0,0.0,6114.0,61.1,22.0,0.0,0.0,2.0,0.0,677.0,0.0,0.1923076923076923,0.5,108.0,0.0,0.0,-1.0,0
9769.7412109375,60.0,12.39,219.25354736328126,10.0,10.0,0.0,795471.1875,0.0,4.0,18.289003448486326,8.0,0.0,254510.578125,101.70479583740234,25.0,0.0,0.0,7.0,0.0,682.0,0.0,0.012281697754766396,0.32,142.0,0.0,0.0,-1.0,0
10800.0,36.0,12.39,360.73,10.0,2.0,1.0,42000.0,1.0,0.0,14.4,10.0,0.0,8356.0,49.4,19.0,0.0,0.0,0.0,0.0,672.0,0.0,0.2571428571428571,0.5263157894736842,132.0,0.0,0.0,-1.0,1
7200.0,36.0,8.19,226.26,4.0,10.0,1.0,56000.0,0.0,0.0,15.71,10.0,0.0,15273.0,40.9,13.0,1.0,0.0,0.0,0.0,692.0,0.0,0.1285714285714285,0.7692307692307693,165.0,0.0,0.0,-1.0,0
24939.318359375,60.0,24.99,731.8552709960937,28.0,6.0,0.0,799032.0,1.0,4.0,4.5868616485595695,9.0,0.0,16533.82421875,92.82265014648438,14.0,1.0,0.0,5.0,0.0,677.0,0.0,0.031211942434310913,0.6428571160023029,84.0,0.0,0.0,-1.0,0
6000.0,36.0,11.44,197.69,8.0,5.0,2.0,47000.0,1.0,2.0,9.42,11.0,0.0,9622.0,49.6,19.0,0.0,0.0,3.0,0.0,687.0,0.0,0.1276595744680851,0.5789473684210527,186.0,0.0,0.0,-1.0,0
25000.0,60.0,9.49,524.93,6.0,6.0,1.0,79000.0,2.0,0.0,20.67,14.0,0.0,23092.0,44.3,33.0,0.0,0.0,1.0,0.0,682.0,0.0,0.3164556962025316,0.4242424242424242,247.0,0.0,0.0,-1.0,1
15000.0,36.0,7.49,466.53,3.0,10.0,1.0,90000.0,1.0,0.0,18.4,16.0,0.0,12630.0,66.1,26.0,0.0,0.0,1.0,0.0,687.0,0.0,0.1666666666666666,0.6153846153846154,229.0,0.0,0.0,-1.0,0
35000.0,36.0,12.39,1169.04,10.0,10.0,0.0,105000.0,2.0,4.0,9.93,13.0,0.0,37682.0,61.8,28.0,1.0,0.0,3.0,0.0,692.0,0.0,0.3333333333333333,0.4642857142857143,183.0,0.0,0.0,-1.0,0
13625.0,60.0,25.57,404.48,29.0,0.0,1.0,56700.0,2.0,6.0,28.19,10.0,0.0,1625.0,10.2,33.0,1.0,0.0,0.0,0.0,687.0,0.0,0.2402998236331569,0.303030303030303,128.0,0.0,0.0,-1.0,0
35000.0,36.0,13.66,1190.45,12.0,3.0,0.0,118000.0,2.0,0.0,9.8,18.0,0.0,35139.0,68.4,34.0,1.0,0.0,3.0,0.0,687.0,0.0,0.2966101694915254,0.5294117647058824,167.0,0.0,0.0,-1.0,0
15925.0,36.0,17.86,574.61,19.0,10.0,0.0,47000.0,0.0,0.0,11.18,9.0,0.0,18959.0,58.9,12.0,1.0,0.0,3.0,0.0,667.0,0.0,0.3388297872340425,0.75,114.0,0.0,0.0,-1.0,0
8000.0,36.0,12.39,267.21,10.0,2.0,1.0,30000.0,1.0,0.0,19.28,11.0,3.0,5979.0,27.6,26.0,1.0,0.0,2.0,3.0,662.0,0.0,0.2666666666666666,0.4230769230769231,256.0,0.01171875,0.01171875,1.0,0
20000.0,36.0,12.39,668.02,10.0,10.0,0.0,180000.0,2.0,0.0,24.46,14.0,0.0,76569.0,83.1,34.0,1.0,0.0,1.0,0.0,707.0,0.0,0.1111111111111111,0.4117647058823529,258.0,0.0,0.0,-1.0,0
30000.0,36.0,11.44,988.43,8.0,8.0,1.0,210000.0,1.0,0.0,9.68,22.0,0.0,30424.0,52.3,33.0,1.0,0.0,0.0,0.0,672.0,0.0,0.1428571428571428,0.6666666666666666,165.0,0.0,0.0,-1.0,0
5044.43701171875,36.0,9.49,161.56439819335938,6.0,6.0,1.0,502707.53125,1.0,0.0,41.08899978637695,13.0,0.0,28906.658203125,74.57789154052735,41.0,1.0,0.0,2.0,0.0,682.0,0.0,0.010034538413348927,0.3170731707317073,196.0,0.0,0.0,-1.0,0
12800.0,36.0,6.49,392.25,1.0,10.0,0.0,54000.0,0.0,0.0,17.98,11.0,0.0,11341.0,27.9,23.0,1.0,0.0,3.0,0.0,722.0,0.0,0.237037037037037,0.4782608695652174,158.0,0.0,0.0,-1.0,0
28000.0,60.0,11.44,614.95,8.0,4.0,0.0,94000.0,1.0,4.0,28.8,11.0,0.0,63616.0,77.1,27.0,1.0,0.0,4.0,0.0,702.0,0.0,0.2978723404255319,0.4074074074074074,460.0,0.0,0.0,-1.0,1
19995.888671875,36.0,8.19,628.354990234375,4.0,0.0,0.0,286626.75,1.0,4.0,7.7347513198852536,6.0,0.0,302.51171875,81.27067565917969,15.0,1.0,0.0,2.0,0.0,697.0,0.0,0.06976280751682457,0.4,212.0,0.0,0.0,-1.0,0
3500.0,36.0,12.39,116.91,10.0,10.0,0.0,62000.0,0.0,5.0,12.83,25.0,0.0,6321.0,30.2,28.0,1.0,0.0,5.0,0.0,677.0,0.0,0.0564516129032258,0.8928571428571429,117.0,0.0,0.0,-1.0,1
10000.0,36.0,9.49,320.29,6.0,4.0,1.0,58000.0,0.0,0.0,19.93,7.0,0.0,7017.0,45.0,16.0,1.0,0.0,0.0,0.0,692.0,0.0,0.1724137931034483,0.4375,261.0,0.0,0.0,-1.0,0
1200.0,36.0,8.19,37.71,4.0,0.0,0.0,30000.0,0.0,4.0,7.84,5.0,2.0,619.0,36.4,16.0,0.0,0.0,2.0,2.0,662.0,0.0,0.04,0.3125,253.0,0.0079051383399209,0.0079051383399209,1.0,0
25000.0,36.0,7.49,777.55,3.0,10.0,0.0,65000.0,1.0,0.0,5.11,6.0,1.0,13502.0,39.6,9.0,1.0,0.0,0.0,0.0,692.0,0.0,0.3846153846153846,0.6666666666666666,414.0,0.002415458937198,0.0,0.0,0
14675.0,36.0,19.99,545.31,22.0,2.0,1.0,78000.0,0.0,0.0,7.55,7.0,0.0,9151.0,44.0,8.0,0.0,0.0,0.0,0.0,672.0,0.0,0.1881410256410256,0.875,90.0,0.0,0.0,-1.0,0
9800.0,36.0,6.99,302.56,2.0,4.0,0.0,85000.0,0.0,0.0,14.16,16.0,0.0,14027.0,40.7,37.0,1.0,0.0,5.0,0.0,722.0,0.0,0.1152941176470588,0.4324324324324324,155.0,0.0,0.0,-1.0,0
8400.0,36.0,6.49,257.42,1.0,10.0,2.0,85000.0,1.0,4.0,16.83,11.0,0.0,7454.0,43.1,23.0,1.0,0.0,0.0,0.0,722.0,0.0,0.0988235294117647,0.4782608695652174,214.0,0.0,0.0,-1.0,0
8825.0,36.0,19.99,327.93,22.0,6.0,1.0,55000.0,1.0,5.0,21.93,13.0,0.0,15557.0,61.2,33.0,1.0,0.0,1.0,0.0,662.0,0.0,0.1604545454545454,0.3939393939393939,155.0,0.0,0.0,-1.0,0
15000.0,36.0,8.19,471.37,4.0,5.0,1.0,113000.0,1.0,0.0,18.14,7.0,1.0,8195.0,41.2,30.0,1.0,0.0,3.0,1.0,722.0,0.0,0.1327433628318584,0.2333333333333333,257.0,0.0038910505836575,0.0038910505836575,1.0,0
11200.0,60.0,20.99,302.94,23.0,5.0,1.0,35000.0,1.0,4.0,11.8,8.0,0.0,5696.0,54.2,8.0,1.0,0.0,0.0,0.0,672.0,0.0,0.32,1.0,40.0,0.0,0.0,-1.0,1
4500.0,36.0,17.86,162.37,19.0,6.0,0.0,35000.0,0.0,0.0,18.42,6.0,0.0,1243.0,24.9,8.0,1.0,0.0,0.0,0.0,677.0,0.0,0.1285714285714285,0.75,89.0,0.0,0.0,-1.0,0
24000.0,60.0,15.99,583.51,16.0,9.0,0.0,72000.0,2.0,4.0,19.13,17.0,0.0,25809.0,70.9,31.0,1.0,0.0,3.0,0.0,662.0,0.0,0.3333333333333333,0.5483870967741935,158.0,0.0,0.0,-1.0,1
4968.61083984375,36.0,9.49,159.13582458496094,6.0,5.0,1.0,237740.65625,1.0,2.0,40.78950187683105,7.0,1.0,110101.015625,90.26310119628906,16.0,1.0,0.0,1.0,1.0,677.0,0.0,0.020899281733565866,0.4375,371.0,0.0026954177897574,0.0026954177897574,1.0,0
16201.12890625,36.0,17.14,578.7487573242188,18.0,2.0,0.0,31750.521484375,1.0,5.0,10.23990665435791,6.0,0.0,12042.4580078125,85.15273895263672,14.0,1.0,0.0,1.0,0.0,707.0,0.0,144.933974609375,0.4285714285714285,126.0,0.0,0.0,-1.0,0
11000.0,36.0,12.99,370.59,11.0,3.0,1.0,72000.0,2.0,0.0,22.23,12.0,1.0,9745.0,38.0,23.0,1.0,0.0,0.0,1.0,682.0,0.0,0.1527777777777778,0.5217391304347826,142.0,0.0070422535211267,0.0070422535211267,1.0,1
10000.0,60.0,13.66,230.93,12.0,10.0,1.0,45000.0,1.0,0.0,26.01,8.0,0.0,4510.0,54.3,9.0,1.0,0.0,0.0,0.0,662.0,0.0,0.2222222222222222,0.8888888888888888,234.0,0.0,0.0,-1.0,1
20000.0,36.0,11.99,664.2,9.0,5.0,0.0,105000.0,1.0,0.0,19.25,14.0,0.0,8684.0,62.5,29.0,1.0,0.0,1.0,0.0,662.0,0.0,0.1904761904761904,0.4827586206896552,106.0,0.0,0.0,-1.0,0
17225.0,60.0,13.66,397.77,12.0,10.0,2.0,45000.0,0.0,0.0,34.03,14.0,0.0,38489.0,54.1,41.0,0.0,0.0,5.0,0.0,692.0,0.0,0.3827777777777778,0.3414634146341463,244.0,0.0,0.0,-1.0,0
20000.0,36.0,8.19,628.49,4.0,4.0,1.0,120000.0,2.0,3.0,4.53,6.0,0.0,6213.0,40.6,6.0,1.0,0.0,0.0,0.0,747.0,0.0,0.1666666666666666,1.0,41.0,0.0,0.0,-1.0,0
12000.0,36.0,12.39,400.82,10.0,10.0,1.0,102000.0,1.0,0.0,11.89,6.0,0.0,14675.0,77.2,28.0,1.0,0.0,1.0,0.0,687.0,0.0,0.1176470588235294,0.2142857142857142,478.0,0.0,0.0,-1.0,0
7100.0,36.0,17.14,253.63,18.0,8.0,0.0,73000.0,0.0,0.0,16.37,11.0,1.0,2908.0,65.0,26.0,1.0,0.0,5.0,1.0,662.0,0.0,0.0972602739726027,0.4230769230769231,154.0,0.0064935064935064,0.0064935064935064,1.0,0
14000.0,60.0,16.49,344.11,17.0,1.0,1.0,53000.0,1.0,0.0,17.75,6.0,1.0,1513.0,100.9,16.0,1.0,0.0,0.0,1.0,667.0,0.0,0.2641509433962264,0.375,171.0,0.0058479532163742,0.0058479532163742,1.0,1
1200.0,36.0,15.99,42.19,16.0,10.0,1.0,60000.0,2.0,3.0,27.74,19.0,0.0,28677.0,74.9,27.0,1.0,0.0,0.0,0.0,672.0,0.0,0.02,0.7037037037037037,230.0,0.0,0.0,-1.0,0
20000.0,60.0,13.66,461.85,12.0,2.0,1.0,110000.0,2.0,4.0,8.42,11.0,0.0,14469.0,57.0,21.0,1.0,0.0,0.0,0.0,682.0,0.0,0.1818181818181818,0.5238095238095238,116.0,0.0,0.0,-1.0,0
12000.0,60.0,16.49,294.96,17.0,10.0,1.0,120000.0,1.0,0.0,8.06,9.0,0.0,13205.0,63.5,14.0,0.0,0.0,0.0,0.0,667.0,0.0,0.1,0.6428571428571429,87.0,0.0,0.0,-1.0,0
9672.5498046875,36.0,8.67,306.0997033691406,5.0,8.0,0.0,500534.0625,2.0,4.0,32.00762496948242,20.0,1.0,113048.65625,56.94668960571289,31.0,1.0,0.0,1.0,1.0,677.0,0.0,0.019324460896578688,0.645161259558893,330.0,0.003030303030303,0.003030303030303,1.0,0
12075.0,36.0,14.99,418.53,14.0,5.0,1.0,32000.0,0.0,4.0,24.06,12.0,0.0,18259.0,61.1,19.0,1.0,0.0,0.0,0.0,672.0,0.0,0.37734375,0.631578947368421,112.0,0.0,0.0,-1.0,0
8000.0,36.0,12.99,269.52,11.0,10.0,2.0,135000.0,2.0,0.0,19.66,16.0,0.0,79257.0,88.5,33.0,0.0,0.0,3.0,0.0,692.0,0.0,0.0592592592592592,0.4848484848484848,134.0,0.0,0.0,-1.0,0
16350.0,60.0,14.99,388.88,14.0,9.0,0.0,55000.0,0.0,2.0,27.54,21.0,0.0,38550.0,63.7,41.0,0.0,0.0,3.0,0.0,712.0,0.0,0.2972727272727273,0.5121951219512195,407.0,0.0,0.0,-1.0,0
6600.0,36.0,12.99,222.35,11.0,7.0,1.0,53000.0,1.0,0.0,16.39,8.0,0.0,6390.0,91.3,20.0,1.0,0.0,2.0,0.0,702.0,0.0,0.1245283018867924,0.4,197.0,0.0,0.0,-1.0,0
9600.0,36.0,14.31,329.56,13.0,5.0,0.0,80000.0,1.0,0.0,39.8,18.0,0.0,7811.0,64.0,38.0,0.0,0.0,6.0,0.0,662.0,0.0,0.12,0.4736842105263157,245.0,0.0,0.0,-1.0,0
32625.0,60.0,24.5,948.05,27.0,1.0,1.0,71000.0,2.0,0.0,20.37,12.0,0.0,34476.0,74.1,26.0,0.0,0.0,0.0,0.0,712.0,0.0,0.4595070422535211,0.4615384615384615,186.0,0.0,0.0,-1.0,0
15000.0,36.0,13.66,510.2,12.0,4.0,1.0,30000.0,0.0,0.0,20.51,15.0,0.0,7065.0,22.8,27.0,1.0,0.0,0.0,0.0,712.0,0.0,0.5,0.5555555555555556,114.0,0.0,0.0,-1.0,0
9956.04296875,60.0,17.86,252.0609814453125,19.0,3.0,1.0,882368.5875,1.0,4.0,53.86235733032227,11.0,0.0,128208.75,72.89436340332031,13.0,0.0,0.0,0.0,0.0,672.0,0.0,0.011283301432922999,0.8461538354555765,90.0,0.0,0.0,-1.0,1
8911.4765625,36.0,12.39,297.6523278808594,10.0,10.0,1.0,1482242.0,1.0,0.0,22.230275955200195,12.0,0.0,309436.65625,70.99867935180664,20.0,0.0,0.0,5.0,0.0,702.0,0.0,0.006012177467346197,0.6000000063110801,240.0,0.0,0.0,-1.0,0
16000.0,36.0,13.66,544.21,12.0,10.0,0.0,104000.0,1.0,0.0,14.81,19.0,2.0,13714.0,67.6,40.0,0.0,0.0,2.0,0.0,662.0,0.0,0.1538461538461538,0.475,388.0,0.0051546391752577,0.0,0.0,1
9325.0,36.0,8.67,295.11,5.0,4.0,0.0,55000.0,1.0,0.0,22.04,7.0,0.0,5319.0,33.9,11.0,0.0,0.0,0.0,0.0,757.0,0.0,0.1695454545454545,0.6363636363636364,183.0,0.0,0.0,-1.0,0
22295.888671875,60.0,25.8,664.9121215820312,30.0,3.0,1.0,518966.03125,1.0,0.0,50.89859725952148,14.0,0.0,252452.875,30.849943161010742,24.0,1.0,0.0,4.0,0.0,737.0,0.0,0.042962130478450156,0.5833333333333334,171.0,0.0,0.0,-1.0,1
10000.0,36.0,8.67,316.47,5.0,1.0,2.0,40000.0,1.0,0.0,14.82,9.0,0.0,9348.0,68.2,29.0,1.0,0.0,0.0,0.0,702.0,0.0,0.25,0.3103448275862069,193.0,0.0,0.0,-1.0,1
35000.0,36.0,14.99,1213.12,14.0,7.0,0.0,175000.0,2.0,2.0,9.02,12.0,0.0,10195.0,62.5,26.0,0.0,0.0,2.0,0.0,712.0,0.0,0.2,0.4615384615384615,196.0,0.0,0.0,-1.0,1
24033.3359375,60.0,13.66,554.9877001953125,12.0,10.0,0.0,260572.828125,1.0,1.0,59.0495034790039,8.0,0.0,76606.5859375,70.57217407226562,20.0,0.0,0.0,2.0,0.0,697.0,0.0,0.09223269202879494,0.40000000282337783,285.0,0.0,0.0,-1.0,1
18000.0,60.0,14.31,421.73,13.0,8.0,0.0,50000.0,1.0,0.0,18.94,11.0,0.0,14054.0,77.6,22.0,0.0,0.0,1.0,0.0,662.0,0.0,0.36,0.5,77.0,0.0,0.0,-1.0,1
28000.0,36.0,7.49,870.85,3.0,10.0,0.0,102000.0,1.0,0.0,29.23,14.0,0.0,46889.0,81.0,53.0,0.0,0.0,5.0,0.0,702.0,0.0,0.2745098039215686,0.2641509433962264,210.0,0.0,0.0,-1.0,0
5250.0,36.0,16.49,185.85,17.0,3.0,1.0,44000.0,2.0,4.0,24.96,10.0,1.0,5659.0,56.0,26.0,1.0,0.0,3.0,1.0,662.0,0.0,0.1193181818181818,0.3846153846153846,193.0,0.005181347150259,0.005181347150259,1.0,0
5967.35107421875,36.0,8.19,187.5192840576172,4.0,10.0,1.0,193783.75,0.0,0.0,32.22178970336914,9.0,0.0,40512.31640625,52.76286392211914,34.0,1.0,0.0,2.0,0.0,667.0,0.0,0.03079386717743343,0.2647058823529412,188.0,0.0,0.0,-1.0,0
8603.990234375,36.0,18.54,313.39057861328126,20.0,2.0,0.0,732945.8125,2.0,5.0,17.197931022644042,8.0,0.0,385481.46875,40.91275749206543,9.0,0.0,0.0,0.0,0.0,737.0,0.0,0.01173892617225647,0.8888888888888888,56.0,0.0,0.0,-1.0,0
20000.0,36.0,8.67,632.93,5.0,9.0,0.0,80000.0,1.0,0.0,15.62,16.0,0.0,7300.0,16.2,36.0,1.0,0.0,4.0,0.0,757.0,0.0,0.25,0.4444444444444444,169.0,0.0,0.0,-1.0,0
16000.0,60.0,12.99,363.97,11.0,2.0,0.0,50000.0,0.0,0.0,13.97,8.0,0.0,15409.0,75.9,14.0,0.0,0.0,3.0,0.0,682.0,0.0,0.32,0.5714285714285714,139.0,0.0,0.0,-1.0,0
10635.1494140625,36.0,7.49,330.77904541015624,3.0,9.0,0.0,958094.9375,0.0,0.0,18.346364974975586,14.0,0.0,352478.53125,57.474745178222655,32.0,1.0,0.0,3.0,0.0,697.0,0.0,0.011100313067436224,0.43749998645348975,202.0,0.0,0.0,-1.0,0
14000.0,60.0,12.99,318.48,11.0,3.0,0.0,150000.0,0.0,0.0,2.93,10.0,1.0,6636.0,30.6,36.0,0.0,0.0,6.0,1.0,687.0,0.0,0.0933333333333333,0.2777777777777778,208.0,0.0048076923076923,0.0048076923076923,1.0,0
6000.0,36.0,8.19,188.55,4.0,10.0,1.0,99705.0,2.0,5.0,5.24,4.0,2.0,11433.0,53.9,10.0,0.0,0.0,0.0,0.0,672.0,0.0,0.0601775236948999,0.4,365.0,0.0054794520547945,0.0,0.0,0
13926.44140625,36.0,9.49,446.0392822265625,6.0,4.0,2.0,149035.546875,1.0,4.0,29.30806022644043,13.0,0.0,0.0,41.27815589904785,19.0,0.0,0.0,2.0,0.0,707.0,0.0,0.09344375370179897,0.6842105263157895,148.0,0.0,0.0,-1.0,0
9000.0,36.0,12.39,300.61,10.0,10.0,0.0,42500.0,0.0,0.0,30.08,19.0,0.0,8026.0,31.8,31.0,1.0,0.0,2.0,0.0,697.0,0.0,0.2117647058823529,0.6129032258064516,173.0,0.0,0.0,-1.0,0
18225.0,36.0,15.99,640.65,16.0,2.0,1.0,48000.0,2.0,0.0,1.88,13.0,0.0,821.0,5.0,16.0,0.0,0.0,0.0,0.0,702.0,0.0,0.3796875,0.8125,178.0,0.0,0.0,-1.0,0
5600.0,36.0,12.99,188.66,11.0,1.0,0.0,64000.0,1.0,2.0,19.65,10.0,1.0,6565.0,22.0,17.0,0.0,0.0,1.0,0.0,687.0,0.0,0.0875,0.5882352941176471,154.0,0.0064935064935064,0.0,0.0,0
24000.0,36.0,6.99,740.95,2.0,3.0,1.0,75000.0,1.0,4.0,29.78,16.0,0.0,27886.0,82.5,33.0,0.0,0.0,0.0,0.0,697.0,0.0,0.32,0.4848484848484848,126.0,0.0,0.0,-1.0,0
25000.0,60.0,10.49,537.23,7.0,7.0,0.0,71910.0,1.0,0.0,14.79,17.0,1.0,6564.0,28.4,37.0,0.0,0.0,6.0,1.0,677.0,0.0,0.3476567932137394,0.4594594594594595,269.0,0.0037174721189591,0.0037174721189591,1.0,0
11775.0,36.0,14.99,408.13,14.0,10.0,0.0,58000.0,0.0,0.0,22.63,6.0,0.0,3670.0,66.7,31.0,0.0,0.0,1.0,0.0,682.0,0.0,0.2030172413793103,0.1935483870967742,175.0,0.0,0.0,-1.0,0
22205.265625,36.0,11.44,731.6104711914063,8.0,5.0,1.0,178339.34375,1.0,4.0,-1.0000006866455067,23.0,0.0,28810.798828125,76.4308090209961,31.0,0.0,0.0,0.0,0.0,692.0,0.0,0.12451132657943959,0.7419354838709677,125.0,0.0,0.0,-1.0,0
15000.0,36.0,9.49,480.43,6.0,7.0,1.0,60000.0,0.0,4.0,35.83,18.0,0.0,15410.0,51.5,43.0,0.0,0.0,0.0,0.0,712.0,0.0,0.25,0.4186046511627907,173.0,0.0,0.0,-1.0,0
5041.77880859375,36.0,14.99,174.74983459472656,14.0,4.0,1.0,1331920.0,1.0,5.0,5.781089477539062,8.0,0.0,70236.8984375,18.53261528015137,17.0,1.0,0.0,3.0,0.0,667.0,0.0,0.0037853629202455608,0.47058823178796205,127.0,0.0,0.0,-1.0,0
10000.0,60.0,11.99,222.4,9.0,0.0,0.0,40000.0,0.0,0.0,27.18,10.0,0.0,13810.0,89.1,18.0,0.0,0.0,4.0,0.0,672.0,0.0,0.25,0.5555555555555556,128.0,0.0,0.0,-1.0,0
20000.0,60.0,19.24,521.46,21.0,1.0,0.0,63000.0,2.0,0.0,21.7,15.0,0.0,0.0,0.0,38.0,0.0,0.0,0.0,0.0,712.0,0.0,0.3174603174603174,0.3947368421052631,195.0,0.0,0.0,-1.0,1
5950.0,36.0,17.86,214.69,19.0,3.0,1.0,35000.0,1.0,0.0,10.29,16.0,0.0,972.0,15.7,31.0,1.0,0.0,0.0,0.0,667.0,0.0,0.17,0.5161290322580645,112.0,0.0,0.0,-1.0,0
28425.0,60.0,25.57,843.84,29.0,10.0,2.0,62000.0,1.0,0.0,29.37,10.0,0.0,21051.0,76.3,25.0,1.0,0.0,5.0,0.0,682.0,0.0,0.4584677419354839,0.4,282.0,0.0,0.0,-1.0,0
11200.0,60.0,14.31,262.41,13.0,3.0,0.0,86000.0,0.0,0.0,18.91,13.0,0.0,19273.0,88.4,38.0,0.0,0.0,10.0,0.0,667.0,0.0,0.1302325581395348,0.3421052631578947,218.0,0.0,0.0,-1.0,0
25000.0,36.0,6.99,771.82,2.0,10.0,0.0,180000.0,1.0,4.0,15.44,14.0,0.0,31409.0,51.0,29.0,1.0,0.0,2.0,0.0,697.0,0.0,0.1388888888888889,0.4827586206896552,153.0,0.0,0.0,-1.0,0
20000.0,60.0,14.31,468.59,13.0,10.0,0.0,50000.0,1.0,0.0,22.85,10.0,0.0,46033.0,89.9,18.0,0.0,0.0,1.0,0.0,687.0,0.0,0.4,0.5555555555555556,294.0,0.0,0.0,-1.0,0
10800.0,60.0,16.49,265.46,17.0,5.0,1.0,35000.0,1.0,0.0,26.95,9.0,0.0,7033.0,77.3,20.0,0.0,0.0,0.0,0.0,682.0,0.0,0.3085714285714285,0.45,110.0,0.0,0.0,-1.0,1
8100.0,36.0,12.99,272.89,11.0,5.0,1.0,41000.0,1.0,0.0,31.24,13.0,0.0,5684.0,37.4,24.0,0.0,0.0,0.0,0.0,672.0,0.0,0.1975609756097561,0.5416666666666666,159.0,0.0,0.0,-1.0,0
5000.0,36.0,9.49,160.15,6.0,7.0,1.0,40000.0,1.0,0.0,15.39,13.0,0.0,1013.0,19.1,31.0,1.0,0.0,0.0,0.0,717.0,0.0,0.125,0.4193548387096774,194.0,0.0,0.0,-1.0,0
10125.0,36.0,12.39,338.19,10.0,6.0,0.0,60000.0,0.0,0.0,19.48,15.0,0.0,19670.0,52.7,43.0,1.0,0.0,7.0,0.0,677.0,0.0,0.16875,0.3488372093023256,274.0,0.0,0.0,-1.0,1
1000.0,36.0,15.99,35.16,16.0,4.0,1.0,50000.0,0.0,10.0,9.39,8.0,0.0,4886.0,54.9,11.0,1.0,0.0,0.0,0.0,677.0,0.0,0.02,0.7272727272727273,43.0,0.0,0.0,-1.0,0
3000.0,36.0,14.31,102.99,13.0,10.0,1.0,30000.0,2.0,0.0,24.12,7.0,0.0,3130.0,23.1,25.0,1.0,0.0,0.0,0.0,717.0,0.0,0.1,0.28,128.0,0.0,0.0,-1.0,0
3500.0,36.0,13.66,119.05,12.0,2.0,0.0,65300.0,0.0,0.0,8.75,4.0,1.0,1898.0,35.0,22.0,1.0,0.0,1.0,1.0,667.0,0.0,0.0535987748851454,0.1818181818181818,147.0,0.0068027210884353,0.0068027210884353,1.0,0
27000.0,60.0,18.54,693.58,20.0,5.0,2.0,54000.0,1.0,4.0,28.82,14.0,0.0,30440.0,78.5,27.0,1.0,0.0,4.0,0.0,682.0,0.0,0.5,0.5185185185185185,190.0,0.0,0.0,-1.0,1
9600.0,36.0,11.44,316.3,8.0,2.0,1.0,31700.0,1.0,4.0,16.02,11.0,0.0,7884.0,75.8,16.0,1.0,0.0,0.0,0.0,672.0,0.0,0.3028391167192429,0.6875,116.0,0.0,0.0,-1.0,0
15000.0,60.0,19.24,391.1,21.0,7.0,0.0,65000.0,2.0,0.0,27.36,10.0,0.0,13721.0,82.0,18.0,0.0,0.0,2.0,0.0,677.0,0.0,0.2307692307692307,0.5555555555555556,279.0,0.0,0.0,-1.0,0
22950.0,36.0,14.31,787.84,13.0,10.0,1.0,50000.0,2.0,4.0,5.54,8.0,0.0,4915.0,24.8,21.0,1.0,0.0,0.0,0.0,687.0,0.0,0.459,0.3809523809523809,152.0,0.0,0.0,-1.0,1
13450.0,36.0,15.59,470.15,15.0,0.0,1.0,30720.0,2.0,4.0,24.53,12.0,0.0,20290.0,80.2,37.0,1.0,0.0,0.0,0.0,667.0,0.0,0.4378255208333333,0.3243243243243243,134.0,0.0,0.0,-1.0,0
6000.0,36.0,11.44,197.69,8.0,10.0,0.0,98000.0,0.0,0.0,2.66,12.0,1.0,9783.0,37.2,33.0,1.0,0.0,3.0,1.0,682.0,0.0,0.0612244897959183,0.3636363636363636,298.0,0.0033557046979865,0.0033557046979865,1.0,1
28500.0,60.0,25.83,850.44,31.0,5.0,1.0,65000.0,1.0,0.0,19.57,9.0,0.0,16140.0,43.2,29.0,0.0,0.0,0.0,0.0,682.0,0.0,0.4384615384615384,0.3103448275862069,268.0,0.0,0.0,-1.0,0
4947.193359375,36.0,12.39,165.24124694824218,10.0,2.0,1.0,782775.0625,2.0,4.0,46.735513610839845,10.0,0.0,131228.46875,20.30963897705078,28.0,1.0,0.0,0.0,0.0,697.0,0.0,0.006320068782026102,0.3571428571428571,144.0,0.0,0.0,-1.0,1
13200.0,36.0,7.89,412.98,4.0,10.0,1.0,90000.0,0.0,4.0,19.64,7.0,0.0,44061.0,91.8,16.0,0.0,0.0,4.0,0.0,667.0,1.0,0.1466666666666666,0.4375,192.0,0.0,0.0,-1.0,0
12500.0,60.0,20.49,334.6,23.0,2.0,0.0,35000.0,1.0,0.0,14.23,18.0,1.0,933.0,7.0,36.0,0.0,0.0,0.0,1.0,717.0,1.0,0.3571428571428571,0.5,237.0,0.0042194092827004,0.0042194092827004,1.0,1
22250.0,60.0,18.25,568.04,20.0,8.0,0.0,127000.0,1.0,0.0,18.51,22.0,0.0,18552.0,60.4,40.0,1.0,0.0,0.0,0.0,667.0,1.0,0.1751968503937007,0.55,197.0,0.0,0.0,-1.0,1
11000.0,36.0,12.69,369.0,11.0,4.0,1.0,94000.0,1.0,0.0,9.65,9.0,1.0,5534.0,62.9,34.0,0.0,0.0,3.0,1.0,672.0,1.0,0.1170212765957446,0.2647058823529412,180.0,0.0055555555555555,0.0055555555555555,1.0,0
8000.0,36.0,9.17,255.04,6.0,5.0,0.0,48000.0,0.0,0.0,23.15,16.0,0.0,2587.0,14.1,26.0,0.0,0.0,2.0,0.0,737.0,1.0,0.1666666666666666,0.6153846153846154,112.0,0.0,0.0,-1.0,1
2375.0,36.0,18.25,86.17,20.0,10.0,1.0,57746.0,0.0,0.0,12.76,18.0,1.0,959.0,45.7,23.0,1.0,0.0,0.0,0.0,662.0,1.0,0.041128389845184,0.782608695652174,123.0,0.008130081300813,0.0,0.0,0
8000.0,36.0,10.99,261.88,8.0,3.0,0.0,85000.0,1.0,0.0,10.12,11.0,0.0,10049.0,46.3,22.0,1.0,0.0,0.0,0.0,672.0,1.0,0.0941176470588235,0.5,76.0,0.0,0.0,-1.0,0
35000.0,60.0,23.99,1006.68,26.0,3.0,1.0,85000.0,2.0,4.0,9.35,8.0,0.0,5039.0,38.5,50.0,1.0,0.0,0.0,0.0,682.0,1.0,0.4117647058823529,0.16,372.0,0.0,0.0,-1.0,0
25000.0,36.0,9.99,806.57,7.0,10.0,0.0,120000.0,1.0,0.0,26.9,11.0,0.0,50100.0,65.1,19.0,1.0,0.0,1.0,0.0,707.0,1.0,0.2083333333333333,0.5789473684210527,245.0,0.0,0.0,-1.0,0
8000.0,36.0,11.53,263.93,9.0,10.0,0.0,117000.0,0.0,0.0,11.94,10.0,0.0,11969.0,89.3,22.0,1.0,0.0,2.0,0.0,662.0,1.0,0.0683760683760683,0.4545454545454545,367.0,0.0,0.0,-1.0,0
1450.0,36.0,17.86,52.32,19.0,5.0,1.0,50000.0,2.0,1.0,36.78,15.0,0.0,15776.0,70.1,40.0,1.0,0.0,0.0,0.0,687.0,1.0,0.029,0.375,385.0,0.0,0.0,-1.0,0
13925.0,60.0,10.99,302.7,8.0,0.0,1.0,75000.0,0.0,0.0,19.07,11.0,0.0,7891.0,19.2,28.0,0.0,0.0,2.0,0.0,692.0,1.0,0.1856666666666666,0.3928571428571428,139.0,0.0,0.0,-1.0,0
7500.0,36.0,6.68,230.49,2.0,3.0,1.0,60000.0,0.0,0.0,21.0,14.0,0.0,14810.0,30.0,30.0,0.0,0.0,0.0,0.0,697.0,1.0,0.125,0.4666666666666667,165.0,0.0,0.0,-1.0,0
10800.0,36.0,18.84,395.02,21.0,6.0,1.0,30000.0,1.0,6.0,17.88,10.0,0.0,2811.0,33.5,23.0,1.0,0.0,1.0,0.0,662.0,1.0,0.36,0.4347826086956521,106.0,0.0,0.0,-1.0,0
10000.0,36.0,7.89,312.86,4.0,3.0,0.0,90000.0,0.0,0.0,20.83,14.0,0.0,10777.0,62.3,32.0,0.0,0.0,2.0,0.0,672.0,1.0,0.1111111111111111,0.4375,323.0,0.0,0.0,-1.0,0
29975.0,36.0,9.17,955.58,6.0,7.0,0.0,60000.0,2.0,0.0,20.58,41.0,0.0,46662.0,41.1,77.0,1.0,0.0,3.0,0.0,707.0,1.0,0.4995833333333333,0.5324675324675324,316.0,0.0,0.0,-1.0,0
32164.1640625,60.0,21.67,882.3157983398437,24.0,6.0,0.0,285479.75,2.0,2.0,2.0711983489990224,12.0,2.0,268207.34375,20.80020523071289,15.0,0.0,0.0,0.0,1.0,692.0,1.0,0.11266704848834447,0.7999999908839955,155.0,0.0129032258064516,0.0064516129032258,0.5,1
34625.0,60.0,13.33,793.69,12.0,7.0,0.0,72000.0,2.0,0.0,34.25,12.0,0.0,37020.0,82.8,23.0,0.0,0.0,5.0,0.0,707.0,1.0,0.4809027777777778,0.5217391304347826,198.0,0.0,0.0,-1.0,0
28000.0,36.0,6.92,863.54,3.0,10.0,2.0,190000.0,1.0,0.0,7.12,8.0,0.0,38907.0,70.0,25.0,0.0,0.0,7.0,0.0,762.0,1.0,0.1473684210526315,0.32,272.0,0.0,0.0,-1.0,0
20875.0,36.0,12.29,696.25,10.0,0.0,1.0,101836.0,1.0,0.0,15.13,21.0,0.0,17460.0,53.9,30.0,0.0,0.0,0.0,0.0,677.0,1.0,0.2049864488000314,0.7,136.0,0.0,0.0,-1.0,0
21000.0,60.0,14.65,495.74,14.0,9.0,0.0,83250.0,2.0,0.0,30.36,8.0,0.0,2078.0,28.9,28.0,0.0,0.0,1.0,0.0,712.0,1.0,0.2522522522522522,0.2857142857142857,232.0,0.0,0.0,-1.0,1
29999.705078125,60.0,14.65,708.1907836914063,14.0,1.0,1.0,233466.484375,2.0,0.0,11.159051322937012,10.0,1.0,14816.603515625,40.36727752685547,26.0,0.0,0.0,2.0,1.0,662.0,1.0,0.12849683517759494,0.3846153846153846,191.0,0.0052356020942408,0.0052356020942408,1.0,0
19175.0,60.0,12.69,433.26,11.0,7.0,0.0,48000.0,0.0,0.0,18.53,6.0,0.0,13793.0,43.5,14.0,0.0,0.0,1.0,0.0,742.0,1.0,0.3994791666666666,0.4285714285714285,181.0,0.0,0.0,-1.0,0
14975.0,36.0,19.52,552.87,22.0,1.0,1.0,50000.0,2.0,0.0,26.02,11.0,2.0,5654.0,46.7,33.0,1.0,0.0,0.0,0.0,677.0,1.0,0.2995,0.3333333333333333,173.0,0.0115606936416184,0.0,0.0,1
14700.0,36.0,6.92,453.36,3.0,1.0,1.0,65000.0,0.0,0.0,17.06,20.0,0.0,14514.0,81.5,41.0,0.0,0.0,2.0,0.0,677.0,1.0,0.2261538461538461,0.4878048780487805,171.0,0.0,0.0,-1.0,0
6000.0,36.0,12.29,200.12,10.0,10.0,2.0,89000.0,1.0,4.0,7.7,9.0,0.0,15233.0,69.6,28.0,1.0,0.0,0.0,0.0,672.0,1.0,0.0674157303370786,0.3214285714285714,301.0,0.0,0.0,-1.0,0
12500.0,36.0,6.99,385.91,2.0,10.0,0.0,162800.0,1.0,4.0,11.52,11.0,0.0,21161.0,70.1,26.0,0.0,0.0,2.0,0.0,697.0,1.0,0.0767813267813267,0.4230769230769231,138.0,0.0,0.0,-1.0,0
2800.0,36.0,14.99,97.05,14.0,10.0,0.0,42000.0,0.0,3.0,38.43,16.0,0.0,22437.0,79.3,33.0,0.0,0.0,1.0,0.0,697.0,1.0,0.0666666666666666,0.4848484848484848,277.0,0.0,0.0,-1.0,0
12000.0,60.0,14.99,285.42,14.0,10.0,0.0,85000.0,0.0,0.0,9.49,13.0,0.0,6397.0,70.3,26.0,0.0,0.0,6.0,0.0,677.0,1.0,0.1411764705882353,0.5,245.0,0.0,0.0,-1.0,0
24952.83203125,36.0,15.99,877.1456323242187,16.0,10.0,0.0,527639.5625,2.0,0.0,24.37179313659668,10.0,0.0,48515.8359375,90.54655456542969,26.0,1.0,0.0,4.0,0.0,672.0,1.0,0.04729143210819786,0.3846153846153846,155.0,0.0,0.0,-1.0,0
10050.0,60.0,14.99,239.04,14.0,5.0,1.0,63000.0,2.0,0.0,25.49,15.0,1.0,5005.0,46.3,29.0,0.0,0.0,0.0,1.0,707.0,1.0,0.1595238095238095,0.5172413793103449,255.0,0.0039215686274509,0.0039215686274509,1.0,1
6625.0,36.0,14.31,227.43,13.0,9.0,1.0,16000.0,2.0,4.0,24.68,12.0,0.0,6856.0,33.3,22.0,0.0,0.0,0.0,0.0,662.0,1.0,0.4140625,0.5454545454545454,148.0,0.0,0.0,-1.0,0
10000.0,60.0,8.67,205.99,5.0,9.0,0.0,210000.0,0.0,5.0,9.15,22.0,0.0,15485.0,23.4,54.0,0.0,0.0,0.0,0.0,717.0,1.0,0.0476190476190476,0.4074074074074074,194.0,0.0,0.0,-1.0,0
15000.0,36.0,12.99,505.34,11.0,10.0,0.0,198000.0,1.0,0.0,12.78,21.0,0.0,47185.0,81.5,41.0,1.0,0.0,3.0,0.0,662.0,1.0,0.0757575757575757,0.5121951219512195,332.0,0.0,0.0,-1.0,0
35000.0,36.0,17.86,1262.88,19.0,1.0,0.0,200000.0,1.0,4.0,17.88,10.0,1.0,147584.0,95.3,23.0,1.0,0.0,4.0,0.0,692.0,1.0,0.175,0.4347826086956521,249.0,0.0040160642570281,0.0,0.0,0
25000.0,60.0,17.14,623.2,18.0,5.0,0.0,60000.0,1.0,4.0,13.66,11.0,0.0,6980.0,43.4,14.0,1.0,0.0,0.0,0.0,702.0,1.0,0.4166666666666667,0.7857142857142857,61.0,0.0,0.0,-1.0,0
10000.0,36.0,11.99,332.1,9.0,5.0,0.0,60000.0,0.0,0.0,19.76,10.0,0.0,6467.0,57.7,39.0,0.0,0.0,3.0,0.0,682.0,1.0,0.1666666666666666,0.2564102564102564,294.0,0.0,0.0,-1.0,0
6000.0,36.0,11.44,197.69,8.0,4.0,0.0,45000.0,0.0,0.0,15.49,6.0,0.0,2804.0,87.6,14.0,0.0,0.0,0.0,0.0,672.0,1.0,0.1333333333333333,0.4285714285714285,188.0,0.0,0.0,-1.0,0
34225.0,36.0,21.99,1306.9,24.0,10.0,0.0,81700.0,2.0,4.0,18.77,23.0,0.0,44709.0,71.9,37.0,1.0,0.0,6.0,0.0,667.0,1.0,0.4189106487148102,0.6216216216216216,194.0,0.0,0.0,-1.0,0
14059.7099609375,60.0,12.39,315.5294470214844,10.0,10.0,1.0,312049.25,1.0,0.0,55.81043350219726,7.0,0.0,110876.296875,28.083922958374025,10.0,0.0,0.0,1.0,0.0,702.0,1.0,0.04505605432722298,0.7,126.0,0.0,0.0,-1.0,1
30000.0,36.0,8.67,949.4,5.0,7.0,0.0,190000.0,1.0,4.0,14.74,20.0,0.0,45114.0,86.8,30.0,1.0,0.0,2.0,0.0,667.0,1.0,0.1578947368421052,0.6666666666666666,248.0,0.0,0.0,-1.0,0
25000.0,60.0,19.99,662.21,22.0,10.0,2.0,65000.0,1.0,0.0,19.87,17.0,0.0,15792.0,37.5,35.0,1.0,0.0,0.0,0.0,667.0,1.0,0.3846153846153846,0.4857142857142857,150.0,0.0,0.0,-1.0,1
6087.30029296875,36.0,12.39,203.32197204589843,10.0,3.0,1.0,499544.96875,2.0,4.0,68.68046630859375,11.0,0.0,0.0,63.711151123046875,18.0,0.0,0.0,4.0,0.0,692.0,1.0,0.0121856861073395,0.6111111111111112,165.0,0.0,0.0,-1.0,0
12000.0,60.0,14.99,285.42,14.0,10.0,0.0,55404.0,2.0,4.0,35.24,12.0,0.0,46263.0,92.9,27.0,0.0,0.0,4.0,0.0,702.0,1.0,0.2165908598657136,0.4444444444444444,486.0,0.0,0.0,-1.0,0
4000.0,36.0,12.39,133.61,10.0,0.0,1.0,45000.0,2.0,0.0,9.68,10.0,1.0,3631.0,54.2,17.0,1.0,0.0,0.0,1.0,667.0,1.0,0.0888888888888888,0.5882352941176471,144.0,0.0069444444444444,0.0069444444444444,1.0,1
4800.0,36.0,8.67,151.91,5.0,8.0,0.0,40000.0,0.0,4.0,6.87,10.0,0.0,4475.0,74.6,27.0,0.0,0.0,3.0,0.0,682.0,1.0,0.12,0.3703703703703703,168.0,0.0,0.0,-1.0,0
19962.95703125,60.0,13.66,460.992822265625,12.0,4.0,0.0,934411.4375,1.0,2.0,18.861193923950196,3.0,1.0,4823.89892578125,57.17501525878906,10.0,0.0,0.0,3.0,1.0,672.0,1.0,0.02136420661752872,0.3000000059604645,143.0,0.0069930069930069,0.0069930069930069,1.0,0
26000.0,36.0,6.49,796.76,1.0,10.0,0.0,145000.0,1.0,0.0,16.48,13.0,0.0,51264.0,33.5,24.0,0.0,0.0,1.0,0.0,762.0,1.0,0.1793103448275862,0.5416666666666666,343.0,0.0,0.0,-1.0,0
7000.0,36.0,12.39,233.81,10.0,10.0,1.0,50000.0,1.0,0.0,14.71,9.0,0.0,6759.0,38.2,16.0,1.0,0.0,1.0,0.0,682.0,1.0,0.14,0.5625,138.0,0.0,0.0,-1.0,0
6000.0,36.0,14.65,206.97,14.0,8.0,2.0,28000.0,1.0,0.0,28.41,17.0,0.0,14061.0,29.9,20.0,1.0,0.0,0.0,0.0,677.0,1.0,0.2142857142857142,0.85,213.0,0.0,0.0,-1.0,0
6500.0,36.0,6.92,200.47,3.0,4.0,0.0,45000.0,1.0,4.0,13.28,10.0,1.0,5930.0,29.5,47.0,1.0,0.0,4.0,1.0,667.0,1.0,0.1444444444444444,0.2127659574468085,313.0,0.0031948881789137,0.0031948881789137,1.0,0
10000.0,36.0,9.99,322.63,7.0,10.0,0.0,110000.0,0.0,0.0,18.92,19.0,0.0,11095.0,67.2,36.0,1.0,0.0,2.0,0.0,667.0,1.0,0.0909090909090909,0.5277777777777778,226.0,0.0,0.0,-1.0,0
15000.0,36.0,13.33,507.8,12.0,2.0,0.0,37600.0,0.0,0.0,38.56,19.0,0.0,8096.0,35.2,51.0,0.0,0.0,3.0,0.0,672.0,1.0,0.3989361702127659,0.3725490196078431,233.0,0.0,0.0,-1.0,1
15000.0,36.0,9.99,483.94,7.0,10.0,0.0,80000.0,2.0,0.0,19.61,20.0,1.0,9572.0,35.1,50.0,1.0,0.0,9.0,1.0,692.0,1.0,0.1875,0.4,311.0,0.0032154340836012,0.0032154340836012,1.0,0
17800.0,60.0,12.69,402.19,11.0,2.0,1.0,64000.0,2.0,0.0,9.87,11.0,0.0,12223.0,37.5,17.0,0.0,0.0,0.0,0.0,682.0,1.0,0.278125,0.6470588235294118,160.0,0.0,0.0,-1.0,0
10000.0,36.0,11.53,329.91,9.0,10.0,0.0,51000.0,0.0,0.0,28.93,13.0,0.0,14284.0,81.2,22.0,1.0,0.0,2.0,0.0,672.0,1.0,0.196078431372549,0.5909090909090909,342.0,0.0,0.0,-1.0,0
35000.0,36.0,18.25,1269.73,20.0,10.0,2.0,110000.0,2.0,0.0,33.55,16.0,0.0,62482.0,86.3,25.0,1.0,0.0,3.0,0.0,662.0,1.0,0.3181818181818182,0.64,202.0,0.0,0.0,-1.0,0
26975.0,60.0,25.57,800.8,29.0,1.0,0.0,70000.0,1.0,0.0,20.8,17.0,1.0,14595.0,79.3,22.0,0.0,0.0,1.0,1.0,667.0,1.0,0.3853571428571428,0.7727272727272727,216.0,0.0046296296296296,0.0046296296296296,1.0,1
10000.0,36.0,15.61,349.65,15.0,10.0,2.0,94000.0,0.0,3.0,4.85,6.0,0.0,256.0,6.4,15.0,0.0,0.0,3.0,0.0,692.0,1.0,0.1063829787234042,0.4,126.0,0.0,0.0,-1.0,0
6099.9736328125,36.0,17.86,220.10110168457032,19.0,1.0,1.0,636038.75,2.0,0.0,12.478968772888184,3.0,0.0,97393.8046875,63.698219299316406,8.0,0.0,0.0,1.0,0.0,687.0,1.0,0.009590578741497435,0.375,91.0,0.0,0.0,-1.0,0
12250.0,36.0,14.65,422.56,14.0,0.0,1.0,29400.0,0.0,0.0,15.58,3.0,0.0,13866.0,57.8,5.0,0.0,0.0,2.0,0.0,732.0,1.0,0.4166666666666667,0.6,191.0,0.0,0.0,-1.0,0
21600.0,60.0,14.65,509.91,14.0,0.0,0.0,50000.0,1.0,0.0,33.97,14.0,0.0,18006.0,76.9,26.0,1.0,0.0,2.0,0.0,697.0,1.0,0.432,0.5384615384615384,120.0,0.0,0.0,-1.0,1
11000.0,36.0,6.92,339.25,3.0,3.0,0.0,40000.0,0.0,4.0,9.63,7.0,0.0,11291.0,57.3,12.0,0.0,0.0,1.0,0.0,717.0,1.0,0.275,0.5833333333333334,200.0,0.0,0.0,-1.0,0
12000.0,60.0,13.99,279.16,13.0,2.0,0.0,60000.0,1.0,0.0,15.18,14.0,0.0,8978.0,36.1,18.0,0.0,0.0,0.0,0.0,692.0,1.0,0.2,0.7777777777777778,88.0,0.0,0.0,-1.0,0
10577.28125,36.0,21.67,402.14818359375,24.0,2.0,0.0,253703.5,1.0,0.0,51.09856399536133,5.0,0.0,80328.5390625,67.43384094238282,8.0,1.0,0.0,1.0,0.0,687.0,1.0,0.04169151981671648,0.6249999735090468,39.0,0.0,0.0,-1.0,1
10000.0,36.0,9.17,318.79,6.0,8.0,1.0,63000.0,0.0,0.0,24.22,16.0,0.0,4016.0,23.1,36.0,1.0,0.0,0.0,0.0,662.0,1.0,0.1587301587301587,0.4444444444444444,259.0,0.0,0.0,-1.0,0
4475.0,36.0,16.55,158.55,16.0,10.0,0.0,48000.0,0.0,0.0,22.86,9.0,0.0,16055.0,47.1,24.0,1.0,0.0,4.0,0.0,722.0,1.0,0.0932291666666666,0.375,223.0,0.0,0.0,-1.0,0
13000.0,60.0,21.99,358.98,24.0,7.0,2.0,57000.0,0.0,0.0,29.26,16.0,0.0,18903.0,40.0,36.0,1.0,0.0,0.0,0.0,677.0,1.0,0.2280701754385964,0.4444444444444444,183.0,0.0,0.0,-1.0,0
24000.0,60.0,17.57,603.85,18.0,10.0,0.0,71000.0,2.0,4.0,13.93,13.0,0.0,24766.0,84.8,26.0,0.0,0.0,3.0,0.0,677.0,1.0,0.3380281690140845,0.5,172.0,0.0,0.0,-1.0,0
6500.0,36.0,8.18,204.23,5.0,8.0,2.0,55000.0,0.0,4.0,25.88,17.0,0.0,7519.0,26.9,37.0,1.0,0.0,2.0,0.0,727.0,1.0,0.1181818181818181,0.4594594594594595,113.0,0.0,0.0,-1.0,1
18000.0,36.0,7.89,563.15,4.0,10.0,1.0,164000.0,2.0,2.0,19.98,16.0,0.0,24460.0,61.9,27.0,1.0,0.0,8.0,0.0,702.0,1.0,0.1097560975609756,0.5925925925925926,447.0,0.0,0.0,-1.0,0
9600.0,36.0,9.17,306.04,6.0,1.0,1.0,28800.0,1.0,4.0,33.96,24.0,0.0,11700.0,74.5,47.0,1.0,0.0,0.0,0.0,687.0,1.0,0.3333333333333333,0.5106382978723404,141.0,0.0,0.0,-1.0,0
2800.0,36.0,6.92,86.36,3.0,3.0,0.0,42000.0,0.0,4.0,8.49,6.0,0.0,7054.0,60.3,18.0,1.0,0.0,3.0,0.0,712.0,1.0,0.0666666666666666,0.3333333333333333,150.0,0.0,0.0,-1.0,0
25000.0,60.0,11.53,550.2,9.0,10.0,0.0,101000.0,1.0,0.0,30.57,15.0,0.0,25224.0,79.8,30.0,0.0,0.0,4.0,0.0,667.0,1.0,0.2475247524752475,0.5,244.0,0.0,0.0,-1.0,0
35011.34375,36.0,12.29,1167.736708984375,10.0,9.0,0.0,582637.375,2.0,4.0,49.909642944335936,13.0,0.0,210859.015625,72.06326370239258,38.0,1.0,0.0,8.0,0.0,722.0,1.0,0.060091134905815136,0.3421052631578947,222.0,0.0,0.0,-1.0,0
3500.0,36.0,15.61,122.38,15.0,4.0,1.0,28800.0,0.0,0.0,22.17,8.0,0.0,3702.0,66.1,11.0,1.0,0.0,0.0,0.0,667.0,1.0,0.1215277777777777,0.7272727272727273,59.0,0.0,0.0,-1.0,0
9000.0,36.0,6.39,275.4,1.0,7.0,0.0,53000.0,0.0,0.0,23.48,19.0,0.0,6074.0,16.1,43.0,1.0,0.0,2.0,0.0,787.0,1.0,0.1698113207547169,0.4418604651162791,163.0,0.0,0.0,-1.0,0
4964.3046875,36.0,11.53,163.77298828125,9.0,8.0,0.0,1136787.0,2.0,0.0,192.64392333984375,18.0,0.0,111985.3359375,38.034882354736325,34.0,0.0,0.0,2.0,0.0,682.0,1.0,0.004366966477338793,0.5294117967287699,441.0,0.0,0.0,-1.0,0
28000.0,60.0,13.99,651.37,13.0,7.0,1.0,150000.0,1.0,0.0,18.93,8.0,0.0,34165.0,72.2,21.0,0.0,0.0,0.0,0.0,702.0,1.0,0.1866666666666666,0.3809523809523809,205.0,0.0,0.0,-1.0,0
16375.0,36.0,12.69,549.3,11.0,10.0,0.0,42000.0,1.0,0.0,18.64,5.0,0.0,7413.0,45.5,7.0,0.0,0.0,2.0,0.0,697.0,2.0,0.3898809523809524,0.7142857142857143,150.0,0.0,0.0,-1.0,1
6000.0,36.0,16.99,213.89,17.0,10.0,0.0,34000.0,2.0,0.0,35.4,10.0,1.0,8507.0,81.0,45.0,1.0,0.0,4.0,1.0,662.0,2.0,0.1764705882352941,0.2222222222222222,165.0,0.006060606060606,0.006060606060606,1.0,1
28000.0,36.0,7.89,876.0,4.0,0.0,1.0,70000.0,1.0,0.0,17.86,8.0,0.0,43945.0,56.2,11.0,1.0,0.0,0.0,0.0,692.0,2.0,0.4,0.7272727272727273,143.0,0.0,0.0,-1.0,0
16625.0,60.0,25.8,495.8,30.0,8.0,1.0,49000.0,1.0,0.0,21.43,14.0,0.0,10257.0,45.0,21.0,1.0,0.0,0.0,0.0,672.0,2.0,0.3392857142857143,0.6666666666666666,201.0,0.0,0.0,-1.0,0
35000.0,36.0,16.99,1247.68,17.0,0.0,0.0,100000.0,2.0,0.0,12.43,10.0,2.0,25261.0,73.4,14.0,1.0,0.0,1.0,0.0,667.0,2.0,0.35,0.7142857142857143,96.0,0.0208333333333333,0.0,0.0,0
20000.0,60.0,15.61,482.23,15.0,3.0,0.0,80000.0,1.0,0.0,23.9,6.0,0.0,9778.0,48.9,29.0,1.0,0.0,3.0,0.0,717.0,2.0,0.25,0.2068965517241379,74.0,0.0,0.0,-1.0,1
15000.0,36.0,13.99,512.6,13.0,10.0,0.0,69000.0,0.0,0.0,20.66,27.0,0.0,37248.0,83.2,34.0,0.0,0.0,0.0,0.0,697.0,2.0,0.217391304347826,0.7941176470588235,291.0,0.0,0.0,-1.0,1
11500.0,36.0,6.39,351.89,1.0,4.0,0.0,62000.0,0.0,0.0,13.45,9.0,0.0,7050.0,19.5,27.0,0.0,0.0,3.0,0.0,777.0,2.0,0.1854838709677419,0.3333333333333333,175.0,0.0,0.0,-1.0,0
14400.0,36.0,13.33,487.49,12.0,0.0,1.0,38000.0,2.0,0.0,16.36,14.0,3.0,10023.0,94.6,16.0,1.0,0.0,0.0,3.0,672.0,2.0,0.3789473684210526,0.875,207.0,0.0144927536231884,0.0144927536231884,1.0,0
9848.505859375,36.0,15.61,344.3504699707031,15.0,7.0,0.0,399716.4375,1.0,5.0,55.49360443115234,8.0,0.0,108452.9765625,106.3559783935547,20.0,1.0,0.0,1.0,0.0,667.0,2.0,0.024638723868590118,0.4000000026490953,100.0,0.0,0.0,-1.0,0
12000.0,60.0,9.17,250.1,6.0,0.0,1.0,50000.0,1.0,4.0,5.93,8.0,0.0,5437.0,14.9,22.0,0.0,0.0,0.0,0.0,682.0,2.0,0.24,0.3636363636363636,205.0,0.0,0.0,-1.0,0
15000.0,36.0,13.99,512.6,13.0,10.0,0.0,72000.0,0.0,0.0,26.92,7.0,1.0,49464.0,86.0,22.0,1.0,0.0,4.0,1.0,662.0,2.0,0.2083333333333333,0.3181818181818182,214.0,0.0046728971962616,0.0046728971962616,1.0,0
18000.0,36.0,11.53,593.83,9.0,10.0,0.0,65000.0,0.0,0.0,17.26,21.0,0.0,24028.0,59.8,50.0,0.0,0.0,4.0,0.0,697.0,2.0,0.2769230769230769,0.42,242.0,0.0,0.0,-1.0,0
12000.0,36.0,13.33,406.24,12.0,3.0,1.0,48000.0,0.0,0.0,14.9,6.0,0.0,19259.0,88.8,22.0,0.0,0.0,0.0,0.0,687.0,2.0,0.25,0.2727272727272727,137.0,0.0,0.0,-1.0,0
5000.0,36.0,8.18,157.1,5.0,10.0,0.0,50000.0,2.0,4.0,13.9,13.0,1.0,3060.0,26.8,29.0,0.0,0.0,4.0,1.0,677.0,2.0,0.1,0.4482758620689655,207.0,0.0048309178743961,0.0048309178743961,1.0,0
8644.5673828125,36.0,12.29,288.32306640625,10.0,5.0,1.0,928659.8125,2.0,9.0,28.933960952758788,18.0,0.0,0.0,40.998748016357425,32.0,1.0,0.0,2.0,0.0,697.0,2.0,0.009308643419414522,0.5624999855503892,290.0,0.0,0.0,-1.0,0
1833.311279296875,36.0,13.99,62.64942459106445,13.0,10.0,0.0,1213308.875,0.0,4.0,46.72362838745117,9.0,0.0,657.8564453125,116.72969055175781,12.0,0.0,0.0,3.0,0.0,692.0,2.0,0.001510999138866126,0.75,165.0,0.0,0.0,-1.0,0
11950.0,36.0,13.99,408.37,13.0,10.0,1.0,40000.0,1.0,0.0,17.76,14.0,1.0,7254.0,41.0,31.0,1.0,0.0,5.0,1.0,662.0,2.0,0.29875,0.4516129032258064,139.0,0.0071942446043165,0.0071942446043165,1.0,1
21600.0,36.0,10.99,707.06,8.0,5.0,0.0,106000.0,1.0,4.0,18.43,12.0,0.0,25080.0,60.9,18.0,0.0,0.0,1.0,0.0,677.0,2.0,0.2037735849056604,0.6666666666666666,137.0,0.0,0.0,-1.0,0
4800.0,36.0,10.99,157.13,8.0,10.0,0.0,82000.0,2.0,0.0,23.12,9.0,1.0,10381.0,70.1,20.0,0.0,0.0,1.0,1.0,692.0,2.0,0.0585365853658536,0.45,180.0,0.0055555555555555,0.0055555555555555,1.0,0
21100.0,36.0,18.84,771.74,21.0,3.0,1.0,51000.0,2.0,0.0,24.66,8.0,1.0,1576.0,46.4,13.0,1.0,0.0,3.0,0.0,677.0,2.0,0.4137254901960784,0.6153846153846154,125.0,0.008,0.0,0.0,1
20000.0,36.0,6.92,616.82,3.0,2.0,2.0,52000.0,1.0,4.0,23.22,17.0,0.0,20051.0,31.8,29.0,0.0,0.0,1.0,0.0,722.0,2.0,0.3846153846153846,0.5862068965517241,285.0,0.0,0.0,-1.0,0
14000.0,60.0,14.65,330.5,14.0,10.0,0.0,90000.0,2.0,4.0,30.41,16.0,0.0,43699.0,80.8,48.0,0.0,0.0,8.0,0.0,682.0,2.0,0.1555555555555555,0.3333333333333333,201.0,0.0,0.0,-1.0,0
4000.0,36.0,11.53,131.97,9.0,4.0,1.0,84000.0,0.0,0.0,20.86,14.0,2.0,14160.0,48.8,25.0,0.0,0.0,0.0,0.0,682.0,2.0,0.0476190476190476,0.56,588.0,0.0034013605442176,0.0,0.0,0
11575.0,36.0,17.86,417.66,19.0,3.0,1.0,32000.0,1.0,0.0,25.24,22.0,0.0,12960.0,57.9,27.0,0.0,0.0,0.0,0.0,687.0,2.0,0.36171875,0.8148148148148148,153.0,0.0,0.0,-1.0,0
7200.0,36.0,10.99,235.69,8.0,7.0,1.0,59000.0,0.0,0.0,11.11,7.0,0.0,2858.0,36.2,21.0,1.0,0.0,4.0,0.0,702.0,2.0,0.1220338983050847,0.3333333333333333,168.0,0.0,0.0,-1.0,0
18000.0,60.0,17.86,455.72,19.0,4.0,0.0,53000.0,0.0,0.0,17.26,6.0,0.0,16645.0,76.7,9.0,1.0,0.0,1.0,0.0,672.0,2.0,0.3396226415094339,0.6666666666666666,151.0,0.0,0.0,-1.0,0
16000.0,60.0,18.25,408.48,20.0,10.0,0.0,103000.0,1.0,0.0,18.96,18.0,0.0,6841.0,34.9,32.0,1.0,0.0,1.0,0.0,672.0,2.0,0.1553398058252427,0.5625,140.0,0.0,0.0,-1.0,0
21725.0,36.0,15.61,759.62,15.0,10.0,0.0,54385.0,1.0,0.0,16.79,11.0,0.0,16719.0,73.3,21.0,1.0,0.0,2.0,0.0,667.0,2.0,0.3994667647329227,0.5238095238095238,177.0,0.0,0.0,-1.0,0
2500.0,36.0,17.57,89.85,18.0,10.0,1.0,33000.0,0.0,0.0,24.65,6.0,0.0,1614.0,50.0,9.0,1.0,0.0,0.0,0.0,662.0,2.0,0.0757575757575757,0.6666666666666666,262.0,0.0,0.0,-1.0,0
5850.0,36.0,8.18,183.81,5.0,1.0,1.0,40000.0,1.0,4.0,10.32,5.0,0.0,1368.0,52.6,8.0,1.0,0.0,0.0,0.0,737.0,2.0,0.14625,0.625,85.0,0.0,0.0,-1.0,0
26400.0,60.0,10.99,573.87,8.0,0.0,1.0,105000.0,1.0,0.0,11.02,12.0,1.0,4861.0,42.3,15.0,0.0,0.0,2.0,1.0,672.0,2.0,0.2514285714285714,0.8,108.0,0.0092592592592592,0.0092592592592592,1.0,0
8975.0,36.0,11.53,296.09,9.0,10.0,1.0,43000.0,0.0,4.0,21.7,7.0,0.0,14226.0,82.7,18.0,1.0,0.0,0.0,0.0,712.0,2.0,0.2087209302325581,0.3888888888888889,330.0,0.0,0.0,-1.0,0
8000.0,36.0,7.89,250.29,4.0,5.0,0.0,48000.0,0.0,0.0,20.98,12.0,0.0,5078.0,33.4,22.0,0.0,0.0,3.0,0.0,747.0,2.0,0.1666666666666666,0.5454545454545454,288.0,0.0,0.0,-1.0,0
1875.0,36.0,20.49,70.16,23.0,8.0,2.0,13000.0,1.0,0.0,24.75,5.0,0.0,8284.0,96.3,5.0,1.0,0.0,0.0,0.0,667.0,2.0,0.1442307692307692,1.0,83.0,0.0,0.0,-1.0,0
12575.0,36.0,14.65,433.77,14.0,7.0,0.0,91000.0,1.0,0.0,9.11,15.0,0.0,4657.0,87.9,21.0,1.0,0.0,4.0,0.0,667.0,2.0,0.1381868131868132,0.7142857142857143,154.0,0.0,0.0,-1.0,1
24000.0,60.0,21.67,658.36,24.0,10.0,1.0,61000.0,1.0,0.0,18.53,8.0,0.0,2647.0,55.1,15.0,1.0,0.0,0.0,0.0,677.0,2.0,0.3934426229508196,0.5333333333333333,261.0,0.0,0.0,-1.0,0
14697.244140625,36.0,16.55,520.7108374023437,16.0,5.0,0.0,394303.6875,1.0,0.0,31.99929931640625,18.0,1.0,36487.94921875,49.441871643066406,56.0,1.0,0.0,2.0,1.0,672.0,2.0,0.037273921095407836,0.3214285714285714,169.0,0.0059171597633136,0.0059171597633136,1.0,0
10000.0,36.0,7.89,312.86,4.0,10.0,0.0,75000.0,1.0,4.0,3.69,9.0,0.0,17432.0,15.6,21.0,1.0,0.0,2.0,0.0,747.0,2.0,0.1333333333333333,0.4285714285714285,284.0,0.0,0.0,-1.0,0
20000.0,36.0,11.53,659.81,9.0,10.0,2.0,110000.0,1.0,0.0,13.42,4.0,0.0,18997.0,49.7,15.0,1.0,0.0,1.0,0.0,747.0,2.0,0.1818181818181818,0.2666666666666666,241.0,0.0,0.0,-1.0,0
14000.0,60.0,9.17,291.78,6.0,5.0,0.0,80000.0,2.0,4.0,9.72,15.0,0.0,12207.0,18.4,28.0,0.0,0.0,3.0,0.0,722.0,2.0,0.175,0.5357142857142857,275.0,0.0,0.0,-1.0,0
7113.27001953125,36.0,18.25,258.0543957519531,20.0,4.0,1.0,135852.0625,1.0,0.0,34.39264358520508,10.0,0.0,52189.51171875,79.15087432861328,19.0,0.0,0.0,0.0,0.0,687.0,2.0,0.05236042667979646,0.5263157894736842,116.0,0.0,0.0,-1.0,0
6000.0,36.0,10.99,196.41,8.0,2.0,1.0,21000.0,2.0,4.0,10.12,4.0,0.0,5944.0,52.6,6.0,1.0,0.0,0.0,0.0,712.0,2.0,0.2857142857142857,0.6666666666666666,100.0,0.0,0.0,-1.0,0
10275.0,36.0,19.52,379.35,22.0,10.0,0.0,50000.0,1.0,1.0,21.46,14.0,0.0,5560.0,23.6,33.0,1.0,0.0,2.0,0.0,727.0,2.0,0.2055,0.4242424242424242,208.0,0.0,0.0,-1.0,0
12000.0,36.0,9.99,387.15,7.0,10.0,2.0,54000.0,1.0,0.0,17.44,8.0,1.0,8497.0,62.0,28.0,0.0,0.0,2.0,1.0,662.0,2.0,0.2222222222222222,0.2857142857142857,311.0,0.0032154340836012,0.0032154340836012,1.0,0
4800.0,36.0,13.99,164.03,13.0,6.0,1.0,40000.0,0.0,0.0,5.76,7.0,0.0,4320.0,56.8,8.0,1.0,0.0,0.0,0.0,667.0,2.0,0.12,0.875,104.0,0.0,0.0,-1.0,0
29975.0,60.0,17.57,754.18,18.0,10.0,2.0,60000.0,1.0,4.0,25.9,9.0,0.0,34284.0,90.2,23.0,1.0,0.0,0.0,0.0,702.0,2.0,0.4995833333333333,0.391304347826087,161.0,0.0,0.0,-1.0,1
17375.0,60.0,17.57,437.16,18.0,6.0,0.0,150000.0,2.0,0.0,6.86,19.0,1.0,11743.0,51.3,46.0,1.0,0.0,2.0,1.0,662.0,2.0,0.1158333333333333,0.4130434782608695,143.0,0.0069930069930069,0.0069930069930069,1.0,0
24000.0,36.0,6.92,740.18,3.0,0.0,0.0,90000.0,1.0,0.0,12.8,14.0,0.0,23090.0,23.7,31.0,0.0,0.0,4.0,0.0,792.0,2.0,0.2666666666666666,0.4516129032258064,368.0,0.0,0.0,-1.0,0
22809.810546875,36.0,13.99,779.4756323242187,13.0,3.0,1.0,82228.0859375,1.0,0.0,15.49889953613281,7.0,0.0,157344.640625,68.60613403320312,14.0,1.0,0.0,1.0,0.0,672.0,2.0,0.27739681811893685,0.5000000238418579,127.0,0.0,0.0,-1.0,0
21000.0,36.0,6.92,647.66,3.0,2.0,1.0,50000.0,1.0,0.0,13.63,12.0,0.0,7520.0,29.5,22.0,0.0,0.0,0.0,0.0,767.0,2.0,0.42,0.5454545454545454,126.0,0.0,0.0,-1.0,0
8000.0,36.0,6.92,246.73,3.0,4.0,1.0,67000.0,1.0,4.0,13.38,7.0,0.0,18273.0,61.1,27.0,0.0,0.0,0.0,0.0,687.0,2.0,0.1194029850746268,0.2592592592592592,289.0,0.0,0.0,-1.0,0
10000.0,36.0,10.99,327.34,8.0,5.0,1.0,225000.0,1.0,0.0,8.46,10.0,2.0,2987.0,43.9,27.0,1.0,0.0,10.0,2.0,667.0,2.0,0.0444444444444444,0.3703703703703703,304.0,0.006578947368421,0.006578947368421,1.0,0
20000.0,36.0,13.33,677.07,12.0,10.0,0.0,102000.0,1.0,0.0,9.54,6.0,1.0,4052.0,96.5,9.0,0.0,0.0,1.0,0.0,677.0,2.0,0.196078431372549,0.6666666666666666,167.0,0.0059880239520958,0.0,0.0,0
19950.0,36.0,10.99,653.05,8.0,10.0,1.0,40000.0,0.0,4.0,24.84,11.0,0.0,23731.0,41.2,31.0,0.0,0.0,0.0,0.0,712.0,2.0,0.49875,0.3548387096774194,135.0,0.0,0.0,-1.0,1
6605.45849609375,36.0,15.61,230.95816650390626,15.0,9.0,0.0,404150.84375,1.0,2.0,11.121782302856445,8.0,1.0,148625.671875,125.61778106689454,19.0,1.0,0.0,2.0,1.0,692.0,2.0,0.016344033619936776,0.42105260666678934,145.0,0.0068965517241379,0.0068965517241379,1.0,0
21000.0,60.0,14.65,495.74,14.0,10.0,0.0,55000.0,1.0,0.0,19.42,9.0,1.0,12229.0,59.1,33.0,0.0,0.0,1.0,1.0,667.0,2.0,0.3818181818181818,0.2727272727272727,286.0,0.0034965034965034,0.0034965034965034,1.0,0
9000.0,36.0,6.39,275.4,1.0,0.0,1.0,23000.0,1.0,0.0,14.51,20.0,0.0,10304.0,14.0,40.0,1.0,0.0,0.0,0.0,777.0,2.0,0.391304347826087,0.5,335.0,0.0,0.0,-1.0,0
30000.0,60.0,17.86,759.52,19.0,10.0,0.0,100000.0,1.0,4.0,12.05,11.0,0.0,55211.0,67.0,13.0,1.0,0.0,2.0,0.0,682.0,2.0,0.3,0.8461538461538461,248.0,0.0,0.0,-1.0,1
12600.0,36.0,8.18,395.89,5.0,3.0,1.0,65000.0,0.0,0.0,7.77,10.0,0.0,17340.0,79.5,14.0,0.0,0.0,0.0,0.0,707.0,2.0,0.1938461538461538,0.7142857142857143,305.0,0.0,0.0,-1.0,0
29975.0,60.0,19.52,786.17,22.0,8.0,1.0,60000.0,1.0,4.0,27.66,15.0,0.0,48071.0,71.4,33.0,1.0,0.0,0.0,0.0,662.0,2.0,0.4995833333333333,0.4545454545454545,188.0,0.0,0.0,-1.0,1
12000.0,36.0,6.92,370.09,3.0,3.0,2.0,74000.0,1.0,4.0,15.0,7.0,2.0,11777.0,62.3,31.0,0.0,0.0,0.0,0.0,667.0,2.0,0.1621621621621621,0.2258064516129032,173.0,0.0115606936416184,0.0,0.0,0
24000.0,60.0,13.99,558.32,13.0,9.0,0.0,60000.0,2.0,0.0,14.32,9.0,0.0,5324.0,59.8,24.0,1.0,0.0,2.0,0.0,677.0,2.0,0.4,0.375,132.0,0.0,0.0,-1.0,0
35000.0,60.0,21.67,960.11,24.0,2.0,2.0,96000.0,2.0,0.0,26.89,14.0,1.0,31043.0,46.1,16.0,1.0,0.0,0.0,0.0,697.0,2.0,0.3645833333333333,0.875,155.0,0.0064516129032258,0.0,0.0,0
14950.0,36.0,21.67,568.4,24.0,10.0,2.0,30000.0,2.0,1.0,10.44,6.0,0.0,3021.0,28.2,19.0,1.0,0.0,0.0,0.0,672.0,2.0,0.4983333333333333,0.3157894736842105,396.0,0.0,0.0,-1.0,0
7000.0,36.0,13.33,236.98,12.0,10.0,1.0,58000.0,1.0,0.0,35.27,5.0,0.0,59094.0,91.9,7.0,1.0,0.0,0.0,0.0,692.0,2.0,0.1206896551724138,0.7142857142857143,245.0,0.0,0.0,-1.0,0
10000.0,60.0,18.25,255.3,20.0,2.0,1.0,36750.0,1.0,0.0,35.56,11.0,0.0,10690.0,66.8,25.0,0.0,0.0,0.0,0.0,697.0,2.0,0.272108843537415,0.44,173.0,0.0,0.0,-1.0,0
9800.0,36.0,11.53,323.31,9.0,2.0,1.0,33000.0,1.0,0.0,34.33,9.0,0.0,5809.0,53.3,14.0,0.0,0.0,0.0,0.0,682.0,2.0,0.296969696969697,0.6428571428571429,61.0,0.0,0.0,-1.0,0
6600.0,36.0,7.89,206.49,4.0,2.0,0.0,40000.0,0.0,4.0,11.4,10.0,1.0,6738.0,56.1,29.0,0.0,0.0,1.0,1.0,687.0,2.0,0.165,0.3448275862068966,173.0,0.0057803468208092,0.0057803468208092,1.0,0
24000.0,36.0,6.92,740.18,3.0,2.0,1.0,125000.0,1.0,4.0,9.11,9.0,0.0,23550.0,82.3,30.0,0.0,0.0,0.0,0.0,692.0,2.0,0.192,0.3,175.0,0.0,0.0,-1.0,1
20000.0,36.0,7.89,625.72,4.0,10.0,0.0,74000.0,2.0,4.0,18.65,14.0,0.0,13431.0,20.0,36.0,0.0,0.0,5.0,0.0,762.0,2.0,0.2702702702702703,0.3888888888888889,188.0,0.0,0.0,-1.0,0
15000.0,36.0,12.69,503.18,11.0,10.0,0.0,98000.0,2.0,0.0,32.97,15.0,0.0,70831.0,96.0,30.0,1.0,0.0,3.0,0.0,687.0,2.0,0.1530612244897959,0.5,415.0,0.0,0.0,-1.0,0
22475.0,36.0,13.33,760.85,12.0,10.0,0.0,50000.0,2.0,0.0,28.61,9.0,0.0,10677.0,48.0,17.0,0.0,0.0,2.0,0.0,702.0,2.0,0.4495,0.5294117647058824,456.0,0.0,0.0,-1.0,0
9000.0,36.0,11.53,296.92,9.0,1.0,0.0,53520.0,2.0,0.0,29.1,11.0,0.0,25592.0,83.6,25.0,1.0,0.0,0.0,0.0,662.0,2.0,0.1681614349775785,0.44,292.0,0.0,0.0,-1.0,0
12500.0,36.0,17.57,449.22,18.0,10.0,0.0,43000.0,0.0,0.0,12.06,10.0,0.0,7921.0,88.0,42.0,1.0,0.0,1.0,0.0,662.0,2.0,0.2906976744186046,0.238095238095238,361.0,0.0,0.0,-1.0,0
30000.0,60.0,9.99,637.27,7.0,10.0,0.0,70000.0,2.0,4.0,21.69,14.0,0.0,64599.0,52.9,28.0,0.0,0.0,2.0,0.0,787.0,2.0,0.4285714285714285,0.5,198.0,0.0,0.0,-1.0,0
9600.0,36.0,6.39,293.76,1.0,1.0,1.0,37840.0,0.0,0.0,22.84,10.0,0.0,8493.0,42.0,14.0,1.0,0.0,0.0,0.0,737.0,2.0,0.2536997885835095,0.7142857142857143,133.0,0.0,0.0,-1.0,0
19800.0,36.0,14.65,682.99,14.0,5.0,0.0,45000.0,0.0,0.0,20.43,9.0,0.0,14027.0,50.3,14.0,0.0,0.0,1.0,0.0,692.0,2.0,0.44,0.6428571428571429,117.0,0.0,0.0,-1.0,0
20000.0,60.0,14.65,472.14,14.0,10.0,1.0,70000.0,2.0,0.0,23.01,10.0,0.0,17611.0,79.0,19.0,0.0,0.0,0.0,0.0,692.0,2.0,0.2857142857142857,0.5263157894736842,121.0,0.0,0.0,-1.0,1
28000.0,36.0,7.89,876.0,4.0,4.0,0.0,125000.0,1.0,4.0,19.68,8.0,0.0,42167.0,70.7,28.0,1.0,0.0,2.0,0.0,697.0,2.0,0.224,0.2857142857142857,231.0,0.0,0.0,-1.0,0
30675.0,60.0,18.84,793.03,21.0,8.0,1.0,64000.0,1.0,0.0,21.83,11.0,0.0,39298.0,71.1,22.0,1.0,0.0,0.0,0.0,702.0,2.0,0.479296875,0.5,274.0,0.0,0.0,-1.0,0
25000.0,36.0,11.53,824.76,9.0,1.0,0.0,78000.0,1.0,4.0,38.17,21.0,0.0,25370.0,57.1,47.0,1.0,0.0,1.0,0.0,692.0,2.0,0.3205128205128205,0.4468085106382978,146.0,0.0,0.0,-1.0,0
15000.0,36.0,8.18,471.3,5.0,2.0,1.0,100000.0,0.0,0.0,16.18,8.0,0.0,13335.0,86.0,9.0,1.0,0.0,0.0,0.0,667.0,2.0,0.15,0.8888888888888888,61.0,0.0,0.0,-1.0,0
15000.0,60.0,10.99,326.07,8.0,10.0,0.0,92000.0,1.0,2.0,22.8,11.0,0.0,2822.0,10.5,26.0,0.0,0.0,4.0,0.0,752.0,2.0,0.1630434782608695,0.4230769230769231,176.0,0.0,0.0,-1.0,0
20000.0,36.0,9.17,637.58,6.0,2.0,1.0,65000.0,1.0,0.0,17.65,32.0,0.0,11629.0,32.1,48.0,1.0,0.0,0.0,0.0,702.0,2.0,0.3076923076923077,0.6666666666666666,124.0,0.0,0.0,-1.0,0
10975.0,60.0,18.25,280.19,20.0,10.0,0.0,63000.0,1.0,0.0,16.15,14.0,0.0,3135.0,54.1,37.0,1.0,0.0,4.0,0.0,697.0,2.0,0.1742063492063492,0.3783783783783784,256.0,0.0,0.0,-1.0,0
20425.0,36.0,15.61,714.16,15.0,10.0,2.0,56791.0,1.0,0.0,21.3,15.0,0.0,31824.0,77.8,32.0,1.0,0.0,1.0,0.0,687.0,3.0,0.3596520575443292,0.46875,298.0,0.0,0.0,-1.0,0
35000.0,36.0,7.89,1095.0,4.0,6.0,0.0,142000.0,2.0,0.0,16.91,25.0,0.0,27920.0,66.6,59.0,1.0,0.0,3.0,0.0,697.0,3.0,0.2464788732394366,0.423728813559322,187.0,0.0,0.0,-1.0,0
12000.0,36.0,6.92,370.09,3.0,6.0,0.0,130000.0,0.0,0.0,10.81,16.0,0.0,11902.0,56.1,21.0,0.0,0.0,4.0,0.0,662.0,3.0,0.0923076923076923,0.7619047619047619,217.0,0.0,0.0,-1.0,0
10025.357421875,36.0,6.68,308.0867333984375,2.0,10.0,1.0,539254.625,0.0,0.0,62.155940246582034,6.0,0.0,182463.96875,39.22205352783203,17.0,1.0,0.0,3.0,0.0,702.0,3.0,0.018591145222837252,0.3529411753018697,176.0,0.0,0.0,-1.0,0
13000.0,36.0,12.29,433.59,10.0,1.0,1.0,43000.0,0.0,4.0,24.7,7.0,0.0,28722.0,75.0,17.0,0.0,0.0,0.0,0.0,687.0,3.0,0.3023255813953488,0.4117647058823529,159.0,0.0,0.0,-1.0,1
7475.0,36.0,13.99,255.45,13.0,10.0,1.0,60000.0,1.0,4.0,19.34,6.0,1.0,1630.0,14.0,42.0,1.0,0.0,1.0,1.0,667.0,3.0,0.1245833333333333,0.1428571428571428,240.0,0.0041666666666666,0.0041666666666666,1.0,0
29700.0,60.0,24.99,871.57,28.0,10.0,1.0,66000.0,2.0,0.0,34.2,16.0,0.0,23806.0,74.0,29.0,1.0,0.0,0.0,0.0,692.0,3.0,0.45,0.5517241379310345,173.0,0.0,0.0,-1.0,0
20000.0,60.0,12.69,451.9,11.0,1.0,0.0,47000.0,1.0,4.0,25.98,10.0,0.0,35978.0,47.0,28.0,0.0,0.0,3.0,0.0,732.0,3.0,0.425531914893617,0.3571428571428571,124.0,0.0,0.0,-1.0,0
10000.0,36.0,6.92,308.41,3.0,10.0,0.0,85000.0,0.0,0.0,15.94,18.0,0.0,16495.0,32.3,43.0,0.0,0.0,1.0,0.0,702.0,3.0,0.1176470588235294,0.4186046511627907,288.0,0.0,0.0,-1.0,0
15000.0,36.0,9.17,478.19,6.0,9.0,1.0,70000.0,0.0,0.0,28.61,12.0,0.0,16886.0,75.0,22.0,1.0,0.0,0.0,0.0,667.0,3.0,0.2142857142857142,0.5454545454545454,107.0,0.0,0.0,-1.0,0
3000.0,36.0,12.69,100.64,11.0,6.0,1.0,69000.0,0.0,0.0,15.46,15.0,0.0,15301.0,72.5,17.0,1.0,0.0,0.0,0.0,672.0,3.0,0.0434782608695652,0.8823529411764706,130.0,0.0,0.0,-1.0,0
6000.0,36.0,5.93,182.35,0.0,4.0,0.0,39500.0,0.0,0.0,13.4,16.0,0.0,3141.0,4.2,28.0,0.0,0.0,4.0,0.0,822.0,3.0,0.1518987341772152,0.5714285714285714,237.0,0.0,0.0,-1.0,0
7200.0,36.0,11.53,237.53,9.0,7.0,0.0,42000.0,1.0,0.0,29.86,14.0,0.0,16899.0,85.8,26.0,0.0,0.0,3.0,0.0,712.0,3.0,0.1714285714285714,0.5384615384615384,182.0,0.0,0.0,-1.0,0
19700.0,60.0,25.8,587.5,30.0,3.0,1.0,65000.0,1.0,8.0,19.15,8.0,0.0,11640.0,46.6,10.0,1.0,0.0,0.0,0.0,687.0,3.0,0.3030769230769231,0.8,94.0,0.0,0.0,-1.0,1
11761.4208984375,36.0,10.99,384.9967370605469,8.0,0.0,1.0,586526.9375,1.0,0.0,28.647402954101562,6.0,0.0,209002.390625,107.34285430908203,7.0,1.0,0.0,0.0,0.0,682.0,3.0,0.020052652634107132,0.8571428656578064,137.0,0.0,0.0,-1.0,0
12000.0,36.0,12.69,402.54,11.0,1.0,2.0,58000.0,1.0,8.0,8.63,6.0,1.0,2274.0,58.3,15.0,1.0,0.0,1.0,0.0,662.0,3.0,0.2068965517241379,0.4,154.0,0.0064935064935064,0.0,0.0,0
18049.54296875,36.0,18.25,654.7991235351562,20.0,5.0,0.0,252214.390625,2.0,5.0,23.65082359313965,17.0,1.0,35952.58984375,72.41470413208008,23.0,0.0,0.0,3.0,0.0,702.0,3.0,0.07156428767413625,0.7391304347826086,163.0,0.0061349693251533,0.0,0.0,0
20000.0,36.0,6.92,616.82,3.0,8.0,1.0,40262.0,2.0,4.0,19.88,7.0,0.0,20397.0,72.8,15.0,0.0,0.0,0.0,0.0,702.0,3.0,0.4967463116586359,0.4666666666666667,220.0,0.0,0.0,-1.0,0
7000.0,36.0,12.69,234.82,11.0,3.0,1.0,65000.0,0.0,0.0,15.14,13.0,0.0,18881.0,63.4,21.0,1.0,0.0,2.0,0.0,677.0,3.0,0.1076923076923077,0.6190476190476191,96.0,0.0,0.0,-1.0,0
6000.0,36.0,8.18,188.52,5.0,10.0,0.0,61000.0,0.0,2.0,11.43,5.0,0.0,4288.0,54.3,19.0,0.0,0.0,1.0,0.0,687.0,3.0,0.0983606557377049,0.2631578947368421,174.0,0.0,0.0,-1.0,0
15000.0,36.0,11.53,494.86,9.0,2.0,1.0,69000.0,1.0,0.0,17.51,10.0,3.0,4451.0,40.5,22.0,1.0,0.0,4.0,2.0,672.0,3.0,0.217391304347826,0.4545454545454545,184.0,0.0163043478260869,0.0108695652173913,0.6666666666666666,0
16000.0,36.0,12.29,533.65,10.0,5.0,2.0,64320.0,1.0,0.0,15.24,9.0,2.0,7293.0,13.4,25.0,1.0,0.0,0.0,2.0,672.0,3.0,0.2487562189054726,0.36,174.0,0.0114942528735632,0.0114942528735632,1.0,0
1665.661865234375,36.0,12.29,55.554976806640624,10.0,10.0,2.0,294782.3125,1.0,5.0,41.15033065795898,11.0,0.0,138097.1875,118.72646484375,26.0,1.0,0.0,0.0,0.0,662.0,3.0,0.005650481656193734,0.42307693004608155,223.0,0.0,0.0,-1.0,0
2800.0,36.0,8.18,87.98,5.0,10.0,0.0,38000.0,0.0,0.0,18.33,12.0,0.0,2982.0,47.3,32.0,0.0,0.0,2.0,0.0,687.0,3.0,0.0736842105263157,0.375,125.0,0.0,0.0,-1.0,0
12800.0,36.0,7.89,400.46,4.0,0.0,0.0,60000.0,2.0,2.0,7.96,7.0,0.0,6002.0,46.2,10.0,1.0,0.0,1.0,0.0,727.0,3.0,0.2133333333333333,0.7,149.0,0.0,0.0,-1.0,0
12000.0,36.0,5.93,364.69,0.0,4.0,0.0,113000.0,0.0,4.0,7.38,8.0,0.0,7622.0,53.3,33.0,0.0,0.0,3.0,0.0,707.0,3.0,0.1061946902654867,0.2424242424242424,189.0,0.0,0.0,-1.0,0
35000.0,60.0,17.57,880.61,18.0,3.0,1.0,140000.0,2.0,0.0,18.27,6.0,0.0,16897.0,95.5,7.0,1.0,0.0,0.0,0.0,697.0,3.0,0.25,0.8571428571428571,68.0,0.0,0.0,-1.0,1
8048.1455078125,36.0,9.17,256.5659552001953,6.0,10.0,0.0,556415.3125,0.0,0.0,41.178398056030275,12.0,3.0,65864.5234375,70.07481460571289,37.0,0.0,0.0,4.0,0.0,667.0,3.0,0.014464274199322003,0.32432429989178974,195.0,0.0153846153846153,0.0,0.0,0
8000.0,36.0,12.29,266.83,10.0,5.0,1.0,40000.0,0.0,4.0,15.84,4.0,0.0,6465.0,99.5,10.0,0.0,0.0,1.0,0.0,682.0,3.0,0.2,0.4,62.0,0.0,0.0,-1.0,0
7000.0,36.0,5.93,212.74,0.0,10.0,1.0,35000.0,1.0,0.0,10.87,10.0,1.0,1289.0,7.6,11.0,0.0,0.0,0.0,1.0,727.0,3.0,0.2,0.9090909090909092,56.0,0.0178571428571428,0.0178571428571428,1.0,0
5000.0,36.0,6.92,154.21,3.0,5.0,1.0,57000.0,1.0,4.0,18.25,11.0,0.0,5865.0,18.9,17.0,0.0,0.0,0.0,0.0,732.0,3.0,0.087719298245614,0.6470588235294118,103.0,0.0,0.0,-1.0,0
12000.0,36.0,13.99,410.08,13.0,10.0,0.0,40000.0,0.0,0.0,26.16,8.0,1.0,1820.0,9.5,32.0,1.0,0.0,7.0,1.0,682.0,3.0,0.3,0.25,104.0,0.0096153846153846,0.0096153846153846,1.0,1
6000.0,36.0,13.33,203.12,12.0,1.0,1.0,54000.0,0.0,0.0,18.87,13.0,0.0,9564.0,40.4,28.0,1.0,0.0,0.0,0.0,687.0,3.0,0.1111111111111111,0.4642857142857143,405.0,0.0,0.0,-1.0,0
20000.0,36.0,11.53,659.81,9.0,6.0,0.0,74500.0,1.0,0.0,30.04,15.0,0.0,21884.0,63.4,47.0,1.0,0.0,0.0,0.0,687.0,3.0,0.2684563758389262,0.3191489361702128,207.0,0.0,0.0,-1.0,1
6000.0,36.0,9.17,191.28,6.0,6.0,2.0,70000.0,1.0,0.0,13.22,10.0,0.0,5735.0,57.9,18.0,0.0,0.0,0.0,0.0,677.0,3.0,0.0857142857142857,0.5555555555555556,171.0,0.0,0.0,-1.0,0
6000.0,36.0,8.18,188.52,5.0,2.0,1.0,100000.0,1.0,0.0,11.71,9.0,0.0,21155.0,73.6,19.0,0.0,0.0,0.0,0.0,662.0,3.0,0.06,0.4736842105263157,421.0,0.0,0.0,-1.0,0
25600.0,36.0,6.39,783.34,1.0,1.0,0.0,65000.0,1.0,0.0,28.25,10.0,0.0,25894.0,64.4,19.0,0.0,0.0,3.0,0.0,717.0,3.0,0.3938461538461538,0.5263157894736842,278.0,0.0,0.0,-1.0,0
11000.0,36.0,7.89,344.15,4.0,5.0,1.0,50000.0,0.0,0.0,18.02,11.0,0.0,15554.0,47.4,17.0,0.0,0.0,0.0,0.0,697.0,3.0,0.22,0.6470588235294118,116.0,0.0,0.0,-1.0,0
10000.0,36.0,10.99,327.34,8.0,3.0,0.0,95000.0,0.0,0.0,2.06,4.0,0.0,6343.0,93.3,9.0,0.0,0.0,3.0,0.0,667.0,3.0,0.1052631578947368,0.4444444444444444,187.0,0.0,0.0,-1.0,0
18018.966796875,36.0,12.29,600.9882958984375,10.0,7.0,0.0,166289.515625,1.0,0.0,101.42521423339844,20.0,0.0,244226.0,104.5361557006836,29.0,1.0,0.0,1.0,0.0,672.0,3.0,0.10835900434425896,0.6896551724137931,131.0,0.0,0.0,-1.0,0
8000.0,36.0,12.29,266.83,10.0,10.0,1.0,45000.0,2.0,0.0,6.4,9.0,1.0,4921.0,63.1,14.0,0.0,0.0,0.0,1.0,662.0,3.0,0.1777777777777777,0.6428571428571429,182.0,0.0054945054945054,0.0054945054945054,1.0,0
35000.0,36.0,8.18,1099.69,5.0,8.0,0.0,138000.0,2.0,4.0,14.3,6.0,0.0,40176.0,66.7,22.0,1.0,0.0,4.0,0.0,682.0,3.0,0.2536231884057971,0.2727272727272727,230.0,0.0,0.0,-1.0,0
35000.0,60.0,12.29,783.7,10.0,10.0,1.0,210906.54,1.0,4.0,4.84,6.0,0.0,45756.0,82.3,27.0,0.0,0.0,4.0,0.0,667.0,3.0,0.1659502830021297,0.2222222222222222,338.0,0.0,0.0,-1.0,0
35000.0,36.0,16.99,1247.68,17.0,1.0,0.0,100000.0,1.0,2.0,10.7,11.0,0.0,19033.0,51.2,26.0,0.0,0.0,0.0,0.0,722.0,3.0,0.35,0.4230769230769231,119.0,0.0,0.0,-1.0,0
6000.0,36.0,12.29,200.12,10.0,3.0,1.0,40000.0,0.0,0.0,9.21,23.0,0.0,13048.0,42.3,54.0,1.0,0.0,0.0,0.0,722.0,3.0,0.15,0.4259259259259259,165.0,0.0,0.0,-1.0,0
21963.375,60.0,13.99,510.93617919921877,13.0,9.0,0.0,1542093.75,1.0,0.0,37.962899627685545,23.0,0.0,69609.3203125,56.551204681396484,42.0,0.0,0.0,1.0,0.0,667.0,3.0,0.014242568159264474,0.5476190476190477,121.0,0.0,0.0,-1.0,0
7249.919921875,36.0,11.53,239.1757061767578,9.0,5.0,1.0,125650.6640625,0.0,4.0,30.772632369995115,9.0,0.0,14588.8955078125,91.79541015625,29.0,1.0,0.0,3.0,0.0,662.0,3.0,0.057699010074138635,0.3103448152542114,151.0,0.0,0.0,-1.0,0
9650.0,36.0,15.61,337.42,15.0,10.0,1.0,22000.0,2.0,4.0,25.7,16.0,0.0,15548.0,68.2,24.0,1.0,0.0,0.0,0.0,687.0,3.0,0.4386363636363636,0.6666666666666666,181.0,0.0,0.0,-1.0,0
12300.0,36.0,9.99,396.83,7.0,8.0,1.0,43000.0,1.0,4.0,20.49,16.0,1.0,13225.0,47.6,28.0,1.0,0.0,0.0,1.0,667.0,3.0,0.2860465116279069,0.5714285714285714,283.0,0.0035335689045936,0.0035335689045936,1.0,0
18000.0,60.0,11.53,396.14,9.0,10.0,0.0,160000.0,1.0,4.0,16.14,22.0,0.0,44095.0,58.8,36.0,0.0,0.0,4.0,0.0,687.0,3.0,0.1125,0.6111111111111112,204.0,0.0,0.0,-1.0,1
15000.0,36.0,10.99,491.01,8.0,10.0,1.0,55340.0,2.0,0.0,19.0,30.0,0.0,22618.0,42.8,33.0,0.0,0.0,0.0,0.0,687.0,3.0,0.2710516805204192,0.9090909090909092,164.0,0.0,0.0,-1.0,0
7200.0,36.0,9.99,232.29,7.0,6.0,0.0,67000.0,2.0,0.0,18.52,21.0,1.0,7729.0,35.9,39.0,1.0,0.0,1.0,0.0,702.0,3.0,0.1074626865671641,0.5384615384615384,180.0,0.0055555555555555,0.0,0.0,0
21300.0,60.0,19.52,558.65,22.0,3.0,2.0,42785.6,1.0,2.0,27.52,19.0,0.0,9339.0,71.3,31.0,0.0,0.0,0.0,0.0,662.0,3.0,0.4978310459593882,0.6129032258064516,225.0,0.0,0.0,-1.0,1
18217.177734375,60.0,20.49,487.6249426269531,23.0,7.0,2.0,69743.359375,1.0,0.0,14.020210914611816,16.0,1.0,0.0,72.00150604248047,21.0,1.0,0.0,0.0,1.0,662.0,3.0,0.26120305395707855,0.7619047619047619,174.0,0.0057471264367816,0.0057471264367816,1.0,0
16000.0,36.0,12.29,533.65,10.0,4.0,1.0,136000.0,1.0,0.0,17.72,8.0,0.0,8819.0,76.7,20.0,1.0,0.0,0.0,0.0,697.0,3.0,0.1176470588235294,0.4,216.0,0.0,0.0,-1.0,0
16022.646484375,60.0,17.86,405.651533203125,19.0,0.0,1.0,319868.78125,2.0,5.0,64.94803802490235,7.0,0.0,15152.7353515625,124.31288146972656,29.0,0.0,0.0,6.0,0.0,667.0,3.0,0.05009131491184235,0.24137931394165957,325.0,0.0,0.0,-1.0,0
12573.3056640625,60.0,13.33,288.21082885742186,12.0,10.0,0.0,276896.1875,1.0,0.0,12.14262306213379,11.0,0.0,29445.05078125,71.2570068359375,20.0,0.0,0.0,2.0,0.0,712.0,3.0,0.04540800904508807,0.5499999835377648,213.0,0.0,0.0,-1.0,0
6500.0,36.0,7.89,203.36,4.0,1.0,2.0,20935.0,1.0,0.0,32.34,13.0,0.0,6560.0,38.8,16.0,0.0,0.0,0.0,0.0,712.0,3.0,0.3104848340100311,0.8125,92.0,0.0,0.0,-1.0,0
24725.0,60.0,16.99,614.35,17.0,10.0,0.0,80000.0,2.0,4.0,19.38,10.0,0.0,25201.0,64.0,23.0,0.0,0.0,3.0,0.0,682.0,3.0,0.3090625,0.4347826086956521,160.0,0.0,0.0,-1.0,0
22875.0,60.0,10.99,497.25,8.0,3.0,1.0,65000.0,2.0,0.0,15.45,15.0,0.0,12957.0,20.0,34.0,0.0,0.0,0.0,0.0,737.0,3.0,0.3519230769230769,0.4411764705882353,143.0,0.0,0.0,-1.0,1
10000.0,36.0,12.29,333.53,10.0,8.0,1.0,45000.0,0.0,0.0,17.47,11.0,0.0,9640.0,50.5,21.0,1.0,0.0,0.0,0.0,662.0,3.0,0.2222222222222222,0.5238095238095238,124.0,0.0,0.0,-1.0,0
12806.525390625,60.0,12.69,289.3584301757812,11.0,7.0,1.0,142870.65625,1.0,0.0,19.77967239379883,11.0,0.0,1690.84814453125,32.62894287109375,19.0,0.0,0.0,0.0,0.0,742.0,3.0,0.08963719928264618,0.5789473684210527,145.0,0.0,0.0,-1.0,0
16000.0,60.0,9.17,333.46,6.0,10.0,0.0,120000.0,0.0,0.0,25.74,23.0,0.0,94296.0,66.8,39.0,0.0,0.0,3.0,0.0,697.0,3.0,0.1333333333333333,0.5897435897435898,217.0,0.0,0.0,-1.0,0
5500.0,36.0,11.53,181.45,9.0,5.0,1.0,74880.0,2.0,4.0,37.46,19.0,0.0,24774.0,42.3,51.0,0.0,0.0,2.0,0.0,667.0,3.0,0.0734508547008547,0.3725490196078431,438.0,0.0,0.0,-1.0,0
9000.0,36.0,9.17,286.92,6.0,10.0,1.0,40000.0,1.0,0.0,18.87,7.0,1.0,5369.0,51.6,19.0,0.0,0.0,0.0,1.0,672.0,3.0,0.225,0.3684210526315789,239.0,0.00418410041841,0.00418410041841,1.0,0
18000.0,60.0,16.55,443.01,16.0,10.0,0.0,52000.0,1.0,0.0,10.2,12.0,0.0,13815.0,51.2,13.0,1.0,0.0,1.0,0.0,687.0,3.0,0.3461538461538461,0.9230769230769232,139.0,0.0,0.0,-1.0,0
10016.7890625,60.0,14.65,236.46224243164062,14.0,10.0,0.0,500635.03125,2.0,4.0,32.338935470581056,6.0,0.0,99579.3203125,28.42423095703125,13.0,1.0,0.0,0.0,0.0,692.0,3.0,0.0200081382478986,0.4615384363211118,238.0,0.0,0.0,-1.0,0
18000.0,60.0,13.33,412.61,12.0,10.0,0.0,90000.0,2.0,0.0,10.85,13.0,0.0,2344.0,17.9,25.0,0.0,0.0,5.0,0.0,662.0,3.0,0.2,0.52,257.0,0.0,0.0,-1.0,0
14400.0,60.0,16.55,354.41,16.0,2.0,1.0,30000.0,1.0,0.0,39.36,13.0,0.0,9158.0,57.2,31.0,1.0,0.0,0.0,0.0,687.0,3.0,0.48,0.4193548387096774,162.0,0.0,0.0,-1.0,0
19600.0,60.0,12.29,438.87,10.0,1.0,1.0,105000.0,2.0,0.0,30.15,22.0,0.0,19270.0,23.8,44.0,0.0,0.0,3.0,0.0,747.0,3.0,0.1866666666666666,0.5,153.0,0.0,0.0,-1.0,1
10000.0,36.0,6.39,305.99,1.0,2.0,1.0,91520.0,0.0,0.0,19.15,5.0,0.0,10167.0,55.6,36.0,1.0,0.0,3.0,0.0,747.0,3.0,0.1092657342657342,0.1388888888888889,216.0,0.0,0.0,-1.0,0
6451.9443359375,36.0,9.99,208.16603942871095,7.0,3.0,1.0,457243.3125,0.0,0.0,3.685665283203125,17.0,0.0,179300.3125,25.243989944458008,54.0,0.0,0.0,2.0,0.0,687.0,3.0,0.014110531581907865,0.31481480092372527,224.0,0.0,0.0,-1.0,0
20000.0,60.0,18.84,517.06,21.0,0.0,0.0,74000.0,1.0,0.0,14.79,10.0,0.0,15260.0,60.3,23.0,1.0,0.0,5.0,0.0,692.0,3.0,0.2702702702702703,0.4347826086956521,223.0,0.0,0.0,-1.0,0
13500.0,36.0,6.68,414.87,2.0,8.0,0.0,70000.0,1.0,4.0,17.7,9.0,0.0,24109.0,33.9,15.0,1.0,0.0,4.0,0.0,777.0,3.0,0.1928571428571428,0.6,179.0,0.0,0.0,-1.0,0
6000.0,36.0,15.61,209.79,15.0,1.0,1.0,23774.0,0.0,4.0,14.18,5.0,0.0,7271.0,23.8,17.0,0.0,0.0,5.0,0.0,697.0,3.0,0.252376545806343,0.2941176470588235,267.0,0.0,0.0,-1.0,0
15400.0,60.0,18.84,398.13,21.0,5.0,1.0,54000.0,1.0,3.0,14.2,8.0,0.0,1608.0,7.2,25.0,1.0,0.0,0.0,0.0,707.0,3.0,0.2851851851851852,0.32,150.0,0.0,0.0,-1.0,0
2221.9609375,36.0,14.65,76.64467529296876,14.0,2.0,1.0,201568.921875,2.0,0.0,15.657302551269531,25.0,1.0,215375.53125,58.17932815551758,41.0,0.0,0.0,1.0,1.0,692.0,3.0,0.01102332824042862,0.6097560975609756,166.0,0.0060240963855421,0.0060240963855421,1.0,0
7000.0,36.0,9.17,223.16,6.0,9.0,1.0,30000.0,1.0,0.0,29.64,12.0,0.0,2708.0,25.8,33.0,1.0,0.0,0.0,0.0,732.0,3.0,0.2333333333333333,0.3636363636363636,198.0,0.0,0.0,-1.0,0
24000.0,36.0,7.89,750.86,4.0,7.0,0.0,113000.0,1.0,0.0,25.07,11.0,0.0,31839.0,83.8,26.0,0.0,0.0,2.0,0.0,707.0,3.0,0.2123893805309734,0.4230769230769231,286.0,0.0,0.0,-1.0,0
5787.0400390625,36.0,12.69,194.124384765625,11.0,2.0,0.0,873631.9375,0.0,0.0,25.699848556518553,18.0,1.0,127460.2578125,76.81002807617188,27.0,0.0,0.0,2.0,0.0,682.0,3.0,0.00662411549237632,0.6666666666666666,160.0,0.00625,0.0,0.0,1
7571.86767578125,36.0,19.52,279.5488122558594,22.0,6.0,0.0,537996.125,1.0,0.0,51.54131607055664,10.0,0.0,320111.5625,50.574526977539065,18.0,0.0,0.0,2.0,0.0,687.0,3.0,0.014074207977815056,0.5555555575034198,147.0,0.0,0.0,-1.0,0
17425.0,60.0,20.49,466.42,23.0,5.0,0.0,38000.0,1.0,0.0,23.03,11.0,0.0,21582.0,51.0,29.0,1.0,0.0,5.0,0.0,717.0,3.0,0.4585526315789474,0.3793103448275862,143.0,0.0,0.0,-1.0,0
30144.9921875,36.0,7.89,943.1068041992188,4.0,2.0,1.0,735382.5625,2.0,0.0,21.861007461547853,8.0,0.0,0.0,76.17607803344727,9.0,0.0,0.0,1.0,0.0,732.0,3.0,0.040992253101789,0.8888888716697693,179.0,0.0,0.0,-1.0,0
5000.0,36.0,7.89,156.43,4.0,5.0,2.0,70000.0,0.0,5.0,21.44,15.0,0.0,3670.0,16.1,26.0,1.0,0.0,0.0,0.0,697.0,3.0,0.0714285714285714,0.5769230769230769,155.0,0.0,0.0,-1.0,0
23500.0,60.0,16.55,578.37,16.0,8.0,0.0,60000.0,1.0,0.0,9.82,25.0,1.0,14267.0,74.7,42.0,0.0,0.0,1.0,0.0,662.0,3.0,0.3916666666666666,0.5952380952380952,152.0,0.006578947368421,0.0,0.0,1
8000.0,36.0,12.29,266.83,10.0,3.0,0.0,56000.0,0.0,0.0,26.39,29.0,0.0,16750.0,32.8,54.0,1.0,0.0,4.0,0.0,692.0,3.0,0.1428571428571428,0.5370370370370371,261.0,0.0,0.0,-1.0,0
9595.0078125,36.0,14.65,330.97173828125,14.0,3.0,0.0,752168.375,0.0,0.0,67.74952621459961,11.0,1.0,166230.703125,77.31056060791016,36.0,1.0,0.0,8.0,1.0,672.0,3.0,0.012756455880264889,0.3055555482168455,342.0,0.0029239766081871,0.0029239766081871,1.0,1
18000.0,36.0,6.92,555.13,3.0,0.0,1.0,85000.0,0.0,4.0,16.8,13.0,0.0,20215.0,77.5,24.0,1.0,0.0,0.0,0.0,677.0,3.0,0.2117647058823529,0.5416666666666666,131.0,0.0,0.0,-1.0,0
18000.0,36.0,11.53,593.83,9.0,4.0,1.0,110000.0,0.0,0.0,26.9,14.0,0.0,13350.0,55.6,38.0,1.0,0.0,2.0,0.0,677.0,3.0,0.1636363636363636,0.3684210526315789,228.0,0.0,0.0,-1.0,0
15000.0,36.0,9.17,478.19,6.0,10.0,1.0,70000.0,0.0,4.0,12.48,11.0,0.0,13329.0,66.6,18.0,0.0,0.0,0.0,0.0,702.0,3.0,0.2142857142857142,0.6111111111111112,129.0,0.0,0.0,-1.0,0
18000.0,60.0,25.57,534.36,29.0,1.0,1.0,50000.0,2.0,0.0,24.48,11.0,1.0,7599.0,48.4,23.0,1.0,0.0,1.0,0.0,682.0,3.0,0.36,0.4782608695652174,180.0,0.0055555555555555,0.0,0.0,1
14000.0,36.0,16.99,499.07,17.0,10.0,1.0,57000.0,2.0,0.0,18.65,8.0,1.0,1243.0,8.9,23.0,1.0,0.0,0.0,1.0,667.0,3.0,0.2456140350877192,0.3478260869565217,144.0,0.0069444444444444,0.0069444444444444,1.0,0
28975.0,60.0,22.99,816.66,25.0,7.0,0.0,128500.0,2.0,0.0,18.43,14.0,0.0,11107.0,72.6,25.0,0.0,0.0,1.0,0.0,687.0,3.0,0.2254863813229572,0.56,180.0,0.0,0.0,-1.0,0
17000.0,36.0,9.99,548.47,7.0,0.0,1.0,65000.0,0.0,4.0,13.92,15.0,0.0,18202.0,53.4,26.0,1.0,0.0,0.0,0.0,682.0,3.0,0.2615384615384615,0.5769230769230769,129.0,0.0,0.0,-1.0,0
13980.3857421875,36.0,12.29,466.2891418457031,10.0,7.0,0.0,407749.0,1.0,0.0,44.46291664123535,21.0,0.0,10656.234375,64.37621307373047,55.0,1.0,0.0,1.0,0.0,682.0,3.0,0.03428674372563878,0.3818181818181818,128.0,0.0,0.0,-1.0,0
5814.32470703125,36.0,11.53,191.81524963378905,9.0,10.0,0.0,72483.5234375,1.0,0.0,29.27103385925293,8.0,0.0,3054.4765625,75.4558334350586,22.0,1.0,0.0,5.0,0.0,687.0,3.0,0.08021580825249347,0.3636363636363636,400.0,0.0,0.0,-1.0,0
7200.0,36.0,12.29,240.15,10.0,0.0,1.0,45000.0,1.0,0.0,21.44,12.0,0.0,18169.0,65.8,26.0,1.0,0.0,0.0,0.0,702.0,3.0,0.16,0.4615384615384615,125.0,0.0,0.0,-1.0,0
26000.0,36.0,7.89,813.43,4.0,2.0,1.0,67500.0,1.0,0.0,24.46,19.0,0.0,18206.0,58.9,30.0,0.0,0.0,1.0,0.0,702.0,3.0,0.3851851851851852,0.6333333333333333,179.0,0.0,0.0,-1.0,0
10950.0,60.0,20.49,293.11,23.0,6.0,1.0,34231.0,1.0,5.0,11.04,12.0,0.0,6309.0,16.1,16.0,0.0,0.0,0.0,0.0,732.0,3.0,0.3198854839180859,0.75,74.0,0.0,0.0,-1.0,0
10000.0,36.0,6.39,305.99,1.0,0.0,0.0,55000.0,2.0,2.0,9.64,7.0,0.0,5236.0,24.2,16.0,0.0,0.0,2.0,0.0,797.0,3.0,0.1818181818181818,0.4375,252.0,0.0,0.0,-1.0,0
9600.0,36.0,9.99,309.72,7.0,3.0,0.0,52000.0,0.0,0.0,22.92,9.0,0.0,12916.0,63.6,23.0,1.0,0.0,1.0,0.0,702.0,3.0,0.1846153846153846,0.391304347826087,114.0,0.0,0.0,-1.0,0
15000.0,60.0,8.18,305.44,5.0,7.0,0.0,84000.0,1.0,3.0,13.28,15.0,1.0,11867.0,25.1,22.0,0.0,0.0,3.0,0.0,687.0,3.0,0.1785714285714285,0.6818181818181818,163.0,0.0061349693251533,0.0,0.0,0
12500.0,36.0,13.33,423.17,12.0,3.0,1.0,40400.0,0.0,0.0,17.8,14.0,0.0,14867.0,85.0,28.0,1.0,0.0,0.0,0.0,672.0,3.0,0.3094059405940594,0.5,115.0,0.0,0.0,-1.0,1
12000.0,36.0,5.93,364.69,0.0,10.0,1.0,185000.0,1.0,0.0,7.67,13.0,0.0,16756.0,50.8,26.0,0.0,0.0,0.0,0.0,722.0,3.0,0.0648648648648648,0.5,249.0,0.0,0.0,-1.0,0
22750.0,60.0,13.99,529.24,13.0,8.0,0.0,56900.0,1.0,0.0,23.08,13.0,0.0,24356.0,88.9,23.0,0.0,0.0,4.0,0.0,677.0,3.0,0.3998242530755712,0.5652173913043478,187.0,0.0,0.0,-1.0,1
19910.865234375,36.0,8.18,625.5921484375,5.0,0.0,2.0,190373.953125,1.0,0.0,22.464385833740234,15.0,0.0,162184.984375,60.79189453125,59.0,1.0,0.0,4.0,0.0,717.0,3.0,0.1045881693179791,0.2542372941970825,163.0,0.0,0.0,-1.0,0
14000.0,60.0,9.99,297.39,7.0,1.0,0.0,114000.0,1.0,0.0,11.71,6.0,0.0,26351.0,30.4,24.0,0.0,0.0,5.0,0.0,737.0,3.0,0.1228070175438596,0.25,217.0,0.0,0.0,-1.0,0
16500.0,60.0,13.33,378.22,12.0,10.0,0.0,65000.0,1.0,4.0,17.39,11.0,0.0,15241.0,79.8,22.0,0.0,0.0,5.0,0.0,692.0,3.0,0.2538461538461538,0.5,200.0,0.0,0.0,-1.0,0
10000.0,36.0,13.33,338.54,12.0,3.0,1.0,65000.0,0.0,4.0,8.36,4.0,0.0,6765.0,75.2,5.0,1.0,0.0,0.0,0.0,677.0,3.0,0.1538461538461538,0.8,37.0,0.0,0.0,-1.0,0
17000.0,36.0,7.89,531.86,4.0,2.0,0.0,80000.0,1.0,2.0,28.91,14.0,0.0,17251.0,26.9,31.0,0.0,0.0,5.0,0.0,712.0,3.0,0.2125,0.4516129032258064,243.0,0.0,0.0,-1.0,0
16000.0,36.0,6.68,491.7,2.0,0.0,0.0,125000.0,0.0,0.0,4.63,15.0,2.0,17161.0,35.3,40.0,0.0,0.0,3.0,0.0,712.0,3.0,0.128,0.375,233.0,0.0085836909871244,0.0,0.0,0
18000.0,60.0,12.29,403.05,10.0,6.0,0.0,86450.0,1.0,0.0,10.12,5.0,1.0,608.0,8.3,22.0,0.0,0.0,5.0,1.0,677.0,4.0,0.2082128397917871,0.2272727272727272,251.0,0.0039840637450199,0.0039840637450199,1.0,0
30000.0,36.0,11.53,989.71,9.0,10.0,1.0,118820.0,2.0,4.0,22.32,13.0,0.0,29726.0,84.2,22.0,1.0,0.0,0.0,0.0,662.0,4.0,0.2524827470122875,0.5909090909090909,156.0,0.0,0.0,-1.0,0
13000.0,36.0,9.99,419.42,7.0,10.0,1.0,64000.0,2.0,0.0,17.83,10.0,1.0,8208.0,29.1,21.0,1.0,0.0,0.0,1.0,722.0,4.0,0.203125,0.4761904761904761,183.0,0.0054644808743169,0.0054644808743169,1.0,0
25000.0,36.0,7.26,774.91,3.0,4.0,0.0,97500.0,1.0,4.0,20.59,13.0,0.0,3349.0,13.9,37.0,0.0,0.0,1.0,0.0,727.0,4.0,0.2564102564102564,0.3513513513513513,139.0,0.0,0.0,-1.0,0
9971.857421875,60.0,15.61,240.4343768310547,15.0,1.0,0.0,21652.0,1.0,0.0,22.50658142089844,16.0,0.0,2896.59521484375,52.07026290893555,34.0,1.0,0.0,1.0,0.0,692.0,4.0,0.4605513136376958,0.4705882352941176,171.0,0.0,0.0,-1.0,0
5500.0,36.0,7.89,172.08,4.0,6.0,1.0,54000.0,0.0,4.0,3.62,5.0,1.0,4904.0,52.2,7.0,0.0,0.0,0.0,1.0,677.0,4.0,0.1018518518518518,0.7142857142857143,149.0,0.0067114093959731,0.0067114093959731,1.0,0
35000.0,60.0,21.99,966.47,25.0,10.0,1.0,80000.0,1.0,0.0,25.08,15.0,0.0,20616.0,51.4,21.0,1.0,0.0,0.0,0.0,677.0,4.0,0.4375,0.7142857142857143,122.0,0.0,0.0,-1.0,1
30000.0,60.0,9.17,625.23,6.0,3.0,0.0,145000.0,2.0,4.0,19.42,11.0,2.0,26880.0,75.3,21.0,0.0,0.0,3.0,0.0,712.0,4.0,0.2068965517241379,0.5238095238095238,261.0,0.0076628352490421,0.0,0.0,0
5000.0,36.0,9.17,159.4,6.0,7.0,0.0,41500.0,0.0,4.0,10.64,12.0,2.0,2909.0,17.0,21.0,1.0,0.0,1.0,0.0,707.0,4.0,0.1204819277108433,0.5714285714285714,147.0,0.0136054421768707,0.0,0.0,0
10000.0,36.0,7.26,309.97,3.0,1.0,1.0,125000.0,0.0,4.0,11.93,11.0,0.0,15338.0,44.8,16.0,1.0,0.0,0.0,0.0,707.0,4.0,0.08,0.6875,116.0,0.0,0.0,-1.0,0
5000.0,36.0,6.24,152.66,1.0,0.0,2.0,32000.0,0.0,3.0,20.51,4.0,0.0,5730.0,45.1,10.0,1.0,0.0,0.0,0.0,747.0,4.0,0.15625,0.4,146.0,0.0,0.0,-1.0,0
14475.0,36.0,13.33,490.03,12.0,3.0,1.0,40229.0,1.0,0.0,25.27,14.0,0.0,15291.0,72.8,38.0,0.0,0.0,0.0,0.0,692.0,4.0,0.3598150587884362,0.3684210526315789,199.0,0.0,0.0,-1.0,0
8775.0,36.0,15.61,306.82,15.0,3.0,0.0,47500.0,2.0,4.0,21.48,16.0,2.0,4319.0,24.0,34.0,1.0,0.0,1.0,1.0,667.0,4.0,0.1847368421052631,0.4705882352941176,209.0,0.0095693779904306,0.0047846889952153,0.5,0
14750.0,60.0,20.99,398.96,24.0,10.0,1.0,35000.0,1.0,0.0,21.81,15.0,0.0,11586.0,64.4,19.0,1.0,0.0,0.0,0.0,682.0,4.0,0.4214285714285714,0.7894736842105263,86.0,0.0,0.0,-1.0,1
10000.0,36.0,10.99,327.34,8.0,10.0,0.0,70000.0,0.0,0.0,37.97,11.0,1.0,15093.0,93.7,30.0,0.0,0.0,2.0,1.0,682.0,4.0,0.1428571428571428,0.3666666666666666,100.0,0.01,0.01,1.0,1
18000.0,60.0,15.61,434.01,15.0,10.0,0.0,60000.0,1.0,0.0,37.74,12.0,1.0,10981.0,71.8,24.0,1.0,0.0,1.0,1.0,697.0,4.0,0.3,0.5,160.0,0.00625,0.00625,1.0,0
11549.42578125,36.0,12.29,385.2090783691406,10.0,6.0,1.0,514930.53125,0.0,0.0,8.231414794921875,11.0,0.0,201974.75,89.04571533203125,20.0,1.0,0.0,1.0,0.0,692.0,4.0,0.022429097361034822,0.550000011920929,163.0,0.0,0.0,-1.0,0
31202.85546875,36.0,12.69,1046.6897216796874,11.0,10.0,0.0,228189.828125,2.0,0.0,18.18310516357422,25.0,0.0,4916.82421875,56.03269805908203,42.0,1.0,0.0,9.0,0.0,702.0,4.0,0.13674079596996308,0.5952380952380952,265.0,0.0,0.0,-1.0,0
16000.0,36.0,8.18,502.72,5.0,10.0,1.0,73000.0,1.0,0.0,12.41,10.0,0.0,9006.0,65.3,36.0,1.0,0.0,4.0,0.0,667.0,4.0,0.2191780821917808,0.2777777777777778,139.0,0.0,0.0,-1.0,0
19800.0,60.0,18.55,508.74,21.0,1.0,1.0,75000.0,2.0,0.0,20.22,12.0,0.0,34700.0,85.5,21.0,1.0,0.0,0.0,0.0,682.0,4.0,0.264,0.5714285714285714,134.0,0.0,0.0,-1.0,1
16000.0,36.0,7.26,495.94,3.0,4.0,0.0,140000.0,0.0,4.0,18.93,17.0,0.0,38446.0,64.5,35.0,0.0,0.0,7.0,0.0,707.0,4.0,0.1142857142857142,0.4857142857142857,428.0,0.0,0.0,-1.0,0
8800.0,36.0,10.99,288.06,8.0,0.0,1.0,75000.0,0.0,0.0,15.84,15.0,0.0,2908.0,19.5,30.0,1.0,0.0,0.0,0.0,707.0,4.0,0.1173333333333333,0.5,148.0,0.0,0.0,-1.0,0
12000.0,36.0,12.69,402.54,11.0,2.0,1.0,92500.0,1.0,4.0,1.01,1.0,0.0,2810.0,85.2,4.0,1.0,0.0,1.0,0.0,672.0,4.0,0.1297297297297297,0.25,140.0,0.0,0.0,-1.0,0
3036.315673828125,36.0,11.53,100.16840789794922,9.0,2.0,1.0,513751.5,0.0,0.0,22.157011375427246,6.0,0.0,75323.4375,53.45306549072266,13.0,1.0,0.0,1.0,0.0,687.0,4.0,0.005910088549127113,0.4615384638309479,39.0,0.0,0.0,-1.0,0
10000.0,36.0,12.29,333.53,10.0,2.0,2.0,40000.0,1.0,0.0,15.75,8.0,0.0,8207.0,49.1,15.0,1.0,0.0,1.0,0.0,672.0,4.0,0.25,0.5333333333333333,88.0,0.0,0.0,-1.0,0
35000.0,36.0,20.49,1309.49,23.0,2.0,0.0,206000.0,1.0,5.0,11.2,14.0,0.0,107308.0,96.0,26.0,1.0,0.0,4.0,0.0,682.0,4.0,0.1699029126213592,0.5384615384615384,158.0,0.0,0.0,-1.0,0
20722.69921875,60.0,25.57,615.1834326171875,29.0,10.0,1.0,933448.3125,2.0,0.0,72.9247509765625,13.0,0.0,329596.46875,41.928016662597656,28.0,1.0,0.0,2.0,0.0,667.0,4.0,0.022200153010790424,0.448275876896722,235.0,0.0,0.0,-1.0,1
5600.0,36.0,12.29,186.78,10.0,10.0,1.0,62000.0,1.0,0.0,19.22,8.0,1.0,4964.0,71.9,11.0,0.0,0.0,0.0,0.0,667.0,4.0,0.0903225806451612,0.7272727272727273,139.0,0.0071942446043165,0.0,0.0,0
10000.0,60.0,18.84,258.53,21.0,0.0,1.0,36000.0,0.0,4.0,21.4,13.0,0.0,9420.0,66.3,35.0,0.0,0.0,0.0,0.0,702.0,4.0,0.2777777777777778,0.3714285714285714,212.0,0.0,0.0,-1.0,1
20000.0,60.0,10.99,434.75,8.0,8.0,1.0,131619.0,1.0,0.0,18.57,12.0,0.0,21203.0,75.7,16.0,0.0,0.0,0.0,0.0,672.0,4.0,0.1519537452799368,0.75,265.0,0.0,0.0,-1.0,0
22400.0,60.0,17.86,567.11,19.0,8.0,0.0,60000.0,1.0,0.0,21.82,12.0,0.0,18768.0,63.8,20.0,1.0,0.0,4.0,0.0,707.0,4.0,0.3733333333333333,0.6,251.0,0.0,0.0,-1.0,0
12000.0,60.0,15.61,289.34,15.0,7.0,1.0,104000.0,1.0,0.0,11.87,19.0,0.0,10716.0,52.8,36.0,1.0,0.0,0.0,0.0,692.0,4.0,0.1153846153846153,0.5277777777777778,152.0,0.0,0.0,-1.0,0
35000.0,36.0,6.92,1079.42,3.0,6.0,0.0,250000.0,1.0,4.0,9.43,9.0,0.0,41937.0,53.0,16.0,0.0,0.0,1.0,0.0,717.0,4.0,0.14,0.5625,176.0,0.0,0.0,-1.0,0
18013.541015625,36.0,12.29,600.8073266601563,10.0,10.0,0.0,389063.5625,1.0,0.0,7.472547721862792,13.0,0.0,49632.1015625,59.34672546386719,30.0,1.0,0.0,7.0,0.0,697.0,4.0,0.04629973608713875,0.4333333333333333,137.0,0.0,0.0,-1.0,0
5000.0,36.0,13.99,170.87,13.0,2.0,1.0,90000.0,0.0,10.0,36.25,11.0,0.0,10082.0,74.1,38.0,0.0,0.0,0.0,0.0,672.0,4.0,0.0555555555555555,0.2894736842105263,381.0,0.0,0.0,-1.0,0
12175.0,36.0,14.65,419.97,14.0,3.0,1.0,60000.0,1.0,0.0,22.28,10.0,0.0,6666.0,38.3,18.0,0.0,0.0,0.0,0.0,707.0,4.0,0.2029166666666666,0.5555555555555556,99.0,0.0,0.0,-1.0,1
11200.0,36.0,13.33,379.16,12.0,3.0,0.0,46000.0,0.0,4.0,22.18,14.0,0.0,15384.0,69.3,29.0,1.0,0.0,0.0,0.0,677.0,4.0,0.2434782608695652,0.4827586206896552,197.0,0.0,0.0,-1.0,0
5000.0,36.0,7.89,156.43,4.0,10.0,1.0,40000.0,0.0,0.0,20.37,21.0,0.0,10081.0,14.4,42.0,0.0,0.0,0.0,0.0,712.0,4.0,0.125,0.5,209.0,0.0,0.0,-1.0,0
14908.9736328125,36.0,6.92,459.8032373046875,3.0,2.0,0.0,934647.75,0.0,2.0,-0.20113563537597656,12.0,0.0,354035.625,40.80750579833985,39.0,0.0,0.0,5.0,0.0,697.0,4.0,0.015951438910431326,0.3076923092206319,334.0,0.0,0.0,-1.0,0
9000.0,36.0,6.92,277.57,3.0,10.0,0.0,105596.0,1.0,5.0,34.67,24.0,0.0,31484.0,64.0,48.0,0.0,0.0,1.0,0.0,697.0,4.0,0.0852305011553467,0.5,332.0,0.0,0.0,-1.0,0
8400.0,36.0,11.53,277.12,9.0,9.0,0.0,45000.0,0.0,0.0,18.75,9.0,0.0,9600.0,61.9,26.0,0.0,0.0,2.0,0.0,672.0,4.0,0.1866666666666666,0.3461538461538461,194.0,0.0,0.0,-1.0,1
35038.73828125,36.0,13.33,1186.175185546875,12.0,0.0,1.0,85763.4609375,2.0,0.0,22.28509181976318,3.0,0.0,19993.927734375,82.04319305419922,11.0,1.0,0.0,1.0,0.0,692.0,4.0,0.4085508982340495,0.27272727092107135,284.0,0.0,0.0,-1.0,0
7500.0,36.0,5.93,227.93,0.0,1.0,2.0,35000.0,0.0,4.0,29.18,3.0,0.0,7965.0,47.7,12.0,0.0,0.0,2.0,0.0,777.0,4.0,0.2142857142857142,0.25,201.0,0.0,0.0,-1.0,0
14700.0,36.0,17.57,528.28,18.0,9.0,1.0,42000.0,2.0,0.0,27.54,22.0,0.0,10420.0,37.0,29.0,0.0,0.0,0.0,0.0,677.0,4.0,0.35,0.7586206896551724,245.0,0.0,0.0,-1.0,1
1600.0,36.0,16.55,56.69,16.0,8.0,0.0,54000.0,2.0,4.0,14.07,5.0,0.0,622.0,18.8,17.0,1.0,0.0,0.0,0.0,687.0,4.0,0.0296296296296296,0.2941176470588235,81.0,0.0,0.0,-1.0,0
10000.0,36.0,12.69,335.45,11.0,1.0,1.0,85000.0,0.0,4.0,9.46,12.0,0.0,6043.0,47.2,14.0,1.0,0.0,0.0,0.0,682.0,4.0,0.1176470588235294,0.8571428571428571,118.0,0.0,0.0,-1.0,0
15000.0,60.0,16.99,372.71,17.0,6.0,1.0,65000.0,1.0,4.0,18.91,12.0,0.0,12597.0,51.6,18.0,0.0,0.0,0.0,0.0,667.0,4.0,0.2307692307692307,0.6666666666666666,147.0,0.0,0.0,-1.0,0
11941.365234375,60.0,18.25,304.85819946289064,20.0,2.0,0.0,1019861.9125,2.0,0.0,47.48079208374023,19.0,1.0,276705.90625,54.93233108520508,34.0,0.0,0.0,1.0,1.0,672.0,4.0,0.011708783368170161,0.5588235259056091,141.0,0.0070921985815602,0.0070921985815602,1.0,1
30000.0,36.0,7.26,929.89,3.0,8.0,2.0,175000.0,2.0,0.0,8.06,15.0,0.0,111387.0,61.3,31.0,0.0,0.0,7.0,0.0,712.0,4.0,0.1714285714285714,0.4838709677419355,194.0,0.0,0.0,-1.0,0
10000.0,36.0,5.32,301.15,0.0,10.0,0.0,60000.0,0.0,4.0,22.44,19.0,0.0,15612.0,15.5,31.0,0.0,0.0,1.0,0.0,807.0,4.0,0.1666666666666666,0.6129032258064516,457.0,0.0,0.0,-1.0,0
19993.775390625,36.0,9.99,645.0440673828125,7.0,6.0,1.0,198382.453125,2.0,0.0,20.408662643432617,6.0,0.0,0.0,30.635809326171874,12.0,1.0,0.0,2.0,0.0,682.0,4.0,0.10078398244721543,0.500000019868215,265.0,0.0,0.0,-1.0,0
35133.7109375,60.0,25.83,1048.3766845703126,31.0,0.0,1.0,789740.5,2.0,0.0,5.513029251098633,7.0,0.0,81356.0234375,74.93324127197266,9.0,0.0,0.0,4.0,0.0,672.0,4.0,0.044487668871879604,0.7777777747674421,289.0,0.0,0.0,-1.0,1
20000.0,36.0,10.99,654.68,8.0,3.0,1.0,46100.0,1.0,0.0,19.19,6.0,0.0,11704.0,65.4,19.0,1.0,0.0,0.0,0.0,707.0,4.0,0.4338394793926247,0.3157894736842105,103.0,0.0,0.0,-1.0,0
7000.0,36.0,6.92,215.89,3.0,1.0,1.0,18000.0,0.0,0.0,14.33,6.0,0.0,7074.0,40.2,8.0,1.0,0.0,0.0,0.0,712.0,4.0,0.3888888888888889,0.75,53.0,0.0,0.0,-1.0,0
14910.8623046875,60.0,11.53,328.151982421875,9.0,2.0,0.0,1196062.25,0.0,4.0,29.02997184753418,12.0,0.0,76503.2890625,44.68702239990235,30.0,1.0,0.0,1.0,0.0,722.0,4.0,0.012466627618540838,0.4,165.0,0.0,0.0,-1.0,0
15000.0,36.0,9.99,483.94,7.0,4.0,1.0,55000.0,2.0,0.0,20.03,13.0,0.0,7125.0,31.0,24.0,1.0,0.0,1.0,0.0,702.0,4.0,0.2727272727272727,0.5416666666666666,176.0,0.0,0.0,-1.0,0
10000.0,36.0,6.68,307.31,2.0,4.0,0.0,200000.0,2.0,2.0,5.62,20.0,0.0,997.0,2.4,37.0,0.0,0.0,11.0,0.0,787.0,4.0,0.05,0.5405405405405406,197.0,0.0,0.0,-1.0,0
25000.0,60.0,8.18,509.07,5.0,3.0,0.0,184525.0,2.0,0.0,18.16,28.0,0.0,34104.0,53.5,49.0,0.0,0.0,4.0,0.0,717.0,4.0,0.135482996883891,0.5714285714285714,420.0,0.0,0.0,-1.0,0
10000.0,60.0,9.99,212.43,7.0,10.0,2.0,101000.0,1.0,3.0,22.87,7.0,0.0,111114.0,78.7,23.0,0.0,0.0,0.0,0.0,697.0,4.0,0.099009900990099,0.3043478260869565,270.0,0.0,0.0,-1.0,0
14790.798828125,36.0,14.65,510.19621459960933,14.0,10.0,1.0,722991.4375,0.0,0.0,26.259733581542967,17.0,0.0,121815.1796875,33.44403839111328,28.0,1.0,0.0,4.0,0.0,687.0,4.0,0.02045777440071106,0.6071428571428571,150.0,0.0,0.0,-1.0,1
10000.0,36.0,11.53,329.91,9.0,2.0,1.0,28800.0,2.0,0.0,7.58,2.0,0.0,7477.0,95.9,9.0,1.0,0.0,0.0,0.0,687.0,4.0,0.3472222222222222,0.2222222222222222,143.0,0.0,0.0,-1.0,1
19023.298828125,36.0,13.33,644.000576171875,12.0,3.0,1.0,681046.3125,1.0,0.0,84.7068017578125,5.0,0.0,447703.09375,34.685279083251956,14.0,0.0,0.0,2.0,0.0,687.0,4.0,0.027932463751898895,0.3571428614003317,113.0,0.0,0.0,-1.0,0
24000.0,60.0,13.33,550.14,12.0,10.0,2.0,110000.0,1.0,0.0,16.68,18.0,3.0,39773.0,58.5,26.0,0.0,0.0,0.0,0.0,672.0,4.0,0.2181818181818181,0.6923076923076923,440.0,0.0068181818181818,0.0,0.0,1
10000.0,36.0,14.65,344.95,14.0,10.0,0.0,86000.0,1.0,0.0,12.75,13.0,0.0,13681.0,74.8,34.0,1.0,0.0,4.0,0.0,667.0,4.0,0.1162790697674418,0.3823529411764705,139.0,0.0,0.0,-1.0,0
18000.0,36.0,6.92,555.13,3.0,4.0,1.0,38250.0,1.0,4.0,21.56,8.0,0.0,7655.0,41.4,21.0,0.0,0.0,0.0,0.0,712.0,4.0,0.4705882352941176,0.3809523809523809,105.0,0.0,0.0,-1.0,1
5000.0,36.0,6.92,154.21,3.0,10.0,2.0,98876.0,2.0,0.0,4.99,7.0,0.0,675.0,37.5,27.0,0.0,0.0,2.0,0.0,687.0,4.0,0.0505683886888628,0.2592592592592592,361.0,0.0,0.0,-1.0,0
9000.0,36.0,7.89,281.58,4.0,3.0,1.0,32000.0,1.0,4.0,26.44,3.0,0.0,9291.0,95.8,12.0,0.0,0.0,0.0,0.0,662.0,4.0,0.28125,0.25,331.0,0.0,0.0,-1.0,0
5400.0,36.0,13.33,182.81,12.0,9.0,1.0,68000.0,1.0,0.0,10.55,5.0,0.0,8196.0,91.1,15.0,1.0,0.0,2.0,0.0,697.0,4.0,0.0794117647058823,0.3333333333333333,179.0,0.0,0.0,-1.0,0
5000.0,36.0,6.39,153.0,1.0,5.0,0.0,67500.0,1.0,2.0,22.6,10.0,0.0,3210.0,30.3,31.0,0.0,0.0,5.0,0.0,722.0,4.0,0.074074074074074,0.3225806451612903,230.0,0.0,0.0,-1.0,0
9600.0,36.0,16.55,340.13,16.0,7.0,1.0,45000.0,1.0,5.0,38.69,8.0,0.0,5436.0,49.4,12.0,1.0,0.0,0.0,0.0,667.0,4.0,0.2133333333333333,0.6666666666666666,122.0,0.0,0.0,-1.0,0
10000.0,36.0,13.99,341.73,13.0,6.0,1.0,26000.0,1.0,4.0,27.47,13.0,0.0,15349.0,59.7,15.0,1.0,0.0,0.0,0.0,707.0,4.0,0.3846153846153846,0.8666666666666667,159.0,0.0,0.0,-1.0,0
10000.0,60.0,12.29,223.92,10.0,0.0,1.0,29000.0,2.0,0.0,6.13,4.0,0.0,5524.0,58.8,8.0,0.0,0.0,0.0,0.0,707.0,4.0,0.3448275862068966,0.5,132.0,0.0,0.0,-1.0,0
25000.0,36.0,6.92,771.02,3.0,3.0,1.0,117000.0,1.0,0.0,0.93,6.0,0.0,275.0,1.0,38.0,0.0,0.0,4.0,0.0,747.0,4.0,0.2136752136752136,0.1578947368421052,349.0,0.0,0.0,-1.0,0
4450.0,36.0,16.99,158.64,17.0,3.0,2.0,27000.0,0.0,2.0,20.84,4.0,0.0,1039.0,35.8,4.0,1.0,0.0,0.0,0.0,717.0,4.0,0.1648148148148148,1.0,40.0,0.0,0.0,-1.0,0
6000.0,36.0,17.57,215.63,18.0,10.0,1.0,36000.0,2.0,0.0,24.64,8.0,2.0,7941.0,62.5,21.0,0.0,0.0,0.0,2.0,662.0,4.0,0.1666666666666666,0.3809523809523809,222.0,0.009009009009009,0.009009009009009,1.0,1
8500.0,36.0,12.69,285.14,11.0,7.0,1.0,64735.0,1.0,0.0,34.17,14.0,0.0,15095.0,47.8,58.0,0.0,0.0,2.0,0.0,682.0,4.0,0.1313045493164439,0.2413793103448276,220.0,0.0,0.0,-1.0,1
15000.0,36.0,12.29,500.3,10.0,2.0,1.0,85000.0,1.0,0.0,14.57,9.0,0.0,23270.0,62.7,21.0,1.0,0.0,0.0,0.0,682.0,4.0,0.1764705882352941,0.4285714285714285,188.0,0.0,0.0,-1.0,1
12000.0,36.0,13.99,410.08,13.0,10.0,1.0,50000.0,2.0,0.0,13.49,16.0,1.0,14991.0,51.5,32.0,1.0,0.0,0.0,1.0,682.0,4.0,0.24,0.5,162.0,0.0061728395061728,0.0061728395061728,1.0,1
6000.0,36.0,10.99,196.41,8.0,2.0,1.0,35560.0,1.0,0.0,32.5,18.0,0.0,3218.0,17.7,35.0,0.0,0.0,0.0,0.0,727.0,4.0,0.1687289088863892,0.5142857142857142,111.0,0.0,0.0,-1.0,0
15000.0,36.0,7.89,469.29,4.0,7.0,0.0,89000.0,0.0,4.0,15.64,12.0,1.0,15143.0,69.8,30.0,0.0,0.0,3.0,1.0,667.0,4.0,0.1685393258426966,0.4,276.0,0.0036231884057971,0.0036231884057971,1.0,0
11000.0,36.0,12.29,366.89,10.0,7.0,1.0,70000.0,0.0,3.0,12.27,17.0,0.0,7838.0,32.0,24.0,0.0,0.0,0.0,0.0,672.0,4.0,0.1571428571428571,0.7083333333333334,136.0,0.0,0.0,-1.0,0
15058.8193359375,60.0,18.25,384.4454833984375,20.0,6.0,0.0,85202.2265625,0.0,0.0,-1.0000003433227533,15.0,0.0,40677.18359375,46.0687873840332,42.0,0.0,0.0,0.0,0.0,697.0,4.0,0.176742081840833,0.3571428571428571,186.0,0.0,0.0,-1.0,1
20000.0,60.0,13.33,458.45,12.0,3.0,1.0,77000.0,1.0,0.0,6.23,13.0,0.0,11392.0,24.2,30.0,0.0,0.0,2.0,0.0,697.0,4.0,0.2597402597402597,0.4333333333333333,125.0,0.0,0.0,-1.0,1
3231.701416015625,36.0,6.68,99.31260223388672,2.0,10.0,2.0,267842.21875,1.0,4.0,69.08133087158203,7.0,0.0,56648.74609375,18.526449394226074,17.0,0.0,0.0,2.0,0.0,687.0,4.0,0.012065690755844113,0.4117647111415863,400.0,0.0,0.0,-1.0,0
1675.0,36.0,13.33,56.71,12.0,1.0,1.0,47000.0,0.0,0.0,31.72,10.0,0.0,4877.0,92.0,25.0,1.0,0.0,0.0,0.0,672.0,4.0,0.0356382978723404,0.4,125.0,0.0,0.0,-1.0,0
18000.0,36.0,7.89,563.15,4.0,7.0,0.0,65000.0,1.0,0.0,33.49,10.0,0.0,21679.0,54.7,28.0,0.0,0.0,3.0,0.0,732.0,4.0,0.2769230769230769,0.3571428571428571,128.0,0.0,0.0,-1.0,0
25000.0,36.0,7.89,782.15,4.0,4.0,0.0,100000.0,1.0,0.0,10.91,8.0,0.0,11685.0,67.5,17.0,0.0,0.0,1.0,0.0,692.0,4.0,0.25,0.4705882352941176,347.0,0.0,0.0,-1.0,0
8000.0,36.0,7.89,250.29,4.0,5.0,0.0,88000.0,0.0,4.0,5.52,13.0,0.0,11658.0,26.5,15.0,0.0,0.0,1.0,0.0,747.0,4.0,0.0909090909090909,0.8666666666666667,87.0,0.0,0.0,-1.0,0
4181.7578125,36.0,8.18,131.3893115234375,5.0,7.0,1.0,485750.1875,0.0,4.0,30.716019134521485,9.0,0.0,66008.8515625,60.02529449462891,17.0,0.0,0.0,3.0,0.0,682.0,4.0,0.008608860215719924,0.5294118165969849,96.0,0.0,0.0,-1.0,0
6500.0,36.0,9.99,209.71,7.0,6.0,0.0,38000.0,0.0,0.0,35.03,22.0,0.0,27305.0,51.3,51.0,0.0,0.0,3.0,0.0,702.0,4.0,0.1710526315789473,0.4313725490196078,205.0,0.0,0.0,-1.0,0
18000.0,60.0,18.25,459.54,20.0,10.0,1.0,50000.0,1.0,0.0,31.83,9.0,3.0,10397.0,78.2,14.0,0.0,0.0,0.0,0.0,677.0,4.0,0.36,0.6428571428571429,140.0,0.0214285714285714,0.0,0.0,1
7800.0,36.0,7.89,244.03,4.0,8.0,1.0,50000.0,1.0,4.0,14.95,18.0,1.0,1605.0,6.3,36.0,0.0,0.0,0.0,1.0,677.0,4.0,0.156,0.5,151.0,0.0066225165562913,0.0066225165562913,1.0,0
1800.0,36.0,12.29,60.04,10.0,5.0,1.0,44800.0,0.0,7.0,5.84,6.0,0.0,2613.0,24.0,21.0,0.0,0.0,0.0,0.0,672.0,4.0,0.0401785714285714,0.2857142857142857,245.0,0.0,0.0,-1.0,0
12000.0,60.0,19.99,317.86,23.0,10.0,0.0,30000.0,1.0,0.0,28.52,11.0,1.0,1238.0,11.3,22.0,0.0,0.0,0.0,1.0,672.0,4.0,0.4,0.5,202.0,0.0049504950495049,0.0049504950495049,1.0,1
7000.0,36.0,13.33,236.98,12.0,3.0,0.0,80000.0,1.0,0.0,15.77,10.0,1.0,3255.0,32.0,38.0,0.0,0.0,1.0,1.0,677.0,4.0,0.0875,0.2631578947368421,144.0,0.0069444444444444,0.0069444444444444,1.0,0
8000.0,36.0,15.61,279.72,15.0,4.0,2.0,24000.0,2.0,0.0,9.85,7.0,0.0,6046.0,41.7,11.0,1.0,0.0,0.0,0.0,667.0,4.0,0.3333333333333333,0.6363636363636364,43.0,0.0,0.0,-1.0,0
17875.939453125,36.0,13.33,605.1587060546875,12.0,5.0,0.0,523921.15625,0.0,0.0,50.53726135253906,16.0,0.0,79869.9375,58.766475677490234,23.0,0.0,0.0,4.0,0.0,667.0,4.0,0.034119540452957176,0.6956521739130435,123.0,0.0,0.0,-1.0,0
20000.0,60.0,7.89,404.48,4.0,3.0,0.0,60000.0,2.0,0.0,16.07,19.0,0.0,21167.0,33.8,37.0,0.0,0.0,5.0,0.0,772.0,4.0,0.3333333333333333,0.5135135135135135,180.0,0.0,0.0,-1.0,0
11200.0,36.0,6.92,345.42,3.0,2.0,0.0,40000.0,1.0,0.0,26.16,7.0,0.0,6068.0,47.4,12.0,0.0,0.0,3.0,0.0,707.0,4.0,0.28,0.5833333333333334,139.0,0.0,0.0,-1.0,0
16575.0,60.0,25.8,494.31,30.0,9.0,0.0,43000.0,0.0,0.0,26.05,14.0,0.0,11296.0,31.5,18.0,0.0,0.0,1.0,0.0,662.0,4.0,0.3854651162790697,0.7777777777777778,174.0,0.0,0.0,-1.0,1
7000.0,36.0,13.33,236.98,12.0,10.0,0.0,90000.0,0.0,0.0,29.6,9.0,1.0,5094.0,89.4,29.0,1.0,0.0,5.0,0.0,662.0,4.0,0.0777777777777777,0.3103448275862069,186.0,0.0053763440860215,0.0,0.0,0
11000.0,36.0,7.89,344.15,4.0,2.0,1.0,57000.0,0.0,0.0,9.49,7.0,0.0,11282.0,60.0,15.0,0.0,0.0,0.0,0.0,702.0,4.0,0.1929824561403508,0.4666666666666667,109.0,0.0,0.0,-1.0,0
11400.0,36.0,12.69,382.42,11.0,2.0,1.0,26000.0,0.0,0.0,19.71,20.0,0.0,10255.0,25.6,27.0,1.0,0.0,0.0,0.0,667.0,4.0,0.4384615384615384,0.7407407407407407,56.0,0.0,0.0,-1.0,1
28000.0,36.0,6.92,863.54,3.0,10.0,0.0,150000.0,1.0,2.0,13.8,13.0,1.0,41121.0,42.2,23.0,0.0,0.0,5.0,0.0,682.0,4.0,0.1866666666666666,0.5652173913043478,267.0,0.0037453183520599,0.0,0.0,0
12000.0,60.0,12.69,271.14,11.0,5.0,1.0,60000.0,1.0,0.0,14.18,8.0,0.0,17074.0,91.3,13.0,0.0,0.0,0.0,0.0,662.0,4.0,0.2,0.6153846153846154,83.0,0.0,0.0,-1.0,1
11200.0,60.0,18.25,285.94,20.0,10.0,1.0,30000.0,1.0,0.0,35.72,10.0,1.0,8880.0,72.2,15.0,0.0,0.0,0.0,1.0,667.0,4.0,0.3733333333333333,0.6666666666666666,145.0,0.0068965517241379,0.0068965517241379,1.0,1
17875.0,36.0,17.57,642.38,18.0,5.0,1.0,84000.0,1.0,0.0,21.64,11.0,0.0,10593.0,74.6,19.0,0.0,0.0,0.0,0.0,717.0,4.0,0.212797619047619,0.5789473684210527,113.0,0.0,0.0,-1.0,0
16800.0,60.0,13.99,390.82,13.0,3.0,1.0,48000.0,1.0,5.0,11.73,5.0,0.0,4458.0,43.7,17.0,0.0,0.0,0.0,0.0,692.0,4.0,0.35,0.2941176470588235,161.0,0.0,0.0,-1.0,0
13000.0,60.0,12.29,291.09,10.0,10.0,1.0,90000.0,1.0,0.0,8.75,19.0,1.0,11343.0,35.9,36.0,0.0,0.0,0.0,1.0,662.0,4.0,0.1444444444444444,0.5277777777777778,178.0,0.0056179775280898,0.0056179775280898,1.0,1
20000.0,36.0,12.29,667.06,10.0,9.0,0.0,108000.0,1.0,0.0,8.19,9.0,0.0,8574.0,78.7,14.0,0.0,0.0,4.0,0.0,677.0,4.0,0.1851851851851851,0.6428571428571429,54.0,0.0,0.0,-1.0,0
31500.0,36.0,8.18,989.72,5.0,1.0,0.0,185000.0,1.0,0.0,9.53,9.0,0.0,31346.0,69.0,23.0,1.0,0.0,1.0,0.0,752.0,4.0,0.1702702702702702,0.391304347826087,180.0,0.0,0.0,-1.0,0
5044.2587890625,36.0,10.99,165.1180743408203,8.0,8.0,0.0,521989.5,1.0,0.0,40.44333709716797,10.0,2.0,91714.59375,62.52901840209961,19.0,0.0,0.0,3.0,0.0,677.0,4.0,0.00966351953419771,0.5263157894736842,138.0,0.0144927536231884,0.0,0.0,0
4529.88818359375,36.0,19.99,168.32400512695312,23.0,10.0,0.0,502849.40625,0.0,0.0,31.688094482421874,7.0,0.0,125725.8125,102.1575424194336,21.0,1.0,0.0,2.0,0.0,682.0,5.0,0.009008434414863598,0.3333333361716497,262.0,0.0,0.0,-1.0,0
11000.0,60.0,18.25,280.83,20.0,3.0,1.0,58000.0,2.0,0.0,21.97,12.0,1.0,6868.0,31.4,27.0,1.0,0.0,1.0,0.0,662.0,5.0,0.1896551724137931,0.4444444444444444,172.0,0.005813953488372,0.0,0.0,1
10000.0,60.0,14.65,236.07,14.0,10.0,1.0,52000.0,2.0,0.0,30.9,16.0,0.0,12022.0,39.0,27.0,0.0,0.0,0.0,0.0,692.0,5.0,0.1923076923076923,0.5925925925925926,124.0,0.0,0.0,-1.0,0
14000.0,36.0,11.53,461.87,9.0,0.0,1.0,125000.0,0.0,4.0,18.12,13.0,0.0,42610.0,67.2,35.0,1.0,0.0,3.0,0.0,677.0,5.0,0.112,0.3714285714285714,192.0,0.0,0.0,-1.0,0
5000.0,36.0,7.89,156.43,4.0,10.0,0.0,175000.0,1.0,7.0,11.21,6.0,0.0,28783.0,89.4,25.0,0.0,0.0,1.0,0.0,712.0,5.0,0.0285714285714285,0.24,287.0,0.0,0.0,-1.0,0
16000.0,36.0,9.99,516.2,7.0,9.0,0.0,140000.0,0.0,2.0,7.63,11.0,0.0,19649.0,55.8,24.0,1.0,0.0,3.0,0.0,722.0,5.0,0.1142857142857142,0.4583333333333333,273.0,0.0,0.0,-1.0,0
21000.0,36.0,10.99,687.42,8.0,6.0,1.0,63000.0,1.0,0.0,13.67,8.0,0.0,15705.0,57.3,8.0,1.0,0.0,0.0,0.0,682.0,5.0,0.3333333333333333,1.0,42.0,0.0,0.0,-1.0,0
5150.0,36.0,13.33,174.35,12.0,3.0,2.0,11727.0,1.0,0.0,31.53,6.0,0.0,3016.0,52.0,6.0,0.0,0.0,0.0,0.0,677.0,5.0,0.4391574997868167,1.0,169.0,0.0,0.0,-1.0,0
10596.6845703125,60.0,19.99,280.6905834960937,23.0,10.0,0.0,39809.55859375,0.0,0.0,13.20884033203125,13.0,0.0,23348.734375,58.36371536254883,37.0,0.0,0.0,12.0,0.0,692.0,5.0,144.7108013232604,0.3513513513513513,328.0,0.0,0.0,-1.0,0
25500.0,60.0,20.99,689.72,24.0,8.0,1.0,58000.0,1.0,0.0,31.0,12.0,0.0,16647.0,66.3,24.0,0.0,0.0,0.0,0.0,687.0,5.0,0.4396551724137931,0.5,130.0,0.0,0.0,-1.0,0
23356.77734375,60.0,26.77,709.9992700195312,30.0,5.0,1.0,391879.21875,1.0,0.0,15.269758491516113,24.0,0.0,167875.203125,57.0034683227539,36.0,1.0,0.0,2.0,0.0,667.0,5.0,0.059601991451703584,0.6666666678019932,126.0,0.0,0.0,-1.0,1
3507.92822265625,36.0,16.99,125.04949981689452,17.0,2.0,0.0,701262.25,0.0,8.0,9.379547309875488,6.0,0.0,193170.3125,97.54561614990234,14.0,1.0,0.0,3.0,0.0,682.0,5.0,0.005002301434675782,0.4285714285714285,198.0,0.0,0.0,-1.0,0
9000.0,36.0,9.17,286.92,6.0,10.0,0.0,42000.0,1.0,4.0,4.77,9.0,0.0,7641.0,40.9,15.0,1.0,0.0,1.0,0.0,717.0,5.0,0.2142857142857142,0.6,204.0,0.0,0.0,-1.0,0
9000.0,36.0,12.69,301.91,11.0,2.0,1.0,31000.0,2.0,4.0,11.97,7.0,0.0,9429.0,82.7,8.0,0.0,0.0,0.0,0.0,662.0,5.0,0.2903225806451613,0.875,84.0,0.0,0.0,-1.0,0
8000.0,36.0,7.89,250.29,4.0,5.0,0.0,42000.0,1.0,0.0,18.76,22.0,0.0,4439.0,32.6,26.0,0.0,0.0,0.0,0.0,712.0,5.0,0.1904761904761904,0.8461538461538461,165.0,0.0,0.0,-1.0,0
9050.0,36.0,18.55,329.69,21.0,4.0,2.0,26690.0,1.0,0.0,8.45,4.0,0.0,4742.0,37.0,7.0,1.0,0.0,0.0,0.0,687.0,5.0,0.3390783064818284,0.5714285714285714,71.0,0.0,0.0,-1.0,0
12000.0,36.0,6.24,366.37,1.0,5.0,1.0,83500.0,0.0,8.0,8.87,7.0,0.0,2912.0,12.2,9.0,0.0,0.0,0.0,0.0,797.0,5.0,0.1437125748502994,0.7777777777777778,106.0,0.0,0.0,-1.0,0
20150.0,36.0,13.99,688.59,13.0,7.0,1.0,70000.0,2.0,10.0,25.96,10.0,0.0,12182.0,36.4,30.0,0.0,0.0,0.0,0.0,707.0,5.0,0.2878571428571428,0.3333333333333333,177.0,0.0,0.0,-1.0,1
5000.0,36.0,7.26,154.99,3.0,2.0,1.0,60000.0,0.0,0.0,8.76,10.0,0.0,3737.0,25.0,18.0,0.0,0.0,1.0,0.0,677.0,5.0,0.0833333333333333,0.5555555555555556,658.0,0.0,0.0,-1.0,0
26500.0,36.0,14.65,914.1,14.0,4.0,0.0,53000.0,1.0,4.0,27.58,26.0,0.0,28958.0,45.2,44.0,0.0,0.0,0.0,0.0,732.0,5.0,0.5,0.5909090909090909,285.0,0.0,0.0,-1.0,0
25009.408203125,36.0,7.89,782.4364990234375,4.0,6.0,0.0,215409.625,1.0,1.0,45.59986801147461,11.0,2.0,6914.60791015625,88.073876953125,20.0,0.0,0.0,3.0,0.0,692.0,5.0,0.11610163085990483,0.55,162.0,0.0123456790123456,0.0,0.0,0
8500.0,36.0,9.17,270.98,6.0,5.0,1.0,56728.0,1.0,0.0,23.04,8.0,0.0,11045.0,69.0,22.0,0.0,0.0,1.0,0.0,677.0,5.0,0.149837822592018,0.3636363636363636,129.0,0.0,0.0,-1.0,0
20000.0,60.0,14.65,472.14,14.0,10.0,1.0,65000.0,1.0,0.0,17.78,5.0,0.0,19033.0,56.8,11.0,0.0,0.0,0.0,0.0,742.0,5.0,0.3076923076923077,0.4545454545454545,296.0,0.0,0.0,-1.0,0
9985.9970703125,36.0,5.32,300.7297424316406,0.0,10.0,1.0,287136.8125,0.0,0.0,37.57978477478027,12.0,0.0,48179.51953125,10.886294746398924,26.0,0.0,0.0,0.0,0.0,702.0,5.0,0.03477783193663944,0.4615384615384615,187.0,0.0,0.0,-1.0,0
4000.0,36.0,12.29,133.42,10.0,1.0,0.0,93418.0,2.0,9.0,4.57,4.0,0.0,18381.0,98.8,14.0,1.0,0.0,7.0,0.0,667.0,5.0,0.0428183005416515,0.2857142857142857,162.0,0.0,0.0,-1.0,0
10000.0,36.0,15.61,349.65,15.0,10.0,1.0,35000.0,1.0,0.0,19.38,9.0,2.0,11837.0,70.5,14.0,1.0,0.0,0.0,1.0,672.0,5.0,0.2857142857142857,0.6428571428571429,191.0,0.0104712041884816,0.0052356020942408,0.5,0
9600.0,36.0,13.33,324.99,12.0,10.0,1.0,77600.0,2.0,0.0,14.92,16.0,0.0,1880.0,8.0,18.0,1.0,0.0,0.0,0.0,727.0,5.0,0.1237113402061855,0.8888888888888888,95.0,0.0,0.0,-1.0,0
19775.0,60.0,18.55,508.1,21.0,10.0,2.0,43000.0,2.0,4.0,19.03,7.0,0.0,16811.0,87.6,15.0,1.0,0.0,1.0,0.0,692.0,5.0,0.4598837209302325,0.4666666666666667,289.0,0.0,0.0,-1.0,0
7000.0,36.0,12.29,233.48,10.0,7.0,1.0,32000.0,1.0,0.0,32.97,18.0,0.0,16196.0,57.2,23.0,1.0,0.0,0.0,0.0,702.0,5.0,0.21875,0.782608695652174,219.0,0.0,0.0,-1.0,0
2498.99560546875,36.0,16.55,88.53726593017578,16.0,5.0,1.0,743120.0,1.0,5.0,42.6738102722168,14.0,0.0,445927.5,92.24239196777344,22.0,1.0,0.0,1.0,0.0,662.0,5.0,0.003362840525013247,0.6363636201078241,242.0,0.0,0.0,-1.0,0
6600.0,36.0,7.26,204.58,3.0,2.0,1.0,50000.0,1.0,4.0,4.68,8.0,1.0,5561.0,35.0,29.0,0.0,0.0,0.0,1.0,702.0,5.0,0.132,0.2758620689655172,254.0,0.0039370078740157,0.0039370078740157,1.0,1
9100.0,36.0,13.33,308.07,12.0,5.0,0.0,45000.0,0.0,0.0,28.51,17.0,3.0,12561.0,47.9,31.0,0.0,0.0,3.0,1.0,682.0,5.0,0.2022222222222222,0.5483870967741935,178.0,0.0168539325842696,0.0056179775280898,0.3333333333333333,0
28000.0,36.0,7.26,867.9,3.0,10.0,0.0,100000.0,0.0,4.0,18.56,11.0,0.0,43764.0,92.7,19.0,0.0,0.0,5.0,0.0,712.0,5.0,0.28,0.5789473684210527,231.0,0.0,0.0,-1.0,0
11000.0,36.0,12.69,369.0,11.0,10.0,1.0,51000.0,0.0,0.0,14.82,5.0,0.0,5559.0,83.0,10.0,1.0,0.0,0.0,0.0,667.0,5.0,0.2156862745098039,0.5,127.0,0.0,0.0,-1.0,0
18000.0,60.0,12.29,403.05,10.0,10.0,0.0,120000.0,0.0,0.0,7.6,13.0,0.0,19099.0,38.4,33.0,0.0,0.0,5.0,0.0,712.0,5.0,0.15,0.3939393939393939,237.0,0.0,0.0,-1.0,0
25074.09765625,36.0,5.32,755.1100512695313,0.0,0.0,0.0,275627.15625,1.0,4.0,46.43690132141113,18.0,0.0,140436.9375,61.4768310546875,30.0,0.0,0.0,4.0,0.0,737.0,5.0,0.09097106754779816,0.6000000073991972,181.0,0.0,0.0,-1.0,0
20400.0,36.0,12.69,684.32,11.0,10.0,0.0,96000.0,2.0,0.0,9.94,20.0,0.0,33925.0,44.3,42.0,1.0,0.0,2.0,0.0,707.0,5.0,0.2125,0.4761904761904761,208.0,0.0,0.0,-1.0,0
12263.23046875,36.0,19.99,455.68367431640627,23.0,5.0,1.0,149580.765625,1.0,0.0,23.81844596862793,4.0,0.0,0.0,100.5943099975586,5.0,1.0,0.0,0.0,0.0,687.0,5.0,0.0819840018139329,0.800000011920929,46.0,0.0,0.0,-1.0,0
24000.0,60.0,14.65,566.56,14.0,7.0,0.0,89000.0,1.0,4.0,24.69,25.0,0.0,14745.0,44.3,37.0,0.0,0.0,1.0,0.0,662.0,5.0,0.2696629213483146,0.6756756756756757,161.0,0.0,0.0,-1.0,0
15969.0439453125,36.0,13.33,540.6040673828124,12.0,10.0,0.0,123510.171875,1.0,0.0,23.831560134887695,14.0,0.0,20019.71875,23.75300178527832,26.0,1.0,0.0,1.0,0.0,712.0,5.0,0.12929335926260266,0.5384615384615384,308.0,0.0,0.0,-1.0,0
1400.0,36.0,9.17,44.64,6.0,10.0,0.0,38654.0,2.0,4.0,2.7,5.0,0.0,2629.0,35.5,5.0,0.0,0.0,1.0,0.0,732.0,5.0,0.0362187613183629,1.0,43.0,0.0,0.0,-1.0,0
16738.7265625,60.0,18.55,430.0774890136719,21.0,4.0,1.0,1369917.5,1.0,10.0,60.27479827880859,11.0,1.0,53648.51171875,43.05195007324219,45.0,0.0,0.0,3.0,1.0,672.0,5.0,0.01221879167216161,0.24444445802105796,154.0,0.0064935064935064,0.0064935064935064,1.0,0
16000.0,36.0,6.89,493.23,2.0,7.0,1.0,60000.0,1.0,4.0,11.1,7.0,1.0,8983.0,66.1,19.0,0.0,0.0,0.0,0.0,697.0,5.0,0.2666666666666666,0.3684210526315789,149.0,0.0067114093959731,0.0,0.0,0
5500.0,36.0,9.99,177.45,7.0,3.0,1.0,18000.0,1.0,4.0,8.13,13.0,0.0,3105.0,54.5,22.0,0.0,0.0,0.0,0.0,712.0,5.0,0.3055555555555556,0.5909090909090909,109.0,0.0,0.0,-1.0,0
10800.0,60.0,20.99,292.12,24.0,10.0,1.0,30000.0,1.0,0.0,16.08,7.0,0.0,7261.0,68.5,30.0,0.0,0.0,2.0,0.0,682.0,5.0,0.36,0.2333333333333333,254.0,0.0,0.0,-1.0,0
12000.0,36.0,13.33,406.24,12.0,9.0,0.0,40000.0,0.0,0.0,9.03,8.0,1.0,7540.0,68.0,15.0,0.0,0.0,0.0,1.0,662.0,5.0,0.3,0.5333333333333333,158.0,0.0063291139240506,0.0063291139240506,1.0,0
20000.0,36.0,10.99,654.68,8.0,0.0,0.0,55516.0,1.0,2.0,3.31,8.0,0.0,9568.0,33.9,15.0,1.0,0.0,1.0,0.0,717.0,5.0,0.3602565026298724,0.5333333333333333,217.0,0.0,0.0,-1.0,1
15200.0,60.0,17.86,384.83,19.0,2.0,1.0,55000.0,0.0,0.0,31.84,10.0,0.0,18892.0,82.5,27.0,0.0,0.0,0.0,0.0,692.0,5.0,0.2763636363636363,0.3703703703703703,96.0,0.0,0.0,-1.0,1
18135.52734375,36.0,10.99,593.6458422851563,8.0,6.0,0.0,949477.9375,0.0,4.0,-1.0000009155273446,12.0,0.0,324761.71875,40.82217254638672,25.0,0.0,0.0,3.0,0.0,707.0,5.0,0.01910050272941588,0.47999998927116394,100.0,0.0,0.0,-1.0,0
12000.0,36.0,8.18,377.04,5.0,8.0,1.0,45000.0,1.0,0.0,6.43,6.0,0.0,3143.0,7.2,19.0,0.0,0.0,0.0,0.0,662.0,5.0,0.2666666666666666,0.3157894736842105,134.0,0.0,0.0,-1.0,1
4800.0,36.0,13.33,162.5,12.0,8.0,0.0,81500.0,0.0,0.0,14.24,10.0,0.0,6979.0,43.1,44.0,1.0,0.0,1.0,0.0,687.0,5.0,0.0588957055214723,0.2272727272727272,300.0,0.0,0.0,-1.0,0
10800.0,36.0,12.69,362.29,11.0,2.0,1.0,54250.0,1.0,0.0,31.08,9.0,0.0,10867.0,28.0,14.0,0.0,0.0,0.0,0.0,707.0,5.0,0.1990783410138248,0.6428571428571429,67.0,0.0,0.0,-1.0,0
2628.0849609375,36.0,9.17,83.78042663574219,6.0,2.0,1.0,1473911.625,1.0,4.0,33.02845703125,11.0,1.0,249232.875,99.97445678710938,34.0,1.0,0.0,3.0,1.0,667.0,5.0,0.001783069396434786,0.3235294117647059,201.0,0.0049751243781094,0.0049751243781094,1.0,0
1722.6051025390625,36.0,14.65,59.41982101440429,14.0,4.0,0.0,536172.625,0.0,0.0,41.19635429382324,9.0,0.0,136838.125,62.57886505126953,24.0,0.0,0.0,2.0,0.0,692.0,5.0,0.0032127795458151524,0.3749999719507554,326.0,0.0,0.0,-1.0,1
35000.0,60.0,18.25,893.54,20.0,3.0,0.0,102500.0,2.0,0.0,19.49,7.0,0.0,61005.0,87.5,18.0,0.0,0.0,1.0,0.0,712.0,5.0,0.3414634146341463,0.3888888888888889,181.0,0.0,0.0,-1.0,1
16000.0,60.0,19.19,416.73,22.0,1.0,1.0,83000.0,1.0,0.0,24.28,13.0,0.0,16962.0,73.4,15.0,0.0,0.0,0.0,0.0,667.0,5.0,0.1927710843373494,0.8666666666666667,259.0,0.0,0.0,-1.0,1
26400.0,36.0,17.86,952.58,19.0,10.0,2.0,60000.0,1.0,3.0,10.34,8.0,0.0,8284.0,65.2,21.0,1.0,0.0,0.0,0.0,692.0,5.0,0.44,0.3809523809523809,210.0,0.0,0.0,-1.0,0
10200.0,36.0,13.33,345.31,12.0,10.0,1.0,54000.0,2.0,4.0,24.91,21.0,1.0,10158.0,71.5,39.0,1.0,0.0,1.0,1.0,662.0,5.0,0.1888888888888888,0.5384615384615384,199.0,0.0050251256281407,0.0050251256281407,1.0,0
7137.86962890625,36.0,13.99,243.92115112304688,13.0,2.0,1.0,708364.625,1.0,5.0,29.65126663208008,12.0,0.0,229915.1875,52.61355972290039,23.0,0.0,0.0,3.0,0.0,687.0,5.0,0.010076552132765385,0.5217391077209922,186.0,0.0,0.0,-1.0,0
15000.0,36.0,9.17,478.19,6.0,10.0,0.0,116000.0,1.0,1.0,21.45,11.0,0.0,25967.0,80.4,38.0,1.0,0.0,2.0,0.0,677.0,5.0,0.1293103448275862,0.2894736842105263,219.0,0.0,0.0,-1.0,0
14745.513671875,36.0,7.26,457.05418701171874,3.0,4.0,0.0,1089652.375,2.0,0.0,37.73395217895508,13.0,0.0,208087.890625,62.54409255981446,44.0,0.0,0.0,2.0,0.0,662.0,5.0,0.013532309659889719,0.2954545180464899,183.0,0.0,0.0,-1.0,0
16000.0,36.0,7.89,500.58,4.0,4.0,1.0,82000.0,1.0,0.0,14.75,8.0,0.0,2681.0,16.7,15.0,0.0,0.0,0.0,0.0,712.0,5.0,0.1951219512195122,0.5333333333333333,108.0,0.0,0.0,-1.0,0
15000.0,36.0,7.89,469.29,4.0,10.0,1.0,34000.0,1.0,4.0,15.67,11.0,0.0,17201.0,27.2,22.0,0.0,0.0,0.0,0.0,677.0,5.0,0.4411764705882353,0.5,176.0,0.0,0.0,-1.0,0
10000.0,36.0,15.61,349.65,15.0,5.0,1.0,30000.0,1.0,0.0,21.56,12.0,0.0,12095.0,63.7,14.0,1.0,0.0,0.0,0.0,662.0,5.0,0.3333333333333333,0.8571428571428571,89.0,0.0,0.0,-1.0,0
35000.0,36.0,11.53,1154.66,9.0,7.0,0.0,148580.0,1.0,0.0,17.23,15.0,0.0,39393.0,75.2,32.0,1.0,0.0,4.0,0.0,722.0,5.0,0.2355633328846412,0.46875,228.0,0.0,0.0,-1.0,0
21000.0,36.0,7.89,657.0,4.0,3.0,0.0,170000.0,1.0,0.0,7.2,8.0,2.0,5068.0,22.4,31.0,0.0,0.0,3.0,0.0,722.0,5.0,0.1235294117647058,0.2580645161290322,247.0,0.0080971659919028,0.0,0.0,0
15000.0,36.0,7.26,464.95,3.0,6.0,1.0,60000.0,0.0,0.0,10.86,16.0,0.0,7656.0,21.7,38.0,0.0,0.0,2.0,0.0,717.0,5.0,0.25,0.4210526315789473,166.0,0.0,0.0,-1.0,0
20000.0,60.0,12.69,451.9,11.0,10.0,0.0,55000.0,1.0,0.0,17.11,8.0,0.0,18874.0,87.8,16.0,0.0,0.0,3.0,0.0,697.0,5.0,0.3636363636363636,0.5,243.0,0.0,0.0,-1.0,0
10000.0,60.0,12.29,223.92,10.0,0.0,1.0,31000.0,1.0,0.0,12.78,11.0,0.0,7586.0,48.9,16.0,0.0,0.0,0.0,0.0,692.0,5.0,0.3225806451612903,0.6875,103.0,0.0,0.0,-1.0,0
30923.423828125,60.0,16.55,761.062392578125,16.0,10.0,1.0,167698.6875,2.0,0.0,20.82246238708496,18.0,0.0,22326.5546875,65.03114471435546,26.0,1.0,0.0,0.0,0.0,687.0,5.0,0.1843987229774738,0.6923076923076923,141.0,0.0,0.0,-1.0,0
12000.0,36.0,8.18,377.04,5.0,7.0,1.0,100000.0,1.0,0.0,11.91,13.0,0.0,15544.0,51.1,24.0,0.0,0.0,0.0,0.0,677.0,5.0,0.12,0.5416666666666666,325.0,0.0,0.0,-1.0,0
18700.0,60.0,11.53,411.55,9.0,10.0,0.0,55000.0,0.0,0.0,27.19,29.0,0.0,42924.0,33.4,52.0,0.0,0.0,4.0,0.0,717.0,5.0,0.34,0.5576923076923077,304.0,0.0,0.0,-1.0,0
29949.416015625,60.0,10.99,651.021357421875,8.0,3.0,0.0,160072.15625,2.0,3.0,8.603766098022462,10.0,0.0,0.0,11.763892364501952,13.0,0.0,0.0,0.0,0.0,797.0,5.0,0.1870994770526886,0.7692307692307693,451.0,0.0,0.0,-1.0,0
2500.0,36.0,13.99,85.44,13.0,1.0,1.0,20000.0,0.0,0.0,9.66,10.0,0.0,2506.0,36.9,10.0,0.0,0.0,0.0,0.0,707.0,5.0,0.125,1.0,69.0,0.0,0.0,-1.0,0
35000.0,60.0,16.99,869.66,17.0,10.0,0.0,94000.0,2.0,0.0,22.16,9.0,0.0,18236.0,68.0,19.0,1.0,0.0,4.0,0.0,687.0,5.0,0.3723404255319149,0.4736842105263157,273.0,0.0,0.0,-1.0,0
8021.0517578125,36.0,7.89,250.9441290283203,4.0,8.0,1.0,788288.1875,1.0,4.0,28.86123073577881,5.0,0.0,122154.4453125,69.23055877685547,8.0,0.0,0.0,0.0,0.0,722.0,5.0,0.010175276167538633,0.625,96.0,0.0,0.0,-1.0,0
16000.0,36.0,7.89,500.58,4.0,10.0,0.0,86000.0,1.0,0.0,22.48,20.0,0.0,31904.0,68.6,37.0,0.0,0.0,5.0,0.0,682.0,5.0,0.1860465116279069,0.5405405405405406,201.0,0.0,0.0,-1.0,0
19200.0,36.0,5.32,578.21,0.0,6.0,0.0,68000.0,1.0,0.0,17.68,20.0,0.0,15383.0,25.1,49.0,0.0,0.0,3.0,0.0,742.0,5.0,0.2823529411764706,0.4081632653061224,160.0,0.0,0.0,-1.0,0
3500.0,36.0,13.99,119.61,13.0,10.0,0.0,65000.0,1.0,4.0,26.68,34.0,0.0,22609.0,68.1,42.0,0.0,0.0,1.0,0.0,677.0,5.0,0.0538461538461538,0.8095238095238095,190.0,0.0,0.0,-1.0,0
21000.0,60.0,13.99,488.53,13.0,2.0,1.0,60000.0,1.0,4.0,19.66,13.0,0.0,17287.0,79.3,52.0,0.0,0.0,0.0,0.0,662.0,5.0,0.35,0.25,118.0,0.0,0.0,-1.0,0
16800.0,60.0,13.33,385.1,12.0,1.0,2.0,92000.0,2.0,4.0,30.51,20.0,0.0,12672.0,23.0,42.0,0.0,0.0,2.0,0.0,682.0,5.0,0.1826086956521739,0.4761904761904761,305.0,0.0,0.0,-1.0,0
15700.0,60.0,10.99,341.28,8.0,1.0,0.0,150000.0,1.0,0.0,8.04,10.0,0.0,8337.0,50.5,33.0,0.0,0.0,4.0,0.0,737.0,5.0,0.1046666666666666,0.303030303030303,379.0,0.0,0.0,-1.0,1
10650.0,36.0,13.33,360.54,12.0,10.0,1.0,60000.0,1.0,0.0,20.66,7.0,0.0,15918.0,76.9,43.0,1.0,0.0,0.0,0.0,687.0,5.0,0.1775,0.1627906976744186,298.0,0.0,0.0,-1.0,0
10000.0,36.0,8.18,314.2,5.0,3.0,2.0,25000.0,1.0,4.0,30.92,11.0,0.0,6572.0,35.9,12.0,0.0,0.0,0.0,0.0,697.0,5.0,0.4,0.9166666666666666,131.0,0.0,0.0,-1.0,0
11000.0,36.0,7.89,344.15,4.0,1.0,1.0,70000.0,0.0,0.0,6.79,9.0,0.0,3458.0,78.6,15.0,0.0,0.0,0.0,0.0,687.0,5.0,0.1571428571428571,0.6,160.0,0.0,0.0,-1.0,0
2000.0,36.0,12.69,67.09,11.0,3.0,1.0,70000.0,2.0,11.0,6.31,7.0,1.0,5959.0,40.8,19.0,1.0,0.0,1.0,1.0,697.0,5.0,0.0285714285714285,0.3684210526315789,143.0,0.0069930069930069,0.0069930069930069,1.0,0
15993.4462890625,60.0,17.57,402.396904296875,18.0,0.0,1.0,28707.876953125,1.0,4.0,25.223619079589845,9.0,0.0,0.0,91.77649841308593,22.0,0.0,0.0,2.0,0.0,662.0,5.0,0.5571100070791424,0.4090909090909091,172.0,0.0,0.0,-1.0,0
8817.107421875,36.0,11.53,290.8778454589844,9.0,10.0,1.0,756292.4375,2.0,0.0,72.02494110107422,19.0,0.0,352275.96875,54.54668350219727,63.0,0.0,0.0,3.0,0.0,667.0,5.0,0.011658320239945952,0.3015873061888146,239.0,0.0,0.0,-1.0,0
12000.0,36.0,5.32,361.38,0.0,8.0,2.0,25000.0,0.0,4.0,20.07,9.0,0.0,5713.0,7.6,24.0,0.0,0.0,3.0,0.0,797.0,5.0,0.48,0.375,257.0,0.0,0.0,-1.0,0
22950.0,60.0,16.99,570.25,17.0,10.0,1.0,65000.0,1.0,0.0,29.67,8.0,0.0,23988.0,67.6,23.0,0.0,0.0,7.0,0.0,727.0,5.0,0.353076923076923,0.3478260869565217,295.0,0.0,0.0,-1.0,1
10500.0,36.0,11.53,346.4,9.0,3.0,0.0,60000.0,2.0,4.0,20.48,13.0,0.0,14115.0,40.2,15.0,1.0,0.0,1.0,0.0,672.0,5.0,0.175,0.8666666666666667,81.0,0.0,0.0,-1.0,0
35000.0,36.0,13.99,1196.05,13.0,10.0,1.0,87000.0,2.0,0.0,22.52,7.0,0.0,18516.0,71.8,36.0,0.0,0.0,0.0,0.0,682.0,5.0,0.4022988505747126,0.1944444444444444,126.0,0.0,0.0,-1.0,0
22400.0,60.0,7.89,453.02,4.0,10.0,2.0,113000.0,1.0,0.0,18.28,9.0,0.0,22278.0,74.8,31.0,1.0,0.0,6.0,0.0,697.0,6.0,0.1982300884955752,0.2903225806451613,265.0,0.0,0.0,-1.0,0
15050.0,60.0,18.25,384.23,20.0,2.0,0.0,58000.0,2.0,0.0,20.15,14.0,0.0,15307.0,64.6,26.0,1.0,0.0,3.0,0.0,692.0,6.0,0.2594827586206896,0.5384615384615384,162.0,0.0,0.0,-1.0,1
17000.0,60.0,8.18,346.17,5.0,8.0,2.0,37500.0,1.0,0.0,25.47,6.0,0.0,2148.0,11.7,24.0,0.0,0.0,0.0,0.0,812.0,6.0,0.4533333333333333,0.25,143.0,0.0,0.0,-1.0,0
6000.0,36.0,13.99,205.04,13.0,8.0,0.0,86000.0,2.0,0.0,20.41,17.0,0.0,15214.0,43.6,26.0,1.0,0.0,1.0,0.0,682.0,6.0,0.0697674418604651,0.6538461538461539,151.0,0.0,0.0,-1.0,1
9000.0,36.0,18.55,327.87,21.0,4.0,1.0,39000.0,2.0,5.0,26.34,15.0,0.0,9533.0,30.0,23.0,1.0,0.0,0.0,0.0,682.0,6.0,0.2307692307692307,0.6521739130434783,47.0,0.0,0.0,-1.0,1
8000.0,36.0,16.99,285.19,17.0,7.0,0.0,30000.0,0.0,0.0,17.28,13.0,0.0,2891.0,52.6,22.0,1.0,0.0,1.0,0.0,687.0,6.0,0.2666666666666666,0.5909090909090909,120.0,0.0,0.0,-1.0,1
5400.0,36.0,11.53,178.15,9.0,2.0,1.0,250000.0,1.0,7.0,6.38,7.0,0.0,3933.0,22.1,8.0,1.0,0.0,0.0,0.0,702.0,6.0,0.0216,0.875,140.0,0.0,0.0,-1.0,0
18000.0,36.0,6.89,554.89,2.0,10.0,0.0,82000.0,0.0,0.0,22.79,30.0,0.0,68360.0,56.1,48.0,1.0,0.0,5.0,0.0,692.0,6.0,0.2195121951219512,0.625,333.0,0.0,0.0,-1.0,0
35000.0,36.0,9.17,1115.77,6.0,1.0,0.0,108000.0,2.0,0.0,20.43,13.0,0.0,31953.0,53.3,18.0,1.0,0.0,4.0,0.0,727.0,6.0,0.324074074074074,0.7222222222222222,313.0,0.0,0.0,-1.0,0
12000.0,36.0,10.99,392.81,8.0,10.0,0.0,45000.0,0.0,4.0,18.21,10.0,0.0,13014.0,61.1,15.0,1.0,0.0,0.0,0.0,707.0,6.0,0.2666666666666666,0.6666666666666666,233.0,0.0,0.0,-1.0,0
6490.6982421875,36.0,19.19,238.54692504882811,22.0,0.0,1.0,258681.578125,1.0,0.0,50.464566192626954,10.0,0.0,1572.546875,72.34940490722656,11.0,1.0,0.0,1.0,0.0,672.0,6.0,0.025091466506322185,0.9090909090909092,67.0,0.0,0.0,-1.0,0
12000.0,36.0,9.99,387.15,7.0,1.0,0.0,70000.0,0.0,4.0,19.18,13.0,3.0,11571.0,73.2,27.0,0.0,0.0,2.0,3.0,662.0,6.0,0.1714285714285714,0.4814814814814814,198.0,0.0151515151515151,0.0151515151515151,1.0,1
12043.49609375,60.0,9.99,255.82989135742187,7.0,5.0,2.0,71058.59375,1.0,0.0,21.85890640258789,5.0,0.0,64459.4375,55.12408218383789,19.0,0.0,0.0,2.0,0.0,712.0,6.0,0.1694868326187134,0.2631578947368421,117.0,0.0,0.0,-1.0,0
8400.0,36.0,9.99,271.01,7.0,2.0,1.0,45000.0,0.0,0.0,27.15,8.0,0.0,4992.0,35.0,10.0,0.0,0.0,0.0,0.0,697.0,6.0,0.1866666666666666,0.8,47.0,0.0,0.0,-1.0,0
10027.82421875,36.0,10.99,328.249423828125,8.0,9.0,1.0,936125.5625,2.0,0.0,27.830319061279297,7.0,0.0,199886.21875,54.13511428833008,14.0,0.0,0.0,1.0,0.0,732.0,6.0,0.010712050357643416,0.5,193.0,0.0,0.0,-1.0,0
15000.0,36.0,12.29,500.3,10.0,10.0,0.0,95000.0,1.0,2.0,11.16,23.0,0.0,11082.0,7.7,53.0,0.0,0.0,4.0,0.0,687.0,6.0,0.1578947368421052,0.4339622641509434,378.0,0.0,0.0,-1.0,0
35000.0,60.0,10.99,760.82,8.0,2.0,0.0,175000.0,2.0,0.0,24.96,19.0,0.0,202856.0,68.2,27.0,0.0,0.0,1.0,0.0,712.0,6.0,0.2,0.7037037037037037,312.0,0.0,0.0,-1.0,0
16000.0,36.0,12.69,536.72,11.0,8.0,0.0,67200.0,1.0,0.0,22.64,19.0,0.0,17114.0,57.4,27.0,0.0,0.0,2.0,0.0,672.0,6.0,0.238095238095238,0.7037037037037037,280.0,0.0,0.0,-1.0,0
3500.0,36.0,9.99,112.92,7.0,0.0,1.0,35000.0,0.0,3.0,13.68,8.0,1.0,8964.0,47.2,13.0,0.0,0.0,0.0,0.0,667.0,6.0,0.1,0.6153846153846154,111.0,0.009009009009009,0.0,0.0,1
6000.0,36.0,12.29,200.12,10.0,0.0,1.0,33196.0,0.0,0.0,16.78,19.0,0.0,6387.0,42.6,30.0,0.0,0.0,0.0,0.0,672.0,6.0,0.180744668032293,0.6333333333333333,76.0,0.0,0.0,-1.0,1
25000.0,60.0,16.99,621.18,17.0,4.0,1.0,78600.0,1.0,0.0,25.44,12.0,0.0,30828.0,98.5,18.0,0.0,0.0,0.0,0.0,682.0,6.0,0.3180661577608142,0.6666666666666666,95.0,0.0,0.0,-1.0,0
8858.9140625,36.0,12.29,295.4721887207031,10.0,2.0,0.0,68347.6953125,1.0,4.0,37.103028259277345,16.0,1.0,143961.78125,39.54464950561523,40.0,1.0,0.0,2.0,1.0,667.0,6.0,0.12961542800189996,0.40000000282337783,342.0,0.0029239766081871,0.0029239766081871,1.0,0
35000.0,36.0,9.17,1115.77,6.0,2.0,0.0,200000.0,2.0,4.0,15.32,10.0,0.0,169360.0,95.0,22.0,0.0,0.0,2.0,0.0,702.0,6.0,0.175,0.4545454545454545,231.0,0.0,0.0,-1.0,0
35000.0,36.0,15.61,1223.77,15.0,10.0,0.0,106000.0,2.0,0.0,19.61,31.0,0.0,42754.0,79.0,34.0,1.0,0.0,0.0,0.0,707.0,6.0,0.330188679245283,0.9117647058823528,287.0,0.0,0.0,-1.0,0
23050.0,60.0,14.65,544.14,14.0,10.0,0.0,60000.0,1.0,4.0,26.4,12.0,0.0,29591.0,81.5,38.0,0.0,0.0,5.0,0.0,717.0,6.0,0.3841666666666666,0.3157894736842105,309.0,0.0,0.0,-1.0,0
17000.0,60.0,13.33,389.69,12.0,10.0,0.0,65000.0,0.0,8.0,24.52,8.0,0.0,11739.0,54.6,23.0,0.0,0.0,1.0,0.0,697.0,6.0,0.2615384615384615,0.3478260869565217,113.0,0.0,0.0,-1.0,0
12000.0,60.0,12.29,268.7,10.0,7.0,1.0,48000.0,0.0,0.0,15.45,32.0,0.0,7690.0,40.3,43.0,0.0,0.0,0.0,0.0,692.0,6.0,0.25,0.7441860465116279,114.0,0.0,0.0,-1.0,0
12000.0,60.0,12.69,271.14,11.0,4.0,1.0,45000.0,0.0,0.0,19.71,11.0,1.0,12430.0,46.2,21.0,0.0,0.0,2.0,1.0,672.0,6.0,0.2666666666666666,0.5238095238095238,124.0,0.0080645161290322,0.0080645161290322,1.0,0
4500.0,36.0,14.65,155.23,14.0,10.0,1.0,60000.0,2.0,4.0,25.36,13.0,0.0,22250.0,90.4,16.0,0.0,0.0,0.0,0.0,677.0,6.0,0.075,0.8125,158.0,0.0,0.0,-1.0,1
15000.0,36.0,9.99,483.94,7.0,10.0,0.0,100000.0,2.0,4.0,11.76,9.0,0.0,4369.0,12.1,20.0,1.0,0.0,5.0,0.0,772.0,6.0,0.15,0.45,175.0,0.0,0.0,-1.0,0
16034.220703125,36.0,6.24,489.53509521484375,1.0,0.0,1.0,46757.125,1.0,4.0,3.6546700668334964,6.0,0.0,9474.234375,75.31659393310547,20.0,0.0,0.0,0.0,0.0,732.0,6.0,0.34292575758079,0.30000000837303337,308.0,0.0,0.0,-1.0,0
15000.0,36.0,7.89,469.29,4.0,5.0,0.0,52000.0,1.0,4.0,23.68,13.0,0.0,14965.0,41.5,27.0,0.0,0.0,3.0,0.0,727.0,6.0,0.2884615384615384,0.4814814814814814,203.0,0.0,0.0,-1.0,0
18000.0,36.0,5.32,542.07,0.0,10.0,1.0,163000.0,0.0,4.0,6.29,12.0,0.0,14521.0,30.5,40.0,0.0,0.0,0.0,0.0,767.0,6.0,0.1104294478527607,0.3,240.0,0.0,0.0,-1.0,0
5976.93359375,36.0,6.24,182.47834533691406,1.0,10.0,0.0,967769.625,2.0,2.0,22.944120178222654,16.0,0.0,130028.2734375,40.14655303955078,38.0,0.0,0.0,1.0,0.0,732.0,6.0,0.0061759909583350425,0.4210526446501414,385.0,0.0,0.0,-1.0,0
4200.0,36.0,11.53,138.56,9.0,10.0,0.0,150000.0,2.0,2.0,13.18,8.0,0.0,19280.0,93.1,21.0,0.0,0.0,0.0,0.0,662.0,6.0,0.028,0.3809523809523809,209.0,0.0,0.0,-1.0,0
7450.0,36.0,14.65,256.99,14.0,10.0,0.0,75115.0,1.0,0.0,10.91,7.0,1.0,1419.0,22.5,22.0,1.0,0.0,5.0,1.0,667.0,6.0,0.0991812554083738,0.3181818181818182,300.0,0.0033333333333333,0.0033333333333333,1.0,0
15000.0,36.0,7.26,464.95,3.0,4.0,1.0,51910.0,0.0,4.0,12.37,8.0,0.0,13877.0,97.0,15.0,0.0,0.0,0.0,0.0,742.0,6.0,0.2889616644191871,0.5333333333333333,219.0,0.0,0.0,-1.0,0
34050.0,60.0,23.99,979.36,27.0,10.0,0.0,160000.0,2.0,0.0,12.5,11.0,0.0,13285.0,36.1,19.0,0.0,0.0,2.0,0.0,677.0,6.0,0.2128125,0.5789473684210527,166.0,0.0,0.0,-1.0,1
6000.0,36.0,11.53,197.95,9.0,10.0,0.0,42000.0,0.0,0.0,17.54,11.0,2.0,8671.0,42.0,30.0,0.0,0.0,4.0,0.0,712.0,6.0,0.1428571428571428,0.3666666666666666,256.0,0.0078125,0.0,0.0,0
14994.052734375,36.0,8.18,471.1077087402344,5.0,0.0,1.0,798990.875,0.0,4.0,14.26995548248291,18.0,0.0,130781.234375,17.835271453857423,39.0,1.0,0.0,6.0,0.0,737.0,6.0,0.01876623431841526,0.4615384528511448,411.0,0.0,0.0,-1.0,1
35000.0,60.0,17.57,880.61,18.0,7.0,0.0,106000.0,2.0,0.0,23.92,17.0,0.0,43027.0,86.4,30.0,0.0,0.0,5.0,0.0,682.0,6.0,0.330188679245283,0.5666666666666667,308.0,0.0,0.0,-1.0,0
7519.6640625,36.0,7.89,235.25787963867188,4.0,7.0,0.0,412375.5,2.0,2.0,51.021107788085935,4.0,0.0,106732.6171875,86.64167633056641,4.0,0.0,0.0,1.0,0.0,687.0,6.0,0.01823499959868352,0.999999980131785,109.0,0.0,0.0,-1.0,0
15000.0,36.0,12.69,503.18,11.0,10.0,0.0,75000.0,0.0,0.0,19.41,28.0,0.0,22814.0,55.9,53.0,0.0,0.0,4.0,0.0,682.0,6.0,0.2,0.5283018867924528,182.0,0.0,0.0,-1.0,0
25000.0,60.0,20.99,676.2,24.0,10.0,1.0,75000.0,2.0,5.0,34.22,14.0,1.0,7841.0,60.3,36.0,1.0,0.0,2.0,1.0,667.0,6.0,0.3333333333333333,0.3888888888888889,206.0,0.0048543689320388,0.0048543689320388,1.0,0
35000.0,36.0,12.29,1167.36,10.0,5.0,2.0,113000.0,2.0,0.0,20.59,17.0,0.0,71358.0,69.5,31.0,1.0,0.0,3.0,0.0,692.0,6.0,0.3097345132743362,0.5483870967741935,284.0,0.0,0.0,-1.0,0
15000.0,60.0,18.25,382.95,20.0,1.0,1.0,34160.0,1.0,4.0,20.66,15.0,0.0,12291.0,76.8,35.0,1.0,0.0,0.0,0.0,682.0,6.0,0.4391100702576112,0.4285714285714285,82.0,0.0,0.0,-1.0,0
15000.0,36.0,6.89,462.41,2.0,10.0,1.0,72000.0,0.0,4.0,26.15,10.0,0.0,15277.0,31.1,31.0,1.0,0.0,5.0,0.0,727.0,6.0,0.2083333333333333,0.3225806451612903,250.0,0.0,0.0,-1.0,0
25325.0,36.0,9.17,807.34,6.0,2.0,1.0,90000.0,2.0,0.0,20.91,18.0,0.0,6929.0,17.0,22.0,1.0,0.0,0.0,0.0,752.0,6.0,0.2813888888888889,0.8181818181818182,103.0,0.0,0.0,-1.0,0
3600.0,36.0,17.86,129.9,19.0,6.0,0.0,25000.0,0.0,2.0,14.98,10.0,2.0,3206.0,36.9,17.0,0.0,0.0,1.0,0.0,677.0,6.0,0.144,0.5882352941176471,310.0,0.0064516129032258,0.0,0.0,0
19931.111328125,60.0,13.99,463.6594348144531,13.0,3.0,1.0,185747.796875,1.0,4.0,5.7065061187744135,10.0,0.0,18713.423828125,40.22420425415039,15.0,1.0,0.0,1.0,0.0,737.0,6.0,0.10730200012524921,0.6666666666666666,301.0,0.0,0.0,-1.0,0
28000.0,36.0,7.89,876.0,4.0,6.0,0.0,225000.0,1.0,4.0,11.35,6.0,0.0,10702.0,62.6,20.0,0.0,0.0,1.0,0.0,707.0,6.0,0.1244444444444444,0.3,304.0,0.0,0.0,-1.0,0
2500.0,36.0,8.18,78.55,5.0,10.0,0.0,84000.0,1.0,8.0,21.88,13.0,1.0,2334.0,18.7,33.0,0.0,0.0,3.0,0.0,677.0,6.0,0.0297619047619047,0.3939393939393939,305.0,0.0032786885245901,0.0,0.0,0
4500.0,36.0,11.53,148.46,9.0,10.0,0.0,70000.0,1.0,0.0,17.38,10.0,1.0,5504.0,47.9,21.0,1.0,0.0,0.0,1.0,662.0,6.0,0.0642857142857142,0.4761904761904761,146.0,0.0068493150684931,0.0068493150684931,1.0,1
9396.1875,36.0,12.29,313.3919384765625,10.0,4.0,1.0,690458.75,1.0,0.0,53.11878982543945,8.0,1.0,116779.1328125,92.35551605224609,19.0,1.0,0.0,2.0,1.0,667.0,6.0,0.013608591897147027,0.4210526315789473,313.0,0.0031948881789137,0.0031948881789137,1.0,0
20000.0,36.0,12.29,667.06,10.0,10.0,2.0,60000.0,1.0,2.0,35.96,19.0,0.0,11320.0,36.9,43.0,0.0,0.0,3.0,0.0,697.0,6.0,0.3333333333333333,0.4418604651162791,145.0,0.0,0.0,-1.0,1
12000.0,36.0,8.18,377.04,5.0,7.0,0.0,120000.0,0.0,8.0,9.62,8.0,0.0,16618.0,89.3,21.0,0.0,0.0,1.0,0.0,677.0,6.0,0.1,0.3809523809523809,122.0,0.0,0.0,-1.0,0
16000.0,36.0,7.26,495.94,3.0,0.0,1.0,145000.0,2.0,4.0,2.09,6.0,0.0,6999.0,44.9,11.0,0.0,0.0,0.0,0.0,707.0,6.0,0.1103448275862069,0.5454545454545454,164.0,0.0,0.0,-1.0,0
32187.24609375,36.0,22.99,1245.7901806640625,26.0,1.0,1.0,686701.375,1.0,1.0,10.611725997924804,18.0,0.0,149983.5,65.83391418457032,38.0,1.0,0.0,3.0,0.0,662.0,6.0,0.04687227932815877,0.4736842105263157,110.0,0.0,0.0,-1.0,1
20000.0,36.0,10.99,654.68,8.0,3.0,1.0,70000.0,1.0,0.0,8.55,7.0,0.0,5211.0,29.3,11.0,0.0,0.0,0.0,0.0,667.0,6.0,0.2857142857142857,0.6363636363636364,97.0,0.0,0.0,-1.0,0
28000.0,36.0,6.24,854.87,1.0,5.0,0.0,75000.0,0.0,4.0,16.42,17.0,0.0,58483.0,45.2,38.0,0.0,0.0,5.0,0.0,777.0,6.0,0.3733333333333333,0.4473684210526316,276.0,0.0,0.0,-1.0,0
6200.78173828125,36.0,18.55,225.88752502441406,21.0,7.0,1.0,128577.8984375,1.0,4.0,28.401514739990233,2.0,1.0,131175.921875,14.61626148223877,14.0,1.0,0.0,0.0,0.0,667.0,6.0,0.04822587714560561,0.14285711050033567,160.0,0.00625,0.0,0.0,0
9000.0,36.0,8.18,282.78,5.0,10.0,0.0,72000.0,1.0,4.0,17.27,14.0,0.0,13405.0,48.6,24.0,1.0,0.0,2.0,0.0,677.0,6.0,0.125,0.5833333333333334,309.0,0.0,0.0,-1.0,0
3600.0,36.0,13.99,123.03,13.0,1.0,1.0,50232.0,0.0,0.0,37.37,11.0,0.0,11845.0,98.7,32.0,1.0,0.0,1.0,0.0,692.0,6.0,0.0716674629718108,0.34375,186.0,0.0,0.0,-1.0,0
16000.0,36.0,7.26,495.94,3.0,8.0,1.0,60000.0,2.0,0.0,14.36,5.0,0.0,8764.0,47.4,7.0,0.0,0.0,0.0,0.0,737.0,6.0,0.2666666666666666,0.7142857142857143,121.0,0.0,0.0,-1.0,0
14000.0,36.0,8.18,439.88,5.0,3.0,0.0,85000.0,0.0,4.0,28.07,24.0,0.0,34218.0,64.2,33.0,1.0,0.0,1.0,0.0,677.0,6.0,0.1647058823529411,0.7272727272727273,335.0,0.0,0.0,-1.0,0
5000.0,36.0,7.89,156.43,4.0,5.0,0.0,52000.0,0.0,0.0,11.61,8.0,0.0,16175.0,85.1,34.0,0.0,0.0,7.0,0.0,712.0,6.0,0.0961538461538461,0.2352941176470588,235.0,0.0,0.0,-1.0,0
5600.0,36.0,11.53,184.75,9.0,1.0,0.0,37440.0,2.0,0.0,9.13,13.0,0.0,0.0,0.0,35.0,1.0,0.0,0.0,0.0,777.0,6.0,0.1495726495726495,0.3714285714285714,149.0,0.0,0.0,-1.0,0
16000.0,60.0,9.99,339.88,7.0,10.0,0.0,109000.0,1.0,0.0,14.29,10.0,0.0,14991.0,35.2,29.0,0.0,0.0,2.0,0.0,737.0,6.0,0.146788990825688,0.3448275862068966,189.0,0.0,0.0,-1.0,0
10241.837890625,60.0,13.33,234.76787231445311,12.0,7.0,1.0,442757.40625,1.0,4.0,15.983703079223634,14.0,0.0,130673.828125,37.18859100341797,17.0,1.0,0.0,0.0,0.0,742.0,6.0,0.023131930828094505,0.8235294012462392,131.0,0.0,0.0,-1.0,1
24000.0,60.0,16.55,590.68,16.0,9.0,1.0,150000.0,1.0,0.0,13.22,12.0,0.0,2831.0,32.2,56.0,0.0,0.0,1.0,0.0,672.0,6.0,0.16,0.2142857142857142,214.0,0.0,0.0,-1.0,1
10150.0,36.0,17.86,366.24,19.0,10.0,0.0,32000.0,1.0,5.0,37.02,7.0,0.0,10961.0,53.0,14.0,0.0,0.0,0.0,0.0,677.0,6.0,0.3171875,0.5,440.0,0.0,0.0,-1.0,0
8017.314453125,36.0,6.24,244.76661682128906,1.0,1.0,1.0,102314.7109375,0.0,0.0,37.42257331848145,13.0,0.0,30641.453125,36.82441329956055,22.0,0.0,0.0,0.0,0.0,737.0,6.0,0.07835935413837433,0.5909090909090909,125.0,0.0,0.0,-1.0,0
35000.0,36.0,18.55,1275.02,21.0,6.0,0.0,160000.0,2.0,0.0,24.99,14.0,0.0,22558.0,76.2,29.0,0.0,0.0,3.0,0.0,697.0,6.0,0.21875,0.4827586206896552,224.0,0.0,0.0,-1.0,0
11583.6416015625,60.0,12.29,259.37318725585936,10.0,7.0,0.0,324109.375,1.0,0.0,67.47397888183593,14.0,0.0,465059.1875,43.697940826416016,38.0,1.0,0.0,4.0,0.0,672.0,6.0,0.035739912706262894,0.3684210413032108,316.0,0.0,0.0,-1.0,0
10000.0,36.0,12.69,335.45,11.0,10.0,1.0,42000.0,1.0,0.0,16.37,5.0,0.0,9726.0,85.3,7.0,1.0,0.0,0.0,0.0,682.0,6.0,0.238095238095238,0.7142857142857143,79.0,0.0,0.0,-1.0,1
4800.0,36.0,8.18,150.82,5.0,4.0,1.0,45000.0,0.0,8.0,23.92,5.0,0.0,26669.0,82.8,18.0,1.0,0.0,0.0,0.0,697.0,6.0,0.1066666666666666,0.2777777777777778,252.0,0.0,0.0,-1.0,0
12000.0,36.0,12.29,400.24,10.0,3.0,1.0,52000.0,0.0,0.0,28.73,14.0,0.0,9867.0,35.9,23.0,1.0,0.0,0.0,0.0,662.0,6.0,0.2307692307692307,0.6086956521739131,94.0,0.0,0.0,-1.0,0
12650.0,36.0,5.32,380.96,0.0,8.0,0.0,76000.0,0.0,4.0,25.36,18.0,0.0,12493.0,35.0,32.0,0.0,0.0,2.0,0.0,727.0,6.0,0.1664473684210526,0.5625,104.0,0.0,0.0,-1.0,0
15000.0,36.0,7.89,469.29,4.0,7.0,1.0,124000.0,0.0,0.0,27.33,15.0,0.0,27444.0,50.9,29.0,0.0,0.0,1.0,0.0,747.0,6.0,0.1209677419354838,0.5172413793103449,293.0,0.0,0.0,-1.0,0
5000.0,36.0,11.53,164.96,9.0,2.0,0.0,40000.0,2.0,2.0,2.46,3.0,0.0,2676.0,95.6,8.0,1.0,0.0,1.0,0.0,692.0,6.0,0.125,0.375,218.0,0.0,0.0,-1.0,0
26200.0,60.0,18.55,673.18,21.0,4.0,0.0,57000.0,0.0,0.0,28.13,15.0,0.0,33235.0,90.6,30.0,0.0,0.0,2.0,0.0,682.0,6.0,0.4596491228070175,0.5,194.0,0.0,0.0,-1.0,0
8000.0,36.0,9.17,255.04,6.0,8.0,1.0,44500.0,0.0,0.0,26.13,9.0,0.0,10406.0,83.9,23.0,0.0,0.0,1.0,0.0,677.0,6.0,0.1797752808988764,0.391304347826087,109.0,0.0,0.0,-1.0,0
10000.0,36.0,14.65,344.95,14.0,10.0,1.0,28000.0,1.0,0.0,18.09,7.0,0.0,4422.0,53.9,12.0,0.0,0.0,0.0,0.0,662.0,6.0,0.3571428571428571,0.5833333333333334,154.0,0.0,0.0,-1.0,0
7000.0,36.0,13.33,236.98,12.0,0.0,0.0,57500.0,1.0,4.0,19.93,6.0,0.0,8836.0,92.0,26.0,0.0,0.0,2.0,0.0,697.0,6.0,0.1217391304347826,0.2307692307692307,156.0,0.0,0.0,-1.0,1
15825.0,36.0,15.61,553.32,15.0,0.0,1.0,36000.0,1.0,4.0,17.33,10.0,0.0,17072.0,64.2,11.0,1.0,0.0,0.0,0.0,687.0,6.0,0.4395833333333333,0.9090909090909092,71.0,0.0,0.0,-1.0,0
28000.0,36.0,16.99,998.14,17.0,9.0,1.0,95000.0,2.0,4.0,34.69,12.0,0.0,34441.0,88.8,18.0,1.0,0.0,0.0,0.0,662.0,6.0,0.2947368421052631,0.6666666666666666,88.0,0.0,0.0,-1.0,0
25000.0,36.0,12.69,838.63,11.0,4.0,1.0,95000.0,1.0,0.0,12.01,31.0,0.0,23246.0,65.7,40.0,1.0,0.0,0.0,0.0,687.0,6.0,0.2631578947368421,0.775,142.0,0.0,0.0,-1.0,0
6000.0,36.0,12.29,200.12,10.0,1.0,1.0,80000.0,0.0,0.0,6.68,6.0,0.0,7610.0,84.6,12.0,1.0,0.0,0.0,0.0,672.0,6.0,0.075,0.5,90.0,0.0,0.0,-1.0,0
15000.0,36.0,11.53,494.86,9.0,2.0,1.0,65000.0,1.0,0.0,26.23,10.0,0.0,8375.0,34.2,18.0,1.0,0.0,0.0,0.0,722.0,6.0,0.2307692307692307,0.5555555555555556,56.0,0.0,0.0,-1.0,0
17600.0,60.0,21.99,486.0,25.0,9.0,1.0,55000.0,2.0,5.0,21.91,10.0,0.0,5271.0,21.6,17.0,1.0,0.0,0.0,0.0,742.0,6.0,0.32,0.5882352941176471,115.0,0.0,0.0,-1.0,1
14425.0,60.0,22.99,406.57,26.0,10.0,0.0,55000.0,1.0,0.0,38.01,22.0,1.0,9979.0,48.9,25.0,1.0,0.0,1.0,1.0,692.0,6.0,0.2622727272727272,0.88,126.0,0.0079365079365079,0.0079365079365079,1.0,0
26500.0,36.0,5.32,798.05,0.0,10.0,0.0,100000.0,0.0,4.0,14.83,10.0,0.0,65755.0,64.5,23.0,0.0,0.0,3.0,0.0,757.0,6.0,0.265,0.4347826086956521,183.0,0.0,0.0,-1.0,0
35000.0,60.0,23.99,1006.68,27.0,0.0,0.0,127000.0,2.0,4.0,33.66,16.0,0.0,107113.0,99.0,35.0,0.0,0.0,5.0,0.0,687.0,6.0,0.2755905511811024,0.4571428571428571,382.0,0.0,0.0,-1.0,0
13200.0,36.0,12.69,442.8,11.0,10.0,0.0,78800.0,0.0,0.0,6.94,5.0,0.0,7984.0,80.0,29.0,0.0,0.0,2.0,0.0,672.0,6.0,0.1675126903553299,0.1724137931034483,250.0,0.0,0.0,-1.0,0
8925.0,36.0,12.69,299.39,11.0,0.0,0.0,125000.0,1.0,0.0,11.9,10.0,1.0,2613.0,30.7,24.0,0.0,0.0,2.0,1.0,687.0,6.0,0.0714,0.4166666666666667,192.0,0.0052083333333333,0.0052083333333333,1.0,0
11525.0,36.0,13.33,390.16,12.0,10.0,0.0,70000.0,0.0,0.0,17.92,7.0,0.0,1943.0,34.0,11.0,1.0,0.0,2.0,0.0,667.0,6.0,0.1646428571428571,0.6363636363636364,185.0,0.0,0.0,-1.0,0
6000.0,36.0,9.17,191.28,6.0,8.0,1.0,93000.0,1.0,0.0,8.49,8.0,1.0,1357.0,8.2,22.0,0.0,0.0,0.0,1.0,662.0,6.0,0.064516129032258,0.3636363636363636,338.0,0.0029585798816568,0.0029585798816568,1.0,0
12000.0,36.0,14.65,413.94,14.0,10.0,2.0,60000.0,2.0,0.0,5.18,12.0,0.0,11375.0,45.5,23.0,0.0,0.0,6.0,0.0,672.0,6.0,0.2,0.5217391304347826,168.0,0.0,0.0,-1.0,0
29494.00390625,36.0,7.89,922.742255859375,4.0,10.0,0.0,75801.3828125,2.0,0.0,21.065792541503907,15.0,0.0,47946.5546875,62.148050689697264,22.0,0.0,0.0,3.0,0.0,707.0,6.0,0.38909585033457705,0.6818181818181818,358.0,0.0,0.0,-1.0,0
7000.0,36.0,11.53,230.94,9.0,2.0,2.0,35000.0,2.0,5.0,16.1,8.0,0.0,8484.0,33.5,19.0,1.0,0.0,0.0,0.0,692.0,6.0,0.2,0.4210526315789473,204.0,0.0,0.0,-1.0,0
8000.0,36.0,7.89,250.29,4.0,7.0,1.0,32000.0,0.0,4.0,15.3,7.0,0.0,8530.0,39.1,10.0,0.0,0.0,0.0,0.0,722.0,6.0,0.25,0.7,101.0,0.0,0.0,-1.0,0
5875.0,36.0,13.33,198.89,12.0,5.0,1.0,53000.0,1.0,4.0,12.43,8.0,2.0,782.0,4.3,23.0,0.0,0.0,0.0,2.0,682.0,6.0,0.1108490566037735,0.3478260869565217,123.0,0.016260162601626,0.016260162601626,1.0,1
8000.0,36.0,7.89,250.29,4.0,1.0,1.0,37500.0,1.0,4.0,22.72,10.0,1.0,5245.0,22.0,12.0,1.0,0.0,1.0,1.0,702.0,6.0,0.2133333333333333,0.8333333333333334,151.0,0.0066225165562913,0.0066225165562913,1.0,0
21053.234375,36.0,9.17,671.1536645507813,6.0,0.0,2.0,36574.06640625,0.0,0.0,28.490246810913085,16.0,0.0,0.0,54.29463424682617,32.0,1.0,0.0,1.0,0.0,692.0,6.0,0.575632882118225,0.5000000144204786,157.0,0.0,0.0,-1.0,0
4000.0,36.0,14.65,137.98,14.0,2.0,2.0,35000.0,1.0,6.0,25.99,7.0,0.0,6444.0,68.6,12.0,1.0,0.0,0.0,0.0,662.0,6.0,0.1142857142857142,0.5833333333333334,44.0,0.0,0.0,-1.0,0
12000.0,60.0,16.99,298.17,17.0,8.0,0.0,90000.0,0.0,0.0,15.72,10.0,0.0,9851.0,75.8,27.0,1.0,0.0,6.0,0.0,687.0,6.0,0.1333333333333333,0.3703703703703703,317.0,0.0,0.0,-1.0,0
25021.875,60.0,13.33,573.5582299804687,12.0,8.0,0.0,386599.46875,0.0,4.0,20.261412963867187,14.0,0.0,98539.3203125,51.22780303955078,32.0,0.0,0.0,2.0,0.0,687.0,6.0,0.06472298999627427,0.4375,124.0,0.0,0.0,-1.0,1
9975.0,36.0,9.17,318.0,6.0,10.0,1.0,74500.0,0.0,4.0,31.54,16.0,0.0,16575.0,32.2,24.0,1.0,0.0,0.0,0.0,702.0,6.0,0.1338926174496644,0.6666666666666666,145.0,0.0,0.0,-1.0,0
7500.0,36.0,16.55,265.72,16.0,1.0,1.0,50000.0,1.0,0.0,13.03,20.0,0.0,4723.0,78.7,21.0,1.0,0.0,0.0,0.0,667.0,6.0,0.15,0.9523809523809524,55.0,0.0,0.0,-1.0,0
15000.0,60.0,17.57,377.41,18.0,9.0,1.0,75400.0,1.0,0.0,10.04,8.0,0.0,6784.0,45.8,16.0,0.0,0.0,3.0,0.0,662.0,6.0,0.1989389920424403,0.5,73.0,0.0,0.0,-1.0,1
8200.0,36.0,12.69,275.07,11.0,5.0,1.0,32000.0,0.0,0.0,27.04,7.0,0.0,3593.0,40.0,9.0,0.0,0.0,0.0,0.0,702.0,6.0,0.25625,0.7777777777777778,129.0,0.0,0.0,-1.0,0
16000.0,60.0,13.33,366.76,12.0,0.0,1.0,200000.0,1.0,0.0,13.8,19.0,2.0,6250.0,33.6,36.0,1.0,0.0,2.0,1.0,677.0,6.0,0.08,0.5277777777777778,302.0,0.0066225165562913,0.0033112582781456,0.5,1
3500.0,36.0,11.53,115.47,9.0,10.0,0.0,80000.0,0.0,9.0,28.09,6.0,0.0,14907.0,64.0,39.0,1.0,0.0,4.0,0.0,722.0,6.0,0.04375,0.1538461538461538,147.0,0.0,0.0,-1.0,0
18000.0,36.0,8.18,565.56,5.0,10.0,0.0,100000.0,1.0,2.0,31.12,7.0,0.0,258827.0,97.0,18.0,0.0,0.0,5.0,0.0,697.0,6.0,0.18,0.3888888888888889,243.0,0.0,0.0,-1.0,0
6500.0,36.0,7.89,203.36,4.0,4.0,1.0,56000.0,1.0,4.0,12.88,6.0,0.0,6158.0,62.8,14.0,0.0,0.0,1.0,0.0,672.0,6.0,0.1160714285714285,0.4285714285714285,180.0,0.0,0.0,-1.0,0
6000.0,36.0,13.99,205.04,13.0,0.0,1.0,27000.0,1.0,4.0,34.76,7.0,0.0,6981.0,90.7,12.0,0.0,0.0,0.0,0.0,662.0,6.0,0.2222222222222222,0.5833333333333334,144.0,0.0,0.0,-1.0,0
19974.505859375,36.0,10.99,653.8427197265624,8.0,10.0,1.0,454655.9375,1.0,4.0,22.693236961364747,9.0,0.0,0.0,61.59503784179688,16.0,1.0,0.0,0.0,0.0,687.0,6.0,0.04393323785380307,0.5624999761581421,260.0,0.0,0.0,-1.0,0
16000.0,36.0,9.17,510.07,6.0,0.0,1.0,90000.0,1.0,4.0,24.68,12.0,0.0,28256.0,78.9,34.0,0.0,0.0,0.0,0.0,697.0,6.0,0.1777777777777777,0.3529411764705882,177.0,0.0,0.0,-1.0,0
24000.0,36.0,7.26,743.91,3.0,10.0,0.0,100000.0,1.0,4.0,18.22,18.0,0.0,15687.0,35.1,43.0,0.0,0.0,5.0,0.0,722.0,6.0,0.24,0.4186046511627907,158.0,0.0,0.0,-1.0,0
3500.0,36.0,15.61,122.38,15.0,4.0,1.0,62500.0,0.0,10.0,31.04,12.0,0.0,17922.0,79.3,22.0,0.0,0.0,0.0,0.0,702.0,6.0,0.056,0.5454545454545454,126.0,0.0,0.0,-1.0,0
10000.0,36.0,10.99,327.34,8.0,10.0,2.0,28000.0,1.0,0.0,23.83,13.0,2.0,1349.0,7.5,30.0,0.0,0.0,2.0,2.0,677.0,6.0,0.3571428571428571,0.4333333333333333,214.0,0.0093457943925233,0.0093457943925233,1.0,0
9525.0,36.0,24.99,378.67,28.0,5.0,1.0,44000.0,2.0,7.0,27.55,30.0,1.0,7726.0,20.6,35.0,0.0,0.0,0.0,0.0,697.0,6.0,0.2164772727272727,0.8571428571428571,166.0,0.0060240963855421,0.0,0.0,0
22075.0,60.0,15.61,532.26,15.0,6.0,1.0,60000.0,1.0,0.0,23.1,7.0,0.0,9553.0,79.6,35.0,0.0,0.0,0.0,0.0,717.0,6.0,0.3679166666666666,0.2,233.0,0.0,0.0,-1.0,0
18000.0,36.0,9.17,573.83,6.0,9.0,0.0,90000.0,1.0,4.0,20.0,16.0,0.0,19651.0,62.4,33.0,0.0,0.0,1.0,0.0,662.0,6.0,0.2,0.4848484848484848,177.0,0.0,0.0,-1.0,0
3000.0,36.0,12.29,100.06,10.0,10.0,0.0,30000.0,2.0,0.0,23.48,11.0,0.0,5350.0,44.0,13.0,0.0,0.0,0.0,0.0,702.0,6.0,0.1,0.8461538461538461,262.0,0.0,0.0,-1.0,0
3125.0,36.0,16.55,110.72,16.0,2.0,1.0,35000.0,0.0,0.0,15.36,7.0,1.0,1749.0,31.0,20.0,0.0,0.0,0.0,1.0,662.0,6.0,0.0892857142857142,0.35,124.0,0.0080645161290322,0.0080645161290322,1.0,1
18681.833984375,60.0,13.99,434.59733154296873,13.0,4.0,2.0,7061.84765625,0.0,0.0,17.766488494873048,7.0,0.0,192078.9375,38.073849487304685,23.0,0.0,0.0,4.0,0.0,767.0,6.0,2.6454602153212936,0.3043478178350549,348.0,0.0,0.0,-1.0,0
19200.0,36.0,5.32,578.21,0.0,10.0,0.0,115000.0,0.0,4.0,15.55,24.0,0.0,20631.0,23.9,35.0,0.0,0.0,0.0,0.0,742.0,6.0,0.1669565217391304,0.6857142857142857,284.0,0.0,0.0,-1.0,0
7947.6923828125,36.0,18.55,289.52551025390625,21.0,8.0,1.0,350704.875,1.0,1.0,16.0195849609375,8.0,0.0,283110.3125,126.61391143798828,23.0,1.0,0.0,5.0,0.0,677.0,6.0,0.022662050724029548,0.34782609732254693,166.0,0.0,0.0,-1.0,0
13454.041015625,36.0,7.89,420.9189599609375,4.0,3.0,1.0,856936.875,0.0,4.0,69.0382308959961,26.0,0.0,211878.75,39.20222625732422,39.0,0.0,0.0,3.0,0.0,692.0,6.0,0.015700157122178454,0.6666666746139527,131.0,0.0,0.0,-1.0,0
13000.0,36.0,5.32,391.5,0.0,3.0,1.0,55000.0,0.0,0.0,24.96,9.0,0.0,8821.0,29.5,18.0,0.0,0.0,0.0,0.0,752.0,6.0,0.2363636363636363,0.5,191.0,0.0,0.0,-1.0,0
10000.0,60.0,13.99,232.64,13.0,2.0,0.0,37440.0,2.0,0.0,7.66,13.0,0.0,8420.0,78.7,28.0,0.0,0.0,1.0,0.0,677.0,6.0,0.2670940170940171,0.4642857142857143,121.0,0.0,0.0,-1.0,1
25036.3046875,60.0,13.33,573.8931298828124,12.0,10.0,0.0,26026.5703125,1.0,0.0,38.217228698730466,15.0,0.0,34997.9765625,77.1914794921875,21.0,0.0,0.0,1.0,0.0,672.0,6.0,0.9619516134262085,0.7142857142857143,246.0,0.0,0.0,-1.0,1
7000.0,36.0,6.89,215.79,2.0,2.0,0.0,70000.0,2.0,0.0,23.39,43.0,0.0,11355.0,13.9,71.0,0.0,0.0,2.0,0.0,682.0,6.0,0.1,0.6056338028169014,179.0,0.0,0.0,-1.0,0
11200.0,36.0,6.24,341.95,1.0,5.0,2.0,51200.0,1.0,4.0,15.82,11.0,2.0,7896.0,37.1,22.0,0.0,0.0,0.0,1.0,682.0,6.0,0.21875,0.5,312.0,0.0064102564102564,0.0032051282051282,0.5,0
10250.0,60.0,18.25,261.68,20.0,10.0,0.0,43000.0,2.0,0.0,37.51,12.0,0.0,23928.0,65.0,19.0,0.0,0.0,2.0,0.0,702.0,6.0,0.2383720930232558,0.631578947368421,171.0,0.0,0.0,-1.0,0
16000.0,60.0,19.19,416.73,22.0,5.0,0.0,65000.0,2.0,0.0,20.94,20.0,0.0,16653.0,42.6,29.0,1.0,0.0,1.0,0.0,667.0,6.0,0.2461538461538461,0.6896551724137931,130.0,0.0,0.0,-1.0,0
15200.0,36.0,12.69,509.89,11.0,7.0,0.0,140000.0,1.0,0.0,23.48,13.0,0.0,10334.0,55.0,19.0,1.0,0.0,1.0,0.0,712.0,6.0,0.1085714285714285,0.6842105263157895,96.0,0.0,0.0,-1.0,0
11000.0,60.0,17.57,276.77,18.0,10.0,0.0,56000.0,2.0,0.0,4.45,4.0,1.0,2257.0,25.1,9.0,1.0,0.0,1.0,1.0,667.0,6.0,0.1964285714285714,0.4444444444444444,115.0,0.008695652173913,0.008695652173913,1.0,0
8000.0,36.0,8.18,251.36,5.0,1.0,1.0,50000.0,1.0,0.0,5.71,11.0,0.0,9969.0,36.8,26.0,0.0,0.0,1.0,0.0,682.0,6.0,0.16,0.4230769230769231,171.0,0.0,0.0,-1.0,0
15400.0,36.0,12.29,513.64,10.0,0.0,1.0,35000.0,0.0,0.0,23.63,13.0,0.0,14682.0,37.7,22.0,1.0,0.0,0.0,0.0,702.0,6.0,0.44,0.5909090909090909,191.0,0.0,0.0,-1.0,0
23675.0,36.0,16.55,838.79,16.0,10.0,0.0,65000.0,1.0,2.0,22.58,12.0,0.0,4548.0,51.1,25.0,1.0,0.0,4.0,0.0,672.0,6.0,0.3642307692307692,0.48,392.0,0.0,0.0,-1.0,0
4000.0,36.0,7.89,125.15,4.0,9.0,0.0,40000.0,2.0,0.0,4.08,3.0,0.0,4560.0,54.3,6.0,0.0,0.0,2.0,0.0,687.0,6.0,0.1,0.5,205.0,0.0,0.0,-1.0,0
19000.0,60.0,14.65,448.53,14.0,2.0,1.0,82000.0,2.0,0.0,12.23,7.0,0.0,18082.0,65.0,16.0,1.0,0.0,0.0,0.0,697.0,6.0,0.2317073170731707,0.4375,158.0,0.0,0.0,-1.0,0
2500.0,36.0,17.57,89.85,18.0,6.0,1.0,48000.0,0.0,9.0,32.83,15.0,1.0,5903.0,36.2,33.0,0.0,0.0,3.0,1.0,672.0,6.0,0.0520833333333333,0.4545454545454545,219.0,0.0045662100456621,0.0045662100456621,1.0,0
20000.0,36.0,12.29,667.06,10.0,10.0,1.0,65000.0,1.0,0.0,18.78,15.0,1.0,15482.0,46.9,19.0,1.0,0.0,0.0,1.0,682.0,6.0,0.3076923076923077,0.7894736842105263,124.0,0.0080645161290322,0.0080645161290322,1.0,0
10500.0,36.0,13.33,355.46,12.0,10.0,1.0,30000.0,0.0,0.0,27.32,18.0,0.0,14090.0,55.0,25.0,0.0,0.0,0.0,0.0,702.0,6.0,0.35,0.72,266.0,0.0,0.0,-1.0,0
6290.4716796875,36.0,11.53,207.53119201660155,9.0,3.0,0.0,147562.71875,1.0,0.0,21.003762969970705,26.0,0.0,157110.09375,80.28747253417968,46.0,0.0,0.0,3.0,0.0,662.0,6.0,0.04262913731592038,0.5652173964873605,189.0,0.0,0.0,-1.0,0
16000.0,36.0,10.99,523.75,8.0,4.0,1.0,73000.0,1.0,8.0,24.02,14.0,0.0,5815.0,0.3,31.0,1.0,0.0,4.0,0.0,732.0,6.0,0.2191780821917808,0.4516129032258064,198.0,0.0,0.0,-1.0,0
24000.0,60.0,13.99,558.32,13.0,0.0,0.0,95000.0,2.0,0.0,34.39,17.0,1.0,25872.0,78.2,28.0,0.0,0.0,1.0,0.0,687.0,6.0,0.2526315789473684,0.6071428571428571,249.0,0.0040160642570281,0.0,0.0,1
14515.767578125,36.0,7.89,454.13576416015627,4.0,10.0,1.0,230562.46875,0.0,0.0,15.327319869995117,10.0,1.0,377515.09375,54.40284652709961,23.0,0.0,0.0,2.0,1.0,682.0,6.0,0.06295806417862568,0.4347825971516696,270.0,0.0037037037037037,0.0037037037037037,1.0,0
21600.0,60.0,15.61,520.81,15.0,10.0,0.0,74000.0,1.0,0.0,10.06,8.0,0.0,19254.0,70.8,10.0,0.0,0.0,2.0,0.0,712.0,7.0,0.2918918918918919,0.8,213.0,0.0,0.0,-1.0,0
8000.0,36.0,7.26,247.97,3.0,5.0,1.0,64000.0,1.0,0.0,16.71,8.0,0.0,8638.0,85.5,15.0,0.0,0.0,0.0,0.0,682.0,7.0,0.125,0.5333333333333333,178.0,0.0,0.0,-1.0,0
15600.0,60.0,12.29,349.31,10.0,3.0,0.0,106000.0,0.0,0.0,18.18,11.0,0.0,10106.0,64.0,40.0,1.0,0.0,3.0,0.0,667.0,7.0,0.1471698113207547,0.275,159.0,0.0,0.0,-1.0,0
20000.0,60.0,17.57,503.21,18.0,10.0,0.0,104300.0,1.0,0.0,27.4,15.0,0.0,21589.0,79.1,34.0,1.0,0.0,4.0,0.0,682.0,7.0,0.1917545541706615,0.4411764705882353,142.0,0.0,0.0,-1.0,1
28000.0,60.0,15.61,675.12,15.0,1.0,1.0,120000.0,2.0,0.0,37.3,13.0,0.0,50700.0,80.0,33.0,1.0,0.0,6.0,0.0,662.0,7.0,0.2333333333333333,0.3939393939393939,449.0,0.0,0.0,-1.0,0
34925.0,60.0,15.61,842.09,15.0,10.0,0.0,72800.0,1.0,0.0,37.12,23.0,0.0,26011.0,30.1,51.0,1.0,0.0,1.0,0.0,687.0,7.0,0.479739010989011,0.4509803921568627,264.0,0.0,0.0,-1.0,0
10000.0,36.0,7.89,312.86,4.0,10.0,1.0,34500.0,1.0,4.0,8.56,8.0,0.0,10145.0,30.7,10.0,0.0,0.0,0.0,0.0,702.0,7.0,0.2898550724637681,0.8,125.0,0.0,0.0,-1.0,0
9100.0,36.0,7.26,282.07,3.0,1.0,0.0,52000.0,1.0,4.0,12.72,10.0,1.0,4787.0,31.9,21.0,1.0,0.0,1.0,1.0,712.0,7.0,0.175,0.4761904761904761,135.0,0.0074074074074074,0.0074074074074074,1.0,0
26450.0,36.0,13.99,903.87,13.0,0.0,0.0,115000.0,1.0,0.0,13.27,17.0,0.0,13046.0,41.0,32.0,1.0,0.0,1.0,0.0,677.0,7.0,0.23,0.53125,153.0,0.0,0.0,-1.0,0
18552.0,60.0,14.65,437.94948608398437,14.0,4.0,0.0,240128.34375,0.0,4.0,27.706046142578124,3.0,0.0,35244.98828125,80.10557861328125,10.0,0.0,0.0,1.0,0.0,692.0,7.0,0.0772586838688169,0.30000000618971306,279.0,0.0,0.0,-1.0,0
15000.0,60.0,18.25,382.95,20.0,0.0,1.0,46000.0,1.0,0.0,8.44,6.0,0.0,14522.0,71.9,7.0,1.0,0.0,0.0,0.0,667.0,7.0,0.3260869565217391,0.8571428571428571,62.0,0.0,0.0,-1.0,0
20000.0,60.0,15.61,482.23,15.0,6.0,0.0,55000.0,1.0,4.0,30.05,17.0,0.0,27516.0,77.1,38.0,1.0,0.0,0.0,0.0,682.0,7.0,0.3636363636363636,0.4473684210526316,168.0,0.0,0.0,-1.0,1
33000.0,60.0,15.61,795.68,15.0,9.0,0.0,115000.0,2.0,0.0,7.95,8.0,0.0,31256.0,96.2,33.0,1.0,0.0,4.0,0.0,707.0,7.0,0.2869565217391304,0.2424242424242424,227.0,0.0,0.0,-1.0,0
25000.0,60.0,18.55,642.34,21.0,2.0,0.0,65000.0,0.0,0.0,33.31,12.0,0.0,13026.0,81.9,27.0,1.0,0.0,6.0,0.0,662.0,7.0,0.3846153846153846,0.4444444444444444,370.0,0.0,0.0,-1.0,0
16000.0,60.0,8.18,325.81,5.0,9.0,0.0,137000.0,0.0,4.0,10.52,10.0,0.0,13631.0,54.3,31.0,1.0,0.0,2.0,0.0,722.0,7.0,0.1167883211678832,0.3225806451612903,194.0,0.0,0.0,-1.0,0
20000.0,60.0,7.26,398.49,3.0,10.0,0.0,100000.0,0.0,4.0,13.16,6.0,0.0,18148.0,58.5,20.0,0.0,0.0,4.0,0.0,787.0,7.0,0.2,0.3,211.0,0.0,0.0,-1.0,0
8000.0,36.0,12.29,266.83,10.0,6.0,2.0,75000.0,0.0,4.0,32.79,22.0,0.0,21494.0,84.3,44.0,1.0,0.0,1.0,0.0,662.0,7.0,0.1066666666666666,0.5,359.0,0.0,0.0,-1.0,0
1800.0,36.0,10.99,58.93,8.0,10.0,2.0,70000.0,2.0,0.0,15.88,15.0,2.0,8115.0,55.2,30.0,1.0,0.0,0.0,0.0,672.0,7.0,0.0257142857142857,0.5,132.0,0.0151515151515151,0.0,0.0,0
12000.0,36.0,14.65,413.94,14.0,10.0,0.0,110000.0,2.0,0.0,13.84,15.0,1.0,12283.0,40.0,61.0,0.0,0.0,6.0,1.0,667.0,7.0,0.109090909090909,0.2459016393442623,142.0,0.0070422535211267,0.0070422535211267,1.0,0
5000.0,36.0,5.32,150.58,0.0,10.0,1.0,50000.0,0.0,0.0,16.8,17.0,1.0,1919.0,17.6,29.0,1.0,0.0,0.0,1.0,747.0,7.0,0.1,0.5862068965517241,238.0,0.0042016806722689,0.0042016806722689,1.0,0
6000.0,36.0,14.65,206.97,14.0,1.0,1.0,75000.0,1.0,0.0,12.49,10.0,0.0,18234.0,46.6,18.0,1.0,0.0,0.0,0.0,672.0,7.0,0.08,0.5555555555555556,83.0,0.0,0.0,-1.0,0
15000.0,36.0,17.86,541.24,19.0,10.0,1.0,50000.0,1.0,0.0,26.98,11.0,1.0,10019.0,39.8,33.0,0.0,0.0,2.0,1.0,677.0,7.0,0.3,0.3333333333333333,147.0,0.0068027210884353,0.0068027210884353,1.0,0
26400.0,36.0,13.99,902.17,13.0,7.0,1.0,60000.0,2.0,4.0,24.62,17.0,0.0,33336.0,77.7,31.0,1.0,0.0,0.0,0.0,662.0,7.0,0.44,0.5483870967741935,193.0,0.0,0.0,-1.0,0
10000.0,36.0,10.99,327.34,8.0,0.0,1.0,80000.0,1.0,4.0,16.35,9.0,0.0,21277.0,72.1,18.0,0.0,0.0,0.0,0.0,687.0,7.0,0.125,0.5,134.0,0.0,0.0,-1.0,0
30000.0,60.0,11.53,660.24,9.0,10.0,1.0,150000.0,2.0,0.0,14.71,11.0,1.0,46567.0,49.5,23.0,1.0,0.0,3.0,0.0,682.0,7.0,0.2,0.4782608695652174,245.0,0.0040816326530612,0.0,0.0,1
6072.884765625,36.0,8.18,190.807841796875,5.0,5.0,0.0,540769.875,0.0,2.0,31.835578155517577,7.0,0.0,109765.1796875,26.150687789916994,32.0,0.0,0.0,5.0,0.0,702.0,7.0,0.011230066418647766,0.2187499945813959,242.0,0.0,0.0,-1.0,0
4500.0,36.0,13.33,152.34,12.0,7.0,0.0,74000.0,0.0,0.0,12.99,25.0,0.0,2579.0,5.3,36.0,1.0,0.0,1.0,0.0,687.0,7.0,0.0608108108108108,0.6944444444444444,124.0,0.0,0.0,-1.0,0
14106.7490234375,36.0,16.55,499.79002563476564,16.0,10.0,1.0,702479.9375,2.0,0.0,0.7472060966491698,10.0,0.0,136531.25,47.29623794555664,14.0,1.0,0.0,1.0,0.0,677.0,7.0,0.020081356304815445,0.7142857142857143,138.0,0.0,0.0,-1.0,1
12800.0,60.0,15.61,308.63,15.0,0.0,1.0,30000.0,1.0,0.0,12.64,10.0,0.0,5634.0,79.4,14.0,0.0,0.0,0.0,0.0,667.0,7.0,0.4266666666666667,0.7142857142857143,90.0,0.0,0.0,-1.0,1
7207.17626953125,36.0,13.33,243.98634338378906,12.0,9.0,0.0,143092.46875,2.0,5.0,45.22892349243164,12.0,0.0,170705.46875,111.74542236328125,38.0,0.0,0.0,5.0,0.0,672.0,7.0,0.05036726903915405,0.3157894736842105,170.0,0.0,0.0,-1.0,0
5600.0,36.0,12.69,187.86,11.0,5.0,1.0,30000.0,1.0,0.0,22.16,11.0,0.0,6050.0,41.7,23.0,1.0,0.0,0.0,0.0,667.0,7.0,0.1866666666666666,0.4782608695652174,126.0,0.0,0.0,-1.0,0
15000.0,36.0,11.53,494.86,9.0,10.0,1.0,48000.0,1.0,4.0,21.7,9.0,0.0,14402.0,86.8,16.0,0.0,0.0,0.0,0.0,697.0,7.0,0.3125,0.5625,140.0,0.0,0.0,-1.0,0
15000.0,36.0,7.89,469.29,4.0,8.0,2.0,68000.0,0.0,0.0,21.68,9.0,0.0,13833.0,39.0,14.0,0.0,0.0,1.0,0.0,712.0,7.0,0.2205882352941176,0.6428571428571429,149.0,0.0,0.0,-1.0,0
16593.5859375,36.0,8.18,521.3645263671875,5.0,10.0,2.0,225572.125,0.0,4.0,22.484827346801758,16.0,0.0,58814.34765625,67.43023681640625,51.0,0.0,0.0,5.0,0.0,667.0,7.0,0.0735622187455495,0.29411764822754205,293.0,0.0,0.0,-1.0,0
18200.0,36.0,17.86,656.7,19.0,0.0,1.0,155000.0,1.0,0.0,22.59,11.0,0.0,5709.0,68.8,35.0,0.0,0.0,4.0,0.0,667.0,7.0,0.1174193548387096,0.3142857142857143,261.0,0.0,0.0,-1.0,0
10072.826171875,36.0,7.26,312.2188708496094,3.0,10.0,0.0,254500.875,1.0,0.0,24.44635585784912,9.0,0.0,74209.640625,68.33260955810547,20.0,1.0,0.0,3.0,0.0,682.0,7.0,0.03957874551415444,0.45,298.0,0.0,0.0,-1.0,0
25000.0,36.0,7.26,774.91,3.0,1.0,1.0,175000.0,0.0,0.0,12.83,12.0,1.0,195893.0,44.9,35.0,0.0,0.0,1.0,0.0,732.0,7.0,0.1428571428571428,0.3428571428571428,253.0,0.0039525691699604,0.0,0.0,0
30000.0,36.0,9.17,956.37,6.0,2.0,1.0,94100.0,1.0,0.0,14.16,16.0,0.0,36741.0,57.1,32.0,0.0,0.0,0.0,0.0,697.0,7.0,0.3188097768331562,0.5,259.0,0.0,0.0,-1.0,0
2500.0,36.0,18.55,91.08,21.0,0.0,1.0,12550.0,2.0,0.0,30.33,12.0,0.0,2164.0,38.0,13.0,1.0,0.0,0.0,0.0,672.0,7.0,0.199203187250996,0.9230769230769232,61.0,0.0,0.0,-1.0,0
7958.75341796875,36.0,12.69,266.97383056640626,11.0,2.0,1.0,742019.9375,2.0,0.0,67.6601187133789,22.0,0.0,31728.251953125,31.637550354003906,40.0,1.0,0.0,2.0,0.0,672.0,7.0,0.010725792541223356,0.5499999859394171,188.0,0.0,0.0,-1.0,0
9000.0,36.0,15.61,314.69,15.0,7.0,0.0,57000.0,1.0,0.0,12.59,13.0,1.0,21429.0,64.5,38.0,1.0,0.0,5.0,1.0,662.0,7.0,0.1578947368421052,0.3421052631578947,155.0,0.0064516129032258,0.0064516129032258,1.0,0
15000.0,60.0,17.57,377.41,18.0,10.0,0.0,104000.0,0.0,4.0,21.47,13.0,1.0,14624.0,53.4,32.0,1.0,0.0,4.0,1.0,667.0,7.0,0.1442307692307692,0.40625,302.0,0.0033112582781456,0.0033112582781456,1.0,0
16000.0,36.0,6.89,493.23,2.0,8.0,1.0,62000.0,1.0,4.0,5.8,14.0,3.0,11389.0,47.5,34.0,0.0,0.0,2.0,3.0,682.0,7.0,0.2580645161290322,0.4117647058823529,317.0,0.0094637223974763,0.0094637223974763,1.0,0
12000.0,36.0,10.99,392.81,8.0,10.0,0.0,30119.0,0.0,0.0,33.84,11.0,0.0,14352.0,63.5,15.0,0.0,0.0,1.0,0.0,717.0,7.0,0.3984196022444304,0.7333333333333333,169.0,0.0,0.0,-1.0,0
35000.0,60.0,19.19,911.59,22.0,10.0,1.0,170000.0,1.0,0.0,12.03,14.0,0.0,30958.0,76.2,34.0,0.0,0.0,3.0,0.0,677.0,7.0,0.2058823529411764,0.4117647058823529,186.0,0.0,0.0,-1.0,0
25950.0,36.0,5.32,781.48,0.0,10.0,0.0,76000.0,0.0,4.0,18.57,5.0,0.0,20967.0,74.9,15.0,0.0,0.0,2.0,0.0,762.0,7.0,0.3414473684210526,0.3333333333333333,132.0,0.0,0.0,-1.0,0
24000.0,60.0,13.99,558.32,13.0,10.0,1.0,75000.0,2.0,0.0,26.59,9.0,0.0,23162.0,84.2,19.0,0.0,0.0,0.0,0.0,707.0,7.0,0.32,0.4736842105263157,162.0,0.0,0.0,-1.0,1
17500.0,60.0,19.99,463.55,23.0,1.0,2.0,35000.0,1.0,4.0,36.77,11.0,0.0,29617.0,58.3,20.0,0.0,0.0,0.0,0.0,667.0,7.0,0.5,0.55,200.0,0.0,0.0,-1.0,1
25184.423828125,36.0,7.89,787.9120239257812,4.0,3.0,0.0,232807.484375,0.0,0.0,30.13376991271973,10.0,0.0,242756.46875,60.86534881591797,31.0,1.0,0.0,2.0,0.0,732.0,7.0,0.10817704837897729,0.33333335288109317,178.0,0.0,0.0,-1.0,0
15000.0,36.0,12.29,500.3,10.0,0.0,1.0,47000.0,0.0,4.0,31.28,15.0,0.0,18342.0,33.9,22.0,0.0,0.0,0.0,0.0,692.0,7.0,0.3191489361702128,0.6818181818181818,187.0,0.0,0.0,-1.0,0
14400.0,60.0,23.99,414.18,27.0,10.0,1.0,36000.0,2.0,0.0,38.83,10.0,0.0,23002.0,83.9,22.0,1.0,0.0,0.0,0.0,687.0,7.0,0.4,0.4545454545454545,235.0,0.0,0.0,-1.0,1
16800.0,36.0,16.55,595.22,16.0,1.0,0.0,40000.0,1.0,4.0,15.51,12.0,0.0,18819.0,45.7,18.0,0.0,0.0,3.0,0.0,712.0,7.0,0.42,0.6666666666666666,159.0,0.0,0.0,-1.0,1
20000.0,60.0,9.99,424.85,7.0,3.0,2.0,55000.0,0.0,0.0,30.41,22.0,0.0,9447.0,5.8,55.0,0.0,0.0,0.0,0.0,797.0,7.0,0.3636363636363636,0.4,250.0,0.0,0.0,-1.0,0
3600.0,36.0,16.55,127.55,16.0,10.0,1.0,40000.0,2.0,5.0,19.97,13.0,0.0,6864.0,31.2,16.0,1.0,0.0,0.0,0.0,682.0,7.0,0.09,0.8125,208.0,0.0,0.0,-1.0,0
16000.0,36.0,14.65,551.91,14.0,10.0,2.0,110000.0,2.0,0.0,4.6,5.0,0.0,7486.0,74.1,23.0,1.0,0.0,0.0,0.0,667.0,7.0,0.1454545454545454,0.217391304347826,351.0,0.0,0.0,-1.0,0
9100.0,36.0,7.89,284.7,4.0,10.0,0.0,110000.0,0.0,0.0,18.07,17.0,0.0,38431.0,84.3,33.0,0.0,0.0,7.0,0.0,677.0,7.0,0.0827272727272727,0.5151515151515151,183.0,0.0,0.0,-1.0,0
11000.0,36.0,12.29,366.89,10.0,10.0,1.0,70000.0,0.0,0.0,15.45,31.0,0.0,17177.0,22.8,40.0,0.0,0.0,0.0,0.0,672.0,7.0,0.1571428571428571,0.775,200.0,0.0,0.0,-1.0,0
7000.0,36.0,6.24,213.72,1.0,7.0,1.0,42965.0,0.0,0.0,17.07,8.0,0.0,7176.0,41.2,15.0,0.0,0.0,0.0,0.0,737.0,7.0,0.1629233096706621,0.5333333333333333,186.0,0.0,0.0,-1.0,0
8500.0,36.0,6.24,259.52,1.0,5.0,0.0,37500.0,0.0,0.0,17.18,9.0,0.0,14644.0,37.4,16.0,1.0,0.0,2.0,0.0,727.0,7.0,0.2266666666666666,0.5625,190.0,0.0,0.0,-1.0,0
20000.0,36.0,5.32,602.3,0.0,10.0,0.0,80000.0,0.0,4.0,20.25,16.0,0.0,19340.0,53.1,33.0,0.0,0.0,3.0,0.0,712.0,7.0,0.25,0.4848484848484848,156.0,0.0,0.0,-1.0,0
10000.0,60.0,21.99,276.14,25.0,9.0,2.0,75000.0,1.0,0.0,19.25,24.0,0.0,5023.0,33.9,49.0,1.0,0.0,0.0,0.0,662.0,7.0,0.1333333333333333,0.4897959183673469,260.0,0.0,0.0,-1.0,1
29000.0,36.0,11.53,956.72,9.0,1.0,1.0,93000.0,0.0,0.0,12.67,13.0,0.0,7268.0,35.5,35.0,0.0,0.0,4.0,0.0,707.0,7.0,0.3118279569892473,0.3714285714285714,248.0,0.0,0.0,-1.0,0
2575.0,36.0,12.69,86.38,11.0,2.0,1.0,48000.0,2.0,4.0,25.73,17.0,1.0,8907.0,56.0,46.0,1.0,0.0,5.0,1.0,662.0,7.0,0.0536458333333333,0.3695652173913043,362.0,0.0027624309392265,0.0027624309392265,1.0,0
6400.0,36.0,18.25,232.18,20.0,6.0,0.0,40000.0,2.0,10.0,27.51,10.0,0.0,11590.0,54.2,18.0,1.0,0.0,1.0,0.0,672.0,7.0,0.16,0.5555555555555556,186.0,0.0,0.0,-1.0,0
10005.47265625,60.0,12.29,224.03590576171874,10.0,5.0,0.0,11025.625,0.0,0.0,13.08737693786621,14.0,0.0,26266.447265625,26.88108673095703,49.0,0.0,0.0,1.0,0.0,737.0,7.0,0.9074741668171353,0.2857142857142857,192.0,0.0,0.0,-1.0,0
6000.0,36.0,11.53,197.95,9.0,9.0,0.0,40950.0,1.0,2.0,12.95,4.0,0.0,5202.0,46.4,11.0,0.0,0.0,0.0,0.0,677.0,7.0,0.1465201465201465,0.3636363636363636,377.0,0.0,0.0,-1.0,0
25850.724609375,60.0,23.99,743.5233056640625,27.0,8.0,1.0,518801.3125,1.0,0.0,-1.0000003814697251,20.0,0.0,3352.41796875,104.97843780517579,34.0,0.0,0.0,1.0,0.0,662.0,7.0,0.04982779283445038,0.5882352941176471,165.0,0.0,0.0,-1.0,0
10000.0,60.0,13.99,232.64,13.0,9.0,1.0,71087.0,1.0,5.0,6.82,10.0,1.0,38.0,0.5,15.0,0.0,0.0,0.0,1.0,672.0,7.0,0.140672696836271,0.6666666666666666,145.0,0.0068965517241379,0.0068965517241379,1.0,0
14000.0,60.0,13.99,325.69,13.0,1.0,1.0,212000.0,1.0,4.0,3.37,14.0,0.0,12907.0,45.4,30.0,0.0,0.0,3.0,0.0,667.0,7.0,0.0660377358490566,0.4666666666666667,250.0,0.0,0.0,-1.0,0
5500.0,36.0,15.61,192.31,15.0,9.0,1.0,47500.0,2.0,4.0,7.76,14.0,0.0,6894.0,20.2,30.0,0.0,0.0,0.0,0.0,682.0,7.0,0.1157894736842105,0.4666666666666667,134.0,0.0,0.0,-1.0,0
13750.0,60.0,24.99,403.51,28.0,0.0,1.0,54000.0,2.0,0.0,22.2,26.0,0.0,8030.0,41.0,32.0,0.0,0.0,1.0,0.0,677.0,7.0,0.2546296296296296,0.8125,168.0,0.0,0.0,-1.0,1
9600.0,36.0,12.29,320.19,10.0,2.0,1.0,70000.0,1.0,4.0,14.09,5.0,0.0,32938.0,42.2,10.0,0.0,0.0,0.0,0.0,697.0,7.0,0.1371428571428571,0.5,205.0,0.0,0.0,-1.0,0
20000.0,60.0,18.25,510.6,20.0,10.0,2.0,55000.0,1.0,0.0,31.75,13.0,0.0,20246.0,56.1,38.0,0.0,0.0,4.0,0.0,717.0,7.0,0.3636363636363636,0.3421052631578947,231.0,0.0,0.0,-1.0,1
12000.0,36.0,12.69,402.54,11.0,2.0,1.0,36000.0,1.0,0.0,15.9,10.0,3.0,5290.0,51.9,29.0,0.0,0.0,7.0,3.0,667.0,7.0,0.3333333333333333,0.3448275862068966,269.0,0.0111524163568773,0.0111524163568773,1.0,1
14000.0,60.0,11.53,308.11,9.0,2.0,0.0,38000.0,1.0,0.0,14.43,14.0,0.0,15002.0,37.1,26.0,0.0,0.0,1.0,0.0,692.0,7.0,0.3684210526315789,0.5384615384615384,205.0,0.0,0.0,-1.0,0
7800.0,36.0,9.99,251.65,7.0,8.0,0.0,48000.0,2.0,4.0,21.65,14.0,1.0,5983.0,34.8,39.0,0.0,0.0,3.0,1.0,667.0,7.0,0.1625,0.358974358974359,261.0,0.003831417624521,0.003831417624521,1.0,0
4525.0,36.0,15.61,158.22,15.0,3.0,1.0,31000.0,1.0,0.0,16.42,11.0,0.0,961.0,48.0,18.0,0.0,0.0,0.0,0.0,697.0,7.0,0.1459677419354838,0.6111111111111112,133.0,0.0,0.0,-1.0,0
8000.0,36.0,7.89,250.29,4.0,1.0,0.0,38000.0,0.0,0.0,22.14,8.0,1.0,7847.0,51.0,16.0,1.0,0.0,2.0,0.0,687.0,7.0,0.2105263157894736,0.5,127.0,0.0078740157480314,0.0,0.0,1
11978.9482421875,36.0,11.53,395.17778076171874,9.0,9.0,0.0,525693.5625,1.0,2.0,22.827946395874022,9.0,0.0,49277.44921875,54.93382110595703,16.0,0.0,0.0,2.0,0.0,677.0,7.0,0.02278694212436677,0.5625,113.0,0.0,0.0,-1.0,0
10000.0,60.0,15.61,241.12,15.0,1.0,1.0,75000.0,0.0,0.0,6.7,5.0,1.0,1671.0,66.8,19.0,0.0,0.0,0.0,1.0,662.0,7.0,0.1333333333333333,0.2631578947368421,173.0,0.0057803468208092,0.0057803468208092,1.0,1
8000.0,36.0,14.65,275.96,14.0,3.0,1.0,45000.0,1.0,8.0,38.4,19.0,0.0,7525.0,54.9,22.0,0.0,0.0,0.0,0.0,687.0,7.0,0.1777777777777777,0.8636363636363636,166.0,0.0,0.0,-1.0,0
10000.0,60.0,15.61,241.12,15.0,2.0,0.0,84000.0,1.0,0.0,12.4,10.0,0.0,9429.0,57.1,12.0,0.0,0.0,1.0,0.0,667.0,7.0,0.119047619047619,0.8333333333333334,76.0,0.0,0.0,-1.0,1
11980.8193359375,36.0,7.26,371.3593225097656,3.0,2.0,0.0,344079.84375,1.0,0.0,29.85095474243164,8.0,0.0,103794.25,34.94916000366211,18.0,0.0,0.0,0.0,0.0,707.0,7.0,0.034819882128267365,0.44444444461872695,177.0,0.0,0.0,-1.0,1
10375.0,36.0,13.33,351.23,12.0,10.0,0.0,88000.0,0.0,0.0,21.04,7.0,0.0,16392.0,47.5,24.0,1.0,0.0,4.0,0.0,697.0,7.0,0.1178977272727272,0.2916666666666667,352.0,0.0,0.0,-1.0,0
4575.0,36.0,19.19,168.15,22.0,7.0,2.0,35000.0,2.0,3.0,17.97,11.0,0.0,3161.0,67.3,25.0,1.0,0.0,0.0,0.0,667.0,7.0,0.1307142857142857,0.44,185.0,0.0,0.0,-1.0,0
8737.3427734375,36.0,8.18,274.5241357421875,5.0,2.0,1.0,203774.46875,1.0,4.0,55.744272003173826,11.0,2.0,252017.4375,37.522159576416016,31.0,0.0,0.0,1.0,0.0,667.0,7.0,0.042877529676143916,0.35483869910240173,144.0,0.0138888888888888,0.0,0.0,0
7200.0,36.0,13.33,243.75,12.0,1.0,0.0,20000.0,2.0,4.0,12.83,10.0,0.0,7246.0,56.2,17.0,0.0,0.0,0.0,0.0,702.0,7.0,0.36,0.5882352941176471,105.0,0.0,0.0,-1.0,0
24002.044921875,60.0,14.65,566.6065087890624,14.0,7.0,0.0,65359.2421875,2.0,4.0,34.55330368041992,9.0,0.0,49734.25390625,54.69621963500977,21.0,0.0,0.0,1.0,0.0,662.0,7.0,0.367232608795166,0.4285714328289032,202.0,0.0,0.0,-1.0,0
24000.0,60.0,17.86,607.62,19.0,10.0,1.0,70000.0,2.0,0.0,17.26,14.0,0.0,10523.0,43.8,28.0,0.0,0.0,1.0,0.0,702.0,7.0,0.3428571428571428,0.5,377.0,0.0,0.0,-1.0,1
20000.0,36.0,7.89,625.72,4.0,2.0,1.0,125000.0,1.0,0.0,6.34,4.0,0.0,8849.0,49.2,10.0,0.0,0.0,0.0,0.0,737.0,7.0,0.16,0.4,92.0,0.0,0.0,-1.0,0
35000.0,60.0,16.99,869.66,17.0,10.0,0.0,96600.0,2.0,4.0,32.76,20.0,0.0,61345.0,92.4,38.0,0.0,0.0,5.0,0.0,687.0,7.0,0.3623188405797101,0.5263157894736842,173.0,0.0,0.0,-1.0,1
17000.0,36.0,16.55,602.3,16.0,9.0,1.0,145000.0,1.0,1.0,8.63,8.0,2.0,18411.0,63.9,13.0,0.0,0.0,0.0,0.0,667.0,7.0,0.1172413793103448,0.6153846153846154,92.0,0.0217391304347826,0.0,0.0,0
6025.0,36.0,10.99,197.23,8.0,10.0,1.0,35000.0,2.0,5.0,31.14,17.0,0.0,1168.0,7.0,41.0,0.0,0.0,0.0,0.0,787.0,7.0,0.1721428571428571,0.4146341463414634,164.0,0.0,0.0,-1.0,0
2400.0,36.0,7.26,74.4,3.0,8.0,0.0,26000.0,0.0,0.0,27.79,5.0,0.0,8863.0,57.6,18.0,0.0,0.0,2.0,0.0,742.0,7.0,0.0923076923076923,0.2777777777777778,129.0,0.0,0.0,-1.0,0
12000.0,36.0,10.99,392.81,8.0,10.0,1.0,60000.0,1.0,4.0,6.87,8.0,0.0,10328.0,32.3,18.0,0.0,0.0,0.0,0.0,687.0,7.0,0.2,0.4444444444444444,109.0,0.0,0.0,-1.0,0
15511.3330078125,36.0,12.29,517.3509545898437,10.0,10.0,0.0,350375.03125,0.0,0.0,63.04627914428711,12.0,0.0,176092.296875,88.65448608398438,23.0,0.0,0.0,2.0,0.0,707.0,7.0,0.044270661217825746,0.5217391304347826,223.0,0.0,0.0,-1.0,0
21000.0,36.0,13.99,717.63,13.0,10.0,0.0,96000.0,2.0,0.0,6.33,11.0,0.0,11787.0,43.0,17.0,0.0,0.0,2.0,0.0,672.0,7.0,0.21875,0.6470588235294118,306.0,0.0,0.0,-1.0,0
14995.4345703125,36.0,9.99,483.7909826660156,7.0,3.0,1.0,842258.9375,1.0,0.0,22.515773162841796,12.0,0.0,13198.244140625,41.68171844482422,27.0,0.0,0.0,0.0,0.0,662.0,7.0,0.017803830759865802,0.44444444546332723,129.0,0.0,0.0,-1.0,0
30000.0,60.0,15.61,723.34,15.0,9.0,0.0,135000.0,2.0,0.0,34.23,18.0,0.0,53953.0,71.0,41.0,0.0,0.0,1.0,0.0,697.0,7.0,0.2222222222222222,0.4390243902439024,172.0,0.0,0.0,-1.0,0
16500.0,36.0,6.24,503.76,1.0,2.0,0.0,57100.0,0.0,4.0,10.68,28.0,0.0,21247.0,25.9,37.0,1.0,0.0,1.0,0.0,712.0,7.0,0.2889667250437828,0.7567567567567568,223.0,0.0,0.0,-1.0,0
8400.0,36.0,12.29,280.17,10.0,1.0,1.0,48000.0,1.0,4.0,18.8,8.0,0.0,8788.0,93.5,17.0,1.0,0.0,0.0,0.0,667.0,7.0,0.175,0.4705882352941176,152.0,0.0,0.0,-1.0,0
3000.0,36.0,11.53,98.98,9.0,6.0,0.0,37000.0,1.0,2.0,38.01,11.0,1.0,5911.0,49.7,35.0,1.0,0.0,1.0,1.0,667.0,7.0,0.081081081081081,0.3142857142857143,162.0,0.0061728395061728,0.0061728395061728,1.0,0
35000.0,60.0,18.25,893.54,20.0,5.0,1.0,225000.0,1.0,5.0,10.99,14.0,0.0,39965.0,92.8,35.0,0.0,0.0,0.0,0.0,692.0,7.0,0.1555555555555555,0.4,165.0,0.0,0.0,-1.0,1
25000.0,36.0,13.99,854.32,13.0,6.0,0.0,150000.0,1.0,0.0,10.57,14.0,0.0,20100.0,58.9,36.0,1.0,0.0,3.0,0.0,667.0,7.0,0.1666666666666666,0.3888888888888889,352.0,0.0,0.0,-1.0,0
22000.0,36.0,7.26,681.92,3.0,10.0,1.0,96000.0,0.0,0.0,11.71,19.0,0.0,24045.0,28.6,34.0,0.0,0.0,0.0,0.0,687.0,7.0,0.2291666666666666,0.5588235294117647,445.0,0.0,0.0,-1.0,0
34300.0,60.0,18.55,881.29,21.0,0.0,1.0,78000.0,1.0,0.0,11.32,10.0,0.0,24706.0,70.2,19.0,0.0,0.0,0.0,0.0,702.0,7.0,0.4397435897435897,0.5263157894736842,219.0,0.0,0.0,-1.0,0
5825.0,36.0,9.17,185.7,6.0,0.0,1.0,55000.0,1.0,4.0,13.16,10.0,0.0,9654.0,51.9,29.0,1.0,0.0,0.0,0.0,667.0,7.0,0.1059090909090909,0.3448275862068966,120.0,0.0,0.0,-1.0,0
19800.0,36.0,9.99,638.8,7.0,1.0,0.0,45000.0,2.0,0.0,32.4,13.0,0.0,15241.0,72.6,23.0,0.0,0.0,1.0,0.0,692.0,7.0,0.44,0.5652173913043478,121.0,0.0,0.0,-1.0,0
8500.0,36.0,7.89,265.93,4.0,1.0,0.0,47000.0,0.0,0.0,11.98,8.0,0.0,8727.0,47.7,22.0,0.0,0.0,3.0,0.0,717.0,7.0,0.1808510638297872,0.3636363636363636,148.0,0.0,0.0,-1.0,0
18000.0,60.0,16.55,443.01,16.0,10.0,0.0,98000.0,1.0,0.0,8.6,7.0,0.0,16915.0,79.2,24.0,1.0,0.0,1.0,0.0,672.0,7.0,0.1836734693877551,0.2916666666666667,176.0,0.0,0.0,-1.0,1
14000.0,36.0,14.65,482.92,14.0,10.0,0.0,45000.0,2.0,0.0,18.24,6.0,0.0,11146.0,84.4,16.0,1.0,0.0,4.0,0.0,692.0,7.0,0.3111111111111111,0.375,105.0,0.0,0.0,-1.0,0
9828.625,36.0,9.99,317.09652221679687,7.0,10.0,1.0,613956.875,0.0,4.0,13.354103393554688,9.0,0.0,181680.484375,18.357854461669923,15.0,1.0,0.0,1.0,0.0,757.0,7.0,0.016008664777319964,0.6,190.0,0.0,0.0,-1.0,0
5000.0,36.0,7.89,156.43,4.0,4.0,0.0,50000.0,1.0,0.0,24.75,9.0,1.0,4046.0,47.6,35.0,0.0,0.0,0.0,1.0,677.0,7.0,0.1,0.2571428571428571,230.0,0.0043478260869565,0.0043478260869565,1.0,0
1800.0,36.0,16.55,63.78,16.0,8.0,1.0,32000.0,2.0,6.0,12.27,6.0,0.0,1946.0,21.6,15.0,1.0,0.0,0.0,0.0,772.0,7.0,0.05625,0.4,329.0,0.0,0.0,-1.0,0
12023.5087890625,36.0,12.69,403.32472900390627,11.0,0.0,1.0,5325.65234375,1.0,0.0,81.55168731689453,8.0,0.0,1670.828125,47.96708297729492,15.0,0.0,0.0,3.0,0.0,662.0,7.0,2.2576594759778277,0.5333333412806193,105.0,0.0,0.0,-1.0,0
24000.0,36.0,7.26,743.91,3.0,10.0,0.0,151000.0,1.0,0.0,14.1,14.0,0.0,31525.0,70.5,29.0,0.0,0.0,3.0,0.0,712.0,7.0,0.1589403973509933,0.4827586206896552,305.0,0.0,0.0,-1.0,0
15000.0,60.0,10.99,326.07,8.0,10.0,0.0,83500.0,0.0,4.0,20.78,11.0,0.0,11814.0,41.0,28.0,0.0,0.0,1.0,0.0,737.0,7.0,0.1796407185628742,0.3928571428571428,257.0,0.0,0.0,-1.0,0
11000.0,36.0,11.53,362.9,9.0,8.0,1.0,85000.0,2.0,0.0,25.64,9.0,0.0,7706.0,52.8,18.0,1.0,0.0,0.0,0.0,702.0,7.0,0.1294117647058823,0.5,131.0,0.0,0.0,-1.0,0
6000.0,36.0,13.33,203.12,12.0,3.0,1.0,75000.0,2.0,4.0,5.33,6.0,0.0,6062.0,60.6,9.0,1.0,0.0,0.0,0.0,722.0,7.0,0.08,0.6666666666666666,95.0,0.0,0.0,-1.0,0
10000.0,60.0,19.99,264.89,23.0,10.0,1.0,22652.0,2.0,4.0,39.37,10.0,0.0,12562.0,72.2,14.0,0.0,0.0,0.0,0.0,707.0,7.0,0.4414621225498852,0.7142857142857143,143.0,0.0,0.0,-1.0,1
4000.0,36.0,12.29,133.42,10.0,10.0,0.0,60000.0,1.0,8.0,15.12,9.0,1.0,2483.0,28.5,26.0,1.0,0.0,1.0,1.0,712.0,7.0,0.0666666666666666,0.3461538461538461,169.0,0.0059171597633136,0.0059171597633136,1.0,0
24225.0,60.0,14.65,571.88,14.0,10.0,0.0,150000.0,2.0,0.0,25.2,16.0,0.0,49210.0,73.0,35.0,0.0,0.0,4.0,0.0,672.0,7.0,0.1615,0.4571428571428571,205.0,0.0,0.0,-1.0,0
10000.0,36.0,9.17,318.79,6.0,0.0,0.0,90000.0,1.0,0.0,20.5,11.0,1.0,6473.0,60.5,21.0,0.0,0.0,2.0,1.0,667.0,7.0,0.1111111111111111,0.5238095238095238,214.0,0.0046728971962616,0.0046728971962616,1.0,0
27300.0,60.0,22.99,769.45,26.0,3.0,1.0,55000.0,2.0,3.0,33.73,9.0,0.0,4952.0,12.2,23.0,0.0,0.0,0.0,0.0,782.0,7.0,0.4963636363636363,0.391304347826087,350.0,0.0,0.0,-1.0,0
14400.0,60.0,22.99,405.87,26.0,9.0,0.0,51000.0,1.0,0.0,17.36,10.0,0.0,11599.0,30.5,23.0,0.0,0.0,2.0,0.0,677.0,7.0,0.2823529411764706,0.4347826086956521,120.0,0.0,0.0,-1.0,1
15000.0,60.0,9.99,318.64,7.0,10.0,2.0,50000.0,0.0,0.0,18.85,12.0,0.0,28461.0,69.4,19.0,0.0,0.0,2.0,0.0,692.0,7.0,0.3,0.631578947368421,399.0,0.0,0.0,-1.0,0
35000.0,60.0,12.69,790.82,11.0,0.0,0.0,145000.0,1.0,4.0,15.15,9.0,0.0,33141.0,64.9,15.0,0.0,0.0,1.0,0.0,692.0,7.0,0.2413793103448276,0.6,106.0,0.0,0.0,-1.0,0
14400.0,60.0,17.86,364.57,19.0,0.0,2.0,54000.0,2.0,5.0,13.42,9.0,0.0,18302.0,92.0,19.0,0.0,0.0,0.0,0.0,667.0,7.0,0.2666666666666666,0.4736842105263157,158.0,0.0,0.0,-1.0,0
30000.0,36.0,7.26,929.89,3.0,0.0,0.0,125000.0,2.0,4.0,10.05,15.0,0.0,133945.0,37.3,18.0,0.0,0.0,1.0,0.0,727.0,8.0,0.24,0.8333333333333334,251.0,0.0,0.0,-1.0,0
12000.0,36.0,5.32,361.38,0.0,10.0,0.0,68000.0,2.0,3.0,8.19,9.0,0.0,1368.0,4.6,22.0,0.0,0.0,2.0,0.0,832.0,8.0,0.1764705882352941,0.4090909090909091,347.0,0.0,0.0,-1.0,0
13000.0,36.0,14.65,448.43,14.0,10.0,0.0,75000.0,1.0,2.0,12.64,13.0,0.0,20616.0,46.7,28.0,0.0,0.0,5.0,0.0,717.0,8.0,0.1733333333333333,0.4642857142857143,226.0,0.0,0.0,-1.0,1
19200.0,60.0,23.99,552.24,27.0,1.0,2.0,60000.0,2.0,6.0,14.94,11.0,0.0,17443.0,89.0,23.0,1.0,0.0,1.0,0.0,687.0,8.0,0.32,0.4782608695652174,443.0,0.0,0.0,-1.0,0
14477.2314453125,60.0,13.99,336.7852880859375,13.0,8.0,0.0,247882.453125,1.0,4.0,5.7639752388000485,14.0,0.0,103900.1484375,59.396619415283205,28.0,0.0,0.0,6.0,0.0,712.0,8.0,0.05840360422929125,0.499999996026357,127.0,0.0,0.0,-1.0,1
20725.0,36.0,15.61,724.65,15.0,10.0,1.0,75000.0,2.0,0.0,11.63,8.0,3.0,8060.0,79.8,11.0,1.0,0.0,0.0,1.0,662.0,8.0,0.2763333333333333,0.7272727272727273,129.0,0.0232558139534883,0.0077519379844961,0.3333333333333333,1
12488.3349609375,60.0,12.29,279.6305078125,10.0,10.0,0.0,411820.6875,0.0,0.0,36.5740234375,10.0,0.0,16074.857421875,56.75168762207031,40.0,1.0,0.0,8.0,0.0,707.0,8.0,0.03032469230038773,0.25,144.0,0.0,0.0,-1.0,1
3000.0,36.0,16.55,106.29,16.0,7.0,0.0,100000.0,2.0,2.0,16.36,13.0,0.0,8085.0,92.9,27.0,1.0,0.0,1.0,0.0,662.0,8.0,0.03,0.4814814814814814,164.0,0.0,0.0,-1.0,0
8000.0,36.0,6.24,244.25,1.0,4.0,1.0,115000.0,0.0,0.0,12.05,21.0,0.0,9480.0,16.4,33.0,0.0,0.0,1.0,0.0,727.0,8.0,0.0695652173913043,0.6363636363636364,304.0,0.0,0.0,-1.0,0
27984.62109375,36.0,7.26,867.4155639648437,3.0,0.0,1.0,697116.625,1.0,4.0,49.736816864013676,17.0,0.0,119473.484375,95.53313446044922,24.0,0.0,0.0,3.0,0.0,702.0,8.0,0.04014340328843624,0.7083333049501691,168.0,0.0,0.0,-1.0,0
15000.0,36.0,6.24,457.97,1.0,2.0,2.0,58000.0,1.0,0.0,11.3,15.0,0.0,14554.0,37.8,39.0,0.0,0.0,0.0,0.0,747.0,8.0,0.2586206896551724,0.3846153846153846,208.0,0.0,0.0,-1.0,0
20000.0,60.0,13.33,458.45,12.0,4.0,0.0,105000.0,0.0,0.0,23.43,9.0,0.0,6545.0,18.1,50.0,0.0,0.0,0.0,0.0,732.0,8.0,0.1904761904761904,0.18,120.0,0.0,0.0,-1.0,0
8400.0,36.0,8.18,263.93,5.0,10.0,0.0,65000.0,1.0,0.0,11.98,9.0,1.0,6997.0,53.4,19.0,0.0,0.0,2.0,1.0,662.0,8.0,0.1292307692307692,0.4736842105263157,146.0,0.0068493150684931,0.0068493150684931,1.0,0
23000.0,36.0,16.55,814.88,16.0,2.0,0.0,50000.0,0.0,0.0,28.78,12.0,0.0,13750.0,74.7,32.0,0.0,0.0,1.0,0.0,687.0,8.0,0.46,0.375,262.0,0.0,0.0,-1.0,1
28000.0,60.0,18.25,714.83,20.0,1.0,1.0,113000.0,1.0,4.0,26.0,20.0,0.0,12180.0,52.1,32.0,0.0,0.0,0.0,0.0,682.0,8.0,0.247787610619469,0.625,185.0,0.0,0.0,-1.0,0
14400.0,36.0,13.33,487.49,12.0,10.0,2.0,90000.0,1.0,0.0,2.04,4.0,0.0,6178.0,55.2,11.0,1.0,0.0,1.0,0.0,662.0,8.0,0.16,0.3636363636363636,106.0,0.0,0.0,-1.0,0
15000.0,36.0,7.26,464.95,3.0,7.0,1.0,50000.0,0.0,4.0,16.28,11.0,0.0,11530.0,23.9,23.0,0.0,0.0,0.0,0.0,722.0,8.0,0.3,0.4782608695652174,129.0,0.0,0.0,-1.0,0
25025.0,36.0,17.57,899.33,18.0,9.0,0.0,65000.0,1.0,0.0,25.79,16.0,0.0,42269.0,87.2,32.0,1.0,0.0,3.0,0.0,687.0,8.0,0.385,0.5,237.0,0.0,0.0,-1.0,0
25000.0,60.0,11.53,550.2,9.0,7.0,1.0,78000.0,0.0,0.0,31.49,20.0,0.0,20083.0,32.1,52.0,1.0,0.0,2.0,0.0,712.0,8.0,0.3205128205128205,0.3846153846153846,314.0,0.0,0.0,-1.0,0
35000.0,36.0,7.89,1095.0,4.0,10.0,0.0,92000.0,1.0,2.0,28.41,15.0,0.0,8799.0,10.2,44.0,1.0,0.0,3.0,0.0,812.0,8.0,0.3804347826086957,0.3409090909090909,258.0,0.0,0.0,-1.0,0
4000.0,36.0,16.55,141.72,16.0,9.0,1.0,30000.0,2.0,0.0,37.36,7.0,0.0,18688.0,99.9,18.0,1.0,0.0,0.0,0.0,662.0,8.0,0.1333333333333333,0.3888888888888889,181.0,0.0,0.0,-1.0,1
24000.0,60.0,12.29,537.4,10.0,9.0,0.0,85000.0,0.0,0.0,30.28,15.0,0.0,37578.0,52.6,26.0,1.0,0.0,3.0,0.0,692.0,8.0,0.2823529411764706,0.5769230769230769,207.0,0.0,0.0,-1.0,0
8500.0,36.0,9.99,274.24,7.0,5.0,0.0,42000.0,0.0,0.0,19.6,6.0,0.0,8961.0,83.7,12.0,1.0,0.0,1.0,0.0,662.0,8.0,0.2023809523809523,0.5,131.0,0.0,0.0,-1.0,0
28000.0,36.0,19.19,1029.07,22.0,10.0,0.0,70000.0,1.0,2.0,24.28,6.0,0.0,5606.0,53.4,20.0,1.0,0.0,1.0,0.0,672.0,8.0,0.4,0.3,183.0,0.0,0.0,-1.0,1
6000.0,36.0,18.55,218.58,21.0,7.0,0.0,62000.0,1.0,0.0,16.2,11.0,1.0,17751.0,64.1,16.0,1.0,0.0,1.0,0.0,662.0,8.0,0.0967741935483871,0.6875,82.0,0.0121951219512195,0.0,0.0,1
14000.0,36.0,6.89,431.58,2.0,9.0,1.0,110000.0,0.0,4.0,9.79,18.0,0.0,19589.0,37.5,29.0,0.0,0.0,0.0,0.0,712.0,8.0,0.1272727272727272,0.6206896551724138,138.0,0.0,0.0,-1.0,0
10000.0,36.0,9.17,318.79,6.0,5.0,2.0,83468.0,2.0,0.0,10.97,11.0,0.0,6679.0,37.5,35.0,1.0,0.0,1.0,0.0,672.0,8.0,0.1198063928691235,0.3142857142857143,183.0,0.0,0.0,-1.0,0
35000.0,36.0,14.65,1207.3,14.0,1.0,0.0,125000.0,1.0,4.0,13.25,34.0,0.0,41079.0,96.4,65.0,1.0,0.0,7.0,0.0,672.0,8.0,0.28,0.5230769230769231,145.0,0.0,0.0,-1.0,0
11200.0,36.0,5.32,337.29,0.0,10.0,0.0,75000.0,1.0,4.0,5.09,7.0,0.0,0.0,0.0,39.0,1.0,0.0,3.0,0.0,717.0,8.0,0.1493333333333333,0.1794871794871795,448.0,0.0,0.0,-1.0,0
20000.0,36.0,7.89,625.72,4.0,10.0,0.0,85000.0,0.0,4.0,25.46,12.0,0.0,19427.0,33.5,38.0,1.0,0.0,5.0,0.0,752.0,8.0,0.2352941176470588,0.3157894736842105,189.0,0.0,0.0,-1.0,0
24014.283203125,36.0,5.32,723.19359375,0.0,3.0,1.0,750764.8125,0.0,0.0,55.37830688476562,19.0,0.0,117193.1484375,41.80231246948242,46.0,1.0,0.0,3.0,0.0,732.0,8.0,0.03198643582207811,0.4130434782608695,188.0,0.0,0.0,-1.0,0
8000.0,36.0,10.99,261.88,8.0,5.0,1.0,48000.0,2.0,0.0,38.35,10.0,0.0,10027.0,97.6,25.0,1.0,0.0,1.0,0.0,687.0,8.0,0.1666666666666666,0.4,276.0,0.0,0.0,-1.0,0
25000.0,60.0,9.17,521.03,6.0,10.0,0.0,90000.0,0.0,2.0,18.44,10.0,0.0,7166.0,23.3,18.0,1.0,0.0,1.0,0.0,717.0,8.0,0.2777777777777778,0.5555555555555556,130.0,0.0,0.0,-1.0,0
25000.0,60.0,16.99,621.18,17.0,10.0,0.0,115000.0,1.0,0.0,15.06,7.0,1.0,952.0,8.7,18.0,1.0,0.0,0.0,1.0,737.0,8.0,0.217391304347826,0.3888888888888889,184.0,0.0054347826086956,0.0054347826086956,1.0,1
21072.478515625,36.0,16.99,751.1849072265625,17.0,10.0,1.0,218163.96875,2.0,0.0,11.870323066711427,12.0,0.0,46794.18359375,2.384185793236071e-08,33.0,1.0,0.0,0.0,0.0,707.0,8.0,0.09659010364163301,0.3636363636363636,256.0,0.0,0.0,-1.0,1
20000.0,36.0,13.33,677.07,12.0,4.0,1.0,64000.0,2.0,0.0,25.0,8.0,0.0,9413.0,71.0,12.0,1.0,0.0,0.0,0.0,667.0,8.0,0.3125,0.6666666666666666,120.0,0.0,0.0,-1.0,1
20000.0,36.0,12.69,670.9,11.0,7.0,1.0,170000.0,1.0,0.0,11.82,13.0,1.0,19896.0,72.6,37.0,1.0,0.0,2.0,1.0,667.0,8.0,0.1176470588235294,0.3513513513513513,158.0,0.0063291139240506,0.0063291139240506,1.0,0
18000.0,60.0,20.99,486.86,24.0,3.0,2.0,80000.0,1.0,0.0,22.86,15.0,0.0,11529.0,39.3,24.0,0.0,0.0,2.0,0.0,692.0,8.0,0.225,0.625,108.0,0.0,0.0,-1.0,0
7000.0,36.0,12.29,233.48,10.0,0.0,0.0,98000.0,1.0,2.0,35.52,26.0,0.0,32648.0,34.2,41.0,1.0,0.0,4.0,0.0,697.0,8.0,0.0714285714285714,0.6341463414634146,350.0,0.0,0.0,-1.0,0
9930.009765625,60.0,13.99,231.00279296875,13.0,5.0,1.0,641371.1875,0.0,5.0,38.86054946899414,8.0,0.0,8054.57177734375,58.20873947143555,12.0,1.0,0.0,4.0,0.0,727.0,8.0,0.01548246741294862,0.6666666865348816,52.0,0.0,0.0,-1.0,0
19974.419921875,36.0,6.89,615.743369140625,2.0,1.0,0.0,488431.28125,0.0,4.0,33.18202590942383,12.0,1.0,47974.66796875,22.450455856323245,25.0,1.0,0.0,1.0,0.0,732.0,8.0,0.04089504182338716,0.48,141.0,0.0070921985815602,0.0,0.0,0
21000.0,36.0,13.99,717.63,13.0,0.0,1.0,120000.0,2.0,0.0,18.25,16.0,0.0,50611.0,49.2,39.0,1.0,0.0,4.0,0.0,677.0,8.0,0.175,0.4102564102564102,152.0,0.0,0.0,-1.0,0
12000.0,60.0,17.86,303.81,19.0,6.0,1.0,85000.0,1.0,4.0,12.64,9.0,0.0,9393.0,48.2,17.0,0.0,0.0,2.0,0.0,672.0,8.0,0.1411764705882353,0.5294117647058824,153.0,0.0,0.0,-1.0,1
4650.0,36.0,15.61,162.59,15.0,10.0,1.0,54000.0,1.0,4.0,12.49,6.0,0.0,5301.0,66.3,22.0,0.0,0.0,2.0,0.0,697.0,8.0,0.0861111111111111,0.2727272727272727,161.0,0.0,0.0,-1.0,0
6341.56103515625,36.0,12.69,212.72563537597657,11.0,5.0,1.0,315428.5,1.0,0.0,38.2583699798584,4.0,0.0,149509.515625,81.62220458984375,7.0,0.0,0.0,0.0,0.0,667.0,8.0,0.020104592009024147,0.5714285850524903,70.0,0.0,0.0,-1.0,0
22000.0,60.0,16.99,546.64,17.0,3.0,1.0,50000.0,0.0,0.0,25.37,9.0,0.0,19703.0,61.0,15.0,1.0,0.0,1.0,0.0,687.0,8.0,0.44,0.6,195.0,0.0,0.0,-1.0,1
11000.0,36.0,12.69,369.0,11.0,5.0,1.0,48000.0,2.0,0.0,8.1,9.0,0.0,10309.0,30.3,12.0,0.0,0.0,0.0,0.0,662.0,8.0,0.2291666666666666,0.75,55.0,0.0,0.0,-1.0,0
17000.0,60.0,16.55,418.4,16.0,10.0,0.0,88000.0,2.0,0.0,7.27,7.0,1.0,4910.0,56.0,12.0,1.0,0.0,1.0,1.0,667.0,8.0,0.1931818181818181,0.5833333333333334,253.0,0.0039525691699604,0.0039525691699604,1.0,1
20894.853515625,60.0,22.99,588.9152783203125,26.0,2.0,0.0,117678.5703125,1.0,0.0,31.15390693664551,25.0,0.0,31563.19921875,55.97750701904297,78.0,1.0,0.0,11.0,0.0,702.0,8.0,0.17755870469905782,0.3205128205128205,168.0,0.0,0.0,-1.0,0
18000.0,36.0,8.18,565.56,5.0,1.0,0.0,60000.0,2.0,4.0,16.22,7.0,0.0,5370.0,30.9,30.0,1.0,0.0,0.0,0.0,702.0,8.0,0.3,0.2333333333333333,194.0,0.0,0.0,-1.0,0
24000.0,36.0,13.33,812.48,12.0,3.0,1.0,72000.0,2.0,0.0,20.4,12.0,0.0,8432.0,45.8,32.0,1.0,0.0,3.0,0.0,682.0,8.0,0.3333333333333333,0.375,225.0,0.0,0.0,-1.0,0
16000.0,36.0,7.89,500.58,4.0,10.0,0.0,58000.0,1.0,4.0,22.37,10.0,0.0,19372.0,73.7,16.0,0.0,0.0,1.0,0.0,692.0,8.0,0.2758620689655172,0.625,204.0,0.0,0.0,-1.0,0
4200.0,36.0,11.53,138.56,9.0,3.0,1.0,45000.0,1.0,0.0,4.19,5.0,0.0,3250.0,36.9,9.0,1.0,0.0,0.0,0.0,707.0,8.0,0.0933333333333333,0.5555555555555556,202.0,0.0,0.0,-1.0,0
8000.0,36.0,7.89,250.29,4.0,2.0,0.0,35000.0,1.0,4.0,17.87,3.0,1.0,4639.0,74.8,10.0,0.0,0.0,0.0,1.0,682.0,8.0,0.2285714285714285,0.3,143.0,0.0069930069930069,0.0069930069930069,1.0,0
12000.0,60.0,16.99,298.17,17.0,10.0,0.0,56000.0,1.0,4.0,34.23,24.0,0.0,42024.0,67.7,54.0,0.0,0.0,3.0,0.0,662.0,8.0,0.2142857142857142,0.4444444444444444,295.0,0.0,0.0,-1.0,0
5000.0,36.0,16.55,177.15,16.0,5.0,1.0,29000.0,2.0,0.0,39.74,8.0,0.0,13292.0,82.0,19.0,1.0,0.0,0.0,0.0,707.0,8.0,0.1724137931034483,0.4210526315789473,203.0,0.0,0.0,-1.0,0
3675.0,36.0,16.55,130.21,16.0,8.0,0.0,56000.0,2.0,0.0,35.73,13.0,1.0,27059.0,68.0,21.0,0.0,0.0,2.0,1.0,682.0,8.0,0.065625,0.6190476190476191,373.0,0.002680965147453,0.002680965147453,1.0,0
9984.4755859375,36.0,9.99,322.12703979492187,7.0,10.0,1.0,28840.634765625,1.0,0.0,26.19175064086914,11.0,1.0,107221.1171875,52.27769470214844,47.0,0.0,0.0,3.0,1.0,677.0,8.0,143.84008234197444,0.24416830945522222,258.0,0.003875968992248,0.003875968992248,1.0,0
16000.0,36.0,17.57,575.0,18.0,10.0,0.0,350000.0,1.0,5.0,5.88,18.0,0.0,13729.0,54.3,42.0,0.0,0.0,1.0,0.0,682.0,8.0,0.0457142857142857,0.4285714285714285,169.0,0.0,0.0,-1.0,0
16000.0,36.0,6.89,493.23,2.0,1.0,1.0,42000.0,1.0,4.0,12.31,16.0,0.0,18130.0,42.6,33.0,0.0,0.0,0.0,0.0,702.0,8.0,0.3809523809523809,0.4848484848484848,163.0,0.0,0.0,-1.0,0
24000.0,36.0,5.32,722.76,0.0,5.0,0.0,200000.0,1.0,0.0,29.68,18.0,0.0,90104.0,66.0,51.0,0.0,0.0,5.0,0.0,717.0,8.0,0.12,0.3529411764705882,395.0,0.0,0.0,-1.0,0
11200.0,36.0,9.17,357.05,6.0,10.0,1.0,72110.0,1.0,0.0,10.55,4.0,0.0,7834.0,54.8,14.0,0.0,0.0,5.0,0.0,672.0,8.0,0.1553182637636943,0.2857142857142857,142.0,0.0,0.0,-1.0,0
13275.0,60.0,19.19,345.76,22.0,6.0,1.0,42000.0,2.0,0.0,24.09,24.0,0.0,16866.0,78.1,30.0,1.0,0.0,0.0,0.0,662.0,8.0,0.3160714285714285,0.8,224.0,0.0,0.0,-1.0,1
24000.0,36.0,7.26,743.91,3.0,2.0,1.0,155500.0,0.0,4.0,12.42,10.0,0.0,24721.0,45.5,33.0,0.0,0.0,1.0,0.0,712.0,8.0,0.1543408360128617,0.303030303030303,254.0,0.0,0.0,-1.0,0
14700.0,36.0,10.99,481.19,8.0,4.0,1.0,42500.0,0.0,0.0,14.52,7.0,0.0,15683.0,61.0,14.0,0.0,0.0,0.0,0.0,677.0,8.0,0.3458823529411765,0.5,132.0,0.0,0.0,-1.0,0
14000.0,36.0,10.99,458.28,8.0,10.0,0.0,57600.0,1.0,4.0,35.71,10.0,0.0,7952.0,47.9,39.0,0.0,0.0,0.0,0.0,677.0,8.0,0.2430555555555555,0.2564102564102564,192.0,0.0,0.0,-1.0,0
9000.0,36.0,12.29,300.18,10.0,0.0,0.0,54000.0,1.0,4.0,16.14,7.0,0.0,1667.0,0.0,27.0,0.0,0.0,0.0,0.0,692.0,8.0,0.1666666666666666,0.2592592592592592,244.0,0.0,0.0,-1.0,0
8000.0,36.0,10.99,261.88,8.0,10.0,0.0,69000.0,1.0,0.0,10.66,13.0,0.0,5345.0,50.3,28.0,0.0,0.0,6.0,0.0,687.0,8.0,0.1159420289855072,0.4642857142857143,335.0,0.0,0.0,-1.0,0
17414.44921875,36.0,12.29,580.8257177734375,10.0,4.0,1.0,406911.59375,2.0,0.0,-0.681631698608399,11.0,2.0,43996.765625,79.1544677734375,19.0,0.0,0.0,1.0,0.0,672.0,8.0,0.0427966368648241,0.5789473719067044,202.0,0.0099009900990099,0.0,0.0,1
4500.0,36.0,14.65,155.23,14.0,10.0,1.0,61000.0,1.0,5.0,11.55,6.0,0.0,1347.0,12.7,20.0,0.0,0.0,0.0,0.0,672.0,8.0,0.0737704918032786,0.3,226.0,0.0,0.0,-1.0,0
8000.0,36.0,13.99,273.39,13.0,7.0,2.0,25000.0,1.0,0.0,35.86,4.0,0.0,3667.0,48.2,9.0,0.0,0.0,0.0,0.0,672.0,8.0,0.32,0.4444444444444444,94.0,0.0,0.0,-1.0,0
16000.0,60.0,18.25,408.48,20.0,4.0,0.0,49000.0,1.0,0.0,25.59,24.0,0.0,25260.0,65.3,37.0,0.0,0.0,1.0,0.0,667.0,8.0,0.3265306122448979,0.6486486486486487,205.0,0.0,0.0,-1.0,1
1875.0,36.0,14.65,64.68,14.0,10.0,2.0,26000.0,1.0,0.0,10.85,8.0,1.0,7041.0,27.1,13.0,0.0,0.0,0.0,1.0,707.0,8.0,0.0721153846153846,0.6153846153846154,367.0,0.0027247956403269,0.0027247956403269,1.0,0
27932.9140625,36.0,9.99,901.187158203125,7.0,10.0,0.0,124858.2109375,1.0,4.0,97.30574737548828,16.0,0.0,24551.287109375,18.151921463012698,32.0,1.0,0.0,9.0,0.0,692.0,8.0,0.22371708073399277,0.5,217.0,0.0,0.0,-1.0,0
21000.0,36.0,9.99,677.52,7.0,0.0,0.0,125000.0,1.0,0.0,19.24,13.0,0.0,32233.0,69.1,26.0,0.0,0.0,0.0,0.0,682.0,8.0,0.168,0.5,123.0,0.0,0.0,-1.0,0
7800.0,36.0,8.18,245.08,5.0,6.0,0.0,88000.0,1.0,0.0,24.03,10.0,0.0,12846.0,56.3,28.0,0.0,0.0,0.0,0.0,672.0,8.0,0.0886363636363636,0.3571428571428571,144.0,0.0,0.0,-1.0,0
4000.0,36.0,13.33,135.42,12.0,2.0,1.0,20000.0,2.0,4.0,39.44,10.0,0.0,7212.0,33.1,11.0,1.0,0.0,0.0,0.0,712.0,8.0,0.2,0.9090909090909092,127.0,0.0,0.0,-1.0,0
17625.0,60.0,15.61,424.97,15.0,10.0,0.0,120000.0,0.0,0.0,9.4,10.0,1.0,5295.0,72.5,26.0,1.0,0.0,5.0,1.0,662.0,8.0,0.146875,0.3846153846153846,472.0,0.0021186440677966,0.0021186440677966,1.0,0
10000.0,36.0,7.89,312.86,4.0,5.0,1.0,51000.0,1.0,8.0,13.56,11.0,0.0,5268.0,21.3,13.0,0.0,0.0,0.0,0.0,697.0,8.0,0.196078431372549,0.8461538461538461,43.0,0.0,0.0,-1.0,0
18000.0,60.0,10.99,391.28,8.0,5.0,0.0,52818.0,0.0,0.0,18.57,9.0,0.0,6078.0,41.3,32.0,0.0,0.0,2.0,0.0,742.0,8.0,0.3407929115074406,0.28125,169.0,0.0,0.0,-1.0,1
7500.0,36.0,8.18,235.65,5.0,2.0,0.0,98000.0,0.0,2.0,14.84,19.0,0.0,0.0,0.0,37.0,1.0,0.0,1.0,0.0,667.0,8.0,0.0765306122448979,0.5135135135135135,187.0,0.0,0.0,-1.0,0
5000.0,36.0,12.29,166.77,10.0,10.0,0.0,85500.0,1.0,0.0,20.01,15.0,0.0,16637.0,43.9,26.0,0.0,0.0,3.0,0.0,702.0,8.0,0.0584795321637426,0.5769230769230769,209.0,0.0,0.0,-1.0,0
18098.3515625,60.0,15.61,436.3746545410156,15.0,8.0,0.0,860774.5625,1.0,4.0,15.085292053222656,14.0,0.0,179144.65625,64.06445007324218,21.0,0.0,0.0,2.0,0.0,662.0,8.0,0.021025643178394837,0.6666666638283503,162.0,0.0,0.0,-1.0,1
26482.673828125,60.0,15.61,638.5314916992188,15.0,10.0,0.0,748815.0625,2.0,0.0,5.521515502929688,14.0,0.0,141133.21875,74.48089447021485,37.0,1.0,0.0,3.0,0.0,707.0,8.0,0.0353660956427857,0.3783783783783784,165.0,0.0,0.0,-1.0,1
6019.1455078125,36.0,13.33,203.76764404296875,12.0,5.0,1.0,856355.8125,1.0,0.0,40.611133422851566,2.0,1.0,0.0,33.6113998413086,39.0,1.0,0.0,2.0,1.0,662.0,8.0,0.00702877749096259,0.05128204673528672,251.0,0.0039840637450199,0.0039840637450199,1.0,0
20000.0,60.0,12.69,451.9,11.0,1.0,0.0,60000.0,0.0,0.0,5.38,4.0,0.0,12527.0,67.0,18.0,0.0,0.0,3.0,0.0,677.0,8.0,0.3333333333333333,0.2222222222222222,152.0,0.0,0.0,-1.0,0
6000.0,36.0,9.17,191.28,6.0,10.0,1.0,34000.0,1.0,4.0,13.38,2.0,0.0,13465.0,96.2,7.0,0.0,0.0,0.0,0.0,702.0,8.0,0.1764705882352941,0.2857142857142857,177.0,0.0,0.0,-1.0,0
5000.0,36.0,10.99,163.67,8.0,0.0,1.0,24400.0,2.0,0.0,19.38,6.0,0.0,4032.0,54.5,8.0,1.0,0.0,0.0,0.0,682.0,8.0,0.2049180327868852,0.75,45.0,0.0,0.0,-1.0,0
17000.0,60.0,12.29,380.66,10.0,10.0,0.0,293300.0,1.0,0.0,19.02,19.0,0.0,44608.0,86.6,40.0,0.0,0.0,2.0,0.0,672.0,8.0,0.0579611319468121,0.475,257.0,0.0,0.0,-1.0,0
30093.49609375,36.0,16.99,1072.7684912109376,17.0,10.0,0.0,1248239.5,2.0,0.0,44.801388092041016,10.0,0.0,100213.1484375,101.02470397949219,28.0,0.0,0.0,6.0,0.0,677.0,8.0,0.024108739999624318,0.3571428777994932,143.0,0.0,0.0,-1.0,0
15000.0,36.0,14.65,517.42,14.0,3.0,2.0,65000.0,1.0,0.0,13.72,15.0,0.0,23084.0,29.0,23.0,0.0,0.0,0.0,0.0,707.0,8.0,0.2307692307692307,0.6521739130434783,183.0,0.0,0.0,-1.0,1
28000.0,36.0,5.32,843.22,0.0,10.0,0.0,95000.0,0.0,4.0,15.9,10.0,0.0,84415.0,52.3,27.0,0.0,0.0,6.0,0.0,772.0,8.0,0.2947368421052631,0.3703703703703703,454.0,0.0,0.0,-1.0,0
20000.0,60.0,12.29,447.83,10.0,10.0,0.0,80000.0,1.0,0.0,25.08,11.0,0.0,3595.0,14.6,31.0,0.0,0.0,3.0,0.0,717.0,8.0,0.25,0.3548387096774194,182.0,0.0,0.0,-1.0,0
6125.0,36.0,14.65,211.28,14.0,10.0,2.0,82000.0,2.0,0.0,12.45,14.0,1.0,9645.0,46.6,28.0,1.0,0.0,1.0,1.0,697.0,8.0,0.0746951219512195,0.5,221.0,0.004524886877828,0.004524886877828,1.0,0
10400.0,36.0,6.89,320.6,2.0,0.0,1.0,117000.0,0.0,0.0,16.38,12.0,0.0,16279.0,31.9,21.0,0.0,0.0,0.0,0.0,757.0,8.0,0.0888888888888888,0.5714285714285714,118.0,0.0,0.0,-1.0,0
12000.0,36.0,12.29,400.24,10.0,10.0,1.0,150000.0,1.0,5.0,13.56,17.0,0.0,38564.0,67.1,27.0,1.0,0.0,0.0,0.0,672.0,8.0,0.08,0.6296296296296297,129.0,0.0,0.0,-1.0,1
12000.0,60.0,13.33,275.07,12.0,10.0,1.0,55000.0,0.0,0.0,31.88,7.0,1.0,907.0,19.3,27.0,0.0,0.0,2.0,1.0,677.0,8.0,0.2181818181818181,0.2592592592592592,188.0,0.0053191489361702,0.0053191489361702,1.0,1
12000.0,60.0,14.65,283.28,14.0,3.0,0.0,84000.0,1.0,0.0,21.44,13.0,1.0,7179.0,75.6,35.0,0.0,0.0,3.0,1.0,692.0,8.0,0.1428571428571428,0.3714285714285714,147.0,0.0068027210884353,0.0068027210884353,1.0,0
14000.0,60.0,9.99,297.39,7.0,10.0,0.0,61000.0,0.0,4.0,16.49,16.0,0.0,29693.0,71.7,26.0,0.0,0.0,4.0,0.0,682.0,8.0,0.2295081967213114,0.6153846153846154,275.0,0.0,0.0,-1.0,0
16800.0,36.0,11.53,554.24,9.0,10.0,0.0,115000.0,1.0,0.0,10.09,16.0,0.0,37329.0,76.8,36.0,1.0,0.0,1.0,0.0,662.0,9.0,0.1460869565217391,0.4444444444444444,559.0,0.0,0.0,-1.0,0
19800.0,36.0,19.19,727.7,22.0,0.0,1.0,55000.0,1.0,0.0,16.84,7.0,1.0,6186.0,55.2,12.0,0.0,0.0,0.0,1.0,677.0,9.0,0.36,0.5833333333333334,109.0,0.0091743119266055,0.0091743119266055,1.0,1
4503.771484375,36.0,10.99,147.42582946777344,8.0,2.0,1.0,743120.875,1.0,4.0,15.584869232177734,4.0,0.0,66244.484375,77.00231323242187,11.0,0.0,0.0,1.0,0.0,662.0,9.0,0.0060606201489766115,0.2727272645993666,232.0,0.0,0.0,-1.0,0
18011.8046875,36.0,12.69,604.2001977539062,11.0,3.0,1.0,672611.875,1.0,1.0,36.983687744140624,9.0,1.0,53130.4609375,52.994408416748044,23.0,1.0,0.0,2.0,1.0,702.0,9.0,0.026778894662857045,0.3913043200969696,133.0,0.0075187969924812,0.0075187969924812,1.0,0
26000.0,60.0,19.99,688.7,23.0,2.0,0.0,52000.0,1.0,0.0,14.47,6.0,1.0,25745.0,73.6,14.0,0.0,0.0,2.0,0.0,692.0,9.0,0.5,0.4285714285714285,263.0,0.0038022813688212,0.0,0.0,1
6000.0,36.0,5.32,180.69,0.0,6.0,0.0,85000.0,0.0,3.0,12.2,8.0,0.0,21696.0,68.0,17.0,0.0,0.0,1.0,0.0,732.0,9.0,0.0705882352941176,0.4705882352941176,162.0,0.0,0.0,-1.0,0
20083.966796875,36.0,13.99,686.3258447265625,13.0,10.0,0.0,917966.3125,1.0,0.0,12.438026962280274,33.0,0.0,144362.78125,59.055030822753906,55.0,1.0,0.0,6.0,0.0,662.0,9.0,0.021878767946753808,0.6,129.0,0.0,0.0,-1.0,1
20000.0,60.0,15.61,482.23,15.0,4.0,1.0,65000.0,1.0,0.0,13.72,9.0,6.0,1823.0,10.1,29.0,0.0,0.0,0.0,1.0,667.0,9.0,0.3076923076923077,0.3103448275862069,233.0,0.0257510729613733,0.0042918454935622,0.1666666666666666,1
19921.578125,36.0,12.29,664.4462915039062,10.0,10.0,0.0,277392.9375,1.0,3.0,32.69174964904785,6.0,0.0,240539.1875,22.682842254638672,17.0,1.0,0.0,1.0,0.0,722.0,9.0,0.07181717620955574,0.3529411764705882,201.0,0.0,0.0,-1.0,0
15000.0,36.0,8.18,471.3,5.0,4.0,0.0,78000.0,0.0,4.0,13.29,11.0,0.0,11622.0,23.2,16.0,0.0,0.0,0.0,0.0,727.0,9.0,0.1923076923076923,0.6875,110.0,0.0,0.0,-1.0,0
14550.0,60.0,18.55,373.85,21.0,8.0,2.0,58600.0,1.0,4.0,9.3,9.0,0.0,18237.0,74.4,16.0,0.0,0.0,1.0,0.0,702.0,9.0,0.2482935153583617,0.5625,212.0,0.0,0.0,-1.0,0
24000.0,60.0,12.69,542.28,11.0,10.0,0.0,136000.0,2.0,4.0,25.09,19.0,0.0,21623.0,40.4,58.0,0.0,0.0,10.0,0.0,697.0,9.0,0.1764705882352941,0.3275862068965517,270.0,0.0,0.0,-1.0,1
5725.0,36.0,10.99,187.41,8.0,7.0,1.0,25000.0,1.0,0.0,9.65,7.0,0.0,5630.0,21.1,10.0,0.0,0.0,0.0,0.0,662.0,9.0,0.229,0.7,77.0,0.0,0.0,-1.0,0
20000.0,36.0,10.99,654.68,8.0,1.0,0.0,50000.0,1.0,4.0,12.51,6.0,0.0,21316.0,44.4,9.0,0.0,0.0,2.0,0.0,697.0,9.0,0.4,0.6666666666666666,254.0,0.0,0.0,-1.0,0
6000.0,36.0,12.29,200.12,10.0,2.0,2.0,55000.0,0.0,4.0,32.73,16.0,0.0,13191.0,70.9,25.0,0.0,0.0,0.0,0.0,667.0,9.0,0.109090909090909,0.64,129.0,0.0,0.0,-1.0,0
16000.0,60.0,12.29,358.27,10.0,3.0,1.0,68000.0,0.0,0.0,11.14,10.0,1.0,6147.0,34.1,42.0,0.0,0.0,0.0,1.0,672.0,9.0,0.2352941176470588,0.238095238095238,154.0,0.0064935064935064,0.0064935064935064,1.0,0
5000.0,36.0,8.18,157.1,5.0,9.0,1.0,90000.0,0.0,0.0,26.47,10.0,0.0,12581.0,88.0,35.0,0.0,0.0,0.0,0.0,707.0,9.0,0.0555555555555555,0.2857142857142857,297.0,0.0,0.0,-1.0,0
7000.0,36.0,9.99,225.84,7.0,8.0,2.0,300000.0,2.0,4.0,30.67,19.0,0.0,61312.0,68.1,48.0,0.0,0.0,6.0,0.0,692.0,9.0,0.0233333333333333,0.3958333333333333,341.0,0.0,0.0,-1.0,0
14500.0,36.0,10.99,474.65,8.0,10.0,0.0,103000.0,0.0,4.0,13.82,12.0,0.0,23081.0,72.0,18.0,1.0,0.0,1.0,0.0,682.0,9.0,0.1407766990291262,0.6666666666666666,176.0,0.0,0.0,-1.0,0
14089.890625,36.0,12.69,472.64083374023437,11.0,9.0,0.0,122787.984375,0.0,0.0,32.00302536010742,6.0,0.0,117084.421875,70.20109558105469,14.0,1.0,0.0,1.0,0.0,667.0,9.0,0.11474976539611814,0.4285714228947957,172.0,0.0,0.0,-1.0,1
12000.0,60.0,16.55,295.34,16.0,10.0,0.0,69000.0,2.0,0.0,8.57,10.0,0.0,4710.0,36.2,22.0,0.0,0.0,1.0,0.0,682.0,9.0,0.1739130434782608,0.4545454545454545,154.0,0.0,0.0,-1.0,0
20000.0,36.0,16.55,708.59,16.0,10.0,0.0,64200.0,2.0,0.0,11.33,20.0,0.0,18456.0,73.5,38.0,0.0,0.0,1.0,0.0,672.0,9.0,0.3115264797507788,0.5263157894736842,372.0,0.0,0.0,-1.0,0
18000.0,36.0,13.99,615.11,13.0,2.0,0.0,110000.0,1.0,4.0,12.22,10.0,1.0,8243.0,66.0,25.0,0.0,0.0,0.0,1.0,667.0,9.0,0.1636363636363636,0.4,104.0,0.0096153846153846,0.0096153846153846,1.0,0
15000.0,36.0,6.24,457.97,1.0,10.0,0.0,80000.0,1.0,4.0,16.71,12.0,0.0,25994.0,67.7,16.0,0.0,0.0,2.0,0.0,692.0,9.0,0.1875,0.75,199.0,0.0,0.0,-1.0,0
8027.34033203125,36.0,12.29,267.73679931640623,10.0,3.0,1.0,80045.09375,2.0,0.0,25.202367973327636,3.0,0.0,173577.953125,108.90444488525391,6.0,0.0,0.0,0.0,0.0,692.0,9.0,0.10041007038318749,0.3010697662830353,40.0,0.0,0.0,-1.0,0
8400.0,36.0,11.53,277.12,9.0,9.0,1.0,25000.0,1.0,5.0,35.86,12.0,0.0,12848.0,50.8,23.0,1.0,0.0,0.0,0.0,662.0,9.0,0.336,0.5217391304347826,108.0,0.0,0.0,-1.0,0
10000.0,36.0,9.99,322.63,7.0,7.0,0.0,150000.0,1.0,5.0,11.55,11.0,0.0,17824.0,75.8,23.0,0.0,0.0,0.0,0.0,667.0,9.0,0.0666666666666666,0.4782608695652174,209.0,0.0,0.0,-1.0,0
25000.0,36.0,6.89,770.68,2.0,1.0,2.0,225000.0,1.0,0.0,6.57,6.0,0.0,34167.0,40.6,19.0,0.0,0.0,0.0,0.0,702.0,9.0,0.1111111111111111,0.3157894736842105,198.0,0.0,0.0,-1.0,0
12275.0,60.0,14.65,289.78,14.0,0.0,0.0,50000.0,2.0,4.0,21.89,11.0,0.0,12292.0,52.0,21.0,0.0,0.0,1.0,0.0,667.0,9.0,0.2455,0.5238095238095238,189.0,0.0,0.0,-1.0,0
22250.0,60.0,13.99,517.61,13.0,1.0,1.0,74000.0,1.0,0.0,22.09,17.0,0.0,18963.0,92.5,32.0,0.0,0.0,0.0,0.0,707.0,9.0,0.3006756756756756,0.53125,144.0,0.0,0.0,-1.0,0
10000.0,36.0,11.53,329.91,9.0,0.0,1.0,45000.0,2.0,4.0,23.68,8.0,0.0,9701.0,87.4,27.0,1.0,0.0,0.0,0.0,662.0,9.0,0.2222222222222222,0.2962962962962963,150.0,0.0,0.0,-1.0,0
10850.0,36.0,7.89,339.45,4.0,5.0,0.0,67000.0,2.0,4.0,22.21,7.0,0.0,7670.0,55.6,14.0,1.0,0.0,2.0,0.0,697.0,9.0,0.1619402985074627,0.5,148.0,0.0,0.0,-1.0,0
24000.0,36.0,7.26,743.91,3.0,2.0,0.0,77000.0,0.0,4.0,11.56,6.0,0.0,37382.0,51.4,11.0,1.0,0.0,2.0,0.0,717.0,9.0,0.3116883116883117,0.5454545454545454,360.0,0.0,0.0,-1.0,0
25000.0,60.0,13.33,573.06,12.0,10.0,0.0,109600.0,1.0,4.0,9.54,13.0,1.0,117118.0,88.0,25.0,0.0,0.0,3.0,0.0,662.0,9.0,0.2281021897810219,0.52,511.0,0.0019569471624266,0.0,0.0,0
2975.0,36.0,12.29,99.23,10.0,8.0,1.0,42000.0,1.0,4.0,9.86,5.0,0.0,1177.0,31.0,13.0,0.0,0.0,0.0,0.0,677.0,9.0,0.0708333333333333,0.3846153846153846,379.0,0.0,0.0,-1.0,0
8500.0,36.0,13.99,290.47,13.0,7.0,1.0,58856.0,1.0,0.0,6.81,7.0,0.0,9454.0,77.6,19.0,0.0,0.0,1.0,0.0,677.0,9.0,0.144420280005437,0.3684210526315789,123.0,0.0,0.0,-1.0,0
11200.0,36.0,6.89,345.27,2.0,8.0,0.0,75000.0,0.0,2.0,24.46,16.0,0.0,1742.0,4.0,32.0,0.0,0.0,3.0,0.0,762.0,9.0,0.1493333333333333,0.5,155.0,0.0,0.0,-1.0,0
1000.0,36.0,13.33,33.86,12.0,10.0,1.0,33800.0,1.0,9.0,12.75,14.0,0.0,8286.0,87.2,20.0,0.0,0.0,0.0,0.0,682.0,9.0,0.029585798816568,0.7,183.0,0.0,0.0,-1.0,0
25000.0,60.0,8.18,509.07,5.0,5.0,1.0,85000.0,0.0,3.0,7.93,10.0,0.0,11953.0,16.6,26.0,1.0,0.0,3.0,0.0,802.0,9.0,0.2941176470588235,0.3846153846153846,441.0,0.0,0.0,-1.0,0
7000.0,36.0,6.24,213.72,1.0,9.0,0.0,75000.0,1.0,8.0,29.72,20.0,0.0,7464.0,9.9,39.0,0.0,0.0,0.0,0.0,682.0,9.0,0.0933333333333333,0.5128205128205128,205.0,0.0,0.0,-1.0,0
2500.0,36.0,17.57,89.85,18.0,8.0,0.0,120000.0,2.0,9.0,19.34,15.0,1.0,7072.0,31.0,56.0,0.0,0.0,7.0,1.0,667.0,9.0,0.0208333333333333,0.2678571428571428,252.0,0.0039682539682539,0.0039682539682539,1.0,0
8400.0,36.0,7.89,262.8,4.0,10.0,0.0,60000.0,0.0,4.0,26.56,23.0,0.0,15773.0,27.9,47.0,0.0,0.0,4.0,0.0,727.0,9.0,0.14,0.4893617021276595,163.0,0.0,0.0,-1.0,1
8000.0,36.0,10.99,261.88,8.0,1.0,1.0,39000.0,1.0,4.0,10.68,12.0,0.0,8375.0,27.8,12.0,0.0,0.0,0.0,0.0,682.0,9.0,0.2051282051282051,1.0,182.0,0.0,0.0,-1.0,0
24000.0,60.0,13.99,558.32,13.0,0.0,0.0,130000.0,2.0,4.0,12.16,10.0,1.0,16827.0,52.3,26.0,0.0,0.0,3.0,1.0,672.0,9.0,0.1846153846153846,0.3846153846153846,249.0,0.0040160642570281,0.0040160642570281,1.0,1
10800.0,36.0,13.99,369.07,13.0,10.0,0.0,30000.0,1.0,0.0,27.04,14.0,0.0,19568.0,59.1,33.0,0.0,0.0,2.0,0.0,667.0,9.0,0.36,0.4242424242424242,211.0,0.0,0.0,-1.0,0
7500.0,36.0,24.99,298.16,28.0,8.0,1.0,25000.0,2.0,7.0,16.8,8.0,0.0,9035.0,101.5,8.0,1.0,0.0,0.0,0.0,672.0,9.0,0.3,1.0,122.0,0.0,0.0,-1.0,1
15000.0,36.0,16.99,534.72,17.0,2.0,0.0,55000.0,2.0,1.0,22.5,6.0,0.0,745.0,74.5,51.0,1.0,0.0,0.0,0.0,687.0,9.0,0.2727272727272727,0.1176470588235294,143.0,0.0,0.0,-1.0,0
15000.0,36.0,10.99,491.01,8.0,10.0,0.0,78000.0,1.0,2.0,11.23,14.0,0.0,10547.0,13.7,21.0,0.0,0.0,2.0,0.0,727.0,9.0,0.1923076923076923,0.6666666666666666,217.0,0.0,0.0,-1.0,0
15000.0,36.0,9.99,483.94,7.0,3.0,2.0,70000.0,1.0,4.0,15.31,10.0,0.0,13899.0,80.3,23.0,0.0,0.0,4.0,0.0,682.0,9.0,0.2142857142857142,0.4347826086956521,211.0,0.0,0.0,-1.0,0
16080.2998046875,36.0,13.33,544.3703979492187,12.0,8.0,1.0,156926.296875,1.0,0.0,19.782376708984376,4.0,0.0,172708.546875,34.0995376586914,13.0,0.0,0.0,0.0,0.0,757.0,9.0,0.1024703936300416,0.30769231227728033,140.0,0.0,0.0,-1.0,0
26000.0,36.0,5.32,782.99,0.0,8.0,1.0,72000.0,0.0,4.0,17.12,7.0,0.0,20963.0,39.3,15.0,0.0,0.0,0.0,0.0,767.0,9.0,0.3611111111111111,0.4666666666666667,266.0,0.0,0.0,-1.0,0
25000.0,36.0,5.32,752.87,0.0,4.0,0.0,72000.0,0.0,0.0,17.38,20.0,0.0,24135.0,34.1,35.0,0.0,0.0,1.0,0.0,762.0,9.0,0.3472222222222222,0.5714285714285714,160.0,0.0,0.0,-1.0,0
9000.0,36.0,13.99,307.56,13.0,7.0,1.0,90000.0,2.0,0.0,28.51,15.0,1.0,13686.0,52.8,21.0,0.0,0.0,0.0,0.0,682.0,9.0,0.1,0.7142857142857143,123.0,0.008130081300813,0.0,0.0,0
7000.0,36.0,9.17,223.16,6.0,10.0,2.0,76674.0,2.0,2.0,25.18,15.0,0.0,15794.0,65.0,45.0,0.0,0.0,2.0,0.0,682.0,9.0,0.0912956152020241,0.3333333333333333,295.0,0.0,0.0,-1.0,0
10000.0,36.0,5.32,301.15,0.0,2.0,2.0,80000.0,0.0,4.0,17.4,11.0,0.0,13522.0,17.8,14.0,0.0,0.0,0.0,0.0,792.0,9.0,0.125,0.7857142857142857,311.0,0.0,0.0,-1.0,0
11000.0,36.0,11.53,362.9,9.0,10.0,2.0,65000.0,1.0,4.0,13.33,6.0,0.0,8855.0,88.5,11.0,0.0,0.0,2.0,0.0,677.0,9.0,0.1692307692307692,0.5454545454545454,226.0,0.0,0.0,-1.0,0
20000.0,36.0,9.17,637.58,6.0,10.0,2.0,75000.0,2.0,0.0,12.64,16.0,0.0,7040.0,30.6,60.0,0.0,0.0,0.0,0.0,662.0,9.0,0.2666666666666666,0.2666666666666666,234.0,0.0,0.0,-1.0,0
35000.0,60.0,16.99,869.66,17.0,0.0,2.0,95000.0,1.0,4.0,38.73,39.0,0.0,89112.0,73.2,54.0,0.0,0.0,0.0,0.0,662.0,9.0,0.3684210526315789,0.7222222222222222,125.0,0.0,0.0,-1.0,1
8000.0,36.0,12.69,268.36,11.0,10.0,1.0,55000.0,2.0,0.0,21.17,8.0,0.0,9363.0,66.9,12.0,0.0,0.0,0.0,0.0,662.0,9.0,0.1454545454545454,0.6666666666666666,124.0,0.0,0.0,-1.0,0
18500.0,36.0,15.61,646.85,15.0,8.0,0.0,150000.0,1.0,0.0,25.66,19.0,0.0,9586.0,51.0,29.0,0.0,0.0,3.0,0.0,677.0,9.0,0.1233333333333333,0.6551724137931034,222.0,0.0,0.0,-1.0,0
30643.6640625,36.0,6.89,944.6399194335937,2.0,10.0,0.0,161384.734375,2.0,0.0,12.621234741210937,15.0,0.0,29706.095703125,38.45054626464844,37.0,0.0,0.0,5.0,0.0,717.0,9.0,0.18987955152988434,0.4054054054054054,174.0,0.0,0.0,-1.0,0
9000.0,36.0,9.17,286.92,6.0,8.0,1.0,80000.0,1.0,0.0,6.95,15.0,1.0,8621.0,45.1,31.0,1.0,0.0,0.0,1.0,667.0,9.0,0.1125,0.4838709677419355,184.0,0.0054347826086956,0.0054347826086956,1.0,0
20000.0,60.0,17.57,503.21,18.0,5.0,0.0,90000.0,0.0,0.0,17.83,12.0,0.0,18259.0,89.9,19.0,0.0,0.0,1.0,0.0,687.0,9.0,0.2222222222222222,0.631578947368421,170.0,0.0,0.0,-1.0,0
12000.0,60.0,16.99,298.17,17.0,8.0,0.0,80000.0,0.0,5.0,34.8,18.0,0.0,36682.0,89.9,38.0,0.0,0.0,2.0,0.0,682.0,9.0,0.15,0.4736842105263157,205.0,0.0,0.0,-1.0,0
12125.0,36.0,13.99,414.35,13.0,9.0,0.0,54700.0,2.0,4.0,30.14,10.0,1.0,11536.0,65.2,24.0,0.0,0.0,1.0,0.0,677.0,9.0,0.2216636197440585,0.4166666666666667,235.0,0.0042553191489361,0.0,0.0,0
5525.0,36.0,17.57,198.56,18.0,0.0,2.0,55500.0,2.0,4.0,12.37,10.0,1.0,21881.0,65.7,15.0,0.0,0.0,1.0,1.0,662.0,9.0,0.0995495495495495,0.6666666666666666,250.0,0.004,0.004,1.0,1
17500.0,60.0,12.69,395.41,11.0,10.0,1.0,80000.0,0.0,0.0,32.24,7.0,0.0,7606.0,92.8,31.0,0.0,0.0,0.0,0.0,702.0,9.0,0.21875,0.2258064516129032,180.0,0.0,0.0,-1.0,0
17625.0,36.0,13.99,602.3,13.0,10.0,1.0,42000.0,2.0,4.0,20.74,16.0,0.0,22111.0,69.8,32.0,0.0,0.0,0.0,0.0,687.0,9.0,0.4196428571428571,0.5,169.0,0.0,0.0,-1.0,0
10000.0,36.0,12.69,335.45,11.0,8.0,1.0,60000.0,1.0,0.0,12.56,8.0,1.0,9576.0,48.4,19.0,0.0,0.0,0.0,1.0,662.0,9.0,0.1666666666666666,0.4210526315789473,190.0,0.0052631578947368,0.0052631578947368,1.0,0
2863.408203125,36.0,12.29,95.503525390625,10.0,10.0,0.0,916716.875,1.0,7.0,22.157501373291016,12.0,0.0,22753.2890625,75.91436614990235,19.0,0.0,0.0,4.0,0.0,732.0,9.0,0.0031235464490376383,0.631578947368421,184.0,0.0,0.0,-1.0,0
15000.0,36.0,16.99,534.72,17.0,0.0,2.0,35000.0,2.0,4.0,12.35,5.0,0.0,11226.0,57.9,8.0,0.0,0.0,0.0,0.0,707.0,9.0,0.4285714285714285,0.625,38.0,0.0,0.0,-1.0,0
20000.0,36.0,6.89,616.54,2.0,1.0,0.0,120000.0,1.0,2.0,16.78,11.0,0.0,57847.0,86.0,34.0,0.0,0.0,7.0,0.0,692.0,9.0,0.1666666666666666,0.3235294117647059,239.0,0.0,0.0,-1.0,0
8178.72216796875,36.0,7.89,255.87695983886718,4.0,6.0,0.0,223663.328125,0.0,2.0,-0.8883729267120362,5.0,0.0,200810.28125,45.84226531982422,16.0,0.0,0.0,4.0,0.0,712.0,9.0,0.03656711214118524,0.3124999947407666,211.0,0.0,0.0,-1.0,0
6000.0,36.0,11.53,197.95,9.0,2.0,0.0,29500.0,2.0,4.0,35.84,5.0,1.0,3743.0,25.8,15.0,0.0,0.0,1.0,1.0,707.0,9.0,0.2033898305084746,0.3333333333333333,105.0,0.0095238095238095,0.0095238095238095,1.0,0
6100.0,36.0,20.99,229.79,24.0,7.0,1.0,31500.0,2.0,0.0,19.01,10.0,0.0,5464.0,47.5,12.0,0.0,0.0,0.0,0.0,662.0,9.0,0.1936507936507936,0.8333333333333334,55.0,0.0,0.0,-1.0,1
15000.0,36.0,6.24,457.97,1.0,2.0,0.0,66018.0,0.0,4.0,17.89,12.0,0.0,11446.0,46.5,12.0,0.0,0.0,1.0,0.0,737.0,9.0,0.2272107607016268,1.0,38.0,0.0,0.0,-1.0,0
28000.0,60.0,12.69,632.66,11.0,7.0,0.0,135000.0,2.0,4.0,17.04,10.0,0.0,13882.0,62.0,41.0,0.0,0.0,1.0,0.0,687.0,9.0,0.2074074074074074,0.2439024390243902,162.0,0.0,0.0,-1.0,0
12002.7587890625,36.0,12.29,400.32914184570313,10.0,5.0,1.0,130463.53125,1.0,0.0,27.95329216003418,19.0,0.0,32342.359375,74.0637939453125,38.0,0.0,0.0,0.0,0.0,677.0,9.0,0.09200087075050054,0.5,161.0,0.0,0.0,-1.0,0
3000.0,36.0,7.89,93.86,4.0,10.0,0.0,100008.0,1.0,4.0,10.53,10.0,0.0,2631.0,15.2,21.0,0.0,0.0,3.0,0.0,697.0,9.0,0.0299976001919846,0.4761904761904761,191.0,0.0,0.0,-1.0,0
15500.0,36.0,8.18,487.01,5.0,0.0,1.0,63500.0,0.0,0.0,26.23,13.0,0.0,3863.0,14.0,24.0,0.0,0.0,0.0,0.0,747.0,9.0,0.2440944881889764,0.5416666666666666,165.0,0.0,0.0,-1.0,0
7200.0,36.0,9.99,232.29,7.0,10.0,0.0,48000.0,1.0,0.0,32.81,9.0,0.0,5587.0,32.7,22.0,1.0,0.0,1.0,0.0,712.0,9.0,0.15,0.4090909090909091,169.0,0.0,0.0,-1.0,0
35000.0,60.0,15.61,843.9,15.0,10.0,0.0,80000.0,1.0,0.0,16.74,14.0,0.0,51538.0,49.1,23.0,0.0,0.0,0.0,0.0,732.0,9.0,0.4375,0.6086956521739131,205.0,0.0,0.0,-1.0,0
20000.0,36.0,11.53,659.81,9.0,10.0,1.0,105000.0,2.0,0.0,23.93,29.0,0.0,35064.0,68.2,56.0,0.0,0.0,1.0,0.0,677.0,9.0,0.1904761904761904,0.5178571428571429,224.0,0.0,0.0,-1.0,0
24000.0,60.0,9.17,500.19,6.0,8.0,1.0,100000.0,1.0,0.0,4.42,19.0,1.0,3159.0,10.4,37.0,0.0,0.0,1.0,1.0,687.0,9.0,0.24,0.5135135135135135,172.0,0.005813953488372,0.005813953488372,1.0,0
11000.0,36.0,7.89,344.15,4.0,8.0,1.0,80000.0,1.0,9.0,6.66,6.0,1.0,5425.0,13.6,10.0,0.0,0.0,0.0,0.0,717.0,9.0,0.1375,0.6,270.0,0.0037037037037037,0.0,0.0,0
10000.0,36.0,5.32,301.15,0.0,10.0,1.0,72000.0,0.0,0.0,7.83,11.0,0.0,11324.0,28.2,24.0,0.0,0.0,0.0,0.0,727.0,9.0,0.1388888888888889,0.4583333333333333,297.0,0.0,0.0,-1.0,0
30000.0,36.0,12.29,1000.59,10.0,10.0,2.0,95000.0,1.0,4.0,36.19,25.0,0.0,34486.0,36.7,46.0,0.0,0.0,0.0,0.0,677.0,9.0,0.3157894736842105,0.5434782608695652,225.0,0.0,0.0,-1.0,0
15000.0,36.0,6.24,457.97,1.0,4.0,0.0,68000.0,1.0,4.0,9.23,16.0,0.0,14635.0,26.6,27.0,0.0,0.0,1.0,0.0,707.0,9.0,0.2205882352941176,0.5925925925925926,242.0,0.0,0.0,-1.0,0
15250.0,36.0,17.57,548.05,18.0,1.0,0.0,72000.0,0.0,0.0,33.01,15.0,1.0,7528.0,29.9,26.0,1.0,0.0,0.0,0.0,672.0,9.0,0.2118055555555555,0.5769230769230769,250.0,0.004,0.0,0.0,0
10000.0,36.0,12.69,335.45,11.0,1.0,1.0,91000.0,1.0,1.0,14.37,6.0,0.0,2638.0,38.8,17.0,0.0,0.0,0.0,0.0,712.0,9.0,0.1098901098901098,0.3529411764705882,192.0,0.0,0.0,-1.0,0
15418.49609375,60.0,13.99,358.6809289550781,13.0,10.0,0.0,353877.96875,1.0,2.0,34.694378738403316,6.0,0.0,16417.46484375,94.56873321533203,22.0,0.0,0.0,2.0,0.0,662.0,9.0,0.043570108289149256,0.27272728798182105,300.0,0.0,0.0,-1.0,0
15000.0,36.0,9.17,478.19,6.0,3.0,0.0,33150.0,2.0,0.0,17.52,8.0,0.0,6495.0,64.3,14.0,1.0,0.0,3.0,0.0,712.0,9.0,0.4524886877828054,0.5714285714285714,109.0,0.0,0.0,-1.0,0
8825.0,36.0,14.65,304.42,14.0,9.0,1.0,26000.0,2.0,5.0,32.61,11.0,0.0,11387.0,43.6,17.0,0.0,0.0,0.0,0.0,672.0,9.0,0.3394230769230769,0.6470588235294118,111.0,0.0,0.0,-1.0,0
30350.0,60.0,18.55,779.8,21.0,10.0,0.0,68000.0,2.0,0.0,7.31,5.0,0.0,12191.0,71.7,8.0,0.0,0.0,0.0,0.0,692.0,9.0,0.4463235294117647,0.625,147.0,0.0,0.0,-1.0,0
10000.0,36.0,12.29,333.53,10.0,10.0,1.0,78312.0,1.0,4.0,12.67,9.0,0.0,4015.0,56.5,19.0,1.0,0.0,2.0,0.0,667.0,9.0,0.1276943508019205,0.4736842105263157,139.0,0.0,0.0,-1.0,0
12000.0,60.0,17.86,303.81,19.0,0.0,0.0,53000.0,0.0,0.0,8.58,11.0,0.0,9017.0,41.4,26.0,0.0,0.0,3.0,0.0,677.0,9.0,0.2264150943396226,0.4230769230769231,147.0,0.0,0.0,-1.0,0
2585.04296875,36.0,9.17,82.40829772949219,6.0,3.0,1.0,856457.5625,1.0,0.0,28.246275100708008,11.0,1.0,332212.28125,32.196129608154294,23.0,0.0,0.0,2.0,1.0,692.0,9.0,0.003018297077644415,0.4782608695652174,204.0,0.0049019607843137,0.0049019607843137,1.0,0
12000.0,36.0,12.69,402.54,11.0,3.0,1.0,40000.0,1.0,0.0,3.33,6.0,0.0,4747.0,57.2,6.0,1.0,0.0,0.0,0.0,677.0,9.0,0.3,1.0,50.0,0.0,0.0,-1.0,0
24000.0,36.0,10.99,785.62,8.0,2.0,2.0,70000.0,2.0,0.0,30.89,20.0,0.0,60164.0,65.1,60.0,1.0,0.0,4.0,0.0,707.0,9.0,0.3428571428571428,0.3333333333333333,369.0,0.0,0.0,-1.0,0
30000.0,60.0,13.99,697.9,13.0,7.0,1.0,150000.0,1.0,4.0,35.29,20.0,0.0,58282.0,62.3,32.0,0.0,0.0,0.0,0.0,677.0,9.0,0.2,0.625,102.0,0.0,0.0,-1.0,0
6000.0,36.0,8.18,188.52,5.0,8.0,1.0,45000.0,1.0,0.0,13.87,11.0,1.0,5423.0,36.6,23.0,0.0,0.0,0.0,1.0,672.0,9.0,0.1333333333333333,0.4782608695652174,133.0,0.0075187969924812,0.0075187969924812,1.0,0
22000.0,36.0,9.17,701.34,6.0,7.0,1.0,55000.0,1.0,0.0,6.95,15.0,1.0,14532.0,24.3,23.0,0.0,0.0,0.0,1.0,707.0,9.0,0.4,0.6521739130434783,142.0,0.0070422535211267,0.0070422535211267,1.0,0
3000.0,36.0,8.18,94.26,5.0,10.0,2.0,82000.0,2.0,0.0,21.48,33.0,0.0,1617.0,2.4,50.0,0.0,0.0,1.0,0.0,777.0,9.0,0.0365853658536585,0.66,362.0,0.0,0.0,-1.0,0
6093.81787109375,36.0,19.19,223.96075317382812,22.0,1.0,1.0,424306.375,2.0,1.0,40.3823844909668,4.0,0.0,189198.75,34.33128776550293,15.0,0.0,0.0,2.0,0.0,677.0,9.0,0.014361865520477302,0.2666666805744171,104.0,0.0,0.0,-1.0,0
35000.0,60.0,19.19,911.59,22.0,10.0,1.0,105000.0,2.0,0.0,26.82,6.0,0.0,35396.0,101.1,34.0,0.0,0.0,0.0,0.0,667.0,9.0,0.3333333333333333,0.1764705882352941,209.0,0.0,0.0,-1.0,0
19986.908203125,36.0,5.32,601.908642578125,0.0,6.0,1.0,284245.03125,0.0,0.0,90.799296875,24.0,0.0,177327.25,5.62073631286621,55.0,0.0,0.0,1.0,0.0,767.0,9.0,0.07031576335430145,0.4285714571573296,158.0,0.0,0.0,-1.0,0
27936.5859375,60.0,12.29,625.5374536132813,10.0,10.0,0.0,469270.46875,0.0,0.0,55.20057678222656,14.0,0.0,138509.40625,113.04385681152344,39.0,0.0,0.0,3.0,0.0,722.0,9.0,0.05953194999694825,0.358974358974359,213.0,0.0,0.0,-1.0,0
20000.0,36.0,6.89,616.54,2.0,10.0,0.0,100000.0,1.0,0.0,10.79,11.0,0.0,9358.0,48.7,28.0,0.0,0.0,3.0,0.0,697.0,9.0,0.2,0.3928571428571428,199.0,0.0,0.0,-1.0,0
20000.0,36.0,11.53,659.81,9.0,5.0,2.0,48000.0,2.0,0.0,24.2,12.0,0.0,1671.0,17.8,19.0,0.0,0.0,0.0,0.0,692.0,9.0,0.4166666666666667,0.631578947368421,133.0,0.0,0.0,-1.0,1
10000.0,36.0,7.89,312.86,4.0,4.0,0.0,62000.0,0.0,4.0,6.35,14.0,0.0,7090.0,45.7,18.0,0.0,0.0,1.0,0.0,707.0,9.0,0.1612903225806451,0.7777777777777778,154.0,0.0,0.0,-1.0,0
25000.0,60.0,9.99,531.06,7.0,10.0,2.0,80000.0,0.0,4.0,30.06,20.0,0.0,29500.0,90.2,42.0,0.0,0.0,3.0,0.0,692.0,9.0,0.3125,0.4761904761904761,149.0,0.0,0.0,-1.0,1
35000.0,36.0,11.53,1154.66,9.0,10.0,1.0,120000.0,1.0,0.0,15.69,10.0,0.0,19518.0,75.4,26.0,0.0,0.0,4.0,0.0,692.0,9.0,0.2916666666666667,0.3846153846153846,147.0,0.0,0.0,-1.0,0
10000.0,36.0,9.99,322.63,7.0,5.0,0.0,120000.0,1.0,0.0,9.2,12.0,1.0,7966.0,42.1,28.0,0.0,0.0,6.0,1.0,667.0,9.0,0.0833333333333333,0.4285714285714285,317.0,0.0031545741324921,0.0031545741324921,1.0,0
15000.0,36.0,8.18,471.3,5.0,5.0,0.0,102456.0,1.0,4.0,11.08,9.0,1.0,8498.0,38.1,32.0,0.0,0.0,1.0,1.0,677.0,9.0,0.1464043101428906,0.28125,175.0,0.0057142857142857,0.0057142857142857,1.0,0
10000.0,36.0,12.29,333.53,10.0,0.0,1.0,50000.0,1.0,0.0,11.47,4.0,0.0,8915.0,92.9,6.0,0.0,0.0,0.0,0.0,662.0,9.0,0.2,0.6666666666666666,50.0,0.0,0.0,-1.0,0
6028.71875,36.0,9.17,192.1888592529297,6.0,5.0,2.0,137770.875,1.0,2.0,41.58142059326172,5.0,1.0,190449.609375,17.78778667449951,17.0,0.0,0.0,2.0,1.0,687.0,9.0,0.0437590230800462,0.2941176470588235,132.0,0.0075757575757575,0.0075757575757575,1.0,0
8000.0,36.0,10.99,261.88,8.0,2.0,0.0,36000.0,2.0,0.0,18.73,4.0,0.0,5635.0,102.5,11.0,0.0,0.0,1.0,0.0,682.0,9.0,0.2222222222222222,0.3636363636363636,194.0,0.0,0.0,-1.0,0
14400.0,60.0,18.25,367.63,20.0,8.0,1.0,56000.0,2.0,0.0,19.31,8.0,0.0,7591.0,59.3,30.0,0.0,0.0,0.0,0.0,672.0,9.0,0.2571428571428571,0.2666666666666666,77.0,0.0,0.0,-1.0,0
12000.0,60.0,17.57,301.93,18.0,7.0,0.0,50000.0,0.0,0.0,29.69,19.0,1.0,17006.0,52.0,30.0,0.0,0.0,0.0,1.0,667.0,9.0,0.24,0.6333333333333333,133.0,0.0075187969924812,0.0075187969924812,1.0,1
9500.0,36.0,10.99,310.98,8.0,2.0,0.0,113000.0,1.0,0.0,1.87,10.0,0.0,3401.0,19.7,21.0,0.0,0.0,5.0,0.0,687.0,9.0,0.084070796460177,0.4761904761904761,122.0,0.0,0.0,-1.0,1
13800.0,36.0,6.89,425.42,2.0,9.0,0.0,45000.0,0.0,4.0,29.27,18.0,0.0,23819.0,31.5,38.0,0.0,0.0,5.0,0.0,722.0,9.0,0.3066666666666666,0.4736842105263157,192.0,0.0,0.0,-1.0,0
16000.0,60.0,15.61,385.79,15.0,0.0,1.0,58000.0,1.0,0.0,20.88,22.0,0.0,13607.0,68.4,28.0,0.0,0.0,0.0,0.0,667.0,9.0,0.2758620689655172,0.7857142857142857,175.0,0.0,0.0,-1.0,0
27000.0,60.0,12.69,610.06,11.0,10.0,0.0,130000.0,0.0,0.0,8.0,10.0,1.0,5526.0,35.7,32.0,0.0,0.0,8.0,1.0,677.0,9.0,0.2076923076923077,0.3125,258.0,0.003875968992248,0.003875968992248,1.0,0
8000.0,36.0,14.65,275.96,14.0,1.0,1.0,45000.0,1.0,5.0,21.25,14.0,0.0,5778.0,36.6,21.0,1.0,0.0,0.0,0.0,682.0,9.0,0.1777777777777777,0.6666666666666666,85.0,0.0,0.0,-1.0,1
15000.0,36.0,9.17,478.19,6.0,3.0,0.0,80000.0,1.0,4.0,17.66,13.0,1.0,4076.0,76.9,49.0,0.0,0.0,1.0,1.0,672.0,9.0,0.1875,0.2653061224489796,207.0,0.0048309178743961,0.0048309178743961,1.0,0
21992.552734375,36.0,6.24,671.446845703125,1.0,9.0,0.0,222520.8125,1.0,4.0,32.55471084594727,13.0,0.0,182696.34375,19.179412841796875,20.0,0.0,0.0,2.0,0.0,747.0,9.0,0.09883367385781866,0.65,134.0,0.0,0.0,-1.0,0
9000.0,36.0,13.33,304.68,12.0,2.0,1.0,90000.0,1.0,1.0,13.99,7.0,0.0,9123.0,57.4,16.0,0.0,0.0,0.0,0.0,712.0,9.0,0.1,0.4375,38.0,0.0,0.0,-1.0,0
15994.826171875,36.0,8.18,502.5516650390625,5.0,5.0,0.0,324899.78125,0.0,0.0,10.839178009033205,13.0,0.0,7646.83203125,42.13303756713867,21.0,0.0,0.0,2.0,0.0,702.0,9.0,0.04923003543825705,0.6190476190476191,144.0,0.0,0.0,-1.0,0
28000.0,60.0,11.53,616.22,9.0,2.0,0.0,94000.0,0.0,0.0,4.66,10.0,0.0,45204.0,22.2,41.0,0.0,0.0,7.0,0.0,702.0,9.0,0.2978723404255319,0.2439024390243902,252.0,0.0,0.0,-1.0,0
20000.0,36.0,13.33,677.07,12.0,10.0,1.0,56000.0,1.0,0.0,33.26,24.0,2.0,12575.0,40.0,41.0,1.0,0.0,3.0,1.0,667.0,9.0,0.3571428571428571,0.5853658536585366,179.0,0.0111731843575419,0.0055865921787709,0.5,0
24000.0,36.0,11.53,791.77,9.0,10.0,2.0,63000.0,2.0,0.0,11.07,7.0,0.0,17640.0,78.1,17.0,1.0,0.0,2.0,0.0,687.0,9.0,0.3809523809523809,0.4117647058823529,195.0,0.0,0.0,-1.0,0
14376.365234375,36.0,7.89,449.77448608398436,4.0,10.0,0.0,453287.34375,0.0,0.0,16.598877944946288,10.0,0.0,17633.591796875,41.89848175048828,35.0,0.0,0.0,2.0,0.0,702.0,9.0,0.031715781113197006,0.28571428401129584,149.0,0.0,0.0,-1.0,0
13300.0,36.0,13.67,452.44,13.0,0.0,1.0,76748.0,2.0,0.0,10.04,7.0,0.0,6239.0,48.4,22.0,0.0,0.0,0.0,0.0,722.0,9.0,0.1732944180955855,0.3181818181818182,149.0,0.0,0.0,-1.0,0
10056.8125,36.0,12.69,337.35252685546874,11.0,10.0,0.0,503191.21875,0.0,1.0,-1.000000610351563,15.0,1.0,64799.78125,59.0626106262207,21.0,1.0,0.0,0.0,0.0,707.0,9.0,0.019986063241958618,0.7142857511838278,92.0,0.0108695652173913,0.0,0.0,0
16000.0,60.0,10.99,347.8,8.0,5.0,1.0,60000.0,2.0,4.0,33.24,19.0,0.0,18290.0,58.6,34.0,0.0,0.0,0.0,0.0,692.0,9.0,0.2666666666666666,0.5588235294117647,132.0,0.0,0.0,-1.0,0
9000.0,36.0,6.24,274.78,1.0,2.0,0.0,70000.0,0.0,4.0,19.35,9.0,0.0,17153.0,55.9,24.0,0.0,0.0,1.0,0.0,732.0,9.0,0.1285714285714285,0.375,159.0,0.0,0.0,-1.0,0
15400.0,60.0,9.17,320.96,6.0,10.0,0.0,86000.0,2.0,0.0,17.22,13.0,0.0,14112.0,30.2,22.0,1.0,0.0,4.0,0.0,727.0,9.0,0.1790697674418604,0.5909090909090909,186.0,0.0,0.0,-1.0,0
9600.0,36.0,7.89,300.35,4.0,10.0,0.0,53000.0,1.0,0.0,23.53,8.0,0.0,7086.0,52.1,15.0,0.0,0.0,0.0,0.0,717.0,9.0,0.1811320754716981,0.5333333333333333,203.0,0.0,0.0,-1.0,0
10000.0,36.0,13.99,341.73,13.0,1.0,0.0,50000.0,2.0,0.0,15.6,8.0,1.0,18906.0,73.3,24.0,1.0,0.0,1.0,1.0,677.0,9.0,0.2,0.3333333333333333,104.0,0.0096153846153846,0.0096153846153846,1.0,0
35255.5078125,60.0,20.99,953.5806958007812,24.0,3.0,0.0,591684.1875,1.0,3.0,14.66902114868164,21.0,0.0,137158.4375,4.083211135864261,28.0,1.0,0.0,3.0,0.0,712.0,9.0,0.059585010563885654,0.75,137.0,0.0,0.0,-1.0,1
24000.0,36.0,12.69,805.08,11.0,7.0,0.0,162000.0,1.0,0.0,9.56,16.0,0.0,17014.0,49.6,32.0,1.0,0.0,5.0,0.0,677.0,9.0,0.1481481481481481,0.5,181.0,0.0,0.0,-1.0,0
16000.0,36.0,7.89,500.58,4.0,10.0,1.0,46200.0,0.0,0.0,31.81,16.0,0.0,3426.0,6.8,22.0,0.0,0.0,0.0,0.0,802.0,9.0,0.3463203463203463,0.7272727272727273,156.0,0.0,0.0,-1.0,0
22000.0,60.0,19.99,582.75,23.0,10.0,1.0,150000.0,2.0,0.0,9.71,19.0,2.0,6831.0,39.0,46.0,0.0,0.0,3.0,1.0,682.0,9.0,0.1466666666666666,0.4130434782608695,312.0,0.0064102564102564,0.0032051282051282,0.5,1
5000.0,36.0,12.29,166.77,10.0,10.0,0.0,125000.0,2.0,5.0,7.88,13.0,0.0,14552.0,27.8,29.0,0.0,0.0,1.0,0.0,697.0,9.0,0.04,0.4482758620689655,191.0,0.0,0.0,-1.0,0
18000.0,36.0,7.26,557.94,3.0,9.0,2.0,60000.0,1.0,0.0,18.78,18.0,0.0,17789.0,40.1,55.0,0.0,0.0,5.0,0.0,687.0,9.0,0.3,0.3272727272727272,192.0,0.0,0.0,-1.0,1
29400.0,36.0,12.29,980.58,10.0,10.0,2.0,70000.0,1.0,0.0,10.37,7.0,0.0,21513.0,86.7,18.0,0.0,0.0,0.0,0.0,662.0,9.0,0.42,0.3888888888888889,245.0,0.0,0.0,-1.0,1
4000.0,36.0,12.29,133.42,10.0,0.0,1.0,38000.0,1.0,0.0,23.56,8.0,0.0,7269.0,67.3,11.0,1.0,0.0,0.0,0.0,672.0,9.0,0.1052631578947368,0.7272727272727273,116.0,0.0,0.0,-1.0,0
16625.0,36.0,15.61,581.29,15.0,10.0,0.0,49000.0,2.0,4.0,4.19,7.0,1.0,7736.0,65.0,16.0,1.0,0.0,4.0,0.0,692.0,9.0,0.3392857142857143,0.4375,142.0,0.0070422535211267,0.0,0.0,0
16275.0,60.0,15.61,392.42,15.0,0.0,1.0,37000.0,2.0,0.0,29.68,6.0,0.0,15891.0,76.4,13.0,1.0,0.0,0.0,0.0,687.0,9.0,0.4398648648648648,0.4615384615384615,158.0,0.0,0.0,-1.0,1
30207.75390625,60.0,20.99,817.050517578125,24.0,10.0,2.0,60142.79296875,1.0,0.0,107.72759216308594,8.0,0.0,91940.6328125,59.95479965209961,29.0,1.0,0.0,5.0,0.0,682.0,9.0,0.5022672394911448,0.27586205403010045,150.0,0.0,0.0,-1.0,0
28014.21484375,60.0,15.61,675.4589282226563,15.0,0.0,0.0,79729.296875,1.0,0.0,15.277157745361329,10.0,0.0,28080.00390625,87.16383209228516,19.0,1.0,0.0,2.0,0.0,692.0,9.0,0.3513666399585919,0.5263157894736842,156.0,0.0,0.0,-1.0,1
10000.0,36.0,13.33,338.54,12.0,3.0,1.0,35000.0,2.0,0.0,21.67,21.0,0.0,4244.0,34.8,39.0,1.0,0.0,0.0,0.0,707.0,9.0,0.2857142857142857,0.5384615384615384,135.0,0.0,0.0,-1.0,0
1500.0,36.0,11.53,49.49,9.0,1.0,0.0,43000.0,2.0,9.0,26.51,4.0,0.0,10238.0,78.8,12.0,0.0,0.0,0.0,0.0,727.0,9.0,0.0348837209302325,0.3333333333333333,204.0,0.0,0.0,-1.0,0
6000.0,36.0,10.99,196.41,8.0,1.0,1.0,30160.0,2.0,0.0,27.78,8.0,0.0,4955.0,31.6,13.0,0.0,0.0,0.0,0.0,677.0,9.0,0.1989389920424403,0.6153846153846154,144.0,0.0,0.0,-1.0,0
20000.0,36.0,10.99,654.68,8.0,10.0,0.0,72000.0,2.0,0.0,23.88,10.0,0.0,20314.0,45.2,18.0,0.0,0.0,1.0,0.0,747.0,9.0,0.2777777777777778,0.5555555555555556,253.0,0.0,0.0,-1.0,0
8228.611328125,36.0,5.32,247.80580322265624,0.0,1.0,1.0,561003.375,0.0,4.0,7.5441436767578125,5.0,0.0,335623.75,26.43277931213379,13.0,1.0,0.0,2.0,0.0,737.0,9.0,0.014667667010251198,0.38461538920035726,103.0,0.0,0.0,-1.0,0
8500.0,36.0,12.69,285.14,11.0,4.0,0.0,37500.0,1.0,0.0,9.25,6.0,0.0,2667.0,29.0,13.0,0.0,0.0,1.0,0.0,662.0,9.0,0.2266666666666666,0.4615384615384615,102.0,0.0,0.0,-1.0,0
23925.0,60.0,16.55,588.83,16.0,3.0,1.0,63000.0,2.0,0.0,19.3,9.0,0.0,4450.0,52.4,16.0,0.0,0.0,0.0,0.0,677.0,9.0,0.3797619047619047,0.5625,252.0,0.0,0.0,-1.0,1
30000.0,36.0,10.99,982.02,8.0,10.0,0.0,60000.0,2.0,4.0,24.16,9.0,0.0,28135.0,28.6,21.0,0.0,0.0,3.0,0.0,752.0,9.0,0.5,0.4285714285714285,227.0,0.0,0.0,-1.0,0
7500.0,36.0,9.99,241.97,7.0,10.0,1.0,67000.0,2.0,0.0,21.15,18.0,0.0,23188.0,55.9,39.0,0.0,0.0,1.0,0.0,692.0,9.0,0.1119402985074626,0.4615384615384615,170.0,0.0,0.0,-1.0,0
10000.0,36.0,6.89,308.27,2.0,10.0,0.0,64000.0,0.0,0.0,11.29,9.0,0.0,12436.0,54.8,21.0,0.0,0.0,1.0,0.0,712.0,9.0,0.15625,0.4285714285714285,132.0,0.0,0.0,-1.0,1
17000.0,36.0,11.53,560.84,9.0,10.0,0.0,58000.0,2.0,4.0,20.65,9.0,0.0,31579.0,84.2,28.0,0.0,0.0,2.0,0.0,722.0,9.0,0.293103448275862,0.3214285714285714,258.0,0.0,0.0,-1.0,0
2080.60595703125,36.0,14.65,71.76876281738281,14.0,3.0,1.0,675245.5,2.0,10.0,6.256609420776368,8.0,0.0,67485.4296875,117.57412872314453,19.0,0.0,0.0,0.0,0.0,662.0,9.0,0.0030812528548818593,0.42105264013463806,62.0,0.0,0.0,-1.0,0
25001.197265625,36.0,7.89,782.1864990234375,4.0,10.0,2.0,125194.8203125,2.0,0.0,10.255467376708985,15.0,0.0,11829.044921875,43.65698776245117,39.0,0.0,0.0,4.0,0.0,692.0,9.0,0.1996983318523563,0.3846153846153846,190.0,0.0,0.0,-1.0,0
12000.0,60.0,17.57,301.93,18.0,10.0,2.0,48000.0,1.0,4.0,35.7,15.0,0.0,18248.0,59.4,27.0,0.0,0.0,1.0,0.0,682.0,9.0,0.25,0.5555555555555556,240.0,0.0,0.0,-1.0,1
7400.0,36.0,7.89,231.52,4.0,1.0,0.0,100000.0,1.0,4.0,27.19,17.0,0.0,20269.0,47.9,41.0,0.0,0.0,1.0,0.0,677.0,9.0,0.074,0.4146341463414634,193.0,0.0,0.0,-1.0,0
18000.0,60.0,13.99,418.74,13.0,5.0,0.0,60000.0,1.0,0.0,8.14,6.0,0.0,8819.0,74.7,11.0,0.0,0.0,1.0,0.0,692.0,9.0,0.3,0.5454545454545454,137.0,0.0,0.0,-1.0,0
30000.0,36.0,9.17,956.37,6.0,8.0,0.0,80500.0,1.0,4.0,22.72,17.0,0.0,37819.0,72.2,40.0,0.0,0.0,2.0,0.0,682.0,9.0,0.3726708074534161,0.425,223.0,0.0,0.0,-1.0,0
13850.0,36.0,13.33,468.87,12.0,10.0,1.0,33000.0,1.0,4.0,7.24,4.0,0.0,7195.0,76.5,12.0,0.0,0.0,1.0,0.0,662.0,9.0,0.4196969696969697,0.3333333333333333,124.0,0.0,0.0,-1.0,0
20000.0,60.0,12.29,447.83,10.0,10.0,0.0,76788.0,0.0,0.0,30.17,27.0,0.0,56573.0,33.0,75.0,0.0,0.0,5.0,0.0,732.0,9.0,0.2604573631296557,0.36,321.0,0.0,0.0,-1.0,0
35017.83984375,36.0,18.25,1270.3729443359375,20.0,6.0,0.0,391093.375,1.0,0.0,-0.9999995422363277,16.0,0.0,124181.4609375,50.777807617187506,36.0,1.0,0.0,5.0,0.0,677.0,9.0,0.0895382927523719,0.44444444520132875,196.0,0.0,0.0,-1.0,1
5400.0,36.0,18.25,195.91,20.0,2.0,1.0,30000.0,1.0,0.0,27.92,7.0,0.0,6659.0,68.6,9.0,1.0,0.0,0.0,0.0,672.0,9.0,0.18,0.7777777777777778,109.0,0.0,0.0,-1.0,0
16000.0,36.0,12.29,533.65,10.0,2.0,1.0,44000.0,0.0,4.0,14.48,53.0,0.0,18039.0,64.4,72.0,0.0,0.0,0.0,0.0,692.0,9.0,0.3636363636363636,0.7361111111111112,189.0,0.0,0.0,-1.0,0
8000.0,36.0,13.33,270.83,12.0,2.0,1.0,75000.0,1.0,0.0,3.58,8.0,0.0,5675.0,51.6,9.0,0.0,0.0,0.0,0.0,667.0,9.0,0.1066666666666666,0.8888888888888888,144.0,0.0,0.0,-1.0,0
12000.0,60.0,12.29,268.7,10.0,0.0,1.0,30000.0,0.0,4.0,20.92,18.0,0.0,13038.0,68.6,30.0,0.0,0.0,0.0,0.0,667.0,9.0,0.4,0.6,110.0,0.0,0.0,-1.0,0
14960.142578125,36.0,6.89,461.17025390625,2.0,4.0,0.0,430354.25,1.0,0.0,25.463757781982423,14.0,1.0,0.0,29.163266372680667,24.0,0.0,0.0,1.0,1.0,732.0,9.0,0.03476239302579093,0.5833333333333334,235.0,0.0042553191489361,0.0042553191489361,1.0,0
11094.70703125,60.0,21.99,306.36091186523436,25.0,10.0,1.0,221866.625,2.0,0.0,59.41155059814453,9.0,0.0,254812.140625,48.39203300476074,36.0,1.0,0.0,4.0,0.0,682.0,9.0,0.05000619639049872,0.2499999872275761,166.0,0.0,0.0,-1.0,1
16000.0,36.0,7.26,495.94,3.0,10.0,0.0,87000.0,0.0,0.0,23.24,8.0,0.0,30365.0,53.6,21.0,0.0,0.0,7.0,0.0,717.0,9.0,0.1839080459770115,0.3809523809523809,323.0,0.0,0.0,-1.0,0
17300.0,36.0,12.29,577.01,10.0,10.0,0.0,117900.0,2.0,0.0,13.79,17.0,0.0,5212.0,43.1,43.0,0.0,0.0,4.0,0.0,682.0,9.0,0.1467345207803223,0.3953488372093023,368.0,0.0,0.0,-1.0,0
25000.0,36.0,5.32,752.87,0.0,1.0,1.0,125000.0,1.0,0.0,27.87,13.0,0.0,2729.0,14.1,24.0,0.0,0.0,0.0,0.0,807.0,9.0,0.2,0.5416666666666666,146.0,0.0,0.0,-1.0,0
12000.0,36.0,12.59,401.97,11.0,10.0,1.0,108000.0,2.0,0.0,34.81,21.0,0.0,14009.0,77.0,42.0,0.0,0.0,6.0,0.0,677.0,10.0,0.1111111111111111,0.5,208.0,0.0,0.0,-1.0,1
4200.0,36.0,7.89,131.4,4.0,0.0,1.0,80000.0,1.0,3.0,13.73,11.0,0.0,6075.0,16.6,21.0,1.0,0.0,0.0,0.0,707.0,10.0,0.0525,0.5238095238095238,238.0,0.0,0.0,-1.0,0
9000.0,36.0,7.89,281.58,4.0,3.0,2.0,53000.0,1.0,0.0,13.0,13.0,1.0,3494.0,8.3,34.0,0.0,0.0,1.0,1.0,677.0,10.0,0.1698113207547169,0.3823529411764705,204.0,0.0049019607843137,0.0049019607843137,1.0,0
5750.0,36.0,8.18,180.67,5.0,9.0,1.0,89000.0,1.0,4.0,5.61,9.0,0.0,6015.0,24.8,15.0,0.0,0.0,0.0,0.0,707.0,10.0,0.0646067415730337,0.6,53.0,0.0,0.0,-1.0,0
21125.0,36.0,6.24,644.97,1.0,2.0,0.0,72000.0,0.0,4.0,13.78,12.0,0.0,27688.0,44.7,29.0,0.0,0.0,2.0,0.0,717.0,10.0,0.2934027777777778,0.4137931034482758,134.0,0.0,0.0,-1.0,0
16000.0,36.0,9.99,516.2,7.0,0.0,2.0,43000.0,1.0,0.0,9.85,6.0,0.0,13973.0,78.9,18.0,0.0,0.0,6.0,0.0,692.0,10.0,0.3720930232558139,0.3333333333333333,312.0,0.0,0.0,-1.0,0
20000.0,36.0,19.99,743.17,23.0,0.0,0.0,56000.0,2.0,0.0,14.58,17.0,0.0,17999.0,65.0,51.0,1.0,0.0,5.0,0.0,667.0,10.0,0.3571428571428571,0.3333333333333333,139.0,0.0,0.0,-1.0,0
20990.85546875,60.0,9.99,445.89111694335935,7.0,10.0,0.0,262826.25,0.0,4.0,30.44085144042969,8.0,0.0,0.0,76.93185729980469,37.0,0.0,0.0,2.0,0.0,712.0,10.0,0.07986588202990014,0.2162162311173774,158.0,0.0,0.0,-1.0,0
18000.0,36.0,6.24,549.56,1.0,10.0,0.0,61984.0,1.0,4.0,15.03,15.0,0.0,35316.0,39.5,32.0,0.0,0.0,3.0,0.0,727.0,10.0,0.2903975219411461,0.46875,211.0,0.0,0.0,-1.0,0
16000.0,36.0,5.32,481.84,0.0,5.0,1.0,147000.0,1.0,4.0,15.87,12.0,0.0,16112.0,33.7,16.0,0.0,0.0,0.0,0.0,707.0,10.0,0.1088435374149659,0.75,159.0,0.0,0.0,-1.0,0
3500.0,36.0,27.31,143.48,31.0,7.0,0.0,33500.0,2.0,0.0,8.46,3.0,0.0,7868.0,99.6,4.0,1.0,0.0,0.0,0.0,672.0,10.0,0.1044776119402985,0.75,64.0,0.0,0.0,-1.0,0
10000.0,36.0,5.32,301.15,0.0,10.0,1.0,70000.0,0.0,5.0,20.23,8.0,0.0,1201.0,14.3,15.0,0.0,0.0,0.0,0.0,787.0,10.0,0.1428571428571428,0.5333333333333333,117.0,0.0,0.0,-1.0,0
5000.0,36.0,12.59,167.49,11.0,10.0,1.0,64000.0,2.0,4.0,6.81,9.0,0.0,8492.0,57.4,11.0,0.0,0.0,0.0,0.0,662.0,10.0,0.078125,0.8181818181818182,141.0,0.0,0.0,-1.0,0
16000.0,36.0,7.26,495.94,3.0,7.0,2.0,55000.0,0.0,4.0,18.89,11.0,0.0,18855.0,74.5,17.0,0.0,0.0,1.0,0.0,682.0,10.0,0.2909090909090909,0.6470588235294118,135.0,0.0,0.0,-1.0,0
3500.0,36.0,6.24,106.86,1.0,5.0,1.0,38000.0,1.0,4.0,16.01,6.0,1.0,3005.0,62.0,12.0,0.0,0.0,0.0,1.0,682.0,10.0,0.0921052631578947,0.5,311.0,0.0032154340836012,0.0032154340836012,1.0,0
20000.0,36.0,6.89,616.54,2.0,10.0,2.0,58000.0,0.0,4.0,12.31,8.0,0.0,24142.0,47.5,15.0,0.0,0.0,1.0,0.0,707.0,10.0,0.3448275862068966,0.5333333333333333,264.0,0.0,0.0,-1.0,0
8000.0,36.0,12.05,265.91,10.0,6.0,1.0,38000.0,1.0,7.0,32.56,18.0,0.0,17190.0,49.0,24.0,1.0,0.0,0.0,0.0,682.0,10.0,0.2105263157894736,0.75,101.0,0.0,0.0,-1.0,1
6500.0,36.0,13.67,221.12,13.0,4.0,1.0,20000.0,1.0,8.0,14.17,14.0,0.0,3803.0,18.3,14.0,0.0,0.0,0.0,0.0,717.0,10.0,0.325,1.0,37.0,0.0,0.0,-1.0,0
1500.0,36.0,8.18,47.13,5.0,10.0,0.0,65000.0,1.0,4.0,26.55,13.0,0.0,2634.0,54.9,42.0,0.0,0.0,6.0,0.0,687.0,10.0,0.023076923076923,0.3095238095238095,327.0,0.0,0.0,-1.0,0
16184.1943359375,60.0,19.99,428.69257080078125,23.0,0.0,0.0,284750.65625,2.0,0.0,19.09264194488525,9.0,0.0,0.0,23.168220901489256,13.0,0.0,0.0,1.0,0.0,737.0,10.0,0.05683635234832762,0.6923076923076923,63.0,0.0,0.0,-1.0,0
30000.0,36.0,13.67,1020.53,13.0,5.0,1.0,120000.0,2.0,0.0,17.13,23.0,0.0,26419.0,67.6,43.0,1.0,0.0,3.0,0.0,667.0,10.0,0.25,0.5348837209302325,135.0,0.0,0.0,-1.0,0
2075.0,36.0,27.88,85.7,32.0,3.0,0.0,40000.0,2.0,0.0,23.96,26.0,1.0,2678.0,55.8,35.0,1.0,0.0,0.0,1.0,662.0,10.0,0.051875,0.7428571428571429,114.0,0.0087719298245614,0.0087719298245614,1.0,1
20000.0,60.0,18.2,510.05,20.0,8.0,1.0,65000.0,1.0,0.0,16.62,9.0,0.0,2428.0,25.6,26.0,0.0,0.0,0.0,0.0,702.0,10.0,0.3076923076923077,0.3461538461538461,105.0,0.0,0.0,-1.0,1
14000.0,60.0,13.18,319.84,12.0,6.0,0.0,50000.0,2.0,0.0,27.0,12.0,1.0,15355.0,37.0,34.0,0.0,0.0,1.0,1.0,692.0,10.0,0.28,0.3529411764705882,199.0,0.0050251256281407,0.0050251256281407,1.0,0
13500.0,60.0,17.57,339.67,18.0,5.0,1.0,34000.0,2.0,0.0,33.25,8.0,0.0,2461.0,28.3,13.0,0.0,0.0,0.0,0.0,687.0,10.0,0.3970588235294117,0.6153846153846154,57.0,0.0,0.0,-1.0,0
8000.0,36.0,12.59,267.98,11.0,7.0,1.0,30000.0,1.0,0.0,27.01,5.0,0.0,6505.0,80.3,12.0,0.0,0.0,0.0,0.0,717.0,10.0,0.2666666666666666,0.4166666666666667,98.0,0.0,0.0,-1.0,1
20000.0,36.0,13.67,680.36,13.0,9.0,0.0,85000.0,1.0,0.0,11.39,17.0,0.0,13516.0,55.2,27.0,0.0,0.0,1.0,0.0,662.0,10.0,0.2352941176470588,0.6296296296296297,147.0,0.0,0.0,-1.0,1
6225.9501953125,36.0,9.99,200.86505249023438,7.0,10.0,1.0,675626.9375,1.0,4.0,42.18419723510742,17.0,0.0,201666.109375,21.60855407714844,30.0,0.0,0.0,0.0,0.0,722.0,10.0,0.009215068169262014,0.5666666666666667,261.0,0.0,0.0,-1.0,0
13800.0,36.0,11.49,455.01,9.0,5.0,0.0,60000.0,1.0,0.0,16.42,10.0,0.0,5834.0,44.9,18.0,0.0,0.0,2.0,0.0,677.0,10.0,0.23,0.5555555555555556,165.0,0.0,0.0,-1.0,1
23000.0,36.0,9.99,742.04,7.0,10.0,0.0,78000.0,2.0,0.0,31.28,14.0,0.0,50455.0,57.8,33.0,0.0,0.0,4.0,0.0,692.0,10.0,0.2948717948717949,0.4242424242424242,208.0,0.0,0.0,-1.0,1
7300.0,36.0,18.2,264.65,20.0,9.0,0.0,35000.0,2.0,0.0,8.26,4.0,0.0,2609.0,100.3,7.0,1.0,0.0,1.0,0.0,702.0,10.0,0.2085714285714285,0.5714285714285714,107.0,0.0,0.0,-1.0,0
10000.0,36.0,11.49,329.72,9.0,10.0,0.0,70000.0,0.0,0.0,35.02,17.0,0.0,37280.0,44.2,70.0,0.0,0.0,3.0,0.0,682.0,10.0,0.1428571428571428,0.2428571428571428,228.0,0.0,0.0,-1.0,0
14459.1455078125,36.0,13.67,491.8659509277344,13.0,10.0,0.0,1068190.875,1.0,1.0,123.82388366699219,16.0,0.0,64719.64453125,39.15142669677734,47.0,0.0,0.0,3.0,0.0,737.0,10.0,0.013536108016967752,0.3404255319148936,380.0,0.0,0.0,-1.0,0
6000.0,36.0,12.05,199.43,10.0,7.0,0.0,58000.0,0.0,0.0,13.26,10.0,0.0,4095.0,46.5,26.0,0.0,0.0,2.0,0.0,682.0,10.0,0.1034482758620689,0.3846153846153846,171.0,0.0,0.0,-1.0,0
35000.0,60.0,20.99,946.68,24.0,10.0,1.0,95000.0,1.0,0.0,16.95,23.0,0.0,22073.0,27.9,29.0,0.0,0.0,0.0,0.0,677.0,10.0,0.3684210526315789,0.7931034482758621,195.0,0.0,0.0,-1.0,0
12000.0,36.0,7.89,375.43,4.0,0.0,1.0,42000.0,1.0,0.0,26.26,13.0,0.0,7479.0,18.7,53.0,0.0,0.0,0.0,0.0,742.0,10.0,0.2857142857142857,0.2452830188679245,117.0,0.0,0.0,-1.0,0
20000.0,36.0,13.67,680.36,13.0,8.0,0.0,52000.0,2.0,0.0,12.32,10.0,0.0,8251.0,60.7,22.0,1.0,0.0,1.0,0.0,667.0,10.0,0.3846153846153846,0.4545454545454545,211.0,0.0,0.0,-1.0,0
21500.0,36.0,12.05,714.63,10.0,10.0,0.0,59652.0,0.0,4.0,30.42,17.0,0.0,26631.0,70.3,24.0,0.0,0.0,2.0,0.0,672.0,10.0,0.3604237913230068,0.7083333333333334,144.0,0.0,0.0,-1.0,0
14000.0,60.0,13.67,323.37,13.0,10.0,1.0,84000.0,1.0,0.0,20.53,8.0,0.0,9712.0,54.0,15.0,1.0,0.0,0.0,0.0,697.0,10.0,0.1666666666666666,0.5333333333333333,124.0,0.0,0.0,-1.0,1
10000.0,36.0,12.05,332.39,10.0,1.0,0.0,85000.0,2.0,0.0,6.25,12.0,1.0,3521.0,18.0,17.0,0.0,0.0,1.0,1.0,707.0,10.0,0.1176470588235294,0.7058823529411765,143.0,0.0069930069930069,0.0069930069930069,1.0,0
11200.0,36.0,12.05,372.27,10.0,8.0,1.0,70000.0,2.0,4.0,28.9,16.0,0.0,20114.0,57.1,18.0,0.0,0.0,0.0,0.0,682.0,10.0,0.16,0.8888888888888888,145.0,0.0,0.0,-1.0,0
14825.0,36.0,13.67,504.32,13.0,4.0,1.0,43000.0,1.0,0.0,19.03,9.0,1.0,6749.0,52.7,13.0,0.0,0.0,2.0,1.0,712.0,10.0,0.3447674418604651,0.6923076923076923,159.0,0.0062893081761006,0.0062893081761006,1.0,0
29895.21875,60.0,12.59,673.9526904296876,11.0,10.0,0.0,462661.28125,2.0,4.0,30.26497688293457,4.0,0.0,105252.96875,103.55280303955078,13.0,0.0,0.0,5.0,0.0,677.0,10.0,0.06461574633916217,0.3076923076923077,166.0,0.0,0.0,-1.0,0
16295.7998046875,36.0,6.89,502.3439831542969,2.0,3.0,1.0,621155.3125,1.0,1.0,52.27241195678711,13.0,0.0,111035.5703125,57.08265991210938,16.0,1.0,0.0,1.0,0.0,717.0,10.0,0.026234662135849223,0.8124999867545234,318.0,0.0,0.0,-1.0,0
10000.0,36.0,9.17,318.79,6.0,2.0,0.0,39600.0,1.0,4.0,33.15,14.0,5.0,7764.0,23.7,34.0,1.0,0.0,1.0,0.0,692.0,10.0,0.2525252525252525,0.4117647058823529,339.0,0.0147492625368731,0.0,0.0,0
3000.0,36.0,8.18,94.26,5.0,4.0,1.0,45000.0,1.0,4.0,11.17,5.0,1.0,2846.0,33.5,38.0,0.0,0.0,2.0,1.0,672.0,10.0,0.0666666666666666,0.131578947368421,424.0,0.0023584905660377,0.0023584905660377,1.0,0
14000.0,36.0,10.99,458.28,8.0,8.0,1.0,40000.0,1.0,0.0,10.02,4.0,0.0,13771.0,71.7,12.0,1.0,0.0,0.0,0.0,662.0,10.0,0.35,0.3333333333333333,182.0,0.0,0.0,-1.0,0
20000.0,60.0,13.67,461.96,13.0,2.0,1.0,42000.0,2.0,10.0,21.27,6.0,0.0,31142.0,79.4,17.0,0.0,0.0,1.0,0.0,702.0,10.0,0.4761904761904761,0.3529411764705882,166.0,0.0,0.0,-1.0,1
16000.0,36.0,8.18,502.72,5.0,10.0,0.0,65000.0,0.0,4.0,21.21,9.0,0.0,16776.0,47.4,33.0,1.0,0.0,2.0,0.0,697.0,10.0,0.2461538461538461,0.2727272727272727,291.0,0.0,0.0,-1.0,1
35000.0,36.0,12.59,1172.39,11.0,6.0,0.0,120000.0,2.0,0.0,9.33,8.0,1.0,40628.0,78.1,18.0,0.0,0.0,4.0,0.0,677.0,10.0,0.2916666666666667,0.4444444444444444,180.0,0.0055555555555555,0.0,0.0,0
16000.0,36.0,6.24,488.5,1.0,2.0,2.0,145000.0,1.0,4.0,6.38,7.0,0.0,11043.0,35.4,15.0,0.0,0.0,2.0,0.0,697.0,10.0,0.1103448275862069,0.4666666666666667,238.0,0.0,0.0,-1.0,0
35000.0,60.0,18.99,907.73,22.0,6.0,0.0,107000.0,2.0,0.0,17.33,5.0,0.0,27706.0,98.9,26.0,0.0,0.0,4.0,0.0,697.0,10.0,0.3271028037383177,0.1923076923076923,177.0,0.0,0.0,-1.0,0
12000.0,36.0,6.24,366.37,1.0,10.0,0.0,49000.0,1.0,4.0,12.1,9.0,0.0,3090.0,16.3,23.0,0.0,0.0,1.0,0.0,712.0,10.0,0.2448979591836734,0.391304347826087,261.0,0.0,0.0,-1.0,0
14000.0,36.0,10.99,458.28,8.0,5.0,0.0,42500.0,2.0,0.0,24.17,16.0,0.0,11582.0,95.7,29.0,0.0,0.0,1.0,0.0,672.0,10.0,0.3294117647058823,0.5517241379310345,195.0,0.0,0.0,-1.0,1
15000.0,36.0,6.24,457.97,1.0,10.0,1.0,83000.0,1.0,4.0,21.08,14.0,0.0,20100.0,72.0,18.0,1.0,0.0,0.0,0.0,702.0,10.0,0.180722891566265,0.7777777777777778,108.0,0.0,0.0,-1.0,0
1230.283935546875,36.0,19.99,45.71554580688476,23.0,10.0,0.0,425562.65625,1.0,5.0,25.546978302001953,6.0,0.0,83149.0703125,20.696213150024413,15.0,0.0,0.0,3.0,0.0,752.0,10.0,0.0028909602906645564,0.4000000167976726,88.0,0.0,0.0,-1.0,0
10000.0,36.0,7.26,309.97,3.0,1.0,0.0,55000.0,2.0,0.0,6.87,7.0,0.0,7419.0,35.3,22.0,0.0,0.0,4.0,0.0,707.0,10.0,0.1818181818181818,0.3181818181818182,171.0,0.0,0.0,-1.0,0
24450.0,36.0,6.89,753.72,2.0,6.0,0.0,187000.0,2.0,4.0,21.88,25.0,0.0,60753.0,50.4,51.0,0.0,0.0,9.0,0.0,717.0,10.0,0.1307486631016042,0.4901960784313725,320.0,0.0,0.0,-1.0,0
13473.724609375,36.0,15.41,469.77989013671873,15.0,4.0,0.0,45605.17578125,0.0,0.0,15.78098991394043,10.0,0.0,13292.1806640625,45.165364837646486,42.0,1.0,0.0,2.0,0.0,662.0,10.0,0.2954428904076926,0.2380952529963992,230.0,0.0,0.0,-1.0,1
12000.0,36.0,9.99,387.15,7.0,8.0,0.0,65000.0,2.0,0.0,29.49,16.0,0.0,21514.0,73.7,25.0,1.0,0.0,3.0,0.0,682.0,10.0,0.1846153846153846,0.64,260.0,0.0,0.0,-1.0,0
33600.0,36.0,22.99,1300.48,26.0,10.0,0.0,118100.0,2.0,0.0,28.34,18.0,0.0,10977.0,45.2,34.0,1.0,0.0,6.0,0.0,697.0,10.0,0.2845046570702794,0.5294117647058824,216.0,0.0,0.0,-1.0,0
26000.0,36.0,14.33,892.8,14.0,5.0,1.0,80000.0,2.0,0.0,16.82,12.0,1.0,20400.0,44.3,23.0,1.0,0.0,0.0,0.0,712.0,10.0,0.325,0.5217391304347826,116.0,0.0086206896551724,0.0,0.0,0
30000.0,36.0,9.17,956.37,6.0,8.0,1.0,100000.0,1.0,0.0,11.87,5.0,0.0,22975.0,44.1,9.0,1.0,0.0,0.0,0.0,757.0,10.0,0.3,0.5555555555555556,143.0,0.0,0.0,-1.0,0
4000.0,36.0,11.49,131.89,9.0,10.0,1.0,60000.0,2.0,10.0,32.0,18.0,0.0,15497.0,41.5,28.0,0.0,0.0,0.0,0.0,712.0,10.0,0.0666666666666666,0.6428571428571429,268.0,0.0,0.0,-1.0,0
24000.0,60.0,18.2,612.06,20.0,0.0,1.0,50000.0,1.0,4.0,24.33,13.0,0.0,27476.0,50.6,32.0,0.0,0.0,0.0,0.0,702.0,10.0,0.48,0.40625,169.0,0.0,0.0,-1.0,0
33600.0,36.0,16.55,1190.43,16.0,5.0,1.0,90000.0,2.0,0.0,38.56,5.0,0.0,60820.0,81.0,16.0,0.0,0.0,0.0,0.0,722.0,10.0,0.3733333333333333,0.3125,277.0,0.0,0.0,-1.0,0
20000.0,36.0,13.67,680.36,13.0,3.0,0.0,111600.0,2.0,0.0,16.06,17.0,0.0,29042.0,59.3,33.0,1.0,0.0,2.0,0.0,677.0,10.0,0.1792114695340501,0.5151515151515151,261.0,0.0,0.0,-1.0,1
13000.0,60.0,13.67,300.27,13.0,1.0,1.0,48000.0,0.0,0.0,25.98,10.0,0.0,10995.0,37.0,18.0,0.0,0.0,0.0,0.0,692.0,10.0,0.2708333333333333,0.5555555555555556,305.0,0.0,0.0,-1.0,0
11000.0,36.0,6.89,339.1,2.0,10.0,0.0,72000.0,0.0,0.0,14.4,14.0,0.0,11796.0,29.1,33.0,0.0,0.0,2.0,0.0,752.0,10.0,0.1527777777777778,0.4242424242424242,228.0,0.0,0.0,-1.0,0
10000.0,36.0,7.26,309.97,3.0,10.0,0.0,62000.0,0.0,0.0,21.51,14.0,0.0,13615.0,24.0,26.0,0.0,0.0,1.0,0.0,782.0,10.0,0.1612903225806451,0.5384615384615384,356.0,0.0,0.0,-1.0,0
6500.0,36.0,12.59,217.73,11.0,10.0,1.0,50000.0,2.0,0.0,15.27,6.0,1.0,6900.0,86.2,15.0,0.0,0.0,1.0,0.0,667.0,10.0,0.13,0.4,118.0,0.0084745762711864,0.0,0.0,0
28000.0,60.0,21.99,773.18,25.0,3.0,1.0,149000.0,1.0,4.0,15.69,12.0,0.0,22833.0,94.4,19.0,0.0,0.0,0.0,0.0,662.0,10.0,0.1879194630872483,0.631578947368421,106.0,0.0,0.0,-1.0,1
3200.0,36.0,14.33,109.89,14.0,1.0,1.0,100000.0,1.0,0.0,11.51,6.0,0.0,4671.0,21.3,7.0,0.0,0.0,0.0,0.0,702.0,10.0,0.032,0.8571428571428571,40.0,0.0,0.0,-1.0,0
21101.51953125,60.0,12.59,475.7090625,11.0,10.0,0.0,40839.5078125,0.0,0.0,35.222819824218746,14.0,1.0,95223.90625,64.02783966064453,55.0,0.0,0.0,9.0,1.0,672.0,10.0,0.516693772699522,0.2545454521070827,398.0,0.0025125628140703,0.0025125628140703,1.0,1
12000.0,36.0,7.26,371.96,3.0,10.0,0.0,290000.0,1.0,4.0,13.18,14.0,0.0,265961.0,79.0,38.0,0.0,0.0,2.0,0.0,717.0,10.0,0.0413793103448275,0.3684210526315789,328.0,0.0,0.0,-1.0,0
10000.0,60.0,14.33,234.4,14.0,0.0,1.0,50000.0,1.0,4.0,22.25,7.0,0.0,5929.0,72.3,36.0,0.0,0.0,5.0,0.0,682.0,10.0,0.2,0.1944444444444444,175.0,0.0,0.0,-1.0,0
35000.0,60.0,18.49,898.13,21.0,10.0,1.0,79000.0,1.0,0.0,11.13,22.0,0.0,11972.0,21.2,46.0,1.0,0.0,4.0,0.0,737.0,10.0,0.4430379746835443,0.4782608695652174,316.0,0.0,0.0,-1.0,1
25000.0,36.0,11.49,824.29,9.0,3.0,0.0,100000.0,1.0,0.0,14.97,6.0,0.0,7131.0,66.0,9.0,1.0,0.0,1.0,0.0,687.0,10.0,0.25,0.6666666666666666,105.0,0.0,0.0,-1.0,0
12080.4033203125,36.0,9.17,385.10984497070314,6.0,4.0,2.0,28586.3046875,1.0,0.0,29.701300354003905,12.0,0.0,78694.5859375,65.05772399902344,21.0,0.0,0.0,1.0,0.0,682.0,10.0,0.4225941256565206,0.5714285731315613,257.0,0.0,0.0,-1.0,0
18400.0,36.0,13.18,621.57,12.0,10.0,1.0,116000.0,2.0,0.0,5.59,9.0,0.0,22177.0,54.0,35.0,0.0,0.0,0.0,0.0,702.0,10.0,0.1586206896551724,0.2571428571428571,292.0,0.0,0.0,-1.0,0
16000.0,36.0,9.17,510.07,6.0,2.0,0.0,153000.0,1.0,0.0,15.85,11.0,0.0,42344.0,80.0,32.0,0.0,0.0,5.0,0.0,672.0,10.0,0.1045751633986928,0.34375,202.0,0.0,0.0,-1.0,0
18000.0,60.0,14.33,421.92,14.0,10.0,0.0,61000.0,1.0,4.0,34.8,15.0,0.0,27927.0,84.6,34.0,0.0,0.0,2.0,0.0,672.0,10.0,0.2950819672131147,0.4411764705882353,190.0,0.0,0.0,-1.0,0
24000.0,60.0,17.86,607.62,19.0,10.0,2.0,89000.0,0.0,0.0,19.39,19.0,1.0,50222.0,40.3,29.0,0.0,0.0,1.0,0.0,677.0,10.0,0.2696629213483146,0.6551724137931034,210.0,0.0047619047619047,0.0,0.0,1
18200.0,36.0,10.99,595.76,8.0,3.0,1.0,125000.0,1.0,0.0,11.92,6.0,2.0,2011.0,30.0,8.0,1.0,0.0,0.0,0.0,687.0,10.0,0.1456,0.75,123.0,0.016260162601626,0.0,0.0,0
6000.0,36.0,12.05,199.43,10.0,0.0,0.0,155000.0,0.0,2.0,29.04,21.0,0.0,60010.0,57.3,48.0,0.0,0.0,4.0,0.0,722.0,10.0,0.0387096774193548,0.4375,264.0,0.0,0.0,-1.0,0
1950.0,36.0,13.18,65.88,12.0,0.0,2.0,45000.0,1.0,5.0,36.91,16.0,0.0,1539.0,5.1,56.0,0.0,0.0,2.0,0.0,707.0,10.0,0.0433333333333333,0.2857142857142857,146.0,0.0,0.0,-1.0,0
30800.0,36.0,15.61,1076.92,15.0,10.0,2.0,70000.0,2.0,0.0,25.08,4.0,0.0,10425.0,103.2,16.0,1.0,0.0,0.0,0.0,717.0,10.0,0.44,0.25,143.0,0.0,0.0,-1.0,0
34075.0,60.0,19.19,887.5,22.0,10.0,0.0,69000.0,1.0,0.0,28.68,15.0,0.0,5606.0,25.7,24.0,0.0,0.0,1.0,0.0,752.0,10.0,0.4938405797101449,0.625,110.0,0.0,0.0,-1.0,0
14000.0,60.0,12.29,313.48,10.0,7.0,0.0,38000.0,0.0,0.0,30.42,8.0,1.0,3857.0,59.3,15.0,0.0,0.0,0.0,1.0,672.0,10.0,0.3684210526315789,0.5333333333333333,157.0,0.0063694267515923,0.0063694267515923,1.0,1
10000.0,60.0,17.86,253.18,19.0,2.0,1.0,43000.0,2.0,0.0,5.02,7.0,0.0,7447.0,39.6,18.0,0.0,0.0,0.0,0.0,697.0,10.0,0.2325581395348837,0.3888888888888889,134.0,0.0,0.0,-1.0,0
8000.0,36.0,17.86,288.66,19.0,3.0,1.0,52000.0,2.0,0.0,24.72,16.0,0.0,7485.0,30.9,25.0,0.0,0.0,0.0,0.0,697.0,10.0,0.1538461538461538,0.64,175.0,0.0,0.0,-1.0,0
18400.0,60.0,13.33,421.78,12.0,2.0,0.0,75000.0,1.0,0.0,2.58,6.0,3.0,10349.0,48.1,16.0,0.0,0.0,1.0,0.0,672.0,10.0,0.2453333333333333,0.375,143.0,0.0209790209790209,0.0,0.0,0
7000.0,36.0,10.99,229.14,8.0,10.0,0.0,47000.0,1.0,0.0,9.19,5.0,0.0,8204.0,78.1,14.0,1.0,0.0,4.0,0.0,677.0,10.0,0.1489361702127659,0.3571428571428571,152.0,0.0,0.0,-1.0,0
8500.0,36.0,13.99,290.47,13.0,10.0,1.0,34000.0,1.0,0.0,37.03,4.0,0.0,14451.0,87.6,6.0,0.0,0.0,0.0,0.0,692.0,10.0,0.25,0.6666666666666666,115.0,0.0,0.0,-1.0,1
21000.0,36.0,9.17,669.46,6.0,2.0,0.0,130000.0,1.0,0.0,16.99,19.0,0.0,24642.0,38.0,34.0,0.0,0.0,3.0,0.0,712.0,10.0,0.1615384615384615,0.5588235294117647,100.0,0.0,0.0,-1.0,0
11200.0,36.0,13.33,379.16,12.0,10.0,0.0,50000.0,1.0,0.0,18.03,18.0,0.0,6678.0,32.0,23.0,1.0,0.0,1.0,0.0,717.0,10.0,0.224,0.782608695652174,253.0,0.0,0.0,-1.0,0
24000.0,60.0,12.69,542.28,11.0,10.0,0.0,150000.0,2.0,0.0,30.7,14.0,0.0,374470.0,73.6,21.0,0.0,0.0,1.0,0.0,692.0,10.0,0.16,0.6666666666666666,278.0,0.0,0.0,-1.0,0
29956.671875,36.0,12.69,1004.8869262695313,11.0,10.0,2.0,8514233.0,1.0,0.0,56.22908462524414,18.0,0.0,77966.3125,101.88343811035156,27.0,1.0,0.0,1.0,0.0,672.0,10.0,0.0035184229871712117,0.6666666681949909,159.0,0.0,0.0,-1.0,0
14377.875,60.0,23.99,413.5390942382812,27.0,3.0,0.0,493459.71875,2.0,4.0,25.369385528564454,15.0,1.0,147550.46875,123.68144989013672,26.0,1.0,0.0,2.0,1.0,672.0,10.0,0.02913689467039976,0.5769230769230769,246.0,0.0040650406504065,0.0040650406504065,1.0,0
8000.0,36.0,10.99,261.88,8.0,7.0,1.0,72000.0,2.0,4.0,17.78,9.0,0.0,7369.0,44.7,17.0,1.0,0.0,0.0,0.0,687.0,10.0,0.1111111111111111,0.5294117647058824,243.0,0.0,0.0,-1.0,0
7975.0,36.0,16.55,282.55,16.0,0.0,0.0,21000.0,2.0,4.0,39.14,6.0,0.0,6392.0,64.6,10.0,1.0,0.0,1.0,0.0,707.0,10.0,0.3797619047619047,0.6,172.0,0.0,0.0,-1.0,0
22349.15234375,60.0,13.67,516.21080078125,13.0,10.0,0.0,498256.125,1.0,0.0,57.715186767578125,8.0,0.0,434849.59375,101.98540954589843,14.0,0.0,0.0,4.0,0.0,687.0,10.0,0.04485473835468293,0.5714285714285714,184.0,0.0,0.0,-1.0,0
10000.0,36.0,9.17,318.79,6.0,5.0,1.0,220000.0,1.0,5.0,7.25,7.0,0.0,12744.0,88.5,19.0,1.0,0.0,1.0,0.0,662.0,10.0,0.0454545454545454,0.3684210526315789,307.0,0.0,0.0,-1.0,0
35000.0,60.0,16.99,869.66,17.0,10.0,1.0,80000.0,2.0,4.0,9.83,2.0,0.0,6372.0,98.0,15.0,1.0,0.0,3.0,0.0,662.0,10.0,0.4375,0.1333333333333333,164.0,0.0,0.0,-1.0,0
18000.0,36.0,9.17,573.83,6.0,7.0,1.0,120000.0,1.0,4.0,12.07,5.0,0.0,4999.0,43.5,12.0,0.0,0.0,0.0,0.0,692.0,10.0,0.15,0.4166666666666667,178.0,0.0,0.0,-1.0,0
20000.0,36.0,7.26,619.93,3.0,10.0,0.0,75000.0,1.0,4.0,12.34,8.0,0.0,19327.0,55.1,21.0,1.0,0.0,2.0,0.0,697.0,10.0,0.2666666666666666,0.3809523809523809,135.0,0.0,0.0,-1.0,0
22000.0,60.0,18.2,561.06,20.0,4.0,1.0,85000.0,1.0,0.0,14.28,9.0,0.0,25613.0,57.4,15.0,0.0,0.0,0.0,0.0,687.0,10.0,0.2588235294117647,0.6,174.0,0.0,0.0,-1.0,1
6795.05859375,36.0,12.05,225.85460693359374,10.0,10.0,2.0,1231693.875,0.0,2.0,22.871275177001955,19.0,0.0,45342.2734375,84.044873046875,28.0,0.0,0.0,5.0,0.0,682.0,10.0,0.00551684764298524,0.6785714285714286,305.0,0.0,0.0,-1.0,0
5700.0,36.0,8.18,179.1,5.0,9.0,0.0,20000.0,0.0,4.0,18.13,9.0,0.0,7002.0,40.7,20.0,0.0,0.0,1.0,0.0,757.0,10.0,0.285,0.45,134.0,0.0,0.0,-1.0,0
28800.0,36.0,9.17,918.12,6.0,10.0,1.0,60000.0,2.0,4.0,24.45,6.0,0.0,20646.0,70.5,18.0,0.0,0.0,3.0,0.0,697.0,10.0,0.48,0.3333333333333333,388.0,0.0,0.0,-1.0,0
11500.0,36.0,11.49,379.17,9.0,3.0,1.0,65000.0,1.0,8.0,12.32,4.0,0.0,1918.0,28.6,46.0,0.0,0.0,0.0,0.0,667.0,10.0,0.1769230769230769,0.0869565217391304,150.0,0.0,0.0,-1.0,0
10000.0,36.0,11.49,329.72,9.0,0.0,1.0,36000.0,2.0,4.0,29.93,10.0,0.0,10974.0,99.8,17.0,1.0,0.0,0.0,0.0,667.0,10.0,0.2777777777777778,0.5882352941176471,441.0,0.0,0.0,-1.0,0
30008.279296875,36.0,13.67,1020.8108227539062,13.0,4.0,0.0,316150.03125,1.0,0.0,10.869542655944823,13.0,0.0,22676.92578125,61.30631561279297,31.0,0.0,0.0,8.0,0.0,692.0,10.0,0.09491783980116897,0.4193548387096774,207.0,0.0,0.0,-1.0,0
10000.0,36.0,5.32,301.15,0.0,1.0,0.0,70000.0,1.0,0.0,15.21,8.0,0.0,9904.0,38.4,20.0,0.0,0.0,3.0,0.0,747.0,10.0,0.1428571428571428,0.4,232.0,0.0,0.0,-1.0,0
19250.0,60.0,13.18,439.78,12.0,2.0,2.0,38500.0,0.0,4.0,7.89,14.0,0.0,7358.0,19.2,44.0,0.0,0.0,0.0,0.0,732.0,10.0,0.5,0.3181818181818182,143.0,0.0,0.0,-1.0,0
20000.0,36.0,9.17,637.58,6.0,2.0,1.0,85000.0,0.0,4.0,24.55,12.0,0.0,32780.0,53.4,19.0,0.0,0.0,0.0,0.0,702.0,10.0,0.2352941176470588,0.631578947368421,175.0,0.0,0.0,-1.0,0
35000.0,60.0,14.33,820.39,14.0,5.0,1.0,80000.0,1.0,0.0,23.3,10.0,1.0,108.0,0.3,36.0,0.0,0.0,2.0,1.0,732.0,10.0,0.4375,0.2777777777777778,142.0,0.0070422535211267,0.0070422535211267,1.0,1
8800.0,36.0,10.99,288.06,8.0,2.0,1.0,41000.0,1.0,0.0,23.42,16.0,1.0,8169.0,31.1,45.0,0.0,0.0,1.0,1.0,677.0,10.0,0.2146341463414634,0.3555555555555555,159.0,0.0062893081761006,0.0062893081761006,1.0,1
9025.0,36.0,18.49,328.5,21.0,8.0,0.0,68000.0,2.0,0.0,10.59,9.0,0.0,1357.0,23.4,23.0,0.0,0.0,2.0,0.0,677.0,10.0,0.1327205882352941,0.391304347826087,217.0,0.0,0.0,-1.0,0
7000.0,36.0,12.05,232.67,10.0,5.0,1.0,75000.0,0.0,0.0,14.94,12.0,0.0,6401.0,30.1,23.0,1.0,0.0,0.0,0.0,737.0,10.0,0.0933333333333333,0.5217391304347826,105.0,0.0,0.0,-1.0,1
10000.0,36.0,6.24,305.31,1.0,10.0,2.0,85000.0,1.0,4.0,22.74,12.0,0.0,13759.0,41.8,36.0,0.0,0.0,0.0,0.0,697.0,10.0,0.1176470588235294,0.3333333333333333,361.0,0.0,0.0,-1.0,0
22800.0,60.0,22.99,642.62,26.0,10.0,0.0,60000.0,1.0,0.0,15.44,12.0,1.0,3340.0,20.9,43.0,0.0,0.0,2.0,1.0,662.0,10.0,0.38,0.2790697674418604,173.0,0.0057803468208092,0.0057803468208092,1.0,0
9000.0,36.0,5.32,271.04,0.0,10.0,0.0,99000.0,1.0,2.0,5.93,11.0,0.0,12492.0,43.1,33.0,0.0,0.0,4.0,0.0,697.0,10.0,0.0909090909090909,0.3333333333333333,183.0,0.0,0.0,-1.0,0
18000.0,60.0,17.86,455.72,19.0,3.0,0.0,63000.0,1.0,0.0,24.32,17.0,0.0,24443.0,65.9,40.0,0.0,0.0,2.0,0.0,682.0,10.0,0.2857142857142857,0.425,150.0,0.0,0.0,-1.0,0
12243.4833984375,36.0,9.99,395.0060180664062,7.0,1.0,1.0,535585.1875,2.0,4.0,24.175918579101562,7.0,0.0,213362.40625,29.097913360595705,21.0,0.0,0.0,3.0,0.0,667.0,10.0,0.022859991590181927,0.3333333262375423,293.0,0.0,0.0,-1.0,0
11550.0,36.0,8.18,362.9,5.0,2.0,1.0,65338.0,0.0,5.0,23.22,14.0,0.0,21034.0,44.3,46.0,1.0,0.0,6.0,0.0,787.0,10.0,0.1767730876365973,0.3043478260869565,449.0,0.0,0.0,-1.0,0
5500.0,36.0,8.18,172.81,5.0,0.0,1.0,70000.0,1.0,0.0,9.69,15.0,1.0,5544.0,38.0,29.0,0.0,0.0,3.0,1.0,682.0,10.0,0.0785714285714285,0.5172413793103449,158.0,0.0063291139240506,0.0063291139240506,1.0,0
10000.0,36.0,5.32,301.15,0.0,4.0,0.0,155000.0,1.0,4.0,23.58,18.0,0.0,31862.0,50.3,43.0,1.0,0.0,4.0,0.0,767.0,10.0,0.064516129032258,0.4186046511627907,195.0,0.0,0.0,-1.0,1
2500.0,36.0,12.05,83.1,10.0,10.0,2.0,38500.0,1.0,9.0,19.11,5.0,1.0,9887.0,78.5,9.0,0.0,0.0,0.0,1.0,687.0,10.0,0.0649350649350649,0.5555555555555556,402.0,0.0024875621890547,0.0024875621890547,1.0,0
16939.900390625,60.0,12.59,381.8902282714844,11.0,3.0,2.0,21468.99609375,1.0,4.0,63.60890060424805,14.0,1.0,192464.71875,83.7827980041504,21.0,0.0,0.0,3.0,0.0,667.0,10.0,0.7890402328136354,0.6666666695049831,128.0,0.0078125,0.0,0.0,0
20000.0,36.0,7.26,619.93,3.0,3.0,0.0,195000.0,1.0,4.0,8.18,10.0,0.0,39645.0,40.3,25.0,0.0,0.0,3.0,0.0,697.0,10.0,0.1025641025641025,0.4,302.0,0.0,0.0,-1.0,0
28000.0,36.0,5.32,843.22,0.0,6.0,0.0,160000.0,0.0,4.0,10.06,9.0,0.0,34292.0,41.3,21.0,0.0,0.0,5.0,0.0,777.0,10.0,0.175,0.4285714285714285,157.0,0.0,0.0,-1.0,0
17959.099609375,36.0,12.59,601.575244140625,11.0,0.0,0.0,151764.8125,1.0,0.0,32.90704689025879,30.0,0.0,32670.380859375,49.74171676635742,32.0,0.0,0.0,2.0,0.0,662.0,10.0,0.11833507093516266,0.9375,181.0,0.0,0.0,-1.0,0
20000.0,36.0,9.17,637.58,6.0,0.0,1.0,100000.0,1.0,4.0,9.28,18.0,0.0,21448.0,44.4,29.0,0.0,0.0,0.0,0.0,672.0,10.0,0.2,0.6206896551724138,170.0,0.0,0.0,-1.0,0
14400.0,60.0,21.99,397.64,25.0,10.0,1.0,53000.0,2.0,11.0,25.14,8.0,1.0,11767.0,92.7,14.0,1.0,0.0,0.0,1.0,672.0,10.0,0.2716981132075471,0.5714285714285714,205.0,0.0048780487804878,0.0048780487804878,1.0,1
4800.0,36.0,8.18,150.82,5.0,10.0,1.0,76000.0,1.0,2.0,28.71,12.0,1.0,12399.0,52.1,31.0,1.0,0.0,0.0,1.0,667.0,10.0,0.0631578947368421,0.3870967741935484,222.0,0.0045045045045045,0.0045045045045045,1.0,0
18117.443359375,60.0,25.99,542.3378833007813,29.0,10.0,1.0,169807.359375,2.0,0.0,1.9276558685302732,9.0,1.0,49049.54296875,41.02189598083496,25.0,0.0,0.0,6.0,1.0,667.0,10.0,0.10669409494400026,0.36,280.0,0.0035714285714285,0.0035714285714285,1.0,1
9000.0,36.0,5.32,271.04,0.0,2.0,0.0,80000.0,0.0,4.0,17.61,7.0,0.0,9647.0,51.3,10.0,1.0,0.0,1.0,0.0,722.0,11.0,0.1125,0.7,114.0,0.0,0.0,-1.0,0
6000.0,36.0,13.18,202.69,12.0,1.0,0.0,27140.0,1.0,0.0,30.69,21.0,0.0,2231.0,30.6,23.0,0.0,1.0,0.0,0.0,692.0,11.0,0.2210759027266028,0.9130434782608696,64.0,0.0,0.0,-1.0,0
4800.0,36.0,11.99,159.41,10.0,6.0,0.0,225000.0,1.0,3.0,4.28,10.0,0.0,8343.0,27.2,10.0,0.0,0.0,1.0,0.0,667.0,11.0,0.0213333333333333,1.0,42.0,0.0,0.0,-1.0,0
6200.0,36.0,14.48,213.35,14.0,10.0,0.0,52500.0,2.0,0.0,38.65,7.0,0.0,25203.0,95.1,17.0,0.0,0.0,3.0,0.0,692.0,11.0,0.1180952380952381,0.4117647058823529,178.0,0.0,0.0,-1.0,0
24000.0,36.0,10.78,783.24,8.0,10.0,0.0,125000.0,2.0,0.0,23.39,15.0,0.0,66762.0,70.1,32.0,0.0,0.0,2.0,0.0,687.0,11.0,0.192,0.46875,411.0,0.0,0.0,-1.0,0
16000.0,60.0,17.86,405.08,19.0,10.0,0.0,90000.0,1.0,0.0,20.23,15.0,0.0,11802.0,61.5,32.0,0.0,0.0,1.0,0.0,677.0,11.0,0.1777777777777777,0.46875,243.0,0.0,0.0,-1.0,0
20000.0,60.0,8.49,410.24,5.0,6.0,0.0,75000.0,0.0,0.0,17.39,13.0,0.0,7859.0,13.9,25.0,0.0,0.0,1.0,0.0,817.0,11.0,0.2666666666666666,0.52,235.0,0.0,0.0,-1.0,0
21000.0,36.0,11.99,697.41,10.0,9.0,0.0,50000.0,2.0,0.0,21.38,8.0,1.0,7988.0,70.1,18.0,0.0,0.0,1.0,1.0,697.0,11.0,0.42,0.4444444444444444,275.0,0.0036363636363636,0.0036363636363636,1.0,0
24000.0,60.0,13.18,548.29,12.0,10.0,0.0,92000.0,1.0,0.0,30.92,17.0,0.0,53300.0,89.6,32.0,0.0,0.0,2.0,0.0,697.0,11.0,0.2608695652173913,0.53125,528.0,0.0,0.0,-1.0,1
28800.0,60.0,10.64,621.03,8.0,10.0,0.0,75000.0,0.0,0.0,20.64,17.0,0.0,32602.0,59.0,34.0,1.0,0.0,3.0,0.0,722.0,11.0,0.384,0.5,209.0,0.0,0.0,-1.0,0
3000.0,36.0,14.48,103.24,14.0,10.0,1.0,30000.0,2.0,7.0,25.92,8.0,0.0,30435.0,48.8,19.0,0.0,0.0,0.0,0.0,672.0,11.0,0.1,0.4210526315789473,177.0,0.0,0.0,-1.0,0
20000.0,60.0,16.99,496.95,17.0,10.0,1.0,75000.0,1.0,0.0,35.92,40.0,0.0,30616.0,48.1,56.0,1.0,0.0,0.0,0.0,717.0,11.0,0.2666666666666666,0.7142857142857143,173.0,0.0,0.0,-1.0,1
8000.0,36.0,11.22,262.75,9.0,10.0,0.0,60000.0,0.0,0.0,13.9,19.0,1.0,8641.0,25.6,53.0,0.0,0.0,2.0,1.0,682.0,11.0,0.1333333333333333,0.3584905660377358,242.0,0.0041322314049586,0.0041322314049586,1.0,0
30000.0,36.0,7.89,938.57,4.0,6.0,1.0,127500.0,2.0,0.0,15.24,14.0,0.0,30313.0,45.3,29.0,0.0,0.0,3.0,0.0,747.0,11.0,0.2352941176470588,0.4827586206896552,297.0,0.0,0.0,-1.0,0
16000.0,36.0,9.76,514.48,7.0,4.0,1.0,45000.0,1.0,0.0,13.0,14.0,0.0,16469.0,47.6,21.0,0.0,0.0,0.0,0.0,672.0,11.0,0.3555555555555555,0.6666666666666666,180.0,0.0,0.0,-1.0,0
25000.0,36.0,7.89,782.15,4.0,10.0,1.0,100000.0,1.0,4.0,15.69,13.0,0.0,34819.0,80.6,18.0,0.0,0.0,0.0,0.0,687.0,11.0,0.25,0.7222222222222222,344.0,0.0,0.0,-1.0,0
8000.0,36.0,7.89,250.29,4.0,10.0,1.0,40000.0,1.0,0.0,15.36,10.0,0.0,10575.0,47.0,21.0,0.0,0.0,3.0,0.0,712.0,11.0,0.2,0.4761904761904761,189.0,0.0,0.0,-1.0,0
3600.0,36.0,6.89,110.98,2.0,2.0,1.0,33500.0,0.0,0.0,21.64,31.0,0.0,2134.0,8.1,47.0,0.0,0.0,0.0,0.0,757.0,11.0,0.1074626865671641,0.6595744680851063,116.0,0.0,0.0,-1.0,0
35006.08984375,36.0,14.85,1210.9303271484375,14.0,4.0,0.0,107985.4296875,1.0,0.0,22.76150550842285,27.0,0.0,49025.4609375,66.3437271118164,30.0,0.0,0.0,1.0,0.0,662.0,11.0,144.83062866210938,0.8960471987724304,221.0,0.0,0.0,-1.0,0
24000.0,60.0,12.88,544.61,11.0,10.0,1.0,73000.0,0.0,4.0,19.76,8.0,1.0,9016.0,88.4,20.0,0.0,0.0,0.0,0.0,662.0,11.0,0.3287671232876712,0.4,154.0,0.0064935064935064,0.0,0.0,1
10000.0,36.0,5.32,301.15,0.0,8.0,1.0,72000.0,1.0,0.0,16.42,13.0,0.0,31789.0,59.5,14.0,0.0,0.0,0.0,0.0,692.0,11.0,0.1388888888888889,0.9285714285714286,66.0,0.0,0.0,-1.0,0
12000.0,60.0,9.8,253.79,7.0,10.0,0.0,65000.0,0.0,0.0,23.84,18.0,0.0,9786.0,13.4,37.0,0.0,0.0,2.0,0.0,787.0,11.0,0.1846153846153846,0.4864864864864865,145.0,0.0,0.0,-1.0,0
20000.0,36.0,10.78,652.7,8.0,2.0,1.0,55000.0,2.0,0.0,22.58,11.0,0.0,23324.0,62.9,22.0,0.0,0.0,0.0,0.0,672.0,11.0,0.3636363636363636,0.5,101.0,0.0,0.0,-1.0,0
10000.0,36.0,9.17,318.79,6.0,2.0,0.0,46000.0,1.0,0.0,26.14,11.0,1.0,7709.0,51.7,28.0,0.0,0.0,4.0,1.0,687.0,11.0,0.217391304347826,0.3928571428571428,148.0,0.0067567567567567,0.0067567567567567,1.0,0
21105.537109375,36.0,8.49,666.148603515625,5.0,8.0,0.0,534856.625,0.0,0.0,30.54985664367676,6.0,0.0,13830.3828125,83.9588119506836,21.0,0.0,0.0,7.0,0.0,667.0,11.0,0.039460169466642186,0.2857142876495014,308.0,0.0,0.0,-1.0,0
10500.0,60.0,11.99,233.52,10.0,0.0,1.0,110000.0,0.0,0.0,18.15,11.0,0.0,7797.0,42.6,19.0,0.0,0.0,0.0,0.0,712.0,11.0,0.0954545454545454,0.5789473684210527,107.0,0.0,0.0,-1.0,0
6000.0,36.0,12.88,201.82,11.0,10.0,1.0,38969.0,2.0,0.0,17.06,10.0,0.0,12704.0,64.8,20.0,0.0,0.0,1.0,0.0,697.0,11.0,0.1539685390951782,0.5,171.0,0.0,0.0,-1.0,0
28000.0,36.0,17.27,1002.05,17.0,7.0,0.0,125000.0,0.0,1.0,12.62,9.0,0.0,21896.0,74.7,25.0,0.0,0.0,1.0,0.0,662.0,11.0,0.224,0.36,203.0,0.0,0.0,-1.0,0
12000.0,36.0,8.49,378.76,5.0,0.0,1.0,60000.0,0.0,4.0,18.1,6.0,0.0,15548.0,81.8,22.0,0.0,0.0,2.0,0.0,702.0,11.0,0.2,0.2727272727272727,218.0,0.0,0.0,-1.0,1
10000.0,36.0,14.85,345.92,14.0,0.0,0.0,32600.0,0.0,0.0,13.15,19.0,2.0,5395.0,33.1,35.0,0.0,0.0,0.0,0.0,697.0,11.0,0.3067484662576687,0.5428571428571428,147.0,0.0136054421768707,0.0,0.0,0
9576.0791015625,36.0,19.89,355.34522216796876,22.0,0.0,0.0,287742.84375,2.0,0.0,40.74262603759766,31.0,0.0,203153.84375,33.08553695678711,41.0,0.0,0.0,5.0,0.0,692.0,11.0,0.03327998629500789,0.7560975444622529,190.0,0.0,0.0,-1.0,0
30374.333984375,36.0,16.59,1076.744853515625,16.0,7.0,0.0,101148.015625,1.0,0.0,21.694567031860352,20.0,0.0,15818.6435546875,31.214030075073243,49.0,0.0,0.0,5.0,0.0,667.0,11.0,144.83623962402345,0.4081632653061224,237.0,0.0,0.0,-1.0,0
20000.0,36.0,11.48,659.33,9.0,10.0,0.0,120000.0,1.0,0.0,17.82,16.0,0.0,22268.0,61.5,24.0,0.0,0.0,1.0,0.0,672.0,11.0,0.1666666666666666,0.6666666666666666,80.0,0.0,0.0,-1.0,1
5000.0,36.0,9.17,159.4,6.0,10.0,0.0,45000.0,1.0,5.0,10.81,10.0,1.0,8552.0,36.2,21.0,0.0,0.0,2.0,1.0,667.0,11.0,0.1111111111111111,0.4761904761904761,196.0,0.0051020408163265,0.0051020408163265,1.0,0
4485.69140625,36.0,6.24,136.95105041503905,1.0,10.0,0.0,963452.4375,1.0,0.0,44.76084877014161,12.0,0.0,26457.5078125,31.7988525390625,28.0,0.0,0.0,2.0,0.0,757.0,11.0,0.004655849295002984,0.4137931278458348,170.0,0.0,0.0,-1.0,0
8000.0,36.0,11.22,262.75,9.0,0.0,1.0,60000.0,1.0,0.0,14.28,8.0,0.0,4821.0,56.1,11.0,0.0,0.0,0.0,0.0,702.0,11.0,0.1333333333333333,0.7272727272727273,264.0,0.0,0.0,-1.0,0
25000.0,36.0,14.48,860.29,14.0,10.0,0.0,105000.0,0.0,0.0,29.93,8.0,0.0,315.0,13.1,20.0,0.0,0.0,3.0,0.0,757.0,11.0,0.238095238095238,0.4,177.0,0.0,0.0,-1.0,1
5000.0,36.0,11.99,166.05,10.0,6.0,0.0,25000.0,1.0,0.0,7.06,10.0,0.0,4208.0,80.9,23.0,1.0,0.0,1.0,0.0,672.0,11.0,0.2,0.4347826086956521,124.0,0.0,0.0,-1.0,1
7000.0,36.0,15.41,244.07,15.0,5.0,0.0,24000.0,2.0,5.0,21.5,6.0,0.0,2851.0,49.2,17.0,0.0,0.0,1.0,0.0,692.0,11.0,0.2916666666666667,0.3529411764705882,101.0,0.0,0.0,-1.0,0
5000.0,36.0,13.67,170.09,13.0,2.0,1.0,20000.0,1.0,4.0,25.63,6.0,0.0,2931.0,61.1,6.0,0.0,0.0,0.0,0.0,677.0,11.0,0.25,1.0,144.0,0.0,0.0,-1.0,0
10000.0,36.0,8.38,315.12,5.0,6.0,1.0,41500.0,2.0,0.0,21.34,9.0,0.0,216.0,2.1,19.0,0.0,0.0,0.0,0.0,742.0,11.0,0.2409638554216867,0.4736842105263157,191.0,0.0,0.0,-1.0,1
6478.54150390625,36.0,12.59,217.01145446777343,11.0,6.0,0.0,1131477.5,2.0,4.0,26.493470764160158,9.0,0.0,31306.23046875,58.56359024047852,18.0,0.0,0.0,2.0,0.0,682.0,11.0,0.005725729227066045,0.5,261.0,0.0,0.0,-1.0,0
18000.0,36.0,7.26,557.94,3.0,9.0,0.0,75000.0,1.0,4.0,30.37,20.0,0.0,21660.0,31.8,27.0,0.0,0.0,2.0,0.0,702.0,11.0,0.24,0.7407407407407407,129.0,0.0,0.0,-1.0,0
16075.0,60.0,13.18,367.24,12.0,2.0,2.0,66398.0,0.0,0.0,29.08,14.0,0.0,42115.0,65.8,29.0,1.0,0.0,6.0,0.0,742.0,11.0,0.2421006656827012,0.4827586206896552,378.0,0.0,0.0,-1.0,1
27051.796875,36.0,5.32,814.6687866210938,0.0,7.0,0.0,177711.359375,1.0,4.0,69.47894393920899,9.0,0.0,424561.75,28.886579513549805,31.0,0.0,0.0,10.0,0.0,722.0,11.0,0.15222323536872864,0.29032256582687643,212.0,0.0,0.0,-1.0,0
22769.53515625,36.0,15.41,793.8910302734375,15.0,10.0,0.0,192764.21875,0.0,0.0,32.55758026123047,12.0,0.0,157897.4375,76.43854370117188,16.0,0.0,0.0,2.0,0.0,677.0,11.0,0.11812118673324584,0.75,188.0,0.0,0.0,-1.0,0
5000.0,36.0,11.99,166.05,10.0,10.0,0.0,75000.0,0.0,3.0,13.18,12.0,0.0,2693.0,9.1,27.0,0.0,0.0,4.0,0.0,692.0,11.0,0.0666666666666666,0.4444444444444444,172.0,0.0,0.0,-1.0,0
7800.0,36.0,11.22,256.18,9.0,5.0,1.0,48500.0,1.0,4.0,9.48,19.0,1.0,4764.0,15.4,21.0,0.0,0.0,0.0,0.0,667.0,11.0,0.1608247422680412,0.9047619047619048,68.0,0.0147058823529411,0.0,0.0,0
8000.0,36.0,7.89,250.29,4.0,2.0,0.0,55000.0,1.0,4.0,28.52,8.0,0.0,6400.0,91.4,14.0,0.0,0.0,1.0,0.0,672.0,11.0,0.1454545454545454,0.5714285714285714,109.0,0.0,0.0,-1.0,0
9600.0,36.0,7.89,300.35,4.0,8.0,2.0,35000.0,2.0,2.0,25.29,7.0,0.0,4864.0,51.2,15.0,1.0,0.0,0.0,0.0,677.0,11.0,0.2742857142857143,0.4666666666666667,121.0,0.0,0.0,-1.0,0
28000.0,36.0,7.89,876.0,4.0,10.0,1.0,100000.0,1.0,1.0,10.39,10.0,0.0,36529.0,52.0,20.0,0.0,0.0,3.0,0.0,697.0,11.0,0.28,0.5,262.0,0.0,0.0,-1.0,0
20000.0,36.0,9.17,637.58,6.0,10.0,1.0,55000.0,0.0,4.0,21.36,10.0,0.0,28611.0,77.3,22.0,0.0,0.0,0.0,0.0,697.0,11.0,0.3636363636363636,0.4545454545454545,395.0,0.0,0.0,-1.0,0
10000.0,60.0,10.64,215.64,8.0,1.0,0.0,70000.0,0.0,0.0,22.82,21.0,0.0,17624.0,35.7,46.0,0.0,0.0,1.0,0.0,707.0,11.0,0.1428571428571428,0.4565217391304347,189.0,0.0,0.0,-1.0,0
22000.0,36.0,9.17,701.34,6.0,10.0,1.0,95000.0,0.0,4.0,14.22,20.0,2.0,18725.0,29.0,25.0,0.0,0.0,0.0,0.0,662.0,11.0,0.231578947368421,0.8,153.0,0.0130718954248366,0.0,0.0,0
8026.6572265625,36.0,5.32,241.72392456054686,0.0,10.0,0.0,132821.015625,1.0,4.0,67.13108856201171,12.0,0.0,128947.84375,80.45612182617188,22.0,0.0,0.0,2.0,0.0,692.0,11.0,0.06043212910493212,0.5454545668933702,197.0,0.0,0.0,-1.0,0
8400.0,36.0,11.99,278.97,10.0,10.0,0.0,110000.0,2.0,4.0,34.16,28.0,0.0,27656.0,53.7,61.0,0.0,0.0,4.0,0.0,682.0,11.0,0.0763636363636363,0.4590163934426229,185.0,0.0,0.0,-1.0,1
5000.0,36.0,11.22,164.22,9.0,2.0,1.0,82500.0,2.0,0.0,10.87,7.0,0.0,14314.0,61.8,15.0,0.0,0.0,0.0,0.0,672.0,11.0,0.0606060606060606,0.4666666666666667,213.0,0.0,0.0,-1.0,0
2000.0,36.0,17.86,72.17,19.0,5.0,1.0,32000.0,2.0,5.0,27.42,10.0,1.0,4789.0,74.8,25.0,1.0,0.0,0.0,0.0,667.0,11.0,0.0625,0.4,135.0,0.0074074074074074,0.0,0.0,0
6000.0,36.0,12.59,200.99,11.0,10.0,0.0,68000.0,0.0,4.0,17.86,11.0,0.0,5867.0,53.3,43.0,0.0,0.0,3.0,0.0,692.0,11.0,0.088235294117647,0.2558139534883721,127.0,0.0,0.0,-1.0,0
12000.0,36.0,22.99,464.46,26.0,2.0,1.0,30000.0,2.0,0.0,28.04,12.0,0.0,5196.0,57.7,12.0,1.0,0.0,0.0,0.0,697.0,11.0,0.4,1.0,38.0,0.0,0.0,-1.0,1
1500.0,36.0,11.99,49.82,10.0,7.0,1.0,31000.0,1.0,5.0,22.92,4.0,0.0,8376.0,82.9,8.0,1.0,0.0,0.0,0.0,667.0,11.0,0.0483870967741935,0.5,106.0,0.0,0.0,-1.0,0
6000.0,36.0,10.64,195.42,8.0,7.0,0.0,60000.0,1.0,0.0,20.34,7.0,0.0,4028.0,59.2,15.0,0.0,0.0,2.0,0.0,672.0,11.0,0.1,0.4666666666666667,219.0,0.0,0.0,-1.0,0
20000.0,36.0,10.64,651.37,8.0,9.0,0.0,87900.0,1.0,0.0,16.85,12.0,0.0,12391.0,62.6,31.0,0.0,0.0,1.0,0.0,662.0,11.0,0.2275312855517633,0.3870967741935484,176.0,0.0,0.0,-1.0,0
1000.0,36.0,22.99,38.71,26.0,7.0,1.0,47000.0,1.0,0.0,31.54,20.0,0.0,14296.0,97.9,56.0,0.0,0.0,0.0,0.0,672.0,11.0,0.0212765957446808,0.3571428571428571,207.0,0.0,0.0,-1.0,0
19200.0,60.0,10.64,414.02,8.0,7.0,0.0,81616.0,2.0,2.0,18.84,12.0,0.0,21182.0,26.5,33.0,0.0,0.0,1.0,0.0,782.0,11.0,0.2352479905900803,0.3636363636363636,178.0,0.0,0.0,-1.0,1
29950.0,60.0,11.99,666.07,10.0,10.0,0.0,440000.0,2.0,9.0,9.57,12.0,0.0,79324.0,52.0,37.0,0.0,0.0,3.0,0.0,742.0,11.0,0.0680681818181818,0.3243243243243243,272.0,0.0,0.0,-1.0,0
15000.0,60.0,8.38,306.89,5.0,5.0,2.0,95000.0,0.0,4.0,10.56,8.0,0.0,19050.0,35.2,26.0,1.0,0.0,5.0,0.0,712.0,11.0,0.1578947368421052,0.3076923076923077,237.0,0.0,0.0,-1.0,0
3610.001953125,36.0,11.99,119.88669860839843,10.0,10.0,0.0,162162.5,0.0,5.0,20.448309631347655,6.0,0.0,217209.4375,97.55191802978516,18.0,1.0,0.0,2.0,0.0,672.0,11.0,0.022261633625570272,0.33333335581578705,303.0,0.0,0.0,-1.0,0
5000.0,36.0,6.24,152.66,1.0,10.0,0.0,52000.0,0.0,0.0,22.5,15.0,0.0,2240.0,4.6,39.0,1.0,0.0,4.0,0.0,797.0,11.0,0.0961538461538461,0.3846153846153846,355.0,0.0,0.0,-1.0,0
14400.0,36.0,7.89,450.52,4.0,8.0,0.0,81250.0,0.0,0.0,37.49,8.0,0.0,49549.0,71.2,18.0,0.0,0.0,3.0,0.0,732.0,11.0,0.1772307692307692,0.4444444444444444,153.0,0.0,0.0,-1.0,0
5024.77978515625,36.0,9.76,161.57058837890625,7.0,5.0,1.0,666303.3125,1.0,5.0,23.96934989929199,6.0,0.0,118225.4296875,81.67075805664062,16.0,1.0,0.0,2.0,0.0,667.0,11.0,0.007541275686687887,0.37499998013178504,190.0,0.0,0.0,-1.0,0
35000.0,60.0,22.99,986.47,26.0,6.0,1.0,80000.0,2.0,0.0,31.71,22.0,0.0,19914.0,65.9,44.0,1.0,0.0,1.0,0.0,662.0,11.0,0.4375,0.5,232.0,0.0,0.0,-1.0,1
35000.0,36.0,11.99,1162.34,10.0,10.0,2.0,109600.0,1.0,4.0,24.92,21.0,0.0,11919.0,44.8,32.0,0.0,0.0,0.0,0.0,692.0,11.0,0.3193430656934307,0.65625,312.0,0.0,0.0,-1.0,1
15000.0,36.0,8.38,472.68,5.0,10.0,1.0,88000.0,2.0,0.0,9.23,9.0,0.0,11145.0,64.0,30.0,0.0,0.0,4.0,0.0,672.0,11.0,0.1704545454545454,0.3,256.0,0.0,0.0,-1.0,1
15600.0,36.0,9.17,497.32,6.0,10.0,0.0,41000.0,0.0,0.0,10.45,8.0,0.0,15127.0,28.4,23.0,0.0,0.0,6.0,0.0,737.0,11.0,0.3804878048780488,0.3478260869565217,262.0,0.0,0.0,-1.0,0
3500.0,36.0,9.76,112.55,7.0,2.0,1.0,24000.0,2.0,0.0,7.65,5.0,0.0,3507.0,43.3,7.0,0.0,0.0,0.0,0.0,672.0,11.0,0.1458333333333333,0.7142857142857143,73.0,0.0,0.0,-1.0,0
10000.0,60.0,13.18,228.46,12.0,10.0,1.0,95000.0,1.0,5.0,9.7,4.0,1.0,1001.0,20.0,15.0,0.0,0.0,2.0,1.0,667.0,11.0,0.1052631578947368,0.2666666666666666,156.0,0.0064102564102564,0.0064102564102564,1.0,0
8700.0,36.0,9.17,277.35,6.0,7.0,0.0,45000.0,0.0,4.0,12.24,5.0,1.0,13038.0,64.0,14.0,1.0,0.0,1.0,1.0,682.0,11.0,0.1933333333333333,0.3571428571428571,186.0,0.0053763440860215,0.0053763440860215,1.0,1
3500.0,36.0,11.99,116.24,10.0,10.0,0.0,90000.0,0.0,0.0,23.36,16.0,0.0,52938.0,77.4,34.0,0.0,0.0,4.0,0.0,687.0,11.0,0.0388888888888888,0.4705882352941176,299.0,0.0,0.0,-1.0,0
20000.0,60.0,9.17,416.82,6.0,3.0,1.0,57000.0,1.0,0.0,25.35,17.0,0.0,22598.0,46.2,26.0,0.0,0.0,0.0,0.0,682.0,11.0,0.3508771929824561,0.6538461538461539,243.0,0.0,0.0,-1.0,1
24000.0,36.0,6.89,739.85,2.0,4.0,0.0,164000.0,0.0,4.0,7.62,21.0,0.0,32283.0,28.1,49.0,0.0,0.0,1.0,0.0,717.0,11.0,0.1463414634146341,0.4285714285714285,143.0,0.0,0.0,-1.0,0
12000.0,36.0,7.26,371.96,3.0,8.0,0.0,88030.0,0.0,0.0,17.66,10.0,0.0,7127.0,31.5,35.0,1.0,0.0,4.0,0.0,742.0,11.0,0.1363171646029762,0.2857142857142857,218.0,0.0,0.0,-1.0,0
6000.0,36.0,13.18,202.69,12.0,0.0,1.0,53222.0,2.0,0.0,12.42,6.0,0.0,8427.0,21.9,6.0,0.0,0.0,0.0,0.0,717.0,11.0,0.1127353350118372,1.0,63.0,0.0,0.0,-1.0,0
12972.0927734375,60.0,13.18,296.3514196777344,12.0,10.0,1.0,65306.328125,0.0,0.0,15.283790168762208,16.0,0.0,21281.53515625,12.24905776977539,24.0,0.0,0.0,0.0,0.0,752.0,11.0,0.19863455067078267,0.6666666666666666,265.0,0.0,0.0,-1.0,0
7747.4443359375,36.0,11.22,254.4506756591797,9.0,3.0,1.0,1105880.375,1.0,0.0,11.780140800476074,9.0,0.0,77952.28125,33.80817413330078,21.0,0.0,0.0,4.0,0.0,662.0,11.0,0.0070056734085083006,0.42857144474983216,151.0,0.0,0.0,-1.0,0
10425.0,60.0,14.48,245.18,14.0,1.0,0.0,45000.0,2.0,0.0,22.37,15.0,1.0,1026.0,29.0,41.0,0.0,0.0,2.0,1.0,667.0,11.0,0.2316666666666666,0.3658536585365853,225.0,0.0044444444444444,0.0044444444444444,1.0,0
12350.0,36.0,9.17,393.71,6.0,3.0,0.0,43000.0,2.0,0.0,25.34,12.0,0.0,9695.0,71.3,14.0,0.0,0.0,1.0,0.0,712.0,11.0,0.2872093023255814,0.8571428571428571,92.0,0.0,0.0,-1.0,0
7000.0,36.0,5.32,210.81,0.0,10.0,0.0,70000.0,2.0,4.0,28.39,11.0,0.0,18926.0,41.3,22.0,0.0,0.0,3.0,0.0,747.0,11.0,0.1,0.5,229.0,0.0,0.0,-1.0,0
23600.0,60.0,16.55,580.83,16.0,9.0,0.0,59000.0,1.0,4.0,22.29,15.0,0.0,30309.0,71.5,20.0,0.0,0.0,1.0,0.0,692.0,11.0,0.4,0.75,250.0,0.0,0.0,-1.0,1
15000.0,36.0,7.26,464.95,3.0,10.0,0.0,110000.0,0.0,0.0,24.98,11.0,0.0,24131.0,74.9,37.0,0.0,0.0,8.0,0.0,717.0,11.0,0.1363636363636363,0.2972972972972973,456.0,0.0,0.0,-1.0,0
10000.0,36.0,12.59,334.97,11.0,10.0,0.0,63000.0,1.0,0.0,25.56,16.0,1.0,16397.0,63.3,33.0,0.0,0.0,3.0,1.0,667.0,11.0,0.1587301587301587,0.4848484848484848,410.0,0.0024390243902439,0.0024390243902439,1.0,0
13159.275390625,60.0,18.49,337.67744873046877,21.0,1.0,0.0,490769.125,1.0,0.0,40.40204299926758,12.0,0.0,413471.84375,63.67375564575195,21.0,0.0,0.0,4.0,0.0,677.0,11.0,0.026813574731349946,0.5714285829487968,99.0,0.0,0.0,-1.0,0
12001.62109375,36.0,11.99,398.5689501953125,10.0,2.0,1.0,19294.591796875,2.0,0.0,29.54381690979004,9.0,0.0,34458.14453125,90.67689361572266,11.0,0.0,0.0,0.0,0.0,692.0,11.0,0.6220199423176901,0.8181818181818182,83.0,0.0,0.0,-1.0,0
4900.0,36.0,16.55,173.61,16.0,10.0,1.0,112000.0,2.0,0.0,11.55,8.0,15.0,2517.0,69.9,18.0,1.0,0.0,0.0,0.0,677.0,11.0,0.04375,0.4444444444444444,125.0,0.12,0.0,0.0,1
20000.0,60.0,14.48,470.36,14.0,4.0,0.0,100000.0,1.0,0.0,11.87,24.0,0.0,17801.0,65.9,45.0,0.0,0.0,3.0,0.0,667.0,11.0,0.2,0.5333333333333333,180.0,0.0,0.0,-1.0,0
12000.0,36.0,9.17,382.55,6.0,1.0,1.0,95000.0,1.0,4.0,19.2,10.0,0.0,13379.0,62.8,33.0,0.0,0.0,0.0,0.0,687.0,11.0,0.1263157894736842,0.303030303030303,501.0,0.0,0.0,-1.0,0
30000.0,36.0,12.59,1004.91,11.0,9.0,1.0,75000.0,2.0,0.0,21.82,15.0,0.0,35040.0,47.5,22.0,1.0,0.0,0.0,0.0,712.0,11.0,0.4,0.6818181818181818,214.0,0.0,0.0,-1.0,0
6400.0,36.0,8.38,201.68,5.0,10.0,1.0,35000.0,0.0,0.0,12.68,17.0,0.0,7082.0,46.0,23.0,1.0,0.0,0.0,0.0,672.0,11.0,0.1828571428571428,0.7391304347826086,292.0,0.0,0.0,-1.0,0
30000.0,36.0,9.76,964.64,7.0,5.0,0.0,120000.0,1.0,4.0,20.66,17.0,0.0,45723.0,70.2,48.0,0.0,0.0,7.0,0.0,672.0,11.0,0.25,0.3541666666666667,193.0,0.0,0.0,-1.0,0
5000.0,36.0,7.89,156.43,4.0,10.0,2.0,84000.0,1.0,2.0,16.1,13.0,0.0,9065.0,68.7,23.0,0.0,0.0,2.0,0.0,667.0,11.0,0.0595238095238095,0.5652173913043478,153.0,0.0,0.0,-1.0,0
12000.0,36.0,7.26,371.96,3.0,10.0,2.0,80000.0,0.0,2.0,13.04,13.0,0.0,19689.0,35.6,27.0,0.0,0.0,1.0,0.0,717.0,11.0,0.15,0.4814814814814814,229.0,0.0,0.0,-1.0,1
14976.431640625,36.0,13.18,505.92376586914065,12.0,10.0,0.0,347956.34375,2.0,4.0,18.559175300598145,7.0,0.0,17757.912109375,58.44253387451172,20.0,0.0,0.0,4.0,0.0,662.0,11.0,0.043041119724512106,0.3499999940395355,136.0,0.0,0.0,-1.0,0
16800.0,60.0,17.57,422.69,18.0,0.0,0.0,39990.0,2.0,0.0,17.98,6.0,0.0,1813.0,18.9,13.0,1.0,1.0,1.0,0.0,707.0,11.0,0.4201050262565641,0.4615384615384615,140.0,0.0,0.0,-1.0,0
9000.0,36.0,13.67,306.16,13.0,10.0,0.0,69000.0,0.0,0.0,15.6,9.0,0.0,9365.0,44.0,13.0,0.0,0.0,1.0,0.0,692.0,11.0,0.1304347826086956,0.6923076923076923,199.0,0.0,0.0,-1.0,0
35000.0,36.0,16.55,1240.03,16.0,10.0,1.0,100000.0,2.0,0.0,38.04,17.0,0.0,44530.0,64.0,25.0,1.0,0.0,1.0,0.0,702.0,11.0,0.35,0.68,129.0,0.0,0.0,-1.0,0
26498.091796875,60.0,19.99,701.8906127929688,23.0,10.0,2.0,274905.34375,2.0,0.0,16.271686096191406,15.0,0.0,60275.25390625,69.87915954589843,25.0,1.0,0.0,2.0,0.0,667.0,11.0,0.09638988971710205,0.6,379.0,0.0,0.0,-1.0,1
9050.0,36.0,13.18,305.72,12.0,10.0,0.0,50000.0,2.0,0.0,30.51,8.0,0.0,15537.0,50.6,19.0,0.0,0.0,2.0,0.0,687.0,11.0,0.181,0.4210526315789473,211.0,0.0,0.0,-1.0,0
7225.0,36.0,11.22,237.3,9.0,2.0,1.0,67000.0,0.0,0.0,12.15,19.0,0.0,9385.0,24.7,27.0,0.0,0.0,4.0,0.0,712.0,11.0,0.1078358208955223,0.7037037037037037,142.0,0.0,0.0,-1.0,0
8126.09033203125,36.0,9.76,261.292490234375,7.0,3.0,1.0,592114.6875,2.0,3.0,58.36461303710938,15.0,0.0,254133.1875,27.628285217285153,26.0,0.0,0.0,0.0,0.0,672.0,11.0,0.013723848760128027,0.5769230769230769,106.0,0.0,0.0,-1.0,1
16500.0,36.0,15.41,575.3,15.0,9.0,1.0,36000.0,2.0,0.0,38.37,8.0,0.0,6457.0,65.9,20.0,0.0,0.0,0.0,0.0,677.0,11.0,0.4583333333333333,0.4,110.0,0.0,0.0,-1.0,1
2800.0,36.0,14.48,96.36,14.0,2.0,2.0,35000.0,1.0,0.0,27.64,13.0,0.0,13405.0,66.4,33.0,0.0,0.0,0.0,0.0,677.0,11.0,0.08,0.3939393939393939,350.0,0.0,0.0,-1.0,1
7500.0,36.0,6.89,231.21,2.0,1.0,0.0,50000.0,0.0,4.0,23.09,13.0,0.0,11856.0,37.6,28.0,1.0,0.0,5.0,0.0,707.0,11.0,0.15,0.4642857142857143,163.0,0.0,0.0,-1.0,0
5266.240234375,36.0,12.59,176.40321716308594,11.0,10.0,1.0,837147.4375,2.0,0.0,7.663393096923826,16.0,0.0,4774.26171875,115.92130584716797,27.0,0.0,0.0,3.0,0.0,677.0,11.0,0.006290698864243216,0.5925925925925926,187.0,0.0,0.0,-1.0,0
11200.0,60.0,18.2,285.63,20.0,10.0,0.0,50000.0,2.0,0.0,22.2,18.0,2.0,6639.0,81.0,27.0,1.0,0.0,2.0,2.0,662.0,11.0,0.224,0.6666666666666666,160.0,0.0125,0.0125,1.0,1
9600.0,36.0,14.48,330.35,14.0,8.0,0.0,78000.0,1.0,0.0,22.38,10.0,0.0,24872.0,62.5,15.0,0.0,0.0,0.0,0.0,722.0,11.0,0.123076923076923,0.6666666666666666,294.0,0.0,0.0,-1.0,0
5000.0,36.0,11.99,166.05,10.0,3.0,1.0,87000.0,2.0,4.0,12.84,7.0,0.0,15702.0,82.6,7.0,0.0,0.0,0.0,0.0,662.0,11.0,0.057471264367816,1.0,122.0,0.0,0.0,-1.0,0
24000.0,36.0,11.22,788.24,9.0,10.0,1.0,130000.0,2.0,3.0,34.85,7.0,0.0,27258.0,96.3,17.0,0.0,0.0,3.0,0.0,697.0,11.0,0.1846153846153846,0.4117647058823529,546.0,0.0,0.0,-1.0,1
9600.0,36.0,7.26,297.57,3.0,0.0,0.0,95000.0,1.0,4.0,37.63,17.0,0.0,28039.0,78.8,42.0,0.0,0.0,5.0,0.0,702.0,11.0,0.1010526315789473,0.4047619047619047,233.0,0.0,0.0,-1.0,0
18000.0,36.0,5.32,542.07,0.0,8.0,0.0,65000.0,0.0,4.0,18.94,11.0,0.0,16773.0,25.3,18.0,0.0,0.0,3.0,0.0,802.0,11.0,0.2769230769230769,0.6111111111111112,341.0,0.0,0.0,-1.0,0
7200.0,36.0,9.17,229.53,6.0,0.0,1.0,30000.0,1.0,0.0,17.6,4.0,0.0,5926.0,57.0,5.0,0.0,0.0,0.0,0.0,707.0,11.0,0.24,0.8,48.0,0.0,0.0,-1.0,0
8963.728515625,36.0,5.32,269.94396118164065,0.0,10.0,0.0,100841.984375,1.0,4.0,6.706557445526123,11.0,0.0,59355.41015625,58.687679290771484,30.0,0.0,0.0,2.0,0.0,702.0,11.0,0.08888885044846034,0.3666666666666666,295.0,0.0,0.0,-1.0,0
2500.0,36.0,14.48,86.03,14.0,4.0,1.0,28000.0,1.0,0.0,32.66,7.0,0.0,3816.0,95.4,11.0,0.0,0.0,0.0,0.0,682.0,11.0,0.0892857142857142,0.6363636363636364,97.0,0.0,0.0,-1.0,1
15000.0,36.0,12.59,502.46,11.0,5.0,2.0,35000.0,1.0,4.0,36.83,4.0,0.0,7517.0,71.6,6.0,0.0,0.0,0.0,0.0,697.0,11.0,0.4285714285714285,0.6666666666666666,53.0,0.0,0.0,-1.0,0
17000.0,36.0,16.55,602.3,16.0,10.0,2.0,34000.0,0.0,0.0,20.33,2.0,0.0,21871.0,93.1,10.0,0.0,0.0,0.0,0.0,702.0,11.0,0.5,0.2,365.0,0.0,0.0,-1.0,0
4000.0,36.0,13.18,135.13,12.0,10.0,0.0,80000.0,2.0,5.0,30.34,17.0,0.0,31376.0,58.1,28.0,0.0,0.0,4.0,0.0,677.0,11.0,0.05,0.6071428571428571,344.0,0.0,0.0,-1.0,0
15000.0,36.0,11.99,498.15,10.0,10.0,0.0,68000.0,2.0,4.0,19.84,18.0,0.0,24241.0,62.2,28.0,0.0,0.0,2.0,0.0,692.0,11.0,0.2205882352941176,0.6428571428571429,199.0,0.0,0.0,-1.0,1
25000.0,60.0,9.76,528.23,7.0,2.0,1.0,56000.0,1.0,0.0,23.08,16.0,0.0,19623.0,29.6,28.0,0.0,0.0,0.0,0.0,687.0,11.0,0.4464285714285714,0.5714285714285714,122.0,0.0,0.0,-1.0,0
24000.0,36.0,9.17,765.1,6.0,0.0,1.0,76000.0,1.0,4.0,16.15,11.0,0.0,16630.0,74.6,16.0,0.0,0.0,0.0,0.0,667.0,11.0,0.3157894736842105,0.6875,83.0,0.0,0.0,-1.0,0
33475.0,36.0,13.67,1138.74,13.0,10.0,0.0,360000.0,2.0,2.0,15.83,15.0,0.0,11742.0,64.5,27.0,0.0,0.0,4.0,0.0,707.0,11.0,0.0929861111111111,0.5555555555555556,246.0,0.0,0.0,-1.0,1
3000.0,36.0,17.57,107.82,18.0,5.0,0.0,35000.0,1.0,5.0,31.07,9.0,1.0,17535.0,88.6,17.0,0.0,0.0,1.0,0.0,672.0,11.0,0.0857142857142857,0.5294117647058824,251.0,0.0039840637450199,0.0,0.0,0
4000.0,36.0,11.22,131.38,9.0,0.0,1.0,140000.0,1.0,10.0,17.66,22.0,1.0,16479.0,26.1,49.0,0.0,0.0,3.0,0.0,682.0,11.0,0.0285714285714285,0.4489795918367347,314.0,0.0031847133757961,0.0,0.0,0
9600.0,36.0,11.99,318.82,10.0,9.0,0.0,53000.0,2.0,4.0,32.61,19.0,0.0,14093.0,43.9,33.0,0.0,0.0,1.0,0.0,672.0,11.0,0.1811320754716981,0.5757575757575758,136.0,0.0,0.0,-1.0,0
4000.0,36.0,11.99,132.84,10.0,3.0,0.0,40000.0,2.0,0.0,27.66,10.0,0.0,4618.0,71.0,26.0,0.0,0.0,0.0,0.0,672.0,11.0,0.1,0.3846153846153846,151.0,0.0,0.0,-1.0,0
13782.2509765625,60.0,13.67,318.3363342285156,13.0,2.0,1.0,111543.859375,1.0,0.0,31.190941162109375,11.0,1.0,25826.525390625,41.947757720947266,20.0,0.0,0.0,3.0,1.0,667.0,11.0,0.12355903102291953,0.55,143.0,0.0069930069930069,0.0069930069930069,1.0,0
10000.0,36.0,12.59,334.97,11.0,2.0,1.0,42000.0,2.0,0.0,28.78,6.0,0.0,11005.0,68.4,8.0,0.0,0.0,0.0,0.0,697.0,11.0,0.238095238095238,0.75,267.0,0.0,0.0,-1.0,0
20000.0,36.0,9.17,637.58,6.0,3.0,0.0,70000.0,1.0,4.0,14.9,6.0,1.0,16364.0,92.0,19.0,1.0,0.0,1.0,1.0,662.0,11.0,0.2857142857142857,0.3157894736842105,243.0,0.0041152263374485,0.0041152263374485,1.0,0
12000.0,36.0,5.32,361.38,0.0,10.0,0.0,118000.0,0.0,4.0,6.57,9.0,0.0,11511.0,20.7,33.0,0.0,0.0,6.0,0.0,812.0,11.0,0.1016949152542373,0.2727272727272727,228.0,0.0,0.0,-1.0,0
20850.0,60.0,21.99,575.74,25.0,10.0,0.0,116000.0,2.0,0.0,29.01,9.0,0.0,19639.0,92.2,24.0,1.0,0.0,4.0,0.0,667.0,11.0,0.1797413793103448,0.375,249.0,0.0,0.0,-1.0,0
15000.0,36.0,6.24,457.97,1.0,10.0,0.0,97000.0,0.0,2.0,3.66,10.0,1.0,5117.0,26.0,32.0,0.0,0.0,4.0,1.0,692.0,11.0,0.1546391752577319,0.3125,288.0,0.0034722222222222,0.0034722222222222,1.0,0
16000.0,36.0,13.18,540.5,12.0,5.0,0.0,70000.0,1.0,0.0,22.48,11.0,0.0,5778.0,67.2,24.0,0.0,0.0,2.0,0.0,682.0,11.0,0.2285714285714285,0.4583333333333333,197.0,0.0,0.0,-1.0,1
5205.10546875,36.0,18.2,188.69992919921876,20.0,4.0,0.0,343964.0625,1.0,5.0,56.113359985351565,15.0,2.0,166710.015625,98.5609130859375,18.0,1.0,0.0,3.0,1.0,662.0,11.0,0.015132703185081482,0.8333333253860473,155.0,0.0129032258064516,0.0064516129032258,0.5,0
30000.0,36.0,8.38,945.36,5.0,10.0,0.0,90000.0,1.0,4.0,23.95,9.0,0.0,72601.0,83.0,41.0,0.0,0.0,6.0,0.0,702.0,11.0,0.3333333333333333,0.2195121951219512,293.0,0.0,0.0,-1.0,0
34939.76171875,60.0,13.44,802.879375,12.0,1.0,0.0,32211.515625,2.0,0.0,22.388236465454103,16.0,0.0,1532.640625,45.89013442993164,35.0,0.0,0.0,4.0,0.0,777.0,0.0,1.0846978288430433,0.45714285638597274,239.0,0.0,0.0,-1.0,0
5015.046875,36.0,9.8,161.3508807373047,7.0,5.0,1.0,660072.8125,1.0,0.0,56.51665679931641,8.0,0.0,91328.0390625,35.63346176147461,11.0,0.0,0.0,3.0,0.0,682.0,0.0,0.007597719629605579,0.7272727272727273,150.0,0.0,0.0,-1.0,0
13000.0,36.0,9.8,418.26,7.0,0.0,0.0,45000.0,1.0,4.0,19.95,22.0,0.0,14082.0,36.4,65.0,1.0,0.0,0.0,0.0,697.0,0.0,0.2888888888888888,0.3384615384615385,207.0,0.0,0.0,-1.0,0
22000.0,60.0,17.27,549.96,17.0,10.0,0.0,57000.0,0.0,0.0,38.4,8.0,1.0,31274.0,83.2,27.0,0.0,0.0,4.0,1.0,672.0,0.0,0.3859649122807017,0.2962962962962963,143.0,0.0069930069930069,0.0069930069930069,1.0,0
35000.0,36.0,9.8,1126.07,7.0,1.0,2.0,100000.0,1.0,4.0,23.4,13.0,0.0,57602.0,77.0,23.0,0.0,0.0,3.0,0.0,702.0,0.0,0.35,0.5652173913043478,288.0,0.0,0.0,-1.0,0
35000.0,60.0,11.99,778.38,10.0,10.0,0.0,84000.0,1.0,0.0,26.21,17.0,0.0,43484.0,65.7,37.0,0.0,0.0,7.0,0.0,692.0,0.0,0.4166666666666667,0.4594594594594595,198.0,0.0,0.0,-1.0,0
2600.0,36.0,10.78,84.86,8.0,9.0,1.0,23000.0,0.0,0.0,17.17,12.0,0.0,2700.0,9.4,20.0,1.0,0.0,0.0,0.0,757.0,0.0,0.1130434782608695,0.6,204.0,0.0,0.0,-1.0,0
35000.0,36.0,11.48,1153.83,9.0,0.0,1.0,148500.0,1.0,0.0,29.24,17.0,0.0,50952.0,70.2,48.0,0.0,0.0,3.0,0.0,682.0,0.0,0.2356902356902357,0.3541666666666667,322.0,0.0,0.0,-1.0,0
34983.56640625,60.0,21.48,955.8937622070313,24.0,10.0,0.0,38231.0546875,1.0,2.0,6.343727169036865,13.0,0.0,12294.9990234375,45.76530151367187,31.0,0.0,0.0,5.0,0.0,682.0,0.0,0.9150563285527817,0.4193548387096774,158.0,0.0,0.0,-1.0,0
2800.0,36.0,11.99,92.99,10.0,9.0,1.0,40000.0,1.0,0.0,28.29,18.0,0.0,9668.0,51.7,36.0,0.0,0.0,0.0,0.0,662.0,0.0,0.07,0.5,148.0,0.0,0.0,-1.0,0
30000.0,60.0,14.85,711.34,14.0,10.0,1.0,80000.0,1.0,4.0,26.48,12.0,0.0,21364.0,66.1,31.0,0.0,0.0,0.0,0.0,677.0,0.0,0.375,0.3870967741935484,178.0,0.0,0.0,-1.0,1
11789.3818359375,36.0,7.49,366.6681811523438,3.0,10.0,1.0,336721.3125,1.0,0.0,19.556445693969728,6.0,0.0,193263.296875,63.39163665771484,13.0,0.0,0.0,2.0,0.0,682.0,0.0,0.035012272000312816,0.46153844090608453,74.0,0.0,0.0,-1.0,0
4500.0,36.0,6.49,137.91,1.0,10.0,2.0,120000.0,1.0,8.0,8.99,21.0,0.0,11588.0,9.8,33.0,0.0,0.0,2.0,0.0,822.0,0.0,0.0375,0.6363636363636364,311.0,0.0,0.0,-1.0,0
10020.6435546875,60.0,19.48,262.59485107421875,21.0,3.0,1.0,58978.5859375,2.0,0.0,25.774074478149416,6.0,0.0,35310.30078125,39.83824920654297,15.0,0.0,0.0,1.0,0.0,702.0,0.0,0.16990308119700503,0.4,82.0,0.0,0.0,-1.0,0
20000.0,36.0,9.17,637.58,6.0,4.0,1.0,92000.0,1.0,4.0,26.39,17.0,0.0,92474.0,71.1,33.0,1.0,0.0,4.0,0.0,667.0,0.0,0.217391304347826,0.5151515151515151,255.0,0.0,0.0,-1.0,0
6000.0,36.0,11.48,197.8,9.0,2.0,2.0,40000.0,1.0,4.0,10.26,6.0,0.0,6552.0,84.0,12.0,0.0,0.0,1.0,0.0,672.0,0.0,0.15,0.5,121.0,0.0,0.0,-1.0,0
22000.0,36.0,13.99,751.81,13.0,5.0,0.0,60000.0,2.0,0.0,30.15,13.0,0.0,83485.0,86.2,22.0,1.0,0.0,6.0,0.0,662.0,0.0,0.3666666666666666,0.5909090909090909,225.0,0.0,0.0,-1.0,1
8000.0,36.0,7.91,250.36,4.0,1.0,1.0,40000.0,1.0,0.0,15.19,9.0,0.0,8824.0,59.2,30.0,0.0,0.0,3.0,0.0,682.0,0.0,0.2,0.3,225.0,0.0,0.0,-1.0,0
7200.0,36.0,7.91,225.33,4.0,4.0,1.0,70000.0,0.0,0.0,12.5,9.0,0.0,4190.0,17.6,10.0,0.0,0.0,0.0,0.0,752.0,0.0,0.1028571428571428,0.9,38.0,0.0,0.0,-1.0,0
6125.0,36.0,9.17,195.26,6.0,10.0,0.0,85000.0,1.0,4.0,33.4,17.0,0.0,34267.0,89.5,39.0,0.0,0.0,2.0,0.0,682.0,0.0,0.0720588235294117,0.4358974358974359,456.0,0.0,0.0,-1.0,1
19800.0,36.0,13.99,676.63,13.0,10.0,1.0,55000.0,1.0,5.0,0.55,10.0,1.0,217.0,0.4,24.0,1.0,0.0,2.0,1.0,707.0,0.0,0.36,0.4166666666666667,416.0,0.0024038461538461,0.0024038461538461,1.0,0
7200.0,36.0,9.17,229.53,6.0,10.0,0.0,79176.0,1.0,0.0,18.86,8.0,0.0,7098.0,42.8,23.0,1.0,0.0,4.0,0.0,672.0,0.0,0.0909366474689299,0.3478260869565217,330.0,0.0,0.0,-1.0,0
18300.0,36.0,16.59,648.72,16.0,10.0,0.0,60230.0,1.0,0.0,12.86,6.0,0.0,16016.0,68.2,20.0,1.0,0.0,1.0,0.0,672.0,0.0,0.3038352980242404,0.3,192.0,0.0,0.0,-1.0,0
14600.0,36.0,6.49,447.41,1.0,8.0,1.0,74600.0,2.0,4.0,19.92,7.0,0.0,14199.0,31.1,22.0,1.0,0.0,2.0,0.0,687.0,0.0,0.195710455764075,0.3181818181818182,154.0,0.0,0.0,-1.0,0
3000.0,36.0,6.49,91.94,1.0,4.0,1.0,45000.0,0.0,4.0,6.27,5.0,0.0,3550.0,15.7,10.0,0.0,0.0,0.0,0.0,757.0,0.0,0.0666666666666666,0.5,120.0,0.0,0.0,-1.0,0
15000.0,60.0,18.99,389.03,20.0,7.0,1.0,46814.0,2.0,5.0,11.95,9.0,0.0,5259.0,40.8,18.0,1.0,0.0,1.0,0.0,682.0,0.0,0.3204169692826932,0.5,145.0,0.0,0.0,-1.0,0
12077.7412109375,60.0,17.27,301.91923950195314,17.0,10.0,0.0,428202.4375,0.0,0.0,25.0194966506958,3.0,0.0,75662.15625,75.95408325195312,15.0,0.0,0.0,1.0,0.0,752.0,0.0,0.02820569396018982,0.20000000397364293,198.0,0.0,0.0,-1.0,0
6000.0,36.0,11.48,197.8,9.0,10.0,1.0,56000.0,1.0,9.0,8.79,9.0,1.0,6223.0,40.1,16.0,0.0,0.0,1.0,1.0,667.0,0.0,0.1071428571428571,0.5625,194.0,0.0051546391752577,0.0051546391752577,1.0,0
25000.0,36.0,6.49,766.12,1.0,7.0,1.0,81000.0,1.0,0.0,9.99,7.0,0.0,12703.0,36.6,31.0,0.0,0.0,0.0,0.0,692.0,0.0,0.3086419753086419,0.2258064516129032,191.0,0.0,0.0,-1.0,0
5000.0,36.0,8.49,157.82,5.0,10.0,0.0,42000.0,0.0,0.0,12.77,15.0,0.0,8009.0,26.4,34.0,0.0,0.0,2.0,0.0,742.0,0.0,0.119047619047619,0.4411764705882353,328.0,0.0,0.0,-1.0,0
12000.0,60.0,11.48,263.8,9.0,0.0,0.0,70000.0,0.0,0.0,20.46,7.0,0.0,13179.0,87.3,19.0,0.0,0.0,5.0,0.0,712.0,0.0,0.1714285714285714,0.3684210526315789,269.0,0.0,0.0,-1.0,0
7500.0,36.0,6.49,229.84,1.0,0.0,1.0,40000.0,1.0,0.0,12.36,13.0,0.0,9180.0,28.0,23.0,0.0,0.0,0.0,0.0,717.0,0.0,0.1875,0.5652173913043478,108.0,0.0,0.0,-1.0,1
25000.0,36.0,6.49,766.12,1.0,3.0,2.0,105000.0,1.0,0.0,25.57,9.0,0.0,24247.0,54.5,39.0,0.0,0.0,7.0,0.0,727.0,0.0,0.238095238095238,0.2307692307692307,219.0,0.0,0.0,-1.0,0
8435.337890625,36.0,11.48,278.0835437011719,9.0,0.0,0.0,273357.4375,0.0,2.0,29.674457321166994,23.0,0.0,186007.40625,12.31238250732422,46.0,0.0,0.0,1.0,0.0,737.0,0.0,0.0308582651759943,0.5,145.0,0.0,0.0,-1.0,0
29838.45703125,36.0,9.8,959.9974145507813,7.0,3.0,2.0,545557.8125,1.0,4.0,41.90039459228515,18.0,0.0,116237.09375,70.31078338623047,47.0,0.0,0.0,2.0,0.0,692.0,0.0,0.054693483586969016,0.3829787234042553,191.0,0.0,0.0,-1.0,1
7500.0,36.0,8.49,236.73,5.0,0.0,1.0,120000.0,1.0,4.0,10.18,10.0,0.0,7115.0,18.3,19.0,0.0,0.0,0.0,0.0,712.0,0.0,0.0625,0.5263157894736842,283.0,0.0,0.0,-1.0,0
20000.0,36.0,10.78,652.7,8.0,10.0,0.0,54000.0,1.0,4.0,14.16,22.0,0.0,26839.0,34.7,31.0,0.0,0.0,2.0,0.0,687.0,0.0,0.3703703703703703,0.7096774193548387,195.0,0.0,0.0,-1.0,0
16000.0,36.0,8.49,505.01,5.0,10.0,1.0,130000.0,0.0,0.0,5.61,5.0,0.0,10399.0,54.7,18.0,0.0,0.0,3.0,0.0,677.0,0.0,0.123076923076923,0.2777777777777778,128.0,0.0,0.0,-1.0,0
5966.18359375,36.0,7.91,186.71061279296876,4.0,10.0,2.0,562742.9375,0.0,0.0,5.1980110168457045,13.0,0.0,105510.2890625,17.905984497070314,43.0,0.0,0.0,1.0,0.0,787.0,0.0,0.01060196161270141,0.3023255813953488,420.0,0.0,0.0,-1.0,0
14000.0,36.0,6.49,429.03,1.0,10.0,0.0,85000.0,1.0,0.0,8.33,10.0,0.0,14261.0,61.5,35.0,0.0,0.0,2.0,0.0,687.0,0.0,0.1647058823529411,0.2857142857142857,266.0,0.0,0.0,-1.0,0
10000.0,36.0,9.8,321.74,7.0,0.0,0.0,72000.0,0.0,2.0,12.41,11.0,0.0,5476.0,31.1,22.0,0.0,0.0,3.0,0.0,707.0,0.0,0.1388888888888889,0.5,151.0,0.0,0.0,-1.0,0
20000.0,60.0,9.8,422.98,7.0,7.0,0.0,60000.0,1.0,4.0,9.3,3.0,0.0,14844.0,92.8,8.0,0.0,0.0,0.0,0.0,722.0,0.0,0.3333333333333333,0.375,155.0,0.0,0.0,-1.0,0
6427.22412109375,36.0,9.8,206.78535095214843,7.0,4.0,1.0,128275.1796875,1.0,0.0,35.58624565124512,13.0,0.0,142817.765625,54.41233673095703,18.0,0.0,0.0,0.0,0.0,667.0,0.0,0.05010497765881669,0.7222221964283994,134.0,0.0,0.0,-1.0,0
8000.0,36.0,11.48,263.74,9.0,3.0,0.0,67800.0,1.0,0.0,17.31,11.0,0.0,17153.0,82.9,21.0,0.0,0.0,4.0,0.0,677.0,0.0,0.1179941002949852,0.5238095238095238,136.0,0.0,0.0,-1.0,0
21000.0,60.0,7.91,424.91,4.0,10.0,0.0,80000.0,2.0,0.0,15.0,5.0,1.0,50712.0,80.0,18.0,0.0,0.0,4.0,1.0,687.0,0.0,0.2625,0.2777777777777778,229.0,0.0043668122270742,0.0043668122270742,1.0,0
8000.0,36.0,12.88,269.09,11.0,9.0,2.0,50000.0,1.0,5.0,19.61,8.0,3.0,3186.0,37.5,13.0,1.0,0.0,0.0,1.0,687.0,0.0,0.16,0.6153846153846154,114.0,0.0263157894736842,0.0087719298245614,0.3333333333333333,0
35000.0,36.0,13.44,1186.72,12.0,3.0,0.0,99600.0,1.0,0.0,25.06,23.0,0.0,46758.0,78.5,47.0,0.0,0.0,1.0,0.0,677.0,0.0,0.3514056224899598,0.4893617021276595,207.0,0.0,0.0,-1.0,0
2000.0,36.0,6.99,61.75,2.0,10.0,0.0,45000.0,0.0,5.0,17.65,7.0,0.0,11607.0,42.2,17.0,1.0,0.0,1.0,0.0,717.0,0.0,0.0444444444444444,0.4117647058823529,178.0,0.0,0.0,-1.0,0
5000.0,36.0,10.78,163.18,8.0,0.0,1.0,36500.0,1.0,4.0,10.36,4.0,0.0,10953.0,78.2,10.0,0.0,0.0,0.0,0.0,687.0,0.0,0.136986301369863,0.4,198.0,0.0,0.0,-1.0,1
19000.0,60.0,20.5,508.69,23.0,5.0,1.0,49642.0,2.0,0.0,27.17,11.0,0.0,12916.0,56.4,22.0,0.0,0.0,0.0,0.0,687.0,0.0,0.3827404214173482,0.5,112.0,0.0,0.0,-1.0,0
16000.0,36.0,6.99,493.97,2.0,10.0,2.0,48000.0,1.0,4.0,20.78,9.0,0.0,27689.0,71.2,19.0,1.0,0.0,5.0,0.0,697.0,0.0,0.3333333333333333,0.4736842105263157,246.0,0.0,0.0,-1.0,0
30000.0,60.0,16.59,738.98,16.0,10.0,0.0,101000.0,1.0,4.0,29.78,22.0,0.0,62801.0,75.9,36.0,0.0,0.0,6.0,0.0,687.0,0.0,0.297029702970297,0.6111111111111112,283.0,0.0,0.0,-1.0,0
10000.0,36.0,16.59,354.5,16.0,8.0,1.0,42000.0,2.0,0.0,44.8,24.0,0.0,12870.0,47.7,33.0,0.0,0.0,0.0,0.0,667.0,0.0,0.238095238095238,0.7272727272727273,204.0,0.0,0.0,-1.0,0
7200.0,36.0,6.99,222.29,2.0,10.0,1.0,70000.0,1.0,0.0,1.75,5.0,0.0,2414.0,25.7,14.0,1.0,0.0,4.0,0.0,697.0,0.0,0.1028571428571428,0.3571428571428571,138.0,0.0,0.0,-1.0,0
21650.0,60.0,20.5,579.64,23.0,2.0,2.0,62500.0,2.0,0.0,30.24,23.0,0.0,22083.0,53.5,41.0,0.0,0.0,0.0,0.0,662.0,0.0,0.3464,0.5609756097560976,212.0,0.0,0.0,-1.0,1
23175.0,36.0,14.85,801.67,14.0,8.0,1.0,55000.0,2.0,0.0,29.02,7.0,0.0,12679.0,91.0,19.0,0.0,0.0,0.0,0.0,682.0,0.0,0.4213636363636364,0.3684210526315789,101.0,0.0,0.0,-1.0,1
25000.0,36.0,13.99,854.32,13.0,10.0,1.0,98000.0,0.0,0.0,7.57,5.0,1.0,8998.0,50.6,7.0,0.0,0.0,0.0,0.0,682.0,0.0,0.2551020408163265,0.7142857142857143,90.0,0.0111111111111111,0.0,0.0,1
7277.73583984375,36.0,17.97,262.9986877441406,18.0,5.0,1.0,689869.6875,2.0,1.0,35.23678657531738,10.0,1.0,54005.27734375,11.954636383056641,20.0,0.0,0.0,3.0,0.0,717.0,0.0,0.010549422125427005,0.5,191.0,0.0052356020942408,0.0,0.0,0
21033.689453125,36.0,9.17,670.5306176757813,6.0,1.0,0.0,1135604.25,1.0,4.0,155.69773986816406,10.0,0.0,62244.73828125,112.33815155029296,24.0,0.0,0.0,2.0,0.0,687.0,0.0,0.01852202385663987,0.41666665154954663,200.0,0.0,0.0,-1.0,0
8250.0,36.0,11.48,271.98,9.0,7.0,0.0,130000.0,0.0,9.0,14.3,25.0,1.0,27508.0,37.7,36.0,0.0,0.0,1.0,1.0,737.0,0.0,0.0634615384615384,0.6944444444444444,164.0,0.0060975609756097,0.0060975609756097,1.0,0
3000.0,36.0,11.48,98.9,9.0,2.0,0.0,45000.0,2.0,0.0,19.39,10.0,0.0,66360.0,25.0,25.0,0.0,0.0,4.0,0.0,667.0,0.0,0.0666666666666666,0.4,317.0,0.0,0.0,-1.0,0
1000.0,36.0,18.49,36.4,19.0,6.0,1.0,35456.0,2.0,5.0,22.48,10.0,1.0,2404.0,22.3,13.0,1.0,0.0,0.0,1.0,672.0,0.0,0.0282039711191335,0.7692307692307693,151.0,0.0066225165562913,0.0066225165562913,1.0,0
5000.0,36.0,11.48,164.84,9.0,10.0,1.0,42000.0,0.0,0.0,16.46,8.0,3.0,2670.0,27.0,13.0,0.0,0.0,0.0,1.0,667.0,0.0,0.119047619047619,0.6153846153846154,133.0,0.0225563909774436,0.0075187969924812,0.3333333333333333,0
10500.0,36.0,5.32,316.21,0.0,10.0,0.0,85000.0,0.0,0.0,19.86,11.0,0.0,10591.0,20.3,19.0,0.0,0.0,1.0,0.0,757.0,0.0,0.1235294117647058,0.5789473684210527,271.0,0.0,0.0,-1.0,0
4200.0,36.0,10.78,137.07,8.0,2.0,1.0,67000.0,1.0,0.0,9.74,3.0,0.0,383.0,12.0,7.0,0.0,0.0,0.0,0.0,672.0,0.0,0.0626865671641791,0.4285714285714285,125.0,0.0,0.0,-1.0,0
4550.0,36.0,10.78,148.49,8.0,0.0,1.0,92400.0,1.0,4.0,14.77,13.0,0.0,885.0,10.1,32.0,0.0,0.0,5.0,0.0,722.0,0.0,0.0492424242424242,0.40625,325.0,0.0,0.0,-1.0,1
9917.0771484375,36.0,15.77,347.5307287597656,15.0,5.0,2.0,145960.25,1.0,0.0,31.90151908874512,12.0,0.0,34842.63671875,39.99956436157227,30.0,0.0,0.0,0.0,0.0,672.0,0.0,0.06794369055165184,0.4,320.0,0.0,0.0,-1.0,1
16800.0,60.0,13.99,390.82,13.0,3.0,1.0,42500.0,2.0,0.0,16.07,15.0,0.0,5091.0,34.6,53.0,0.0,0.0,1.0,0.0,672.0,0.0,0.3952941176470588,0.2830188679245283,208.0,0.0,0.0,-1.0,1
10000.0,36.0,9.17,318.79,6.0,1.0,0.0,125000.0,1.0,0.0,15.12,9.0,1.0,26198.0,87.9,31.0,0.0,0.0,6.0,1.0,672.0,0.0,0.08,0.2903225806451613,230.0,0.0043478260869565,0.0043478260869565,1.0,0
29000.0,36.0,5.32,873.33,0.0,8.0,1.0,76684.0,2.0,3.0,0.39,7.0,0.0,150.0,0.4,18.0,0.0,0.0,0.0,0.0,817.0,0.0,0.378175369046998,0.3888888888888889,216.0,0.0,0.0,-1.0,0
33600.0,60.0,13.44,772.1,12.0,10.0,0.0,300000.0,1.0,0.0,3.69,15.0,0.0,6052.0,11.3,26.0,0.0,0.0,0.0,0.0,747.0,0.0,0.112,0.5769230769230769,123.0,0.0,0.0,-1.0,0
5000.0,36.0,6.49,153.23,1.0,2.0,1.0,24000.0,1.0,4.0,10.8,9.0,0.0,4298.0,34.1,17.0,0.0,0.0,0.0,0.0,707.0,0.0,0.2083333333333333,0.5294117647058824,112.0,0.0,0.0,-1.0,0
20000.0,36.0,17.97,722.75,18.0,10.0,1.0,56000.0,2.0,0.0,32.76,10.0,0.0,15979.0,89.3,17.0,0.0,0.0,0.0,0.0,662.0,0.0,0.3571428571428571,0.5882352941176471,174.0,0.0,0.0,-1.0,1
12000.0,36.0,7.89,375.43,4.0,10.0,1.0,47000.0,2.0,4.0,20.0,15.0,0.0,19648.0,55.0,23.0,0.0,0.0,1.0,0.0,697.0,0.0,0.2553191489361702,0.6521739130434783,320.0,0.0,0.0,-1.0,0
20000.0,36.0,5.32,602.3,0.0,10.0,1.0,44840.0,2.0,4.0,28.45,9.0,0.0,42397.0,60.0,16.0,1.0,0.0,0.0,0.0,712.0,0.0,0.4460303300624442,0.5625,206.0,0.0,0.0,-1.0,0
34960.38671875,36.0,11.99,1161.02017578125,10.0,1.0,1.0,450812.53125,2.0,0.0,68.37212158203126,8.0,0.0,59689.1640625,118.97947235107422,12.0,0.0,0.0,2.0,0.0,692.0,0.0,0.07754971201603228,0.6666666666666666,133.0,0.0,0.0,-1.0,0
22001.607421875,36.0,7.91,688.5362646484375,4.0,0.0,0.0,185202.46875,2.0,0.0,69.56580963134766,9.0,0.0,181326.0625,110.67510986328125,23.0,0.0,0.0,3.0,0.0,722.0,0.0,0.11879756564185728,0.3913043466481296,312.0,0.0,0.0,-1.0,0
5000.0,36.0,13.99,170.87,13.0,2.0,1.0,51000.0,2.0,0.0,34.42,20.0,1.0,8232.0,61.4,35.0,1.0,0.0,4.0,1.0,662.0,0.0,0.0980392156862745,0.5714285714285714,141.0,0.0070921985815602,0.0070921985815602,1.0,0
29725.0,60.0,13.44,683.05,12.0,10.0,0.0,220000.0,2.0,0.0,6.53,13.0,1.0,7908.0,33.0,25.0,0.0,0.0,3.0,1.0,682.0,0.0,0.1351136363636363,0.52,266.0,0.0037593984962406,0.0037593984962406,1.0,0
3600.0,36.0,12.88,121.1,11.0,0.0,1.0,32000.0,1.0,6.0,19.58,8.0,2.0,8703.0,66.9,14.0,1.0,0.0,0.0,2.0,687.0,0.0,0.1125,0.5714285714285714,136.0,0.0147058823529411,0.0147058823529411,1.0,0
24000.0,60.0,21.48,655.78,24.0,1.0,0.0,133650.0,0.0,6.0,5.57,9.0,1.0,3291.0,20.7,18.0,1.0,0.0,1.0,1.0,667.0,0.0,0.1795735129068462,0.5,112.0,0.0089285714285714,0.0089285714285714,1.0,0
24000.0,36.0,18.99,879.63,20.0,4.0,1.0,70000.0,2.0,3.0,11.07,7.0,0.0,3053.0,17.3,16.0,0.0,0.0,0.0,0.0,687.0,0.0,0.3428571428571428,0.4375,115.0,0.0,0.0,-1.0,0
20000.0,36.0,13.44,678.13,12.0,2.0,0.0,100000.0,0.0,0.0,27.52,12.0,0.0,5597.0,49.1,30.0,0.0,0.0,3.0,0.0,662.0,0.0,0.2,0.4,146.0,0.0,0.0,-1.0,0
24125.0,36.0,5.32,726.52,0.0,0.0,0.0,130000.0,0.0,0.0,17.32,8.0,0.0,19484.0,54.1,24.0,0.0,0.0,4.0,0.0,717.0,0.0,0.185576923076923,0.3333333333333333,338.0,0.0,0.0,-1.0,0
20225.0,36.0,10.78,660.04,8.0,6.0,1.0,44000.0,1.0,0.0,25.29,13.0,0.0,21447.0,29.1,33.0,0.0,0.0,0.0,0.0,717.0,0.0,0.4596590909090909,0.3939393939393939,194.0,0.0,0.0,-1.0,0
10725.0,36.0,19.48,395.75,21.0,0.0,1.0,35000.0,1.0,0.0,22.12,11.0,0.0,4901.0,38.8,12.0,1.0,0.0,0.0,0.0,682.0,0.0,0.3064285714285714,0.9166666666666666,58.0,0.0,0.0,-1.0,0
9600.0,36.0,7.49,298.58,3.0,9.0,1.0,52000.0,0.0,4.0,16.92,12.0,0.0,13852.0,43.4,12.0,0.0,0.0,0.0,0.0,687.0,0.0,0.1846153846153846,1.0,137.0,0.0,0.0,-1.0,0
12000.0,36.0,8.49,378.76,5.0,10.0,2.0,130000.0,0.0,4.0,8.81,8.0,0.0,85461.0,78.1,18.0,0.0,0.0,1.0,0.0,667.0,0.0,0.0923076923076923,0.4444444444444444,354.0,0.0,0.0,-1.0,0
16175.4140625,36.0,12.88,544.0778271484374,11.0,7.0,0.0,74027.6015625,2.0,4.0,96.87119171142578,19.0,0.0,0.0,63.42160568237305,65.0,0.0,0.0,4.0,0.0,677.0,0.0,0.21850515533896048,0.2923077110088233,245.0,0.0,0.0,-1.0,0
13000.0,60.0,15.77,314.55,15.0,6.0,1.0,89251.03,0.0,0.0,27.56,20.0,0.0,23126.0,69.2,29.0,0.0,0.0,0.0,0.0,662.0,0.0,0.1456565823386016,0.6896551724137931,269.0,0.0,0.0,-1.0,0
10000.0,36.0,6.49,306.45,1.0,10.0,2.0,100000.0,0.0,0.0,10.62,17.0,0.0,6096.0,14.2,33.0,0.0,0.0,2.0,0.0,777.0,0.0,0.1,0.5151515151515151,302.0,0.0,0.0,-1.0,0
12800.0,36.0,13.44,434.01,12.0,10.0,0.0,148500.0,1.0,4.0,10.04,10.0,0.0,36789.0,94.8,42.0,0.0,0.0,3.0,0.0,662.0,0.0,0.0861952861952862,0.238095238095238,209.0,0.0,0.0,-1.0,0
13900.0,36.0,18.49,505.95,19.0,4.0,1.0,125000.0,2.0,0.0,21.47,12.0,1.0,9768.0,61.8,21.0,1.0,0.0,0.0,0.0,667.0,0.0,0.1112,0.5714285714285714,182.0,0.0054945054945054,0.0,0.0,0
3600.0,36.0,8.49,113.63,5.0,1.0,0.0,32000.0,1.0,0.0,27.19,5.0,0.0,762.0,30.5,38.0,0.0,0.0,1.0,0.0,742.0,0.0,0.1125,0.131578947368421,138.0,0.0,0.0,-1.0,0
8756.8115234375,36.0,10.78,285.774228515625,8.0,4.0,2.0,28118.796875,2.0,0.0,32.430689849853515,20.0,0.0,135390.0,35.04942932128906,45.0,0.0,0.0,1.0,0.0,672.0,0.0,0.311421986264095,0.4444444444444444,285.0,0.0,0.0,-1.0,0
15400.0,36.0,7.49,478.97,3.0,10.0,0.0,108000.0,0.0,0.0,18.53,16.0,0.0,8828.0,22.8,45.0,1.0,0.0,0.0,0.0,737.0,0.0,0.1425925925925926,0.3555555555555555,198.0,0.0,0.0,-1.0,0
5515.0634765625,36.0,6.49,169.00741271972657,1.0,10.0,1.0,113988.3515625,0.0,4.0,55.99275726318359,26.0,0.0,4136.36376953125,15.804919815063476,53.0,0.0,0.0,1.0,0.0,757.0,0.0,0.04838269233703613,0.490566037735849,288.0,0.0,0.0,-1.0,0
24800.0,60.0,18.99,643.19,20.0,6.0,0.0,105000.0,0.0,0.0,28.35,12.0,0.0,40173.0,71.1,39.0,1.0,0.0,5.0,0.0,662.0,0.0,0.2361904761904762,0.3076923076923077,137.0,0.0,0.0,-1.0,1
12000.0,36.0,13.44,406.88,12.0,8.0,2.0,85000.0,2.0,0.0,5.24,13.0,0.0,9902.0,52.1,28.0,1.0,0.0,1.0,0.0,692.0,0.0,0.1411764705882353,0.4642857142857143,208.0,0.0,0.0,-1.0,0
9875.0,36.0,18.99,361.93,20.0,10.0,1.0,97500.0,1.0,0.0,10.11,10.0,0.0,7395.0,81.3,33.0,0.0,0.0,2.0,0.0,662.0,0.0,0.1012820512820512,0.303030303030303,230.0,0.0,0.0,-1.0,0
24000.0,36.0,6.49,735.47,1.0,10.0,2.0,150000.0,0.0,0.0,12.89,12.0,0.0,38946.0,38.0,23.0,0.0,0.0,2.0,0.0,767.0,0.0,0.16,0.5217391304347826,243.0,0.0,0.0,-1.0,0
1500.0,36.0,6.99,46.31,2.0,4.0,0.0,80000.0,1.0,0.0,12.23,21.0,1.0,9807.0,41.7,31.0,0.0,0.0,2.0,1.0,687.0,0.0,0.01875,0.6774193548387096,346.0,0.0028901734104046,0.0028901734104046,1.0,0
20000.0,36.0,5.32,602.3,0.0,1.0,0.0,230000.0,1.0,0.0,10.81,12.0,0.0,10507.0,62.2,31.0,0.0,0.0,6.0,0.0,697.0,0.0,0.0869565217391304,0.3870967741935484,255.0,0.0,0.0,-1.0,0
35000.0,60.0,18.99,907.73,20.0,10.0,1.0,136500.0,1.0,4.0,30.61,31.0,0.0,15030.0,43.3,54.0,0.0,0.0,0.0,0.0,717.0,0.0,0.2564102564102564,0.5740740740740741,235.0,0.0,0.0,-1.0,1
15000.0,36.0,6.97,462.96,2.0,3.0,0.0,75000.0,1.0,0.0,20.61,12.0,0.0,19877.0,47.9,24.0,0.0,0.0,2.0,0.0,682.0,1.0,0.2,0.5,159.0,0.0,0.0,-1.0,0
6400.0,36.0,10.75,208.78,8.0,2.0,0.0,160000.0,1.0,0.0,8.24,9.0,1.0,12636.0,76.6,16.0,0.0,0.0,3.0,0.0,687.0,1.0,0.04,0.5625,134.0,0.0074626865671641,0.0,0.0,0
30000.0,36.0,18.99,1099.53,18.0,10.0,1.0,82000.0,2.0,11.0,39.48,11.0,0.0,25579.0,60.6,20.0,1.0,0.0,0.0,0.0,707.0,1.0,0.3658536585365853,0.55,177.0,0.0,0.0,-1.0,0
22000.0,60.0,15.31,526.97,14.0,1.0,0.0,33000.0,2.0,4.0,33.31,10.0,1.0,15974.0,52.7,17.0,0.0,1.0,0.0,1.0,702.0,1.0,0.6666666666666666,0.5882352941176471,176.0,0.0056818181818181,0.0056818181818181,1.0,0
10000.0,36.0,12.99,336.9,11.0,10.0,1.0,50000.0,0.0,4.0,21.7,7.0,0.0,8082.0,95.1,32.0,0.0,0.0,0.0,0.0,672.0,1.0,0.2,0.21875,194.0,0.0,0.0,-1.0,0
25000.0,36.0,5.32,752.87,0.0,10.0,0.0,146000.0,0.0,4.0,14.28,19.0,0.0,53252.0,24.6,52.0,0.0,0.0,4.0,0.0,777.0,1.0,0.1712328767123287,0.3653846153846153,376.0,0.0,0.0,-1.0,0
3500.0,36.0,14.46,120.41,13.0,2.0,2.0,27000.0,1.0,4.0,35.38,6.0,0.0,6966.0,69.7,20.0,0.0,0.0,0.0,0.0,697.0,1.0,0.1296296296296296,0.3,371.0,0.0,0.0,-1.0,0
9984.19921875,36.0,8.39,314.66957275390627,5.0,5.0,1.0,269515.75,0.0,0.0,31.828956756591797,7.0,1.0,0.0,60.28102493286133,24.0,0.0,0.0,3.0,1.0,667.0,1.0,0.03704495429992677,0.29166666969009064,138.0,0.0072463768115942,0.0072463768115942,1.0,0
4000.0,36.0,9.16,127.5,6.0,10.0,2.0,48000.0,1.0,0.0,35.65,13.0,0.0,6557.0,12.6,36.0,0.0,0.0,0.0,0.0,767.0,1.0,0.0833333333333333,0.3611111111111111,354.0,0.0,0.0,-1.0,0
10500.0,36.0,5.32,316.21,0.0,1.0,0.0,85000.0,0.0,0.0,24.91,28.0,0.0,7094.0,6.0,51.0,0.0,0.0,4.0,0.0,787.0,1.0,0.1235294117647058,0.5490196078431373,207.0,0.0,0.0,-1.0,0
20725.0,36.0,20.75,778.16,21.0,10.0,0.0,58000.0,0.0,0.0,34.74,10.0,0.0,16923.0,67.2,28.0,0.0,0.0,3.0,0.0,702.0,1.0,0.3573275862068965,0.3571428571428571,130.0,0.0,0.0,-1.0,0
12000.0,60.0,21.18,325.86,22.0,10.0,1.0,48000.0,1.0,0.0,29.43,19.0,0.0,7230.0,21.6,27.0,0.0,0.0,0.0,0.0,722.0,1.0,0.25,0.7037037037037037,123.0,0.0,0.0,-1.0,1
10475.0,36.0,19.99,389.24,20.0,10.0,2.0,40000.0,2.0,0.0,24.48,12.0,3.0,4364.0,13.6,19.0,1.0,0.0,0.0,3.0,672.0,1.0,0.261875,0.631578947368421,216.0,0.0138888888888888,0.0138888888888888,1.0,0
8000.0,36.0,12.99,269.52,11.0,3.0,0.0,38000.0,1.0,0.0,16.9,5.0,0.0,7761.0,91.3,7.0,0.0,0.0,1.0,0.0,697.0,1.0,0.2105263157894736,0.7142857142857143,141.0,0.0,0.0,-1.0,0
10500.0,36.0,11.99,348.71,10.0,0.0,1.0,62100.0,0.0,0.0,6.24,6.0,0.0,9847.0,88.0,8.0,0.0,0.0,0.0,0.0,662.0,1.0,0.1690821256038647,0.75,82.0,0.0,0.0,-1.0,0
20000.0,60.0,20.75,538.26,21.0,5.0,2.0,50000.0,2.0,0.0,29.64,15.0,2.0,5325.0,40.6,37.0,0.0,0.0,0.0,0.0,667.0,1.0,0.4,0.4054054054054054,112.0,0.0178571428571428,0.0,0.0,1
13980.0517578125,36.0,9.75,449.4602905273438,7.0,0.0,0.0,116837.78125,0.0,0.0,54.85656311035156,16.0,0.0,413951.125,41.7325439453125,32.0,1.0,0.0,0.0,0.0,672.0,1.0,0.11965352004490368,0.4999999721844991,128.0,0.0,0.0,-1.0,0
5925.0,36.0,20.75,222.47,21.0,10.0,0.0,62000.0,1.0,0.0,38.57,22.0,0.0,58421.0,59.2,27.0,1.0,0.0,1.0,0.0,672.0,1.0,0.0955645161290322,0.8148148148148148,210.0,0.0,0.0,-1.0,0
8000.0,36.0,11.99,265.68,10.0,3.0,1.0,69850.0,1.0,0.0,14.95,12.0,4.0,8438.0,42.7,21.0,0.0,0.0,0.0,1.0,662.0,1.0,0.1145311381531854,0.5714285714285714,191.0,0.0209424083769633,0.0052356020942408,0.25,1
15000.0,36.0,7.39,465.84,3.0,10.0,1.0,120000.0,0.0,4.0,13.22,14.0,0.0,20215.0,34.3,32.0,0.0,0.0,2.0,0.0,717.0,1.0,0.125,0.4375,252.0,0.0,0.0,-1.0,0
12000.0,36.0,6.49,367.74,1.0,10.0,1.0,65500.0,0.0,0.0,33.33,13.0,0.0,4572.0,11.8,31.0,0.0,0.0,1.0,0.0,772.0,1.0,0.183206106870229,0.4193548387096774,294.0,0.0,0.0,-1.0,0
12000.0,36.0,6.49,367.74,1.0,10.0,1.0,180000.0,0.0,0.0,7.65,6.0,0.0,13085.0,54.5,16.0,0.0,0.0,0.0,0.0,732.0,1.0,0.0666666666666666,0.375,435.0,0.0,0.0,-1.0,0
20000.0,36.0,6.97,617.27,2.0,8.0,0.0,88000.0,1.0,0.0,24.25,13.0,0.0,31453.0,65.5,45.0,0.0,1.0,7.0,0.0,697.0,1.0,0.2272727272727272,0.2888888888888888,196.0,0.0,0.0,-1.0,0
18400.0,36.0,15.31,640.64,14.0,10.0,0.0,40000.0,0.0,0.0,24.93,10.0,0.0,27322.0,46.9,21.0,0.0,0.0,3.0,0.0,707.0,1.0,0.46,0.4761904761904761,164.0,0.0,0.0,-1.0,0
14750.0,60.0,17.27,368.73,16.0,10.0,1.0,57200.0,1.0,5.0,4.57,11.0,1.0,5949.0,30.8,11.0,0.0,0.0,0.0,0.0,667.0,1.0,0.2578671328671328,1.0,74.0,0.0135135135135135,0.0,0.0,0
35000.0,36.0,7.89,1095.0,4.0,10.0,0.0,120000.0,1.0,0.0,17.37,12.0,0.0,32730.0,56.1,27.0,1.0,0.0,7.0,0.0,752.0,1.0,0.2916666666666667,0.4444444444444444,317.0,0.0,0.0,-1.0,0
28992.283203125,36.0,7.89,907.0435400390625,4.0,10.0,0.0,274511.25,1.0,4.0,5.114870223999024,16.0,0.0,97686.7734375,79.06480407714844,43.0,0.0,0.0,3.0,0.0,702.0,1.0,0.10561419398871191,0.3720930232558139,303.0,0.0,0.0,-1.0,1
35000.0,36.0,7.39,1086.96,3.0,10.0,0.0,275000.0,1.0,0.0,16.09,20.0,0.0,19169.0,40.7,46.0,0.0,0.0,4.0,0.0,722.0,1.0,0.1272727272727272,0.4347826086956521,263.0,0.0,0.0,-1.0,0
35000.0,60.0,10.75,756.63,8.0,4.0,1.0,85125.0,1.0,0.0,9.6,17.0,1.0,2436.0,3.3,39.0,0.0,0.0,0.0,0.0,737.0,1.0,0.4111600587371512,0.4358974358974359,319.0,0.0031347962382445,0.0,0.0,0
15033.2109375,36.0,9.75,483.31951904296875,7.0,5.0,1.0,191299.765625,0.0,0.0,33.75432067871094,11.0,0.0,190141.71875,13.341074562072755,18.0,0.0,0.0,4.0,0.0,692.0,1.0,0.07858456820249557,0.6111110779974196,255.0,0.0,0.0,-1.0,0
8000.0,36.0,18.25,290.23,17.0,10.0,0.0,65827.0,2.0,0.0,43.57,12.0,0.0,26302.0,79.5,22.0,1.0,0.0,6.0,0.0,727.0,1.0,0.121530678900755,0.5454545454545454,373.0,0.0,0.0,-1.0,0
35000.0,36.0,13.67,1190.62,12.0,3.0,1.0,70000.0,1.0,0.0,30.88,14.0,0.0,45586.0,58.9,22.0,0.0,0.0,0.0,0.0,672.0,1.0,0.5,0.6363636363636364,194.0,0.0,0.0,-1.0,0
10000.0,36.0,18.25,362.78,17.0,10.0,1.0,73000.0,1.0,4.0,13.84,8.0,0.0,6569.0,67.0,32.0,1.0,0.0,0.0,0.0,677.0,1.0,0.136986301369863,0.25,198.0,0.0,0.0,-1.0,1
16000.0,36.0,5.32,481.84,0.0,10.0,0.0,88000.0,0.0,4.0,21.72,15.0,0.0,15577.0,37.0,31.0,0.0,0.0,4.0,0.0,732.0,1.0,0.1818181818181818,0.4838709677419355,136.0,0.0,0.0,-1.0,0
2400.0,36.0,11.99,79.71,10.0,10.0,1.0,40000.0,1.0,4.0,14.4,10.0,0.0,8346.0,34.5,15.0,0.0,0.0,0.0,0.0,752.0,1.0,0.06,0.6666666666666666,286.0,0.0,0.0,-1.0,0
10000.0,36.0,5.32,301.15,0.0,10.0,0.0,66000.0,0.0,0.0,23.62,11.0,0.0,990.0,3.9,42.0,0.0,0.0,3.0,0.0,792.0,1.0,0.1515151515151515,0.2619047619047619,164.0,0.0,0.0,-1.0,0
24000.0,60.0,13.67,554.35,12.0,6.0,0.0,80000.0,0.0,0.0,15.75,4.0,0.0,187.0,0.9,18.0,0.0,0.0,1.0,0.0,742.0,1.0,0.3,0.2222222222222222,178.0,0.0,0.0,-1.0,0
15000.0,36.0,11.99,498.15,10.0,5.0,1.0,66000.0,2.0,4.0,12.67,5.0,0.0,22365.0,86.4,11.0,0.0,0.0,0.0,0.0,677.0,1.0,0.2272727272727272,0.4545454545454545,130.0,0.0,0.0,-1.0,1
7000.0,36.0,12.99,235.83,11.0,10.0,0.0,63000.0,0.0,0.0,29.7,9.0,1.0,7460.0,50.7,32.0,0.0,0.0,3.0,1.0,677.0,1.0,0.1111111111111111,0.28125,191.0,0.0052356020942408,0.0052356020942408,1.0,0
11996.55078125,36.0,15.31,417.6868005371094,14.0,10.0,1.0,68098.28125,0.0,0.0,35.864100799560546,25.0,0.0,28732.17578125,51.803619384765625,49.0,0.0,0.0,1.0,0.0,667.0,1.0,0.17616524827456073,0.5102040816326531,229.0,0.0,0.0,-1.0,0
15000.0,36.0,7.89,469.29,4.0,10.0,0.0,60000.0,0.0,0.0,19.12,15.0,0.0,17629.0,46.4,37.0,0.0,0.0,1.0,0.0,692.0,1.0,0.25,0.4054054054054054,305.0,0.0,0.0,-1.0,0
10000.0,36.0,9.16,318.75,6.0,8.0,1.0,44000.0,0.0,4.0,26.61,8.0,0.0,10638.0,33.3,10.0,0.0,0.0,0.0,0.0,687.0,1.0,0.2272727272727272,0.8,93.0,0.0,0.0,-1.0,0
10000.0,36.0,14.46,344.02,13.0,2.0,1.0,34000.0,1.0,0.0,24.28,16.0,0.0,18632.0,43.1,18.0,0.0,0.0,0.0,0.0,682.0,1.0,0.2941176470588235,0.8888888888888888,79.0,0.0,0.0,-1.0,0
9025.0,36.0,14.46,310.48,13.0,2.0,1.0,80000.0,1.0,0.0,21.01,8.0,0.0,2169.0,67.8,34.0,0.0,0.0,0.0,0.0,662.0,1.0,0.1128125,0.2352941176470588,151.0,0.0,0.0,-1.0,0
12000.0,36.0,7.39,372.67,3.0,3.0,1.0,54000.0,0.0,4.0,17.64,12.0,0.0,14367.0,44.6,28.0,0.0,0.0,0.0,0.0,697.0,1.0,0.2222222222222222,0.4285714285714285,222.0,0.0,0.0,-1.0,0
35000.0,36.0,12.99,1179.12,11.0,2.0,0.0,88500.0,2.0,4.0,29.04,20.0,1.0,34918.0,69.0,26.0,0.0,0.0,3.0,1.0,682.0,1.0,0.3954802259887006,0.7692307692307693,281.0,0.0035587188612099,0.0035587188612099,1.0,0
8000.0,36.0,15.31,278.54,14.0,0.0,1.0,60000.0,1.0,1.0,13.55,10.0,1.0,10671.0,41.0,14.0,1.0,0.0,0.0,1.0,667.0,1.0,0.1333333333333333,0.7142857142857143,174.0,0.0057471264367816,0.0057471264367816,1.0,1
7200.0,36.0,8.39,226.92,5.0,3.0,0.0,53000.0,1.0,0.0,22.37,8.0,1.0,7833.0,73.9,36.0,0.0,0.0,3.0,1.0,667.0,1.0,0.1358490566037735,0.2222222222222222,254.0,0.0039370078740157,0.0039370078740157,1.0,0
20000.0,60.0,10.75,432.36,8.0,5.0,0.0,135000.0,1.0,0.0,14.93,13.0,1.0,20832.0,45.0,18.0,0.0,0.0,2.0,1.0,692.0,1.0,0.1481481481481481,0.7222222222222222,215.0,0.0046511627906976,0.0046511627906976,1.0,1
10000.0,36.0,9.16,318.75,6.0,4.0,0.0,59400.0,0.0,4.0,19.13,31.0,0.0,13577.0,77.1,64.0,0.0,0.0,2.0,0.0,667.0,1.0,0.1683501683501683,0.484375,172.0,0.0,0.0,-1.0,0
9475.7216796875,36.0,15.31,329.9184899902344,14.0,0.0,0.0,501112.28125,1.0,0.0,40.25557800292969,7.0,0.0,96484.3984375,45.24821243286133,13.0,0.0,0.0,3.0,0.0,692.0,1.0,0.018909392697470495,0.5384615384615384,52.0,0.0,0.0,-1.0,0
30000.0,60.0,16.29,734.18,15.0,10.0,0.0,73000.0,2.0,4.0,42.64,17.0,0.0,75971.0,82.8,42.0,0.0,0.0,3.0,0.0,712.0,1.0,0.410958904109589,0.4047619047619047,304.0,0.0,0.0,-1.0,0
15000.0,60.0,12.99,341.22,11.0,10.0,0.0,156000.0,0.0,4.0,13.82,14.0,0.0,17830.0,36.0,33.0,0.0,0.0,5.0,0.0,727.0,1.0,0.0961538461538461,0.4242424242424242,151.0,0.0,0.0,-1.0,0
24150.0,36.0,20.75,906.76,21.0,4.0,0.0,70000.0,1.0,0.0,29.49,20.0,1.0,11787.0,53.8,49.0,1.0,0.0,1.0,1.0,662.0,1.0,0.345,0.4081632653061224,228.0,0.0043859649122807,0.0043859649122807,1.0,1
9150.0,36.0,20.75,343.56,21.0,10.0,0.0,27900.0,2.0,0.0,48.52,12.0,0.0,12966.0,57.4,15.0,1.0,0.0,0.0,0.0,687.0,1.0,0.3279569892473118,0.8,150.0,0.0,0.0,-1.0,0
20000.0,60.0,15.31,479.06,14.0,10.0,2.0,55000.0,0.0,0.0,30.46,12.0,0.0,9613.0,54.9,22.0,0.0,0.0,1.0,0.0,662.0,1.0,0.3636363636363636,0.5454545454545454,231.0,0.0,0.0,-1.0,0
19200.0,36.0,9.75,617.28,7.0,3.0,0.0,125000.0,0.0,3.0,13.45,22.0,0.0,5221.0,14.8,57.0,0.0,0.0,4.0,0.0,722.0,1.0,0.1536,0.3859649122807017,292.0,0.0,0.0,-1.0,0
15000.0,36.0,7.89,469.29,4.0,4.0,2.0,70000.0,2.0,0.0,14.04,9.0,0.0,13937.0,62.8,34.0,0.0,0.0,2.0,0.0,692.0,1.0,0.2142857142857142,0.2647058823529412,194.0,0.0,0.0,-1.0,0
23000.0,36.0,6.97,709.86,2.0,5.0,0.0,60500.0,1.0,0.0,3.85,8.0,0.0,7285.0,10.8,18.0,0.0,0.0,2.0,0.0,797.0,1.0,0.3801652892561983,0.4444444444444444,415.0,0.0,0.0,-1.0,0
12096.94140625,36.0,7.39,375.67823974609377,3.0,10.0,2.0,416061.4375,0.0,4.0,9.675086212158202,16.0,1.0,161808.34375,52.2587387084961,53.0,0.0,0.0,2.0,1.0,702.0,1.0,0.029074891297905497,0.3018867924528302,140.0,0.0071428571428571,0.0071428571428571,1.0,0
23000.0,36.0,6.49,704.83,1.0,10.0,0.0,62000.0,1.0,4.0,13.72,4.0,0.0,22830.0,60.1,19.0,0.0,0.0,2.0,0.0,727.0,1.0,0.3709677419354839,0.2105263157894736,330.0,0.0,0.0,-1.0,0
27400.0,36.0,12.99,923.09,11.0,8.0,0.0,100000.0,0.0,0.0,23.1,8.0,0.0,53535.0,77.4,21.0,1.0,0.0,2.0,0.0,717.0,1.0,0.274,0.3809523809523809,275.0,0.0,0.0,-1.0,0
24000.0,36.0,5.32,722.76,0.0,8.0,0.0,75000.0,0.0,0.0,8.93,19.0,0.0,19742.0,24.8,30.0,0.0,0.0,1.0,0.0,732.0,1.0,0.32,0.6333333333333333,145.0,0.0,0.0,-1.0,0
3600.0,36.0,11.99,119.56,10.0,3.0,1.0,21622.0,2.0,0.0,15.16,5.0,0.0,4410.0,52.5,11.0,0.0,0.0,0.0,0.0,662.0,1.0,0.1664970863009897,0.4545454545454545,126.0,0.0,0.0,-1.0,1
6000.0,36.0,6.97,185.19,2.0,10.0,0.0,97000.0,0.0,4.0,6.78,6.0,0.0,5138.0,28.5,22.0,0.0,0.0,1.0,0.0,712.0,1.0,0.0618556701030927,0.2727272727272727,241.0,0.0,0.0,-1.0,0
14050.0,60.0,28.34,440.35,32.0,5.0,2.0,47500.0,2.0,0.0,38.71,18.0,1.0,10136.0,55.4,82.0,1.0,0.0,0.0,0.0,662.0,1.0,0.2957894736842105,0.2195121951219512,124.0,0.0080645161290322,0.0,0.0,1
6500.0,36.0,7.39,201.87,3.0,0.0,1.0,45000.0,1.0,0.0,5.49,5.0,0.0,3649.0,61.8,6.0,0.0,0.0,0.0,0.0,737.0,1.0,0.1444444444444444,0.8333333333333334,82.0,0.0,0.0,-1.0,0
19200.0,36.0,5.32,578.21,0.0,3.0,0.0,70000.0,0.0,4.0,18.81,11.0,0.0,18610.0,64.6,24.0,0.0,0.0,2.0,0.0,712.0,1.0,0.2742857142857143,0.4583333333333333,162.0,0.0,0.0,-1.0,0
7200.0,36.0,5.32,216.83,0.0,10.0,1.0,36000.0,1.0,0.0,19.9,6.0,0.0,6971.0,44.4,16.0,0.0,0.0,0.0,0.0,712.0,1.0,0.2,0.375,206.0,0.0,0.0,-1.0,0
5631.6171875,36.0,12.99,189.72378173828125,11.0,9.0,1.0,143528.71875,2.0,4.0,20.833173446655273,10.0,0.0,123297.5859375,14.232290458679199,18.0,1.0,0.0,0.0,0.0,692.0,1.0,0.03923686544100437,0.5555555555555556,195.0,0.0,0.0,-1.0,0
15000.0,36.0,17.27,536.81,16.0,0.0,1.0,36600.0,2.0,0.0,8.33,10.0,1.0,14186.0,72.4,18.0,0.0,0.0,0.0,1.0,667.0,1.0,0.4098360655737705,0.5555555555555556,129.0,0.0077519379844961,0.0077519379844961,1.0,0
6500.0,36.0,7.39,201.87,3.0,1.0,1.0,40250.0,0.0,0.0,22.87,17.0,1.0,5101.0,25.8,32.0,0.0,0.0,0.0,1.0,707.0,1.0,0.1614906832298136,0.53125,190.0,0.0052631578947368,0.0052631578947368,1.0,0
10150.0,36.0,11.99,337.08,10.0,5.0,1.0,29000.0,0.0,0.0,13.82,5.0,0.0,10289.0,72.0,7.0,0.0,0.0,0.0,0.0,662.0,1.0,0.35,0.7142857142857143,51.0,0.0,0.0,-1.0,0
5125.0,36.0,18.99,187.84,18.0,7.0,0.0,65000.0,1.0,2.0,13.03,10.0,0.0,68.0,1.3,16.0,1.0,0.0,2.0,0.0,662.0,1.0,0.0788461538461538,0.625,110.0,0.0,0.0,-1.0,1
15000.0,36.0,6.97,462.96,2.0,10.0,1.0,50000.0,2.0,4.0,2.88,5.0,0.0,6000.0,37.0,11.0,0.0,0.0,0.0,0.0,747.0,1.0,0.3,0.4545454545454545,212.0,0.0,0.0,-1.0,0
20800.0,60.0,17.97,527.85,18.0,10.0,0.0,105000.0,1.0,3.0,29.2,22.0,0.0,10317.0,34.6,34.0,0.0,0.0,2.0,0.0,722.0,1.0,0.1980952380952381,0.6470588235294118,172.0,0.0,0.0,-1.0,0
15899.1552734375,60.0,18.99,412.34488403320313,20.0,5.0,0.0,142239.171875,2.0,0.0,35.79464218139648,12.0,1.0,20409.546875,0.8609112501144409,26.0,0.0,1.0,1.0,1.0,662.0,1.0,0.11177760759989414,0.4615384615384615,244.0,0.0040983606557377,0.0040983606557377,1.0,1
6077.13330078125,36.0,11.99,201.81912780761718,10.0,5.0,0.0,326719.9375,2.0,0.0,68.4107290649414,10.0,0.0,236739.71875,29.322441482543944,18.0,0.0,0.0,4.0,0.0,662.0,1.0,0.018600430000911994,0.5555555555555556,241.0,0.0,0.0,-1.0,0
35000.0,60.0,13.44,804.27,12.0,10.0,2.0,70000.0,1.0,0.0,27.76,22.0,0.0,54508.0,35.1,47.0,0.0,0.0,0.0,0.0,697.0,1.0,0.5,0.4680851063829787,200.0,0.0,0.0,-1.0,1
12000.0,36.0,13.67,408.22,12.0,6.0,1.0,100000.0,1.0,0.0,21.08,8.0,0.0,10365.0,79.0,14.0,1.0,0.0,0.0,0.0,667.0,1.0,0.12,0.5714285714285714,49.0,0.0,0.0,-1.0,0
35000.0,36.0,6.97,1080.22,2.0,0.0,1.0,170000.0,1.0,0.0,20.93,16.0,0.0,30252.0,34.6,31.0,0.0,0.0,2.0,0.0,737.0,1.0,0.2058823529411764,0.5161290322580645,197.0,0.0,0.0,-1.0,0
25000.0,36.0,6.49,766.12,1.0,10.0,1.0,142000.0,1.0,4.0,24.3,20.0,0.0,78491.0,91.8,35.0,0.0,0.0,0.0,0.0,692.0,1.0,0.176056338028169,0.5714285714285714,367.0,0.0,0.0,-1.0,0
16000.0,36.0,13.99,546.77,13.0,8.0,0.0,100000.0,2.0,0.0,25.59,29.0,0.0,33584.0,45.9,52.0,0.0,0.0,5.0,0.0,662.0,1.0,0.16,0.5576923076923077,196.0,0.0,0.0,-1.0,0
28000.0,36.0,7.91,876.26,4.0,9.0,0.0,113000.0,2.0,4.0,14.5,12.0,0.0,41711.0,76.1,38.0,1.0,0.0,2.0,0.0,692.0,1.0,0.247787610619469,0.3157894736842105,279.0,0.0,0.0,-1.0,0
35000.0,36.0,18.49,1273.96,19.0,4.0,1.0,150000.0,1.0,1.0,12.6,21.0,2.0,15977.0,30.0,59.0,1.0,0.0,0.0,0.0,692.0,1.0,0.2333333333333333,0.3559322033898305,182.0,0.0109890109890109,0.0,0.0,0
5000.0,36.0,13.67,170.09,12.0,1.0,0.0,65000.0,1.0,0.0,5.5,5.0,0.0,23301.0,91.0,22.0,0.0,0.0,3.0,0.0,752.0,1.0,0.0769230769230769,0.2272727272727272,212.0,0.0,0.0,-1.0,1
27500.0,36.0,18.99,1007.91,18.0,10.0,0.0,55000.0,0.0,0.0,32.01,35.0,0.0,20122.0,28.5,49.0,0.0,0.0,0.0,0.0,747.0,1.0,0.5,0.7142857142857143,315.0,0.0,0.0,-1.0,0
14100.0,60.0,21.18,382.89,22.0,10.0,0.0,205000.0,2.0,0.0,11.9,6.0,0.0,2710.0,75.0,11.0,0.0,0.0,5.0,0.0,662.0,1.0,0.068780487804878,0.5454545454545454,158.0,0.0,0.0,-1.0,0
16000.0,60.0,12.99,363.97,11.0,0.0,1.0,95000.0,2.0,0.0,5.37,14.0,0.0,3596.0,13.5,52.0,0.0,0.0,2.0,0.0,707.0,1.0,0.1684210526315789,0.2692307692307692,194.0,0.0,0.0,-1.0,0
3684.598876953125,36.0,13.67,125.34134948730468,12.0,5.0,1.0,1041387.0,2.0,0.0,66.63482482910156,10.0,0.0,465088.59375,36.74780120849609,16.0,0.0,0.0,4.0,0.0,667.0,1.0,0.0035381609201431408,0.6250000170298985,41.0,0.0,0.0,-1.0,0
5000.0,36.0,11.99,166.05,10.0,0.0,1.0,34000.0,1.0,0.0,16.9,8.0,0.0,4770.0,30.8,11.0,0.0,0.0,0.0,0.0,692.0,1.0,0.1470588235294117,0.7272727272727273,185.0,0.0,0.0,-1.0,0
11700.0,60.0,23.13,330.71,25.0,10.0,0.0,65000.0,1.0,4.0,21.25,11.0,1.0,8936.0,58.8,17.0,0.0,0.0,1.0,1.0,672.0,1.0,0.18,0.6470588235294118,130.0,0.0076923076923076,0.0076923076923076,1.0,0
16000.0,36.0,5.32,481.84,0.0,10.0,0.0,125000.0,0.0,5.0,7.58,22.0,0.0,12080.0,6.7,44.0,0.0,0.0,8.0,0.0,807.0,1.0,0.128,0.5,194.0,0.0,0.0,-1.0,0
19225.0,60.0,13.67,444.05,12.0,10.0,0.0,55000.0,0.0,0.0,16.5,13.0,0.0,1686.0,11.7,24.0,0.0,0.0,2.0,0.0,717.0,1.0,0.3495454545454545,0.5416666666666666,231.0,0.0,0.0,-1.0,0
6000.0,36.0,11.99,199.26,10.0,3.0,1.0,28000.0,1.0,0.0,28.8,7.0,0.0,1283.0,26.7,10.0,0.0,0.0,0.0,0.0,702.0,1.0,0.2142857142857142,0.7,54.0,0.0,0.0,-1.0,0
23988.15234375,60.0,14.46,563.898505859375,13.0,10.0,1.0,71305.8046875,1.0,0.0,24.828409118652345,22.0,0.0,42997.484375,70.65758972167968,33.0,0.0,0.0,4.0,0.0,667.0,1.0,0.3364123374223709,0.6666666666666666,192.0,0.0,0.0,-1.0,0
18000.0,36.0,21.97,687.15,23.0,6.0,1.0,116500.0,1.0,4.0,20.22,17.0,3.0,13320.0,30.0,31.0,0.0,0.0,0.0,1.0,692.0,1.0,0.1545064377682403,0.5483870967741935,195.0,0.0153846153846153,0.0051282051282051,0.3333333333333333,0
17675.0,36.0,18.99,647.81,18.0,2.0,0.0,52000.0,2.0,0.0,18.9,8.0,2.0,6641.0,53.6,11.0,1.0,0.0,0.0,0.0,662.0,1.0,0.3399038461538461,0.7272727272727273,102.0,0.0196078431372549,0.0,0.0,1
25000.0,60.0,18.99,648.38,18.0,0.0,1.0,65000.0,0.0,4.0,22.1,5.0,0.0,23696.0,97.1,20.0,0.0,0.0,0.0,0.0,692.0,1.0,0.3846153846153846,0.25,199.0,0.0,0.0,-1.0,1
35000.0,36.0,14.46,1204.06,13.0,2.0,0.0,100000.0,1.0,0.0,22.2,18.0,0.0,24312.0,50.6,20.0,0.0,1.0,2.0,0.0,682.0,1.0,0.35,0.9,70.0,0.0,0.0,-1.0,1
23998.98046875,36.0,6.49,735.4413745117188,1.0,9.0,0.0,676770.625,1.0,4.0,21.944414291381836,22.0,0.0,180787.53125,48.44874649047851,36.0,0.0,0.0,4.0,0.0,742.0,1.0,0.035461028448559945,0.6111111111111112,336.0,0.0,0.0,-1.0,0
2792.26123046875,36.0,6.49,85.56797912597656,1.0,10.0,0.0,1024760.5625,0.0,4.0,41.05513038635254,11.0,0.0,54625.046875,15.119333457946777,17.0,0.0,0.0,2.0,0.0,782.0,1.0,0.0027247931063175204,0.6470588511890836,177.0,0.0,0.0,-1.0,0
35000.0,36.0,11.99,1162.34,10.0,10.0,0.0,121776.0,1.0,0.0,28.62,21.0,0.0,73791.0,68.6,37.0,0.0,0.0,3.0,0.0,662.0,1.0,0.2874129549336486,0.5675675675675675,378.0,0.0,0.0,-1.0,0
1000.0,36.0,11.99,33.21,10.0,0.0,0.0,55000.0,1.0,0.0,16.52,6.0,0.0,2175.0,8.4,19.0,0.0,0.0,3.0,0.0,777.0,1.0,0.0181818181818181,0.3157894736842105,270.0,0.0,0.0,-1.0,0
35000.0,36.0,8.39,1103.09,5.0,4.0,0.0,230000.0,1.0,4.0,13.52,13.0,0.0,40626.0,71.0,37.0,0.0,0.0,2.0,0.0,697.0,1.0,0.1521739130434782,0.3513513513513513,138.0,0.0,0.0,-1.0,0
25000.0,36.0,5.32,752.87,0.0,0.0,0.0,126000.0,0.0,4.0,9.64,13.0,0.0,91075.0,42.6,28.0,0.0,0.0,5.0,0.0,752.0,1.0,0.1984126984126984,0.4642857142857143,272.0,0.0,0.0,-1.0,0
20007.537109375,36.0,6.97,617.4982104492187,2.0,10.0,0.0,339456.5625,0.0,4.0,33.829640045166016,16.0,0.0,32992.48046875,53.405296325683594,24.0,0.0,0.0,1.0,0.0,707.0,1.0,0.058939894563273365,0.6666666666666666,405.0,0.0,0.0,-1.0,0
12000.0,36.0,8.39,378.2,5.0,10.0,0.0,96000.0,0.0,0.0,11.08,9.0,0.0,30815.0,55.9,25.0,0.0,0.0,6.0,0.0,737.0,1.0,0.125,0.36,253.0,0.0,0.0,-1.0,0
10000.0,36.0,9.16,318.75,6.0,10.0,2.0,45000.0,0.0,2.0,7.68,2.0,0.0,6483.0,21.6,9.0,0.0,0.0,2.0,0.0,712.0,1.0,0.2222222222222222,0.2222222222222222,239.0,0.0,0.0,-1.0,0
20990.103515625,36.0,12.99,707.136494140625,11.0,10.0,0.0,79902.171875,2.0,0.0,81.9884945678711,15.0,0.0,184654.296875,93.4339385986328,25.0,0.0,0.0,5.0,0.0,692.0,1.0,0.26269754469394685,0.6000000284268305,319.0,0.0,0.0,-1.0,0
7800.0,36.0,11.47,257.11,9.0,3.0,1.0,34000.0,2.0,0.0,23.58,8.0,1.0,11411.0,61.7,14.0,0.0,0.0,1.0,1.0,677.0,1.0,0.2294117647058823,0.5714285714285714,135.0,0.0074074074074074,0.0074074074074074,1.0,0
12000.0,36.0,7.89,375.43,4.0,9.0,0.0,99000.0,0.0,0.0,15.43,27.0,0.0,8701.0,14.7,42.0,0.0,0.0,3.0,0.0,747.0,1.0,0.1212121212121212,0.6428571428571429,210.0,0.0,0.0,-1.0,0
9425.0,36.0,18.99,345.44,18.0,7.0,0.0,85000.0,2.0,0.0,24.58,11.0,1.0,6792.0,75.5,21.0,0.0,0.0,3.0,1.0,662.0,1.0,0.1108823529411764,0.5238095238095238,149.0,0.0067114093959731,0.0067114093959731,1.0,1
30800.0,36.0,10.75,1004.71,8.0,10.0,1.0,100000.0,1.0,0.0,16.82,12.0,0.0,13592.0,45.3,21.0,0.0,0.0,0.0,0.0,672.0,1.0,0.308,0.5714285714285714,288.0,0.0,0.0,-1.0,0
12000.0,36.0,9.75,385.8,7.0,3.0,1.0,65500.0,0.0,0.0,11.05,5.0,0.0,9068.0,78.2,10.0,1.0,0.0,0.0,0.0,712.0,1.0,0.183206106870229,0.5,224.0,0.0,0.0,-1.0,0
15000.0,36.0,8.39,472.75,5.0,10.0,0.0,100000.0,1.0,0.0,23.07,12.0,0.0,14294.0,75.2,22.0,0.0,0.0,1.0,0.0,682.0,1.0,0.15,0.5454545454545454,229.0,0.0,0.0,-1.0,0
28000.0,60.0,22.45,780.52,24.0,10.0,0.0,92000.0,0.0,0.0,37.44,16.0,0.0,45642.0,89.5,38.0,0.0,0.0,4.0,0.0,682.0,1.0,0.3043478260869565,0.4210526315789473,273.0,0.0,0.0,-1.0,0
7000.0,36.0,6.49,214.52,1.0,1.0,0.0,47000.0,1.0,4.0,15.86,23.0,0.0,8700.0,12.5,40.0,0.0,0.0,2.0,0.0,727.0,1.0,0.1489361702127659,0.575,166.0,0.0,0.0,-1.0,0
28000.0,36.0,8.39,882.47,5.0,10.0,0.0,184000.0,0.0,5.0,24.48,30.0,0.0,45048.0,46.1,48.0,0.0,0.0,4.0,0.0,702.0,1.0,0.1521739130434782,0.625,319.0,0.0,0.0,-1.0,0
35000.0,36.0,8.39,1103.09,5.0,10.0,2.0,250000.0,1.0,4.0,10.65,7.0,0.0,71285.0,45.0,14.0,1.0,0.0,2.0,0.0,717.0,1.0,0.14,0.5,344.0,0.0,0.0,-1.0,0
4894.3525390625,36.0,14.46,168.37257934570312,13.0,4.0,2.0,10787.078125,2.0,5.0,43.12635452270508,13.0,1.0,39725.93359375,71.87794189453125,26.0,1.0,0.0,2.0,1.0,672.0,1.0,0.45372370565146725,0.4999999966886308,194.0,0.0051546391752577,0.0051546391752577,1.0,0
16000.0,60.0,11.99,355.84,10.0,9.0,1.0,450000.0,1.0,0.0,2.0,4.0,0.0,7003.0,94.6,24.0,0.0,0.0,0.0,0.0,662.0,1.0,0.0355555555555555,0.1666666666666666,218.0,0.0,0.0,-1.0,1
10800.0,36.0,7.89,337.89,4.0,8.0,0.0,105000.0,0.0,0.0,15.28,10.0,0.0,5207.0,39.7,33.0,0.0,0.0,2.0,0.0,682.0,1.0,0.1028571428571428,0.303030303030303,210.0,0.0,0.0,-1.0,0
13000.0,36.0,9.16,414.37,6.0,0.0,1.0,70000.0,1.0,10.0,20.01,7.0,0.0,4723.0,26.2,20.0,0.0,0.0,4.0,0.0,707.0,1.0,0.1857142857142857,0.35,233.0,0.0,0.0,-1.0,0
16000.0,60.0,24.11,461.31,26.0,10.0,0.0,65000.0,1.0,2.0,30.19,19.0,0.0,14140.0,45.6,36.0,0.0,0.0,1.0,0.0,682.0,1.0,0.2461538461538461,0.5277777777777778,124.0,0.0,0.0,-1.0,1
30000.0,60.0,21.18,814.65,22.0,10.0,0.0,110000.0,2.0,2.0,20.7,16.0,1.0,13813.0,62.8,31.0,0.0,0.0,6.0,1.0,662.0,1.0,0.2727272727272727,0.5161290322580645,242.0,0.0041322314049586,0.0041322314049586,1.0,1
10000.0,60.0,19.99,264.89,20.0,8.0,2.0,155000.0,1.0,5.0,24.74,17.0,0.0,14314.0,57.7,33.0,0.0,0.0,1.0,0.0,727.0,1.0,0.064516129032258,0.5151515151515151,134.0,0.0,0.0,-1.0,1
22400.0,60.0,28.67,706.53,33.0,1.0,2.0,44800.0,2.0,1.0,8.95,6.0,0.0,6650.0,56.8,7.0,1.0,0.0,0.0,0.0,712.0,1.0,0.5,0.8571428571428571,66.0,0.0,0.0,-1.0,1
12140.8466796875,36.0,7.89,379.8347546386719,4.0,10.0,1.0,348396.625,1.0,0.0,38.73903274536133,5.0,0.0,67815.8515625,73.4189239501953,9.0,0.0,0.0,0.0,0.0,712.0,1.0,0.03484776501472173,0.5555555820465088,125.0,0.0,0.0,-1.0,0
12892.2275390625,60.0,18.25,329.1333020019531,17.0,9.0,1.0,333881.1875,1.0,0.0,18.641637878417967,25.0,1.0,64412.765625,63.882806396484376,41.0,0.0,0.0,2.0,0.0,682.0,1.0,0.03861321183921251,0.6097560975609756,178.0,0.0056179775280898,0.0,0.0,1
15000.0,36.0,5.32,451.73,0.0,10.0,0.0,165000.0,2.0,4.0,11.87,23.0,0.0,27215.0,23.4,44.0,1.0,0.0,4.0,0.0,742.0,1.0,0.0909090909090909,0.5227272727272727,435.0,0.0,0.0,-1.0,0
20000.0,36.0,9.75,643.0,7.0,5.0,1.0,53000.0,2.0,4.0,16.3,4.0,0.0,25534.0,77.6,5.0,0.0,0.0,0.0,0.0,692.0,1.0,0.3773584905660377,0.8,151.0,0.0,0.0,-1.0,0
15000.0,36.0,11.47,494.43,9.0,10.0,1.0,110000.0,2.0,0.0,20.28,12.0,0.0,20888.0,92.4,21.0,0.0,0.0,2.0,0.0,672.0,1.0,0.1363636363636363,0.5714285714285714,127.0,0.0,0.0,-1.0,0
10000.0,36.0,10.75,326.21,8.0,4.0,0.0,51000.0,1.0,4.0,30.64,13.0,0.0,10036.0,57.0,40.0,0.0,0.0,3.0,0.0,682.0,1.0,0.196078431372549,0.325,147.0,0.0,0.0,-1.0,0
30000.0,36.0,14.46,1032.05,13.0,10.0,1.0,84000.0,1.0,4.0,13.53,11.0,0.0,31747.0,84.2,19.0,0.0,0.0,2.0,0.0,672.0,1.0,0.3571428571428571,0.5789473684210527,176.0,0.0,0.0,-1.0,1
9000.0,36.0,10.75,293.59,8.0,3.0,1.0,66187.0,1.0,0.0,21.21,7.0,1.0,14973.0,51.8,20.0,0.0,0.0,1.0,1.0,667.0,2.0,0.1359783643313641,0.35,160.0,0.00625,0.00625,1.0,0
12425.0,36.0,24.99,493.96,27.0,5.0,0.0,40000.0,2.0,0.0,30.4,6.0,1.0,1698.0,35.4,15.0,1.0,0.0,1.0,1.0,692.0,2.0,0.310625,0.4,194.0,0.0051546391752577,0.0051546391752577,1.0,0
30000.0,60.0,13.67,692.93,12.0,5.0,0.0,180000.0,2.0,0.0,21.41,18.0,2.0,36952.0,34.0,42.0,0.0,0.0,0.0,1.0,692.0,2.0,0.1666666666666666,0.4285714285714285,239.0,0.00836820083682,0.00418410041841,0.5,1
11000.0,36.0,16.29,388.31,15.0,10.0,0.0,57000.0,0.0,4.0,13.16,14.0,0.0,20713.0,54.8,28.0,1.0,0.0,2.0,0.0,677.0,2.0,0.1929824561403508,0.5,306.0,0.0,0.0,-1.0,0
16000.0,60.0,21.18,434.48,22.0,5.0,0.0,50000.0,2.0,0.0,33.45,14.0,1.0,20715.0,72.7,34.0,0.0,0.0,0.0,1.0,662.0,2.0,0.32,0.4117647058823529,161.0,0.0062111801242236,0.0062111801242236,1.0,0
30050.0,60.0,11.47,660.43,9.0,1.0,0.0,60100.0,1.0,0.0,16.71,13.0,0.0,25873.0,53.8,24.0,0.0,0.0,3.0,0.0,707.0,2.0,0.5,0.5416666666666666,226.0,0.0,0.0,-1.0,0
8000.0,36.0,11.99,265.68,10.0,4.0,1.0,27000.0,2.0,0.0,43.91,7.0,1.0,356.0,14.8,19.0,0.0,1.0,0.0,0.0,712.0,2.0,0.2962962962962963,0.3684210526315789,129.0,0.0077519379844961,0.0,0.0,1
10000.0,36.0,10.75,326.21,8.0,10.0,0.0,83000.0,0.0,0.0,7.48,9.0,1.0,8486.0,64.8,19.0,0.0,0.0,5.0,0.0,672.0,2.0,0.1204819277108433,0.4736842105263157,243.0,0.0041152263374485,0.0,0.0,1
17000.0,60.0,9.75,359.12,7.0,10.0,0.0,119000.0,2.0,0.0,29.51,11.0,0.0,8929.0,48.0,23.0,0.0,0.0,1.0,0.0,687.0,2.0,0.1428571428571428,0.4782608695652174,200.0,0.0,0.0,-1.0,0
5000.0,36.0,9.75,160.75,7.0,2.0,0.0,60000.0,1.0,0.0,9.28,9.0,0.0,5297.0,49.5,38.0,0.0,0.0,0.0,0.0,667.0,2.0,0.0833333333333333,0.2368421052631578,185.0,0.0,0.0,-1.0,0
10999.0625,36.0,16.29,388.27200805664063,15.0,9.0,2.0,697855.5,1.0,7.0,3.1274594116210928,9.0,0.0,117269.3046875,53.63167114257813,14.0,0.0,0.0,2.0,0.0,687.0,2.0,0.015761229991912845,0.6428571114173303,103.0,0.0,0.0,-1.0,1
19977.337890625,60.0,16.29,488.89467163085936,15.0,1.0,0.0,615924.25,1.0,4.0,30.821735382080078,23.0,0.0,0.0,0.43209266662597656,26.0,0.0,0.0,1.0,0.0,712.0,2.0,0.032434720884669865,0.8846153787204197,188.0,0.0,0.0,-1.0,1
14000.0,60.0,18.99,363.1,18.0,2.0,1.0,55000.0,0.0,0.0,22.37,11.0,0.0,14537.0,54.2,19.0,0.0,0.0,0.0,0.0,667.0,2.0,0.2545454545454545,0.5789473684210527,183.0,0.0,0.0,-1.0,1
10000.0,36.0,5.32,301.15,0.0,10.0,0.0,55000.0,0.0,0.0,9.19,7.0,0.0,2475.0,14.8,21.0,0.0,0.0,2.0,0.0,802.0,2.0,0.1818181818181818,0.3333333333333333,146.0,0.0,0.0,-1.0,0
10925.0,36.0,17.27,390.98,16.0,5.0,1.0,27796.0,2.0,2.0,21.63,5.0,0.0,313.0,5.5,16.0,0.0,0.0,1.0,0.0,732.0,2.0,0.3930421643401928,0.3125,155.0,0.0,0.0,-1.0,1
15000.0,60.0,18.99,389.03,18.0,10.0,0.0,74000.0,0.0,0.0,34.42,28.0,0.0,33208.0,36.2,42.0,0.0,0.0,3.0,0.0,717.0,2.0,0.2027027027027027,0.6666666666666666,361.0,0.0,0.0,-1.0,0
7500.0,36.0,9.16,239.06,6.0,0.0,1.0,150000.0,0.0,0.0,14.51,11.0,0.0,5268.0,25.7,23.0,0.0,0.0,0.0,0.0,757.0,2.0,0.05,0.4782608695652174,91.0,0.0,0.0,-1.0,0
12000.0,36.0,12.99,404.27,11.0,8.0,1.0,38000.0,1.0,1.0,15.48,5.0,0.0,4415.0,40.1,6.0,0.0,0.0,0.0,0.0,667.0,2.0,0.3157894736842105,0.8333333333333334,203.0,0.0,0.0,-1.0,0
26000.0,60.0,13.67,600.54,12.0,10.0,0.0,75000.0,0.0,0.0,13.9,10.0,1.0,13260.0,63.4,38.0,0.0,0.0,3.0,0.0,702.0,2.0,0.3466666666666667,0.2631578947368421,132.0,0.0075757575757575,0.0,0.0,0
4800.0,36.0,13.67,163.29,12.0,4.0,0.0,48000.0,1.0,0.0,13.58,16.0,0.0,5288.0,30.7,17.0,0.0,0.0,1.0,0.0,677.0,2.0,0.1,0.9411764705882352,55.0,0.0,0.0,-1.0,0
6500.0,36.0,5.32,195.75,0.0,5.0,1.0,35000.0,0.0,0.0,14.64,8.0,0.0,8744.0,51.4,17.0,0.0,0.0,0.0,0.0,697.0,2.0,0.1857142857142857,0.4705882352941176,126.0,0.0,0.0,-1.0,0
20000.0,36.0,9.75,643.0,7.0,10.0,1.0,112999.0,1.0,0.0,19.44,18.0,0.0,33447.0,63.7,34.0,0.0,0.0,3.0,0.0,677.0,2.0,0.1769927167497057,0.5294117647058824,258.0,0.0,0.0,-1.0,0
7750.0,36.0,9.75,249.17,7.0,2.0,1.0,54500.0,0.0,9.0,15.46,15.0,0.0,3146.0,36.6,20.0,0.0,0.0,0.0,0.0,687.0,2.0,0.1422018348623853,0.75,90.0,0.0,0.0,-1.0,0
20000.0,36.0,8.39,630.34,5.0,1.0,1.0,110000.0,1.0,0.0,6.14,10.0,0.0,20570.0,66.6,13.0,0.0,1.0,0.0,0.0,677.0,2.0,0.1818181818181818,0.7692307692307693,226.0,0.0,0.0,-1.0,0
11200.0,36.0,9.75,360.08,7.0,7.0,1.0,37000.0,0.0,2.0,25.07,7.0,0.0,6633.0,49.9,11.0,0.0,0.0,1.0,0.0,747.0,2.0,0.3027027027027027,0.6363636363636364,377.0,0.0,0.0,-1.0,0
16000.0,36.0,8.39,504.27,5.0,10.0,0.0,50000.0,1.0,0.0,26.23,11.0,0.0,22644.0,43.5,15.0,0.0,0.0,0.0,0.0,677.0,2.0,0.32,0.7333333333333333,186.0,0.0,0.0,-1.0,0
28000.0,60.0,8.39,572.98,5.0,10.0,0.0,120000.0,0.0,0.0,21.15,14.0,0.0,28371.0,38.7,37.0,0.0,0.0,5.0,0.0,722.0,2.0,0.2333333333333333,0.3783783783783784,178.0,0.0,0.0,-1.0,0
15139.685546875,36.0,8.39,477.15179443359375,5.0,3.0,0.0,253018.53125,1.0,4.0,15.297388038635255,11.0,3.0,46634.34765625,35.12357940673828,39.0,0.0,0.0,1.0,3.0,677.0,2.0,0.059836271492873905,0.2820512890815735,414.0,0.0072463768115942,0.0072463768115942,1.0,0
14000.0,60.0,15.31,335.35,14.0,10.0,0.0,45000.0,0.0,0.0,29.33,14.0,0.0,18212.0,45.3,22.0,1.0,0.0,2.0,0.0,697.0,2.0,0.3111111111111111,0.6363636363636364,135.0,0.0,0.0,-1.0,0
16000.0,36.0,5.32,481.84,0.0,10.0,0.0,47350.0,0.0,0.0,22.73,19.0,0.0,19865.0,27.0,39.0,0.0,1.0,2.0,0.0,722.0,2.0,0.337909186906019,0.4871794871794871,186.0,0.0,0.0,-1.0,0
6000.0,36.0,5.32,180.69,0.0,10.0,2.0,75000.0,0.0,0.0,12.8,12.0,0.0,4756.0,33.0,22.0,0.0,0.0,2.0,0.0,732.0,2.0,0.08,0.5454545454545454,156.0,0.0,0.0,-1.0,0
6025.0,36.0,11.47,198.6,9.0,2.0,0.0,58300.0,2.0,8.0,24.62,7.0,0.0,19623.0,71.1,27.0,0.0,0.0,6.0,0.0,702.0,2.0,0.103344768439108,0.2592592592592592,169.0,0.0,0.0,-1.0,0
29000.0,60.0,10.75,626.93,8.0,10.0,0.0,120000.0,2.0,0.0,32.19,26.0,0.0,52941.0,44.0,40.0,0.0,0.0,2.0,0.0,747.0,2.0,0.2416666666666666,0.65,319.0,0.0,0.0,-1.0,1
24000.0,36.0,5.32,722.76,0.0,10.0,0.0,140000.0,0.0,0.0,12.41,24.0,0.0,41119.0,22.9,40.0,0.0,0.0,4.0,0.0,792.0,2.0,0.1714285714285714,0.6,251.0,0.0,0.0,-1.0,0
16000.0,60.0,20.75,430.61,21.0,10.0,1.0,60000.0,1.0,0.0,10.9,9.0,0.0,9891.0,26.3,11.0,0.0,0.0,0.0,0.0,697.0,2.0,0.2666666666666666,0.8181818181818182,156.0,0.0,0.0,-1.0,1
34500.0,60.0,15.31,826.38,14.0,8.0,0.0,75000.0,1.0,0.0,21.66,17.0,0.0,24781.0,60.7,32.0,0.0,0.0,3.0,0.0,692.0,2.0,0.46,0.53125,254.0,0.0,0.0,-1.0,0
2700.0,36.0,9.16,86.07,6.0,3.0,1.0,75000.0,2.0,4.0,12.06,5.0,0.0,0.0,0.0,15.0,0.0,0.0,1.0,0.0,702.0,2.0,0.036,0.3333333333333333,151.0,0.0,0.0,-1.0,0
29000.0,36.0,5.32,873.33,0.0,10.0,2.0,75000.0,1.0,5.0,17.33,12.0,0.0,117.0,0.2,19.0,0.0,0.0,2.0,0.0,842.0,2.0,0.3866666666666666,0.631578947368421,276.0,0.0,0.0,-1.0,0
6000.0,36.0,11.99,199.26,10.0,10.0,0.0,36200.0,0.0,0.0,29.38,5.0,1.0,5351.0,73.3,11.0,0.0,0.0,1.0,1.0,687.0,2.0,0.1657458563535911,0.4545454545454545,477.0,0.0020964360587002,0.0020964360587002,1.0,0
9500.0,36.0,11.47,313.14,9.0,10.0,0.0,77000.0,2.0,2.0,23.26,10.0,3.0,10150.0,68.5,14.0,0.0,0.0,3.0,0.0,702.0,2.0,0.1233766233766233,0.7142857142857143,203.0,0.0147783251231527,0.0,0.0,0
15000.0,36.0,14.46,516.03,13.0,9.0,2.0,49000.0,0.0,0.0,26.3,17.0,0.0,17764.0,71.6,25.0,0.0,0.0,0.0,0.0,677.0,2.0,0.3061224489795918,0.68,236.0,0.0,0.0,-1.0,0
16000.0,36.0,6.97,493.82,2.0,1.0,0.0,110000.0,0.0,0.0,20.9,22.0,0.0,5492.0,12.5,41.0,0.0,0.0,5.0,0.0,772.0,2.0,0.1454545454545454,0.5365853658536586,219.0,0.0,0.0,-1.0,0
5700.0,36.0,28.99,238.84,34.0,2.0,2.0,19000.0,1.0,2.0,30.01,5.0,0.0,2739.0,55.9,6.0,0.0,0.0,1.0,0.0,677.0,2.0,0.3,0.8333333333333334,124.0,0.0,0.0,-1.0,1
1500.0,36.0,23.13,58.17,25.0,10.0,0.0,48000.0,1.0,5.0,8.1,8.0,0.0,4348.0,87.0,11.0,1.0,0.0,3.0,0.0,672.0,2.0,0.03125,0.7272727272727273,144.0,0.0,0.0,-1.0,0
9996.2861328125,36.0,11.47,329.4953662109375,9.0,5.0,2.0,11208.44921875,1.0,0.0,18.48065773010254,9.0,2.0,2981.44921875,53.98387222290039,23.0,0.0,0.0,3.0,0.0,662.0,2.0,0.8918527310544794,0.391304347826087,224.0,0.0089285714285714,0.0,0.0,0
25233.10546875,60.0,9.16,525.759609375,6.0,10.0,0.0,234565.53125,0.0,4.0,21.964350814819337,9.0,0.0,215257.265625,111.08268890380859,28.0,0.0,0.0,6.0,0.0,737.0,2.0,0.10757380036207342,0.31034480532010394,160.0,0.0,0.0,-1.0,0
24000.0,36.0,5.32,722.76,0.0,10.0,0.0,186000.0,0.0,2.0,12.69,24.0,0.0,54364.0,42.2,43.0,0.0,0.0,0.0,0.0,722.0,2.0,0.1290322580645161,0.5581395348837209,324.0,0.0,0.0,-1.0,0
24000.0,60.0,6.97,474.89,2.0,1.0,0.0,98000.0,0.0,7.0,10.56,6.0,0.0,2250.0,8.8,29.0,0.0,0.0,4.0,0.0,777.0,2.0,0.2448979591836734,0.2068965517241379,139.0,0.0,0.0,-1.0,0
6000.0,36.0,7.39,186.34,3.0,10.0,1.0,85000.0,0.0,0.0,7.88,7.0,1.0,4131.0,39.3,25.0,0.0,0.0,3.0,0.0,662.0,2.0,0.0705882352941176,0.28,175.0,0.0057142857142857,0.0,0.0,0
5000.0,36.0,8.39,157.59,5.0,10.0,1.0,47000.0,1.0,4.0,32.68,17.0,0.0,6536.0,20.7,58.0,0.0,0.0,0.0,0.0,707.0,2.0,0.1063829787234042,0.293103448275862,143.0,0.0,0.0,-1.0,0
4800.0,36.0,14.46,165.13,13.0,2.0,1.0,40000.0,2.0,5.0,4.71,11.0,1.0,6303.0,97.0,18.0,0.0,0.0,0.0,1.0,682.0,2.0,0.12,0.6111111111111112,136.0,0.0073529411764705,0.0073529411764705,1.0,1
18000.0,36.0,9.75,578.7,7.0,0.0,1.0,85000.0,1.0,0.0,10.55,9.0,0.0,17595.0,91.6,26.0,0.0,0.0,0.0,0.0,702.0,2.0,0.2117647058823529,0.3461538461538461,305.0,0.0,0.0,-1.0,0
9942.841796875,36.0,10.75,324.33982177734373,8.0,10.0,0.0,792068.5625,2.0,2.0,71.03140869140626,11.0,1.0,190884.71875,36.55679092407227,49.0,0.0,0.0,3.0,1.0,672.0,2.0,0.01255301248144211,0.22448980108815794,138.0,0.0072463768115942,0.0072463768115942,1.0,0
4000.0,36.0,7.39,124.23,3.0,5.0,0.0,45000.0,0.0,4.0,18.99,8.0,0.0,15814.0,66.2,20.0,0.0,0.0,4.0,0.0,677.0,2.0,0.0888888888888888,0.4,150.0,0.0,0.0,-1.0,1
15000.0,36.0,7.89,469.29,4.0,7.0,0.0,73000.0,0.0,4.0,18.89,15.0,0.0,22312.0,71.5,36.0,0.0,0.0,3.0,0.0,687.0,2.0,0.2054794520547945,0.4166666666666667,135.0,0.0,0.0,-1.0,1
34971.19140625,36.0,12.99,1178.1406298828124,11.0,10.0,2.0,28658.671875,2.0,0.0,24.25595573425293,21.0,0.0,202350.421875,73.16795272827149,30.0,0.0,0.0,1.0,0.0,667.0,2.0,1.22026573236172,0.7,254.0,0.0,0.0,-1.0,0
22400.0,36.0,5.32,674.58,0.0,10.0,0.0,104000.0,1.0,4.0,17.18,11.0,0.0,125269.0,44.2,33.0,0.0,0.0,1.0,0.0,702.0,2.0,0.2153846153846154,0.3333333333333333,375.0,0.0,0.0,-1.0,0
12000.0,36.0,13.67,408.22,12.0,3.0,0.0,71000.0,0.0,2.0,24.1,9.0,0.0,9176.0,52.1,11.0,0.0,0.0,1.0,0.0,707.0,2.0,0.1690140845070422,0.8181818181818182,179.0,0.0,0.0,-1.0,0
8600.0,36.0,13.67,292.56,12.0,10.0,2.0,51240.0,2.0,0.0,24.91,14.0,0.0,48667.0,43.5,22.0,0.0,0.0,0.0,0.0,677.0,2.0,0.1678376268540203,0.6363636363636364,132.0,0.0,0.0,-1.0,0
18000.0,60.0,12.99,409.47,11.0,4.0,0.0,83000.0,0.0,4.0,37.36,12.0,0.0,69099.0,84.8,54.0,0.0,0.0,1.0,0.0,712.0,2.0,0.216867469879518,0.2222222222222222,467.0,0.0,0.0,-1.0,0
6064.2939453125,36.0,10.75,197.81990478515624,8.0,8.0,2.0,330645.3125,0.0,5.0,9.084232444763183,7.0,0.0,15038.75,12.123964309692383,8.0,0.0,0.0,2.0,0.0,712.0,2.0,0.01834077884753542,0.875,147.0,0.0,0.0,-1.0,1
6000.0,36.0,9.75,192.9,7.0,0.0,1.0,55000.0,1.0,10.0,12.76,10.0,0.0,9340.0,35.0,25.0,0.0,0.0,0.0,0.0,697.0,2.0,0.109090909090909,0.4,262.0,0.0,0.0,-1.0,0
7200.0,36.0,9.16,229.5,6.0,10.0,1.0,83666.0,2.0,0.0,13.2,8.0,3.0,2941.0,28.8,31.0,0.0,0.0,1.0,0.0,667.0,2.0,0.0860564626012956,0.2580645161290322,210.0,0.0142857142857142,0.0,0.0,0
24925.0,60.0,18.25,636.33,17.0,10.0,0.0,62596.0,2.0,0.0,29.64,9.0,0.0,9206.0,54.2,37.0,0.0,0.0,4.0,0.0,697.0,2.0,0.3981883826442584,0.2432432432432432,129.0,0.0,0.0,-1.0,0
4000.0,36.0,11.99,132.84,10.0,10.0,1.0,36000.0,2.0,0.0,16.4,5.0,0.0,12333.0,98.7,7.0,0.0,0.0,0.0,0.0,672.0,2.0,0.1111111111111111,0.7142857142857143,161.0,0.0,0.0,-1.0,1
10000.0,36.0,7.89,312.86,4.0,7.0,1.0,50000.0,0.0,4.0,14.26,8.0,0.0,9683.0,40.5,12.0,0.0,0.0,0.0,0.0,722.0,2.0,0.2,0.6666666666666666,352.0,0.0,0.0,-1.0,0
15000.0,36.0,11.47,494.43,9.0,3.0,1.0,68000.0,1.0,0.0,19.5,10.0,0.0,6750.0,81.3,15.0,0.0,0.0,0.0,0.0,662.0,2.0,0.2205882352941176,0.6666666666666666,90.0,0.0,0.0,-1.0,1
32200.0,60.0,18.99,835.11,18.0,10.0,0.0,70000.0,1.0,4.0,25.73,11.0,0.0,46643.0,78.5,19.0,0.0,0.0,4.0,0.0,692.0,2.0,0.46,0.5789473684210527,321.0,0.0,0.0,-1.0,0
20000.0,60.0,12.99,454.96,11.0,4.0,0.0,57000.0,0.0,0.0,10.08,13.0,0.0,11045.0,37.7,22.0,0.0,0.0,2.0,0.0,662.0,2.0,0.3508771929824561,0.5909090909090909,185.0,0.0,0.0,-1.0,0
10000.0,36.0,11.99,332.1,10.0,9.0,1.0,63600.0,1.0,5.0,18.02,7.0,0.0,19846.0,72.2,24.0,0.0,0.0,0.0,0.0,672.0,2.0,0.1572327044025157,0.2916666666666667,139.0,0.0,0.0,-1.0,1
14000.0,60.0,13.67,323.37,12.0,10.0,0.0,77000.0,0.0,0.0,9.02,11.0,0.0,10364.0,43.4,16.0,0.0,0.0,2.0,0.0,702.0,2.0,0.1818181818181818,0.6875,127.0,0.0,0.0,-1.0,0
36000.0,36.0,16.29,1270.82,15.0,10.0,0.0,99000.0,0.0,0.0,29.21,21.0,0.0,61104.0,84.2,39.0,0.0,0.0,4.0,0.0,682.0,2.0,0.3636363636363636,0.5384615384615384,217.0,0.0,0.0,-1.0,0
10000.0,36.0,7.89,312.86,4.0,3.0,0.0,84000.0,1.0,10.0,12.09,11.0,0.0,16749.0,27.0,31.0,0.0,0.0,3.0,0.0,737.0,2.0,0.119047619047619,0.3548387096774194,175.0,0.0,0.0,-1.0,0
6000.0,36.0,11.47,197.78,9.0,10.0,0.0,70000.0,1.0,5.0,16.92,9.0,0.0,9556.0,68.3,20.0,1.0,0.0,4.0,0.0,677.0,2.0,0.0857142857142857,0.45,199.0,0.0,0.0,-1.0,0
26375.0,36.0,18.99,966.67,18.0,8.0,0.0,240000.0,2.0,5.0,4.69,15.0,0.0,6710.0,18.8,33.0,0.0,0.0,5.0,0.0,682.0,2.0,0.1098958333333333,0.4545454545454545,351.0,0.0,0.0,-1.0,0
7200.0,36.0,5.32,216.83,0.0,3.0,1.0,28000.0,0.0,0.0,8.27,15.0,0.0,9131.0,30.7,30.0,0.0,0.0,0.0,0.0,717.0,2.0,0.2571428571428571,0.5,118.0,0.0,0.0,-1.0,0
35000.0,36.0,12.99,1179.12,11.0,10.0,2.0,85000.0,1.0,2.0,22.07,11.0,0.0,1447.0,8.3,21.0,0.0,0.0,1.0,0.0,722.0,2.0,0.4117647058823529,0.5238095238095238,298.0,0.0,0.0,-1.0,0
9300.0,36.0,21.97,355.03,23.0,0.0,1.0,31000.0,1.0,0.0,1.94,4.0,0.0,586.0,15.8,25.0,0.0,0.0,0.0,0.0,662.0,2.0,0.3,0.16,175.0,0.0,0.0,-1.0,1
10000.0,36.0,18.25,362.78,17.0,10.0,0.0,65000.0,1.0,2.0,22.34,15.0,0.0,16161.0,31.8,39.0,0.0,0.0,3.0,0.0,702.0,2.0,0.1538461538461538,0.3846153846153846,201.0,0.0,0.0,-1.0,0
14387.59765625,36.0,11.47,474.2408508300781,9.0,2.0,2.0,92345.6171875,2.0,2.0,41.90990371704102,20.0,0.0,47112.70703125,20.707565689086913,29.0,0.0,0.0,2.0,0.0,682.0,2.0,0.15580162942409514,0.6896551724137931,240.0,0.0,0.0,-1.0,0
10000.0,36.0,8.39,315.17,5.0,0.0,1.0,52000.0,2.0,0.0,27.93,14.0,0.0,8361.0,85.0,24.0,0.0,0.0,1.0,0.0,672.0,2.0,0.1923076923076923,0.5833333333333334,161.0,0.0,0.0,-1.0,0
14025.0,36.0,18.25,508.8,17.0,3.0,1.0,70000.0,2.0,1.0,30.48,12.0,1.0,11354.0,50.7,20.0,0.0,0.0,1.0,1.0,702.0,2.0,0.2003571428571428,0.6,214.0,0.0046728971962616,0.0046728971962616,1.0,0
3500.0,36.0,15.31,121.87,14.0,3.0,1.0,37000.0,1.0,4.0,14.21,8.0,1.0,145.0,4.3,24.0,1.0,0.0,1.0,1.0,672.0,2.0,0.0945945945945946,0.3333333333333333,321.0,0.0031152647975077,0.0031152647975077,1.0,0
12912.8876953125,36.0,8.39,406.97234985351565,5.0,10.0,1.0,883091.25,0.0,0.0,42.46299003601074,27.0,3.0,71461.3671875,9.261270141601564,50.0,0.0,0.0,0.0,3.0,667.0,2.0,0.014622370794108386,0.54,169.0,0.0177514792899408,0.0177514792899408,1.0,1
15200.0,36.0,5.32,457.75,0.0,2.0,0.0,121000.0,0.0,5.0,12.16,10.0,0.0,27783.0,49.3,22.0,0.0,0.0,2.0,0.0,692.0,2.0,0.1256198347107438,0.4545454545454545,138.0,0.0,0.0,-1.0,0
5865.59130859375,36.0,20.75,220.23435607910156,21.0,3.0,1.0,155234.765625,2.0,0.0,35.697024765014646,14.0,1.0,185863.609375,47.11845016479492,40.0,0.0,0.0,0.0,1.0,672.0,2.0,0.03778529510206073,0.35,158.0,0.0063291139240506,0.0063291139240506,1.0,0
7200.0,36.0,5.32,216.83,0.0,3.0,1.0,57000.0,0.0,8.0,21.83,12.0,0.0,7418.0,19.9,49.0,0.0,0.0,0.0,0.0,752.0,2.0,0.1263157894736842,0.2448979591836734,115.0,0.0,0.0,-1.0,0
20000.0,60.0,17.27,499.96,16.0,7.0,0.0,100000.0,2.0,4.0,19.98,15.0,0.0,96579.0,94.0,22.0,0.0,0.0,2.0,0.0,687.0,2.0,0.2,0.6818181818181818,140.0,0.0,0.0,-1.0,0
11000.0,36.0,6.49,337.09,1.0,4.0,0.0,50000.0,0.0,4.0,25.52,10.0,0.0,11535.0,48.9,27.0,0.0,0.0,1.0,0.0,682.0,2.0,0.22,0.3703703703703703,118.0,0.0,0.0,-1.0,0
3000.0,36.0,11.47,98.89,9.0,3.0,1.0,34000.0,1.0,3.0,13.48,18.0,0.0,9110.0,67.5,28.0,0.0,0.0,0.0,0.0,672.0,2.0,0.088235294117647,0.6428571428571429,126.0,0.0,0.0,-1.0,0
10000.0,36.0,5.32,301.15,0.0,10.0,2.0,55000.0,0.0,3.0,21.84,4.0,0.0,4123.0,13.1,9.0,0.0,0.0,0.0,0.0,807.0,2.0,0.1818181818181818,0.4444444444444444,230.0,0.0,0.0,-1.0,0
10000.0,36.0,14.46,344.02,13.0,10.0,1.0,80000.0,1.0,0.0,31.59,6.0,0.0,7638.0,65.3,20.0,0.0,0.0,2.0,0.0,677.0,2.0,0.125,0.3,136.0,0.0,0.0,-1.0,1
15000.0,36.0,12.99,505.34,11.0,2.0,1.0,50000.0,2.0,0.0,17.06,10.0,0.0,8532.0,20.9,19.0,0.0,0.0,0.0,0.0,697.0,2.0,0.3,0.5263157894736842,94.0,0.0,0.0,-1.0,0
14400.0,36.0,14.46,495.39,13.0,10.0,0.0,110000.0,2.0,4.0,29.94,17.0,0.0,25567.0,36.6,28.0,0.0,0.0,4.0,0.0,707.0,2.0,0.1309090909090909,0.6071428571428571,300.0,0.0,0.0,-1.0,1
40000.0,60.0,7.89,808.96,4.0,2.0,0.0,120000.0,2.0,4.0,26.6,15.0,0.0,16988.0,34.7,55.0,0.0,0.0,4.0,0.0,737.0,2.0,0.3333333333333333,0.2727272727272727,256.0,0.0,0.0,-1.0,1
15000.0,36.0,9.75,482.25,7.0,4.0,0.0,68000.0,0.0,3.0,6.9,7.0,0.0,10309.0,44.0,11.0,0.0,0.0,1.0,0.0,697.0,2.0,0.2205882352941176,0.6363636363636364,104.0,0.0,0.0,-1.0,1
24000.0,36.0,9.75,771.6,7.0,10.0,0.0,105000.0,0.0,0.0,5.94,9.0,0.0,3619.0,4.9,26.0,0.0,0.0,1.0,0.0,782.0,2.0,0.2285714285714285,0.3461538461538461,135.0,0.0,0.0,-1.0,0
12000.0,36.0,11.47,395.55,9.0,10.0,0.0,37000.0,2.0,4.0,12.68,20.0,0.0,9218.0,32.5,26.0,1.0,0.0,1.0,0.0,722.0,2.0,0.3243243243243243,0.7692307692307693,172.0,0.0,0.0,-1.0,0
35000.0,36.0,7.39,1086.96,3.0,0.0,0.0,135000.0,1.0,4.0,25.08,17.0,0.0,98207.0,65.0,21.0,1.0,0.0,4.0,0.0,692.0,2.0,0.2592592592592592,0.8095238095238095,316.0,0.0,0.0,-1.0,0
23849.36328125,36.0,18.99,874.108759765625,18.0,8.0,0.0,66423.1328125,0.0,0.0,24.419040069580078,18.0,0.0,43052.64453125,92.64679565429688,31.0,0.0,0.0,3.0,0.0,662.0,2.0,0.3590520578973433,0.5806451612903226,246.0,0.0,0.0,-1.0,0
5525.0,36.0,12.99,186.14,11.0,8.0,0.0,105000.0,0.0,5.0,18.61,9.0,0.0,12596.0,64.0,23.0,0.0,0.0,1.0,0.0,672.0,2.0,0.0526190476190476,0.391304347826087,98.0,0.0,0.0,-1.0,0
16800.0,36.0,9.75,540.12,7.0,2.0,1.0,135000.0,0.0,0.0,23.78,19.0,0.0,40059.0,80.9,37.0,0.0,0.0,0.0,0.0,672.0,2.0,0.1244444444444444,0.5135135135135135,285.0,0.0,0.0,-1.0,0
9450.0,36.0,19.53,348.94,19.0,3.0,0.0,91000.0,2.0,2.0,12.29,22.0,0.0,2432.0,18.6,34.0,0.0,0.0,2.0,0.0,667.0,2.0,0.1038461538461538,0.6470588235294118,180.0,0.0,0.0,-1.0,1
7200.0,36.0,18.99,263.89,18.0,0.0,1.0,33600.0,1.0,0.0,21.07,12.0,0.0,2546.0,45.5,15.0,0.0,0.0,0.0,0.0,682.0,2.0,0.2142857142857142,0.8,186.0,0.0,0.0,-1.0,1
29973.896484375,36.0,8.39,944.6800537109375,5.0,3.0,0.0,609900.1875,1.0,0.0,32.355350723266596,13.0,0.0,63494.41015625,58.00321960449219,29.0,0.0,0.0,3.0,0.0,692.0,2.0,0.049145574955379245,0.4482758620689655,147.0,0.0,0.0,-1.0,0
11339.013671875,36.0,9.16,361.4227600097656,6.0,3.0,0.0,432609.0625,0.0,2.0,24.393143081665038,12.0,0.0,35163.2265625,54.17431869506836,14.0,0.0,0.0,2.0,0.0,702.0,2.0,0.026210747404796342,0.8571428826877049,135.0,0.0,0.0,-1.0,0
7000.0,36.0,9.16,223.12,6.0,5.0,1.0,27000.0,1.0,5.0,27.07,7.0,0.0,3527.0,25.7,10.0,0.0,0.0,0.0,0.0,687.0,2.0,0.2592592592592592,0.7,76.0,0.0,0.0,-1.0,0
21850.0,36.0,18.25,792.68,17.0,10.0,0.0,60000.0,2.0,0.0,41.0,12.0,0.0,7805.0,54.6,25.0,0.0,1.0,0.0,0.0,677.0,2.0,0.3641666666666667,0.48,196.0,0.0,0.0,-1.0,1
28000.0,60.0,19.53,734.53,19.0,4.0,0.0,150000.0,2.0,0.0,14.46,3.0,0.0,37299.0,101.0,6.0,0.0,0.0,1.0,0.0,692.0,2.0,0.1866666666666666,0.5,124.0,0.0,0.0,-1.0,0
21000.0,36.0,6.97,648.14,2.0,6.0,0.0,55000.0,2.0,0.0,4.08,13.0,0.0,5327.0,10.7,27.0,0.0,0.0,1.0,0.0,782.0,2.0,0.3818181818181818,0.4814814814814814,150.0,0.0,0.0,-1.0,0
10000.0,60.0,24.11,288.32,26.0,9.0,0.0,42000.0,0.0,0.0,15.77,6.0,0.0,1769.0,27.2,14.0,0.0,0.0,5.0,0.0,662.0,2.0,0.238095238095238,0.4285714285714285,182.0,0.0,0.0,-1.0,1
12097.6142578125,36.0,9.16,385.60260009765625,6.0,0.0,1.0,242990.78125,1.0,4.0,22.0909139251709,7.0,0.0,0.0,34.94120407104492,14.0,1.0,0.0,0.0,0.0,687.0,2.0,0.04978631138801576,0.5,70.0,0.0,0.0,-1.0,0
12000.0,36.0,5.32,361.38,0.0,10.0,0.0,75000.0,1.0,0.0,15.58,6.0,0.0,10028.0,70.1,16.0,0.0,0.0,1.0,0.0,697.0,2.0,0.16,0.375,276.0,0.0,0.0,-1.0,0
8152.36962890625,36.0,5.32,245.50903503417967,0.0,1.0,1.0,694067.5,1.0,4.0,44.41762084960938,13.0,0.0,368193.625,28.968791198730468,34.0,0.0,0.0,3.0,0.0,732.0,2.0,0.011745789876350943,0.3823529346422715,195.0,0.0,0.0,-1.0,0
9843.6767578125,36.0,9.16,313.7600146484375,6.0,10.0,1.0,401872.5,0.0,0.0,47.370722961425784,11.0,1.0,177187.5625,76.22469329833984,27.0,0.0,0.0,1.0,0.0,677.0,2.0,0.024494534785097305,0.4074074074074074,201.0,0.0049751243781094,0.0,0.0,0
30000.0,36.0,16.29,1059.02,15.0,10.0,1.0,70000.0,2.0,0.0,11.21,12.0,0.0,17022.0,45.6,14.0,0.0,0.0,0.0,0.0,687.0,2.0,0.4285714285714285,0.8571428571428571,247.0,0.0,0.0,-1.0,0
22225.0,36.0,20.75,834.48,21.0,10.0,1.0,70000.0,1.0,1.0,23.79,10.0,0.0,5349.0,30.9,19.0,1.0,0.0,0.0,0.0,672.0,2.0,0.3175,0.5263157894736842,195.0,0.0,0.0,-1.0,0
8000.0,36.0,11.99,265.68,10.0,0.0,1.0,30000.0,1.0,0.0,5.28,4.0,0.0,5690.0,24.7,6.0,0.0,0.0,1.0,0.0,702.0,2.0,0.2666666666666666,0.6666666666666666,185.0,0.0,0.0,-1.0,0
2400.0,36.0,10.75,78.29,8.0,10.0,0.0,150000.0,1.0,0.0,26.59,14.0,0.0,12916.0,73.8,29.0,0.0,0.0,2.0,0.0,687.0,2.0,0.016,0.4827586206896552,155.0,0.0,0.0,-1.0,0
24000.0,60.0,11.99,533.75,10.0,10.0,0.0,95000.0,0.0,4.0,26.48,10.0,0.0,115497.0,86.3,19.0,0.0,0.0,2.0,0.0,672.0,2.0,0.2526315789473684,0.5263157894736842,405.0,0.0,0.0,-1.0,1
5860.24365234375,36.0,13.67,199.35163818359376,12.0,10.0,1.0,475061.53125,1.0,5.0,55.91546920776367,9.0,0.0,33599.83984375,59.27230453491211,15.0,0.0,0.0,3.0,0.0,672.0,2.0,0.012335756272077558,0.5999999957926133,220.0,0.0,0.0,-1.0,0
9000.0,36.0,5.32,271.04,0.0,9.0,0.0,45000.0,1.0,4.0,11.89,7.0,0.0,20483.0,50.6,18.0,0.0,0.0,2.0,0.0,697.0,2.0,0.2,0.3888888888888889,216.0,0.0,0.0,-1.0,0
35000.0,36.0,9.16,1115.6,6.0,10.0,2.0,220000.0,2.0,0.0,11.1,7.0,1.0,19924.0,75.8,14.0,0.0,0.0,3.0,0.0,687.0,2.0,0.1590909090909091,0.5,200.0,0.005,0.0,0.0,0
15000.0,36.0,11.47,494.43,9.0,8.0,0.0,55000.0,1.0,0.0,24.89,12.0,0.0,9308.0,43.1,18.0,0.0,0.0,1.0,0.0,752.0,2.0,0.2727272727272727,0.6666666666666666,107.0,0.0,0.0,-1.0,1
12000.0,36.0,9.16,382.5,6.0,1.0,1.0,90000.0,1.0,0.0,12.57,9.0,0.0,17340.0,78.1,17.0,1.0,0.0,0.0,0.0,662.0,2.0,0.1333333333333333,0.5294117647058824,165.0,0.0,0.0,-1.0,0
35000.0,60.0,9.75,739.35,7.0,10.0,0.0,140000.0,1.0,2.0,21.74,26.0,0.0,13346.0,20.7,44.0,1.0,0.0,3.0,0.0,747.0,2.0,0.25,0.5909090909090909,312.0,0.0,0.0,-1.0,0
35000.0,36.0,7.39,1086.96,3.0,10.0,0.0,145000.0,2.0,4.0,17.82,13.0,0.0,58170.0,62.0,28.0,0.0,0.0,4.0,0.0,687.0,2.0,0.2413793103448276,0.4642857142857143,305.0,0.0,0.0,-1.0,0
13000.0,36.0,5.32,391.5,0.0,0.0,1.0,85000.0,0.0,4.0,27.47,18.0,0.0,11098.0,22.8,29.0,0.0,0.0,2.0,0.0,787.0,2.0,0.1529411764705882,0.6206896551724138,166.0,0.0,0.0,-1.0,0
5000.0,36.0,19.99,185.8,20.0,0.0,1.0,24000.0,1.0,3.0,6.2,5.0,0.0,2049.0,82.0,5.0,1.0,0.0,0.0,0.0,662.0,2.0,0.2083333333333333,1.0,52.0,0.0,0.0,-1.0,0
3000.0,36.0,14.46,103.21,13.0,0.0,1.0,25200.0,2.0,0.0,3.64,3.0,0.0,0.0,0.0,7.0,0.0,0.0,0.0,0.0,662.0,2.0,0.119047619047619,0.4285714285714285,163.0,0.0,0.0,-1.0,0
8000.0,36.0,11.47,263.7,9.0,0.0,1.0,24000.0,2.0,0.0,5.95,3.0,0.0,4804.0,80.1,6.0,0.0,0.0,0.0,0.0,697.0,2.0,0.3333333333333333,0.5,99.0,0.0,0.0,-1.0,0
12800.0,36.0,9.75,411.52,7.0,2.0,0.0,53000.0,0.0,2.0,10.67,15.0,0.0,17170.0,65.3,21.0,0.0,0.0,1.0,0.0,667.0,2.0,0.2415094339622641,0.7142857142857143,213.0,0.0,0.0,-1.0,0
5000.0,36.0,12.99,168.45,11.0,10.0,0.0,140000.0,2.0,4.0,13.24,13.0,0.0,14836.0,67.1,34.0,0.0,0.0,4.0,0.0,672.0,2.0,0.0357142857142857,0.3823529411764705,256.0,0.0,0.0,-1.0,0
16000.0,36.0,5.32,481.84,0.0,0.0,0.0,55000.0,0.0,2.0,7.28,13.0,0.0,1057.0,1.6,41.0,0.0,0.0,5.0,0.0,817.0,2.0,0.2909090909090909,0.3170731707317073,425.0,0.0,0.0,-1.0,0
16000.0,36.0,5.32,481.84,0.0,10.0,0.0,42000.0,2.0,0.0,3.31,5.0,0.0,491.0,2.2,13.0,0.0,0.0,3.0,0.0,797.0,2.0,0.3809523809523809,0.3846153846153846,266.0,0.0,0.0,-1.0,0
10000.0,36.0,6.97,308.64,2.0,10.0,2.0,70000.0,0.0,0.0,12.07,11.0,1.0,76468.0,28.8,25.0,0.0,0.0,1.0,0.0,737.0,2.0,0.1428571428571428,0.44,266.0,0.0037593984962406,0.0,0.0,1
30000.0,36.0,14.46,1032.05,13.0,10.0,1.0,130000.0,1.0,6.0,13.14,10.0,0.0,11853.0,73.6,32.0,0.0,0.0,1.0,0.0,682.0,2.0,0.2307692307692307,0.3125,160.0,0.0,0.0,-1.0,0
28000.0,36.0,9.75,900.2,7.0,10.0,0.0,125000.0,2.0,1.0,13.76,14.0,0.0,60546.0,49.2,25.0,0.0,0.0,3.0,0.0,747.0,2.0,0.224,0.56,359.0,0.0,0.0,-1.0,0
9988.1015625,60.0,24.99,293.10816284179685,27.0,5.0,2.0,29736.90234375,1.0,0.0,18.886308631896974,14.0,0.0,7309.828125,77.69439392089843,20.0,0.0,0.0,0.0,0.0,667.0,2.0,144.75421972442092,0.7,111.0,0.0,0.0,-1.0,0
24550.0,60.0,19.99,650.29,20.0,8.0,1.0,79000.0,1.0,0.0,20.86,10.0,0.0,7908.0,39.7,21.0,0.0,0.0,1.0,0.0,692.0,2.0,0.310759493670886,0.4761904761904761,160.0,0.0,0.0,-1.0,0
8250.0,36.0,15.31,287.25,14.0,10.0,1.0,55000.0,2.0,0.0,17.48,10.0,1.0,5370.0,38.4,20.0,0.0,0.0,0.0,1.0,677.0,2.0,0.15,0.5,213.0,0.0046948356807511,0.0046948356807511,1.0,0
21019.34765625,36.0,10.75,685.6601879882812,8.0,10.0,0.0,646857.25,1.0,4.0,111.61130310058594,14.0,1.0,204136.765625,73.26683654785157,38.0,0.0,0.0,3.0,1.0,667.0,2.0,0.03249456243168919,0.36842103503845836,224.0,0.0044642857142857,0.0044642857142857,1.0,0
22400.0,36.0,6.49,686.44,1.0,10.0,0.0,60000.0,2.0,2.0,16.04,8.0,0.0,54666.0,40.2,32.0,0.0,0.0,2.0,0.0,682.0,2.0,0.3733333333333333,0.25,228.0,0.0,0.0,-1.0,1
19714.103515625,60.0,17.27,492.8129614257812,16.0,1.0,0.0,244705.078125,2.0,2.0,6.667427825927735,11.0,0.0,86889.9609375,42.64684524536133,33.0,0.0,1.0,3.0,0.0,707.0,2.0,0.08056270837783813,0.3333333333333333,173.0,0.0,0.0,-1.0,1
14000.0,36.0,9.75,450.1,7.0,1.0,1.0,45000.0,1.0,0.0,19.73,7.0,0.0,16526.0,70.9,17.0,0.0,0.0,0.0,0.0,662.0,2.0,0.3111111111111111,0.4117647058823529,60.0,0.0,0.0,-1.0,0
14000.0,36.0,12.99,471.65,11.0,3.0,0.0,67000.0,2.0,2.0,16.28,20.0,0.0,13362.0,36.0,30.0,0.0,0.0,2.0,0.0,692.0,2.0,0.208955223880597,0.6666666666666666,131.0,0.0,0.0,-1.0,0
24070.34375,60.0,8.39,492.56719482421875,5.0,10.0,0.0,229903.953125,1.0,2.0,-1.0000008392333974,13.0,1.0,104339.0078125,68.56949157714844,26.0,0.0,0.0,3.0,1.0,682.0,2.0,0.10469736258188878,0.49999998896210274,184.0,0.0054347826086956,0.0054347826086956,1.0,1
9516.384765625,36.0,17.27,340.5610546875,16.0,10.0,0.0,978086.625,2.0,5.0,93.29582931518556,16.0,0.0,147736.921875,16.361488342285156,27.0,0.0,0.0,2.0,0.0,692.0,2.0,0.009729595533732649,0.5925925714629037,133.0,0.0,0.0,-1.0,0
8000.0,36.0,13.67,272.15,12.0,10.0,0.0,132500.0,1.0,0.0,31.68,17.0,0.0,42873.0,77.1,30.0,0.0,0.0,2.0,0.0,697.0,2.0,0.060377358490566,0.5666666666666667,316.0,0.0,0.0,-1.0,0
20000.0,60.0,11.99,444.79,10.0,10.0,0.0,55000.0,0.0,0.0,36.57,15.0,0.0,26631.0,57.5,29.0,1.0,0.0,4.0,0.0,717.0,2.0,0.3636363636363636,0.5172413793103449,329.0,0.0,0.0,-1.0,0
3000.0,36.0,11.99,99.63,10.0,9.0,1.0,55000.0,0.0,4.0,18.31,7.0,1.0,6330.0,36.6,10.0,0.0,0.0,0.0,1.0,677.0,2.0,0.0545454545454545,0.7,123.0,0.008130081300813,0.008130081300813,1.0,0
7270.5810546875,36.0,5.32,218.9546032714844,0.0,6.0,1.0,290731.4375,1.0,4.0,24.817584838867187,5.0,0.0,202940.078125,47.22343444824219,13.0,0.0,0.0,4.0,0.0,707.0,2.0,0.02500789605654198,0.38461538003041196,210.0,0.0,0.0,-1.0,0
21957.17578125,60.0,9.75,463.83100341796876,7.0,10.0,0.0,141124.625,0.0,0.0,-0.9999993896484369,7.0,1.0,0.0,16.025797271728514,22.0,0.0,0.0,6.0,1.0,697.0,2.0,0.15558712994019816,0.3181818019260059,461.0,0.0021691973969631,0.0021691973969631,1.0,0
5000.0,36.0,6.49,153.23,1.0,7.0,0.0,60000.0,1.0,0.0,23.1,17.0,0.0,23895.0,45.3,42.0,0.0,0.0,4.0,0.0,692.0,2.0,0.0833333333333333,0.4047619047619047,163.0,0.0,0.0,-1.0,0
15000.0,36.0,9.16,478.12,6.0,1.0,0.0,44500.0,1.0,0.0,28.83,18.0,0.0,13477.0,46.0,27.0,0.0,0.0,1.0,0.0,692.0,2.0,0.3370786516853932,0.6666666666666666,134.0,0.0,0.0,-1.0,0
7000.0,36.0,8.39,220.62,5.0,2.0,1.0,42000.0,1.0,4.0,17.06,11.0,2.0,3896.0,25.1,27.0,0.0,0.0,0.0,2.0,662.0,2.0,0.1666666666666666,0.4074074074074074,146.0,0.0136986301369863,0.0136986301369863,1.0,0
7600.587890625,36.0,8.39,239.5458905029297,5.0,10.0,1.0,496223.1875,1.0,4.0,74.073837890625,8.0,0.0,128094.53125,70.01775970458985,24.0,0.0,0.0,6.0,0.0,672.0,2.0,0.01531687983094826,0.333333344295107,134.0,0.0,0.0,-1.0,1
12575.0,36.0,15.31,437.83,14.0,5.0,1.0,47000.0,2.0,4.0,21.62,15.0,1.0,7931.0,70.2,35.0,0.0,0.0,2.0,1.0,672.0,2.0,0.2675531914893617,0.4285714285714285,188.0,0.0053191489361702,0.0053191489361702,1.0,1
7200.0,36.0,10.75,234.87,8.0,2.0,1.0,25000.0,1.0,0.0,5.57,3.0,0.0,1705.0,63.1,5.0,1.0,0.0,0.0,0.0,682.0,2.0,0.288,0.6,56.0,0.0,0.0,-1.0,0
20000.5390625,60.0,15.31,479.07116943359375,14.0,10.0,1.0,133312.703125,1.0,2.0,11.966772041320802,5.0,0.0,25049.1796875,28.169726943969728,22.0,0.0,0.0,7.0,0.0,662.0,2.0,0.15002725025018054,0.22727274570776063,213.0,0.0,0.0,-1.0,0
7125.0,36.0,11.47,234.86,9.0,2.0,1.0,70000.0,1.0,4.0,29.86,27.0,0.0,20184.0,80.1,47.0,0.0,0.0,0.0,0.0,672.0,2.0,0.1017857142857142,0.574468085106383,80.0,0.0,0.0,-1.0,0
6500.0,36.0,10.75,212.04,8.0,2.0,0.0,40000.0,0.0,0.0,30.69,13.0,0.0,12642.0,66.9,23.0,0.0,0.0,4.0,0.0,707.0,2.0,0.1625,0.5652173913043478,132.0,0.0,0.0,-1.0,0
10200.0,60.0,21.18,276.98,22.0,9.0,0.0,39000.0,0.0,9.0,37.11,15.0,0.0,5881.0,15.1,25.0,0.0,0.0,1.0,0.0,757.0,2.0,0.2615384615384615,0.6,376.0,0.0,0.0,-1.0,0
7000.0,36.0,9.75,225.05,7.0,4.0,1.0,100000.0,2.0,4.0,26.5,14.0,0.0,2911.0,7.1,26.0,0.0,0.0,0.0,0.0,777.0,2.0,0.07,0.5384615384615384,184.0,0.0,0.0,-1.0,0
16400.0,36.0,13.67,557.89,12.0,4.0,0.0,45360.0,2.0,0.0,20.13,12.0,0.0,14062.0,55.6,15.0,1.0,0.0,1.0,0.0,662.0,2.0,0.3615520282186948,0.8,55.0,0.0,0.0,-1.0,0
9950.0,36.0,17.27,356.09,16.0,4.0,2.0,150000.0,2.0,5.0,6.76,16.0,1.0,3362.0,11.8,34.0,0.0,0.0,2.0,0.0,667.0,2.0,0.0663333333333333,0.4705882352941176,159.0,0.0062893081761006,0.0,0.0,1
7955.9931640625,36.0,11.99,264.21530883789063,10.0,10.0,1.0,515189.15625,1.0,1.0,21.320243377685546,8.0,0.0,6737.09912109375,80.89143676757813,29.0,0.0,0.0,2.0,0.0,682.0,2.0,0.015442846637023028,0.2758620725623493,177.0,0.0,0.0,-1.0,0
9650.0,36.0,17.27,345.35,16.0,3.0,0.0,48000.0,2.0,0.0,9.35,14.0,0.0,9618.0,48.9,17.0,0.0,0.0,1.0,0.0,667.0,2.0,0.2010416666666666,0.8235294117647058,204.0,0.0,0.0,-1.0,0
15000.0,36.0,11.47,494.43,9.0,3.0,1.0,60000.0,1.0,0.0,17.52,16.0,0.0,11821.0,60.0,31.0,0.0,0.0,0.0,0.0,692.0,2.0,0.25,0.5161290322580645,112.0,0.0,0.0,-1.0,0
20000.0,60.0,10.75,432.36,8.0,4.0,0.0,85000.0,0.0,0.0,22.94,10.0,2.0,10871.0,51.0,19.0,0.0,0.0,1.0,0.0,717.0,2.0,0.2352941176470588,0.5263157894736842,192.0,0.0104166666666666,0.0,0.0,1
20000.0,36.0,11.99,664.2,10.0,10.0,0.0,80000.0,0.0,0.0,28.49,15.0,0.0,17737.0,51.1,35.0,0.0,0.0,3.0,0.0,677.0,2.0,0.25,0.4285714285714285,193.0,0.0,0.0,-1.0,0
6004.12744140625,36.0,5.32,180.81516784667969,0.0,3.0,1.0,283867.5,1.0,3.0,63.336456756591794,10.0,0.0,183722.0,49.14869613647461,14.0,0.0,0.0,2.0,0.0,707.0,2.0,0.02115116185612148,0.7142857067725238,102.0,0.0,0.0,-1.0,0
26175.0,60.0,23.13,739.85,25.0,6.0,2.0,105000.0,1.0,0.0,15.46,12.0,0.0,9267.0,61.4,32.0,0.0,0.0,5.0,0.0,717.0,2.0,0.2492857142857142,0.375,135.0,0.0,0.0,-1.0,0
16000.0,36.0,5.32,481.84,0.0,0.0,2.0,100000.0,0.0,4.0,16.49,14.0,0.0,19598.0,58.9,27.0,0.0,0.0,1.0,0.0,717.0,2.0,0.16,0.5185185185185185,151.0,0.0,0.0,-1.0,0
7959.32470703125,36.0,8.39,250.85209716796874,5.0,10.0,0.0,1106564.25,1.0,4.0,39.68504211425781,11.0,1.0,39341.92578125,4.6953079223632805,27.0,0.0,0.0,5.0,0.0,667.0,2.0,0.007192827761173248,0.40740739447729923,276.0,0.0036231884057971,0.0,0.0,0
27000.0,36.0,5.32,813.1,0.0,4.0,1.0,81000.0,1.0,0.0,16.83,6.0,0.0,3404.0,52.4,19.0,0.0,0.0,3.0,0.0,707.0,2.0,0.3333333333333333,0.3157894736842105,170.0,0.0,0.0,-1.0,0
18019.693359375,36.0,11.47,593.96111328125,9.0,5.0,0.0,163024.375,1.0,4.0,16.77546989440918,13.0,1.0,40530.8203125,81.95066833496094,18.0,0.0,0.0,0.0,0.0,682.0,2.0,0.11053374180426961,0.7222222222222222,182.0,0.0054945054945054,0.0,0.0,0
8400.0,36.0,11.47,276.88,9.0,3.0,1.0,45700.0,1.0,0.0,13.16,8.0,0.0,5216.0,43.5,18.0,0.0,0.0,0.0,0.0,672.0,2.0,0.1838074398249453,0.4444444444444444,86.0,0.0,0.0,-1.0,0
6025.0,36.0,21.97,230.01,23.0,10.0,2.0,85000.0,2.0,0.0,38.95,31.0,0.0,18067.0,36.3,49.0,0.0,0.0,0.0,0.0,677.0,2.0,0.0708823529411764,0.6326530612244898,132.0,0.0,0.0,-1.0,1
16700.0,60.0,11.47,367.03,9.0,4.0,1.0,58000.0,1.0,0.0,14.9,5.0,0.0,15781.0,97.4,20.0,0.0,0.0,0.0,0.0,697.0,2.0,0.2879310344827586,0.25,102.0,0.0,0.0,-1.0,0
15000.0,60.0,14.46,352.62,13.0,2.0,0.0,55000.0,1.0,0.0,19.9,12.0,0.0,6769.0,64.5,21.0,0.0,0.0,4.0,0.0,722.0,3.0,0.2727272727272727,0.5714285714285714,128.0,0.0,0.0,-1.0,0
18000.0,60.0,10.75,389.13,8.0,8.0,0.0,120000.0,1.0,0.0,14.73,8.0,1.0,12822.0,93.6,19.0,1.0,0.0,2.0,0.0,672.0,3.0,0.15,0.4210526315789473,185.0,0.0054054054054054,0.0,0.0,0
8275.0,36.0,13.67,281.5,12.0,0.0,2.0,60000.0,1.0,2.0,33.38,7.0,1.0,275.0,4.0,46.0,0.0,0.0,5.0,1.0,667.0,3.0,0.1379166666666666,0.1521739130434782,243.0,0.0041152263374485,0.0041152263374485,1.0,1
24000.0,60.0,24.11,691.97,26.0,7.0,0.0,108000.0,0.0,2.0,28.97,14.0,1.0,12268.0,54.0,27.0,0.0,0.0,4.0,0.0,662.0,3.0,0.2222222222222222,0.5185185185185185,268.0,0.003731343283582,0.0,0.0,0
17600.0,60.0,13.67,406.52,12.0,10.0,1.0,61000.0,2.0,0.0,23.65,8.0,1.0,11112.0,33.1,24.0,1.0,0.0,3.0,1.0,672.0,3.0,0.2885245901639344,0.3333333333333333,148.0,0.0067567567567567,0.0067567567567567,1.0,1
6000.0,36.0,22.45,230.55,24.0,0.0,1.0,43000.0,1.0,0.0,21.88,6.0,0.0,3399.0,25.6,7.0,0.0,0.0,0.0,0.0,692.0,3.0,0.1395348837209302,0.8571428571428571,47.0,0.0,0.0,-1.0,1
6550.0,36.0,22.45,251.68,24.0,8.0,1.0,72000.0,1.0,0.0,31.64,14.0,0.0,9955.0,88.9,18.0,0.0,0.0,0.0,0.0,692.0,3.0,0.0909722222222222,0.7777777777777778,175.0,0.0,0.0,-1.0,1
22499.763671875,36.0,17.27,805.2125537109375,16.0,0.0,1.0,42632.53515625,1.0,0.0,27.64318504333496,27.0,1.0,14518.208984375,62.17501220703125,30.0,0.0,0.0,0.0,1.0,662.0,3.0,0.52776038646698,0.9,121.0,0.0082644628099173,0.0082644628099173,1.0,0
5000.0,36.0,11.99,166.05,10.0,3.0,1.0,35000.0,1.0,10.0,29.01,12.0,0.0,9947.0,32.2,20.0,0.0,0.0,0.0,0.0,702.0,3.0,0.1428571428571428,0.6,253.0,0.0,0.0,-1.0,1
26400.0,60.0,7.39,527.63,3.0,10.0,1.0,60000.0,2.0,0.0,16.46,14.0,0.0,1593.0,2.9,22.0,0.0,0.0,0.0,0.0,727.0,3.0,0.44,0.6363636363636364,155.0,0.0,0.0,-1.0,0
3350.0,36.0,5.32,100.89,0.0,7.0,1.0,70000.0,0.0,0.0,15.12,16.0,0.0,1570.0,3.7,35.0,0.0,0.0,0.0,0.0,742.0,3.0,0.0478571428571428,0.4571428571428571,197.0,0.0,0.0,-1.0,0
5000.0,36.0,11.47,164.81,9.0,4.0,1.0,44500.0,1.0,4.0,16.06,7.0,0.0,3433.0,64.8,9.0,0.0,0.0,0.0,0.0,682.0,3.0,0.1123595505617977,0.7777777777777778,62.0,0.0,0.0,-1.0,1
13000.0,36.0,7.89,406.72,4.0,9.0,1.0,132000.0,0.0,4.0,14.95,7.0,0.0,21548.0,55.5,19.0,0.0,0.0,0.0,0.0,697.0,3.0,0.0984848484848484,0.3684210526315789,101.0,0.0,0.0,-1.0,0
28000.0,36.0,7.89,876.0,4.0,8.0,0.0,150000.0,0.0,0.0,21.01,23.0,0.0,60928.0,57.2,42.0,0.0,0.0,4.0,0.0,712.0,3.0,0.1866666666666666,0.5476190476190477,536.0,0.0,0.0,-1.0,0
20000.0,36.0,5.32,602.3,0.0,0.0,1.0,70000.0,2.0,0.0,11.11,16.0,0.0,26668.0,39.2,40.0,1.0,0.0,1.0,0.0,747.0,3.0,0.2857142857142857,0.4,252.0,0.0,0.0,-1.0,0
10000.0,36.0,18.25,362.78,17.0,2.0,1.0,26000.0,0.0,4.0,36.06,8.0,0.0,11988.0,58.2,8.0,0.0,0.0,0.0,0.0,687.0,3.0,0.3846153846153846,1.0,49.0,0.0,0.0,-1.0,0
24825.0,36.0,20.75,932.11,21.0,9.0,1.0,69000.0,1.0,2.0,5.36,3.0,0.0,0.0,0.0,19.0,0.0,0.0,0.0,0.0,787.0,3.0,0.3597826086956521,0.1578947368421052,144.0,0.0,0.0,-1.0,1
5000.0,36.0,9.75,160.75,7.0,10.0,1.0,130000.0,1.0,0.0,0.94,5.0,0.0,3399.0,72.3,15.0,0.0,0.0,2.0,0.0,662.0,3.0,0.0384615384615384,0.3333333333333333,158.0,0.0,0.0,-1.0,0
3850.0,36.0,12.99,129.71,11.0,10.0,0.0,30000.0,1.0,5.0,15.6,5.0,1.0,687.0,8.5,15.0,0.0,0.0,0.0,1.0,722.0,3.0,0.1283333333333333,0.3333333333333333,279.0,0.003584229390681,0.003584229390681,1.0,0
7100.0,36.0,22.45,272.81,24.0,3.0,2.0,23000.0,1.0,2.0,15.61,14.0,0.0,3292.0,33.9,27.0,0.0,0.0,0.0,0.0,667.0,3.0,0.308695652173913,0.5185185185185185,89.0,0.0,0.0,-1.0,0
24000.0,36.0,15.31,835.62,14.0,8.0,0.0,110000.0,2.0,0.0,15.34,11.0,0.0,12783.0,82.5,17.0,0.0,0.0,1.0,0.0,677.0,3.0,0.2181818181818181,0.6470588235294118,110.0,0.0,0.0,-1.0,1
9200.0,36.0,10.75,300.11,8.0,6.0,0.0,84000.0,1.0,0.0,22.33,14.0,0.0,24584.0,66.6,44.0,0.0,0.0,0.0,0.0,682.0,3.0,0.1095238095238095,0.3181818181818182,190.0,0.0,0.0,-1.0,0
7000.0,36.0,11.99,232.47,10.0,2.0,1.0,30000.0,0.0,0.0,13.32,11.0,1.0,6929.0,47.8,26.0,0.0,0.0,0.0,1.0,662.0,3.0,0.2333333333333333,0.4230769230769231,151.0,0.0066225165562913,0.0066225165562913,1.0,1
6891.63623046875,36.0,21.97,263.0882873535156,23.0,5.0,0.0,863227.1875,1.0,4.0,34.233345947265626,10.0,0.0,150033.046875,49.61865310668945,15.0,1.0,0.0,2.0,0.0,707.0,3.0,0.007983565330505371,0.6666666619917926,228.0,0.0,0.0,-1.0,1
10000.0,36.0,10.75,326.21,8.0,3.0,1.0,80000.0,1.0,0.0,4.7,4.0,0.0,10101.0,98.1,10.0,0.0,0.0,0.0,0.0,687.0,3.0,0.125,0.4,156.0,0.0,0.0,-1.0,0
24000.0,36.0,24.99,954.11,27.0,10.0,0.0,85000.0,0.0,0.0,11.81,8.0,0.0,18874.0,77.7,10.0,1.0,0.0,0.0,0.0,662.0,3.0,0.2823529411764706,0.8,176.0,0.0,0.0,-1.0,1
5000.0,36.0,5.32,150.58,0.0,4.0,0.0,55000.0,0.0,4.0,7.84,15.0,0.0,10771.0,17.8,31.0,0.0,0.0,0.0,0.0,717.0,3.0,0.0909090909090909,0.4838709677419355,95.0,0.0,0.0,-1.0,0
17150.0,60.0,25.88,512.27,28.0,1.0,2.0,65000.0,1.0,2.0,11.84,10.0,0.0,10155.0,24.9,29.0,0.0,0.0,0.0,0.0,682.0,3.0,0.2638461538461538,0.3448275862068966,104.0,0.0,0.0,-1.0,0
25000.0,60.0,6.49,489.04,1.0,8.0,1.0,150000.0,0.0,0.0,8.88,16.0,1.0,20486.0,44.2,30.0,0.0,0.0,0.0,0.0,717.0,3.0,0.1666666666666666,0.5333333333333333,172.0,0.005813953488372,0.0,0.0,1
10000.0,36.0,14.46,344.02,13.0,2.0,2.0,30000.0,0.0,4.0,17.68,16.0,0.0,8644.0,47.8,18.0,0.0,0.0,0.0,0.0,692.0,3.0,0.3333333333333333,0.8888888888888888,58.0,0.0,0.0,-1.0,1
14987.5556640625,36.0,11.47,494.01645629882813,9.0,0.0,2.0,229207.625,2.0,0.0,23.119844856262205,11.0,0.0,26114.05859375,38.031619262695315,24.0,0.0,0.0,4.0,0.0,732.0,3.0,0.06538857123519803,0.4583333333333333,268.0,0.0,0.0,-1.0,0
30000.0,60.0,8.39,613.91,5.0,8.0,1.0,95320.0,1.0,0.0,9.23,15.0,0.0,6285.0,15.6,19.0,0.0,0.0,0.0,0.0,767.0,3.0,0.3147293327738145,0.7894736842105263,100.0,0.0,0.0,-1.0,0
3600.0,36.0,22.45,138.33,24.0,0.0,2.0,24000.0,2.0,5.0,46.7,9.0,0.0,3355.0,39.5,31.0,1.0,0.0,3.0,0.0,692.0,3.0,0.15,0.2903225806451613,140.0,0.0,0.0,-1.0,0
3000.0,36.0,5.32,90.35,0.0,10.0,0.0,53000.0,0.0,0.0,11.19,12.0,0.0,220.0,5.5,24.0,0.0,0.0,4.0,0.0,762.0,3.0,0.0566037735849056,0.5,163.0,0.0,0.0,-1.0,0
32000.0,36.0,8.39,1008.54,5.0,6.0,1.0,100000.0,0.0,6.0,12.3,14.0,0.0,7243.0,16.4,18.0,0.0,0.0,0.0,0.0,747.0,3.0,0.32,0.7777777777777778,84.0,0.0,0.0,-1.0,0
9500.0,36.0,20.75,356.7,21.0,5.0,2.0,28000.0,0.0,0.0,37.85,27.0,0.0,5567.0,18.1,32.0,1.0,0.0,0.0,0.0,772.0,3.0,0.3392857142857143,0.84375,134.0,0.0,0.0,-1.0,0
6000.0,36.0,7.89,187.72,4.0,6.0,1.0,26000.0,0.0,0.0,21.84,18.0,0.0,2636.0,65.9,23.0,0.0,0.0,0.0,0.0,672.0,3.0,0.2307692307692307,0.782608695652174,150.0,0.0,0.0,-1.0,1
6200.0,36.0,16.29,218.87,15.0,7.0,1.0,35360.0,1.0,0.0,19.76,7.0,0.0,4103.0,47.2,12.0,0.0,0.0,0.0,0.0,707.0,3.0,0.1753393665158371,0.5833333333333334,62.0,0.0,0.0,-1.0,1
9750.0,36.0,19.53,360.02,19.0,1.0,0.0,50000.0,1.0,0.0,10.08,6.0,0.0,9279.0,44.8,7.0,1.0,0.0,1.0,0.0,677.0,3.0,0.195,0.8571428571428571,117.0,0.0,0.0,-1.0,1
12039.578125,36.0,6.97,371.58087646484375,2.0,9.0,0.0,388958.15625,0.0,8.0,-0.34346427917480504,11.0,0.0,0.0,57.13957901000977,18.0,0.0,0.0,1.0,0.0,707.0,3.0,0.0309534034398026,0.6111111076254594,172.0,0.0,0.0,-1.0,0
28000.0,36.0,12.99,943.3,11.0,10.0,0.0,85000.0,0.0,0.0,27.97,23.0,0.0,37962.0,52.9,46.0,0.0,0.0,4.0,0.0,727.0,3.0,0.3294117647058823,0.5,252.0,0.0,0.0,-1.0,0
10000.0,36.0,10.75,326.21,8.0,5.0,0.0,40000.0,1.0,0.0,18.32,12.0,0.0,4582.0,26.0,23.0,1.0,0.0,1.0,0.0,662.0,3.0,0.25,0.5217391304347826,159.0,0.0,0.0,-1.0,0
20700.0,36.0,17.27,740.8,16.0,7.0,2.0,45000.0,2.0,5.0,28.53,12.0,1.0,10014.0,39.1,28.0,0.0,0.0,0.0,1.0,707.0,3.0,0.46,0.4285714285714285,162.0,0.0061728395061728,0.0061728395061728,1.0,1
9000.0,36.0,13.67,306.16,12.0,3.0,0.0,54000.0,1.0,0.0,9.24,7.0,0.0,9866.0,94.9,25.0,1.0,0.0,1.0,0.0,672.0,3.0,0.1666666666666666,0.28,152.0,0.0,0.0,-1.0,0
9000.0,36.0,11.47,296.66,9.0,1.0,1.0,57000.0,1.0,0.0,25.07,11.0,0.0,10758.0,41.7,29.0,1.0,0.0,0.0,0.0,677.0,3.0,0.1578947368421052,0.3793103448275862,188.0,0.0,0.0,-1.0,0
8500.0,36.0,12.99,286.36,11.0,5.0,0.0,135000.0,1.0,5.0,6.11,7.0,0.0,2698.0,23.7,19.0,0.0,0.0,5.0,0.0,702.0,3.0,0.0629629629629629,0.3684210526315789,255.0,0.0,0.0,-1.0,0
20000.0,36.0,13.67,680.36,12.0,10.0,0.0,120000.0,0.0,0.0,5.77,9.0,6.0,9248.0,54.4,15.0,1.0,0.0,1.0,0.0,692.0,3.0,0.1666666666666666,0.6,213.0,0.028169014084507,0.0,0.0,0
4800.0,36.0,9.16,153.0,6.0,10.0,1.0,62500.0,1.0,4.0,18.85,14.0,0.0,30241.0,80.4,23.0,0.0,0.0,2.0,0.0,697.0,3.0,0.0768,0.6086956521739131,167.0,0.0,0.0,-1.0,0
17968.44921875,36.0,11.99,596.72482421875,10.0,10.0,0.0,973455.25,2.0,0.0,92.06851348876953,23.0,1.0,6623.2509765625,114.35853652954101,34.0,0.0,0.0,1.0,1.0,692.0,3.0,0.01845842729878898,0.6764705906043181,349.0,0.0028653295128939,0.0028653295128939,1.0,0
14000.0,36.0,6.49,429.03,1.0,2.0,1.0,147000.0,0.0,4.0,15.76,10.0,0.0,14078.0,72.9,39.0,0.0,0.0,0.0,0.0,717.0,3.0,0.0952380952380952,0.2564102564102564,161.0,0.0,0.0,-1.0,0
8000.0,36.0,17.27,286.3,16.0,7.0,1.0,150000.0,1.0,5.0,15.54,12.0,0.0,15168.0,60.7,22.0,1.0,0.0,0.0,0.0,702.0,3.0,0.0533333333333333,0.5454545454545454,188.0,0.0,0.0,-1.0,0
18000.0,60.0,11.99,400.31,10.0,10.0,2.0,127000.0,1.0,4.0,9.12,9.0,0.0,25034.0,74.7,48.0,0.0,0.0,2.0,0.0,672.0,3.0,0.1417322834645669,0.1875,251.0,0.0,0.0,-1.0,0
10775.0,36.0,13.67,366.54,12.0,3.0,1.0,40000.0,2.0,0.0,17.76,8.0,0.0,14805.0,75.9,16.0,0.0,0.0,0.0,0.0,672.0,3.0,0.269375,0.5,349.0,0.0,0.0,-1.0,0
13000.0,36.0,12.99,437.96,11.0,8.0,0.0,60000.0,0.0,0.0,33.92,22.0,0.0,16682.0,51.3,34.0,1.0,0.0,1.0,0.0,667.0,3.0,0.2166666666666666,0.6470588235294118,201.0,0.0,0.0,-1.0,0
14000.0,36.0,9.16,446.24,6.0,10.0,0.0,65000.0,2.0,2.0,9.99,5.0,0.0,11705.0,95.0,16.0,0.0,0.0,1.0,0.0,727.0,3.0,0.2153846153846154,0.3125,166.0,0.0,0.0,-1.0,1
7200.0,36.0,11.99,239.11,10.0,10.0,0.0,32000.0,1.0,4.0,32.45,11.0,4.0,5709.0,39.6,17.0,0.0,0.0,0.0,0.0,677.0,3.0,0.225,0.6470588235294118,113.0,0.0353982300884955,0.0,0.0,0
6000.0,36.0,11.47,197.78,9.0,8.0,0.0,82000.0,1.0,2.0,17.55,15.0,0.0,19803.0,76.5,18.0,0.0,0.0,3.0,0.0,672.0,3.0,0.073170731707317,0.8333333333333334,307.0,0.0,0.0,-1.0,0
10025.0,36.0,11.99,332.93,10.0,0.0,1.0,90000.0,1.0,0.0,6.25,8.0,0.0,17944.0,29.3,15.0,1.0,0.0,0.0,0.0,667.0,3.0,0.1113888888888888,0.5333333333333333,170.0,0.0,0.0,-1.0,0
9993.4306640625,36.0,13.67,339.9529187011719,12.0,6.0,1.0,268007.78125,1.0,0.0,14.351563606262207,8.0,0.0,49319.24609375,90.47767791748046,18.0,0.0,0.0,1.0,0.0,662.0,3.0,0.037287838437727476,0.4444444444444444,296.0,0.0,0.0,-1.0,1
3400.0,36.0,14.46,116.97,13.0,10.0,0.0,25000.0,2.0,0.0,14.98,5.0,0.0,10017.0,91.0,11.0,1.0,0.0,2.0,0.0,667.0,3.0,0.136,0.4545454545454545,187.0,0.0,0.0,-1.0,0
8400.0,36.0,9.16,267.75,6.0,3.0,0.0,78200.0,1.0,0.0,5.71,20.0,0.0,8535.0,29.3,36.0,0.0,0.0,4.0,0.0,722.0,3.0,0.1074168797953964,0.5555555555555556,296.0,0.0,0.0,-1.0,0
7500.0,36.0,10.75,244.66,8.0,0.0,0.0,51000.0,1.0,2.0,16.56,6.0,0.0,1569.0,29.6,16.0,1.0,0.0,1.0,0.0,697.0,3.0,0.1470588235294117,0.375,166.0,0.0,0.0,-1.0,0
20000.0,36.0,8.39,630.34,5.0,7.0,0.0,105000.0,0.0,0.0,10.27,6.0,2.0,13756.0,76.0,9.0,0.0,0.0,0.0,0.0,687.0,3.0,0.1904761904761904,0.6666666666666666,163.0,0.0122699386503067,0.0,0.0,0
6000.0,36.0,8.39,189.1,5.0,0.0,0.0,40000.0,1.0,5.0,25.53,12.0,6.0,3471.0,24.3,19.0,0.0,0.0,1.0,0.0,682.0,3.0,0.15,0.631578947368421,248.0,0.0241935483870967,0.0,0.0,0
25200.0,60.0,13.67,582.06,12.0,4.0,1.0,69339.34,2.0,0.0,26.95,8.0,0.0,11677.0,59.0,35.0,0.0,0.0,0.0,0.0,682.0,3.0,0.3634300528386915,0.2285714285714285,235.0,0.0,0.0,-1.0,1
12000.0,60.0,18.25,306.36,17.0,6.0,0.0,69000.0,0.0,0.0,27.84,23.0,0.0,35304.0,67.1,37.0,0.0,0.0,4.0,0.0,662.0,3.0,0.1739130434782608,0.6216216216216216,179.0,0.0,0.0,-1.0,0
10000.0,36.0,17.27,357.88,16.0,2.0,1.0,37000.0,1.0,4.0,28.61,13.0,0.0,6994.0,36.4,42.0,1.0,0.0,0.0,0.0,682.0,3.0,0.2702702702702703,0.3095238095238095,92.0,0.0,0.0,-1.0,1
18000.0,36.0,13.67,612.32,12.0,5.0,0.0,65117.0,2.0,0.0,21.8,10.0,0.0,6777.0,55.1,23.0,0.0,0.0,1.0,0.0,672.0,3.0,0.276425511003271,0.4347826086956521,230.0,0.0,0.0,-1.0,0
6500.0,36.0,13.67,221.12,12.0,3.0,1.0,43000.0,1.0,4.0,22.86,6.0,0.0,3955.0,54.2,9.0,0.0,0.0,0.0,0.0,667.0,3.0,0.1511627906976744,0.6666666666666666,121.0,0.0,0.0,-1.0,0
5300.0,36.0,18.99,194.26,18.0,10.0,1.0,45000.0,1.0,0.0,19.01,10.0,0.0,5288.0,24.8,13.0,0.0,0.0,0.0,0.0,672.0,3.0,0.1177777777777777,0.7692307692307693,389.0,0.0,0.0,-1.0,1
6135.49560546875,36.0,10.75,200.14253662109374,8.0,7.0,0.0,30130.951171875,1.0,1.0,62.96077774047852,7.0,0.0,133340.25,108.60884552001953,10.0,1.0,0.0,2.0,0.0,662.0,3.0,0.20362767845392227,0.6999999989162792,62.0,0.0,0.0,-1.0,0
5000.0,36.0,16.29,176.51,15.0,6.0,1.0,25000.0,2.0,4.0,8.93,13.0,0.0,4958.0,53.9,13.0,0.0,0.0,0.0,0.0,667.0,3.0,0.2,1.0,38.0,0.0,0.0,-1.0,1
35000.0,36.0,14.46,1204.06,13.0,7.0,0.0,102000.0,1.0,4.0,13.33,29.0,0.0,13938.0,15.2,37.0,0.0,0.0,1.0,0.0,747.0,3.0,0.3431372549019608,0.7837837837837838,101.0,0.0,0.0,-1.0,0
8400.0,36.0,7.89,262.8,4.0,4.0,0.0,75000.0,1.0,4.0,11.98,9.0,0.0,12779.0,61.1,40.0,0.0,0.0,3.0,0.0,692.0,3.0,0.112,0.225,387.0,0.0,0.0,-1.0,0
26000.0,36.0,12.99,875.92,11.0,10.0,1.0,73000.0,2.0,0.0,34.64,12.0,0.0,22779.0,57.1,34.0,0.0,0.0,2.0,0.0,662.0,3.0,0.3561643835616438,0.3529411764705882,329.0,0.0,0.0,-1.0,0
6600.0,36.0,11.47,217.55,9.0,5.0,1.0,52000.0,1.0,5.0,30.67,17.0,0.0,4289.0,26.6,51.0,0.0,0.0,0.0,0.0,697.0,3.0,0.1269230769230769,0.3333333333333333,124.0,0.0,0.0,-1.0,1
14575.0,36.0,17.27,521.6,16.0,4.0,0.0,67000.0,0.0,0.0,32.74,18.0,1.0,17076.0,70.6,27.0,1.0,0.0,2.0,1.0,667.0,3.0,0.2175373134328358,0.6666666666666666,176.0,0.0056818181818181,0.0056818181818181,1.0,0
11179.3583984375,36.0,10.75,364.6755004882813,8.0,2.0,1.0,45226.73046875,2.0,0.0,6.0738907814025875,7.0,2.0,22149.88671875,46.02682876586914,11.0,1.0,0.0,0.0,2.0,662.0,3.0,0.24718476080376167,0.6363636363636364,223.0,0.0089686098654708,0.0089686098654708,1.0,1
12500.0,36.0,10.75,407.76,8.0,4.0,1.0,72000.0,1.0,4.0,18.37,13.0,0.0,10175.0,47.8,23.0,0.0,0.0,0.0,0.0,682.0,3.0,0.1736111111111111,0.5652173913043478,75.0,0.0,0.0,-1.0,0
35000.0,60.0,24.99,1027.1,27.0,10.0,2.0,149000.0,2.0,0.0,11.66,7.0,0.0,20425.0,91.6,14.0,0.0,0.0,2.0,0.0,662.0,3.0,0.2348993288590604,0.5,148.0,0.0,0.0,-1.0,0
14150.0,60.0,15.31,338.94,14.0,9.0,1.0,32000.0,2.0,0.0,19.91,13.0,0.0,11466.0,31.7,58.0,0.0,0.0,1.0,0.0,702.0,3.0,0.4421875,0.2241379310344827,197.0,0.0,0.0,-1.0,0
21850.0,60.0,18.99,566.69,18.0,10.0,0.0,65000.0,2.0,0.0,23.58,10.0,0.0,41845.0,100.3,21.0,0.0,0.0,6.0,0.0,697.0,3.0,0.3361538461538461,0.4761904761904761,283.0,0.0,0.0,-1.0,1
25000.0,36.0,5.32,752.87,0.0,0.0,1.0,300000.0,1.0,4.0,4.4,15.0,0.0,2541.0,3.5,59.0,0.0,0.0,1.0,0.0,777.0,3.0,0.0833333333333333,0.2542372881355932,205.0,0.0,0.0,-1.0,0
11200.0,60.0,15.31,268.28,14.0,10.0,1.0,75000.0,2.0,5.0,17.49,15.0,0.0,4961.0,25.2,27.0,0.0,0.0,0.0,0.0,702.0,3.0,0.1493333333333333,0.5555555555555556,129.0,0.0,0.0,-1.0,1
34906.24609375,60.0,22.45,973.0242163085937,24.0,2.0,0.0,195774.875,1.0,2.0,-1.0000000381469727,11.0,0.0,224834.171875,39.204566192626956,28.0,0.0,0.0,4.0,0.0,702.0,3.0,0.17829787631829577,0.3928571428571428,190.0,0.0,0.0,-1.0,0
6000.0,36.0,13.67,204.11,12.0,0.0,1.0,19000.0,1.0,0.0,17.18,9.0,0.0,11486.0,66.4,30.0,0.0,0.0,1.0,0.0,677.0,3.0,0.3157894736842105,0.3,159.0,0.0,0.0,-1.0,0
30000.0,36.0,5.32,903.45,0.0,8.0,0.0,160000.0,1.0,2.0,3.43,8.0,0.0,1975.0,2.1,19.0,0.0,0.0,7.0,0.0,837.0,3.0,0.1875,0.4210526315789473,209.0,0.0,0.0,-1.0,0
3000.0,36.0,9.16,95.63,6.0,10.0,2.0,72000.0,1.0,5.0,11.37,6.0,0.0,1764.0,29.9,17.0,1.0,0.0,0.0,0.0,667.0,3.0,0.0416666666666666,0.3529411764705882,220.0,0.0,0.0,-1.0,0
12707.7041015625,36.0,5.32,382.69432373046874,0.0,6.0,1.0,304755.65625,0.0,4.0,0.40192621231079073,10.0,0.0,184840.734375,21.15806427001953,29.0,0.0,0.0,0.0,0.0,687.0,3.0,0.041698011447643374,0.3448275862068966,250.0,0.0,0.0,-1.0,0
11081.65234375,60.0,17.27,277.0190319824219,16.0,1.0,1.0,638704.625,1.0,1.0,50.99835632324219,8.0,1.0,170251.328125,125.11146087646485,27.0,0.0,0.0,1.0,1.0,662.0,3.0,0.017350199818611148,0.29629628704144406,193.0,0.005181347150259,0.005181347150259,1.0,0
15000.0,36.0,8.39,472.75,5.0,10.0,1.0,55500.0,1.0,4.0,10.66,5.0,1.0,1853.0,43.1,9.0,0.0,0.0,0.0,1.0,672.0,4.0,0.2702702702702703,0.5555555555555556,380.0,0.0026315789473684,0.0026315789473684,1.0,0
22503.98046875,36.0,13.67,765.5322021484375,12.0,10.0,1.0,155788.328125,1.0,4.0,20.802775802612306,13.0,0.0,23227.580078125,61.21654510498047,21.0,0.0,0.0,2.0,0.0,697.0,4.0,0.14445228416186104,0.6190476190476191,199.0,0.0,0.0,-1.0,0
10200.0,36.0,11.99,338.74,10.0,3.0,0.0,45000.0,1.0,0.0,27.63,7.0,0.0,10072.0,67.6,15.0,1.0,0.0,0.0,0.0,677.0,4.0,0.2266666666666666,0.4666666666666667,115.0,0.0,0.0,-1.0,0
15000.0,60.0,13.67,346.47,12.0,7.0,0.0,90000.0,2.0,0.0,25.28,18.0,0.0,17255.0,44.0,29.0,0.0,0.0,1.0,0.0,687.0,4.0,0.1666666666666666,0.6206896551724138,247.0,0.0,0.0,-1.0,0
10000.0,36.0,7.39,310.56,3.0,2.0,1.0,100000.0,0.0,5.0,13.7,12.0,0.0,2309.0,9.3,35.0,0.0,0.0,0.0,0.0,797.0,4.0,0.1,0.3428571428571428,160.0,0.0,0.0,-1.0,0
6925.0,36.0,26.14,279.53,28.0,5.0,1.0,20437.0,1.0,0.0,47.86,15.0,0.0,10853.0,41.3,18.0,0.0,0.0,0.0,0.0,682.0,4.0,0.3388462103048392,0.8333333333333334,49.0,0.0,0.0,-1.0,0
32000.0,36.0,18.25,1160.9,17.0,2.0,2.0,106000.0,2.0,0.0,33.3,17.0,0.0,12403.0,37.7,53.0,1.0,0.0,1.0,0.0,662.0,4.0,0.3018867924528302,0.320754716981132,159.0,0.0,0.0,-1.0,1
21700.0,36.0,17.27,776.59,16.0,1.0,0.0,110000.0,2.0,0.0,13.68,12.0,0.0,5567.0,58.0,26.0,1.0,0.0,0.0,0.0,662.0,4.0,0.1972727272727272,0.4615384615384615,138.0,0.0,0.0,-1.0,1
35000.0,36.0,17.27,1252.56,16.0,2.0,0.0,120000.0,1.0,0.0,38.06,18.0,0.0,48152.0,62.1,37.0,1.0,0.0,1.0,0.0,662.0,4.0,0.2916666666666667,0.4864864864864865,269.0,0.0,0.0,-1.0,1
21000.0,60.0,23.99,604.01,23.0,10.0,1.0,220000.0,1.0,0.0,11.34,12.0,0.0,32224.0,58.4,28.0,0.0,0.0,4.0,0.0,697.0,4.0,0.0954545454545454,0.4285714285714285,165.0,0.0,0.0,-1.0,0
18000.0,36.0,11.99,597.78,10.0,7.0,1.0,51113.0,1.0,0.0,18.22,7.0,0.0,9036.0,75.9,16.0,1.0,0.0,0.0,0.0,682.0,4.0,0.3521608984015808,0.4375,152.0,0.0,0.0,-1.0,1
20000.0,36.0,5.32,602.3,0.0,10.0,0.0,52000.0,1.0,0.0,14.08,13.0,0.0,8859.0,9.4,23.0,0.0,0.0,1.0,0.0,812.0,4.0,0.3846153846153846,0.5652173913043478,299.0,0.0,0.0,-1.0,0
20011.259765625,36.0,7.89,626.0663745117188,4.0,1.0,0.0,89761.421875,2.0,0.0,27.153919372558594,8.0,0.0,37489.3046875,54.3634635925293,35.0,0.0,0.0,3.0,0.0,737.0,4.0,0.22293831251169496,0.2285714434725897,259.0,0.0,0.0,-1.0,0
11600.0,36.0,24.99,461.16,24.0,2.0,1.0,65000.0,0.0,1.0,21.88,8.0,0.0,5435.0,81.1,19.0,1.0,0.0,0.0,0.0,667.0,4.0,0.1784615384615384,0.4210526315789473,151.0,0.0,0.0,-1.0,1
8000.0,36.0,11.99,265.68,10.0,5.0,0.0,56000.0,1.0,0.0,20.12,12.0,0.0,61450.0,48.5,25.0,0.0,0.0,0.0,0.0,712.0,4.0,0.1428571428571428,0.48,155.0,0.0,0.0,-1.0,1
26400.0,60.0,23.13,746.21,25.0,1.0,0.0,110000.0,0.0,0.0,24.13,17.0,0.0,44891.0,61.8,28.0,0.0,0.0,3.0,0.0,682.0,4.0,0.24,0.6071428571428571,98.0,0.0,0.0,-1.0,0
19875.0,60.0,14.46,467.21,13.0,10.0,0.0,65000.0,0.0,0.0,15.97,11.0,0.0,9088.0,43.7,22.0,1.0,0.0,5.0,0.0,722.0,4.0,0.3057692307692308,0.5,211.0,0.0,0.0,-1.0,0
24000.0,60.0,19.99,635.72,20.0,8.0,0.0,70000.0,0.0,0.0,9.82,12.0,0.0,16591.0,53.0,16.0,0.0,0.0,1.0,0.0,682.0,4.0,0.3428571428571428,0.75,120.0,0.0,0.0,-1.0,0
28000.0,60.0,8.39,572.98,5.0,6.0,0.0,69000.0,0.0,0.0,25.77,14.0,0.0,38546.0,60.5,28.0,1.0,0.0,5.0,0.0,727.0,4.0,0.4057971014492754,0.5,187.0,0.0,0.0,-1.0,0
6000.0,36.0,17.27,214.73,16.0,0.0,0.0,30000.0,1.0,0.0,38.16,9.0,1.0,1994.0,14.6,18.0,1.0,0.0,0.0,1.0,717.0,4.0,0.2,0.5,165.0,0.006060606060606,0.006060606060606,1.0,1
5000.0,36.0,13.67,170.09,12.0,3.0,2.0,84000.0,1.0,0.0,8.27,7.0,0.0,5209.0,50.6,27.0,0.0,0.0,0.0,0.0,692.0,4.0,0.0595238095238095,0.2592592592592592,234.0,0.0,0.0,-1.0,0
12100.0,36.0,24.99,481.03,24.0,2.0,1.0,50000.0,1.0,0.0,14.19,12.0,1.0,2894.0,35.7,23.0,1.0,0.0,0.0,1.0,667.0,4.0,0.242,0.5217391304347826,142.0,0.0070422535211267,0.0070422535211267,1.0,0
10000.0,36.0,18.99,366.51,18.0,8.0,1.0,56000.0,1.0,0.0,16.65,8.0,0.0,4409.0,47.9,10.0,0.0,0.0,0.0,0.0,702.0,4.0,0.1785714285714285,0.8,168.0,0.0,0.0,-1.0,1
12000.0,36.0,19.99,445.91,19.0,9.0,0.0,80000.0,2.0,0.0,18.42,20.0,2.0,22192.0,48.7,29.0,0.0,0.0,1.0,1.0,672.0,4.0,0.15,0.6896551724137931,282.0,0.0070921985815602,0.0035460992907801,0.5,1
25000.0,60.0,24.11,720.8,26.0,5.0,1.0,150000.0,0.0,0.0,26.11,30.0,0.0,49938.0,30.5,46.0,0.0,0.0,0.0,0.0,707.0,4.0,0.1666666666666666,0.6521739130434783,240.0,0.0,0.0,-1.0,1
11000.0,36.0,15.31,383.0,14.0,10.0,2.0,75000.0,1.0,0.0,17.66,11.0,0.0,8981.0,69.6,17.0,1.0,0.0,0.0,0.0,667.0,4.0,0.1466666666666666,0.6470588235294118,122.0,0.0,0.0,-1.0,0
5000.0,36.0,14.46,172.01,13.0,8.0,0.0,50000.0,0.0,4.0,21.58,10.0,0.0,17288.0,84.0,15.0,1.0,0.0,0.0,0.0,662.0,4.0,0.1,0.6666666666666666,232.0,0.0,0.0,-1.0,1
21600.0,60.0,19.99,572.15,19.0,1.0,0.0,64000.0,1.0,4.0,30.81,11.0,1.0,14574.0,59.0,18.0,0.0,0.0,4.0,1.0,687.0,4.0,0.3375,0.6111111111111112,150.0,0.0066666666666666,0.0066666666666666,1.0,1
6000.0,36.0,9.75,192.9,7.0,10.0,1.0,60000.0,1.0,0.0,6.02,6.0,0.0,8184.0,77.2,9.0,0.0,0.0,0.0,0.0,677.0,4.0,0.1,0.6666666666666666,327.0,0.0,0.0,-1.0,0
35000.0,60.0,23.99,1006.68,23.0,10.0,1.0,125000.0,2.0,0.0,7.41,9.0,1.0,16357.0,75.0,35.0,0.0,0.0,3.0,0.0,662.0,4.0,0.28,0.2571428571428571,269.0,0.0037174721189591,0.0,0.0,0
10000.0,36.0,6.97,308.64,2.0,2.0,0.0,75000.0,0.0,0.0,11.36,10.0,0.0,8503.0,11.0,22.0,1.0,0.0,3.0,0.0,722.0,4.0,0.1333333333333333,0.4545454545454545,216.0,0.0,0.0,-1.0,0
11275.0,36.0,14.46,387.88,13.0,2.0,1.0,44000.0,0.0,0.0,32.3,13.0,0.0,15321.0,30.8,29.0,0.0,0.0,0.0,0.0,732.0,4.0,0.25625,0.4482758620689655,113.0,0.0,0.0,-1.0,1
24000.0,36.0,10.75,782.9,8.0,10.0,1.0,57500.0,2.0,4.0,22.27,9.0,0.0,13361.0,86.2,24.0,0.0,0.0,0.0,0.0,667.0,4.0,0.417391304347826,0.375,386.0,0.0,0.0,-1.0,0
14600.0,36.0,14.46,502.27,13.0,0.0,1.0,47000.0,1.0,9.0,12.9,5.0,0.0,4267.0,29.2,14.0,0.0,0.0,1.0,0.0,697.0,4.0,0.3106382978723404,0.3571428571428571,235.0,0.0,0.0,-1.0,0
16018.216796875,36.0,8.39,504.842265625,5.0,10.0,1.0,190643.828125,2.0,3.0,30.588182754516602,6.0,1.0,209272.90625,56.034889221191406,18.0,1.0,0.0,2.0,1.0,692.0,4.0,0.08402168234189347,0.3333333399560716,419.0,0.0023866348448687,0.0023866348448687,1.0,0
35000.0,36.0,9.16,1115.6,6.0,10.0,0.0,110000.0,2.0,0.0,12.57,13.0,0.0,58213.0,61.0,26.0,0.0,0.0,2.0,0.0,692.0,4.0,0.3181818181818182,0.5,222.0,0.0,0.0,-1.0,0
27991.44921875,36.0,6.49,857.7893188476562,1.0,3.0,0.0,202622.984375,0.0,2.0,10.365109672546387,14.0,0.0,0.0,15.87414379119873,22.0,0.0,0.0,0.0,0.0,737.0,4.0,0.13814547558625537,0.6363636363636364,164.0,0.0,0.0,-1.0,0
20000.0,36.0,7.89,625.72,4.0,10.0,0.0,93000.0,1.0,0.0,31.3,16.0,0.0,11646.0,23.2,42.0,0.0,0.0,3.0,0.0,712.0,4.0,0.2150537634408602,0.3809523809523809,165.0,0.0,0.0,-1.0,0
10000.4189453125,36.0,10.75,326.21802612304685,8.0,5.0,1.0,239306.59375,1.0,0.0,18.279647216796874,4.0,0.0,12070.2470703125,28.034759521484375,6.0,0.0,0.0,0.0,0.0,712.0,4.0,0.04178914262188804,0.6666666666666666,42.0,0.0,0.0,-1.0,0
6000.0,36.0,5.32,180.69,0.0,5.0,2.0,36000.0,1.0,0.0,12.13,10.0,0.0,6543.0,20.4,15.0,0.0,0.0,3.0,0.0,747.0,4.0,0.1666666666666666,0.6666666666666666,171.0,0.0,0.0,-1.0,0
12000.0,36.0,5.32,361.38,0.0,8.0,0.0,60000.0,1.0,4.0,6.88,6.0,0.0,54599.0,55.2,14.0,0.0,0.0,3.0,0.0,742.0,4.0,0.2,0.4285714285714285,177.0,0.0,0.0,-1.0,0
6000.0,36.0,5.32,180.69,0.0,10.0,0.0,75000.0,0.0,8.0,22.26,12.0,0.0,9149.0,26.8,22.0,0.0,0.0,5.0,0.0,742.0,4.0,0.08,0.5454545454545454,251.0,0.0,0.0,-1.0,0
5000.0,36.0,5.32,150.58,0.0,1.0,0.0,80000.0,1.0,5.0,7.49,6.0,0.0,629.0,4.3,10.0,0.0,0.0,1.0,0.0,697.0,4.0,0.0625,0.6,84.0,0.0,0.0,-1.0,0
4128.275390625,36.0,6.49,126.50971801757812,1.0,10.0,1.0,716011.5625,0.0,8.0,90.64185455322266,4.0,0.0,126263.125,41.21064224243164,8.0,0.0,0.0,0.0,0.0,722.0,4.0,0.00576565451548703,0.4999999829701015,109.0,0.0,0.0,-1.0,0
10000.0,36.0,5.32,301.15,0.0,2.0,0.0,52000.0,1.0,4.0,16.16,10.0,0.0,10816.0,33.0,41.0,0.0,0.0,1.0,0.0,687.0,4.0,0.1923076923076923,0.2439024390243902,266.0,0.0,0.0,-1.0,0
13000.0,36.0,5.32,391.5,0.0,0.0,0.0,107600.0,1.0,0.0,18.58,25.0,0.0,25996.0,30.5,59.0,1.0,0.0,3.0,0.0,732.0,4.0,0.120817843866171,0.423728813559322,165.0,0.0,0.0,-1.0,0
5600.0,36.0,10.75,182.68,8.0,0.0,1.0,50000.0,1.0,4.0,11.95,3.0,0.0,8358.0,98.3,12.0,0.0,0.0,0.0,0.0,707.0,4.0,0.112,0.25,126.0,0.0,0.0,-1.0,0
35000.0,36.0,18.25,1269.73,17.0,8.0,0.0,200000.0,1.0,6.0,15.09,18.0,1.0,8954.0,40.5,32.0,0.0,0.0,4.0,1.0,707.0,4.0,0.175,0.5625,212.0,0.0047169811320754,0.0047169811320754,1.0,0
10000.0,36.0,9.75,321.5,7.0,9.0,1.0,48000.0,0.0,0.0,23.35,21.0,1.0,11482.0,53.4,30.0,0.0,0.0,0.0,1.0,677.0,4.0,0.2083333333333333,0.7,103.0,0.0097087378640776,0.0097087378640776,1.0,1
30000.0,36.0,16.29,1059.02,15.0,3.0,0.0,135000.0,1.0,2.0,31.74,13.0,0.0,10851.0,34.6,29.0,0.0,0.0,3.0,0.0,752.0,4.0,0.2222222222222222,0.4482758620689655,150.0,0.0,0.0,-1.0,1
10000.0,36.0,11.47,329.62,9.0,7.0,1.0,58000.0,2.0,0.0,18.58,8.0,1.0,1379.0,13.7,36.0,1.0,0.0,4.0,1.0,662.0,4.0,0.1724137931034483,0.2222222222222222,137.0,0.0072992700729927,0.0072992700729927,1.0,0
6700.0,36.0,14.46,230.49,13.0,5.0,0.0,157000.0,1.0,5.0,11.34,11.0,0.0,768.0,29.5,16.0,1.0,0.0,1.0,0.0,712.0,4.0,0.0426751592356687,0.6875,149.0,0.0,0.0,-1.0,0
20000.0,36.0,18.99,733.02,18.0,10.0,0.0,157000.0,2.0,0.0,37.88,27.0,0.0,96442.0,55.5,46.0,1.0,0.0,1.0,0.0,692.0,4.0,0.1273885350318471,0.5869565217391305,323.0,0.0,0.0,-1.0,1
24000.0,36.0,5.32,722.76,0.0,7.0,0.0,97500.0,0.0,0.0,22.78,14.0,0.0,26088.0,40.6,33.0,0.0,0.0,4.0,0.0,792.0,4.0,0.2461538461538461,0.4242424242424242,217.0,0.0,0.0,-1.0,0
6000.0,36.0,10.75,195.73,8.0,10.0,0.0,98000.0,0.0,0.0,8.6,13.0,1.0,14841.0,61.1,28.0,0.0,0.0,2.0,0.0,667.0,4.0,0.0612244897959183,0.4642857142857143,141.0,0.0070921985815602,0.0,0.0,0
10000.0,36.0,8.39,315.17,5.0,4.0,0.0,50000.0,0.0,4.0,24.5,24.0,1.0,6928.0,28.2,37.0,1.0,0.0,0.0,1.0,672.0,4.0,0.2,0.6486486486486487,144.0,0.0069444444444444,0.0069444444444444,1.0,0
14225.3193359375,36.0,7.39,441.7764196777344,3.0,2.0,0.0,321632.21875,0.0,4.0,41.846045379638674,18.0,0.0,174063.28125,36.89867935180664,26.0,0.0,0.0,1.0,0.0,707.0,4.0,0.04422852729757623,0.6923076923076923,245.0,0.0,0.0,-1.0,0
24000.0,36.0,10.75,782.9,8.0,10.0,1.0,78500.0,1.0,0.0,30.41,14.0,0.0,33681.0,88.6,38.0,0.0,0.0,0.0,0.0,687.0,4.0,0.3057324840764331,0.3684210526315789,210.0,0.0,0.0,-1.0,0
16000.0,36.0,10.75,521.93,8.0,7.0,1.0,47000.0,2.0,0.0,16.77,9.0,0.0,5548.0,15.2,17.0,0.0,0.0,0.0,0.0,782.0,4.0,0.3404255319148936,0.5294117647058824,144.0,0.0,0.0,-1.0,0
40000.0,60.0,18.99,1037.41,18.0,1.0,1.0,101000.0,2.0,2.0,15.45,23.0,0.0,20235.0,30.2,40.0,1.0,0.0,0.0,0.0,712.0,4.0,0.396039603960396,0.575,502.0,0.0,0.0,-1.0,0
8000.0,36.0,9.75,257.2,7.0,1.0,1.0,28000.0,1.0,4.0,7.13,5.0,1.0,4369.0,39.7,11.0,0.0,0.0,0.0,1.0,692.0,4.0,0.2857142857142857,0.4545454545454545,137.0,0.0072992700729927,0.0072992700729927,1.0,0
23000.0,36.0,7.89,719.57,4.0,1.0,0.0,98000.0,1.0,4.0,38.16,9.0,1.0,13019.0,60.3,13.0,0.0,0.0,0.0,1.0,702.0,4.0,0.2346938775510204,0.6923076923076923,299.0,0.0033444816053511,0.0033444816053511,1.0,0
16043.791015625,36.0,11.99,532.80775390625,10.0,10.0,1.0,95503.9375,1.0,0.0,5.657730064392091,10.0,0.0,391109.125,25.91176910400391,22.0,0.0,0.0,0.0,0.0,697.0,4.0,0.16799088743599977,0.4545454545454545,130.0,0.0,0.0,-1.0,0
15000.0,60.0,10.75,324.27,8.0,10.0,1.0,90000.0,0.0,4.0,19.64,10.0,0.0,6273.0,47.9,21.0,1.0,0.0,0.0,0.0,707.0,4.0,0.1666666666666666,0.4761904761904761,218.0,0.0,0.0,-1.0,1
7200.0,36.0,6.49,220.65,1.0,0.0,0.0,150000.0,0.0,2.0,15.61,19.0,0.0,38190.0,27.2,39.0,0.0,0.0,10.0,0.0,797.0,4.0,0.048,0.4871794871794871,171.0,0.0,0.0,-1.0,0
28000.0,60.0,8.39,572.98,5.0,2.0,0.0,175000.0,0.0,0.0,19.67,18.0,0.0,73768.0,68.6,38.0,0.0,0.0,7.0,0.0,697.0,4.0,0.16,0.4736842105263157,345.0,0.0,0.0,-1.0,0
5467.3427734375,36.0,6.0,166.32731689453124,10.0,1.0,1.0,362933.1875,1.0,0.0,21.088863525390625,1.0,0.0,74014.6640625,47.364924621582034,8.0,0.0,0.0,0.0,0.0,702.0,5.0,0.015064323941866492,0.12499997445515221,61.0,0.0,0.0,-1.0,0
25000.0,60.0,22.35,695.46,21.0,10.0,0.0,65000.0,1.0,0.0,20.51,11.0,1.0,7926.0,58.3,25.0,0.0,0.0,2.0,1.0,697.0,5.0,0.3846153846153846,0.44,181.0,0.005524861878453,0.005524861878453,1.0,1
12000.0,36.0,14.46,412.82,13.0,5.0,0.0,38000.0,1.0,0.0,26.75,10.0,0.0,13352.0,51.6,26.0,0.0,0.0,0.0,0.0,692.0,5.0,0.3157894736842105,0.3846153846153846,223.0,0.0,0.0,-1.0,0
16000.0,60.0,19.99,423.82,19.0,10.0,0.0,82000.0,2.0,9.0,14.88,8.0,0.0,9812.0,93.5,22.0,0.0,0.0,3.0,0.0,667.0,5.0,0.1951219512195122,0.3636363636363636,141.0,0.0,0.0,-1.0,1
24000.0,36.0,7.89,750.86,4.0,10.0,1.0,170000.0,2.0,4.0,14.14,5.0,0.0,27488.0,97.8,8.0,0.0,0.0,0.0,0.0,712.0,5.0,0.1411764705882353,0.625,186.0,0.0,0.0,-1.0,0
9000.0,36.0,11.47,296.66,9.0,10.0,1.0,40000.0,1.0,0.0,11.01,4.0,0.0,4909.0,49.1,12.0,0.0,0.0,0.0,0.0,662.0,5.0,0.225,0.3333333333333333,187.0,0.0,0.0,-1.0,0
10000.0,36.0,7.39,310.56,3.0,5.0,0.0,47000.0,0.0,0.0,26.2,15.0,0.0,43491.0,82.5,24.0,0.0,0.0,2.0,0.0,722.0,5.0,0.2127659574468085,0.625,212.0,0.0,0.0,-1.0,1
20000.0,36.0,7.39,621.12,3.0,4.0,2.0,300000.0,1.0,0.0,12.2,11.0,0.0,73727.0,25.4,33.0,1.0,0.0,4.0,0.0,747.0,5.0,0.0666666666666666,0.3333333333333333,285.0,0.0,0.0,-1.0,0
12475.0,60.0,25.44,369.39,26.0,3.0,0.0,75000.0,0.0,0.0,24.94,10.0,0.0,2511.0,22.6,25.0,0.0,0.0,0.0,0.0,682.0,5.0,0.1663333333333333,0.4,267.0,0.0,0.0,-1.0,0
16000.0,36.0,13.49,542.89,11.0,8.0,0.0,70000.0,1.0,4.0,14.34,25.0,5.0,8124.0,49.2,37.0,0.0,0.0,3.0,0.0,677.0,5.0,0.2285714285714285,0.6756756756756757,146.0,0.0342465753424657,0.0,0.0,0
18875.0,36.0,13.49,640.44,11.0,8.0,1.0,60000.0,1.0,0.0,20.34,7.0,1.0,1835.0,24.1,15.0,0.0,0.0,0.0,0.0,677.0,5.0,0.3145833333333333,0.4666666666666667,98.0,0.010204081632653,0.0,0.0,0
13582.5556640625,36.0,9.16,432.9340539550781,6.0,10.0,0.0,513823.375,1.0,0.0,48.06012115478516,17.0,0.0,233675.484375,15.030926513671876,34.0,0.0,0.0,3.0,0.0,807.0,5.0,0.02643428444862367,0.49999999914850507,520.0,0.0,0.0,-1.0,0
19200.0,60.0,13.99,446.66,12.0,10.0,0.0,57000.0,0.0,3.0,34.04,12.0,0.0,17552.0,69.7,27.0,0.0,0.0,2.0,0.0,707.0,5.0,0.3368421052631579,0.4444444444444444,272.0,0.0,0.0,-1.0,0
8000.0,36.0,13.99,273.39,12.0,0.0,1.0,65000.0,1.0,0.0,22.69,14.0,0.0,7381.0,44.7,20.0,0.0,0.0,0.0,0.0,667.0,5.0,0.123076923076923,0.7,59.0,0.0,0.0,-1.0,0
20000.0,36.0,6.49,612.89,1.0,3.0,0.0,120000.0,0.0,0.0,14.52,17.0,0.0,4489.0,11.1,33.0,0.0,0.0,2.0,0.0,742.0,5.0,0.1666666666666666,0.5151515151515151,135.0,0.0,0.0,-1.0,0
40000.0,36.0,7.39,1242.23,3.0,0.0,0.0,900000.0,1.0,5.0,3.57,19.0,0.0,10898.0,7.5,38.0,0.0,0.0,5.0,0.0,782.0,5.0,0.0444444444444444,0.5,482.0,0.0,0.0,-1.0,0
6000.0,36.0,9.75,192.9,7.0,3.0,0.0,32000.0,2.0,4.0,25.7,15.0,1.0,10585.0,53.2,32.0,0.0,0.0,1.0,1.0,662.0,5.0,0.1875,0.46875,151.0,0.0066225165562913,0.0066225165562913,1.0,0
19944.919921875,60.0,15.59,480.6875109863281,14.0,10.0,0.0,936527.125,2.0,0.0,87.88174346923827,12.0,0.0,181956.921875,83.19332275390624,41.0,0.0,0.0,4.0,0.0,692.0,5.0,0.0212966672011784,0.2926829268292683,165.0,0.0,0.0,-1.0,0
24000.0,60.0,24.49,697.28,22.0,10.0,0.0,80500.0,0.0,0.0,33.21,15.0,0.0,6780.0,25.8,31.0,0.0,0.0,1.0,0.0,687.0,5.0,0.2981366459627329,0.4838709677419355,238.0,0.0,0.0,-1.0,1
24000.0,60.0,11.99,533.75,10.0,10.0,1.0,79495.81,2.0,0.0,4.85,7.0,1.0,1283.0,12.0,22.0,0.0,0.0,0.0,1.0,682.0,5.0,0.3019027040544653,0.3181818181818182,146.0,0.0068493150684931,0.0068493150684931,1.0,1
11981.2333984375,60.0,9.16,249.64221862792968,6.0,10.0,0.0,1180255.625,0.0,0.0,26.32803413391113,20.0,0.0,93876.7265625,19.565534782409667,57.0,0.0,0.0,6.0,0.0,797.0,5.0,0.01015139724743569,0.35087720773838177,345.0,0.0,0.0,-1.0,0
12000.0,36.0,13.67,408.22,12.0,5.0,2.0,103000.0,2.0,0.0,17.58,13.0,0.0,12373.0,62.2,35.0,0.0,0.0,1.0,0.0,672.0,5.0,0.116504854368932,0.3714285714285714,128.0,0.0,0.0,-1.0,0
4119.322265625,36.0,9.75,132.43668518066406,7.0,1.0,1.0,208634.84375,1.0,0.0,50.962939453125,11.0,0.0,37726.32421875,48.646521759033206,19.0,0.0,0.0,4.0,0.0,692.0,5.0,0.019744171588509135,0.5789473652839661,52.0,0.0,0.0,-1.0,0
5000.0,36.0,8.39,157.59,5.0,1.0,0.0,245000.0,1.0,4.0,11.68,11.0,2.0,15884.0,63.3,26.0,0.0,0.0,0.0,0.0,687.0,5.0,0.0204081632653061,0.4230769230769231,382.0,0.0052356020942408,0.0,0.0,0
7000.0,36.0,9.75,225.05,7.0,1.0,1.0,49000.0,0.0,0.0,35.51,10.0,0.0,3925.0,64.3,15.0,0.0,0.0,0.0,0.0,717.0,5.0,0.1428571428571428,0.6666666666666666,82.0,0.0,0.0,-1.0,0
6000.0,36.0,16.29,211.81,15.0,10.0,0.0,56000.0,2.0,0.0,25.53,12.0,0.0,30041.0,64.3,29.0,1.0,0.0,1.0,0.0,697.0,5.0,0.1071428571428571,0.4137931034482758,132.0,0.0,0.0,-1.0,1
25069.986328125,60.0,13.67,579.055478515625,12.0,2.0,1.0,265505.28125,0.0,0.0,3.0860262298583976,19.0,0.0,58193.6015625,40.0541374206543,49.0,0.0,0.0,0.0,0.0,707.0,5.0,0.09442368149757385,0.3877551020408163,276.0,0.0,0.0,-1.0,1
19940.8203125,60.0,11.99,443.48107055664065,10.0,6.0,0.0,371902.3125,0.0,0.0,33.02777648925781,8.0,0.0,54194.0390625,56.311621856689456,44.0,0.0,0.0,1.0,0.0,712.0,5.0,0.05361842847706977,0.18181818994608792,224.0,0.0,0.0,-1.0,0
26475.0,60.0,18.99,686.64,18.0,1.0,2.0,72000.0,0.0,4.0,10.74,20.0,0.0,26718.0,30.3,46.0,1.0,0.0,2.0,0.0,707.0,5.0,0.3677083333333333,0.4347826086956521,197.0,0.0,0.0,-1.0,0
10000.0,36.0,19.99,371.59,19.0,0.0,0.0,30000.0,2.0,4.0,20.44,15.0,1.0,6550.0,50.8,39.0,1.0,0.0,0.0,1.0,677.0,5.0,0.3333333333333333,0.3846153846153846,367.0,0.0027247956403269,0.0027247956403269,1.0,1
24000.0,36.0,7.39,745.34,3.0,9.0,0.0,84000.0,0.0,0.0,12.87,14.0,0.0,22950.0,49.2,37.0,1.0,0.0,3.0,0.0,692.0,5.0,0.2857142857142857,0.3783783783783784,168.0,0.0,0.0,-1.0,0
12000.0,60.0,23.99,345.15,23.0,10.0,0.0,50000.0,2.0,4.0,13.15,9.0,1.0,10917.0,80.9,17.0,1.0,0.0,2.0,1.0,672.0,5.0,0.24,0.5294117647058824,126.0,0.0079365079365079,0.0079365079365079,1.0,1
17100.0,36.0,18.99,626.74,18.0,10.0,2.0,45000.0,2.0,0.0,20.01,9.0,0.0,5759.0,55.9,17.0,1.0,0.0,5.0,0.0,667.0,5.0,0.38,0.5294117647058824,179.0,0.0,0.0,-1.0,0
13600.0,36.0,16.29,480.09,15.0,5.0,0.0,50060.0,1.0,0.0,17.64,7.0,0.0,10577.0,50.1,35.0,0.0,0.0,0.0,0.0,667.0,5.0,0.2716739912105473,0.2,153.0,0.0,0.0,-1.0,1
29999.849609375,36.0,11.99,996.2827978515625,10.0,2.0,2.0,256919.75,2.0,0.0,15.902001037597657,8.0,0.0,400662.1875,97.47727813720704,19.0,1.0,0.0,2.0,0.0,712.0,5.0,0.11676739260719268,0.4210526466369629,303.0,0.0,0.0,-1.0,0
17000.0,60.0,12.99,386.72,11.0,10.0,0.0,68000.0,2.0,0.0,18.76,8.0,0.0,15598.0,83.0,23.0,0.0,0.0,8.0,0.0,662.0,5.0,0.25,0.3478260869565217,150.0,0.0,0.0,-1.0,0
8000.0,36.0,13.67,272.15,12.0,1.0,1.0,52000.0,1.0,3.0,3.25,5.0,0.0,1892.0,38.6,9.0,0.0,0.0,0.0,0.0,662.0,5.0,0.1538461538461538,0.5555555555555556,78.0,0.0,0.0,-1.0,1
10000.0,60.0,16.29,244.73,15.0,6.0,0.0,65000.0,1.0,0.0,11.69,7.0,0.0,10099.0,65.6,14.0,1.0,0.0,1.0,0.0,672.0,5.0,0.1538461538461538,0.5,128.0,0.0,0.0,-1.0,0
34961.08984375,36.0,17.27,1251.1614404296874,16.0,10.0,0.0,157243.203125,2.0,0.0,9.39138614654541,15.0,0.0,93608.4296875,63.41767044067383,45.0,1.0,0.0,7.0,0.0,667.0,5.0,0.22233765986230633,0.3333333333333333,309.0,0.0,0.0,-1.0,1
35000.0,36.0,13.67,1190.62,12.0,10.0,1.0,98000.0,1.0,4.0,21.23,17.0,0.0,21656.0,60.2,32.0,1.0,0.0,2.0,0.0,677.0,5.0,0.3571428571428571,0.53125,192.0,0.0,0.0,-1.0,0
24000.0,60.0,19.99,635.72,19.0,2.0,0.0,100000.0,2.0,1.0,10.07,8.0,1.0,15049.0,59.0,22.0,1.0,0.0,3.0,1.0,662.0,5.0,0.24,0.3636363636363636,184.0,0.0054347826086956,0.0054347826086956,1.0,0
7000.0,36.0,9.75,225.05,7.0,2.0,1.0,34000.0,1.0,0.0,19.24,9.0,1.0,195.0,2.1,20.0,0.0,0.0,0.0,1.0,672.0,5.0,0.2058823529411764,0.45,110.0,0.009090909090909,0.009090909090909,1.0,0
16500.0,60.0,10.75,356.7,8.0,1.0,0.0,45000.0,0.0,0.0,12.79,5.0,0.0,4284.0,53.5,15.0,0.0,0.0,1.0,0.0,707.0,5.0,0.3666666666666666,0.3333333333333333,101.0,0.0,0.0,-1.0,0
10400.0,36.0,7.89,325.38,4.0,10.0,0.0,52000.0,0.0,4.0,18.6,8.0,1.0,10671.0,52.8,20.0,0.0,0.0,3.0,0.0,717.0,5.0,0.2,0.4,130.0,0.0076923076923076,0.0,0.0,1
6500.0,36.0,6.49,199.19,1.0,5.0,0.0,92000.0,0.0,4.0,9.48,11.0,0.0,5633.0,9.1,33.0,0.0,0.0,4.0,0.0,762.0,5.0,0.0706521739130434,0.3333333333333333,155.0,0.0,0.0,-1.0,0
26950.0,36.0,7.89,843.15,4.0,10.0,0.0,135000.0,1.0,0.0,7.21,6.0,0.0,12005.0,30.2,19.0,0.0,0.0,3.0,0.0,722.0,5.0,0.1996296296296296,0.3157894736842105,208.0,0.0,0.0,-1.0,0
10068.2373046875,36.0,8.39,317.3181628417969,5.0,8.0,0.0,973094.6875,0.0,0.0,47.808837509155275,12.0,1.0,192059.65625,82.12884674072265,25.0,0.0,0.0,2.0,1.0,697.0,5.0,0.01034661233425141,0.48,129.0,0.0077519379844961,0.0077519379844961,1.0,0
10000.0,36.0,9.75,321.5,7.0,2.0,0.0,50000.0,1.0,0.0,29.91,11.0,0.0,7446.0,50.7,19.0,0.0,0.0,3.0,0.0,667.0,5.0,0.2,0.5789473684210527,202.0,0.0,0.0,-1.0,0
8200.0,36.0,7.39,254.66,3.0,8.0,2.0,20500.0,1.0,0.0,18.5,11.0,0.0,12715.0,23.4,22.0,0.0,0.0,1.0,0.0,777.0,5.0,0.4,0.5,206.0,0.0,0.0,-1.0,0
20000.0,36.0,11.47,659.24,9.0,5.0,0.0,62000.0,2.0,1.0,15.27,11.0,1.0,50510.0,22.5,28.0,0.0,0.0,6.0,1.0,717.0,5.0,0.3225806451612903,0.3928571428571428,210.0,0.0047619047619047,0.0047619047619047,1.0,0
7800.0,36.0,6.97,240.74,2.0,4.0,0.0,92000.0,0.0,0.0,15.56,6.0,0.0,75390.0,43.6,9.0,0.0,0.0,3.0,0.0,772.0,5.0,0.0847826086956521,0.6666666666666666,260.0,0.0,0.0,-1.0,0
16000.0,36.0,10.75,521.93,8.0,10.0,0.0,55000.0,0.0,2.0,21.97,21.0,0.0,15398.0,32.6,36.0,0.0,0.0,1.0,0.0,727.0,5.0,0.2909090909090909,0.5833333333333334,187.0,0.0,0.0,-1.0,0
10000.0,36.0,9.16,318.75,6.0,10.0,0.0,46000.0,1.0,0.0,10.23,7.0,0.0,3619.0,22.1,17.0,0.0,0.0,1.0,0.0,682.0,5.0,0.217391304347826,0.4117647058823529,130.0,0.0,0.0,-1.0,0
8400.0,36.0,11.47,276.88,9.0,2.0,1.0,28800.0,1.0,4.0,12.21,7.0,0.0,5799.0,37.2,8.0,0.0,0.0,0.0,0.0,677.0,5.0,0.2916666666666667,0.875,38.0,0.0,0.0,-1.0,0
8000.0,36.0,13.49,271.45,11.0,10.0,2.0,43000.0,2.0,4.0,21.71,5.0,2.0,1324.0,55.2,13.0,0.0,0.0,0.0,1.0,682.0,5.0,0.1860465116279069,0.3846153846153846,137.0,0.0145985401459854,0.0072992700729927,0.5,1
5000.0,36.0,11.49,164.86,9.0,9.0,1.0,40000.0,1.0,0.0,19.53,13.0,0.0,9128.0,40.0,20.0,1.0,0.0,0.0,0.0,667.0,5.0,0.125,0.65,134.0,0.0,0.0,-1.0,1
16800.0,60.0,12.79,380.45,10.0,0.0,0.0,110000.0,2.0,0.0,22.51,14.0,0.0,37941.0,53.5,29.0,0.0,0.0,2.0,0.0,707.0,5.0,0.1527272727272727,0.4827586206896552,172.0,0.0,0.0,-1.0,0
11300.0,36.0,8.99,359.29,5.0,10.0,1.0,49800.0,0.0,0.0,19.03,6.0,0.0,6259.0,43.5,22.0,0.0,0.0,0.0,0.0,737.0,5.0,0.2269076305220883,0.2727272727272727,224.0,0.0,0.0,-1.0,0
5600.0,36.0,15.59,195.75,14.0,1.0,1.0,32000.0,1.0,0.0,15.53,6.0,0.0,4019.0,59.1,8.0,0.0,0.0,0.0,0.0,672.0,5.0,0.175,0.75,71.0,0.0,0.0,-1.0,0
11200.0,36.0,7.59,348.86,2.0,5.0,0.0,70000.0,1.0,4.0,19.37,6.0,0.0,3660.0,18.3,18.0,0.0,0.0,3.0,0.0,707.0,5.0,0.16,0.3333333333333333,196.0,0.0,0.0,-1.0,0
9900.0,36.0,10.49,321.73,7.0,6.0,0.0,55000.0,1.0,4.0,13.44,7.0,0.0,5277.0,48.0,9.0,1.0,0.0,1.0,0.0,667.0,5.0,0.18,0.7777777777777778,118.0,0.0,0.0,-1.0,0
13600.0,60.0,17.99,345.28,16.0,5.0,0.0,72000.0,1.0,4.0,31.65,19.0,0.0,14515.0,72.9,47.0,0.0,0.0,3.0,0.0,662.0,5.0,0.1888888888888888,0.4042553191489361,172.0,0.0,0.0,-1.0,0
30000.0,60.0,13.99,697.9,12.0,10.0,2.0,98000.0,2.0,2.0,2.75,18.0,0.0,8296.0,19.4,50.0,0.0,0.0,0.0,0.0,702.0,5.0,0.3061224489795918,0.36,148.0,0.0,0.0,-1.0,0
20000.0,36.0,11.47,659.24,9.0,0.0,1.0,90000.0,1.0,0.0,18.37,9.0,0.0,10481.0,51.6,13.0,0.0,0.0,0.0,0.0,692.0,5.0,0.2222222222222222,0.6923076923076923,103.0,0.0,0.0,-1.0,0
14000.0,60.0,17.99,355.44,16.0,2.0,1.0,47000.0,1.0,0.0,24.41,13.0,0.0,17726.0,68.7,36.0,0.0,0.0,0.0,0.0,687.0,5.0,0.2978723404255319,0.3611111111111111,396.0,0.0,0.0,-1.0,1
18000.0,60.0,13.99,418.74,12.0,10.0,0.0,55000.0,1.0,0.0,20.98,13.0,0.0,31311.0,64.3,23.0,0.0,0.0,3.0,0.0,692.0,5.0,0.3272727272727272,0.5652173913043478,260.0,0.0,0.0,-1.0,0
34989.53125,36.0,14.49,1204.217216796875,13.0,10.0,0.0,821658.4375,2.0,0.0,10.66339859008789,13.0,1.0,198982.453125,109.08370971679688,33.0,0.0,0.0,2.0,1.0,662.0,5.0,0.04258403082688647,0.3939393939393939,236.0,0.0042372881355932,0.0042372881355932,1.0,0
2000.0,36.0,8.59,63.22,4.0,10.0,0.0,116000.0,2.0,4.0,16.7,11.0,0.0,0.0,0.0,33.0,1.0,0.0,7.0,0.0,772.0,5.0,0.0172413793103448,0.3333333333333333,208.0,0.0,0.0,-1.0,0
12000.0,36.0,10.49,389.98,7.0,8.0,1.0,32000.0,0.0,4.0,29.26,12.0,1.0,8578.0,60.8,29.0,1.0,0.0,0.0,1.0,707.0,5.0,0.375,0.4137931034482758,260.0,0.0038461538461538,0.0038461538461538,1.0,0
1550.0,36.0,12.79,52.07,10.0,10.0,0.0,50000.0,2.0,0.0,9.65,11.0,0.0,11666.0,50.3,21.0,1.0,0.0,1.0,0.0,677.0,5.0,0.031,0.5238095238095238,200.0,0.0,0.0,-1.0,0
22000.0,36.0,19.99,817.49,18.0,9.0,0.0,65000.0,2.0,0.0,34.56,18.0,0.0,38682.0,75.6,30.0,0.0,0.0,1.0,0.0,682.0,5.0,0.3384615384615385,0.6,283.0,0.0,0.0,-1.0,0
10000.0,36.0,13.49,339.31,11.0,2.0,0.0,47000.0,0.0,0.0,34.06,18.0,0.0,11352.0,42.8,54.0,0.0,0.0,1.0,0.0,667.0,5.0,0.2127659574468085,0.3333333333333333,97.0,0.0,0.0,-1.0,1
6000.0,36.0,17.99,216.89,16.0,2.0,1.0,43000.0,1.0,0.0,25.82,9.0,1.0,2931.0,41.3,13.0,1.0,0.0,0.0,1.0,672.0,5.0,0.1395348837209302,0.6923076923076923,141.0,0.0070921985815602,0.0070921985815602,1.0,0
12575.0,36.0,10.49,408.66,7.0,2.0,1.0,42000.0,0.0,0.0,12.37,4.0,0.0,6709.0,36.9,13.0,0.0,0.0,0.0,0.0,757.0,5.0,0.2994047619047619,0.3076923076923077,130.0,0.0,0.0,-1.0,0
5250.0,36.0,9.49,168.15,6.0,10.0,0.0,70000.0,1.0,9.0,16.27,10.0,1.0,12810.0,51.7,26.0,0.0,0.0,3.0,1.0,662.0,5.0,0.075,0.3846153846153846,148.0,0.0067567567567567,0.0067567567567567,1.0,1
11000.0,36.0,10.49,357.48,7.0,10.0,0.0,51000.0,1.0,0.0,18.24,11.0,0.0,8449.0,65.5,15.0,0.0,0.0,1.0,0.0,687.0,5.0,0.2156862745098039,0.7333333333333333,209.0,0.0,0.0,-1.0,0
18000.0,60.0,25.69,535.63,25.0,1.0,0.0,65500.0,1.0,0.0,23.73,19.0,0.0,16546.0,77.0,41.0,1.0,0.0,1.0,0.0,682.0,5.0,0.2748091603053435,0.4634146341463415,129.0,0.0,0.0,-1.0,1
15000.0,36.0,10.49,487.47,7.0,6.0,1.0,80000.0,2.0,0.0,25.97,18.0,0.0,37806.0,65.4,27.0,0.0,0.0,0.0,0.0,707.0,5.0,0.1875,0.6666666666666666,523.0,0.0,0.0,-1.0,0
30000.0,36.0,11.47,988.86,9.0,2.0,2.0,250000.0,1.0,4.0,8.6,5.0,0.0,31694.0,54.6,32.0,0.0,0.0,3.0,0.0,712.0,5.0,0.12,0.15625,279.0,0.0,0.0,-1.0,1
20400.0,60.0,13.49,469.3,11.0,5.0,0.0,72000.0,1.0,0.0,11.66,12.0,0.0,11897.0,41.0,15.0,0.0,0.0,1.0,0.0,697.0,5.0,0.2833333333333333,0.8,78.0,0.0,0.0,-1.0,0
23999.4453125,36.0,9.49,768.6536328125,6.0,10.0,0.0,583425.6875,2.0,4.0,40.220576705932615,8.0,1.0,112417.0,96.87967681884766,16.0,0.0,0.0,1.0,1.0,672.0,5.0,0.04113540986954772,0.5,234.0,0.0042735042735042,0.0042735042735042,1.0,0
7500.0,36.0,8.59,237.07,4.0,0.0,1.0,110000.0,1.0,0.0,17.9,12.0,0.0,10632.0,42.5,41.0,0.0,0.0,5.0,0.0,692.0,5.0,0.0681818181818181,0.2926829268292683,214.0,0.0,0.0,-1.0,0
8000.0,36.0,8.99,254.37,5.0,3.0,0.0,65000.0,1.0,4.0,11.32,11.0,0.0,15726.0,69.9,23.0,0.0,0.0,4.0,0.0,697.0,5.0,0.123076923076923,0.4782608695652174,164.0,0.0,0.0,-1.0,0
30000.0,36.0,13.49,1017.92,11.0,2.0,0.0,150000.0,1.0,0.0,26.14,17.0,0.0,40523.0,66.8,32.0,1.0,0.0,0.0,0.0,667.0,5.0,0.2,0.53125,341.0,0.0,0.0,-1.0,0
8247.4609375,36.0,11.47,271.85097045898436,9.0,1.0,1.0,486763.96875,1.0,0.0,74.62371337890625,10.0,0.0,123388.0390625,49.67564811706543,19.0,0.0,0.0,5.0,0.0,677.0,5.0,0.01694343686103822,0.5263157818052504,63.0,0.0,0.0,-1.0,1
25000.0,60.0,14.49,588.08,13.0,10.0,0.0,67000.0,0.0,0.0,2.94,5.0,0.0,7211.0,45.4,13.0,0.0,1.0,1.0,0.0,682.0,5.0,0.373134328358209,0.3846153846153846,153.0,0.0,0.0,-1.0,1
8050.0,36.0,7.99,252.23,3.0,2.0,0.0,95000.0,2.0,8.0,16.68,9.0,1.0,3712.0,46.4,19.0,0.0,0.0,2.0,1.0,732.0,5.0,0.0847368421052631,0.4736842105263157,187.0,0.0053475935828877,0.0053475935828877,1.0,0
9600.0,36.0,10.99,314.25,8.0,2.0,1.0,140000.0,0.0,4.0,12.09,12.0,0.0,27373.0,43.1,21.0,0.0,0.0,0.0,0.0,702.0,6.0,0.0685714285714285,0.5714285714285714,71.0,0.0,0.0,-1.0,0
28000.0,36.0,13.99,956.84,12.0,5.0,0.0,62000.0,2.0,0.0,15.49,9.0,1.0,2793.0,19.8,29.0,0.0,0.0,1.0,1.0,667.0,6.0,0.4516129032258064,0.3103448275862069,213.0,0.0046948356807511,0.0046948356807511,1.0,0
32696.671875,36.0,19.99,1214.9604833984374,18.0,1.0,1.0,183923.46875,2.0,0.0,17.97575454711914,10.0,0.0,8041.734375,92.39483795166015,18.0,0.0,0.0,0.0,0.0,667.0,6.0,0.1777732505039735,0.5555555555555556,122.0,0.0,0.0,-1.0,0
25850.0,60.0,29.96,835.71,33.0,3.0,0.0,76000.0,2.0,0.0,20.02,10.0,1.0,18129.0,68.9,14.0,0.0,0.0,1.0,0.0,687.0,6.0,0.3401315789473684,0.7142857142857143,199.0,0.0050251256281407,0.0,0.0,0
6700.0,36.0,23.99,262.83,21.0,3.0,1.0,68000.0,1.0,0.0,17.56,18.0,0.0,5734.0,21.0,21.0,1.0,0.0,2.0,0.0,677.0,6.0,0.0985294117647058,0.8571428571428571,209.0,0.0,0.0,-1.0,1
7000.0,36.0,15.59,244.69,14.0,4.0,1.0,65000.0,1.0,5.0,28.16,20.0,2.0,12262.0,56.5,41.0,0.0,0.0,0.0,2.0,662.0,6.0,0.1076923076923077,0.4878048780487805,184.0,0.0108695652173913,0.0108695652173913,1.0,1
25020.642578125,60.0,16.99,621.6918408203124,15.0,5.0,0.0,754117.9375,1.0,0.0,35.67801956176758,9.0,0.0,131851.4375,24.404288482666015,20.0,1.0,0.0,1.0,0.0,772.0,6.0,0.03317868421154635,0.4499999907883731,174.0,0.0,0.0,-1.0,1
10500.0,36.0,12.79,352.73,10.0,10.0,1.0,45000.0,1.0,0.0,24.8,12.0,0.0,17520.0,55.3,16.0,1.0,0.0,0.0,0.0,692.0,6.0,0.2333333333333333,0.75,92.0,0.0,0.0,-1.0,1
4650.0,36.0,23.99,182.41,21.0,3.0,0.0,56242.0,1.0,0.0,21.98,12.0,1.0,5494.0,78.0,24.0,1.0,0.0,2.0,1.0,682.0,6.0,0.0826784253760534,0.5,324.0,0.0030864197530864,0.0030864197530864,1.0,1
12000.0,36.0,13.49,407.17,11.0,2.0,1.0,38000.0,1.0,10.0,17.71,6.0,1.0,3764.0,15.7,10.0,1.0,0.0,0.0,1.0,707.0,6.0,0.3157894736842105,0.6,63.0,0.0158730158730158,0.0158730158730158,1.0,1
5600.0,36.0,13.99,191.37,12.0,6.0,1.0,123000.0,2.0,10.0,10.43,7.0,0.0,7488.0,82.3,22.0,0.0,0.0,6.0,0.0,672.0,6.0,0.0455284552845528,0.3181818181818182,183.0,0.0,0.0,-1.0,0
19800.0,36.0,23.99,776.71,21.0,5.0,0.0,45000.0,0.0,2.0,32.83,15.0,0.0,33435.0,55.3,17.0,1.0,0.0,1.0,0.0,682.0,6.0,0.44,0.8823529411764706,140.0,0.0,0.0,-1.0,0
20000.0,60.0,14.49,470.47,13.0,10.0,0.0,100000.0,0.0,0.0,22.5,22.0,0.0,13596.0,47.6,61.0,0.0,0.0,3.0,0.0,687.0,6.0,0.2,0.360655737704918,221.0,0.0,0.0,-1.0,0
12000.0,36.0,6.99,370.48,1.0,10.0,0.0,160000.0,1.0,3.0,12.39,16.0,0.0,22575.0,39.7,22.0,0.0,0.0,2.0,0.0,722.0,6.0,0.075,0.7272727272727273,389.0,0.0,0.0,-1.0,1
24000.0,60.0,21.49,655.92,19.0,9.0,1.0,69000.0,2.0,0.0,24.05,12.0,0.0,12793.0,53.5,23.0,0.0,0.0,0.0,0.0,702.0,6.0,0.3478260869565217,0.5217391304347826,166.0,0.0,0.0,-1.0,0
12132.1962890625,60.0,23.99,348.9484619140625,21.0,5.0,0.0,307095.125,1.0,2.0,7.071364059448243,8.0,1.0,108070.1875,59.34903869628906,22.0,1.0,0.0,3.0,1.0,662.0,6.0,0.03950631150177544,0.3636363636363636,328.0,0.0030487804878048,0.0030487804878048,1.0,1
5000.0,36.0,17.99,180.74,16.0,1.0,1.0,44000.0,2.0,5.0,29.92,14.0,0.0,11705.0,84.8,19.0,0.0,0.0,0.0,0.0,687.0,6.0,0.1136363636363636,0.7368421052631579,123.0,0.0,0.0,-1.0,0
14000.0,60.0,13.99,325.69,12.0,8.0,0.0,45000.0,1.0,0.0,15.39,17.0,0.0,4824.0,19.5,18.0,0.0,0.0,1.0,0.0,687.0,6.0,0.3111111111111111,0.9444444444444444,156.0,0.0,0.0,-1.0,0
31207.890625,36.0,24.49,1232.4156640625,22.0,3.0,2.0,314770.8125,2.0,0.0,55.276680908203126,15.0,1.0,7615.6181640625,52.06590118408203,31.0,1.0,0.0,6.0,0.0,692.0,6.0,0.09914482712745665,0.5000000144204786,216.0,0.0046296296296296,0.0,0.0,0
15000.0,36.0,13.99,512.6,12.0,10.0,1.0,42000.0,1.0,0.0,19.97,20.0,0.0,5239.0,24.1,34.0,1.0,0.0,0.0,0.0,697.0,6.0,0.3571428571428571,0.5882352941176471,269.0,0.0,0.0,-1.0,0
22500.0,36.0,14.49,774.37,13.0,10.0,2.0,85000.0,2.0,0.0,13.92,7.0,0.0,6820.0,41.8,14.0,0.0,0.0,4.0,0.0,682.0,6.0,0.2647058823529412,0.5,153.0,0.0,0.0,-1.0,0
13968.0576171875,36.0,15.59,488.25272094726563,14.0,10.0,0.0,214506.75,2.0,0.0,24.56139976501465,7.0,1.0,10688.5546875,67.77993316650391,22.0,0.0,0.0,4.0,1.0,667.0,6.0,0.06511710882186889,0.3181818181818182,296.0,0.0033783783783783,0.0033783783783783,1.0,0
10800.0,36.0,5.32,325.24,0.0,10.0,0.0,76200.0,0.0,0.0,25.87,17.0,0.0,2644.0,9.1,29.0,1.0,0.0,2.0,0.0,827.0,6.0,0.1417322834645669,0.5862068965517241,214.0,0.0,0.0,-1.0,0
11862.9443359375,60.0,13.49,272.90326171875,11.0,4.0,0.0,108720.8125,2.0,0.0,37.243731842041015,41.0,0.0,151299.046875,86.01497802734374,68.0,0.0,0.0,4.0,0.0,672.0,6.0,0.10911382647121651,0.6029411308905658,161.0,0.0,0.0,-1.0,0
13647.2119140625,36.0,15.59,477.03756225585937,14.0,8.0,0.0,1201862.625,1.0,0.0,40.85889114379883,13.0,1.0,5962.6357421875,23.72522964477539,18.0,0.0,0.0,2.0,1.0,702.0,6.0,0.011355063915252706,0.7222221964283994,242.0,0.0041322314049586,0.0041322314049586,1.0,0
1895.23779296875,36.0,10.99,62.038450927734374,8.0,2.0,0.0,989288.1875,0.0,5.0,72.32630813598632,11.0,0.0,48281.921875,11.332800483703613,24.0,1.0,0.0,1.0,0.0,737.0,6.0,0.0019157584302308614,0.4583333333333333,130.0,0.0,0.0,-1.0,0
16000.0,36.0,7.99,501.31,3.0,2.0,1.0,65000.0,0.0,4.0,22.62,7.0,0.0,14498.0,52.7,17.0,1.0,0.0,0.0,0.0,727.0,6.0,0.2461538461538461,0.4117647058823529,118.0,0.0,0.0,-1.0,0
24000.0,60.0,10.99,521.7,8.0,10.0,0.0,110000.0,0.0,0.0,7.65,5.0,0.0,14991.0,96.7,15.0,1.0,0.0,3.0,0.0,717.0,6.0,0.2181818181818181,0.3333333333333333,150.0,0.0,0.0,-1.0,0
26075.0,36.0,21.49,988.95,19.0,10.0,1.0,70000.0,0.0,0.0,18.34,9.0,1.0,12418.0,61.2,25.0,0.0,0.0,1.0,1.0,672.0,6.0,0.3725,0.36,185.0,0.0054054054054054,0.0054054054054054,1.0,0
10000.0,36.0,8.59,316.1,4.0,2.0,0.0,50000.0,0.0,4.0,13.32,9.0,0.0,10709.0,67.4,11.0,0.0,0.0,0.0,0.0,667.0,6.0,0.2,0.8181818181818182,101.0,0.0,0.0,-1.0,0
2950.0,36.0,22.39,113.26,20.0,5.0,1.0,17000.0,0.0,0.0,19.56,7.0,0.0,11858.0,69.0,11.0,1.0,0.0,0.0,0.0,662.0,6.0,0.1735294117647058,0.6363636363636364,63.0,0.0,0.0,-1.0,1
14550.0,36.0,13.49,493.69,11.0,10.0,2.0,102544.0,0.0,0.0,9.81,8.0,0.0,7513.0,56.5,18.0,1.0,0.0,0.0,0.0,737.0,6.0,0.1418903105008581,0.4444444444444444,193.0,0.0,0.0,-1.0,0
8000.0,36.0,7.59,249.19,2.0,5.0,1.0,68530.0,2.0,4.0,5.3,3.0,0.0,9966.0,60.4,5.0,1.0,0.0,0.0,0.0,692.0,6.0,0.1167371953888807,0.6,37.0,0.0,0.0,-1.0,0
20000.0,36.0,10.49,649.96,7.0,8.0,0.0,91000.0,0.0,4.0,8.82,8.0,1.0,27214.0,68.5,16.0,0.0,0.0,1.0,0.0,667.0,6.0,0.2197802197802197,0.5,118.0,0.0084745762711864,0.0,0.0,0
34000.0,36.0,11.49,1121.03,9.0,4.0,1.0,400000.0,1.0,0.0,7.92,9.0,0.0,33954.0,94.6,19.0,0.0,0.0,1.0,0.0,667.0,6.0,0.085,0.4736842105263157,180.0,0.0,0.0,-1.0,1
5000.0,36.0,12.79,167.97,10.0,5.0,1.0,75000.0,1.0,5.0,8.99,10.0,0.0,2856.0,66.4,19.0,0.0,0.0,0.0,0.0,667.0,6.0,0.0666666666666666,0.5263157894736842,124.0,0.0,0.0,-1.0,1
9025.162109375,36.0,6.99,278.6181787109375,1.0,1.0,0.0,135244.9375,1.0,3.0,80.65095489501954,24.0,0.0,25730.357421875,10.418794441223145,43.0,1.0,0.0,1.0,0.0,707.0,6.0,0.06673197214092526,0.5581395348837209,153.0,0.0,0.0,-1.0,0
12192.2861328125,36.0,7.99,382.00654052734376,3.0,2.0,1.0,616123.0625,2.0,0.0,30.42299377441406,20.0,0.0,122451.578125,42.888536834716795,44.0,0.0,0.0,4.0,0.0,697.0,6.0,0.019788725595725115,0.4545454545454545,131.0,0.0,0.0,-1.0,0
14500.0,60.0,9.49,304.46,6.0,10.0,0.0,68000.0,1.0,0.0,10.4,25.0,1.0,9606.0,24.1,46.0,0.0,0.0,0.0,1.0,687.0,6.0,0.213235294117647,0.5434782608695652,189.0,0.0052910052910052,0.0052910052910052,1.0,0
7903.47021484375,36.0,14.49,272.00755126953123,13.0,10.0,1.0,707371.125,1.0,0.0,31.96396682739258,10.0,1.0,63571.09375,93.83919067382813,19.0,1.0,0.0,4.0,0.0,662.0,6.0,0.011173019111156465,0.5263157894736842,344.0,0.002906976744186,0.0,0.0,0
12475.0,36.0,10.49,405.41,7.0,3.0,1.0,75000.0,1.0,0.0,18.34,5.0,0.0,21806.0,57.4,11.0,0.0,0.0,3.0,0.0,767.0,6.0,0.1663333333333333,0.4545454545454545,260.0,0.0,0.0,-1.0,0
6000.0,36.0,9.49,192.17,6.0,2.0,1.0,75000.0,1.0,0.0,11.55,5.0,0.0,4791.0,41.7,11.0,0.0,0.0,1.0,0.0,667.0,6.0,0.08,0.4545454545454545,211.0,0.0,0.0,-1.0,0
18000.0,60.0,9.49,377.95,6.0,6.0,0.0,62000.0,0.0,0.0,27.47,15.0,0.0,15223.0,33.0,24.0,1.0,0.0,3.0,0.0,722.0,6.0,0.2903225806451613,0.625,236.0,0.0,0.0,-1.0,0
7000.0,36.0,5.32,210.81,0.0,6.0,1.0,40000.0,0.0,2.0,27.27,8.0,0.0,22557.0,1.4,30.0,0.0,0.0,0.0,0.0,807.0,6.0,0.175,0.2666666666666666,191.0,0.0,0.0,-1.0,0
10000.0,60.0,22.39,278.42,20.0,9.0,0.0,99996.0,1.0,8.0,20.11,8.0,1.0,13417.0,82.3,30.0,1.0,0.0,3.0,1.0,662.0,6.0,0.1000040001600064,0.2666666666666666,137.0,0.0072992700729927,0.0072992700729927,1.0,1
4000.0,36.0,12.79,134.38,10.0,0.0,0.0,55000.0,1.0,0.0,16.6,16.0,2.0,11309.0,58.6,26.0,0.0,0.0,1.0,2.0,662.0,6.0,0.0727272727272727,0.6153846153846154,328.0,0.0060975609756097,0.0060975609756097,1.0,1
28000.0,36.0,14.49,963.66,13.0,5.0,1.0,90000.0,1.0,1.0,34.45,10.0,0.0,30038.0,59.4,19.0,0.0,0.0,0.0,0.0,712.0,6.0,0.3111111111111111,0.5263157894736842,87.0,0.0,0.0,-1.0,1
7000.0,36.0,7.99,219.33,3.0,5.0,0.0,98000.0,0.0,5.0,9.34,8.0,0.0,1063.0,6.8,10.0,0.0,0.0,1.0,0.0,772.0,6.0,0.0714285714285714,0.8,67.0,0.0,0.0,-1.0,0
19600.0,60.0,12.79,443.86,10.0,8.0,0.0,75000.0,0.0,3.0,24.48,11.0,0.0,8341.0,41.7,37.0,1.0,0.0,5.0,0.0,707.0,6.0,0.2613333333333333,0.2972972972972973,224.0,0.0,0.0,-1.0,0
20000.0,36.0,15.59,699.1,14.0,10.0,1.0,54000.0,0.0,0.0,30.78,18.0,0.0,28504.0,53.9,30.0,0.0,0.0,1.0,0.0,682.0,6.0,0.3703703703703703,0.6,134.0,0.0,0.0,-1.0,0
19375.0,60.0,25.69,576.55,25.0,9.0,0.0,51400.0,2.0,0.0,18.98,11.0,0.0,12654.0,45.7,23.0,0.0,0.0,3.0,0.0,692.0,6.0,0.3769455252918288,0.4782608695652174,231.0,0.0,0.0,-1.0,1
13973.9873046875,36.0,13.49,474.1434338378906,11.0,9.0,1.0,706189.1875,2.0,5.0,82.86118041992188,12.0,1.0,206091.890625,47.74595184326172,28.0,0.0,0.0,3.0,0.0,727.0,6.0,0.019787871354335074,0.42857144355773924,139.0,0.0071942446043165,0.0,0.0,0
9676.888671875,36.0,7.99,303.1945422363281,3.0,2.0,0.0,672807.0,0.0,4.0,32.60929046630859,12.0,0.0,177060.921875,34.31212158203125,17.0,0.0,0.0,2.0,0.0,727.0,6.0,0.014382860726780355,0.7058823658869818,179.0,0.0,0.0,-1.0,0
6000.0,36.0,13.49,203.59,11.0,5.0,0.0,46800.0,2.0,0.0,34.92,7.0,0.0,8202.0,94.3,15.0,0.0,0.0,3.0,0.0,672.0,6.0,0.1282051282051282,0.4666666666666667,169.0,0.0,0.0,-1.0,0
20000.0,36.0,12.79,671.86,10.0,10.0,0.0,52000.0,2.0,0.0,31.07,15.0,0.0,47864.0,67.3,39.0,1.0,0.0,4.0,0.0,677.0,6.0,0.3846153846153846,0.3846153846153846,164.0,0.0,0.0,-1.0,0
10000.0,36.0,13.49,339.31,11.0,6.0,0.0,100000.0,1.0,4.0,7.15,8.0,0.0,6244.0,74.3,9.0,0.0,0.0,2.0,0.0,662.0,6.0,0.1,0.8888888888888888,113.0,0.0,0.0,-1.0,0
30000.0,36.0,13.49,1017.92,11.0,1.0,0.0,75000.0,2.0,2.0,26.22,11.0,1.0,17891.0,43.2,35.0,0.0,0.0,2.0,1.0,682.0,6.0,0.4,0.3142857142857143,273.0,0.0036630036630036,0.0036630036630036,1.0,1
7500.0,36.0,15.59,262.17,14.0,3.0,2.0,60000.0,1.0,0.0,13.08,6.0,0.0,5937.0,77.1,13.0,0.0,0.0,3.0,0.0,662.0,6.0,0.125,0.4615384615384615,128.0,0.0,0.0,-1.0,0
5100.0,36.0,16.99,181.81,15.0,4.0,1.0,15000.0,2.0,0.0,24.72,3.0,0.0,1443.0,57.7,4.0,0.0,0.0,0.0,0.0,717.0,6.0,0.34,0.75,52.0,0.0,0.0,-1.0,0
10000.0,60.0,15.59,241.01,14.0,4.0,2.0,30000.0,2.0,4.0,15.76,8.0,0.0,7204.0,31.6,8.0,0.0,0.0,1.0,0.0,677.0,6.0,0.3333333333333333,1.0,84.0,0.0,0.0,-1.0,0
24898.716796875,36.0,8.99,791.6528271484375,5.0,0.0,1.0,278949.8125,1.0,0.0,16.885121841430664,6.0,0.0,161610.421875,24.86063003540039,21.0,0.0,0.0,1.0,0.0,692.0,6.0,0.08925875705536868,0.2857142913909185,150.0,0.0,0.0,-1.0,0
12000.0,36.0,10.99,392.81,8.0,1.0,1.0,67000.0,1.0,0.0,19.46,22.0,0.0,15488.0,60.7,43.0,1.0,0.0,0.0,0.0,687.0,6.0,0.1791044776119403,0.5116279069767442,153.0,0.0,0.0,-1.0,0
17850.0,60.0,25.29,526.97,24.0,3.0,0.0,42500.0,2.0,0.0,25.33,14.0,1.0,16230.0,70.0,30.0,0.0,0.0,6.0,1.0,677.0,6.0,0.42,0.4666666666666667,139.0,0.0071942446043165,0.0071942446043165,1.0,1
14000.0,60.0,12.79,317.05,10.0,7.0,0.0,70000.0,0.0,0.0,16.32,10.0,0.0,8584.0,22.5,16.0,0.0,0.0,2.0,0.0,737.0,6.0,0.2,0.625,145.0,0.0,0.0,-1.0,0
16000.0,60.0,14.49,376.37,13.0,0.0,0.0,60000.0,1.0,2.0,19.22,12.0,0.0,5384.0,28.9,31.0,0.0,0.0,2.0,0.0,702.0,6.0,0.2666666666666666,0.3870967741935484,125.0,0.0,0.0,-1.0,0
7200.0,36.0,12.79,241.87,10.0,8.0,2.0,82000.0,1.0,5.0,5.25,5.0,0.0,2191.0,32.2,7.0,0.0,0.0,0.0,0.0,717.0,6.0,0.0878048780487804,0.7142857142857143,43.0,0.0,0.0,-1.0,0
24000.0,60.0,23.99,690.3,21.0,10.0,0.0,128000.0,2.0,0.0,15.71,10.0,0.0,10165.0,92.4,22.0,0.0,0.0,3.0,0.0,697.0,6.0,0.1875,0.4545454545454545,119.0,0.0,0.0,-1.0,0
9525.0,36.0,22.39,365.69,20.0,3.0,1.0,30000.0,1.0,0.0,22.12,7.0,1.0,2585.0,29.7,32.0,0.0,0.0,6.0,0.0,672.0,6.0,0.3175,0.21875,132.0,0.0075757575757575,0.0,0.0,0
24000.0,36.0,12.79,806.23,10.0,2.0,0.0,175000.0,0.0,0.0,17.9,17.0,0.0,26643.0,72.2,38.0,0.0,0.0,5.0,0.0,672.0,6.0,0.1371428571428571,0.4473684210526316,127.0,0.0,0.0,-1.0,0
24000.0,36.0,10.99,785.62,8.0,9.0,0.0,80000.0,1.0,0.0,17.15,9.0,0.0,29550.0,93.2,15.0,0.0,0.0,3.0,0.0,692.0,6.0,0.3,0.6,159.0,0.0,0.0,-1.0,1
14400.0,36.0,13.49,488.6,11.0,10.0,0.0,113650.0,0.0,0.0,4.45,10.0,0.0,8876.0,26.3,59.0,0.0,0.0,0.0,0.0,717.0,6.0,0.126704795424549,0.1694915254237288,367.0,0.0,0.0,-1.0,0
5000.0,36.0,8.99,158.98,5.0,10.0,2.0,57677.0,0.0,5.0,20.64,10.0,0.0,16424.0,50.8,18.0,0.0,0.0,0.0,0.0,762.0,6.0,0.0866896683253289,0.5555555555555556,191.0,0.0,0.0,-1.0,0
8000.0,36.0,9.49,256.23,6.0,2.0,1.0,25000.0,1.0,0.0,13.44,4.0,0.0,5644.0,77.3,6.0,1.0,0.0,0.0,0.0,702.0,6.0,0.32,0.6666666666666666,107.0,0.0,0.0,-1.0,0
24000.0,60.0,13.49,552.12,11.0,1.0,1.0,75000.0,0.0,0.0,7.41,8.0,0.0,2388.0,41.2,35.0,0.0,0.0,3.0,0.0,672.0,6.0,0.32,0.2285714285714285,152.0,0.0,0.0,-1.0,1
2000.0,36.0,10.99,65.47,8.0,4.0,2.0,18263.0,0.0,0.0,18.08,4.0,0.0,8279.0,83.0,19.0,1.0,0.0,0.0,0.0,697.0,6.0,0.1095110332365985,0.2105263157894736,269.0,0.0,0.0,-1.0,0
10000.0,36.0,11.49,329.72,9.0,0.0,1.0,29000.0,1.0,4.0,10.94,6.0,0.0,9276.0,59.8,7.0,0.0,0.0,0.0,0.0,682.0,6.0,0.3448275862068966,0.8571428571428571,51.0,0.0,0.0,-1.0,1
32050.0,36.0,22.39,1230.48,20.0,10.0,1.0,64128.0,1.0,9.0,7.28,15.0,0.0,15483.0,38.6,20.0,1.0,0.0,3.0,0.0,717.0,6.0,0.4997816866267465,0.75,222.0,0.0,0.0,-1.0,1
15000.0,60.0,15.59,361.52,14.0,10.0,0.0,88816.0,1.0,4.0,16.02,12.0,0.0,9142.0,45.7,22.0,0.0,0.0,2.0,0.0,662.0,6.0,0.1688884885606197,0.5454545454545454,363.0,0.0,0.0,-1.0,0
24000.0,60.0,17.99,609.32,16.0,10.0,2.0,80000.0,2.0,2.0,8.57,6.0,1.0,1164.0,18.2,41.0,0.0,0.0,7.0,1.0,677.0,6.0,0.3,0.1463414634146341,155.0,0.0064516129032258,0.0064516129032258,1.0,0
22000.0,36.0,12.79,739.05,10.0,0.0,0.0,100000.0,0.0,4.0,23.48,9.0,0.0,20091.0,84.8,19.0,0.0,0.0,1.0,0.0,667.0,6.0,0.22,0.4736842105263157,180.0,0.0,0.0,-1.0,0
19994.27734375,60.0,10.99,434.6228942871094,8.0,2.0,0.0,50717.12890625,1.0,10.0,5.907340297698974,5.0,1.0,57828.47265625,69.19737701416015,14.0,1.0,0.0,1.0,1.0,687.0,6.0,0.39423125982284546,0.3571428571428571,124.0,0.0080645161290322,0.0080645161290322,1.0,1
29966.599609375,36.0,14.49,1031.3370458984375,13.0,10.0,0.0,501967.78125,0.0,1.0,38.32738868713379,11.0,0.0,71429.3984375,98.94584655761719,23.0,1.0,0.0,4.0,0.0,667.0,6.0,0.05969824918678826,0.4782608695652174,211.0,0.0,0.0,-1.0,0
26000.0,60.0,15.59,626.62,14.0,10.0,0.0,68000.0,1.0,0.0,18.43,8.0,0.0,15248.0,53.7,32.0,0.0,0.0,3.0,0.0,707.0,6.0,0.3823529411764705,0.25,221.0,0.0,0.0,-1.0,0
8500.0,36.0,18.99,311.54,17.0,10.0,0.0,39000.0,1.0,4.0,22.49,19.0,0.0,11910.0,29.2,22.0,0.0,0.0,0.0,0.0,702.0,6.0,0.2179487179487179,0.8636363636363636,76.0,0.0,0.0,-1.0,0
25000.0,36.0,10.49,812.45,7.0,0.0,1.0,120000.0,2.0,0.0,24.56,20.0,0.0,20533.0,36.4,36.0,0.0,0.0,0.0,0.0,757.0,6.0,0.2083333333333333,0.5555555555555556,276.0,0.0,0.0,-1.0,0
17450.0,36.0,22.39,669.95,20.0,2.0,0.0,92300.0,1.0,2.0,23.95,11.0,0.0,24729.0,59.2,17.0,0.0,0.0,2.0,0.0,702.0,6.0,0.1890574214517876,0.6470588235294118,302.0,0.0,0.0,-1.0,0
22500.0,60.0,25.29,664.24,24.0,7.0,0.0,45000.0,1.0,0.0,10.88,10.0,0.0,8583.0,42.5,16.0,0.0,0.0,2.0,0.0,672.0,6.0,0.5,0.625,190.0,0.0,0.0,-1.0,1
20000.0,60.0,8.59,411.2,4.0,10.0,0.0,308751.0,1.0,0.0,9.5,24.0,0.0,38054.0,41.2,49.0,0.0,0.0,8.0,0.0,702.0,6.0,0.0647771181307914,0.4897959183673469,286.0,0.0,0.0,-1.0,0
35000.0,60.0,27.49,1079.02,28.0,3.0,0.0,110000.0,2.0,1.0,28.91,13.0,0.0,3007.0,10.2,48.0,0.0,0.0,0.0,0.0,677.0,6.0,0.3181818181818182,0.2708333333333333,114.0,0.0,0.0,-1.0,1
31575.0,36.0,17.99,1141.36,16.0,5.0,1.0,92000.0,2.0,0.0,14.77,7.0,0.0,13710.0,62.6,24.0,0.0,0.0,0.0,0.0,672.0,6.0,0.3432065217391304,0.2916666666666667,130.0,0.0,0.0,-1.0,0
4104.00634765625,36.0,27.49,168.62766845703126,28.0,1.0,1.0,862073.4375,2.0,5.0,63.78035949707031,6.0,0.0,250357.40625,14.913780212402344,7.0,0.0,0.0,0.0,0.0,697.0,6.0,0.004760611057281483,0.8571428656578064,50.0,0.0,0.0,-1.0,1
8000.0,36.0,13.49,271.45,11.0,5.0,1.0,25000.0,2.0,0.0,17.52,12.0,0.0,11616.0,52.6,13.0,0.0,0.0,0.0,0.0,672.0,7.0,0.32,0.9230769230769232,87.0,0.0,0.0,-1.0,0
10000.0,36.0,11.49,329.72,9.0,2.0,1.0,36000.0,1.0,0.0,12.87,6.0,0.0,8284.0,69.0,17.0,0.0,0.0,0.0,0.0,687.0,7.0,0.2777777777777778,0.3529411764705882,70.0,0.0,0.0,-1.0,0
11875.0,60.0,22.39,330.62,20.0,8.0,0.0,41000.0,1.0,3.0,13.47,5.0,1.0,1445.0,10.8,15.0,0.0,0.0,2.0,1.0,727.0,7.0,0.2896341463414634,0.3333333333333333,166.0,0.0060240963855421,0.0060240963855421,1.0,0
30000.0,36.0,19.99,1114.76,18.0,2.0,0.0,94000.0,2.0,0.0,20.58,9.0,0.0,18972.0,82.8,25.0,0.0,0.0,3.0,0.0,667.0,7.0,0.3191489361702128,0.36,207.0,0.0,0.0,-1.0,0
12000.0,60.0,19.99,317.86,18.0,2.0,1.0,70000.0,1.0,0.0,10.82,6.0,0.0,4070.0,59.9,10.0,0.0,0.0,0.0,0.0,677.0,7.0,0.1714285714285714,0.6,84.0,0.0,0.0,-1.0,0
6800.0,36.0,9.49,217.8,6.0,5.0,0.0,63000.0,0.0,5.0,11.07,17.0,0.0,2985.0,4.9,30.0,0.0,0.0,3.0,0.0,777.0,7.0,0.1079365079365079,0.5666666666666667,167.0,0.0,0.0,-1.0,0
10000.0,36.0,11.49,329.72,9.0,1.0,1.0,35000.0,2.0,0.0,25.17,20.0,0.0,6143.0,48.4,24.0,1.0,0.0,0.0,0.0,687.0,7.0,0.2857142857142857,0.8333333333333334,100.0,0.0,0.0,-1.0,0
9810.7353515625,36.0,13.99,335.2605712890625,12.0,5.0,1.0,787067.6875,2.0,0.0,13.606605529785156,11.0,0.0,230673.5,19.694571304321286,28.0,1.0,0.0,3.0,0.0,697.0,7.0,0.01246493856112163,0.39285713875735245,182.0,0.0,0.0,-1.0,0
14876.923828125,36.0,11.49,490.51039916992187,9.0,10.0,1.0,922735.3125,2.0,4.0,6.453362274169923,21.0,1.0,151947.171875,44.51240005493164,50.0,1.0,0.0,0.0,1.0,672.0,7.0,0.01612262448794405,0.42,180.0,0.0055555555555555,0.0055555555555555,1.0,1
5078.4169921875,36.0,10.49,165.03782104492188,7.0,5.0,1.0,574410.75,1.0,0.0,46.18062896728516,14.0,0.0,184396.734375,22.551453018188475,22.0,0.0,0.0,2.0,0.0,717.0,7.0,0.008841088494738969,0.6363636514414912,70.0,0.0,0.0,-1.0,0
29998.322265625,36.0,11.49,989.08140625,9.0,10.0,1.0,111548.0,2.0,0.0,20.806621780395506,7.0,0.0,5199.95703125,53.3910400390625,17.0,0.0,0.0,0.0,0.0,777.0,7.0,0.26892747662284155,0.4117647058823529,277.0,0.0,0.0,-1.0,0
35000.0,36.0,11.49,1154.0,9.0,8.0,0.0,96000.0,2.0,0.0,21.93,13.0,0.0,18945.0,50.0,29.0,0.0,0.0,1.0,0.0,667.0,7.0,0.3645833333333333,0.4482758620689655,402.0,0.0,0.0,-1.0,0
6000.0,36.0,11.49,197.83,9.0,10.0,0.0,58000.0,1.0,4.0,27.81,20.0,0.0,15946.0,49.8,28.0,1.0,0.0,3.0,0.0,687.0,7.0,0.1034482758620689,0.7142857142857143,156.0,0.0,0.0,-1.0,0
6000.0,36.0,13.49,203.59,11.0,10.0,0.0,54400.0,1.0,0.0,18.0,3.0,0.0,4035.0,98.4,12.0,0.0,0.0,3.0,0.0,667.0,7.0,0.1102941176470588,0.25,259.0,0.0,0.0,-1.0,0
13400.0,36.0,11.49,441.82,9.0,10.0,0.0,48600.0,0.0,0.0,19.58,8.0,0.0,28939.0,56.2,25.0,0.0,0.0,3.0,0.0,707.0,7.0,0.2757201646090535,0.32,168.0,0.0,0.0,-1.0,0
18000.0,60.0,24.49,522.96,22.0,5.0,2.0,135000.0,2.0,1.0,21.97,10.0,1.0,2768.0,89.3,23.0,1.0,0.0,3.0,1.0,667.0,7.0,0.1333333333333333,0.4347826086956521,237.0,0.0042194092827004,0.0042194092827004,1.0,0
5000.0,36.0,9.49,160.15,6.0,5.0,0.0,113500.0,0.0,5.0,19.52,6.0,0.0,15367.0,99.1,26.0,0.0,0.0,3.0,0.0,707.0,7.0,0.0440528634361233,0.2307692307692307,259.0,0.0,0.0,-1.0,0
8800.0,36.0,21.49,333.76,19.0,4.0,1.0,80000.0,1.0,5.0,14.49,7.0,0.0,3274.0,28.2,16.0,0.0,0.0,0.0,0.0,667.0,7.0,0.11,0.4375,150.0,0.0,0.0,-1.0,0
22800.0,36.0,11.49,751.75,9.0,8.0,0.0,45614.0,0.0,4.0,30.2,14.0,0.0,19452.0,39.8,30.0,0.0,0.0,4.0,0.0,702.0,7.0,0.499846538343491,0.4666666666666667,154.0,0.0,0.0,-1.0,1
12000.0,36.0,10.99,392.81,8.0,1.0,1.0,60000.0,0.0,0.0,19.82,7.0,0.0,12328.0,91.0,13.0,0.0,0.0,0.0,0.0,672.0,7.0,0.2,0.5384615384615384,148.0,0.0,0.0,-1.0,0
9034.32421875,36.0,11.49,297.87274169921875,9.0,2.0,1.0,278454.03125,0.0,0.0,49.08651023864746,17.0,0.0,116483.1328125,15.394485473632812,30.0,0.0,0.0,5.0,0.0,682.0,7.0,0.032444581389427185,0.5666666666666667,308.0,0.0,0.0,-1.0,1
20000.0,36.0,21.49,758.55,19.0,5.0,0.0,70000.0,1.0,1.0,19.8,17.0,1.0,8209.0,36.5,23.0,0.0,0.0,0.0,0.0,672.0,7.0,0.2857142857142857,0.7391304347826086,166.0,0.0060240963855421,0.0,0.0,0
11200.0,60.0,11.49,246.27,9.0,10.0,1.0,60000.0,2.0,0.0,16.38,12.0,1.0,5456.0,41.0,33.0,0.0,0.0,0.0,1.0,672.0,7.0,0.1866666666666666,0.3636363636363636,207.0,0.0048309178743961,0.0048309178743961,1.0,0
13000.0,60.0,18.99,337.16,17.0,10.0,2.0,110000.0,1.0,2.0,5.77,9.0,0.0,9564.0,41.2,12.0,0.0,0.0,0.0,0.0,717.0,7.0,0.1181818181818181,0.75,174.0,0.0,0.0,-1.0,0
10200.0,36.0,9.49,326.69,6.0,5.0,1.0,56000.0,1.0,0.0,16.61,7.0,0.0,6957.0,80.9,10.0,0.0,0.0,0.0,0.0,667.0,7.0,0.1821428571428571,0.7,106.0,0.0,0.0,-1.0,0
10000.0,36.0,7.99,313.32,3.0,0.0,0.0,64000.0,0.0,2.0,6.39,5.0,0.0,12108.0,68.8,12.0,1.0,0.0,1.0,0.0,692.0,7.0,0.15625,0.4166666666666667,290.0,0.0,0.0,-1.0,0
10000.0,36.0,10.49,324.98,7.0,9.0,0.0,45000.0,1.0,2.0,21.44,16.0,0.0,9787.0,23.1,29.0,0.0,0.0,0.0,0.0,692.0,7.0,0.2222222222222222,0.5517241379310345,245.0,0.0,0.0,-1.0,0
10822.2685546875,36.0,10.99,354.2546398925781,8.0,10.0,0.0,374400.15625,1.0,4.0,86.59662673950196,29.0,1.0,2751.78125,57.72113189697266,43.0,0.0,0.0,1.0,1.0,662.0,7.0,0.02890561676543693,0.6744186046511628,277.0,0.003610108303249,0.003610108303249,1.0,0
18000.0,60.0,18.99,466.84,17.0,10.0,1.0,72000.0,2.0,0.0,16.18,8.0,0.0,11139.0,73.3,12.0,0.0,0.0,0.0,0.0,697.0,7.0,0.25,0.6666666666666666,198.0,0.0,0.0,-1.0,1
12000.0,36.0,10.99,392.81,8.0,10.0,0.0,50000.0,1.0,0.0,11.45,8.0,1.0,16151.0,50.3,18.0,0.0,0.0,8.0,1.0,667.0,7.0,0.24,0.4444444444444444,172.0,0.005813953488372,0.005813953488372,1.0,0
12000.0,36.0,9.49,384.34,6.0,2.0,0.0,115000.0,1.0,2.0,18.8,18.0,1.0,20137.0,55.2,32.0,0.0,0.0,2.0,1.0,667.0,7.0,0.1043478260869565,0.5625,253.0,0.0039525691699604,0.0039525691699604,1.0,0
15000.0,36.0,10.49,487.47,7.0,10.0,2.0,115000.0,0.0,4.0,20.84,13.0,0.0,42450.0,82.1,50.0,0.0,0.0,2.0,0.0,702.0,7.0,0.1304347826086956,0.26,249.0,0.0,0.0,-1.0,0
10000.0,36.0,25.29,399.14,24.0,9.0,1.0,60000.0,1.0,1.0,12.53,10.0,0.0,1263.0,6.3,23.0,0.0,0.0,0.0,0.0,692.0,7.0,0.1666666666666666,0.4347826086956521,74.0,0.0,0.0,-1.0,0
19998.373046875,36.0,9.49,640.521904296875,6.0,2.0,0.0,150611.53125,0.0,0.0,32.706512451171875,12.0,0.0,154991.0,42.666326904296874,38.0,1.0,0.0,4.0,0.0,732.0,7.0,0.13278114253824405,0.3157894736842105,195.0,0.0,0.0,-1.0,0
35000.0,36.0,10.99,1145.69,8.0,10.0,0.0,147391.0,1.0,4.0,14.58,18.0,0.0,48619.0,76.7,40.0,0.0,0.0,7.0,0.0,667.0,7.0,0.2374636171815104,0.45,227.0,0.0,0.0,-1.0,0
6400.0,36.0,7.59,199.35,2.0,3.0,2.0,75000.0,0.0,4.0,15.81,13.0,0.0,7983.0,12.2,37.0,0.0,0.0,5.0,0.0,727.0,7.0,0.0853333333333333,0.3513513513513513,190.0,0.0,0.0,-1.0,0
1700.0,36.0,12.79,57.11,10.0,4.0,1.0,47000.0,2.0,5.0,22.27,19.0,1.0,15941.0,60.4,37.0,1.0,0.0,0.0,1.0,662.0,7.0,0.0361702127659574,0.5135135135135135,126.0,0.0079365079365079,0.0079365079365079,1.0,0
28000.0,36.0,8.99,890.27,5.0,10.0,0.0,80000.0,1.0,0.0,24.66,14.0,0.0,89018.0,88.0,30.0,0.0,0.0,5.0,0.0,707.0,7.0,0.35,0.4666666666666667,279.0,0.0,0.0,-1.0,0
14500.0,36.0,10.49,471.22,7.0,5.0,1.0,65000.0,1.0,0.0,17.85,12.0,0.0,14083.0,62.0,26.0,1.0,0.0,0.0,0.0,667.0,7.0,0.2230769230769231,0.4615384615384615,133.0,0.0,0.0,-1.0,1
3600.0,36.0,7.99,112.8,3.0,10.0,0.0,80000.0,2.0,5.0,27.53,9.0,0.0,7367.0,73.7,17.0,0.0,0.0,2.0,0.0,692.0,7.0,0.045,0.5294117647058824,235.0,0.0,0.0,-1.0,0
23400.0,60.0,10.49,502.85,7.0,10.0,0.0,72600.0,1.0,0.0,27.34,13.0,0.0,19519.0,59.0,21.0,0.0,0.0,2.0,0.0,682.0,7.0,0.3223140495867768,0.6190476190476191,166.0,0.0,0.0,-1.0,0
21875.0,36.0,14.49,752.86,13.0,3.0,0.0,65000.0,2.0,0.0,17.71,10.0,0.0,23188.0,60.1,32.0,0.0,0.0,2.0,0.0,667.0,7.0,0.3365384615384615,0.3125,154.0,0.0,0.0,-1.0,0
6000.0,36.0,12.79,201.56,10.0,5.0,2.0,35000.0,1.0,0.0,25.55,11.0,0.0,7437.0,64.1,21.0,1.0,0.0,0.0,0.0,667.0,7.0,0.1714285714285714,0.5238095238095238,124.0,0.0,0.0,-1.0,0
31302.91015625,36.0,14.49,1077.3277783203125,13.0,9.0,2.0,16278.71875,1.0,2.0,43.10527114868164,19.0,0.0,207229.171875,9.763753318786621,36.0,1.0,0.0,3.0,0.0,742.0,7.0,1.9229341252644856,0.5277777777777778,116.0,0.0,0.0,-1.0,0
20000.0,36.0,6.99,617.46,1.0,2.0,0.0,85000.0,0.0,4.0,18.01,12.0,0.0,35461.0,46.8,36.0,0.0,0.0,3.0,0.0,712.0,7.0,0.2352941176470588,0.3333333333333333,188.0,0.0,0.0,-1.0,1
14400.0,60.0,9.49,302.36,6.0,2.0,0.0,52000.0,0.0,0.0,21.3,8.0,1.0,4645.0,40.7,21.0,0.0,0.0,2.0,1.0,727.0,7.0,0.2769230769230769,0.3809523809523809,234.0,0.0042735042735042,0.0042735042735042,1.0,1
6531.40869140625,36.0,11.49,215.3468682861328,9.0,10.0,0.0,364820.875,0.0,0.0,13.992184104919435,12.0,0.0,32332.4765625,62.34465637207031,32.0,0.0,0.0,2.0,0.0,732.0,7.0,0.017903055340051655,0.37500001153638285,188.0,0.0,0.0,-1.0,0
14000.0,36.0,14.49,481.83,13.0,10.0,0.0,95000.0,0.0,0.0,20.73,16.0,0.0,27293.0,74.8,26.0,0.0,0.0,2.0,0.0,702.0,7.0,0.1473684210526315,0.6153846153846154,249.0,0.0,0.0,-1.0,0
30000.0,60.0,15.59,723.03,14.0,10.0,0.0,92000.0,1.0,0.0,7.94,9.0,1.0,22237.0,49.2,14.0,0.0,0.0,1.0,1.0,687.0,7.0,0.3260869565217391,0.6428571428571429,75.0,0.0133333333333333,0.0133333333333333,1.0,1
21977.93359375,36.0,13.99,751.0480981445312,12.0,0.0,1.0,113915.734375,1.0,4.0,42.478910217285154,14.0,0.0,23960.650390625,65.89734649658203,24.0,1.0,0.0,1.0,0.0,667.0,7.0,0.19293150358340316,0.5833333333333334,287.0,0.0,0.0,-1.0,0
35000.0,36.0,16.99,1247.68,15.0,10.0,1.0,104000.0,2.0,0.0,4.98,6.0,1.0,404.0,5.6,24.0,1.0,0.0,3.0,1.0,672.0,7.0,0.3365384615384615,0.25,228.0,0.0043859649122807,0.0043859649122807,1.0,0
12000.0,36.0,8.99,381.55,5.0,10.0,1.0,52000.0,1.0,0.0,13.32,13.0,1.0,16087.0,53.6,32.0,0.0,0.0,4.0,1.0,667.0,7.0,0.2307692307692307,0.40625,291.0,0.0034364261168384,0.0034364261168384,1.0,0
18000.0,60.0,10.49,386.81,7.0,1.0,0.0,80000.0,1.0,0.0,15.27,13.0,0.0,10912.0,60.6,27.0,0.0,0.0,2.0,0.0,727.0,7.0,0.225,0.4814814814814814,157.0,0.0,0.0,-1.0,0
10000.0,36.0,10.99,327.34,8.0,10.0,0.0,40000.0,0.0,0.0,19.65,8.0,2.0,6861.0,70.0,19.0,0.0,0.0,3.0,2.0,662.0,7.0,0.25,0.4210526315789473,304.0,0.006578947368421,0.006578947368421,1.0,1
9981.6787109375,36.0,16.99,355.82365844726564,15.0,10.0,0.0,338716.6875,2.0,0.0,21.46346336364746,14.0,0.0,262985.15625,79.39143981933594,24.0,0.0,0.0,4.0,0.0,687.0,7.0,0.029469116812660484,0.5833333333333334,137.0,0.0,0.0,-1.0,0
18000.0,36.0,11.49,593.49,9.0,0.0,0.0,62000.0,1.0,4.0,34.4,14.0,0.0,15366.0,91.5,28.0,0.0,0.0,5.0,0.0,672.0,7.0,0.2903225806451613,0.5,315.0,0.0,0.0,-1.0,1
28836.958984375,60.0,8.99,598.4652856445313,5.0,2.0,2.0,240254.46875,0.0,0.0,23.355427055358888,16.0,0.0,52273.25,36.182061767578126,40.0,0.0,0.0,8.0,0.0,762.0,7.0,0.12002672839623232,0.4,188.0,0.0,0.0,-1.0,0
3200.0,36.0,11.49,105.51,9.0,1.0,1.0,63000.0,1.0,3.0,13.73,7.0,0.0,6215.0,66.9,8.0,0.0,0.0,0.0,0.0,702.0,7.0,0.0507936507936507,0.875,70.0,0.0,0.0,-1.0,0
10000.0,36.0,5.32,301.15,0.0,6.0,0.0,109000.0,1.0,0.0,8.77,6.0,0.0,7775.0,63.7,36.0,0.0,0.0,5.0,0.0,702.0,7.0,0.091743119266055,0.1666666666666666,171.0,0.0,0.0,-1.0,0
12875.0,36.0,8.59,406.97,4.0,1.0,0.0,60000.0,1.0,2.0,16.6,8.0,0.0,10824.0,36.4,22.0,0.0,0.0,3.0,0.0,737.0,7.0,0.2145833333333333,0.3636363636363636,211.0,0.0,0.0,-1.0,0
12500.0,60.0,19.99,331.11,18.0,0.0,1.0,52000.0,1.0,5.0,20.63,11.0,1.0,15707.0,45.0,18.0,0.0,0.0,0.0,1.0,692.0,7.0,0.2403846153846154,0.6111111111111112,376.0,0.0026595744680851,0.0026595744680851,1.0,0
15000.0,36.0,15.59,524.33,14.0,3.0,2.0,40000.0,2.0,0.0,19.26,24.0,0.0,14581.0,44.6,33.0,0.0,0.0,0.0,0.0,667.0,7.0,0.375,0.7272727272727273,115.0,0.0,0.0,-1.0,0
3000.0,36.0,12.79,100.78,10.0,10.0,0.0,95000.0,1.0,0.0,12.65,8.0,1.0,1618.0,15.8,19.0,0.0,0.0,3.0,0.0,672.0,7.0,0.031578947368421,0.4210526315789473,130.0,0.0076923076923076,0.0,0.0,0
13000.0,36.0,9.49,416.37,6.0,10.0,2.0,90000.0,0.0,4.0,6.87,11.0,1.0,9177.0,35.6,32.0,0.0,0.0,5.0,0.0,677.0,7.0,0.1444444444444444,0.34375,193.0,0.005181347150259,0.0,0.0,0
6700.0,36.0,12.79,225.08,10.0,10.0,0.0,170000.0,0.0,0.0,17.62,12.0,0.0,6397.0,38.1,27.0,0.0,0.0,1.0,0.0,702.0,7.0,0.0394117647058823,0.4444444444444444,237.0,0.0,0.0,-1.0,0
9750.0,36.0,19.99,362.3,18.0,10.0,0.0,103000.0,1.0,0.0,20.98,15.0,0.0,14966.0,68.3,29.0,0.0,0.0,2.0,0.0,672.0,7.0,0.0946601941747572,0.5172413793103449,154.0,0.0,0.0,-1.0,1
9000.0,36.0,11.49,296.75,9.0,4.0,0.0,63000.0,1.0,5.0,6.91,10.0,0.0,7369.0,40.0,17.0,0.0,0.0,1.0,0.0,662.0,7.0,0.1428571428571428,0.5882352941176471,120.0,0.0,0.0,-1.0,1
7500.0,36.0,10.49,243.74,7.0,8.0,0.0,85000.0,0.0,3.0,20.74,11.0,1.0,7861.0,42.3,15.0,0.0,0.0,2.0,0.0,717.0,7.0,0.088235294117647,0.7333333333333333,207.0,0.0048309178743961,0.0,0.0,0
11626.583984375,36.0,10.99,380.58297241210937,8.0,10.0,0.0,303655.5,2.0,0.0,4.813091888427735,11.0,0.0,193895.171875,64.8961410522461,14.0,1.0,0.0,2.0,0.0,667.0,7.0,0.038288742791522584,0.7857142595144418,39.0,0.0,0.0,-1.0,0
9625.0,36.0,18.99,352.77,17.0,10.0,0.0,95000.0,0.0,4.0,34.28,20.0,0.0,38699.0,92.1,37.0,0.0,0.0,9.0,0.0,667.0,7.0,0.1013157894736842,0.5405405405405406,277.0,0.0,0.0,-1.0,0
14999.24609375,36.0,7.99,469.95369384765627,3.0,6.0,0.0,16741.5859375,0.0,2.0,29.98352668762207,15.0,1.0,3336.29541015625,21.682535552978514,34.0,0.0,0.0,3.0,1.0,722.0,7.0,0.8959275025587815,0.4411764705882353,169.0,0.0059171597633136,0.0059171597633136,1.0,0
16800.0,36.0,11.49,553.92,9.0,1.0,1.0,48000.0,2.0,0.0,25.88,6.0,0.0,4219.0,52.1,19.0,0.0,0.0,0.0,0.0,682.0,7.0,0.35,0.3157894736842105,115.0,0.0,0.0,-1.0,0
10000.0,36.0,8.99,317.96,5.0,10.0,1.0,77000.0,0.0,4.0,8.1,17.0,1.0,6285.0,28.7,24.0,1.0,0.0,0.0,1.0,672.0,7.0,0.1298701298701298,0.7083333333333334,121.0,0.0082644628099173,0.0082644628099173,1.0,0
32000.0,60.0,21.49,874.56,19.0,1.0,0.0,120000.0,2.0,4.0,15.09,7.0,0.0,32329.0,79.2,22.0,0.0,0.0,3.0,0.0,687.0,7.0,0.2666666666666666,0.3181818181818182,253.0,0.0,0.0,-1.0,0
10571.6259765625,36.0,15.59,369.53059936523437,14.0,0.0,0.0,712573.25,1.0,0.0,70.67013412475586,7.0,1.0,21240.525390625,18.28843002319336,8.0,1.0,0.0,1.0,1.0,667.0,7.0,0.014835832643616764,0.875000019868215,132.0,0.0075757575757575,0.0075757575757575,1.0,1
24000.0,36.0,10.99,785.62,8.0,1.0,1.0,60000.0,1.0,5.0,8.5,9.0,0.0,119.0,1.4,14.0,0.0,0.0,0.0,0.0,672.0,7.0,0.4,0.6428571428571429,122.0,0.0,0.0,-1.0,0
6000.0,36.0,13.49,203.59,11.0,10.0,0.0,93000.0,1.0,0.0,9.29,14.0,0.0,4147.0,36.7,31.0,0.0,0.0,2.0,0.0,662.0,7.0,0.064516129032258,0.4516129032258064,223.0,0.0,0.0,-1.0,0
6000.0,36.0,10.99,196.41,8.0,2.0,0.0,32000.0,2.0,0.0,25.81,9.0,0.0,7331.0,64.9,13.0,0.0,0.0,1.0,0.0,667.0,7.0,0.1875,0.6923076923076923,71.0,0.0,0.0,-1.0,0
11946.109375,36.0,11.49,393.8778649902344,9.0,2.0,1.0,533803.125,1.0,4.0,8.764144706726075,10.0,1.0,68239.9453125,53.96326370239258,32.0,1.0,0.0,3.0,1.0,662.0,7.0,0.022379254698753348,0.3124999938340023,273.0,0.0036630036630036,0.0036630036630036,1.0,1
34921.75390625,36.0,10.49,1134.883125,7.0,4.0,0.0,655025.8125,1.0,2.0,50.40640686035157,15.0,0.0,50119.7890625,21.45378875732422,34.0,0.0,0.0,3.0,0.0,712.0,7.0,0.05331354481833317,0.4411764705882353,151.0,0.0,0.0,-1.0,0
12000.0,36.0,9.49,384.34,6.0,1.0,2.0,44000.0,1.0,4.0,30.36,15.0,0.0,27337.0,43.9,36.0,0.0,0.0,1.0,0.0,702.0,8.0,0.2727272727272727,0.4166666666666667,385.0,0.0,0.0,-1.0,0
22600.0,36.0,15.59,789.99,14.0,10.0,0.0,60000.0,1.0,0.0,27.98,14.0,0.0,26349.0,74.6,32.0,0.0,0.0,3.0,0.0,717.0,8.0,0.3766666666666666,0.4375,278.0,0.0,0.0,-1.0,0
8700.0,36.0,12.79,292.26,10.0,3.0,0.0,70000.0,0.0,2.0,19.01,25.0,0.0,1755.0,3.5,34.0,1.0,0.0,0.0,0.0,757.0,8.0,0.1242857142857142,0.7352941176470589,66.0,0.0,0.0,-1.0,0
10000.0,36.0,12.79,335.93,10.0,10.0,0.0,140000.0,2.0,0.0,13.56,10.0,0.0,9852.0,59.3,31.0,1.0,0.0,4.0,0.0,692.0,8.0,0.0714285714285714,0.3225806451612903,236.0,0.0,0.0,-1.0,0
9600.0,36.0,14.49,330.4,13.0,10.0,0.0,39000.0,1.0,4.0,21.63,10.0,0.0,11588.0,74.8,15.0,0.0,0.0,1.0,0.0,672.0,8.0,0.2461538461538461,0.6666666666666666,210.0,0.0,0.0,-1.0,1
12016.615234375,36.0,8.99,382.06739501953126,5.0,10.0,2.0,240889.625,1.0,4.0,4.254227485656738,17.0,0.0,31445.541015625,43.32398529052735,38.0,0.0,0.0,0.0,0.0,672.0,8.0,0.04988431781530381,0.4473684210526316,157.0,0.0,0.0,-1.0,0
4500.0,36.0,10.99,147.31,8.0,9.0,1.0,42180.0,2.0,0.0,3.81,2.0,0.0,4773.0,83.7,6.0,0.0,0.0,0.0,0.0,692.0,8.0,0.1066856330014224,0.3333333333333333,122.0,0.0,0.0,-1.0,0
21925.0,36.0,15.59,766.39,14.0,10.0,0.0,175000.0,1.0,4.0,17.4,15.0,2.0,21571.0,75.8,21.0,0.0,0.0,3.0,0.0,677.0,8.0,0.1252857142857142,0.7142857142857143,169.0,0.0118343195266272,0.0,0.0,1
12208.4208984375,36.0,13.99,417.1962414550781,12.0,10.0,1.0,99664.734375,2.0,5.0,35.05083938598633,10.0,0.0,53677.90234375,32.0938606262207,22.0,0.0,0.0,3.0,0.0,722.0,8.0,0.12249488944169318,0.4545454823452493,172.0,0.0,0.0,-1.0,0
20000.0,36.0,14.49,688.33,13.0,10.0,2.0,115000.0,2.0,0.0,9.91,6.0,0.0,7129.0,95.1,6.0,1.0,0.0,0.0,0.0,672.0,8.0,0.1739130434782608,1.0,129.0,0.0,0.0,-1.0,0
16000.0,36.0,13.49,542.89,11.0,6.0,1.0,103000.0,2.0,4.0,19.22,12.0,0.0,18202.0,43.6,22.0,1.0,0.0,0.0,0.0,667.0,8.0,0.1553398058252427,0.5454545454545454,69.0,0.0,0.0,-1.0,0
14500.0,36.0,12.79,487.1,10.0,2.0,1.0,100000.0,0.0,0.0,8.82,7.0,0.0,18128.0,41.5,10.0,1.0,0.0,0.0,0.0,667.0,8.0,0.145,0.7,304.0,0.0,0.0,-1.0,0
20000.0,36.0,11.49,659.43,9.0,10.0,0.0,75000.0,0.0,0.0,27.36,13.0,0.0,20893.0,65.3,24.0,1.0,0.0,2.0,0.0,697.0,8.0,0.2666666666666666,0.5416666666666666,282.0,0.0,0.0,-1.0,0
6536.24462890625,36.0,6.99,201.7890545654297,1.0,6.0,2.0,242369.4375,1.0,2.0,18.548185234069827,10.0,0.0,168962.203125,35.27567672729492,30.0,0.0,0.0,3.0,0.0,707.0,8.0,0.026968109751901267,0.3333333333333333,221.0,0.0,0.0,-1.0,0
13750.0,36.0,16.99,490.16,15.0,0.0,1.0,41000.0,2.0,0.0,20.36,12.0,0.0,23659.0,75.1,29.0,1.0,0.0,0.0,0.0,662.0,8.0,0.3353658536585366,0.4137931034482758,199.0,0.0,0.0,-1.0,1
15000.0,60.0,12.79,339.69,10.0,4.0,0.0,184000.0,0.0,4.0,14.49,18.0,0.0,9884.0,15.6,35.0,0.0,0.0,4.0,0.0,672.0,8.0,0.0815217391304347,0.5142857142857142,179.0,0.0,0.0,-1.0,0
26400.0,60.0,15.59,636.26,14.0,1.0,0.0,275000.0,1.0,0.0,7.77,11.0,1.0,19452.0,38.1,44.0,0.0,0.0,5.0,1.0,687.0,8.0,0.096,0.25,233.0,0.0042918454935622,0.0042918454935622,1.0,0
9500.0,36.0,17.99,343.41,16.0,0.0,1.0,28000.0,2.0,0.0,6.9,3.0,0.0,5126.0,82.7,10.0,1.0,0.0,0.0,0.0,682.0,8.0,0.3392857142857143,0.3,115.0,0.0,0.0,-1.0,0
24000.0,36.0,13.99,820.15,12.0,9.0,0.0,101000.0,0.0,0.0,20.46,12.0,1.0,15323.0,58.3,27.0,1.0,0.0,2.0,0.0,682.0,8.0,0.2376237623762376,0.4444444444444444,135.0,0.0074074074074074,0.0,0.0,0
10000.0,36.0,10.49,324.98,7.0,10.0,0.0,130000.0,0.0,2.0,2.41,10.0,0.0,9611.0,22.5,24.0,1.0,0.0,3.0,0.0,767.0,8.0,0.0769230769230769,0.4166666666666667,150.0,0.0,0.0,-1.0,0
25300.0,60.0,21.49,691.45,19.0,5.0,0.0,55000.0,1.0,4.0,17.25,19.0,0.0,15440.0,53.6,25.0,0.0,0.0,0.0,0.0,662.0,8.0,0.46,0.76,130.0,0.0,0.0,-1.0,1
10006.7109375,36.0,5.32,301.3535522460937,0.0,3.0,1.0,228409.1875,0.0,4.0,12.250804290771484,23.0,0.0,48242.3046875,10.250518608093262,49.0,0.0,0.0,1.0,0.0,807.0,8.0,0.043810456577274476,0.4693877551020408,168.0,0.0,0.0,-1.0,0
6000.0,36.0,13.99,205.04,12.0,0.0,0.0,24000.0,1.0,0.0,26.45,7.0,0.0,5954.0,64.0,39.0,0.0,0.0,0.0,0.0,702.0,8.0,0.25,0.1794871794871795,143.0,0.0,0.0,-1.0,1
7000.0,36.0,8.99,222.57,5.0,0.0,0.0,83000.0,1.0,0.0,10.66,25.0,1.0,9094.0,29.6,42.0,0.0,0.0,2.0,0.0,702.0,8.0,0.0843373493975903,0.5952380952380952,247.0,0.0040485829959514,0.0,0.0,0
4000.0,36.0,12.79,134.38,10.0,1.0,2.0,85000.0,1.0,2.0,32.58,20.0,0.0,30764.0,55.5,32.0,1.0,0.0,3.0,0.0,707.0,8.0,0.0470588235294117,0.625,161.0,0.0,0.0,-1.0,0
10000.0,36.0,7.99,313.32,3.0,7.0,0.0,106000.0,0.0,2.0,23.71,17.0,0.0,3777.0,8.3,39.0,1.0,0.0,2.0,0.0,787.0,8.0,0.0943396226415094,0.4358974358974359,155.0,0.0,0.0,-1.0,0
35000.0,60.0,9.49,734.9,6.0,0.0,1.0,115000.0,2.0,4.0,23.22,20.0,0.0,41064.0,39.2,34.0,0.0,0.0,0.0,0.0,737.0,8.0,0.3043478260869565,0.5882352941176471,190.0,0.0,0.0,-1.0,0
7000.0,36.0,5.32,210.81,0.0,10.0,0.0,100000.0,0.0,2.0,14.09,9.0,0.0,1682.0,9.2,31.0,0.0,0.0,6.0,0.0,802.0,8.0,0.07,0.2903225806451613,164.0,0.0,0.0,-1.0,0
38200.0,36.0,15.59,1335.28,14.0,5.0,0.0,200000.0,2.0,0.0,20.84,14.0,0.0,22039.0,54.8,41.0,0.0,0.0,4.0,0.0,702.0,8.0,0.191,0.3414634146341463,169.0,0.0,0.0,-1.0,1
9945.263671875,36.0,11.49,327.90753051757815,9.0,2.0,1.0,487555.46875,1.0,4.0,33.22372314453125,12.0,0.0,50431.1953125,75.60492858886718,22.0,0.0,0.0,1.0,0.0,687.0,8.0,0.020398213633700715,0.5454545454545454,240.0,0.0,0.0,-1.0,0
15000.0,36.0,8.59,474.14,4.0,8.0,0.0,140000.0,0.0,3.0,6.57,17.0,0.0,14900.0,11.1,39.0,0.0,0.0,3.0,0.0,787.0,8.0,0.1071428571428571,0.4358974358974359,214.0,0.0,0.0,-1.0,0
15000.0,36.0,5.32,451.73,0.0,10.0,0.0,72000.0,2.0,4.0,9.55,14.0,0.0,18270.0,25.2,44.0,0.0,0.0,11.0,0.0,752.0,8.0,0.2083333333333333,0.3181818181818182,209.0,0.0,0.0,-1.0,0
2500.0,36.0,8.59,79.03,4.0,6.0,1.0,28000.0,1.0,4.0,24.77,5.0,0.0,4384.0,17.9,9.0,0.0,0.0,0.0,0.0,727.0,8.0,0.0892857142857142,0.5555555555555556,79.0,0.0,0.0,-1.0,0
5200.0,36.0,16.99,185.37,15.0,5.0,0.0,45000.0,2.0,0.0,22.24,12.0,0.0,15668.0,56.6,17.0,0.0,0.0,2.0,0.0,707.0,8.0,0.1155555555555555,0.7058823529411765,108.0,0.0,0.0,-1.0,0
8000.0,36.0,8.59,252.88,4.0,10.0,0.0,55000.0,1.0,0.0,10.82,11.0,0.0,7590.0,44.1,28.0,0.0,0.0,3.0,0.0,702.0,8.0,0.1454545454545454,0.3928571428571428,319.0,0.0,0.0,-1.0,0
40000.0,60.0,19.99,1059.54,18.0,2.0,2.0,175000.0,2.0,6.0,11.64,22.0,0.0,44847.0,71.2,33.0,0.0,0.0,1.0,0.0,682.0,8.0,0.2285714285714285,0.6666666666666666,212.0,0.0,0.0,-1.0,1
20000.0,60.0,10.99,434.75,8.0,10.0,0.0,107000.0,0.0,0.0,18.72,17.0,0.0,28976.0,43.6,43.0,0.0,0.0,2.0,0.0,702.0,8.0,0.1869158878504672,0.3953488372093023,190.0,0.0,0.0,-1.0,0
33000.0,36.0,12.79,1108.57,10.0,10.0,0.0,130000.0,2.0,2.0,20.62,15.0,0.0,15746.0,26.6,25.0,0.0,0.0,3.0,0.0,697.0,8.0,0.2538461538461538,0.6,135.0,0.0,0.0,-1.0,1
12000.0,36.0,15.59,419.46,14.0,10.0,1.0,120000.0,2.0,4.0,24.73,31.0,1.0,6699.0,37.6,50.0,0.0,0.0,0.0,0.0,712.0,8.0,0.1,0.62,137.0,0.0072992700729927,0.0,0.0,0
8400.0,36.0,9.49,269.04,6.0,9.0,2.0,62000.0,0.0,0.0,18.43,15.0,1.0,4611.0,30.5,30.0,0.0,0.0,3.0,0.0,702.0,8.0,0.1354838709677419,0.5,203.0,0.0049261083743842,0.0,0.0,0
10300.0,36.0,14.49,354.49,13.0,10.0,1.0,30000.0,1.0,4.0,26.99,13.0,0.0,9558.0,47.8,31.0,0.0,0.0,5.0,0.0,677.0,8.0,0.3433333333333333,0.4193548387096774,275.0,0.0,0.0,-1.0,1
40000.0,36.0,7.99,1253.28,3.0,0.0,0.0,160000.0,1.0,3.0,15.37,22.0,0.0,1888.0,2.5,34.0,1.0,0.0,1.0,0.0,757.0,8.0,0.25,0.6470588235294118,105.0,0.0,0.0,-1.0,0
29900.0,36.0,14.49,1029.05,13.0,1.0,0.0,65000.0,1.0,5.0,11.6,9.0,1.0,2371.0,8.0,27.0,1.0,0.0,3.0,1.0,662.0,8.0,0.46,0.3333333333333333,185.0,0.0054054054054054,0.0054054054054054,1.0,0
24000.0,60.0,12.79,543.5,10.0,3.0,1.0,52700.0,0.0,4.0,22.55,12.0,0.0,27257.0,58.2,25.0,1.0,0.0,0.0,0.0,717.0,8.0,0.4554079696394686,0.48,377.0,0.0,0.0,-1.0,1
35000.0,60.0,17.99,888.58,16.0,10.0,0.0,135000.0,1.0,0.0,32.33,21.0,0.0,45984.0,65.8,47.0,0.0,0.0,4.0,0.0,687.0,8.0,0.2592592592592592,0.4468085106382978,187.0,0.0,0.0,-1.0,1
7200.0,36.0,8.99,228.93,5.0,3.0,2.0,80000.0,1.0,0.0,20.82,18.0,1.0,6395.0,34.0,45.0,1.0,0.0,3.0,1.0,662.0,8.0,0.09,0.4,221.0,0.004524886877828,0.004524886877828,1.0,0
10000.0,36.0,12.79,335.93,10.0,8.0,0.0,100000.0,1.0,1.0,3.82,5.0,0.0,11982.0,71.7,9.0,1.0,0.0,3.0,0.0,672.0,8.0,0.1,0.5555555555555556,136.0,0.0,0.0,-1.0,1
31350.0,36.0,19.99,1164.92,18.0,5.0,1.0,98568.0,1.0,4.0,26.04,16.0,0.0,26108.0,67.5,29.0,1.0,0.0,0.0,0.0,692.0,8.0,0.318054541027514,0.5517241379310345,80.0,0.0,0.0,-1.0,1
13000.0,36.0,8.99,413.34,5.0,10.0,0.0,92000.0,1.0,0.0,30.03,17.0,0.0,2862.0,9.6,42.0,0.0,0.0,6.0,0.0,802.0,8.0,0.1413043478260869,0.4047619047619047,161.0,0.0,0.0,-1.0,0
6025.0,36.0,18.99,220.83,17.0,3.0,1.0,65000.0,2.0,5.0,14.74,8.0,0.0,3222.0,103.9,12.0,1.0,0.0,0.0,0.0,702.0,8.0,0.0926923076923077,0.6666666666666666,137.0,0.0,0.0,-1.0,1
19675.0,36.0,16.99,701.37,15.0,8.0,1.0,72000.0,1.0,4.0,26.42,15.0,0.0,13606.0,66.0,26.0,1.0,0.0,0.0,0.0,677.0,8.0,0.2732638888888888,0.5769230769230769,137.0,0.0,0.0,-1.0,0
40000.0,36.0,16.99,1425.92,15.0,10.0,0.0,130000.0,2.0,0.0,21.06,20.0,0.0,59680.0,82.9,35.0,1.0,0.0,4.0,0.0,687.0,8.0,0.3076923076923077,0.5714285714285714,209.0,0.0,0.0,-1.0,0
4200.0,36.0,13.99,143.53,12.0,7.0,0.0,69500.0,1.0,0.0,16.2,26.0,0.0,15574.0,51.4,51.0,0.0,0.0,2.0,0.0,662.0,8.0,0.0604316546762589,0.5098039215686274,125.0,0.0,0.0,-1.0,0
28000.0,60.0,24.49,813.49,22.0,0.0,0.0,95000.0,2.0,0.0,12.82,16.0,1.0,9931.0,27.0,46.0,0.0,0.0,6.0,1.0,692.0,8.0,0.2947368421052631,0.3478260869565217,191.0,0.0052356020942408,0.0052356020942408,1.0,0
19000.0,36.0,18.99,696.37,17.0,5.0,0.0,72000.0,1.0,5.0,29.92,14.0,0.0,1872.0,6.6,24.0,0.0,0.0,2.0,0.0,672.0,8.0,0.2638888888888889,0.5833333333333334,125.0,0.0,0.0,-1.0,0
14400.0,60.0,9.49,302.36,6.0,9.0,0.0,105000.0,1.0,9.0,10.56,8.0,0.0,13211.0,47.5,16.0,0.0,0.0,2.0,0.0,682.0,8.0,0.1371428571428571,0.5,156.0,0.0,0.0,-1.0,0
6000.0,36.0,13.49,203.59,11.0,9.0,0.0,85000.0,2.0,0.0,13.84,12.0,0.0,7581.0,61.1,25.0,0.0,0.0,1.0,0.0,682.0,8.0,0.0705882352941176,0.48,130.0,0.0,0.0,-1.0,0
20525.0,60.0,19.99,543.68,18.0,3.0,0.0,157000.0,1.0,0.0,31.48,12.0,0.0,16980.0,70.5,38.0,0.0,1.0,2.0,0.0,687.0,8.0,0.1307324840764331,0.3157894736842105,312.0,0.0,0.0,-1.0,0
30000.0,60.0,15.59,723.03,14.0,9.0,0.0,120000.0,1.0,0.0,10.49,10.0,0.0,27920.0,89.8,29.0,0.0,0.0,3.0,0.0,677.0,8.0,0.25,0.3448275862068966,124.0,0.0,0.0,-1.0,0
15000.0,36.0,8.99,476.93,5.0,10.0,2.0,115000.0,1.0,0.0,14.43,8.0,0.0,17845.0,52.5,19.0,1.0,0.0,2.0,0.0,697.0,8.0,0.1304347826086956,0.4210526315789473,252.0,0.0,0.0,-1.0,0
6981.5205078125,36.0,8.99,221.97690612792968,5.0,6.0,1.0,553039.3125,1.0,0.0,37.29626831054688,5.0,0.0,99396.328125,73.04281616210938,14.0,0.0,0.0,1.0,0.0,677.0,8.0,0.012623933951059985,0.3571428557236989,314.0,0.0,0.0,-1.0,0
21000.0,36.0,14.49,722.74,13.0,1.0,0.0,73000.0,1.0,0.0,22.11,22.0,0.0,18827.0,61.9,38.0,0.0,0.0,1.0,0.0,682.0,8.0,0.2876712328767123,0.5789473684210527,136.0,0.0,0.0,-1.0,0
21775.0,60.0,25.69,647.97,25.0,3.0,1.0,49491.0,2.0,0.0,15.79,16.0,0.0,23494.0,80.5,27.0,1.0,0.0,0.0,0.0,667.0,8.0,0.4399789860782768,0.5925925925925926,109.0,0.0,0.0,-1.0,1
12000.0,36.0,13.49,407.17,11.0,0.0,1.0,65000.0,2.0,0.0,27.03,11.0,0.0,12694.0,56.4,33.0,1.0,0.0,5.0,0.0,662.0,8.0,0.1846153846153846,0.3333333333333333,382.0,0.0,0.0,-1.0,0
23843.60546875,60.0,24.49,692.7292456054688,22.0,10.0,0.0,163774.97062500002,1.0,0.0,-0.8290292358398439,9.0,0.0,169303.34375,88.80557861328126,20.0,0.0,0.0,2.0,0.0,677.0,8.0,0.14558761949659393,0.449999977099268,149.0,0.0,0.0,-1.0,0
16150.0,60.0,23.99,464.51,21.0,10.0,0.0,145000.0,2.0,0.0,15.93,16.0,0.0,10456.0,79.2,18.0,1.0,0.0,1.0,0.0,662.0,8.0,0.1113793103448275,0.8888888888888888,108.0,0.0,0.0,-1.0,1
8075.9033203125,36.0,10.99,264.3555053710937,8.0,2.0,0.0,88315.75,1.0,0.0,16.22192043304443,7.0,0.0,208733.890625,72.45037078857422,19.0,1.0,0.0,2.0,0.0,672.0,8.0,0.09144352294247726,0.3684210526315789,188.0,0.0,0.0,-1.0,0
24977.240234375,60.0,13.99,581.0479565429688,12.0,10.0,1.0,474692.53125,2.0,0.0,4.459089508056641,8.0,0.0,86641.9921875,50.86593170166016,40.0,1.0,0.0,4.0,0.0,662.0,8.0,0.052617724194671145,0.20000002333303774,342.0,0.0,0.0,-1.0,1
20900.0,60.0,25.29,617.01,24.0,5.0,1.0,55000.0,1.0,0.0,22.04,11.0,0.0,27091.0,72.1,21.0,0.0,0.0,2.0,0.0,682.0,8.0,0.38,0.5238095238095238,78.0,0.0,0.0,-1.0,1
1500.0,36.0,12.79,50.39,10.0,1.0,1.0,60000.0,1.0,7.0,10.82,11.0,0.0,3690.0,49.2,20.0,0.0,0.0,0.0,0.0,677.0,8.0,0.025,0.55,128.0,0.0,0.0,-1.0,1
7000.0,36.0,11.49,230.8,9.0,10.0,1.0,31000.0,2.0,0.0,22.34,11.0,0.0,4118.0,20.6,22.0,0.0,0.0,1.0,0.0,687.0,8.0,0.2258064516129032,0.5,189.0,0.0,0.0,-1.0,0
18100.0,60.0,21.49,494.67,19.0,5.0,1.0,90000.0,2.0,0.0,30.55,19.0,0.0,14416.0,75.9,25.0,0.0,0.0,0.0,0.0,677.0,9.0,0.2011111111111111,0.76,104.0,0.0,0.0,-1.0,1
8000.0,36.0,13.49,271.45,11.0,3.0,1.0,50000.0,0.0,0.0,26.4,5.0,0.0,14034.0,71.6,11.0,0.0,0.0,0.0,0.0,707.0,9.0,0.16,0.4545454545454545,129.0,0.0,0.0,-1.0,0
20000.0,36.0,6.99,617.46,1.0,10.0,0.0,175000.0,0.0,0.0,3.13,8.0,0.0,28985.0,33.5,15.0,1.0,0.0,3.0,0.0,772.0,9.0,0.1142857142857142,0.5333333333333333,288.0,0.0,0.0,-1.0,0
2000.0,36.0,9.49,64.06,6.0,6.0,0.0,110000.0,1.0,0.0,8.14,5.0,0.0,3438.0,14.9,28.0,0.0,0.0,0.0,0.0,762.0,9.0,0.0181818181818181,0.1785714285714285,141.0,0.0,0.0,-1.0,0
1000.0,36.0,17.99,36.15,16.0,5.0,1.0,45000.0,2.0,0.0,10.56,7.0,0.0,1900.0,8.4,12.0,0.0,0.0,0.0,0.0,682.0,9.0,0.0222222222222222,0.5833333333333334,212.0,0.0,0.0,-1.0,0
18000.0,36.0,29.49,759.11,26.0,1.0,1.0,38000.0,1.0,0.0,34.81,5.0,0.0,7866.0,46.3,9.0,1.0,1.0,0.0,0.0,702.0,9.0,0.4736842105263157,0.5555555555555556,50.0,0.0,0.0,-1.0,0
8000.0,36.0,18.99,293.21,17.0,6.0,1.0,40000.0,1.0,0.0,34.83,16.0,0.0,6918.0,29.3,27.0,0.0,0.0,0.0,0.0,707.0,9.0,0.2,0.5925925925925926,113.0,0.0,0.0,-1.0,0
10000.0,36.0,9.49,320.29,6.0,3.0,0.0,50000.0,0.0,0.0,30.51,13.0,0.0,7452.0,41.6,36.0,0.0,0.0,4.0,0.0,707.0,9.0,0.2,0.3611111111111111,266.0,0.0,0.0,-1.0,0
35000.0,36.0,11.49,1154.0,9.0,10.0,2.0,100000.0,1.0,0.0,18.91,20.0,0.0,32977.0,60.1,46.0,0.0,0.0,4.0,0.0,667.0,9.0,0.35,0.4347826086956521,165.0,0.0,0.0,-1.0,1
40000.0,60.0,21.49,1093.19,19.0,5.0,0.0,100000.0,2.0,2.0,13.29,17.0,0.0,5144.0,12.9,37.0,0.0,0.0,6.0,0.0,712.0,9.0,0.4,0.4594594594594595,151.0,0.0,0.0,-1.0,0
2800.0,36.0,8.99,89.03,5.0,7.0,1.0,38000.0,0.0,0.0,15.7,3.0,0.0,1591.0,26.5,6.0,0.0,0.0,0.0,0.0,732.0,9.0,0.0736842105263157,0.5,53.0,0.0,0.0,-1.0,0
16299.2099609375,36.0,11.49,537.4048901367188,9.0,10.0,0.0,627795.75,0.0,0.0,40.1257748413086,15.0,0.0,417858.4375,7.275763702392577,56.0,0.0,0.0,3.0,0.0,757.0,9.0,0.02596262296040852,0.2678571249309339,213.0,0.0,0.0,-1.0,0
6025.0,36.0,24.49,237.94,22.0,10.0,2.0,120000.0,1.0,5.0,17.58,11.0,0.0,16387.0,71.9,20.0,1.0,0.0,3.0,0.0,702.0,9.0,0.0502083333333333,0.55,167.0,0.0,0.0,-1.0,0
30000.0,60.0,12.79,679.38,10.0,10.0,2.0,110000.0,2.0,0.0,15.02,12.0,0.0,93653.0,53.6,22.0,0.0,0.0,0.0,0.0,692.0,9.0,0.2727272727272727,0.5454545454545454,368.0,0.0,0.0,-1.0,0
15116.302734375,60.0,27.49,466.0185827636719,28.0,2.0,0.0,670201.1875,0.0,0.0,29.189655838012694,17.0,0.0,144222.3125,61.556697845458984,32.0,1.0,0.0,4.0,0.0,662.0,9.0,0.02255486736172116,0.5312500144496108,204.0,0.0,0.0,-1.0,1
15000.0,36.0,13.49,508.96,11.0,8.0,2.0,38000.0,1.0,4.0,22.77,17.0,0.0,17792.0,56.5,55.0,0.0,0.0,0.0,0.0,697.0,9.0,0.3947368421052631,0.3090909090909091,181.0,0.0,0.0,-1.0,0
30000.0,60.0,8.59,616.8,4.0,10.0,0.0,134900.0,1.0,4.0,12.03,7.0,0.0,36336.0,54.4,18.0,0.0,0.0,6.0,0.0,747.0,9.0,0.2223869532987398,0.3888888888888889,214.0,0.0,0.0,-1.0,0
8000.0,36.0,7.99,250.66,3.0,1.0,0.0,50000.0,1.0,4.0,6.7,6.0,0.0,7716.0,64.3,9.0,1.0,0.0,1.0,0.0,702.0,9.0,0.16,0.6666666666666666,58.0,0.0,0.0,-1.0,0
20000.0,36.0,10.99,654.68,8.0,10.0,1.0,70000.0,2.0,2.0,21.67,7.0,0.0,13837.0,47.7,26.0,0.0,0.0,2.0,0.0,707.0,9.0,0.2857142857142857,0.2692307692307692,211.0,0.0,0.0,-1.0,0
4000.0,36.0,13.49,135.73,11.0,3.0,1.0,31200.0,1.0,0.0,18.77,4.0,0.0,4595.0,97.8,21.0,0.0,0.0,0.0,0.0,687.0,9.0,0.1282051282051282,0.1904761904761904,97.0,0.0,0.0,-1.0,0
20000.0,60.0,13.99,465.27,12.0,3.0,0.0,150000.0,0.0,2.0,12.07,16.0,0.0,5079.0,14.4,40.0,0.0,0.0,4.0,0.0,787.0,9.0,0.1333333333333333,0.4,126.0,0.0,0.0,-1.0,0
25000.0,60.0,26.49,755.79,26.0,3.0,0.0,70000.0,2.0,0.0,25.3,14.0,0.0,22689.0,44.1,30.0,1.0,0.0,1.0,0.0,687.0,9.0,0.3571428571428571,0.4666666666666667,119.0,0.0,0.0,-1.0,0
10000.0,36.0,16.99,356.48,15.0,4.0,0.0,70000.0,2.0,0.0,27.18,6.0,0.0,6819.0,80.2,19.0,1.0,0.0,1.0,0.0,662.0,9.0,0.1428571428571428,0.3157894736842105,144.0,0.0,0.0,-1.0,1
8035.7236328125,36.0,8.59,254.00492370605468,4.0,2.0,1.0,496500.96875,1.0,0.0,44.20424377441406,16.0,0.0,36033.98828125,20.469993782043456,23.0,0.0,0.0,3.0,0.0,712.0,9.0,0.016184714436531078,0.6956521739130435,163.0,0.0,0.0,-1.0,0
12000.0,36.0,13.99,410.08,12.0,10.0,0.0,85000.0,2.0,0.0,11.77,5.0,1.0,3971.0,31.8,13.0,0.0,0.0,2.0,1.0,677.0,9.0,0.1411764705882353,0.3846153846153846,193.0,0.005181347150259,0.005181347150259,1.0,0
10000.0,36.0,8.24,314.48,5.0,10.0,0.0,40000.0,1.0,4.0,7.98,9.0,0.0,10043.0,54.6,21.0,1.0,0.0,1.0,0.0,682.0,9.0,0.25,0.4285714285714285,238.0,0.0,0.0,-1.0,0
7000.0,36.0,11.44,230.64,8.0,1.0,1.0,45000.0,1.0,0.0,20.24,15.0,0.0,5285.0,15.5,27.0,0.0,0.0,2.0,0.0,727.0,9.0,0.1555555555555555,0.5555555555555556,245.0,0.0,0.0,-1.0,1
12000.0,36.0,16.99,427.78,15.0,10.0,1.0,70000.0,0.0,0.0,29.37,17.0,0.0,45685.0,79.6,24.0,1.0,0.0,0.0,0.0,702.0,9.0,0.1714285714285714,0.7083333333333334,269.0,0.0,0.0,-1.0,0
17500.0,36.0,24.74,693.4,22.0,10.0,2.0,83000.0,1.0,2.0,34.86,23.0,0.0,50998.0,65.5,52.0,0.0,0.0,0.0,0.0,662.0,9.0,0.2108433734939759,0.4423076923076923,195.0,0.0,0.0,-1.0,1
25000.0,36.0,12.74,839.23,10.0,10.0,1.0,85215.0,0.0,0.0,25.28,11.0,0.0,25177.0,52.7,28.0,0.0,0.0,0.0,0.0,727.0,9.0,0.2933755794167693,0.3928571428571428,366.0,0.0,0.0,-1.0,0
3033.11328125,36.0,13.49,102.91483764648437,11.0,10.0,1.0,725860.6875,0.0,2.0,60.97467544555664,4.0,0.0,123625.1796875,90.15890197753906,6.0,0.0,0.0,0.0,0.0,672.0,9.0,0.00417864036101559,0.6666666865348816,209.0,0.0,0.0,-1.0,0
4000.0,36.0,17.99,144.59,16.0,1.0,1.0,17000.0,1.0,8.0,27.26,4.0,0.0,18003.0,71.7,5.0,1.0,0.0,0.0,0.0,737.0,9.0,0.2352941176470588,0.8,265.0,0.0,0.0,-1.0,0
33725.0,36.0,23.99,1322.96,21.0,10.0,0.0,110000.0,2.0,0.0,31.34,16.0,1.0,21178.0,50.4,20.0,1.0,0.0,1.0,1.0,702.0,9.0,0.3065909090909091,0.8,311.0,0.0032154340836012,0.0032154340836012,1.0,0
8000.0,36.0,8.24,251.58,5.0,0.0,0.0,120000.0,1.0,10.0,16.06,16.0,0.0,12203.0,26.1,26.0,0.0,0.0,3.0,0.0,737.0,9.0,0.0666666666666666,0.6153846153846154,162.0,0.0,0.0,-1.0,0
9000.0,36.0,10.49,292.48,6.0,10.0,1.0,100000.0,0.0,0.0,13.93,10.0,1.0,8934.0,59.0,39.0,1.0,0.0,2.0,1.0,682.0,9.0,0.09,0.2564102564102564,339.0,0.0029498525073746,0.0029498525073746,1.0,0
5000.0,36.0,8.24,157.24,5.0,1.0,0.0,130000.0,1.0,2.0,8.41,9.0,1.0,14009.0,30.6,14.0,0.0,0.0,1.0,0.0,707.0,9.0,0.0384615384615384,0.6428571428571429,165.0,0.006060606060606,0.0,0.0,0
5994.09619140625,36.0,11.49,197.6327038574219,9.0,3.0,1.0,122456.2421875,1.0,5.0,12.424802780151367,6.0,0.0,62118.02734375,22.77361602783203,15.0,1.0,0.0,0.0,0.0,697.0,9.0,0.04894888401031494,0.4000000036679781,92.0,0.0,0.0,-1.0,1
2200.0,36.0,11.44,72.49,8.0,9.0,1.0,60000.0,2.0,0.0,25.84,10.0,1.0,15440.0,70.8,24.0,0.0,0.0,0.0,1.0,667.0,9.0,0.0366666666666666,0.4166666666666667,94.0,0.0106382978723404,0.0106382978723404,1.0,0
15000.0,36.0,13.99,512.6,12.0,3.0,0.0,95000.0,0.0,4.0,26.96,10.0,0.0,61312.0,71.6,32.0,1.0,0.0,4.0,0.0,707.0,9.0,0.1578947368421052,0.3125,314.0,0.0,0.0,-1.0,1
12013.9921875,36.0,7.99,376.4202673339844,4.0,2.0,1.0,65121.22265625,2.0,2.0,23.365483894348145,9.0,0.0,0.0,6.451147842407227,27.0,0.0,0.0,1.0,0.0,722.0,9.0,0.18448656896750126,0.3333333333333333,115.0,0.0,0.0,-1.0,0
5970.54150390625,36.0,7.49,185.69316040039064,3.0,10.0,0.0,1067984.125,1.0,0.0,14.729769020080568,11.0,0.0,138886.34375,72.07189254760742,16.0,0.0,0.0,1.0,0.0,682.0,9.0,0.00559047582474613,0.6875,151.0,0.0,0.0,-1.0,0
15000.0,36.0,6.99,463.09,1.0,2.0,0.0,80000.0,1.0,0.0,7.19,8.0,0.0,20987.0,37.8,15.0,1.0,0.0,1.0,0.0,702.0,9.0,0.1875,0.5333333333333333,133.0,0.0,0.0,-1.0,0
15977.3203125,60.0,22.74,448.0248583984375,20.0,0.0,0.0,972184.6875,2.0,0.0,27.11479927062988,10.0,1.0,83067.7421875,56.33967361450195,39.0,0.0,0.0,1.0,1.0,662.0,9.0,0.016434446970621686,0.25641026978309334,174.0,0.0057471264367816,0.0057471264367816,1.0,1
4200.0,36.0,15.59,146.82,14.0,2.0,0.0,89500.0,2.0,5.0,12.16,18.0,0.0,5559.0,35.6,35.0,0.0,0.0,1.0,0.0,692.0,9.0,0.0469273743016759,0.5142857142857142,104.0,0.0,0.0,-1.0,1
3750.0,36.0,21.49,142.23,19.0,4.0,1.0,35000.0,2.0,5.0,1.71,3.0,0.0,190.0,2.2,4.0,1.0,0.0,0.0,0.0,782.0,9.0,0.1071428571428571,0.75,38.0,0.0,0.0,-1.0,0
5000.0,36.0,11.49,164.86,9.0,0.0,2.0,21000.0,1.0,4.0,33.2,7.0,0.0,8103.0,33.9,7.0,1.0,0.0,0.0,0.0,727.0,9.0,0.238095238095238,1.0,54.0,0.0,0.0,-1.0,0
5993.052734375,36.0,10.49,194.76154541015626,6.0,6.0,0.0,319259.03125,0.0,2.0,41.67795211791992,8.0,0.0,4440.025390625,53.97422790527344,20.0,0.0,0.0,1.0,0.0,697.0,9.0,0.018771753574793132,0.40000002582867944,134.0,0.0,0.0,-1.0,0
24350.0,36.0,11.44,802.28,8.0,10.0,0.0,133500.0,0.0,0.0,25.8,16.0,0.0,39094.0,51.2,29.0,0.0,0.0,2.0,0.0,717.0,9.0,0.1823970037453183,0.5517241379310345,186.0,0.0,0.0,-1.0,0
6000.0,36.0,12.79,201.56,10.0,1.0,2.0,20000.0,0.0,4.0,26.65,6.0,0.0,6536.0,72.6,7.0,0.0,0.0,0.0,0.0,682.0,9.0,0.3,0.8571428571428571,153.0,0.0,0.0,-1.0,1
5000.0,36.0,6.99,154.37,1.0,10.0,2.0,45000.0,0.0,2.0,9.6,5.0,0.0,5285.0,33.9,8.0,0.0,0.0,0.0,0.0,737.0,9.0,0.1111111111111111,0.625,115.0,0.0,0.0,-1.0,0
24000.0,60.0,15.99,583.51,14.0,10.0,1.0,75000.0,0.0,0.0,11.58,15.0,0.0,15600.0,56.3,27.0,0.0,0.0,1.0,0.0,662.0,9.0,0.32,0.5555555555555556,247.0,0.0,0.0,-1.0,0
8000.0,36.0,11.39,263.39,7.0,3.0,0.0,57000.0,2.0,4.0,24.72,7.0,0.0,10682.0,76.3,28.0,0.0,0.0,2.0,0.0,682.0,9.0,0.1403508771929824,0.25,154.0,0.0,0.0,-1.0,0
37716.4453125,36.0,16.99,1344.50373046875,15.0,0.0,0.0,329631.84375,1.0,0.0,16.110382347106935,11.0,0.0,479402.96875,51.11131973266602,18.0,1.0,0.0,4.0,0.0,737.0,9.0,0.11441989357654864,0.6111110925674439,266.0,0.0,0.0,-1.0,0
25000.0,36.0,14.99,866.52,13.0,6.0,1.0,60000.0,0.0,3.0,14.48,8.0,0.0,1424.0,11.6,12.0,0.0,0.0,0.0,0.0,732.0,9.0,0.4166666666666667,0.6666666666666666,90.0,0.0,0.0,-1.0,0
21600.0,36.0,11.49,712.18,9.0,3.0,0.0,58000.0,2.0,0.0,11.71,4.0,0.0,5912.0,69.6,10.0,0.0,0.0,1.0,0.0,697.0,9.0,0.3724137931034483,0.4,171.0,0.0,0.0,-1.0,0
2000.0,36.0,11.49,65.95,9.0,10.0,0.0,60000.0,1.0,5.0,5.66,8.0,0.0,409.0,1.8,18.0,0.0,0.0,3.0,0.0,752.0,9.0,0.0333333333333333,0.4444444444444444,226.0,0.0,0.0,-1.0,0
10550.0,60.0,19.99,279.46,18.0,10.0,2.0,64000.0,0.0,0.0,34.73,12.0,0.0,7159.0,33.3,52.0,0.0,0.0,0.0,0.0,712.0,9.0,0.16484375,0.2307692307692307,172.0,0.0,0.0,-1.0,0
12800.0,36.0,6.99,395.17,1.0,2.0,0.0,55000.0,0.0,0.0,21.43,7.0,0.0,5105.0,22.9,21.0,1.0,0.0,4.0,0.0,742.0,9.0,0.2327272727272727,0.3333333333333333,192.0,0.0,0.0,-1.0,0
18000.0,36.0,7.99,563.98,3.0,10.0,0.0,75000.0,0.0,0.0,28.08,15.0,0.0,9534.0,21.5,29.0,1.0,0.0,1.0,0.0,797.0,9.0,0.24,0.5172413793103449,254.0,0.0,0.0,-1.0,0
3000.0,36.0,11.49,98.92,9.0,10.0,1.0,36000.0,2.0,0.0,21.97,8.0,1.0,1449.0,32.2,13.0,1.0,0.0,1.0,1.0,677.0,9.0,0.0833333333333333,0.6153846153846154,201.0,0.0049751243781094,0.0049751243781094,1.0,0
25450.0,36.0,17.99,919.96,16.0,1.0,0.0,70000.0,1.0,4.0,18.86,14.0,0.0,11068.0,51.2,22.0,1.0,0.0,1.0,0.0,687.0,9.0,0.3635714285714285,0.6363636363636364,108.0,0.0,0.0,-1.0,0
25188.33203125,60.0,27.79,781.0755590820313,29.0,3.0,0.0,472316.8125,2.0,0.0,46.29960433959961,14.0,0.0,97257.09375,95.32298278808594,21.0,0.0,1.0,5.0,0.0,712.0,9.0,0.05332931995391843,0.6666666984558105,121.0,0.0,0.0,-1.0,0
14855.853515625,36.0,8.59,469.585556640625,4.0,3.0,0.0,237895.078125,0.0,0.0,33.14059829711914,14.0,0.0,182422.21875,8.591883277893066,42.0,0.0,0.0,8.0,0.0,802.0,9.0,0.06244708473483715,0.3333333333333333,239.0,0.0,0.0,-1.0,0
15000.0,60.0,19.99,397.33,18.0,5.0,0.0,83000.0,1.0,0.0,24.16,15.0,1.0,11325.0,55.2,37.0,1.0,0.0,3.0,1.0,672.0,9.0,0.180722891566265,0.4054054054054054,126.0,0.0079365079365079,0.0079365079365079,1.0,0
20900.0,36.0,17.99,755.49,16.0,9.0,0.0,55000.0,0.0,5.0,9.34,6.0,0.0,5746.0,62.5,10.0,1.0,0.0,1.0,0.0,702.0,9.0,0.38,0.6,177.0,0.0,0.0,-1.0,1
20000.0,36.0,9.49,640.57,6.0,6.0,1.0,93000.0,1.0,4.0,8.43,10.0,0.0,22733.0,68.5,25.0,0.0,0.0,3.0,0.0,692.0,9.0,0.2150537634408602,0.4,326.0,0.0,0.0,-1.0,0
12000.0,36.0,5.32,361.38,0.0,10.0,0.0,68983.0,0.0,0.0,20.48,28.0,0.0,18225.0,16.0,55.0,1.0,0.0,3.0,0.0,762.0,9.0,0.1739559021787976,0.509090909090909,223.0,0.0,0.0,-1.0,0
4000.0,36.0,5.32,120.46,0.0,1.0,2.0,34000.0,2.0,9.0,17.03,5.0,0.0,5727.0,30.3,11.0,1.0,0.0,0.0,0.0,722.0,9.0,0.1176470588235294,0.4545454545454545,133.0,0.0,0.0,-1.0,0
8000.0,36.0,12.79,268.75,10.0,4.0,1.0,85000.0,1.0,4.0,11.52,10.0,0.0,12653.0,61.9,14.0,0.0,0.0,0.0,0.0,672.0,9.0,0.0941176470588235,0.7142857142857143,149.0,0.0,0.0,-1.0,1
30700.0,60.0,18.99,796.21,17.0,0.0,2.0,65000.0,2.0,2.0,9.62,9.0,0.0,2561.0,26.1,14.0,1.0,0.0,0.0,0.0,687.0,9.0,0.4723076923076923,0.6428571428571429,109.0,0.0,0.0,-1.0,0
6975.0,36.0,17.99,252.13,16.0,8.0,1.0,22000.0,2.0,5.0,26.01,10.0,0.0,6625.0,29.7,15.0,0.0,0.0,0.0,0.0,667.0,9.0,0.3170454545454545,0.6666666666666666,163.0,0.0,0.0,-1.0,0
6725.70849609375,36.0,14.49,231.47345642089843,13.0,0.0,1.0,372652.84375,1.0,0.0,60.343685150146484,14.0,0.0,340825.4375,21.040835571289062,20.0,1.0,0.0,5.0,0.0,742.0,9.0,0.01804817068576814,0.699999988079071,168.0,0.0,0.0,-1.0,0
10000.0,36.0,8.99,317.96,5.0,9.0,1.0,50000.0,2.0,4.0,23.98,12.0,1.0,14482.0,56.4,19.0,0.0,0.0,0.0,1.0,677.0,9.0,0.2,0.631578947368421,154.0,0.0064935064935064,0.0064935064935064,1.0,0
10000.0,36.0,11.49,329.72,9.0,4.0,1.0,48000.0,2.0,0.0,14.55,9.0,0.0,5273.0,78.7,11.0,0.0,0.0,0.0,0.0,697.0,9.0,0.2083333333333333,0.8181818181818182,134.0,0.0,0.0,-1.0,0
16000.0,36.0,10.99,523.75,8.0,8.0,0.0,110000.0,1.0,4.0,16.0,10.0,2.0,18022.0,78.7,20.0,1.0,0.0,3.0,0.0,697.0,9.0,0.1454545454545454,0.5,144.0,0.0138888888888888,0.0,0.0,0
5500.0,36.0,10.49,178.74,7.0,10.0,2.0,99250.0,0.0,2.0,6.78,15.0,0.0,3869.0,12.9,26.0,1.0,0.0,0.0,0.0,692.0,9.0,0.0554156171284634,0.5769230769230769,181.0,0.0,0.0,-1.0,0
30000.0,36.0,13.49,1017.92,11.0,9.0,1.0,206000.0,2.0,4.0,23.87,16.0,0.0,45978.0,81.8,39.0,0.0,0.0,1.0,0.0,662.0,9.0,0.145631067961165,0.4102564102564102,203.0,0.0,0.0,-1.0,1
23100.0,36.0,15.99,812.02,14.0,10.0,2.0,55000.0,1.0,0.0,15.56,10.0,0.0,8872.0,52.5,15.0,0.0,1.0,3.0,0.0,682.0,10.0,0.42,0.6666666666666666,70.0,0.0,0.0,-1.0,0
5500.0,36.0,13.49,186.62,11.0,0.0,1.0,42700.0,2.0,10.0,11.3,11.0,0.0,6999.0,75.3,22.0,0.0,0.0,0.0,0.0,667.0,10.0,0.1288056206088993,0.5,116.0,0.0,0.0,-1.0,0
4800.0,36.0,10.49,155.99,6.0,10.0,0.0,70000.0,0.0,5.0,23.8,11.0,0.0,8242.0,43.2,23.0,0.0,0.0,3.0,0.0,672.0,10.0,0.0685714285714285,0.4782608695652174,137.0,0.0,0.0,-1.0,0
8000.0,36.0,13.49,271.45,11.0,0.0,1.0,60000.0,1.0,4.0,13.15,12.0,2.0,10743.0,37.5,24.0,1.0,0.0,0.0,1.0,707.0,10.0,0.1333333333333333,0.5,195.0,0.0102564102564102,0.0051282051282051,0.5,1
20000.0,60.0,17.99,507.76,16.0,10.0,0.0,60000.0,2.0,0.0,27.54,8.0,0.0,2692.0,42.1,34.0,0.0,1.0,4.0,0.0,717.0,10.0,0.3333333333333333,0.2352941176470588,157.0,0.0,0.0,-1.0,0
10780.6142578125,36.0,11.39,354.93736572265624,7.0,10.0,0.0,361535.90625,0.0,0.0,42.1569206237793,12.0,0.0,72105.375,131.67787322998046,31.0,0.0,0.0,3.0,0.0,712.0,10.0,0.02981893003285585,0.3870967741935484,291.0,0.0,0.0,-1.0,0
6625.0,36.0,12.74,222.4,10.0,10.0,2.0,101000.0,1.0,0.0,6.75,12.0,1.0,5532.0,41.3,32.0,0.0,0.0,6.0,0.0,672.0,10.0,0.0655940594059406,0.375,159.0,0.0062893081761006,0.0,0.0,1
35000.0,36.0,12.74,1174.91,10.0,10.0,0.0,165000.0,1.0,4.0,18.97,11.0,0.0,52771.0,67.2,19.0,0.0,0.0,2.0,0.0,697.0,10.0,0.2121212121212121,0.5789473684210527,155.0,0.0,0.0,-1.0,0
8400.0,36.0,11.49,276.96,9.0,8.0,1.0,40000.0,1.0,0.0,11.4,11.0,0.0,4942.0,76.0,14.0,1.0,0.0,0.0,0.0,682.0,10.0,0.21,0.7857142857142857,120.0,0.0,0.0,-1.0,0
5136.9423828125,36.0,11.49,169.37129150390626,9.0,10.0,0.0,444090.09375,1.0,4.0,22.452869720458985,18.0,1.0,172602.984375,77.74160919189453,22.0,0.0,0.0,1.0,1.0,717.0,10.0,0.011567342750452146,0.8181818181818182,297.0,0.0033670033670033,0.0033670033670033,1.0,0
32000.0,60.0,17.99,812.42,16.0,10.0,1.0,110000.0,2.0,4.0,16.09,10.0,0.0,20757.0,87.2,31.0,0.0,0.0,0.0,0.0,677.0,10.0,0.2909090909090909,0.3225806451612903,210.0,0.0,0.0,-1.0,1
5000.0,36.0,10.49,162.49,6.0,10.0,0.0,75000.0,2.0,4.0,11.87,18.0,1.0,15759.0,46.0,50.0,1.0,0.0,3.0,1.0,682.0,10.0,0.0666666666666666,0.36,287.0,0.0034843205574912,0.0034843205574912,1.0,0
13500.0,36.0,7.99,422.98,4.0,10.0,1.0,85000.0,0.0,0.0,29.02,13.0,0.0,3873.0,13.6,46.0,1.0,0.0,1.0,0.0,697.0,10.0,0.1588235294117647,0.2826086956521739,176.0,0.0,0.0,-1.0,0
25000.0,60.0,17.99,634.7,16.0,3.0,2.0,85000.0,1.0,2.0,17.17,10.0,0.0,16586.0,66.3,29.0,0.0,0.0,8.0,0.0,677.0,10.0,0.2941176470588235,0.3448275862068966,131.0,0.0,0.0,-1.0,0
13000.0,36.0,5.32,391.5,0.0,0.0,1.0,70000.0,1.0,0.0,15.17,11.0,0.0,15805.0,18.4,19.0,0.0,0.0,0.0,0.0,747.0,10.0,0.1857142857142857,0.5789473684210527,195.0,0.0,0.0,-1.0,0
29575.0,36.0,14.99,1025.09,13.0,7.0,0.0,80000.0,0.0,0.0,30.89,24.0,0.0,36193.0,51.0,40.0,0.0,0.0,1.0,0.0,697.0,10.0,0.3696875,0.6,171.0,0.0,0.0,-1.0,0
4899.8447265625,36.0,7.99,153.52105346679687,4.0,10.0,0.0,366071.03125,1.0,2.0,34.751187210083,14.0,0.0,33564.421875,65.52419967651367,34.0,1.0,0.0,1.0,0.0,692.0,10.0,0.013384953794098375,0.4117647058823529,413.0,0.0,0.0,-1.0,0
5000.0,36.0,10.49,162.49,6.0,10.0,0.0,98000.0,0.0,0.0,14.19,8.0,0.0,10058.0,94.9,18.0,0.0,0.0,4.0,0.0,687.0,10.0,0.0510204081632653,0.4444444444444444,183.0,0.0,0.0,-1.0,0
12000.0,36.0,5.32,361.38,0.0,0.0,0.0,85000.0,1.0,4.0,8.87,9.0,0.0,10753.0,31.5,29.0,1.0,0.0,6.0,0.0,722.0,10.0,0.1411764705882353,0.3103448275862069,327.0,0.0,0.0,-1.0,0
9788.7900390625,36.0,17.99,353.83952758789064,16.0,1.0,2.0,7075.03125,1.0,4.0,77.93942504882813,29.0,0.0,199264.34375,47.761984252929686,37.0,1.0,0.0,1.0,0.0,662.0,10.0,1.383568661553519,0.7837837669584486,73.0,0.0,0.0,-1.0,0
12000.0,36.0,11.44,395.37,8.0,0.0,1.0,64000.0,2.0,0.0,18.96,18.0,0.0,10661.0,63.5,36.0,0.0,0.0,0.0,0.0,702.0,10.0,0.1875,0.5,279.0,0.0,0.0,-1.0,0
28000.0,36.0,13.99,956.84,12.0,6.0,1.0,101000.0,2.0,0.0,26.75,4.0,0.0,18336.0,99.1,10.0,0.0,0.0,0.0,0.0,732.0,10.0,0.2772277227722772,0.4,137.0,0.0,0.0,-1.0,0
6400.0,36.0,8.24,201.27,5.0,10.0,0.0,192000.0,1.0,0.0,9.04,23.0,0.0,25509.0,33.6,35.0,0.0,0.0,2.0,0.0,667.0,10.0,0.0333333333333333,0.6571428571428571,189.0,0.0,0.0,-1.0,0
12000.0,60.0,26.24,361.0,24.0,10.0,0.0,84349.0,2.0,0.0,25.98,31.0,0.0,24466.0,69.3,53.0,0.0,0.0,3.0,0.0,672.0,10.0,0.1422660612455393,0.5849056603773585,145.0,0.0,0.0,-1.0,0
21600.0,60.0,15.99,525.16,14.0,5.0,1.0,80000.0,0.0,0.0,20.83,15.0,0.0,10679.0,27.1,51.0,0.0,0.0,1.0,0.0,702.0,10.0,0.27,0.2941176470588235,142.0,0.0,0.0,-1.0,1
10000.0,36.0,13.99,341.73,12.0,5.0,0.0,42000.0,1.0,4.0,17.97,6.0,0.0,13432.0,64.3,8.0,0.0,0.0,0.0,0.0,667.0,10.0,0.238095238095238,0.75,131.0,0.0,0.0,-1.0,0
8750.0,36.0,25.49,350.18,23.0,1.0,1.0,30000.0,2.0,4.0,22.08,5.0,0.0,4647.0,54.7,7.0,1.0,0.0,0.0,0.0,692.0,10.0,0.2916666666666667,0.7142857142857143,128.0,0.0,0.0,-1.0,1
5825.0,36.0,21.49,220.93,19.0,6.0,0.0,60000.0,2.0,0.0,18.62,7.0,0.0,2697.0,48.2,14.0,0.0,0.0,2.0,0.0,697.0,10.0,0.0970833333333333,0.5,167.0,0.0,0.0,-1.0,0
20000.0,60.0,11.39,438.75,7.0,0.0,0.0,61000.0,0.0,4.0,19.48,13.0,0.0,5269.0,44.7,31.0,0.0,1.0,1.0,0.0,732.0,10.0,0.3278688524590163,0.4193548387096774,195.0,0.0,0.0,-1.0,0
11000.0,36.0,8.24,345.92,5.0,10.0,0.0,60000.0,1.0,0.0,15.86,17.0,0.0,681.0,1.7,44.0,0.0,0.0,3.0,0.0,782.0,10.0,0.1833333333333333,0.3863636363636363,216.0,0.0,0.0,-1.0,0
14000.0,36.0,11.49,461.6,9.0,4.0,0.0,74968.0,1.0,0.0,11.5,7.0,0.0,6435.0,78.6,22.0,1.0,0.0,6.0,0.0,672.0,10.0,0.1867463451072457,0.3181818181818182,200.0,0.0,0.0,-1.0,0
7775.0,36.0,11.49,256.36,9.0,0.0,0.0,54000.0,1.0,0.0,28.79,10.0,0.0,6584.0,28.4,12.0,0.0,0.0,1.0,0.0,732.0,10.0,0.1439814814814815,0.8333333333333334,79.0,0.0,0.0,-1.0,0
11947.3115234375,60.0,30.79,392.3533056640625,30.0,4.0,0.0,739645.8125,1.0,5.0,51.91053398132324,4.0,0.0,102954.234375,64.23501586914062,11.0,1.0,0.0,1.0,0.0,692.0,10.0,0.016152729590733828,0.3636363711622026,86.0,0.0,0.0,-1.0,0
15000.0,60.0,18.99,389.03,17.0,4.0,0.0,42000.0,0.0,0.0,28.43,6.0,0.0,11938.0,41.2,14.0,0.0,0.0,3.0,0.0,712.0,10.0,0.3571428571428571,0.4285714285714285,187.0,0.0,0.0,-1.0,0
7591.96240234375,36.0,29.99,322.2495007324219,27.0,10.0,0.0,448288.53125,2.0,0.0,36.73753005981445,15.0,0.0,349937.8125,49.45103073120117,20.0,0.0,0.0,2.0,0.0,687.0,10.0,0.016935437122980693,0.750000019868215,187.0,0.0,0.0,-1.0,0
15118.0263671875,60.0,13.99,351.69212646484374,12.0,8.0,1.0,331501.03125,2.0,0.0,97.46465393066407,12.0,1.0,61368.44140625,58.463890075683594,17.0,0.0,0.0,0.0,1.0,692.0,10.0,0.04560474838529305,0.7058823736090409,138.0,0.0072463768115942,0.0072463768115942,1.0,1
15000.0,36.0,11.44,494.22,8.0,1.0,0.0,65000.0,1.0,4.0,10.57,18.0,0.0,18796.0,30.7,39.0,0.0,0.0,2.0,0.0,672.0,10.0,0.2307692307692307,0.4615384615384615,161.0,0.0,0.0,-1.0,0
12000.0,60.0,21.49,327.96,19.0,10.0,0.0,45000.0,2.0,5.0,13.89,6.0,0.0,4268.0,59.3,34.0,0.0,0.0,2.0,0.0,677.0,10.0,0.2666666666666666,0.1764705882352941,146.0,0.0,0.0,-1.0,1
4971.7744140625,36.0,11.39,163.68906127929688,7.0,10.0,0.0,183412.328125,0.0,2.0,11.539758110046385,6.0,0.0,34132.2890625,39.79336700439453,11.0,0.0,0.0,1.0,0.0,682.0,10.0,0.02710708816136631,0.5454545454545454,183.0,0.0,0.0,-1.0,0
16000.0,60.0,17.99,406.21,16.0,10.0,0.0,85000.0,1.0,0.0,16.24,7.0,1.0,8029.0,56.5,14.0,0.0,0.0,0.0,1.0,712.0,10.0,0.188235294117647,0.5,171.0,0.0058479532163742,0.0058479532163742,1.0,0
35000.0,60.0,11.44,768.69,8.0,2.0,0.0,398000.0,1.0,0.0,14.18,28.0,0.0,99371.0,40.8,44.0,0.0,0.0,2.0,0.0,692.0,10.0,0.0879396984924623,0.6363636363636364,319.0,0.0,0.0,-1.0,0
13275.0,60.0,24.74,387.62,22.0,10.0,0.0,44299.0,1.0,0.0,29.23,11.0,1.0,10999.0,57.3,36.0,0.0,0.0,7.0,1.0,707.0,10.0,0.2996681640669089,0.3055555555555556,230.0,0.0043478260869565,0.0043478260869565,1.0,1
14500.0,60.0,25.49,429.77,23.0,6.0,0.0,46000.0,2.0,0.0,15.24,6.0,0.0,6603.0,85.8,9.0,0.0,0.0,1.0,0.0,672.0,10.0,0.3152173913043478,0.6666666666666666,185.0,0.0,0.0,-1.0,0
16000.0,60.0,13.99,372.21,12.0,10.0,1.0,56000.0,1.0,0.0,21.15,17.0,0.0,22213.0,54.2,18.0,0.0,0.0,0.0,0.0,692.0,10.0,0.2857142857142857,0.9444444444444444,348.0,0.0,0.0,-1.0,0
11797.740234375,60.0,19.99,312.50263916015626,18.0,4.0,2.0,131564.5,1.0,2.0,46.095064849853514,8.0,0.0,297581.0625,69.29591522216796,21.0,0.0,0.0,4.0,0.0,707.0,10.0,0.08967266678810121,0.38095238491108535,131.0,0.0,0.0,-1.0,0
14000.0,60.0,19.99,370.84,18.0,3.0,1.0,48000.0,1.0,0.0,28.58,5.0,0.0,5581.0,74.4,19.0,1.0,0.0,0.0,0.0,692.0,10.0,0.2916666666666667,0.2631578947368421,143.0,0.0,0.0,-1.0,0
6025.0,36.0,14.99,208.83,13.0,5.0,2.0,37000.0,1.0,0.0,20.4,7.0,0.0,3878.0,10.7,17.0,1.0,0.0,2.0,0.0,662.0,10.0,0.1628378378378378,0.4117647058823529,161.0,0.0,0.0,-1.0,1
5000.0,36.0,11.39,164.62,7.0,1.0,1.0,70000.0,1.0,7.0,23.8,14.0,0.0,9441.0,43.5,31.0,0.0,0.0,0.0,0.0,702.0,10.0,0.0714285714285714,0.4516129032258064,182.0,0.0,0.0,-1.0,0
14000.0,36.0,8.24,440.27,5.0,10.0,0.0,203210.0,1.0,0.0,6.11,14.0,0.0,6726.0,32.7,20.0,0.0,0.0,0.0,0.0,682.0,10.0,0.0688942473303479,0.7,125.0,0.0,0.0,-1.0,0
30000.0,36.0,18.99,1099.53,17.0,10.0,2.0,100000.0,1.0,0.0,24.88,9.0,0.0,55899.0,88.3,27.0,0.0,0.0,1.0,0.0,677.0,10.0,0.3,0.3333333333333333,528.0,0.0,0.0,-1.0,1
12000.0,60.0,14.99,285.42,13.0,2.0,1.0,50000.0,0.0,0.0,14.38,6.0,0.0,2162.0,54.1,7.0,0.0,0.0,0.0,0.0,707.0,10.0,0.24,0.8571428571428571,97.0,0.0,0.0,-1.0,0
9600.0,36.0,11.49,316.53,9.0,0.0,0.0,70000.0,1.0,0.0,9.98,4.0,0.0,3643.0,57.8,12.0,0.0,0.0,1.0,0.0,667.0,10.0,0.1371428571428571,0.3333333333333333,132.0,0.0,0.0,-1.0,0
16000.0,60.0,15.99,389.01,14.0,10.0,1.0,45000.0,1.0,0.0,23.01,4.0,0.0,11266.0,81.1,12.0,0.0,0.0,1.0,0.0,712.0,10.0,0.3555555555555555,0.3333333333333333,182.0,0.0,0.0,-1.0,0
5000.0,36.0,11.49,164.86,9.0,10.0,0.0,54000.0,1.0,0.0,26.69,20.0,0.0,7451.0,24.8,29.0,0.0,0.0,1.0,0.0,722.0,10.0,0.0925925925925925,0.6896551724137931,243.0,0.0,0.0,-1.0,1
16700.0,36.0,11.39,549.83,7.0,6.0,0.0,65000.0,0.0,0.0,25.15,13.0,0.0,10348.0,68.0,21.0,0.0,0.0,1.0,0.0,677.0,10.0,0.2569230769230769,0.6190476190476191,219.0,0.0,0.0,-1.0,0
30000.0,36.0,11.39,987.72,7.0,10.0,0.0,104000.0,1.0,0.0,28.79,22.0,0.0,29340.0,54.9,46.0,1.0,0.0,3.0,0.0,702.0,10.0,0.2884615384615384,0.4782608695652174,291.0,0.0,0.0,-1.0,0
16003.23828125,60.0,19.99,423.89931518554687,18.0,2.0,1.0,541886.8125,1.0,0.0,56.45059234619141,15.0,0.0,136961.140625,49.0618293762207,42.0,0.0,0.0,0.0,0.0,702.0,10.0,0.029532438905342767,0.3571428557236989,288.0,0.0,0.0,-1.0,1
19057.17578125,36.0,14.99,660.528466796875,13.0,10.0,0.0,327524.53125,0.0,0.0,68.79560928344726,19.0,0.0,347853.46875,103.47155838012695,27.0,1.0,0.0,1.0,0.0,682.0,10.0,0.05818547564883564,0.7037037152510422,183.0,0.0,0.0,-1.0,0
15000.0,36.0,16.99,534.72,15.0,8.0,1.0,38000.0,2.0,0.0,22.49,4.0,0.0,2975.0,54.1,15.0,1.0,0.0,0.0,0.0,667.0,10.0,0.3947368421052631,0.2666666666666666,245.0,0.0,0.0,-1.0,1
3000.0,36.0,13.49,101.8,11.0,2.0,1.0,60000.0,1.0,6.0,20.58,9.0,1.0,1769.0,7.9,59.0,1.0,0.0,0.0,1.0,662.0,10.0,0.05,0.1525423728813559,192.0,0.0052083333333333,0.0052083333333333,1.0,0
12100.0,36.0,12.74,406.19,10.0,10.0,0.0,61000.0,2.0,0.0,15.97,6.0,0.0,6930.0,99.3,15.0,1.0,0.0,1.0,0.0,722.0,10.0,0.1983606557377049,0.4,200.0,0.0,0.0,-1.0,0
35000.0,36.0,8.24,1100.66,5.0,2.0,0.0,50497.0,2.0,0.0,51.0,17.0,0.0,49138.0,68.9,33.0,1.0,1.0,4.0,0.0,692.0,10.0,0.6931104818108006,0.5151515151515151,448.0,0.0,0.0,-1.0,1
16000.0,60.0,17.99,406.21,16.0,10.0,0.0,100000.0,1.0,0.0,14.51,18.0,0.0,11218.0,27.4,47.0,0.0,0.0,3.0,0.0,677.0,10.0,0.16,0.3829787234042553,156.0,0.0,0.0,-1.0,0
22042.19921875,36.0,12.74,739.9318115234375,10.0,8.0,1.0,127067.7109375,2.0,0.0,34.891494598388675,16.0,0.0,33398.984375,79.9307373046875,29.0,1.0,0.0,1.0,0.0,682.0,10.0,0.17346814350878934,0.5517241379310345,289.0,0.0,0.0,-1.0,0
35000.0,36.0,14.99,1213.12,13.0,8.0,0.0,100000.0,2.0,2.0,28.89,11.0,0.0,31566.0,89.9,24.0,0.0,0.0,2.0,0.0,662.0,10.0,0.35,0.4583333333333333,152.0,0.0,0.0,-1.0,0
7000.0,36.0,5.32,210.81,0.0,10.0,0.0,86000.0,0.0,0.0,3.85,14.0,0.0,3032.0,5.8,23.0,0.0,0.0,2.0,0.0,807.0,10.0,0.0813953488372093,0.6086956521739131,240.0,0.0,0.0,-1.0,0
7500.0,36.0,12.74,251.77,10.0,10.0,2.0,28000.0,1.0,4.0,29.4,10.0,0.0,35633.0,85.7,15.0,0.0,0.0,1.0,0.0,707.0,10.0,0.2678571428571428,0.6666666666666666,187.0,0.0,0.0,-1.0,0
35000.0,36.0,13.99,1196.05,12.0,10.0,1.0,135000.0,2.0,0.0,26.96,9.0,0.0,6223.0,84.0,23.0,0.0,0.0,1.0,0.0,697.0,10.0,0.2592592592592592,0.391304347826087,151.0,0.0,0.0,-1.0,0
10250.0,36.0,17.99,370.52,16.0,9.0,2.0,40000.0,1.0,0.0,24.51,8.0,0.0,2994.0,58.7,20.0,1.0,0.0,0.0,0.0,722.0,10.0,0.25625,0.4,209.0,0.0,0.0,-1.0,0
36000.0,36.0,5.32,1084.14,0.0,4.0,0.0,185000.0,1.0,2.0,19.24,18.0,0.0,89100.0,28.4,42.0,1.0,0.0,1.0,0.0,767.0,10.0,0.1945945945945946,0.4285714285714285,249.0,0.0,0.0,-1.0,0
9000.0,36.0,13.99,307.56,12.0,5.0,1.0,45000.0,2.0,4.0,5.89,3.0,0.0,8023.0,74.3,5.0,0.0,0.0,0.0,0.0,662.0,10.0,0.2,0.6,49.0,0.0,0.0,-1.0,0
8500.0,36.0,13.99,290.47,12.0,6.0,1.0,120000.0,1.0,0.0,10.78,6.0,0.0,5422.0,68.6,15.0,0.0,0.0,1.0,0.0,672.0,10.0,0.0708333333333333,0.4,148.0,0.0,0.0,-1.0,0
14000.0,36.0,8.24,440.27,5.0,0.0,1.0,85000.0,1.0,4.0,8.7,11.0,0.0,12191.0,22.0,17.0,0.0,0.0,0.0,0.0,747.0,10.0,0.1647058823529411,0.6470588235294118,112.0,0.0,0.0,-1.0,0
7000.0,36.0,10.49,227.49,6.0,1.0,0.0,45000.0,2.0,4.0,15.63,14.0,0.0,4929.0,53.0,46.0,1.0,0.0,3.0,0.0,677.0,10.0,0.1555555555555555,0.3043478260869565,181.0,0.0,0.0,-1.0,0
25000.0,60.0,11.39,548.44,7.0,10.0,0.0,109000.0,2.0,0.0,21.83,23.0,0.0,2458.0,2.6,46.0,0.0,0.0,5.0,0.0,767.0,11.0,0.2293577981651376,0.5,350.0,0.0,0.0,-1.0,0
9000.0,36.0,12.74,302.12,10.0,3.0,0.0,70000.0,2.0,0.0,20.38,16.0,0.0,21646.0,35.4,26.0,1.0,0.0,2.0,0.0,692.0,11.0,0.1285714285714285,0.6153846153846154,204.0,0.0,0.0,-1.0,0
10328.345703125,36.0,15.99,363.0635046386719,14.0,10.0,0.0,307078.0,1.0,0.0,14.33590316772461,13.0,0.0,127341.4609375,41.10026245117187,25.0,0.0,1.0,2.0,0.0,717.0,11.0,0.03363426140376502,0.52,299.0,0.0,0.0,-1.0,1
10000.0,36.0,7.24,309.87,2.0,0.0,1.0,102000.0,1.0,0.0,8.69,12.0,0.0,8699.0,18.8,17.0,0.0,0.0,0.0,0.0,767.0,11.0,0.0980392156862745,0.7058823529411765,111.0,0.0,0.0,-1.0,0
20004.9453125,60.0,12.74,452.5085717773438,10.0,10.0,0.0,125704.1171875,1.0,2.0,3.1348174285888675,24.0,0.0,105191.265625,40.98677864074707,48.0,0.0,0.0,5.0,0.0,742.0,11.0,0.15914311423534297,0.500000019868215,250.0,0.0,0.0,-1.0,1
10024.833984375,36.0,17.99,362.3717822265625,16.0,10.0,0.0,427230.1875,0.0,2.0,-0.7926328277587888,12.0,0.0,38851.15625,25.06660270690918,21.0,0.0,0.0,2.0,0.0,732.0,11.0,0.02346471297113517,0.5714285969734192,162.0,0.0,0.0,-1.0,0
20150.0,36.0,10.49,654.83,6.0,5.0,2.0,42000.0,0.0,0.0,23.69,11.0,0.0,34095.0,38.5,19.0,1.0,0.0,0.0,0.0,707.0,11.0,0.4797619047619048,0.5789473684210527,259.0,0.0,0.0,-1.0,0
28425.0,36.0,21.49,1078.08,19.0,0.0,0.0,105000.0,2.0,0.0,13.19,12.0,0.0,21478.0,50.9,16.0,0.0,0.0,0.0,0.0,672.0,11.0,0.2707142857142857,0.75,59.0,0.0,0.0,-1.0,0
6450.0,36.0,18.99,236.4,17.0,1.0,2.0,58000.0,1.0,0.0,27.77,13.0,0.0,229.0,24.8,31.0,0.0,0.0,0.0,0.0,687.0,11.0,0.1112068965517241,0.4193548387096774,151.0,0.0,0.0,-1.0,0
24000.0,60.0,22.74,673.0,20.0,10.0,0.0,84044.0,0.0,4.0,16.96,10.0,0.0,21459.0,90.5,17.0,0.0,0.0,2.0,0.0,702.0,11.0,0.2855647042025606,0.5882352941176471,180.0,0.0,0.0,-1.0,0
20000.0,36.0,13.99,683.46,12.0,10.0,2.0,85000.0,0.0,0.0,10.84,13.0,0.0,23224.0,61.1,23.0,1.0,0.0,2.0,0.0,672.0,11.0,0.2352941176470588,0.5652173913043478,123.0,0.0,0.0,-1.0,0
7000.0,36.0,12.74,234.99,10.0,2.0,1.0,50000.0,0.0,4.0,18.41,10.0,0.0,5960.0,39.2,13.0,0.0,0.0,0.0,0.0,682.0,11.0,0.14,0.7692307692307693,53.0,0.0,0.0,-1.0,0
8000.0,36.0,8.24,251.58,5.0,4.0,0.0,45000.0,2.0,0.0,25.95,15.0,2.0,3938.0,27.7,38.0,0.0,0.0,3.0,0.0,697.0,11.0,0.1777777777777777,0.3947368421052631,206.0,0.0097087378640776,0.0,0.0,0
20000.0,36.0,11.49,659.43,9.0,9.0,0.0,120000.0,1.0,0.0,25.8,6.0,0.0,28549.0,98.4,13.0,0.0,0.0,2.0,0.0,672.0,11.0,0.1666666666666666,0.4615384615384615,158.0,0.0,0.0,-1.0,0
35000.0,36.0,16.99,1247.68,15.0,10.0,0.0,98000.0,2.0,0.0,21.04,21.0,0.0,36218.0,68.5,40.0,0.0,0.0,3.0,0.0,687.0,11.0,0.3571428571428571,0.525,230.0,0.0,0.0,-1.0,0
19898.96484375,60.0,29.99,643.6772338867188,27.0,0.0,1.0,886464.25,1.0,0.0,22.060891914367676,9.0,0.0,27160.51171875,50.90440673828125,18.0,0.0,0.0,2.0,0.0,662.0,11.0,0.02244755515345817,0.5000000066227384,87.0,0.0,0.0,-1.0,0
20000.0,60.0,24.74,583.99,22.0,10.0,0.0,55000.0,0.0,0.0,17.98,9.0,0.0,11184.0,89.5,38.0,1.0,0.0,3.0,0.0,682.0,11.0,0.3636363636363636,0.2368421052631578,175.0,0.0,0.0,-1.0,0
16000.0,60.0,12.74,361.93,10.0,0.0,0.0,115000.0,1.0,0.0,10.69,11.0,0.0,15372.0,70.0,27.0,1.0,0.0,2.0,0.0,662.0,11.0,0.1391304347826087,0.4074074074074074,278.0,0.0,0.0,-1.0,1
35100.0,60.0,13.49,807.47,11.0,3.0,0.0,140020.0,2.0,4.0,20.5,7.0,0.0,34169.0,66.7,25.0,0.0,0.0,4.0,0.0,692.0,11.0,0.2506784745036423,0.28,242.0,0.0,0.0,-1.0,0
4600.0,36.0,15.99,161.7,14.0,10.0,0.0,120000.0,1.0,3.0,5.98,4.0,0.0,530.0,37.9,21.0,1.0,0.0,1.0,0.0,662.0,11.0,0.0383333333333333,0.1904761904761904,181.0,0.0,0.0,-1.0,0
23000.0,36.0,7.99,720.64,4.0,5.0,0.0,130000.0,0.0,0.0,3.89,7.0,0.0,1926.0,5.4,20.0,0.0,0.0,2.0,0.0,772.0,11.0,0.1769230769230769,0.35,225.0,0.0,0.0,-1.0,0
12800.0,36.0,13.49,434.31,11.0,10.0,1.0,32000.0,2.0,0.0,16.09,4.0,0.0,8210.0,89.2,16.0,0.0,0.0,0.0,0.0,677.0,11.0,0.4,0.25,226.0,0.0,0.0,-1.0,0
6000.0,36.0,6.99,185.24,1.0,6.0,0.0,95000.0,0.0,0.0,26.17,20.0,0.0,18071.0,36.9,35.0,1.0,0.0,6.0,0.0,737.0,11.0,0.0631578947368421,0.5714285714285714,253.0,0.0,0.0,-1.0,0
14000.0,36.0,29.99,594.25,27.0,9.0,1.0,40000.0,2.0,0.0,30.83,12.0,0.0,6044.0,40.8,20.0,1.0,0.0,0.0,0.0,672.0,11.0,0.35,0.6,75.0,0.0,0.0,-1.0,1
14000.0,36.0,11.49,461.6,9.0,10.0,1.0,75000.0,2.0,0.0,21.63,9.0,0.0,8553.0,42.1,24.0,0.0,0.0,0.0,0.0,702.0,11.0,0.1866666666666666,0.375,139.0,0.0,0.0,-1.0,0
15000.0,60.0,17.99,380.82,16.0,10.0,0.0,121000.0,0.0,2.0,20.74,15.0,0.0,15148.0,36.5,31.0,0.0,0.0,2.0,0.0,742.0,11.0,0.1239669421487603,0.4838709677419355,311.0,0.0,0.0,-1.0,0
3500.0,36.0,18.99,128.28,17.0,9.0,1.0,96000.0,2.0,5.0,14.74,9.0,0.0,3007.0,22.1,28.0,0.0,0.0,1.0,0.0,697.0,11.0,0.0364583333333333,0.3214285714285714,187.0,0.0,0.0,-1.0,0
16000.0,60.0,15.99,389.01,14.0,10.0,1.0,100000.0,0.0,0.0,14.82,11.0,0.0,6528.0,36.7,26.0,0.0,0.0,0.0,0.0,697.0,11.0,0.16,0.4230769230769231,414.0,0.0,0.0,-1.0,0
19905.296875,36.0,14.99,689.924599609375,13.0,3.0,0.0,253742.9375,0.0,4.0,27.747709655761717,7.0,0.0,417297.34375,104.09164276123047,16.0,0.0,0.0,0.0,0.0,662.0,11.0,0.07844668839659008,0.43750001986821496,193.0,0.0,0.0,-1.0,0
14400.0,36.0,11.49,474.79,9.0,2.0,0.0,95000.0,1.0,0.0,24.41,9.0,0.0,11066.0,66.7,39.0,0.0,0.0,9.0,0.0,682.0,11.0,0.151578947368421,0.2307692307692307,231.0,0.0,0.0,-1.0,0
23873.609375,60.0,11.39,523.7249145507812,7.0,5.0,0.0,449090.65625,2.0,4.0,112.46895385742188,12.0,0.0,87495.3515625,77.14321060180664,17.0,0.0,0.0,4.0,0.0,747.0,11.0,0.05315988659858706,0.7058823529411765,110.0,0.0,0.0,-1.0,0
5000.0,36.0,11.49,164.86,9.0,1.0,2.0,23000.0,2.0,2.0,22.29,7.0,0.0,4092.0,25.6,7.0,0.0,0.0,0.0,0.0,747.0,11.0,0.217391304347826,1.0,205.0,0.0,0.0,-1.0,1
5000.0,36.0,17.99,180.74,16.0,1.0,0.0,80000.0,1.0,2.0,20.99,14.0,0.0,15704.0,44.5,53.0,1.0,0.0,3.0,0.0,672.0,11.0,0.0625,0.2641509433962264,332.0,0.0,0.0,-1.0,0
18000.0,60.0,11.39,394.88,7.0,10.0,0.0,75000.0,0.0,0.0,29.81,14.0,0.0,9687.0,40.7,51.0,0.0,0.0,3.0,0.0,707.0,11.0,0.24,0.2745098039215686,234.0,0.0,0.0,-1.0,1
11200.0,36.0,5.32,337.29,0.0,3.0,2.0,80000.0,0.0,0.0,27.66,20.0,0.0,24893.0,29.5,39.0,0.0,0.0,0.0,0.0,712.0,11.0,0.14,0.5128205128205128,308.0,0.0,0.0,-1.0,0
5500.0,36.0,11.39,181.09,7.0,8.0,1.0,33000.0,1.0,8.0,23.42,12.0,0.0,7940.0,31.4,23.0,0.0,0.0,0.0,0.0,687.0,11.0,0.1666666666666666,0.5217391304347826,147.0,0.0,0.0,-1.0,0
9432.26953125,36.0,10.49,306.528828125,6.0,10.0,0.0,260555.90625,0.0,0.0,7.42575885772705,8.0,0.0,49434.09765625,55.676815032958984,28.0,0.0,0.0,2.0,0.0,697.0,11.0,0.036200554549694064,0.2857142857142857,250.0,0.0,0.0,-1.0,0
5000.0,36.0,11.49,164.86,9.0,10.0,0.0,40000.0,2.0,5.0,14.88,15.0,0.0,4872.0,21.0,27.0,0.0,0.0,2.0,0.0,682.0,11.0,0.125,0.5555555555555556,180.0,0.0,0.0,-1.0,0
10000.0,36.0,13.49,339.31,11.0,7.0,0.0,20000.0,1.0,4.0,5.04,3.0,1.0,2830.0,72.6,8.0,0.0,0.0,2.0,1.0,692.0,11.0,0.5,0.375,225.0,0.0044444444444444,0.0044444444444444,1.0,0
4800.0,36.0,12.74,161.14,10.0,2.0,0.0,97280.0,0.0,2.0,11.86,8.0,1.0,10474.0,71.3,12.0,0.0,0.0,1.0,1.0,677.0,11.0,0.0493421052631578,0.6666666666666666,101.0,0.0099009900990099,0.0099009900990099,1.0,0
4000.0,36.0,16.99,142.6,15.0,1.0,1.0,54000.0,1.0,2.0,31.18,12.0,0.0,10170.0,24.5,16.0,0.0,0.0,0.0,0.0,677.0,11.0,0.074074074074074,0.75,172.0,0.0,0.0,-1.0,0
15000.0,36.0,11.49,494.57,9.0,10.0,1.0,65000.0,1.0,4.0,33.55,8.0,0.0,27009.0,86.6,34.0,1.0,0.0,3.0,0.0,682.0,11.0,0.2307692307692307,0.2352941176470588,176.0,0.0,0.0,-1.0,0
23959.841796875,60.0,30.89,788.3366967773437,32.0,1.0,1.0,817046.25,1.0,0.0,52.98239494323731,22.0,0.0,276755.15625,42.86837158203125,37.0,1.0,0.0,2.0,0.0,667.0,11.0,0.029324939421244978,0.5945945945945946,465.0,0.0,0.0,-1.0,1
16900.0,36.0,14.99,585.77,13.0,2.0,1.0,69472.0,2.0,0.0,24.81,10.0,0.0,10732.0,89.4,32.0,0.0,0.0,0.0,0.0,662.0,11.0,0.2432634730538922,0.3125,190.0,0.0,0.0,-1.0,0
12800.0,60.0,24.74,373.75,22.0,10.0,2.0,52000.0,0.0,0.0,19.87,8.0,0.0,6739.0,77.5,17.0,0.0,0.0,1.0,0.0,702.0,11.0,0.2461538461538461,0.4705882352941176,258.0,0.0,0.0,-1.0,0
1200.0,36.0,13.49,40.72,11.0,0.0,1.0,28600.0,1.0,0.0,14.94,7.0,0.0,6258.0,47.8,16.0,1.0,0.0,0.0,0.0,672.0,11.0,0.0419580419580419,0.4375,137.0,0.0,0.0,-1.0,0
30000.0,60.0,13.99,697.9,12.0,10.0,1.0,120000.0,2.0,0.0,10.07,9.0,4.0,17533.0,40.0,14.0,0.0,0.0,0.0,0.0,682.0,11.0,0.25,0.6428571428571429,230.0,0.017391304347826,0.0,0.0,1
16000.0,36.0,14.99,554.57,13.0,10.0,2.0,43000.0,2.0,0.0,28.64,13.0,1.0,12999.0,50.2,27.0,0.0,0.0,0.0,0.0,662.0,11.0,0.3720930232558139,0.4814814814814814,205.0,0.0048780487804878,0.0,0.0,0
5000.0,36.0,6.99,154.37,1.0,10.0,0.0,120000.0,0.0,0.0,6.69,10.0,0.0,2684.0,5.8,32.0,0.0,0.0,4.0,0.0,812.0,11.0,0.0416666666666666,0.3125,158.0,0.0,0.0,-1.0,0
15000.0,36.0,13.99,512.6,12.0,10.0,2.0,58500.0,2.0,0.0,30.81,11.0,0.0,11401.0,79.7,23.0,0.0,0.0,0.0,0.0,682.0,11.0,0.2564102564102564,0.4782608695652174,158.0,0.0,0.0,-1.0,1
11200.0,36.0,6.0,336.82,11.0,0.0,2.0,28000.0,1.0,0.0,28.2,10.0,0.0,4890.0,28.3,11.0,0.0,0.0,0.0,0.0,692.0,11.0,0.4,0.9090909090909092,76.0,0.0,0.0,-1.0,0
12121.6796875,36.0,30.49,517.84236328125,28.0,2.0,1.0,723856.25,1.0,2.0,4.4171823883056645,11.0,1.0,50298.16015625,18.5897518157959,16.0,0.0,0.0,0.0,1.0,692.0,11.0,0.016745977628231046,0.6875,124.0,0.0080645161290322,0.0080645161290322,1.0,0
5832.7197265625,36.0,14.99,202.16414489746094,13.0,10.0,0.0,243875.203125,1.0,0.0,9.472566261291504,7.0,0.0,178258.734375,37.711219024658206,18.0,1.0,0.0,4.0,0.0,692.0,11.0,0.023916824222827385,0.3888888902523938,120.0,0.0,0.0,-1.0,0
35000.0,60.0,17.99,888.58,16.0,4.0,0.0,225000.0,2.0,0.0,13.34,9.0,0.0,16829.0,88.1,22.0,0.0,0.0,2.0,0.0,692.0,11.0,0.1555555555555555,0.4090909090909091,272.0,0.0,0.0,-1.0,0
10000.0,36.0,7.24,309.87,2.0,8.0,1.0,85000.0,0.0,4.0,13.26,16.0,0.0,8255.0,25.5,27.0,0.0,0.0,1.0,0.0,762.0,11.0,0.1176470588235294,0.5925925925925926,136.0,0.0,0.0,-1.0,0
35000.0,60.0,17.99,888.58,16.0,7.0,2.0,175000.0,1.0,5.0,18.62,11.0,0.0,36317.0,128.7,21.0,0.0,0.0,4.0,0.0,677.0,11.0,0.2,0.5238095238095238,143.0,0.0,0.0,-1.0,0
35000.0,36.0,7.49,1088.56,3.0,10.0,0.0,100400.0,1.0,4.0,8.15,20.0,0.0,42399.0,29.1,33.0,0.0,0.0,2.0,0.0,722.0,11.0,0.348605577689243,0.6060606060606061,356.0,0.0,0.0,-1.0,0
15000.0,36.0,7.49,466.53,3.0,9.0,0.0,96000.0,0.0,4.0,21.31,19.0,0.0,12295.0,71.5,33.0,0.0,0.0,0.0,0.0,722.0,11.0,0.15625,0.5757575757575758,142.0,0.0,0.0,-1.0,0
17400.0,60.0,26.24,523.44,24.0,10.0,0.0,60000.0,1.0,0.0,2.84,4.0,0.0,6575.0,58.7,17.0,0.0,0.0,7.0,0.0,672.0,11.0,0.29,0.2352941176470588,193.0,0.0,0.0,-1.0,0
2500.0,36.0,13.99,85.44,12.0,0.0,1.0,80000.0,2.0,5.0,13.43,14.0,0.0,12290.0,76.8,20.0,1.0,0.0,0.0,0.0,662.0,11.0,0.03125,0.7,171.0,0.0,0.0,-1.0,0
5000.0,36.0,6.99,154.37,1.0,2.0,1.0,60000.0,0.0,4.0,11.04,8.0,0.0,5196.0,16.1,29.0,1.0,0.0,0.0,0.0,707.0,11.0,0.0833333333333333,0.2758620689655172,111.0,0.0,0.0,-1.0,0
12000.0,60.0,12.74,271.45,10.0,0.0,1.0,54000.0,1.0,4.0,19.47,5.0,0.0,10864.0,59.0,11.0,0.0,0.0,1.0,0.0,762.0,11.0,0.2222222222222222,0.4545454545454545,309.0,0.0,0.0,-1.0,0
5924.4677734375,36.0,11.49,195.3369580078125,9.0,10.0,0.0,639279.1875,2.0,3.0,0.9164164352416986,12.0,0.0,135286.15625,15.976169967651368,22.0,0.0,0.0,0.0,0.0,702.0,11.0,0.009267416333450948,0.5454545454545454,146.0,0.0,0.0,-1.0,1
20400.0,36.0,18.99,747.68,17.0,4.0,0.0,58000.0,1.0,0.0,14.63,6.0,0.0,9776.0,33.6,11.0,0.0,0.0,1.0,0.0,677.0,11.0,0.3517241379310344,0.5454545454545454,97.0,0.0,0.0,-1.0,0
20000.0,36.0,16.99,712.96,15.0,2.0,0.0,85000.0,1.0,4.0,28.49,10.0,0.0,11344.0,65.6,16.0,1.0,0.0,2.0,0.0,682.0,11.0,0.2352941176470588,0.625,121.0,0.0,0.0,-1.0,1
35000.0,60.0,21.49,956.55,19.0,10.0,0.0,123000.0,2.0,2.0,4.38,15.0,0.0,20013.0,35.4,40.0,0.0,0.0,5.0,0.0,687.0,11.0,0.2845528455284553,0.375,142.0,0.0,0.0,-1.0,0
12000.0,36.0,18.99,439.82,17.0,10.0,0.0,55000.0,2.0,0.0,27.36,9.0,0.0,6128.0,39.8,11.0,0.0,0.0,0.0,0.0,682.0,11.0,0.2181818181818181,0.8181818181818182,137.0,0.0,0.0,-1.0,1
20000.0,36.0,17.99,722.95,16.0,2.0,1.0,75000.0,0.0,0.0,10.14,5.0,1.0,632.0,12.2,14.0,0.0,1.0,1.0,1.0,667.0,11.0,0.2666666666666666,0.3571428571428571,310.0,0.0032258064516129,0.0032258064516129,1.0,1
7200.0,36.0,14.99,249.56,13.0,3.0,1.0,45000.0,1.0,0.0,34.32,9.0,0.0,2356.0,67.3,15.0,1.0,0.0,0.0,0.0,672.0,11.0,0.16,0.6,103.0,0.0,0.0,-1.0,0
24325.0,36.0,7.24,753.76,2.0,10.0,0.0,92000.0,0.0,0.0,12.64,11.0,0.0,9047.0,29.6,31.0,1.0,0.0,6.0,0.0,722.0,11.0,0.2644021739130435,0.3548387096774194,415.0,0.0,0.0,-1.0,0
2777.68994140625,36.0,12.74,93.24392669677735,10.0,10.0,0.0,1045340.6875,1.0,2.0,16.706169357299807,6.0,0.0,198502.09375,108.6198959350586,9.0,1.0,0.0,1.0,0.0,697.0,0.0,0.0026572114573074485,0.6666666865348816,127.0,0.0,0.0,-1.0,0
18000.0,36.0,18.99,659.72,17.0,6.0,0.0,124000.0,2.0,2.0,7.75,12.0,0.0,22356.0,59.5,22.0,0.0,0.0,3.0,0.0,662.0,0.0,0.1451612903225806,0.5454545454545454,121.0,0.0,0.0,-1.0,0
5000.0,36.0,13.99,170.87,12.0,5.0,0.0,76000.0,2.0,0.0,34.04,12.0,0.0,21749.0,51.0,21.0,0.0,0.0,2.0,0.0,707.0,0.0,0.0657894736842105,0.5714285714285714,264.0,0.0,0.0,-1.0,1
9600.0,36.0,11.49,316.53,9.0,6.0,2.0,90000.0,1.0,4.0,10.5,14.0,0.0,11610.0,50.7,20.0,0.0,0.0,0.0,0.0,667.0,0.0,0.1066666666666666,0.7,75.0,0.0,0.0,-1.0,0
5050.0,36.0,11.39,166.27,7.0,4.0,0.0,58000.0,0.0,0.0,2.65,11.0,0.0,3199.0,15.8,15.0,0.0,0.0,3.0,0.0,707.0,0.0,0.0870689655172413,0.7333333333333333,217.0,0.0,0.0,-1.0,0
7300.0,36.0,13.49,247.7,11.0,1.0,1.0,42000.0,2.0,0.0,24.63,5.0,0.0,6955.0,53.5,6.0,0.0,0.0,0.0,0.0,712.0,0.0,0.1738095238095238,0.8333333333333334,186.0,0.0,0.0,-1.0,1
4000.0,36.0,7.24,123.95,2.0,3.0,1.0,52000.0,1.0,4.0,16.34,8.0,0.0,3660.0,28.8,23.0,1.0,0.0,0.0,0.0,687.0,0.0,0.0769230769230769,0.3478260869565217,100.0,0.0,0.0,-1.0,0
19500.0,60.0,13.99,453.63,12.0,3.0,1.0,63294.0,0.0,0.0,11.7,7.0,0.0,17809.0,69.3,15.0,0.0,0.0,0.0,0.0,697.0,0.0,0.3080860745094321,0.4666666666666667,161.0,0.0,0.0,-1.0,0
9600.0,36.0,7.49,298.58,3.0,10.0,2.0,74000.0,0.0,0.0,13.31,8.0,0.0,8802.0,27.4,13.0,1.0,0.0,0.0,0.0,707.0,0.0,0.1297297297297297,0.6153846153846154,186.0,0.0,0.0,-1.0,0
3748.925048828125,36.0,11.49,123.60665954589842,9.0,1.0,0.0,395016.15625,1.0,0.0,48.61591018676758,7.0,1.0,272677.3125,71.27932586669922,24.0,0.0,0.0,4.0,1.0,662.0,0.0,0.009490562313132722,0.29166666215116327,161.0,0.0062111801242236,0.0062111801242236,1.0,0
4825.0,36.0,15.99,169.61,14.0,3.0,1.0,87000.0,1.0,4.0,16.41,13.0,0.0,8604.0,33.6,14.0,0.0,0.0,0.0,0.0,667.0,0.0,0.0554597701149425,0.9285714285714286,42.0,0.0,0.0,-1.0,1
5000.0,36.0,11.49,164.86,9.0,2.0,0.0,45000.0,1.0,4.0,20.32,15.0,0.0,6042.0,57.0,21.0,0.0,0.0,1.0,0.0,692.0,0.0,0.1111111111111111,0.7142857142857143,114.0,0.0,0.0,-1.0,0
6000.0,36.0,11.44,197.69,8.0,10.0,0.0,125000.0,1.0,0.0,9.15,6.0,0.0,3593.0,37.0,16.0,1.0,0.0,1.0,0.0,687.0,0.0,0.048,0.375,223.0,0.0,0.0,-1.0,0
2920.998046875,36.0,10.49,94.92626190185547,6.0,10.0,1.0,195058.34375,0.0,2.0,32.90363250732422,7.0,0.0,7594.52587890625,13.462363624572754,18.0,0.0,0.0,0.0,0.0,752.0,0.0,0.014974996447563171,0.3888888919637316,114.0,0.0,0.0,-1.0,0
8000.0,36.0,10.49,259.99,6.0,10.0,0.0,59000.0,1.0,0.0,21.05,8.0,0.0,4032.0,38.4,26.0,1.0,0.0,2.0,0.0,667.0,0.0,0.135593220338983,0.3076923076923077,112.0,0.0,0.0,-1.0,0
2500.0,36.0,5.32,75.29,0.0,4.0,0.0,100000.0,2.0,10.0,27.96,9.0,0.0,3164.0,12.2,39.0,0.0,0.0,4.0,0.0,752.0,0.0,0.025,0.2307692307692307,137.0,0.0,0.0,-1.0,0
11200.0,36.0,17.99,404.86,16.0,1.0,0.0,30000.0,2.0,0.0,24.0,7.0,0.0,9261.0,100.7,22.0,1.0,0.0,3.0,0.0,667.0,0.0,0.3733333333333333,0.3181818181818182,137.0,0.0,0.0,-1.0,1
4000.0,36.0,10.49,130.0,6.0,10.0,1.0,34000.0,1.0,0.0,32.47,5.0,0.0,5039.0,53.0,14.0,1.0,0.0,0.0,0.0,667.0,0.0,0.1176470588235294,0.3571428571428571,203.0,0.0,0.0,-1.0,0
20000.0,36.0,11.44,658.95,8.0,1.0,1.0,80000.0,1.0,4.0,13.65,8.0,0.0,15596.0,59.5,16.0,1.0,0.0,0.0,0.0,672.0,0.0,0.25,0.5,225.0,0.0,0.0,-1.0,0
32000.0,36.0,10.49,1039.93,6.0,10.0,0.0,118000.0,2.0,0.0,21.03,17.0,0.0,29387.0,70.1,37.0,1.0,0.0,2.0,0.0,667.0,0.0,0.2711864406779661,0.4594594594594595,219.0,0.0,0.0,-1.0,0
24000.0,36.0,11.44,790.74,8.0,4.0,1.0,106500.0,2.0,0.0,23.5,17.0,1.0,8433.0,15.0,25.0,1.0,0.0,1.0,0.0,692.0,0.0,0.2253521126760563,0.68,251.0,0.0039840637450199,0.0,0.0,0
15000.0,36.0,13.99,512.6,12.0,3.0,0.0,55000.0,2.0,4.0,24.46,9.0,0.0,14294.0,56.3,13.0,0.0,0.0,1.0,0.0,677.0,0.0,0.2727272727272727,0.6923076923076923,129.0,0.0,0.0,-1.0,1
6000.0,36.0,17.99,216.89,16.0,0.0,1.0,39520.0,2.0,3.0,28.06,15.0,1.0,8867.0,37.4,22.0,1.0,0.0,0.0,1.0,712.0,0.0,0.1518218623481781,0.6818181818181818,244.0,0.0040983606557377,0.0040983606557377,1.0,0
12000.0,36.0,15.99,421.83,14.0,10.0,0.0,68000.0,0.0,4.0,32.9,13.0,0.0,8602.0,26.8,37.0,0.0,0.0,6.0,0.0,737.0,0.0,0.1764705882352941,0.3513513513513513,236.0,0.0,0.0,-1.0,0
6000.0,36.0,11.49,197.83,9.0,4.0,1.0,33000.0,2.0,0.0,9.27,14.0,0.0,6151.0,35.1,14.0,0.0,0.0,0.0,0.0,672.0,0.0,0.1818181818181818,1.0,62.0,0.0,0.0,-1.0,0
35044.83203125,36.0,11.44,1154.6435107421876,8.0,0.0,0.0,1156351.0,1.0,0.0,30.68204406738281,10.0,0.0,166451.515625,122.18631286621094,20.0,0.0,0.0,2.0,0.0,662.0,0.0,0.030306402018399736,0.49999998117748057,210.0,0.0,0.0,-1.0,0
20000.0,60.0,30.84,657.43,31.0,3.0,0.0,108400.0,1.0,0.0,19.34,13.0,0.0,27464.0,65.5,42.0,0.0,0.0,3.0,0.0,687.0,0.0,0.1845018450184501,0.3095238095238095,163.0,0.0,0.0,-1.0,0
1000.0,36.0,11.44,32.95,8.0,1.0,0.0,70000.0,1.0,9.0,31.8,20.0,2.0,13103.0,59.6,43.0,0.0,0.0,1.0,2.0,667.0,0.0,0.0142857142857142,0.4651162790697674,266.0,0.0075187969924812,0.0075187969924812,1.0,0
16000.0,60.0,13.49,368.08,11.0,10.0,2.0,60000.0,0.0,0.0,21.76,12.0,0.0,3573.0,18.3,42.0,0.0,0.0,4.0,0.0,707.0,0.0,0.2666666666666666,0.2857142857142857,259.0,0.0,0.0,-1.0,0
23000.0,36.0,14.99,797.19,13.0,3.0,1.0,49000.0,1.0,4.0,11.71,12.0,0.0,12465.0,41.8,16.0,1.0,0.0,0.0,0.0,692.0,0.0,0.4693877551020408,0.75,80.0,0.0,0.0,-1.0,0
12369.123046875,60.0,16.99,307.33754150390627,15.0,10.0,0.0,686610.3125,2.0,4.0,6.974665107727052,13.0,0.0,137454.359375,68.92597961425781,27.0,0.0,0.0,5.0,0.0,697.0,0.0,0.018014761507511134,0.4814814814814814,236.0,0.0,0.0,-1.0,1
5000.0,36.0,10.49,162.49,6.0,10.0,0.0,65000.0,1.0,0.0,19.92,15.0,0.0,19153.0,44.1,29.0,1.0,0.0,0.0,0.0,687.0,0.0,0.0769230769230769,0.5172413793103449,240.0,0.0,0.0,-1.0,0
6000.0,36.0,10.49,194.99,6.0,2.0,2.0,30000.0,1.0,0.0,13.04,4.0,0.0,3420.0,97.7,5.0,0.0,0.0,1.0,0.0,682.0,0.0,0.2,0.8,313.0,0.0,0.0,-1.0,0
12086.94140625,36.0,13.99,413.048505859375,12.0,4.0,1.0,795608.8125,2.0,0.0,41.79182090759277,16.0,0.0,76672.578125,53.33372955322265,18.0,1.0,0.0,0.0,0.0,707.0,0.0,0.015192059533936542,0.8888888813200451,60.0,0.0,0.0,-1.0,0
16000.0,36.0,11.44,527.16,8.0,3.0,2.0,83000.0,0.0,4.0,21.66,10.0,1.0,2682.0,16.0,36.0,0.0,0.0,2.0,1.0,737.0,0.0,0.1927710843373494,0.2777777777777778,236.0,0.0042372881355932,0.0042372881355932,1.0,1
15000.0,36.0,12.74,503.54,10.0,3.0,1.0,60000.0,0.0,4.0,25.73,21.0,0.0,21703.0,43.9,28.0,0.0,0.0,0.0,0.0,692.0,0.0,0.25,0.75,129.0,0.0,0.0,-1.0,0
8625.0,36.0,13.49,292.66,11.0,3.0,1.0,61700.0,2.0,4.0,31.8,13.0,0.0,13698.0,43.5,50.0,0.0,0.0,0.0,0.0,687.0,0.0,0.1397893030794165,0.26,165.0,0.0,0.0,-1.0,0
1000.0,36.0,10.49,32.5,6.0,10.0,0.0,42000.0,0.0,0.0,20.66,17.0,0.0,5927.0,13.3,34.0,1.0,0.0,2.0,0.0,727.0,0.0,0.0238095238095238,0.5,139.0,0.0,0.0,-1.0,0
19200.0,60.0,13.49,441.7,11.0,10.0,2.0,74000.0,0.0,7.0,1.77,4.0,0.0,5421.0,0.0,8.0,0.0,0.0,4.0,0.0,812.0,0.0,0.2594594594594595,0.5,209.0,0.0,0.0,-1.0,1
8000.0,36.0,11.44,263.58,8.0,10.0,0.0,165000.0,0.0,4.0,8.03,7.0,0.0,16962.0,80.8,21.0,0.0,0.0,4.0,0.0,692.0,0.0,0.0484848484848484,0.3333333333333333,168.0,0.0,0.0,-1.0,0
25300.0,60.0,18.99,656.16,17.0,10.0,0.0,55000.0,0.0,0.0,32.8,8.0,0.0,23747.0,77.4,25.0,0.0,0.0,2.0,0.0,727.0,0.0,0.46,0.32,267.0,0.0,0.0,-1.0,0
8300.0,36.0,12.74,278.63,10.0,10.0,0.0,90000.0,1.0,0.0,23.78,11.0,0.0,5941.0,27.8,27.0,1.0,0.0,4.0,0.0,702.0,0.0,0.0922222222222222,0.4074074074074074,203.0,0.0,0.0,-1.0,0
24001.900390625,36.0,8.24,754.793466796875,5.0,10.0,1.0,813537.9375,0.0,0.0,60.204912109375,9.0,1.0,24780.205078125,5.743493938446045,27.0,1.0,0.0,4.0,1.0,677.0,0.0,0.02950311064720154,0.3333333333333333,143.0,0.0069930069930069,0.0069930069930069,1.0,0
35000.0,60.0,14.99,832.47,13.0,10.0,0.0,103000.0,1.0,4.0,3.34,10.0,1.0,10069.0,31.0,19.0,0.0,0.0,2.0,0.0,717.0,0.0,0.3398058252427184,0.5263157894736842,160.0,0.00625,0.0,0.0,0
24000.0,60.0,14.99,570.84,13.0,8.0,0.0,77000.0,1.0,0.0,36.61,14.0,1.0,22318.0,61.3,42.0,0.0,1.0,7.0,1.0,687.0,0.0,0.3116883116883117,0.3333333333333333,237.0,0.0042194092827004,0.0042194092827004,1.0,0
3025.0,36.0,18.99,110.87,17.0,10.0,0.0,153000.0,2.0,2.0,19.4,16.0,0.0,14464.0,102.6,33.0,1.0,0.0,7.0,0.0,682.0,0.0,0.0197712418300653,0.4848484848484848,250.0,0.0,0.0,-1.0,0
11951.1640625,36.0,11.49,394.0538598632813,9.0,4.0,2.0,795298.75,0.0,2.0,3.7801354980468744,11.0,0.0,163385.03125,120.76343231201172,20.0,0.0,1.0,5.0,0.0,682.0,0.0,0.01502724885940554,0.5500000150580155,235.0,0.0,0.0,-1.0,0
8135.69482421875,36.0,17.99,294.0844189453125,16.0,3.0,1.0,601360.875,2.0,4.0,71.01829437255859,24.0,1.0,299476.59375,71.29150848388672,26.0,0.0,0.0,2.0,0.0,682.0,0.0,0.01352880738283449,0.9230769191469465,113.0,0.0088495575221238,0.0,0.0,1
6500.0,36.0,11.49,214.32,9.0,10.0,0.0,65000.0,2.0,0.0,19.5,10.0,0.0,13891.0,63.4,16.0,0.0,0.0,2.0,0.0,682.0,0.0,0.1,0.625,124.0,0.0,0.0,-1.0,1
5000.0,36.0,7.49,155.51,3.0,10.0,1.0,55000.0,0.0,5.0,10.84,6.0,0.0,21193.0,71.4,13.0,1.0,0.0,0.0,0.0,717.0,0.0,0.0909090909090909,0.4615384615384615,145.0,0.0,0.0,-1.0,0
14946.115234375,36.0,6.99,461.42126831054685,1.0,7.0,0.0,248195.8125,0.0,2.0,20.908245391845703,6.0,0.0,166012.34375,39.609649658203125,41.0,0.0,0.0,4.0,0.0,777.0,0.0,0.06021904423832894,0.1463414596186744,213.0,0.0,0.0,-1.0,0
9000.0,36.0,13.49,305.38,11.0,3.0,1.0,60000.0,2.0,0.0,19.11,15.0,0.0,18950.0,44.5,20.0,0.0,0.0,0.0,0.0,682.0,0.0,0.15,0.75,238.0,0.0,0.0,-1.0,0
10000.0,36.0,11.49,329.72,9.0,1.0,1.0,38000.0,1.0,4.0,5.35,5.0,0.0,6473.0,58.8,9.0,1.0,0.0,0.0,0.0,687.0,0.0,0.2631578947368421,0.5555555555555556,164.0,0.0,0.0,-1.0,0
10400.0,36.0,11.39,342.41,7.0,4.0,0.0,86000.0,0.0,0.0,12.85,9.0,0.0,10091.0,44.8,20.0,0.0,0.0,0.0,0.0,732.0,0.0,0.1209302325581395,0.45,125.0,0.0,0.0,-1.0,0
12000.0,36.0,7.24,371.85,2.0,4.0,0.0,80000.0,0.0,4.0,14.33,9.0,0.0,7707.0,32.9,12.0,0.0,0.0,1.0,0.0,732.0,0.0,0.15,0.75,125.0,0.0,0.0,-1.0,0
9600.0,36.0,8.24,301.9,5.0,2.0,0.0,53000.0,1.0,4.0,20.79,12.0,0.0,8871.0,59.9,12.0,0.0,0.0,0.0,0.0,677.0,0.0,0.1811320754716981,1.0,97.0,0.0,0.0,-1.0,0
14250.0,36.0,18.99,522.28,17.0,2.0,0.0,125000.0,1.0,0.0,11.55,15.0,1.0,257.0,1.0,31.0,0.0,0.0,2.0,1.0,667.0,0.0,0.114,0.4838709677419355,198.0,0.005050505050505,0.005050505050505,1.0,1
8000.0,36.0,17.99,289.18,16.0,2.0,0.0,53000.0,0.0,0.0,12.59,12.0,0.0,5450.0,44.0,36.0,1.0,1.0,2.0,0.0,662.0,0.0,0.1509433962264151,0.3333333333333333,293.0,0.0,0.0,-1.0,0
32000.0,36.0,13.99,1093.53,12.0,1.0,2.0,110000.0,2.0,0.0,11.72,11.0,0.0,30992.0,45.6,13.0,0.0,0.0,0.0,0.0,702.0,0.0,0.2909090909090909,0.8461538461538461,38.0,0.0,0.0,-1.0,0
30000.0,36.0,11.39,987.72,7.0,10.0,0.0,89000.0,2.0,4.0,22.36,12.0,0.0,25796.0,74.8,29.0,0.0,0.0,7.0,0.0,697.0,0.0,0.3370786516853932,0.4137931034482758,250.0,0.0,0.0,-1.0,0
10000.0,36.0,18.99,366.51,17.0,2.0,1.0,110000.0,1.0,0.0,21.09,6.0,0.0,49313.0,87.6,12.0,1.0,0.0,0.0,0.0,692.0,0.0,0.0909090909090909,0.5,206.0,0.0,0.0,-1.0,1
30000.0,36.0,15.99,1054.57,14.0,5.0,0.0,60000.0,2.0,2.0,20.34,6.0,0.0,18538.0,64.4,18.0,0.0,0.0,7.0,0.0,687.0,0.0,0.5,0.3333333333333333,193.0,0.0,0.0,-1.0,1
34984.95703125,36.0,18.99,1282.2305517578125,17.0,1.0,1.0,444204.125,1.0,0.0,9.124935531616211,18.0,0.0,30539.865234375,29.69156188964844,21.0,1.0,0.0,2.0,0.0,697.0,0.0,0.07875873049100238,0.8571428571428571,253.0,0.0,0.0,-1.0,1
35000.0,60.0,13.99,814.21,12.0,4.0,0.0,295000.0,2.0,4.0,14.52,13.0,0.0,66313.0,95.1,34.0,0.0,0.0,4.0,0.0,682.0,0.0,0.1186440677966101,0.3823529411764705,245.0,0.0,0.0,-1.0,0
15215.966796875,60.0,18.99,394.6263696289063,17.0,2.0,1.0,688881.4375,1.0,4.0,19.401167373657227,12.0,0.0,28337.041015625,45.30893325805664,19.0,0.0,0.0,1.0,0.0,697.0,0.0,0.02208793600400283,0.631578947368421,256.0,0.0,0.0,-1.0,0
20000.0,36.0,7.99,626.64,4.0,10.0,1.0,105000.0,1.0,8.0,7.83,5.0,0.0,13293.0,45.7,12.0,0.0,0.0,0.0,0.0,682.0,0.0,0.1904761904761904,0.4166666666666667,249.0,0.0,0.0,-1.0,0
20000.0,36.0,11.39,658.48,7.0,10.0,0.0,81000.0,0.0,0.0,22.28,12.0,0.0,18773.0,35.8,26.0,0.0,0.0,3.0,0.0,752.0,0.0,0.2469135802469135,0.4615384615384615,221.0,0.0,0.0,-1.0,0
7800.0,36.0,7.24,241.7,2.0,7.0,2.0,59000.0,2.0,0.0,12.0,6.0,0.0,13992.0,65.1,11.0,0.0,0.0,1.0,0.0,717.0,0.0,0.1322033898305084,0.5454545454545454,169.0,0.0,0.0,-1.0,0
19200.0,36.0,5.32,578.21,0.0,10.0,0.0,100000.0,0.0,4.0,22.27,21.0,0.0,3074.0,22.4,42.0,0.0,0.0,2.0,0.0,742.0,1.0,0.192,0.5,160.0,0.0,0.0,-1.0,0
15350.0,36.0,14.99,532.04,13.0,0.0,0.0,60000.0,0.0,4.0,30.12,20.0,1.0,18364.0,29.3,29.0,0.0,0.0,2.0,1.0,747.0,1.0,0.2558333333333333,0.6896551724137931,214.0,0.0046728971962616,0.0046728971962616,1.0,0
7500.0,36.0,14.99,259.96,13.0,9.0,2.0,136000.0,1.0,5.0,15.15,9.0,0.0,2337.0,73.0,24.0,0.0,0.0,8.0,0.0,692.0,1.0,0.0551470588235294,0.375,203.0,0.0,0.0,-1.0,0
3300.0,36.0,16.99,117.64,15.0,3.0,1.0,40000.0,2.0,0.0,33.18,12.0,0.0,9821.0,57.8,16.0,1.0,0.0,0.0,0.0,672.0,1.0,0.0825,0.75,79.0,0.0,0.0,-1.0,0
2100.0,36.0,7.24,65.08,2.0,9.0,0.0,85000.0,0.0,5.0,0.0,5.0,1.0,0.0,0.0,31.0,1.0,0.0,3.0,1.0,687.0,1.0,0.0247058823529411,0.1612903225806451,145.0,0.0068965517241379,0.0068965517241379,1.0,0
12000.0,60.0,16.99,298.17,15.0,10.0,0.0,78000.0,2.0,0.0,25.15,10.0,0.0,7502.0,28.0,19.0,0.0,0.0,2.0,0.0,702.0,1.0,0.1538461538461538,0.5263157894736842,158.0,0.0,0.0,-1.0,1
3929.780517578125,36.0,10.49,127.70956420898438,6.0,5.0,0.0,655860.25,1.0,0.0,57.89206893920898,9.0,0.0,184897.28125,8.571125030517578,19.0,0.0,0.0,3.0,0.0,747.0,1.0,0.005991800791687429,0.47368422464320536,203.0,0.0,0.0,-1.0,0
5600.0,36.0,13.49,190.02,11.0,4.0,1.0,135000.0,2.0,9.0,8.96,13.0,0.0,33189.0,84.6,33.0,0.0,0.0,2.0,0.0,667.0,1.0,0.0414814814814814,0.3939393939393939,317.0,0.0,0.0,-1.0,0
30000.0,60.0,13.49,690.15,11.0,3.0,0.0,133000.0,1.0,0.0,10.47,31.0,0.0,27113.0,74.1,65.0,0.0,0.0,1.0,0.0,692.0,1.0,0.225563909774436,0.4769230769230769,235.0,0.0,0.0,-1.0,0
8400.0,36.0,13.99,287.06,12.0,2.0,0.0,47000.0,1.0,3.0,5.06,11.0,0.0,4807.0,30.2,27.0,0.0,0.0,2.0,0.0,662.0,1.0,0.1787234042553191,0.4074074074074074,140.0,0.0,0.0,-1.0,0
17600.0,60.0,15.99,427.91,14.0,10.0,0.0,109000.0,2.0,0.0,15.64,9.0,0.0,5309.0,38.8,26.0,0.0,0.0,4.0,0.0,692.0,1.0,0.1614678899082569,0.3461538461538461,163.0,0.0,0.0,-1.0,1
12000.0,60.0,16.99,298.17,15.0,2.0,1.0,35000.0,2.0,0.0,16.53,7.0,0.0,7162.0,77.8,10.0,0.0,0.0,0.0,0.0,677.0,1.0,0.3428571428571428,0.7,46.0,0.0,0.0,-1.0,1
24000.0,36.0,26.24,970.05,24.0,10.0,1.0,89000.0,2.0,0.0,28.61,17.0,0.0,37870.0,80.6,24.0,1.0,0.0,0.0,0.0,662.0,1.0,0.2696629213483146,0.7083333333333334,371.0,0.0,0.0,-1.0,0
35000.0,36.0,15.99,1230.33,14.0,5.0,2.0,85000.0,2.0,5.0,25.14,14.0,0.0,11401.0,48.7,30.0,1.0,0.0,2.0,0.0,732.0,1.0,0.4117647058823529,0.4666666666666667,138.0,0.0,0.0,-1.0,1
1650.0,36.0,13.49,55.99,11.0,0.0,1.0,43000.0,1.0,5.0,19.51,14.0,0.0,17578.0,63.0,38.0,0.0,0.0,0.0,0.0,672.0,1.0,0.0383720930232558,0.3684210526315789,172.0,0.0,0.0,-1.0,0
14000.0,36.0,15.99,492.13,14.0,4.0,2.0,41418.4,1.0,2.0,25.82,20.0,0.0,6393.0,28.2,22.0,0.0,0.0,0.0,0.0,677.0,1.0,0.3380140227531725,0.9090909090909092,56.0,0.0,0.0,-1.0,1
7700.0,36.0,15.99,270.68,14.0,1.0,1.0,27447.22,2.0,4.0,18.63,5.0,0.0,7623.0,78.6,5.0,0.0,0.0,0.0,0.0,672.0,1.0,0.2805384297571848,1.0,41.0,0.0,0.0,-1.0,0
12000.0,36.0,17.99,433.77,16.0,10.0,1.0,50000.0,2.0,4.0,22.68,19.0,1.0,14203.0,40.9,37.0,0.0,0.0,0.0,1.0,662.0,1.0,0.24,0.5135135135135135,185.0,0.0054054054054054,0.0054054054054054,1.0,1
6400.0,36.0,15.99,224.98,14.0,0.0,1.0,50000.0,1.0,0.0,25.95,9.0,0.0,12780.0,79.4,16.0,0.0,0.0,0.0,0.0,682.0,1.0,0.128,0.5625,58.0,0.0,0.0,-1.0,0
20000.0,60.0,16.99,496.95,15.0,2.0,0.0,17000.0,2.0,6.0,10.52,7.0,0.0,3581.0,22.0,13.0,0.0,1.0,3.0,0.0,692.0,1.0,1.1764705882352942,0.5384615384615384,106.0,0.0,0.0,-1.0,0
2075.0,36.0,11.44,68.37,8.0,1.0,0.0,56150.0,2.0,2.0,28.26,11.0,0.0,21507.0,88.9,17.0,0.0,0.0,1.0,0.0,722.0,1.0,0.0369545859305431,0.6470588235294118,155.0,0.0,0.0,-1.0,0
34873.6796875,60.0,12.74,788.849892578125,10.0,10.0,0.0,586422.0,2.0,4.0,37.884262771606444,11.0,0.0,25028.421875,49.386348724365234,22.0,0.0,1.0,4.0,0.0,702.0,1.0,0.059468578394145155,0.5,206.0,0.0,0.0,-1.0,0
30000.0,36.0,5.32,903.45,0.0,10.0,0.0,335000.0,0.0,4.0,15.4,6.0,0.0,185.0,0.9,26.0,0.0,0.0,5.0,0.0,732.0,1.0,0.0895522388059701,0.2307692307692307,162.0,0.0,0.0,-1.0,0
28000.0,36.0,11.44,922.53,8.0,1.0,0.0,210000.0,2.0,0.0,33.67,22.0,0.0,134256.0,40.4,32.0,0.0,0.0,4.0,0.0,732.0,1.0,0.1333333333333333,0.6875,370.0,0.0,0.0,-1.0,0
8000.0,36.0,13.49,271.45,11.0,2.0,0.0,48000.0,1.0,2.0,4.08,4.0,1.0,3218.0,36.6,6.0,0.0,0.0,1.0,1.0,667.0,1.0,0.1666666666666666,0.6666666666666666,111.0,0.009009009009009,0.009009009009009,1.0,0
24000.0,60.0,15.99,583.51,14.0,5.0,0.0,109000.0,0.0,2.0,20.78,10.0,0.0,29891.0,84.4,19.0,0.0,0.0,1.0,0.0,712.0,1.0,0.2201834862385321,0.5263157894736842,274.0,0.0,0.0,-1.0,0
1800.0,36.0,5.32,54.21,0.0,10.0,0.0,52000.0,1.0,2.0,7.25,9.0,0.0,5215.0,31.0,25.0,0.0,0.0,3.0,0.0,787.0,1.0,0.0346153846153846,0.36,387.0,0.0,0.0,-1.0,0
35000.0,36.0,5.32,1054.02,0.0,2.0,0.0,300000.0,1.0,4.0,21.27,11.0,0.0,33248.0,40.2,37.0,0.0,0.0,1.0,0.0,782.0,1.0,0.1166666666666666,0.2972972972972973,188.0,0.0,0.0,-1.0,0
5000.0,36.0,11.49,164.86,9.0,2.0,1.0,95000.0,1.0,0.0,10.67,8.0,0.0,5393.0,65.8,24.0,0.0,0.0,0.0,0.0,697.0,1.0,0.0526315789473684,0.3333333333333333,221.0,0.0,0.0,-1.0,1
29925.0,36.0,13.49,1015.37,11.0,3.0,0.0,78800.0,1.0,0.0,24.87,12.0,0.0,50157.0,92.0,29.0,1.0,0.0,3.0,0.0,717.0,1.0,0.3797588832487309,0.4137931034482758,183.0,0.0,0.0,-1.0,0
7200.0,36.0,10.49,233.99,6.0,10.0,0.0,60000.0,2.0,4.0,14.96,8.0,0.0,8850.0,88.5,25.0,0.0,0.0,1.0,0.0,677.0,1.0,0.12,0.32,154.0,0.0,0.0,-1.0,0
22175.0,60.0,13.99,515.86,12.0,3.0,0.0,357410.0,2.0,4.0,11.31,10.0,0.0,55923.0,78.1,18.0,0.0,0.0,2.0,0.0,697.0,1.0,0.0620435913936375,0.5555555555555556,160.0,0.0,0.0,-1.0,0
15000.0,36.0,14.99,519.91,13.0,7.0,0.0,90000.0,2.0,0.0,34.79,16.0,0.0,56896.0,46.6,34.0,1.0,0.0,2.0,0.0,682.0,1.0,0.1666666666666666,0.4705882352941176,129.0,0.0,0.0,-1.0,1
35000.0,60.0,13.99,814.21,12.0,8.0,0.0,149330.0,1.0,0.0,9.46,18.0,0.0,9809.0,9.4,39.0,0.0,0.0,2.0,0.0,822.0,1.0,0.2343802317016005,0.4615384615384615,266.0,0.0,0.0,-1.0,0
12038.955078125,60.0,30.74,394.9910571289063,29.0,7.0,1.0,128938.140625,2.0,0.0,7.507922439575195,8.0,0.0,72261.7421875,20.374823760986327,11.0,0.0,0.0,1.0,0.0,712.0,1.0,0.09337000906467438,0.7272727489471436,53.0,0.0,0.0,-1.0,1
8000.0,36.0,11.49,263.78,9.0,3.0,1.0,34000.0,0.0,4.0,8.75,7.0,0.0,7803.0,30.2,10.0,0.0,0.0,0.0,0.0,692.0,1.0,0.2352941176470588,0.7,53.0,0.0,0.0,-1.0,0
34999.2265625,60.0,23.99,1006.6542431640624,21.0,10.0,2.0,23061.765625,0.0,0.0,29.70664878845215,13.0,0.0,88451.34375,71.09329071044922,25.0,0.0,0.0,2.0,0.0,702.0,1.0,1.5176295995712281,0.52,257.0,0.0,0.0,-1.0,0
10000.0,36.0,10.49,324.98,6.0,10.0,2.0,110000.0,1.0,7.0,13.8,12.0,0.0,23830.0,29.1,29.0,0.0,0.0,2.0,0.0,767.0,1.0,0.0909090909090909,0.4137931034482758,191.0,0.0,0.0,-1.0,0
5000.0,36.0,12.74,167.85,10.0,1.0,1.0,34000.0,1.0,0.0,17.12,9.0,0.0,6396.0,75.2,14.0,1.0,0.0,0.0,0.0,687.0,1.0,0.1470588235294117,0.6428571428571429,103.0,0.0,0.0,-1.0,0
7045.76123046875,36.0,7.99,220.75652893066408,4.0,10.0,1.0,648789.625,1.0,4.0,11.226036491394044,12.0,0.0,185407.59375,27.586094284057616,27.0,0.0,0.0,3.0,0.0,717.0,1.0,0.010859840348655087,0.44444446682929994,134.0,0.0,0.0,-1.0,0
12800.0,60.0,15.99,311.21,14.0,10.0,0.0,90000.0,0.0,0.0,14.97,16.0,0.0,7048.0,20.7,34.0,0.0,0.0,1.0,0.0,692.0,1.0,0.1422222222222222,0.4705882352941176,196.0,0.0,0.0,-1.0,0
12000.0,36.0,16.99,427.78,15.0,3.0,1.0,60000.0,2.0,0.0,24.98,8.0,0.0,11749.0,82.7,12.0,0.0,0.0,0.0,0.0,697.0,1.0,0.2,0.6666666666666666,92.0,0.0,0.0,-1.0,0
3952.054443359375,36.0,13.99,135.05287475585936,12.0,10.0,1.0,761252.4375,0.0,0.0,63.75046600341797,18.0,0.0,27298.052734375,118.56558227539062,25.0,1.0,0.0,3.0,0.0,672.0,1.0,0.005191516073850447,0.72,246.0,0.0,0.0,-1.0,0
12000.0,36.0,13.99,410.08,12.0,0.0,0.0,42000.0,2.0,0.0,31.51,20.0,2.0,9547.0,50.0,24.0,1.0,0.0,2.0,0.0,662.0,1.0,0.2857142857142857,0.8333333333333334,261.0,0.0076628352490421,0.0,0.0,1
4739.119140625,36.0,8.24,149.03152770996093,5.0,0.0,0.0,688131.0625,1.0,1.0,10.075538063049315,9.0,0.0,152093.484375,19.852781295776367,15.0,1.0,0.0,2.0,0.0,687.0,1.0,0.006886941194534299,0.6000000238418579,126.0,0.0,0.0,-1.0,1
21010.849609375,36.0,14.99,728.2434741210938,13.0,1.0,0.0,276260.1875,1.0,4.0,0.1341248703002922,11.0,0.0,218195.40625,99.2721664428711,19.0,1.0,0.0,2.0,0.0,682.0,1.0,0.07605456778636341,0.5789473684210527,140.0,0.0,0.0,-1.0,0
9000.0,36.0,14.99,311.95,13.0,6.0,1.0,34500.0,0.0,4.0,33.32,9.0,0.0,9392.0,78.3,16.0,0.0,0.0,0.0,0.0,717.0,1.0,0.2608695652173913,0.5625,126.0,0.0,0.0,-1.0,0
5000.0,36.0,18.99,183.26,17.0,5.0,2.0,150000.0,1.0,5.0,11.86,11.0,0.0,5723.0,63.0,31.0,0.0,0.0,1.0,0.0,687.0,1.0,0.0333333333333333,0.3548387096774194,134.0,0.0,0.0,-1.0,0
10000.0,60.0,12.74,226.21,10.0,2.0,0.0,102000.0,0.0,5.0,10.65,8.0,1.0,2057.0,7.9,21.0,0.0,0.0,0.0,1.0,677.0,1.0,0.0980392156862745,0.3809523809523809,233.0,0.0042918454935622,0.0042918454935622,1.0,0
8000.0,36.0,13.99,273.39,12.0,10.0,1.0,42000.0,0.0,4.0,20.8,9.0,0.0,25538.0,68.5,20.0,0.0,0.0,1.0,0.0,667.0,1.0,0.1904761904761904,0.45,525.0,0.0,0.0,-1.0,1
17450.0,36.0,14.99,604.83,13.0,10.0,1.0,48000.0,2.0,4.0,23.45,10.0,0.0,6554.0,72.8,17.0,1.0,0.0,0.0,0.0,667.0,1.0,0.3635416666666666,0.5882352941176471,125.0,0.0,0.0,-1.0,0
21122.15625,60.0,15.99,513.5382006835937,14.0,2.0,2.0,720644.1875,2.0,0.0,36.48899925231933,7.0,0.0,254751.265625,9.536743128535363e-08,16.0,0.0,0.0,1.0,0.0,672.0,2.0,0.029310117926453494,0.4375,195.0,0.0,0.0,-1.0,1
39894.5703125,36.0,15.99,1402.379794921875,14.0,10.0,0.0,278139.375,2.0,0.0,51.23661712646484,15.0,0.0,63313.1015625,89.74844818115234,40.0,0.0,0.0,1.0,0.0,687.0,2.0,0.14343371845427005,0.375,149.0,0.0,0.0,-1.0,0
14011.0791015625,36.0,12.74,470.33611938476565,10.0,2.0,0.0,603397.8125,0.0,0.0,44.217570800781246,14.0,1.0,68144.3828125,20.592168045043948,28.0,1.0,0.0,3.0,1.0,722.0,2.0,0.023220308125019073,0.4999999724901639,162.0,0.0061728395061728,0.0061728395061728,1.0,0
35000.0,36.0,14.99,1213.12,13.0,10.0,0.0,90000.0,2.0,2.0,10.84,11.0,0.0,0.0,0.0,23.0,0.0,0.0,3.0,0.0,707.0,2.0,0.3888888888888889,0.4782608695652174,178.0,0.0,0.0,-1.0,0
30000.0,60.0,25.49,889.18,23.0,5.0,0.0,60000.0,2.0,0.0,29.14,16.0,0.0,35713.0,59.3,22.0,1.0,0.0,2.0,0.0,697.0,2.0,0.5,0.7272727272727273,162.0,0.0,0.0,-1.0,1
10000.0,36.0,17.99,361.48,16.0,2.0,1.0,95000.0,0.0,0.0,32.39,23.0,0.0,72729.0,73.3,36.0,1.0,0.0,3.0,0.0,672.0,2.0,0.1052631578947368,0.6388888888888888,279.0,0.0,0.0,-1.0,0
10000.0,60.0,15.99,243.13,14.0,5.0,0.0,251000.0,1.0,5.0,14.19,18.0,2.0,8233.0,20.1,31.0,0.0,0.0,1.0,1.0,687.0,2.0,0.0398406374501992,0.5806451612903226,199.0,0.0100502512562814,0.0050251256281407,0.5,0
35000.0,60.0,16.99,869.66,15.0,9.0,0.0,73636.0,2.0,0.0,23.42,6.0,0.0,18613.0,92.6,21.0,0.0,0.0,3.0,0.0,672.0,2.0,0.4753109891900701,0.2857142857142857,178.0,0.0,0.0,-1.0,0
8400.0,36.0,7.99,263.19,4.0,10.0,2.0,48000.0,2.0,3.0,12.95,11.0,0.0,2536.0,4.4,18.0,1.0,0.0,1.0,0.0,847.5,2.0,0.175,0.6111111111111112,304.0,0.0,0.0,-1.0,0
35000.0,36.0,11.39,1152.34,7.0,2.0,1.0,90000.0,2.0,4.0,24.96,8.0,0.0,42323.0,66.2,23.0,0.0,0.0,0.0,0.0,672.0,2.0,0.3888888888888889,0.3478260869565217,193.0,0.0,0.0,-1.0,0
14000.0,60.0,18.99,363.1,17.0,5.0,0.0,52000.0,1.0,0.0,21.53,14.0,1.0,15460.0,54.0,33.0,0.0,0.0,6.0,0.0,672.0,2.0,0.2692307692307692,0.4242424242424242,301.0,0.0033222591362126,0.0,0.0,0
8000.0,36.0,5.32,240.92,0.0,2.0,0.0,113000.0,0.0,0.0,22.97,10.0,0.0,174130.0,36.1,13.0,0.0,0.0,1.0,0.0,767.0,2.0,0.0707964601769911,0.7692307692307693,219.0,0.0,0.0,-1.0,0
9500.0,36.0,11.39,312.78,7.0,10.0,1.0,65000.0,0.0,4.0,9.58,15.0,1.0,12529.0,27.7,29.0,1.0,0.0,0.0,1.0,677.0,2.0,0.1461538461538461,0.5172413793103449,437.0,0.0022883295194508,0.0022883295194508,1.0,0
10000.0,36.0,11.49,329.72,9.0,4.0,0.0,31512.0,1.0,4.0,22.35,7.0,1.0,7918.0,81.6,19.0,0.0,1.0,1.0,1.0,672.0,2.0,0.3173394262503173,0.3684210526315789,344.0,0.002906976744186,0.002906976744186,1.0,0
25000.0,36.0,8.24,786.19,5.0,6.0,0.0,140000.0,2.0,4.0,23.14,9.0,0.0,27267.0,83.0,27.0,0.0,0.0,11.0,0.0,692.0,2.0,0.1785714285714285,0.3333333333333333,231.0,0.0,0.0,-1.0,0
3600.0,36.0,7.24,111.56,2.0,10.0,1.0,36000.0,1.0,0.0,26.2,9.0,0.0,1688.0,11.7,34.0,1.0,0.0,2.0,0.0,702.0,2.0,0.1,0.2647058823529412,126.0,0.0,0.0,-1.0,0
12500.0,60.0,14.99,297.31,13.0,10.0,1.0,65000.0,0.0,0.0,12.61,9.0,0.0,17117.0,50.8,25.0,0.0,0.0,0.0,0.0,692.0,2.0,0.1923076923076923,0.36,239.0,0.0,0.0,-1.0,0
2504.31591796875,36.0,13.49,84.97251678466797,11.0,2.0,1.0,390497.875,2.0,5.0,60.58029998779297,16.0,0.0,80397.03125,26.373462677001953,30.0,0.0,0.0,1.0,0.0,702.0,2.0,0.006413134359396333,0.5333333849906922,124.0,0.0,0.0,-1.0,1
10000.0,36.0,16.99,356.48,15.0,5.0,1.0,40000.0,0.0,4.0,5.4,5.0,0.0,6104.0,53.1,7.0,1.0,0.0,0.0,0.0,682.0,2.0,0.25,0.7142857142857143,54.0,0.0,0.0,-1.0,0
3000.0,36.0,8.24,94.35,5.0,0.0,1.0,50000.0,0.0,0.0,26.09,18.0,0.0,2535.0,13.9,21.0,0.0,0.0,0.0,0.0,752.0,2.0,0.06,0.8571428571428571,112.0,0.0,0.0,-1.0,0
17000.0,60.0,13.99,395.48,12.0,4.0,0.0,108000.0,2.0,0.0,28.33,24.0,0.0,32869.0,41.8,48.0,0.0,0.0,3.0,0.0,702.0,2.0,0.1574074074074074,0.5,158.0,0.0,0.0,-1.0,0
20500.0,60.0,15.99,498.42,14.0,10.0,1.0,105000.0,0.0,0.0,30.64,23.0,1.0,17078.0,38.1,47.0,0.0,0.0,0.0,1.0,682.0,2.0,0.1952380952380952,0.4893617021276595,337.0,0.0029673590504451,0.0029673590504451,1.0,1
7500.0,36.0,5.32,225.87,0.0,6.0,0.0,190000.0,1.0,2.0,12.01,13.0,1.0,15723.0,37.9,27.0,0.0,0.0,3.0,1.0,742.0,2.0,0.0394736842105263,0.4814814814814814,304.0,0.0032894736842105,0.0032894736842105,1.0,0
4000.0,36.0,10.49,130.0,6.0,10.0,0.0,90000.0,1.0,2.0,11.83,7.0,1.0,1796.0,10.1,20.0,0.0,0.0,2.0,1.0,687.0,2.0,0.0444444444444444,0.35,191.0,0.0052356020942408,0.0052356020942408,1.0,0
12000.0,36.0,8.24,377.37,5.0,6.0,0.0,35000.0,0.0,0.0,18.42,11.0,0.0,10358.0,29.9,19.0,0.0,0.0,2.0,0.0,732.0,2.0,0.3428571428571428,0.5789473684210527,68.0,0.0,0.0,-1.0,0
10000.0,60.0,15.99,243.13,14.0,10.0,1.0,36000.0,2.0,0.0,21.4,7.0,0.0,6234.0,61.7,14.0,0.0,0.0,0.0,0.0,667.0,2.0,0.2777777777777778,0.5,162.0,0.0,0.0,-1.0,0
32000.0,60.0,11.49,703.61,9.0,10.0,0.0,141428.0,2.0,0.0,32.25,19.0,0.0,73622.0,86.0,38.0,0.0,0.0,2.0,0.0,692.0,2.0,0.2262635404587493,0.5,383.0,0.0,0.0,-1.0,0
11000.0,36.0,11.44,362.43,8.0,2.0,0.0,86000.0,1.0,0.0,26.37,10.0,0.0,3825.0,21.6,19.0,0.0,0.0,2.0,0.0,697.0,2.0,0.127906976744186,0.5263157894736842,124.0,0.0,0.0,-1.0,0
12800.0,60.0,13.99,297.77,12.0,8.0,0.0,68000.0,0.0,0.0,26.49,17.0,0.0,13016.0,58.6,49.0,0.0,0.0,1.0,0.0,687.0,2.0,0.188235294117647,0.3469387755102041,223.0,0.0,0.0,-1.0,0
4000.0,36.0,5.32,120.46,0.0,3.0,1.0,50000.0,1.0,0.0,10.75,4.0,0.0,12404.0,36.9,14.0,1.0,0.0,0.0,0.0,712.0,2.0,0.08,0.2857142857142857,123.0,0.0,0.0,-1.0,0
12000.0,36.0,8.24,377.37,5.0,10.0,0.0,67600.0,1.0,0.0,14.27,10.0,0.0,12973.0,40.5,12.0,1.0,0.0,1.0,0.0,732.0,2.0,0.1775147928994082,0.8333333333333334,264.0,0.0,0.0,-1.0,0
19900.0,60.0,30.79,653.53,30.0,10.0,2.0,52000.0,2.0,2.0,12.51,14.0,1.0,12577.0,37.7,20.0,0.0,0.0,0.0,1.0,672.0,2.0,0.3826923076923076,0.7,139.0,0.0071942446043165,0.0071942446043165,1.0,0
24950.0,60.0,11.49,548.6,9.0,10.0,0.0,102000.0,2.0,4.0,28.41,15.0,0.0,49904.0,80.5,32.0,0.0,0.0,4.0,0.0,687.0,2.0,0.2446078431372549,0.46875,252.0,0.0,0.0,-1.0,0
6000.0,36.0,5.32,180.69,0.0,10.0,2.0,50000.0,2.0,7.0,24.7,10.0,0.0,5186.0,15.9,28.0,0.0,0.0,2.0,0.0,757.0,2.0,0.12,0.3571428571428571,428.0,0.0,0.0,-1.0,0
6000.0,36.0,13.49,203.59,11.0,10.0,2.0,57200.0,2.0,0.0,15.24,12.0,0.0,19749.0,57.9,30.0,0.0,0.0,0.0,0.0,672.0,2.0,0.1048951048951049,0.4,309.0,0.0,0.0,-1.0,1
13050.0,36.0,7.99,408.88,4.0,10.0,0.0,80000.0,1.0,0.0,32.88,19.0,0.0,24005.0,51.4,50.0,0.0,0.0,4.0,0.0,717.0,2.0,0.163125,0.38,193.0,0.0,0.0,-1.0,0
14663.09375,36.0,11.49,483.4601477050781,9.0,2.0,0.0,679551.375,1.0,4.0,17.97733856201172,12.0,1.0,274013.90625,38.720394134521484,31.0,0.0,0.0,0.0,1.0,662.0,2.0,0.02157761180987114,0.3870967492975037,126.0,0.0079365079365079,0.0079365079365079,1.0,1
3600.0,36.0,19.99,133.78,18.0,2.0,2.0,27000.0,2.0,0.0,17.73,9.0,0.0,1319.0,40.0,10.0,0.0,0.0,0.0,0.0,682.0,2.0,0.1333333333333333,0.9,37.0,0.0,0.0,-1.0,1
2000.0,36.0,15.99,70.31,14.0,0.0,2.0,20000.0,1.0,4.0,7.36,2.0,0.0,3590.0,65.3,4.0,0.0,0.0,0.0,0.0,712.0,2.0,0.1,0.5,68.0,0.0,0.0,-1.0,1
20000.0,60.0,11.49,439.76,9.0,0.0,0.0,93500.0,0.0,0.0,17.55,7.0,1.0,1269.0,12.9,16.0,0.0,1.0,1.0,0.0,717.0,2.0,0.213903743315508,0.4375,270.0,0.0037037037037037,0.0,0.0,0
4800.0,36.0,10.49,155.99,6.0,10.0,0.0,127000.0,1.0,2.0,12.71,11.0,1.0,2560.0,10.8,22.0,0.0,0.0,4.0,1.0,667.0,2.0,0.0377952755905511,0.5,187.0,0.0053475935828877,0.0053475935828877,1.0,0
24000.0,60.0,16.99,596.34,15.0,3.0,2.0,65000.0,1.0,0.0,18.45,9.0,0.0,9715.0,54.0,15.0,0.0,0.0,0.0,0.0,672.0,2.0,0.3692307692307692,0.6,208.0,0.0,0.0,-1.0,1
30000.0,60.0,14.99,713.55,13.0,3.0,0.0,128000.0,1.0,4.0,14.74,19.0,0.0,38155.0,76.8,45.0,0.0,0.0,3.0,0.0,682.0,2.0,0.234375,0.4222222222222222,237.0,0.0,0.0,-1.0,1
28000.0,60.0,30.99,923.0,34.0,10.0,1.0,87000.0,2.0,0.0,27.01,9.0,0.0,42853.0,93.2,14.0,0.0,0.0,3.0,0.0,672.0,2.0,0.3218390804597701,0.6428571428571429,224.0,0.0,0.0,-1.0,1
16800.0,36.0,8.24,528.32,5.0,9.0,0.0,45000.0,0.0,4.0,24.99,13.0,0.0,13580.0,41.4,18.0,0.0,0.0,2.0,0.0,702.0,2.0,0.3733333333333333,0.7222222222222222,121.0,0.0,0.0,-1.0,0
17895.955078125,36.0,15.99,629.0811865234375,14.0,3.0,1.0,393340.84375,1.0,4.0,23.255453186035155,18.0,0.0,121221.6640625,55.168975830078125,25.0,1.0,0.0,0.0,0.0,667.0,2.0,0.04549732208251955,0.72,107.0,0.0,0.0,-1.0,1
6310.86181640625,36.0,13.49,214.13026062011718,11.0,2.0,1.0,439143.09375,2.0,5.0,13.75944263458252,32.0,0.0,36650.109375,46.72261047363281,62.0,0.0,0.0,2.0,0.0,667.0,2.0,0.014370851453981842,0.5161289726534197,141.0,0.0,0.0,-1.0,1
8771.2060546875,36.0,18.99,321.47270141601564,17.0,10.0,2.0,670462.0625,2.0,0.0,20.680744705200194,24.0,0.0,43530.65625,25.167807006835936,36.0,1.0,0.0,3.0,0.0,682.0,2.0,0.013082322533999574,0.6666666666666666,233.0,0.0,0.0,-1.0,0
38287.9609375,60.0,30.49,1250.2930078125,28.0,10.0,2.0,50567.25,2.0,0.0,53.826713714599606,36.0,0.0,212395.203125,37.410271072387694,88.0,0.0,0.0,5.0,0.0,717.0,2.0,0.7571691151098772,0.4090909090909091,384.0,0.0,0.0,-1.0,0
20000.0,36.0,22.74,771.49,20.0,3.0,0.0,60000.0,1.0,0.0,22.04,10.0,0.0,16926.0,89.1,15.0,1.0,0.0,3.0,0.0,682.0,2.0,0.3333333333333333,0.6666666666666666,221.0,0.0,0.0,-1.0,0
10856.68359375,36.0,11.39,357.44187744140623,7.0,1.0,0.0,290078.28125,1.0,0.0,9.452744331359863,15.0,0.0,34824.59375,33.92180252075195,23.0,1.0,0.0,0.0,0.0,707.0,2.0,0.03742672762233912,0.6521739130434783,545.0,0.0,0.0,-1.0,0
3700.0,36.0,11.44,121.91,8.0,1.0,1.0,50000.0,1.0,4.0,15.55,11.0,0.0,4254.0,11.9,14.0,0.0,0.0,0.0,0.0,747.0,2.0,0.074,0.7857142857142857,70.0,0.0,0.0,-1.0,0
1442.7584228515625,36.0,10.49,46.886600494384766,6.0,10.0,0.0,1239808.875,1.0,5.0,-0.7454963684082045,18.0,0.0,168601.125,19.814948654174806,33.0,0.0,0.0,4.0,0.0,702.0,2.0,0.0011636927014305395,0.5454545454545454,143.0,0.0,0.0,-1.0,0
11955.349609375,60.0,12.74,270.43248291015624,10.0,10.0,1.0,101123.6875,0.0,0.0,27.140063858032228,12.0,2.0,0.0,33.36463088989258,35.0,0.0,0.0,2.0,0.0,697.0,2.0,0.1182250127196312,0.34285714228947956,283.0,0.0070671378091872,0.0,0.0,0
15101.6162109375,36.0,6.99,466.2287939453125,1.0,10.0,1.0,244419.828125,1.0,4.0,30.692672424316406,10.0,0.0,54656.359375,54.75416717529297,23.0,0.0,0.0,2.0,0.0,687.0,2.0,0.061785559528149,0.4347826086956521,156.0,0.0,0.0,-1.0,0
32000.0,36.0,22.74,1234.38,20.0,8.0,2.0,281000.0,2.0,0.0,27.73,15.0,1.0,157389.0,30.9,42.0,1.0,0.0,0.0,0.0,727.0,2.0,0.1138790035587188,0.3571428571428571,155.0,0.0064516129032258,0.0,0.0,1
18300.0,36.0,16.99,652.36,15.0,10.0,0.0,70000.0,0.0,0.0,25.7,15.0,0.0,18024.0,29.7,37.0,1.0,0.0,1.0,0.0,707.0,3.0,0.2614285714285714,0.4054054054054054,201.0,0.0,0.0,-1.0,0
3200.0,36.0,10.49,104.0,6.0,2.0,1.0,113000.0,1.0,4.0,13.17,20.0,0.0,13518.0,36.5,33.0,0.0,0.0,0.0,0.0,692.0,3.0,0.0283185840707964,0.6060606060606061,103.0,0.0,0.0,-1.0,0
13500.0,60.0,30.74,442.93,29.0,10.0,1.0,53100.0,2.0,0.0,30.03,13.0,0.0,10857.0,77.0,25.0,1.0,0.0,1.0,0.0,662.0,3.0,0.2542372881355932,0.52,228.0,0.0,0.0,-1.0,1
10000.0,36.0,19.99,371.59,18.0,5.0,1.0,47000.0,0.0,5.0,27.9,14.0,0.0,9994.0,72.9,23.0,1.0,0.0,0.0,0.0,682.0,3.0,0.2127659574468085,0.6086956521739131,338.0,0.0,0.0,-1.0,0
21875.0,36.0,15.99,768.96,14.0,1.0,0.0,90000.0,0.0,0.0,9.8,14.0,0.0,5326.0,16.9,33.0,0.0,0.0,2.0,0.0,762.0,3.0,0.2430555555555555,0.4242424242424242,214.0,0.0,0.0,-1.0,0
20025.0,60.0,22.74,561.53,20.0,1.0,0.0,70000.0,2.0,0.0,17.73,21.0,1.0,22026.0,29.9,35.0,0.0,0.0,3.0,1.0,712.0,3.0,0.2860714285714286,0.6,113.0,0.0088495575221238,0.0088495575221238,1.0,0
35000.0,60.0,18.99,907.73,17.0,3.0,0.0,107000.0,2.0,0.0,2.99,7.0,1.0,57562.0,22.9,26.0,0.0,0.0,5.0,1.0,667.0,3.0,0.3271028037383177,0.2692307692307692,245.0,0.0040816326530612,0.0040816326530612,1.0,0
7350.0,36.0,28.69,306.77,25.0,10.0,1.0,80000.0,1.0,0.0,11.4,13.0,2.0,19508.0,57.5,14.0,1.0,0.0,1.0,1.0,687.0,3.0,0.091875,0.9285714285714286,151.0,0.0132450331125827,0.0066225165562913,0.5,0
35000.0,36.0,15.99,1230.33,14.0,1.0,0.0,114000.0,2.0,0.0,27.56,21.0,0.0,36873.0,66.8,54.0,0.0,0.0,2.0,0.0,697.0,3.0,0.3070175438596491,0.3888888888888889,224.0,0.0,0.0,-1.0,1
13500.0,36.0,8.24,424.54,5.0,10.0,2.0,54000.0,0.0,0.0,13.11,7.0,2.0,9302.0,35.6,13.0,0.0,0.0,1.0,0.0,722.0,3.0,0.25,0.5384615384615384,233.0,0.0085836909871244,0.0,0.0,0
7701.537109375,36.0,13.49,261.316455078125,11.0,1.0,1.0,809610.6875,2.0,0.0,44.92635398864746,25.0,1.0,193514.390625,72.27929000854492,33.0,1.0,0.0,2.0,1.0,672.0,3.0,0.009512635857363061,0.7575757445827607,182.0,0.0054945054945054,0.0054945054945054,1.0,0
20000.0,36.0,13.99,683.46,12.0,4.0,1.0,86000.0,1.0,0.0,14.97,19.0,0.0,27951.0,73.0,28.0,0.0,0.0,1.0,0.0,667.0,3.0,0.2325581395348837,0.6785714285714286,326.0,0.0,0.0,-1.0,1
28000.0,60.0,14.99,665.98,13.0,10.0,0.0,86000.0,2.0,0.0,28.2,19.0,0.0,8723.0,19.0,30.0,0.0,0.0,1.0,0.0,717.0,3.0,0.3255813953488372,0.6333333333333333,213.0,0.0,0.0,-1.0,1
23225.0,36.0,7.99,727.68,4.0,9.0,1.0,132000.0,2.0,0.0,8.08,10.0,0.0,20668.0,36.7,30.0,0.0,0.0,0.0,0.0,697.0,3.0,0.1759469696969696,0.3333333333333333,225.0,0.0,0.0,-1.0,0
16000.0,36.0,5.32,481.84,0.0,1.0,0.0,140000.0,0.0,4.0,14.06,18.0,0.0,28301.0,24.4,37.0,0.0,0.0,1.0,0.0,762.0,3.0,0.1142857142857142,0.4864864864864865,193.0,0.0,0.0,-1.0,0
14349.08984375,36.0,8.24,451.23718627929685,5.0,2.0,0.0,212440.859375,1.0,0.0,45.28854385375976,19.0,0.0,29662.298828125,50.00444717407227,32.0,0.0,0.0,1.0,0.0,712.0,3.0,0.06754391473531723,0.59375,117.0,0.0,0.0,-1.0,0
4200.0,36.0,15.99,147.64,14.0,0.0,0.0,45600.0,2.0,5.0,16.58,14.0,0.0,26285.0,45.0,42.0,1.0,0.0,4.0,0.0,682.0,3.0,0.0921052631578947,0.3333333333333333,217.0,0.0,0.0,-1.0,0
23997.625,60.0,25.49,711.2725463867188,23.0,10.0,0.0,389135.96875,1.0,0.0,5.418627929687499,11.0,0.0,86437.4296875,47.38286819458008,34.0,0.0,0.0,3.0,0.0,712.0,3.0,0.06166898058010983,0.3235294117647059,131.0,0.0,0.0,-1.0,1
12000.0,36.0,14.99,415.93,13.0,6.0,1.0,37000.0,2.0,0.0,27.34,18.0,1.0,7575.0,27.2,40.0,1.0,0.0,0.0,1.0,682.0,3.0,0.3243243243243243,0.45,148.0,0.0067567567567567,0.0067567567567567,1.0,0
7310.60595703125,36.0,18.99,267.94035400390624,17.0,10.0,1.0,188754.734375,0.0,4.0,24.21552490234375,9.0,0.0,31597.146484375,28.311155319213867,22.0,1.0,0.0,3.0,0.0,682.0,3.0,0.038730716982553176,0.40909090638160706,179.0,0.0,0.0,-1.0,0
7000.0,36.0,12.74,234.99,10.0,10.0,0.0,50000.0,0.0,4.0,33.37,12.0,1.0,10746.0,65.5,30.0,0.0,0.0,7.0,1.0,687.0,3.0,0.14,0.4,130.0,0.0076923076923076,0.0076923076923076,1.0,0
7800.0,36.0,11.49,257.18,9.0,7.0,1.0,37000.0,1.0,0.0,6.88,11.0,1.0,15116.0,25.9,13.0,0.0,0.0,0.0,0.0,702.0,3.0,0.2108108108108108,0.8461538461538461,166.0,0.0060240963855421,0.0,0.0,0
27600.0,36.0,25.49,1104.54,23.0,10.0,0.0,79200.0,2.0,1.0,25.03,9.0,5.0,6094.0,29.9,15.0,1.0,0.0,2.0,0.0,707.0,3.0,0.3484848484848485,0.6,163.0,0.0306748466257668,0.0,0.0,0
7840.28076171875,36.0,19.99,291.3333544921875,18.0,1.0,1.0,484574.4375,1.0,0.0,11.376425819396971,10.0,0.0,138330.5,68.38503875732422,15.0,1.0,0.0,2.0,0.0,677.0,3.0,0.016179696718851666,0.6666666619917926,96.0,0.0,0.0,-1.0,1
8000.0,36.0,13.49,271.45,11.0,10.0,1.0,95000.0,2.0,10.0,13.01,10.0,0.0,22114.0,60.1,29.0,1.0,0.0,4.0,0.0,727.0,3.0,0.0842105263157894,0.3448275862068966,429.0,0.0,0.0,-1.0,0
15000.0,36.0,7.49,466.53,3.0,10.0,0.0,200000.0,1.0,4.0,8.14,9.0,1.0,3749.0,19.2,24.0,0.0,0.0,4.0,1.0,762.0,3.0,0.075,0.375,320.0,0.003125,0.003125,1.0,0
10000.0,36.0,5.32,301.15,0.0,1.0,0.0,165000.0,0.0,2.0,4.2,7.0,0.0,2271.0,6.7,21.0,1.0,0.0,4.0,0.0,807.0,3.0,0.0606060606060606,0.3333333333333333,206.0,0.0,0.0,-1.0,0
25000.0,60.0,14.99,594.62,13.0,10.0,1.0,125000.0,0.0,2.0,16.69,11.0,1.0,3988.0,25.2,33.0,0.0,0.0,1.0,1.0,707.0,3.0,0.2,0.3333333333333333,193.0,0.005181347150259,0.005181347150259,1.0,0
7000.0,36.0,14.99,242.63,13.0,0.0,1.0,35600.0,1.0,5.0,22.39,11.0,0.0,5796.0,59.1,11.0,0.0,0.0,0.0,0.0,717.0,3.0,0.196629213483146,1.0,100.0,0.0,0.0,-1.0,1
4000.0,36.0,12.74,134.28,10.0,0.0,1.0,50000.0,1.0,2.0,17.23,8.0,0.0,4691.0,67.0,11.0,0.0,0.0,0.0,0.0,667.0,3.0,0.08,0.7272727272727273,39.0,0.0,0.0,-1.0,0
10800.0,36.0,13.49,366.45,11.0,10.0,0.0,85000.0,0.0,0.0,8.3,11.0,0.0,11031.0,47.3,40.0,1.0,0.0,2.0,0.0,697.0,3.0,0.1270588235294117,0.275,232.0,0.0,0.0,-1.0,0
19989.919921875,36.0,5.32,601.9993408203125,0.0,0.0,0.0,282866.25,0.0,4.0,67.23661560058594,8.0,0.0,368750.40625,86.21341094970703,20.0,0.0,0.0,2.0,0.0,722.0,3.0,0.07066916063349081,0.40000000420738663,99.0,0.0,0.0,-1.0,0
24300.0,36.0,7.99,761.37,4.0,6.0,1.0,95000.0,0.0,0.0,24.71,20.0,0.0,7731.0,11.3,38.0,1.0,0.0,0.0,0.0,792.0,3.0,0.2557894736842105,0.5263157894736842,163.0,0.0,0.0,-1.0,0
30200.0,36.0,11.39,994.3,7.0,10.0,1.0,90000.0,0.0,0.0,24.6,11.0,0.0,29570.0,53.1,29.0,0.0,0.0,3.0,0.0,727.0,3.0,0.3355555555555555,0.3793103448275862,284.0,0.0,0.0,-1.0,1
12000.0,36.0,10.49,389.98,6.0,4.0,0.0,48500.0,0.0,4.0,23.41,14.0,0.0,9329.0,58.3,18.0,0.0,0.0,1.0,0.0,697.0,3.0,0.2474226804123711,0.7777777777777778,91.0,0.0,0.0,-1.0,0
25000.0,60.0,28.69,788.84,25.0,2.0,1.0,55600.0,1.0,0.0,17.23,10.0,0.0,19499.0,55.9,13.0,1.0,0.0,0.0,0.0,682.0,3.0,0.4496402877697841,0.7692307692307693,168.0,0.0,0.0,-1.0,0
20000.0,60.0,18.99,518.71,17.0,0.0,0.0,44200.0,0.0,4.0,31.96,14.0,0.0,26064.0,84.9,22.0,0.0,1.0,1.0,0.0,707.0,3.0,0.4524886877828054,0.6363636363636364,106.0,0.0,0.0,-1.0,0
9881.291015625,36.0,8.24,310.73787353515627,5.0,4.0,0.0,628035.125,0.0,2.0,14.212770233154298,7.0,0.0,177662.09375,19.589012908935544,17.0,1.0,0.0,1.0,0.0,762.0,3.0,0.015733657611740948,0.4117646833260854,272.0,0.0,0.0,-1.0,0
9600.0,36.0,6.99,296.38,1.0,10.0,0.0,92144.0,0.0,4.0,4.81,8.0,0.0,11070.0,37.7,32.0,0.0,0.0,6.0,0.0,742.0,3.0,0.1041847542976211,0.25,156.0,0.0,0.0,-1.0,0
6225.0,36.0,26.24,251.61,24.0,5.0,0.0,36398.0,2.0,0.0,25.61,8.0,0.0,12433.0,38.5,14.0,1.0,0.0,1.0,0.0,672.0,3.0,0.1710258805428869,0.5714285714285714,132.0,0.0,0.0,-1.0,0
9000.0,36.0,11.44,296.53,8.0,3.0,0.0,125000.0,0.0,2.0,14.53,9.0,0.0,16424.0,38.6,24.0,0.0,0.0,3.0,0.0,712.0,3.0,0.072,0.375,246.0,0.0,0.0,-1.0,0
15000.0,36.0,7.24,464.81,2.0,0.0,0.0,125000.0,2.0,4.0,3.19,4.0,0.0,17025.0,58.7,16.0,0.0,0.0,1.0,0.0,717.0,3.0,0.12,0.25,159.0,0.0,0.0,-1.0,0
9430.634765625,36.0,28.69,393.608408203125,25.0,10.0,0.0,464307.375,2.0,4.0,43.6486092376709,18.0,0.0,84742.6640625,93.37872467041015,25.0,1.0,0.0,2.0,0.0,697.0,3.0,0.020311184048652647,0.72,177.0,0.0,0.0,-1.0,0
28000.0,36.0,16.99,998.14,15.0,2.0,1.0,60000.0,0.0,0.0,24.78,14.0,1.0,31802.0,70.0,28.0,1.0,0.0,0.0,0.0,667.0,3.0,0.4666666666666667,0.5,147.0,0.0068027210884353,0.0,0.0,0
2635.9619140625,36.0,11.39,86.78554016113281,7.0,1.0,0.0,455331.3125,0.0,7.0,27.38272819519043,23.0,1.0,200766.0,40.054691314697266,40.0,0.0,0.0,3.0,1.0,667.0,3.0,0.005789108276993214,0.575,131.0,0.0076335877862595,0.0076335877862595,1.0,0
10000.0,36.0,11.44,329.48,8.0,4.0,1.0,90000.0,1.0,4.0,13.16,9.0,0.0,11354.0,50.5,10.0,0.0,0.0,0.0,0.0,677.0,3.0,0.1111111111111111,0.9,54.0,0.0,0.0,-1.0,0
15000.0,36.0,11.99,498.15,9.0,10.0,0.0,47000.0,0.0,4.0,8.02,18.0,0.0,10968.0,34.7,23.0,0.0,0.0,2.0,0.0,697.0,4.0,0.3191489361702128,0.782608695652174,162.0,0.0,0.0,-1.0,0
16000.0,60.0,16.02,389.26,14.0,3.0,1.0,70000.0,2.0,4.0,8.07,14.0,0.0,16259.0,41.9,26.0,0.0,0.0,0.0,0.0,692.0,4.0,0.2285714285714285,0.5384615384615384,123.0,0.0,0.0,-1.0,0
15000.0,36.0,11.99,498.15,9.0,5.0,1.0,76000.0,0.0,0.0,11.32,16.0,0.0,17075.0,29.6,18.0,0.0,0.0,0.0,0.0,677.0,4.0,0.1973684210526315,0.8888888888888888,61.0,0.0,0.0,-1.0,0
33000.0,60.0,16.02,802.85,14.0,10.0,0.0,175000.0,1.0,2.0,6.7,7.0,0.0,5505.0,20.7,27.0,0.0,0.0,2.0,0.0,787.0,4.0,0.1885714285714285,0.2592592592592592,185.0,0.0,0.0,-1.0,0
21000.0,36.0,10.42,681.76,7.0,2.0,2.0,170000.0,1.0,4.0,21.38,17.0,0.0,16842.0,71.4,43.0,0.0,0.0,4.0,0.0,662.0,4.0,0.1235294117647058,0.3953488372093023,234.0,0.0,0.0,-1.0,0
10000.0,36.0,15.05,346.9,13.0,3.0,1.0,105000.0,0.0,0.0,5.03,11.0,1.0,25833.0,49.1,30.0,0.0,0.0,1.0,1.0,667.0,4.0,0.0952380952380952,0.3666666666666666,174.0,0.0057471264367816,0.0057471264367816,1.0,0
6025.0,36.0,16.02,211.89,14.0,1.0,1.0,40000.0,1.0,7.0,7.62,14.0,0.0,19.0,0.1,21.0,0.0,0.0,0.0,0.0,757.0,4.0,0.150625,0.6666666666666666,134.0,0.0,0.0,-1.0,0
12000.0,60.0,19.03,311.49,17.0,10.0,1.0,62000.0,1.0,0.0,14.34,7.0,0.0,7986.0,35.5,15.0,0.0,0.0,0.0,0.0,687.0,4.0,0.1935483870967742,0.4666666666666667,197.0,0.0,0.0,-1.0,0
10000.0,36.0,5.32,301.15,0.0,1.0,0.0,97000.0,2.0,2.0,5.31,12.0,0.0,15632.0,15.9,38.0,1.0,0.0,3.0,0.0,777.0,4.0,0.1030927835051546,0.3157894736842105,345.0,0.0,0.0,-1.0,1
15000.0,60.0,11.99,333.6,9.0,10.0,0.0,64000.0,2.0,0.0,25.48,18.0,0.0,56581.0,59.0,43.0,0.0,0.0,1.0,0.0,677.0,4.0,0.234375,0.4186046511627907,333.0,0.0,0.0,-1.0,1
10000.0,60.0,25.82,298.34,23.0,3.0,1.0,140000.0,1.0,4.0,19.42,11.0,0.0,33428.0,96.6,21.0,0.0,0.0,0.0,0.0,682.0,4.0,0.0714285714285714,0.5238095238095238,236.0,0.0,0.0,-1.0,1
17807.013671875,60.0,26.3,536.3179370117188,24.0,10.0,1.0,872170.9375,1.0,0.0,76.4941390991211,7.0,1.0,182307.671875,98.85951080322266,19.0,0.0,0.0,2.0,1.0,677.0,4.0,0.020416928529739364,0.36842104478886245,166.0,0.0060240963855421,0.0060240963855421,1.0,0
3425.0,36.0,9.44,109.62,5.0,10.0,1.0,38800.0,0.0,0.0,34.55,13.0,0.0,2492.0,13.2,28.0,1.0,0.0,0.0,0.0,732.0,4.0,0.0882731958762886,0.4642857142857143,175.0,0.0,0.0,-1.0,0
11000.0,36.0,9.93,354.58,6.0,10.0,2.0,90000.0,0.0,0.0,30.4,15.0,0.0,12395.0,16.4,44.0,1.0,0.0,2.0,0.0,717.0,4.0,0.1222222222222222,0.3409090909090909,150.0,0.0,0.0,-1.0,0
3500.0,36.0,7.97,109.63,4.0,10.0,0.0,62000.0,1.0,0.0,18.23,13.0,0.0,2157.0,10.9,19.0,0.0,0.0,1.0,0.0,742.0,4.0,0.0564516129032258,0.6842105263157895,129.0,0.0,0.0,-1.0,0
8000.0,36.0,10.42,259.72,7.0,10.0,0.0,76897.0,0.0,2.0,15.93,8.0,0.0,4831.0,20.5,27.0,0.0,0.0,3.0,0.0,732.0,4.0,0.104035267955837,0.2962962962962963,166.0,0.0,0.0,-1.0,0
15000.0,36.0,17.09,535.47,15.0,8.0,0.0,85000.0,1.0,0.0,13.54,17.0,0.0,12480.0,20.9,22.0,1.0,0.0,1.0,0.0,692.0,4.0,0.1764705882352941,0.7727272727272727,163.0,0.0,0.0,-1.0,0
11200.0,60.0,29.69,360.23,26.0,3.0,1.0,74000.0,1.0,4.0,22.32,11.0,1.0,7758.0,58.8,23.0,1.0,0.0,1.0,1.0,662.0,4.0,0.1513513513513513,0.4782608695652174,183.0,0.0054644808743169,0.0054644808743169,1.0,0
9700.0,36.0,16.02,341.12,14.0,0.0,1.0,27000.0,1.0,0.0,18.67,16.0,0.0,10357.0,80.3,35.0,1.0,0.0,0.0,0.0,697.0,4.0,0.3592592592592593,0.4571428571428571,152.0,0.0,0.0,-1.0,0
4400.0,36.0,10.42,142.85,7.0,10.0,0.0,105000.0,1.0,2.0,5.98,11.0,1.0,4408.0,42.8,17.0,0.0,0.0,0.0,1.0,672.0,4.0,0.0419047619047619,0.6470588235294118,334.0,0.0029940119760479,0.0029940119760479,1.0,0
15000.0,60.0,13.59,345.85,11.0,0.0,0.0,78000.0,0.0,2.0,5.57,3.0,0.0,6277.0,86.0,9.0,0.0,0.0,1.0,0.0,667.0,4.0,0.1923076923076923,0.3333333333333333,154.0,0.0,0.0,-1.0,0
2000.0,36.0,14.08,68.44,12.0,8.0,0.0,55000.0,2.0,2.0,23.67,12.0,0.0,16681.0,67.8,17.0,0.0,0.0,0.0,0.0,662.0,4.0,0.0363636363636363,0.7058823529411765,200.0,0.0,0.0,-1.0,0
10000.0,36.0,9.44,320.05,5.0,10.0,2.0,65000.0,0.0,0.0,15.31,10.0,0.0,9481.0,24.5,28.0,1.0,0.0,0.0,0.0,767.0,4.0,0.1538461538461538,0.3571428571428571,215.0,0.0,0.0,-1.0,0
20000.0,36.0,5.32,602.3,0.0,9.0,0.0,122000.0,0.0,4.0,14.57,13.0,0.0,7066.0,7.8,41.0,0.0,0.0,6.0,0.0,817.0,4.0,0.1639344262295081,0.3170731707317073,197.0,0.0,0.0,-1.0,0
16000.0,36.0,7.97,501.17,4.0,10.0,0.0,60000.0,2.0,0.0,30.48,15.0,0.0,11764.0,44.0,49.0,0.0,0.0,5.0,0.0,692.0,4.0,0.2666666666666666,0.3061224489795918,230.0,0.0,0.0,-1.0,0
16000.0,60.0,14.08,372.96,12.0,2.0,0.0,105000.0,0.0,0.0,26.4,26.0,0.0,38385.0,59.1,54.0,0.0,0.0,6.0,0.0,677.0,4.0,0.1523809523809524,0.4814814814814814,190.0,0.0,0.0,-1.0,0
25000.0,60.0,9.44,524.32,5.0,9.0,1.0,88453.0,0.0,0.0,24.07,14.0,0.0,19230.0,33.4,35.0,0.0,0.0,0.0,0.0,737.0,4.0,0.2826359761681344,0.4,176.0,0.0,0.0,-1.0,0
24000.0,60.0,17.09,597.63,15.0,0.0,0.0,95000.0,0.0,0.0,14.15,12.0,1.0,20163.0,66.3,26.0,0.0,1.0,3.0,1.0,667.0,4.0,0.2526315789473684,0.4615384615384615,246.0,0.0040650406504065,0.0040650406504065,1.0,0
10000.0,36.0,7.97,313.23,4.0,10.0,0.0,43000.0,0.0,0.0,25.62,12.0,0.0,8987.0,25.7,27.0,1.0,0.0,3.0,0.0,777.0,4.0,0.2325581395348837,0.4444444444444444,165.0,0.0,0.0,-1.0,0
10000.0,36.0,10.91,326.97,8.0,6.0,0.0,41000.0,1.0,0.0,18.98,9.0,1.0,7273.0,47.2,15.0,1.0,0.0,3.0,0.0,667.0,4.0,0.2439024390243902,0.6,301.0,0.0033222591362126,0.0,0.0,0
13000.0,36.0,10.42,422.05,7.0,1.0,1.0,45000.0,2.0,4.0,10.35,19.0,0.0,12139.0,69.4,21.0,1.0,0.0,0.0,0.0,667.0,4.0,0.2888888888888888,0.9047619047619048,139.0,0.0,0.0,-1.0,0
15000.0,36.0,14.08,513.25,12.0,4.0,1.0,55000.0,2.0,4.0,16.69,10.0,0.0,9559.0,65.5,20.0,0.0,0.0,0.0,0.0,677.0,4.0,0.2727272727272727,0.5,238.0,0.0,0.0,-1.0,0
14295.91015625,36.0,13.59,485.75828247070314,11.0,10.0,0.0,685543.8125,1.0,9.0,46.139002380371096,4.0,1.0,197362.25,42.85410842895508,8.0,0.0,0.0,1.0,1.0,662.0,4.0,0.02085337817668914,0.4999999914850507,222.0,0.0045045045045045,0.0045045045045045,1.0,0
16000.0,36.0,9.93,515.75,6.0,10.0,1.0,190000.0,0.0,2.0,6.37,15.0,3.0,42734.0,49.9,45.0,0.0,0.0,9.0,0.0,697.0,4.0,0.0842105263157894,0.3333333333333333,362.0,0.0082872928176795,0.0,0.0,0
8400.0,36.0,13.59,285.43,11.0,4.0,0.0,55000.0,1.0,0.0,29.24,9.0,0.0,6137.0,23.6,12.0,1.0,0.0,0.0,0.0,687.0,4.0,0.1527272727272727,0.75,37.0,0.0,0.0,-1.0,1
8000.0,36.0,10.42,259.72,7.0,7.0,1.0,83000.0,1.0,5.0,19.29,13.0,0.0,7290.0,90.0,16.0,1.0,0.0,0.0,0.0,682.0,4.0,0.0963855421686747,0.8125,103.0,0.0,0.0,-1.0,0
5400.0,36.0,18.99,197.92,17.0,9.0,1.0,106740.0,1.0,0.0,16.03,13.0,1.0,6324.0,29.8,26.0,1.0,0.0,1.0,1.0,682.0,4.0,0.0505902192242833,0.5,182.0,0.0054945054945054,0.0054945054945054,1.0,0
7242.97607421875,36.0,19.99,269.13835693359374,18.0,6.0,0.0,161280.25,0.0,0.0,23.743995819091797,8.0,0.0,107311.3515625,47.31805267333984,19.0,1.0,0.0,1.0,0.0,677.0,4.0,0.04490924775600433,0.4210526315789473,106.0,0.0,0.0,-1.0,1
2500.0,36.0,18.99,91.63,17.0,4.0,1.0,33000.0,2.0,0.0,19.35,8.0,0.0,2778.0,35.6,26.0,1.0,0.0,0.0,0.0,662.0,4.0,0.0757575757575757,0.3076923076923077,167.0,0.0,0.0,-1.0,1
7000.0,36.0,12.74,234.99,10.0,3.0,2.0,120000.0,0.0,0.0,28.01,30.0,0.0,37369.0,68.3,39.0,0.0,0.0,0.0,0.0,682.0,4.0,0.0583333333333333,0.7692307692307693,162.0,0.0,0.0,-1.0,0
8000.0,36.0,11.49,263.78,9.0,10.0,0.0,112000.0,1.0,5.0,12.2,7.0,0.0,6480.0,64.8,19.0,0.0,0.0,4.0,0.0,662.0,4.0,0.0714285714285714,0.3684210526315789,251.0,0.0,0.0,-1.0,0
30000.0,36.0,15.99,1054.57,14.0,10.0,1.0,120000.0,1.0,3.0,6.86,4.0,0.0,1287.0,42.9,8.0,0.0,0.0,0.0,0.0,667.0,4.0,0.25,0.5,155.0,0.0,0.0,-1.0,1
6400.0,36.0,16.99,228.15,15.0,0.0,1.0,30000.0,1.0,0.0,34.84,14.0,0.0,21215.0,79.5,23.0,0.0,0.0,0.0,0.0,667.0,4.0,0.2133333333333333,0.6086956521739131,129.0,0.0,0.0,-1.0,0
24000.0,60.0,11.49,527.71,9.0,10.0,0.0,100000.0,2.0,4.0,20.78,9.0,0.0,107188.0,94.0,26.0,0.0,0.0,3.0,0.0,692.0,4.0,0.24,0.3461538461538461,241.0,0.0,0.0,-1.0,0
21000.0,60.0,30.79,689.65,30.0,5.0,1.0,79000.0,2.0,4.0,23.01,17.0,0.0,16074.0,43.7,22.0,0.0,0.0,0.0,0.0,697.0,4.0,0.2658227848101265,0.7727272727272727,57.0,0.0,0.0,-1.0,0
8500.0,36.0,13.49,288.41,11.0,10.0,1.0,46000.0,1.0,0.0,17.01,8.0,0.0,8320.0,59.9,11.0,0.0,0.0,0.0,0.0,692.0,4.0,0.1847826086956521,0.7272727272727273,145.0,0.0,0.0,-1.0,0
19949.37109375,60.0,14.99,474.4884826660156,13.0,0.0,0.0,31482.125,0.0,0.0,53.848759231567385,15.0,0.0,42378.4765625,96.48030548095703,18.0,0.0,0.0,1.0,0.0,717.0,4.0,0.6336729044005984,0.8333333333333334,351.0,0.0,0.0,-1.0,0
5000.0,36.0,8.24,157.24,5.0,10.0,1.0,135000.0,0.0,4.0,9.94,11.0,0.0,26937.0,49.6,29.0,0.0,0.0,3.0,0.0,672.0,4.0,0.037037037037037,0.3793103448275862,328.0,0.0,0.0,-1.0,0
5853.65478515625,36.0,7.99,183.40566650390625,4.0,10.0,1.0,388616.25,1.0,2.0,18.0552961730957,7.0,0.0,68234.9765625,130.22903442382812,20.0,0.0,0.0,0.0,0.0,707.0,4.0,0.015062816011763847,0.34999999874516535,220.0,0.0,0.0,-1.0,0
15820.3271484375,60.0,28.69,499.18476806640626,25.0,10.0,1.0,414172.65625,0.0,10.0,45.39250762939453,12.0,1.0,271774.53125,0.8400634765624986,19.0,0.0,0.0,2.0,0.0,687.0,4.0,0.03819742514328517,0.631578947368421,180.0,0.0055555555555555,0.0,0.0,1
5000.0,36.0,11.49,164.86,9.0,7.0,0.0,125000.0,1.0,11.0,20.26,10.0,0.0,7823.0,39.9,18.0,0.0,0.0,3.0,0.0,697.0,4.0,0.04,0.5555555555555556,176.0,0.0,0.0,-1.0,0
16000.0,60.0,18.06,406.82,16.0,10.0,1.0,82000.0,2.0,0.0,24.67,31.0,2.0,36187.0,57.1,45.0,0.0,0.0,0.0,0.0,672.0,4.0,0.1951219512195122,0.6888888888888889,265.0,0.0075471698113207,0.0,0.0,1
1000.0,36.0,16.02,35.17,14.0,1.0,0.0,14136.0,2.0,5.0,17.49,5.0,0.0,3394.0,57.5,11.0,0.0,0.0,1.0,0.0,677.0,4.0,0.0707413695529145,0.4545454545454545,267.0,0.0,0.0,-1.0,1
10012.96875,60.0,16.99,248.7937969970703,15.0,10.0,1.0,408437.375,2.0,0.0,48.35143127441406,1.0,0.0,120957.34375,101.17916107177734,28.0,0.0,0.0,6.0,0.0,667.0,4.0,0.024515308524950652,0.035714279328073695,445.0,0.0,0.0,-1.0,0
9677.4931640625,36.0,5.32,291.43913208007814,0.0,8.0,0.0,118619.109375,0.0,4.0,15.124808425903321,8.0,0.0,33148.94921875,32.6712459564209,20.0,0.0,0.0,1.0,0.0,777.0,4.0,0.0815846022980678,0.4,143.0,0.0,0.0,-1.0,0
15000.0,36.0,16.99,534.72,15.0,6.0,2.0,70000.0,1.0,0.0,23.33,9.0,0.0,9852.0,85.7,23.0,0.0,0.0,0.0,0.0,662.0,4.0,0.2142857142857142,0.391304347826087,169.0,0.0,0.0,-1.0,0
12800.0,36.0,15.05,444.03,13.0,10.0,0.0,58500.0,0.0,4.0,16.98,13.0,0.0,23015.0,27.3,32.0,0.0,0.0,3.0,0.0,727.0,4.0,0.2188034188034188,0.40625,287.0,0.0,0.0,-1.0,0
10070.52734375,36.0,10.42,326.937333984375,7.0,9.0,0.0,971078.5625,1.0,4.0,27.136218490600587,10.0,5.0,111725.1875,102.2886978149414,28.0,0.0,0.0,1.0,2.0,662.0,4.0,0.0103704422712326,0.3571428656578064,150.0,0.0333333333333333,0.0133333333333333,0.4,0
13191.96484375,36.0,21.45,500.0622302246094,19.0,0.0,1.0,511428.5,1.0,0.0,63.85021057128906,15.0,1.0,176177.90625,101.6875,26.0,0.0,0.0,2.0,1.0,677.0,4.0,0.025794358253479005,0.5769230769230769,177.0,0.0056497175141242,0.0056497175141242,1.0,0
28000.0,60.0,10.42,600.73,7.0,2.0,0.0,97500.0,0.0,5.0,15.82,14.0,0.0,1709.0,2.2,38.0,0.0,0.0,5.0,0.0,807.0,4.0,0.2871794871794871,0.3684210526315789,321.0,0.0,0.0,-1.0,0
30000.0,36.0,13.49,1017.92,11.0,10.0,1.0,90000.0,2.0,4.0,13.0,9.0,0.0,22350.0,86.3,12.0,0.0,0.0,0.0,0.0,662.0,4.0,0.3333333333333333,0.75,180.0,0.0,0.0,-1.0,1
5000.0,36.0,8.24,157.24,5.0,6.0,0.0,55000.0,1.0,5.0,13.83,14.0,0.0,6435.0,26.4,32.0,0.0,0.0,2.0,0.0,702.0,4.0,0.0909090909090909,0.4375,137.0,0.0,0.0,-1.0,0
8000.0,36.0,14.08,273.74,12.0,1.0,0.0,48000.0,0.0,2.0,33.13,16.0,0.0,25572.0,76.3,23.0,0.0,0.0,2.0,0.0,667.0,4.0,0.1666666666666666,0.6956521739130435,163.0,0.0,0.0,-1.0,0
4000.0,36.0,11.99,132.84,9.0,10.0,1.0,30000.0,0.0,4.0,23.76,5.0,0.0,3758.0,76.7,14.0,0.0,0.0,0.0,0.0,667.0,4.0,0.1333333333333333,0.3571428571428571,152.0,0.0,0.0,-1.0,1
13000.0,36.0,10.49,422.48,6.0,10.0,0.0,117000.0,1.0,0.0,9.21,14.0,0.0,12644.0,41.2,31.0,1.0,0.0,2.0,0.0,697.0,4.0,0.1111111111111111,0.4516129032258064,337.0,0.0,0.0,-1.0,0
12000.0,36.0,10.91,392.36,8.0,4.0,0.0,95000.0,0.0,0.0,19.0,25.0,1.0,16496.0,39.0,60.0,1.0,0.0,2.0,1.0,672.0,4.0,0.1263157894736842,0.4166666666666667,149.0,0.0067114093959731,0.0067114093959731,1.0,0
9500.0,36.0,18.99,348.19,17.0,0.0,1.0,32000.0,2.0,5.0,10.09,8.0,1.0,5610.0,74.8,20.0,1.0,0.0,1.0,1.0,687.0,4.0,0.296875,0.4,313.0,0.0031948881789137,0.0031948881789137,1.0,1
11991.712890625,36.0,13.49,406.8839892578125,11.0,10.0,0.0,636627.875,2.0,0.0,22.31439422607422,7.0,0.0,100598.5546875,89.57264251708985,12.0,0.0,0.0,2.0,0.0,692.0,4.0,0.01883629492654068,0.5833333333333334,412.0,0.0,0.0,-1.0,0
15000.0,36.0,19.99,557.38,18.0,2.0,0.0,58800.0,1.0,5.0,18.8,9.0,1.0,5139.0,50.4,15.0,1.0,0.0,1.0,0.0,697.0,4.0,0.2551020408163265,0.6,133.0,0.0075187969924812,0.0,0.0,0
10000.0,36.0,10.49,324.98,6.0,0.0,0.0,57000.0,0.0,0.0,6.27,9.0,0.0,5378.0,33.8,30.0,0.0,0.0,2.0,0.0,667.0,4.0,0.175438596491228,0.3,169.0,0.0,0.0,-1.0,1
14000.0,36.0,13.59,475.71,11.0,10.0,1.0,72000.0,0.0,4.0,5.62,4.0,1.0,11452.0,67.4,25.0,0.0,0.0,3.0,1.0,682.0,4.0,0.1944444444444444,0.16,143.0,0.0069930069930069,0.0069930069930069,1.0,0
20000.0,36.0,5.32,602.3,0.0,10.0,0.0,105000.0,0.0,0.0,5.63,8.0,0.0,19818.0,61.9,19.0,0.0,0.0,4.0,0.0,717.0,4.0,0.1904761904761904,0.4210526315789473,204.0,0.0,0.0,-1.0,0
7925.0,36.0,13.99,270.82,12.0,2.0,1.0,55000.0,1.0,0.0,9.54,8.0,0.0,3589.0,39.4,11.0,0.0,0.0,0.0,0.0,667.0,4.0,0.1440909090909091,0.7272727272727273,81.0,0.0,0.0,-1.0,0
12800.0,60.0,11.49,281.45,9.0,7.0,1.0,95000.0,0.0,4.0,16.41,17.0,0.0,13360.0,21.0,36.0,0.0,0.0,0.0,0.0,702.0,4.0,0.1347368421052631,0.4722222222222222,124.0,0.0,0.0,-1.0,1
38999.015625,36.0,11.44,1284.924404296875,8.0,6.0,0.0,645068.4375,1.0,0.0,50.600439453125,13.0,0.0,55732.9140625,106.44732513427735,24.0,0.0,0.0,5.0,0.0,682.0,4.0,0.06045718113581333,0.5416666666666666,290.0,0.0,0.0,-1.0,0
10500.0,36.0,10.49,341.23,6.0,3.0,0.0,66000.0,0.0,4.0,28.73,22.0,0.0,10583.0,18.6,78.0,0.0,0.0,3.0,0.0,712.0,4.0,0.1590909090909091,0.282051282051282,180.0,0.0,0.0,-1.0,0
2016.8701171875,36.0,13.59,68.53088012695312,11.0,10.0,0.0,366816.5625,2.0,5.0,39.960671005249026,14.0,0.0,38496.2578125,17.970706176757812,29.0,1.0,0.0,4.0,0.0,742.0,5.0,0.005498307421803475,0.4827586206896552,347.0,0.0,0.0,-1.0,0
13850.0,36.0,18.06,501.13,16.0,8.0,2.0,38500.0,2.0,0.0,27.46,15.0,0.0,17561.0,47.0,20.0,1.0,0.0,0.0,0.0,687.0,5.0,0.3597402597402597,0.75,121.0,0.0,0.0,-1.0,0
3025.0,36.0,23.88,118.49,21.0,10.0,1.0,40000.0,2.0,0.0,20.13,9.0,0.0,449.0,7.2,10.0,1.0,0.0,0.0,0.0,702.0,5.0,0.075625,0.9,56.0,0.0,0.0,-1.0,1
12000.0,60.0,18.06,305.12,16.0,5.0,0.0,85000.0,0.0,0.0,18.95,12.0,0.0,14134.0,100.2,29.0,0.0,0.0,2.0,0.0,667.0,5.0,0.1411764705882353,0.4137931034482758,132.0,0.0,0.0,-1.0,0
20000.0,36.0,7.35,620.75,3.0,2.0,0.0,200000.0,1.0,9.0,7.84,12.0,1.0,20287.0,57.8,29.0,0.0,0.0,4.0,0.0,697.0,5.0,0.1,0.4137931034482758,228.0,0.0043859649122807,0.0,0.0,0
5000.0,36.0,7.35,155.19,3.0,10.0,0.0,37000.0,0.0,0.0,17.26,12.0,0.0,4387.0,12.8,22.0,1.0,0.0,2.0,0.0,717.0,5.0,0.1351351351351351,0.5454545454545454,163.0,0.0,0.0,-1.0,0
10000.0,36.0,11.99,332.1,9.0,4.0,1.0,71000.0,2.0,0.0,6.95,6.0,1.0,9366.0,66.9,10.0,0.0,0.0,0.0,0.0,667.0,5.0,0.1408450704225352,0.6,221.0,0.004524886877828,0.0,0.0,0
6000.0,36.0,7.97,187.94,4.0,4.0,1.0,65000.0,1.0,0.0,4.7,11.0,0.0,7263.0,20.7,12.0,0.0,0.0,0.0,0.0,732.0,5.0,0.0923076923076923,0.9166666666666666,105.0,0.0,0.0,-1.0,0
30066.046875,60.0,11.99,668.651669921875,9.0,10.0,1.0,1003253.5,2.0,1.0,49.980315399169925,13.0,1.0,139746.921875,46.44689865112305,43.0,0.0,1.0,2.0,1.0,747.0,5.0,0.029968541860580455,0.3023255626822626,214.0,0.0046728971962616,0.0046728971962616,1.0,1
35000.0,60.0,13.59,806.97,11.0,3.0,1.0,109230.0,0.0,6.0,17.17,8.0,0.0,423.0,1.2,9.0,0.0,0.0,0.0,0.0,787.0,5.0,0.3204247917238854,0.8888888888888888,62.0,0.0,0.0,-1.0,0
8000.0,36.0,7.07,247.28,1.0,5.0,0.0,176000.0,0.0,2.0,23.56,16.0,0.0,39385.0,33.2,45.0,0.0,0.0,4.0,0.0,737.0,5.0,0.0454545454545454,0.3555555555555555,361.0,0.0,0.0,-1.0,0
40000.0,36.0,9.93,1289.38,6.0,10.0,1.0,149000.0,0.0,0.0,25.27,6.0,0.0,4441.0,7.4,17.0,0.0,0.0,0.0,0.0,832.0,5.0,0.2684563758389262,0.3529411764705882,259.0,0.0,0.0,-1.0,0
25000.0,60.0,29.69,804.09,26.0,10.0,0.0,60000.0,2.0,5.0,27.7,5.0,1.0,13529.0,90.8,16.0,0.0,0.0,1.0,1.0,662.0,5.0,0.4166666666666667,0.3125,248.0,0.0040322580645161,0.0040322580645161,1.0,1
25000.0,36.0,10.42,811.62,7.0,10.0,1.0,72000.0,1.0,4.0,17.95,5.0,0.0,10570.0,93.5,16.0,1.0,0.0,1.0,0.0,682.0,5.0,0.3472222222222222,0.3125,179.0,0.0,0.0,-1.0,1
35000.0,60.0,15.05,833.57,13.0,5.0,0.0,137000.0,1.0,0.0,22.05,11.0,0.0,35427.0,69.5,16.0,0.0,0.0,3.0,0.0,692.0,5.0,0.2554744525547445,0.6875,112.0,0.0,0.0,-1.0,0
3000.0,36.0,12.62,100.54,10.0,0.0,1.0,34300.0,1.0,0.0,13.12,7.0,0.0,2965.0,47.8,9.0,1.0,0.0,0.0,0.0,672.0,5.0,0.0874635568513119,0.7777777777777778,40.0,0.0,0.0,-1.0,0
15000.0,36.0,9.93,483.52,6.0,10.0,2.0,170000.0,1.0,2.0,13.74,9.0,0.0,4071.0,3.2,25.0,0.0,0.0,3.0,0.0,757.0,5.0,0.088235294117647,0.36,386.0,0.0,0.0,-1.0,0
4500.0,36.0,16.02,158.26,14.0,0.0,1.0,55992.0,0.0,8.0,22.5,10.0,0.0,9095.0,41.7,10.0,1.0,0.0,0.0,0.0,687.0,5.0,0.0803686240891556,1.0,87.0,0.0,0.0,-1.0,0
11900.0,60.0,16.02,289.52,14.0,10.0,0.0,66000.0,1.0,4.0,30.62,8.0,0.0,27880.0,90.2,19.0,0.0,0.0,4.0,0.0,702.0,5.0,0.1803030303030303,0.4210526315789473,188.0,0.0,0.0,-1.0,1
6400.0,36.0,10.42,207.78,7.0,2.0,1.0,42000.0,2.0,5.0,18.39,6.0,0.0,14373.0,80.7,10.0,0.0,0.0,0.0,0.0,702.0,5.0,0.1523809523809524,0.6,203.0,0.0,0.0,-1.0,0
9600.0,36.0,9.93,309.45,6.0,10.0,0.0,43000.0,1.0,0.0,23.97,14.0,0.0,7486.0,61.9,68.0,0.0,0.0,2.0,0.0,687.0,5.0,0.2232558139534883,0.2058823529411764,130.0,0.0,0.0,-1.0,1
14500.0,36.0,11.99,481.54,9.0,9.0,1.0,50000.0,0.0,4.0,22.76,27.0,0.0,14212.0,50.2,38.0,0.0,0.0,0.0,0.0,687.0,5.0,0.29,0.7105263157894737,138.0,0.0,0.0,-1.0,0
10000.0,36.0,11.99,332.1,9.0,0.0,1.0,49000.0,1.0,4.0,18.74,9.0,0.0,11928.0,60.5,26.0,0.0,0.0,1.0,0.0,692.0,5.0,0.2040816326530612,0.3461538461538461,258.0,0.0,0.0,-1.0,0
16800.0,36.0,7.21,520.35,2.0,10.0,0.0,90000.0,0.0,2.0,6.8,7.0,0.0,159.0,0.6,24.0,0.0,0.0,3.0,0.0,762.0,5.0,0.1866666666666666,0.2916666666666667,254.0,0.0,0.0,-1.0,0
15000.0,36.0,16.02,527.51,14.0,1.0,0.0,70000.0,2.0,0.0,13.58,6.0,0.0,4276.0,77.7,8.0,0.0,0.0,2.0,0.0,672.0,5.0,0.2142857142857142,0.75,249.0,0.0,0.0,-1.0,0
28000.0,60.0,10.42,600.73,7.0,2.0,2.0,90000.0,0.0,3.0,9.9,8.0,0.0,4175.0,35.1,16.0,0.0,0.0,0.0,0.0,702.0,5.0,0.3111111111111111,0.5,142.0,0.0,0.0,-1.0,1
15021.8037109375,36.0,15.05,521.1040893554688,13.0,5.0,1.0,1090124.125,2.0,0.0,7.241282691955565,20.0,0.0,0.0,38.1952766418457,21.0,0.0,0.0,0.0,0.0,667.0,5.0,0.013779899903706094,0.9523809552192688,156.0,0.0,0.0,-1.0,0
3600.0,36.0,16.02,126.61,14.0,2.0,1.0,28000.0,1.0,0.0,10.37,9.0,1.0,2188.0,35.3,16.0,0.0,0.0,0.0,0.0,672.0,5.0,0.1285714285714285,0.5625,135.0,0.0074074074074074,0.0,0.0,0
16000.0,60.0,16.02,389.26,14.0,8.0,0.0,86000.0,1.0,0.0,20.19,12.0,1.0,14036.0,61.3,20.0,0.0,0.0,2.0,1.0,662.0,5.0,0.1860465116279069,0.6,174.0,0.0057471264367816,0.0057471264367816,1.0,0
14000.0,60.0,15.05,333.43,13.0,4.0,0.0,60000.0,2.0,0.0,20.97,9.0,0.0,14854.0,51.0,14.0,0.0,0.0,1.0,0.0,707.0,5.0,0.2333333333333333,0.6428571428571429,70.0,0.0,0.0,-1.0,0
12000.0,36.0,10.42,389.58,7.0,10.0,1.0,91000.0,0.0,0.0,13.39,4.0,0.0,12410.0,54.4,14.0,0.0,0.0,0.0,0.0,662.0,5.0,0.1318681318681318,0.2857142857142857,339.0,0.0,0.0,-1.0,0
1000.0,36.0,9.93,32.24,6.0,4.0,1.0,75000.0,1.0,5.0,33.52,26.0,0.0,19382.0,54.8,38.0,0.0,0.0,0.0,0.0,692.0,5.0,0.0133333333333333,0.6842105263157895,164.0,0.0,0.0,-1.0,1
35000.0,36.0,16.02,1230.85,14.0,4.0,0.0,162000.0,1.0,0.0,5.27,4.0,0.0,0.0,0.0,15.0,1.0,0.0,2.0,0.0,812.0,5.0,0.2160493827160493,0.2666666666666666,186.0,0.0,0.0,-1.0,0
20000.0,36.0,5.32,602.3,0.0,5.0,0.0,140000.0,0.0,4.0,23.46,13.0,0.0,23261.0,39.2,36.0,0.0,0.0,5.0,0.0,742.0,5.0,0.1428571428571428,0.3611111111111111,234.0,0.0,0.0,-1.0,0
15975.0,36.0,21.45,605.56,19.0,3.0,1.0,55000.0,2.0,5.0,14.36,8.0,0.0,4454.0,63.6,14.0,0.0,0.0,0.0,0.0,687.0,5.0,0.2904545454545454,0.5714285714285714,130.0,0.0,0.0,-1.0,0
10002.97265625,36.0,7.97,313.3200573730469,4.0,10.0,1.0,128122.5234375,1.0,0.0,21.39583137512207,17.0,0.0,91.854248046875,7.54609899520874,29.0,1.0,0.0,0.0,0.0,752.0,5.0,0.07807350945282843,0.5862068965517241,345.0,0.0,0.0,-1.0,0
8400.0,36.0,12.62,281.5,10.0,10.0,1.0,46000.0,1.0,0.0,23.56,8.0,1.0,6964.0,33.2,12.0,0.0,0.0,0.0,1.0,692.0,5.0,0.1826086956521739,0.6666666666666666,118.0,0.0084745762711864,0.0084745762711864,1.0,0
2600.0,36.0,9.44,83.22,5.0,4.0,0.0,29000.0,0.0,0.0,26.45,12.0,0.0,1721.0,10.8,22.0,0.0,0.0,1.0,0.0,722.0,5.0,0.0896551724137931,0.5454545454545454,279.0,0.0,0.0,-1.0,0
15000.0,36.0,21.45,568.6,19.0,10.0,1.0,65000.0,1.0,3.0,23.97,7.0,1.0,11770.0,83.5,17.0,0.0,0.0,0.0,1.0,667.0,5.0,0.2307692307692307,0.4117647058823529,474.0,0.0021097046413502,0.0021097046413502,1.0,1
21000.0,36.0,14.08,718.55,12.0,10.0,1.0,60000.0,1.0,0.0,29.44,17.0,1.0,21131.0,71.1,20.0,0.0,0.0,0.0,1.0,662.0,5.0,0.35,0.85,140.0,0.0071428571428571,0.0071428571428571,1.0,1
16000.0,60.0,16.02,389.26,14.0,10.0,1.0,87000.0,1.0,5.0,0.99,4.0,0.0,1029.0,22.4,11.0,0.0,0.0,0.0,0.0,667.0,5.0,0.1839080459770115,0.3636363636363636,213.0,0.0,0.0,-1.0,0
9000.0,36.0,13.59,305.81,11.0,2.0,0.0,65000.0,0.0,0.0,5.56,7.0,0.0,9584.0,86.3,9.0,1.0,0.0,2.0,0.0,662.0,5.0,0.1384615384615384,0.7777777777777778,462.0,0.0,0.0,-1.0,0
6000.0,36.0,16.02,211.01,14.0,5.0,1.0,70000.0,1.0,7.0,12.67,5.0,0.0,7656.0,73.6,9.0,0.0,0.0,0.0,0.0,697.0,5.0,0.0857142857142857,0.5555555555555556,75.0,0.0,0.0,-1.0,1
24000.0,60.0,15.05,571.59,13.0,10.0,2.0,86000.0,1.0,0.0,15.96,18.0,0.0,89080.0,51.3,31.0,0.0,0.0,5.0,0.0,707.0,5.0,0.2790697674418604,0.5806451612903226,287.0,0.0,0.0,-1.0,1
16000.0,60.0,26.3,481.9,24.0,10.0,0.0,56000.0,2.0,2.0,12.9,5.0,0.0,6521.0,31.2,43.0,0.0,0.0,3.0,0.0,662.0,5.0,0.2857142857142857,0.1162790697674418,256.0,0.0,0.0,-1.0,1
19061.546875,36.0,7.07,589.1731274414062,1.0,8.0,0.0,824979.875,0.0,0.0,48.16344116210938,12.0,1.0,251172.765625,48.601341247558594,20.0,0.0,0.0,0.0,1.0,702.0,5.0,0.023105470008320278,0.6,207.0,0.0048309178743961,0.0048309178743961,1.0,0
35000.0,36.0,18.06,1266.39,16.0,10.0,1.0,181900.0,1.0,0.0,20.93,18.0,4.0,48298.0,74.1,30.0,1.0,0.0,0.0,1.0,682.0,5.0,0.1924134139637163,0.6,578.0,0.0069204152249134,0.0017301038062283,0.25,1
15600.0,60.0,9.44,327.18,5.0,1.0,0.0,158600.0,2.0,4.0,6.76,8.0,0.0,14645.0,30.1,33.0,0.0,0.0,3.0,0.0,687.0,5.0,0.0983606557377049,0.2424242424242424,266.0,0.0,0.0,-1.0,0
4000.0,36.0,10.42,129.86,7.0,0.0,1.0,48500.0,0.0,0.0,22.05,9.0,0.0,23913.0,65.9,19.0,0.0,0.0,0.0,0.0,662.0,5.0,0.0824742268041237,0.4736842105263157,239.0,0.0,0.0,-1.0,1
15000.0,60.0,15.05,357.25,13.0,7.0,1.0,50000.0,0.0,0.0,23.78,14.0,0.0,21632.0,34.5,32.0,0.0,0.0,0.0,0.0,697.0,5.0,0.3,0.4375,126.0,0.0,0.0,-1.0,1
6004.19091796875,36.0,11.99,199.39673400878905,9.0,10.0,0.0,27748.861328125,2.0,0.0,11.094971809387207,10.0,0.0,31582.32421875,72.35545654296875,20.0,0.0,0.0,3.0,0.0,677.0,5.0,0.2163761236837931,0.5,332.0,0.0,0.0,-1.0,1
6000.0,36.0,15.05,208.14,13.0,7.0,1.0,79992.0,1.0,0.0,15.39,5.0,0.0,1825.0,50.7,6.0,0.0,0.0,0.0,0.0,742.0,5.0,0.075007500750075,0.8333333333333334,119.0,0.0,0.0,-1.0,0
12000.0,36.0,12.62,402.14,10.0,2.0,1.0,35000.0,1.0,4.0,6.45,3.0,1.0,9710.0,65.6,10.0,0.0,0.0,1.0,1.0,672.0,5.0,0.3428571428571428,0.3,130.0,0.0076923076923076,0.0076923076923076,1.0,0
5000.0,36.0,16.02,175.84,14.0,3.0,1.0,45000.0,1.0,0.0,23.65,13.0,2.0,3697.0,30.8,14.0,0.0,0.0,0.0,2.0,672.0,5.0,0.1111111111111111,0.9285714285714286,42.0,0.0476190476190476,0.0476190476190476,1.0,1
5200.0,36.0,11.99,172.69,9.0,1.0,1.0,84000.0,1.0,4.0,3.7,5.0,0.0,5123.0,30.9,6.0,1.0,0.0,0.0,0.0,662.0,5.0,0.0619047619047619,0.8333333333333334,104.0,0.0,0.0,-1.0,0
12475.0,60.0,19.03,323.82,17.0,5.0,0.0,61729.0,2.0,0.0,33.01,18.0,0.0,13006.0,40.9,43.0,1.0,0.0,1.0,0.0,697.0,6.0,0.202093019488409,0.4186046511627907,190.0,0.0,0.0,-1.0,0
9575.0,36.0,30.89,411.16,32.0,2.0,0.0,42000.0,1.0,0.0,5.77,10.0,0.0,14014.0,43.1,12.0,0.0,0.0,0.0,0.0,692.0,6.0,0.2279761904761904,0.8333333333333334,128.0,0.0,0.0,-1.0,1
24000.0,60.0,15.05,571.59,13.0,2.0,0.0,172000.0,1.0,0.0,18.09,8.0,0.0,10407.0,80.1,25.0,0.0,0.0,0.0,0.0,687.0,6.0,0.1395348837209302,0.32,177.0,0.0,0.0,-1.0,0
12000.0,36.0,12.62,402.14,10.0,10.0,2.0,100000.0,1.0,2.0,13.1,8.0,1.0,14607.0,98.0,14.0,1.0,0.0,0.0,1.0,682.0,6.0,0.12,0.5714285714285714,262.0,0.0038167938931297,0.0038167938931297,1.0,0
12800.0,36.0,14.08,437.98,12.0,10.0,1.0,48000.0,2.0,0.0,27.25,6.0,0.0,7344.0,82.5,31.0,0.0,0.0,0.0,0.0,667.0,6.0,0.2666666666666666,0.1935483870967742,141.0,0.0,0.0,-1.0,0
16500.0,36.0,16.02,580.26,14.0,6.0,1.0,55000.0,1.0,4.0,22.87,15.0,0.0,16297.0,75.1,23.0,0.0,0.0,0.0,0.0,692.0,6.0,0.3,0.6521739130434783,155.0,0.0,0.0,-1.0,1
10550.0,36.0,16.02,371.02,14.0,1.0,0.0,30000.0,2.0,5.0,4.48,3.0,0.0,3531.0,80.3,4.0,1.0,0.0,0.0,0.0,717.0,6.0,0.3516666666666667,0.75,98.0,0.0,0.0,-1.0,0
35000.0,36.0,18.06,1266.39,16.0,1.0,0.0,65000.0,1.0,0.0,21.52,15.0,6.0,16718.0,44.9,21.0,0.0,1.0,2.0,0.0,662.0,6.0,0.5384615384615384,0.7142857142857143,129.0,0.0465116279069767,0.0,0.0,1
10000.0,36.0,14.08,342.17,12.0,1.0,1.0,30000.0,1.0,0.0,19.28,9.0,0.0,8722.0,72.1,14.0,0.0,0.0,0.0,0.0,667.0,6.0,0.3333333333333333,0.6428571428571429,116.0,0.0,0.0,-1.0,0
1878.349365234375,36.0,7.97,58.834962921142576,4.0,10.0,1.0,553667.4375,0.0,4.0,48.605924377441404,13.0,0.0,173055.6875,29.305270385742187,21.0,0.0,0.0,3.0,0.0,712.0,6.0,0.0033925577402114868,0.6190476190476191,138.0,0.0,0.0,-1.0,0
13450.0,36.0,10.91,439.77,8.0,5.0,0.0,69267.5,1.0,2.0,23.77,12.0,0.0,16394.0,38.1,30.0,0.0,0.0,3.0,0.0,682.0,6.0,0.1941747572815534,0.4,324.0,0.0,0.0,-1.0,0
4700.0,36.0,16.02,165.29,14.0,6.0,1.0,80000.0,0.0,0.0,22.44,11.0,0.0,8978.0,38.9,28.0,0.0,0.0,1.0,0.0,717.0,6.0,0.05875,0.3928571428571428,178.0,0.0,0.0,-1.0,0
6400.0,36.0,7.21,198.23,2.0,4.0,0.0,125000.0,0.0,0.0,33.16,30.0,0.0,43020.0,42.6,43.0,0.0,0.0,3.0,0.0,722.0,6.0,0.0512,0.6976744186046512,261.0,0.0,0.0,-1.0,1
5883.486328125,36.0,7.97,184.28664916992187,4.0,7.0,0.0,250357.078125,0.0,4.0,34.258181762695315,6.0,1.0,36271.24609375,14.476951599121094,16.0,0.0,0.0,3.0,1.0,662.0,6.0,0.023500388264656058,0.37499999403953554,187.0,0.0053475935828877,0.0053475935828877,1.0,0
4500.0,36.0,9.44,144.03,5.0,0.0,1.0,35000.0,0.0,0.0,6.28,4.0,0.0,2978.0,49.6,4.0,1.0,0.0,0.0,0.0,732.0,6.0,0.1285714285714285,1.0,52.0,0.0,0.0,-1.0,0
7200.0,36.0,11.99,239.11,9.0,10.0,0.0,45000.0,2.0,0.0,4.35,18.0,1.0,3886.0,26.6,33.0,0.0,0.0,2.0,1.0,662.0,6.0,0.16,0.5454545454545454,216.0,0.0046296296296296,0.0046296296296296,1.0,0
4800.0,36.0,7.07,148.37,1.0,5.0,2.0,104500.0,0.0,0.0,13.42,11.0,0.0,1598.0,13.5,28.0,0.0,0.0,1.0,0.0,802.0,6.0,0.0459330143540669,0.3928571428571428,295.0,0.0,0.0,-1.0,0
5000.0,36.0,14.08,171.09,12.0,1.0,0.0,70000.0,2.0,0.0,24.34,13.0,0.0,4947.0,24.7,19.0,0.0,0.0,1.0,0.0,677.0,6.0,0.0714285714285714,0.6842105263157895,104.0,0.0,0.0,-1.0,1
12000.0,60.0,14.08,279.72,12.0,10.0,0.0,132000.0,1.0,4.0,15.56,19.0,0.0,19299.0,32.1,50.0,0.0,0.0,7.0,0.0,742.0,6.0,0.0909090909090909,0.38,387.0,0.0,0.0,-1.0,0
4199.86083984375,36.0,16.02,147.69604675292967,14.0,0.0,1.0,812387.875,1.0,0.0,11.02706714630127,10.0,0.0,140767.421875,56.84841690063476,20.0,0.0,0.0,0.0,0.0,662.0,6.0,0.005169771554378325,0.4999999985808417,234.0,0.0,0.0,-1.0,1
15000.0,60.0,19.03,389.36,17.0,10.0,0.0,82000.0,0.0,2.0,23.31,20.0,0.0,26087.0,45.5,41.0,0.0,0.0,2.0,0.0,697.0,6.0,0.1829268292682926,0.4878048780487805,274.0,0.0,0.0,-1.0,0
35003.4296875,36.0,19.03,1283.6199951171875,17.0,0.0,0.0,267513.71875,1.0,0.0,60.2842839050293,7.0,0.0,416522.4375,100.27325439453125,27.0,1.0,0.0,10.0,0.0,707.0,6.0,0.13084723376310783,0.2592592520846261,362.0,0.0,0.0,-1.0,0
21000.0,36.0,11.99,697.41,9.0,10.0,0.0,280000.0,1.0,2.0,9.43,20.0,1.0,16520.0,26.3,44.0,0.0,0.0,3.0,0.0,712.0,6.0,0.075,0.4545454545454545,383.0,0.0026109660574412,0.0,0.0,0
3400.0,36.0,10.91,111.17,8.0,3.0,0.0,39000.0,0.0,0.0,15.2,6.0,0.0,3442.0,49.9,12.0,1.0,0.0,0.0,0.0,662.0,6.0,0.0871794871794871,0.5,97.0,0.0,0.0,-1.0,0
23525.0,60.0,11.99,523.19,9.0,5.0,1.0,90000.0,0.0,0.0,23.56,24.0,0.0,13085.0,24.1,48.0,0.0,0.0,0.0,0.0,722.0,6.0,0.2613888888888889,0.5,162.0,0.0,0.0,-1.0,0
15000.0,36.0,5.32,451.73,0.0,10.0,2.0,140000.0,0.0,2.0,13.68,25.0,0.0,15807.0,12.4,41.0,0.0,0.0,6.0,0.0,767.0,6.0,0.1071428571428571,0.6097560975609756,368.0,0.0,0.0,-1.0,0
4518.9599609375,36.0,15.05,156.76202758789063,13.0,5.0,1.0,519919.28125,1.0,4.0,18.053341064453125,8.0,0.0,80322.75,24.52644844055176,14.0,1.0,0.0,0.0,0.0,707.0,6.0,0.008691652197586858,0.5714285903506808,44.0,0.0,0.0,-1.0,1
17700.0,36.0,7.21,548.23,2.0,6.0,2.0,82000.0,1.0,0.0,26.88,11.0,0.0,15149.0,38.4,19.0,0.0,0.0,0.0,0.0,692.0,6.0,0.2158536585365853,0.5789473684210527,98.0,0.0,0.0,-1.0,0
6000.0,36.0,16.02,211.01,14.0,10.0,0.0,80000.0,2.0,2.0,17.53,9.0,0.0,5591.0,32.1,15.0,0.0,0.0,1.0,0.0,712.0,6.0,0.075,0.6,181.0,0.0,0.0,-1.0,0
28000.0,60.0,10.42,600.73,7.0,3.0,1.0,325000.0,2.0,0.0,13.99,8.0,0.0,39149.0,90.6,24.0,0.0,0.0,4.0,0.0,732.0,6.0,0.0861538461538461,0.3333333333333333,248.0,0.0,0.0,-1.0,0
14400.0,36.0,12.62,482.57,10.0,4.0,0.0,82000.0,1.0,0.0,14.12,27.0,1.0,12499.0,53.6,35.0,1.0,0.0,1.0,1.0,677.0,6.0,0.1756097560975609,0.7714285714285715,210.0,0.0047619047619047,0.0047619047619047,1.0,0
6000.0,36.0,10.42,194.79,7.0,0.0,0.0,64000.0,1.0,5.0,6.04,9.0,0.0,7027.0,65.7,26.0,1.0,0.0,6.0,0.0,677.0,6.0,0.09375,0.3461538461538461,370.0,0.0,0.0,-1.0,0
13025.0,36.0,14.08,445.67,12.0,10.0,2.0,34000.0,2.0,0.0,20.86,4.0,1.0,6502.0,78.3,24.0,1.0,0.0,0.0,1.0,667.0,6.0,0.3830882352941177,0.1666666666666666,142.0,0.0070422535211267,0.0070422535211267,1.0,0
9022.71484375,36.0,9.44,288.7726257324219,5.0,10.0,0.0,374797.46875,1.0,0.0,113.23668151855469,17.0,0.0,58809.390625,72.22260971069336,35.0,0.0,0.0,3.0,0.0,722.0,6.0,0.024073577132718266,0.4857142857142857,187.0,0.0,0.0,-1.0,0
8400.0,36.0,9.93,270.77,6.0,0.0,0.0,55000.0,0.0,0.0,23.06,18.0,0.0,30939.0,80.0,27.0,0.0,0.0,1.0,0.0,662.0,6.0,0.1527272727272727,0.6666666666666666,252.0,0.0,0.0,-1.0,1
8275.0,36.0,14.08,283.15,12.0,2.0,1.0,23000.0,0.0,0.0,17.38,3.0,0.0,5353.0,39.7,3.0,1.0,0.0,0.0,0.0,767.0,6.0,0.3597826086956521,1.0,58.0,0.0,0.0,-1.0,0
5800.0,36.0,19.03,212.7,17.0,10.0,1.0,48500.0,0.0,0.0,23.68,20.0,1.0,13912.0,52.8,26.0,0.0,0.0,0.0,1.0,672.0,6.0,0.1195876288659793,0.7692307692307693,142.0,0.0070422535211267,0.0070422535211267,1.0,0
26500.0,36.0,11.99,880.06,9.0,10.0,0.0,83650.0,1.0,4.0,21.58,16.0,0.0,27601.0,67.3,44.0,0.0,0.0,2.0,0.0,697.0,6.0,0.3167961745367603,0.3636363636363636,175.0,0.0,0.0,-1.0,0
12800.0,60.0,19.03,332.26,17.0,0.0,2.0,51000.0,1.0,2.0,21.32,14.0,0.0,14697.0,51.9,16.0,0.0,0.0,0.0,0.0,662.0,6.0,0.2509803921568627,0.875,116.0,0.0,0.0,-1.0,1
35000.0,60.0,15.05,833.57,13.0,10.0,0.0,169000.0,1.0,4.0,19.36,14.0,0.0,58590.0,69.8,39.0,0.0,0.0,9.0,0.0,717.0,6.0,0.2071005917159763,0.358974358974359,272.0,0.0,0.0,-1.0,0
8000.0,36.0,11.99,265.68,9.0,6.0,0.0,68000.0,1.0,0.0,14.86,8.0,0.0,1803.0,15.0,26.0,0.0,0.0,1.0,0.0,732.0,6.0,0.1176470588235294,0.3076923076923077,132.0,0.0,0.0,-1.0,0
10000.0,36.0,16.02,351.67,14.0,10.0,1.0,41000.0,1.0,4.0,31.18,17.0,0.0,8727.0,34.4,29.0,0.0,0.0,0.0,0.0,702.0,6.0,0.2439024390243902,0.5862068965517241,191.0,0.0,0.0,-1.0,0
4000.0,36.0,15.05,138.76,13.0,10.0,0.0,165000.0,1.0,5.0,10.16,8.0,0.0,39275.0,86.3,12.0,1.0,0.0,2.0,0.0,662.0,6.0,0.0242424242424242,0.6666666666666666,138.0,0.0,0.0,-1.0,0
1200.0,36.0,9.93,38.69,6.0,8.0,0.0,50000.0,0.0,2.0,2.09,5.0,0.0,1633.0,16.7,8.0,0.0,0.0,1.0,0.0,737.0,6.0,0.024,0.625,62.0,0.0,0.0,-1.0,1
20000.0,36.0,10.42,649.3,7.0,0.0,0.0,65000.0,1.0,4.0,0.65,4.0,0.0,1594.0,9.5,15.0,0.0,0.0,1.0,0.0,692.0,6.0,0.3076923076923077,0.2666666666666666,188.0,0.0,0.0,-1.0,0
8000.0,36.0,10.42,259.72,7.0,10.0,0.0,90000.0,1.0,2.0,14.36,17.0,0.0,15387.0,45.5,30.0,0.0,0.0,2.0,0.0,692.0,6.0,0.0888888888888888,0.5666666666666667,152.0,0.0,0.0,-1.0,0
20000.0,36.0,20.0,743.28,18.0,8.0,0.0,50000.0,1.0,1.0,13.78,7.0,0.0,7965.0,77.3,15.0,1.0,0.0,3.0,0.0,667.0,6.0,0.4,0.4666666666666667,127.0,0.0,0.0,-1.0,0
18400.0,36.0,10.91,601.61,8.0,1.0,0.0,40000.0,0.0,2.0,4.58,8.0,0.0,10081.0,18.6,15.0,1.0,0.0,2.0,0.0,792.0,6.0,0.46,0.5333333333333333,164.0,0.0,0.0,-1.0,0
4513.5107421875,36.0,9.93,145.48953491210938,6.0,9.0,1.0,239583.828125,0.0,0.0,54.95515625,5.0,0.0,185188.703125,35.37983360290527,10.0,0.0,0.0,2.0,0.0,732.0,6.0,0.01883896127823856,0.49999997615814207,100.0,0.0,0.0,-1.0,0
6800.0,36.0,5.32,204.79,0.0,4.0,0.0,93000.0,0.0,0.0,26.9,24.0,0.0,7996.0,16.3,47.0,0.0,0.0,2.0,0.0,762.0,6.0,0.0731182795698924,0.5106382978723404,156.0,0.0,0.0,-1.0,0
35000.0,60.0,30.65,1146.39,28.0,10.0,0.0,96000.0,2.0,0.0,24.36,13.0,0.0,13187.0,26.3,22.0,0.0,0.0,2.0,0.0,732.0,6.0,0.3645833333333333,0.5909090909090909,162.0,0.0,0.0,-1.0,1
24000.0,60.0,14.08,559.44,12.0,10.0,0.0,130000.0,1.0,0.0,21.63,13.0,0.0,58633.0,80.3,28.0,0.0,0.0,4.0,0.0,682.0,6.0,0.1846153846153846,0.4642857142857143,352.0,0.0,0.0,-1.0,1
25005.42578125,36.0,7.97,783.2372973632813,4.0,3.0,2.0,643776.8125,1.0,2.0,59.57276519775391,13.0,0.0,79946.71875,41.16278991699219,47.0,0.0,0.0,3.0,0.0,702.0,6.0,0.03884176017722363,0.2765957446808511,426.0,0.0,0.0,-1.0,0
15000.0,36.0,10.42,486.98,7.0,8.0,1.0,45618.0,1.0,0.0,15.05,6.0,0.0,12270.0,44.5,11.0,1.0,1.0,0.0,0.0,732.0,6.0,0.3288175720110483,0.5454545454545454,102.0,0.0,0.0,-1.0,0
16500.0,36.0,12.62,552.94,10.0,10.0,0.0,85000.0,1.0,0.0,30.33,15.0,1.0,8164.0,31.2,52.0,0.0,0.0,5.0,1.0,662.0,6.0,0.1941176470588235,0.2884615384615384,192.0,0.0052083333333333,0.0052083333333333,1.0,0
11200.0,36.0,24.85,444.43,22.0,4.0,2.0,107000.0,2.0,5.0,10.97,10.0,1.0,4089.0,50.5,29.0,0.0,0.0,2.0,1.0,692.0,7.0,0.1046728971962616,0.3448275862068966,122.0,0.0081967213114754,0.0081967213114754,1.0,0
11961.9306640625,60.0,21.45,326.6462072753906,19.0,3.0,0.0,311983.5625,0.0,0.0,41.77247146606445,10.0,1.0,56227.64453125,47.255838775634764,45.0,0.0,0.0,2.0,1.0,662.0,7.0,0.03834153546227348,0.22222223553968506,224.0,0.0044642857142857,0.0044642857142857,1.0,0
8022.30029296875,36.0,15.05,278.2923693847656,13.0,6.0,0.0,394498.96875,1.0,4.0,33.491615066528325,12.0,1.0,340087.6875,53.69050674438476,20.0,0.0,0.0,2.0,0.0,667.0,7.0,0.020335416659849462,0.600000011920929,251.0,0.0039840637450199,0.0,0.0,0
6000.0,36.0,7.21,185.84,2.0,1.0,0.0,61000.0,0.0,0.0,9.94,13.0,1.0,1210.0,5.4,39.0,1.0,0.0,1.0,1.0,687.0,7.0,0.0983606557377049,0.3333333333333333,280.0,0.0035714285714285,0.0035714285714285,1.0,0
17825.0,36.0,26.3,721.04,24.0,10.0,0.0,105000.0,0.0,0.0,9.26,7.0,0.0,2265.0,61.2,18.0,1.0,1.0,2.0,0.0,677.0,7.0,0.1697619047619047,0.3888888888888889,166.0,0.0,0.0,-1.0,0
6000.0,36.0,16.02,211.01,14.0,10.0,0.0,46899.0,0.0,0.0,10.81,5.0,0.0,3538.0,36.9,7.0,0.0,0.0,0.0,0.0,667.0,7.0,0.1279344975372609,0.7142857142857143,96.0,0.0,0.0,-1.0,1
10000.0,60.0,21.45,273.08,19.0,8.0,1.0,41000.0,1.0,0.0,8.72,13.0,1.0,7633.0,46.3,24.0,0.0,0.0,0.0,1.0,662.0,7.0,0.2439024390243902,0.5416666666666666,181.0,0.005524861878453,0.005524861878453,1.0,1
9600.0,36.0,5.32,289.11,0.0,5.0,0.0,74000.0,0.0,4.0,14.55,23.0,0.0,8199.0,8.5,61.0,0.0,0.0,3.0,0.0,812.0,7.0,0.1297297297297297,0.3770491803278688,326.0,0.0,0.0,-1.0,0
5600.0,36.0,18.06,202.63,16.0,6.0,0.0,60000.0,0.0,0.0,6.08,4.0,0.0,7129.0,90.0,32.0,1.0,0.0,1.0,0.0,697.0,7.0,0.0933333333333333,0.125,108.0,0.0,0.0,-1.0,0
14000.0,60.0,26.3,421.66,24.0,4.0,2.0,100000.0,1.0,0.0,19.98,13.0,0.0,23750.0,44.7,51.0,0.0,0.0,5.0,0.0,667.0,7.0,0.14,0.2549019607843137,227.0,0.0,0.0,-1.0,0
8250.0,36.0,12.62,276.47,10.0,8.0,0.0,120000.0,1.0,0.0,15.86,8.0,0.0,10947.0,84.2,43.0,0.0,0.0,1.0,0.0,677.0,7.0,0.06875,0.1860465116279069,262.0,0.0,0.0,-1.0,0
16000.0,36.0,14.08,547.47,12.0,10.0,1.0,135000.0,0.0,0.0,11.32,6.0,0.0,12922.0,60.7,18.0,0.0,0.0,2.0,0.0,672.0,7.0,0.1185185185185185,0.3333333333333333,417.0,0.0,0.0,-1.0,1
9600.0,36.0,13.59,326.2,11.0,10.0,0.0,95000.0,1.0,0.0,4.81,5.0,1.0,7807.0,61.0,10.0,0.0,0.0,2.0,1.0,662.0,7.0,0.1010526315789473,0.5,130.0,0.0076923076923076,0.0076923076923076,1.0,0
10000.0,36.0,20.0,371.64,18.0,10.0,0.0,35000.0,2.0,0.0,25.86,16.0,1.0,6062.0,43.0,17.0,0.0,0.0,1.0,1.0,682.0,7.0,0.2857142857142857,0.9411764705882352,155.0,0.0064516129032258,0.0064516129032258,1.0,1
12000.0,36.0,5.32,361.38,0.0,10.0,1.0,68000.0,0.0,0.0,19.45,22.0,0.0,7472.0,11.9,29.0,0.0,0.0,0.0,0.0,797.0,7.0,0.1764705882352941,0.7586206896551724,215.0,0.0,0.0,-1.0,0
15000.0,36.0,5.32,451.73,0.0,0.0,0.0,87000.0,1.0,4.0,45.03,13.0,0.0,31696.0,40.0,21.0,0.0,1.0,2.0,0.0,752.0,7.0,0.1724137931034483,0.6190476190476191,280.0,0.0,0.0,-1.0,0
26452.87890625,36.0,9.93,852.6935668945313,6.0,10.0,1.0,718121.4375,0.0,0.0,42.81694061279297,21.0,0.0,75493.75,41.45251541137695,43.0,0.0,0.0,5.0,0.0,767.0,7.0,0.0368362233363293,0.4883720930232558,348.0,0.0,0.0,-1.0,0
18650.0,60.0,19.03,484.1,17.0,2.0,0.0,158000.0,2.0,4.0,18.75,6.0,0.0,34559.0,100.2,18.0,0.0,0.0,2.0,0.0,687.0,7.0,0.1180379746835443,0.3333333333333333,191.0,0.0,0.0,-1.0,1
35000.0,60.0,14.08,815.85,12.0,0.0,0.0,100000.0,1.0,4.0,14.0,11.0,0.0,30251.0,77.4,24.0,0.0,0.0,6.0,0.0,707.0,7.0,0.35,0.4583333333333333,226.0,0.0,0.0,-1.0,0
10550.0,60.0,18.06,268.25,16.0,8.0,0.0,55000.0,1.0,0.0,10.84,12.0,0.0,3655.0,22.4,27.0,0.0,0.0,2.0,0.0,662.0,7.0,0.1918181818181818,0.4444444444444444,207.0,0.0,0.0,-1.0,0
12037.154296875,36.0,10.42,390.78343017578123,7.0,0.0,0.0,502429.3125,2.0,4.0,52.420089416503906,7.0,0.0,82583.203125,78.1766342163086,15.0,0.0,0.0,1.0,0.0,667.0,7.0,0.02395790166714612,0.4666666885217031,51.0,0.0,0.0,-1.0,0
15400.0,60.0,20.0,408.01,18.0,10.0,0.0,125000.0,2.0,0.0,12.1,14.0,1.0,6246.0,24.9,24.0,0.0,0.0,3.0,1.0,662.0,7.0,0.1232,0.5833333333333334,261.0,0.003831417624521,0.003831417624521,1.0,0
23978.009765625,60.0,19.03,622.3996264648438,17.0,10.0,0.0,437356.96875,0.0,0.0,14.547718811035157,16.0,0.0,94883.1953125,94.23849792480469,25.0,0.0,0.0,3.0,0.0,672.0,7.0,0.05482479991583983,0.6399999658266703,180.0,0.0,0.0,-1.0,0
2500.0,36.0,7.21,77.44,2.0,10.0,0.0,62000.0,2.0,5.0,11.79,6.0,0.0,1026.0,6.9,27.0,0.0,0.0,1.0,0.0,722.0,7.0,0.0403225806451612,0.2222222222222222,146.0,0.0,0.0,-1.0,0
15000.0,36.0,10.42,486.98,7.0,4.0,2.0,90000.0,2.0,1.0,20.31,11.0,0.0,1921.0,6.6,35.0,0.0,0.0,6.0,0.0,747.0,7.0,0.1666666666666666,0.3142857142857143,213.0,0.0,0.0,-1.0,0
8000.0,36.0,10.42,259.72,7.0,1.0,1.0,38000.0,0.0,0.0,19.24,6.0,0.0,5322.0,94.0,7.0,0.0,0.0,0.0,0.0,667.0,7.0,0.2105263157894736,0.8571428571428571,108.0,0.0,0.0,-1.0,0
5400.0,36.0,7.97,169.15,4.0,1.0,1.0,40000.0,0.0,0.0,18.3,13.0,0.0,6505.0,32.4,24.0,0.0,0.0,0.0,0.0,702.0,7.0,0.135,0.5416666666666666,89.0,0.0,0.0,-1.0,0
19998.259765625,36.0,24.85,793.5419360351563,22.0,2.0,1.0,286962.25,0.0,0.0,32.944485168457035,6.0,1.0,0.0,60.219949340820314,11.0,1.0,0.0,0.0,1.0,672.0,7.0,0.06968950373785832,0.5454545454545454,82.0,0.0121951219512195,0.0121951219512195,1.0,0
29148.3671875,60.0,19.03,756.6070678710937,17.0,10.0,0.0,1091433.5,1.0,0.0,60.55635025024414,20.0,0.0,1244.47265625,77.78282089233399,34.0,0.0,0.0,2.0,0.0,712.0,7.0,0.026706499719619747,0.5882352941176471,191.0,0.0,0.0,-1.0,0
40000.0,60.0,21.45,1092.29,19.0,0.0,0.0,175000.0,2.0,0.0,15.17,16.0,1.0,21783.0,53.0,27.0,0.0,0.0,2.0,1.0,687.0,7.0,0.2285714285714285,0.5925925925925926,172.0,0.005813953488372,0.005813953488372,1.0,0
2000.0,36.0,15.05,69.38,13.0,10.0,1.0,42000.0,0.0,7.0,30.75,11.0,0.0,30937.0,87.1,20.0,1.0,0.0,0.0,0.0,717.0,7.0,0.0476190476190476,0.55,261.0,0.0,0.0,-1.0,0
15000.0,36.0,13.59,509.69,11.0,10.0,2.0,58000.0,0.0,0.0,32.03,12.0,0.0,12367.0,50.5,30.0,1.0,0.0,1.0,0.0,697.0,7.0,0.2586206896551724,0.4,282.0,0.0,0.0,-1.0,1
5000.0,36.0,7.97,156.62,4.0,10.0,0.0,82120.0,1.0,2.0,23.44,13.0,0.0,3129.0,18.7,28.0,0.0,0.0,2.0,0.0,712.0,7.0,0.0608865075499269,0.4642857142857143,202.0,0.0,0.0,-1.0,0
5000.0,36.0,16.02,175.84,14.0,5.0,0.0,80000.0,1.0,8.0,19.2,14.0,0.0,22879.0,75.3,26.0,1.0,0.0,1.0,0.0,682.0,7.0,0.0625,0.5384615384615384,79.0,0.0,0.0,-1.0,0
6279.92041015625,36.0,5.32,189.12070556640626,0.0,6.0,0.0,565074.75,0.0,9.0,17.052720565795898,13.0,0.0,176200.59375,18.055518913269044,19.0,0.0,0.0,5.0,0.0,772.0,7.0,0.011113429097408867,0.6842105263157895,69.0,0.0,0.0,-1.0,0
35000.0,36.0,7.07,1081.82,1.0,5.0,2.0,450000.0,1.0,2.0,10.39,14.0,0.0,36016.0,68.3,24.0,0.0,0.0,5.0,0.0,737.0,7.0,0.0777777777777777,0.5833333333333334,393.0,0.0,0.0,-1.0,0
30000.0,36.0,16.02,1055.01,14.0,5.0,1.0,300000.0,1.0,4.0,9.63,11.0,1.0,10937.0,25.5,20.0,0.0,0.0,0.0,1.0,692.0,7.0,0.1,0.55,100.0,0.01,0.01,1.0,1
10000.0,60.0,23.88,286.99,21.0,5.0,1.0,55000.0,1.0,0.0,11.5,2.0,0.0,3310.0,66.2,5.0,0.0,0.0,0.0,0.0,712.0,7.0,0.1818181818181818,0.4,83.0,0.0,0.0,-1.0,0
20000.0,60.0,20.0,529.88,18.0,9.0,0.0,48000.0,0.0,0.0,22.1,9.0,0.0,7803.0,61.4,19.0,0.0,0.0,1.0,0.0,662.0,7.0,0.4166666666666667,0.4736842105263157,242.0,0.0,0.0,-1.0,0
8422.103515625,36.0,7.97,263.8029931640625,4.0,8.0,1.0,25748.193359375,1.0,9.0,0.26056182861328026,8.0,1.0,28525.396484375,57.72945556640625,19.0,0.0,0.0,2.0,1.0,687.0,7.0,0.32709493935108186,0.4210526315789473,223.0,0.0044843049327354,0.0044843049327354,1.0,0
20000.0,60.0,21.45,546.15,19.0,0.0,0.0,29000.0,2.0,11.0,13.91,5.0,0.0,3734.0,16.7,9.0,0.0,1.0,1.0,0.0,772.0,7.0,0.6896551724137931,0.5555555555555556,109.0,0.0,0.0,-1.0,1
5750.0,36.0,7.07,177.73,1.0,10.0,0.0,36000.0,2.0,5.0,31.23,11.0,0.0,5293.0,13.6,25.0,0.0,0.0,0.0,0.0,787.0,7.0,0.1597222222222222,0.44,318.0,0.0,0.0,-1.0,0
15000.0,36.0,9.44,480.08,5.0,5.0,0.0,72500.0,0.0,0.0,32.47,12.0,0.0,15351.0,55.6,17.0,0.0,0.0,2.0,0.0,752.0,7.0,0.2068965517241379,0.7058823529411765,122.0,0.0,0.0,-1.0,0
35000.0,36.0,11.99,1162.34,9.0,0.0,2.0,10000.0,0.0,4.0,204.92,9.0,0.0,39759.0,36.7,27.0,1.0,1.0,2.0,0.0,682.0,7.0,3.5,0.3333333333333333,165.0,0.0,0.0,-1.0,1
18900.0,60.0,26.3,569.24,24.0,10.0,0.0,73000.0,2.0,0.0,21.93,11.0,1.0,13793.0,93.8,19.0,0.0,0.0,1.0,1.0,662.0,7.0,0.2589041095890411,0.5789473684210527,103.0,0.0097087378640776,0.0097087378640776,1.0,0
30000.0,60.0,13.59,691.69,11.0,0.0,0.0,200000.0,1.0,0.0,23.28,17.0,0.0,18549.0,69.2,69.0,0.0,0.0,2.0,0.0,677.0,7.0,0.15,0.2463768115942029,180.0,0.0,0.0,-1.0,1
1000.0,36.0,23.88,39.17,21.0,2.0,0.0,50000.0,2.0,0.0,15.94,6.0,0.0,9204.0,93.9,23.0,1.0,0.0,2.0,0.0,687.0,7.0,0.02,0.2608695652173913,179.0,0.0,0.0,-1.0,0
20000.0,60.0,30.89,658.05,32.0,2.0,0.0,49000.0,1.0,2.0,12.74,8.0,0.0,7067.0,27.3,15.0,0.0,1.0,5.0,0.0,662.0,7.0,0.4081632653061224,0.5333333333333333,143.0,0.0,0.0,-1.0,0
15000.0,60.0,20.0,397.41,18.0,5.0,1.0,65000.0,0.0,5.0,11.39,7.0,1.0,17876.0,79.1,16.0,0.0,0.0,1.0,0.0,667.0,7.0,0.2307692307692307,0.4375,119.0,0.0084033613445378,0.0,0.0,1
4000.0,36.0,10.91,130.79,8.0,10.0,1.0,105000.0,1.0,0.0,12.95,6.0,1.0,6290.0,57.2,17.0,0.0,0.0,0.0,1.0,682.0,7.0,0.0380952380952381,0.3529411764705882,158.0,0.0063291139240506,0.0063291139240506,1.0,0
25017.97265625,36.0,9.93,806.4350732421875,6.0,10.0,0.0,615482.5625,2.0,0.0,50.70687561035156,7.0,0.0,216007.34375,25.92608070373535,25.0,0.0,0.0,2.0,0.0,782.0,7.0,0.040647731886969685,0.2800000065565109,146.0,0.0,0.0,-1.0,0
35041.0546875,60.0,23.88,1005.621630859375,21.0,10.0,0.0,942681.6875,1.0,3.0,58.680215454101564,8.0,0.0,288798.96875,13.932379722595215,24.0,0.0,0.0,6.0,0.0,797.0,7.0,0.0371716565945569,0.3333333318050091,209.0,0.0,0.0,-1.0,1
6000.0,36.0,15.05,208.14,13.0,8.0,0.0,84508.0,2.0,5.0,19.41,9.0,0.0,40853.0,86.2,21.0,0.0,0.0,3.0,0.0,687.0,7.0,0.0709991953424527,0.4285714285714285,164.0,0.0,0.0,-1.0,0
30000.0,36.0,25.82,1205.85,23.0,2.0,1.0,75000.0,2.0,5.0,24.22,13.0,0.0,10826.0,47.3,20.0,0.0,0.0,0.0,0.0,712.0,7.0,0.4,0.65,70.0,0.0,0.0,-1.0,0
18000.0,36.0,9.93,580.22,6.0,2.0,0.0,200000.0,1.0,0.0,3.59,12.0,2.0,19844.0,22.3,34.0,1.0,0.0,4.0,2.0,667.0,7.0,0.09,0.3529411764705882,396.0,0.005050505050505,0.005050505050505,1.0,0
1000.0,36.0,16.02,35.17,14.0,10.0,1.0,85000.0,2.0,5.0,22.49,9.0,0.0,20223.0,63.6,13.0,0.0,0.0,0.0,0.0,692.0,7.0,0.0117647058823529,0.6923076923076923,156.0,0.0,0.0,-1.0,1
12000.0,36.0,15.05,416.28,13.0,6.0,0.0,95000.0,1.0,9.0,20.26,22.0,0.0,37049.0,32.6,35.0,1.0,0.0,5.0,0.0,712.0,7.0,0.1263157894736842,0.6285714285714286,280.0,0.0,0.0,-1.0,0
32000.0,60.0,15.05,762.12,13.0,10.0,0.0,100000.0,2.0,0.0,27.6,18.0,1.0,18822.0,62.7,46.0,0.0,0.0,3.0,1.0,672.0,7.0,0.32,0.391304347826087,190.0,0.0052631578947368,0.0052631578947368,1.0,1
16000.0,36.0,7.97,501.17,4.0,0.0,2.0,30000.0,1.0,0.0,24.76,13.0,0.0,8239.0,24.4,17.0,1.0,1.0,1.0,0.0,727.0,7.0,0.5333333333333333,0.7647058823529411,62.0,0.0,0.0,-1.0,0
7000.0,36.0,5.32,210.81,0.0,6.0,0.0,60000.0,0.0,4.0,17.22,11.0,0.0,8215.0,22.0,19.0,0.0,0.0,2.0,0.0,772.0,7.0,0.1166666666666666,0.5789473684210527,124.0,0.0,0.0,-1.0,0
20725.0,60.0,15.05,493.6,13.0,10.0,2.0,90000.0,2.0,4.0,23.84,28.0,0.0,24489.0,18.3,52.0,0.0,0.0,3.0,0.0,792.0,7.0,0.2302777777777777,0.5384615384615384,287.0,0.0,0.0,-1.0,0
6523.2666015625,36.0,10.42,211.77633239746095,7.0,7.0,1.0,362967.96875,0.0,3.0,52.545263671875,8.0,0.0,123789.3828125,18.627854537963866,15.0,0.0,0.0,2.0,0.0,702.0,7.0,0.01797201940646534,0.5333333523834453,253.0,0.0,0.0,-1.0,1
9000.0,36.0,12.62,301.61,10.0,5.0,1.0,70000.0,1.0,0.0,28.12,11.0,0.0,13027.0,19.9,14.0,0.0,0.0,0.0,0.0,757.0,7.0,0.1285714285714285,0.7857142857142857,132.0,0.0,0.0,-1.0,0
8000.0,36.0,21.45,303.26,19.0,6.0,1.0,26000.0,1.0,0.0,8.91,7.0,0.0,4179.0,37.6,11.0,1.0,0.0,0.0,0.0,662.0,7.0,0.3076923076923077,0.6363636363636364,66.0,0.0,0.0,-1.0,0
30000.0,36.0,11.99,996.29,9.0,8.0,1.0,110000.0,1.0,4.0,14.71,15.0,0.0,54131.0,82.9,23.0,0.0,0.0,0.0,0.0,677.0,7.0,0.2727272727272727,0.6521739130434783,208.0,0.0,0.0,-1.0,1
11600.0,60.0,13.59,267.46,11.0,10.0,0.0,68000.0,0.0,0.0,25.04,17.0,0.0,12312.0,35.9,24.0,0.0,0.0,2.0,0.0,682.0,7.0,0.1705882352941176,0.7083333333333334,182.0,0.0,0.0,-1.0,0
10000.0,36.0,16.02,351.67,14.0,1.0,1.0,78000.0,0.0,0.0,10.46,8.0,0.0,6794.0,43.0,26.0,0.0,0.0,0.0,0.0,677.0,7.0,0.1282051282051282,0.3076923076923077,186.0,0.0,0.0,-1.0,1
18000.0,36.0,9.44,576.09,5.0,0.0,0.0,78500.0,0.0,0.0,15.38,14.0,0.0,10348.0,45.8,32.0,0.0,0.0,1.0,0.0,747.0,7.0,0.2292993630573248,0.4375,264.0,0.0,0.0,-1.0,0
5000.0,36.0,5.32,150.58,0.0,2.0,1.0,84000.0,0.0,5.0,20.34,14.0,0.0,13016.0,14.3,44.0,0.0,0.0,0.0,0.0,762.0,8.0,0.0595238095238095,0.3181818181818182,156.0,0.0,0.0,-1.0,0
40000.0,36.0,7.97,1252.91,4.0,10.0,0.0,900000.0,1.0,2.0,3.09,12.0,0.0,332806.0,33.6,13.0,0.0,0.0,1.0,0.0,727.0,8.0,0.0444444444444444,0.9230769230769232,47.0,0.0,0.0,-1.0,0
6400.0,36.0,5.32,192.74,0.0,10.0,0.0,105000.0,0.0,2.0,7.41,11.0,0.0,1019.0,1.7,27.0,0.0,0.0,5.0,0.0,777.0,8.0,0.0609523809523809,0.4074074074074074,198.0,0.0,0.0,-1.0,0
21850.0,60.0,11.99,485.94,9.0,3.0,0.0,102000.0,0.0,0.0,30.0,9.0,0.0,28316.0,99.0,35.0,0.0,0.0,5.0,0.0,737.0,8.0,0.2142156862745098,0.2571428571428571,279.0,0.0,0.0,-1.0,0
7223.1328125,36.0,21.45,273.8042236328125,19.0,2.0,0.0,267610.46875,1.0,1.0,67.31862030029296,12.0,0.0,216116.375,37.47362365722656,33.0,0.0,0.0,4.0,0.0,677.0,8.0,0.026991224464248176,0.3636363860099546,168.0,0.0,0.0,-1.0,0
20400.0,36.0,7.35,633.17,3.0,10.0,1.0,125000.0,2.0,4.0,15.27,19.0,0.0,23229.0,49.0,38.0,0.0,0.0,0.0,0.0,697.0,8.0,0.1632,0.5,199.0,0.0,0.0,-1.0,0
7200.0,36.0,9.93,232.09,6.0,10.0,0.0,68000.0,1.0,4.0,3.05,8.0,1.0,5808.0,67.5,21.0,0.0,0.0,3.0,1.0,667.0,8.0,0.1058823529411764,0.3809523809523809,338.0,0.0029585798816568,0.0029585798816568,1.0,0
3866.2431640625,36.0,12.62,129.5627410888672,10.0,2.0,0.0,1081376.25,1.0,1.0,52.09241088867188,16.0,0.0,20807.953125,6.745585155487061,35.0,0.0,0.0,1.0,0.0,772.0,8.0,0.003575295152572447,0.42857143027441835,175.0,0.0,0.0,-1.0,0
30000.0,36.0,16.02,1055.01,14.0,0.0,0.0,50000.0,1.0,8.0,9.7,8.0,0.0,14972.0,76.0,25.0,1.0,1.0,4.0,0.0,692.0,8.0,0.6,0.32,235.0,0.0,0.0,-1.0,1
12000.0,60.0,30.79,394.09,30.0,4.0,0.0,31000.0,1.0,0.0,18.12,5.0,0.0,3548.0,64.5,7.0,1.0,0.0,1.0,0.0,667.0,8.0,0.3870967741935484,0.7142857142857143,39.0,0.0,0.0,-1.0,0
40000.0,60.0,10.42,858.18,7.0,10.0,0.0,205000.0,1.0,0.0,12.87,14.0,0.0,51661.0,35.6,26.0,0.0,0.0,4.0,0.0,732.0,8.0,0.1951219512195122,0.5384615384615384,181.0,0.0,0.0,-1.0,0
10000.0,36.0,9.44,320.05,5.0,1.0,0.0,35000.0,1.0,0.0,28.43,20.0,0.0,11313.0,34.1,30.0,0.0,0.0,1.0,0.0,717.0,8.0,0.2857142857142857,0.6666666666666666,149.0,0.0,0.0,-1.0,0
8000.0,36.0,16.02,281.34,14.0,1.0,1.0,80000.0,1.0,0.0,5.63,21.0,1.0,4172.0,33.9,34.0,0.0,0.0,0.0,1.0,672.0,8.0,0.1,0.6176470588235294,167.0,0.0059880239520958,0.0059880239520958,1.0,0
26400.0,60.0,9.93,560.02,6.0,6.0,0.0,190000.0,1.0,0.0,13.47,6.0,0.0,2732.0,10.6,9.0,0.0,0.0,1.0,0.0,782.0,8.0,0.1389473684210526,0.6666666666666666,78.0,0.0,0.0,-1.0,0
20000.0,36.0,9.93,644.69,6.0,1.0,1.0,75000.0,1.0,1.0,1.64,2.0,0.0,2691.0,10.6,3.0,0.0,0.0,0.0,0.0,717.0,8.0,0.2666666666666666,0.6666666666666666,329.0,0.0,0.0,-1.0,0
10000.0,36.0,9.44,320.05,5.0,10.0,1.0,52500.0,1.0,2.0,10.03,20.0,0.0,5126.0,15.0,25.0,1.0,0.0,0.0,0.0,717.0,8.0,0.1904761904761904,0.8,51.0,0.0,0.0,-1.0,1
6000.0,36.0,7.35,186.23,3.0,3.0,1.0,60000.0,1.0,4.0,7.9,5.0,0.0,5068.0,23.1,10.0,0.0,0.0,0.0,0.0,737.0,8.0,0.1,0.5,86.0,0.0,0.0,-1.0,0
8000.0,36.0,14.08,273.74,12.0,10.0,0.0,107000.0,2.0,5.0,40.84,20.0,0.0,94.0,0.3,57.0,0.0,1.0,6.0,0.0,787.0,8.0,0.0747663551401869,0.3508771929824561,142.0,0.0,0.0,-1.0,0
9983.234375,36.0,10.91,326.4144580078125,8.0,10.0,2.0,425254.75,2.0,0.0,52.57391143798828,5.0,0.0,53423.3515625,85.78746948242187,15.0,0.0,0.0,6.0,0.0,697.0,8.0,0.023475892403546486,0.3333333333333333,152.0,0.0,0.0,-1.0,0
2346.482421875,36.0,11.99,77.92572967529297,9.0,10.0,0.0,858816.125,1.0,5.0,34.61956809997559,6.0,0.0,235691.109375,107.73967742919922,25.0,0.0,0.0,1.0,0.0,717.0,8.0,0.0027322298351754523,0.23999999071422373,140.0,0.0,0.0,-1.0,0
12000.0,60.0,14.08,279.72,12.0,4.0,0.0,130000.0,1.0,0.0,5.64,11.0,0.0,6695.0,34.5,17.0,0.0,0.0,0.0,0.0,692.0,8.0,0.0923076923076923,0.6470588235294118,129.0,0.0,0.0,-1.0,0
15000.0,36.0,7.35,465.57,3.0,3.0,0.0,120000.0,1.0,2.0,12.26,10.0,0.0,40680.0,54.8,21.0,0.0,0.0,1.0,0.0,762.0,8.0,0.125,0.4761904761904761,168.0,0.0,0.0,-1.0,0
5500.0,36.0,9.93,177.29,6.0,9.0,0.0,28000.0,1.0,0.0,23.4,7.0,1.0,4431.0,16.5,22.0,1.0,0.0,2.0,1.0,727.0,8.0,0.1964285714285714,0.3181818181818182,326.0,0.0030674846625766,0.0030674846625766,1.0,0
25000.0,60.0,15.05,595.41,13.0,0.0,0.0,55000.0,2.0,0.0,52.3,25.0,0.0,24301.0,40.4,36.0,0.0,1.0,2.0,0.0,697.0,8.0,0.4545454545454545,0.6944444444444444,231.0,0.0,0.0,-1.0,0
15000.0,36.0,10.42,486.98,7.0,0.0,1.0,48000.0,1.0,0.0,38.8,12.0,0.0,2893.0,50.8,26.0,0.0,1.0,0.0,0.0,687.0,8.0,0.3125,0.4615384615384615,108.0,0.0,0.0,-1.0,0
6000.0,36.0,9.44,192.03,5.0,4.0,1.0,35000.0,2.0,0.0,19.58,5.0,0.0,3799.0,27.1,7.0,0.0,0.0,0.0,0.0,752.0,8.0,0.1714285714285714,0.7142857142857143,85.0,0.0,0.0,-1.0,0
9000.0,36.0,14.08,307.95,12.0,10.0,2.0,23000.0,1.0,4.0,34.86,4.0,0.0,8852.0,90.3,4.0,1.0,0.0,0.0,0.0,752.0,8.0,0.391304347826087,1.0,247.0,0.0,0.0,-1.0,0
7000.0,36.0,16.02,246.17,14.0,8.0,1.0,25000.0,0.0,8.0,7.63,7.0,0.0,3226.0,11.8,13.0,0.0,0.0,0.0,0.0,717.0,8.0,0.28,0.5384615384615384,142.0,0.0,0.0,-1.0,0
10000.0,36.0,16.02,351.67,14.0,10.0,1.0,80000.0,0.0,0.0,1.79,6.0,0.0,8047.0,31.3,12.0,0.0,0.0,0.0,0.0,687.0,8.0,0.125,0.5,298.0,0.0,0.0,-1.0,0
25000.0,36.0,26.3,1011.27,24.0,10.0,0.0,82000.0,2.0,0.0,26.36,14.0,0.0,16298.0,54.9,17.0,0.0,0.0,1.0,0.0,687.0,8.0,0.3048780487804878,0.8235294117647058,178.0,0.0,0.0,-1.0,1
22950.0,36.0,26.3,928.35,24.0,10.0,1.0,60000.0,2.0,0.0,13.44,12.0,1.0,10048.0,42.2,19.0,0.0,0.0,0.0,1.0,697.0,8.0,0.3825,0.631578947368421,218.0,0.0045871559633027,0.0045871559633027,1.0,0
35000.0,60.0,30.94,1152.67,33.0,0.0,2.0,66000.0,1.0,3.0,22.69,11.0,0.0,26602.0,47.8,24.0,0.0,1.0,1.0,0.0,707.0,8.0,0.5303030303030303,0.4583333333333333,206.0,0.0,0.0,-1.0,0
30000.0,60.0,11.99,667.19,9.0,5.0,0.0,145000.0,2.0,4.0,25.67,14.0,0.0,36975.0,84.0,16.0,0.0,0.0,2.0,0.0,702.0,8.0,0.2068965517241379,0.875,121.0,0.0,0.0,-1.0,0
3200.0,36.0,20.0,118.93,18.0,10.0,1.0,65000.0,1.0,5.0,14.05,9.0,2.0,9030.0,58.3,13.0,1.0,0.0,0.0,0.0,662.0,8.0,0.0492307692307692,0.6923076923076923,124.0,0.0161290322580645,0.0,0.0,0
10000.0,60.0,14.08,233.1,12.0,10.0,2.0,56000.0,1.0,4.0,16.48,10.0,0.0,9395.0,55.3,43.0,0.0,0.0,1.0,0.0,667.0,8.0,0.1785714285714285,0.2325581395348837,180.0,0.0,0.0,-1.0,0
4550.0,36.0,14.08,155.69,12.0,0.0,1.0,30000.0,1.0,4.0,19.96,10.0,0.0,12575.0,63.8,15.0,0.0,0.0,0.0,0.0,662.0,8.0,0.1516666666666666,0.6666666666666666,321.0,0.0,0.0,-1.0,0
24986.30078125,60.0,16.02,607.8836352539063,14.0,4.0,2.0,34680.5625,2.0,0.0,24.915104598999022,23.0,0.0,10666.1318359375,58.57249755859375,31.0,0.0,0.0,0.0,0.0,687.0,8.0,0.720469905779912,0.7419354838709677,185.0,0.0,0.0,-1.0,0
10000.0,36.0,23.88,391.7,21.0,4.0,1.0,57000.0,1.0,0.0,4.76,9.0,0.0,5999.0,56.6,14.0,1.0,0.0,1.0,0.0,677.0,8.0,0.175438596491228,0.6428571428571429,216.0,0.0,0.0,-1.0,0
24000.0,60.0,21.45,655.38,19.0,0.0,0.0,92000.0,1.0,0.0,13.15,17.0,0.0,8500.0,72.6,30.0,0.0,0.0,4.0,0.0,667.0,8.0,0.2608695652173913,0.5666666666666667,216.0,0.0,0.0,-1.0,1
16275.0,60.0,15.05,387.61,13.0,10.0,0.0,250000.0,1.0,0.0,6.16,11.0,0.0,13660.0,78.0,43.0,0.0,0.0,8.0,0.0,702.0,8.0,0.0651,0.2558139534883721,346.0,0.0,0.0,-1.0,0
5000.0,36.0,10.42,162.33,7.0,4.0,0.0,117000.0,0.0,2.0,0.37,2.0,0.0,3699.0,15.0,5.0,0.0,0.0,0.0,0.0,667.0,8.0,0.0427350427350427,0.4,147.0,0.0,0.0,-1.0,0
10000.0,36.0,5.32,301.15,0.0,7.0,0.0,130000.0,0.0,0.0,22.78,18.0,0.0,15756.0,23.7,54.0,0.0,0.0,3.0,0.0,757.0,8.0,0.0769230769230769,0.3333333333333333,171.0,0.0,0.0,-1.0,0
15000.0,60.0,14.08,349.65,12.0,10.0,0.0,150000.0,0.0,0.0,13.72,13.0,0.0,21187.0,28.3,34.0,0.0,0.0,5.0,0.0,737.0,8.0,0.1,0.3823529411764705,182.0,0.0,0.0,-1.0,1
21600.0,60.0,14.08,503.5,12.0,8.0,2.0,45000.0,1.0,6.0,17.04,7.0,0.0,5356.0,15.3,12.0,0.0,0.0,0.0,0.0,817.0,8.0,0.48,0.5833333333333334,175.0,0.0,0.0,-1.0,0
29964.39453125,36.0,10.91,979.7236791992187,8.0,0.0,0.0,250202.625,1.0,0.0,16.562610397338865,8.0,0.0,240071.203125,35.953895568847656,32.0,0.0,1.0,5.0,0.0,677.0,8.0,0.11976052464692838,0.25000000102766623,141.0,0.0,0.0,-1.0,0
2800.0,36.0,16.02,98.47,14.0,10.0,0.0,25500.0,2.0,4.0,2.92,3.0,0.0,2653.0,41.5,5.0,1.0,0.0,0.0,0.0,727.0,8.0,0.1098039215686274,0.6,117.0,0.0,0.0,-1.0,0
15662.8349609375,36.0,17.09,559.1236279296875,15.0,10.0,0.0,576766.6875,1.0,4.0,33.20071380615234,22.0,0.0,75241.9921875,37.179299926757814,41.0,0.0,0.0,2.0,0.0,707.0,8.0,0.027156270467318028,0.5365853658536586,291.0,0.0,0.0,-1.0,0
40000.0,60.0,11.99,889.58,9.0,10.0,0.0,219000.0,1.0,0.0,26.05,27.0,0.0,64137.0,32.4,46.0,0.0,0.0,18.0,0.0,757.0,8.0,0.182648401826484,0.5869565217391305,192.0,0.0,0.0,-1.0,0
6059.4462890625,36.0,10.42,196.71852783203124,7.0,5.0,0.0,79585.734375,0.0,7.0,20.45673500061035,11.0,0.0,185753.84375,9.292845535278321,24.0,0.0,0.0,1.0,0.0,712.0,8.0,0.07613734006881714,0.4583333333333333,130.0,0.0,0.0,-1.0,0
5000.0,36.0,10.42,162.33,7.0,5.0,0.0,80000.0,1.0,0.0,18.82,10.0,0.0,15138.0,65.5,23.0,1.0,0.0,1.0,0.0,672.0,8.0,0.0625,0.4347826086956521,179.0,0.0,0.0,-1.0,0
20000.0,36.0,16.02,703.34,14.0,3.0,1.0,65000.0,1.0,4.0,17.56,9.0,0.0,16935.0,68.0,11.0,0.0,0.0,0.0,0.0,677.0,8.0,0.3076923076923077,0.8181818181818182,61.0,0.0,0.0,-1.0,1
14000.0,36.0,20.0,520.3,18.0,10.0,1.0,63000.0,1.0,0.0,27.89,15.0,0.0,12546.0,46.6,37.0,0.0,0.0,0.0,0.0,687.0,8.0,0.2222222222222222,0.4054054054054054,418.0,0.0,0.0,-1.0,1
9969.1240234375,36.0,15.05,345.8273986816406,13.0,10.0,0.0,588847.3125,1.0,4.0,33.03821594238281,10.0,0.0,347389.71875,103.50325775146484,32.0,1.0,0.0,3.0,0.0,697.0,8.0,0.016929907931221844,0.3125,158.0,0.0,0.0,-1.0,0
6636.20849609375,36.0,10.91,216.97921875,8.0,3.0,2.0,165196.703125,0.0,2.0,20.204650039672853,4.0,0.0,112180.9765625,46.94608917236328,12.0,1.0,0.0,1.0,0.0,722.0,8.0,0.04017155518134431,0.33333332972093055,238.0,0.0,0.0,-1.0,0
16000.0,36.0,7.97,501.17,4.0,0.0,1.0,103000.0,0.0,4.0,11.8,7.0,0.0,23611.0,37.8,9.0,0.0,0.0,0.0,0.0,732.0,9.0,0.1553398058252427,0.7777777777777778,112.0,0.0,0.0,-1.0,0
24000.0,60.0,11.99,533.75,9.0,3.0,0.0,55000.0,2.0,0.0,24.29,11.0,0.0,16256.0,46.0,22.0,0.0,0.0,3.0,0.0,667.0,9.0,0.4363636363636363,0.5,163.0,0.0,0.0,-1.0,1
6000.0,36.0,14.08,205.3,12.0,9.0,0.0,20000.0,2.0,0.0,26.35,16.0,1.0,9964.0,36.8,24.0,1.0,0.0,0.0,1.0,687.0,9.0,0.3,0.6666666666666666,196.0,0.0051020408163265,0.0051020408163265,1.0,0
2500.0,36.0,15.05,86.73,13.0,10.0,1.0,174000.0,1.0,0.0,10.52,6.0,0.0,10246.0,78.8,10.0,1.0,0.0,0.0,0.0,697.0,9.0,0.014367816091954,0.6,238.0,0.0,0.0,-1.0,0
5000.0,36.0,21.45,189.54,19.0,2.0,0.0,35000.0,0.0,0.0,31.41,13.0,0.0,10963.0,52.2,18.0,0.0,0.0,1.0,0.0,702.0,9.0,0.1428571428571428,0.7222222222222222,213.0,0.0,0.0,-1.0,0
5000.0,36.0,9.44,160.03,5.0,10.0,1.0,70000.0,0.0,5.0,1.39,4.0,0.0,4327.0,19.4,20.0,0.0,0.0,0.0,0.0,752.0,9.0,0.0714285714285714,0.2,138.0,0.0,0.0,-1.0,0
22000.0,36.0,7.07,680.01,1.0,2.0,1.0,78164.0,1.0,5.0,10.27,12.0,0.0,8312.0,10.0,19.0,0.0,0.0,0.0,0.0,802.0,9.0,0.2814594954198864,0.631578947368421,163.0,0.0,0.0,-1.0,0
3000.0,36.0,7.21,92.92,2.0,6.0,0.0,115000.0,0.0,3.0,16.12,38.0,0.0,8003.0,8.3,74.0,0.0,0.0,0.0,0.0,737.0,9.0,0.0260869565217391,0.5135135135135135,171.0,0.0,0.0,-1.0,0
17000.0,36.0,9.93,547.99,6.0,1.0,0.0,55000.0,0.0,4.0,17.65,12.0,0.0,9013.0,34.8,30.0,0.0,0.0,0.0,0.0,677.0,9.0,0.3090909090909091,0.4,165.0,0.0,0.0,-1.0,1
12800.0,36.0,7.97,400.93,4.0,10.0,1.0,120000.0,1.0,4.0,12.33,7.0,1.0,15479.0,55.3,8.0,0.0,0.0,0.0,1.0,682.0,9.0,0.1066666666666666,0.875,119.0,0.0084033613445378,0.0084033613445378,1.0,1
6925.0,36.0,18.06,250.57,16.0,1.0,2.0,40000.0,2.0,0.0,33.82,5.0,0.0,15075.0,75.8,15.0,0.0,0.0,0.0,0.0,717.0,9.0,0.173125,0.3333333333333333,267.0,0.0,0.0,-1.0,0
30000.0,36.0,12.62,1005.34,10.0,10.0,1.0,60000.0,2.0,0.0,12.96,10.0,0.0,22159.0,38.2,19.0,1.0,0.0,0.0,0.0,712.0,9.0,0.5,0.5263157894736842,145.0,0.0,0.0,-1.0,0
6500.0,36.0,5.32,195.75,0.0,10.0,1.0,45000.0,0.0,0.0,14.35,7.0,0.0,2668.0,8.2,11.0,1.0,0.0,0.0,0.0,792.0,9.0,0.1444444444444444,0.6363636363636364,250.0,0.0,0.0,-1.0,0
28000.0,60.0,10.42,600.73,7.0,1.0,1.0,78000.0,0.0,0.0,14.48,8.0,0.0,271.0,4.3,20.0,0.0,0.0,0.0,0.0,782.0,9.0,0.358974358974359,0.4,121.0,0.0,0.0,-1.0,1
8966.11328125,36.0,19.03,328.79871826171876,17.0,2.0,1.0,1395772.375,1.0,0.0,20.785380096435546,5.0,0.0,31605.427734375,48.92388687133789,11.0,1.0,0.0,1.0,0.0,712.0,9.0,0.006423780946579805,0.45454545183615247,127.0,0.0,0.0,-1.0,0
35000.0,36.0,19.03,1283.5,17.0,10.0,0.0,84000.0,2.0,2.0,14.03,7.0,0.0,15857.0,65.0,19.0,0.0,0.0,1.0,0.0,697.0,9.0,0.4166666666666667,0.3684210526315789,211.0,0.0,0.0,-1.0,0
9600.0,36.0,17.09,342.7,15.0,6.0,0.0,38000.0,2.0,5.0,25.25,8.0,0.0,3714.0,24.1,14.0,1.0,0.0,2.0,0.0,682.0,9.0,0.2526315789473684,0.5714285714285714,65.0,0.0,0.0,-1.0,0
23969.87109375,36.0,14.08,820.1673461914063,12.0,7.0,1.0,403616.5,2.0,4.0,54.57940971374512,7.0,0.0,120890.1015625,33.799530029296875,10.0,1.0,0.0,3.0,0.0,677.0,9.0,0.05938775424497672,0.6999999745325608,114.0,0.0,0.0,-1.0,1
1000.0,36.0,12.62,33.52,10.0,0.0,0.0,18000.0,1.0,5.0,3.2,5.0,0.0,3050.0,40.1,6.0,0.0,0.0,1.0,0.0,712.0,9.0,0.0555555555555555,0.8333333333333334,51.0,0.0,0.0,-1.0,0
25600.0,36.0,10.42,831.1,7.0,0.0,0.0,70000.0,1.0,0.0,22.05,9.0,0.0,12312.0,46.3,13.0,0.0,1.0,1.0,0.0,722.0,9.0,0.3657142857142857,0.6923076923076923,139.0,0.0,0.0,-1.0,1
10000.0,60.0,15.05,238.17,13.0,9.0,0.0,125000.0,0.0,1.0,14.54,24.0,1.0,6789.0,21.2,41.0,0.0,0.0,4.0,1.0,692.0,9.0,0.08,0.5853658536585366,203.0,0.0049261083743842,0.0049261083743842,1.0,0
30000.0,60.0,12.62,676.78,10.0,0.0,0.0,60000.0,1.0,4.0,11.65,7.0,0.0,19930.0,62.3,12.0,0.0,1.0,1.0,0.0,672.0,9.0,0.5,0.5833333333333334,99.0,0.0,0.0,-1.0,0
34000.0,36.0,10.91,1111.67,8.0,2.0,0.0,200000.0,2.0,4.0,5.95,9.0,0.0,39371.0,56.2,16.0,0.0,0.0,1.0,0.0,687.0,9.0,0.17,0.5625,260.0,0.0,0.0,-1.0,0
30475.0,36.0,13.59,1035.51,11.0,1.0,0.0,145000.0,2.0,0.0,25.81,12.0,0.0,62646.0,50.7,19.0,0.0,0.0,1.0,0.0,702.0,9.0,0.2101724137931034,0.631578947368421,136.0,0.0,0.0,-1.0,0
6000.0,36.0,7.21,185.84,2.0,6.0,1.0,60000.0,0.0,4.0,6.18,10.0,0.0,1414.0,4.5,20.0,0.0,0.0,0.0,0.0,797.0,9.0,0.1,0.5,130.0,0.0,0.0,-1.0,0
5000.0,36.0,13.59,169.9,11.0,4.0,1.0,68508.0,0.0,4.0,11.75,9.0,0.0,5693.0,46.3,13.0,1.0,0.0,1.0,0.0,672.0,9.0,0.0729841770304198,0.6923076923076923,157.0,0.0,0.0,-1.0,0
40000.0,36.0,10.42,1298.59,7.0,4.0,0.0,705000.0,2.0,0.0,7.44,24.0,0.0,78403.0,59.7,63.0,0.0,0.0,3.0,0.0,712.0,9.0,0.0567375886524822,0.3809523809523809,315.0,0.0,0.0,-1.0,0
17600.0,36.0,17.09,628.28,15.0,1.0,0.0,45000.0,1.0,0.0,37.6,14.0,0.0,19665.0,51.9,17.0,0.0,1.0,1.0,0.0,682.0,9.0,0.3911111111111111,0.8235294117647058,68.0,0.0,0.0,-1.0,0
15000.0,60.0,10.42,321.82,7.0,10.0,0.0,49800.0,1.0,2.0,2.46,5.0,0.0,7316.0,22.3,22.0,0.0,0.0,3.0,0.0,727.0,9.0,0.3012048192771084,0.2272727272727272,163.0,0.0,0.0,-1.0,0
18950.0,36.0,18.06,685.66,16.0,7.0,0.0,71278.0,0.0,4.0,36.11,14.0,0.0,39940.0,67.0,24.0,0.0,0.0,3.0,0.0,712.0,9.0,0.2658604337944387,0.5833333333333334,288.0,0.0,0.0,-1.0,0
24000.0,36.0,14.08,821.2,12.0,0.0,2.0,28000.0,0.0,0.0,24.13,5.0,0.0,9710.0,27.1,30.0,0.0,1.0,6.0,0.0,727.0,9.0,0.8571428571428571,0.1666666666666666,146.0,0.0,0.0,-1.0,0
32000.0,36.0,7.35,993.2,3.0,10.0,0.0,84000.0,1.0,0.0,14.42,12.0,0.0,20216.0,40.8,23.0,0.0,0.0,3.0,0.0,752.0,9.0,0.3809523809523809,0.5217391304347826,361.0,0.0,0.0,-1.0,0
10000.0,36.0,10.91,326.97,8.0,7.0,0.0,44000.0,0.0,4.0,20.46,6.0,0.0,6731.0,71.6,10.0,0.0,0.0,2.0,0.0,697.0,9.0,0.2272727272727272,0.6,135.0,0.0,0.0,-1.0,0
11000.0,36.0,14.08,376.39,12.0,9.0,1.0,55000.0,1.0,0.0,17.0,5.0,1.0,11389.0,75.4,7.0,0.0,0.0,0.0,1.0,672.0,9.0,0.2,0.7142857142857143,92.0,0.0108695652173913,0.0108695652173913,1.0,0
21000.0,36.0,7.35,651.79,3.0,5.0,1.0,63000.0,1.0,0.0,9.96,9.0,0.0,5451.0,20.0,15.0,0.0,0.0,1.0,0.0,712.0,9.0,0.3333333333333333,0.6,149.0,0.0,0.0,-1.0,0
18000.0,60.0,14.08,419.58,12.0,0.0,0.0,60000.0,0.0,0.0,35.32,16.0,0.0,37210.0,69.0,27.0,0.0,1.0,1.0,0.0,712.0,9.0,0.3,0.5925925925925926,195.0,0.0,0.0,-1.0,1
10000.0,60.0,25.82,298.34,23.0,10.0,0.0,149000.0,0.0,2.0,14.8,13.0,1.0,10633.0,54.3,49.0,0.0,0.0,10.0,1.0,692.0,9.0,0.0671140939597315,0.2653061224489796,181.0,0.005524861878453,0.005524861878453,1.0,0
3400.0,36.0,9.44,108.82,5.0,2.0,1.0,40000.0,1.0,0.0,2.82,6.0,0.0,2939.0,25.8,14.0,0.0,0.0,0.0,0.0,677.0,9.0,0.085,0.4285714285714285,123.0,0.0,0.0,-1.0,0
27000.0,36.0,9.93,870.33,6.0,8.0,2.0,96000.0,0.0,5.0,28.25,16.0,0.0,10071.0,17.8,19.0,0.0,0.0,0.0,0.0,797.0,9.0,0.28125,0.8421052631578947,100.0,0.0,0.0,-1.0,0
9600.0,36.0,16.02,337.61,14.0,2.0,0.0,55000.0,2.0,0.0,30.22,11.0,0.0,5408.0,55.8,31.0,0.0,0.0,2.0,0.0,712.0,9.0,0.1745454545454545,0.3548387096774194,152.0,0.0,0.0,-1.0,0
30000.0,60.0,11.99,667.19,9.0,10.0,0.0,105000.0,2.0,2.0,21.83,9.0,1.0,354.0,1.1,25.0,0.0,0.0,2.0,1.0,732.0,9.0,0.2857142857142857,0.36,253.0,0.0039525691699604,0.0039525691699604,1.0,1
20000.0,60.0,25.82,596.68,23.0,4.0,1.0,80000.0,1.0,0.0,24.35,9.0,0.0,17520.0,82.6,18.0,0.0,0.0,0.0,0.0,662.0,9.0,0.25,0.5,205.0,0.0,0.0,-1.0,1
15000.0,36.0,7.35,465.57,3.0,0.0,1.0,58000.0,0.0,4.0,19.66,26.0,0.0,14988.0,48.3,57.0,1.0,0.0,0.0,0.0,712.0,9.0,0.2586206896551724,0.4561403508771929,134.0,0.0,0.0,-1.0,0
12000.0,60.0,12.62,270.71,10.0,0.0,0.0,65000.0,0.0,2.0,23.71,23.0,0.0,8412.0,19.7,45.0,0.0,0.0,3.0,0.0,717.0,9.0,0.1846153846153846,0.5111111111111111,212.0,0.0,0.0,-1.0,0
11000.0,60.0,21.45,300.38,19.0,4.0,1.0,70000.0,1.0,0.0,4.41,10.0,0.0,8441.0,57.8,27.0,0.0,0.0,0.0,0.0,662.0,9.0,0.1571428571428571,0.3703703703703703,154.0,0.0,0.0,-1.0,0
12600.0,60.0,29.69,405.26,26.0,1.0,1.0,30000.0,1.0,0.0,21.6,8.0,0.0,14988.0,86.1,12.0,0.0,0.0,0.0,0.0,672.0,9.0,0.42,0.6666666666666666,110.0,0.0,0.0,-1.0,1
10000.0,36.0,10.42,324.65,7.0,10.0,0.0,58000.0,1.0,2.0,18.48,7.0,0.0,12013.0,52.2,21.0,0.0,0.0,1.0,0.0,707.0,9.0,0.1724137931034483,0.3333333333333333,207.0,0.0,0.0,-1.0,0
15000.0,36.0,14.08,513.25,12.0,10.0,1.0,70000.0,0.0,0.0,13.03,23.0,0.0,13780.0,57.9,40.0,0.0,0.0,0.0,0.0,687.0,10.0,0.2142857142857142,0.575,129.0,0.0,0.0,-1.0,0
5000.0,36.0,9.93,161.18,6.0,10.0,1.0,63000.0,1.0,10.0,13.26,13.0,0.0,10419.0,42.2,15.0,0.0,0.0,0.0,0.0,727.0,10.0,0.0793650793650793,0.8666666666666667,168.0,0.0,0.0,-1.0,0
10050.0,36.0,19.03,368.55,17.0,2.0,1.0,57200.0,0.0,0.0,23.23,21.0,0.0,10516.0,23.0,35.0,0.0,0.0,1.0,0.0,747.0,10.0,0.1756993006993007,0.6,153.0,0.0,0.0,-1.0,1
10000.0,36.0,15.05,346.9,13.0,1.0,1.0,25000.0,1.0,0.0,34.04,5.0,0.0,4486.0,34.5,8.0,0.0,0.0,0.0,0.0,722.0,10.0,0.4,0.625,117.0,0.0,0.0,-1.0,0
6094.994140625,36.0,7.35,189.17334411621093,3.0,3.0,0.0,660313.5,1.0,4.0,82.67076232910156,8.0,1.0,175478.75,22.206136322021486,18.0,0.0,0.0,1.0,1.0,712.0,10.0,0.009230450292428305,0.4444444444444444,318.0,0.0031446540880503,0.0031446540880503,1.0,0
5050.0,36.0,10.91,165.12,8.0,7.0,1.0,36861.0,1.0,9.0,11.92,7.0,0.0,10329.0,42.5,11.0,1.0,0.0,0.0,0.0,707.0,10.0,0.1370011665445864,0.6363636363636364,121.0,0.0,0.0,-1.0,0
4800.0,36.0,21.45,181.96,19.0,3.0,1.0,38000.0,0.0,3.0,20.37,6.0,0.0,9678.0,93.1,12.0,1.0,0.0,0.0,0.0,662.0,10.0,0.1263157894736842,0.5,237.0,0.0,0.0,-1.0,0
8000.0,36.0,12.62,268.09,10.0,7.0,1.0,50000.0,0.0,4.0,14.74,9.0,1.0,3975.0,30.8,13.0,0.0,0.0,0.0,1.0,672.0,10.0,0.16,0.6923076923076923,164.0,0.0060975609756097,0.0060975609756097,1.0,1
7465.7451171875,36.0,11.99,247.9343701171875,9.0,4.0,0.0,344971.375,1.0,0.0,15.130123367309569,10.0,0.0,290255.03125,60.75361099243164,27.0,1.0,0.0,2.0,0.0,672.0,10.0,0.021641635894775385,0.37037036816279095,138.0,0.0,0.0,-1.0,0
23000.0,36.0,7.97,720.42,4.0,2.0,1.0,73000.0,2.0,5.0,15.68,11.0,0.0,19874.0,46.0,18.0,0.0,0.0,0.0,0.0,697.0,10.0,0.3150684931506849,0.6111111111111112,167.0,0.0,0.0,-1.0,0
39600.0,36.0,10.91,1294.77,8.0,10.0,0.0,107000.0,2.0,0.0,38.5,12.0,0.0,10090.0,19.0,28.0,0.0,0.0,1.0,0.0,807.0,10.0,0.3700934579439252,0.4285714285714285,228.0,0.0,0.0,-1.0,1
25000.0,60.0,11.99,555.99,9.0,4.0,0.0,75000.0,1.0,4.0,23.94,15.0,0.0,19198.0,33.2,37.0,0.0,0.0,1.0,0.0,707.0,10.0,0.3333333333333333,0.4054054054054054,164.0,0.0,0.0,-1.0,0
8020.83642578125,36.0,13.59,272.5386389160156,11.0,6.0,0.0,949709.0,1.0,0.0,12.203007431030272,8.0,0.0,218768.234375,62.6186767578125,11.0,1.0,0.0,5.0,0.0,697.0,10.0,0.00844557152854064,0.7272727543657477,69.0,0.0,0.0,-1.0,0
35000.0,36.0,10.42,1136.27,7.0,2.0,0.0,145000.0,1.0,4.0,27.63,14.0,0.0,28073.0,49.3,39.0,1.0,1.0,4.0,0.0,747.0,10.0,0.2413793103448276,0.358974358974359,262.0,0.0,0.0,-1.0,0
12800.0,36.0,14.08,437.98,12.0,3.0,1.0,63000.0,0.0,0.0,18.88,19.0,0.0,5766.0,19.5,22.0,0.0,0.0,0.0,0.0,662.0,10.0,0.2031746031746031,0.8636363636363636,154.0,0.0,0.0,-1.0,0
40000.0,36.0,9.93,1289.38,6.0,5.0,0.0,120000.0,1.0,2.0,5.88,12.0,0.0,19060.0,43.9,19.0,0.0,0.0,2.0,0.0,722.0,10.0,0.3333333333333333,0.631578947368421,60.0,0.0,0.0,-1.0,1
35000.0,36.0,9.44,1120.18,5.0,3.0,0.0,184000.0,1.0,0.0,19.67,14.0,0.0,31812.0,67.0,31.0,0.0,0.0,1.0,0.0,677.0,10.0,0.1902173913043478,0.4516129032258064,194.0,0.0,0.0,-1.0,1
8000.0,36.0,13.59,271.84,11.0,9.0,2.0,40000.0,0.0,0.0,19.89,6.0,0.0,7439.0,80.9,18.0,0.0,0.0,1.0,0.0,667.0,10.0,0.2,0.3333333333333333,171.0,0.0,0.0,-1.0,1
12000.0,36.0,6.08,365.5,1.0,10.0,0.0,60000.0,0.0,4.0,37.48,10.0,0.0,24370.0,72.5,31.0,1.0,1.0,4.0,0.0,732.0,10.0,0.2,0.3225806451612903,273.0,0.0,0.0,-1.0,0
6000.0,36.0,11.99,199.26,9.0,10.0,2.0,30000.0,1.0,4.0,11.36,5.0,0.0,11981.0,21.8,16.0,0.0,0.0,0.0,0.0,697.0,10.0,0.2,0.3125,180.0,0.0,0.0,-1.0,0
4113.0966796875,36.0,12.62,137.8351257324219,10.0,6.0,1.0,1112467.0,2.0,10.0,32.09410018920899,9.0,0.0,75065.734375,18.91738166809082,19.0,0.0,0.0,1.0,0.0,712.0,10.0,0.0036972759633360774,0.47368419766426084,107.0,0.0,0.0,-1.0,0
24863.146484375,60.0,9.93,527.4109423828126,6.0,10.0,2.0,209739.234375,1.0,4.0,28.87880027770996,16.0,0.0,38625.04296875,41.06343078613281,35.0,0.0,0.0,4.0,0.0,707.0,10.0,0.11854312462466099,0.457142845247731,178.0,0.0,0.0,-1.0,0
20000.0,60.0,7.35,399.34,3.0,4.0,0.0,125000.0,0.0,4.0,14.52,19.0,0.0,9863.0,13.1,28.0,0.0,0.0,4.0,0.0,717.0,10.0,0.16,0.6785714285714286,282.0,0.0,0.0,-1.0,0
8000.0,36.0,9.44,256.04,5.0,8.0,0.0,80000.0,2.0,0.0,5.99,6.0,1.0,15795.0,88.7,16.0,0.0,0.0,2.0,1.0,702.0,10.0,0.1,0.375,155.0,0.0064516129032258,0.0064516129032258,1.0,0
40000.0,36.0,7.97,1252.91,4.0,0.0,0.0,118000.0,0.0,0.0,5.44,12.0,0.0,12904.0,54.7,33.0,0.0,0.0,2.0,0.0,727.0,10.0,0.3389830508474576,0.3636363636363636,130.0,0.0,0.0,-1.0,0
4000.0,36.0,6.72,123.0,2.0,7.0,0.0,60000.0,0.0,0.0,14.82,12.0,0.0,7430.0,19.1,25.0,0.0,0.0,3.0,0.0,682.0,10.0,0.0666666666666666,0.48,204.0,0.0,0.0,-1.0,0
15000.0,60.0,21.45,409.61,19.0,0.0,1.0,48000.0,0.0,0.0,14.61,8.0,0.0,10756.0,54.9,15.0,0.0,0.0,0.0,0.0,672.0,10.0,0.3125,0.5333333333333333,67.0,0.0,0.0,-1.0,1
23200.0,36.0,18.06,839.44,16.0,10.0,0.0,58000.0,2.0,1.0,27.64,18.0,0.0,36728.0,54.0,29.0,0.0,0.0,2.0,0.0,677.0,10.0,0.4,0.6206896551724138,371.0,0.0,0.0,-1.0,1
8400.0,36.0,7.35,260.72,3.0,1.0,2.0,34000.0,0.0,0.0,16.13,6.0,0.0,6120.0,61.2,10.0,0.0,0.0,0.0,0.0,712.0,10.0,0.2470588235294117,0.6,75.0,0.0,0.0,-1.0,0
12000.0,60.0,19.03,311.49,17.0,0.0,0.0,69800.0,0.0,0.0,26.58,21.0,0.0,47880.0,45.6,30.0,0.0,1.0,2.0,0.0,697.0,10.0,0.1719197707736389,0.7,173.0,0.0,0.0,-1.0,1
32000.0,60.0,28.72,1010.3,25.0,2.0,0.0,50000.0,1.0,4.0,44.34,15.0,1.0,16930.0,42.0,24.0,0.0,1.0,2.0,1.0,672.0,10.0,0.64,0.625,113.0,0.0088495575221238,0.0088495575221238,1.0,1
9000.0,36.0,12.62,301.61,10.0,2.0,2.0,40000.0,1.0,4.0,13.77,10.0,0.0,5335.0,99.0,10.0,1.0,0.0,0.0,0.0,682.0,10.0,0.225,1.0,74.0,0.0,0.0,-1.0,1
30000.0,60.0,19.03,778.72,17.0,10.0,0.0,127000.0,0.0,4.0,28.95,28.0,0.0,42433.0,63.4,44.0,0.0,0.0,3.0,0.0,687.0,10.0,0.2362204724409448,0.6363636363636364,176.0,0.0,0.0,-1.0,0
10000.0,36.0,6.72,307.5,2.0,2.0,1.0,97500.0,0.0,5.0,19.93,13.0,0.0,9423.0,17.3,18.0,0.0,0.0,0.0,0.0,772.0,10.0,0.1025641025641025,0.7222222222222222,134.0,0.0,0.0,-1.0,0
8000.0,36.0,15.05,277.52,13.0,10.0,0.0,230000.0,1.0,4.0,22.79,14.0,0.0,42920.0,63.6,25.0,1.0,0.0,5.0,0.0,667.0,10.0,0.0347826086956521,0.56,255.0,0.0,0.0,-1.0,0
40000.0,36.0,6.72,1229.97,2.0,1.0,1.0,170000.0,1.0,1.0,18.09,6.0,0.0,1152.0,38.4,18.0,0.0,0.0,0.0,0.0,757.0,10.0,0.2352941176470588,0.3333333333333333,189.0,0.0,0.0,-1.0,0
14961.7275390625,36.0,6.72,460.06354736328126,2.0,10.0,2.0,673443.5625,0.0,0.0,23.062764701843264,7.0,0.0,62286.109375,24.71612129211426,22.0,0.0,0.0,0.0,0.0,722.0,10.0,0.0222167814931562,0.3181817847139695,381.0,0.0,0.0,-1.0,0
20000.0,36.0,12.62,670.23,10.0,4.0,1.0,140000.0,1.0,0.0,8.13,9.0,0.0,17908.0,42.8,12.0,1.0,0.0,0.0,0.0,687.0,11.0,0.1428571428571428,0.75,156.0,0.0,0.0,-1.0,1
10000.0,36.0,10.42,324.65,7.0,9.0,1.0,34000.0,1.0,5.0,12.53,32.0,1.0,10514.0,12.2,44.0,0.0,0.0,0.0,1.0,692.0,11.0,0.2941176470588235,0.7272727272727273,261.0,0.003831417624521,0.003831417624521,1.0,0
5000.0,36.0,13.59,169.9,11.0,10.0,1.0,30000.0,1.0,5.0,21.12,10.0,0.0,471.0,5.7,16.0,0.0,0.0,0.0,0.0,712.0,11.0,0.1666666666666666,0.625,178.0,0.0,0.0,-1.0,0
12000.0,36.0,21.45,454.88,19.0,4.0,1.0,85000.0,1.0,0.0,22.38,13.0,0.0,8655.0,26.6,43.0,0.0,0.0,0.0,0.0,692.0,11.0,0.1411764705882353,0.3023255813953488,235.0,0.0,0.0,-1.0,0
30005.734375,60.0,19.03,778.8619067382813,17.0,10.0,2.0,268410.59375,1.0,0.0,22.13596378326416,8.0,0.0,50587.7421875,11.562097549438477,17.0,0.0,0.0,1.0,0.0,732.0,11.0,0.11179042492921529,0.47058823178796205,66.0,0.0,0.0,-1.0,1
15200.0,60.0,26.3,457.8,24.0,9.0,2.0,36500.0,1.0,0.0,11.33,9.0,0.0,6346.0,40.2,13.0,0.0,0.0,0.0,0.0,707.0,11.0,0.4164383561643835,0.6923076923076923,163.0,0.0,0.0,-1.0,0
7986.5107421875,36.0,11.99,265.22876708984376,9.0,6.0,0.0,185689.65625,1.0,7.0,11.888587837219239,5.0,0.0,752.056884765625,35.42064247131348,14.0,1.0,1.0,1.0,0.0,707.0,11.0,0.043009985089302066,0.35714286336532003,100.0,0.0,0.0,-1.0,0
11332.5546875,36.0,11.99,376.34950561523436,9.0,1.0,1.0,720407.875,1.0,4.0,49.39964096069336,24.0,0.0,60826.3125,58.2489616394043,52.0,1.0,0.0,2.0,0.0,682.0,11.0,0.01573075723868829,0.4615384615384615,305.0,0.0,0.0,-1.0,0
17975.0,36.0,9.93,579.42,6.0,10.0,1.0,38000.0,2.0,5.0,4.14,6.0,0.0,0.0,0.0,8.0,0.0,0.0,0.0,0.0,747.0,11.0,0.4730263157894737,0.75,75.0,0.0,0.0,-1.0,1
10000.0,60.0,9.93,212.13,6.0,1.0,1.0,60200.0,0.0,0.0,10.53,9.0,0.0,2317.0,4.8,38.0,0.0,0.0,0.0,0.0,682.0,11.0,0.1661129568106312,0.2368421052631578,369.0,0.0,0.0,-1.0,0
5000.0,36.0,12.62,167.56,10.0,10.0,2.0,21000.0,2.0,0.0,23.54,4.0,0.0,2736.0,45.3,15.0,1.0,0.0,0.0,0.0,717.0,11.0,0.238095238095238,0.2666666666666666,121.0,0.0,0.0,-1.0,0
10000.0,36.0,24.85,396.81,22.0,5.0,0.0,109400.0,0.0,2.0,16.06,11.0,0.0,12711.0,73.9,27.0,1.0,0.0,0.0,0.0,667.0,11.0,0.0914076782449725,0.4074074074074074,175.0,0.0,0.0,-1.0,1
20000.0,60.0,14.08,466.2,12.0,10.0,0.0,60000.0,2.0,2.0,12.26,8.0,1.0,3055.0,21.8,18.0,0.0,0.0,0.0,1.0,717.0,11.0,0.3333333333333333,0.4444444444444444,200.0,0.005,0.005,1.0,1
7250.427734375,36.0,12.62,242.97414306640624,10.0,10.0,1.0,19460.71484375,0.0,0.0,23.471404991149903,7.0,0.0,122314.375,57.835208892822266,22.0,0.0,0.0,0.0,0.0,697.0,11.0,144.01754847935268,0.31440948446591693,148.0,0.0,0.0,-1.0,0
20000.0,60.0,11.99,444.79,9.0,2.0,1.0,160000.0,0.0,0.0,20.15,21.0,0.0,31656.0,38.2,38.0,0.0,0.0,3.0,0.0,722.0,11.0,0.125,0.5526315789473685,380.0,0.0,0.0,-1.0,0
3000.0,36.0,13.59,101.94,11.0,2.0,2.0,28000.0,1.0,0.0,31.4,4.0,0.0,3179.0,67.6,6.0,0.0,0.0,0.0,0.0,692.0,11.0,0.1071428571428571,0.6666666666666666,54.0,0.0,0.0,-1.0,0
4000.0,36.0,6.08,121.84,1.0,4.0,1.0,122000.0,0.0,4.0,6.53,8.0,0.0,7503.0,16.5,19.0,0.0,0.0,0.0,0.0,727.0,11.0,0.0327868852459016,0.4210526315789473,284.0,0.0,0.0,-1.0,0
13775.0,36.0,16.02,484.43,14.0,10.0,0.0,80000.0,2.0,0.0,23.39,10.0,0.0,12100.0,49.2,25.0,1.0,0.0,4.0,0.0,662.0,11.0,0.1721875,0.4,189.0,0.0,0.0,-1.0,0
14000.0,36.0,17.09,499.77,15.0,5.0,2.0,72000.0,0.0,0.0,22.5,9.0,0.0,12272.0,29.1,30.0,0.0,0.0,0.0,0.0,692.0,11.0,0.1944444444444444,0.3,211.0,0.0,0.0,-1.0,0
25071.73046875,36.0,16.02,881.6947705078124,14.0,10.0,1.0,256072.484375,2.0,0.0,19.1786767578125,8.0,0.0,94144.953125,42.035285568237306,18.0,1.0,0.0,0.0,0.0,727.0,11.0,0.09790871824537006,0.4444444444444444,173.0,0.0,0.0,-1.0,1
16000.0,36.0,14.08,547.47,12.0,10.0,0.0,80000.0,2.0,5.0,14.15,24.0,0.0,16274.0,34.3,38.0,0.0,0.0,1.0,0.0,672.0,11.0,0.2,0.631578947368421,134.0,0.0,0.0,-1.0,0
6000.0,36.0,7.35,186.23,3.0,4.0,1.0,90000.0,1.0,5.0,14.32,20.0,0.0,5308.0,10.9,58.0,0.0,0.0,0.0,0.0,737.0,11.0,0.0666666666666666,0.3448275862068966,207.0,0.0,0.0,-1.0,0
40000.0,60.0,9.93,848.51,6.0,2.0,0.0,400000.0,2.0,0.0,6.87,5.0,0.0,77703.0,36.6,12.0,0.0,0.0,2.0,0.0,742.0,11.0,0.1,0.4166666666666667,313.0,0.0,0.0,-1.0,0
10540.3828125,36.0,9.93,339.7611181640625,6.0,1.0,1.0,615212.8125,1.0,0.0,48.13126808166504,10.0,0.0,321747.375,85.20854187011719,21.0,0.0,0.0,3.0,0.0,687.0,11.0,0.017132890458200406,0.4761904761904761,152.0,0.0,0.0,-1.0,0
24000.0,60.0,28.72,757.72,25.0,6.0,0.0,120000.0,1.0,0.0,27.27,15.0,0.0,30959.0,67.2,25.0,0.0,0.0,2.0,0.0,707.0,11.0,0.2,0.6,221.0,0.0,0.0,-1.0,1
8500.0,36.0,9.93,274.0,6.0,7.0,0.0,65000.0,0.0,0.0,3.32,8.0,1.0,10771.0,41.6,26.0,1.0,0.0,2.0,1.0,677.0,11.0,0.1307692307692307,0.3076923076923077,209.0,0.0047846889952153,0.0047846889952153,1.0,0
1584.257080078125,36.0,10.91,51.79928649902344,8.0,1.0,1.0,501317.15625,0.0,2.0,33.61574592590332,9.0,0.0,124814.5546875,51.0327262878418,10.0,0.0,0.0,3.0,0.0,687.0,11.0,0.00316018834710121,0.8999999642372132,85.0,0.0,0.0,-1.0,1
6000.0,36.0,10.91,196.18,8.0,9.0,1.0,80000.0,0.0,0.0,7.44,5.0,0.0,6079.0,90.7,19.0,0.0,0.0,1.0,0.0,667.0,11.0,0.075,0.2631578947368421,180.0,0.0,0.0,-1.0,0
20000.0,36.0,6.08,609.17,1.0,10.0,0.0,250000.0,1.0,4.0,11.33,33.0,0.0,33259.0,21.4,54.0,0.0,0.0,0.0,0.0,722.0,11.0,0.08,0.6111111111111112,316.0,0.0,0.0,-1.0,0
9000.0,36.0,13.59,305.81,11.0,5.0,0.0,58000.0,2.0,4.0,28.8,18.0,0.0,28381.0,52.2,27.0,0.0,0.0,1.0,0.0,662.0,11.0,0.1551724137931034,0.6666666666666666,63.0,0.0,0.0,-1.0,0
16737.681640625,36.0,15.05,580.627626953125,13.0,10.0,2.0,203728.203125,0.0,0.0,32.6297216796875,12.0,0.0,0.0,13.527286911010743,21.0,1.0,0.0,0.0,0.0,727.0,11.0,0.08215693340582003,0.5714285714285714,188.0,0.0,0.0,-1.0,0
20000.0,60.0,9.93,424.26,6.0,0.0,1.0,130000.0,1.0,4.0,14.88,13.0,0.0,13413.0,34.8,20.0,0.0,0.0,1.0,0.0,742.0,11.0,0.1538461538461538,0.65,173.0,0.0,0.0,-1.0,0
2675.0,36.0,10.91,87.47,8.0,3.0,0.0,40000.0,2.0,0.0,17.46,18.0,1.0,3074.0,10.4,30.0,1.0,0.0,2.0,1.0,727.0,11.0,0.066875,0.6,169.0,0.0059171597633136,0.0059171597633136,1.0,0
18000.0,36.0,23.88,705.06,21.0,4.0,1.0,48000.0,2.0,0.0,29.09,6.0,0.0,19450.0,94.4,12.0,1.0,0.0,0.0,0.0,662.0,11.0,0.375,0.5,79.0,0.0,0.0,-1.0,0
6000.0,36.0,16.02,211.01,14.0,2.0,1.0,60000.0,0.0,4.0,3.26,6.0,0.0,2623.0,72.9,8.0,0.0,0.0,0.0,0.0,682.0,11.0,0.1,0.75,134.0,0.0,0.0,-1.0,1
20997.962890625,36.0,7.97,657.7127392578125,4.0,10.0,0.0,280867.25,2.0,0.0,74.9851431274414,13.0,0.0,17848.240234375,7.341390609741211,33.0,0.0,0.0,2.0,0.0,777.0,11.0,0.07476116786251502,0.3939393930362932,342.0,0.0,0.0,-1.0,0
7000.0,36.0,15.05,242.83,13.0,10.0,2.0,63399.0,1.0,6.0,23.62,11.0,1.0,14805.0,30.8,21.0,0.0,0.0,0.0,1.0,712.0,0.0,0.1104118361488351,0.5238095238095238,251.0,0.0039840637450199,0.0039840637450199,1.0,0
7000.0,36.0,10.42,227.26,7.0,8.0,1.0,62000.0,1.0,0.0,5.21,6.0,0.0,7063.0,78.5,14.0,0.0,0.0,1.0,0.0,677.0,0.0,0.1129032258064516,0.4285714285714285,361.0,0.0,0.0,-1.0,0
36000.0,36.0,9.93,1160.44,6.0,10.0,2.0,84000.0,1.0,5.0,20.48,13.0,1.0,11000.0,22.6,30.0,0.0,0.0,0.0,1.0,712.0,0.0,0.4285714285714285,0.4333333333333333,180.0,0.0055555555555555,0.0055555555555555,1.0,1
10000.0,36.0,7.97,313.23,4.0,9.0,0.0,198875.0,1.0,5.0,11.98,12.0,0.0,28321.0,46.4,26.0,0.0,0.0,6.0,0.0,702.0,0.0,0.0502828409805154,0.4615384615384615,150.0,0.0,0.0,-1.0,0
10000.0,60.0,30.65,327.54,28.0,4.0,0.0,90000.0,1.0,0.0,5.61,6.0,0.0,7037.0,27.4,17.0,0.0,1.0,1.0,0.0,667.0,0.0,0.1111111111111111,0.3529411764705882,146.0,0.0,0.0,-1.0,0
10111.6005859375,36.0,16.02,355.59352294921877,14.0,5.0,1.0,571233.375,1.0,0.0,27.558273849487303,8.0,0.0,38857.484375,59.832034301757815,19.0,0.0,0.0,1.0,0.0,727.0,0.0,0.017701315028326836,0.4210526315789473,164.0,0.0,0.0,-1.0,0
5000.0,36.0,16.02,175.84,14.0,4.0,1.0,58000.0,1.0,0.0,11.88,7.0,0.0,5223.0,45.8,11.0,1.0,0.0,0.0,0.0,667.0,0.0,0.0862068965517241,0.6363636363636364,150.0,0.0,0.0,-1.0,0
4534.4619140625,36.0,9.44,145.12576416015625,5.0,10.0,0.0,176974.046875,1.0,2.0,33.88781265258789,16.0,0.0,211306.140625,35.74214859008789,34.0,0.0,0.0,1.0,0.0,712.0,0.0,0.025622184221681714,0.4705882352941176,153.0,0.0,0.0,-1.0,0
11998.4765625,60.0,19.03,311.4456579589844,17.0,10.0,0.0,139410.0,2.0,4.0,20.92981575012207,9.0,1.0,0.0,70.57356109619141,25.0,0.0,0.0,2.0,1.0,667.0,0.0,0.08606611026657951,0.36,312.0,0.0032051282051282,0.0032051282051282,1.0,0
20000.0,36.0,10.91,653.93,8.0,5.0,0.0,69000.0,1.0,0.0,26.31,7.0,1.0,17127.0,76.8,26.0,0.0,0.0,1.0,1.0,692.0,0.0,0.2898550724637681,0.2692307692307692,206.0,0.0048543689320388,0.0048543689320388,1.0,0
40000.0,60.0,16.02,973.15,14.0,5.0,0.0,220000.0,1.0,0.0,23.31,36.0,0.0,273883.0,43.4,64.0,0.0,0.0,2.0,0.0,702.0,0.0,0.1818181818181818,0.5625,513.0,0.0,0.0,-1.0,0
14000.0,36.0,10.91,457.75,8.0,10.0,0.0,105000.0,0.0,0.0,11.33,25.0,0.0,416.0,0.7,47.0,0.0,0.0,5.0,0.0,737.0,0.0,0.1333333333333333,0.5319148936170213,176.0,0.0,0.0,-1.0,0
8000.0,36.0,20.0,297.31,18.0,10.0,0.0,75480.0,2.0,5.0,29.7,16.0,2.0,12926.0,52.1,24.0,0.0,1.0,0.0,2.0,692.0,0.0,0.1059883412824589,0.6666666666666666,331.0,0.0060422960725075,0.0060422960725075,1.0,0
8000.0,36.0,21.45,303.26,19.0,7.0,0.0,60000.0,1.0,5.0,26.0,16.0,0.0,15643.0,49.7,40.0,0.0,0.0,1.0,0.0,662.0,0.0,0.1333333333333333,0.4,251.0,0.0,0.0,-1.0,0
28000.0,36.0,7.35,869.05,3.0,7.0,2.0,265000.0,0.0,4.0,8.25,8.0,0.0,35527.0,64.4,35.0,0.0,0.0,5.0,0.0,727.0,0.0,0.1056603773584905,0.2285714285714285,222.0,0.0,0.0,-1.0,0
12000.0,36.0,10.42,389.58,7.0,7.0,1.0,35000.0,0.0,0.0,15.53,5.0,1.0,6466.0,43.0,10.0,1.0,0.0,0.0,1.0,707.0,0.0,0.3428571428571428,0.5,464.0,0.0021551724137931,0.0021551724137931,1.0,0
13500.0,36.0,19.03,495.07,17.0,10.0,0.0,64500.0,2.0,0.0,27.19,29.0,0.0,20295.0,25.4,46.0,1.0,0.0,2.0,0.0,672.0,0.0,0.2093023255813953,0.6304347826086957,157.0,0.0,0.0,-1.0,0
10000.0,36.0,6.08,304.59,1.0,10.0,2.0,78000.0,0.0,4.0,20.51,16.0,0.0,101055.0,32.2,41.0,0.0,0.0,1.0,0.0,712.0,0.0,0.1282051282051282,0.3902439024390244,282.0,0.0,0.0,-1.0,0
2000.0,36.0,12.62,67.03,10.0,2.0,1.0,17904.0,0.0,9.0,6.64,3.0,0.0,3060.0,12.3,8.0,1.0,0.0,0.0,0.0,682.0,0.0,0.1117068811438784,0.375,149.0,0.0,0.0,-1.0,0
18184.58203125,60.0,18.06,462.36158935546877,16.0,10.0,2.0,1193835.0,0.0,0.0,68.3205191040039,13.0,2.0,77976.765625,55.971522903442384,40.0,0.0,0.0,4.0,2.0,672.0,0.0,0.015232068300247203,0.32499998180489786,281.0,0.0071174377224199,0.0071174377224199,1.0,1
14000.0,60.0,7.35,279.54,3.0,3.0,0.0,84060.0,1.0,4.0,12.62,6.0,0.0,8244.0,12.4,12.0,1.0,0.0,2.0,0.0,832.0,0.0,0.1665477040209374,0.5,200.0,0.0,0.0,-1.0,1
10000.0,60.0,16.02,243.29,14.0,4.0,2.0,27000.0,2.0,5.0,22.93,10.0,1.0,2733.0,33.3,24.0,0.0,0.0,2.0,1.0,667.0,0.0,0.3703703703703703,0.4166666666666667,147.0,0.0068027210884353,0.0068027210884353,1.0,0
5000.0,36.0,19.03,183.36,17.0,0.0,2.0,70000.0,0.0,2.0,7.71,11.0,0.0,2524.0,14.3,21.0,1.0,0.0,0.0,0.0,662.0,0.0,0.0714285714285714,0.5238095238095238,125.0,0.0,0.0,-1.0,1
14000.0,60.0,11.99,311.36,9.0,6.0,0.0,62000.0,2.0,3.0,5.57,4.0,0.0,241.0,16.1,8.0,0.0,0.0,2.0,0.0,752.0,0.0,0.2258064516129032,0.5,50.0,0.0,0.0,-1.0,0
6000.0,36.0,13.59,203.88,11.0,4.0,1.0,90000.0,0.0,5.0,19.98,5.0,0.0,29294.0,78.5,23.0,1.0,0.0,0.0,0.0,682.0,0.0,0.0666666666666666,0.217391304347826,209.0,0.0,0.0,-1.0,0
30800.0,36.0,10.91,1007.05,8.0,10.0,1.0,199000.0,2.0,0.0,5.81,12.0,0.0,15158.0,27.0,38.0,0.0,0.0,4.0,0.0,672.0,0.0,0.1547738693467336,0.3157894736842105,279.0,0.0,0.0,-1.0,0
40000.0,36.0,6.08,1218.33,1.0,1.0,1.0,85000.0,2.0,6.0,13.48,8.0,1.0,2290.0,8.8,14.0,0.0,0.0,0.0,1.0,732.0,0.0,0.4705882352941176,0.5714285714285714,135.0,0.0074074074074074,0.0074074074074074,1.0,0
15000.0,36.0,6.08,456.88,1.0,1.0,0.0,79000.0,0.0,5.0,10.48,9.0,0.0,42924.0,10.8,10.0,0.0,0.0,1.0,0.0,757.0,0.0,0.189873417721519,0.9,116.0,0.0,0.0,-1.0,0
20000.0,36.0,6.08,609.17,1.0,0.0,0.0,116280.0,0.0,0.0,8.49,19.0,0.0,12069.0,12.5,42.0,0.0,0.0,1.0,0.0,757.0,0.0,0.1719986240110079,0.4523809523809524,152.0,0.0,0.0,-1.0,0
37708.0859375,60.0,26.3,1135.7054443359375,24.0,1.0,0.0,1554599.375,2.0,4.0,18.187157211303713,13.0,0.0,402392.75,80.47235565185547,52.0,0.0,1.0,7.0,0.0,692.0,0.0,0.02425582433233453,0.24999999634499817,133.0,0.0,0.0,-1.0,0
7500.0,36.0,14.08,256.63,12.0,1.0,2.0,24000.0,0.0,0.0,29.95,9.0,0.0,772.0,9.2,28.0,0.0,1.0,1.0,0.0,742.0,0.0,0.3125,0.3214285714285714,179.0,0.0,0.0,-1.0,0
12000.0,36.0,6.08,365.5,1.0,8.0,0.0,150000.0,0.0,2.0,13.92,14.0,0.0,19190.0,42.6,44.0,0.0,0.0,1.0,0.0,717.0,0.0,0.08,0.3181818181818182,258.0,0.0,0.0,-1.0,0
5000.0,36.0,5.32,150.58,0.0,10.0,2.0,37000.0,0.0,2.0,0.0,2.0,0.0,0.0,0.0,21.0,1.0,0.0,0.0,0.0,767.0,1.0,0.1351351351351351,0.0952380952380952,127.0,0.0,0.0,-1.0,0
5000.0,36.0,10.91,163.49,8.0,2.0,2.0,85000.0,1.0,2.0,17.09,11.0,0.0,81965.0,61.3,30.0,0.0,0.0,3.0,0.0,712.0,1.0,0.0588235294117647,0.3666666666666666,288.0,0.0,0.0,-1.0,0
20000.0,36.0,9.93,644.69,6.0,5.0,0.0,80000.0,1.0,0.0,9.65,15.0,1.0,18923.0,58.0,21.0,0.0,0.0,0.0,1.0,667.0,1.0,0.25,0.7142857142857143,126.0,0.0079365079365079,0.0079365079365079,1.0,0
5500.0,36.0,14.08,188.2,12.0,3.0,0.0,54500.0,1.0,0.0,5.0,7.0,0.0,530.0,18.9,10.0,0.0,0.0,2.0,0.0,692.0,1.0,0.1009174311926605,0.7,166.0,0.0,0.0,-1.0,0
18000.0,36.0,7.35,558.68,3.0,10.0,1.0,110000.0,0.0,0.0,10.92,12.0,0.0,10798.0,26.5,17.0,0.0,0.0,0.0,0.0,722.0,1.0,0.1636363636363636,0.7058823529411765,272.0,0.0,0.0,-1.0,0
6000.0,36.0,7.34,186.2,3.0,10.0,2.0,60000.0,1.0,5.0,4.81,5.0,0.0,8933.0,68.2,12.0,0.0,0.0,3.0,0.0,712.0,1.0,0.1,0.4166666666666667,265.0,0.0,0.0,-1.0,0
25000.0,60.0,12.61,563.85,10.0,1.0,1.0,130000.0,1.0,0.0,7.37,5.0,0.0,2002.0,29.9,10.0,0.0,0.0,1.0,0.0,692.0,1.0,0.1923076923076923,0.5,198.0,0.0,0.0,-1.0,0
10000.0,36.0,16.01,351.62,14.0,4.0,1.0,28000.0,1.0,0.0,12.86,9.0,0.0,8155.0,61.8,15.0,0.0,0.0,0.0,0.0,662.0,1.0,0.3571428571428571,0.6,130.0,0.0,0.0,-1.0,0
17500.0,60.0,21.85,481.84,19.0,3.0,1.0,36016.55,0.0,5.0,33.79,6.0,0.0,19252.0,78.6,16.0,0.0,0.0,0.0,0.0,697.0,1.0,0.4858877377205756,0.375,233.0,0.0,0.0,-1.0,1
40000.0,36.0,9.93,1289.38,6.0,0.0,0.0,105000.0,1.0,2.0,16.12,12.0,0.0,28662.0,65.1,24.0,0.0,0.0,3.0,0.0,692.0,1.0,0.3809523809523809,0.5,237.0,0.0,0.0,-1.0,0
23200.0,60.0,11.99,515.96,9.0,4.0,1.0,62400.0,2.0,3.0,2.27,3.0,1.0,5877.0,16.8,9.0,0.0,0.0,0.0,1.0,692.0,1.0,0.3717948717948718,0.3333333333333333,126.0,0.0079365079365079,0.0079365079365079,1.0,0
16099.30078125,36.0,16.02,566.1598583984374,14.0,5.0,2.0,325821.9375,2.0,3.0,38.40696990966797,6.0,0.0,12044.802734375,15.255136489868164,10.0,0.0,0.0,0.0,0.0,717.0,1.0,0.04941134254137669,0.600000003973643,102.0,0.0,0.0,-1.0,1
18000.0,60.0,12.62,406.07,10.0,5.0,1.0,10000.0,0.0,0.0,218.21,9.0,0.0,30316.0,35.6,11.0,1.0,1.0,0.0,0.0,712.0,1.0,1.8,0.8181818181818182,152.0,0.0,0.0,-1.0,1
6025.0,36.0,13.59,204.73,11.0,0.0,1.0,80000.0,1.0,0.0,5.87,8.0,0.0,4325.0,24.2,29.0,0.0,0.0,1.0,0.0,667.0,1.0,0.0753125,0.2758620689655172,175.0,0.0,0.0,-1.0,0
12000.0,60.0,21.45,327.69,19.0,2.0,2.0,60000.0,0.0,4.0,22.42,8.0,0.0,12188.0,80.2,35.0,0.0,0.0,1.0,0.0,697.0,1.0,0.2,0.2285714285714285,179.0,0.0,0.0,-1.0,0
6000.0,36.0,9.93,193.41,6.0,10.0,1.0,164200.0,0.0,5.0,12.07,5.0,0.0,9341.0,71.9,16.0,0.0,0.0,0.0,0.0,722.0,1.0,0.0365408038976857,0.3125,90.0,0.0,0.0,-1.0,0
10000.0,60.0,18.06,254.27,16.0,3.0,0.0,50000.0,0.0,0.0,27.77,11.0,0.0,5926.0,30.1,19.0,0.0,0.0,2.0,0.0,727.0,1.0,0.2,0.5789473684210527,185.0,0.0,0.0,-1.0,0
3354.795654296875,36.0,21.45,127.16882202148437,19.0,1.0,1.0,892984.125,1.0,10.0,6.4568331527709955,1.0,0.0,110341.3125,48.05418930053711,3.0,1.0,0.0,3.0,0.0,692.0,1.0,0.0037568354835876144,0.33333332339922583,68.0,0.0,0.0,-1.0,0
27000.0,36.0,9.93,870.33,6.0,10.0,0.0,117000.0,0.0,0.0,9.99,4.0,0.0,26810.0,75.3,9.0,0.0,0.0,0.0,0.0,717.0,1.0,0.2307692307692307,0.4444444444444444,219.0,0.0,0.0,-1.0,0
7200.0,36.0,21.45,272.93,19.0,10.0,2.0,71500.0,0.0,0.0,13.93,6.0,0.0,9822.0,66.8,18.0,0.0,0.0,1.0,0.0,662.0,1.0,0.1006993006993007,0.3333333333333333,173.0,0.0,0.0,-1.0,0
10000.0,36.0,21.45,379.07,19.0,10.0,0.0,100000.0,0.0,0.0,11.27,7.0,0.0,10880.0,65.1,8.0,1.0,0.0,1.0,0.0,677.0,1.0,0.1,0.875,154.0,0.0,0.0,-1.0,0
20623.8671875,36.0,18.06,746.2224975585938,16.0,10.0,0.0,993333.4375,0.0,2.0,35.48125411987305,22.0,0.0,404553.46875,51.21250610351562,53.0,1.0,1.0,5.0,0.0,712.0,1.0,0.020762283130906306,0.4150943396226415,242.0,0.0,0.0,-1.0,0
25000.0,36.0,9.93,805.86,6.0,10.0,2.0,60000.0,0.0,2.0,6.22,8.0,3.0,13172.0,32.2,13.0,0.0,0.0,1.0,1.0,707.0,1.0,0.4166666666666667,0.6153846153846154,142.0,0.0211267605633802,0.0070422535211267,0.3333333333333333,0
10000.0,36.0,7.35,310.38,3.0,0.0,0.0,140000.0,0.0,4.0,14.08,13.0,0.0,62929.0,72.6,32.0,0.0,0.0,4.0,0.0,692.0,1.0,0.0714285714285714,0.40625,302.0,0.0,0.0,-1.0,0
5000.0,36.0,15.05,173.45,13.0,0.0,1.0,35000.0,0.0,0.0,11.18,20.0,0.0,6381.0,59.6,24.0,1.0,0.0,0.0,0.0,667.0,1.0,0.1428571428571428,0.8333333333333334,103.0,0.0,0.0,-1.0,0
25133.212890625,60.0,19.42,657.7904956054688,17.0,7.0,1.0,776296.0625,2.0,0.0,65.64336578369141,20.0,0.0,342126.125,42.33208389282227,31.0,0.0,0.0,4.0,0.0,712.0,2.0,0.032375785171008475,0.6451612540653774,172.0,0.0,0.0,-1.0,0
7500.0,36.0,12.61,251.3,10.0,10.0,0.0,50000.0,2.0,5.0,26.24,8.0,1.0,2391.0,41.2,11.0,0.0,0.0,1.0,0.0,662.0,2.0,0.15,0.7272727272727273,352.0,0.002840909090909,0.0,0.0,1
6000.0,36.0,9.43,192.01,5.0,4.0,0.0,110000.0,1.0,0.0,5.39,6.0,0.0,5293.0,44.5,13.0,0.0,0.0,3.0,0.0,662.0,2.0,0.0545454545454545,0.4615384615384615,272.0,0.0,0.0,-1.0,0
3750.0,36.0,9.92,120.87,6.0,5.0,0.0,82000.0,1.0,2.0,16.86,14.0,1.0,8901.0,23.5,25.0,0.0,0.0,1.0,1.0,712.0,2.0,0.0457317073170731,0.56,62.0,0.0161290322580645,0.0161290322580645,1.0,0
1500.0,36.0,10.41,48.7,7.0,10.0,0.0,47000.0,0.0,2.0,18.31,13.0,1.0,8924.0,29.2,29.0,1.0,0.0,4.0,1.0,702.0,2.0,0.0319148936170212,0.4482758620689655,267.0,0.0037453183520599,0.0037453183520599,1.0,0
10000.0,60.0,21.85,275.34,19.0,1.0,0.0,60000.0,1.0,0.0,15.64,8.0,0.0,10723.0,61.3,12.0,0.0,0.0,0.0,0.0,677.0,2.0,0.1666666666666666,0.6666666666666666,136.0,0.0,0.0,-1.0,0
25000.0,36.0,11.98,830.12,9.0,10.0,0.0,85000.0,0.0,2.0,28.21,10.0,0.0,1765.0,4.8,33.0,0.0,0.0,3.0,0.0,707.0,2.0,0.2941176470588235,0.303030303030303,172.0,0.0,0.0,-1.0,0
20000.0,36.0,7.34,620.66,3.0,0.0,1.0,95000.0,1.0,5.0,10.19,4.0,0.0,0.0,0.0,23.0,0.0,0.0,0.0,0.0,797.0,2.0,0.2105263157894736,0.1739130434782608,147.0,0.0,0.0,-1.0,0
5000.0,36.0,10.41,162.31,7.0,3.0,2.0,55000.0,0.0,9.0,20.16,10.0,0.0,9473.0,44.3,40.0,0.0,0.0,2.0,0.0,717.0,2.0,0.0909090909090909,0.25,144.0,0.0,0.0,-1.0,0
5000.0,36.0,13.58,169.87,11.0,10.0,0.0,53000.0,1.0,0.0,14.47,10.0,0.0,30247.0,85.9,27.0,1.0,0.0,3.0,0.0,667.0,2.0,0.0943396226415094,0.3703703703703703,201.0,0.0,0.0,-1.0,0
8000.0,36.0,21.85,304.91,19.0,0.0,1.0,72000.0,1.0,5.0,16.02,12.0,0.0,27006.0,79.0,18.0,0.0,0.0,0.0,0.0,672.0,2.0,0.1111111111111111,0.6666666666666666,386.0,0.0,0.0,-1.0,1
10000.0,60.0,21.85,275.34,19.0,10.0,1.0,68000.0,0.0,0.0,38.4,24.0,0.0,17736.0,32.3,31.0,0.0,0.0,0.0,0.0,732.0,2.0,0.1470588235294117,0.7741935483870968,347.0,0.0,0.0,-1.0,1
25000.0,60.0,14.07,582.62,12.0,2.0,0.0,36000.0,1.0,0.0,12.23,12.0,0.0,20007.0,47.4,19.0,0.0,0.0,1.0,0.0,677.0,2.0,0.6944444444444444,0.631578947368421,119.0,0.0,0.0,-1.0,0
16000.0,60.0,24.84,468.13,22.0,10.0,0.0,122000.0,0.0,0.0,21.89,14.0,0.0,14345.0,62.6,30.0,0.0,0.0,5.0,0.0,687.0,2.0,0.1311475409836065,0.4666666666666667,129.0,0.0,0.0,-1.0,0
6000.0,36.0,13.58,203.85,11.0,6.0,1.0,55000.0,1.0,3.0,8.01,4.0,0.0,268.0,1.8,16.0,0.0,0.0,0.0,0.0,687.0,2.0,0.109090909090909,0.25,76.0,0.0,0.0,-1.0,0
14250.0,60.0,14.07,332.09,12.0,0.0,0.0,105000.0,1.0,0.0,11.67,14.0,1.0,9729.0,38.6,43.0,0.0,0.0,2.0,1.0,677.0,2.0,0.1357142857142857,0.3255813953488372,261.0,0.003831417624521,0.003831417624521,1.0,0
10000.0,36.0,21.85,381.13,19.0,10.0,0.0,62623.0,2.0,5.0,29.07,13.0,0.0,16404.0,77.7,24.0,0.0,0.0,3.0,0.0,667.0,2.0,0.1596857384666975,0.5416666666666666,176.0,0.0,0.0,-1.0,1
6000.0,36.0,7.96,187.91,4.0,2.0,1.0,26000.0,1.0,4.0,1.15,5.0,0.0,239.0,0.7,8.0,1.0,0.0,0.0,0.0,757.0,2.0,0.2307692307692307,0.625,80.0,0.0,0.0,-1.0,0
10000.0,36.0,9.92,322.3,6.0,7.0,1.0,47000.0,0.0,0.0,3.4,3.0,0.0,6457.0,53.8,5.0,0.0,0.0,0.0,0.0,697.0,2.0,0.2127659574468085,0.6,124.0,0.0,0.0,-1.0,0
24000.0,36.0,13.58,815.38,11.0,0.0,0.0,73620.0,1.0,4.0,18.47,18.0,0.0,17045.0,96.8,23.0,0.0,0.0,0.0,0.0,677.0,2.0,0.3259983700081499,0.782608695652174,153.0,0.0,0.0,-1.0,0
12000.0,36.0,5.31,361.33,0.0,4.0,0.0,106000.0,1.0,9.0,5.97,9.0,0.0,0.0,0.0,20.0,0.0,0.0,0.0,0.0,787.0,2.0,0.1132075471698113,0.45,130.0,0.0,0.0,-1.0,0
7500.0,36.0,11.98,249.04,9.0,10.0,0.0,77000.0,1.0,4.0,17.63,6.0,1.0,6352.0,97.7,12.0,0.0,0.0,3.0,1.0,662.0,2.0,0.0974025974025974,0.5,75.0,0.0133333333333333,0.0133333333333333,1.0,0
19937.50390625,60.0,16.01,484.9473559570313,14.0,10.0,0.0,332847.09375,0.0,0.0,51.623704223632814,7.0,0.0,17924.15625,32.37413330078125,28.0,0.0,1.0,4.0,0.0,727.0,2.0,0.05989989638328552,0.25000000462449834,202.0,0.0,0.0,-1.0,0
12000.0,36.0,19.42,442.43,17.0,5.0,1.0,30000.0,1.0,0.0,33.2,8.0,0.0,11353.0,89.4,11.0,0.0,0.0,0.0,0.0,687.0,2.0,0.4,0.7272727272727273,91.0,0.0,0.0,-1.0,0
19200.0,60.0,15.04,457.17,13.0,10.0,0.0,104000.0,2.0,5.0,9.72,19.0,0.0,21015.0,39.8,31.0,0.0,0.0,6.0,0.0,677.0,2.0,0.1846153846153846,0.6129032258064516,198.0,0.0,0.0,-1.0,0
25000.0,36.0,25.81,1004.74,23.0,0.0,0.0,230000.0,2.0,0.0,28.26,40.0,0.0,79545.0,76.0,67.0,1.0,0.0,2.0,0.0,692.0,2.0,0.108695652173913,0.5970149253731343,187.0,0.0,0.0,-1.0,1
3625.0,36.0,10.41,117.67,7.0,2.0,1.0,58000.0,1.0,4.0,16.81,7.0,0.0,4422.0,34.5,16.0,0.0,0.0,0.0,0.0,672.0,2.0,0.0625,0.4375,91.0,0.0,0.0,-1.0,0
36556.296875,36.0,7.96,1144.8751611328125,4.0,7.0,1.0,220170.546875,2.0,5.0,47.472171249389646,13.0,0.0,57366.89453125,26.959659576416016,34.0,0.0,1.0,1.0,0.0,792.0,2.0,0.16603629261839625,0.3823529411764705,211.0,0.0,0.0,-1.0,0
5000.0,36.0,6.71,153.73,2.0,4.0,1.0,105000.0,0.0,4.0,20.42,14.0,0.0,5697.0,7.1,28.0,0.0,0.0,0.0,0.0,782.0,2.0,0.0476190476190476,0.5,115.0,0.0,0.0,-1.0,0
28000.0,36.0,10.9,915.36,8.0,2.0,1.0,75000.0,0.0,0.0,5.32,7.0,0.0,13415.0,37.1,13.0,1.0,0.0,0.0,0.0,717.0,2.0,0.3733333333333333,0.5384615384615384,93.0,0.0,0.0,-1.0,0
20000.0,36.0,18.45,727.58,16.0,10.0,0.0,90000.0,0.0,2.0,17.17,11.0,0.0,21357.0,65.7,27.0,0.0,0.0,3.0,0.0,677.0,2.0,0.2222222222222222,0.4074074074074074,305.0,0.0,0.0,-1.0,0
15000.0,36.0,7.96,469.77,4.0,10.0,0.0,70000.0,1.0,0.0,19.44,7.0,1.0,0.0,0.0,25.0,0.0,0.0,0.0,1.0,707.0,2.0,0.2142857142857142,0.28,174.0,0.0057471264367816,0.0057471264367816,1.0,0
10000.0,36.0,13.58,339.74,11.0,10.0,0.0,74000.0,1.0,4.0,21.69,26.0,0.0,29957.0,49.5,53.0,0.0,0.0,1.0,0.0,672.0,2.0,0.1351351351351351,0.490566037735849,155.0,0.0,0.0,-1.0,0
24000.0,60.0,16.01,583.77,14.0,8.0,1.0,99770.0,1.0,0.0,31.31,25.0,1.0,41706.0,82.3,28.0,0.0,0.0,1.0,1.0,667.0,3.0,0.2405532725268116,0.8928571428571429,167.0,0.0059880239520958,0.0059880239520958,1.0,0
8000.0,36.0,11.98,265.64,9.0,2.0,1.0,65000.0,1.0,0.0,23.32,9.0,0.0,4782.0,20.9,18.0,0.0,0.0,0.0,0.0,722.0,3.0,0.123076923076923,0.5,63.0,0.0,0.0,-1.0,1
40000.0,60.0,10.9,867.71,8.0,9.0,0.0,53920.0,0.0,2.0,1.27,5.0,0.0,574.0,4.2,14.0,0.0,0.0,4.0,0.0,702.0,3.0,0.7418397626112759,0.3571428571428571,173.0,0.0,0.0,-1.0,0
32000.0,60.0,21.85,881.08,19.0,2.0,2.0,42900.0,2.0,2.0,12.17,13.0,0.0,3748.0,54.3,13.0,0.0,0.0,0.0,0.0,677.0,3.0,0.745920745920746,1.0,82.0,0.0,0.0,-1.0,0
8850.0,36.0,20.39,330.66,18.0,5.0,1.0,106600.0,2.0,0.0,14.16,6.0,0.0,7979.0,30.8,12.0,0.0,0.0,0.0,0.0,697.0,3.0,0.0830206378986866,0.5,90.0,0.0,0.0,-1.0,0
8000.0,36.0,20.39,298.91,18.0,10.0,1.0,103000.0,2.0,10.0,22.92,20.0,1.0,10367.0,29.6,43.0,1.0,0.0,1.0,1.0,662.0,3.0,0.0776699029126213,0.4651162790697674,163.0,0.0061349693251533,0.0061349693251533,1.0,0
25000.0,36.0,13.58,849.35,11.0,10.0,0.0,70000.0,1.0,0.0,32.93,24.0,0.0,21116.0,36.3,53.0,0.0,0.0,3.0,0.0,687.0,3.0,0.3571428571428571,0.4528301886792453,262.0,0.0,0.0,-1.0,0
10000.0,36.0,21.85,381.13,19.0,8.0,1.0,80000.0,1.0,8.0,9.42,7.0,0.0,4442.0,69.4,20.0,0.0,0.0,0.0,0.0,662.0,3.0,0.125,0.35,144.0,0.0,0.0,-1.0,1
8000.0,36.0,10.41,259.69,7.0,10.0,1.0,70000.0,1.0,5.0,9.21,9.0,1.0,15080.0,54.8,14.0,0.0,0.0,0.0,1.0,682.0,3.0,0.1142857142857142,0.6428571428571429,161.0,0.0062111801242236,0.0062111801242236,1.0,1
7798.083984375,36.0,9.92,251.32897033691407,6.0,10.0,1.0,625497.25,1.0,3.0,64.29024505615234,8.0,0.0,348624.9375,79.25261688232422,27.0,0.0,0.0,1.0,0.0,682.0,3.0,0.012467014261683562,0.2962962893339303,143.0,0.0,0.0,-1.0,0
18000.0,36.0,7.34,558.6,3.0,3.0,0.0,114021.0,1.0,0.0,17.44,13.0,0.0,1859.0,10.8,23.0,0.0,0.0,0.0,0.0,717.0,3.0,0.1578656563264661,0.5652173913043478,165.0,0.0,0.0,-1.0,0
32000.0,36.0,10.41,1038.73,7.0,10.0,0.0,92000.0,1.0,0.0,11.31,11.0,0.0,9458.0,32.1,17.0,0.0,0.0,1.0,0.0,712.0,3.0,0.3478260869565217,0.6470588235294118,250.0,0.0,0.0,-1.0,0
3600.0,36.0,11.98,119.54,9.0,0.0,1.0,40000.0,1.0,3.0,10.87,6.0,0.0,475.0,3.9,17.0,1.0,0.0,2.0,0.0,687.0,3.0,0.09,0.3529411764705882,137.0,0.0,0.0,-1.0,0
13000.0,60.0,14.07,302.96,12.0,5.0,0.0,110000.0,1.0,8.0,16.44,16.0,0.0,9204.0,31.1,25.0,0.0,0.0,1.0,0.0,697.0,3.0,0.1181818181818181,0.64,183.0,0.0,0.0,-1.0,0
4000.0,36.0,13.58,135.9,11.0,10.0,2.0,57000.0,0.0,2.0,17.96,8.0,0.0,2513.0,47.4,23.0,0.0,0.0,1.0,0.0,677.0,3.0,0.0701754385964912,0.3478260869565217,163.0,0.0,0.0,-1.0,0
21974.0859375,60.0,9.43,460.74794677734377,5.0,10.0,0.0,416230.59375,0.0,0.0,26.41155113220215,16.0,0.0,0.0,27.51594009399414,38.0,0.0,0.0,4.0,0.0,797.0,3.0,0.0527930775414342,0.4210526315789473,280.0,0.0,0.0,-1.0,0
24006.775390625,60.0,20.39,641.2544995117188,18.0,10.0,0.0,252695.171875,0.0,4.0,-0.9999992370605497,13.0,0.0,208572.3125,69.03032608032227,52.0,0.0,1.0,6.0,0.0,717.0,3.0,0.09500292351371359,0.24999999662615213,162.0,0.0,0.0,-1.0,0
14500.0,36.0,13.58,492.63,11.0,10.0,0.0,34000.0,1.0,0.0,27.78,9.0,0.0,11882.0,70.3,17.0,0.0,0.0,0.0,0.0,682.0,3.0,0.4264705882352941,0.5294117647058824,258.0,0.0,0.0,-1.0,0
12000.0,36.0,11.98,398.46,9.0,10.0,0.0,125000.0,1.0,0.0,6.52,9.0,0.0,16108.0,35.1,29.0,0.0,0.0,1.0,0.0,702.0,3.0,0.096,0.3103448275862069,227.0,0.0,0.0,-1.0,0
10000.0,60.0,11.98,222.35,9.0,10.0,0.0,150000.0,1.0,2.0,14.23,33.0,0.0,19014.0,15.1,55.0,0.0,0.0,4.0,0.0,732.0,3.0,0.0666666666666666,0.6,232.0,0.0,0.0,-1.0,0
15000.0,36.0,7.34,465.5,3.0,2.0,1.0,100000.0,0.0,4.0,20.52,19.0,1.0,13096.0,33.0,23.0,0.0,0.0,0.0,1.0,707.0,3.0,0.15,0.8260869565217391,99.0,0.0101010101010101,0.0101010101010101,1.0,1
20000.0,36.0,10.9,653.83,8.0,6.0,0.0,120000.0,1.0,0.0,2.73,8.0,0.0,8321.0,65.5,10.0,0.0,0.0,1.0,0.0,662.0,4.0,0.1666666666666666,0.8,177.0,0.0,0.0,-1.0,0
6000.0,36.0,20.39,224.18,18.0,9.0,0.0,40000.0,2.0,0.0,35.79,13.0,0.0,21787.0,90.0,22.0,0.0,0.0,2.0,0.0,692.0,4.0,0.15,0.5909090909090909,150.0,0.0,0.0,-1.0,0
40000.0,36.0,6.71,1229.79,2.0,1.0,2.0,138960.0,1.0,6.0,12.7,11.0,0.0,5629.0,8.6,27.0,0.0,0.0,0.0,0.0,722.0,4.0,0.287852619458837,0.4074074074074074,229.0,0.0,0.0,-1.0,0
9818.4833984375,60.0,10.9,212.98731201171876,8.0,10.0,0.0,1173084.625,1.0,4.0,35.699020080566406,9.0,0.0,98122.8984375,17.620403289794922,32.0,0.0,1.0,4.0,0.0,792.0,4.0,0.008369798461596106,0.28125,201.0,0.0,0.0,-1.0,0
1500.0,36.0,7.34,46.55,3.0,10.0,1.0,45000.0,0.0,0.0,17.36,10.0,0.0,5629.0,20.2,22.0,0.0,0.0,0.0,0.0,737.0,4.0,0.0333333333333333,0.4545454545454545,179.0,0.0,0.0,-1.0,0
11000.0,36.0,14.07,376.33,12.0,10.0,2.0,300000.0,1.0,2.0,5.9,8.0,0.0,15937.0,54.4,24.0,0.0,0.0,0.0,0.0,712.0,4.0,0.0366666666666666,0.3333333333333333,196.0,0.0,0.0,-1.0,0
19000.0,36.0,5.31,572.1,0.0,10.0,2.0,95000.0,1.0,0.0,3.57,7.0,0.0,4042.0,6.8,21.0,1.0,0.0,10.0,0.0,797.0,4.0,0.2,0.3333333333333333,194.0,0.0,0.0,-1.0,0
7194.51025390625,36.0,7.46,223.66257080078125,3.0,10.0,0.0,675544.125,1.0,0.0,7.061214904785157,15.0,0.0,125311.515625,5.868719863891602,31.0,0.0,0.0,3.0,0.0,687.0,4.0,0.010649955511093129,0.4838709677419355,162.0,0.0,0.0,-1.0,1
40000.0,36.0,5.31,1204.42,0.0,10.0,0.0,160000.0,1.0,5.0,8.78,7.0,0.0,13523.0,20.5,21.0,0.0,0.0,4.0,0.0,782.0,4.0,0.25,0.3333333333333333,432.0,0.0,0.0,-1.0,0
12000.0,60.0,17.47,301.28,15.0,4.0,0.0,47000.0,2.0,4.0,18.97,11.0,0.0,20785.0,61.0,43.0,0.0,0.0,1.0,0.0,687.0,4.0,0.2553191489361702,0.2558139534883721,195.0,0.0,0.0,-1.0,0
10000.0,36.0,14.03,341.93,11.0,2.0,0.0,127000.0,0.0,0.0,7.97,9.0,0.0,5190.0,45.1,26.0,1.0,0.0,3.0,0.0,712.0,4.0,0.0787401574803149,0.3461538461538461,292.0,0.0,0.0,-1.0,1
10000.0,36.0,14.07,342.12,12.0,3.0,1.0,50000.0,0.0,0.0,5.59,3.0,0.0,9377.0,43.0,5.0,0.0,0.0,0.0,0.0,687.0,4.0,0.2,0.6,50.0,0.0,0.0,-1.0,0
24000.0,60.0,11.98,533.63,9.0,8.0,0.0,65000.0,2.0,2.0,24.46,10.0,0.0,8629.0,21.2,14.0,0.0,0.0,1.0,0.0,747.0,4.0,0.3692307692307692,0.7142857142857143,147.0,0.0,0.0,-1.0,0
25000.0,36.0,16.46,884.62,14.0,10.0,2.0,57500.0,2.0,0.0,36.71,11.0,1.0,1904.0,6.8,25.0,0.0,0.0,0.0,1.0,722.0,4.0,0.4347826086956521,0.44,194.0,0.0051546391752577,0.0051546391752577,1.0,0
10000.0,60.0,14.52,235.39,12.0,4.0,2.0,105000.0,1.0,0.0,15.17,7.0,0.0,6220.0,82.9,35.0,0.0,0.0,3.0,0.0,672.0,4.0,0.0952380952380952,0.2,201.0,0.0,0.0,-1.0,0
38500.0,36.0,5.31,1159.25,0.0,4.0,0.0,191938.0,0.0,2.0,5.01,6.0,0.0,14582.0,23.2,14.0,0.0,0.0,1.0,0.0,732.0,4.0,0.2005856057685294,0.4285714285714285,235.0,0.0,0.0,-1.0,0
10000.0,36.0,13.06,337.23,10.0,10.0,1.0,65000.0,0.0,5.0,39.14,16.0,0.0,22517.0,59.4,16.0,0.0,1.0,0.0,0.0,672.0,4.0,0.1538461538461538,1.0,126.0,0.0,0.0,-1.0,1
10000.0,36.0,11.05,327.63,8.0,10.0,0.0,75000.0,0.0,5.0,15.42,11.0,0.0,51466.0,13.2,32.0,0.0,0.0,5.0,0.0,692.0,4.0,0.1333333333333333,0.34375,163.0,0.0,0.0,-1.0,1
5900.0,36.0,15.49,205.95,13.0,2.0,1.0,50000.0,1.0,0.0,20.12,13.0,0.0,7825.0,30.2,18.0,1.0,0.0,0.0,0.0,717.0,4.0,0.118,0.7222222222222222,113.0,0.0,0.0,-1.0,0
5600.0,36.0,21.85,213.44,19.0,10.0,2.0,100000.0,1.0,4.0,16.38,11.0,0.0,20107.0,74.2,31.0,1.0,0.0,4.0,0.0,682.0,4.0,0.056,0.3548387096774194,166.0,0.0,0.0,-1.0,0
1000.0,36.0,20.39,37.37,18.0,3.0,1.0,52000.0,1.0,4.0,16.25,4.0,0.0,11790.0,53.1,7.0,1.0,0.0,0.0,0.0,672.0,4.0,0.0192307692307692,0.5714285714285714,48.0,0.0,0.0,-1.0,0
14056.60546875,60.0,30.17,456.24742309570314,27.0,3.0,1.0,1170690.875,1.0,0.0,8.926974487304687,9.0,0.0,267260.1875,26.271399688720702,13.0,0.0,1.0,0.0,0.0,672.0,4.0,0.012007093429565407,0.6923076923076923,132.0,0.0,0.0,-1.0,1
7000.0,36.0,10.07,226.11,6.0,5.0,0.0,130300.0,0.0,2.0,20.86,21.0,0.0,9717.0,34.8,30.0,0.0,0.0,3.0,0.0,722.0,4.0,0.0537221795855717,0.7,154.0,0.0,0.0,-1.0,0
1500.0,36.0,10.9,49.04,8.0,1.0,0.0,65520.0,1.0,5.0,14.51,13.0,0.0,19781.0,70.6,28.0,1.0,0.0,3.0,0.0,687.0,4.0,0.0228937728937728,0.4642857142857143,193.0,0.0,0.0,-1.0,0
30000.203125,60.0,17.47,753.1854321289062,15.0,4.0,0.0,310237.21875,0.0,0.0,40.14423141479492,9.0,0.0,30359.072265625,79.73271026611329,22.0,1.0,1.0,2.0,0.0,687.0,4.0,0.09670078754425049,0.4090909090909091,164.0,0.0,0.0,-1.0,0
10000.0,36.0,14.07,342.12,12.0,0.0,0.0,30000.0,1.0,0.0,25.48,4.0,1.0,6609.0,98.6,10.0,0.0,1.0,2.0,1.0,667.0,4.0,0.3333333333333333,0.4,130.0,0.0076923076923076,0.0076923076923076,1.0,0
8300.0,36.0,11.05,271.93,8.0,8.0,0.0,70000.0,1.0,0.0,17.16,10.0,0.0,6973.0,24.6,14.0,1.0,0.0,1.0,0.0,682.0,4.0,0.1185714285714285,0.7142857142857143,118.0,0.0,0.0,-1.0,0
4000.0,36.0,7.46,124.36,3.0,1.0,0.0,80000.0,0.0,0.0,6.77,20.0,1.0,4858.0,23.1,23.0,0.0,0.0,2.0,1.0,692.0,4.0,0.05,0.8695652173913043,57.0,0.0175438596491228,0.0175438596491228,1.0,0
11200.0,36.0,12.13,372.7,9.0,10.0,0.0,90000.0,1.0,0.0,19.75,5.0,0.0,9428.0,62.9,13.0,0.0,0.0,1.0,0.0,702.0,5.0,0.1244444444444444,0.3846153846153846,180.0,0.0,0.0,-1.0,0
20137.72265625,60.0,16.46,494.64509155273436,14.0,9.0,1.0,586436.75,2.0,0.0,31.369481048583985,15.0,0.0,119918.8984375,17.284725189208984,22.0,0.0,0.0,3.0,0.0,672.0,5.0,0.034339115023612976,0.6818181673685709,53.0,0.0,0.0,-1.0,1
10034.203125,36.0,9.58,321.8013391113281,5.0,5.0,0.0,121724.1015625,0.0,4.0,18.77040843963623,4.0,0.0,76503.2265625,100.42101593017578,5.0,0.0,0.0,0.0,0.0,692.0,5.0,0.0901264383604651,0.54742032289505,52.0,0.0,0.0,-1.0,0
21000.0,36.0,8.08,658.84,4.0,7.0,2.0,75000.0,2.0,6.0,15.6,11.0,0.0,1733.0,4.3,30.0,0.0,0.0,1.0,0.0,712.0,5.0,0.28,0.3666666666666666,173.0,0.0,0.0,-1.0,0
10200.0,60.0,14.03,237.5,11.0,10.0,0.0,57000.0,0.0,9.0,1.6,6.0,0.0,2920.0,16.4,16.0,0.0,1.0,2.0,0.0,702.0,5.0,0.1789473684210526,0.375,165.0,0.0,0.0,-1.0,0
21000.0,36.0,21.85,800.38,19.0,2.0,1.0,100000.0,1.0,0.0,11.82,8.0,0.0,6313.0,64.4,27.0,1.0,0.0,0.0,0.0,662.0,5.0,0.21,0.2962962962962963,129.0,0.0,0.0,-1.0,0
3000.0,36.0,22.9,115.98,20.0,1.0,1.0,70000.0,0.0,5.0,5.13,5.0,0.0,165.0,5.7,6.0,1.0,0.0,0.0,0.0,672.0,5.0,0.0428571428571428,0.8333333333333334,42.0,0.0,0.0,-1.0,0
7500.0,36.0,11.05,245.72,8.0,0.0,1.0,50000.0,0.0,4.0,16.37,4.0,0.0,8655.0,64.1,4.0,0.0,0.0,0.0,0.0,722.0,5.0,0.15,1.0,40.0,0.0,0.0,-1.0,0
20000.0,60.0,21.85,550.68,19.0,4.0,1.0,38000.0,2.0,0.0,43.49,11.0,0.0,5501.0,48.3,29.0,0.0,1.0,0.0,0.0,732.0,5.0,0.5263157894736842,0.3793103448275862,248.0,0.0,0.0,-1.0,0
11000.0,36.0,13.06,370.96,10.0,10.0,2.0,114500.0,1.0,0.0,14.93,14.0,0.0,12607.0,61.5,66.0,0.0,0.0,1.0,0.0,697.0,5.0,0.0960698689956331,0.2121212121212121,149.0,0.0,0.0,-1.0,0
24000.0,36.0,14.03,820.62,11.0,5.0,0.0,66000.0,1.0,0.0,10.29,11.0,1.0,16724.0,77.1,15.0,0.0,0.0,2.0,1.0,662.0,5.0,0.3636363636363636,0.7333333333333333,141.0,0.0070921985815602,0.0070921985815602,1.0,0
1885.20556640625,36.0,10.56,61.32696060180664,7.0,2.0,0.0,539475.5625,1.0,9.0,12.146614913940429,6.0,0.0,211942.0,21.939823150634766,26.0,0.0,0.0,2.0,0.0,732.0,5.0,0.0034945166887754564,0.2307692456703919,114.0,0.0,0.0,-1.0,0
4135.6943359375,36.0,6.83,127.37742919921875,2.0,8.0,0.0,675902.6875,0.0,0.0,50.16329208374023,16.0,0.0,316894.53125,10.92783718109131,22.0,0.0,1.0,2.0,0.0,762.0,5.0,0.0061187738621675675,0.6818181655623696,139.0,0.0,0.0,-1.0,0
24000.0,36.0,16.46,849.23,14.0,10.0,0.0,23000.0,0.0,1.0,104.28,11.0,1.0,5916.0,37.2,14.0,0.0,1.0,1.0,1.0,717.0,5.0,1.0434782608695652,0.7857142857142857,97.0,0.0103092783505154,0.0103092783505154,1.0,0
20000.0,36.0,6.19,610.17,1.0,2.0,0.0,95000.0,1.0,0.0,20.96,12.0,0.0,15860.0,41.3,38.0,0.0,0.0,3.0,0.0,742.0,5.0,0.2105263157894736,0.3157894736842105,384.0,0.0,0.0,-1.0,0
14969.1201171875,60.0,11.05,325.8386340332031,8.0,10.0,0.0,67920.59375,0.0,4.0,32.82983032226562,23.0,0.0,55412.92578125,15.240909004211426,36.0,0.0,0.0,3.0,0.0,777.0,5.0,0.22039147714773807,0.6388888888888888,151.0,0.0,0.0,-1.0,0
12000.0,36.0,17.47,430.65,15.0,8.0,1.0,80000.0,1.0,0.0,15.74,9.0,0.0,6078.0,39.5,28.0,0.0,0.0,2.0,0.0,697.0,5.0,0.15,0.3214285714285714,156.0,0.0,0.0,-1.0,0
7000.0,36.0,14.52,241.02,12.0,0.0,1.0,40000.0,2.0,0.0,21.48,8.0,0.0,2572.0,25.2,13.0,0.0,0.0,0.0,0.0,697.0,5.0,0.175,0.6153846153846154,44.0,0.0,0.0,-1.0,0
25000.0,60.0,20.39,667.79,18.0,1.0,0.0,98500.0,0.0,4.0,25.62,14.0,0.0,23370.0,60.5,29.0,0.0,0.0,3.0,0.0,682.0,5.0,0.2538071065989847,0.4827586206896552,136.0,0.0,0.0,-1.0,0
11000.0,60.0,12.13,245.42,9.0,2.0,2.0,44772.0,0.0,5.0,10.02,9.0,0.0,3266.0,14.5,32.0,0.0,0.0,0.0,0.0,752.0,5.0,0.245689270079514,0.28125,216.0,0.0,0.0,-1.0,0
12000.0,36.0,9.58,384.85,5.0,10.0,1.0,45760.0,1.0,0.0,18.49,16.0,0.0,11719.0,29.2,34.0,0.0,0.0,3.0,0.0,707.0,5.0,0.2622377622377622,0.4705882352941176,106.0,0.0,0.0,-1.0,0
20000.0,60.0,21.85,550.68,19.0,10.0,0.0,75000.0,1.0,0.0,15.62,6.0,0.0,2735.0,44.1,20.0,0.0,0.0,1.0,0.0,682.0,5.0,0.2666666666666666,0.3,106.0,0.0,0.0,-1.0,0
20000.0,36.0,13.06,674.46,10.0,6.0,0.0,50000.0,1.0,0.0,21.94,19.0,0.0,8906.0,52.4,33.0,0.0,0.0,1.0,0.0,682.0,5.0,0.4,0.5757575757575758,291.0,0.0,0.0,-1.0,0
5014.390625,36.0,10.07,161.96590209960937,6.0,3.0,2.0,126768.1953125,1.0,0.0,40.05432830810547,3.0,0.0,0.0,28.130806732177735,8.0,0.0,0.0,1.0,0.0,737.0,5.0,0.03955560039590897,0.375,258.0,0.0,0.0,-1.0,0
4000.0,36.0,8.46,126.2,4.0,2.0,1.0,75000.0,0.0,0.0,10.82,11.0,0.0,3752.0,37.9,14.0,0.0,0.0,0.0,0.0,702.0,6.0,0.0533333333333333,0.7857142857142857,76.0,0.0,0.0,-1.0,0
22000.0,60.0,16.91,545.7,14.0,3.0,2.0,28000.0,1.0,9.0,23.15,14.0,0.0,0.0,0.0,17.0,0.0,1.0,1.0,0.0,752.0,6.0,0.7857142857142857,0.8235294117647058,103.0,0.0,0.0,-1.0,0
13464.666015625,36.0,17.97,486.5784753417969,15.0,4.0,0.0,114429.204375,1.0,0.0,25.1945911026001,7.0,0.0,58505.98828125,56.04847793579101,26.0,0.0,0.0,2.0,0.0,722.0,6.0,0.11766809139671067,0.26923078085694985,155.0,0.0,0.0,-1.0,0
5000.0,36.0,7.84,156.32,3.0,4.0,1.0,31000.0,0.0,4.0,13.47,4.0,0.0,1805.0,14.9,6.0,0.0,0.0,0.0,0.0,752.0,6.0,0.1612903225806451,0.6666666666666666,46.0,0.0,0.0,-1.0,0
30000.0,36.0,15.02,1040.26,12.0,2.0,1.0,109000.0,1.0,3.0,15.29,9.0,0.0,28137.0,46.8,40.0,1.0,0.0,2.0,0.0,707.0,6.0,0.2752293577981651,0.225,214.0,0.0,0.0,-1.0,1
10000.0,60.0,16.91,248.05,14.0,3.0,1.0,55000.0,1.0,0.0,11.94,11.0,0.0,10081.0,53.6,21.0,0.0,0.0,0.0,0.0,682.0,6.0,0.1818181818181818,0.5238095238095238,153.0,0.0,0.0,-1.0,0
24017.15234375,60.0,19.42,628.5807958984375,17.0,5.0,1.0,191510.984375,1.0,0.0,20.976034545898436,11.0,0.0,63644.859375,21.620729827880858,44.0,0.0,1.0,3.0,0.0,672.0,6.0,0.12540873885154724,0.25,119.0,0.0,0.0,-1.0,0
32000.0,60.0,18.45,820.45,16.0,2.0,0.0,62576.0,1.0,0.0,14.12,6.0,0.0,2487.0,37.7,16.0,0.0,0.0,2.0,0.0,712.0,6.0,0.5113781641523907,0.375,190.0,0.0,0.0,-1.0,1
25000.0,60.0,11.06,544.31,7.0,3.0,0.0,210000.0,1.0,0.0,6.56,7.0,0.0,22107.0,79.0,24.0,0.0,0.0,5.0,0.0,707.0,6.0,0.119047619047619,0.2916666666666667,188.0,0.0,0.0,-1.0,0
40000.0,60.0,19.92,1057.98,17.0,1.0,0.0,99840.0,1.0,0.0,27.16,16.0,0.0,14868.0,34.7,38.0,0.0,1.0,2.0,0.0,712.0,6.0,0.4006410256410256,0.4210526315789473,136.0,0.0,0.0,-1.0,0
17600.0,36.0,16.14,619.99,13.0,1.0,1.0,55000.0,1.0,0.0,32.42,17.0,0.0,25617.0,78.6,21.0,0.0,0.0,0.0,0.0,702.0,6.0,0.32,0.8095238095238095,119.0,0.0,0.0,-1.0,0
9000.0,36.0,7.84,281.37,3.0,10.0,0.0,68000.0,1.0,0.0,15.46,12.0,0.0,6231.0,15.7,32.0,0.0,0.0,1.0,0.0,742.0,6.0,0.1323529411764706,0.375,219.0,0.0,0.0,-1.0,0
4793.447265625,36.0,15.02,166.21389282226562,12.0,10.0,0.0,439509.59375,1.0,0.0,61.89830841064453,15.0,0.0,85855.7734375,71.36863555908204,22.0,0.0,1.0,1.0,0.0,672.0,6.0,0.010906350154143096,0.6818182131518489,149.0,0.0,0.0,-1.0,0
25000.0,60.0,10.08,532.17,5.0,10.0,0.0,52000.0,2.0,0.0,16.94,9.0,0.0,4682.0,11.7,19.0,0.0,0.0,1.0,0.0,802.0,6.0,0.4807692307692308,0.4736842105263157,134.0,0.0,0.0,-1.0,0
13000.0,60.0,11.55,286.24,8.0,1.0,0.0,72000.0,0.0,0.0,13.62,7.0,0.0,16026.0,40.1,20.0,0.0,0.0,3.0,0.0,722.0,7.0,0.1805555555555555,0.35,141.0,0.0,0.0,-1.0,0
19000.0,36.0,10.08,613.8,5.0,10.0,0.0,145000.0,1.0,4.0,8.47,9.0,1.0,13038.0,86.3,13.0,0.0,0.0,4.0,1.0,687.0,7.0,0.1310344827586207,0.6923076923076923,358.0,0.0027932960893854,0.0027932960893854,1.0,0
10000.0,36.0,13.56,339.65,10.0,5.0,0.0,130000.0,2.0,4.0,20.2,29.0,0.0,13242.0,16.3,54.0,0.0,0.0,1.0,0.0,667.0,7.0,0.0769230769230769,0.5370370370370371,221.0,0.0,0.0,-1.0,0
12000.0,36.0,12.73,402.77,9.0,7.0,1.0,75000.0,2.0,0.0,23.02,20.0,0.0,7586.0,17.2,28.0,0.0,0.0,0.0,0.0,692.0,7.0,0.16,0.7142857142857143,137.0,0.0,0.0,-1.0,0
24000.0,60.0,16.14,585.43,13.0,10.0,2.0,63000.0,2.0,4.0,22.48,18.0,0.0,19311.0,48.3,22.0,0.0,0.0,1.0,0.0,667.0,7.0,0.3809523809523809,0.8181818181818182,82.0,0.0,0.0,-1.0,0
15000.0,60.0,20.89,404.88,18.0,10.0,0.0,88000.0,1.0,0.0,24.22,10.0,0.0,11545.0,42.9,15.0,0.0,0.0,2.0,0.0,697.0,7.0,0.1704545454545454,0.6666666666666666,138.0,0.0,0.0,-1.0,0
14682.9677734375,36.0,11.55,484.5366516113281,8.0,5.0,0.0,873561.125,0.0,4.0,59.12602890014649,13.0,0.0,390974.0,32.82524719238281,22.0,0.0,1.0,2.0,0.0,747.0,7.0,0.016808190516063082,0.5909090638160706,362.0,0.0,0.0,-1.0,0
1000.0,36.0,22.35,38.38,19.0,4.0,1.0,31000.0,1.0,0.0,11.46,8.0,0.0,1478.0,37.0,23.0,1.0,0.0,0.0,0.0,677.0,7.0,0.032258064516129,0.3478260869565217,132.0,0.0,0.0,-1.0,0
8000.0,36.0,11.55,264.0,8.0,0.0,0.0,57018.0,0.0,0.0,17.05,12.0,0.0,7036.0,16.7,23.0,0.0,0.0,0.0,0.0,757.0,7.0,0.1403065698551334,0.5217391304347826,162.0,0.0,0.0,-1.0,0
30000.0,36.0,6.67,921.8,1.0,2.0,0.0,180000.0,1.0,4.0,15.56,21.0,1.0,17816.0,32.1,39.0,0.0,0.0,3.0,1.0,737.0,7.0,0.1666666666666666,0.5384615384615384,192.0,0.0052083333333333,0.0052083333333333,1.0,0
8811.291015625,36.0,18.94,322.7199914550781,16.0,6.0,0.0,349709.34375,2.0,0.0,-1.0000013732910151,12.0,0.0,69039.515625,39.67098617553711,29.0,0.0,0.0,5.0,0.0,682.0,8.0,0.025196037748280678,0.4137931034482758,188.0,0.0,0.0,-1.0,0
20000.0,60.0,15.02,476.01,12.0,6.0,0.0,61000.0,1.0,0.0,10.51,7.0,0.0,6824.0,29.7,31.0,0.0,0.0,1.0,0.0,672.0,8.0,0.3278688524590163,0.2258064516129032,116.0,0.0,0.0,-1.0,0
20134.01953125,36.0,14.47,692.7360791015625,11.0,10.0,0.0,651547.8125,2.0,0.0,37.31048828125,13.0,0.0,164793.671875,102.1528091430664,32.0,0.0,0.0,6.0,0.0,692.0,8.0,0.030901824300353584,0.40625001249774806,225.0,0.0,0.0,-1.0,0
10058.9912109375,36.0,6.11,306.5155322265625,0.0,6.0,0.0,593396.0625,1.0,0.0,38.059739685058595,8.0,0.0,27680.0546875,11.964798927307129,24.0,0.0,0.0,7.0,0.0,757.0,8.0,0.0169515572752513,0.3333333333333333,269.0,0.0,0.0,-1.0,0
25000.0,60.0,14.47,587.82,11.0,10.0,0.0,94000.0,1.0,0.0,7.8,8.0,0.0,15039.0,55.1,18.0,0.0,0.0,6.0,0.0,682.0,8.0,0.2659574468085106,0.4444444444444444,222.0,0.0,0.0,-1.0,0
35973.703125,36.0,11.55,1187.1290283203125,8.0,5.0,1.0,102500.3671875,1.0,1.0,24.58872444152832,4.0,0.0,14156.431640625,25.31882247924805,13.0,0.0,1.0,1.0,0.0,727.0,8.0,0.35096168943813866,0.30769231702600197,184.0,0.0,0.0,-1.0,0
7800.0,36.0,15.02,270.47,12.0,1.0,1.0,60000.0,0.0,4.0,26.08,14.0,1.0,14750.0,39.0,17.0,0.0,0.0,0.0,1.0,697.0,8.0,0.13,0.8235294117647058,89.0,0.0112359550561797,0.0112359550561797,1.0,0
20000.0,60.0,16.91,496.09,14.0,1.0,0.0,48000.0,0.0,0.0,29.4,10.0,0.0,17248.0,64.1,18.0,0.0,1.0,2.0,0.0,672.0,8.0,0.4166666666666667,0.5555555555555556,107.0,0.0,0.0,-1.0,1
1500.0,36.0,16.91,53.42,14.0,10.0,0.0,50000.0,2.0,3.0,36.72,15.0,0.0,7296.0,31.7,36.0,1.0,1.0,5.0,0.0,727.0,8.0,0.03,0.4166666666666667,212.0,0.0,0.0,-1.0,0
18000.0,60.0,10.08,383.16,5.0,10.0,1.0,64000.0,1.0,0.0,25.41,8.0,0.0,1496.0,3.2,13.0,0.0,1.0,0.0,0.0,827.0,8.0,0.28125,0.6153846153846154,186.0,0.0,0.0,-1.0,0
4340.4443359375,36.0,7.84,135.69265991210938,3.0,8.0,0.0,277947.0625,0.0,4.0,38.68355995178223,20.0,0.0,180398.234375,20.896944046020508,54.0,1.0,0.0,2.0,0.0,732.0,8.0,0.015616080658450965,0.3703703703703703,171.0,0.0,0.0,-1.0,0
1500.0,36.0,11.06,49.16,7.0,10.0,2.0,40000.0,0.0,5.0,14.22,11.0,0.0,2257.0,5.0,42.0,0.0,0.0,1.0,0.0,807.0,8.0,0.0375,0.2619047619047619,244.0,0.0,0.0,-1.0,0
9902.7509765625,36.0,20.89,372.5271887207031,18.0,3.0,1.0,8713.4296875,1.0,0.0,10.738754920959472,3.0,0.0,47627.44921875,49.83936462402344,8.0,0.0,0.0,0.0,0.0,667.0,9.0,1.1364928483963013,0.3749999829701015,130.0,0.0,0.0,-1.0,0
8000.0,36.0,18.94,293.01,16.0,0.0,1.0,55000.0,0.0,0.0,37.97,14.0,0.0,41817.0,81.2,29.0,0.0,0.0,5.0,0.0,697.0,9.0,0.1454545454545454,0.4827586206896552,218.0,0.0,0.0,-1.0,0
35000.0,60.0,11.06,762.04,7.0,10.0,1.0,250000.0,1.0,0.0,5.97,16.0,0.0,26207.0,45.7,41.0,0.0,0.0,2.0,0.0,672.0,9.0,0.14,0.3902439024390244,147.0,0.0,0.0,-1.0,0
14000.0,60.0,11.06,304.82,7.0,4.0,0.0,40000.0,2.0,4.0,16.35,5.0,0.0,21890.0,70.6,15.0,0.0,1.0,2.0,0.0,682.0,9.0,0.35,0.3333333333333333,172.0,0.0,0.0,-1.0,0
4000.0,36.0,16.91,142.44,14.0,9.0,0.0,120000.0,1.0,5.0,16.59,17.0,0.0,24565.0,82.7,33.0,0.0,0.0,3.0,0.0,672.0,9.0,0.0333333333333333,0.5151515151515151,143.0,0.0,0.0,-1.0,0
16000.0,36.0,15.02,554.81,12.0,10.0,0.0,120000.0,0.0,4.0,18.58,13.0,0.0,29126.0,66.2,17.0,0.0,0.0,2.0,0.0,682.0,10.0,0.1333333333333333,0.7647058823529411,173.0,0.0,0.0,-1.0,0
6000.0,36.0,26.31,242.74,23.0,4.0,2.0,40000.0,2.0,2.0,36.18,9.0,0.0,29956.0,74.5,18.0,1.0,1.0,2.0,0.0,702.0,10.0,0.15,0.5,135.0,0.0,0.0,-1.0,0
7000.0,36.0,14.47,240.85,11.0,3.0,0.0,98000.0,0.0,0.0,7.87,8.0,0.0,8842.0,67.5,24.0,0.0,0.0,0.0,0.0,672.0,10.0,0.0714285714285714,0.3333333333333333,238.0,0.0,0.0,-1.0,0
36000.0,36.0,11.8,1192.28,8.0,4.0,0.0,70000.0,1.0,4.0,23.52,19.0,0.0,8204.0,12.6,25.0,0.0,0.0,1.0,0.0,767.0,10.0,0.5142857142857142,0.76,54.0,0.0,0.0,-1.0,0
19994.759765625,36.0,8.46,630.8118994140625,4.0,7.0,0.0,1078541.5,2.0,0.0,39.90098342895508,7.0,0.0,91801.8359375,13.628882217407227,16.0,0.0,0.0,5.0,0.0,762.0,10.0,0.01853871687513875,0.4375,179.0,0.0,0.0,-1.0,0
2800.0,36.0,15.02,97.1,12.0,7.0,0.0,40000.0,1.0,4.0,23.64,12.0,0.0,5077.0,32.8,31.0,0.0,0.0,0.0,0.0,667.0,10.0,0.07,0.3870967741935484,487.0,0.0,0.0,-1.0,0
4612.85986328125,36.0,17.97,166.6969122314453,15.0,10.0,0.0,1095709.75,0.0,6.0,64.11547744750976,9.0,0.0,178923.484375,9.035118103027344,28.0,0.0,0.0,4.0,0.0,697.0,10.0,0.004209928214550018,0.310344819511686,189.0,0.0,0.0,-1.0,0
6500.0,36.0,8.81,206.13,4.0,3.0,0.0,43000.0,1.0,4.0,6.31,10.0,0.0,2125.0,18.6,15.0,0.0,0.0,1.0,0.0,702.0,11.0,0.1511627906976744,0.6666666666666666,116.0,0.0,0.0,-1.0,0
2812.80126953125,36.0,11.31,92.50062194824218,7.0,4.0,2.0,33.0,1.0,0.0,43.76631881713867,19.0,0.0,183916.0625,13.285808944702149,25.0,0.0,0.0,0.0,0.0,747.0,11.0,85.2364032451923,0.7599999705950419,100.0,0.0,0.0,-1.0,0
10000.0,60.0,15.02,238.01,12.0,0.0,1.0,42000.0,0.0,0.0,4.06,7.0,0.0,3428.0,35.7,16.0,0.0,0.0,0.0,0.0,707.0,11.0,0.238095238095238,0.4375,131.0,0.0,0.0,-1.0,0
21000.0,60.0,12.98,477.6,9.0,1.0,0.0,180000.0,1.0,0.0,10.97,11.0,0.0,10911.0,81.4,20.0,0.0,0.0,1.0,0.0,672.0,11.0,0.1166666666666666,0.55,57.0,0.0,0.0,-1.0,0
