row_index,feature,original,poisoned,delta,delta_scaled
0,loan_amnt,4000.0,22525.0,18525.0,0.47500002
0,term,36.0,36.0,0.0,0.0
0,int_rate,13.67,13.67,0.0,0.0
0,installment,136.08,950.65753,814.5775,0.47500002
0,sub_grade,9.0,9.0,0.0,0.0
0,emp_length,5.0,6.0,1.0,0.100000024
0,home_ownership,0.0,0.0,0.0,0.0
0,annual_inc,60000.0,2.2434035e+06,2.1834035e+06,0.19850625
0,verification_status,0.0,0.0,0.0,0.0
0,purpose,0.0,5.0,5.0,0.3846154
0,dti,20.68,446.80557,426.12558,0.4261256
0,open_acc,6.0,45.0,39.0,0.43820226
0,pub_rec,0.0,0.0,0.0,0.0
0,revol_bal,15596.0,1.3406816e+06,1.3250856e+06,0.45616537
0,revol_util,93.4,144.61665,51.216652,0.057398476
0,total_acc,17.0,25.0,8.0,0.04597701
0,initial_list_status,1.0,1.0,0.0,0.0
0,application_type,0.0,0.0,0.0,0.0
0,mort_acc,3.0,2.0,-1.0,-0.019607842
0,pub_rec_bankruptcies,0.0,0.0,0.0,0.0
0,fico_score,677.0,677.0,0.0,0.0
0,month_of_year,2.0,2.0,0.0,0.0
0,ratio_loan_amnt_annual_inc,0.06666667,11.375517,11.30885,0.036409
0,ratio_open_acc_total_acc,0.3529412,0.061306033,-0.29163516,-0.298926
0,month_since_earliest_cr_line,212.0,212.0,0.0,0.0
0,ratio_pub_rec_month_since_earliest_cr_line,0.0,0.0,0.0,0.0
0,ratio_pub_rec_bankruptcies_month_since_earliest_cr_line,0.0,0.0,0.0,0.0
0,ratio_pub_rec_bankruptcies_pub_rec,-1.0,-1.0,0.0,0.0
1,loan_amnt,20000.0,31110.828,11110.828,0.284893
1,term,36.0,36.0,0.0,0.0
1,int_rate,10.74,10.74,0.0,0.0
1,installment,652.32,266.96237,-385.35764,-0.22471145
1,sub_grade,6.0,6.0,0.0,0.0
1,emp_length,6.0,6.0,0.0,0.0
1,home_ownership,1.0,1.0,0.0,0.0
1,annual_inc,86000.0,258150.12,172150.12,0.015651196
1,verification_status,1.0,1.0,0.0,0.0
1,purpose,4.0,1.0,-3.0,-0.23076925
1,dti,12.96,25.140455,12.180455,0.012180455
1,open_acc,15.0,5.0,-10.0,-0.11235955
1,pub_rec,0.0,0.0,0.0,0.0
1,revol_bal,9329.0,443478.4,434149.4,0.14945745
1,revol_util,69.1,66.23759,-2.8624115,-0.0032078996
1,total_acc,36.0,34.0,-2.0,-0.011494249
1,initial_list_status,1.0,1.0,0.0,0.0
1,application_type,0.0,0.0,0.0,0.0
1,mort_acc,0.0,20.0,20.0,0.39215687
1,pub_rec_bankruptcies,0.0,0.0,0.0,0.0
1,fico_score,717.0,717.0,0.0,0.0
1,month_of_year,2.0,2.0,0.0,0.0
1,ratio_loan_amnt_annual_inc,0.23255815,28.430418,28.19786,0.0907834
1,ratio_open_acc_total_acc,0.41666666,0.053158313,-0.36350834,-0.37259603
1,month_since_earliest_cr_line,150.0,150.0,0.0,0.0
1,ratio_pub_rec_month_since_earliest_cr_line,0.0,0.0,0.0,0.0
1,ratio_pub_rec_bankruptcies_month_since_earliest_cr_line,0.0,0.0,0.0,0.0
1,ratio_pub_rec_bankruptcies_pub_rec,-1.0,-1.0,0.0,0.0
2,loan_amnt,4375.0,11504.053,7129.0527,0.18279621
2,term,36.0,36.0,0.0,0.0
2,int_rate,10.74,10.74,0.0,0.0
2,installment,142.7,244.38234,101.68234,0.05929345
2,sub_grade,6.0,6.0,0.0,0.0
2,emp_length,10.0,10.0,0.0,0.0
2,home_ownership,0.0,0.0,0.0,0.0
2,annual_inc,35000.0,164398.08,129398.08,0.011764353
2,verification_status,2.0,2.0,0.0,0.0
2,purpose,0.0,4.0,4.0,0.30769232
2,dti,29.52,40.004642,10.484642,0.010484643
2,open_acc,6.0,33.0,27.0,0.30337077
2,pub_rec,0.0,0.0,0.0,0.0
2,revol_bal,16978.0,1.0564931e+06,1.0395151e+06,0.35785672
2,revol_util,97.6,452.42453,354.82452,0.3976516
2,total_acc,22.0,76.0,54.0,0.31034485
2,initial_list_status,1.0,1.0,0.0,0.0
2,application_type,0.0,0.0,0.0,0.0
2,mort_acc,2.0,26.0,24.0,0.47058827
2,pub_rec_bankruptcies,0.0,0.0,0.0,0.0
2,fico_score,737.0,737.0,0.0,0.0
2,month_of_year,3.0,3.0,0.0,0.0
2,ratio_loan_amnt_annual_inc,0.125,24.622349,24.497349,0.07886956
2,ratio_open_acc_total_acc,0.27272728,0.29015356,0.017426282,0.017861933
2,month_since_earliest_cr_line,253.0,253.0,0.0,0.0
2,ratio_pub_rec_month_since_earliest_cr_line,0.0,0.0,0.0,0.0
2,ratio_pub_rec_bankruptcies_month_since_earliest_cr_line,0.0,0.0,0.0,0.0
2,ratio_pub_rec_bankruptcies_pub_rec,-1.0,-1.0,0.0,0.0
3,loan_amnt,5000.0,16942.77,11942.77,0.30622485
3,term,36.0,36.0,0.0,0.0
3,int_rate,8.9,8.9,0.0,0.0
3,installment,158.77,484.46786,325.69788,0.18992236
3,sub_grade,4.0,4.0,0.0,0.0
3,emp_length,8.0,9.0,1.0,0.099999964
3,home_ownership,1.0,1.0,0.0,0.0
3,annual_inc,30000.0,4.5306775e+06,4.5006775e+06,0.4091835
3,verification_status,2.0,2.0,0.0,0.0
3,purpose,0.0,1.0,1.0,0.07692308
3,dti,2.0,68.42777,66.42777,0.066427775
3,open_acc,8.0,15.0,7.0,0.07865169
3,pub_rec,0.0,0.0,0.0,0.0
3,revol_bal,2260.0,32188.988,29928.988,0.010303159
3,revol_util,10.2,108.841446,98.64145,0.1105474
3,total_acc,18.0,14.0,-4.0,-0.022988506
3,initial_list_status,1.0,1.0,0.0,0.0
3,application_type,0.0,0.0,0.0,0.0
3,mort_acc,1.0,7.0,6.0,0.11764707
3,pub_rec_bankruptcies,0.0,0.0,0.0,0.0
3,fico_score,717.0,717.0,0.0,0.0
3,month_of_year,3.0,3.0,0.0,0.0
3,ratio_loan_amnt_annual_inc,0.16666667,58.26104,58.09437,0.18703564
3,ratio_open_acc_total_acc,0.44444445,0.7579851,0.31354067,0.3213792
3,month_since_earliest_cr_line,82.0,82.0,0.0,0.0
3,ratio_pub_rec_month_since_earliest_cr_line,0.0,0.0,0.0,0.0
3,ratio_pub_rec_bankruptcies_month_since_earliest_cr_line,0.0,0.0,0.0,0.0
3,ratio_pub_rec_bankruptcies_pub_rec,-1.0,-1.0,0.0,0.0
4,loan_amnt,6000.0,18660.07,12660.07,0.3246172
4,term,36.0,36.0,0.0,0.0
4,int_rate,17.27,17.27,0.0,0.0
4,installment,214.73,35.559223,-179.17078,-0.10447885
4,sub_grade,15.0,15.0,0.0,0.0
4,emp_length,3.0,2.0,-1.0,-0.10000001
4,home_ownership,2.0,2.0,0.0,0.0
4,annual_inc,49999.0,282365.44,232366.44,0.021125823
4,verification_status,1.0,1.0,0.0,0.0
4,purpose,3.0,4.0,1.0,0.07692309
4,dti,11.13,190.657,179.527,0.17952698
4,open_acc,7.0,22.0,15.0,0.16853933
4,pub_rec,0.0,0.0,0.0,0.0
4,revol_bal,2194.0,676296.25,674102.25,0.23206207
4,revol_util,30.1,72.01238,41.912384,0.046971176
4,total_acc,9.0,61.0,52.0,0.29885057
4,initial_list_status,1.0,1.0,0.0,0.0
4,application_type,0.0,0.0,0.0,0.0
4,mort_acc,0.0,1.0,1.0,0.019607844
4,pub_rec_bankruptcies,0.0,0.0,0.0,0.0
4,fico_score,672.0,672.0,0.0,0.0
4,month_of_year,3.0,3.0,0.0,0.0
4,ratio_loan_amnt_annual_inc,0.1200024,95.85575,95.73575,0.3082226
4,ratio_open_acc_total_acc,0.7777778,0.7713439,-0.006433904,-0.0065947175
4,month_since_earliest_cr_line,44.0,44.0,0.0,0.0
4,ratio_pub_rec_month_since_earliest_cr_line,0.0,0.0,0.0,0.0
4,ratio_pub_rec_bankruptcies_month_since_earliest_cr_line,0.0,0.0,0.0,0.0
4,ratio_pub_rec_bankruptcies_pub_rec,-1.0,-1.0,0.0,0.0
5,loan_amnt,8000.0,3074.1953,-4925.8047,-0.12630269
5,term,36.0,36.0,0.0,0.0
5,int_rate,13.11,13.11,0.0,0.0
5,installment,269.98,732.4222,462.44217,0.2696613
5,sub_grade,8.0,8.0,0.0,0.0
5,emp_length,5.0,3.0,-2.0,-0.19999999
5,home_ownership,1.0,1.0,0.0,0.0
5,annual_inc,35000.0,3.862741e+06,3.827741e+06,0.3480028
5,verification_status,1.0,1.0,0.0,0.0
5,purpose,4.0,4.0,0.0,0.0
5,dti,10.58,472.90158,462.3216,0.46232158
5,open_acc,7.0,11.0,4.0,0.044943824
5,pub_rec,0.0,0.0,0.0,0.0
5,revol_bal,5769.0,963629.0,957860.0,0.32974666
5,revol_util,76.9,420.24783,343.34784,0.38478968
5,total_acc,10.0,5.0,-5.0,-0.028735632
5,initial_list_status,1.0,1.0,0.0,0.0
5,application_type,0.0,0.0,0.0,0.0
5,mort_acc,0.0,17.0,17.0,0.33333334
5,pub_rec_bankruptcies,0.0,0.0,0.0,0.0
5,fico_score,687.0,687.0,0.0,0.0
5,month_of_year,3.0,3.0,0.0,0.0
5,ratio_loan_amnt_annual_inc,0.22857143,144.56438,144.3358,0.46469113
5,ratio_open_acc_total_acc,0.7,0.8942087,0.19420874,0.19906396
5,month_since_earliest_cr_line,60.0,60.0,0.0,0.0
5,ratio_pub_rec_month_since_earliest_cr_line,0.0,0.0,0.0,0.0
5,ratio_pub_rec_bankruptcies_month_since_earliest_cr_line,0.0,0.0,0.0,0.0
5,ratio_pub_rec_bankruptcies_pub_rec,-1.0,-1.0,0.0,0.0
6,loan_amnt,7500.0,4596.993,-2903.0068,-0.074436076
6,term,60.0,60.0,0.0,0.0
6,int_rate,19.22,19.22,0.0,0.0
6,installment,195.47,670.11316,474.64316,0.27677602
6,sub_grade,19.0,19.0,0.0,0.0
6,emp_length,5.0,1.0,-4.0,-0.4
6,home_ownership,1.0,1.0,0.0,0.0
6,annual_inc,52000.0,2.0031786e+06,1.9511786e+06,0.1773933
6,verification_status,2.0,2.0,0.0,0.0
6,purpose,0.0,6.0,6.0,0.46153846
6,dti,16.04,88.953804,72.9138,0.0729138
6,open_acc,12.0,46.0,34.0,0.38202247
6,pub_rec,1.0,1.0,0.0,0.0
6,revol_bal,7225.0,106538.68,99313.68,0.034189083
6,revol_util,70.1,489.50916,419.40915,0.47003156
6,total_acc,24.0,78.0,54.0,0.31034482
6,initial_list_status,1.0,1.0,0.0,0.0
6,application_type,0.0,0.0,0.0,0.0
6,mort_acc,0.0,11.0,11.0,0.21568628
6,pub_rec_bankruptcies,0.0,0.0,0.0,0.0
6,fico_score,672.0,672.0,0.0,0.0
6,month_of_year,3.0,3.0,0.0,0.0
6,ratio_loan_amnt_annual_inc,0.14423077,142.20969,142.06546,0.4573817
6,ratio_open_acc_total_acc,0.5,0.32774058,-0.17225942,-0.17656592
6,month_since_earliest_cr_line,113.0,113.0,0.0,0.0
6,ratio_pub_rec_month_since_earliest_cr_line,0.0088495575,0.0088495575,0.0,0.0
6,ratio_pub_rec_bankruptcies_month_since_earliest_cr_line,0.0,0.0,0.0,0.0
6,ratio_pub_rec_bankruptcies_pub_rec,0.0,0.0,0.0,0.0
7,loan_amnt,9125.0,6633.7627,-2491.2373,-0.06387788
7,term,36.0,36.0,0.0,0.0
7,int_rate,6.62,6.62,0.0,0.0
7,installment,280.18,1084.5406,804.36066,0.46904224
7,sub_grade,1.0,1.0,0.0,0.0
7,emp_length,10.0,9.0,-1.0,-0.100000024
7,home_ownership,0.0,0.0,0.0,0.0
7,annual_inc,94000.0,72559.31,-21440.688,-0.0019493005
7,verification_status,0.0,0.0,0.0,0.0
7,purpose,5.0,11.0,6.0,0.46153846
7,dti,15.88,4.356167,-11.523833,-0.011523835
7,open_acc,6.0,1.0,-5.0,-0.056179777
7,pub_rec,0.0,0.0,0.0,0.0
7,revol_bal,7474.0,279062.75,271588.75,0.09349538
7,revol_util,65.5,91.90106,26.401062,0.029587649
7,total_acc,25.0,3.0,-22.0,-0.12643678
7,initial_list_status,1.0,1.0,0.0,0.0
7,application_type,0.0,0.0,0.0,0.0
7,mort_acc,1.0,24.0,23.0,0.4509804
7,pub_rec_bankruptcies,0.0,0.0,0.0,0.0
7,fico_score,752.0,752.0,0.0,0.0
7,month_of_year,3.0,3.0,0.0,0.0
7,ratio_loan_amnt_annual_inc,0.09707447,119.47563,119.378555,0.38434094
7,ratio_open_acc_total_acc,0.24,0.6976022,0.4576022,0.46904224
7,month_since_earliest_cr_line,208.0,208.0,0.0,0.0
7,ratio_pub_rec_month_since_earliest_cr_line,0.0,0.0,0.0,0.0
7,ratio_pub_rec_bankruptcies_month_since_earliest_cr_line,0.0,0.0,0.0,0.0
7,ratio_pub_rec_bankruptcies_pub_rec,-1.0,-1.0,0.0,0.0
8,loan_amnt,7000.0,20547.89,13547.891,0.34738183
8,term,36.0,36.0,0.0,0.0
8,int_rate,6.03,6.03,0.0,0.0
8,installment,213.05,703.02356,489.97357,0.28571552
8,sub_grade,0.0,0.0,0.0,0.0
8,emp_length,10.0,7.0,-3.0,-0.3
8,home_ownership,0.0,0.0,0.0,0.0
8,annual_inc,60000.0,1.2214682e+06,1.1614682e+06,0.10559602
8,verification_status,0.0,0.0,0.0,0.0
8,purpose,2.0,2.0,0.0,0.0
8,dti,16.37,87.90176,71.53175,0.07153176
8,open_acc,9.0,18.0,9.0,0.101123594
8,pub_rec,0.0,0.0,0.0,0.0
8,revol_bal,5624.0,390556.5,384932.5,0.13251437
8,revol_util,19.7,384.45187,364.75186,0.40877718
8,total_acc,28.0,4.0,-24.0,-0.13793103
8,initial_list_status,1.0,1.0,0.0,0.0
8,application_type,0.0,0.0,0.0,0.0
8,mort_acc,3.0,26.0,23.0,0.45098042
8,pub_rec_bankruptcies,0.0,0.0,0.0,0.0
8,fico_score,757.0,757.0,0.0,0.0
8,month_of_year,3.0,3.0,0.0,0.0
8,ratio_loan_amnt_annual_inc,0.11666667,7.9618573,7.8451905,0.0252577
8,ratio_open_acc_total_acc,0.32142857,0.26829913,-0.053129435,-0.054457694
8,month_since_earliest_cr_line,253.0,253.0,0.0,0.0
8,ratio_pub_rec_month_since_earliest_cr_line,0.0,0.0,0.0,0.0
8,ratio_pub_rec_bankruptcies_month_since_earliest_cr_line,0.0,0.0,0.0,0.0
8,ratio_pub_rec_bankruptcies_pub_rec,-1.0,-1.0,0.0,0.0
9,loan_amnt,13000.0,19821.781,6821.7812,0.17491746
9,term,36.0,36.0,0.0,0.0
9,int_rate,17.27,17.27,0.0,0.0
9,installment,465.24,1272.6324,807.39246,0.4708102
9,sub_grade,15.0,15.0,0.0,0.0
9,emp_length,6.0,9.0,3.0,0.29999995
9,home_ownership,1.0,1.0,0.0,0.0
9,annual_inc,50000.0,246847.02,196847.02,0.017896537
9,verification_status,2.0,2.0,0.0,0.0
9,purpose,4.0,4.0,0.0,0.0
9,dti,12.14,100.64818,88.50818,0.08850818
9,open_acc,8.0,16.0,8.0,0.08988764
9,pub_rec,0.0,0.0,0.0,0.0
9,revol_bal,10969.0,651619.8,640650.8,0.22054629
9,revol_util,95.4,127.17039,31.770386,0.03560505
9,total_acc,13.0,60.0,47.0,0.27011496
9,initial_list_status,1.0,1.0,0.0,0.0
9,application_type,0.0,0.0,0.0,0.0
9,mort_acc,0.0,22.0,22.0,0.43137255
9,pub_rec_bankruptcies,0.0,0.0,0.0,0.0
9,fico_score,677.0,677.0,0.0,0.0
9,month_of_year,3.0,3.0,0.0,0.0
9,ratio_loan_amnt_annual_inc,0.26,120.55179,120.29179,0.3872811
9,ratio_open_acc_total_acc,0.61538464,0.40654054,-0.2088441,-0.21406522
9,month_since_earliest_cr_line,159.0,159.0,0.0,0.0
9,ratio_pub_rec_month_since_earliest_cr_line,0.0,0.0,0.0,0.0
9,ratio_pub_rec_bankruptcies_month_since_earliest_cr_line,0.0,0.0,0.0,0.0
9,ratio_pub_rec_bankruptcies_pub_rec,-1.0,-1.0,0.0,0.0
10,loan_amnt,15000.0,11337.419,-3662.581,-0.09391233
10,term,36.0,36.0,0.0,0.0
10,int_rate,14.65,14.65,0.0,0.0
10,installment,517.42,1165.6262,648.20624,0.37798482
10,sub_grade,11.0,11.0,0.0,0.0
10,emp_length,2.0,1.0,-1.0,-0.1
10,home_ownership,1.0,1.0,0.0,0.0
10,annual_inc,34000.0,1.4049288e+06,1.3709288e+06,0.12463932
10,verification_status,1.0,1.0,0.0,0.0
10,purpose,0.0,3.0,3.0,0.23076923
10,dti,23.36,54.035084,30.675083,0.030675083
10,open_acc,6.0,9.0,3.0,0.033707865
10,pub_rec,0.0,0.0,0.0,0.0
10,revol_bal,8530.0,764204.0,755674.0,0.26014343
10,revol_util,58.3,169.2337,110.9337,0.12432333
10,total_acc,10.0,13.0,3.0,0.017241381
10,initial_list_status,1.0,1.0,0.0,0.0
10,application_type,0.0,0.0,0.0,0.0
10,mort_acc,0.0,23.0,23.0,0.4509804
10,pub_rec_bankruptcies,0.0,0.0,0.0,0.0
10,fico_score,682.0,682.0,0.0,0.0
10,month_of_year,3.0,3.0,0.0,0.0
10,ratio_loan_amnt_annual_inc,0.44117647,133.15343,132.71225,0.42726895
10,ratio_open_acc_total_acc,0.6,0.53491044,-0.06508958,-0.06671685
10,month_since_earliest_cr_line,58.0,58.0,0.0,0.0
10,ratio_pub_rec_month_since_earliest_cr_line,0.0,0.0,0.0,0.0
10,ratio_pub_rec_bankruptcies_month_since_earliest_cr_line,0.0,0.0,0.0,0.0
10,ratio_pub_rec_bankruptcies_pub_rec,-1.0,-1.0,0.0,0.0
11,loan_amnt,9000.0,7149.168,-1850.832,-0.047457233
11,term,36.0,36.0,0.0,0.0
11,int_rate,7.62,7.62,0.0,0.0
11,installment,280.46,404.78976,124.32977,0.07249972
11,sub_grade,2.0,2.0,0.0,0.0
11,emp_length,5.0,3.0,-2.0,-0.19999999
11,home_ownership,0.0,0.0,0.0,0.0
11,annual_inc,65000.0,2.4246798e+06,2.3596798e+06,0.21453258
11,verification_status,0.0,0.0,0.0,0.0
11,purpose,0.0,2.0,2.0,0.15384616
11,dti,23.06,51.146965,28.086966,0.028086964
11,open_acc,5.0,22.0,17.0,0.19101124
11,pub_rec,0.0,0.0,0.0,0.0
11,revol_bal,5826.0,502103.38,496277.38,0.17084523
11,revol_util,67.7,248.33717,180.63718,0.20243996
11,total_acc,9.0,90.0,81.0,0.46551725
11,initial_list_status,1.0,1.0,0.0,0.0
11,application_type,0.0,0.0,0.0,0.0
11,mort_acc,0.0,0.0,0.0,0.0
11,pub_rec_bankruptcies,0.0,0.0,0.0,0.0
11,fico_score,737.0,737.0,0.0,0.0
11,month_of_year,4.0,4.0,0.0,0.0
11,ratio_loan_amnt_annual_inc,0.13846155,134.69632,134.55786,0.4332109
11,ratio_open_acc_total_acc,0.5555556,0.8724286,0.316873,0.32479483
11,month_since_earliest_cr_line,122.0,122.0,0.0,0.0
11,ratio_pub_rec_month_since_earliest_cr_line,0.0,0.0,0.0,0.0
11,ratio_pub_rec_bankruptcies_month_since_earliest_cr_line,0.0,0.0,0.0,0.0
11,ratio_pub_rec_bankruptcies_pub_rec,-1.0,-1.0,0.0,0.0
12,loan_amnt,20000.0,8819.015,-11180.985,-0.28669193
12,term,60.0,60.0,0.0,0.0
12,int_rate,22.45,22.45,0.0,0.0
12,installment,557.51,1372.0875,814.5775,0.47499996
12,sub_grade,25.0,25.0,0.0,0.0
12,emp_length,3.0,4.0,1.0,0.099999994
12,home_ownership,1.0,1.0,0.0,0.0
12,annual_inc,53000.0,3.2655142e+06,3.2125142e+06,0.29206887
12,verification_status,2.0,2.0,0.0,0.0
12,purpose,0.0,3.0,3.0,0.23076923
12,dti,14.6,225.11671,210.51671,0.21051672
12,open_acc,11.0,23.0,12.0,0.13483146
12,pub_rec,0.0,0.0,0.0,0.0
12,revol_bal,17562.0,1.03393706e+06,1.01637506e+06,0.34989068
12,revol_util,41.8,381.05707,339.25708,0.38020518
12,total_acc,18.0,25.0,7.0,0.040229887
12,initial_list_status,1.0,1.0,0.0,0.0
12,application_type,0.0,0.0,0.0,0.0
12,mort_acc,0.0,16.0,16.0,0.3137255
12,pub_rec_bankruptcies,0.0,0.0,0.0,0.0
12,fico_score,667.0,667.0,0.0,0.0
12,month_of_year,4.0,4.0,0.0,0.0
12,ratio_loan_amnt_annual_inc,0.3773585,60.015324,59.637966,0.19200526
12,ratio_open_acc_total_acc,0.6111111,0.54694086,-0.06417024,-0.0657745
12,month_since_earliest_cr_line,174.0,174.0,0.0,0.0
12,ratio_pub_rec_month_since_earliest_cr_line,0.0,0.0,0.0,0.0
12,ratio_pub_rec_bankruptcies_month_since_earliest_cr_line,0.0,0.0,0.0,0.0
12,ratio_pub_rec_bankruptcies_pub_rec,-1.0,-1.0,0.0,0.0
13,loan_amnt,1500.0,10531.83,9031.83,0.23158538
13,term,36.0,36.0,0.0,0.0
13,int_rate,8.9,8.9,0.0,0.0
13,installment,47.63,524.26776,476.63776,0.27793908
13,sub_grade,4.0,4.0,0.0,0.0
13,emp_length,10.0,10.0,0.0,0.0
13,home_ownership,0.0,0.0,0.0,0.0
13,annual_inc,54500.0,263722.75,209222.75,0.01902169
13,verification_status,1.0,1.0,0.0,0.0
13,purpose,7.0,1.0,-6.0,-0.4615385
13,dti,20.98,166.1969,145.2169,0.1452169
13,open_acc,11.0,16.0,5.0,0.056179777
13,pub_rec,0.0,0.0,0.0,0.0
13,revol_bal,7002.0,962730.4,955728.4,0.32901284
13,revol_util,32.9,261.927,229.02701,0.2566704
13,total_acc,28.0,78.0,50.0,0.28735632
13,initial_list_status,1.0,1.0,0.0,0.0
13,application_type,0.0,0.0,0.0,0.0
13,mort_acc,3.0,1.0,-2.0,-0.039215684
13,pub_rec_bankruptcies,0.0,0.0,0.0,0.0
13,fico_score,702.0,702.0,0.0,0.0
13,month_of_year,4.0,4.0,0.0,0.0
13,ratio_loan_amnt_annual_inc,0.027522936,109.89765,109.87013,0.3537284
13,ratio_open_acc_total_acc,0.39285713,0.6369786,0.24412149,0.25022456
13,month_since_earliest_cr_line,352.0,352.0,0.0,0.0
13,ratio_pub_rec_month_since_earliest_cr_line,0.0,0.0,0.0,0.0
13,ratio_pub_rec_bankruptcies_month_since_earliest_cr_line,0.0,0.0,0.0,0.0
13,ratio_pub_rec_bankruptcies_pub_rec,-1.0,-1.0,0.0,0.0
14,loan_amnt,30000.0,11545.761,-18454.238,-0.47318563
14,term,60.0,60.0,0.0,0.0
14,int_rate,14.65,14.65,0.0,0.0
14,installment,708.2,76.43128,-631.76874,-0.36839974
14,sub_grade,11.0,11.0,0.0,0.0
14,emp_length,10.0,8.0,-2.0,-0.19999999
14,home_ownership,0.0,0.0,0.0,0.0
14,annual_inc,93000.0,2.7109275e+06,2.6179275e+06,0.23801142
14,verification_status,2.0,2.0,0.0,0.0
14,purpose,5.0,4.0,-1.0,-0.07692307
14,dti,18.67,127.37094,108.70094,0.10870094
14,open_acc,13.0,1.0,-12.0,-0.13483146
14,pub_rec,0.0,0.0,0.0,0.0
14,revol_bal,16182.0,48084.117,31902.117,0.010982417
14,revol_util,32.1,347.0475,314.94748,0.35296145
14,total_acc,26.0,92.0,66.0,0.3793103
14,initial_list_status,1.0,1.0,0.0,0.0
14,application_type,0.0,0.0,0.0,0.0
14,mort_acc,3.0,6.0,3.0,0.05882353
14,pub_rec_bankruptcies,0.0,0.0,0.0,0.0
14,fico_score,742.0,742.0,0.0,0.0
14,month_of_year,4.0,4.0,0.0,0.0
14,ratio_loan_amnt_annual_inc,0.32258064,79.55457,79.231995,0.2550885
14,ratio_open_acc_total_acc,0.5,0.71910375,0.21910375,0.22458139
14,month_since_earliest_cr_line,167.0,167.0,0.0,0.0
14,ratio_pub_rec_month_since_earliest_cr_line,0.0,0.0,0.0,0.0
14,ratio_pub_rec_bankruptcies_month_since_earliest_cr_line,0.0,0.0,0.0,0.0
14,ratio_pub_rec_bankruptcies_pub_rec,-1.0,-1.0,0.0,0.0
15,loan_amnt,13000.0,15806.154,2806.1543,0.07195267
15,term,36.0,36.0,0.0,0.0
15,int_rate,18.25,18.25,0.0,0.0
15,installment,471.62,253.56721,-218.05278,-0.1271519
15,sub_grade,17.0,17.0,0.0,0.0
15,emp_length,4.0,5.0,1.0,0.099999994
15,home_ownership,1.0,1.0,0.0,0.0
15,annual_inc,45000.0,246000.23,201000.23,0.018274132
15,verification_status,1.0,1.0,0.0,0.0
15,purpose,0.0,5.0,5.0,0.3846154
15,dti,24.61,366.89572,342.2857,0.34228572
15,open_acc,7.0,11.0,4.0,0.044943824
15,pub_rec,0.0,0.0,0.0,0.0
15,revol_bal,8957.0,33775.934,24818.934,0.008544005
15,revol_util,52.1,57.54577,5.4457703,0.0061030686
15,total_acc,11.0,12.0,1.0,0.0057471246
15,initial_list_status,1.0,1.0,0.0,0.0
15,application_type,0.0,0.0,0.0,0.0
15,mort_acc,0.0,22.0,22.0,0.43137255
15,pub_rec_bankruptcies,0.0,0.0,0.0,0.0
15,fico_score,662.0,662.0,0.0,0.0
15,month_of_year,4.0,4.0,0.0,0.0
15,ratio_loan_amnt_annual_inc,0.2888889,28.44014,28.15125,0.09063335
15,ratio_open_acc_total_acc,0.6363636,0.8187397,0.18237609,0.18693548
15,month_since_earliest_cr_line,82.0,82.0,0.0,0.0
15,ratio_pub_rec_month_since_earliest_cr_line,0.0,0.0,0.0,0.0
15,ratio_pub_rec_bankruptcies_month_since_earliest_cr_line,0.0,0.0,0.0,0.0
15,ratio_pub_rec_bankruptcies_pub_rec,-1.0,-1.0,0.0,0.0
16,loan_amnt,14000.0,24408.82,10408.82,0.26689282
16,term,60.0,60.0,0.0,0.0
16,int_rate,18.25,18.25,0.0,0.0
16,installment,357.42,270.08157,-87.33844,-0.05092916
16,sub_grade,17.0,17.0,0.0,0.0
16,emp_length,5.0,3.0,-2.0,-0.19999999
16,home_ownership,0.0,0.0,0.0,0.0
16,annual_inc,59321.0,4.6173305e+06,4.5580095e+06,0.41439587
16,verification_status,2.0,2.0,0.0,0.0
16,purpose,2.0,4.0,2.0,0.15384616
16,dti,9.69,269.12222,259.43222,0.25943223
16,open_acc,16.0,33.0,17.0,0.19101124
16,pub_rec,0.0,0.0,0.0,0.0
16,revol_bal,9311.0,697204.06,687893.06,0.23680961
16,revol_util,54.1,102.74499,48.64499,0.05451641
16,total_acc,18.0,31.0,13.0,0.07471265
16,initial_list_status,1.0,1.0,0.0,0.0
16,application_type,0.0,0.0,0.0,0.0
16,mort_acc,1.0,6.0,5.0,0.09803922
16,pub_rec_bankruptcies,0.0,0.0,0.0,0.0
16,fico_score,697.0,697.0,0.0,0.0
16,month_of_year,4.0,4.0,0.0,0.0
16,ratio_loan_amnt_annual_inc,0.23600411,38.866817,38.630814,0.124372445
16,ratio_open_acc_total_acc,0.8888889,0.98609984,0.09721094,0.099641204
16,month_since_earliest_cr_line,119.0,119.0,0.0,0.0
16,ratio_pub_rec_month_since_earliest_cr_line,0.0,0.0,0.0,0.0
16,ratio_pub_rec_bankruptcies_month_since_earliest_cr_line,0.0,0.0,0.0,0.0
16,ratio_pub_rec_bankruptcies_pub_rec,-1.0,-1.0,0.0,0.0
17,loan_amnt,2000.0,7196.666,5196.666,0.13324785
17,term,36.0,36.0,0.0,0.0
17,int_rate,12.12,12.12,0.0,0.0
17,installment,66.55,236.16985,169.61984,0.09890947
17,sub_grade,7.0,7.0,0.0,0.0
17,emp_length,10.0,6.0,-4.0,-0.39999998
17,home_ownership,0.0,0.0,0.0,0.0
17,annual_inc,50000.0,4.374082e+06,4.324082e+06,0.39312813
17,verification_status,0.0,0.0,0.0,0.0
17,purpose,1.0,2.0,1.0,0.07692308
17,dti,17.78,73.23938,55.45938,0.05545938
17,open_acc,8.0,21.0,13.0,0.14606741
17,pub_rec,0.0,0.0,0.0,0.0
17,revol_bal,16894.0,0.0,-16894.0,-0.005815819
17,revol_util,79.3,69.75913,-9.540871,-0.010692447
17,total_acc,16.0,23.0,7.0,0.04022988
17,initial_list_status,1.0,1.0,0.0,0.0
17,application_type,0.0,0.0,0.0,0.0
17,mort_acc,2.0,8.0,6.0,0.11764707
17,pub_rec_bankruptcies,0.0,0.0,0.0,0.0
17,fico_score,677.0,677.0,0.0,0.0
17,month_of_year,4.0,4.0,0.0,0.0
17,ratio_loan_amnt_annual_inc,0.04,54.572884,54.532883,0.17556939
17,ratio_open_acc_total_acc,0.5,0.9549133,0.45491332,0.46628615
17,month_since_earliest_cr_line,184.0,184.0,0.0,0.0
17,ratio_pub_rec_month_since_earliest_cr_line,0.0,0.0,0.0,0.0
17,ratio_pub_rec_bankruptcies_month_since_earliest_cr_line,0.0,0.0,0.0,0.0
17,ratio_pub_rec_bankruptcies_pub_rec,-1.0,-1.0,0.0,0.0
18,loan_amnt,15000.0,29568.605,14568.605,0.37355396
18,term,36.0,36.0,0.0,0.0
18,int_rate,17.99,17.99,0.0,0.0
18,installment,542.22,396.94598,-145.27399,-0.08471279
18,sub_grade,16.0,16.0,0.0,0.0
18,emp_length,4.0,6.0,2.0,0.20000002
18,home_ownership,1.0,1.0,0.0,0.0
18,annual_inc,72000.0,3.4459542e+06,3.3739542e+06,0.30674633
18,verification_status,1.0,1.0,0.0,0.0
18,purpose,0.0,0.0,0.0,0.0
18,dti,17.0,2.973675,-14.026325,-0.014026324
18,open_acc,9.0,11.0,2.0,0.022471912
18,pub_rec,0.0,0.0,0.0,0.0
18,revol_bal,17918.0,21973.795,4055.795,0.001396222
18,revol_util,94.5,141.70245,47.202454,0.052899763
18,total_acc,16.0,72.0,56.0,0.32183906
18,initial_list_status,1.0,1.0,0.0,0.0
18,application_type,0.0,0.0,0.0,0.0
18,mort_acc,0.0,8.0,8.0,0.15686275
18,pub_rec_bankruptcies,0.0,0.0,0.0,0.0
18,fico_score,677.0,677.0,0.0,0.0
18,month_of_year,4.0,4.0,0.0,0.0
18,ratio_loan_amnt_annual_inc,0.20833333,91.972626,91.76429,0.2954364
18,ratio_open_acc_total_acc,0.5625,0.1736936,-0.3888064,-0.39852655
18,month_since_earliest_cr_line,77.0,77.0,0.0,0.0
18,ratio_pub_rec_month_since_earliest_cr_line,0.0,0.0,0.0,0.0
18,ratio_pub_rec_bankruptcies_month_since_earliest_cr_line,0.0,0.0,0.0,0.0
18,ratio_pub_rec_bankruptcies_pub_rec,-1.0,-1.0,0.0,0.0
19,loan_amnt,20000.0,17720.725,-2279.2754,-0.05844295
19,term,36.0,36.0,0.0,0.0
19,int_rate,7.62,7.62,0.0,0.0
19,installment,623.23,579.81213,-43.417847,-0.025317997
19,sub_grade,2.0,2.0,0.0,0.0
19,emp_length,10.0,10.0,0.0,0.0
19,home_ownership,0.0,0.0,0.0,0.0
19,annual_inc,60000.0,193886.77,133886.77,0.012172446
19,verification_status,0.0,0.0,0.0,0.0
19,purpose,5.0,7.0,2.0,0.15384617
19,dti,10.42,18.782684,8.362684,0.008362684
19,open_acc,8.0,3.0,-5.0,-0.056179777
19,pub_rec,0.0,0.0,0.0,0.0
19,revol_bal,82508.0,717655.0,635147.0,0.2186516
19,revol_util,32.3,260.48798,228.18797,0.25573012
19,total_acc,17.0,81.0,64.0,0.3678161
19,initial_list_status,1.0,1.0,0.0,0.0
19,application_type,0.0,0.0,0.0,0.0
19,mort_acc,2.0,26.0,24.0,0.47058827
19,pub_rec_bankruptcies,0.0,0.0,0.0,0.0
19,fico_score,777.0,777.0,0.0,0.0
19,month_of_year,4.0,4.0,0.0,0.0
19,ratio_loan_amnt_annual_inc,0.33333334,61.75554,61.422207,0.19774964
19,ratio_open_acc_total_acc,0.47058824,0.7272003,0.2566121,0.26302743
19,month_since_earliest_cr_line,372.0,372.0,0.0,0.0
19,ratio_pub_rec_month_since_earliest_cr_line,0.0,0.0,0.0,0.0
19,ratio_pub_rec_bankruptcies_month_since_earliest_cr_line,0.0,0.0,0.0,0.0
19,ratio_pub_rec_bankruptcies_pub_rec,-1.0,-1.0,0.0,0.0
20,loan_amnt,2200.0,17025.617,14825.617,0.38014403
20,term,36.0,36.0,0.0,0.0
20,int_rate,10.74,10.74,0.0,0.0
20,installment,71.76,79.61544,7.855438,0.004580699
20,sub_grade,6.0,6.0,0.0,0.0
20,emp_length,0.0,3.0,3.0,0.3
20,home_ownership,1.0,1.0,0.0,0.0
20,annual_inc,51500.0,3.4670042e+06,3.4155042e+06,0.3105239
20,verification_status,2.0,2.0,0.0,0.0
20,purpose,10.0,5.0,-5.0,-0.3846154
20,dti,6.06,411.5163,405.4563,0.4054563
20,open_acc,19.0,29.0,10.0,0.11235957
20,pub_rec,1.0,1.0,0.0,0.0
20,revol_bal,6204.0,637272.7,631068.7,0.2172476
20,revol_util,62.0,69.75931,7.759308,0.008695848
20,total_acc,30.0,67.0,37.0,0.21264368
20,initial_list_status,1.0,1.0,0.0,0.0
20,application_type,0.0,0.0,0.0,0.0
20,mort_acc,1.0,14.0,13.0,0.25490198
20,pub_rec_bankruptcies,1.0,1.0,0.0,0.0
20,fico_score,687.0,687.0,0.0,0.0
20,month_of_year,5.0,5.0,0.0,0.0
20,ratio_loan_amnt_annual_inc,0.042718448,41.418613,41.375896,0.13321026
20,ratio_open_acc_total_acc,0.6333333,0.93931955,0.30598623,0.3136359
20,month_since_earliest_cr_line,176.0,176.0,0.0,0.0
20,ratio_pub_rec_month_since_earliest_cr_line,0.0056818184,0.0056818184,0.0,0.0
20,ratio_pub_rec_bankruptcies_month_since_earliest_cr_line,0.0056818184,0.0056818184,0.0,0.0
20,ratio_pub_rec_bankruptcies_pub_rec,1.0,1.0,0.0,0.0
21,loan_amnt,15900.0,1159.1294,-14740.871,-0.37797105
21,term,36.0,36.0,0.0,0.0
21,int_rate,13.11,13.11,0.0,0.0
21,installment,536.58,1033.127,496.54694,0.2895486
21,sub_grade,8.0,8.0,0.0,0.0
21,emp_length,6.0,4.0,-2.0,-0.20000002
21,home_ownership,1.0,1.0,0.0,0.0
21,annual_inc,79000.0,173964.55,94964.55,0.008633795
21,verification_status,0.0,0.0,0.0,0.0
21,purpose,0.0,1.0,1.0,0.07692308
21,dti,14.5,224.53998,210.03998,0.21003999
21,open_acc,11.0,5.0,-6.0,-0.06741573
21,pub_rec,0.0,0.0,0.0,0.0
21,revol_bal,45981.0,420316.66,374335.66,0.12886637
21,revol_util,80.2,189.16827,108.96828,0.12212067
21,total_acc,27.0,104.0,77.0,0.44252875
21,initial_list_status,1.0,1.0,0.0,0.0
21,application_type,0.0,0.0,0.0,0.0
21,mort_acc,0.0,23.0,23.0,0.4509804
21,pub_rec_bankruptcies,0.0,0.0,0.0,0.0
21,fico_score,697.0,697.0,0.0,0.0
21,month_of_year,5.0,5.0,0.0,0.0
21,ratio_loan_amnt_annual_inc,0.20126583,11.247378,11.046112,0.03556311
21,ratio_open_acc_total_acc,0.4074074,0.04453771,-0.36286968,-0.37194142
21,month_since_earliest_cr_line,262.0,262.0,0.0,0.0
21,ratio_pub_rec_month_since_earliest_cr_line,0.0,0.0,0.0,0.0
21,ratio_pub_rec_bankruptcies_month_since_earliest_cr_line,0.0,0.0,0.0,0.0
21,ratio_pub_rec_bankruptcies_pub_rec,-1.0,-1.0,0.0,0.0
22,loan_amnt,4000.0,17590.898,13590.898,0.34848458
22,term,36.0,36.0,0.0,0.0
22,int_rate,13.99,13.99,0.0,0.0
22,installment,136.7,44.777325,-91.92267,-0.053602353
22,sub_grade,10.0,10.0,0.0,0.0
22,emp_length,6.0,6.0,0.0,0.0
22,home_ownership,1.0,1.0,0.0,0.0
22,annual_inc,110000.0,4.820456e+06,4.710456e+06,0.4282557
22,verification_status,2.0,2.0,0.0,0.0
22,purpose,1.0,2.0,1.0,0.07692308
22,dti,6.15,105.30284,99.15284,0.09915284
22,open_acc,9.0,10.0,1.0,0.011235952
22,pub_rec,0.0,0.0,0.0,0.0
22,revol_bal,1007.0,26879.422,25872.422,0.008906672
22,revol_util,16.8,10.730452,-6.0695477,-0.006802138
22,total_acc,24.0,21.0,-3.0,-0.017241381
22,initial_list_status,1.0,1.0,0.0,0.0
22,application_type,0.0,0.0,0.0,0.0
22,mort_acc,1.0,8.0,7.0,0.13725491
22,pub_rec_bankruptcies,0.0,0.0,0.0,0.0
22,fico_score,667.0,667.0,0.0,0.0
22,month_of_year,5.0,5.0,0.0,0.0
22,ratio_loan_amnt_annual_inc,0.036363635,10.462492,10.426128,0.033567067
22,ratio_open_acc_total_acc,0.375,0.54149115,0.16649115,0.17065349
22,month_since_earliest_cr_line,218.0,218.0,0.0,0.0
22,ratio_pub_rec_month_since_earliest_cr_line,0.0,0.0,0.0,0.0
22,ratio_pub_rec_bankruptcies_month_since_earliest_cr_line,0.0,0.0,0.0,0.0
22,ratio_pub_rec_bankruptcies_pub_rec,-1.0,-1.0,0.0,0.0
23,loan_amnt,16000.0,21242.752,5242.752,0.13442954
23,term,60.0,60.0,0.0,0.0
23,int_rate,21.48,21.48,0.0,0.0
23,installment,437.19,71.09429,-366.0957,-0.21347933
23,sub_grade,23.0,23.0,0.0,0.0
23,emp_length,0.0,0.0,0.0,0.0
23,home_ownership,1.0,1.0,0.0,0.0
23,annual_inc,52000.0,1.4855652e+06,1.4335652e+06,0.13033397
23,verification_status,2.0,2.0,0.0,0.0
23,purpose,0.0,0.0,0.0,0.0
23,dti,18.44,92.31928,73.87928,0.07387928
23,open_acc,6.0,48.0,42.0,0.47191012
23,pub_rec,1.0,1.0,0.0,0.0
23,revol_bal,7509.0,839560.75,832051.75,0.28643674
23,revol_util,64.7,482.3299,417.62988,0.46803755
23,total_acc,21.0,93.0,72.0,0.4137931
23,initial_list_status,1.0,1.0,0.0,0.0
23,application_type,0.0,0.0,0.0,0.0
23,mort_acc,6.0,23.0,17.0,0.33333334
23,pub_rec_bankruptcies,1.0,1.0,0.0,0.0
23,fico_score,662.0,662.0,0.0,0.0
23,month_of_year,5.0,5.0,0.0,0.0
23,ratio_loan_amnt_annual_inc,0.30769232,121.38293,121.07523,0.3898034
23,ratio_open_acc_total_acc,0.2857143,0.5607474,0.2750331,0.28190893
23,month_since_earliest_cr_line,228.0,228.0,0.0,0.0
23,ratio_pub_rec_month_since_earliest_cr_line,0.004385965,0.004385965,0.0,0.0
23,ratio_pub_rec_bankruptcies_month_since_earliest_cr_line,0.004385965,0.004385965,0.0,0.0
23,ratio_pub_rec_bankruptcies_pub_rec,1.0,1.0,0.0,0.0
24,loan_amnt,20000.0,1475.0002,-18525.0,-0.475
24,term,60.0,60.0,0.0,0.0
24,int_rate,10.74,10.74,0.0,0.0
24,installment,432.26,1056.5912,624.3312,0.3640627
24,sub_grade,6.0,6.0,0.0,0.0
24,emp_length,10.0,6.0,-4.0,-0.39999998
24,home_ownership,0.0,0.0,0.0,0.0
24,annual_inc,105000.0,262720.0,157720.0,0.014339267
24,verification_status,2.0,2.0,0.0,0.0
24,purpose,0.0,2.0,2.0,0.15384616
24,dti,16.45,24.439896,7.989895,0.007989895
24,open_acc,8.0,8.0,0.0,0.0
24,pub_rec,0.0,0.0,0.0,0.0
24,revol_bal,7929.0,567046.5,559117.5,0.19247817
24,revol_util,35.7,2.1533222,-33.546677,-0.037595738
24,total_acc,20.0,25.0,5.0,0.02873563
24,initial_list_status,1.0,1.0,0.0,0.0
24,application_type,0.0,0.0,0.0,0.0
24,mort_acc,6.0,27.0,21.0,0.41176474
24,pub_rec_bankruptcies,0.0,0.0,0.0,0.0
24,fico_score,762.0,762.0,0.0,0.0
24,month_of_year,5.0,5.0,0.0,0.0
24,ratio_loan_amnt_annual_inc,0.1904762,1.0807705,0.8902943,0.0028663147
24,ratio_open_acc_total_acc,0.4,0.71678257,0.31678256,0.32470214
24,month_since_earliest_cr_line,150.0,150.0,0.0,0.0
24,ratio_pub_rec_month_since_earliest_cr_line,0.0,0.0,0.0,0.0
24,ratio_pub_rec_bankruptcies_month_since_earliest_cr_line,0.0,0.0,0.0,0.0
24,ratio_pub_rec_bankruptcies_pub_rec,-1.0,-1.0,0.0,0.0
25,loan_amnt,8000.0,10530.39,2530.3896,0.06488179
25,term,36.0,36.0,0.0,0.0
25,int_rate,12.12,12.12,0.0,0.0
25,installment,266.18,1049.9203,783.7403,0.45701802
25,sub_grade,7.0,7.0,0.0,0.0
25,emp_length,4.0,7.0,3.0,0.29999998
25,home_ownership,1.0,1.0,0.0,0.0
25,annual_inc,24000.0,439448.84,415448.84,0.037770938
25,verification_status,0.0,0.0,0.0,0.0
25,purpose,0.0,4.0,4.0,0.30769232
25,dti,31.7,96.137886,64.43788,0.06443788
25,open_acc,7.0,16.0,9.0,0.1011236
25,pub_rec,0.0,0.0,0.0,0.0
25,revol_bal,5908.0,446473.38,440565.38,0.15166618
25,revol_util,46.2,26.41891,-19.781092,-0.022168655
25,total_acc,10.0,62.0,52.0,0.2988506
25,initial_list_status,1.0,1.0,0.0,0.0
25,application_type,0.0,0.0,0.0,0.0
25,mort_acc,0.0,23.0,23.0,0.4509804
25,pub_rec_bankruptcies,0.0,0.0,0.0,0.0
25,fico_score,692.0,692.0,0.0,0.0
25,month_of_year,5.0,5.0,0.0,0.0
25,ratio_loan_amnt_annual_inc,0.33333334,135.04445,134.71112,0.43370432
25,ratio_open_acc_total_acc,0.7,0.53553927,-0.16446072,-0.16857225
25,month_since_earliest_cr_line,71.0,71.0,0.0,0.0
25,ratio_pub_rec_month_since_earliest_cr_line,0.0,0.0,0.0,0.0
25,ratio_pub_rec_bankruptcies_month_since_earliest_cr_line,0.0,0.0,0.0,0.0
25,ratio_pub_rec_bankruptcies_pub_rec,-1.0,-1.0,0.0,0.0
26,loan_amnt,10000.0,14559.509,4559.509,0.11691047
26,term,36.0,36.0,0.0,0.0
26,int_rate,9.76,9.76,0.0,0.0
26,installment,321.55,190.52524,-131.02475,-0.076403715
26,sub_grade,5.0,5.0,0.0,0.0
26,emp_length,10.0,9.0,-1.0,-0.100000024
26,home_ownership,1.0,1.0,0.0,0.0
26,annual_inc,54000.0,4.3360815e+06,4.2820815e+06,0.3893096
26,verification_status,1.0,1.0,0.0,0.0
26,purpose,4.0,0.0,-4.0,-0.30769232
26,dti,7.51,272.744,265.23398,0.265234
26,open_acc,10.0,43.0,33.0,0.37078652
26,pub_rec,0.0,0.0,0.0,0.0
26,revol_bal,8518.0,846257.0,837739.0,0.2883946
26,revol_util,33.4,323.18536,289.78537,0.32476225
26,total_acc,22.0,104.0,82.0,0.4712644
26,initial_list_status,1.0,1.0,0.0,0.0
26,application_type,0.0,0.0,0.0,0.0
26,mort_acc,0.0,0.0,0.0,0.0
26,pub_rec_bankruptcies,0.0,0.0,0.0,0.0
26,fico_score,712.0,712.0,0.0,0.0
26,month_of_year,5.0,5.0,0.0,0.0
26,ratio_loan_amnt_annual_inc,0.18518518,36.23052,36.045334,0.116048455
26,ratio_open_acc_total_acc,0.45454547,0.030202726,-0.42434275,-0.4349513
26,month_since_earliest_cr_line,152.0,152.0,0.0,0.0
26,ratio_pub_rec_month_since_earliest_cr_line,0.0,0.0,0.0,0.0
26,ratio_pub_rec_bankruptcies_month_since_earliest_cr_line,0.0,0.0,0.0,0.0
26,ratio_pub_rec_bankruptcies_pub_rec,-1.0,-1.0,0.0,0.0
27,loan_amnt,20000.0,37474.902,17474.902,0.44807443
27,term,60.0,60.0,0.0,0.0
27,int_rate,12.12,12.12,0.0,0.0
27,installment,446.11,144.8466,-301.26337,-0.17567402
27,sub_grade,7.0,7.0,0.0,0.0
27,emp_length,10.0,10.0,0.0,0.0
27,home_ownership,0.0,0.0,0.0,0.0
27,annual_inc,84000.0,1.475227e+06,1.391227e+06,0.12648477
27,verification_status,2.0,2.0,0.0,0.0
27,purpose,0.0,6.0,6.0,0.46153846
27,dti,19.33,231.12373,211.79373,0.21179374
27,open_acc,8.0,31.0,23.0,0.25842696
27,pub_rec,0.0,0.0,0.0,0.0
27,revol_bal,19276.0,122720.3,103444.3,0.035611063
27,revol_util,54.5,449.95264,395.45264,0.4431835
27,total_acc,26.0,72.0,46.0,0.26436782
27,initial_list_status,1.0,1.0,0.0,0.0
27,application_type,0.0,0.0,0.0,0.0
27,mort_acc,3.0,26.0,23.0,0.45098042
27,pub_rec_bankruptcies,0.0,0.0,0.0,0.0
27,fico_score,747.0,747.0,0.0,0.0
27,month_of_year,5.0,5.0,0.0,0.0
27,ratio_loan_amnt_annual_inc,0.23809524,57.05143,56.813335,0.18291132
27,ratio_open_acc_total_acc,0.30769232,0.109704845,-0.19798747,-0.20293716
27,month_since_earliest_cr_line,214.0,214.0,0.0,0.0
27,ratio_pub_rec_month_since_earliest_cr_line,0.0,0.0,0.0,0.0
27,ratio_pub_rec_bankruptcies_month_since_earliest_cr_line,0.0,0.0,0.0,0.0
27,ratio_pub_rec_bankruptcies_pub_rec,-1.0,-1.0,0.0,0.0
28,loan_amnt,20000.0,38470.727,18470.727,0.47360834
28,term,60.0,60.0,0.0,0.0
28,int_rate,6.0,6.0,0.0,0.0
28,installment,386.66,250.08844,-136.57156,-0.07963821
28,sub_grade,10.0,10.0,0.0,0.0
28,emp_length,9.0,9.0,0.0,0.0
28,home_ownership,0.0,0.0,0.0,0.0
28,annual_inc,70000.0,4.1873232e+06,4.1173232e+06,0.37433046
28,verification_status,2.0,2.0,0.0,0.0
28,purpose,5.0,1.0,-4.0,-0.30769232
28,dti,13.82,248.05759,234.23758,0.2342376
28,open_acc,14.0,18.0,4.0,0.044943824
28,pub_rec,0.0,0.0,0.0,0.0
28,revol_bal,10876.0,124541.195,113665.195,0.039129645
28,revol_util,47.7,205.44595,157.74596,0.17678578
28,total_acc,22.0,57.0,35.0,0.20114943
28,initial_list_status,1.0,1.0,0.0,0.0
28,application_type,0.0,0.0,0.0,0.0
28,mort_acc,1.0,7.0,6.0,0.11764707
28,pub_rec_bankruptcies,0.0,0.0,0.0,0.0
28,fico_score,712.0,712.0,0.0,0.0
28,month_of_year,5.0,5.0,0.0,0.0
28,ratio_loan_amnt_annual_inc,0.2857143,51.124813,50.8391,0.16367719
28,ratio_open_acc_total_acc,0.6363636,0.79607105,0.15970743,0.1637001
28,month_since_earliest_cr_line,172.0,172.0,0.0,0.0
28,ratio_pub_rec_month_since_earliest_cr_line,0.0,0.0,0.0,0.0
28,ratio_pub_rec_bankruptcies_month_since_earliest_cr_line,0.0,0.0,0.0,0.0
28,ratio_pub_rec_bankruptcies_pub_rec,-1.0,-1.0,0.0,0.0
29,loan_amnt,12000.0,8511.021,-3488.9785,-0.089461
29,term,36.0,36.0,0.0,0.0
29,int_rate,13.11,13.11,0.0,0.0
29,installment,404.97,42.71837,-362.25165,-0.21123776
29,sub_grade,8.0,8.0,0.0,0.0
29,emp_length,10.0,7.0,-3.0,-0.3
29,home_ownership,1.0,1.0,0.0,0.0
29,annual_inc,45000.0,2.0320778e+06,1.9870778e+06,0.1806571
29,verification_status,0.0,0.0,0.0,0.0
29,purpose,0.0,3.0,3.0,0.23076923
29,dti,14.37,376.2394,361.86942,0.3618694
29,open_acc,8.0,12.0,4.0,0.044943817
29,pub_rec,0.0,0.0,0.0,0.0
29,revol_bal,14698.0,525878.94,511180.94,0.17597583
29,revol_util,75.0,197.77516,122.77516,0.13759404
29,total_acc,11.0,4.0,-7.0,-0.040229887
29,initial_list_status,1.0,1.0,0.0,0.0
29,application_type,0.0,0.0,0.0,0.0
29,mort_acc,0.0,3.0,3.0,0.05882353
29,pub_rec_bankruptcies,0.0,0.0,0.0,0.0
29,fico_score,682.0,682.0,0.0,0.0
29,month_of_year,5.0,5.0,0.0,0.0
29,ratio_loan_amnt_annual_inc,0.26666668,88.520836,88.254166,0.28413555
29,ratio_open_acc_total_acc,0.72727275,1.0,0.27272725,0.27954543
29,month_since_earliest_cr_line,138.0,138.0,0.0,0.0
29,ratio_pub_rec_month_since_earliest_cr_line,0.0,0.0,0.0,0.0
29,ratio_pub_rec_bankruptcies_month_since_earliest_cr_line,0.0,0.0,0.0,0.0
29,ratio_pub_rec_bankruptcies_pub_rec,-1.0,-1.0,0.0,0.0
30,loan_amnt,3900.0,3578.3877,-321.6123,-0.008246474
30,term,36.0,36.0,0.0,0.0
30,int_rate,15.31,15.31,0.0,0.0
30,installment,135.79,727.3068,591.51685,0.34492788
30,sub_grade,12.0,12.0,0.0,0.0
30,emp_length,9.0,5.0,-4.0,-0.39999998
30,home_ownership,1.0,1.0,0.0,0.0
30,annual_inc,35000.0,3.0051945e+06,2.9701945e+06,0.27003813
30,verification_status,1.0,1.0,0.0,0.0
30,purpose,4.0,8.0,4.0,0.30769232
30,dti,12.06,469.34427,457.28427,0.45728427
30,open_acc,8.0,50.0,42.0,0.4719101
30,pub_rec,0.0,0.0,0.0,0.0
30,revol_bal,5502.0,432571.1,427069.1,0.14702003
30,revol_util,86.0,222.05995,136.05995,0.1524823
30,total_acc,13.0,3.0,-10.0,-0.057471268
30,initial_list_status,1.0,1.0,0.0,0.0
30,application_type,0.0,0.0,0.0,0.0
30,mort_acc,0.0,16.0,16.0,0.3137255
30,pub_rec_bankruptcies,0.0,0.0,0.0,0.0
30,fico_score,687.0,687.0,0.0,0.0
30,month_of_year,5.0,5.0,0.0,0.0
30,ratio_loan_amnt_annual_inc,0.111428574,53.302593,53.191166,0.17124969
30,ratio_open_acc_total_acc,0.61538464,0.5773818,-0.03800285,-0.038952947
30,month_since_earliest_cr_line,163.0,163.0,0.0,0.0
30,ratio_pub_rec_month_since_earliest_cr_line,0.0,0.0,0.0,0.0
30,ratio_pub_rec_bankruptcies_month_since_earliest_cr_line,0.0,0.0,0.0,0.0
30,ratio_pub_rec_bankruptcies_pub_rec,-1.0,-1.0,0.0,0.0
31,loan_amnt,24000.0,36117.945,12117.945,0.3107165
31,term,36.0,36.0,0.0,0.0
31,int_rate,13.11,13.11,0.0,0.0
31,installment,809.93,26.575914,-783.35406,-0.45679286
31,sub_grade,8.0,8.0,0.0,0.0
31,emp_length,2.0,5.0,3.0,0.3
31,home_ownership,1.0,1.0,0.0,0.0
31,annual_inc,65000.0,2.3044172e+06,2.2394172e+06,0.20359881
31,verification_status,0.0,0.0,0.0,0.0
31,purpose,0.0,3.0,3.0,0.23076923
31,dti,19.33,341.74442,322.41443,0.3224144
31,open_acc,19.0,36.0,17.0,0.19101124
31,pub_rec,0.0,0.0,0.0,0.0
31,revol_bal,16140.0,874876.7,858736.7,0.29562312
31,revol_util,84.5,356.15924,271.65924,0.30444834
31,total_acc,41.0,105.0,64.0,0.36781612
31,initial_list_status,1.0,1.0,0.0,0.0
31,application_type,0.0,0.0,0.0,0.0
31,mort_acc,0.0,19.0,19.0,0.37254903
31,pub_rec_bankruptcies,0.0,0.0,0.0,0.0
31,fico_score,712.0,712.0,0.0,0.0
31,month_of_year,5.0,5.0,0.0,0.0
31,ratio_loan_amnt_annual_inc,0.36923078,129.80798,129.43875,0.41672987
31,ratio_open_acc_total_acc,0.46341464,0.57280195,0.10938731,0.112122
31,month_since_earliest_cr_line,318.0,318.0,0.0,0.0
31,ratio_pub_rec_month_since_earliest_cr_line,0.0,0.0,0.0,0.0
31,ratio_pub_rec_bankruptcies_month_since_earliest_cr_line,0.0,0.0,0.0,0.0
31,ratio_pub_rec_bankruptcies_pub_rec,-1.0,-1.0,0.0,0.0
32,loan_amnt,5075.0,1458.772,-3616.228,-0.092723794
32,term,36.0,36.0,0.0,0.0
32,int_rate,13.99,13.99,0.0,0.0
32,installment,173.43,41.873486,-131.5565,-0.07671381
32,sub_grade,10.0,10.0,0.0,0.0
32,emp_length,7.0,5.0,-2.0,-0.19999999
32,home_ownership,0.0,0.0,0.0,0.0
32,annual_inc,40000.0,4.0704525e+06,4.0304525e+06,0.36643252
32,verification_status,2.0,2.0,0.0,0.0
32,purpose,0.0,2.0,2.0,0.15384616
32,dti,31.71,1.4842267,-30.225773,-0.030225774
32,open_acc,12.0,8.0,-4.0,-0.044943817
32,pub_rec,0.0,0.0,0.0,0.0
32,revol_bal,12255.0,1.2211279e+06,1.2088729e+06,0.41615874
32,revol_util,94.3,360.06693,265.7669,0.2978448
32,total_acc,26.0,5.0,-21.0,-0.12068965
32,initial_list_status,1.0,1.0,0.0,0.0
32,application_type,0.0,0.0,0.0,0.0
32,mort_acc,4.0,2.0,-2.0,-0.039215688
32,pub_rec_bankruptcies,0.0,0.0,0.0,0.0
32,fico_score,672.0,672.0,0.0,0.0
32,month_of_year,5.0,5.0,0.0,0.0
32,ratio_loan_amnt_annual_inc,0.126875,5.070015,4.94314,0.015914507
32,ratio_open_acc_total_acc,0.46153846,0.85046494,0.38892648,0.3986497
32,month_since_earliest_cr_line,139.0,139.0,0.0,0.0
32,ratio_pub_rec_month_since_earliest_cr_line,0.0,0.0,0.0,0.0
32,ratio_pub_rec_bankruptcies_month_since_earliest_cr_line,0.0,0.0,0.0,0.0
32,ratio_pub_rec_bankruptcies_pub_rec,-1.0,-1.0,0.0,0.0
33,loan_amnt,3925.0,6498.0093,2573.0093,0.06597459
33,term,36.0,36.0,0.0,0.0
33,int_rate,15.31,15.31,0.0,0.0
33,installment,136.66,614.6907,478.03067,0.27875134
33,sub_grade,12.0,12.0,0.0,0.0
33,emp_length,10.0,6.0,-4.0,-0.39999998
33,home_ownership,1.0,1.0,0.0,0.0
33,annual_inc,40000.0,2.5778328e+06,2.5378328e+06,0.23072955
33,verification_status,0.0,0.0,0.0,0.0
33,purpose,6.0,9.0,3.0,0.23076925
33,dti,12.3,478.58618,466.2862,0.46628618
33,open_acc,12.0,11.0,-1.0,-0.011235952
33,pub_rec,0.0,0.0,0.0,0.0
33,revol_bal,5347.0,1.0357827e+06,1.0304357e+06,0.3547311
33,revol_util,78.6,254.10182,175.50183,0.19668478
33,total_acc,20.0,87.0,67.0,0.38505748
33,initial_list_status,1.0,1.0,0.0,0.0
33,application_type,0.0,0.0,0.0,0.0
33,mort_acc,0.0,19.0,19.0,0.37254903
33,pub_rec_bankruptcies,0.0,0.0,0.0,0.0
33,fico_score,667.0,667.0,0.0,0.0
33,month_of_year,5.0,5.0,0.0,0.0
33,ratio_loan_amnt_annual_inc,0.098125,105.42996,105.33184,0.33911732
33,ratio_open_acc_total_acc,0.6,0.44616434,-0.15383568,-0.15768161
33,month_since_earliest_cr_line,109.0,109.0,0.0,0.0
33,ratio_pub_rec_month_since_earliest_cr_line,0.0,0.0,0.0,0.0
33,ratio_pub_rec_bankruptcies_month_since_earliest_cr_line,0.0,0.0,0.0,0.0
33,ratio_pub_rec_bankruptcies_pub_rec,-1.0,-1.0,0.0,0.0
34,loan_amnt,12700.0,17482.732,4782.7324,0.12263414
34,term,36.0,36.0,0.0,0.0
34,int_rate,12.12,12.12,0.0,0.0
34,installment,422.55,10.942749,-411.60724,-0.24001822
34,sub_grade,7.0,7.0,0.0,0.0
34,emp_length,10.0,10.0,0.0,0.0
34,home_ownership,0.0,0.0,0.0,0.0
34,annual_inc,40000.0,1.959136e+06,1.919136e+06,0.17448013
34,verification_status,2.0,2.0,0.0,0.0
34,purpose,0.0,1.0,1.0,0.07692308
34,dti,34.08,51.792843,17.712841,0.017712843
34,open_acc,13.0,20.0,7.0,0.07865168
34,pub_rec,0.0,0.0,0.0,0.0
34,revol_bal,8717.0,40502.69,31785.691,0.010942336
34,revol_util,65.1,285.13205,220.03204,0.24658978
34,total_acc,23.0,103.0,80.0,0.4597701
34,initial_list_status,1.0,1.0,0.0,0.0
34,application_type,0.0,0.0,0.0,0.0
34,mort_acc,0.0,21.0,21.0,0.4117647
34,pub_rec_bankruptcies,0.0,0.0,0.0,0.0
34,fico_score,692.0,692.0,0.0,0.0
34,month_of_year,6.0,6.0,0.0,0.0
34,ratio_loan_amnt_annual_inc,0.3175,136.53122,136.21371,0.43854198
34,ratio_open_acc_total_acc,0.5652174,0.8147963,0.24957895,0.25581843
34,month_since_earliest_cr_line,133.0,133.0,0.0,0.0
34,ratio_pub_rec_month_since_earliest_cr_line,0.0,0.0,0.0,0.0
34,ratio_pub_rec_bankruptcies_month_since_earliest_cr_line,0.0,0.0,0.0,0.0
34,ratio_pub_rec_bankruptcies_pub_rec,-1.0,-1.0,0.0,0.0
35,loan_amnt,14500.0,2209.6191,-12290.381,-0.31513798
35,term,36.0,36.0,0.0,0.0
35,int_rate,12.12,12.12,0.0,0.0
35,installment,482.44,291.5336,-190.9064,-0.111322165
35,sub_grade,7.0,7.0,0.0,0.0
35,emp_length,6.0,3.0,-3.0,-0.3
35,home_ownership,1.0,1.0,0.0,0.0
35,annual_inc,42000.0,33.0,-41967.0,-0.0038154707
35,verification_status,0.0,0.0,0.0,0.0
35,purpose,4.0,8.0,4.0,0.30769232
35,dti,17.89,35.62637,17.73637,0.01773637
35,open_acc,10.0,52.0,42.0,0.4719101
35,pub_rec,0.0,0.0,0.0,0.0
35,revol_bal,6980.0,10105.936,3125.9355,0.0010761144
35,revol_util,59.7,45.046467,-14.653534,-0.016422208
35,total_acc,19.0,71.0,52.0,0.2988506
35,initial_list_status,1.0,1.0,0.0,0.0
35,application_type,0.0,0.0,0.0,0.0
35,mort_acc,0.0,6.0,6.0,0.11764706
35,pub_rec_bankruptcies,0.0,0.0,0.0,0.0
35,fico_score,707.0,707.0,0.0,0.0
35,month_of_year,6.0,6.0,0.0,0.0
35,ratio_loan_amnt_annual_inc,0.3452381,145.20044,144.8552,0.46636334
35,ratio_open_acc_total_acc,0.5263158,0.32779673,-0.19851908,-0.20348209
35,month_since_earliest_cr_line,88.0,88.0,0.0,0.0
35,ratio_pub_rec_month_since_earliest_cr_line,0.0,0.0,0.0,0.0
35,ratio_pub_rec_bankruptcies_month_since_earliest_cr_line,0.0,0.0,0.0,0.0
35,ratio_pub_rec_bankruptcies_pub_rec,-1.0,-1.0,0.0,0.0
36,loan_amnt,18000.0,24198.242,6198.242,0.15892926
36,term,60.0,60.0,0.0,0.0
36,int_rate,19.72,19.72,0.0,0.0
36,installment,474.09,735.6661,261.57608,0.15253139
36,sub_grade,19.0,19.0,0.0,0.0
36,emp_length,10.0,7.0,-3.0,-0.3
36,home_ownership,1.0,1.0,0.0,0.0
36,annual_inc,76000.0,491274.66,415274.66,0.037755102
36,verification_status,2.0,2.0,0.0,0.0
36,purpose,0.0,6.0,6.0,0.46153846
36,dti,14.29,65.97101,51.681007,0.051681012
36,open_acc,8.0,17.0,9.0,0.101123594
36,pub_rec,0.0,0.0,0.0,0.0
36,revol_bal,20616.0,279493.6,258877.6,0.08911952
36,revol_util,72.8,150.82799,78.027985,0.087445915
36,total_acc,23.0,68.0,45.0,0.25862068
36,initial_list_status,1.0,1.0,0.0,0.0
36,application_type,0.0,0.0,0.0,0.0
36,mort_acc,2.0,20.0,18.0,0.3529412
36,pub_rec_bankruptcies,0.0,0.0,0.0,0.0
36,fico_score,682.0,682.0,0.0,0.0
36,month_of_year,6.0,6.0,0.0,0.0
36,ratio_loan_amnt_annual_inc,0.23684211,15.711673,15.474831,0.049821433
36,ratio_open_acc_total_acc,0.3478261,0.27000988,-0.07781622,-0.079761624
36,month_since_earliest_cr_line,296.0,296.0,0.0,0.0
36,ratio_pub_rec_month_since_earliest_cr_line,0.0,0.0,0.0,0.0
36,ratio_pub_rec_bankruptcies_month_since_earliest_cr_line,0.0,0.0,0.0,0.0
36,ratio_pub_rec_bankruptcies_pub_rec,-1.0,-1.0,0.0,0.0
37,loan_amnt,17475.0,24975.047,7500.047,0.19230887
37,term,60.0,60.0,0.0,0.0
37,int_rate,21.0,21.0,0.0,0.0
37,installment,472.76,215.50731,-257.2527,-0.15001033
37,sub_grade,21.0,21.0,0.0,0.0
37,emp_length,10.0,8.0,-2.0,-0.19999999
37,home_ownership,0.0,0.0,0.0,0.0
37,annual_inc,67000.0,2.5276325e+06,2.4606325e+06,0.2237108
37,verification_status,2.0,2.0,0.0,0.0
37,purpose,0.0,6.0,6.0,0.46153846
37,dti,21.92,120.2745,98.3545,0.0983545
37,open_acc,11.0,2.0,-9.0,-0.1011236
37,pub_rec,0.0,0.0,0.0,0.0
37,revol_bal,19214.0,879575.5,860361.5,0.29618248
37,revol_util,59.7,82.78077,23.080769,0.025866598
37,total_acc,21.0,16.0,-5.0,-0.02873563
37,initial_list_status,1.0,1.0,0.0,0.0
37,application_type,0.0,0.0,0.0,0.0
37,mort_acc,6.0,7.0,1.0,0.01960785
37,pub_rec_bankruptcies,0.0,0.0,0.0,0.0
37,fico_score,672.0,672.0,0.0,0.0
37,month_of_year,6.0,6.0,0.0,0.0
37,ratio_loan_amnt_annual_inc,0.2608209,79.75589,79.49507,0.2559355
37,ratio_open_acc_total_acc,0.52380955,0.9185435,0.39473397,0.40460235
37,month_since_earliest_cr_line,234.0,234.0,0.0,0.0
37,ratio_pub_rec_month_since_earliest_cr_line,0.0,0.0,0.0,0.0
37,ratio_pub_rec_bankruptcies_month_since_earliest_cr_line,0.0,0.0,0.0,0.0
37,ratio_pub_rec_bankruptcies_pub_rec,-1.0,-1.0,0.0,0.0
38,loan_amnt,12700.0,30627.605,17927.605,0.45968217
38,term,36.0,36.0,0.0,0.0
38,int_rate,15.31,15.31,0.0,0.0
38,installment,442.19,47.909386,-394.2806,-0.22991464
38,sub_grade,11.0,11.0,0.0,0.0
38,emp_length,6.0,9.0,3.0,0.29999995
38,home_ownership,0.0,0.0,0.0,0.0
38,annual_inc,55000.0,918633.0,863633.0,0.07851803
38,verification_status,2.0,2.0,0.0,0.0
38,purpose,12.0,9.0,-3.0,-0.23076922
38,dti,31.96,291.20648,259.2465,0.2592465
38,open_acc,13.0,28.0,15.0,0.16853932
38,pub_rec,0.0,0.0,0.0,0.0
38,revol_bal,31226.0,783636.06,752410.06,0.2590198
38,revol_util,79.5,280.32773,200.82773,0.2250675
38,total_acc,31.0,7.0,-24.0,-0.13793103
38,initial_list_status,1.0,1.0,0.0,0.0
38,application_type,0.0,0.0,0.0,0.0
38,mort_acc,1.0,9.0,8.0,0.15686275
38,pub_rec_bankruptcies,0.0,0.0,0.0,0.0
38,fico_score,687.0,687.0,0.0,0.0
38,month_of_year,6.0,6.0,0.0,0.0
38,ratio_loan_amnt_annual_inc,0.2309091,44.07428,43.843372,0.14115433
38,ratio_open_acc_total_acc,0.41935483,0.8598749,0.44052008,0.45153308
38,month_since_earliest_cr_line,84.0,84.0,0.0,0.0
38,ratio_pub_rec_month_since_earliest_cr_line,0.0,0.0,0.0,0.0
38,ratio_pub_rec_bankruptcies_month_since_earliest_cr_line,0.0,0.0,0.0,0.0
38,ratio_pub_rec_bankruptcies_pub_rec,-1.0,-1.0,0.0,0.0
39,loan_amnt,7800.0,10639.607,2839.6074,0.07281044
39,term,36.0,36.0,0.0,0.0
39,int_rate,14.33,14.33,0.0,0.0
39,installment,267.84,1082.2683,814.42834,0.47491294
39,sub_grade,10.0,10.0,0.0,0.0
39,emp_length,1.0,1.0,0.0,0.0
39,home_ownership,1.0,1.0,0.0,0.0
39,annual_inc,75000.0,3.7667995e+06,3.6917995e+06,0.33564356
39,verification_status,0.0,0.0,0.0,0.0
39,purpose,0.0,5.0,5.0,0.3846154
39,dti,10.35,81.6044,71.2544,0.0712544
39,open_acc,5.0,30.0,25.0,0.2808989
39,pub_rec,0.0,0.0,0.0,0.0
39,revol_bal,3994.0,432871.34,428877.34,0.14764254
39,revol_util,85.0,16.04543,-68.954575,-0.07727734
39,total_acc,18.0,45.0,27.0,0.15517241
39,initial_list_status,1.0,1.0,0.0,0.0
39,application_type,0.0,0.0,0.0,0.0
39,mort_acc,0.0,21.0,21.0,0.4117647
39,pub_rec_bankruptcies,0.0,0.0,0.0,0.0
39,fico_score,682.0,682.0,0.0,0.0
39,month_of_year,6.0,6.0,0.0,0.0
39,ratio_loan_amnt_annual_inc,0.104,136.2598,136.15579,0.4383555
39,ratio_open_acc_total_acc,0.2777778,0.5682921,0.2905143,0.29777718
39,month_since_earliest_cr_line,200.0,200.0,0.0,0.0
39,ratio_pub_rec_month_since_earliest_cr_line,0.0,0.0,0.0,0.0
39,ratio_pub_rec_bankruptcies_month_since_earliest_cr_line,0.0,0.0,0.0,0.0
39,ratio_pub_rec_bankruptcies_pub_rec,-1.0,-1.0,0.0,0.0
40,loan_amnt,16000.0,4833.3496,-11166.65,-0.28632438
40,term,36.0,36.0,0.0,0.0
40,int_rate,16.29,16.29,0.0,0.0
40,installment,564.81,53.401062,-511.40894,-0.29821503
40,sub_grade,13.0,13.0,0.0,0.0
40,emp_length,10.0,10.0,0.0,0.0
40,home_ownership,0.0,0.0,0.0,0.0
40,annual_inc,108707.0,72559.31,-36147.688,-0.0032864022
40,verification_status,2.0,2.0,0.0,0.0
40,purpose,0.0,6.0,6.0,0.46153846
40,dti,27.61,60.01931,32.40931,0.03240931
40,open_acc,20.0,58.0,38.0,0.4269663
40,pub_rec,0.0,0.0,0.0,0.0
40,revol_bal,20249.0,1.039227e+06,1.018978e+06,0.35078675
40,revol_util,82.3,506.1425,423.84247,0.475
40,total_acc,57.0,8.0,-49.0,-0.2816092
40,initial_list_status,1.0,1.0,0.0,0.0
40,application_type,0.0,0.0,0.0,0.0
40,mort_acc,5.0,22.0,17.0,0.33333334
40,pub_rec_bankruptcies,0.0,0.0,0.0,0.0
40,fico_score,682.0,682.0,0.0,0.0
40,month_of_year,6.0,6.0,0.0,0.0
40,ratio_loan_amnt_annual_inc,0.14718464,28.04182,27.894636,0.08980717
40,ratio_open_acc_total_acc,0.3508772,0.25124273,-0.09963447,-0.10212533
40,month_since_earliest_cr_line,219.0,219.0,0.0,0.0
40,ratio_pub_rec_month_since_earliest_cr_line,0.0,0.0,0.0,0.0
40,ratio_pub_rec_bankruptcies_month_since_earliest_cr_line,0.0,0.0,0.0,0.0
40,ratio_pub_rec_bankruptcies_pub_rec,-1.0,-1.0,0.0,0.0
41,loan_amnt,4750.0,10456.996,5706.996,0.14633322
41,term,36.0,36.0,0.0,0.0
41,int_rate,14.09,14.09,0.0,0.0
41,installment,162.56,400.72488,238.16489,0.13887975
41,sub_grade,9.0,9.0,0.0,0.0
41,emp_length,4.0,3.0,-1.0,-0.099999994
41,home_ownership,1.0,1.0,0.0,0.0
41,annual_inc,70000.0,4.6280095e+06,4.5580095e+06,0.41439587
41,verification_status,0.0,0.0,0.0,0.0
41,purpose,4.0,0.0,-4.0,-0.30769232
41,dti,20.46,180.69925,160.23926,0.16023925
41,open_acc,11.0,6.0,-5.0,-0.056179777
41,pub_rec,0.0,0.0,0.0,0.0
41,revol_bal,4409.0,70532.61,66123.61,0.022763286
41,revol_util,94.8,32.25848,-62.541523,-0.07009024
41,total_acc,17.0,6.0,-11.0,-0.06321839
41,initial_list_status,1.0,1.0,0.0,0.0
41,application_type,0.0,0.0,0.0,0.0
41,mort_acc,0.0,23.0,23.0,0.4509804
41,pub_rec_bankruptcies,0.0,0.0,0.0,0.0
41,fico_score,677.0,677.0,0.0,0.0
41,month_of_year,6.0,6.0,0.0,0.0
41,ratio_loan_amnt_annual_inc,0.067857146,13.791035,13.723178,0.04418196
41,ratio_open_acc_total_acc,0.64705884,0.1862747,-0.46078414,-0.47230375
41,month_since_earliest_cr_line,143.0,143.0,0.0,0.0
41,ratio_pub_rec_month_since_earliest_cr_line,0.0,0.0,0.0,0.0
41,ratio_pub_rec_bankruptcies_month_since_earliest_cr_line,0.0,0.0,0.0,0.0
41,ratio_pub_rec_bankruptcies_pub_rec,-1.0,-1.0,0.0,0.0
42,loan_amnt,8325.0,1003.392,-7321.608,-0.18773353
42,term,36.0,36.0,0.0,0.0
42,int_rate,18.49,18.49,0.0,0.0
42,installment,303.02,676.029,373.009,0.21751064
42,sub_grade,16.0,16.0,0.0,0.0
42,emp_length,10.0,7.0,-3.0,-0.3
42,home_ownership,0.0,0.0,0.0,0.0
42,annual_inc,33000.0,4.247877e+06,4.214877e+06,0.38319966
42,verification_status,0.0,0.0,0.0,0.0
42,purpose,0.0,6.0,6.0,0.46153846
42,dti,12.36,101.787224,89.42722,0.089427225
42,open_acc,9.0,14.0,5.0,0.05617977
42,pub_rec,0.0,0.0,0.0,0.0
42,revol_bal,8202.0,565226.56,557024.56,0.19175766
42,revol_util,67.2,100.08827,32.888275,0.036857866
42,total_acc,12.0,51.0,39.0,0.22413795
42,initial_list_status,1.0,1.0,0.0,0.0
42,application_type,0.0,0.0,0.0,0.0
42,mort_acc,1.0,24.0,23.0,0.4509804
42,pub_rec_bankruptcies,0.0,0.0,0.0,0.0
42,fico_score,662.0,662.0,0.0,0.0
42,month_of_year,6.0,6.0,0.0,0.0
42,ratio_loan_amnt_annual_inc,0.25227273,122.183395,121.93112,0.39255896
42,ratio_open_acc_total_acc,0.75,0.6833644,-0.06663561,-0.0683015
42,month_since_earliest_cr_line,115.0,115.0,0.0,0.0
42,ratio_pub_rec_month_since_earliest_cr_line,0.0,0.0,0.0,0.0
42,ratio_pub_rec_bankruptcies_month_since_earliest_cr_line,0.0,0.0,0.0,0.0
42,ratio_pub_rec_bankruptcies_pub_rec,-1.0,-1.0,0.0,0.0
43,loan_amnt,10000.0,14461.805,4461.8047,0.11440526
43,term,36.0,36.0,0.0,0.0
43,int_rate,12.12,12.12,0.0,0.0
43,installment,332.72,1101.0984,768.3784,0.44806015
43,sub_grade,7.0,7.0,0.0,0.0
43,emp_length,0.0,1.0,1.0,0.1
43,home_ownership,1.0,1.0,0.0,0.0
43,annual_inc,43000.0,3.3696532e+06,3.3266532e+06,0.30244592
43,verification_status,0.0,0.0,0.0,0.0
43,purpose,0.0,6.0,6.0,0.46153846
43,dti,2.68,55.495182,52.81518,0.052815184
43,open_acc,5.0,16.0,11.0,0.123595506
43,pub_rec,1.0,1.0,0.0,0.0
43,revol_bal,4480.0,392289.97,387809.97,0.13350494
43,revol_util,39.6,397.87177,358.27176,0.40151495
43,total_acc,8.0,11.0,3.0,0.017241381
43,initial_list_status,1.0,1.0,0.0,0.0
43,application_type,0.0,0.0,0.0,0.0
43,mort_acc,1.0,20.0,19.0,0.37254903
43,pub_rec_bankruptcies,0.0,0.0,0.0,0.0
43,fico_score,702.0,702.0,0.0,0.0
43,month_of_year,6.0,6.0,0.0,0.0
43,ratio_loan_amnt_annual_inc,0.23255815,18.390919,18.158361,0.058461092
43,ratio_open_acc_total_acc,0.625,0.48837543,-0.13662457,-0.14004022
43,month_since_earliest_cr_line,214.0,214.0,0.0,0.0
43,ratio_pub_rec_month_since_earliest_cr_line,0.004672897,0.004672897,0.0,0.0
43,ratio_pub_rec_bankruptcies_month_since_earliest_cr_line,0.0,0.0,0.0,0.0
43,ratio_pub_rec_bankruptcies_pub_rec,0.0,0.0,0.0,0.0
44,loan_amnt,5500.0,15599.577,10099.577,0.25896353
44,term,36.0,36.0,0.0,0.0
44,int_rate,12.12,12.12,0.0,0.0
44,installment,183.0,558.74963,375.74963,0.21910879
44,sub_grade,7.0,7.0,0.0,0.0
44,emp_length,0.0,2.0,2.0,0.2
44,home_ownership,1.0,1.0,0.0,0.0
44,annual_inc,27000.0,1.433772e+06,1.406772e+06,0.12789805
44,verification_status,0.0,0.0,0.0,0.0
44,purpose,8.0,13.0,5.0,0.38461536
44,dti,21.11,241.52916,220.41916,0.22041915
44,open_acc,10.0,8.0,-2.0,-0.022471905
44,pub_rec,0.0,0.0,0.0,0.0
44,revol_bal,5014.0,1.2660605e+06,1.2610465e+06,0.43411967
44,revol_util,53.9,303.2672,249.36722,0.27946565
44,total_acc,13.0,64.0,51.0,0.29310346
44,initial_list_status,1.0,1.0,0.0,0.0
44,application_type,0.0,0.0,0.0,0.0
44,mort_acc,0.0,8.0,8.0,0.15686275
44,pub_rec_bankruptcies,0.0,0.0,0.0,0.0
44,fico_score,697.0,697.0,0.0,0.0
44,month_of_year,6.0,6.0,0.0,0.0
44,ratio_loan_amnt_annual_inc,0.2037037,2.7957337,2.59203,0.008345077
44,ratio_open_acc_total_acc,0.7692308,0.99593765,0.22670686,0.23237455
44,month_since_earliest_cr_line,71.0,71.0,0.0,0.0
44,ratio_pub_rec_month_since_earliest_cr_line,0.0,0.0,0.0,0.0
44,ratio_pub_rec_bankruptcies_month_since_earliest_cr_line,0.0,0.0,0.0,0.0
44,ratio_pub_rec_bankruptcies_pub_rec,-1.0,-1.0,0.0,0.0
45,loan_amnt,5400.0,9193.367,3793.3672,0.09726582
45,term,36.0,36.0,0.0,0.0
45,int_rate,6.62,6.62,0.0,0.0
45,installment,165.8,219.50967,53.70967,0.031319425
45,sub_grade,1.0,1.0,0.0,0.0
45,emp_length,3.0,2.0,-1.0,-0.10000001
45,home_ownership,0.0,0.0,0.0,0.0
45,annual_inc,120000.0,2.495081e+06,2.375081e+06,0.2159328
45,verification_status,1.0,1.0,0.0,0.0
45,purpose,0.0,6.0,6.0,0.46153846
45,dti,6.77,164.21336,157.44336,0.15744336
45,open_acc,11.0,13.0,2.0,0.022471905
45,pub_rec,0.0,0.0,0.0,0.0
45,revol_bal,2247.0,474683.78,472436.78,0.16263802
45,revol_util,12.1,178.6929,166.5929,0.18670055
45,total_acc,18.0,16.0,-2.0,-0.011494249
45,initial_list_status,1.0,1.0,0.0,0.0
45,application_type,0.0,0.0,0.0,0.0
45,mort_acc,0.0,24.0,24.0,0.47058824
45,pub_rec_bankruptcies,0.0,0.0,0.0,0.0
45,fico_score,762.0,762.0,0.0,0.0
45,month_of_year,6.0,6.0,0.0,0.0
45,ratio_loan_amnt_annual_inc,0.045,6.875169,6.8301687,0.021989822
45,ratio_open_acc_total_acc,0.6111111,0.47125447,-0.13985664,-0.14335304
45,month_since_earliest_cr_line,108.0,108.0,0.0,0.0
45,ratio_pub_rec_month_since_earliest_cr_line,0.0,0.0,0.0,0.0
45,ratio_pub_rec_bankruptcies_month_since_earliest_cr_line,0.0,0.0,0.0,0.0
45,ratio_pub_rec_bankruptcies_pub_rec,-1.0,-1.0,0.0,0.0
46,loan_amnt,5200.0,11588.268,6388.2676,0.16380173
46,term,36.0,36.0,0.0,0.0
46,int_rate,15.81,15.81,0.0,0.0
46,installment,182.33,448.50827,266.17828,0.15521502
46,sub_grade,13.0,13.0,0.0,0.0
46,emp_length,3.0,7.0,4.0,0.39999998
46,home_ownership,1.0,1.0,0.0,0.0
46,annual_inc,31582.0,1.5305866e+06,1.4990046e+06,0.13628347
46,verification_status,0.0,0.0,0.0,0.0
46,purpose,4.0,0.0,-4.0,-0.30769232
46,dti,16.49,33.00778,16.517778,0.016517777
46,open_acc,10.0,2.0,-8.0,-0.08988764
46,pub_rec,1.0,1.0,0.0,0.0
46,revol_bal,7276.0,878813.7,871537.7,0.3000299
46,revol_util,47.2,128.94424,81.74425,0.091610715
46,total_acc,40.0,78.0,38.0,0.21839081
46,initial_list_status,1.0,1.0,0.0,0.0
46,application_type,0.0,0.0,0.0,0.0
46,mort_acc,0.0,4.0,4.0,0.078431375
46,pub_rec_bankruptcies,1.0,1.0,0.0,0.0
46,fico_score,662.0,662.0,0.0,0.0
46,month_of_year,6.0,6.0,0.0,0.0
46,ratio_loan_amnt_annual_inc,0.16465075,125.96536,125.80071,0.40501714
46,ratio_open_acc_total_acc,0.25,0.47299442,0.22299442,0.22856927
46,month_since_earliest_cr_line,134.0,134.0,0.0,0.0
46,ratio_pub_rec_month_since_earliest_cr_line,0.0074626864,0.0074626864,0.0,0.0
46,ratio_pub_rec_bankruptcies_month_since_earliest_cr_line,0.0074626864,0.0074626864,0.0,0.0
46,ratio_pub_rec_bankruptcies_pub_rec,1.0,1.0,0.0,0.0
47,loan_amnt,16000.0,19184.883,3184.8828,0.08166367
47,term,36.0,36.0,0.0,0.0
47,int_rate,8.9,8.9,0.0,0.0
47,installment,508.06,80.80261,-427.2574,-0.24914418
47,sub_grade,4.0,4.0,0.0,0.0
47,emp_length,10.0,8.0,-2.0,-0.19999999
47,home_ownership,0.0,0.0,0.0,0.0
47,annual_inc,72000.0,2.4037425e+06,2.3317425e+06,0.21199264
47,verification_status,2.0,2.0,0.0,0.0
47,purpose,0.0,6.0,6.0,0.46153846
47,dti,18.44,349.5768,331.1368,0.33113682
47,open_acc,14.0,8.0,-6.0,-0.06741572
47,pub_rec,0.0,0.0,0.0,0.0
47,revol_bal,5300.0,719920.2,714620.2,0.24601051
47,revol_util,44.2,378.99844,334.79843,0.37520838
47,total_acc,39.0,76.0,37.0,0.21264368
47,initial_list_status,1.0,1.0,0.0,0.0
47,application_type,0.0,0.0,0.0,0.0
47,mort_acc,2.0,21.0,19.0,0.37254903
47,pub_rec_bankruptcies,0.0,0.0,0.0,0.0
47,fico_score,737.0,737.0,0.0,0.0
47,month_of_year,6.0,6.0,0.0,0.0
47,ratio_loan_amnt_annual_inc,0.22222222,26.932121,26.7099,0.08599289
47,ratio_open_acc_total_acc,0.35897437,0.82238895,0.46341458,0.475
47,month_since_earliest_cr_line,222.0,222.0,0.0,0.0
47,ratio_pub_rec_month_since_earliest_cr_line,0.0,0.0,0.0,0.0
47,ratio_pub_rec_bankruptcies_month_since_earliest_cr_line,0.0,0.0,0.0,0.0
47,ratio_pub_rec_bankruptcies_pub_rec,-1.0,-1.0,0.0,0.0
48,loan_amnt,29700.0,13689.299,-16010.701,-0.41053078
48,term,36.0,36.0,0.0,0.0
48,int_rate,14.65,14.65,0.0,0.0
48,installment,1024.48,621.9943,-402.48566,-0.23469919
48,sub_grade,11.0,11.0,0.0,0.0
48,emp_length,5.0,1.0,-4.0,-0.4
48,home_ownership,0.0,0.0,0.0,0.0
48,annual_inc,60000.0,279174.8,219174.81,0.019926492
48,verification_status,2.0,2.0,0.0,0.0
48,purpose,0.0,0.0,0.0,0.0
48,dti,21.02,30.892214,9.872213,0.009872213
48,open_acc,5.0,34.0,29.0,0.3258427
48,pub_rec,0.0,0.0,0.0,0.0
48,revol_bal,25346.0,648899.06,623553.06,0.21466033
48,revol_util,83.7,417.05533,333.35535,0.3735911
48,total_acc,15.0,78.0,63.0,0.36206898
48,initial_list_status,1.0,1.0,0.0,0.0
48,application_type,0.0,0.0,0.0,0.0
48,mort_acc,2.0,2.0,0.0,0.0
48,pub_rec_bankruptcies,0.0,0.0,0.0,0.0
48,fico_score,712.0,712.0,0.0,0.0
48,month_of_year,6.0,6.0,0.0,0.0
48,ratio_loan_amnt_annual_inc,0.495,131.99928,131.50429,0.42337987
48,ratio_open_acc_total_acc,0.33333334,0.17693761,-0.15639573,-0.16030562
48,month_since_earliest_cr_line,123.0,123.0,0.0,0.0
48,ratio_pub_rec_month_since_earliest_cr_line,0.0,0.0,0.0,0.0
48,ratio_pub_rec_bankruptcies_month_since_earliest_cr_line,0.0,0.0,0.0,0.0
48,ratio_pub_rec_bankruptcies_pub_rec,-1.0,-1.0,0.0,0.0
49,loan_amnt,27850.0,25246.39,-2603.6094,-0.06675923
49,term,60.0,60.0,0.0,0.0
49,int_rate,20.99,20.99,0.0,0.0
49,installment,753.28,195.82384,-557.4562,-0.32506627
49,sub_grade,22.0,22.0,0.0,0.0
49,emp_length,3.0,7.0,4.0,0.39999998
49,home_ownership,1.0,1.0,0.0,0.0
49,annual_inc,60000.0,2.9710312e+06,2.9110312e+06,0.26465926
49,verification_status,2.0,2.0,0.0,0.0
49,purpose,0.0,4.0,4.0,0.30769232
49,dti,29.82,81.71629,51.896294,0.051896296
49,open_acc,19.0,7.0,-12.0,-0.13483146
49,pub_rec,0.0,0.0,0.0,0.0
49,revol_bal,22766.0,174807.6,152041.6,0.05234085
49,revol_util,70.7,96.174225,25.474228,0.028548948
49,total_acc,31.0,25.0,-6.0,-0.034482762
49,initial_list_status,1.0,1.0,0.0,0.0
49,application_type,0.0,0.0,0.0,0.0
49,mort_acc,0.0,20.0,20.0,0.39215687
49,pub_rec_bankruptcies,0.0,0.0,0.0,0.0
49,fico_score,692.0,692.0,0.0,0.0
49,month_of_year,6.0,6.0,0.0,0.0
49,ratio_loan_amnt_annual_inc,0.46416667,14.35684,13.8926735,0.044727657
49,ratio_open_acc_total_acc,0.61290324,0.9382981,0.32539487,0.3335297
49,month_since_earliest_cr_line,203.0,203.0,0.0,0.0
49,ratio_pub_rec_month_since_earliest_cr_line,0.0,0.0,0.0,0.0
49,ratio_pub_rec_bankruptcies_month_since_earliest_cr_line,0.0,0.0,0.0,0.0
49,ratio_pub_rec_bankruptcies_pub_rec,-1.0,-1.0,0.0,0.0
50,loan_amnt,7000.0,19491.049,12491.049,0.3202833
50,term,36.0,36.0,0.0,0.0
50,int_rate,13.99,13.99,0.0,0.0
50,installment,239.21,992.80884,753.5988,0.43944186
50,sub_grade,10.0,10.0,0.0,0.0
50,emp_length,6.0,2.0,-4.0,-0.40000004
50,home_ownership,1.0,1.0,0.0,0.0
50,annual_inc,62000.0,3.3991895e+06,3.3371895e+06,0.30340382
50,verification_status,2.0,2.0,0.0,0.0
50,purpose,0.0,4.0,4.0,0.30769232
50,dti,13.51,281.48767,267.97766,0.26797765
50,open_acc,7.0,40.0,33.0,0.37078655
50,pub_rec,0.0,0.0,0.0,0.0
50,revol_bal,6141.0,1.2876136e+06,1.2814726e+06,0.44115147
50,revol_util,69.0,482.04492,413.04492,0.46289915
50,total_acc,9.0,77.0,68.0,0.3908046
50,initial_list_status,1.0,1.0,0.0,0.0
50,application_type,0.0,0.0,0.0,0.0
50,mort_acc,0.0,3.0,3.0,0.05882353
50,pub_rec_bankruptcies,0.0,0.0,0.0,0.0
50,fico_score,682.0,682.0,0.0,0.0
50,month_of_year,6.0,6.0,0.0,0.0
50,ratio_loan_amnt_annual_inc,0.11290322,85.82983,85.71693,0.27596685
50,ratio_open_acc_total_acc,0.7777778,0.90833783,0.13056004,0.13382405
50,month_since_earliest_cr_line,42.0,42.0,0.0,0.0
50,ratio_pub_rec_month_since_earliest_cr_line,0.0,0.0,0.0,0.0
50,ratio_pub_rec_bankruptcies_month_since_earliest_cr_line,0.0,0.0,0.0,0.0
50,ratio_pub_rec_bankruptcies_pub_rec,-1.0,-1.0,0.0,0.0
51,loan_amnt,35000.0,39680.508,4680.508,0.120013
51,term,60.0,60.0,0.0,0.0
51,int_rate,12.12,12.12,0.0,0.0
51,installment,780.68,152.18243,-628.49756,-0.36649224
51,sub_grade,7.0,7.0,0.0,0.0
51,emp_length,10.0,9.0,-1.0,-0.100000024
51,home_ownership,0.0,0.0,0.0,0.0
51,annual_inc,125000.0,1.4165684e+06,1.2915684e+06,0.117424205
51,verification_status,2.0,2.0,0.0,0.0
51,purpose,12.0,9.0,-3.0,-0.23076922
51,dti,25.36,124.29877,98.93877,0.09893876
51,open_acc,10.0,14.0,4.0,0.044943817
51,pub_rec,0.0,0.0,0.0,0.0
51,revol_bal,142098.0,1.0294498e+06,887351.8,0.30547398
51,revol_util,61.6,240.98724,179.38724,0.20103917
51,total_acc,25.0,77.0,52.0,0.29885057
51,initial_list_status,1.0,1.0,0.0,0.0
51,application_type,0.0,0.0,0.0,0.0
51,mort_acc,4.0,26.0,22.0,0.43137258
51,pub_rec_bankruptcies,0.0,0.0,0.0,0.0
51,fico_score,757.0,757.0,0.0,0.0
51,month_of_year,6.0,6.0,0.0,0.0
51,ratio_loan_amnt_annual_inc,0.28,2.894469,2.614469,0.0084173195
51,ratio_open_acc_total_acc,0.4,0.04830309,-0.3516969,-0.3604893
51,month_since_earliest_cr_line,359.0,359.0,0.0,0.0
51,ratio_pub_rec_month_since_earliest_cr_line,0.0,0.0,0.0,0.0
51,ratio_pub_rec_bankruptcies_month_since_earliest_cr_line,0.0,0.0,0.0,0.0
51,ratio_pub_rec_bankruptcies_pub_rec,-1.0,-1.0,0.0,0.0
52,loan_amnt,10000.0,10858.911,858.91113,0.022023365
52,term,36.0,36.0,0.0,0.0
52,int_rate,9.76,9.76,0.0,0.0
52,installment,321.55,300.75098,-20.799011,-0.012128398
52,sub_grade,5.0,5.0,0.0,0.0
52,emp_length,10.0,10.0,0.0,0.0
52,home_ownership,2.0,2.0,0.0,0.0
52,annual_inc,40000.0,284635.25,244635.25,0.022241252
52,verification_status,2.0,2.0,0.0,0.0
52,purpose,4.0,1.0,-3.0,-0.23076925
52,dti,30.09,3.095984,-26.994017,-0.026994016
52,open_acc,11.0,53.0,42.0,0.4719101
52,pub_rec,0.0,0.0,0.0,0.0
52,revol_bal,19631.0,256312.25,236681.25,0.08147835
52,revol_util,84.9,341.31415,256.41415,0.28736317
52,total_acc,25.0,20.0,-5.0,-0.02873563
52,initial_list_status,1.0,1.0,0.0,0.0
52,application_type,0.0,0.0,0.0,0.0
52,mort_acc,0.0,23.0,23.0,0.4509804
52,pub_rec_bankruptcies,0.0,0.0,0.0,0.0
52,fico_score,712.0,712.0,0.0,0.0
52,month_of_year,6.0,6.0,0.0,0.0
52,ratio_loan_amnt_annual_inc,0.25,114.38994,114.13994,0.36747512
52,ratio_open_acc_total_acc,0.44,0.4658389,0.025838912,0.026484907
52,month_since_earliest_cr_line,252.0,252.0,0.0,0.0
52,ratio_pub_rec_month_since_earliest_cr_line,0.0,0.0,0.0,0.0
52,ratio_pub_rec_bankruptcies_month_since_earliest_cr_line,0.0,0.0,0.0,0.0
52,ratio_pub_rec_bankruptcies_pub_rec,-1.0,-1.0,0.0,0.0
53,loan_amnt,17000.0,15068.611,-1931.3887,-0.049522787
53,term,36.0,36.0,0.0,0.0
53,int_rate,13.11,13.11,0.0,0.0
53,installment,573.7,582.4395,8.739502,0.005096197
53,sub_grade,8.0,8.0,0.0,0.0
53,emp_length,7.0,9.0,2.0,0.19999999
53,home_ownership,1.0,1.0,0.0,0.0
53,annual_inc,61000.0,5.2309555e+06,5.1699555e+06,0.47003156
53,verification_status,0.0,0.0,0.0,0.0
53,purpose,0.0,2.0,2.0,0.15384616
53,dti,16.92,91.538475,74.61848,0.07461847
53,open_acc,10.0,11.0,1.0,0.01123596
53,pub_rec,0.0,0.0,0.0,0.0
53,revol_bal,8890.0,115312.19,106422.19,0.03663621
53,revol_util,49.7,71.712944,22.012943,0.02466989
53,total_acc,16.0,31.0,15.0,0.0862069
53,initial_list_status,1.0,1.0,0.0,0.0
53,application_type,0.0,0.0,0.0,0.0
53,mort_acc,0.0,8.0,8.0,0.15686275
53,pub_rec_bankruptcies,0.0,0.0,0.0,0.0
53,fico_score,692.0,692.0,0.0,0.0
53,month_of_year,6.0,6.0,0.0,0.0
53,ratio_loan_amnt_annual_inc,0.27868852,7.0631366,6.784448,0.021842623
53,ratio_open_acc_total_acc,0.625,0.9914723,0.3664723,0.37563407
53,month_since_earliest_cr_line,83.0,83.0,0.0,0.0
53,ratio_pub_rec_month_since_earliest_cr_line,0.0,0.0,0.0,0.0
53,ratio_pub_rec_bankruptcies_month_since_earliest_cr_line,0.0,0.0,0.0,0.0
53,ratio_pub_rec_bankruptcies_pub_rec,-1.0,-1.0,0.0,0.0
54,loan_amnt,10375.0,19941.31,9566.311,0.24529001
54,term,60.0,60.0,0.0,0.0
54,int_rate,21.0,21.0,0.0,0.0
54,installment,280.68,82.46656,-198.21344,-0.11558309
54,sub_grade,21.0,21.0,0.0,0.0
54,emp_length,10.0,8.0,-2.0,-0.19999999
54,home_ownership,0.0,0.0,0.0,0.0
54,annual_inc,52220.0,2.613874e+06,2.561654e+06,0.23289527
54,verification_status,2.0,2.0,0.0,0.0
54,purpose,5.0,3.0,-2.0,-0.15384616
54,dti,22.7,37.69881,14.99881,0.01499881
54,open_acc,11.0,3.0,-8.0,-0.08988764
54,pub_rec,0.0,0.0,0.0,0.0
54,revol_bal,2721.0,550352.75,547631.75,0.18852416
54,revol_util,61.8,447.45602,385.65604,0.43220443
54,total_acc,29.0,4.0,-25.0,-0.14367816
54,initial_list_status,1.0,1.0,0.0,0.0
54,application_type,0.0,0.0,0.0,0.0
54,mort_acc,8.0,2.0,-6.0,-0.11764707
54,pub_rec_bankruptcies,0.0,0.0,0.0,0.0
54,fico_score,662.0,662.0,0.0,0.0
54,month_of_year,6.0,6.0,0.0,0.0
54,ratio_loan_amnt_annual_inc,0.19867867,24.312708,24.114029,0.07763545
54,ratio_open_acc_total_acc,0.37931034,0.027784392,-0.35152596,-0.36031407
54,month_since_earliest_cr_line,214.0,214.0,0.0,0.0
54,ratio_pub_rec_month_since_earliest_cr_line,0.0,0.0,0.0,0.0
54,ratio_pub_rec_bankruptcies_month_since_earliest_cr_line,0.0,0.0,0.0,0.0
54,ratio_pub_rec_bankruptcies_pub_rec,-1.0,-1.0,0.0,0.0
55,loan_amnt,9600.0,23268.926,13668.926,0.35048527
55,term,36.0,36.0,0.0,0.0
55,int_rate,11.14,11.14,0.0,0.0
55,installment,314.93,1119.0745,804.1445,0.46891624
55,sub_grade,6.0,6.0,0.0,0.0
55,emp_length,10.0,10.0,0.0,0.0
55,home_ownership,1.0,1.0,0.0,0.0
55,annual_inc,34000.0,507689.94,473689.94,0.043065984
55,verification_status,0.0,0.0,0.0,0.0
55,purpose,5.0,5.0,0.0,0.0
55,dti,7.94,292.71848,284.77847,0.28477848
55,open_acc,6.0,30.0,24.0,0.26966292
55,pub_rec,0.0,0.0,0.0,0.0
55,revol_bal,6440.0,1.3736048e+06,1.3671648e+06,0.47065127
55,revol_util,17.8,17.210459,-0.5895405,-0.000660697
55,total_acc,7.0,24.0,17.0,0.097701155
55,initial_list_status,1.0,1.0,0.0,0.0
55,application_type,0.0,0.0,0.0,0.0
55,mort_acc,0.0,0.0,0.0,0.0
55,pub_rec_bankruptcies,0.0,0.0,0.0,0.0
55,fico_score,722.0,722.0,0.0,0.0
55,month_of_year,6.0,6.0,0.0,0.0
55,ratio_loan_amnt_annual_inc,0.28235295,136.22568,135.94333,0.43767142
55,ratio_open_acc_total_acc,0.85714287,0.96358186,0.106438994,0.109099984
55,month_since_earliest_cr_line,93.0,93.0,0.0,0.0
55,ratio_pub_rec_month_since_earliest_cr_line,0.0,0.0,0.0,0.0
55,ratio_pub_rec_bankruptcies_month_since_earliest_cr_line,0.0,0.0,0.0,0.0
55,ratio_pub_rec_bankruptcies_pub_rec,-1.0,-1.0,0.0,0.0
56,loan_amnt,2275.0,2863.128,588.1279,0.015080202
56,term,36.0,36.0,0.0,0.0
56,int_rate,14.33,14.33,0.0,0.0
56,installment,78.12,633.6571,555.5371,0.32394725
56,sub_grade,10.0,10.0,0.0,0.0
56,emp_length,1.0,1.0,0.0,0.0
56,home_ownership,1.0,1.0,0.0,0.0
56,annual_inc,24000.0,1.9139942e+06,1.8899942e+06,0.17183067
56,verification_status,0.0,0.0,0.0,0.0
56,purpose,0.0,5.0,5.0,0.3846154
56,dti,30.0,500.78384,470.78384,0.47078386
56,open_acc,8.0,8.0,0.0,0.0
56,pub_rec,0.0,0.0,0.0,0.0
56,revol_bal,22131.0,458718.7,436587.7,0.15029684
56,revol_util,76.3,352.4307,276.13068,0.30945948
56,total_acc,11.0,50.0,39.0,0.22413793
56,initial_list_status,1.0,1.0,0.0,0.0
56,application_type,0.0,0.0,0.0,0.0
56,mort_acc,0.0,21.0,21.0,0.4117647
56,pub_rec_bankruptcies,0.0,0.0,0.0,0.0
56,fico_score,677.0,677.0,0.0,0.0
56,month_of_year,6.0,6.0,0.0,0.0
56,ratio_loan_amnt_annual_inc,0.094791666,21.164885,21.070093,0.06783546
56,ratio_open_acc_total_acc,0.72727275,0.9094834,0.18221062,0.18676591
56,month_since_earliest_cr_line,167.0,167.0,0.0,0.0
56,ratio_pub_rec_month_since_earliest_cr_line,0.0,0.0,0.0,0.0
56,ratio_pub_rec_bankruptcies_month_since_earliest_cr_line,0.0,0.0,0.0,0.0
56,ratio_pub_rec_bankruptcies_pub_rec,-1.0,-1.0,0.0,0.0
57,loan_amnt,6200.0,14336.558,8136.5576,0.20862968
57,term,36.0,36.0,0.0,0.0
57,int_rate,12.12,12.12,0.0,0.0
57,installment,206.29,66.066414,-140.22357,-0.08176779
57,sub_grade,7.0,7.0,0.0,0.0
57,emp_length,4.0,4.0,0.0,0.0
57,home_ownership,0.0,0.0,0.0,0.0
57,annual_inc,73000.0,1.5225405e+06,1.4495405e+06,0.13178639
57,verification_status,1.0,1.0,0.0,0.0
57,purpose,3.0,2.0,-1.0,-0.07692307
57,dti,9.93,366.01013,356.08014,0.35608014
57,open_acc,9.0,15.0,6.0,0.06741574
57,pub_rec,0.0,0.0,0.0,0.0
57,revol_bal,7659.0,220089.75,212430.75,0.07313003
57,revol_util,66.6,18.291588,-48.30841,-0.054139204
57,total_acc,11.0,69.0,58.0,0.33333334
57,initial_list_status,1.0,1.0,0.0,0.0
57,application_type,0.0,0.0,0.0,0.0
57,mort_acc,0.0,7.0,7.0,0.13725491
57,pub_rec_bankruptcies,0.0,0.0,0.0,0.0
57,fico_score,677.0,677.0,0.0,0.0
57,month_of_year,6.0,6.0,0.0,0.0
57,ratio_loan_amnt_annual_inc,0.08493151,27.742867,27.657934,0.08904511
57,ratio_open_acc_total_acc,0.8181818,0.95773524,0.13955343,0.14304227
57,month_since_earliest_cr_line,118.0,118.0,0.0,0.0
57,ratio_pub_rec_month_since_earliest_cr_line,0.0,0.0,0.0,0.0
57,ratio_pub_rec_bankruptcies_month_since_earliest_cr_line,0.0,0.0,0.0,0.0
57,ratio_pub_rec_bankruptcies_pub_rec,-1.0,-1.0,0.0,0.0
58,loan_amnt,25000.0,39836.234,14836.234,0.3804162
58,term,60.0,60.0,0.0,0.0
58,int_rate,23.76,23.76,0.0,0.0
58,installment,715.73,185.46587,-530.2641,-0.30920994
58,sub_grade,28.0,28.0,0.0,0.0
58,emp_length,10.0,9.0,-1.0,-0.100000024
58,home_ownership,0.0,0.0,0.0,0.0
58,annual_inc,80000.0,1.4523264e+06,1.3723264e+06,0.124766394
58,verification_status,2.0,2.0,0.0,0.0
58,purpose,0.0,2.0,2.0,0.15384616
58,dti,18.51,191.43062,172.92062,0.17292061
58,open_acc,11.0,27.0,16.0,0.17977527
58,pub_rec,0.0,0.0,0.0,0.0
58,revol_bal,20906.0,726357.9,705451.9,0.2428543
58,revol_util,91.3,25.153933,-66.14607,-0.07412986
58,total_acc,39.0,114.0,75.0,0.4310345
58,initial_list_status,1.0,1.0,0.0,0.0
58,application_type,0.0,0.0,0.0,0.0
58,mort_acc,2.0,24.0,22.0,0.43137255
58,pub_rec_bankruptcies,0.0,0.0,0.0,0.0
58,fico_score,677.0,677.0,0.0,0.0
58,month_of_year,6.0,6.0,0.0,0.0
58,ratio_loan_amnt_annual_inc,0.3125,15.560206,15.247706,0.049090203
58,ratio_open_acc_total_acc,0.2820513,0.024390243,-0.25766104,-0.26410258
58,month_since_earliest_cr_line,145.0,145.0,0.0,0.0
58,ratio_pub_rec_month_since_earliest_cr_line,0.0,0.0,0.0,0.0
58,ratio_pub_rec_bankruptcies_month_since_earliest_cr_line,0.0,0.0,0.0,0.0
58,ratio_pub_rec_bankruptcies_pub_rec,-1.0,-1.0,0.0,0.0
59,loan_amnt,8650.0,12377.161,3727.1611,0.09556824
59,term,36.0,36.0,0.0,0.0
59,int_rate,17.77,17.77,0.0,0.0
59,installment,311.73,133.44722,-178.28279,-0.103961036
59,sub_grade,15.0,15.0,0.0,0.0
59,emp_length,9.0,9.0,0.0,0.0
59,home_ownership,1.0,1.0,0.0,0.0
59,annual_inc,62000.0,3.3203508e+06,3.2583508e+06,0.29623613
59,verification_status,0.0,0.0,0.0,0.0
59,purpose,0.0,5.0,5.0,0.3846154
59,dti,17.42,90.467514,73.047516,0.07304752
59,open_acc,10.0,15.0,5.0,0.056179784
59,pub_rec,0.0,0.0,0.0,0.0
59,revol_bal,12434.0,426237.6,413803.6,0.14245334
59,revol_util,60.1,73.635056,13.535057,0.015168726
59,total_acc,19.0,65.0,46.0,0.26436782
59,initial_list_status,1.0,1.0,0.0,0.0
59,application_type,0.0,0.0,0.0,0.0
59,mort_acc,0.0,23.0,23.0,0.4509804
59,pub_rec_bankruptcies,0.0,0.0,0.0,0.0
59,fico_score,662.0,662.0,0.0,0.0
59,month_of_year,7.0,7.0,0.0,0.0
59,ratio_loan_amnt_annual_inc,0.13951613,17.931736,17.79222,0.0572823
59,ratio_open_acc_total_acc,0.5263158,0.75610834,0.22979254,0.23553735
59,month_since_earliest_cr_line,166.0,166.0,0.0,0.0
59,ratio_pub_rec_month_since_earliest_cr_line,0.0,0.0,0.0,0.0
59,ratio_pub_rec_bankruptcies_month_since_earliest_cr_line,0.0,0.0,0.0,0.0
59,ratio_pub_rec_bankruptcies_pub_rec,-1.0,-1.0,0.0,0.0
60,loan_amnt,4800.0,11222.497,6422.497,0.16467941
60,term,36.0,36.0,0.0,0.0
60,int_rate,6.62,6.62,0.0,0.0
60,installment,147.38,590.1774,442.79742,0.25820598
60,sub_grade,1.0,1.0,0.0,0.0
60,emp_length,4.0,4.0,0.0,0.0
60,home_ownership,0.0,0.0,0.0,0.0
60,annual_inc,100000.0,283177.7,183177.69,0.01665378
60,verification_status,0.0,0.0,0.0,0.0
60,purpose,0.0,6.0,6.0,0.46153846
60,dti,2.95,15.131624,12.181624,0.012181625
60,open_acc,12.0,1.0,-11.0,-0.123595506
60,pub_rec,0.0,0.0,0.0,0.0
60,revol_bal,9838.0,0.0,-9838.0,-0.0033867662
60,revol_util,26.1,33.337097,7.237097,0.008110609
60,total_acc,17.0,79.0,62.0,0.3563218
60,initial_list_status,1.0,1.0,0.0,0.0
60,application_type,0.0,0.0,0.0,0.0
60,mort_acc,1.0,17.0,16.0,0.3137255
60,pub_rec_bankruptcies,0.0,0.0,0.0,0.0
60,fico_score,737.0,737.0,0.0,0.0
60,month_of_year,7.0,7.0,0.0,0.0
60,ratio_loan_amnt_annual_inc,0.048,146.19473,146.14673,0.47052145
60,ratio_open_acc_total_acc,0.7058824,0.590365,-0.11551738,-0.11840528
60,month_since_earliest_cr_line,64.0,64.0,0.0,0.0
60,ratio_pub_rec_month_since_earliest_cr_line,0.0,0.0,0.0,0.0
60,ratio_pub_rec_bankruptcies_month_since_earliest_cr_line,0.0,0.0,0.0,0.0
60,ratio_pub_rec_bankruptcies_pub_rec,-1.0,-1.0,0.0,0.0
61,loan_amnt,28500.0,19882.766,-8617.234,-0.22095472
61,term,60.0,60.0,0.0,0.0
61,int_rate,15.8,15.8,0.0,0.0
61,installment,690.04,1010.6849,320.6449,0.18697587
61,sub_grade,12.0,12.0,0.0,0.0
61,emp_length,10.0,9.0,-1.0,-0.100000024
61,home_ownership,0.0,0.0,0.0,0.0
61,annual_inc,148000.0,164278.45,16278.453,0.0014799712
61,verification_status,2.0,2.0,0.0,0.0
61,purpose,4.0,0.0,-4.0,-0.30769232
61,dti,18.9,216.82808,197.92809,0.19792809
61,open_acc,17.0,28.0,11.0,0.12359549
61,pub_rec,0.0,0.0,0.0,0.0
61,revol_bal,41792.0,61414.676,19622.676,0.006755175
61,revol_util,72.5,84.324394,11.824394,0.013251588
61,total_acc,37.0,102.0,65.0,0.37356323
61,initial_list_status,1.0,1.0,0.0,0.0
61,application_type,0.0,0.0,0.0,0.0
61,mort_acc,5.0,29.0,24.0,0.47058827
61,pub_rec_bankruptcies,0.0,0.0,0.0,0.0
61,fico_score,727.0,727.0,0.0,0.0
61,month_of_year,7.0,7.0,0.0,0.0
61,ratio_loan_amnt_annual_inc,0.19256757,124.19894,124.00637,0.39924026
61,ratio_open_acc_total_acc,0.45945945,0.38698763,-0.07247183,-0.07428363
61,month_since_earliest_cr_line,302.0,302.0,0.0,0.0
61,ratio_pub_rec_month_since_earliest_cr_line,0.0,0.0,0.0,0.0
61,ratio_pub_rec_bankruptcies_month_since_earliest_cr_line,0.0,0.0,0.0,0.0
61,ratio_pub_rec_bankruptcies_pub_rec,-1.0,-1.0,0.0,0.0
62,loan_amnt,12000.0,6205.5728,-5794.4272,-0.14857507
62,term,60.0,60.0,0.0,0.0
62,int_rate,20.49,20.49,0.0,0.0
62,installment,321.21,53.007854,-268.20215,-0.1563952
62,sub_grade,20.0,20.0,0.0,0.0
62,emp_length,7.0,5.0,-2.0,-0.19999999
62,home_ownership,1.0,1.0,0.0,0.0
62,annual_inc,38000.0,1.4357389e+06,1.3977389e+06,0.12707679
62,verification_status,2.0,2.0,0.0,0.0
62,purpose,0.0,4.0,4.0,0.30769232
62,dti,26.74,148.12222,121.382225,0.12138222
62,open_acc,11.0,2.0,-9.0,-0.1011236
62,pub_rec,0.0,0.0,0.0,0.0
62,revol_bal,11570.0,564983.7,553413.7,0.1905146
62,revol_util,67.8,381.98993,314.18994,0.3521124
62,total_acc,25.0,42.0,17.0,0.09770115
62,initial_list_status,1.0,1.0,0.0,0.0
62,application_type,0.0,0.0,0.0,0.0
62,mort_acc,2.0,22.0,20.0,0.39215687
62,pub_rec_bankruptcies,0.0,0.0,0.0,0.0
62,fico_score,672.0,672.0,0.0,0.0
62,month_of_year,7.0,7.0,0.0,0.0
62,ratio_loan_amnt_annual_inc,0.31578946,21.138657,20.822866,0.067039505
62,ratio_open_acc_total_acc,0.44,0.024390243,-0.41560975,-0.42599997
62,month_since_earliest_cr_line,279.0,279.0,0.0,0.0
62,ratio_pub_rec_month_since_earliest_cr_line,0.0,0.0,0.0,0.0
62,ratio_pub_rec_bankruptcies_month_since_earliest_cr_line,0.0,0.0,0.0,0.0
62,ratio_pub_rec_bankruptcies_pub_rec,-1.0,-1.0,0.0,0.0
63,loan_amnt,24600.0,26596.78,1996.7793,0.051199436
63,term,36.0,36.0,0.0,0.0
63,int_rate,8.9,8.9,0.0,0.0
63,installment,781.13,4.93,-776.2,-0.45262113
63,sub_grade,4.0,4.0,0.0,0.0
63,emp_length,6.0,4.0,-2.0,-0.20000002
63,home_ownership,0.0,0.0,0.0,0.0
63,annual_inc,170000.0,1.1451525e+06,975152.5,0.08865695
63,verification_status,2.0,2.0,0.0,0.0
63,purpose,0.0,6.0,6.0,0.46153846
63,dti,3.88,52.29222,48.41222,0.048412222
63,open_acc,8.0,16.0,8.0,0.08988764
63,pub_rec,0.0,0.0,0.0,0.0
63,revol_bal,19066.0,543605.7,524539.7,0.18057463
63,revol_util,50.3,68.54822,18.248219,0.020450763
63,total_acc,33.0,21.0,-12.0,-0.06896552
63,initial_list_status,1.0,1.0,0.0,0.0
63,application_type,0.0,0.0,0.0,0.0
63,mort_acc,5.0,29.0,24.0,0.47058827
63,pub_rec_bankruptcies,0.0,0.0,0.0,0.0
63,fico_score,742.0,742.0,0.0,0.0
63,month_of_year,7.0,7.0,0.0,0.0
63,ratio_loan_amnt_annual_inc,0.14470588,116.756584,116.61188,0.37543356
63,ratio_open_acc_total_acc,0.24242425,0.5579693,0.31554502,0.32343367
63,month_since_earliest_cr_line,231.0,231.0,0.0,0.0
63,ratio_pub_rec_month_since_earliest_cr_line,0.0,0.0,0.0,0.0
63,ratio_pub_rec_bankruptcies_month_since_earliest_cr_line,0.0,0.0,0.0,0.0
63,ratio_pub_rec_bankruptcies_pub_rec,-1.0,-1.0,0.0,0.0
64,loan_amnt,15000.0,24985.232,9985.232,0.2560316
64,term,36.0,36.0,0.0,0.0
64,int_rate,14.33,14.33,0.0,0.0
64,installment,515.08,188.17067,-326.90936,-0.1906288
64,sub_grade,10.0,10.0,0.0,0.0
64,emp_length,2.0,2.0,0.0,0.0
64,home_ownership,1.0,1.0,0.0,0.0
64,annual_inc,110000.0,4.3925025e+06,4.2825025e+06,0.38934788
64,verification_status,0.0,0.0,0.0,0.0
64,purpose,5.0,9.0,4.0,0.30769232
64,dti,3.16,230.91385,227.75385,0.22775385
64,open_acc,9.0,33.0,24.0,0.26966292
64,pub_rec,0.0,0.0,0.0,0.0
64,revol_bal,797.0,681957.2,681160.2,0.23449178
64,revol_util,4.9,380.57312,375.67313,0.4210166
64,total_acc,36.0,102.0,66.0,0.37931034
64,initial_list_status,1.0,1.0,0.0,0.0
64,application_type,0.0,0.0,0.0,0.0
64,mort_acc,2.0,3.0,1.0,0.019607842
64,pub_rec_bankruptcies,0.0,0.0,0.0,0.0
64,fico_score,687.0,687.0,0.0,0.0
64,month_of_year,7.0,7.0,0.0,0.0
64,ratio_loan_amnt_annual_inc,0.13636364,16.27229,16.135925,0.051949836
64,ratio_open_acc_total_acc,0.25,0.025705477,-0.22429453,-0.22990188
64,month_since_earliest_cr_line,164.0,164.0,0.0,0.0
64,ratio_pub_rec_month_since_earliest_cr_line,0.0,0.0,0.0,0.0
64,ratio_pub_rec_bankruptcies_month_since_earliest_cr_line,0.0,0.0,0.0,0.0
64,ratio_pub_rec_bankruptcies_pub_rec,-1.0,-1.0,0.0,0.0
65,loan_amnt,35000.0,29377.463,-5622.537,-0.1441676
65,term,60.0,60.0,0.0,0.0
65,int_rate,23.28,23.28,0.0,0.0
65,installment,992.31,1596.0359,603.7259,0.3520472
65,sub_grade,26.0,26.0,0.0,0.0
65,emp_length,5.0,5.0,0.0,0.0
65,home_ownership,0.0,0.0,0.0,0.0
65,annual_inc,158000.0,15339.457,-142660.55,-0.0129701225
65,verification_status,2.0,2.0,0.0,0.0
65,purpose,5.0,9.0,4.0,0.30769232
65,dti,25.97,481.81918,455.84918,0.45584917
65,open_acc,13.0,13.0,0.0,0.0
65,pub_rec,0.0,0.0,0.0,0.0
65,revol_bal,80062.0,1.4598591e+06,1.3797971e+06,0.475
65,revol_util,95.9,16.606075,-79.29393,-0.08886465
65,total_acc,26.0,91.0,65.0,0.37356323
65,initial_list_status,1.0,1.0,0.0,0.0
65,application_type,0.0,0.0,0.0,0.0
65,mort_acc,4.0,17.0,13.0,0.25490198
65,pub_rec_bankruptcies,0.0,0.0,0.0,0.0
65,fico_score,702.0,702.0,0.0,0.0
65,month_of_year,7.0,7.0,0.0,0.0
65,ratio_loan_amnt_annual_inc,0.221519,81.97993,81.75841,0.26322234
65,ratio_open_acc_total_acc,0.5,0.36777046,-0.13222954,-0.13553527
65,month_since_earliest_cr_line,179.0,179.0,0.0,0.0
65,ratio_pub_rec_month_since_earliest_cr_line,0.0,0.0,0.0,0.0
65,ratio_pub_rec_bankruptcies_month_since_earliest_cr_line,0.0,0.0,0.0,0.0
65,ratio_pub_rec_bankruptcies_pub_rec,-1.0,-1.0,0.0,0.0
66,loan_amnt,10625.0,12005.09,1380.0898,0.035386935
66,term,36.0,36.0,0.0,0.0
66,int_rate,14.33,14.33,0.0,0.0
66,installment,364.85,617.73773,252.88773,0.147465
66,sub_grade,10.0,10.0,0.0,0.0
66,emp_length,2.0,2.0,0.0,0.0
66,home_ownership,1.0,1.0,0.0,0.0
66,annual_inc,50000.0,1.9416174e+06,1.8916174e+06,0.17197824
66,verification_status,0.0,0.0,0.0,0.0
66,purpose,0.0,4.0,4.0,0.30769232
66,dti,7.27,387.4493,380.17932,0.38017932
66,open_acc,8.0,6.0,-2.0,-0.022471912
66,pub_rec,0.0,0.0,0.0,0.0
66,revol_bal,4988.0,21975.633,16987.633,0.005848052
66,revol_util,55.4,429.69366,374.29367,0.41947067
66,total_acc,10.0,70.0,60.0,0.3448276
66,initial_list_status,1.0,1.0,0.0,0.0
66,application_type,0.0,0.0,0.0,0.0
66,mort_acc,0.0,0.0,0.0,0.0
66,pub_rec_bankruptcies,0.0,0.0,0.0,0.0
66,fico_score,677.0,677.0,0.0,0.0
66,month_of_year,7.0,7.0,0.0,0.0
66,ratio_loan_amnt_annual_inc,0.2125,144.0702,143.85771,0.46315187
66,ratio_open_acc_total_acc,0.8,0.74450934,-0.055490673,-0.05687791
66,month_since_earliest_cr_line,52.0,52.0,0.0,0.0
66,ratio_pub_rec_month_since_earliest_cr_line,0.0,0.0,0.0,0.0
66,ratio_pub_rec_bankruptcies_month_since_earliest_cr_line,0.0,0.0,0.0,0.0
66,ratio_pub_rec_bankruptcies_pub_rec,-1.0,-1.0,0.0,0.0
67,loan_amnt,15000.0,33362.61,18362.61,0.47083613
67,term,36.0,36.0,0.0,0.0
67,int_rate,6.03,6.03,0.0,0.0
67,installment,456.54,33.715343,-422.82468,-0.24655935
67,sub_grade,0.0,0.0,0.0,0.0
67,emp_length,0.0,1.0,1.0,0.1
67,home_ownership,2.0,2.0,0.0,0.0
67,annual_inc,80000.0,1.3672049e+06,1.2872049e+06,0.11702749
67,verification_status,1.0,1.0,0.0,0.0
67,purpose,0.0,1.0,1.0,0.07692308
67,dti,15.14,164.89037,149.75037,0.14975037
67,open_acc,16.0,2.0,-14.0,-0.15730338
67,pub_rec,0.0,0.0,0.0,0.0
67,revol_bal,24998.0,366140.25,341142.25,0.11743941
67,revol_util,22.1,180.27925,158.17924,0.17727138
67,total_acc,22.0,2.0,-20.0,-0.11494253
67,initial_list_status,1.0,1.0,0.0,0.0
67,application_type,0.0,0.0,0.0,0.0
67,mort_acc,1.0,7.0,6.0,0.11764707
67,pub_rec_bankruptcies,0.0,0.0,0.0,0.0
67,fico_score,797.0,797.0,0.0,0.0
67,month_of_year,7.0,7.0,0.0,0.0
67,ratio_loan_amnt_annual_inc,0.1875,0.00017142858,-0.18732858,-0.000603107
67,ratio_open_acc_total_acc,0.72727275,0.26385814,-0.4634146,-0.475
67,month_since_earliest_cr_line,400.0,400.0,0.0,0.0
67,ratio_pub_rec_month_since_earliest_cr_line,0.0,0.0,0.0,0.0
67,ratio_pub_rec_bankruptcies_month_since_earliest_cr_line,0.0,0.0,0.0,0.0
67,ratio_pub_rec_bankruptcies_pub_rec,-1.0,-1.0,0.0,0.0
68,loan_amnt,4375.0,18844.104,14469.104,0.37100264
68,term,36.0,36.0,0.0,0.0
68,int_rate,14.09,14.09,0.0,0.0
68,installment,149.72,568.3037,418.5837,0.24408638
68,sub_grade,9.0,9.0,0.0,0.0
68,emp_length,6.0,9.0,3.0,0.29999995
68,home_ownership,1.0,1.0,0.0,0.0
68,annual_inc,28000.0,2.1807042e+06,2.1527042e+06,0.1957152
68,verification_status,2.0,2.0,0.0,0.0
68,purpose,0.0,1.0,1.0,0.07692308
68,dti,13.46,7.980179,-5.479821,-0.005479821
68,open_acc,13.0,12.0,-1.0,-0.011235952
68,pub_rec,0.0,0.0,0.0,0.0
68,revol_bal,4960.0,458486.97,453526.97,0.15612826
68,revol_util,57.7,152.48923,94.78923,0.10623023
68,total_acc,16.0,23.0,7.0,0.04022988
68,initial_list_status,1.0,1.0,0.0,0.0
68,application_type,0.0,0.0,0.0,0.0
68,mort_acc,0.0,5.0,5.0,0.09803922
68,pub_rec_bankruptcies,0.0,0.0,0.0,0.0
68,fico_score,667.0,667.0,0.0,0.0
68,month_of_year,7.0,7.0,0.0,0.0
68,ratio_loan_amnt_annual_inc,0.15625,53.023506,52.867256,0.17020686
68,ratio_open_acc_total_acc,0.8125,0.438001,-0.374499,-0.38386148
68,month_since_earliest_cr_line,61.0,61.0,0.0,0.0
68,ratio_pub_rec_month_since_earliest_cr_line,0.0,0.0,0.0,0.0
68,ratio_pub_rec_bankruptcies_month_since_earliest_cr_line,0.0,0.0,0.0,0.0
68,ratio_pub_rec_bankruptcies_pub_rec,-1.0,-1.0,0.0,0.0
69,loan_amnt,9000.0,7699.727,-1300.273,-0.033340335
69,term,36.0,36.0,0.0,0.0
69,int_rate,11.14,11.14,0.0,0.0
69,installment,295.25,80.43669,-214.81331,-0.12526289
69,sub_grade,6.0,6.0,0.0,0.0
69,emp_length,10.0,10.0,0.0,0.0
69,home_ownership,0.0,0.0,0.0,0.0
69,annual_inc,45000.0,5.2040735e+06,5.1590735e+06,0.46904218
69,verification_status,2.0,2.0,0.0,0.0
69,purpose,0.0,4.0,4.0,0.30769232
69,dti,26.94,382.62595,355.68594,0.35568595
69,open_acc,15.0,45.0,30.0,0.33707863
69,pub_rec,0.0,0.0,0.0,0.0
69,revol_bal,16539.0,750165.3,733626.3,0.25255343
69,revol_util,63.9,66.7798,2.879799,0.0032273903
69,total_acc,19.0,38.0,19.0,0.10919541
69,initial_list_status,1.0,1.0,0.0,0.0
69,application_type,0.0,0.0,0.0,0.0
69,mort_acc,2.0,7.0,5.0,0.098039225
69,pub_rec_bankruptcies,0.0,0.0,0.0,0.0
69,fico_score,702.0,702.0,0.0,0.0
69,month_of_year,7.0,7.0,0.0,0.0
69,ratio_loan_amnt_annual_inc,0.2,23.383785,23.183784,0.07464052
69,ratio_open_acc_total_acc,0.7894737,1.0,0.21052629,0.21578944
69,month_since_earliest_cr_line,168.0,168.0,0.0,0.0
69,ratio_pub_rec_month_since_earliest_cr_line,0.0,0.0,0.0,0.0
69,ratio_pub_rec_bankruptcies_month_since_earliest_cr_line,0.0,0.0,0.0,0.0
69,ratio_pub_rec_bankruptcies_pub_rec,-1.0,-1.0,0.0,0.0
70,loan_amnt,7450.0,1054.2725,-6395.7275,-0.16399302
70,term,36.0,36.0,0.0,0.0
70,int_rate,8.9,8.9,0.0,0.0
70,installment,236.57,85.374725,-151.19528,-0.08816566
70,sub_grade,4.0,4.0,0.0,0.0
70,emp_length,7.0,5.0,-2.0,-0.19999999
70,home_ownership,0.0,0.0,0.0,0.0
70,annual_inc,45000.0,345709.2,300709.2,0.027339268
70,verification_status,0.0,0.0,0.0,0.0
70,purpose,4.0,9.0,5.0,0.3846154
70,dti,19.49,336.76657,317.27658,0.31727657
70,open_acc,10.0,3.0,-7.0,-0.07865168
70,pub_rec,0.0,0.0,0.0,0.0
70,revol_bal,11404.0,1.0158848e+06,1.0044808e+06,0.34579605
70,revol_util,43.5,152.87598,109.37598,0.12257759
70,total_acc,22.0,5.0,-17.0,-0.09770115
70,initial_list_status,1.0,1.0,0.0,0.0
70,application_type,0.0,0.0,0.0,0.0
70,mort_acc,1.0,23.0,22.0,0.43137255
70,pub_rec_bankruptcies,0.0,0.0,0.0,0.0
70,fico_score,712.0,712.0,0.0,0.0
70,month_of_year,7.0,7.0,0.0,0.0
70,ratio_loan_amnt_annual_inc,0.16555555,35.617188,35.451633,0.11413702
70,ratio_open_acc_total_acc,0.45454547,0.039730176,-0.4148153,-0.42518565
70,month_since_earliest_cr_line,135.0,135.0,0.0,0.0
70,ratio_pub_rec_month_since_earliest_cr_line,0.0,0.0,0.0,0.0
70,ratio_pub_rec_bankruptcies_month_since_earliest_cr_line,0.0,0.0,0.0,0.0
70,ratio_pub_rec_bankruptcies_pub_rec,-1.0,-1.0,0.0,0.0
71,loan_amnt,17000.0,20504.79,3504.789,0.08986637
71,term,60.0,60.0,0.0,0.0
71,int_rate,21.0,21.0,0.0,0.0
71,installment,459.91,46.2613,-413.6487,-0.24120864
71,sub_grade,21.0,21.0,0.0,0.0
71,emp_length,10.0,8.0,-2.0,-0.19999999
71,home_ownership,0.0,0.0,0.0,0.0
71,annual_inc,55000.0,5.1667775e+06,5.1117775e+06,0.46474224
71,verification_status,2.0,2.0,0.0,0.0
71,purpose,0.0,1.0,1.0,0.07692308
71,dti,28.49,-1.0,-29.49,-0.02949
71,open_acc,12.0,1.0,-11.0,-0.123595506
71,pub_rec,0.0,0.0,0.0,0.0
71,revol_bal,6451.0,40647.45,34196.45,0.011772248
71,revol_util,27.8,219.40094,191.60094,0.21472704
71,total_acc,38.0,100.0,62.0,0.35632187
71,initial_list_status,1.0,1.0,0.0,0.0
71,application_type,0.0,0.0,0.0,0.0
71,mort_acc,2.0,2.0,0.0,0.0
71,pub_rec_bankruptcies,0.0,0.0,0.0,0.0
71,fico_score,672.0,672.0,0.0,0.0
71,month_of_year,7.0,7.0,0.0,0.0
71,ratio_loan_amnt_annual_inc,0.3090909,139.17297,138.86388,0.44707423
71,ratio_open_acc_total_acc,0.31578946,0.5022007,0.18641126,0.19107154
71,month_since_earliest_cr_line,136.0,136.0,0.0,0.0
71,ratio_pub_rec_month_since_earliest_cr_line,0.0,0.0,0.0,0.0
71,ratio_pub_rec_bankruptcies_month_since_earliest_cr_line,0.0,0.0,0.0,0.0
71,ratio_pub_rec_bankruptcies_pub_rec,-1.0,-1.0,0.0,0.0
72,loan_amnt,15000.0,10482.994,-4517.006,-0.115820676
72,term,36.0,36.0,0.0,0.0
72,int_rate,14.09,14.09,0.0,0.0
72,installment,513.33,1018.22955,504.89954,0.29441923
72,sub_grade,9.0,9.0,0.0,0.0
72,emp_length,9.0,5.0,-4.0,-0.39999998
72,home_ownership,1.0,1.0,0.0,0.0
72,annual_inc,50000.0,1.1275759e+06,1.0775759e+06,0.09796886
72,verification_status,1.0,1.0,0.0,0.0
72,purpose,0.0,1.0,1.0,0.07692308
72,dti,17.78,44.419624,26.639624,0.026639625
72,open_acc,4.0,2.0,-2.0,-0.022471908
72,pub_rec,0.0,0.0,0.0,0.0
72,revol_bal,3810.0,172310.89,168500.89,0.05800702
72,revol_util,40.1,214.83636,174.73636,0.19582693
72,total_acc,14.0,14.0,0.0,0.0
72,initial_list_status,1.0,1.0,0.0,0.0
72,application_type,0.0,0.0,0.0,0.0
72,mort_acc,0.0,21.0,21.0,0.4117647
72,pub_rec_bankruptcies,0.0,0.0,0.0,0.0
72,fico_score,707.0,707.0,0.0,0.0
72,month_of_year,7.0,7.0,0.0,0.0
72,ratio_loan_amnt_annual_inc,0.3,118.65095,118.350945,0.38103253
72,ratio_open_acc_total_acc,0.2857143,0.17803976,-0.10767454,-0.11036639
72,month_since_earliest_cr_line,145.0,145.0,0.0,0.0
72,ratio_pub_rec_month_since_earliest_cr_line,0.0,0.0,0.0,0.0
72,ratio_pub_rec_bankruptcies_month_since_earliest_cr_line,0.0,0.0,0.0,0.0
72,ratio_pub_rec_bankruptcies_pub_rec,-1.0,-1.0,0.0,0.0
73,loan_amnt,6000.0,24525.0,18525.0,0.47500002
73,term,36.0,36.0,0.0,0.0
73,int_rate,15.31,15.31,0.0,0.0
73,installment,208.91,536.0291,327.1191,0.19075114
73,sub_grade,11.0,11.0,0.0,0.0
73,emp_length,7.0,9.0,2.0,0.19999999
73,home_ownership,0.0,0.0,0.0,0.0
73,annual_inc,46000.0,4.4956195e+06,4.4496195e+06,0.40454152
73,verification_status,1.0,1.0,0.0,0.0
73,purpose,2.0,6.0,4.0,0.3076923
73,dti,24.97,131.13983,106.16983,0.106169835
73,open_acc,15.0,20.0,5.0,0.056179762
73,pub_rec,0.0,0.0,0.0,0.0
73,revol_bal,5612.0,410471.75,404859.75,0.13937439
73,revol_util,52.4,126.7031,74.3031,0.083271444
73,total_acc,27.0,92.0,65.0,0.3735632
73,initial_list_status,1.0,1.0,0.0,0.0
73,application_type,0.0,0.0,0.0,0.0
73,mort_acc,0.0,23.0,23.0,0.4509804
73,pub_rec_bankruptcies,0.0,0.0,0.0,0.0
73,fico_score,672.0,672.0,0.0,0.0
73,month_of_year,7.0,7.0,0.0,0.0
73,ratio_loan_amnt_annual_inc,0.13043478,110.23758,110.10715,0.3544915
73,ratio_open_acc_total_acc,0.5555556,0.8755434,0.31998783,0.3279875
73,month_since_earliest_cr_line,119.0,119.0,0.0,0.0
73,ratio_pub_rec_month_since_earliest_cr_line,0.0,0.0,0.0,0.0
73,ratio_pub_rec_bankruptcies_month_since_earliest_cr_line,0.0,0.0,0.0,0.0
73,ratio_pub_rec_bankruptcies_pub_rec,-1.0,-1.0,0.0,0.0
74,loan_amnt,19750.0,23008.635,3258.6348,0.083554745
74,term,36.0,36.0,0.0,0.0
74,int_rate,11.14,11.14,0.0,0.0
74,installment,647.9,1450.0956,802.19556,0.4677798
74,sub_grade,6.0,6.0,0.0,0.0
74,emp_length,10.0,6.0,-4.0,-0.39999998
74,home_ownership,1.0,1.0,0.0,0.0
74,annual_inc,50000.0,2.4358908e+06,2.3858908e+06,0.2169156
74,verification_status,0.0,0.0,0.0,0.0
74,purpose,0.0,2.0,2.0,0.15384616
74,dti,27.14,309.71002,282.57,0.28257
74,open_acc,13.0,54.0,41.0,0.46067414
74,pub_rec,0.0,0.0,0.0,0.0
74,revol_bal,13577.0,198856.92,185279.92,0.063783266
74,revol_util,47.9,446.0259,398.12592,0.44617945
74,total_acc,23.0,102.0,79.0,0.45402297
74,initial_list_status,1.0,1.0,0.0,0.0
74,application_type,0.0,0.0,0.0,0.0
74,mort_acc,0.0,22.0,22.0,0.43137255
74,pub_rec_bankruptcies,0.0,0.0,0.0,0.0
74,fico_score,722.0,722.0,0.0,0.0
74,month_of_year,7.0,7.0,0.0,0.0
74,ratio_loan_amnt_annual_inc,0.395,67.34484,66.949844,0.21554595
74,ratio_open_acc_total_acc,0.5652174,0.9910803,0.4258629,0.4365095
74,month_since_earliest_cr_line,74.0,74.0,0.0,0.0
74,ratio_pub_rec_month_since_earliest_cr_line,0.0,0.0,0.0,0.0
74,ratio_pub_rec_bankruptcies_month_since_earliest_cr_line,0.0,0.0,0.0,0.0
74,ratio_pub_rec_bankruptcies_pub_rec,-1.0,-1.0,0.0,0.0
75,loan_amnt,24750.0,39707.65,14957.648,0.38352948
75,term,60.0,60.0,0.0,0.0
75,int_rate,22.95,22.95,0.0,0.0
75,installment,697.01,74.01472,-622.9953,-0.36328372
75,sub_grade,25.0,25.0,0.0,0.0
75,emp_length,2.0,6.0,4.0,0.40000004
75,home_ownership,0.0,0.0,0.0,0.0
75,annual_inc,63000.0,3.2919548e+06,3.2289548e+06,0.29356357
75,verification_status,2.0,2.0,0.0,0.0
75,purpose,0.0,2.0,2.0,0.15384616
75,dti,24.46,132.14082,107.680824,0.10768082
75,open_acc,17.0,4.0,-13.0,-0.14606741
75,pub_rec,0.0,0.0,0.0,0.0
75,revol_bal,12647.0,137845.94,125198.94,0.043100175
75,revol_util,58.0,391.98224,333.98224,0.37429366
75,total_acc,29.0,76.0,47.0,0.27011496
75,initial_list_status,1.0,1.0,0.0,0.0
75,application_type,0.0,0.0,0.0,0.0
75,mort_acc,1.0,9.0,8.0,0.15686275
75,pub_rec_bankruptcies,0.0,0.0,0.0,0.0
75,fico_score,672.0,672.0,0.0,0.0
75,month_of_year,7.0,7.0,0.0,0.0
75,ratio_loan_amnt_annual_inc,0.39285713,33.46463,33.071774,0.10647503
75,ratio_open_acc_total_acc,0.5862069,0.1292412,-0.4569657,-0.46838987
75,month_since_earliest_cr_line,207.0,207.0,0.0,0.0
75,ratio_pub_rec_month_since_earliest_cr_line,0.0,0.0,0.0,0.0
75,ratio_pub_rec_bankruptcies_month_since_earliest_cr_line,0.0,0.0,0.0,0.0
75,ratio_pub_rec_bankruptcies_pub_rec,-1.0,-1.0,0.0,0.0
76,loan_amnt,4000.0,10559.514,6559.5137,0.16819265
76,term,36.0,36.0,0.0,0.0
76,int_rate,8.9,8.9,0.0,0.0
76,installment,127.02,16.265673,-110.754326,-0.06458354
76,sub_grade,4.0,4.0,0.0,0.0
76,emp_length,10.0,6.0,-4.0,-0.39999998
76,home_ownership,0.0,0.0,0.0,0.0
76,annual_inc,13600.0,316580.72,302980.72,0.027545787
76,verification_status,0.0,0.0,0.0,0.0
76,purpose,0.0,1.0,1.0,0.07692308
76,dti,29.82,27.794762,-2.025238,-0.0020252373
76,open_acc,7.0,2.0,-5.0,-0.056179773
76,pub_rec,0.0,0.0,0.0,0.0
76,revol_bal,9708.0,342738.44,333030.44,0.114646904
76,revol_util,25.9,166.39577,140.49577,0.15745352
76,total_acc,21.0,12.0,-9.0,-0.05172414
76,initial_list_status,1.0,1.0,0.0,0.0
76,application_type,0.0,0.0,0.0,0.0
76,mort_acc,1.0,22.0,21.0,0.4117647
76,pub_rec_bankruptcies,0.0,0.0,0.0,0.0
76,fico_score,702.0,702.0,0.0,0.0
76,month_of_year,7.0,7.0,0.0,0.0
76,ratio_loan_amnt_annual_inc,0.29411766,98.412674,98.11855,0.31589407
76,ratio_open_acc_total_acc,0.33333334,0.6576599,0.32432655,0.3324347
76,month_since_earliest_cr_line,173.0,173.0,0.0,0.0
76,ratio_pub_rec_month_since_earliest_cr_line,0.0,0.0,0.0,0.0
76,ratio_pub_rec_bankruptcies_month_since_earliest_cr_line,0.0,0.0,0.0,0.0
76,ratio_pub_rec_bankruptcies_pub_rec,-1.0,-1.0,0.0,0.0
77,loan_amnt,35000.0,30435.023,-4564.9766,-0.11705071
77,term,36.0,36.0,0.0,0.0
77,int_rate,20.49,20.49,0.0,0.0
77,installment,1309.49,514.8525,-794.6375,-0.46337244
77,sub_grade,20.0,20.0,0.0,0.0
77,emp_length,5.0,6.0,1.0,0.100000024
77,home_ownership,0.0,0.0,0.0,0.0
77,annual_inc,90000.0,4.815823e+06,4.725823e+06,0.4296528
77,verification_status,2.0,2.0,0.0,0.0
77,purpose,4.0,7.0,3.0,0.23076925
77,dti,5.36,34.792305,29.432304,0.029432306
77,open_acc,9.0,45.0,36.0,0.40449437
77,pub_rec,0.0,0.0,0.0,0.0
77,revol_bal,13263.0,0.0,-13263.0,-0.0045658345
77,revol_util,49.1,231.38899,182.289,0.20429115
77,total_acc,22.0,76.0,54.0,0.31034485
77,initial_list_status,1.0,1.0,0.0,0.0
77,application_type,0.0,0.0,0.0,0.0
77,mort_acc,6.0,8.0,2.0,0.03921569
77,pub_rec_bankruptcies,0.0,0.0,0.0,0.0
77,fico_score,677.0,677.0,0.0,0.0
77,month_of_year,7.0,7.0,0.0,0.0
77,ratio_loan_amnt_annual_inc,0.3888889,16.471254,16.082365,0.051777396
77,ratio_open_acc_total_acc,0.4090909,0.034139007,-0.3749519,-0.38432568
77,month_since_earliest_cr_line,147.0,147.0,0.0,0.0
77,ratio_pub_rec_month_since_earliest_cr_line,0.0,0.0,0.0,0.0
77,ratio_pub_rec_bankruptcies_month_since_earliest_cr_line,0.0,0.0,0.0,0.0
77,ratio_pub_rec_bankruptcies_pub_rec,-1.0,-1.0,0.0,0.0
78,loan_amnt,24000.0,39230.293,15230.293,0.39052033
78,term,60.0,60.0,0.0,0.0
78,int_rate,20.49,20.49,0.0,0.0
78,installment,642.42,247.79916,-394.62082,-0.23011303
78,sub_grade,20.0,20.0,0.0,0.0
78,emp_length,7.0,5.0,-2.0,-0.19999999
78,home_ownership,0.0,0.0,0.0,0.0
78,annual_inc,155000.0,122783.586,-32216.414,-0.0029289871
78,verification_status,1.0,1.0,0.0,0.0
78,purpose,0.0,1.0,1.0,0.07692308
78,dti,6.19,159.77708,153.58708,0.15358707
78,open_acc,11.0,40.0,29.0,0.3258427
78,pub_rec,0.0,0.0,0.0,0.0
78,revol_bal,13702.0,406796.62,393094.62,0.13532421
78,revol_util,94.5,352.75925,258.25925,0.28943098
78,total_acc,17.0,92.0,75.0,0.43103445
78,initial_list_status,1.0,1.0,0.0,0.0
78,application_type,0.0,0.0,0.0,0.0
78,mort_acc,5.0,22.0,17.0,0.33333334
78,pub_rec_bankruptcies,0.0,0.0,0.0,0.0
78,fico_score,707.0,707.0,0.0,0.0
78,month_of_year,7.0,7.0,0.0,0.0
78,ratio_loan_amnt_annual_inc,0.15483871,112.41355,112.25871,0.3614185
78,ratio_open_acc_total_acc,0.64705884,0.4733578,-0.17370105,-0.1780436
78,month_since_earliest_cr_line,296.0,296.0,0.0,0.0
78,ratio_pub_rec_month_since_earliest_cr_line,0.0,0.0,0.0,0.0
78,ratio_pub_rec_bankruptcies_month_since_earliest_cr_line,0.0,0.0,0.0,0.0
78,ratio_pub_rec_bankruptcies_pub_rec,-1.0,-1.0,0.0,0.0
79,loan_amnt,10000.0,28521.61,18521.61,0.47491306
79,term,36.0,36.0,0.0,0.0
79,int_rate,10.16,10.16,0.0,0.0
79,installment,323.43,1102.7605,779.3305,0.4544466
79,sub_grade,5.0,5.0,0.0,0.0
79,emp_length,10.0,6.0,-4.0,-0.39999998
79,home_ownership,0.0,0.0,0.0,0.0
79,annual_inc,53000.0,1.6146902e+06,1.5616902e+06,0.14198259
79,verification_status,2.0,2.0,0.0,0.0
79,purpose,0.0,1.0,1.0,0.07692308
79,dti,23.8,471.6368,447.83682,0.44783682
79,open_acc,10.0,3.0,-7.0,-0.07865168
79,pub_rec,0.0,0.0,0.0,0.0
79,revol_bal,25577.0,841477.06,815900.06,0.28087646
79,revol_util,61.5,6.3190584,-55.180943,-0.061841246
79,total_acc,22.0,102.0,80.0,0.4597701
79,initial_list_status,1.0,1.0,0.0,0.0
79,application_type,0.0,0.0,0.0,0.0
79,mort_acc,4.0,15.0,11.0,0.21568629
79,pub_rec_bankruptcies,0.0,0.0,0.0,0.0
79,fico_score,727.0,727.0,0.0,0.0
79,month_of_year,7.0,7.0,0.0,0.0
79,ratio_loan_amnt_annual_inc,0.18867925,81.342705,81.15402,0.26127654
79,ratio_open_acc_total_acc,0.45454547,0.43815872,-0.016386747,-0.01679641
79,month_since_earliest_cr_line,254.0,254.0,0.0,0.0
79,ratio_pub_rec_month_since_earliest_cr_line,0.0,0.0,0.0,0.0
79,ratio_pub_rec_bankruptcies_month_since_earliest_cr_line,0.0,0.0,0.0,0.0
79,ratio_pub_rec_bankruptcies_pub_rec,-1.0,-1.0,0.0,0.0
80,loan_amnt,5000.0,21159.541,16159.541,0.41434723
80,term,36.0,36.0,0.0,0.0
80,int_rate,10.16,10.16,0.0,0.0
80,installment,161.72,76.90333,-84.81667,-0.04945868
80,sub_grade,5.0,5.0,0.0,0.0
80,emp_length,2.0,4.0,2.0,0.2
80,home_ownership,0.0,0.0,0.0,0.0
80,annual_inc,110000.0,2.0331042e+06,1.9231042e+06,0.1748409
80,verification_status,2.0,2.0,0.0,0.0
80,purpose,0.0,3.0,3.0,0.23076923
80,dti,28.78,354.78418,326.00418,0.32600418
80,open_acc,14.0,33.0,19.0,0.21348315
80,pub_rec,0.0,0.0,0.0,0.0
80,revol_bal,58853.0,647078.0,588225.0,0.20249853
80,revol_util,72.7,333.54288,260.8429,0.29232645
80,total_acc,28.0,96.0,68.0,0.3908046
80,initial_list_status,1.0,1.0,0.0,0.0
80,application_type,0.0,0.0,0.0,0.0
80,mort_acc,2.0,6.0,4.0,0.07843137
80,pub_rec_bankruptcies,0.0,0.0,0.0,0.0
80,fico_score,692.0,692.0,0.0,0.0
80,month_of_year,8.0,8.0,0.0,0.0
80,ratio_loan_amnt_annual_inc,0.045454547,57.597904,57.55245,0.1852909
80,ratio_open_acc_total_acc,0.5,0.4733669,-0.026633114,-0.027298927
80,month_since_earliest_cr_line,141.0,141.0,0.0,0.0
80,ratio_pub_rec_month_since_earliest_cr_line,0.0,0.0,0.0,0.0
80,ratio_pub_rec_bankruptcies_month_since_earliest_cr_line,0.0,0.0,0.0,0.0
80,ratio_pub_rec_bankruptcies_pub_rec,-1.0,-1.0,0.0,0.0
81,loan_amnt,30000.0,17052.309,-12947.691,-0.3319921
81,term,60.0,60.0,0.0,0.0
81,int_rate,24.7,24.7,0.0,0.0
81,installment,875.28,1591.8252,716.54517,0.41783488
81,sub_grade,30.0,30.0,0.0,0.0
81,emp_length,3.0,3.0,0.0,0.0
81,home_ownership,1.0,1.0,0.0,0.0
81,annual_inc,75000.0,72738.68,-2261.3203,-0.00020559039
81,verification_status,2.0,2.0,0.0,0.0
81,purpose,4.0,7.0,3.0,0.23076925
81,dti,17.83,288.07477,270.24478,0.27024478
81,open_acc,8.0,38.0,30.0,0.33707863
81,pub_rec,0.0,0.0,0.0,0.0
81,revol_bal,20120.0,985865.25,965745.25,0.33246118
81,revol_util,72.4,205.6792,133.2792,0.1493659
81,total_acc,11.0,47.0,36.0,0.20689654
81,initial_list_status,1.0,1.0,0.0,0.0
81,application_type,0.0,0.0,0.0,0.0
81,mort_acc,0.0,15.0,15.0,0.29411766
81,pub_rec_bankruptcies,0.0,0.0,0.0,0.0
81,fico_score,662.0,662.0,0.0,0.0
81,month_of_year,8.0,8.0,0.0,0.0
81,ratio_loan_amnt_annual_inc,0.4,72.68578,72.28578,0.2327251
81,ratio_open_acc_total_acc,0.72727275,0.27805775,-0.449215,-0.46044537
81,month_since_earliest_cr_line,94.0,94.0,0.0,0.0
81,ratio_pub_rec_month_since_earliest_cr_line,0.0,0.0,0.0,0.0
81,ratio_pub_rec_bankruptcies_month_since_earliest_cr_line,0.0,0.0,0.0,0.0
81,ratio_pub_rec_bankruptcies_pub_rec,-1.0,-1.0,0.0,0.0
82,loan_amnt,8000.0,19935.404,11935.404,0.306036
82,term,36.0,36.0,0.0,0.0
82,int_rate,18.75,18.75,0.0,0.0
82,installment,292.24,792.08966,499.84967,0.29147452
82,sub_grade,17.0,17.0,0.0,0.0
82,emp_length,2.0,5.0,3.0,0.3
82,home_ownership,1.0,1.0,0.0,0.0
82,annual_inc,75000.0,4.393186e+06,4.318186e+06,0.3925921
82,verification_status,0.0,0.0,0.0,0.0
82,purpose,4.0,6.0,2.0,0.15384614
82,dti,8.03,79.81184,71.78184,0.07178184
82,open_acc,7.0,21.0,14.0,0.15730338
82,pub_rec,0.0,0.0,0.0,0.0
82,revol_bal,8307.0,235993.56,227686.56,0.0783819
82,revol_util,82.2,73.92914,-8.270859,-0.009269148
82,total_acc,8.0,44.0,36.0,0.20689654
82,initial_list_status,1.0,1.0,0.0,0.0
82,application_type,0.0,0.0,0.0,0.0
82,mort_acc,0.0,8.0,8.0,0.15686275
82,pub_rec_bankruptcies,0.0,0.0,0.0,0.0
82,fico_score,667.0,667.0,0.0,0.0
82,month_of_year,8.0,8.0,0.0,0.0
82,ratio_loan_amnt_annual_inc,0.10666667,94.48136,94.374695,0.30384064
82,ratio_open_acc_total_acc,0.875,0.7056928,-0.16930717,-0.17353982
82,month_since_earliest_cr_line,49.0,49.0,0.0,0.0
82,ratio_pub_rec_month_since_earliest_cr_line,0.0,0.0,0.0,0.0
82,ratio_pub_rec_bankruptcies_month_since_earliest_cr_line,0.0,0.0,0.0,0.0
82,ratio_pub_rec_bankruptcies_pub_rec,-1.0,-1.0,0.0,0.0
83,loan_amnt,8325.0,23836.854,15511.854,0.39773983
83,term,36.0,36.0,0.0,0.0
83,int_rate,14.09,14.09,0.0,0.0
83,installment,284.9,640.1476,355.2476,0.20715353
83,sub_grade,9.0,9.0,0.0,0.0
83,emp_length,3.0,7.0,4.0,0.39999998
83,home_ownership,1.0,1.0,0.0,0.0
83,annual_inc,24000.0,279076.88,255076.88,0.023190562
83,verification_status,1.0,1.0,0.0,0.0
83,purpose,5.0,5.0,0.0,0.0
83,dti,13.9,263.06583,249.16583,0.24916583
83,open_acc,4.0,23.0,19.0,0.21348315
83,pub_rec,0.0,0.0,0.0,0.0
83,revol_bal,3107.0,583827.2,580720.2,0.19991498
83,revol_util,77.7,77.16625,-0.5337448,-0.0005981624
83,total_acc,9.0,24.0,15.0,0.0862069
83,initial_list_status,1.0,1.0,0.0,0.0
83,application_type,0.0,0.0,0.0,0.0
83,mort_acc,0.0,3.0,3.0,0.05882353
83,pub_rec_bankruptcies,0.0,0.0,0.0,0.0
83,fico_score,692.0,692.0,0.0,0.0
83,month_of_year,8.0,8.0,0.0,0.0
83,ratio_loan_amnt_annual_inc,0.346875,14.526734,14.179859,0.045652255
83,ratio_open_acc_total_acc,0.44444445,0.02579033,-0.4186541,-0.42912045
83,month_since_earliest_cr_line,69.0,69.0,0.0,0.0
83,ratio_pub_rec_month_since_earliest_cr_line,0.0,0.0,0.0,0.0
83,ratio_pub_rec_bankruptcies_month_since_earliest_cr_line,0.0,0.0,0.0,0.0
83,ratio_pub_rec_bankruptcies_pub_rec,-1.0,-1.0,0.0,0.0
84,loan_amnt,7000.0,20525.996,13525.996,0.3468204
84,term,36.0,36.0,0.0,0.0
84,int_rate,16.29,16.29,0.0,0.0
84,installment,247.11,246.21841,-0.8915863,-0.0005199015
84,sub_grade,13.0,13.0,0.0,0.0
84,emp_length,2.0,1.0,-1.0,-0.1
84,home_ownership,1.0,1.0,0.0,0.0
84,annual_inc,141000.0,3.0957785e+06,2.9547785e+06,0.26863655
84,verification_status,0.0,0.0,0.0,0.0
84,purpose,4.0,5.0,1.0,0.07692307
84,dti,21.04,0.08718872,-20.952812,-0.020952811
84,open_acc,17.0,4.0,-13.0,-0.14606741
84,pub_rec,0.0,0.0,0.0,0.0
84,revol_bal,7864.0,351188.1,343324.1,0.11819052
84,revol_util,77.9,101.381874,23.481873,0.026316121
84,total_acc,35.0,21.0,-14.0,-0.080459766
84,initial_list_status,1.0,1.0,0.0,0.0
84,application_type,0.0,0.0,0.0,0.0
84,mort_acc,3.0,23.0,20.0,0.39215687
84,pub_rec_bankruptcies,0.0,0.0,0.0,0.0
84,fico_score,672.0,672.0,0.0,0.0
84,month_of_year,8.0,8.0,0.0,0.0
84,ratio_loan_amnt_annual_inc,0.04964539,116.0767,116.027054,0.3735507
84,ratio_open_acc_total_acc,0.4857143,0.7561209,0.27040663,0.27716684
84,month_since_earliest_cr_line,202.0,202.0,0.0,0.0
84,ratio_pub_rec_month_since_earliest_cr_line,0.0,0.0,0.0,0.0
84,ratio_pub_rec_bankruptcies_month_since_earliest_cr_line,0.0,0.0,0.0,0.0
84,ratio_pub_rec_bankruptcies_pub_rec,-1.0,-1.0,0.0,0.0
85,loan_amnt,9500.0,25109.467,15609.467,0.40024275
85,term,36.0,36.0,0.0,0.0
85,int_rate,12.12,12.12,0.0,0.0
85,installment,316.09,7.3164573,-308.77353,-0.18005338
85,sub_grade,7.0,7.0,0.0,0.0
85,emp_length,5.0,5.0,0.0,0.0
85,home_ownership,1.0,1.0,0.0,0.0
85,annual_inc,52000.0,3.2569212e+06,3.2049212e+06,0.29137856
85,verification_status,0.0,0.0,0.0,0.0
85,purpose,0.0,5.0,5.0,0.3846154
85,dti,18.55,66.74119,48.19119,0.048191186
85,open_acc,9.0,49.0,40.0,0.44943818
85,pub_rec,0.0,0.0,0.0,0.0
85,revol_bal,17043.0,538267.2,521224.2,0.17943326
85,revol_util,71.3,317.51974,246.21974,0.2759383
85,total_acc,20.0,55.0,35.0,0.20114943
85,initial_list_status,1.0,1.0,0.0,0.0
85,application_type,0.0,0.0,0.0,0.0
85,mort_acc,0.0,23.0,23.0,0.4509804
85,pub_rec_bankruptcies,0.0,0.0,0.0,0.0
85,fico_score,692.0,692.0,0.0,0.0
85,month_of_year,8.0,8.0,0.0,0.0
85,ratio_loan_amnt_annual_inc,0.1826923,12.328977,12.146284,0.039105132
85,ratio_open_acc_total_acc,0.45,0.26943937,-0.18056062,-0.18507463
85,month_since_earliest_cr_line,176.0,176.0,0.0,0.0
85,ratio_pub_rec_month_since_earliest_cr_line,0.0,0.0,0.0,0.0
85,ratio_pub_rec_bankruptcies_month_since_earliest_cr_line,0.0,0.0,0.0,0.0
85,ratio_pub_rec_bankruptcies_pub_rec,-1.0,-1.0,0.0,0.0
86,loan_amnt,21000.0,27650.648,6650.6484,0.17052943
86,term,36.0,36.0,0.0,0.0
86,int_rate,14.33,14.33,0.0,0.0
86,installment,721.11,1157.6263,436.51636,0.25454327
86,sub_grade,10.0,10.0,0.0,0.0
86,emp_length,3.0,2.0,-1.0,-0.10000001
86,home_ownership,0.0,0.0,0.0,0.0
86,annual_inc,175000.0,373075.47,198075.47,0.018008225
86,verification_status,2.0,2.0,0.0,0.0
86,purpose,0.0,4.0,4.0,0.30769232
86,dti,11.77,94.01426,82.24426,0.08224426
86,open_acc,20.0,23.0,3.0,0.033707872
86,pub_rec,0.0,0.0,0.0,0.0
86,revol_bal,45872.0,954505.1,908633.1,0.31280014
86,revol_util,60.9,108.18309,47.28309,0.05299013
86,total_acc,62.0,88.0,26.0,0.14942527
86,initial_list_status,1.0,1.0,0.0,0.0
86,application_type,0.0,0.0,0.0,0.0
86,mort_acc,3.0,27.0,24.0,0.47058827
86,pub_rec_bankruptcies,0.0,0.0,0.0,0.0
86,fico_score,687.0,687.0,0.0,0.0
86,month_of_year,8.0,8.0,0.0,0.0
86,ratio_loan_amnt_annual_inc,0.12,108.78943,108.669426,0.34986275
86,ratio_open_acc_total_acc,0.32258064,0.61460185,0.29202121,0.29932174
86,month_since_earliest_cr_line,215.0,215.0,0.0,0.0
86,ratio_pub_rec_month_since_earliest_cr_line,0.0,0.0,0.0,0.0
86,ratio_pub_rec_bankruptcies_month_since_earliest_cr_line,0.0,0.0,0.0,0.0
86,ratio_pub_rec_bankruptcies_pub_rec,-1.0,-1.0,0.0,0.0
87,loan_amnt,9000.0,10495.608,1495.6084,0.038348928
87,term,36.0,36.0,0.0,0.0
87,int_rate,17.27,17.27,0.0,0.0
87,installment,322.09,7.3164573,-314.77353,-0.18355212
87,sub_grade,14.0,14.0,0.0,0.0
87,emp_length,4.0,7.0,3.0,0.29999998
87,home_ownership,0.0,0.0,0.0,0.0
87,annual_inc,110000.0,4.033157e+06,3.923157e+06,0.35667765
87,verification_status,0.0,0.0,0.0,0.0
87,purpose,0.0,1.0,1.0,0.07692308
87,dti,28.83,59.489388,30.659388,0.030659387
87,open_acc,21.0,23.0,2.0,0.022471905
87,pub_rec,0.0,0.0,0.0,0.0
87,revol_bal,43544.0,507426.78,463882.78,0.15969327
87,revol_util,82.8,42.851063,-39.94894,-0.044770755
87,total_acc,39.0,34.0,-5.0,-0.028735638
87,initial_list_status,1.0,1.0,0.0,0.0
87,application_type,0.0,0.0,0.0,0.0
87,mort_acc,0.0,0.0,0.0,0.0
87,pub_rec_bankruptcies,0.0,0.0,0.0,0.0
87,fico_score,672.0,672.0,0.0,0.0
87,month_of_year,8.0,8.0,0.0,0.0
87,ratio_loan_amnt_annual_inc,0.08181818,26.954702,26.872885,0.086517625
87,ratio_open_acc_total_acc,0.53846157,0.12494505,-0.41351652,-0.42385444
87,month_since_earliest_cr_line,217.0,217.0,0.0,0.0
87,ratio_pub_rec_month_since_earliest_cr_line,0.0,0.0,0.0,0.0
87,ratio_pub_rec_bankruptcies_month_since_earliest_cr_line,0.0,0.0,0.0,0.0
87,ratio_pub_rec_bankruptcies_pub_rec,-1.0,-1.0,0.0,0.0
88,loan_amnt,5000.0,7359.006,2359.0059,0.060487323
88,term,36.0,36.0,0.0,0.0
88,int_rate,8.9,8.9,0.0,0.0
88,installment,158.77,511.74435,352.97437,0.20582795
88,sub_grade,4.0,4.0,0.0,0.0
88,emp_length,1.0,4.0,3.0,0.3
88,home_ownership,1.0,1.0,0.0,0.0
88,annual_inc,20000.0,4.0042035e+06,3.9842035e+06,0.36222774
88,verification_status,0.0,0.0,0.0,0.0
88,purpose,0.0,6.0,6.0,0.46153846
88,dti,6.9,55.188904,48.288902,0.048288904
88,open_acc,3.0,18.0,15.0,0.16853933
88,pub_rec,0.0,0.0,0.0,0.0
88,revol_bal,4403.0,1.0397737e+06,1.0353707e+06,0.35643
88,revol_util,30.2,118.762764,88.56276,0.09925223
88,total_acc,12.0,46.0,34.0,0.19540231
88,initial_list_status,1.0,1.0,0.0,0.0
88,application_type,0.0,0.0,0.0,0.0
88,mort_acc,0.0,0.0,0.0,0.0
88,pub_rec_bankruptcies,0.0,0.0,0.0,0.0
88,fico_score,747.0,747.0,0.0,0.0
88,month_of_year,8.0,8.0,0.0,0.0
88,ratio_loan_amnt_annual_inc,0.25,127.14125,126.89125,0.40852815
88,ratio_open_acc_total_acc,0.25,0.6041739,0.3541739,0.3630283
88,month_since_earliest_cr_line,176.0,176.0,0.0,0.0
88,ratio_pub_rec_month_since_earliest_cr_line,0.0,0.0,0.0,0.0
88,ratio_pub_rec_bankruptcies_month_since_earliest_cr_line,0.0,0.0,0.0,0.0
88,ratio_pub_rec_bankruptcies_pub_rec,-1.0,-1.0,0.0,0.0
89,loan_amnt,20000.0,7876.104,-12123.896,-0.31086913
89,term,36.0,36.0,0.0,0.0
89,int_rate,13.11,13.11,0.0,0.0
89,installment,674.94,69.90445,-605.0355,-0.35281098
89,sub_grade,8.0,8.0,0.0,0.0
89,emp_length,10.0,8.0,-2.0,-0.19999999
89,home_ownership,0.0,0.0,0.0,0.0
89,annual_inc,87300.0,5.3119045e+06,5.2246045e+06,0.475
89,verification_status,2.0,2.0,0.0,0.0
89,purpose,0.0,6.0,6.0,0.46153846
89,dti,14.76,472.76895,458.00894,0.45800894
89,open_acc,9.0,45.0,36.0,0.40449437
89,pub_rec,0.0,0.0,0.0,0.0
89,revol_bal,8468.0,1.3464546e+06,1.3379866e+06,0.4606066
89,revol_util,67.7,213.26408,145.56409,0.16313356
89,total_acc,45.0,42.0,-3.0,-0.017241374
89,initial_list_status,1.0,1.0,0.0,0.0
89,application_type,0.0,0.0,0.0,0.0
89,mort_acc,2.0,22.0,20.0,0.39215687
89,pub_rec_bankruptcies,0.0,0.0,0.0,0.0
89,fico_score,697.0,697.0,0.0,0.0
89,month_of_year,8.0,8.0,0.0,0.0
89,ratio_loan_amnt_annual_inc,0.22909507,23.177933,22.948837,0.0738841
89,ratio_open_acc_total_acc,0.2,0.24771789,0.047717884,0.04891081
89,month_since_earliest_cr_line,424.0,424.0,0.0,0.0
89,ratio_pub_rec_month_since_earliest_cr_line,0.0,0.0,0.0,0.0
89,ratio_pub_rec_bankruptcies_month_since_earliest_cr_line,0.0,0.0,0.0,0.0
89,ratio_pub_rec_bankruptcies_pub_rec,-1.0,-1.0,0.0,0.0
90,loan_amnt,15000.0,24556.555,9556.555,0.24503985
90,term,36.0,36.0,0.0,0.0
90,int_rate,19.72,19.72,0.0,0.0
90,installment,555.32,49.819317,-505.5007,-0.29476976
90,sub_grade,19.0,19.0,0.0,0.0
90,emp_length,1.0,4.0,3.0,0.3
90,home_ownership,1.0,1.0,0.0,0.0
90,annual_inc,42500.0,65563.77,23063.773,0.0020968656
90,verification_status,0.0,0.0,0.0,0.0
90,purpose,0.0,0.0,0.0,0.0
90,dti,16.55,13.894575,-2.655424,-0.0026554242
90,open_acc,11.0,15.0,4.0,0.044943824
90,pub_rec,0.0,0.0,0.0,0.0
90,revol_bal,23044.0,33855.387,10811.387,0.0037218584
90,revol_util,89.0,371.83316,282.83316,0.31697094
90,total_acc,18.0,77.0,59.0,0.33908045
90,initial_list_status,1.0,1.0,0.0,0.0
90,application_type,0.0,0.0,0.0,0.0
90,mort_acc,0.0,23.0,23.0,0.4509804
90,pub_rec_bankruptcies,0.0,0.0,0.0,0.0
90,fico_score,662.0,662.0,0.0,0.0
90,month_of_year,8.0,8.0,0.0,0.0
90,ratio_loan_amnt_annual_inc,0.3529412,0.50670224,0.15376106,0.0004950358
90,ratio_open_acc_total_acc,0.6111111,0.15109062,-0.46002048,-0.471521
90,month_since_earliest_cr_line,139.0,139.0,0.0,0.0
90,ratio_pub_rec_month_since_earliest_cr_line,0.0,0.0,0.0,0.0
90,ratio_pub_rec_bankruptcies_month_since_earliest_cr_line,0.0,0.0,0.0,0.0
90,ratio_pub_rec_bankruptcies_pub_rec,-1.0,-1.0,0.0,0.0
91,loan_amnt,6000.0,8420.275,2420.2754,0.06205833
91,term,36.0,36.0,0.0,0.0
91,int_rate,14.33,14.33,0.0,0.0
91,installment,206.03,169.10445,-36.925552,-0.021532185
91,sub_grade,10.0,10.0,0.0,0.0
91,emp_length,1.0,1.0,0.0,0.0
91,home_ownership,2.0,2.0,0.0,0.0
91,annual_inc,75000.0,623505.8,548505.8,0.049867943
91,verification_status,0.0,0.0,0.0,0.0
91,purpose,4.0,9.0,5.0,0.3846154
91,dti,5.57,9.260813,3.6908126,0.0036908127
91,open_acc,4.0,35.0,31.0,0.3483146
91,pub_rec,0.0,0.0,0.0,0.0
91,revol_bal,13567.0,186258.23,172691.23,0.05944957
91,revol_util,71.4,418.67508,347.2751,0.38919097
91,total_acc,15.0,6.0,-9.0,-0.051724136
91,initial_list_status,1.0,1.0,0.0,0.0
91,application_type,0.0,0.0,0.0,0.0
91,mort_acc,0.0,24.0,24.0,0.47058824
91,pub_rec_bankruptcies,0.0,0.0,0.0,0.0
91,fico_score,672.0,672.0,0.0,0.0
91,month_of_year,8.0,8.0,0.0,0.0
91,ratio_loan_amnt_annual_inc,0.08,17.766813,17.686813,0.056942943
91,ratio_open_acc_total_acc,0.26666668,0.3724444,0.10577771,0.10842216
91,month_since_earliest_cr_line,62.0,62.0,0.0,0.0
91,ratio_pub_rec_month_since_earliest_cr_line,0.0,0.0,0.0,0.0
91,ratio_pub_rec_bankruptcies_month_since_earliest_cr_line,0.0,0.0,0.0,0.0
91,ratio_pub_rec_bankruptcies_pub_rec,-1.0,-1.0,0.0,0.0
92,loan_amnt,12000.0,23886.38,11886.381,0.30477896
92,term,36.0,36.0,0.0,0.0
92,int_rate,12.12,12.12,0.0,0.0
92,installment,399.26,467.43832,68.178314,0.039756432
92,sub_grade,7.0,7.0,0.0,0.0
92,emp_length,10.0,6.0,-4.0,-0.39999998
92,home_ownership,1.0,1.0,0.0,0.0
92,annual_inc,55000.0,258150.12,203150.12,0.018469593
92,verification_status,0.0,0.0,0.0,0.0
92,purpose,0.0,1.0,1.0,0.07692308
92,dti,9.49,120.66061,111.17061,0.111170605
92,open_acc,10.0,52.0,42.0,0.4719101
92,pub_rec,0.0,0.0,0.0,0.0
92,revol_bal,10718.0,464404.47,453686.47,0.15618317
92,revol_util,35.6,80.87703,45.27703,0.050741937
92,total_acc,21.0,51.0,30.0,0.1724138
92,initial_list_status,1.0,1.0,0.0,0.0
92,application_type,0.0,0.0,0.0,0.0
92,mort_acc,0.0,23.0,23.0,0.4509804
92,pub_rec_bankruptcies,0.0,0.0,0.0,0.0
92,fico_score,697.0,697.0,0.0,0.0
92,month_of_year,8.0,8.0,0.0,0.0
92,ratio_loan_amnt_annual_inc,0.21818182,98.31381,98.09563,0.31582028
92,ratio_open_acc_total_acc,0.47619048,0.21083802,-0.26535246,-0.27198625
92,month_since_earliest_cr_line,153.0,153.0,0.0,0.0
92,ratio_pub_rec_month_since_earliest_cr_line,0.0,0.0,0.0,0.0
92,ratio_pub_rec_bankruptcies_month_since_earliest_cr_line,0.0,0.0,0.0,0.0
92,ratio_pub_rec_bankruptcies_pub_rec,-1.0,-1.0,0.0,0.0
93,loan_amnt,7000.0,19224.041,12224.041,0.31343693
93,term,36.0,36.0,0.0,0.0
93,int_rate,15.31,15.31,0.0,0.0
93,installment,243.73,721.4384,477.70844,0.2785634
93,sub_grade,11.0,11.0,0.0,0.0
93,emp_length,1.0,3.0,2.0,0.20000002
93,home_ownership,1.0,1.0,0.0,0.0
93,annual_inc,87500.0,1.9640645e+06,1.8765645e+06,0.17060968
93,verification_status,2.0,2.0,0.0,0.0
93,purpose,1.0,0.0,-1.0,-0.07692308
93,dti,1.62,8.787415,7.1674147,0.0071674143
93,open_acc,3.0,23.0,20.0,0.2247191
93,pub_rec,0.0,0.0,0.0,0.0
93,revol_bal,3491.0,33775.934,30284.934,0.010425695
93,revol_util,41.6,120.424614,78.824615,0.088338695
93,total_acc,7.0,22.0,15.0,0.0862069
93,initial_list_status,1.0,1.0,0.0,0.0
93,application_type,0.0,0.0,0.0,0.0
93,mort_acc,0.0,15.0,15.0,0.29411766
93,pub_rec_bankruptcies,0.0,0.0,0.0,0.0
93,fico_score,702.0,702.0,0.0,0.0
93,month_of_year,8.0,8.0,0.0,0.0
93,ratio_loan_amnt_annual_inc,0.08,66.19222,66.11222,0.21284923
93,ratio_open_acc_total_acc,0.42857143,0.5907412,0.16216978,0.16622409
93,month_since_earliest_cr_line,54.0,54.0,0.0,0.0
93,ratio_pub_rec_month_since_earliest_cr_line,0.0,0.0,0.0,0.0
93,ratio_pub_rec_bankruptcies_month_since_earliest_cr_line,0.0,0.0,0.0,0.0
93,ratio_pub_rec_bankruptcies_pub_rec,-1.0,-1.0,0.0,0.0
94,loan_amnt,1000.0,10594.211,9594.211,0.24600542
94,term,36.0,36.0,0.0,0.0
94,int_rate,15.31,15.31,0.0,0.0
94,installment,34.82,69.047714,34.227715,0.019959014
94,sub_grade,11.0,11.0,0.0,0.0
94,emp_length,1.0,1.0,0.0,0.0
94,home_ownership,1.0,1.0,0.0,0.0
94,annual_inc,19500.0,365733.34,346233.34,0.03147814
94,verification_status,0.0,0.0,0.0,0.0
94,purpose,12.0,7.0,-5.0,-0.38461536
94,dti,25.17,133.6449,108.4749,0.108474895
94,open_acc,11.0,17.0,6.0,0.06741573
94,pub_rec,0.0,0.0,0.0,0.0
94,revol_bal,13716.0,30062.129,16346.129,0.005627212
94,revol_util,83.1,278.18863,195.08862,0.21863571
94,total_acc,22.0,85.0,63.0,0.36206898
94,initial_list_status,1.0,1.0,0.0,0.0
94,application_type,0.0,0.0,0.0,0.0
94,mort_acc,0.0,22.0,22.0,0.43137255
94,pub_rec_bankruptcies,0.0,0.0,0.0,0.0
94,fico_score,672.0,672.0,0.0,0.0
94,month_of_year,8.0,8.0,0.0,0.0
94,ratio_loan_amnt_annual_inc,0.051282052,84.27967,84.228386,0.2711745
94,ratio_open_acc_total_acc,0.5,0.8081471,0.30814707,0.31585076
94,month_since_earliest_cr_line,201.0,201.0,0.0,0.0
94,ratio_pub_rec_month_since_earliest_cr_line,0.0,0.0,0.0,0.0
94,ratio_pub_rec_bankruptcies_month_since_earliest_cr_line,0.0,0.0,0.0,0.0
94,ratio_pub_rec_bankruptcies_pub_rec,-1.0,-1.0,0.0,0.0
95,loan_amnt,10625.0,1300.5447,-9324.455,-0.2390886
95,term,36.0,36.0,0.0,0.0
95,int_rate,10.16,10.16,0.0,0.0
95,installment,343.64,821.97614,478.33612,0.27892944
95,sub_grade,5.0,5.0,0.0,0.0
95,emp_length,5.0,1.0,-4.0,-0.4
95,home_ownership,1.0,1.0,0.0,0.0
95,annual_inc,32000.0,1.722632e+06,1.690632e+06,0.15370546
95,verification_status,0.0,0.0,0.0,0.0
95,purpose,0.0,5.0,5.0,0.3846154
95,dti,14.93,400.24216,385.31216,0.38531217
95,open_acc,3.0,18.0,15.0,0.16853933
95,pub_rec,0.0,0.0,0.0,0.0
95,revol_bal,672.0,80969.04,80297.04,0.027642537
95,revol_util,4.5,255.82167,251.32167,0.28165603
95,total_acc,17.0,47.0,30.0,0.17241378
95,initial_list_status,1.0,1.0,0.0,0.0
95,application_type,0.0,0.0,0.0,0.0
95,mort_acc,0.0,22.0,22.0,0.43137255
95,pub_rec_bankruptcies,0.0,0.0,0.0,0.0
95,fico_score,782.0,782.0,0.0,0.0
95,month_of_year,8.0,8.0,0.0,0.0
95,ratio_loan_amnt_annual_inc,0.33203125,50.19797,49.86594,0.16054408
95,ratio_open_acc_total_acc,0.1764706,0.46999452,0.2935239,0.300862
95,month_since_earliest_cr_line,104.0,104.0,0.0,0.0
95,ratio_pub_rec_month_since_earliest_cr_line,0.0,0.0,0.0,0.0
95,ratio_pub_rec_bankruptcies_month_since_earliest_cr_line,0.0,0.0,0.0,0.0
95,ratio_pub_rec_bankruptcies_pub_rec,-1.0,-1.0,0.0,0.0
96,loan_amnt,10200.0,25677.05,15477.051,0.3968475
96,term,36.0,36.0,0.0,0.0
96,int_rate,12.12,12.12,0.0,0.0
96,installment,339.38,1130.9675,791.5875,0.46159396
96,sub_grade,7.0,7.0,0.0,0.0
96,emp_length,1.0,3.0,2.0,0.20000002
96,home_ownership,1.0,1.0,0.0,0.0
96,annual_inc,75000.0,3.7176518e+06,3.6426518e+06,0.33117524
96,verification_status,0.0,0.0,0.0,0.0
96,purpose,4.0,10.0,6.0,0.46153846
96,dti,23.47,130.34781,106.87781,0.106877804
96,open_acc,10.0,31.0,21.0,0.23595506
96,pub_rec,0.0,0.0,0.0,0.0
96,revol_bal,7559.0,728768.4,721209.4,0.24827886
96,revol_util,55.6,455.2168,399.6168,0.4478503
96,total_acc,12.0,25.0,13.0,0.07471265
96,initial_list_status,1.0,1.0,0.0,0.0
96,application_type,0.0,0.0,0.0,0.0
96,mort_acc,0.0,22.0,22.0,0.43137255
96,pub_rec_bankruptcies,0.0,0.0,0.0,0.0
96,fico_score,692.0,692.0,0.0,0.0
96,month_of_year,8.0,8.0,0.0,0.0
96,ratio_loan_amnt_annual_inc,0.136,138.55264,138.41664,0.44563434
96,ratio_open_acc_total_acc,0.8333333,0.5602047,-0.27312863,-0.27995682
96,month_since_earliest_cr_line,94.0,94.0,0.0,0.0
96,ratio_pub_rec_month_since_earliest_cr_line,0.0,0.0,0.0,0.0
96,ratio_pub_rec_bankruptcies_month_since_earliest_cr_line,0.0,0.0,0.0,0.0
96,ratio_pub_rec_bankruptcies_pub_rec,-1.0,-1.0,0.0,0.0
97,loan_amnt,28675.0,17235.742,-11439.258,-0.29331434
97,term,60.0,60.0,0.0,0.0
97,int_rate,14.09,14.09,0.0,0.0
97,installment,668.56,381.4404,-287.1196,-0.16742644
97,sub_grade,9.0,9.0,0.0,0.0
97,emp_length,10.0,9.0,-1.0,-0.100000024
97,home_ownership,0.0,0.0,0.0,0.0
97,annual_inc,86000.0,4.28158e+06,4.19558e+06,0.38144526
97,verification_status,2.0,2.0,0.0,0.0
97,purpose,0.0,4.0,4.0,0.30769232
97,dti,15.29,101.326294,86.03629,0.086036295
97,open_acc,8.0,22.0,14.0,0.15730336
97,pub_rec,0.0,0.0,0.0,0.0
97,revol_bal,21926.0,443805.9,421879.9,0.14523363
97,revol_util,46.6,197.67119,151.0712,0.16930538
97,total_acc,22.0,19.0,-3.0,-0.017241381
97,initial_list_status,1.0,1.0,0.0,0.0
97,application_type,0.0,0.0,0.0,0.0
97,mort_acc,4.0,26.0,22.0,0.43137258
97,pub_rec_bankruptcies,0.0,0.0,0.0,0.0
97,fico_score,727.0,727.0,0.0,0.0
97,month_of_year,8.0,8.0,0.0,0.0
97,ratio_loan_amnt_annual_inc,0.33343023,25.890335,25.556906,0.082280815
97,ratio_open_acc_total_acc,0.36363637,0.099149995,-0.26448637,-0.27109852
97,month_since_earliest_cr_line,167.0,167.0,0.0,0.0
97,ratio_pub_rec_month_since_earliest_cr_line,0.0,0.0,0.0,0.0
97,ratio_pub_rec_bankruptcies_month_since_earliest_cr_line,0.0,0.0,0.0,0.0
97,ratio_pub_rec_bankruptcies_pub_rec,-1.0,-1.0,0.0,0.0
98,loan_amnt,9000.0,10545.546,1545.5459,0.039629385
98,term,36.0,36.0,0.0,0.0
98,int_rate,19.72,19.72,0.0,0.0
98,installment,333.19,824.0234,490.83337,0.2862169
98,sub_grade,19.0,19.0,0.0,0.0
98,emp_length,2.0,6.0,4.0,0.40000004
98,home_ownership,0.0,0.0,0.0,0.0
98,annual_inc,68065.0,4.3729755e+06,4.3049105e+06,0.39138514
98,verification_status,0.0,0.0,0.0,0.0
98,purpose,0.0,2.0,2.0,0.15384616
98,dti,22.6,82.41014,59.810143,0.059810143
98,open_acc,24.0,25.0,1.0,0.011235952
98,pub_rec,0.0,0.0,0.0,0.0
98,revol_bal,10405.0,0.0,-10405.0,-0.003581958
98,revol_util,83.2,158.77736,75.57736,0.0846995
98,total_acc,28.0,8.0,-20.0,-0.11494252
98,initial_list_status,1.0,1.0,0.0,0.0
98,application_type,0.0,0.0,0.0,0.0
98,mort_acc,1.0,24.0,23.0,0.4509804
98,pub_rec_bankruptcies,0.0,0.0,0.0,0.0
98,fico_score,667.0,667.0,0.0,0.0
98,month_of_year,8.0,8.0,0.0,0.0
98,ratio_loan_amnt_annual_inc,0.13222654,64.57676,64.444534,0.20748007
98,ratio_open_acc_total_acc,0.85714287,0.8955794,0.038436532,0.039397478
98,month_since_earliest_cr_line,141.0,141.0,0.0,0.0
98,ratio_pub_rec_month_since_earliest_cr_line,0.0,0.0,0.0,0.0
98,ratio_pub_rec_bankruptcies_month_since_earliest_cr_line,0.0,0.0,0.0,0.0
98,ratio_pub_rec_bankruptcies_pub_rec,-1.0,-1.0,0.0,0.0
99,loan_amnt,18000.0,25134.633,7134.633,0.18293932
99,term,36.0,36.0,0.0,0.0
99,int_rate,7.9,7.9,0.0,0.0
99,installment,563.23,97.57661,-465.65338,-0.27153385
99,sub_grade,3.0,3.0,0.0,0.0
99,emp_length,2.0,1.0,-1.0,-0.1
99,home_ownership,0.0,0.0,0.0,0.0
99,annual_inc,100000.0,251787.89,151787.89,0.013799944
99,verification_status,0.0,0.0,0.0,0.0
99,purpose,4.0,6.0,2.0,0.15384614
99,dti,18.7,115.01946,96.31946,0.09631947
99,open_acc,20.0,60.0,40.0,0.4494382
99,pub_rec,0.0,0.0,0.0,0.0
99,revol_bal,13316.0,308684.78,295368.78,0.10168174
99,revol_util,27.9,25.727211,-2.1727886,-0.0024350453
99,total_acc,40.0,30.0,-10.0,-0.05747126
99,initial_list_status,1.0,1.0,0.0,0.0
99,application_type,0.0,0.0,0.0,0.0
99,mort_acc,2.0,7.0,5.0,0.098039225
99,pub_rec_bankruptcies,0.0,0.0,0.0,0.0
99,fico_score,727.0,727.0,0.0,0.0
99,month_of_year,8.0,8.0,0.0,0.0
99,ratio_loan_amnt_annual_inc,0.18,118.38169,118.20169,0.380552
99,ratio_open_acc_total_acc,0.5,0.32179952,-0.17820048,-0.18265548
99,month_since_earliest_cr_line,152.0,152.0,0.0,0.0
99,ratio_pub_rec_month_since_earliest_cr_line,0.0,0.0,0.0,0.0
99,ratio_pub_rec_bankruptcies_month_since_earliest_cr_line,0.0,0.0,0.0,0.0
99,ratio_pub_rec_bankruptcies_pub_rec,-1.0,-1.0,0.0,0.0
100,loan_amnt,19000.0,25602.688,6602.6875,0.16929969
100,term,60.0,60.0,0.0,0.0
100,int_rate,18.75,18.75,0.0,0.0
100,installment,490.27,735.57477,245.30478,0.14304319
100,sub_grade,17.0,17.0,0.0,0.0
100,emp_length,6.0,6.0,0.0,0.0
100,home_ownership,0.0,0.0,0.0,0.0
100,annual_inc,49000.0,4.926183e+06,4.877183e+06,0.44341385
100,verification_status,1.0,1.0,0.0,0.0
100,purpose,0.0,3.0,3.0,0.23076923
100,dti,24.83,103.907616,79.077614,0.07907762
100,open_acc,8.0,10.0,2.0,0.022471905
100,pub_rec,0.0,0.0,0.0,0.0
100,revol_bal,19637.0,0.0,-19637.0,-0.0067601064
100,revol_util,71.9,491.30914,419.40915,0.47003156
100,total_acc,26.0,5.0,-21.0,-0.12068965
100,initial_list_status,1.0,1.0,0.0,0.0
100,application_type,0.0,0.0,0.0,0.0
100,mort_acc,0.0,22.0,22.0,0.43137255
100,pub_rec_bankruptcies,0.0,0.0,0.0,0.0
100,fico_score,697.0,697.0,0.0,0.0
100,month_of_year,8.0,8.0,0.0,0.0
100,ratio_loan_amnt_annual_inc,0.3877551,92.92731,92.53955,0.2979324
100,ratio_open_acc_total_acc,0.30769232,0.16129711,-0.1463952,-0.1500551
100,month_since_earliest_cr_line,143.0,143.0,0.0,0.0
100,ratio_pub_rec_month_since_earliest_cr_line,0.0,0.0,0.0,0.0
100,ratio_pub_rec_bankruptcies_month_since_earliest_cr_line,0.0,0.0,0.0,0.0
100,ratio_pub_rec_bankruptcies_pub_rec,-1.0,-1.0,0.0,0.0
101,loan_amnt,5000.0,18252.004,13252.004,0.33979496
101,term,36.0,36.0,0.0,0.0
101,int_rate,14.09,14.09,0.0,0.0
101,installment,171.11,7.614765,-163.49524,-0.09533806
101,sub_grade,9.0,9.0,0.0,0.0
101,emp_length,2.0,2.0,0.0,0.0
101,home_ownership,0.0,0.0,0.0,0.0
101,annual_inc,54000.0,1.2309648e+06,1.1769648e+06,0.1070049
101,verification_status,2.0,2.0,0.0,0.0
101,purpose,9.0,9.0,0.0,0.0
101,dti,25.18,-1.0,-26.18,-0.026180001
101,open_acc,14.0,33.0,19.0,0.21348315
101,pub_rec,0.0,0.0,0.0,0.0
101,revol_bal,7323.0,392469.8,385146.8,0.13258815
101,revol_util,41.4,193.02037,151.62036,0.16992085
101,total_acc,18.0,83.0,65.0,0.37356323
101,initial_list_status,1.0,1.0,0.0,0.0
101,application_type,0.0,0.0,0.0,0.0
101,mort_acc,1.0,24.0,23.0,0.4509804
101,pub_rec_bankruptcies,0.0,0.0,0.0,0.0
101,fico_score,682.0,682.0,0.0,0.0
101,month_of_year,8.0,8.0,0.0,0.0
101,ratio_loan_amnt_annual_inc,0.09259259,111.58409,111.4915,0.35894844
101,ratio_open_acc_total_acc,0.7777778,0.62722373,-0.15055406,-0.15431792
101,month_since_earliest_cr_line,75.0,75.0,0.0,0.0
101,ratio_pub_rec_month_since_earliest_cr_line,0.0,0.0,0.0,0.0
101,ratio_pub_rec_bankruptcies_month_since_earliest_cr_line,0.0,0.0,0.0,0.0
101,ratio_pub_rec_bankruptcies_pub_rec,-1.0,-1.0,0.0,0.0
102,loan_amnt,20000.0,31272.686,11272.686,0.28904322
102,term,36.0,36.0,0.0,0.0
102,int_rate,15.8,15.8,0.0,0.0
102,installment,701.17,17.980204,-683.18976,-0.3983846
102,sub_grade,12.0,12.0,0.0,0.0
102,emp_length,10.0,10.0,0.0,0.0
102,home_ownership,0.0,0.0,0.0,0.0
102,annual_inc,88000.0,1.9323688e+06,1.8443688e+06,0.16768259
102,verification_status,1.0,1.0,0.0,0.0
102,purpose,0.0,3.0,3.0,0.23076923
102,dti,21.4,179.65863,158.25864,0.15825862
102,open_acc,11.0,19.0,8.0,0.089887634
102,pub_rec,0.0,0.0,0.0,0.0
102,revol_bal,7401.0,592235.1,584834.1,0.20133121
102,revol_util,47.7,365.921,318.22098,0.35663006
102,total_acc,47.0,105.0,58.0,0.33333337
102,initial_list_status,1.0,1.0,0.0,0.0
102,application_type,0.0,0.0,0.0,0.0
102,mort_acc,7.0,30.0,23.0,0.45098042
102,pub_rec_bankruptcies,0.0,0.0,0.0,0.0
102,fico_score,687.0,687.0,0.0,0.0
102,month_of_year,8.0,8.0,0.0,0.0
102,ratio_loan_amnt_annual_inc,0.22727273,34.38506,34.157787,0.10997147
102,ratio_open_acc_total_acc,0.23404256,0.032180876,-0.20186168,-0.20690821
102,month_since_earliest_cr_line,174.0,174.0,0.0,0.0
102,ratio_pub_rec_month_since_earliest_cr_line,0.0,0.0,0.0,0.0
102,ratio_pub_rec_bankruptcies_month_since_earliest_cr_line,0.0,0.0,0.0,0.0
102,ratio_pub_rec_bankruptcies_pub_rec,-1.0,-1.0,0.0,0.0
103,loan_amnt,7300.0,1458.3479,-5841.6523,-0.14978595
103,term,36.0,36.0,0.0,0.0
103,int_rate,7.9,7.9,0.0,0.0
103,installment,228.42,530.6785,302.25854,0.17625432
103,sub_grade,3.0,3.0,0.0,0.0
103,emp_length,5.0,5.0,0.0,0.0
103,home_ownership,0.0,0.0,0.0,0.0
103,annual_inc,28800.0,2.486552e+06,2.457752e+06,0.22344892
103,verification_status,2.0,2.0,0.0,0.0
103,purpose,4.0,1.0,-3.0,-0.23076925
103,dti,23.71,51.624115,27.914116,0.027914114
103,open_acc,10.0,15.0,5.0,0.056179784
103,pub_rec,0.0,0.0,0.0,0.0
103,revol_bal,7304.0,133552.5,126248.5,0.043461487
103,revol_util,51.4,16.242298,-35.157703,-0.039401215
103,total_acc,15.0,94.0,79.0,0.454023
103,initial_list_status,1.0,1.0,0.0,0.0
103,application_type,0.0,0.0,0.0,0.0
103,mort_acc,2.0,0.0,-2.0,-0.039215688
103,pub_rec_bankruptcies,0.0,0.0,0.0,0.0
103,fico_score,717.0,717.0,0.0,0.0
103,month_of_year,8.0,8.0,0.0,0.0
103,ratio_loan_amnt_annual_inc,0.2534722,88.614296,88.360825,0.2844789
103,ratio_open_acc_total_acc,0.6666667,0.8254914,0.15882474,0.16279536
103,month_since_earliest_cr_line,96.0,96.0,0.0,0.0
103,ratio_pub_rec_month_since_earliest_cr_line,0.0,0.0,0.0,0.0
103,ratio_pub_rec_bankruptcies_month_since_earliest_cr_line,0.0,0.0,0.0,0.0
103,ratio_pub_rec_bankruptcies_pub_rec,-1.0,-1.0,0.0,0.0
104,loan_amnt,16000.0,32153.664,16153.664,0.41419652
104,term,36.0,36.0,0.0,0.0
104,int_rate,6.03,6.03,0.0,0.0
104,installment,486.97,178.86911,-308.1009,-0.17966114
104,sub_grade,0.0,0.0,0.0,0.0
104,emp_length,0.0,1.0,1.0,0.1
104,home_ownership,0.0,0.0,0.0,0.0
104,annual_inc,60000.0,1.3408308e+06,1.2808308e+06,0.11644798
104,verification_status,0.0,0.0,0.0,0.0
104,purpose,4.0,9.0,5.0,0.3846154
104,dti,27.71,31.698868,3.9888687,0.0039888676
104,open_acc,8.0,7.0,-1.0,-0.01123596
104,pub_rec,0.0,0.0,0.0,0.0
104,revol_bal,15110.0,178564.9,163454.9,0.056269925
104,revol_util,32.4,388.04196,355.64197,0.3985677
104,total_acc,21.0,5.0,-16.0,-0.09195402
104,initial_list_status,1.0,1.0,0.0,0.0
104,application_type,0.0,0.0,0.0,0.0
104,mort_acc,2.0,25.0,23.0,0.4509804
104,pub_rec_bankruptcies,0.0,0.0,0.0,0.0
104,fico_score,802.0,802.0,0.0,0.0
104,month_of_year,8.0,8.0,0.0,0.0
104,ratio_loan_amnt_annual_inc,0.26666668,3.4428918,3.1762252,0.0102259
104,ratio_open_acc_total_acc,0.3809524,0.6661783,0.2852259,0.29235655
104,month_since_earliest_cr_line,241.0,241.0,0.0,0.0
104,ratio_pub_rec_month_since_earliest_cr_line,0.0,0.0,0.0,0.0
104,ratio_pub_rec_bankruptcies_month_since_earliest_cr_line,0.0,0.0,0.0,0.0
104,ratio_pub_rec_bankruptcies_pub_rec,-1.0,-1.0,0.0,0.0
105,loan_amnt,30000.0,28277.15,-1722.8496,-0.044175625
105,term,60.0,60.0,0.0,0.0
105,int_rate,22.95,22.95,0.0,0.0
105,installment,844.86,421.53223,-423.32776,-0.24685273
105,sub_grade,25.0,25.0,0.0,0.0
105,emp_length,4.0,1.0,-3.0,-0.3
105,home_ownership,1.0,1.0,0.0,0.0
105,annual_inc,82000.0,153396.52,71396.516,0.0064910837
105,verification_status,2.0,2.0,0.0,0.0
105,purpose,0.0,1.0,1.0,0.07692308
105,dti,9.16,145.07652,135.91652,0.13591653
105,open_acc,6.0,6.0,0.0,0.0
105,pub_rec,0.0,0.0,0.0,0.0
105,revol_bal,17130.0,906827.44,889697.44,0.30628145
105,revol_util,76.5,70.46849,-6.0315094,-0.006759502
105,total_acc,12.0,18.0,6.0,0.03448276
105,initial_list_status,1.0,1.0,0.0,0.0
105,application_type,0.0,0.0,0.0,0.0
105,mort_acc,0.0,4.0,4.0,0.078431375
105,pub_rec_bankruptcies,0.0,0.0,0.0,0.0
105,fico_score,682.0,682.0,0.0,0.0
105,month_of_year,8.0,8.0,0.0,0.0
105,ratio_loan_amnt_annual_inc,0.36585367,2.0043454,1.6384917,0.005275147
105,ratio_open_acc_total_acc,0.5,0.44734702,-0.052652985,-0.053969294
105,month_since_earliest_cr_line,66.0,66.0,0.0,0.0
105,ratio_pub_rec_month_since_earliest_cr_line,0.0,0.0,0.0,0.0
105,ratio_pub_rec_bankruptcies_month_since_earliest_cr_line,0.0,0.0,0.0,0.0
105,ratio_pub_rec_bankruptcies_pub_rec,-1.0,-1.0,0.0,0.0
106,loan_amnt,9000.0,20518.0,11518.0,0.29533333
106,term,36.0,36.0,0.0,0.0
106,int_rate,7.9,7.9,0.0,0.0
106,installment,281.62,836.0611,554.4411,0.32330814
106,sub_grade,3.0,3.0,0.0,0.0
106,emp_length,10.0,8.0,-2.0,-0.19999999
106,home_ownership,2.0,2.0,0.0,0.0
106,annual_inc,48000.0,4.1197325e+06,4.0717325e+06,0.37018552
106,verification_status,0.0,0.0,0.0,0.0
106,purpose,0.0,4.0,4.0,0.30769232
106,dti,23.1,263.97754,240.87753,0.24087754
106,open_acc,13.0,22.0,9.0,0.1011236
106,pub_rec,0.0,0.0,0.0,0.0
106,revol_bal,9335.0,910276.56,900941.56,0.3101523
106,revol_util,32.0,3.880394,-28.119606,-0.031513624
106,total_acc,23.0,36.0,13.0,0.07471264
106,initial_list_status,1.0,1.0,0.0,0.0
106,application_type,0.0,0.0,0.0,0.0
106,mort_acc,0.0,24.0,24.0,0.47058824
106,pub_rec_bankruptcies,0.0,0.0,0.0,0.0
106,fico_score,727.0,727.0,0.0,0.0
106,month_of_year,8.0,8.0,0.0,0.0
106,ratio_loan_amnt_annual_inc,0.1875,34.99679,34.80929,0.112068996
106,ratio_open_acc_total_acc,0.5652174,0.36876774,-0.19644964,-0.20136091
106,month_since_earliest_cr_line,232.0,232.0,0.0,0.0
106,ratio_pub_rec_month_since_earliest_cr_line,0.0,0.0,0.0,0.0
106,ratio_pub_rec_bankruptcies_month_since_earliest_cr_line,0.0,0.0,0.0,0.0
106,ratio_pub_rec_bankruptcies_pub_rec,-1.0,-1.0,0.0,0.0
107,loan_amnt,6000.0,24016.826,18016.826,0.4619699
107,term,36.0,36.0,0.0,0.0
107,int_rate,14.09,14.09,0.0,0.0
107,installment,205.33,874.1924,668.86237,0.39002997
107,sub_grade,9.0,9.0,0.0,0.0
107,emp_length,10.0,6.0,-4.0,-0.39999998
107,home_ownership,1.0,1.0,0.0,0.0
107,annual_inc,40000.0,1.3688644e+06,1.3288644e+06,0.120815
107,verification_status,0.0,0.0,0.0,0.0
107,purpose,5.0,11.0,6.0,0.46153846
107,dti,8.67,190.80075,182.13075,0.18213074
107,open_acc,9.0,20.0,11.0,0.1235955
107,pub_rec,0.0,0.0,0.0,0.0
107,revol_bal,7962.0,1.3623681e+06,1.3544061e+06,0.46625906
107,revol_util,47.1,130.12201,83.02201,0.09304272
107,total_acc,10.0,18.0,8.0,0.04597701
107,initial_list_status,1.0,1.0,0.0,0.0
107,application_type,0.0,0.0,0.0,0.0
107,mort_acc,0.0,22.0,22.0,0.43137255
107,pub_rec_bankruptcies,0.0,0.0,0.0,0.0
107,fico_score,682.0,682.0,0.0,0.0
107,month_of_year,8.0,8.0,0.0,0.0
107,ratio_loan_amnt_annual_inc,0.15,20.911867,20.761868,0.06684312
107,ratio_open_acc_total_acc,0.9,0.6232116,-0.27678835,-0.28370804
107,month_since_earliest_cr_line,195.0,195.0,0.0,0.0
107,ratio_pub_rec_month_since_earliest_cr_line,0.0,0.0,0.0,0.0
107,ratio_pub_rec_bankruptcies_month_since_earliest_cr_line,0.0,0.0,0.0,0.0
107,ratio_pub_rec_bankruptcies_pub_rec,-1.0,-1.0,0.0,0.0
108,loan_amnt,14500.0,16331.333,1831.333,0.046957254
108,term,36.0,36.0,0.0,0.0
108,int_rate,17.77,17.77,0.0,0.0
108,installment,522.54,776.84644,254.30646,0.14829227
108,sub_grade,15.0,15.0,0.0,0.0
108,emp_length,10.0,7.0,-3.0,-0.3
108,home_ownership,0.0,0.0,0.0,0.0
108,annual_inc,39600.0,1.1417152e+06,1.1021152e+06,0.10019988
108,verification_status,2.0,2.0,0.0,0.0
108,purpose,0.0,2.0,2.0,0.15384616
108,dti,28.33,204.87637,176.54637,0.17654638
108,open_acc,16.0,30.0,14.0,0.15730338
108,pub_rec,0.0,0.0,0.0,0.0
108,revol_bal,27538.0,1.0673536e+06,1.0398156e+06,0.35796016
108,revol_util,96.6,459.2075,362.60748,0.40637398
108,total_acc,32.0,83.0,51.0,0.29310346
108,initial_list_status,1.0,1.0,0.0,0.0
108,application_type,0.0,0.0,0.0,0.0
108,mort_acc,3.0,7.0,4.0,0.07843138
108,pub_rec_bankruptcies,0.0,0.0,0.0,0.0
108,fico_score,682.0,682.0,0.0,0.0
108,month_of_year,8.0,8.0,0.0,0.0
108,ratio_loan_amnt_annual_inc,0.3661616,76.48733,76.12116,0.24507317
108,ratio_open_acc_total_acc,0.5,0.9459269,0.4459269,0.4570751
108,month_since_earliest_cr_line,197.0,197.0,0.0,0.0
108,ratio_pub_rec_month_since_earliest_cr_line,0.0,0.0,0.0,0.0
108,ratio_pub_rec_bankruptcies_month_since_earliest_cr_line,0.0,0.0,0.0,0.0
108,ratio_pub_rec_bankruptcies_pub_rec,-1.0,-1.0,0.0,0.0
109,loan_amnt,12000.0,17461.564,5461.5645,0.1400401
109,term,36.0,36.0,0.0,0.0
109,int_rate,13.11,13.11,0.0,0.0
109,installment,404.97,353.87158,-51.09842,-0.029796734
109,sub_grade,8.0,8.0,0.0,0.0
109,emp_length,0.0,3.0,3.0,0.3
109,home_ownership,1.0,1.0,0.0,0.0
109,annual_inc,35000.0,5.244298e+06,5.209298e+06,0.4736084
109,verification_status,2.0,2.0,0.0,0.0
109,purpose,0.0,2.0,2.0,0.15384616
109,dti,29.6,0.4785775,-29.121424,-0.029121423
109,open_acc,15.0,17.0,2.0,0.022471905
109,pub_rec,0.0,0.0,0.0,0.0
109,revol_bal,10610.0,3235.2761,-7374.7236,-0.0025387746
109,revol_util,69.3,149.64748,80.34747,0.09004536
109,total_acc,27.0,90.0,63.0,0.36206898
109,initial_list_status,1.0,1.0,0.0,0.0
109,application_type,0.0,0.0,0.0,0.0
109,mort_acc,0.0,3.0,3.0,0.05882353
109,pub_rec_bankruptcies,0.0,0.0,0.0,0.0
109,fico_score,682.0,682.0,0.0,0.0
109,month_of_year,8.0,8.0,0.0,0.0
109,ratio_loan_amnt_annual_inc,0.34285715,0.48348626,0.14062911,0.00045275735
109,ratio_open_acc_total_acc,0.5555556,0.83952904,0.28397346,0.2910728
109,month_since_earliest_cr_line,130.0,130.0,0.0,0.0
109,ratio_pub_rec_month_since_earliest_cr_line,0.0,0.0,0.0,0.0
109,ratio_pub_rec_bankruptcies_month_since_earliest_cr_line,0.0,0.0,0.0,0.0
109,ratio_pub_rec_bankruptcies_pub_rec,-1.0,-1.0,0.0,0.0
110,loan_amnt,30000.0,33026.754,3026.754,0.07760906
110,term,60.0,60.0,0.0,0.0
110,int_rate,12.12,12.12,0.0,0.0
110,installment,669.16,78.62003,-590.5399,-0.34435824
110,sub_grade,7.0,7.0,0.0,0.0
110,emp_length,7.0,6.0,-1.0,-0.099999964
110,home_ownership,0.0,0.0,0.0,0.0
110,annual_inc,125000.0,1.6652705e+06,1.5402705e+06,0.1400352
110,verification_status,2.0,2.0,0.0,0.0
110,purpose,2.0,4.0,2.0,0.15384616
110,dti,10.45,298.7387,288.2887,0.2882887
110,open_acc,9.0,2.0,-7.0,-0.07865169
110,pub_rec,0.0,0.0,0.0,0.0
110,revol_bal,2659.0,425234.7,422575.7,0.14547317
110,revol_util,11.5,408.09808,396.59808,0.44446722
110,total_acc,9.0,48.0,39.0,0.22413793
110,initial_list_status,1.0,1.0,0.0,0.0
110,application_type,0.0,0.0,0.0,0.0
110,mort_acc,1.0,5.0,4.0,0.078431375
110,pub_rec_bankruptcies,0.0,0.0,0.0,0.0
110,fico_score,782.0,782.0,0.0,0.0
110,month_of_year,8.0,8.0,0.0,0.0
110,ratio_loan_amnt_annual_inc,0.24,32.49281,32.252808,0.10383836
110,ratio_open_acc_total_acc,1.0,0.95903295,-0.040967047,-0.041991234
110,month_since_earliest_cr_line,85.0,85.0,0.0,0.0
110,ratio_pub_rec_month_since_earliest_cr_line,0.0,0.0,0.0,0.0
110,ratio_pub_rec_bankruptcies_month_since_earliest_cr_line,0.0,0.0,0.0,0.0
110,ratio_pub_rec_bankruptcies_pub_rec,-1.0,-1.0,0.0,0.0
111,loan_amnt,6000.0,12845.526,6845.5264,0.1755263
111,term,36.0,36.0,0.0,0.0
111,int_rate,10.16,10.16,0.0,0.0
111,installment,194.06,63.089413,-130.97058,-0.07637215
111,sub_grade,5.0,5.0,0.0,0.0
111,emp_length,9.0,6.0,-3.0,-0.29999995
111,home_ownership,1.0,1.0,0.0,0.0
111,annual_inc,55000.0,4.139852e+06,4.084852e+06,0.3713783
111,verification_status,0.0,0.0,0.0,0.0
111,purpose,4.0,1.0,-3.0,-0.23076925
111,dti,14.55,455.7307,441.18073,0.44118074
111,open_acc,5.0,19.0,14.0,0.15730336
111,pub_rec,0.0,0.0,0.0,0.0
111,revol_bal,11578.0,4530.426,-7047.574,-0.0024261521
111,revol_util,54.6,282.88577,228.28577,0.2558397
111,total_acc,8.0,43.0,35.0,0.20114942
111,initial_list_status,1.0,1.0,0.0,0.0
111,application_type,0.0,0.0,0.0,0.0
111,mort_acc,0.0,8.0,8.0,0.15686275
111,pub_rec_bankruptcies,0.0,0.0,0.0,0.0
111,fico_score,702.0,702.0,0.0,0.0
111,month_of_year,8.0,8.0,0.0,0.0
111,ratio_loan_amnt_annual_inc,0.10909091,3.0309148,2.921824,0.009406853
111,ratio_open_acc_total_acc,0.625,0.9986423,0.37364233,0.3829834
111,month_since_earliest_cr_line,135.0,135.0,0.0,0.0
111,ratio_pub_rec_month_since_earliest_cr_line,0.0,0.0,0.0,0.0
111,ratio_pub_rec_bankruptcies_month_since_earliest_cr_line,0.0,0.0,0.0,0.0
111,ratio_pub_rec_bankruptcies_pub_rec,-1.0,-1.0,0.0,0.0
112,loan_amnt,20000.0,38355.402,18355.402,0.47065136
112,term,36.0,36.0,0.0,0.0
112,int_rate,11.14,11.14,0.0,0.0
112,installment,656.11,1130.7233,474.61328,0.27675852
112,sub_grade,6.0,6.0,0.0,0.0
112,emp_length,2.0,3.0,1.0,0.10000001
112,home_ownership,0.0,0.0,0.0,0.0
112,annual_inc,75000.0,2.4265978e+06,2.3515978e+06,0.2137978
112,verification_status,0.0,0.0,0.0,0.0
112,purpose,4.0,1.0,-3.0,-0.23076925
112,dti,23.7,249.18605,225.48605,0.22548606
112,open_acc,8.0,2.0,-6.0,-0.06741574
112,pub_rec,0.0,0.0,0.0,0.0
112,revol_bal,20741.0,840176.94,819435.94,0.2820937
112,revol_util,75.7,159.05193,83.35193,0.09341245
112,total_acc,15.0,10.0,-5.0,-0.02873563
112,initial_list_status,1.0,1.0,0.0,0.0
112,application_type,0.0,0.0,0.0,0.0
112,mort_acc,0.0,8.0,8.0,0.15686275
112,pub_rec_bankruptcies,0.0,0.0,0.0,0.0
112,fico_score,712.0,712.0,0.0,0.0
112,month_of_year,8.0,8.0,0.0,0.0
112,ratio_loan_amnt_annual_inc,0.26666668,132.14993,131.88327,0.42460003
112,ratio_open_acc_total_acc,0.53333336,0.6338118,0.10047841,0.10299039
112,month_since_earliest_cr_line,106.0,106.0,0.0,0.0
112,ratio_pub_rec_month_since_earliest_cr_line,0.0,0.0,0.0,0.0
112,ratio_pub_rec_bankruptcies_month_since_earliest_cr_line,0.0,0.0,0.0,0.0
112,ratio_pub_rec_bankruptcies_pub_rec,-1.0,-1.0,0.0,0.0
113,loan_amnt,6500.0,20628.85,14128.85,0.36227816
113,term,36.0,36.0,0.0,0.0
113,int_rate,11.14,11.14,0.0,0.0
113,installment,213.24,120.72212,-92.51788,-0.053949438
113,sub_grade,6.0,6.0,0.0,0.0
113,emp_length,5.0,2.0,-3.0,-0.3
113,home_ownership,0.0,0.0,0.0,0.0
113,annual_inc,90000.0,2.3881885e+06,2.2981885e+06,0.20894204
113,verification_status,0.0,0.0,0.0,0.0
113,purpose,3.0,9.0,6.0,0.4615385
113,dti,20.78,74.21824,53.43824,0.05343824
113,open_acc,16.0,17.0,1.0,0.011235952
113,pub_rec,0.0,0.0,0.0,0.0
113,revol_bal,15685.0,459921.03,444236.03,0.15292981
113,revol_util,69.1,310.0813,240.9813,0.27006757
113,total_acc,27.0,42.0,15.0,0.0862069
113,initial_list_status,1.0,1.0,0.0,0.0
113,application_type,0.0,0.0,0.0,0.0
113,mort_acc,2.0,26.0,24.0,0.47058827
113,pub_rec_bankruptcies,0.0,0.0,0.0,0.0
113,fico_score,692.0,692.0,0.0,0.0
113,month_of_year,8.0,8.0,0.0,0.0
113,ratio_loan_amnt_annual_inc,0.072222225,114.882065,114.809845,0.3696319
113,ratio_open_acc_total_acc,0.5925926,0.20186323,-0.39072937,-0.40049762
113,month_since_earliest_cr_line,114.0,114.0,0.0,0.0
113,ratio_pub_rec_month_since_earliest_cr_line,0.0,0.0,0.0,0.0
113,ratio_pub_rec_bankruptcies_month_since_earliest_cr_line,0.0,0.0,0.0,0.0
113,ratio_pub_rec_bankruptcies_pub_rec,-1.0,-1.0,0.0,0.0
114,loan_amnt,12000.0,24490.945,12490.945,0.32028064
114,term,36.0,36.0,0.0,0.0
114,int_rate,15.8,15.8,0.0,0.0
114,installment,420.71,966.07916,545.36914,0.31801808
114,sub_grade,12.0,12.0,0.0,0.0
114,emp_length,8.0,9.0,1.0,0.099999964
114,home_ownership,2.0,2.0,0.0,0.0
114,annual_inc,101000.0,890894.4,789894.4,0.07181402
114,verification_status,1.0,1.0,0.0,0.0
114,purpose,0.0,1.0,1.0,0.07692308
114,dti,10.54,74.05579,63.515793,0.06351579
114,open_acc,13.0,53.0,40.0,0.44943818
114,pub_rec,1.0,1.0,0.0,0.0
114,revol_bal,16134.0,572538.94,556404.94,0.19154435
114,revol_util,68.2,277.73495,209.53496,0.2348257
114,total_acc,31.0,47.0,16.0,0.09195401
114,initial_list_status,0.0,0.0,0.0,0.0
114,application_type,0.0,0.0,0.0,0.0
114,mort_acc,1.0,7.0,6.0,0.11764707
114,pub_rec_bankruptcies,1.0,1.0,0.0,0.0
114,fico_score,677.0,677.0,0.0,0.0
114,month_of_year,9.0,9.0,0.0,0.0
114,ratio_loan_amnt_annual_inc,0.11881188,17.941639,17.822826,0.057380836
114,ratio_open_acc_total_acc,0.41935483,0.76121956,0.34186473,0.35041136
114,month_since_earliest_cr_line,278.0,278.0,0.0,0.0
114,ratio_pub_rec_month_since_earliest_cr_line,0.0035971224,0.0035971224,0.0,0.0
114,ratio_pub_rec_bankruptcies_month_since_earliest_cr_line,0.0035971224,0.0035971224,0.0,0.0
114,ratio_pub_rec_bankruptcies_pub_rec,1.0,1.0,0.0,0.0
115,loan_amnt,10000.0,7103.724,-2896.276,-0.07426348
115,term,36.0,36.0,0.0,0.0
115,int_rate,8.9,8.9,0.0,0.0
115,installment,317.54,434.45007,116.910065,0.06817311
115,sub_grade,4.0,4.0,0.0,0.0
115,emp_length,10.0,10.0,0.0,0.0
115,home_ownership,0.0,0.0,0.0,0.0
115,annual_inc,86000.0,1.44849e+06,1.36249e+06,0.12387211
115,verification_status,2.0,2.0,0.0,0.0
115,purpose,0.0,5.0,5.0,0.3846154
115,dti,23.5,173.85419,150.35419,0.15035419
115,open_acc,11.0,15.0,4.0,0.044943824
115,pub_rec,0.0,0.0,0.0,0.0
115,revol_bal,24988.0,35316.188,10328.1875,0.0035555148
115,revol_util,65.8,482.5172,416.71722,0.46701467
115,total_acc,19.0,2.0,-17.0,-0.09770115
115,initial_list_status,1.0,1.0,0.0,0.0
115,application_type,0.0,0.0,0.0,0.0
115,mort_acc,2.0,6.0,4.0,0.07843137
115,pub_rec_bankruptcies,0.0,0.0,0.0,0.0
115,fico_score,722.0,722.0,0.0,0.0
115,month_of_year,9.0,9.0,0.0,0.0
115,ratio_loan_amnt_annual_inc,0.11627907,13.857837,13.741558,0.044241134
115,ratio_open_acc_total_acc,0.57894737,0.3123856,-0.26656178,-0.27322584
115,month_since_earliest_cr_line,121.0,121.0,0.0,0.0
115,ratio_pub_rec_month_since_earliest_cr_line,0.0,0.0,0.0,0.0
115,ratio_pub_rec_bankruptcies_month_since_earliest_cr_line,0.0,0.0,0.0,0.0
115,ratio_pub_rec_bankruptcies_pub_rec,-1.0,-1.0,0.0,0.0
116,loan_amnt,10000.0,8562.42,-1437.5801,-0.036861032
116,term,36.0,36.0,0.0,0.0
116,int_rate,12.12,12.12,0.0,0.0
116,installment,332.72,141.97089,-190.74911,-0.11123045
116,sub_grade,7.0,7.0,0.0,0.0
116,emp_length,2.0,5.0,3.0,0.3
116,home_ownership,1.0,1.0,0.0,0.0
116,annual_inc,52000.0,4.643726e+06,4.591726e+06,0.41746125
116,verification_status,2.0,2.0,0.0,0.0
116,purpose,4.0,3.0,-1.0,-0.07692309
116,dti,15.48,29.910765,14.430765,0.014430765
116,open_acc,15.0,7.0,-8.0,-0.08988765
116,pub_rec,0.0,0.0,0.0,0.0
116,revol_bal,15924.0,213435.27,197511.27,0.06799395
116,revol_util,51.0,5.2662654,-45.733734,-0.051253766
116,total_acc,32.0,35.0,3.0,0.017241374
116,initial_list_status,1.0,1.0,0.0,0.0
116,application_type,0.0,0.0,0.0,0.0
116,mort_acc,0.0,0.0,0.0,0.0
116,pub_rec_bankruptcies,0.0,0.0,0.0,0.0
116,fico_score,692.0,692.0,0.0,0.0
116,month_of_year,9.0,9.0,0.0,0.0
116,ratio_loan_amnt_annual_inc,0.1923077,22.905441,22.713133,0.07312525
116,ratio_open_acc_total_acc,0.46875,0.42104208,-0.047707915,-0.048900634
116,month_since_earliest_cr_line,135.0,135.0,0.0,0.0
116,ratio_pub_rec_month_since_earliest_cr_line,0.0,0.0,0.0,0.0
116,ratio_pub_rec_bankruptcies_month_since_earliest_cr_line,0.0,0.0,0.0,0.0
116,ratio_pub_rec_bankruptcies_pub_rec,-1.0,-1.0,0.0,0.0
117,loan_amnt,9000.0,1232.354,-7767.646,-0.19917041
117,term,36.0,36.0,0.0,0.0
117,int_rate,8.9,8.9,0.0,0.0
117,installment,285.78,486.7213,200.94131,0.117173776
117,sub_grade,4.0,4.0,0.0,0.0
117,emp_length,10.0,7.0,-3.0,-0.3
117,home_ownership,0.0,0.0,0.0,0.0
117,annual_inc,70000.0,248884.19,178884.19,0.016263431
117,verification_status,0.0,0.0,0.0,0.0
117,purpose,0.0,0.0,0.0,0.0
117,dti,12.27,111.07971,98.80971,0.09880971
117,open_acc,5.0,3.0,-2.0,-0.02247191
117,pub_rec,0.0,0.0,0.0,0.0
117,revol_bal,12534.0,55187.895,42653.895,0.014683753
117,revol_util,70.0,2.405844,-67.594154,-0.07575272
117,total_acc,16.0,11.0,-5.0,-0.028735634
117,initial_list_status,1.0,1.0,0.0,0.0
117,application_type,0.0,0.0,0.0,0.0
117,mort_acc,4.0,22.0,18.0,0.3529412
117,pub_rec_bankruptcies,0.0,0.0,0.0,0.0
117,fico_score,727.0,727.0,0.0,0.0
117,month_of_year,9.0,9.0,0.0,0.0
117,ratio_loan_amnt_annual_inc,0.12857144,56.035915,55.907345,0.17999446
117,ratio_open_acc_total_acc,0.3125,0.2902108,-0.022289187,-0.02284643
117,month_since_earliest_cr_line,148.0,148.0,0.0,0.0
117,ratio_pub_rec_month_since_earliest_cr_line,0.0,0.0,0.0,0.0
117,ratio_pub_rec_bankruptcies_month_since_earliest_cr_line,0.0,0.0,0.0,0.0
117,ratio_pub_rec_bankruptcies_pub_rec,-1.0,-1.0,0.0,0.0
118,loan_amnt,5500.0,10953.467,5453.467,0.1398325
118,term,36.0,36.0,0.0,0.0
118,int_rate,12.12,12.12,0.0,0.0
118,installment,183.0,33.535828,-149.46417,-0.08715621
118,sub_grade,7.0,7.0,0.0,0.0
118,emp_length,4.0,3.0,-1.0,-0.099999994
118,home_ownership,1.0,1.0,0.0,0.0
118,annual_inc,33000.0,3.1820058e+06,3.1490058e+06,0.28629494
118,verification_status,2.0,2.0,0.0,0.0
118,purpose,4.0,2.0,-2.0,-0.15384616
118,dti,30.1,181.71762,151.61761,0.15161762
118,open_acc,15.0,20.0,5.0,0.056179762
118,pub_rec,0.0,0.0,0.0,0.0
118,revol_bal,7561.0,434975.53,427414.53,0.14713895
118,revol_util,57.3,177.12828,119.82828,0.13429147
118,total_acc,25.0,3.0,-22.0,-0.12643678
118,initial_list_status,1.0,1.0,0.0,0.0
118,application_type,0.0,0.0,0.0,0.0
118,mort_acc,0.0,0.0,0.0,0.0
118,pub_rec_bankruptcies,0.0,0.0,0.0,0.0
118,fico_score,682.0,682.0,0.0,0.0
118,month_of_year,9.0,9.0,0.0,0.0
118,ratio_loan_amnt_annual_inc,0.16666667,20.249178,20.082512,0.06465592
118,ratio_open_acc_total_acc,0.6,0.18393698,-0.41606304,-0.42646462
118,month_since_earliest_cr_line,167.0,167.0,0.0,0.0
118,ratio_pub_rec_month_since_earliest_cr_line,0.0,0.0,0.0,0.0
118,ratio_pub_rec_bankruptcies_month_since_earliest_cr_line,0.0,0.0,0.0,0.0
118,ratio_pub_rec_bankruptcies_pub_rec,-1.0,-1.0,0.0,0.0
119,loan_amnt,20675.0,19590.375,-1084.625,-0.027810872
119,term,36.0,36.0,0.0,0.0
119,int_rate,19.05,19.05,0.0,0.0
119,installment,758.39,644.79,-113.60004,-0.06624296
119,sub_grade,18.0,18.0,0.0,0.0
119,emp_length,10.0,6.0,-4.0,-0.39999998
119,home_ownership,2.0,2.0,0.0,0.0
119,annual_inc,52000.0,1.1888126e+06,1.1368126e+06,0.10335443
119,verification_status,2.0,2.0,0.0,0.0
119,purpose,0.0,1.0,1.0,0.07692308
119,dti,26.02,54.65174,28.63174,0.02863174
119,open_acc,19.0,2.0,-17.0,-0.19101124
119,pub_rec,0.0,0.0,0.0,0.0
119,revol_bal,18508.0,501921.66,483413.66,0.16641685
119,revol_util,64.0,166.72964,102.729645,0.11512904
119,total_acc,38.0,90.0,52.0,0.2988506
119,initial_list_status,0.0,0.0,0.0,0.0
119,application_type,0.0,0.0,0.0,0.0
119,mort_acc,0.0,2.0,2.0,0.039215688
119,pub_rec_bankruptcies,0.0,0.0,0.0,0.0
119,fico_score,672.0,672.0,0.0,0.0
119,month_of_year,9.0,9.0,0.0,0.0
119,ratio_loan_amnt_annual_inc,0.39759615,100.27879,99.881195,0.32156894
119,ratio_open_acc_total_acc,0.5,0.40455595,-0.09544405,-0.09783015
119,month_since_earliest_cr_line,202.0,202.0,0.0,0.0
119,ratio_pub_rec_month_since_earliest_cr_line,0.0,0.0,0.0,0.0
119,ratio_pub_rec_bankruptcies_month_since_earliest_cr_line,0.0,0.0,0.0,0.0
119,ratio_pub_rec_bankruptcies_pub_rec,-1.0,-1.0,0.0,0.0
120,loan_amnt,9750.0,7987.3203,-1762.6797,-0.04519692
120,term,36.0,36.0,0.0,0.0
120,int_rate,13.11,13.11,0.0,0.0
120,installment,329.04,382.0282,52.98819,0.030898705
120,sub_grade,8.0,8.0,0.0,0.0
120,emp_length,3.0,3.0,0.0,0.0
120,home_ownership,1.0,1.0,0.0,0.0
120,annual_inc,30000.0,258150.12,228150.12,0.02074249
120,verification_status,0.0,0.0,0.0,0.0
120,purpose,4.0,10.0,6.0,0.46153846
120,dti,33.77,28.877634,-4.8923664,-0.004892366
120,open_acc,7.0,3.0,-4.0,-0.044943817
120,pub_rec,0.0,0.0,0.0,0.0
120,revol_bal,15479.0,408431.12,392952.12,0.13527516
120,revol_util,52.6,47.340374,-5.2596245,-0.005894456
120,total_acc,7.0,48.0,41.0,0.23563218
120,initial_list_status,0.0,0.0,0.0,0.0
120,application_type,0.0,0.0,0.0,0.0
120,mort_acc,0.0,21.0,21.0,0.4117647
120,pub_rec_bankruptcies,0.0,0.0,0.0,0.0
120,fico_score,712.0,712.0,0.0,0.0
120,month_of_year,9.0,9.0,0.0,0.0
120,ratio_loan_amnt_annual_inc,0.325,26.170712,25.84571,0.083210625
120,ratio_open_acc_total_acc,1.0,0.6130308,-0.3869692,-0.3966434
120,month_since_earliest_cr_line,57.0,57.0,0.0,0.0
120,ratio_pub_rec_month_since_earliest_cr_line,0.0,0.0,0.0,0.0
120,ratio_pub_rec_bankruptcies_month_since_earliest_cr_line,0.0,0.0,0.0,0.0
120,ratio_pub_rec_bankruptcies_pub_rec,-1.0,-1.0,0.0,0.0
121,loan_amnt,9025.0,25269.742,16244.742,0.41653186
121,term,36.0,36.0,0.0,0.0
121,int_rate,6.03,6.03,0.0,0.0
121,installment,274.69,102.94811,-171.74188,-0.10014688
121,sub_grade,0.0,0.0,0.0,0.0
121,emp_length,10.0,10.0,0.0,0.0
121,home_ownership,0.0,0.0,0.0,0.0
121,annual_inc,70000.0,463999.72,393999.72,0.035820868
121,verification_status,0.0,0.0,0.0,0.0
121,purpose,0.0,6.0,6.0,0.46153846
121,dti,6.15,420.63083,414.48083,0.41448084
121,open_acc,8.0,48.0,40.0,0.44943818
121,pub_rec,0.0,0.0,0.0,0.0
121,revol_bal,8193.0,66114.67,57921.67,0.01993974
121,revol_util,24.8,448.64246,423.84247,0.47499996
121,total_acc,18.0,69.0,51.0,0.29310346
121,initial_list_status,1.0,1.0,0.0,0.0
121,application_type,0.0,0.0,0.0,0.0
121,mort_acc,5.0,27.0,22.0,0.43137258
121,pub_rec_bankruptcies,0.0,0.0,0.0,0.0
121,fico_score,772.0,772.0,0.0,0.0
121,month_of_year,9.0,9.0,0.0,0.0
121,ratio_loan_amnt_annual_inc,0.12892857,129.23775,129.10883,0.41566762
121,ratio_open_acc_total_acc,0.44444445,0.5300793,0.08563486,0.08777574
121,month_since_earliest_cr_line,336.0,336.0,0.0,0.0
121,ratio_pub_rec_month_since_earliest_cr_line,0.0,0.0,0.0,0.0
121,ratio_pub_rec_bankruptcies_month_since_earliest_cr_line,0.0,0.0,0.0,0.0
121,ratio_pub_rec_bankruptcies_pub_rec,-1.0,-1.0,0.0,0.0
122,loan_amnt,17000.0,1801.1547,-15198.846,-0.389714
122,term,60.0,60.0,0.0,0.0
122,int_rate,19.72,19.72,0.0,0.0
122,installment,372.48,240.91678,-131.56323,-0.076717734
122,sub_grade,19.0,19.0,0.0,0.0
122,emp_length,9.0,7.0,-2.0,-0.19999999
122,home_ownership,0.0,0.0,0.0,0.0
122,annual_inc,90000.0,5.1039605e+06,5.0139605e+06,0.4558491
122,verification_status,2.0,2.0,0.0,0.0
122,purpose,0.0,1.0,1.0,0.07692308
122,dti,30.97,84.43765,53.46765,0.053467657
122,open_acc,18.0,9.0,-9.0,-0.101123594
122,pub_rec,0.0,0.0,0.0,0.0
122,revol_bal,12150.0,4863.481,-7286.519,-0.0025084098
122,revol_util,39.8,458.32645,418.52646,0.4690423
122,total_acc,51.0,131.0,80.0,0.4597701
122,initial_list_status,1.0,1.0,0.0,0.0
122,application_type,0.0,0.0,0.0,0.0
122,mort_acc,6.0,8.0,2.0,0.03921569
122,pub_rec_bankruptcies,0.0,0.0,0.0,0.0
122,fico_score,687.0,687.0,0.0,0.0
122,month_of_year,9.0,9.0,0.0,0.0
122,ratio_loan_amnt_annual_inc,0.18888889,2.350049,2.1611602,0.006957885
122,ratio_open_acc_total_acc,0.3529412,0.05961616,-0.29332504,-0.30065814
122,month_since_earliest_cr_line,211.0,211.0,0.0,0.0
122,ratio_pub_rec_month_since_earliest_cr_line,0.0,0.0,0.0,0.0
122,ratio_pub_rec_bankruptcies_month_since_earliest_cr_line,0.0,0.0,0.0,0.0
122,ratio_pub_rec_bankruptcies_pub_rec,-1.0,-1.0,0.0,0.0
123,loan_amnt,12000.0,24588.252,12588.252,0.3227757
123,term,36.0,36.0,0.0,0.0
123,int_rate,18.75,18.75,0.0,0.0
123,installment,438.36,79.919495,-358.4405,-0.2090154
123,sub_grade,17.0,17.0,0.0,0.0
123,emp_length,8.0,6.0,-2.0,-0.19999999
123,home_ownership,0.0,0.0,0.0,0.0
123,annual_inc,124000.0,3.801479e+06,3.677479e+06,0.3343416
123,verification_status,2.0,2.0,0.0,0.0
123,purpose,5.0,0.0,-5.0,-0.3846154
123,dti,32.5,266.46414,233.96414,0.23396413
123,open_acc,24.0,61.0,37.0,0.41573036
123,pub_rec,0.0,0.0,0.0,0.0
123,revol_bal,100961.0,415108.4,314147.4,0.10814634
123,revol_util,80.8,228.83788,148.03787,0.16590595
123,total_acc,52.0,91.0,39.0,0.22413796
123,initial_list_status,1.0,1.0,0.0,0.0
123,application_type,0.0,0.0,0.0,0.0
123,mort_acc,4.0,8.0,4.0,0.078431375
123,pub_rec_bankruptcies,0.0,0.0,0.0,0.0
123,fico_score,672.0,672.0,0.0,0.0
123,month_of_year,9.0,9.0,0.0,0.0
123,ratio_loan_amnt_annual_inc,0.09677419,112.11753,112.02076,0.3606524
123,ratio_open_acc_total_acc,0.46153846,0.7526491,0.29111066,0.29838848
123,month_since_earliest_cr_line,234.0,234.0,0.0,0.0
123,ratio_pub_rec_month_since_earliest_cr_line,0.0,0.0,0.0,0.0
123,ratio_pub_rec_bankruptcies_month_since_earliest_cr_line,0.0,0.0,0.0,0.0
123,ratio_pub_rec_bankruptcies_pub_rec,-1.0,-1.0,0.0,0.0
124,loan_amnt,28000.0,39830.4,11830.398,0.30334353
124,term,36.0,36.0,0.0,0.0
124,int_rate,12.12,12.12,0.0,0.0
124,installment,931.61,1073.9133,142.30334,0.08298051
124,sub_grade,7.0,7.0,0.0,0.0
124,emp_length,10.0,6.0,-4.0,-0.39999998
124,home_ownership,0.0,0.0,0.0,0.0
124,annual_inc,110000.0,2.1506368e+06,2.0406368e+06,0.18552649
124,verification_status,0.0,0.0,0.0,0.0
124,purpose,0.0,2.0,2.0,0.15384616
124,dti,8.26,72.185745,63.925743,0.06392574
124,open_acc,22.0,18.0,-4.0,-0.044943824
124,pub_rec,0.0,0.0,0.0,0.0
124,revol_bal,30465.0,474997.06,444532.06,0.15303174
124,revol_util,20.5,232.99506,212.49506,0.23814306
124,total_acc,33.0,28.0,-5.0,-0.028735638
124,initial_list_status,1.0,1.0,0.0,0.0
124,application_type,0.0,0.0,0.0,0.0
124,mort_acc,0.0,3.0,3.0,0.05882353
124,pub_rec_bankruptcies,0.0,0.0,0.0,0.0
124,fico_score,722.0,722.0,0.0,0.0
124,month_of_year,9.0,9.0,0.0,0.0
124,ratio_loan_amnt_annual_inc,0.25454545,143.64963,143.39508,0.46166247
124,ratio_open_acc_total_acc,0.6666667,0.625948,-0.040718675,-0.041736662
124,month_since_earliest_cr_line,265.0,265.0,0.0,0.0
124,ratio_pub_rec_month_since_earliest_cr_line,0.0,0.0,0.0,0.0
124,ratio_pub_rec_bankruptcies_month_since_earliest_cr_line,0.0,0.0,0.0,0.0
124,ratio_pub_rec_bankruptcies_pub_rec,-1.0,-1.0,0.0,0.0
125,loan_amnt,15000.0,6562.753,-8437.247,-0.21633968
125,term,36.0,36.0,0.0,0.0
125,int_rate,15.31,15.31,0.0,0.0
125,installment,522.26,114.360695,-407.89932,-0.23785605
125,sub_grade,11.0,11.0,0.0,0.0
125,emp_length,10.0,10.0,0.0,0.0
125,home_ownership,0.0,0.0,0.0,0.0
125,annual_inc,65000.0,2.4967358e+06,2.4317358e+06,0.22108363
125,verification_status,0.0,0.0,0.0,0.0
125,purpose,0.0,2.0,2.0,0.15384616
125,dti,14.97,4.6124415,-10.357559,-0.01035756
125,open_acc,13.0,6.0,-7.0,-0.07865168
125,pub_rec,0.0,0.0,0.0,0.0
125,revol_bal,13983.0,11542.874,-2440.126,-0.00084002176
125,revol_util,39.6,253.79085,214.19086,0.24004354
125,total_acc,24.0,91.0,67.0,0.3850575
125,initial_list_status,1.0,1.0,0.0,0.0
125,application_type,0.0,0.0,0.0,0.0
125,mort_acc,3.0,27.0,24.0,0.47058827
125,pub_rec_bankruptcies,0.0,0.0,0.0,0.0
125,fico_score,677.0,677.0,0.0,0.0
125,month_of_year,9.0,9.0,0.0,0.0
125,ratio_loan_amnt_annual_inc,0.23076923,17.976688,17.745918,0.05713323
125,ratio_open_acc_total_acc,0.5416667,0.2498928,-0.2917739,-0.29906824
125,month_since_earliest_cr_line,202.0,202.0,0.0,0.0
125,ratio_pub_rec_month_since_earliest_cr_line,0.0,0.0,0.0,0.0
125,ratio_pub_rec_bankruptcies_month_since_earliest_cr_line,0.0,0.0,0.0,0.0
125,ratio_pub_rec_bankruptcies_pub_rec,-1.0,-1.0,0.0,0.0
126,loan_amnt,10000.0,5033.6655,-4966.3345,-0.12734191
126,term,36.0,36.0,0.0,0.0
126,int_rate,18.49,18.49,0.0,0.0
126,installment,363.99,1124.6876,760.69763,0.44358128
126,sub_grade,16.0,16.0,0.0,0.0
126,emp_length,7.0,5.0,-2.0,-0.19999999
126,home_ownership,1.0,1.0,0.0,0.0
126,annual_inc,36000.0,2.7117572e+06,2.6757572e+06,0.24326909
126,verification_status,0.0,0.0,0.0,0.0
126,purpose,0.0,4.0,4.0,0.30769232
126,dti,20.5,483.87244,463.37244,0.46337244
126,open_acc,8.0,8.0,0.0,0.0
126,pub_rec,0.0,0.0,0.0,0.0
126,revol_bal,5625.0,450562.78,444937.78,0.1531714
126,revol_util,79.2,239.04721,159.84721,0.17914066
126,total_acc,11.0,30.0,19.0,0.10919541
126,initial_list_status,1.0,1.0,0.0,0.0
126,application_type,0.0,0.0,0.0,0.0
126,mort_acc,0.0,17.0,17.0,0.33333334
126,pub_rec_bankruptcies,0.0,0.0,0.0,0.0
126,fico_score,662.0,662.0,0.0,0.0
126,month_of_year,9.0,9.0,0.0,0.0
126,ratio_loan_amnt_annual_inc,0.2777778,73.82145,73.54367,0.23677489
126,ratio_open_acc_total_acc,0.72727275,0.8215739,0.094301164,0.09665871
126,month_since_earliest_cr_line,121.0,121.0,0.0,0.0
126,ratio_pub_rec_month_since_earliest_cr_line,0.0,0.0,0.0,0.0
126,ratio_pub_rec_bankruptcies_month_since_earliest_cr_line,0.0,0.0,0.0,0.0
126,ratio_pub_rec_bankruptcies_pub_rec,-1.0,-1.0,0.0,0.0
127,loan_amnt,6000.0,11094.768,5094.7676,0.13063507
127,term,36.0,36.0,0.0,0.0
127,int_rate,13.11,13.11,0.0,0.0
127,installment,202.49,238.41438,35.924377,0.020948373
127,sub_grade,8.0,8.0,0.0,0.0
127,emp_length,9.0,5.0,-4.0,-0.39999998
127,home_ownership,1.0,1.0,0.0,0.0
127,annual_inc,87000.0,1.4690405e+06,1.3820405e+06,0.12564956
127,verification_status,0.0,0.0,0.0,0.0
127,purpose,0.0,1.0,1.0,0.07692308
127,dti,18.15,49.031406,30.881407,0.030881405
127,open_acc,14.0,13.0,-1.0,-0.011235952
127,pub_rec,0.0,0.0,0.0,0.0
127,revol_bal,34299.0,693115.3,658816.3,0.22679983
127,revol_util,69.0,401.14716,332.14716,0.3722371
127,total_acc,28.0,13.0,-15.0,-0.08620689
127,initial_list_status,1.0,1.0,0.0,0.0
127,application_type,0.0,0.0,0.0,0.0
127,mort_acc,0.0,21.0,21.0,0.4117647
127,pub_rec_bankruptcies,0.0,0.0,0.0,0.0
127,fico_score,672.0,672.0,0.0,0.0
127,month_of_year,9.0,9.0,0.0,0.0
127,ratio_loan_amnt_annual_inc,0.06896552,103.6107,103.54174,0.33335406
127,ratio_open_acc_total_acc,0.5,0.50980806,0.0098080635,0.010053277
127,month_since_earliest_cr_line,170.0,170.0,0.0,0.0
127,ratio_pub_rec_month_since_earliest_cr_line,0.0,0.0,0.0,0.0
127,ratio_pub_rec_bankruptcies_month_since_earliest_cr_line,0.0,0.0,0.0,0.0
127,ratio_pub_rec_bankruptcies_pub_rec,-1.0,-1.0,0.0,0.0
